pattern,hier_cell,lut,ff,dsp,slr,bbox
l1_root_channel,grp_l1_root_channel_false_0_true_s_fu_3454,17320,6237,0,"",""
l1_root_channel,grp_l1_root_channel_false_10_true_s_fu_3198,18119,6515,0,"",""
l1_root_channel,grp_l1_root_channel_false_11_true_s_fu_4314,2466,6248,0,"",""
l1_root_channel,grp_l1_root_channel_false_12_true_s_fu_4446,2831,6385,0,"",""
l1_root_channel,grp_l1_root_channel_false_13_true_s_fu_4570,2080,6008,0,"",""
l1_root_channel,grp_l1_root_channel_false_14_true_s_fu_4702,1864,5544,0,"",""
l1_root_channel,grp_l1_root_channel_false_15_true_s_fu_4826,2985,6279,0,"",""
l1_root_channel,grp_l1_root_channel_false_16_true_s_fu_4958,1736,3592,0,"",""
l1_root_channel,grp_l1_root_channel_false_17_true_s_fu_5066,1968,6808,0,"",""
l1_root_channel,grp_l1_root_channel_false_18_true_s_fu_3330,11817,6617,0,"",""
l1_root_channel,grp_l1_root_channel_false_19_true_s_fu_5198,2000,5480,0,"",""
l1_root_channel,grp_l1_root_channel_false_20_true_s_fu_5322,2001,6537,0,"",""
l1_root_channel,grp_l1_root_channel_false_22_true_s_fu_5446,1856,5796,0,"",""
l1_root_channel,grp_l1_root_channel_false_23_true_s_fu_5570,2080,6880,0,"",""
l1_root_channel,grp_l1_root_channel_false_2_true_s_fu_3578,2014,6213,0,"",""
l1_root_channel,grp_l1_root_channel_false_3_true_s_fu_3702,2739,6341,0,"",""
l1_root_channel,grp_l1_root_channel_false_4_true_s_fu_3826,3620,6033,0,"",""
l1_root_channel,grp_l1_root_channel_false_5_true_s_fu_3950,1863,6191,0,"",""
l1_root_channel,grp_l1_root_channel_false_6_true_s_fu_4074,3484,5981,0,"",""
l1_root_channel,grp_l1_root_channel_false_7_true_s_fu_4190,1992,6640,0,"",""
l1_root_channel,grp_l1_root_channel_false_8_true_s_fu_3066,21892,7652,72,"",""
l1_root_channel,grp_l1_root_channel_false_0_true_s_fu_3454/add_18s_18s_18_2_0_U100,18,19,0,"",""
l1_root_channel,grp_l1_root_channel_false_0_true_s_fu_3454/add_18s_18s_18_2_0_U101,18,19,0,"",""
l1_root_channel,grp_l1_root_channel_false_0_true_s_fu_3454/add_18s_18s_18_2_0_U102,18,19,0,"",""
l1_root_channel,grp_l1_root_channel_false_0_true_s_fu_3454/add_18s_18s_18_2_0_U103,18,19,0,"",""
l1_root_channel,grp_l1_root_channel_false_0_true_s_fu_3454/add_18s_18s_18_2_0_U104,18,19,0,"",""
l1_root_channel,grp_l1_root_channel_false_0_true_s_fu_3454/add_18s_18s_18_2_0_U97,18,19,0,"",""
l1_root_channel,grp_l1_root_channel_false_0_true_s_fu_3454/add_18s_18s_18_2_0_U98,18,19,0,"",""
l1_root_channel,grp_l1_root_channel_false_0_true_s_fu_3454/add_18s_18s_18_2_0_U99,18,19,0,"",""
l1_root_channel,grp_l1_root_channel_false_0_true_s_fu_3454/mul_8s_5s_13_4_0_U12,392,26,0,"",""
l1_root_channel,grp_l1_root_channel_false_0_true_s_fu_3454/mul_8s_5s_13_4_0_U20,0,19,0,"",""
l1_root_channel,grp_l1_root_channel_false_0_true_s_fu_3454/mul_8s_5s_13_4_0_U28,0,19,0,"",""
l1_root_channel,grp_l1_root_channel_false_0_true_s_fu_3454/mul_8s_5s_13_4_0_U36,0,19,0,"",""
l1_root_channel,grp_l1_root_channel_false_0_true_s_fu_3454/mul_8s_5s_13_4_0_U4,0,19,0,"",""
l1_root_channel,grp_l1_root_channel_false_0_true_s_fu_3454/mul_8s_5s_13_4_0_U44,0,19,0,"",""
l1_root_channel,grp_l1_root_channel_false_0_true_s_fu_3454/mul_8s_5s_13_4_0_U52,0,19,0,"",""
l1_root_channel,grp_l1_root_channel_false_0_true_s_fu_3454/mul_8s_5s_13_4_0_U60,0,19,0,"",""
l1_root_channel,grp_l1_root_channel_false_0_true_s_fu_3454/mul_8s_6ns_14_4_0_U11,0,23,0,"",""
l1_root_channel,grp_l1_root_channel_false_0_true_s_fu_3454/mul_8s_6ns_14_4_0_U13,315,29,0,"",""
l1_root_channel,grp_l1_root_channel_false_0_true_s_fu_3454/mul_8s_6ns_14_4_0_U19,0,23,0,"",""
l1_root_channel,grp_l1_root_channel_false_0_true_s_fu_3454/mul_8s_6ns_14_4_0_U21,311,29,0,"",""
l1_root_channel,grp_l1_root_channel_false_0_true_s_fu_3454/mul_8s_6ns_14_4_0_U27,0,23,0,"",""
l1_root_channel,grp_l1_root_channel_false_0_true_s_fu_3454/mul_8s_6ns_14_4_0_U29,311,29,0,"",""
l1_root_channel,grp_l1_root_channel_false_0_true_s_fu_3454/mul_8s_6ns_14_4_0_U3,0,23,0,"",""
l1_root_channel,grp_l1_root_channel_false_0_true_s_fu_3454/mul_8s_6ns_14_4_0_U35,0,23,0,"",""
l1_root_channel,grp_l1_root_channel_false_0_true_s_fu_3454/mul_8s_6ns_14_4_0_U37,311,29,0,"",""
l1_root_channel,grp_l1_root_channel_false_0_true_s_fu_3454/mul_8s_6ns_14_4_0_U43,0,23,0,"",""
l1_root_channel,grp_l1_root_channel_false_0_true_s_fu_3454/mul_8s_6ns_14_4_0_U45,311,29,0,"",""
l1_root_channel,grp_l1_root_channel_false_0_true_s_fu_3454/mul_8s_6ns_14_4_0_U5,315,29,0,"",""
l1_root_channel,grp_l1_root_channel_false_0_true_s_fu_3454/mul_8s_6ns_14_4_0_U51,0,23,0,"",""
l1_root_channel,grp_l1_root_channel_false_0_true_s_fu_3454/mul_8s_6ns_14_4_0_U53,315,29,0,"",""
l1_root_channel,grp_l1_root_channel_false_0_true_s_fu_3454/mul_8s_6ns_14_4_0_U59,0,23,0,"",""
l1_root_channel,grp_l1_root_channel_false_0_true_s_fu_3454/mul_8s_6ns_14_4_0_U61,315,29,0,"",""
l1_root_channel,grp_l1_root_channel_false_0_true_s_fu_3454/mul_8s_7ns_15_4_0_U10,2,24,0,"",""
l1_root_channel,grp_l1_root_channel_false_0_true_s_fu_3454/mul_8s_7ns_15_4_0_U18,2,24,0,"",""
l1_root_channel,grp_l1_root_channel_false_0_true_s_fu_3454/mul_8s_7ns_15_4_0_U2,2,24,0,"",""
l1_root_channel,grp_l1_root_channel_false_0_true_s_fu_3454/mul_8s_7ns_15_4_0_U26,2,24,0,"",""
l1_root_channel,grp_l1_root_channel_false_0_true_s_fu_3454/mul_8s_7ns_15_4_0_U34,2,24,0,"",""
l1_root_channel,grp_l1_root_channel_false_0_true_s_fu_3454/mul_8s_7ns_15_4_0_U42,2,24,0,"",""
l1_root_channel,grp_l1_root_channel_false_0_true_s_fu_3454/mul_8s_7ns_15_4_0_U50,2,24,0,"",""
l1_root_channel,grp_l1_root_channel_false_0_true_s_fu_3454/mul_8s_7ns_15_4_0_U58,2,24,0,"",""
l1_root_channel,grp_l1_root_channel_false_0_true_s_fu_3454/mul_8s_7s_15_4_0_U1,2,24,0,"",""
l1_root_channel,grp_l1_root_channel_false_0_true_s_fu_3454/mul_8s_7s_15_4_0_U15,0,30,0,"",""
l1_root_channel,grp_l1_root_channel_false_0_true_s_fu_3454/mul_8s_7s_15_4_0_U16,0,30,0,"",""
l1_root_channel,grp_l1_root_channel_false_0_true_s_fu_3454/mul_8s_7s_15_4_0_U17,2,24,0,"",""
l1_root_channel,grp_l1_root_channel_false_0_true_s_fu_3454/mul_8s_7s_15_4_0_U23,0,30,0,"",""
l1_root_channel,grp_l1_root_channel_false_0_true_s_fu_3454/mul_8s_7s_15_4_0_U24,0,30,0,"",""
l1_root_channel,grp_l1_root_channel_false_0_true_s_fu_3454/mul_8s_7s_15_4_0_U25,2,24,0,"",""
l1_root_channel,grp_l1_root_channel_false_0_true_s_fu_3454/mul_8s_7s_15_4_0_U31,0,30,0,"",""
l1_root_channel,grp_l1_root_channel_false_0_true_s_fu_3454/mul_8s_7s_15_4_0_U32,0,30,0,"",""
l1_root_channel,grp_l1_root_channel_false_0_true_s_fu_3454/mul_8s_7s_15_4_0_U33,2,24,0,"",""
l1_root_channel,grp_l1_root_channel_false_0_true_s_fu_3454/mul_8s_7s_15_4_0_U39,0,30,0,"",""
l1_root_channel,grp_l1_root_channel_false_0_true_s_fu_3454/mul_8s_7s_15_4_0_U40,0,30,0,"",""
l1_root_channel,grp_l1_root_channel_false_0_true_s_fu_3454/mul_8s_7s_15_4_0_U41,2,24,0,"",""
l1_root_channel,grp_l1_root_channel_false_0_true_s_fu_3454/mul_8s_7s_15_4_0_U47,0,30,0,"",""
l1_root_channel,grp_l1_root_channel_false_0_true_s_fu_3454/mul_8s_7s_15_4_0_U48,0,30,0,"",""
l1_root_channel,grp_l1_root_channel_false_0_true_s_fu_3454/mul_8s_7s_15_4_0_U49,2,24,0,"",""
l1_root_channel,grp_l1_root_channel_false_0_true_s_fu_3454/mul_8s_7s_15_4_0_U55,0,30,0,"",""
l1_root_channel,grp_l1_root_channel_false_0_true_s_fu_3454/mul_8s_7s_15_4_0_U56,0,30,0,"",""
l1_root_channel,grp_l1_root_channel_false_0_true_s_fu_3454/mul_8s_7s_15_4_0_U57,2,24,0,"",""
l1_root_channel,grp_l1_root_channel_false_0_true_s_fu_3454/mul_8s_7s_15_4_0_U63,0,30,0,"",""
l1_root_channel,grp_l1_root_channel_false_0_true_s_fu_3454/mul_8s_7s_15_4_0_U64,0,30,0,"",""
l1_root_channel,grp_l1_root_channel_false_0_true_s_fu_3454/mul_8s_7s_15_4_0_U65,32,37,0,"",""
l1_root_channel,grp_l1_root_channel_false_0_true_s_fu_3454/mul_8s_7s_15_4_0_U69,32,37,0,"",""
l1_root_channel,grp_l1_root_channel_false_0_true_s_fu_3454/mul_8s_7s_15_4_0_U7,0,30,0,"",""
l1_root_channel,grp_l1_root_channel_false_0_true_s_fu_3454/mul_8s_7s_15_4_0_U73,32,37,0,"",""
l1_root_channel,grp_l1_root_channel_false_0_true_s_fu_3454/mul_8s_7s_15_4_0_U77,32,37,0,"",""
l1_root_channel,grp_l1_root_channel_false_0_true_s_fu_3454/mul_8s_7s_15_4_0_U8,0,30,0,"",""
l1_root_channel,grp_l1_root_channel_false_0_true_s_fu_3454/mul_8s_7s_15_4_0_U81,32,37,0,"",""
l1_root_channel,grp_l1_root_channel_false_0_true_s_fu_3454/mul_8s_7s_15_4_0_U85,32,37,0,"",""
l1_root_channel,grp_l1_root_channel_false_0_true_s_fu_3454/mul_8s_7s_15_4_0_U89,32,37,0,"",""
l1_root_channel,grp_l1_root_channel_false_0_true_s_fu_3454/mul_8s_7s_15_4_0_U9,2,24,0,"",""
l1_root_channel,grp_l1_root_channel_false_0_true_s_fu_3454/mul_8s_7s_15_4_0_U93,32,37,0,"",""
l1_root_channel,grp_l1_root_channel_false_0_true_s_fu_3454/mul_8s_8ns_16_4_0_U14,378,33,0,"",""
l1_root_channel,grp_l1_root_channel_false_0_true_s_fu_3454/mul_8s_8ns_16_4_0_U22,375,33,0,"",""
l1_root_channel,grp_l1_root_channel_false_0_true_s_fu_3454/mul_8s_8ns_16_4_0_U30,375,33,0,"",""
l1_root_channel,grp_l1_root_channel_false_0_true_s_fu_3454/mul_8s_8ns_16_4_0_U38,375,33,0,"",""
l1_root_channel,grp_l1_root_channel_false_0_true_s_fu_3454/mul_8s_8ns_16_4_0_U46,375,33,0,"",""
l1_root_channel,grp_l1_root_channel_false_0_true_s_fu_3454/mul_8s_8ns_16_4_0_U54,378,33,0,"",""
l1_root_channel,grp_l1_root_channel_false_0_true_s_fu_3454/mul_8s_8ns_16_4_0_U6,378,33,0,"",""
l1_root_channel,grp_l1_root_channel_false_0_true_s_fu_3454/mul_8s_8ns_16_4_0_U62,378,33,0,"",""
l1_root_channel,grp_l1_root_channel_false_0_true_s_fu_3454/mul_8s_8ns_16_4_0_U67,58,31,0,"",""
l1_root_channel,grp_l1_root_channel_false_0_true_s_fu_3454/mul_8s_8ns_16_4_0_U71,58,31,0,"",""
l1_root_channel,grp_l1_root_channel_false_0_true_s_fu_3454/mul_8s_8ns_16_4_0_U75,58,31,0,"",""
l1_root_channel,grp_l1_root_channel_false_0_true_s_fu_3454/mul_8s_8ns_16_4_0_U79,58,31,0,"",""
l1_root_channel,grp_l1_root_channel_false_0_true_s_fu_3454/mul_8s_8ns_16_4_0_U83,58,31,0,"",""
l1_root_channel,grp_l1_root_channel_false_0_true_s_fu_3454/mul_8s_8ns_16_4_0_U87,58,31,0,"",""
l1_root_channel,grp_l1_root_channel_false_0_true_s_fu_3454/mul_8s_8ns_16_4_0_U91,58,31,0,"",""
l1_root_channel,grp_l1_root_channel_false_0_true_s_fu_3454/mul_8s_8ns_16_4_0_U95,58,31,0,"",""
l1_root_channel,grp_l1_root_channel_false_0_true_s_fu_3454/mul_8s_8s_16_4_0_U66,158,34,0,"",""
l1_root_channel,grp_l1_root_channel_false_0_true_s_fu_3454/mul_8s_8s_16_4_0_U68,173,37,0,"",""
l1_root_channel,grp_l1_root_channel_false_0_true_s_fu_3454/mul_8s_8s_16_4_0_U70,159,34,0,"",""
l1_root_channel,grp_l1_root_channel_false_0_true_s_fu_3454/mul_8s_8s_16_4_0_U72,173,37,0,"",""
l1_root_channel,grp_l1_root_channel_false_0_true_s_fu_3454/mul_8s_8s_16_4_0_U74,159,34,0,"",""
l1_root_channel,grp_l1_root_channel_false_0_true_s_fu_3454/mul_8s_8s_16_4_0_U76,173,37,0,"",""
l1_root_channel,grp_l1_root_channel_false_0_true_s_fu_3454/mul_8s_8s_16_4_0_U78,159,34,0,"",""
l1_root_channel,grp_l1_root_channel_false_0_true_s_fu_3454/mul_8s_8s_16_4_0_U80,173,37,0,"",""
l1_root_channel,grp_l1_root_channel_false_0_true_s_fu_3454/mul_8s_8s_16_4_0_U82,159,34,0,"",""
l1_root_channel,grp_l1_root_channel_false_0_true_s_fu_3454/mul_8s_8s_16_4_0_U84,173,37,0,"",""
l1_root_channel,grp_l1_root_channel_false_0_true_s_fu_3454/mul_8s_8s_16_4_0_U86,159,34,0,"",""
l1_root_channel,grp_l1_root_channel_false_0_true_s_fu_3454/mul_8s_8s_16_4_0_U88,173,37,0,"",""
l1_root_channel,grp_l1_root_channel_false_0_true_s_fu_3454/mul_8s_8s_16_4_0_U90,158,34,0,"",""
l1_root_channel,grp_l1_root_channel_false_0_true_s_fu_3454/mul_8s_8s_16_4_0_U92,173,37,0,"",""
l1_root_channel,grp_l1_root_channel_false_0_true_s_fu_3454/mul_8s_8s_16_4_0_U94,158,34,0,"",""
l1_root_channel,grp_l1_root_channel_false_0_true_s_fu_3454/mul_8s_8s_16_4_0_U96,173,37,0,"",""
l1_root_channel,grp_l1_root_channel_false_0_true_s_fu_3454/add_18s_18s_18_2_0_U100/u1,9,0,0,"",""
l1_root_channel,grp_l1_root_channel_false_0_true_s_fu_3454/add_18s_18s_18_2_0_U100/u2,9,0,0,"",""
l1_root_channel,grp_l1_root_channel_false_0_true_s_fu_3454/add_18s_18s_18_2_0_U101/u1,9,0,0,"",""
l1_root_channel,grp_l1_root_channel_false_0_true_s_fu_3454/add_18s_18s_18_2_0_U101/u2,9,0,0,"",""
l1_root_channel,grp_l1_root_channel_false_0_true_s_fu_3454/add_18s_18s_18_2_0_U102/u1,9,0,0,"",""
l1_root_channel,grp_l1_root_channel_false_0_true_s_fu_3454/add_18s_18s_18_2_0_U102/u2,9,0,0,"",""
l1_root_channel,grp_l1_root_channel_false_0_true_s_fu_3454/add_18s_18s_18_2_0_U103/u1,9,0,0,"",""
l1_root_channel,grp_l1_root_channel_false_0_true_s_fu_3454/add_18s_18s_18_2_0_U103/u2,9,0,0,"",""
l1_root_channel,grp_l1_root_channel_false_0_true_s_fu_3454/add_18s_18s_18_2_0_U104/u1,9,0,0,"",""
l1_root_channel,grp_l1_root_channel_false_0_true_s_fu_3454/add_18s_18s_18_2_0_U104/u2,9,0,0,"",""
l1_root_channel,grp_l1_root_channel_false_0_true_s_fu_3454/add_18s_18s_18_2_0_U97/u1,9,0,0,"",""
l1_root_channel,grp_l1_root_channel_false_0_true_s_fu_3454/add_18s_18s_18_2_0_U97/u2,9,0,0,"",""
l1_root_channel,grp_l1_root_channel_false_0_true_s_fu_3454/add_18s_18s_18_2_0_U98/u1,9,0,0,"",""
l1_root_channel,grp_l1_root_channel_false_0_true_s_fu_3454/add_18s_18s_18_2_0_U98/u2,9,0,0,"",""
l1_root_channel,grp_l1_root_channel_false_0_true_s_fu_3454/add_18s_18s_18_2_0_U99/u1,9,0,0,"",""
l1_root_channel,grp_l1_root_channel_false_0_true_s_fu_3454/add_18s_18s_18_2_0_U99/u2,9,0,0,"",""
l1_root_channel,grp_l1_root_channel_false_10_true_s_fu_3198/add_18s_18s_18_2_0_U2045,18,19,0,"",""
l1_root_channel,grp_l1_root_channel_false_10_true_s_fu_3198/add_18s_18s_18_2_0_U2046,18,19,0,"",""
l1_root_channel,grp_l1_root_channel_false_10_true_s_fu_3198/add_18s_18s_18_2_0_U2047,18,19,0,"",""
l1_root_channel,grp_l1_root_channel_false_10_true_s_fu_3198/add_18s_18s_18_2_0_U2048,18,19,0,"",""
l1_root_channel,grp_l1_root_channel_false_10_true_s_fu_3198/add_18s_18s_18_2_0_U2049,18,19,0,"",""
l1_root_channel,grp_l1_root_channel_false_10_true_s_fu_3198/add_18s_18s_18_2_0_U2050,18,19,0,"",""
l1_root_channel,grp_l1_root_channel_false_10_true_s_fu_3198/add_18s_18s_18_2_0_U2051,18,19,0,"",""
l1_root_channel,grp_l1_root_channel_false_10_true_s_fu_3198/add_18s_18s_18_2_0_U2052,18,19,0,"",""
l1_root_channel,grp_l1_root_channel_false_10_true_s_fu_3198/mul_8s_3s_11_4_0_U1933,0,21,0,"",""
l1_root_channel,grp_l1_root_channel_false_10_true_s_fu_3198/mul_8s_3s_11_4_0_U1942,0,21,0,"",""
l1_root_channel,grp_l1_root_channel_false_10_true_s_fu_3198/mul_8s_3s_11_4_0_U1951,7,21,0,"",""
l1_root_channel,grp_l1_root_channel_false_10_true_s_fu_3198/mul_8s_3s_11_4_0_U1960,7,21,0,"",""
l1_root_channel,grp_l1_root_channel_false_10_true_s_fu_3198/mul_8s_3s_11_4_0_U1969,7,21,0,"",""
l1_root_channel,grp_l1_root_channel_false_10_true_s_fu_3198/mul_8s_3s_11_4_0_U1978,7,21,0,"",""
l1_root_channel,grp_l1_root_channel_false_10_true_s_fu_3198/mul_8s_3s_11_4_0_U1987,0,21,0,"",""
l1_root_channel,grp_l1_root_channel_false_10_true_s_fu_3198/mul_8s_3s_11_4_0_U1996,7,21,0,"",""
l1_root_channel,grp_l1_root_channel_false_10_true_s_fu_3198/mul_8s_4ns_12_4_0_U1932,16,22,0,"",""
l1_root_channel,grp_l1_root_channel_false_10_true_s_fu_3198/mul_8s_4ns_12_4_0_U1941,16,22,0,"",""
l1_root_channel,grp_l1_root_channel_false_10_true_s_fu_3198/mul_8s_4ns_12_4_0_U1950,19,22,0,"",""
l1_root_channel,grp_l1_root_channel_false_10_true_s_fu_3198/mul_8s_4ns_12_4_0_U1959,19,22,0,"",""
l1_root_channel,grp_l1_root_channel_false_10_true_s_fu_3198/mul_8s_4ns_12_4_0_U1968,19,22,0,"",""
l1_root_channel,grp_l1_root_channel_false_10_true_s_fu_3198/mul_8s_4ns_12_4_0_U1977,19,22,0,"",""
l1_root_channel,grp_l1_root_channel_false_10_true_s_fu_3198/mul_8s_4ns_12_4_0_U1986,16,22,0,"",""
l1_root_channel,grp_l1_root_channel_false_10_true_s_fu_3198/mul_8s_4ns_12_4_0_U1995,19,22,0,"",""
l1_root_channel,grp_l1_root_channel_false_10_true_s_fu_3198/mul_8s_6ns_14_4_0_U1927,18,20,0,"",""
l1_root_channel,grp_l1_root_channel_false_10_true_s_fu_3198/mul_8s_6ns_14_4_0_U1936,0,20,0,"",""
l1_root_channel,grp_l1_root_channel_false_10_true_s_fu_3198/mul_8s_6ns_14_4_0_U1945,18,20,0,"",""
l1_root_channel,grp_l1_root_channel_false_10_true_s_fu_3198/mul_8s_6ns_14_4_0_U1954,18,20,0,"",""
l1_root_channel,grp_l1_root_channel_false_10_true_s_fu_3198/mul_8s_6ns_14_4_0_U1963,18,20,0,"",""
l1_root_channel,grp_l1_root_channel_false_10_true_s_fu_3198/mul_8s_6ns_14_4_0_U1972,18,20,0,"",""
l1_root_channel,grp_l1_root_channel_false_10_true_s_fu_3198/mul_8s_6ns_14_4_0_U1981,18,20,0,"",""
l1_root_channel,grp_l1_root_channel_false_10_true_s_fu_3198/mul_8s_6ns_14_4_0_U1990,18,20,0,"",""
l1_root_channel,grp_l1_root_channel_false_10_true_s_fu_3198/mul_8s_6s_14_4_0_U2000,171,27,0,"",""
l1_root_channel,grp_l1_root_channel_false_10_true_s_fu_3198/mul_8s_6s_14_4_0_U2006,158,27,0,"",""
l1_root_channel,grp_l1_root_channel_false_10_true_s_fu_3198/mul_8s_6s_14_4_0_U2012,171,27,0,"",""
l1_root_channel,grp_l1_root_channel_false_10_true_s_fu_3198/mul_8s_6s_14_4_0_U2018,171,27,0,"",""
l1_root_channel,grp_l1_root_channel_false_10_true_s_fu_3198/mul_8s_6s_14_4_0_U2024,172,27,0,"",""
l1_root_channel,grp_l1_root_channel_false_10_true_s_fu_3198/mul_8s_6s_14_4_0_U2030,171,27,0,"",""
l1_root_channel,grp_l1_root_channel_false_10_true_s_fu_3198/mul_8s_6s_14_4_0_U2036,172,27,0,"",""
l1_root_channel,grp_l1_root_channel_false_10_true_s_fu_3198/mul_8s_6s_14_4_0_U2042,171,27,0,"",""
l1_root_channel,grp_l1_root_channel_false_10_true_s_fu_3198/mul_8s_7ns_15_4_0_U1999,386,38,0,"",""
l1_root_channel,grp_l1_root_channel_false_10_true_s_fu_3198/mul_8s_7ns_15_4_0_U2002,301,37,0,"",""
l1_root_channel,grp_l1_root_channel_false_10_true_s_fu_3198/mul_8s_7ns_15_4_0_U2005,378,38,0,"",""
l1_root_channel,grp_l1_root_channel_false_10_true_s_fu_3198/mul_8s_7ns_15_4_0_U2008,301,37,0,"",""
l1_root_channel,grp_l1_root_channel_false_10_true_s_fu_3198/mul_8s_7ns_15_4_0_U2011,386,38,0,"",""
l1_root_channel,grp_l1_root_channel_false_10_true_s_fu_3198/mul_8s_7ns_15_4_0_U2014,301,37,0,"",""
l1_root_channel,grp_l1_root_channel_false_10_true_s_fu_3198/mul_8s_7ns_15_4_0_U2017,386,38,0,"",""
l1_root_channel,grp_l1_root_channel_false_10_true_s_fu_3198/mul_8s_7ns_15_4_0_U2020,301,37,0,"",""
l1_root_channel,grp_l1_root_channel_false_10_true_s_fu_3198/mul_8s_7ns_15_4_0_U2023,386,38,0,"",""
l1_root_channel,grp_l1_root_channel_false_10_true_s_fu_3198/mul_8s_7ns_15_4_0_U2026,301,37,0,"",""
l1_root_channel,grp_l1_root_channel_false_10_true_s_fu_3198/mul_8s_7ns_15_4_0_U2029,386,38,0,"",""
l1_root_channel,grp_l1_root_channel_false_10_true_s_fu_3198/mul_8s_7ns_15_4_0_U2032,301,37,0,"",""
l1_root_channel,grp_l1_root_channel_false_10_true_s_fu_3198/mul_8s_7ns_15_4_0_U2035,380,38,0,"",""
l1_root_channel,grp_l1_root_channel_false_10_true_s_fu_3198/mul_8s_7ns_15_4_0_U2038,301,37,0,"",""
l1_root_channel,grp_l1_root_channel_false_10_true_s_fu_3198/mul_8s_7ns_15_4_0_U2041,380,38,0,"",""
l1_root_channel,grp_l1_root_channel_false_10_true_s_fu_3198/mul_8s_7ns_15_4_0_U2044,301,37,0,"",""
l1_root_channel,grp_l1_root_channel_false_10_true_s_fu_3198/mul_8s_7s_15_4_0_U1926,0,30,0,"",""
l1_root_channel,grp_l1_root_channel_false_10_true_s_fu_3198/mul_8s_7s_15_4_0_U1935,0,30,0,"",""
l1_root_channel,grp_l1_root_channel_false_10_true_s_fu_3198/mul_8s_7s_15_4_0_U1944,20,30,0,"",""
l1_root_channel,grp_l1_root_channel_false_10_true_s_fu_3198/mul_8s_7s_15_4_0_U1953,20,30,0,"",""
l1_root_channel,grp_l1_root_channel_false_10_true_s_fu_3198/mul_8s_7s_15_4_0_U1962,20,30,0,"",""
l1_root_channel,grp_l1_root_channel_false_10_true_s_fu_3198/mul_8s_7s_15_4_0_U1971,20,30,0,"",""
l1_root_channel,grp_l1_root_channel_false_10_true_s_fu_3198/mul_8s_7s_15_4_0_U1980,20,30,0,"",""
l1_root_channel,grp_l1_root_channel_false_10_true_s_fu_3198/mul_8s_7s_15_4_0_U1989,20,30,0,"",""
l1_root_channel,grp_l1_root_channel_false_10_true_s_fu_3198/mul_8s_8ns_16_4_0_U1925,29,28,0,"",""
l1_root_channel,grp_l1_root_channel_false_10_true_s_fu_3198/mul_8s_8ns_16_4_0_U1928,3,26,0,"",""
l1_root_channel,grp_l1_root_channel_false_10_true_s_fu_3198/mul_8s_8ns_16_4_0_U1929,1,22,0,"",""
l1_root_channel,grp_l1_root_channel_false_10_true_s_fu_3198/mul_8s_8ns_16_4_0_U1930,3,22,0,"",""
l1_root_channel,grp_l1_root_channel_false_10_true_s_fu_3198/mul_8s_8ns_16_4_0_U1934,29,28,0,"",""
l1_root_channel,grp_l1_root_channel_false_10_true_s_fu_3198/mul_8s_8ns_16_4_0_U1937,9,27,0,"",""
l1_root_channel,grp_l1_root_channel_false_10_true_s_fu_3198/mul_8s_8ns_16_4_0_U1938,15,24,0,"",""
l1_root_channel,grp_l1_root_channel_false_10_true_s_fu_3198/mul_8s_8ns_16_4_0_U1939,3,22,0,"",""
l1_root_channel,grp_l1_root_channel_false_10_true_s_fu_3198/mul_8s_8ns_16_4_0_U1943,29,28,0,"",""
l1_root_channel,grp_l1_root_channel_false_10_true_s_fu_3198/mul_8s_8ns_16_4_0_U1946,18,26,0,"",""
l1_root_channel,grp_l1_root_channel_false_10_true_s_fu_3198/mul_8s_8ns_16_4_0_U1947,27,22,0,"",""
l1_root_channel,grp_l1_root_channel_false_10_true_s_fu_3198/mul_8s_8ns_16_4_0_U1948,22,22,0,"",""
l1_root_channel,grp_l1_root_channel_false_10_true_s_fu_3198/mul_8s_8ns_16_4_0_U1952,29,28,0,"",""
l1_root_channel,grp_l1_root_channel_false_10_true_s_fu_3198/mul_8s_8ns_16_4_0_U1955,18,26,0,"",""
l1_root_channel,grp_l1_root_channel_false_10_true_s_fu_3198/mul_8s_8ns_16_4_0_U1956,27,22,0,"",""
l1_root_channel,grp_l1_root_channel_false_10_true_s_fu_3198/mul_8s_8ns_16_4_0_U1957,22,22,0,"",""
l1_root_channel,grp_l1_root_channel_false_10_true_s_fu_3198/mul_8s_8ns_16_4_0_U1961,29,28,0,"",""
l1_root_channel,grp_l1_root_channel_false_10_true_s_fu_3198/mul_8s_8ns_16_4_0_U1964,18,26,0,"",""
l1_root_channel,grp_l1_root_channel_false_10_true_s_fu_3198/mul_8s_8ns_16_4_0_U1965,27,22,0,"",""
l1_root_channel,grp_l1_root_channel_false_10_true_s_fu_3198/mul_8s_8ns_16_4_0_U1966,22,22,0,"",""
l1_root_channel,grp_l1_root_channel_false_10_true_s_fu_3198/mul_8s_8ns_16_4_0_U1970,29,28,0,"",""
l1_root_channel,grp_l1_root_channel_false_10_true_s_fu_3198/mul_8s_8ns_16_4_0_U1973,18,26,0,"",""
l1_root_channel,grp_l1_root_channel_false_10_true_s_fu_3198/mul_8s_8ns_16_4_0_U1974,27,22,0,"",""
l1_root_channel,grp_l1_root_channel_false_10_true_s_fu_3198/mul_8s_8ns_16_4_0_U1975,22,22,0,"",""
l1_root_channel,grp_l1_root_channel_false_10_true_s_fu_3198/mul_8s_8ns_16_4_0_U1979,29,28,0,"",""
l1_root_channel,grp_l1_root_channel_false_10_true_s_fu_3198/mul_8s_8ns_16_4_0_U1982,18,26,0,"",""
l1_root_channel,grp_l1_root_channel_false_10_true_s_fu_3198/mul_8s_8ns_16_4_0_U1983,27,22,0,"",""
l1_root_channel,grp_l1_root_channel_false_10_true_s_fu_3198/mul_8s_8ns_16_4_0_U1984,22,22,0,"",""
l1_root_channel,grp_l1_root_channel_false_10_true_s_fu_3198/mul_8s_8ns_16_4_0_U1988,29,28,0,"",""
l1_root_channel,grp_l1_root_channel_false_10_true_s_fu_3198/mul_8s_8ns_16_4_0_U1991,18,26,0,"",""
l1_root_channel,grp_l1_root_channel_false_10_true_s_fu_3198/mul_8s_8ns_16_4_0_U1992,27,22,0,"",""
l1_root_channel,grp_l1_root_channel_false_10_true_s_fu_3198/mul_8s_8ns_16_4_0_U1993,22,22,0,"",""
l1_root_channel,grp_l1_root_channel_false_10_true_s_fu_3198/mul_8s_8ns_16_4_0_U1998,147,29,0,"",""
l1_root_channel,grp_l1_root_channel_false_10_true_s_fu_3198/mul_8s_8ns_16_4_0_U2004,147,29,0,"",""
l1_root_channel,grp_l1_root_channel_false_10_true_s_fu_3198/mul_8s_8ns_16_4_0_U2010,145,29,0,"",""
l1_root_channel,grp_l1_root_channel_false_10_true_s_fu_3198/mul_8s_8ns_16_4_0_U2016,145,29,0,"",""
l1_root_channel,grp_l1_root_channel_false_10_true_s_fu_3198/mul_8s_8ns_16_4_0_U2022,145,29,0,"",""
l1_root_channel,grp_l1_root_channel_false_10_true_s_fu_3198/mul_8s_8ns_16_4_0_U2028,149,29,0,"",""
l1_root_channel,grp_l1_root_channel_false_10_true_s_fu_3198/mul_8s_8ns_16_4_0_U2034,149,29,0,"",""
l1_root_channel,grp_l1_root_channel_false_10_true_s_fu_3198/mul_8s_8ns_16_4_0_U2040,149,29,0,"",""
l1_root_channel,grp_l1_root_channel_false_10_true_s_fu_3198/mul_8s_8s_16_4_0_U1931,15,20,0,"",""
l1_root_channel,grp_l1_root_channel_false_10_true_s_fu_3198/mul_8s_8s_16_4_0_U1940,17,20,0,"",""
l1_root_channel,grp_l1_root_channel_false_10_true_s_fu_3198/mul_8s_8s_16_4_0_U1949,31,20,0,"",""
l1_root_channel,grp_l1_root_channel_false_10_true_s_fu_3198/mul_8s_8s_16_4_0_U1958,31,20,0,"",""
l1_root_channel,grp_l1_root_channel_false_10_true_s_fu_3198/mul_8s_8s_16_4_0_U1967,31,20,0,"",""
l1_root_channel,grp_l1_root_channel_false_10_true_s_fu_3198/mul_8s_8s_16_4_0_U1976,31,20,0,"",""
l1_root_channel,grp_l1_root_channel_false_10_true_s_fu_3198/mul_8s_8s_16_4_0_U1985,29,20,0,"",""
l1_root_channel,grp_l1_root_channel_false_10_true_s_fu_3198/mul_8s_8s_16_4_0_U1994,29,20,0,"",""
l1_root_channel,grp_l1_root_channel_false_10_true_s_fu_3198/mul_8s_8s_16_4_0_U1997,514,39,0,"",""
l1_root_channel,grp_l1_root_channel_false_10_true_s_fu_3198/mul_8s_8s_16_4_0_U2001,324,36,0,"",""
l1_root_channel,grp_l1_root_channel_false_10_true_s_fu_3198/mul_8s_8s_16_4_0_U2003,517,39,0,"",""
l1_root_channel,grp_l1_root_channel_false_10_true_s_fu_3198/mul_8s_8s_16_4_0_U2007,324,36,0,"",""
l1_root_channel,grp_l1_root_channel_false_10_true_s_fu_3198/mul_8s_8s_16_4_0_U2009,531,39,0,"",""
l1_root_channel,grp_l1_root_channel_false_10_true_s_fu_3198/mul_8s_8s_16_4_0_U2013,334,36,0,"",""
l1_root_channel,grp_l1_root_channel_false_10_true_s_fu_3198/mul_8s_8s_16_4_0_U2015,531,39,0,"",""
l1_root_channel,grp_l1_root_channel_false_10_true_s_fu_3198/mul_8s_8s_16_4_0_U2019,334,36,0,"",""
l1_root_channel,grp_l1_root_channel_false_10_true_s_fu_3198/mul_8s_8s_16_4_0_U2021,531,39,0,"",""
l1_root_channel,grp_l1_root_channel_false_10_true_s_fu_3198/mul_8s_8s_16_4_0_U2025,334,36,0,"",""
l1_root_channel,grp_l1_root_channel_false_10_true_s_fu_3198/mul_8s_8s_16_4_0_U2027,533,39,0,"",""
l1_root_channel,grp_l1_root_channel_false_10_true_s_fu_3198/mul_8s_8s_16_4_0_U2031,334,36,0,"",""
l1_root_channel,grp_l1_root_channel_false_10_true_s_fu_3198/mul_8s_8s_16_4_0_U2033,533,39,0,"",""
l1_root_channel,grp_l1_root_channel_false_10_true_s_fu_3198/mul_8s_8s_16_4_0_U2037,334,36,0,"",""
l1_root_channel,grp_l1_root_channel_false_10_true_s_fu_3198/mul_8s_8s_16_4_0_U2039,530,39,0,"",""
l1_root_channel,grp_l1_root_channel_false_10_true_s_fu_3198/mul_8s_8s_16_4_0_U2043,334,36,0,"",""
l1_root_channel,grp_l1_root_channel_false_10_true_s_fu_3198/add_18s_18s_18_2_0_U2045/u1,9,0,0,"",""
l1_root_channel,grp_l1_root_channel_false_10_true_s_fu_3198/add_18s_18s_18_2_0_U2045/u2,9,0,0,"",""
l1_root_channel,grp_l1_root_channel_false_10_true_s_fu_3198/add_18s_18s_18_2_0_U2046/u1,9,0,0,"",""
l1_root_channel,grp_l1_root_channel_false_10_true_s_fu_3198/add_18s_18s_18_2_0_U2046/u2,9,0,0,"",""
l1_root_channel,grp_l1_root_channel_false_10_true_s_fu_3198/add_18s_18s_18_2_0_U2047/u1,9,0,0,"",""
l1_root_channel,grp_l1_root_channel_false_10_true_s_fu_3198/add_18s_18s_18_2_0_U2047/u2,9,0,0,"",""
l1_root_channel,grp_l1_root_channel_false_10_true_s_fu_3198/add_18s_18s_18_2_0_U2048/u1,9,0,0,"",""
l1_root_channel,grp_l1_root_channel_false_10_true_s_fu_3198/add_18s_18s_18_2_0_U2048/u2,9,0,0,"",""
l1_root_channel,grp_l1_root_channel_false_10_true_s_fu_3198/add_18s_18s_18_2_0_U2049/u1,9,0,0,"",""
l1_root_channel,grp_l1_root_channel_false_10_true_s_fu_3198/add_18s_18s_18_2_0_U2049/u2,9,0,0,"",""
l1_root_channel,grp_l1_root_channel_false_10_true_s_fu_3198/add_18s_18s_18_2_0_U2050/u1,9,0,0,"",""
l1_root_channel,grp_l1_root_channel_false_10_true_s_fu_3198/add_18s_18s_18_2_0_U2050/u2,9,0,0,"",""
l1_root_channel,grp_l1_root_channel_false_10_true_s_fu_3198/add_18s_18s_18_2_0_U2051/u1,9,0,0,"",""
l1_root_channel,grp_l1_root_channel_false_10_true_s_fu_3198/add_18s_18s_18_2_0_U2051/u2,9,0,0,"",""
l1_root_channel,grp_l1_root_channel_false_10_true_s_fu_3198/add_18s_18s_18_2_0_U2052/u1,9,0,0,"",""
l1_root_channel,grp_l1_root_channel_false_10_true_s_fu_3198/add_18s_18s_18_2_0_U2052/u2,9,0,0,"",""
l1_root_channel,grp_l1_root_channel_false_11_true_s_fu_4314/add_18s_18s_18_2_0_U2293,18,19,0,"",""
l1_root_channel,grp_l1_root_channel_false_11_true_s_fu_4314/add_18s_18s_18_2_0_U2294,18,19,0,"",""
l1_root_channel,grp_l1_root_channel_false_11_true_s_fu_4314/add_18s_18s_18_2_0_U2295,18,19,0,"",""
l1_root_channel,grp_l1_root_channel_false_11_true_s_fu_4314/add_18s_18s_18_2_0_U2296,18,19,0,"",""
l1_root_channel,grp_l1_root_channel_false_11_true_s_fu_4314/add_18s_18s_18_2_0_U2297,18,19,0,"",""
l1_root_channel,grp_l1_root_channel_false_11_true_s_fu_4314/add_18s_18s_18_2_0_U2298,18,19,0,"",""
l1_root_channel,grp_l1_root_channel_false_11_true_s_fu_4314/add_18s_18s_18_2_0_U2299,18,19,0,"",""
l1_root_channel,grp_l1_root_channel_false_11_true_s_fu_4314/add_18s_18s_18_2_0_U2300,18,19,0,"",""
l1_root_channel,grp_l1_root_channel_false_11_true_s_fu_4314/mul_8s_6ns_14_4_0_U2191,0,26,0,"",""
l1_root_channel,grp_l1_root_channel_false_11_true_s_fu_4314/mul_8s_6ns_14_4_0_U2203,0,26,0,"",""
l1_root_channel,grp_l1_root_channel_false_11_true_s_fu_4314/mul_8s_6ns_14_4_0_U2215,0,26,0,"",""
l1_root_channel,grp_l1_root_channel_false_11_true_s_fu_4314/mul_8s_6ns_14_4_0_U2227,0,26,0,"",""
l1_root_channel,grp_l1_root_channel_false_11_true_s_fu_4314/mul_8s_6ns_14_4_0_U2239,0,26,0,"",""
l1_root_channel,grp_l1_root_channel_false_11_true_s_fu_4314/mul_8s_6ns_14_4_0_U2251,0,26,0,"",""
l1_root_channel,grp_l1_root_channel_false_11_true_s_fu_4314/mul_8s_6ns_14_4_0_U2263,0,26,0,"",""
l1_root_channel,grp_l1_root_channel_false_11_true_s_fu_4314/mul_8s_6ns_14_4_0_U2275,0,26,0,"",""
l1_root_channel,grp_l1_root_channel_false_11_true_s_fu_4314/mul_8s_6s_14_4_0_U2184,4,20,0,"",""
l1_root_channel,grp_l1_root_channel_false_11_true_s_fu_4314/mul_8s_6s_14_4_0_U2196,4,20,0,"",""
l1_root_channel,grp_l1_root_channel_false_11_true_s_fu_4314/mul_8s_6s_14_4_0_U2208,4,20,0,"",""
l1_root_channel,grp_l1_root_channel_false_11_true_s_fu_4314/mul_8s_6s_14_4_0_U2220,4,20,0,"",""
l1_root_channel,grp_l1_root_channel_false_11_true_s_fu_4314/mul_8s_6s_14_4_0_U2232,4,20,0,"",""
l1_root_channel,grp_l1_root_channel_false_11_true_s_fu_4314/mul_8s_6s_14_4_0_U2244,4,20,0,"",""
l1_root_channel,grp_l1_root_channel_false_11_true_s_fu_4314/mul_8s_6s_14_4_0_U2256,4,20,0,"",""
l1_root_channel,grp_l1_root_channel_false_11_true_s_fu_4314/mul_8s_6s_14_4_0_U2268,4,20,0,"",""
l1_root_channel,grp_l1_root_channel_false_11_true_s_fu_4314/mul_8s_7ns_15_4_0_U2182,0,22,0,"",""
l1_root_channel,grp_l1_root_channel_false_11_true_s_fu_4314/mul_8s_7ns_15_4_0_U2187,2,24,0,"",""
l1_root_channel,grp_l1_root_channel_false_11_true_s_fu_4314/mul_8s_7ns_15_4_0_U2189,2,24,0,"",""
l1_root_channel,grp_l1_root_channel_false_11_true_s_fu_4314/mul_8s_7ns_15_4_0_U2192,0,30,0,"",""
l1_root_channel,grp_l1_root_channel_false_11_true_s_fu_4314/mul_8s_7ns_15_4_0_U2194,0,22,0,"",""
l1_root_channel,grp_l1_root_channel_false_11_true_s_fu_4314/mul_8s_7ns_15_4_0_U2199,2,24,0,"",""
l1_root_channel,grp_l1_root_channel_false_11_true_s_fu_4314/mul_8s_7ns_15_4_0_U2201,2,24,0,"",""
l1_root_channel,grp_l1_root_channel_false_11_true_s_fu_4314/mul_8s_7ns_15_4_0_U2204,0,30,0,"",""
l1_root_channel,grp_l1_root_channel_false_11_true_s_fu_4314/mul_8s_7ns_15_4_0_U2206,0,22,0,"",""
l1_root_channel,grp_l1_root_channel_false_11_true_s_fu_4314/mul_8s_7ns_15_4_0_U2211,2,24,0,"",""
l1_root_channel,grp_l1_root_channel_false_11_true_s_fu_4314/mul_8s_7ns_15_4_0_U2213,2,24,0,"",""
l1_root_channel,grp_l1_root_channel_false_11_true_s_fu_4314/mul_8s_7ns_15_4_0_U2216,0,30,0,"",""
l1_root_channel,grp_l1_root_channel_false_11_true_s_fu_4314/mul_8s_7ns_15_4_0_U2218,0,22,0,"",""
l1_root_channel,grp_l1_root_channel_false_11_true_s_fu_4314/mul_8s_7ns_15_4_0_U2223,2,24,0,"",""
l1_root_channel,grp_l1_root_channel_false_11_true_s_fu_4314/mul_8s_7ns_15_4_0_U2225,2,24,0,"",""
l1_root_channel,grp_l1_root_channel_false_11_true_s_fu_4314/mul_8s_7ns_15_4_0_U2228,0,30,0,"",""
l1_root_channel,grp_l1_root_channel_false_11_true_s_fu_4314/mul_8s_7ns_15_4_0_U2230,0,22,0,"",""
l1_root_channel,grp_l1_root_channel_false_11_true_s_fu_4314/mul_8s_7ns_15_4_0_U2235,2,24,0,"",""
l1_root_channel,grp_l1_root_channel_false_11_true_s_fu_4314/mul_8s_7ns_15_4_0_U2237,2,24,0,"",""
l1_root_channel,grp_l1_root_channel_false_11_true_s_fu_4314/mul_8s_7ns_15_4_0_U2240,0,30,0,"",""
l1_root_channel,grp_l1_root_channel_false_11_true_s_fu_4314/mul_8s_7ns_15_4_0_U2242,0,22,0,"",""
l1_root_channel,grp_l1_root_channel_false_11_true_s_fu_4314/mul_8s_7ns_15_4_0_U2247,2,24,0,"",""
l1_root_channel,grp_l1_root_channel_false_11_true_s_fu_4314/mul_8s_7ns_15_4_0_U2249,2,24,0,"",""
l1_root_channel,grp_l1_root_channel_false_11_true_s_fu_4314/mul_8s_7ns_15_4_0_U2252,0,30,0,"",""
l1_root_channel,grp_l1_root_channel_false_11_true_s_fu_4314/mul_8s_7ns_15_4_0_U2254,0,22,0,"",""
l1_root_channel,grp_l1_root_channel_false_11_true_s_fu_4314/mul_8s_7ns_15_4_0_U2259,2,24,0,"",""
l1_root_channel,grp_l1_root_channel_false_11_true_s_fu_4314/mul_8s_7ns_15_4_0_U2261,2,24,0,"",""
l1_root_channel,grp_l1_root_channel_false_11_true_s_fu_4314/mul_8s_7ns_15_4_0_U2264,0,30,0,"",""
l1_root_channel,grp_l1_root_channel_false_11_true_s_fu_4314/mul_8s_7ns_15_4_0_U2266,0,22,0,"",""
l1_root_channel,grp_l1_root_channel_false_11_true_s_fu_4314/mul_8s_7ns_15_4_0_U2271,2,24,0,"",""
l1_root_channel,grp_l1_root_channel_false_11_true_s_fu_4314/mul_8s_7ns_15_4_0_U2273,2,24,0,"",""
l1_root_channel,grp_l1_root_channel_false_11_true_s_fu_4314/mul_8s_7ns_15_4_0_U2276,0,30,0,"",""
l1_root_channel,grp_l1_root_channel_false_11_true_s_fu_4314/mul_8s_7ns_15_4_0_U2278,2,24,0,"",""
l1_root_channel,grp_l1_root_channel_false_11_true_s_fu_4314/mul_8s_7ns_15_4_0_U2280,2,24,0,"",""
l1_root_channel,grp_l1_root_channel_false_11_true_s_fu_4314/mul_8s_7ns_15_4_0_U2282,2,24,0,"",""
l1_root_channel,grp_l1_root_channel_false_11_true_s_fu_4314/mul_8s_7ns_15_4_0_U2284,2,24,0,"",""
l1_root_channel,grp_l1_root_channel_false_11_true_s_fu_4314/mul_8s_7ns_15_4_0_U2286,2,24,0,"",""
l1_root_channel,grp_l1_root_channel_false_11_true_s_fu_4314/mul_8s_7ns_15_4_0_U2288,2,24,0,"",""
l1_root_channel,grp_l1_root_channel_false_11_true_s_fu_4314/mul_8s_7ns_15_4_0_U2290,2,24,0,"",""
l1_root_channel,grp_l1_root_channel_false_11_true_s_fu_4314/mul_8s_7ns_15_4_0_U2292,2,24,0,"",""
l1_root_channel,grp_l1_root_channel_false_11_true_s_fu_4314/mul_8s_7s_15_4_0_U2181,0,29,0,"",""
l1_root_channel,grp_l1_root_channel_false_11_true_s_fu_4314/mul_8s_7s_15_4_0_U2185,0,30,0,"",""
l1_root_channel,grp_l1_root_channel_false_11_true_s_fu_4314/mul_8s_7s_15_4_0_U2186,0,25,0,"",""
l1_root_channel,grp_l1_root_channel_false_11_true_s_fu_4314/mul_8s_7s_15_4_0_U2193,0,29,0,"",""
l1_root_channel,grp_l1_root_channel_false_11_true_s_fu_4314/mul_8s_7s_15_4_0_U2197,0,30,0,"",""
l1_root_channel,grp_l1_root_channel_false_11_true_s_fu_4314/mul_8s_7s_15_4_0_U2198,0,25,0,"",""
l1_root_channel,grp_l1_root_channel_false_11_true_s_fu_4314/mul_8s_7s_15_4_0_U2205,0,29,0,"",""
l1_root_channel,grp_l1_root_channel_false_11_true_s_fu_4314/mul_8s_7s_15_4_0_U2209,0,30,0,"",""
l1_root_channel,grp_l1_root_channel_false_11_true_s_fu_4314/mul_8s_7s_15_4_0_U2210,0,25,0,"",""
l1_root_channel,grp_l1_root_channel_false_11_true_s_fu_4314/mul_8s_7s_15_4_0_U2217,0,29,0,"",""
l1_root_channel,grp_l1_root_channel_false_11_true_s_fu_4314/mul_8s_7s_15_4_0_U2221,0,30,0,"",""
l1_root_channel,grp_l1_root_channel_false_11_true_s_fu_4314/mul_8s_7s_15_4_0_U2222,0,25,0,"",""
l1_root_channel,grp_l1_root_channel_false_11_true_s_fu_4314/mul_8s_7s_15_4_0_U2229,0,29,0,"",""
l1_root_channel,grp_l1_root_channel_false_11_true_s_fu_4314/mul_8s_7s_15_4_0_U2233,0,30,0,"",""
l1_root_channel,grp_l1_root_channel_false_11_true_s_fu_4314/mul_8s_7s_15_4_0_U2234,0,25,0,"",""
l1_root_channel,grp_l1_root_channel_false_11_true_s_fu_4314/mul_8s_7s_15_4_0_U2241,0,29,0,"",""
l1_root_channel,grp_l1_root_channel_false_11_true_s_fu_4314/mul_8s_7s_15_4_0_U2245,0,30,0,"",""
l1_root_channel,grp_l1_root_channel_false_11_true_s_fu_4314/mul_8s_7s_15_4_0_U2246,0,25,0,"",""
l1_root_channel,grp_l1_root_channel_false_11_true_s_fu_4314/mul_8s_7s_15_4_0_U2253,0,29,0,"",""
l1_root_channel,grp_l1_root_channel_false_11_true_s_fu_4314/mul_8s_7s_15_4_0_U2257,0,30,0,"",""
l1_root_channel,grp_l1_root_channel_false_11_true_s_fu_4314/mul_8s_7s_15_4_0_U2258,0,25,0,"",""
l1_root_channel,grp_l1_root_channel_false_11_true_s_fu_4314/mul_8s_7s_15_4_0_U2265,0,29,0,"",""
l1_root_channel,grp_l1_root_channel_false_11_true_s_fu_4314/mul_8s_7s_15_4_0_U2269,0,30,0,"",""
l1_root_channel,grp_l1_root_channel_false_11_true_s_fu_4314/mul_8s_7s_15_4_0_U2270,0,25,0,"",""
l1_root_channel,grp_l1_root_channel_false_11_true_s_fu_4314/mul_8s_8ns_16_4_0_U2183,4,24,0,"",""
l1_root_channel,grp_l1_root_channel_false_11_true_s_fu_4314/mul_8s_8ns_16_4_0_U2188,3,21,0,"",""
l1_root_channel,grp_l1_root_channel_false_11_true_s_fu_4314/mul_8s_8ns_16_4_0_U2195,4,24,0,"",""
l1_root_channel,grp_l1_root_channel_false_11_true_s_fu_4314/mul_8s_8ns_16_4_0_U2200,3,21,0,"",""
l1_root_channel,grp_l1_root_channel_false_11_true_s_fu_4314/mul_8s_8ns_16_4_0_U2207,4,24,0,"",""
l1_root_channel,grp_l1_root_channel_false_11_true_s_fu_4314/mul_8s_8ns_16_4_0_U2212,3,21,0,"",""
l1_root_channel,grp_l1_root_channel_false_11_true_s_fu_4314/mul_8s_8ns_16_4_0_U2219,4,24,0,"",""
l1_root_channel,grp_l1_root_channel_false_11_true_s_fu_4314/mul_8s_8ns_16_4_0_U2224,3,21,0,"",""
l1_root_channel,grp_l1_root_channel_false_11_true_s_fu_4314/mul_8s_8ns_16_4_0_U2231,4,24,0,"",""
l1_root_channel,grp_l1_root_channel_false_11_true_s_fu_4314/mul_8s_8ns_16_4_0_U2236,3,21,0,"",""
l1_root_channel,grp_l1_root_channel_false_11_true_s_fu_4314/mul_8s_8ns_16_4_0_U2243,4,24,0,"",""
l1_root_channel,grp_l1_root_channel_false_11_true_s_fu_4314/mul_8s_8ns_16_4_0_U2248,3,21,0,"",""
l1_root_channel,grp_l1_root_channel_false_11_true_s_fu_4314/mul_8s_8ns_16_4_0_U2255,4,24,0,"",""
l1_root_channel,grp_l1_root_channel_false_11_true_s_fu_4314/mul_8s_8ns_16_4_0_U2260,3,21,0,"",""
l1_root_channel,grp_l1_root_channel_false_11_true_s_fu_4314/mul_8s_8ns_16_4_0_U2267,4,24,0,"",""
l1_root_channel,grp_l1_root_channel_false_11_true_s_fu_4314/mul_8s_8ns_16_4_0_U2272,3,21,0,"",""
l1_root_channel,grp_l1_root_channel_false_11_true_s_fu_4314/mul_8s_8s_16_4_0_U2190,0,25,0,"",""
l1_root_channel,grp_l1_root_channel_false_11_true_s_fu_4314/mul_8s_8s_16_4_0_U2202,0,25,0,"",""
l1_root_channel,grp_l1_root_channel_false_11_true_s_fu_4314/mul_8s_8s_16_4_0_U2214,0,25,0,"",""
l1_root_channel,grp_l1_root_channel_false_11_true_s_fu_4314/mul_8s_8s_16_4_0_U2226,0,25,0,"",""
l1_root_channel,grp_l1_root_channel_false_11_true_s_fu_4314/mul_8s_8s_16_4_0_U2238,0,25,0,"",""
l1_root_channel,grp_l1_root_channel_false_11_true_s_fu_4314/mul_8s_8s_16_4_0_U2250,0,25,0,"",""
l1_root_channel,grp_l1_root_channel_false_11_true_s_fu_4314/mul_8s_8s_16_4_0_U2262,0,25,0,"",""
l1_root_channel,grp_l1_root_channel_false_11_true_s_fu_4314/mul_8s_8s_16_4_0_U2274,0,25,0,"",""
l1_root_channel,grp_l1_root_channel_false_11_true_s_fu_4314/mul_8s_8s_16_4_0_U2277,66,33,0,"",""
l1_root_channel,grp_l1_root_channel_false_11_true_s_fu_4314/mul_8s_8s_16_4_0_U2279,66,33,0,"",""
l1_root_channel,grp_l1_root_channel_false_11_true_s_fu_4314/mul_8s_8s_16_4_0_U2281,57,33,0,"",""
l1_root_channel,grp_l1_root_channel_false_11_true_s_fu_4314/mul_8s_8s_16_4_0_U2283,57,33,0,"",""
l1_root_channel,grp_l1_root_channel_false_11_true_s_fu_4314/mul_8s_8s_16_4_0_U2285,57,33,0,"",""
l1_root_channel,grp_l1_root_channel_false_11_true_s_fu_4314/mul_8s_8s_16_4_0_U2287,57,33,0,"",""
l1_root_channel,grp_l1_root_channel_false_11_true_s_fu_4314/mul_8s_8s_16_4_0_U2289,66,33,0,"",""
l1_root_channel,grp_l1_root_channel_false_11_true_s_fu_4314/mul_8s_8s_16_4_0_U2291,66,33,0,"",""
l1_root_channel,grp_l1_root_channel_false_11_true_s_fu_4314/add_18s_18s_18_2_0_U2293/u1,9,0,0,"",""
l1_root_channel,grp_l1_root_channel_false_11_true_s_fu_4314/add_18s_18s_18_2_0_U2293/u2,9,0,0,"",""
l1_root_channel,grp_l1_root_channel_false_11_true_s_fu_4314/add_18s_18s_18_2_0_U2294/u1,9,0,0,"",""
l1_root_channel,grp_l1_root_channel_false_11_true_s_fu_4314/add_18s_18s_18_2_0_U2294/u2,9,0,0,"",""
l1_root_channel,grp_l1_root_channel_false_11_true_s_fu_4314/add_18s_18s_18_2_0_U2295/u1,9,0,0,"",""
l1_root_channel,grp_l1_root_channel_false_11_true_s_fu_4314/add_18s_18s_18_2_0_U2295/u2,9,0,0,"",""
l1_root_channel,grp_l1_root_channel_false_11_true_s_fu_4314/add_18s_18s_18_2_0_U2296/u1,9,0,0,"",""
l1_root_channel,grp_l1_root_channel_false_11_true_s_fu_4314/add_18s_18s_18_2_0_U2296/u2,9,0,0,"",""
l1_root_channel,grp_l1_root_channel_false_11_true_s_fu_4314/add_18s_18s_18_2_0_U2297/u1,9,0,0,"",""
l1_root_channel,grp_l1_root_channel_false_11_true_s_fu_4314/add_18s_18s_18_2_0_U2297/u2,9,0,0,"",""
l1_root_channel,grp_l1_root_channel_false_11_true_s_fu_4314/add_18s_18s_18_2_0_U2298/u1,9,0,0,"",""
l1_root_channel,grp_l1_root_channel_false_11_true_s_fu_4314/add_18s_18s_18_2_0_U2298/u2,9,0,0,"",""
l1_root_channel,grp_l1_root_channel_false_11_true_s_fu_4314/add_18s_18s_18_2_0_U2299/u1,9,0,0,"",""
l1_root_channel,grp_l1_root_channel_false_11_true_s_fu_4314/add_18s_18s_18_2_0_U2299/u2,9,0,0,"",""
l1_root_channel,grp_l1_root_channel_false_11_true_s_fu_4314/add_18s_18s_18_2_0_U2300/u1,9,0,0,"",""
l1_root_channel,grp_l1_root_channel_false_11_true_s_fu_4314/add_18s_18s_18_2_0_U2300/u2,9,0,0,"",""
l1_root_channel,grp_l1_root_channel_false_12_true_s_fu_4446/add_18s_18s_18_2_0_U2549,18,19,0,"",""
l1_root_channel,grp_l1_root_channel_false_12_true_s_fu_4446/add_18s_18s_18_2_0_U2550,18,19,0,"",""
l1_root_channel,grp_l1_root_channel_false_12_true_s_fu_4446/add_18s_18s_18_2_0_U2551,18,19,0,"",""
l1_root_channel,grp_l1_root_channel_false_12_true_s_fu_4446/add_18s_18s_18_2_0_U2552,18,19,0,"",""
l1_root_channel,grp_l1_root_channel_false_12_true_s_fu_4446/add_18s_18s_18_2_0_U2553,18,19,0,"",""
l1_root_channel,grp_l1_root_channel_false_12_true_s_fu_4446/add_18s_18s_18_2_0_U2554,18,19,0,"",""
l1_root_channel,grp_l1_root_channel_false_12_true_s_fu_4446/add_18s_18s_18_2_0_U2555,18,19,0,"",""
l1_root_channel,grp_l1_root_channel_false_12_true_s_fu_4446/add_18s_18s_18_2_0_U2556,18,19,0,"",""
l1_root_channel,grp_l1_root_channel_false_12_true_s_fu_4446/mul_8s_4ns_12_4_0_U2429,3,20,0,"",""
l1_root_channel,grp_l1_root_channel_false_12_true_s_fu_4446/mul_8s_4ns_12_4_0_U2441,0,20,0,"",""
l1_root_channel,grp_l1_root_channel_false_12_true_s_fu_4446/mul_8s_4ns_12_4_0_U2453,0,20,0,"",""
l1_root_channel,grp_l1_root_channel_false_12_true_s_fu_4446/mul_8s_4ns_12_4_0_U2465,0,20,0,"",""
l1_root_channel,grp_l1_root_channel_false_12_true_s_fu_4446/mul_8s_4ns_12_4_0_U2477,0,20,0,"",""
l1_root_channel,grp_l1_root_channel_false_12_true_s_fu_4446/mul_8s_4ns_12_4_0_U2489,0,20,0,"",""
l1_root_channel,grp_l1_root_channel_false_12_true_s_fu_4446/mul_8s_4ns_12_4_0_U2501,0,20,0,"",""
l1_root_channel,grp_l1_root_channel_false_12_true_s_fu_4446/mul_8s_4ns_12_4_0_U2513,3,20,0,"",""
l1_root_channel,grp_l1_root_channel_false_12_true_s_fu_4446/mul_8s_5ns_13_4_0_U2435,12,20,0,"",""
l1_root_channel,grp_l1_root_channel_false_12_true_s_fu_4446/mul_8s_5ns_13_4_0_U2447,0,20,0,"",""
l1_root_channel,grp_l1_root_channel_false_12_true_s_fu_4446/mul_8s_5ns_13_4_0_U2459,0,20,0,"",""
l1_root_channel,grp_l1_root_channel_false_12_true_s_fu_4446/mul_8s_5ns_13_4_0_U2471,0,20,0,"",""
l1_root_channel,grp_l1_root_channel_false_12_true_s_fu_4446/mul_8s_5ns_13_4_0_U2483,0,20,0,"",""
l1_root_channel,grp_l1_root_channel_false_12_true_s_fu_4446/mul_8s_5ns_13_4_0_U2495,0,20,0,"",""
l1_root_channel,grp_l1_root_channel_false_12_true_s_fu_4446/mul_8s_5ns_13_4_0_U2507,12,20,0,"",""
l1_root_channel,grp_l1_root_channel_false_12_true_s_fu_4446/mul_8s_5ns_13_4_0_U2519,12,20,0,"",""
l1_root_channel,grp_l1_root_channel_false_12_true_s_fu_4446/mul_8s_6s_14_4_0_U2433,0,28,0,"",""
l1_root_channel,grp_l1_root_channel_false_12_true_s_fu_4446/mul_8s_6s_14_4_0_U2434,0,28,0,"",""
l1_root_channel,grp_l1_root_channel_false_12_true_s_fu_4446/mul_8s_6s_14_4_0_U2445,0,28,0,"",""
l1_root_channel,grp_l1_root_channel_false_12_true_s_fu_4446/mul_8s_6s_14_4_0_U2446,0,28,0,"",""
l1_root_channel,grp_l1_root_channel_false_12_true_s_fu_4446/mul_8s_6s_14_4_0_U2457,0,28,0,"",""
l1_root_channel,grp_l1_root_channel_false_12_true_s_fu_4446/mul_8s_6s_14_4_0_U2458,0,28,0,"",""
l1_root_channel,grp_l1_root_channel_false_12_true_s_fu_4446/mul_8s_6s_14_4_0_U2469,0,28,0,"",""
l1_root_channel,grp_l1_root_channel_false_12_true_s_fu_4446/mul_8s_6s_14_4_0_U2470,0,28,0,"",""
l1_root_channel,grp_l1_root_channel_false_12_true_s_fu_4446/mul_8s_6s_14_4_0_U2481,0,28,0,"",""
l1_root_channel,grp_l1_root_channel_false_12_true_s_fu_4446/mul_8s_6s_14_4_0_U2482,0,28,0,"",""
l1_root_channel,grp_l1_root_channel_false_12_true_s_fu_4446/mul_8s_6s_14_4_0_U2493,0,28,0,"",""
l1_root_channel,grp_l1_root_channel_false_12_true_s_fu_4446/mul_8s_6s_14_4_0_U2494,0,28,0,"",""
l1_root_channel,grp_l1_root_channel_false_12_true_s_fu_4446/mul_8s_6s_14_4_0_U2505,7,28,0,"",""
l1_root_channel,grp_l1_root_channel_false_12_true_s_fu_4446/mul_8s_6s_14_4_0_U2506,13,28,0,"",""
l1_root_channel,grp_l1_root_channel_false_12_true_s_fu_4446/mul_8s_6s_14_4_0_U2517,7,28,0,"",""
l1_root_channel,grp_l1_root_channel_false_12_true_s_fu_4446/mul_8s_6s_14_4_0_U2518,13,28,0,"",""
l1_root_channel,grp_l1_root_channel_false_12_true_s_fu_4446/mul_8s_7ns_15_4_0_U2526,13,26,0,"",""
l1_root_channel,grp_l1_root_channel_false_12_true_s_fu_4446/mul_8s_7ns_15_4_0_U2529,0,26,0,"",""
l1_root_channel,grp_l1_root_channel_false_12_true_s_fu_4446/mul_8s_7ns_15_4_0_U2532,0,26,0,"",""
l1_root_channel,grp_l1_root_channel_false_12_true_s_fu_4446/mul_8s_7ns_15_4_0_U2535,0,26,0,"",""
l1_root_channel,grp_l1_root_channel_false_12_true_s_fu_4446/mul_8s_7ns_15_4_0_U2538,0,26,0,"",""
l1_root_channel,grp_l1_root_channel_false_12_true_s_fu_4446/mul_8s_7ns_15_4_0_U2541,0,26,0,"",""
l1_root_channel,grp_l1_root_channel_false_12_true_s_fu_4446/mul_8s_7ns_15_4_0_U2544,13,26,0,"",""
l1_root_channel,grp_l1_root_channel_false_12_true_s_fu_4446/mul_8s_7ns_15_4_0_U2547,13,26,0,"",""
l1_root_channel,grp_l1_root_channel_false_12_true_s_fu_4446/mul_8s_7s_15_4_0_U2432,13,30,0,"",""
l1_root_channel,grp_l1_root_channel_false_12_true_s_fu_4446/mul_8s_7s_15_4_0_U2439,18,26,0,"",""
l1_root_channel,grp_l1_root_channel_false_12_true_s_fu_4446/mul_8s_7s_15_4_0_U2444,0,30,0,"",""
l1_root_channel,grp_l1_root_channel_false_12_true_s_fu_4446/mul_8s_7s_15_4_0_U2451,0,26,0,"",""
l1_root_channel,grp_l1_root_channel_false_12_true_s_fu_4446/mul_8s_7s_15_4_0_U2456,0,30,0,"",""
l1_root_channel,grp_l1_root_channel_false_12_true_s_fu_4446/mul_8s_7s_15_4_0_U2463,0,26,0,"",""
l1_root_channel,grp_l1_root_channel_false_12_true_s_fu_4446/mul_8s_7s_15_4_0_U2468,0,30,0,"",""
l1_root_channel,grp_l1_root_channel_false_12_true_s_fu_4446/mul_8s_7s_15_4_0_U2475,0,26,0,"",""
l1_root_channel,grp_l1_root_channel_false_12_true_s_fu_4446/mul_8s_7s_15_4_0_U2480,0,30,0,"",""
l1_root_channel,grp_l1_root_channel_false_12_true_s_fu_4446/mul_8s_7s_15_4_0_U2487,0,26,0,"",""
l1_root_channel,grp_l1_root_channel_false_12_true_s_fu_4446/mul_8s_7s_15_4_0_U2492,0,30,0,"",""
l1_root_channel,grp_l1_root_channel_false_12_true_s_fu_4446/mul_8s_7s_15_4_0_U2499,0,26,0,"",""
l1_root_channel,grp_l1_root_channel_false_12_true_s_fu_4446/mul_8s_7s_15_4_0_U2504,13,30,0,"",""
l1_root_channel,grp_l1_root_channel_false_12_true_s_fu_4446/mul_8s_7s_15_4_0_U2511,18,26,0,"",""
l1_root_channel,grp_l1_root_channel_false_12_true_s_fu_4446/mul_8s_7s_15_4_0_U2516,13,30,0,"",""
l1_root_channel,grp_l1_root_channel_false_12_true_s_fu_4446/mul_8s_7s_15_4_0_U2523,18,26,0,"",""
l1_root_channel,grp_l1_root_channel_false_12_true_s_fu_4446/mul_8s_8ns_16_4_0_U2430,20,26,0,"",""
l1_root_channel,grp_l1_root_channel_false_12_true_s_fu_4446/mul_8s_8ns_16_4_0_U2431,15,26,0,"",""
l1_root_channel,grp_l1_root_channel_false_12_true_s_fu_4446/mul_8s_8ns_16_4_0_U2436,14,18,0,"",""
l1_root_channel,grp_l1_root_channel_false_12_true_s_fu_4446/mul_8s_8ns_16_4_0_U2438,20,28,0,"",""
l1_root_channel,grp_l1_root_channel_false_12_true_s_fu_4446/mul_8s_8ns_16_4_0_U2440,20,26,0,"",""
l1_root_channel,grp_l1_root_channel_false_12_true_s_fu_4446/mul_8s_8ns_16_4_0_U2442,5,26,0,"",""
l1_root_channel,grp_l1_root_channel_false_12_true_s_fu_4446/mul_8s_8ns_16_4_0_U2443,13,26,0,"",""
l1_root_channel,grp_l1_root_channel_false_12_true_s_fu_4446/mul_8s_8ns_16_4_0_U2448,13,18,0,"",""
l1_root_channel,grp_l1_root_channel_false_12_true_s_fu_4446/mul_8s_8ns_16_4_0_U2450,20,28,0,"",""
l1_root_channel,grp_l1_root_channel_false_12_true_s_fu_4446/mul_8s_8ns_16_4_0_U2452,5,26,0,"",""
l1_root_channel,grp_l1_root_channel_false_12_true_s_fu_4446/mul_8s_8ns_16_4_0_U2454,5,26,0,"",""
l1_root_channel,grp_l1_root_channel_false_12_true_s_fu_4446/mul_8s_8ns_16_4_0_U2455,13,26,0,"",""
l1_root_channel,grp_l1_root_channel_false_12_true_s_fu_4446/mul_8s_8ns_16_4_0_U2460,13,18,0,"",""
l1_root_channel,grp_l1_root_channel_false_12_true_s_fu_4446/mul_8s_8ns_16_4_0_U2462,20,28,0,"",""
l1_root_channel,grp_l1_root_channel_false_12_true_s_fu_4446/mul_8s_8ns_16_4_0_U2464,5,26,0,"",""
l1_root_channel,grp_l1_root_channel_false_12_true_s_fu_4446/mul_8s_8ns_16_4_0_U2466,5,26,0,"",""
l1_root_channel,grp_l1_root_channel_false_12_true_s_fu_4446/mul_8s_8ns_16_4_0_U2467,13,26,0,"",""
l1_root_channel,grp_l1_root_channel_false_12_true_s_fu_4446/mul_8s_8ns_16_4_0_U2472,13,18,0,"",""
l1_root_channel,grp_l1_root_channel_false_12_true_s_fu_4446/mul_8s_8ns_16_4_0_U2474,20,29,0,"",""
l1_root_channel,grp_l1_root_channel_false_12_true_s_fu_4446/mul_8s_8ns_16_4_0_U2476,5,26,0,"",""
l1_root_channel,grp_l1_root_channel_false_12_true_s_fu_4446/mul_8s_8ns_16_4_0_U2478,5,26,0,"",""
l1_root_channel,grp_l1_root_channel_false_12_true_s_fu_4446/mul_8s_8ns_16_4_0_U2479,13,26,0,"",""
l1_root_channel,grp_l1_root_channel_false_12_true_s_fu_4446/mul_8s_8ns_16_4_0_U2484,13,18,0,"",""
l1_root_channel,grp_l1_root_channel_false_12_true_s_fu_4446/mul_8s_8ns_16_4_0_U2486,20,28,0,"",""
l1_root_channel,grp_l1_root_channel_false_12_true_s_fu_4446/mul_8s_8ns_16_4_0_U2488,5,26,0,"",""
l1_root_channel,grp_l1_root_channel_false_12_true_s_fu_4446/mul_8s_8ns_16_4_0_U2490,5,26,0,"",""
l1_root_channel,grp_l1_root_channel_false_12_true_s_fu_4446/mul_8s_8ns_16_4_0_U2491,13,26,0,"",""
l1_root_channel,grp_l1_root_channel_false_12_true_s_fu_4446/mul_8s_8ns_16_4_0_U2496,13,18,0,"",""
l1_root_channel,grp_l1_root_channel_false_12_true_s_fu_4446/mul_8s_8ns_16_4_0_U2498,20,28,0,"",""
l1_root_channel,grp_l1_root_channel_false_12_true_s_fu_4446/mul_8s_8ns_16_4_0_U2500,5,26,0,"",""
l1_root_channel,grp_l1_root_channel_false_12_true_s_fu_4446/mul_8s_8ns_16_4_0_U2502,5,26,0,"",""
l1_root_channel,grp_l1_root_channel_false_12_true_s_fu_4446/mul_8s_8ns_16_4_0_U2503,15,26,0,"",""
l1_root_channel,grp_l1_root_channel_false_12_true_s_fu_4446/mul_8s_8ns_16_4_0_U2508,14,18,0,"",""
l1_root_channel,grp_l1_root_channel_false_12_true_s_fu_4446/mul_8s_8ns_16_4_0_U2510,20,28,0,"",""
l1_root_channel,grp_l1_root_channel_false_12_true_s_fu_4446/mul_8s_8ns_16_4_0_U2512,20,26,0,"",""
l1_root_channel,grp_l1_root_channel_false_12_true_s_fu_4446/mul_8s_8ns_16_4_0_U2514,20,26,0,"",""
l1_root_channel,grp_l1_root_channel_false_12_true_s_fu_4446/mul_8s_8ns_16_4_0_U2515,15,26,0,"",""
l1_root_channel,grp_l1_root_channel_false_12_true_s_fu_4446/mul_8s_8ns_16_4_0_U2520,14,18,0,"",""
l1_root_channel,grp_l1_root_channel_false_12_true_s_fu_4446/mul_8s_8ns_16_4_0_U2522,20,28,0,"",""
l1_root_channel,grp_l1_root_channel_false_12_true_s_fu_4446/mul_8s_8ns_16_4_0_U2524,20,26,0,"",""
l1_root_channel,grp_l1_root_channel_false_12_true_s_fu_4446/mul_8s_8ns_16_4_0_U2525,23,28,0,"",""
l1_root_channel,grp_l1_root_channel_false_12_true_s_fu_4446/mul_8s_8ns_16_4_0_U2528,7,28,0,"",""
l1_root_channel,grp_l1_root_channel_false_12_true_s_fu_4446/mul_8s_8ns_16_4_0_U2531,7,28,0,"",""
l1_root_channel,grp_l1_root_channel_false_12_true_s_fu_4446/mul_8s_8ns_16_4_0_U2534,7,28,0,"",""
l1_root_channel,grp_l1_root_channel_false_12_true_s_fu_4446/mul_8s_8ns_16_4_0_U2537,7,28,0,"",""
l1_root_channel,grp_l1_root_channel_false_12_true_s_fu_4446/mul_8s_8ns_16_4_0_U2540,7,28,0,"",""
l1_root_channel,grp_l1_root_channel_false_12_true_s_fu_4446/mul_8s_8ns_16_4_0_U2543,23,28,0,"",""
l1_root_channel,grp_l1_root_channel_false_12_true_s_fu_4446/mul_8s_8ns_16_4_0_U2546,7,28,0,"",""
l1_root_channel,grp_l1_root_channel_false_12_true_s_fu_4446/mul_8s_8s_16_4_0_U2437,15,26,0,"",""
l1_root_channel,grp_l1_root_channel_false_12_true_s_fu_4446/mul_8s_8s_16_4_0_U2449,15,26,0,"",""
l1_root_channel,grp_l1_root_channel_false_12_true_s_fu_4446/mul_8s_8s_16_4_0_U2461,15,26,0,"",""
l1_root_channel,grp_l1_root_channel_false_12_true_s_fu_4446/mul_8s_8s_16_4_0_U2473,15,26,0,"",""
l1_root_channel,grp_l1_root_channel_false_12_true_s_fu_4446/mul_8s_8s_16_4_0_U2485,15,26,0,"",""
l1_root_channel,grp_l1_root_channel_false_12_true_s_fu_4446/mul_8s_8s_16_4_0_U2497,15,26,0,"",""
l1_root_channel,grp_l1_root_channel_false_12_true_s_fu_4446/mul_8s_8s_16_4_0_U2509,15,26,0,"",""
l1_root_channel,grp_l1_root_channel_false_12_true_s_fu_4446/mul_8s_8s_16_4_0_U2521,15,26,0,"",""
l1_root_channel,grp_l1_root_channel_false_12_true_s_fu_4446/mul_8s_8s_16_4_0_U2527,33,30,0,"",""
l1_root_channel,grp_l1_root_channel_false_12_true_s_fu_4446/mul_8s_8s_16_4_0_U2530,1,30,0,"",""
l1_root_channel,grp_l1_root_channel_false_12_true_s_fu_4446/mul_8s_8s_16_4_0_U2533,1,30,0,"",""
l1_root_channel,grp_l1_root_channel_false_12_true_s_fu_4446/mul_8s_8s_16_4_0_U2536,1,30,0,"",""
l1_root_channel,grp_l1_root_channel_false_12_true_s_fu_4446/mul_8s_8s_16_4_0_U2539,1,30,0,"",""
l1_root_channel,grp_l1_root_channel_false_12_true_s_fu_4446/mul_8s_8s_16_4_0_U2542,1,30,0,"",""
l1_root_channel,grp_l1_root_channel_false_12_true_s_fu_4446/mul_8s_8s_16_4_0_U2545,33,30,0,"",""
l1_root_channel,grp_l1_root_channel_false_12_true_s_fu_4446/mul_8s_8s_16_4_0_U2548,33,30,0,"",""
l1_root_channel,grp_l1_root_channel_false_12_true_s_fu_4446/add_18s_18s_18_2_0_U2549/u1,9,0,0,"",""
l1_root_channel,grp_l1_root_channel_false_12_true_s_fu_4446/add_18s_18s_18_2_0_U2549/u2,9,0,0,"",""
l1_root_channel,grp_l1_root_channel_false_12_true_s_fu_4446/add_18s_18s_18_2_0_U2550/u1,9,0,0,"",""
l1_root_channel,grp_l1_root_channel_false_12_true_s_fu_4446/add_18s_18s_18_2_0_U2550/u2,9,0,0,"",""
l1_root_channel,grp_l1_root_channel_false_12_true_s_fu_4446/add_18s_18s_18_2_0_U2551/u1,9,0,0,"",""
l1_root_channel,grp_l1_root_channel_false_12_true_s_fu_4446/add_18s_18s_18_2_0_U2551/u2,9,0,0,"",""
l1_root_channel,grp_l1_root_channel_false_12_true_s_fu_4446/add_18s_18s_18_2_0_U2552/u1,9,0,0,"",""
l1_root_channel,grp_l1_root_channel_false_12_true_s_fu_4446/add_18s_18s_18_2_0_U2552/u2,9,0,0,"",""
l1_root_channel,grp_l1_root_channel_false_12_true_s_fu_4446/add_18s_18s_18_2_0_U2553/u1,9,0,0,"",""
l1_root_channel,grp_l1_root_channel_false_12_true_s_fu_4446/add_18s_18s_18_2_0_U2553/u2,9,0,0,"",""
l1_root_channel,grp_l1_root_channel_false_12_true_s_fu_4446/add_18s_18s_18_2_0_U2554/u1,9,0,0,"",""
l1_root_channel,grp_l1_root_channel_false_12_true_s_fu_4446/add_18s_18s_18_2_0_U2554/u2,9,0,0,"",""
l1_root_channel,grp_l1_root_channel_false_12_true_s_fu_4446/add_18s_18s_18_2_0_U2555/u1,9,0,0,"",""
l1_root_channel,grp_l1_root_channel_false_12_true_s_fu_4446/add_18s_18s_18_2_0_U2555/u2,9,0,0,"",""
l1_root_channel,grp_l1_root_channel_false_12_true_s_fu_4446/add_18s_18s_18_2_0_U2556/u1,9,0,0,"",""
l1_root_channel,grp_l1_root_channel_false_12_true_s_fu_4446/add_18s_18s_18_2_0_U2556/u2,9,0,0,"",""
l1_root_channel,grp_l1_root_channel_false_13_true_s_fu_4570/add_18s_18s_18_2_0_U2797,18,19,0,"",""
l1_root_channel,grp_l1_root_channel_false_13_true_s_fu_4570/add_18s_18s_18_2_0_U2798,18,19,0,"",""
l1_root_channel,grp_l1_root_channel_false_13_true_s_fu_4570/add_18s_18s_18_2_0_U2799,18,19,0,"",""
l1_root_channel,grp_l1_root_channel_false_13_true_s_fu_4570/add_18s_18s_18_2_0_U2800,18,19,0,"",""
l1_root_channel,grp_l1_root_channel_false_13_true_s_fu_4570/add_18s_18s_18_2_0_U2801,18,19,0,"",""
l1_root_channel,grp_l1_root_channel_false_13_true_s_fu_4570/add_18s_18s_18_2_0_U2802,18,19,0,"",""
l1_root_channel,grp_l1_root_channel_false_13_true_s_fu_4570/add_18s_18s_18_2_0_U2803,18,19,0,"",""
l1_root_channel,grp_l1_root_channel_false_13_true_s_fu_4570/add_18s_18s_18_2_0_U2804,18,19,0,"",""
l1_root_channel,grp_l1_root_channel_false_13_true_s_fu_4570/mul_8s_4s_12_4_0_U2679,6,22,0,"",""
l1_root_channel,grp_l1_root_channel_false_13_true_s_fu_4570/mul_8s_4s_12_4_0_U2686,6,22,0,"",""
l1_root_channel,grp_l1_root_channel_false_13_true_s_fu_4570/mul_8s_4s_12_4_0_U2693,6,22,0,"",""
l1_root_channel,grp_l1_root_channel_false_13_true_s_fu_4570/mul_8s_4s_12_4_0_U2700,6,22,0,"",""
l1_root_channel,grp_l1_root_channel_false_13_true_s_fu_4570/mul_8s_4s_12_4_0_U2707,6,22,0,"",""
l1_root_channel,grp_l1_root_channel_false_13_true_s_fu_4570/mul_8s_4s_12_4_0_U2714,6,22,0,"",""
l1_root_channel,grp_l1_root_channel_false_13_true_s_fu_4570/mul_8s_4s_12_4_0_U2721,6,22,0,"",""
l1_root_channel,grp_l1_root_channel_false_13_true_s_fu_4570/mul_8s_4s_12_4_0_U2728,6,22,0,"",""
l1_root_channel,grp_l1_root_channel_false_13_true_s_fu_4570/mul_8s_5ns_13_4_0_U2678,0,24,0,"",""
l1_root_channel,grp_l1_root_channel_false_13_true_s_fu_4570/mul_8s_5ns_13_4_0_U2685,0,24,0,"",""
l1_root_channel,grp_l1_root_channel_false_13_true_s_fu_4570/mul_8s_5ns_13_4_0_U2692,0,24,0,"",""
l1_root_channel,grp_l1_root_channel_false_13_true_s_fu_4570/mul_8s_5ns_13_4_0_U2699,0,24,0,"",""
l1_root_channel,grp_l1_root_channel_false_13_true_s_fu_4570/mul_8s_5ns_13_4_0_U2706,0,24,0,"",""
l1_root_channel,grp_l1_root_channel_false_13_true_s_fu_4570/mul_8s_5ns_13_4_0_U2713,0,24,0,"",""
l1_root_channel,grp_l1_root_channel_false_13_true_s_fu_4570/mul_8s_5ns_13_4_0_U2720,0,24,0,"",""
l1_root_channel,grp_l1_root_channel_false_13_true_s_fu_4570/mul_8s_5ns_13_4_0_U2727,0,24,0,"",""
l1_root_channel,grp_l1_root_channel_false_13_true_s_fu_4570/mul_8s_6ns_14_4_0_U2735,0,26,0,"",""
l1_root_channel,grp_l1_root_channel_false_13_true_s_fu_4570/mul_8s_6ns_14_4_0_U2736,0,20,0,"",""
l1_root_channel,grp_l1_root_channel_false_13_true_s_fu_4570/mul_8s_6ns_14_4_0_U2743,0,26,0,"",""
l1_root_channel,grp_l1_root_channel_false_13_true_s_fu_4570/mul_8s_6ns_14_4_0_U2744,0,20,0,"",""
l1_root_channel,grp_l1_root_channel_false_13_true_s_fu_4570/mul_8s_6ns_14_4_0_U2751,0,26,0,"",""
l1_root_channel,grp_l1_root_channel_false_13_true_s_fu_4570/mul_8s_6ns_14_4_0_U2752,0,20,0,"",""
l1_root_channel,grp_l1_root_channel_false_13_true_s_fu_4570/mul_8s_6ns_14_4_0_U2759,0,26,0,"",""
l1_root_channel,grp_l1_root_channel_false_13_true_s_fu_4570/mul_8s_6ns_14_4_0_U2760,0,20,0,"",""
l1_root_channel,grp_l1_root_channel_false_13_true_s_fu_4570/mul_8s_6ns_14_4_0_U2767,0,26,0,"",""
l1_root_channel,grp_l1_root_channel_false_13_true_s_fu_4570/mul_8s_6ns_14_4_0_U2768,0,20,0,"",""
l1_root_channel,grp_l1_root_channel_false_13_true_s_fu_4570/mul_8s_6ns_14_4_0_U2775,0,26,0,"",""
l1_root_channel,grp_l1_root_channel_false_13_true_s_fu_4570/mul_8s_6ns_14_4_0_U2776,0,20,0,"",""
l1_root_channel,grp_l1_root_channel_false_13_true_s_fu_4570/mul_8s_6ns_14_4_0_U2783,0,26,0,"",""
l1_root_channel,grp_l1_root_channel_false_13_true_s_fu_4570/mul_8s_6ns_14_4_0_U2784,0,20,0,"",""
l1_root_channel,grp_l1_root_channel_false_13_true_s_fu_4570/mul_8s_6ns_14_4_0_U2791,0,26,0,"",""
l1_root_channel,grp_l1_root_channel_false_13_true_s_fu_4570/mul_8s_6ns_14_4_0_U2792,0,20,0,"",""
l1_root_channel,grp_l1_root_channel_false_13_true_s_fu_4570/mul_8s_7ns_15_4_0_U2683,0,24,0,"",""
l1_root_channel,grp_l1_root_channel_false_13_true_s_fu_4570/mul_8s_7ns_15_4_0_U2690,0,24,0,"",""
l1_root_channel,grp_l1_root_channel_false_13_true_s_fu_4570/mul_8s_7ns_15_4_0_U2697,0,24,0,"",""
l1_root_channel,grp_l1_root_channel_false_13_true_s_fu_4570/mul_8s_7ns_15_4_0_U2704,0,24,0,"",""
l1_root_channel,grp_l1_root_channel_false_13_true_s_fu_4570/mul_8s_7ns_15_4_0_U2711,0,24,0,"",""
l1_root_channel,grp_l1_root_channel_false_13_true_s_fu_4570/mul_8s_7ns_15_4_0_U2718,0,24,0,"",""
l1_root_channel,grp_l1_root_channel_false_13_true_s_fu_4570/mul_8s_7ns_15_4_0_U2725,0,24,0,"",""
l1_root_channel,grp_l1_root_channel_false_13_true_s_fu_4570/mul_8s_7ns_15_4_0_U2732,0,24,0,"",""
l1_root_channel,grp_l1_root_channel_false_13_true_s_fu_4570/mul_8s_7ns_15_4_0_U2733,0,28,0,"",""
l1_root_channel,grp_l1_root_channel_false_13_true_s_fu_4570/mul_8s_7ns_15_4_0_U2741,0,28,0,"",""
l1_root_channel,grp_l1_root_channel_false_13_true_s_fu_4570/mul_8s_7ns_15_4_0_U2749,0,28,0,"",""
l1_root_channel,grp_l1_root_channel_false_13_true_s_fu_4570/mul_8s_7ns_15_4_0_U2757,0,28,0,"",""
l1_root_channel,grp_l1_root_channel_false_13_true_s_fu_4570/mul_8s_7ns_15_4_0_U2765,0,28,0,"",""
l1_root_channel,grp_l1_root_channel_false_13_true_s_fu_4570/mul_8s_7ns_15_4_0_U2773,0,28,0,"",""
l1_root_channel,grp_l1_root_channel_false_13_true_s_fu_4570/mul_8s_7ns_15_4_0_U2781,0,28,0,"",""
l1_root_channel,grp_l1_root_channel_false_13_true_s_fu_4570/mul_8s_7ns_15_4_0_U2789,0,28,0,"",""
l1_root_channel,grp_l1_root_channel_false_13_true_s_fu_4570/mul_8s_7s_15_4_0_U2680,0,24,0,"",""
l1_root_channel,grp_l1_root_channel_false_13_true_s_fu_4570/mul_8s_7s_15_4_0_U2687,0,24,0,"",""
l1_root_channel,grp_l1_root_channel_false_13_true_s_fu_4570/mul_8s_7s_15_4_0_U2694,0,24,0,"",""
l1_root_channel,grp_l1_root_channel_false_13_true_s_fu_4570/mul_8s_7s_15_4_0_U2701,0,24,0,"",""
l1_root_channel,grp_l1_root_channel_false_13_true_s_fu_4570/mul_8s_7s_15_4_0_U2708,0,24,0,"",""
l1_root_channel,grp_l1_root_channel_false_13_true_s_fu_4570/mul_8s_7s_15_4_0_U2715,0,24,0,"",""
l1_root_channel,grp_l1_root_channel_false_13_true_s_fu_4570/mul_8s_7s_15_4_0_U2722,0,24,0,"",""
l1_root_channel,grp_l1_root_channel_false_13_true_s_fu_4570/mul_8s_7s_15_4_0_U2729,0,24,0,"",""
l1_root_channel,grp_l1_root_channel_false_13_true_s_fu_4570/mul_8s_7s_15_4_0_U2740,0,18,0,"",""
l1_root_channel,grp_l1_root_channel_false_13_true_s_fu_4570/mul_8s_7s_15_4_0_U2748,0,18,0,"",""
l1_root_channel,grp_l1_root_channel_false_13_true_s_fu_4570/mul_8s_7s_15_4_0_U2756,0,18,0,"",""
l1_root_channel,grp_l1_root_channel_false_13_true_s_fu_4570/mul_8s_7s_15_4_0_U2764,0,18,0,"",""
l1_root_channel,grp_l1_root_channel_false_13_true_s_fu_4570/mul_8s_7s_15_4_0_U2772,0,18,0,"",""
l1_root_channel,grp_l1_root_channel_false_13_true_s_fu_4570/mul_8s_7s_15_4_0_U2780,0,18,0,"",""
l1_root_channel,grp_l1_root_channel_false_13_true_s_fu_4570/mul_8s_7s_15_4_0_U2788,0,18,0,"",""
l1_root_channel,grp_l1_root_channel_false_13_true_s_fu_4570/mul_8s_7s_15_4_0_U2796,0,18,0,"",""
l1_root_channel,grp_l1_root_channel_false_13_true_s_fu_4570/mul_8s_8ns_16_4_0_U2681,3,20,0,"",""
l1_root_channel,grp_l1_root_channel_false_13_true_s_fu_4570/mul_8s_8ns_16_4_0_U2682,16,26,0,"",""
l1_root_channel,grp_l1_root_channel_false_13_true_s_fu_4570/mul_8s_8ns_16_4_0_U2688,3,20,0,"",""
l1_root_channel,grp_l1_root_channel_false_13_true_s_fu_4570/mul_8s_8ns_16_4_0_U2689,16,26,0,"",""
l1_root_channel,grp_l1_root_channel_false_13_true_s_fu_4570/mul_8s_8ns_16_4_0_U2695,3,20,0,"",""
l1_root_channel,grp_l1_root_channel_false_13_true_s_fu_4570/mul_8s_8ns_16_4_0_U2696,16,26,0,"",""
l1_root_channel,grp_l1_root_channel_false_13_true_s_fu_4570/mul_8s_8ns_16_4_0_U2702,3,20,0,"",""
l1_root_channel,grp_l1_root_channel_false_13_true_s_fu_4570/mul_8s_8ns_16_4_0_U2703,16,26,0,"",""
l1_root_channel,grp_l1_root_channel_false_13_true_s_fu_4570/mul_8s_8ns_16_4_0_U2709,3,20,0,"",""
l1_root_channel,grp_l1_root_channel_false_13_true_s_fu_4570/mul_8s_8ns_16_4_0_U2710,16,26,0,"",""
l1_root_channel,grp_l1_root_channel_false_13_true_s_fu_4570/mul_8s_8ns_16_4_0_U2716,3,20,0,"",""
l1_root_channel,grp_l1_root_channel_false_13_true_s_fu_4570/mul_8s_8ns_16_4_0_U2717,16,26,0,"",""
l1_root_channel,grp_l1_root_channel_false_13_true_s_fu_4570/mul_8s_8ns_16_4_0_U2723,3,20,0,"",""
l1_root_channel,grp_l1_root_channel_false_13_true_s_fu_4570/mul_8s_8ns_16_4_0_U2724,16,26,0,"",""
l1_root_channel,grp_l1_root_channel_false_13_true_s_fu_4570/mul_8s_8ns_16_4_0_U2730,3,20,0,"",""
l1_root_channel,grp_l1_root_channel_false_13_true_s_fu_4570/mul_8s_8ns_16_4_0_U2731,16,26,0,"",""
l1_root_channel,grp_l1_root_channel_false_13_true_s_fu_4570/mul_8s_8ns_16_4_0_U2739,3,28,0,"",""
l1_root_channel,grp_l1_root_channel_false_13_true_s_fu_4570/mul_8s_8ns_16_4_0_U2747,3,28,0,"",""
l1_root_channel,grp_l1_root_channel_false_13_true_s_fu_4570/mul_8s_8ns_16_4_0_U2755,3,28,0,"",""
l1_root_channel,grp_l1_root_channel_false_13_true_s_fu_4570/mul_8s_8ns_16_4_0_U2763,3,28,0,"",""
l1_root_channel,grp_l1_root_channel_false_13_true_s_fu_4570/mul_8s_8ns_16_4_0_U2771,3,28,0,"",""
l1_root_channel,grp_l1_root_channel_false_13_true_s_fu_4570/mul_8s_8ns_16_4_0_U2779,3,28,0,"",""
l1_root_channel,grp_l1_root_channel_false_13_true_s_fu_4570/mul_8s_8ns_16_4_0_U2787,3,28,0,"",""
l1_root_channel,grp_l1_root_channel_false_13_true_s_fu_4570/mul_8s_8ns_16_4_0_U2795,3,28,0,"",""
l1_root_channel,grp_l1_root_channel_false_13_true_s_fu_4570/mul_8s_8s_16_4_0_U2677,2,28,0,"",""
l1_root_channel,grp_l1_root_channel_false_13_true_s_fu_4570/mul_8s_8s_16_4_0_U2684,2,28,0,"",""
l1_root_channel,grp_l1_root_channel_false_13_true_s_fu_4570/mul_8s_8s_16_4_0_U2691,2,28,0,"",""
l1_root_channel,grp_l1_root_channel_false_13_true_s_fu_4570/mul_8s_8s_16_4_0_U2698,2,28,0,"",""
l1_root_channel,grp_l1_root_channel_false_13_true_s_fu_4570/mul_8s_8s_16_4_0_U2705,2,28,0,"",""
l1_root_channel,grp_l1_root_channel_false_13_true_s_fu_4570/mul_8s_8s_16_4_0_U2712,2,28,0,"",""
l1_root_channel,grp_l1_root_channel_false_13_true_s_fu_4570/mul_8s_8s_16_4_0_U2719,2,28,0,"",""
l1_root_channel,grp_l1_root_channel_false_13_true_s_fu_4570/mul_8s_8s_16_4_0_U2726,2,28,0,"",""
l1_root_channel,grp_l1_root_channel_false_13_true_s_fu_4570/mul_8s_8s_16_4_0_U2734,0,20,0,"",""
l1_root_channel,grp_l1_root_channel_false_13_true_s_fu_4570/mul_8s_8s_16_4_0_U2737,0,26,0,"",""
l1_root_channel,grp_l1_root_channel_false_13_true_s_fu_4570/mul_8s_8s_16_4_0_U2738,1,29,0,"",""
l1_root_channel,grp_l1_root_channel_false_13_true_s_fu_4570/mul_8s_8s_16_4_0_U2742,0,20,0,"",""
l1_root_channel,grp_l1_root_channel_false_13_true_s_fu_4570/mul_8s_8s_16_4_0_U2745,0,26,0,"",""
l1_root_channel,grp_l1_root_channel_false_13_true_s_fu_4570/mul_8s_8s_16_4_0_U2746,1,29,0,"",""
l1_root_channel,grp_l1_root_channel_false_13_true_s_fu_4570/mul_8s_8s_16_4_0_U2750,0,20,0,"",""
l1_root_channel,grp_l1_root_channel_false_13_true_s_fu_4570/mul_8s_8s_16_4_0_U2753,0,26,0,"",""
l1_root_channel,grp_l1_root_channel_false_13_true_s_fu_4570/mul_8s_8s_16_4_0_U2754,1,29,0,"",""
l1_root_channel,grp_l1_root_channel_false_13_true_s_fu_4570/mul_8s_8s_16_4_0_U2758,0,20,0,"",""
l1_root_channel,grp_l1_root_channel_false_13_true_s_fu_4570/mul_8s_8s_16_4_0_U2761,0,26,0,"",""
l1_root_channel,grp_l1_root_channel_false_13_true_s_fu_4570/mul_8s_8s_16_4_0_U2762,1,29,0,"",""
l1_root_channel,grp_l1_root_channel_false_13_true_s_fu_4570/mul_8s_8s_16_4_0_U2766,0,20,0,"",""
l1_root_channel,grp_l1_root_channel_false_13_true_s_fu_4570/mul_8s_8s_16_4_0_U2769,0,26,0,"",""
l1_root_channel,grp_l1_root_channel_false_13_true_s_fu_4570/mul_8s_8s_16_4_0_U2770,1,29,0,"",""
l1_root_channel,grp_l1_root_channel_false_13_true_s_fu_4570/mul_8s_8s_16_4_0_U2774,0,20,0,"",""
l1_root_channel,grp_l1_root_channel_false_13_true_s_fu_4570/mul_8s_8s_16_4_0_U2777,0,26,0,"",""
l1_root_channel,grp_l1_root_channel_false_13_true_s_fu_4570/mul_8s_8s_16_4_0_U2778,1,29,0,"",""
l1_root_channel,grp_l1_root_channel_false_13_true_s_fu_4570/mul_8s_8s_16_4_0_U2782,0,20,0,"",""
l1_root_channel,grp_l1_root_channel_false_13_true_s_fu_4570/mul_8s_8s_16_4_0_U2785,0,26,0,"",""
l1_root_channel,grp_l1_root_channel_false_13_true_s_fu_4570/mul_8s_8s_16_4_0_U2786,1,29,0,"",""
l1_root_channel,grp_l1_root_channel_false_13_true_s_fu_4570/mul_8s_8s_16_4_0_U2790,0,20,0,"",""
l1_root_channel,grp_l1_root_channel_false_13_true_s_fu_4570/mul_8s_8s_16_4_0_U2793,0,26,0,"",""
l1_root_channel,grp_l1_root_channel_false_13_true_s_fu_4570/mul_8s_8s_16_4_0_U2794,1,29,0,"",""
l1_root_channel,grp_l1_root_channel_false_13_true_s_fu_4570/add_18s_18s_18_2_0_U2797/u1,9,0,0,"",""
l1_root_channel,grp_l1_root_channel_false_13_true_s_fu_4570/add_18s_18s_18_2_0_U2797/u2,9,0,0,"",""
l1_root_channel,grp_l1_root_channel_false_13_true_s_fu_4570/add_18s_18s_18_2_0_U2798/u1,9,0,0,"",""
l1_root_channel,grp_l1_root_channel_false_13_true_s_fu_4570/add_18s_18s_18_2_0_U2798/u2,9,0,0,"",""
l1_root_channel,grp_l1_root_channel_false_13_true_s_fu_4570/add_18s_18s_18_2_0_U2799/u1,9,0,0,"",""
l1_root_channel,grp_l1_root_channel_false_13_true_s_fu_4570/add_18s_18s_18_2_0_U2799/u2,9,0,0,"",""
l1_root_channel,grp_l1_root_channel_false_13_true_s_fu_4570/add_18s_18s_18_2_0_U2800/u1,9,0,0,"",""
l1_root_channel,grp_l1_root_channel_false_13_true_s_fu_4570/add_18s_18s_18_2_0_U2800/u2,9,0,0,"",""
l1_root_channel,grp_l1_root_channel_false_13_true_s_fu_4570/add_18s_18s_18_2_0_U2801/u1,9,0,0,"",""
l1_root_channel,grp_l1_root_channel_false_13_true_s_fu_4570/add_18s_18s_18_2_0_U2801/u2,9,0,0,"",""
l1_root_channel,grp_l1_root_channel_false_13_true_s_fu_4570/add_18s_18s_18_2_0_U2802/u1,9,0,0,"",""
l1_root_channel,grp_l1_root_channel_false_13_true_s_fu_4570/add_18s_18s_18_2_0_U2802/u2,9,0,0,"",""
l1_root_channel,grp_l1_root_channel_false_13_true_s_fu_4570/add_18s_18s_18_2_0_U2803/u1,9,0,0,"",""
l1_root_channel,grp_l1_root_channel_false_13_true_s_fu_4570/add_18s_18s_18_2_0_U2803/u2,9,0,0,"",""
l1_root_channel,grp_l1_root_channel_false_13_true_s_fu_4570/add_18s_18s_18_2_0_U2804/u1,9,0,0,"",""
l1_root_channel,grp_l1_root_channel_false_13_true_s_fu_4570/add_18s_18s_18_2_0_U2804/u2,9,0,0,"",""
l1_root_channel,grp_l1_root_channel_false_14_true_s_fu_4702/add_18s_18s_18_2_0_U3030,18,19,0,"",""
l1_root_channel,grp_l1_root_channel_false_14_true_s_fu_4702/add_18s_18s_18_2_0_U3031,18,19,0,"",""
l1_root_channel,grp_l1_root_channel_false_14_true_s_fu_4702/add_18s_18s_18_2_0_U3032,18,19,0,"",""
l1_root_channel,grp_l1_root_channel_false_14_true_s_fu_4702/add_18s_18s_18_2_0_U3033,18,19,0,"",""
l1_root_channel,grp_l1_root_channel_false_14_true_s_fu_4702/add_18s_18s_18_2_0_U3034,18,19,0,"",""
l1_root_channel,grp_l1_root_channel_false_14_true_s_fu_4702/add_18s_18s_18_2_0_U3035,18,19,0,"",""
l1_root_channel,grp_l1_root_channel_false_14_true_s_fu_4702/add_18s_18s_18_2_0_U3036,18,19,0,"",""
l1_root_channel,grp_l1_root_channel_false_14_true_s_fu_4702/add_18s_18s_18_2_0_U3037,18,19,0,"",""
l1_root_channel,grp_l1_root_channel_false_14_true_s_fu_4702/mul_8s_6s_14_4_0_U2938,0,24,0,"",""
l1_root_channel,grp_l1_root_channel_false_14_true_s_fu_4702/mul_8s_6s_14_4_0_U2948,0,24,0,"",""
l1_root_channel,grp_l1_root_channel_false_14_true_s_fu_4702/mul_8s_6s_14_4_0_U2958,0,24,0,"",""
l1_root_channel,grp_l1_root_channel_false_14_true_s_fu_4702/mul_8s_6s_14_4_0_U2968,0,24,0,"",""
l1_root_channel,grp_l1_root_channel_false_14_true_s_fu_4702/mul_8s_6s_14_4_0_U2978,0,24,0,"",""
l1_root_channel,grp_l1_root_channel_false_14_true_s_fu_4702/mul_8s_6s_14_4_0_U2988,0,24,0,"",""
l1_root_channel,grp_l1_root_channel_false_14_true_s_fu_4702/mul_8s_6s_14_4_0_U2998,0,24,0,"",""
l1_root_channel,grp_l1_root_channel_false_14_true_s_fu_4702/mul_8s_6s_14_4_0_U3008,0,24,0,"",""
l1_root_channel,grp_l1_root_channel_false_14_true_s_fu_4702/mul_8s_7ns_15_4_0_U2935,0,26,0,"",""
l1_root_channel,grp_l1_root_channel_false_14_true_s_fu_4702/mul_8s_7ns_15_4_0_U2945,0,26,0,"",""
l1_root_channel,grp_l1_root_channel_false_14_true_s_fu_4702/mul_8s_7ns_15_4_0_U2955,0,26,0,"",""
l1_root_channel,grp_l1_root_channel_false_14_true_s_fu_4702/mul_8s_7ns_15_4_0_U2965,0,26,0,"",""
l1_root_channel,grp_l1_root_channel_false_14_true_s_fu_4702/mul_8s_7ns_15_4_0_U2975,0,26,0,"",""
l1_root_channel,grp_l1_root_channel_false_14_true_s_fu_4702/mul_8s_7ns_15_4_0_U2985,0,26,0,"",""
l1_root_channel,grp_l1_root_channel_false_14_true_s_fu_4702/mul_8s_7ns_15_4_0_U2995,0,26,0,"",""
l1_root_channel,grp_l1_root_channel_false_14_true_s_fu_4702/mul_8s_7ns_15_4_0_U3005,0,26,0,"",""
l1_root_channel,grp_l1_root_channel_false_14_true_s_fu_4702/mul_8s_7s_15_4_0_U2937,0,18,0,"",""
l1_root_channel,grp_l1_root_channel_false_14_true_s_fu_4702/mul_8s_7s_15_4_0_U2940,0,30,0,"",""
l1_root_channel,grp_l1_root_channel_false_14_true_s_fu_4702/mul_8s_7s_15_4_0_U2941,0,30,0,"",""
l1_root_channel,grp_l1_root_channel_false_14_true_s_fu_4702/mul_8s_7s_15_4_0_U2942,0,24,0,"",""
l1_root_channel,grp_l1_root_channel_false_14_true_s_fu_4702/mul_8s_7s_15_4_0_U2947,0,18,0,"",""
l1_root_channel,grp_l1_root_channel_false_14_true_s_fu_4702/mul_8s_7s_15_4_0_U2950,0,30,0,"",""
l1_root_channel,grp_l1_root_channel_false_14_true_s_fu_4702/mul_8s_7s_15_4_0_U2951,0,30,0,"",""
l1_root_channel,grp_l1_root_channel_false_14_true_s_fu_4702/mul_8s_7s_15_4_0_U2952,0,24,0,"",""
l1_root_channel,grp_l1_root_channel_false_14_true_s_fu_4702/mul_8s_7s_15_4_0_U2957,0,18,0,"",""
l1_root_channel,grp_l1_root_channel_false_14_true_s_fu_4702/mul_8s_7s_15_4_0_U2960,0,30,0,"",""
l1_root_channel,grp_l1_root_channel_false_14_true_s_fu_4702/mul_8s_7s_15_4_0_U2961,0,30,0,"",""
l1_root_channel,grp_l1_root_channel_false_14_true_s_fu_4702/mul_8s_7s_15_4_0_U2962,0,24,0,"",""
l1_root_channel,grp_l1_root_channel_false_14_true_s_fu_4702/mul_8s_7s_15_4_0_U2967,0,18,0,"",""
l1_root_channel,grp_l1_root_channel_false_14_true_s_fu_4702/mul_8s_7s_15_4_0_U2970,0,30,0,"",""
l1_root_channel,grp_l1_root_channel_false_14_true_s_fu_4702/mul_8s_7s_15_4_0_U2971,0,30,0,"",""
l1_root_channel,grp_l1_root_channel_false_14_true_s_fu_4702/mul_8s_7s_15_4_0_U2972,0,24,0,"",""
l1_root_channel,grp_l1_root_channel_false_14_true_s_fu_4702/mul_8s_7s_15_4_0_U2977,0,18,0,"",""
l1_root_channel,grp_l1_root_channel_false_14_true_s_fu_4702/mul_8s_7s_15_4_0_U2980,0,30,0,"",""
l1_root_channel,grp_l1_root_channel_false_14_true_s_fu_4702/mul_8s_7s_15_4_0_U2981,0,30,0,"",""
l1_root_channel,grp_l1_root_channel_false_14_true_s_fu_4702/mul_8s_7s_15_4_0_U2982,0,24,0,"",""
l1_root_channel,grp_l1_root_channel_false_14_true_s_fu_4702/mul_8s_7s_15_4_0_U2987,0,18,0,"",""
l1_root_channel,grp_l1_root_channel_false_14_true_s_fu_4702/mul_8s_7s_15_4_0_U2990,0,30,0,"",""
l1_root_channel,grp_l1_root_channel_false_14_true_s_fu_4702/mul_8s_7s_15_4_0_U2991,0,30,0,"",""
l1_root_channel,grp_l1_root_channel_false_14_true_s_fu_4702/mul_8s_7s_15_4_0_U2992,0,24,0,"",""
l1_root_channel,grp_l1_root_channel_false_14_true_s_fu_4702/mul_8s_7s_15_4_0_U2997,0,18,0,"",""
l1_root_channel,grp_l1_root_channel_false_14_true_s_fu_4702/mul_8s_7s_15_4_0_U3000,0,30,0,"",""
l1_root_channel,grp_l1_root_channel_false_14_true_s_fu_4702/mul_8s_7s_15_4_0_U3001,0,30,0,"",""
l1_root_channel,grp_l1_root_channel_false_14_true_s_fu_4702/mul_8s_7s_15_4_0_U3002,0,24,0,"",""
l1_root_channel,grp_l1_root_channel_false_14_true_s_fu_4702/mul_8s_7s_15_4_0_U3007,0,18,0,"",""
l1_root_channel,grp_l1_root_channel_false_14_true_s_fu_4702/mul_8s_7s_15_4_0_U3010,0,30,0,"",""
l1_root_channel,grp_l1_root_channel_false_14_true_s_fu_4702/mul_8s_7s_15_4_0_U3011,0,30,0,"",""
l1_root_channel,grp_l1_root_channel_false_14_true_s_fu_4702/mul_8s_7s_15_4_0_U3012,0,24,0,"",""
l1_root_channel,grp_l1_root_channel_false_14_true_s_fu_4702/mul_8s_8ns_16_4_0_U2934,4,29,0,"",""
l1_root_channel,grp_l1_root_channel_false_14_true_s_fu_4702/mul_8s_8ns_16_4_0_U2936,6,27,0,"",""
l1_root_channel,grp_l1_root_channel_false_14_true_s_fu_4702/mul_8s_8ns_16_4_0_U2939,6,25,0,"",""
l1_root_channel,grp_l1_root_channel_false_14_true_s_fu_4702/mul_8s_8ns_16_4_0_U2944,4,29,0,"",""
l1_root_channel,grp_l1_root_channel_false_14_true_s_fu_4702/mul_8s_8ns_16_4_0_U2946,6,27,0,"",""
l1_root_channel,grp_l1_root_channel_false_14_true_s_fu_4702/mul_8s_8ns_16_4_0_U2949,6,25,0,"",""
l1_root_channel,grp_l1_root_channel_false_14_true_s_fu_4702/mul_8s_8ns_16_4_0_U2954,4,29,0,"",""
l1_root_channel,grp_l1_root_channel_false_14_true_s_fu_4702/mul_8s_8ns_16_4_0_U2956,6,27,0,"",""
l1_root_channel,grp_l1_root_channel_false_14_true_s_fu_4702/mul_8s_8ns_16_4_0_U2959,6,25,0,"",""
l1_root_channel,grp_l1_root_channel_false_14_true_s_fu_4702/mul_8s_8ns_16_4_0_U2964,4,29,0,"",""
l1_root_channel,grp_l1_root_channel_false_14_true_s_fu_4702/mul_8s_8ns_16_4_0_U2966,6,27,0,"",""
l1_root_channel,grp_l1_root_channel_false_14_true_s_fu_4702/mul_8s_8ns_16_4_0_U2969,6,25,0,"",""
l1_root_channel,grp_l1_root_channel_false_14_true_s_fu_4702/mul_8s_8ns_16_4_0_U2974,4,29,0,"",""
l1_root_channel,grp_l1_root_channel_false_14_true_s_fu_4702/mul_8s_8ns_16_4_0_U2976,6,27,0,"",""
l1_root_channel,grp_l1_root_channel_false_14_true_s_fu_4702/mul_8s_8ns_16_4_0_U2979,6,25,0,"",""
l1_root_channel,grp_l1_root_channel_false_14_true_s_fu_4702/mul_8s_8ns_16_4_0_U2984,4,29,0,"",""
l1_root_channel,grp_l1_root_channel_false_14_true_s_fu_4702/mul_8s_8ns_16_4_0_U2986,6,27,0,"",""
l1_root_channel,grp_l1_root_channel_false_14_true_s_fu_4702/mul_8s_8ns_16_4_0_U2989,6,25,0,"",""
l1_root_channel,grp_l1_root_channel_false_14_true_s_fu_4702/mul_8s_8ns_16_4_0_U2994,4,29,0,"",""
l1_root_channel,grp_l1_root_channel_false_14_true_s_fu_4702/mul_8s_8ns_16_4_0_U2996,6,27,0,"",""
l1_root_channel,grp_l1_root_channel_false_14_true_s_fu_4702/mul_8s_8ns_16_4_0_U2999,6,25,0,"",""
l1_root_channel,grp_l1_root_channel_false_14_true_s_fu_4702/mul_8s_8ns_16_4_0_U3004,4,29,0,"",""
l1_root_channel,grp_l1_root_channel_false_14_true_s_fu_4702/mul_8s_8ns_16_4_0_U3006,6,27,0,"",""
l1_root_channel,grp_l1_root_channel_false_14_true_s_fu_4702/mul_8s_8ns_16_4_0_U3009,6,25,0,"",""
l1_root_channel,grp_l1_root_channel_false_14_true_s_fu_4702/mul_8s_8ns_16_4_0_U3015,5,24,0,"",""
l1_root_channel,grp_l1_root_channel_false_14_true_s_fu_4702/mul_8s_8ns_16_4_0_U3017,5,24,0,"",""
l1_root_channel,grp_l1_root_channel_false_14_true_s_fu_4702/mul_8s_8ns_16_4_0_U3019,5,24,0,"",""
l1_root_channel,grp_l1_root_channel_false_14_true_s_fu_4702/mul_8s_8ns_16_4_0_U3021,5,24,0,"",""
l1_root_channel,grp_l1_root_channel_false_14_true_s_fu_4702/mul_8s_8ns_16_4_0_U3023,5,24,0,"",""
l1_root_channel,grp_l1_root_channel_false_14_true_s_fu_4702/mul_8s_8ns_16_4_0_U3025,5,24,0,"",""
l1_root_channel,grp_l1_root_channel_false_14_true_s_fu_4702/mul_8s_8ns_16_4_0_U3027,5,24,0,"",""
l1_root_channel,grp_l1_root_channel_false_14_true_s_fu_4702/mul_8s_8ns_16_4_0_U3029,5,24,0,"",""
l1_root_channel,grp_l1_root_channel_false_14_true_s_fu_4702/mul_8s_8s_16_4_0_U2943,2,27,0,"",""
l1_root_channel,grp_l1_root_channel_false_14_true_s_fu_4702/mul_8s_8s_16_4_0_U2953,2,27,0,"",""
l1_root_channel,grp_l1_root_channel_false_14_true_s_fu_4702/mul_8s_8s_16_4_0_U2963,2,27,0,"",""
l1_root_channel,grp_l1_root_channel_false_14_true_s_fu_4702/mul_8s_8s_16_4_0_U2973,2,27,0,"",""
l1_root_channel,grp_l1_root_channel_false_14_true_s_fu_4702/mul_8s_8s_16_4_0_U2983,2,27,0,"",""
l1_root_channel,grp_l1_root_channel_false_14_true_s_fu_4702/mul_8s_8s_16_4_0_U2993,2,27,0,"",""
l1_root_channel,grp_l1_root_channel_false_14_true_s_fu_4702/mul_8s_8s_16_4_0_U3003,2,27,0,"",""
l1_root_channel,grp_l1_root_channel_false_14_true_s_fu_4702/mul_8s_8s_16_4_0_U3013,2,27,0,"",""
l1_root_channel,grp_l1_root_channel_false_14_true_s_fu_4702/mul_8s_8s_16_4_0_U3014,1,30,0,"",""
l1_root_channel,grp_l1_root_channel_false_14_true_s_fu_4702/mul_8s_8s_16_4_0_U3016,1,30,0,"",""
l1_root_channel,grp_l1_root_channel_false_14_true_s_fu_4702/mul_8s_8s_16_4_0_U3018,1,30,0,"",""
l1_root_channel,grp_l1_root_channel_false_14_true_s_fu_4702/mul_8s_8s_16_4_0_U3020,1,30,0,"",""
l1_root_channel,grp_l1_root_channel_false_14_true_s_fu_4702/mul_8s_8s_16_4_0_U3022,1,30,0,"",""
l1_root_channel,grp_l1_root_channel_false_14_true_s_fu_4702/mul_8s_8s_16_4_0_U3024,1,30,0,"",""
l1_root_channel,grp_l1_root_channel_false_14_true_s_fu_4702/mul_8s_8s_16_4_0_U3026,1,30,0,"",""
l1_root_channel,grp_l1_root_channel_false_14_true_s_fu_4702/mul_8s_8s_16_4_0_U3028,1,30,0,"",""
l1_root_channel,grp_l1_root_channel_false_14_true_s_fu_4702/add_18s_18s_18_2_0_U3030/u1,9,0,0,"",""
l1_root_channel,grp_l1_root_channel_false_14_true_s_fu_4702/add_18s_18s_18_2_0_U3030/u2,9,0,0,"",""
l1_root_channel,grp_l1_root_channel_false_14_true_s_fu_4702/add_18s_18s_18_2_0_U3031/u1,9,0,0,"",""
l1_root_channel,grp_l1_root_channel_false_14_true_s_fu_4702/add_18s_18s_18_2_0_U3031/u2,9,0,0,"",""
l1_root_channel,grp_l1_root_channel_false_14_true_s_fu_4702/add_18s_18s_18_2_0_U3032/u1,9,0,0,"",""
l1_root_channel,grp_l1_root_channel_false_14_true_s_fu_4702/add_18s_18s_18_2_0_U3032/u2,9,0,0,"",""
l1_root_channel,grp_l1_root_channel_false_14_true_s_fu_4702/add_18s_18s_18_2_0_U3033/u1,9,0,0,"",""
l1_root_channel,grp_l1_root_channel_false_14_true_s_fu_4702/add_18s_18s_18_2_0_U3033/u2,9,0,0,"",""
l1_root_channel,grp_l1_root_channel_false_14_true_s_fu_4702/add_18s_18s_18_2_0_U3034/u1,9,0,0,"",""
l1_root_channel,grp_l1_root_channel_false_14_true_s_fu_4702/add_18s_18s_18_2_0_U3034/u2,9,0,0,"",""
l1_root_channel,grp_l1_root_channel_false_14_true_s_fu_4702/add_18s_18s_18_2_0_U3035/u1,9,0,0,"",""
l1_root_channel,grp_l1_root_channel_false_14_true_s_fu_4702/add_18s_18s_18_2_0_U3035/u2,9,0,0,"",""
l1_root_channel,grp_l1_root_channel_false_14_true_s_fu_4702/add_18s_18s_18_2_0_U3036/u1,9,0,0,"",""
l1_root_channel,grp_l1_root_channel_false_14_true_s_fu_4702/add_18s_18s_18_2_0_U3036/u2,9,0,0,"",""
l1_root_channel,grp_l1_root_channel_false_14_true_s_fu_4702/add_18s_18s_18_2_0_U3037/u1,9,0,0,"",""
l1_root_channel,grp_l1_root_channel_false_14_true_s_fu_4702/add_18s_18s_18_2_0_U3037/u2,9,0,0,"",""
l1_root_channel,grp_l1_root_channel_false_15_true_s_fu_4826/add_18s_18s_18_2_0_U3278,18,19,0,"",""
l1_root_channel,grp_l1_root_channel_false_15_true_s_fu_4826/add_18s_18s_18_2_0_U3279,18,19,0,"",""
l1_root_channel,grp_l1_root_channel_false_15_true_s_fu_4826/add_18s_18s_18_2_0_U3280,18,19,0,"",""
l1_root_channel,grp_l1_root_channel_false_15_true_s_fu_4826/add_18s_18s_18_2_0_U3281,18,19,0,"",""
l1_root_channel,grp_l1_root_channel_false_15_true_s_fu_4826/add_18s_18s_18_2_0_U3282,18,19,0,"",""
l1_root_channel,grp_l1_root_channel_false_15_true_s_fu_4826/add_18s_18s_18_2_0_U3283,18,19,0,"",""
l1_root_channel,grp_l1_root_channel_false_15_true_s_fu_4826/add_18s_18s_18_2_0_U3284,18,19,0,"",""
l1_root_channel,grp_l1_root_channel_false_15_true_s_fu_4826/add_18s_18s_18_2_0_U3285,18,19,0,"",""
l1_root_channel,grp_l1_root_channel_false_15_true_s_fu_4826/mul_8s_5ns_13_4_0_U3168,0,24,0,"",""
l1_root_channel,grp_l1_root_channel_false_15_true_s_fu_4826/mul_8s_5ns_13_4_0_U3179,0,24,0,"",""
l1_root_channel,grp_l1_root_channel_false_15_true_s_fu_4826/mul_8s_5ns_13_4_0_U3190,13,24,0,"",""
l1_root_channel,grp_l1_root_channel_false_15_true_s_fu_4826/mul_8s_5ns_13_4_0_U3201,13,24,0,"",""
l1_root_channel,grp_l1_root_channel_false_15_true_s_fu_4826/mul_8s_5ns_13_4_0_U3212,13,24,0,"",""
l1_root_channel,grp_l1_root_channel_false_15_true_s_fu_4826/mul_8s_5ns_13_4_0_U3223,13,24,0,"",""
l1_root_channel,grp_l1_root_channel_false_15_true_s_fu_4826/mul_8s_5ns_13_4_0_U3234,0,24,0,"",""
l1_root_channel,grp_l1_root_channel_false_15_true_s_fu_4826/mul_8s_5ns_13_4_0_U3245,0,24,0,"",""
l1_root_channel,grp_l1_root_channel_false_15_true_s_fu_4826/mul_8s_6s_14_4_0_U3159,0,18,0,"",""
l1_root_channel,grp_l1_root_channel_false_15_true_s_fu_4826/mul_8s_6s_14_4_0_U3162,0,26,0,"",""
l1_root_channel,grp_l1_root_channel_false_15_true_s_fu_4826/mul_8s_6s_14_4_0_U3167,0,26,0,"",""
l1_root_channel,grp_l1_root_channel_false_15_true_s_fu_4826/mul_8s_6s_14_4_0_U3170,0,18,0,"",""
l1_root_channel,grp_l1_root_channel_false_15_true_s_fu_4826/mul_8s_6s_14_4_0_U3173,19,26,0,"",""
l1_root_channel,grp_l1_root_channel_false_15_true_s_fu_4826/mul_8s_6s_14_4_0_U3178,0,26,0,"",""
l1_root_channel,grp_l1_root_channel_false_15_true_s_fu_4826/mul_8s_6s_14_4_0_U3181,6,18,0,"",""
l1_root_channel,grp_l1_root_channel_false_15_true_s_fu_4826/mul_8s_6s_14_4_0_U3184,19,26,0,"",""
l1_root_channel,grp_l1_root_channel_false_15_true_s_fu_4826/mul_8s_6s_14_4_0_U3189,19,26,0,"",""
l1_root_channel,grp_l1_root_channel_false_15_true_s_fu_4826/mul_8s_6s_14_4_0_U3192,6,18,0,"",""
l1_root_channel,grp_l1_root_channel_false_15_true_s_fu_4826/mul_8s_6s_14_4_0_U3195,19,26,0,"",""
l1_root_channel,grp_l1_root_channel_false_15_true_s_fu_4826/mul_8s_6s_14_4_0_U3200,19,26,0,"",""
l1_root_channel,grp_l1_root_channel_false_15_true_s_fu_4826/mul_8s_6s_14_4_0_U3203,6,18,0,"",""
l1_root_channel,grp_l1_root_channel_false_15_true_s_fu_4826/mul_8s_6s_14_4_0_U3206,0,26,0,"",""
l1_root_channel,grp_l1_root_channel_false_15_true_s_fu_4826/mul_8s_6s_14_4_0_U3211,19,26,0,"",""
l1_root_channel,grp_l1_root_channel_false_15_true_s_fu_4826/mul_8s_6s_14_4_0_U3214,0,18,0,"",""
l1_root_channel,grp_l1_root_channel_false_15_true_s_fu_4826/mul_8s_6s_14_4_0_U3217,19,26,0,"",""
l1_root_channel,grp_l1_root_channel_false_15_true_s_fu_4826/mul_8s_6s_14_4_0_U3222,19,26,0,"",""
l1_root_channel,grp_l1_root_channel_false_15_true_s_fu_4826/mul_8s_6s_14_4_0_U3225,0,18,0,"",""
l1_root_channel,grp_l1_root_channel_false_15_true_s_fu_4826/mul_8s_6s_14_4_0_U3228,0,24,0,"",""
l1_root_channel,grp_l1_root_channel_false_15_true_s_fu_4826/mul_8s_6s_14_4_0_U3233,0,26,0,"",""
l1_root_channel,grp_l1_root_channel_false_15_true_s_fu_4826/mul_8s_6s_14_4_0_U3236,0,18,0,"",""
l1_root_channel,grp_l1_root_channel_false_15_true_s_fu_4826/mul_8s_6s_14_4_0_U3239,19,26,0,"",""
l1_root_channel,grp_l1_root_channel_false_15_true_s_fu_4826/mul_8s_6s_14_4_0_U3244,0,24,0,"",""
l1_root_channel,grp_l1_root_channel_false_15_true_s_fu_4826/mul_8s_7ns_15_4_0_U3161,0,20,0,"",""
l1_root_channel,grp_l1_root_channel_false_15_true_s_fu_4826/mul_8s_7ns_15_4_0_U3172,0,20,0,"",""
l1_root_channel,grp_l1_root_channel_false_15_true_s_fu_4826/mul_8s_7ns_15_4_0_U3183,5,20,0,"",""
l1_root_channel,grp_l1_root_channel_false_15_true_s_fu_4826/mul_8s_7ns_15_4_0_U3194,5,20,0,"",""
l1_root_channel,grp_l1_root_channel_false_15_true_s_fu_4826/mul_8s_7ns_15_4_0_U3205,5,20,0,"",""
l1_root_channel,grp_l1_root_channel_false_15_true_s_fu_4826/mul_8s_7ns_15_4_0_U3216,0,20,0,"",""
l1_root_channel,grp_l1_root_channel_false_15_true_s_fu_4826/mul_8s_7ns_15_4_0_U3227,0,20,0,"",""
l1_root_channel,grp_l1_root_channel_false_15_true_s_fu_4826/mul_8s_7ns_15_4_0_U3238,0,20,0,"",""
l1_root_channel,grp_l1_root_channel_false_15_true_s_fu_4826/mul_8s_7ns_15_4_0_U3247,0,30,0,"",""
l1_root_channel,grp_l1_root_channel_false_15_true_s_fu_4826/mul_8s_7ns_15_4_0_U3249,0,28,0,"",""
l1_root_channel,grp_l1_root_channel_false_15_true_s_fu_4826/mul_8s_7ns_15_4_0_U3251,14,30,0,"",""
l1_root_channel,grp_l1_root_channel_false_15_true_s_fu_4826/mul_8s_7ns_15_4_0_U3253,0,28,0,"",""
l1_root_channel,grp_l1_root_channel_false_15_true_s_fu_4826/mul_8s_7ns_15_4_0_U3255,14,30,0,"",""
l1_root_channel,grp_l1_root_channel_false_15_true_s_fu_4826/mul_8s_7ns_15_4_0_U3257,17,28,0,"",""
l1_root_channel,grp_l1_root_channel_false_15_true_s_fu_4826/mul_8s_7ns_15_4_0_U3259,14,30,0,"",""
l1_root_channel,grp_l1_root_channel_false_15_true_s_fu_4826/mul_8s_7ns_15_4_0_U3261,17,28,0,"",""
l1_root_channel,grp_l1_root_channel_false_15_true_s_fu_4826/mul_8s_7ns_15_4_0_U3263,14,30,0,"",""
l1_root_channel,grp_l1_root_channel_false_15_true_s_fu_4826/mul_8s_7ns_15_4_0_U3265,17,28,0,"",""
l1_root_channel,grp_l1_root_channel_false_15_true_s_fu_4826/mul_8s_7ns_15_4_0_U3267,14,30,0,"",""
l1_root_channel,grp_l1_root_channel_false_15_true_s_fu_4826/mul_8s_7ns_15_4_0_U3269,17,28,0,"",""
l1_root_channel,grp_l1_root_channel_false_15_true_s_fu_4826/mul_8s_7ns_15_4_0_U3271,14,30,0,"",""
l1_root_channel,grp_l1_root_channel_false_15_true_s_fu_4826/mul_8s_7ns_15_4_0_U3273,0,28,0,"",""
l1_root_channel,grp_l1_root_channel_false_15_true_s_fu_4826/mul_8s_7ns_15_4_0_U3275,14,30,0,"",""
l1_root_channel,grp_l1_root_channel_false_15_true_s_fu_4826/mul_8s_7ns_15_4_0_U3277,0,28,0,"",""
l1_root_channel,grp_l1_root_channel_false_15_true_s_fu_4826/mul_8s_7s_15_4_0_U3160,0,28,0,"",""
l1_root_channel,grp_l1_root_channel_false_15_true_s_fu_4826/mul_8s_7s_15_4_0_U3164,0,29,0,"",""
l1_root_channel,grp_l1_root_channel_false_15_true_s_fu_4826/mul_8s_7s_15_4_0_U3171,0,28,0,"",""
l1_root_channel,grp_l1_root_channel_false_15_true_s_fu_4826/mul_8s_7s_15_4_0_U3175,0,29,0,"",""
l1_root_channel,grp_l1_root_channel_false_15_true_s_fu_4826/mul_8s_7s_15_4_0_U3182,18,28,0,"",""
l1_root_channel,grp_l1_root_channel_false_15_true_s_fu_4826/mul_8s_7s_15_4_0_U3186,18,29,0,"",""
l1_root_channel,grp_l1_root_channel_false_15_true_s_fu_4826/mul_8s_7s_15_4_0_U3193,18,28,0,"",""
l1_root_channel,grp_l1_root_channel_false_15_true_s_fu_4826/mul_8s_7s_15_4_0_U3197,18,29,0,"",""
l1_root_channel,grp_l1_root_channel_false_15_true_s_fu_4826/mul_8s_7s_15_4_0_U3204,18,28,0,"",""
l1_root_channel,grp_l1_root_channel_false_15_true_s_fu_4826/mul_8s_7s_15_4_0_U3208,18,29,0,"",""
l1_root_channel,grp_l1_root_channel_false_15_true_s_fu_4826/mul_8s_7s_15_4_0_U3215,0,28,0,"",""
l1_root_channel,grp_l1_root_channel_false_15_true_s_fu_4826/mul_8s_7s_15_4_0_U3219,18,29,0,"",""
l1_root_channel,grp_l1_root_channel_false_15_true_s_fu_4826/mul_8s_7s_15_4_0_U3226,0,28,0,"",""
l1_root_channel,grp_l1_root_channel_false_15_true_s_fu_4826/mul_8s_7s_15_4_0_U3230,0,29,0,"",""
l1_root_channel,grp_l1_root_channel_false_15_true_s_fu_4826/mul_8s_7s_15_4_0_U3237,0,27,0,"",""
l1_root_channel,grp_l1_root_channel_false_15_true_s_fu_4826/mul_8s_7s_15_4_0_U3241,0,28,0,"",""
l1_root_channel,grp_l1_root_channel_false_15_true_s_fu_4826/mul_8s_8ns_16_4_0_U3158,5,22,0,"",""
l1_root_channel,grp_l1_root_channel_false_15_true_s_fu_4826/mul_8s_8ns_16_4_0_U3166,6,26,0,"",""
l1_root_channel,grp_l1_root_channel_false_15_true_s_fu_4826/mul_8s_8ns_16_4_0_U3169,5,22,0,"",""
l1_root_channel,grp_l1_root_channel_false_15_true_s_fu_4826/mul_8s_8ns_16_4_0_U3177,6,26,0,"",""
l1_root_channel,grp_l1_root_channel_false_15_true_s_fu_4826/mul_8s_8ns_16_4_0_U3180,21,22,0,"",""
l1_root_channel,grp_l1_root_channel_false_15_true_s_fu_4826/mul_8s_8ns_16_4_0_U3188,23,26,0,"",""
l1_root_channel,grp_l1_root_channel_false_15_true_s_fu_4826/mul_8s_8ns_16_4_0_U3191,21,22,0,"",""
l1_root_channel,grp_l1_root_channel_false_15_true_s_fu_4826/mul_8s_8ns_16_4_0_U3199,23,26,0,"",""
l1_root_channel,grp_l1_root_channel_false_15_true_s_fu_4826/mul_8s_8ns_16_4_0_U3202,21,22,0,"",""
l1_root_channel,grp_l1_root_channel_false_15_true_s_fu_4826/mul_8s_8ns_16_4_0_U3210,23,26,0,"",""
l1_root_channel,grp_l1_root_channel_false_15_true_s_fu_4826/mul_8s_8ns_16_4_0_U3213,5,22,0,"",""
l1_root_channel,grp_l1_root_channel_false_15_true_s_fu_4826/mul_8s_8ns_16_4_0_U3221,23,26,0,"",""
l1_root_channel,grp_l1_root_channel_false_15_true_s_fu_4826/mul_8s_8ns_16_4_0_U3224,5,22,0,"",""
l1_root_channel,grp_l1_root_channel_false_15_true_s_fu_4826/mul_8s_8ns_16_4_0_U3232,6,26,0,"",""
l1_root_channel,grp_l1_root_channel_false_15_true_s_fu_4826/mul_8s_8ns_16_4_0_U3235,5,22,0,"",""
l1_root_channel,grp_l1_root_channel_false_15_true_s_fu_4826/mul_8s_8ns_16_4_0_U3243,6,24,0,"",""
l1_root_channel,grp_l1_root_channel_false_15_true_s_fu_4826/mul_8s_8ns_16_4_0_U3248,1,26,0,"",""
l1_root_channel,grp_l1_root_channel_false_15_true_s_fu_4826/mul_8s_8ns_16_4_0_U3252,1,26,0,"",""
l1_root_channel,grp_l1_root_channel_false_15_true_s_fu_4826/mul_8s_8ns_16_4_0_U3256,22,26,0,"",""
l1_root_channel,grp_l1_root_channel_false_15_true_s_fu_4826/mul_8s_8ns_16_4_0_U3260,22,26,0,"",""
l1_root_channel,grp_l1_root_channel_false_15_true_s_fu_4826/mul_8s_8ns_16_4_0_U3264,22,26,0,"",""
l1_root_channel,grp_l1_root_channel_false_15_true_s_fu_4826/mul_8s_8ns_16_4_0_U3268,22,26,0,"",""
l1_root_channel,grp_l1_root_channel_false_15_true_s_fu_4826/mul_8s_8ns_16_4_0_U3272,1,26,0,"",""
l1_root_channel,grp_l1_root_channel_false_15_true_s_fu_4826/mul_8s_8ns_16_4_0_U3276,1,24,0,"",""
l1_root_channel,grp_l1_root_channel_false_15_true_s_fu_4826/mul_8s_8s_16_4_0_U3163,1,20,0,"",""
l1_root_channel,grp_l1_root_channel_false_15_true_s_fu_4826/mul_8s_8s_16_4_0_U3165,1,29,0,"",""
l1_root_channel,grp_l1_root_channel_false_15_true_s_fu_4826/mul_8s_8s_16_4_0_U3174,1,20,0,"",""
l1_root_channel,grp_l1_root_channel_false_15_true_s_fu_4826/mul_8s_8s_16_4_0_U3176,1,29,0,"",""
l1_root_channel,grp_l1_root_channel_false_15_true_s_fu_4826/mul_8s_8s_16_4_0_U3185,14,20,0,"",""
l1_root_channel,grp_l1_root_channel_false_15_true_s_fu_4826/mul_8s_8s_16_4_0_U3187,24,29,0,"",""
l1_root_channel,grp_l1_root_channel_false_15_true_s_fu_4826/mul_8s_8s_16_4_0_U3196,14,20,0,"",""
l1_root_channel,grp_l1_root_channel_false_15_true_s_fu_4826/mul_8s_8s_16_4_0_U3198,24,29,0,"",""
l1_root_channel,grp_l1_root_channel_false_15_true_s_fu_4826/mul_8s_8s_16_4_0_U3207,14,20,0,"",""
l1_root_channel,grp_l1_root_channel_false_15_true_s_fu_4826/mul_8s_8s_16_4_0_U3209,24,29,0,"",""
l1_root_channel,grp_l1_root_channel_false_15_true_s_fu_4826/mul_8s_8s_16_4_0_U3218,14,20,0,"",""
l1_root_channel,grp_l1_root_channel_false_15_true_s_fu_4826/mul_8s_8s_16_4_0_U3220,24,29,0,"",""
l1_root_channel,grp_l1_root_channel_false_15_true_s_fu_4826/mul_8s_8s_16_4_0_U3229,1,20,0,"",""
l1_root_channel,grp_l1_root_channel_false_15_true_s_fu_4826/mul_8s_8s_16_4_0_U3231,1,29,0,"",""
l1_root_channel,grp_l1_root_channel_false_15_true_s_fu_4826/mul_8s_8s_16_4_0_U3240,1,20,0,"",""
l1_root_channel,grp_l1_root_channel_false_15_true_s_fu_4826/mul_8s_8s_16_4_0_U3242,1,28,0,"",""
l1_root_channel,grp_l1_root_channel_false_15_true_s_fu_4826/mul_8s_8s_16_4_0_U3246,0,30,0,"",""
l1_root_channel,grp_l1_root_channel_false_15_true_s_fu_4826/mul_8s_8s_16_4_0_U3250,20,30,0,"",""
l1_root_channel,grp_l1_root_channel_false_15_true_s_fu_4826/mul_8s_8s_16_4_0_U3254,20,30,0,"",""
l1_root_channel,grp_l1_root_channel_false_15_true_s_fu_4826/mul_8s_8s_16_4_0_U3258,20,30,0,"",""
l1_root_channel,grp_l1_root_channel_false_15_true_s_fu_4826/mul_8s_8s_16_4_0_U3262,20,30,0,"",""
l1_root_channel,grp_l1_root_channel_false_15_true_s_fu_4826/mul_8s_8s_16_4_0_U3266,20,30,0,"",""
l1_root_channel,grp_l1_root_channel_false_15_true_s_fu_4826/mul_8s_8s_16_4_0_U3270,20,30,0,"",""
l1_root_channel,grp_l1_root_channel_false_15_true_s_fu_4826/mul_8s_8s_16_4_0_U3274,20,30,0,"",""
l1_root_channel,grp_l1_root_channel_false_15_true_s_fu_4826/add_18s_18s_18_2_0_U3278/u1,9,0,0,"",""
l1_root_channel,grp_l1_root_channel_false_15_true_s_fu_4826/add_18s_18s_18_2_0_U3278/u2,9,0,0,"",""
l1_root_channel,grp_l1_root_channel_false_15_true_s_fu_4826/add_18s_18s_18_2_0_U3279/u1,9,0,0,"",""
l1_root_channel,grp_l1_root_channel_false_15_true_s_fu_4826/add_18s_18s_18_2_0_U3279/u2,9,0,0,"",""
l1_root_channel,grp_l1_root_channel_false_15_true_s_fu_4826/add_18s_18s_18_2_0_U3280/u1,9,0,0,"",""
l1_root_channel,grp_l1_root_channel_false_15_true_s_fu_4826/add_18s_18s_18_2_0_U3280/u2,9,0,0,"",""
l1_root_channel,grp_l1_root_channel_false_15_true_s_fu_4826/add_18s_18s_18_2_0_U3281/u1,9,0,0,"",""
l1_root_channel,grp_l1_root_channel_false_15_true_s_fu_4826/add_18s_18s_18_2_0_U3281/u2,9,0,0,"",""
l1_root_channel,grp_l1_root_channel_false_15_true_s_fu_4826/add_18s_18s_18_2_0_U3282/u1,9,0,0,"",""
l1_root_channel,grp_l1_root_channel_false_15_true_s_fu_4826/add_18s_18s_18_2_0_U3282/u2,9,0,0,"",""
l1_root_channel,grp_l1_root_channel_false_15_true_s_fu_4826/add_18s_18s_18_2_0_U3283/u1,9,0,0,"",""
l1_root_channel,grp_l1_root_channel_false_15_true_s_fu_4826/add_18s_18s_18_2_0_U3283/u2,9,0,0,"",""
l1_root_channel,grp_l1_root_channel_false_15_true_s_fu_4826/add_18s_18s_18_2_0_U3284/u1,9,0,0,"",""
l1_root_channel,grp_l1_root_channel_false_15_true_s_fu_4826/add_18s_18s_18_2_0_U3284/u2,9,0,0,"",""
l1_root_channel,grp_l1_root_channel_false_15_true_s_fu_4826/add_18s_18s_18_2_0_U3285/u1,9,0,0,"",""
l1_root_channel,grp_l1_root_channel_false_15_true_s_fu_4826/add_18s_18s_18_2_0_U3285/u2,9,0,0,"",""
l1_root_channel,grp_l1_root_channel_false_16_true_s_fu_4958/add_15s_15s_15_2_0_U3494,11,15,0,"",""
l1_root_channel,grp_l1_root_channel_false_16_true_s_fu_4958/add_15s_15s_15_2_0_U3495,11,15,0,"",""
l1_root_channel,grp_l1_root_channel_false_16_true_s_fu_4958/add_15s_15s_15_2_0_U3496,11,15,0,"",""
l1_root_channel,grp_l1_root_channel_false_16_true_s_fu_4958/add_15s_15s_15_2_0_U3497,11,15,0,"",""
l1_root_channel,grp_l1_root_channel_false_16_true_s_fu_4958/add_15s_15s_15_2_0_U3498,11,15,0,"",""
l1_root_channel,grp_l1_root_channel_false_16_true_s_fu_4958/add_15s_15s_15_2_0_U3499,11,15,0,"",""
l1_root_channel,grp_l1_root_channel_false_16_true_s_fu_4958/add_15s_15s_15_2_0_U3500,11,15,0,"",""
l1_root_channel,grp_l1_root_channel_false_16_true_s_fu_4958/add_15s_15s_15_2_0_U3501,11,15,0,"",""
l1_root_channel,grp_l1_root_channel_false_16_true_s_fu_4958/mul_8s_2s_10_4_0_U3415,0,0,0,"",""
l1_root_channel,grp_l1_root_channel_false_16_true_s_fu_4958/mul_8s_2s_10_4_0_U3423,0,0,0,"",""
l1_root_channel,grp_l1_root_channel_false_16_true_s_fu_4958/mul_8s_2s_10_4_0_U3431,0,0,0,"",""
l1_root_channel,grp_l1_root_channel_false_16_true_s_fu_4958/mul_8s_2s_10_4_0_U3439,0,0,0,"",""
l1_root_channel,grp_l1_root_channel_false_16_true_s_fu_4958/mul_8s_2s_10_4_0_U3447,0,0,0,"",""
l1_root_channel,grp_l1_root_channel_false_16_true_s_fu_4958/mul_8s_2s_10_4_0_U3455,0,0,0,"",""
l1_root_channel,grp_l1_root_channel_false_16_true_s_fu_4958/mul_8s_2s_10_4_0_U3463,0,0,0,"",""
l1_root_channel,grp_l1_root_channel_false_16_true_s_fu_4958/mul_8s_2s_10_4_0_U3471,0,0,0,"",""
l1_root_channel,grp_l1_root_channel_false_16_true_s_fu_4958/mul_8s_3ns_11_4_0_U3417,2,13,0,"",""
l1_root_channel,grp_l1_root_channel_false_16_true_s_fu_4958/mul_8s_3ns_11_4_0_U3425,2,13,0,"",""
l1_root_channel,grp_l1_root_channel_false_16_true_s_fu_4958/mul_8s_3ns_11_4_0_U3433,2,13,0,"",""
l1_root_channel,grp_l1_root_channel_false_16_true_s_fu_4958/mul_8s_3ns_11_4_0_U3441,2,13,0,"",""
l1_root_channel,grp_l1_root_channel_false_16_true_s_fu_4958/mul_8s_3ns_11_4_0_U3449,2,13,0,"",""
l1_root_channel,grp_l1_root_channel_false_16_true_s_fu_4958/mul_8s_3ns_11_4_0_U3457,2,13,0,"",""
l1_root_channel,grp_l1_root_channel_false_16_true_s_fu_4958/mul_8s_3ns_11_4_0_U3465,2,13,0,"",""
l1_root_channel,grp_l1_root_channel_false_16_true_s_fu_4958/mul_8s_3ns_11_4_0_U3473,2,13,0,"",""
l1_root_channel,grp_l1_root_channel_false_16_true_s_fu_4958/mul_8s_3s_11_4_0_U3420,5,21,0,"",""
l1_root_channel,grp_l1_root_channel_false_16_true_s_fu_4958/mul_8s_3s_11_4_0_U3428,5,21,0,"",""
l1_root_channel,grp_l1_root_channel_false_16_true_s_fu_4958/mul_8s_3s_11_4_0_U3436,5,21,0,"",""
l1_root_channel,grp_l1_root_channel_false_16_true_s_fu_4958/mul_8s_3s_11_4_0_U3444,5,21,0,"",""
l1_root_channel,grp_l1_root_channel_false_16_true_s_fu_4958/mul_8s_3s_11_4_0_U3452,5,21,0,"",""
l1_root_channel,grp_l1_root_channel_false_16_true_s_fu_4958/mul_8s_3s_11_4_0_U3460,5,21,0,"",""
l1_root_channel,grp_l1_root_channel_false_16_true_s_fu_4958/mul_8s_3s_11_4_0_U3468,5,21,0,"",""
l1_root_channel,grp_l1_root_channel_false_16_true_s_fu_4958/mul_8s_3s_11_4_0_U3476,5,21,0,"",""
l1_root_channel,grp_l1_root_channel_false_16_true_s_fu_4958/mul_8s_4ns_12_4_0_U3419,3,20,0,"",""
l1_root_channel,grp_l1_root_channel_false_16_true_s_fu_4958/mul_8s_4ns_12_4_0_U3427,3,20,0,"",""
l1_root_channel,grp_l1_root_channel_false_16_true_s_fu_4958/mul_8s_4ns_12_4_0_U3435,3,20,0,"",""
l1_root_channel,grp_l1_root_channel_false_16_true_s_fu_4958/mul_8s_4ns_12_4_0_U3443,3,20,0,"",""
l1_root_channel,grp_l1_root_channel_false_16_true_s_fu_4958/mul_8s_4ns_12_4_0_U3451,3,20,0,"",""
l1_root_channel,grp_l1_root_channel_false_16_true_s_fu_4958/mul_8s_4ns_12_4_0_U3459,3,20,0,"",""
l1_root_channel,grp_l1_root_channel_false_16_true_s_fu_4958/mul_8s_4ns_12_4_0_U3467,3,20,0,"",""
l1_root_channel,grp_l1_root_channel_false_16_true_s_fu_4958/mul_8s_4ns_12_4_0_U3475,3,20,0,"",""
l1_root_channel,grp_l1_root_channel_false_16_true_s_fu_4958/mul_8s_4s_12_4_0_U3478,6,18,0,"",""
l1_root_channel,grp_l1_root_channel_false_16_true_s_fu_4958/mul_8s_4s_12_4_0_U3480,6,18,0,"",""
l1_root_channel,grp_l1_root_channel_false_16_true_s_fu_4958/mul_8s_4s_12_4_0_U3482,6,18,0,"",""
l1_root_channel,grp_l1_root_channel_false_16_true_s_fu_4958/mul_8s_4s_12_4_0_U3484,6,18,0,"",""
l1_root_channel,grp_l1_root_channel_false_16_true_s_fu_4958/mul_8s_4s_12_4_0_U3486,6,18,0,"",""
l1_root_channel,grp_l1_root_channel_false_16_true_s_fu_4958/mul_8s_4s_12_4_0_U3488,6,18,0,"",""
l1_root_channel,grp_l1_root_channel_false_16_true_s_fu_4958/mul_8s_4s_12_4_0_U3490,6,18,0,"",""
l1_root_channel,grp_l1_root_channel_false_16_true_s_fu_4958/mul_8s_4s_12_4_0_U3492,6,18,0,"",""
l1_root_channel,grp_l1_root_channel_false_16_true_s_fu_4958/mul_8s_5ns_13_4_0_U3414,13,22,0,"",""
l1_root_channel,grp_l1_root_channel_false_16_true_s_fu_4958/mul_8s_5ns_13_4_0_U3422,13,22,0,"",""
l1_root_channel,grp_l1_root_channel_false_16_true_s_fu_4958/mul_8s_5ns_13_4_0_U3430,13,22,0,"",""
l1_root_channel,grp_l1_root_channel_false_16_true_s_fu_4958/mul_8s_5ns_13_4_0_U3438,13,22,0,"",""
l1_root_channel,grp_l1_root_channel_false_16_true_s_fu_4958/mul_8s_5ns_13_4_0_U3446,13,22,0,"",""
l1_root_channel,grp_l1_root_channel_false_16_true_s_fu_4958/mul_8s_5ns_13_4_0_U3454,13,22,0,"",""
l1_root_channel,grp_l1_root_channel_false_16_true_s_fu_4958/mul_8s_5ns_13_4_0_U3462,13,22,0,"",""
l1_root_channel,grp_l1_root_channel_false_16_true_s_fu_4958/mul_8s_5ns_13_4_0_U3470,13,22,0,"",""
l1_root_channel,grp_l1_root_channel_false_16_true_s_fu_4958/mul_8s_5ns_13_4_0_U3479,13,24,0,"",""
l1_root_channel,grp_l1_root_channel_false_16_true_s_fu_4958/mul_8s_5ns_13_4_0_U3481,13,24,0,"",""
l1_root_channel,grp_l1_root_channel_false_16_true_s_fu_4958/mul_8s_5ns_13_4_0_U3483,13,24,0,"",""
l1_root_channel,grp_l1_root_channel_false_16_true_s_fu_4958/mul_8s_5ns_13_4_0_U3485,13,24,0,"",""
l1_root_channel,grp_l1_root_channel_false_16_true_s_fu_4958/mul_8s_5ns_13_4_0_U3487,13,24,0,"",""
l1_root_channel,grp_l1_root_channel_false_16_true_s_fu_4958/mul_8s_5ns_13_4_0_U3489,13,24,0,"",""
l1_root_channel,grp_l1_root_channel_false_16_true_s_fu_4958/mul_8s_5ns_13_4_0_U3491,13,24,0,"",""
l1_root_channel,grp_l1_root_channel_false_16_true_s_fu_4958/mul_8s_5ns_13_4_0_U3493,13,24,0,"",""
l1_root_channel,grp_l1_root_channel_false_16_true_s_fu_4958/mul_8s_5s_13_4_0_U3418,7,20,0,"",""
l1_root_channel,grp_l1_root_channel_false_16_true_s_fu_4958/mul_8s_5s_13_4_0_U3421,10,24,0,"",""
l1_root_channel,grp_l1_root_channel_false_16_true_s_fu_4958/mul_8s_5s_13_4_0_U3426,7,20,0,"",""
l1_root_channel,grp_l1_root_channel_false_16_true_s_fu_4958/mul_8s_5s_13_4_0_U3429,10,24,0,"",""
l1_root_channel,grp_l1_root_channel_false_16_true_s_fu_4958/mul_8s_5s_13_4_0_U3434,7,20,0,"",""
l1_root_channel,grp_l1_root_channel_false_16_true_s_fu_4958/mul_8s_5s_13_4_0_U3437,10,24,0,"",""
l1_root_channel,grp_l1_root_channel_false_16_true_s_fu_4958/mul_8s_5s_13_4_0_U3442,7,20,0,"",""
l1_root_channel,grp_l1_root_channel_false_16_true_s_fu_4958/mul_8s_5s_13_4_0_U3445,10,24,0,"",""
l1_root_channel,grp_l1_root_channel_false_16_true_s_fu_4958/mul_8s_5s_13_4_0_U3450,7,20,0,"",""
l1_root_channel,grp_l1_root_channel_false_16_true_s_fu_4958/mul_8s_5s_13_4_0_U3453,10,24,0,"",""
l1_root_channel,grp_l1_root_channel_false_16_true_s_fu_4958/mul_8s_5s_13_4_0_U3458,7,20,0,"",""
l1_root_channel,grp_l1_root_channel_false_16_true_s_fu_4958/mul_8s_5s_13_4_0_U3461,10,24,0,"",""
l1_root_channel,grp_l1_root_channel_false_16_true_s_fu_4958/mul_8s_5s_13_4_0_U3466,7,20,0,"",""
l1_root_channel,grp_l1_root_channel_false_16_true_s_fu_4958/mul_8s_5s_13_4_0_U3469,10,24,0,"",""
l1_root_channel,grp_l1_root_channel_false_16_true_s_fu_4958/mul_8s_5s_13_4_0_U3474,7,20,0,"",""
l1_root_channel,grp_l1_root_channel_false_16_true_s_fu_4958/mul_8s_5s_13_4_0_U3477,10,24,0,"",""
l1_root_channel,grp_l1_root_channel_false_16_true_s_fu_4958/mul_8s_6ns_14_4_0_U3416,9,24,0,"",""
l1_root_channel,grp_l1_root_channel_false_16_true_s_fu_4958/mul_8s_6ns_14_4_0_U3424,9,24,0,"",""
l1_root_channel,grp_l1_root_channel_false_16_true_s_fu_4958/mul_8s_6ns_14_4_0_U3432,9,24,0,"",""
l1_root_channel,grp_l1_root_channel_false_16_true_s_fu_4958/mul_8s_6ns_14_4_0_U3440,9,24,0,"",""
l1_root_channel,grp_l1_root_channel_false_16_true_s_fu_4958/mul_8s_6ns_14_4_0_U3448,9,24,0,"",""
l1_root_channel,grp_l1_root_channel_false_16_true_s_fu_4958/mul_8s_6ns_14_4_0_U3456,9,24,0,"",""
l1_root_channel,grp_l1_root_channel_false_16_true_s_fu_4958/mul_8s_6ns_14_4_0_U3464,9,24,0,"",""
l1_root_channel,grp_l1_root_channel_false_16_true_s_fu_4958/mul_8s_6ns_14_4_0_U3472,9,24,0,"",""
l1_root_channel,grp_l1_root_channel_false_16_true_s_fu_4958/add_15s_15s_15_2_0_U3494/u1,3,0,0,"",""
l1_root_channel,grp_l1_root_channel_false_16_true_s_fu_4958/add_15s_15s_15_2_0_U3494/u2,8,0,0,"",""
l1_root_channel,grp_l1_root_channel_false_16_true_s_fu_4958/add_15s_15s_15_2_0_U3495/u1,3,0,0,"",""
l1_root_channel,grp_l1_root_channel_false_16_true_s_fu_4958/add_15s_15s_15_2_0_U3495/u2,8,0,0,"",""
l1_root_channel,grp_l1_root_channel_false_16_true_s_fu_4958/add_15s_15s_15_2_0_U3496/u1,3,0,0,"",""
l1_root_channel,grp_l1_root_channel_false_16_true_s_fu_4958/add_15s_15s_15_2_0_U3496/u2,8,0,0,"",""
l1_root_channel,grp_l1_root_channel_false_16_true_s_fu_4958/add_15s_15s_15_2_0_U3497/u1,3,0,0,"",""
l1_root_channel,grp_l1_root_channel_false_16_true_s_fu_4958/add_15s_15s_15_2_0_U3497/u2,8,0,0,"",""
l1_root_channel,grp_l1_root_channel_false_16_true_s_fu_4958/add_15s_15s_15_2_0_U3498/u1,3,0,0,"",""
l1_root_channel,grp_l1_root_channel_false_16_true_s_fu_4958/add_15s_15s_15_2_0_U3498/u2,8,0,0,"",""
l1_root_channel,grp_l1_root_channel_false_16_true_s_fu_4958/add_15s_15s_15_2_0_U3499/u1,3,0,0,"",""
l1_root_channel,grp_l1_root_channel_false_16_true_s_fu_4958/add_15s_15s_15_2_0_U3499/u2,8,0,0,"",""
l1_root_channel,grp_l1_root_channel_false_16_true_s_fu_4958/add_15s_15s_15_2_0_U3500/u1,3,0,0,"",""
l1_root_channel,grp_l1_root_channel_false_16_true_s_fu_4958/add_15s_15s_15_2_0_U3500/u2,8,0,0,"",""
l1_root_channel,grp_l1_root_channel_false_16_true_s_fu_4958/add_15s_15s_15_2_0_U3501/u1,3,0,0,"",""
l1_root_channel,grp_l1_root_channel_false_16_true_s_fu_4958/add_15s_15s_15_2_0_U3501/u2,8,0,0,"",""
l1_root_channel,grp_l1_root_channel_false_17_true_s_fu_5066/add_18s_18s_18_2_0_U3737,18,19,0,"",""
l1_root_channel,grp_l1_root_channel_false_17_true_s_fu_5066/add_18s_18s_18_2_0_U3738,18,19,0,"",""
l1_root_channel,grp_l1_root_channel_false_17_true_s_fu_5066/add_18s_18s_18_2_0_U3739,18,19,0,"",""
l1_root_channel,grp_l1_root_channel_false_17_true_s_fu_5066/add_18s_18s_18_2_0_U3740,18,19,0,"",""
l1_root_channel,grp_l1_root_channel_false_17_true_s_fu_5066/add_18s_18s_18_2_0_U3741,18,19,0,"",""
l1_root_channel,grp_l1_root_channel_false_17_true_s_fu_5066/add_18s_18s_18_2_0_U3742,18,19,0,"",""
l1_root_channel,grp_l1_root_channel_false_17_true_s_fu_5066/add_18s_18s_18_2_0_U3743,18,19,0,"",""
l1_root_channel,grp_l1_root_channel_false_17_true_s_fu_5066/add_18s_18s_18_2_0_U3744,18,19,0,"",""
l1_root_channel,grp_l1_root_channel_false_17_true_s_fu_5066/mul_8s_3s_11_4_0_U3614,0,22,0,"",""
l1_root_channel,grp_l1_root_channel_false_17_true_s_fu_5066/mul_8s_3s_11_4_0_U3628,0,22,0,"",""
l1_root_channel,grp_l1_root_channel_false_17_true_s_fu_5066/mul_8s_3s_11_4_0_U3642,0,22,0,"",""
l1_root_channel,grp_l1_root_channel_false_17_true_s_fu_5066/mul_8s_3s_11_4_0_U3656,0,22,0,"",""
l1_root_channel,grp_l1_root_channel_false_17_true_s_fu_5066/mul_8s_3s_11_4_0_U3670,0,22,0,"",""
l1_root_channel,grp_l1_root_channel_false_17_true_s_fu_5066/mul_8s_3s_11_4_0_U3684,0,22,0,"",""
l1_root_channel,grp_l1_root_channel_false_17_true_s_fu_5066/mul_8s_3s_11_4_0_U3698,0,22,0,"",""
l1_root_channel,grp_l1_root_channel_false_17_true_s_fu_5066/mul_8s_3s_11_4_0_U3712,0,22,0,"",""
l1_root_channel,grp_l1_root_channel_false_17_true_s_fu_5066/mul_8s_4s_12_4_0_U3615,0,23,0,"",""
l1_root_channel,grp_l1_root_channel_false_17_true_s_fu_5066/mul_8s_4s_12_4_0_U3629,0,23,0,"",""
l1_root_channel,grp_l1_root_channel_false_17_true_s_fu_5066/mul_8s_4s_12_4_0_U3643,0,23,0,"",""
l1_root_channel,grp_l1_root_channel_false_17_true_s_fu_5066/mul_8s_4s_12_4_0_U3657,0,23,0,"",""
l1_root_channel,grp_l1_root_channel_false_17_true_s_fu_5066/mul_8s_4s_12_4_0_U3671,0,23,0,"",""
l1_root_channel,grp_l1_root_channel_false_17_true_s_fu_5066/mul_8s_4s_12_4_0_U3685,0,23,0,"",""
l1_root_channel,grp_l1_root_channel_false_17_true_s_fu_5066/mul_8s_4s_12_4_0_U3699,0,23,0,"",""
l1_root_channel,grp_l1_root_channel_false_17_true_s_fu_5066/mul_8s_4s_12_4_0_U3713,0,23,0,"",""
l1_root_channel,grp_l1_root_channel_false_17_true_s_fu_5066/mul_8s_5s_13_4_0_U3609,0,25,0,"",""
l1_root_channel,grp_l1_root_channel_false_17_true_s_fu_5066/mul_8s_5s_13_4_0_U3613,0,26,0,"",""
l1_root_channel,grp_l1_root_channel_false_17_true_s_fu_5066/mul_8s_5s_13_4_0_U3623,0,25,0,"",""
l1_root_channel,grp_l1_root_channel_false_17_true_s_fu_5066/mul_8s_5s_13_4_0_U3627,0,26,0,"",""
l1_root_channel,grp_l1_root_channel_false_17_true_s_fu_5066/mul_8s_5s_13_4_0_U3637,0,25,0,"",""
l1_root_channel,grp_l1_root_channel_false_17_true_s_fu_5066/mul_8s_5s_13_4_0_U3641,0,26,0,"",""
l1_root_channel,grp_l1_root_channel_false_17_true_s_fu_5066/mul_8s_5s_13_4_0_U3651,0,25,0,"",""
l1_root_channel,grp_l1_root_channel_false_17_true_s_fu_5066/mul_8s_5s_13_4_0_U3655,0,26,0,"",""
l1_root_channel,grp_l1_root_channel_false_17_true_s_fu_5066/mul_8s_5s_13_4_0_U3665,0,25,0,"",""
l1_root_channel,grp_l1_root_channel_false_17_true_s_fu_5066/mul_8s_5s_13_4_0_U3669,0,26,0,"",""
l1_root_channel,grp_l1_root_channel_false_17_true_s_fu_5066/mul_8s_5s_13_4_0_U3679,0,25,0,"",""
l1_root_channel,grp_l1_root_channel_false_17_true_s_fu_5066/mul_8s_5s_13_4_0_U3683,0,26,0,"",""
l1_root_channel,grp_l1_root_channel_false_17_true_s_fu_5066/mul_8s_5s_13_4_0_U3693,0,25,0,"",""
l1_root_channel,grp_l1_root_channel_false_17_true_s_fu_5066/mul_8s_5s_13_4_0_U3697,0,26,0,"",""
l1_root_channel,grp_l1_root_channel_false_17_true_s_fu_5066/mul_8s_5s_13_4_0_U3707,0,25,0,"",""
l1_root_channel,grp_l1_root_channel_false_17_true_s_fu_5066/mul_8s_5s_13_4_0_U3711,0,26,0,"",""
l1_root_channel,grp_l1_root_channel_false_17_true_s_fu_5066/mul_8s_6ns_14_4_0_U3612,0,22,0,"",""
l1_root_channel,grp_l1_root_channel_false_17_true_s_fu_5066/mul_8s_6ns_14_4_0_U3616,0,20,0,"",""
l1_root_channel,grp_l1_root_channel_false_17_true_s_fu_5066/mul_8s_6ns_14_4_0_U3626,0,22,0,"",""
l1_root_channel,grp_l1_root_channel_false_17_true_s_fu_5066/mul_8s_6ns_14_4_0_U3630,0,20,0,"",""
l1_root_channel,grp_l1_root_channel_false_17_true_s_fu_5066/mul_8s_6ns_14_4_0_U3640,0,22,0,"",""
l1_root_channel,grp_l1_root_channel_false_17_true_s_fu_5066/mul_8s_6ns_14_4_0_U3644,0,20,0,"",""
l1_root_channel,grp_l1_root_channel_false_17_true_s_fu_5066/mul_8s_6ns_14_4_0_U3654,0,22,0,"",""
l1_root_channel,grp_l1_root_channel_false_17_true_s_fu_5066/mul_8s_6ns_14_4_0_U3658,0,20,0,"",""
l1_root_channel,grp_l1_root_channel_false_17_true_s_fu_5066/mul_8s_6ns_14_4_0_U3668,0,22,0,"",""
l1_root_channel,grp_l1_root_channel_false_17_true_s_fu_5066/mul_8s_6ns_14_4_0_U3672,0,20,0,"",""
l1_root_channel,grp_l1_root_channel_false_17_true_s_fu_5066/mul_8s_6ns_14_4_0_U3682,0,22,0,"",""
l1_root_channel,grp_l1_root_channel_false_17_true_s_fu_5066/mul_8s_6ns_14_4_0_U3686,0,20,0,"",""
l1_root_channel,grp_l1_root_channel_false_17_true_s_fu_5066/mul_8s_6ns_14_4_0_U3696,0,22,0,"",""
l1_root_channel,grp_l1_root_channel_false_17_true_s_fu_5066/mul_8s_6ns_14_4_0_U3700,0,20,0,"",""
l1_root_channel,grp_l1_root_channel_false_17_true_s_fu_5066/mul_8s_6ns_14_4_0_U3710,0,22,0,"",""
l1_root_channel,grp_l1_root_channel_false_17_true_s_fu_5066/mul_8s_6ns_14_4_0_U3714,0,20,0,"",""
l1_root_channel,grp_l1_root_channel_false_17_true_s_fu_5066/mul_8s_7ns_15_4_0_U3617,0,28,0,"",""
l1_root_channel,grp_l1_root_channel_false_17_true_s_fu_5066/mul_8s_7ns_15_4_0_U3620,0,30,0,"",""
l1_root_channel,grp_l1_root_channel_false_17_true_s_fu_5066/mul_8s_7ns_15_4_0_U3631,0,28,0,"",""
l1_root_channel,grp_l1_root_channel_false_17_true_s_fu_5066/mul_8s_7ns_15_4_0_U3634,0,30,0,"",""
l1_root_channel,grp_l1_root_channel_false_17_true_s_fu_5066/mul_8s_7ns_15_4_0_U3645,0,28,0,"",""
l1_root_channel,grp_l1_root_channel_false_17_true_s_fu_5066/mul_8s_7ns_15_4_0_U3648,0,30,0,"",""
l1_root_channel,grp_l1_root_channel_false_17_true_s_fu_5066/mul_8s_7ns_15_4_0_U3659,0,28,0,"",""
l1_root_channel,grp_l1_root_channel_false_17_true_s_fu_5066/mul_8s_7ns_15_4_0_U3662,0,30,0,"",""
l1_root_channel,grp_l1_root_channel_false_17_true_s_fu_5066/mul_8s_7ns_15_4_0_U3673,0,28,0,"",""
l1_root_channel,grp_l1_root_channel_false_17_true_s_fu_5066/mul_8s_7ns_15_4_0_U3676,0,30,0,"",""
l1_root_channel,grp_l1_root_channel_false_17_true_s_fu_5066/mul_8s_7ns_15_4_0_U3687,0,28,0,"",""
l1_root_channel,grp_l1_root_channel_false_17_true_s_fu_5066/mul_8s_7ns_15_4_0_U3690,0,30,0,"",""
l1_root_channel,grp_l1_root_channel_false_17_true_s_fu_5066/mul_8s_7ns_15_4_0_U3701,0,28,0,"",""
l1_root_channel,grp_l1_root_channel_false_17_true_s_fu_5066/mul_8s_7ns_15_4_0_U3704,0,30,0,"",""
l1_root_channel,grp_l1_root_channel_false_17_true_s_fu_5066/mul_8s_7ns_15_4_0_U3715,0,28,0,"",""
l1_root_channel,grp_l1_root_channel_false_17_true_s_fu_5066/mul_8s_7ns_15_4_0_U3718,0,30,0,"",""
l1_root_channel,grp_l1_root_channel_false_17_true_s_fu_5066/mul_8s_7ns_15_4_0_U3721,0,30,0,"",""
l1_root_channel,grp_l1_root_channel_false_17_true_s_fu_5066/mul_8s_7ns_15_4_0_U3723,0,30,0,"",""
l1_root_channel,grp_l1_root_channel_false_17_true_s_fu_5066/mul_8s_7ns_15_4_0_U3725,0,30,0,"",""
l1_root_channel,grp_l1_root_channel_false_17_true_s_fu_5066/mul_8s_7ns_15_4_0_U3727,0,30,0,"",""
l1_root_channel,grp_l1_root_channel_false_17_true_s_fu_5066/mul_8s_7ns_15_4_0_U3729,0,30,0,"",""
l1_root_channel,grp_l1_root_channel_false_17_true_s_fu_5066/mul_8s_7ns_15_4_0_U3731,0,30,0,"",""
l1_root_channel,grp_l1_root_channel_false_17_true_s_fu_5066/mul_8s_7ns_15_4_0_U3733,0,30,0,"",""
l1_root_channel,grp_l1_root_channel_false_17_true_s_fu_5066/mul_8s_7ns_15_4_0_U3735,0,30,0,"",""
l1_root_channel,grp_l1_root_channel_false_17_true_s_fu_5066/mul_8s_7s_15_4_0_U3618,0,19,0,"",""
l1_root_channel,grp_l1_root_channel_false_17_true_s_fu_5066/mul_8s_7s_15_4_0_U3619,0,30,0,"",""
l1_root_channel,grp_l1_root_channel_false_17_true_s_fu_5066/mul_8s_7s_15_4_0_U3621,0,30,0,"",""
l1_root_channel,grp_l1_root_channel_false_17_true_s_fu_5066/mul_8s_7s_15_4_0_U3622,0,30,0,"",""
l1_root_channel,grp_l1_root_channel_false_17_true_s_fu_5066/mul_8s_7s_15_4_0_U3632,0,19,0,"",""
l1_root_channel,grp_l1_root_channel_false_17_true_s_fu_5066/mul_8s_7s_15_4_0_U3633,0,30,0,"",""
l1_root_channel,grp_l1_root_channel_false_17_true_s_fu_5066/mul_8s_7s_15_4_0_U3635,0,30,0,"",""
l1_root_channel,grp_l1_root_channel_false_17_true_s_fu_5066/mul_8s_7s_15_4_0_U3636,0,30,0,"",""
l1_root_channel,grp_l1_root_channel_false_17_true_s_fu_5066/mul_8s_7s_15_4_0_U3646,0,19,0,"",""
l1_root_channel,grp_l1_root_channel_false_17_true_s_fu_5066/mul_8s_7s_15_4_0_U3647,0,30,0,"",""
l1_root_channel,grp_l1_root_channel_false_17_true_s_fu_5066/mul_8s_7s_15_4_0_U3649,0,30,0,"",""
l1_root_channel,grp_l1_root_channel_false_17_true_s_fu_5066/mul_8s_7s_15_4_0_U3650,0,30,0,"",""
l1_root_channel,grp_l1_root_channel_false_17_true_s_fu_5066/mul_8s_7s_15_4_0_U3660,0,19,0,"",""
l1_root_channel,grp_l1_root_channel_false_17_true_s_fu_5066/mul_8s_7s_15_4_0_U3661,0,30,0,"",""
l1_root_channel,grp_l1_root_channel_false_17_true_s_fu_5066/mul_8s_7s_15_4_0_U3663,0,30,0,"",""
l1_root_channel,grp_l1_root_channel_false_17_true_s_fu_5066/mul_8s_7s_15_4_0_U3664,0,30,0,"",""
l1_root_channel,grp_l1_root_channel_false_17_true_s_fu_5066/mul_8s_7s_15_4_0_U3674,0,19,0,"",""
l1_root_channel,grp_l1_root_channel_false_17_true_s_fu_5066/mul_8s_7s_15_4_0_U3675,0,30,0,"",""
l1_root_channel,grp_l1_root_channel_false_17_true_s_fu_5066/mul_8s_7s_15_4_0_U3677,0,30,0,"",""
l1_root_channel,grp_l1_root_channel_false_17_true_s_fu_5066/mul_8s_7s_15_4_0_U3678,0,30,0,"",""
l1_root_channel,grp_l1_root_channel_false_17_true_s_fu_5066/mul_8s_7s_15_4_0_U3688,0,19,0,"",""
l1_root_channel,grp_l1_root_channel_false_17_true_s_fu_5066/mul_8s_7s_15_4_0_U3689,0,30,0,"",""
l1_root_channel,grp_l1_root_channel_false_17_true_s_fu_5066/mul_8s_7s_15_4_0_U3691,0,30,0,"",""
l1_root_channel,grp_l1_root_channel_false_17_true_s_fu_5066/mul_8s_7s_15_4_0_U3692,0,30,0,"",""
l1_root_channel,grp_l1_root_channel_false_17_true_s_fu_5066/mul_8s_7s_15_4_0_U3702,0,19,0,"",""
l1_root_channel,grp_l1_root_channel_false_17_true_s_fu_5066/mul_8s_7s_15_4_0_U3703,0,30,0,"",""
l1_root_channel,grp_l1_root_channel_false_17_true_s_fu_5066/mul_8s_7s_15_4_0_U3705,0,30,0,"",""
l1_root_channel,grp_l1_root_channel_false_17_true_s_fu_5066/mul_8s_7s_15_4_0_U3706,0,30,0,"",""
l1_root_channel,grp_l1_root_channel_false_17_true_s_fu_5066/mul_8s_7s_15_4_0_U3716,0,19,0,"",""
l1_root_channel,grp_l1_root_channel_false_17_true_s_fu_5066/mul_8s_7s_15_4_0_U3717,0,30,0,"",""
l1_root_channel,grp_l1_root_channel_false_17_true_s_fu_5066/mul_8s_7s_15_4_0_U3719,0,30,0,"",""
l1_root_channel,grp_l1_root_channel_false_17_true_s_fu_5066/mul_8s_7s_15_4_0_U3720,0,30,0,"",""
l1_root_channel,grp_l1_root_channel_false_17_true_s_fu_5066/mul_8s_8ns_16_4_0_U3610,5,24,0,"",""
l1_root_channel,grp_l1_root_channel_false_17_true_s_fu_5066/mul_8s_8ns_16_4_0_U3611,1,26,0,"",""
l1_root_channel,grp_l1_root_channel_false_17_true_s_fu_5066/mul_8s_8ns_16_4_0_U3624,5,24,0,"",""
l1_root_channel,grp_l1_root_channel_false_17_true_s_fu_5066/mul_8s_8ns_16_4_0_U3625,1,26,0,"",""
l1_root_channel,grp_l1_root_channel_false_17_true_s_fu_5066/mul_8s_8ns_16_4_0_U3638,5,24,0,"",""
l1_root_channel,grp_l1_root_channel_false_17_true_s_fu_5066/mul_8s_8ns_16_4_0_U3639,1,26,0,"",""
l1_root_channel,grp_l1_root_channel_false_17_true_s_fu_5066/mul_8s_8ns_16_4_0_U3652,5,24,0,"",""
l1_root_channel,grp_l1_root_channel_false_17_true_s_fu_5066/mul_8s_8ns_16_4_0_U3653,1,26,0,"",""
l1_root_channel,grp_l1_root_channel_false_17_true_s_fu_5066/mul_8s_8ns_16_4_0_U3666,5,24,0,"",""
l1_root_channel,grp_l1_root_channel_false_17_true_s_fu_5066/mul_8s_8ns_16_4_0_U3667,1,26,0,"",""
l1_root_channel,grp_l1_root_channel_false_17_true_s_fu_5066/mul_8s_8ns_16_4_0_U3680,5,24,0,"",""
l1_root_channel,grp_l1_root_channel_false_17_true_s_fu_5066/mul_8s_8ns_16_4_0_U3681,1,26,0,"",""
l1_root_channel,grp_l1_root_channel_false_17_true_s_fu_5066/mul_8s_8ns_16_4_0_U3694,5,24,0,"",""
l1_root_channel,grp_l1_root_channel_false_17_true_s_fu_5066/mul_8s_8ns_16_4_0_U3695,1,26,0,"",""
l1_root_channel,grp_l1_root_channel_false_17_true_s_fu_5066/mul_8s_8ns_16_4_0_U3708,5,24,0,"",""
l1_root_channel,grp_l1_root_channel_false_17_true_s_fu_5066/mul_8s_8ns_16_4_0_U3709,1,26,0,"",""
l1_root_channel,grp_l1_root_channel_false_17_true_s_fu_5066/mul_8s_8ns_16_4_0_U3722,5,24,0,"",""
l1_root_channel,grp_l1_root_channel_false_17_true_s_fu_5066/mul_8s_8ns_16_4_0_U3724,5,24,0,"",""
l1_root_channel,grp_l1_root_channel_false_17_true_s_fu_5066/mul_8s_8ns_16_4_0_U3726,5,24,0,"",""
l1_root_channel,grp_l1_root_channel_false_17_true_s_fu_5066/mul_8s_8ns_16_4_0_U3728,5,24,0,"",""
l1_root_channel,grp_l1_root_channel_false_17_true_s_fu_5066/mul_8s_8ns_16_4_0_U3730,5,24,0,"",""
l1_root_channel,grp_l1_root_channel_false_17_true_s_fu_5066/mul_8s_8ns_16_4_0_U3732,5,24,0,"",""
l1_root_channel,grp_l1_root_channel_false_17_true_s_fu_5066/mul_8s_8ns_16_4_0_U3734,5,24,0,"",""
l1_root_channel,grp_l1_root_channel_false_17_true_s_fu_5066/mul_8s_8ns_16_4_0_U3736,5,24,0,"",""
l1_root_channel,grp_l1_root_channel_false_17_true_s_fu_5066/add_18s_18s_18_2_0_U3737/u1,9,0,0,"",""
l1_root_channel,grp_l1_root_channel_false_17_true_s_fu_5066/add_18s_18s_18_2_0_U3737/u2,9,0,0,"",""
l1_root_channel,grp_l1_root_channel_false_17_true_s_fu_5066/add_18s_18s_18_2_0_U3738/u1,9,0,0,"",""
l1_root_channel,grp_l1_root_channel_false_17_true_s_fu_5066/add_18s_18s_18_2_0_U3738/u2,9,0,0,"",""
l1_root_channel,grp_l1_root_channel_false_17_true_s_fu_5066/add_18s_18s_18_2_0_U3739/u1,9,0,0,"",""
l1_root_channel,grp_l1_root_channel_false_17_true_s_fu_5066/add_18s_18s_18_2_0_U3739/u2,9,0,0,"",""
l1_root_channel,grp_l1_root_channel_false_17_true_s_fu_5066/add_18s_18s_18_2_0_U3740/u1,9,0,0,"",""
l1_root_channel,grp_l1_root_channel_false_17_true_s_fu_5066/add_18s_18s_18_2_0_U3740/u2,9,0,0,"",""
l1_root_channel,grp_l1_root_channel_false_17_true_s_fu_5066/add_18s_18s_18_2_0_U3741/u1,9,0,0,"",""
l1_root_channel,grp_l1_root_channel_false_17_true_s_fu_5066/add_18s_18s_18_2_0_U3741/u2,9,0,0,"",""
l1_root_channel,grp_l1_root_channel_false_17_true_s_fu_5066/add_18s_18s_18_2_0_U3742/u1,9,0,0,"",""
l1_root_channel,grp_l1_root_channel_false_17_true_s_fu_5066/add_18s_18s_18_2_0_U3742/u2,9,0,0,"",""
l1_root_channel,grp_l1_root_channel_false_17_true_s_fu_5066/add_18s_18s_18_2_0_U3743/u1,9,0,0,"",""
l1_root_channel,grp_l1_root_channel_false_17_true_s_fu_5066/add_18s_18s_18_2_0_U3743/u2,9,0,0,"",""
l1_root_channel,grp_l1_root_channel_false_17_true_s_fu_5066/add_18s_18s_18_2_0_U3744/u1,9,0,0,"",""
l1_root_channel,grp_l1_root_channel_false_17_true_s_fu_5066/add_18s_18s_18_2_0_U3744/u2,9,0,0,"",""
l1_root_channel,grp_l1_root_channel_false_18_true_s_fu_3330/add_18s_18s_18_2_0_U3993,18,19,0,"",""
l1_root_channel,grp_l1_root_channel_false_18_true_s_fu_3330/add_18s_18s_18_2_0_U3994,18,19,0,"",""
l1_root_channel,grp_l1_root_channel_false_18_true_s_fu_3330/add_18s_18s_18_2_0_U3995,18,19,0,"",""
l1_root_channel,grp_l1_root_channel_false_18_true_s_fu_3330/add_18s_18s_18_2_0_U3996,18,19,0,"",""
l1_root_channel,grp_l1_root_channel_false_18_true_s_fu_3330/add_18s_18s_18_2_0_U3997,18,19,0,"",""
l1_root_channel,grp_l1_root_channel_false_18_true_s_fu_3330/add_18s_18s_18_2_0_U3998,18,19,0,"",""
l1_root_channel,grp_l1_root_channel_false_18_true_s_fu_3330/add_18s_18s_18_2_0_U3999,18,19,0,"",""
l1_root_channel,grp_l1_root_channel_false_18_true_s_fu_3330/add_18s_18s_18_2_0_U4000,18,19,0,"",""
l1_root_channel,grp_l1_root_channel_false_18_true_s_fu_3330/mul_8s_4s_12_4_0_U3876,12,20,0,"",""
l1_root_channel,grp_l1_root_channel_false_18_true_s_fu_3330/mul_8s_4s_12_4_0_U3887,7,20,0,"",""
l1_root_channel,grp_l1_root_channel_false_18_true_s_fu_3330/mul_8s_4s_12_4_0_U3898,7,20,0,"",""
l1_root_channel,grp_l1_root_channel_false_18_true_s_fu_3330/mul_8s_4s_12_4_0_U3909,7,20,0,"",""
l1_root_channel,grp_l1_root_channel_false_18_true_s_fu_3330/mul_8s_4s_12_4_0_U3920,7,20,0,"",""
l1_root_channel,grp_l1_root_channel_false_18_true_s_fu_3330/mul_8s_4s_12_4_0_U3931,7,20,0,"",""
l1_root_channel,grp_l1_root_channel_false_18_true_s_fu_3330/mul_8s_4s_12_4_0_U3942,7,20,0,"",""
l1_root_channel,grp_l1_root_channel_false_18_true_s_fu_3330/mul_8s_4s_12_4_0_U3953,7,20,0,"",""
l1_root_channel,grp_l1_root_channel_false_18_true_s_fu_3330/mul_8s_5ns_13_4_0_U3878,0,20,0,"",""
l1_root_channel,grp_l1_root_channel_false_18_true_s_fu_3330/mul_8s_5ns_13_4_0_U3889,8,21,0,"",""
l1_root_channel,grp_l1_root_channel_false_18_true_s_fu_3330/mul_8s_5ns_13_4_0_U3900,0,20,0,"",""
l1_root_channel,grp_l1_root_channel_false_18_true_s_fu_3330/mul_8s_5ns_13_4_0_U3911,0,20,0,"",""
l1_root_channel,grp_l1_root_channel_false_18_true_s_fu_3330/mul_8s_5ns_13_4_0_U3922,0,20,0,"",""
l1_root_channel,grp_l1_root_channel_false_18_true_s_fu_3330/mul_8s_5ns_13_4_0_U3933,0,20,0,"",""
l1_root_channel,grp_l1_root_channel_false_18_true_s_fu_3330/mul_8s_5ns_13_4_0_U3944,0,20,0,"",""
l1_root_channel,grp_l1_root_channel_false_18_true_s_fu_3330/mul_8s_5ns_13_4_0_U3955,0,20,0,"",""
l1_root_channel,grp_l1_root_channel_false_18_true_s_fu_3330/mul_8s_6ns_14_4_0_U3874,0,26,0,"",""
l1_root_channel,grp_l1_root_channel_false_18_true_s_fu_3330/mul_8s_6ns_14_4_0_U3882,8,27,0,"",""
l1_root_channel,grp_l1_root_channel_false_18_true_s_fu_3330/mul_8s_6ns_14_4_0_U3883,0,26,0,"",""
l1_root_channel,grp_l1_root_channel_false_18_true_s_fu_3330/mul_8s_6ns_14_4_0_U3885,0,26,0,"",""
l1_root_channel,grp_l1_root_channel_false_18_true_s_fu_3330/mul_8s_6ns_14_4_0_U3893,8,27,0,"",""
l1_root_channel,grp_l1_root_channel_false_18_true_s_fu_3330/mul_8s_6ns_14_4_0_U3894,0,26,0,"",""
l1_root_channel,grp_l1_root_channel_false_18_true_s_fu_3330/mul_8s_6ns_14_4_0_U3896,0,26,0,"",""
l1_root_channel,grp_l1_root_channel_false_18_true_s_fu_3330/mul_8s_6ns_14_4_0_U3904,8,27,0,"",""
l1_root_channel,grp_l1_root_channel_false_18_true_s_fu_3330/mul_8s_6ns_14_4_0_U3905,0,26,0,"",""
l1_root_channel,grp_l1_root_channel_false_18_true_s_fu_3330/mul_8s_6ns_14_4_0_U3907,0,26,0,"",""
l1_root_channel,grp_l1_root_channel_false_18_true_s_fu_3330/mul_8s_6ns_14_4_0_U3915,8,27,0,"",""
l1_root_channel,grp_l1_root_channel_false_18_true_s_fu_3330/mul_8s_6ns_14_4_0_U3916,0,26,0,"",""
l1_root_channel,grp_l1_root_channel_false_18_true_s_fu_3330/mul_8s_6ns_14_4_0_U3918,0,26,0,"",""
l1_root_channel,grp_l1_root_channel_false_18_true_s_fu_3330/mul_8s_6ns_14_4_0_U3926,8,27,0,"",""
l1_root_channel,grp_l1_root_channel_false_18_true_s_fu_3330/mul_8s_6ns_14_4_0_U3927,0,26,0,"",""
l1_root_channel,grp_l1_root_channel_false_18_true_s_fu_3330/mul_8s_6ns_14_4_0_U3929,0,26,0,"",""
l1_root_channel,grp_l1_root_channel_false_18_true_s_fu_3330/mul_8s_6ns_14_4_0_U3937,8,27,0,"",""
l1_root_channel,grp_l1_root_channel_false_18_true_s_fu_3330/mul_8s_6ns_14_4_0_U3938,0,26,0,"",""
l1_root_channel,grp_l1_root_channel_false_18_true_s_fu_3330/mul_8s_6ns_14_4_0_U3940,0,26,0,"",""
l1_root_channel,grp_l1_root_channel_false_18_true_s_fu_3330/mul_8s_6ns_14_4_0_U3948,8,27,0,"",""
l1_root_channel,grp_l1_root_channel_false_18_true_s_fu_3330/mul_8s_6ns_14_4_0_U3949,0,26,0,"",""
l1_root_channel,grp_l1_root_channel_false_18_true_s_fu_3330/mul_8s_6ns_14_4_0_U3951,0,26,0,"",""
l1_root_channel,grp_l1_root_channel_false_18_true_s_fu_3330/mul_8s_6ns_14_4_0_U3959,8,27,0,"",""
l1_root_channel,grp_l1_root_channel_false_18_true_s_fu_3330/mul_8s_6ns_14_4_0_U3960,0,26,0,"",""
l1_root_channel,grp_l1_root_channel_false_18_true_s_fu_3330/mul_8s_7ns_15_4_0_U3961,349,37,0,"",""
l1_root_channel,grp_l1_root_channel_false_18_true_s_fu_3330/mul_8s_7ns_15_4_0_U3965,351,37,0,"",""
l1_root_channel,grp_l1_root_channel_false_18_true_s_fu_3330/mul_8s_7ns_15_4_0_U3969,346,37,0,"",""
l1_root_channel,grp_l1_root_channel_false_18_true_s_fu_3330/mul_8s_7ns_15_4_0_U3973,346,37,0,"",""
l1_root_channel,grp_l1_root_channel_false_18_true_s_fu_3330/mul_8s_7ns_15_4_0_U3977,345,37,0,"",""
l1_root_channel,grp_l1_root_channel_false_18_true_s_fu_3330/mul_8s_7ns_15_4_0_U3981,350,37,0,"",""
l1_root_channel,grp_l1_root_channel_false_18_true_s_fu_3330/mul_8s_7ns_15_4_0_U3985,348,37,0,"",""
l1_root_channel,grp_l1_root_channel_false_18_true_s_fu_3330/mul_8s_7ns_15_4_0_U3989,348,37,0,"",""
l1_root_channel,grp_l1_root_channel_false_18_true_s_fu_3330/mul_8s_7s_15_4_0_U3880,0,30,0,"",""
l1_root_channel,grp_l1_root_channel_false_18_true_s_fu_3330/mul_8s_7s_15_4_0_U3891,0,30,0,"",""
l1_root_channel,grp_l1_root_channel_false_18_true_s_fu_3330/mul_8s_7s_15_4_0_U3902,0,30,0,"",""
l1_root_channel,grp_l1_root_channel_false_18_true_s_fu_3330/mul_8s_7s_15_4_0_U3913,0,30,0,"",""
l1_root_channel,grp_l1_root_channel_false_18_true_s_fu_3330/mul_8s_7s_15_4_0_U3924,0,30,0,"",""
l1_root_channel,grp_l1_root_channel_false_18_true_s_fu_3330/mul_8s_7s_15_4_0_U3935,0,30,0,"",""
l1_root_channel,grp_l1_root_channel_false_18_true_s_fu_3330/mul_8s_7s_15_4_0_U3946,0,30,0,"",""
l1_root_channel,grp_l1_root_channel_false_18_true_s_fu_3330/mul_8s_7s_15_4_0_U3957,0,30,0,"",""
l1_root_channel,grp_l1_root_channel_false_18_true_s_fu_3330/mul_8s_7s_15_4_0_U3963,347,33,0,"",""
l1_root_channel,grp_l1_root_channel_false_18_true_s_fu_3330/mul_8s_7s_15_4_0_U3967,363,33,0,"",""
l1_root_channel,grp_l1_root_channel_false_18_true_s_fu_3330/mul_8s_7s_15_4_0_U3971,354,33,0,"",""
l1_root_channel,grp_l1_root_channel_false_18_true_s_fu_3330/mul_8s_7s_15_4_0_U3975,354,33,0,"",""
l1_root_channel,grp_l1_root_channel_false_18_true_s_fu_3330/mul_8s_7s_15_4_0_U3979,354,33,0,"",""
l1_root_channel,grp_l1_root_channel_false_18_true_s_fu_3330/mul_8s_7s_15_4_0_U3983,354,33,0,"",""
l1_root_channel,grp_l1_root_channel_false_18_true_s_fu_3330/mul_8s_7s_15_4_0_U3987,347,33,0,"",""
l1_root_channel,grp_l1_root_channel_false_18_true_s_fu_3330/mul_8s_7s_15_4_0_U3991,347,33,0,"",""
l1_root_channel,grp_l1_root_channel_false_18_true_s_fu_3330/mul_8s_8ns_16_4_0_U3873,6,30,0,"",""
l1_root_channel,grp_l1_root_channel_false_18_true_s_fu_3330/mul_8s_8ns_16_4_0_U3875,1,28,0,"",""
l1_root_channel,grp_l1_root_channel_false_18_true_s_fu_3330/mul_8s_8ns_16_4_0_U3877,1,18,0,"",""
l1_root_channel,grp_l1_root_channel_false_18_true_s_fu_3330/mul_8s_8ns_16_4_0_U3881,4,26,0,"",""
l1_root_channel,grp_l1_root_channel_false_18_true_s_fu_3330/mul_8s_8ns_16_4_0_U3884,6,30,0,"",""
l1_root_channel,grp_l1_root_channel_false_18_true_s_fu_3330/mul_8s_8ns_16_4_0_U3886,1,28,0,"",""
l1_root_channel,grp_l1_root_channel_false_18_true_s_fu_3330/mul_8s_8ns_16_4_0_U3888,1,18,0,"",""
l1_root_channel,grp_l1_root_channel_false_18_true_s_fu_3330/mul_8s_8ns_16_4_0_U3892,4,26,0,"",""
l1_root_channel,grp_l1_root_channel_false_18_true_s_fu_3330/mul_8s_8ns_16_4_0_U3895,6,30,0,"",""
l1_root_channel,grp_l1_root_channel_false_18_true_s_fu_3330/mul_8s_8ns_16_4_0_U3897,1,28,0,"",""
l1_root_channel,grp_l1_root_channel_false_18_true_s_fu_3330/mul_8s_8ns_16_4_0_U3899,1,18,0,"",""
l1_root_channel,grp_l1_root_channel_false_18_true_s_fu_3330/mul_8s_8ns_16_4_0_U3903,4,26,0,"",""
l1_root_channel,grp_l1_root_channel_false_18_true_s_fu_3330/mul_8s_8ns_16_4_0_U3906,6,30,0,"",""
l1_root_channel,grp_l1_root_channel_false_18_true_s_fu_3330/mul_8s_8ns_16_4_0_U3908,1,28,0,"",""
l1_root_channel,grp_l1_root_channel_false_18_true_s_fu_3330/mul_8s_8ns_16_4_0_U3910,1,18,0,"",""
l1_root_channel,grp_l1_root_channel_false_18_true_s_fu_3330/mul_8s_8ns_16_4_0_U3914,4,26,0,"",""
l1_root_channel,grp_l1_root_channel_false_18_true_s_fu_3330/mul_8s_8ns_16_4_0_U3917,6,30,0,"",""
l1_root_channel,grp_l1_root_channel_false_18_true_s_fu_3330/mul_8s_8ns_16_4_0_U3919,1,28,0,"",""
l1_root_channel,grp_l1_root_channel_false_18_true_s_fu_3330/mul_8s_8ns_16_4_0_U3921,1,18,0,"",""
l1_root_channel,grp_l1_root_channel_false_18_true_s_fu_3330/mul_8s_8ns_16_4_0_U3925,4,26,0,"",""
l1_root_channel,grp_l1_root_channel_false_18_true_s_fu_3330/mul_8s_8ns_16_4_0_U3928,6,30,0,"",""
l1_root_channel,grp_l1_root_channel_false_18_true_s_fu_3330/mul_8s_8ns_16_4_0_U3930,1,28,0,"",""
l1_root_channel,grp_l1_root_channel_false_18_true_s_fu_3330/mul_8s_8ns_16_4_0_U3932,1,18,0,"",""
l1_root_channel,grp_l1_root_channel_false_18_true_s_fu_3330/mul_8s_8ns_16_4_0_U3936,4,26,0,"",""
l1_root_channel,grp_l1_root_channel_false_18_true_s_fu_3330/mul_8s_8ns_16_4_0_U3939,6,30,0,"",""
l1_root_channel,grp_l1_root_channel_false_18_true_s_fu_3330/mul_8s_8ns_16_4_0_U3941,1,28,0,"",""
l1_root_channel,grp_l1_root_channel_false_18_true_s_fu_3330/mul_8s_8ns_16_4_0_U3943,1,18,0,"",""
l1_root_channel,grp_l1_root_channel_false_18_true_s_fu_3330/mul_8s_8ns_16_4_0_U3947,4,26,0,"",""
l1_root_channel,grp_l1_root_channel_false_18_true_s_fu_3330/mul_8s_8ns_16_4_0_U3950,6,30,0,"",""
l1_root_channel,grp_l1_root_channel_false_18_true_s_fu_3330/mul_8s_8ns_16_4_0_U3952,1,28,0,"",""
l1_root_channel,grp_l1_root_channel_false_18_true_s_fu_3330/mul_8s_8ns_16_4_0_U3954,1,18,0,"",""
l1_root_channel,grp_l1_root_channel_false_18_true_s_fu_3330/mul_8s_8ns_16_4_0_U3958,4,26,0,"",""
l1_root_channel,grp_l1_root_channel_false_18_true_s_fu_3330/mul_8s_8s_16_4_0_U3879,2,27,0,"",""
l1_root_channel,grp_l1_root_channel_false_18_true_s_fu_3330/mul_8s_8s_16_4_0_U3890,2,27,0,"",""
l1_root_channel,grp_l1_root_channel_false_18_true_s_fu_3330/mul_8s_8s_16_4_0_U3901,2,27,0,"",""
l1_root_channel,grp_l1_root_channel_false_18_true_s_fu_3330/mul_8s_8s_16_4_0_U3912,2,27,0,"",""
l1_root_channel,grp_l1_root_channel_false_18_true_s_fu_3330/mul_8s_8s_16_4_0_U3923,2,27,0,"",""
l1_root_channel,grp_l1_root_channel_false_18_true_s_fu_3330/mul_8s_8s_16_4_0_U3934,2,27,0,"",""
l1_root_channel,grp_l1_root_channel_false_18_true_s_fu_3330/mul_8s_8s_16_4_0_U3945,2,27,0,"",""
l1_root_channel,grp_l1_root_channel_false_18_true_s_fu_3330/mul_8s_8s_16_4_0_U3956,2,27,0,"",""
l1_root_channel,grp_l1_root_channel_false_18_true_s_fu_3330/mul_8s_8s_16_4_0_U3962,176,26,0,"",""
l1_root_channel,grp_l1_root_channel_false_18_true_s_fu_3330/mul_8s_8s_16_4_0_U3964,331,37,0,"",""
l1_root_channel,grp_l1_root_channel_false_18_true_s_fu_3330/mul_8s_8s_16_4_0_U3966,178,26,0,"",""
l1_root_channel,grp_l1_root_channel_false_18_true_s_fu_3330/mul_8s_8s_16_4_0_U3968,340,37,0,"",""
l1_root_channel,grp_l1_root_channel_false_18_true_s_fu_3330/mul_8s_8s_16_4_0_U3970,178,26,0,"",""
l1_root_channel,grp_l1_root_channel_false_18_true_s_fu_3330/mul_8s_8s_16_4_0_U3972,337,37,0,"",""
l1_root_channel,grp_l1_root_channel_false_18_true_s_fu_3330/mul_8s_8s_16_4_0_U3974,178,26,0,"",""
l1_root_channel,grp_l1_root_channel_false_18_true_s_fu_3330/mul_8s_8s_16_4_0_U3976,337,37,0,"",""
l1_root_channel,grp_l1_root_channel_false_18_true_s_fu_3330/mul_8s_8s_16_4_0_U3978,184,26,0,"",""
l1_root_channel,grp_l1_root_channel_false_18_true_s_fu_3330/mul_8s_8s_16_4_0_U3980,337,37,0,"",""
l1_root_channel,grp_l1_root_channel_false_18_true_s_fu_3330/mul_8s_8s_16_4_0_U3982,178,26,0,"",""
l1_root_channel,grp_l1_root_channel_false_18_true_s_fu_3330/mul_8s_8s_16_4_0_U3984,337,37,0,"",""
l1_root_channel,grp_l1_root_channel_false_18_true_s_fu_3330/mul_8s_8s_16_4_0_U3986,176,26,0,"",""
l1_root_channel,grp_l1_root_channel_false_18_true_s_fu_3330/mul_8s_8s_16_4_0_U3988,331,37,0,"",""
l1_root_channel,grp_l1_root_channel_false_18_true_s_fu_3330/mul_8s_8s_16_4_0_U3990,170,26,0,"",""
l1_root_channel,grp_l1_root_channel_false_18_true_s_fu_3330/mul_8s_8s_16_4_0_U3992,331,37,0,"",""
l1_root_channel,grp_l1_root_channel_false_18_true_s_fu_3330/add_18s_18s_18_2_0_U3993/u1,9,0,0,"",""
l1_root_channel,grp_l1_root_channel_false_18_true_s_fu_3330/add_18s_18s_18_2_0_U3993/u2,9,0,0,"",""
l1_root_channel,grp_l1_root_channel_false_18_true_s_fu_3330/add_18s_18s_18_2_0_U3994/u1,9,0,0,"",""
l1_root_channel,grp_l1_root_channel_false_18_true_s_fu_3330/add_18s_18s_18_2_0_U3994/u2,9,0,0,"",""
l1_root_channel,grp_l1_root_channel_false_18_true_s_fu_3330/add_18s_18s_18_2_0_U3995/u1,9,0,0,"",""
l1_root_channel,grp_l1_root_channel_false_18_true_s_fu_3330/add_18s_18s_18_2_0_U3995/u2,9,0,0,"",""
l1_root_channel,grp_l1_root_channel_false_18_true_s_fu_3330/add_18s_18s_18_2_0_U3996/u1,9,0,0,"",""
l1_root_channel,grp_l1_root_channel_false_18_true_s_fu_3330/add_18s_18s_18_2_0_U3996/u2,9,0,0,"",""
l1_root_channel,grp_l1_root_channel_false_18_true_s_fu_3330/add_18s_18s_18_2_0_U3997/u1,9,0,0,"",""
l1_root_channel,grp_l1_root_channel_false_18_true_s_fu_3330/add_18s_18s_18_2_0_U3997/u2,9,0,0,"",""
l1_root_channel,grp_l1_root_channel_false_18_true_s_fu_3330/add_18s_18s_18_2_0_U3998/u1,9,0,0,"",""
l1_root_channel,grp_l1_root_channel_false_18_true_s_fu_3330/add_18s_18s_18_2_0_U3998/u2,9,0,0,"",""
l1_root_channel,grp_l1_root_channel_false_18_true_s_fu_3330/add_18s_18s_18_2_0_U3999/u1,9,0,0,"",""
l1_root_channel,grp_l1_root_channel_false_18_true_s_fu_3330/add_18s_18s_18_2_0_U3999/u2,9,0,0,"",""
l1_root_channel,grp_l1_root_channel_false_18_true_s_fu_3330/add_18s_18s_18_2_0_U4000/u1,9,0,0,"",""
l1_root_channel,grp_l1_root_channel_false_18_true_s_fu_3330/add_18s_18s_18_2_0_U4000/u2,9,0,0,"",""
l1_root_channel,grp_l1_root_channel_false_19_true_s_fu_5198/add_18s_18s_18_2_0_U4217,18,19,0,"",""
l1_root_channel,grp_l1_root_channel_false_19_true_s_fu_5198/add_18s_18s_18_2_0_U4218,18,19,0,"",""
l1_root_channel,grp_l1_root_channel_false_19_true_s_fu_5198/add_18s_18s_18_2_0_U4219,18,19,0,"",""
l1_root_channel,grp_l1_root_channel_false_19_true_s_fu_5198/add_18s_18s_18_2_0_U4220,18,19,0,"",""
l1_root_channel,grp_l1_root_channel_false_19_true_s_fu_5198/add_18s_18s_18_2_0_U4221,18,19,0,"",""
l1_root_channel,grp_l1_root_channel_false_19_true_s_fu_5198/add_18s_18s_18_2_0_U4222,18,19,0,"",""
l1_root_channel,grp_l1_root_channel_false_19_true_s_fu_5198/add_18s_18s_18_2_0_U4223,18,19,0,"",""
l1_root_channel,grp_l1_root_channel_false_19_true_s_fu_5198/add_18s_18s_18_2_0_U4224,18,19,0,"",""
l1_root_channel,grp_l1_root_channel_false_19_true_s_fu_5198/mul_8s_4s_12_4_0_U4124,0,18,0,"",""
l1_root_channel,grp_l1_root_channel_false_19_true_s_fu_5198/mul_8s_4s_12_4_0_U4135,0,18,0,"",""
l1_root_channel,grp_l1_root_channel_false_19_true_s_fu_5198/mul_8s_4s_12_4_0_U4146,0,18,0,"",""
l1_root_channel,grp_l1_root_channel_false_19_true_s_fu_5198/mul_8s_4s_12_4_0_U4157,0,18,0,"",""
l1_root_channel,grp_l1_root_channel_false_19_true_s_fu_5198/mul_8s_4s_12_4_0_U4168,0,18,0,"",""
l1_root_channel,grp_l1_root_channel_false_19_true_s_fu_5198/mul_8s_4s_12_4_0_U4179,0,18,0,"",""
l1_root_channel,grp_l1_root_channel_false_19_true_s_fu_5198/mul_8s_4s_12_4_0_U4190,0,18,0,"",""
l1_root_channel,grp_l1_root_channel_false_19_true_s_fu_5198/mul_8s_4s_12_4_0_U4201,0,18,0,"",""
l1_root_channel,grp_l1_root_channel_false_19_true_s_fu_5198/mul_8s_6ns_14_4_0_U4126,0,20,0,"",""
l1_root_channel,grp_l1_root_channel_false_19_true_s_fu_5198/mul_8s_6ns_14_4_0_U4131,0,26,0,"",""
l1_root_channel,grp_l1_root_channel_false_19_true_s_fu_5198/mul_8s_6ns_14_4_0_U4137,0,20,0,"",""
l1_root_channel,grp_l1_root_channel_false_19_true_s_fu_5198/mul_8s_6ns_14_4_0_U4142,0,26,0,"",""
l1_root_channel,grp_l1_root_channel_false_19_true_s_fu_5198/mul_8s_6ns_14_4_0_U4148,0,20,0,"",""
l1_root_channel,grp_l1_root_channel_false_19_true_s_fu_5198/mul_8s_6ns_14_4_0_U4153,0,26,0,"",""
l1_root_channel,grp_l1_root_channel_false_19_true_s_fu_5198/mul_8s_6ns_14_4_0_U4159,0,20,0,"",""
l1_root_channel,grp_l1_root_channel_false_19_true_s_fu_5198/mul_8s_6ns_14_4_0_U4164,0,26,0,"",""
l1_root_channel,grp_l1_root_channel_false_19_true_s_fu_5198/mul_8s_6ns_14_4_0_U4170,0,20,0,"",""
l1_root_channel,grp_l1_root_channel_false_19_true_s_fu_5198/mul_8s_6ns_14_4_0_U4175,0,26,0,"",""
l1_root_channel,grp_l1_root_channel_false_19_true_s_fu_5198/mul_8s_6ns_14_4_0_U4181,0,20,0,"",""
l1_root_channel,grp_l1_root_channel_false_19_true_s_fu_5198/mul_8s_6ns_14_4_0_U4186,0,26,0,"",""
l1_root_channel,grp_l1_root_channel_false_19_true_s_fu_5198/mul_8s_6ns_14_4_0_U4192,0,20,0,"",""
l1_root_channel,grp_l1_root_channel_false_19_true_s_fu_5198/mul_8s_6ns_14_4_0_U4197,0,26,0,"",""
l1_root_channel,grp_l1_root_channel_false_19_true_s_fu_5198/mul_8s_6ns_14_4_0_U4203,0,20,0,"",""
l1_root_channel,grp_l1_root_channel_false_19_true_s_fu_5198/mul_8s_6ns_14_4_0_U4208,0,26,0,"",""
l1_root_channel,grp_l1_root_channel_false_19_true_s_fu_5198/mul_8s_7ns_15_4_0_U4122,0,26,0,"",""
l1_root_channel,grp_l1_root_channel_false_19_true_s_fu_5198/mul_8s_7ns_15_4_0_U4128,0,18,0,"",""
l1_root_channel,grp_l1_root_channel_false_19_true_s_fu_5198/mul_8s_7ns_15_4_0_U4133,0,26,0,"",""
l1_root_channel,grp_l1_root_channel_false_19_true_s_fu_5198/mul_8s_7ns_15_4_0_U4139,0,18,0,"",""
l1_root_channel,grp_l1_root_channel_false_19_true_s_fu_5198/mul_8s_7ns_15_4_0_U4144,0,26,0,"",""
l1_root_channel,grp_l1_root_channel_false_19_true_s_fu_5198/mul_8s_7ns_15_4_0_U4150,0,18,0,"",""
l1_root_channel,grp_l1_root_channel_false_19_true_s_fu_5198/mul_8s_7ns_15_4_0_U4155,0,26,0,"",""
l1_root_channel,grp_l1_root_channel_false_19_true_s_fu_5198/mul_8s_7ns_15_4_0_U4161,0,18,0,"",""
l1_root_channel,grp_l1_root_channel_false_19_true_s_fu_5198/mul_8s_7ns_15_4_0_U4166,0,26,0,"",""
l1_root_channel,grp_l1_root_channel_false_19_true_s_fu_5198/mul_8s_7ns_15_4_0_U4172,0,18,0,"",""
l1_root_channel,grp_l1_root_channel_false_19_true_s_fu_5198/mul_8s_7ns_15_4_0_U4177,0,26,0,"",""
l1_root_channel,grp_l1_root_channel_false_19_true_s_fu_5198/mul_8s_7ns_15_4_0_U4183,0,18,0,"",""
l1_root_channel,grp_l1_root_channel_false_19_true_s_fu_5198/mul_8s_7ns_15_4_0_U4188,0,26,0,"",""
l1_root_channel,grp_l1_root_channel_false_19_true_s_fu_5198/mul_8s_7ns_15_4_0_U4194,0,18,0,"",""
l1_root_channel,grp_l1_root_channel_false_19_true_s_fu_5198/mul_8s_7ns_15_4_0_U4199,0,26,0,"",""
l1_root_channel,grp_l1_root_channel_false_19_true_s_fu_5198/mul_8s_7ns_15_4_0_U4205,0,18,0,"",""
l1_root_channel,grp_l1_root_channel_false_19_true_s_fu_5198/mul_8s_7s_15_4_0_U4127,0,26,0,"",""
l1_root_channel,grp_l1_root_channel_false_19_true_s_fu_5198/mul_8s_7s_15_4_0_U4129,3,28,0,"",""
l1_root_channel,grp_l1_root_channel_false_19_true_s_fu_5198/mul_8s_7s_15_4_0_U4138,0,26,0,"",""
l1_root_channel,grp_l1_root_channel_false_19_true_s_fu_5198/mul_8s_7s_15_4_0_U4140,3,28,0,"",""
l1_root_channel,grp_l1_root_channel_false_19_true_s_fu_5198/mul_8s_7s_15_4_0_U4149,0,26,0,"",""
l1_root_channel,grp_l1_root_channel_false_19_true_s_fu_5198/mul_8s_7s_15_4_0_U4151,3,28,0,"",""
l1_root_channel,grp_l1_root_channel_false_19_true_s_fu_5198/mul_8s_7s_15_4_0_U4160,0,26,0,"",""
l1_root_channel,grp_l1_root_channel_false_19_true_s_fu_5198/mul_8s_7s_15_4_0_U4162,3,28,0,"",""
l1_root_channel,grp_l1_root_channel_false_19_true_s_fu_5198/mul_8s_7s_15_4_0_U4171,0,26,0,"",""
l1_root_channel,grp_l1_root_channel_false_19_true_s_fu_5198/mul_8s_7s_15_4_0_U4173,3,28,0,"",""
l1_root_channel,grp_l1_root_channel_false_19_true_s_fu_5198/mul_8s_7s_15_4_0_U4182,0,26,0,"",""
l1_root_channel,grp_l1_root_channel_false_19_true_s_fu_5198/mul_8s_7s_15_4_0_U4184,3,28,0,"",""
l1_root_channel,grp_l1_root_channel_false_19_true_s_fu_5198/mul_8s_7s_15_4_0_U4193,0,26,0,"",""
l1_root_channel,grp_l1_root_channel_false_19_true_s_fu_5198/mul_8s_7s_15_4_0_U4195,3,28,0,"",""
l1_root_channel,grp_l1_root_channel_false_19_true_s_fu_5198/mul_8s_7s_15_4_0_U4204,0,26,0,"",""
l1_root_channel,grp_l1_root_channel_false_19_true_s_fu_5198/mul_8s_7s_15_4_0_U4206,3,28,0,"",""
l1_root_channel,grp_l1_root_channel_false_19_true_s_fu_5198/mul_8s_8ns_16_4_0_U4121,7,27,0,"",""
l1_root_channel,grp_l1_root_channel_false_19_true_s_fu_5198/mul_8s_8ns_16_4_0_U4123,16,25,0,"",""
l1_root_channel,grp_l1_root_channel_false_19_true_s_fu_5198/mul_8s_8ns_16_4_0_U4132,7,27,0,"",""
l1_root_channel,grp_l1_root_channel_false_19_true_s_fu_5198/mul_8s_8ns_16_4_0_U4134,16,25,0,"",""
l1_root_channel,grp_l1_root_channel_false_19_true_s_fu_5198/mul_8s_8ns_16_4_0_U4143,7,27,0,"",""
l1_root_channel,grp_l1_root_channel_false_19_true_s_fu_5198/mul_8s_8ns_16_4_0_U4145,16,25,0,"",""
l1_root_channel,grp_l1_root_channel_false_19_true_s_fu_5198/mul_8s_8ns_16_4_0_U4154,7,27,0,"",""
l1_root_channel,grp_l1_root_channel_false_19_true_s_fu_5198/mul_8s_8ns_16_4_0_U4156,16,25,0,"",""
l1_root_channel,grp_l1_root_channel_false_19_true_s_fu_5198/mul_8s_8ns_16_4_0_U4165,7,27,0,"",""
l1_root_channel,grp_l1_root_channel_false_19_true_s_fu_5198/mul_8s_8ns_16_4_0_U4167,16,25,0,"",""
l1_root_channel,grp_l1_root_channel_false_19_true_s_fu_5198/mul_8s_8ns_16_4_0_U4176,7,27,0,"",""
l1_root_channel,grp_l1_root_channel_false_19_true_s_fu_5198/mul_8s_8ns_16_4_0_U4178,16,25,0,"",""
l1_root_channel,grp_l1_root_channel_false_19_true_s_fu_5198/mul_8s_8ns_16_4_0_U4187,7,27,0,"",""
l1_root_channel,grp_l1_root_channel_false_19_true_s_fu_5198/mul_8s_8ns_16_4_0_U4189,16,25,0,"",""
l1_root_channel,grp_l1_root_channel_false_19_true_s_fu_5198/mul_8s_8ns_16_4_0_U4198,7,27,0,"",""
l1_root_channel,grp_l1_root_channel_false_19_true_s_fu_5198/mul_8s_8ns_16_4_0_U4200,16,25,0,"",""
l1_root_channel,grp_l1_root_channel_false_19_true_s_fu_5198/mul_8s_8ns_16_4_0_U4209,5,24,0,"",""
l1_root_channel,grp_l1_root_channel_false_19_true_s_fu_5198/mul_8s_8ns_16_4_0_U4210,5,24,0,"",""
l1_root_channel,grp_l1_root_channel_false_19_true_s_fu_5198/mul_8s_8ns_16_4_0_U4211,5,24,0,"",""
l1_root_channel,grp_l1_root_channel_false_19_true_s_fu_5198/mul_8s_8ns_16_4_0_U4212,5,24,0,"",""
l1_root_channel,grp_l1_root_channel_false_19_true_s_fu_5198/mul_8s_8ns_16_4_0_U4213,5,24,0,"",""
l1_root_channel,grp_l1_root_channel_false_19_true_s_fu_5198/mul_8s_8ns_16_4_0_U4214,5,24,0,"",""
l1_root_channel,grp_l1_root_channel_false_19_true_s_fu_5198/mul_8s_8ns_16_4_0_U4215,5,24,0,"",""
l1_root_channel,grp_l1_root_channel_false_19_true_s_fu_5198/mul_8s_8ns_16_4_0_U4216,5,24,0,"",""
l1_root_channel,grp_l1_root_channel_false_19_true_s_fu_5198/mul_8s_8s_16_4_0_U4125,4,27,0,"",""
l1_root_channel,grp_l1_root_channel_false_19_true_s_fu_5198/mul_8s_8s_16_4_0_U4130,2,28,0,"",""
l1_root_channel,grp_l1_root_channel_false_19_true_s_fu_5198/mul_8s_8s_16_4_0_U4136,4,27,0,"",""
l1_root_channel,grp_l1_root_channel_false_19_true_s_fu_5198/mul_8s_8s_16_4_0_U4141,2,28,0,"",""
l1_root_channel,grp_l1_root_channel_false_19_true_s_fu_5198/mul_8s_8s_16_4_0_U4147,4,27,0,"",""
l1_root_channel,grp_l1_root_channel_false_19_true_s_fu_5198/mul_8s_8s_16_4_0_U4152,2,28,0,"",""
l1_root_channel,grp_l1_root_channel_false_19_true_s_fu_5198/mul_8s_8s_16_4_0_U4158,4,27,0,"",""
l1_root_channel,grp_l1_root_channel_false_19_true_s_fu_5198/mul_8s_8s_16_4_0_U4163,2,28,0,"",""
l1_root_channel,grp_l1_root_channel_false_19_true_s_fu_5198/mul_8s_8s_16_4_0_U4169,4,27,0,"",""
l1_root_channel,grp_l1_root_channel_false_19_true_s_fu_5198/mul_8s_8s_16_4_0_U4174,2,28,0,"",""
l1_root_channel,grp_l1_root_channel_false_19_true_s_fu_5198/mul_8s_8s_16_4_0_U4180,4,27,0,"",""
l1_root_channel,grp_l1_root_channel_false_19_true_s_fu_5198/mul_8s_8s_16_4_0_U4185,2,28,0,"",""
l1_root_channel,grp_l1_root_channel_false_19_true_s_fu_5198/mul_8s_8s_16_4_0_U4191,4,27,0,"",""
l1_root_channel,grp_l1_root_channel_false_19_true_s_fu_5198/mul_8s_8s_16_4_0_U4196,2,28,0,"",""
l1_root_channel,grp_l1_root_channel_false_19_true_s_fu_5198/mul_8s_8s_16_4_0_U4202,4,27,0,"",""
l1_root_channel,grp_l1_root_channel_false_19_true_s_fu_5198/mul_8s_8s_16_4_0_U4207,2,28,0,"",""
l1_root_channel,grp_l1_root_channel_false_19_true_s_fu_5198/add_18s_18s_18_2_0_U4217/u1,9,0,0,"",""
l1_root_channel,grp_l1_root_channel_false_19_true_s_fu_5198/add_18s_18s_18_2_0_U4217/u2,9,0,0,"",""
l1_root_channel,grp_l1_root_channel_false_19_true_s_fu_5198/add_18s_18s_18_2_0_U4218/u1,9,0,0,"",""
l1_root_channel,grp_l1_root_channel_false_19_true_s_fu_5198/add_18s_18s_18_2_0_U4218/u2,9,0,0,"",""
l1_root_channel,grp_l1_root_channel_false_19_true_s_fu_5198/add_18s_18s_18_2_0_U4219/u1,9,0,0,"",""
l1_root_channel,grp_l1_root_channel_false_19_true_s_fu_5198/add_18s_18s_18_2_0_U4219/u2,9,0,0,"",""
l1_root_channel,grp_l1_root_channel_false_19_true_s_fu_5198/add_18s_18s_18_2_0_U4220/u1,9,0,0,"",""
l1_root_channel,grp_l1_root_channel_false_19_true_s_fu_5198/add_18s_18s_18_2_0_U4220/u2,9,0,0,"",""
l1_root_channel,grp_l1_root_channel_false_19_true_s_fu_5198/add_18s_18s_18_2_0_U4221/u1,9,0,0,"",""
l1_root_channel,grp_l1_root_channel_false_19_true_s_fu_5198/add_18s_18s_18_2_0_U4221/u2,9,0,0,"",""
l1_root_channel,grp_l1_root_channel_false_19_true_s_fu_5198/add_18s_18s_18_2_0_U4222/u1,9,0,0,"",""
l1_root_channel,grp_l1_root_channel_false_19_true_s_fu_5198/add_18s_18s_18_2_0_U4222/u2,9,0,0,"",""
l1_root_channel,grp_l1_root_channel_false_19_true_s_fu_5198/add_18s_18s_18_2_0_U4223/u1,9,0,0,"",""
l1_root_channel,grp_l1_root_channel_false_19_true_s_fu_5198/add_18s_18s_18_2_0_U4223/u2,9,0,0,"",""
l1_root_channel,grp_l1_root_channel_false_19_true_s_fu_5198/add_18s_18s_18_2_0_U4224/u1,9,0,0,"",""
l1_root_channel,grp_l1_root_channel_false_19_true_s_fu_5198/add_18s_18s_18_2_0_U4224/u2,9,0,0,"",""
l1_root_channel,grp_l1_root_channel_false_20_true_s_fu_5322/add_18s_18s_18_2_0_U4465,18,19,0,"",""
l1_root_channel,grp_l1_root_channel_false_20_true_s_fu_5322/add_18s_18s_18_2_0_U4466,18,19,0,"",""
l1_root_channel,grp_l1_root_channel_false_20_true_s_fu_5322/add_18s_18s_18_2_0_U4467,18,19,0,"",""
l1_root_channel,grp_l1_root_channel_false_20_true_s_fu_5322/add_18s_18s_18_2_0_U4468,18,19,0,"",""
l1_root_channel,grp_l1_root_channel_false_20_true_s_fu_5322/add_18s_18s_18_2_0_U4469,18,19,0,"",""
l1_root_channel,grp_l1_root_channel_false_20_true_s_fu_5322/add_18s_18s_18_2_0_U4470,18,19,0,"",""
l1_root_channel,grp_l1_root_channel_false_20_true_s_fu_5322/add_18s_18s_18_2_0_U4471,18,19,0,"",""
l1_root_channel,grp_l1_root_channel_false_20_true_s_fu_5322/add_18s_18s_18_2_0_U4472,18,19,0,"",""
l1_root_channel,grp_l1_root_channel_false_20_true_s_fu_5322/mul_8s_6ns_14_4_0_U4348,0,22,0,"",""
l1_root_channel,grp_l1_root_channel_false_20_true_s_fu_5322/mul_8s_6ns_14_4_0_U4349,0,25,0,"",""
l1_root_channel,grp_l1_root_channel_false_20_true_s_fu_5322/mul_8s_6ns_14_4_0_U4351,0,22,0,"",""
l1_root_channel,grp_l1_root_channel_false_20_true_s_fu_5322/mul_8s_6ns_14_4_0_U4358,0,22,0,"",""
l1_root_channel,grp_l1_root_channel_false_20_true_s_fu_5322/mul_8s_6ns_14_4_0_U4359,0,25,0,"",""
l1_root_channel,grp_l1_root_channel_false_20_true_s_fu_5322/mul_8s_6ns_14_4_0_U4361,0,22,0,"",""
l1_root_channel,grp_l1_root_channel_false_20_true_s_fu_5322/mul_8s_6ns_14_4_0_U4368,0,22,0,"",""
l1_root_channel,grp_l1_root_channel_false_20_true_s_fu_5322/mul_8s_6ns_14_4_0_U4369,0,25,0,"",""
l1_root_channel,grp_l1_root_channel_false_20_true_s_fu_5322/mul_8s_6ns_14_4_0_U4371,0,22,0,"",""
l1_root_channel,grp_l1_root_channel_false_20_true_s_fu_5322/mul_8s_6ns_14_4_0_U4378,0,22,0,"",""
l1_root_channel,grp_l1_root_channel_false_20_true_s_fu_5322/mul_8s_6ns_14_4_0_U4379,0,25,0,"",""
l1_root_channel,grp_l1_root_channel_false_20_true_s_fu_5322/mul_8s_6ns_14_4_0_U4381,0,22,0,"",""
l1_root_channel,grp_l1_root_channel_false_20_true_s_fu_5322/mul_8s_6ns_14_4_0_U4388,0,22,0,"",""
l1_root_channel,grp_l1_root_channel_false_20_true_s_fu_5322/mul_8s_6ns_14_4_0_U4389,0,25,0,"",""
l1_root_channel,grp_l1_root_channel_false_20_true_s_fu_5322/mul_8s_6ns_14_4_0_U4391,0,22,0,"",""
l1_root_channel,grp_l1_root_channel_false_20_true_s_fu_5322/mul_8s_6ns_14_4_0_U4398,0,22,0,"",""
l1_root_channel,grp_l1_root_channel_false_20_true_s_fu_5322/mul_8s_6ns_14_4_0_U4399,0,25,0,"",""
l1_root_channel,grp_l1_root_channel_false_20_true_s_fu_5322/mul_8s_6ns_14_4_0_U4401,0,22,0,"",""
l1_root_channel,grp_l1_root_channel_false_20_true_s_fu_5322/mul_8s_6ns_14_4_0_U4408,0,22,0,"",""
l1_root_channel,grp_l1_root_channel_false_20_true_s_fu_5322/mul_8s_6ns_14_4_0_U4409,0,25,0,"",""
l1_root_channel,grp_l1_root_channel_false_20_true_s_fu_5322/mul_8s_6ns_14_4_0_U4411,0,22,0,"",""
l1_root_channel,grp_l1_root_channel_false_20_true_s_fu_5322/mul_8s_6ns_14_4_0_U4418,0,22,0,"",""
l1_root_channel,grp_l1_root_channel_false_20_true_s_fu_5322/mul_8s_6ns_14_4_0_U4419,0,25,0,"",""
l1_root_channel,grp_l1_root_channel_false_20_true_s_fu_5322/mul_8s_6ns_14_4_0_U4421,0,22,0,"",""
l1_root_channel,grp_l1_root_channel_false_20_true_s_fu_5322/mul_8s_6s_14_4_0_U4345,0,27,0,"",""
l1_root_channel,grp_l1_root_channel_false_20_true_s_fu_5322/mul_8s_6s_14_4_0_U4355,0,27,0,"",""
l1_root_channel,grp_l1_root_channel_false_20_true_s_fu_5322/mul_8s_6s_14_4_0_U4365,0,27,0,"",""
l1_root_channel,grp_l1_root_channel_false_20_true_s_fu_5322/mul_8s_6s_14_4_0_U4375,0,27,0,"",""
l1_root_channel,grp_l1_root_channel_false_20_true_s_fu_5322/mul_8s_6s_14_4_0_U4385,0,27,0,"",""
l1_root_channel,grp_l1_root_channel_false_20_true_s_fu_5322/mul_8s_6s_14_4_0_U4395,0,27,0,"",""
l1_root_channel,grp_l1_root_channel_false_20_true_s_fu_5322/mul_8s_6s_14_4_0_U4405,0,27,0,"",""
l1_root_channel,grp_l1_root_channel_false_20_true_s_fu_5322/mul_8s_6s_14_4_0_U4415,0,27,0,"",""
l1_root_channel,grp_l1_root_channel_false_20_true_s_fu_5322/mul_8s_7ns_15_4_0_U4353,0,28,0,"",""
l1_root_channel,grp_l1_root_channel_false_20_true_s_fu_5322/mul_8s_7ns_15_4_0_U4363,0,28,0,"",""
l1_root_channel,grp_l1_root_channel_false_20_true_s_fu_5322/mul_8s_7ns_15_4_0_U4373,0,28,0,"",""
l1_root_channel,grp_l1_root_channel_false_20_true_s_fu_5322/mul_8s_7ns_15_4_0_U4383,0,28,0,"",""
l1_root_channel,grp_l1_root_channel_false_20_true_s_fu_5322/mul_8s_7ns_15_4_0_U4393,0,28,0,"",""
l1_root_channel,grp_l1_root_channel_false_20_true_s_fu_5322/mul_8s_7ns_15_4_0_U4403,0,28,0,"",""
l1_root_channel,grp_l1_root_channel_false_20_true_s_fu_5322/mul_8s_7ns_15_4_0_U4413,0,28,0,"",""
l1_root_channel,grp_l1_root_channel_false_20_true_s_fu_5322/mul_8s_7ns_15_4_0_U4423,0,28,0,"",""
l1_root_channel,grp_l1_root_channel_false_20_true_s_fu_5322/mul_8s_7ns_15_4_0_U4427,0,30,0,"",""
l1_root_channel,grp_l1_root_channel_false_20_true_s_fu_5322/mul_8s_7ns_15_4_0_U4432,0,30,0,"",""
l1_root_channel,grp_l1_root_channel_false_20_true_s_fu_5322/mul_8s_7ns_15_4_0_U4437,0,30,0,"",""
l1_root_channel,grp_l1_root_channel_false_20_true_s_fu_5322/mul_8s_7ns_15_4_0_U4442,0,30,0,"",""
l1_root_channel,grp_l1_root_channel_false_20_true_s_fu_5322/mul_8s_7ns_15_4_0_U4447,0,30,0,"",""
l1_root_channel,grp_l1_root_channel_false_20_true_s_fu_5322/mul_8s_7ns_15_4_0_U4452,0,30,0,"",""
l1_root_channel,grp_l1_root_channel_false_20_true_s_fu_5322/mul_8s_7ns_15_4_0_U4457,0,30,0,"",""
l1_root_channel,grp_l1_root_channel_false_20_true_s_fu_5322/mul_8s_7ns_15_4_0_U4462,0,30,0,"",""
l1_root_channel,grp_l1_root_channel_false_20_true_s_fu_5322/mul_8s_7s_15_4_0_U4346,0,24,0,"",""
l1_root_channel,grp_l1_root_channel_false_20_true_s_fu_5322/mul_8s_7s_15_4_0_U4347,0,28,0,"",""
l1_root_channel,grp_l1_root_channel_false_20_true_s_fu_5322/mul_8s_7s_15_4_0_U4356,0,24,0,"",""
l1_root_channel,grp_l1_root_channel_false_20_true_s_fu_5322/mul_8s_7s_15_4_0_U4357,0,28,0,"",""
l1_root_channel,grp_l1_root_channel_false_20_true_s_fu_5322/mul_8s_7s_15_4_0_U4366,0,24,0,"",""
l1_root_channel,grp_l1_root_channel_false_20_true_s_fu_5322/mul_8s_7s_15_4_0_U4367,0,28,0,"",""
l1_root_channel,grp_l1_root_channel_false_20_true_s_fu_5322/mul_8s_7s_15_4_0_U4376,0,24,0,"",""
l1_root_channel,grp_l1_root_channel_false_20_true_s_fu_5322/mul_8s_7s_15_4_0_U4377,0,28,0,"",""
l1_root_channel,grp_l1_root_channel_false_20_true_s_fu_5322/mul_8s_7s_15_4_0_U4386,0,24,0,"",""
l1_root_channel,grp_l1_root_channel_false_20_true_s_fu_5322/mul_8s_7s_15_4_0_U4387,0,28,0,"",""
l1_root_channel,grp_l1_root_channel_false_20_true_s_fu_5322/mul_8s_7s_15_4_0_U4396,0,24,0,"",""
l1_root_channel,grp_l1_root_channel_false_20_true_s_fu_5322/mul_8s_7s_15_4_0_U4397,0,28,0,"",""
l1_root_channel,grp_l1_root_channel_false_20_true_s_fu_5322/mul_8s_7s_15_4_0_U4406,0,24,0,"",""
l1_root_channel,grp_l1_root_channel_false_20_true_s_fu_5322/mul_8s_7s_15_4_0_U4407,0,28,0,"",""
l1_root_channel,grp_l1_root_channel_false_20_true_s_fu_5322/mul_8s_7s_15_4_0_U4416,0,24,0,"",""
l1_root_channel,grp_l1_root_channel_false_20_true_s_fu_5322/mul_8s_7s_15_4_0_U4417,0,28,0,"",""
l1_root_channel,grp_l1_root_channel_false_20_true_s_fu_5322/mul_8s_8ns_16_4_0_U4352,16,25,0,"",""
l1_root_channel,grp_l1_root_channel_false_20_true_s_fu_5322/mul_8s_8ns_16_4_0_U4362,16,25,0,"",""
l1_root_channel,grp_l1_root_channel_false_20_true_s_fu_5322/mul_8s_8ns_16_4_0_U4372,16,25,0,"",""
l1_root_channel,grp_l1_root_channel_false_20_true_s_fu_5322/mul_8s_8ns_16_4_0_U4382,16,26,0,"",""
l1_root_channel,grp_l1_root_channel_false_20_true_s_fu_5322/mul_8s_8ns_16_4_0_U4392,16,25,0,"",""
l1_root_channel,grp_l1_root_channel_false_20_true_s_fu_5322/mul_8s_8ns_16_4_0_U4402,16,25,0,"",""
l1_root_channel,grp_l1_root_channel_false_20_true_s_fu_5322/mul_8s_8ns_16_4_0_U4412,16,25,0,"",""
l1_root_channel,grp_l1_root_channel_false_20_true_s_fu_5322/mul_8s_8ns_16_4_0_U4422,16,25,0,"",""
l1_root_channel,grp_l1_root_channel_false_20_true_s_fu_5322/mul_8s_8ns_16_4_0_U4426,4,28,0,"",""
l1_root_channel,grp_l1_root_channel_false_20_true_s_fu_5322/mul_8s_8ns_16_4_0_U4428,6,24,0,"",""
l1_root_channel,grp_l1_root_channel_false_20_true_s_fu_5322/mul_8s_8ns_16_4_0_U4431,4,28,0,"",""
l1_root_channel,grp_l1_root_channel_false_20_true_s_fu_5322/mul_8s_8ns_16_4_0_U4433,6,24,0,"",""
l1_root_channel,grp_l1_root_channel_false_20_true_s_fu_5322/mul_8s_8ns_16_4_0_U4436,4,28,0,"",""
l1_root_channel,grp_l1_root_channel_false_20_true_s_fu_5322/mul_8s_8ns_16_4_0_U4438,6,24,0,"",""
l1_root_channel,grp_l1_root_channel_false_20_true_s_fu_5322/mul_8s_8ns_16_4_0_U4441,4,28,0,"",""
l1_root_channel,grp_l1_root_channel_false_20_true_s_fu_5322/mul_8s_8ns_16_4_0_U4443,6,24,0,"",""
l1_root_channel,grp_l1_root_channel_false_20_true_s_fu_5322/mul_8s_8ns_16_4_0_U4446,4,28,0,"",""
l1_root_channel,grp_l1_root_channel_false_20_true_s_fu_5322/mul_8s_8ns_16_4_0_U4448,6,24,0,"",""
l1_root_channel,grp_l1_root_channel_false_20_true_s_fu_5322/mul_8s_8ns_16_4_0_U4451,4,28,0,"",""
l1_root_channel,grp_l1_root_channel_false_20_true_s_fu_5322/mul_8s_8ns_16_4_0_U4453,6,24,0,"",""
l1_root_channel,grp_l1_root_channel_false_20_true_s_fu_5322/mul_8s_8ns_16_4_0_U4456,4,28,0,"",""
l1_root_channel,grp_l1_root_channel_false_20_true_s_fu_5322/mul_8s_8ns_16_4_0_U4458,6,24,0,"",""
l1_root_channel,grp_l1_root_channel_false_20_true_s_fu_5322/mul_8s_8ns_16_4_0_U4461,4,28,0,"",""
l1_root_channel,grp_l1_root_channel_false_20_true_s_fu_5322/mul_8s_8ns_16_4_0_U4463,6,24,0,"",""
l1_root_channel,grp_l1_root_channel_false_20_true_s_fu_5322/mul_8s_8s_16_4_0_U4350,1,20,0,"",""
l1_root_channel,grp_l1_root_channel_false_20_true_s_fu_5322/mul_8s_8s_16_4_0_U4354,2,28,0,"",""
l1_root_channel,grp_l1_root_channel_false_20_true_s_fu_5322/mul_8s_8s_16_4_0_U4360,1,20,0,"",""
l1_root_channel,grp_l1_root_channel_false_20_true_s_fu_5322/mul_8s_8s_16_4_0_U4364,2,28,0,"",""
l1_root_channel,grp_l1_root_channel_false_20_true_s_fu_5322/mul_8s_8s_16_4_0_U4370,1,20,0,"",""
l1_root_channel,grp_l1_root_channel_false_20_true_s_fu_5322/mul_8s_8s_16_4_0_U4374,2,28,0,"",""
l1_root_channel,grp_l1_root_channel_false_20_true_s_fu_5322/mul_8s_8s_16_4_0_U4380,1,20,0,"",""
l1_root_channel,grp_l1_root_channel_false_20_true_s_fu_5322/mul_8s_8s_16_4_0_U4384,2,28,0,"",""
l1_root_channel,grp_l1_root_channel_false_20_true_s_fu_5322/mul_8s_8s_16_4_0_U4390,1,20,0,"",""
l1_root_channel,grp_l1_root_channel_false_20_true_s_fu_5322/mul_8s_8s_16_4_0_U4394,2,28,0,"",""
l1_root_channel,grp_l1_root_channel_false_20_true_s_fu_5322/mul_8s_8s_16_4_0_U4400,1,20,0,"",""
l1_root_channel,grp_l1_root_channel_false_20_true_s_fu_5322/mul_8s_8s_16_4_0_U4404,2,28,0,"",""
l1_root_channel,grp_l1_root_channel_false_20_true_s_fu_5322/mul_8s_8s_16_4_0_U4410,1,20,0,"",""
l1_root_channel,grp_l1_root_channel_false_20_true_s_fu_5322/mul_8s_8s_16_4_0_U4414,2,28,0,"",""
l1_root_channel,grp_l1_root_channel_false_20_true_s_fu_5322/mul_8s_8s_16_4_0_U4420,1,20,0,"",""
l1_root_channel,grp_l1_root_channel_false_20_true_s_fu_5322/mul_8s_8s_16_4_0_U4424,2,28,0,"",""
l1_root_channel,grp_l1_root_channel_false_20_true_s_fu_5322/mul_8s_8s_16_4_0_U4425,1,30,0,"",""
l1_root_channel,grp_l1_root_channel_false_20_true_s_fu_5322/mul_8s_8s_16_4_0_U4429,2,29,0,"",""
l1_root_channel,grp_l1_root_channel_false_20_true_s_fu_5322/mul_8s_8s_16_4_0_U4430,1,30,0,"",""
l1_root_channel,grp_l1_root_channel_false_20_true_s_fu_5322/mul_8s_8s_16_4_0_U4434,2,29,0,"",""
l1_root_channel,grp_l1_root_channel_false_20_true_s_fu_5322/mul_8s_8s_16_4_0_U4435,1,30,0,"",""
l1_root_channel,grp_l1_root_channel_false_20_true_s_fu_5322/mul_8s_8s_16_4_0_U4439,2,29,0,"",""
l1_root_channel,grp_l1_root_channel_false_20_true_s_fu_5322/mul_8s_8s_16_4_0_U4440,1,30,0,"",""
l1_root_channel,grp_l1_root_channel_false_20_true_s_fu_5322/mul_8s_8s_16_4_0_U4444,2,29,0,"",""
l1_root_channel,grp_l1_root_channel_false_20_true_s_fu_5322/mul_8s_8s_16_4_0_U4445,1,30,0,"",""
l1_root_channel,grp_l1_root_channel_false_20_true_s_fu_5322/mul_8s_8s_16_4_0_U4449,2,29,0,"",""
l1_root_channel,grp_l1_root_channel_false_20_true_s_fu_5322/mul_8s_8s_16_4_0_U4450,1,30,0,"",""
l1_root_channel,grp_l1_root_channel_false_20_true_s_fu_5322/mul_8s_8s_16_4_0_U4454,2,29,0,"",""
l1_root_channel,grp_l1_root_channel_false_20_true_s_fu_5322/mul_8s_8s_16_4_0_U4455,1,30,0,"",""
l1_root_channel,grp_l1_root_channel_false_20_true_s_fu_5322/mul_8s_8s_16_4_0_U4459,2,29,0,"",""
l1_root_channel,grp_l1_root_channel_false_20_true_s_fu_5322/mul_8s_8s_16_4_0_U4460,1,30,0,"",""
l1_root_channel,grp_l1_root_channel_false_20_true_s_fu_5322/mul_8s_8s_16_4_0_U4464,2,29,0,"",""
l1_root_channel,grp_l1_root_channel_false_20_true_s_fu_5322/add_18s_18s_18_2_0_U4465/u1,9,0,0,"",""
l1_root_channel,grp_l1_root_channel_false_20_true_s_fu_5322/add_18s_18s_18_2_0_U4465/u2,9,0,0,"",""
l1_root_channel,grp_l1_root_channel_false_20_true_s_fu_5322/add_18s_18s_18_2_0_U4466/u1,9,0,0,"",""
l1_root_channel,grp_l1_root_channel_false_20_true_s_fu_5322/add_18s_18s_18_2_0_U4466/u2,9,0,0,"",""
l1_root_channel,grp_l1_root_channel_false_20_true_s_fu_5322/add_18s_18s_18_2_0_U4467/u1,9,0,0,"",""
l1_root_channel,grp_l1_root_channel_false_20_true_s_fu_5322/add_18s_18s_18_2_0_U4467/u2,9,0,0,"",""
l1_root_channel,grp_l1_root_channel_false_20_true_s_fu_5322/add_18s_18s_18_2_0_U4468/u1,9,0,0,"",""
l1_root_channel,grp_l1_root_channel_false_20_true_s_fu_5322/add_18s_18s_18_2_0_U4468/u2,9,0,0,"",""
l1_root_channel,grp_l1_root_channel_false_20_true_s_fu_5322/add_18s_18s_18_2_0_U4469/u1,9,0,0,"",""
l1_root_channel,grp_l1_root_channel_false_20_true_s_fu_5322/add_18s_18s_18_2_0_U4469/u2,9,0,0,"",""
l1_root_channel,grp_l1_root_channel_false_20_true_s_fu_5322/add_18s_18s_18_2_0_U4470/u1,9,0,0,"",""
l1_root_channel,grp_l1_root_channel_false_20_true_s_fu_5322/add_18s_18s_18_2_0_U4470/u2,9,0,0,"",""
l1_root_channel,grp_l1_root_channel_false_20_true_s_fu_5322/add_18s_18s_18_2_0_U4471/u1,9,0,0,"",""
l1_root_channel,grp_l1_root_channel_false_20_true_s_fu_5322/add_18s_18s_18_2_0_U4471/u2,9,0,0,"",""
l1_root_channel,grp_l1_root_channel_false_20_true_s_fu_5322/add_18s_18s_18_2_0_U4472/u1,9,0,0,"",""
l1_root_channel,grp_l1_root_channel_false_20_true_s_fu_5322/add_18s_18s_18_2_0_U4472/u2,9,0,0,"",""
l1_root_channel,grp_l1_root_channel_false_22_true_s_fu_5446/add_18s_18s_18_2_0_U4705,18,19,0,"",""
l1_root_channel,grp_l1_root_channel_false_22_true_s_fu_5446/add_18s_18s_18_2_0_U4706,18,19,0,"",""
l1_root_channel,grp_l1_root_channel_false_22_true_s_fu_5446/add_18s_18s_18_2_0_U4707,18,19,0,"",""
l1_root_channel,grp_l1_root_channel_false_22_true_s_fu_5446/add_18s_18s_18_2_0_U4708,18,19,0,"",""
l1_root_channel,grp_l1_root_channel_false_22_true_s_fu_5446/add_18s_18s_18_2_0_U4709,18,19,0,"",""
l1_root_channel,grp_l1_root_channel_false_22_true_s_fu_5446/add_18s_18s_18_2_0_U4710,18,19,0,"",""
l1_root_channel,grp_l1_root_channel_false_22_true_s_fu_5446/add_18s_18s_18_2_0_U4711,18,19,0,"",""
l1_root_channel,grp_l1_root_channel_false_22_true_s_fu_5446/add_18s_18s_18_2_0_U4712,18,19,0,"",""
l1_root_channel,grp_l1_root_channel_false_22_true_s_fu_5446/mul_8s_5s_13_4_0_U4665,0,22,0,"",""
l1_root_channel,grp_l1_root_channel_false_22_true_s_fu_5446/mul_8s_5s_13_4_0_U4670,0,22,0,"",""
l1_root_channel,grp_l1_root_channel_false_22_true_s_fu_5446/mul_8s_5s_13_4_0_U4675,0,22,0,"",""
l1_root_channel,grp_l1_root_channel_false_22_true_s_fu_5446/mul_8s_5s_13_4_0_U4680,0,22,0,"",""
l1_root_channel,grp_l1_root_channel_false_22_true_s_fu_5446/mul_8s_5s_13_4_0_U4685,0,22,0,"",""
l1_root_channel,grp_l1_root_channel_false_22_true_s_fu_5446/mul_8s_5s_13_4_0_U4690,0,22,0,"",""
l1_root_channel,grp_l1_root_channel_false_22_true_s_fu_5446/mul_8s_5s_13_4_0_U4695,0,22,0,"",""
l1_root_channel,grp_l1_root_channel_false_22_true_s_fu_5446/mul_8s_5s_13_4_0_U4700,0,22,0,"",""
l1_root_channel,grp_l1_root_channel_false_22_true_s_fu_5446/mul_8s_6ns_14_4_0_U4601,0,22,0,"",""
l1_root_channel,grp_l1_root_channel_false_22_true_s_fu_5446/mul_8s_6ns_14_4_0_U4610,0,22,0,"",""
l1_root_channel,grp_l1_root_channel_false_22_true_s_fu_5446/mul_8s_6ns_14_4_0_U4619,0,22,0,"",""
l1_root_channel,grp_l1_root_channel_false_22_true_s_fu_5446/mul_8s_6ns_14_4_0_U4628,0,22,0,"",""
l1_root_channel,grp_l1_root_channel_false_22_true_s_fu_5446/mul_8s_6ns_14_4_0_U4637,0,22,0,"",""
l1_root_channel,grp_l1_root_channel_false_22_true_s_fu_5446/mul_8s_6ns_14_4_0_U4646,0,22,0,"",""
l1_root_channel,grp_l1_root_channel_false_22_true_s_fu_5446/mul_8s_6ns_14_4_0_U4655,0,22,0,"",""
l1_root_channel,grp_l1_root_channel_false_22_true_s_fu_5446/mul_8s_6ns_14_4_0_U4664,0,22,0,"",""
l1_root_channel,grp_l1_root_channel_false_22_true_s_fu_5446/mul_8s_7ns_15_4_0_U4595,0,30,0,"",""
l1_root_channel,grp_l1_root_channel_false_22_true_s_fu_5446/mul_8s_7ns_15_4_0_U4598,0,24,0,"",""
l1_root_channel,grp_l1_root_channel_false_22_true_s_fu_5446/mul_8s_7ns_15_4_0_U4604,0,30,0,"",""
l1_root_channel,grp_l1_root_channel_false_22_true_s_fu_5446/mul_8s_7ns_15_4_0_U4607,0,24,0,"",""
l1_root_channel,grp_l1_root_channel_false_22_true_s_fu_5446/mul_8s_7ns_15_4_0_U4613,0,30,0,"",""
l1_root_channel,grp_l1_root_channel_false_22_true_s_fu_5446/mul_8s_7ns_15_4_0_U4616,0,24,0,"",""
l1_root_channel,grp_l1_root_channel_false_22_true_s_fu_5446/mul_8s_7ns_15_4_0_U4622,0,30,0,"",""
l1_root_channel,grp_l1_root_channel_false_22_true_s_fu_5446/mul_8s_7ns_15_4_0_U4625,0,24,0,"",""
l1_root_channel,grp_l1_root_channel_false_22_true_s_fu_5446/mul_8s_7ns_15_4_0_U4631,0,30,0,"",""
l1_root_channel,grp_l1_root_channel_false_22_true_s_fu_5446/mul_8s_7ns_15_4_0_U4634,0,24,0,"",""
l1_root_channel,grp_l1_root_channel_false_22_true_s_fu_5446/mul_8s_7ns_15_4_0_U4640,0,30,0,"",""
l1_root_channel,grp_l1_root_channel_false_22_true_s_fu_5446/mul_8s_7ns_15_4_0_U4643,0,24,0,"",""
l1_root_channel,grp_l1_root_channel_false_22_true_s_fu_5446/mul_8s_7ns_15_4_0_U4649,0,30,0,"",""
l1_root_channel,grp_l1_root_channel_false_22_true_s_fu_5446/mul_8s_7ns_15_4_0_U4652,0,24,0,"",""
l1_root_channel,grp_l1_root_channel_false_22_true_s_fu_5446/mul_8s_7ns_15_4_0_U4658,0,30,0,"",""
l1_root_channel,grp_l1_root_channel_false_22_true_s_fu_5446/mul_8s_7ns_15_4_0_U4661,0,24,0,"",""
l1_root_channel,grp_l1_root_channel_false_22_true_s_fu_5446/mul_8s_7s_15_4_0_U4594,0,26,0,"",""
l1_root_channel,grp_l1_root_channel_false_22_true_s_fu_5446/mul_8s_7s_15_4_0_U4596,0,30,0,"",""
l1_root_channel,grp_l1_root_channel_false_22_true_s_fu_5446/mul_8s_7s_15_4_0_U4600,0,24,0,"",""
l1_root_channel,grp_l1_root_channel_false_22_true_s_fu_5446/mul_8s_7s_15_4_0_U4603,0,26,0,"",""
l1_root_channel,grp_l1_root_channel_false_22_true_s_fu_5446/mul_8s_7s_15_4_0_U4605,0,30,0,"",""
l1_root_channel,grp_l1_root_channel_false_22_true_s_fu_5446/mul_8s_7s_15_4_0_U4609,0,24,0,"",""
l1_root_channel,grp_l1_root_channel_false_22_true_s_fu_5446/mul_8s_7s_15_4_0_U4612,0,26,0,"",""
l1_root_channel,grp_l1_root_channel_false_22_true_s_fu_5446/mul_8s_7s_15_4_0_U4614,0,30,0,"",""
l1_root_channel,grp_l1_root_channel_false_22_true_s_fu_5446/mul_8s_7s_15_4_0_U4618,0,24,0,"",""
l1_root_channel,grp_l1_root_channel_false_22_true_s_fu_5446/mul_8s_7s_15_4_0_U4621,0,26,0,"",""
l1_root_channel,grp_l1_root_channel_false_22_true_s_fu_5446/mul_8s_7s_15_4_0_U4623,0,30,0,"",""
l1_root_channel,grp_l1_root_channel_false_22_true_s_fu_5446/mul_8s_7s_15_4_0_U4627,0,24,0,"",""
l1_root_channel,grp_l1_root_channel_false_22_true_s_fu_5446/mul_8s_7s_15_4_0_U4630,0,26,0,"",""
l1_root_channel,grp_l1_root_channel_false_22_true_s_fu_5446/mul_8s_7s_15_4_0_U4632,0,30,0,"",""
l1_root_channel,grp_l1_root_channel_false_22_true_s_fu_5446/mul_8s_7s_15_4_0_U4636,0,24,0,"",""
l1_root_channel,grp_l1_root_channel_false_22_true_s_fu_5446/mul_8s_7s_15_4_0_U4639,0,26,0,"",""
l1_root_channel,grp_l1_root_channel_false_22_true_s_fu_5446/mul_8s_7s_15_4_0_U4641,0,30,0,"",""
l1_root_channel,grp_l1_root_channel_false_22_true_s_fu_5446/mul_8s_7s_15_4_0_U4645,0,24,0,"",""
l1_root_channel,grp_l1_root_channel_false_22_true_s_fu_5446/mul_8s_7s_15_4_0_U4648,0,26,0,"",""
l1_root_channel,grp_l1_root_channel_false_22_true_s_fu_5446/mul_8s_7s_15_4_0_U4650,0,30,0,"",""
l1_root_channel,grp_l1_root_channel_false_22_true_s_fu_5446/mul_8s_7s_15_4_0_U4654,0,24,0,"",""
l1_root_channel,grp_l1_root_channel_false_22_true_s_fu_5446/mul_8s_7s_15_4_0_U4657,0,26,0,"",""
l1_root_channel,grp_l1_root_channel_false_22_true_s_fu_5446/mul_8s_7s_15_4_0_U4659,0,30,0,"",""
l1_root_channel,grp_l1_root_channel_false_22_true_s_fu_5446/mul_8s_7s_15_4_0_U4663,0,24,0,"",""
l1_root_channel,grp_l1_root_channel_false_22_true_s_fu_5446/mul_8s_7s_15_4_0_U4669,0,30,0,"",""
l1_root_channel,grp_l1_root_channel_false_22_true_s_fu_5446/mul_8s_7s_15_4_0_U4674,0,30,0,"",""
l1_root_channel,grp_l1_root_channel_false_22_true_s_fu_5446/mul_8s_7s_15_4_0_U4679,0,30,0,"",""
l1_root_channel,grp_l1_root_channel_false_22_true_s_fu_5446/mul_8s_7s_15_4_0_U4684,0,30,0,"",""
l1_root_channel,grp_l1_root_channel_false_22_true_s_fu_5446/mul_8s_7s_15_4_0_U4689,0,30,0,"",""
l1_root_channel,grp_l1_root_channel_false_22_true_s_fu_5446/mul_8s_7s_15_4_0_U4694,0,30,0,"",""
l1_root_channel,grp_l1_root_channel_false_22_true_s_fu_5446/mul_8s_7s_15_4_0_U4699,0,30,0,"",""
l1_root_channel,grp_l1_root_channel_false_22_true_s_fu_5446/mul_8s_7s_15_4_0_U4704,0,30,0,"",""
l1_root_channel,grp_l1_root_channel_false_22_true_s_fu_5446/mul_8s_8ns_16_4_0_U4597,11,20,0,"",""
l1_root_channel,grp_l1_root_channel_false_22_true_s_fu_5446/mul_8s_8ns_16_4_0_U4599,12,16,0,"",""
l1_root_channel,grp_l1_root_channel_false_22_true_s_fu_5446/mul_8s_8ns_16_4_0_U4606,11,20,0,"",""
l1_root_channel,grp_l1_root_channel_false_22_true_s_fu_5446/mul_8s_8ns_16_4_0_U4608,12,16,0,"",""
l1_root_channel,grp_l1_root_channel_false_22_true_s_fu_5446/mul_8s_8ns_16_4_0_U4615,11,20,0,"",""
l1_root_channel,grp_l1_root_channel_false_22_true_s_fu_5446/mul_8s_8ns_16_4_0_U4617,12,16,0,"",""
l1_root_channel,grp_l1_root_channel_false_22_true_s_fu_5446/mul_8s_8ns_16_4_0_U4624,11,20,0,"",""
l1_root_channel,grp_l1_root_channel_false_22_true_s_fu_5446/mul_8s_8ns_16_4_0_U4626,12,16,0,"",""
l1_root_channel,grp_l1_root_channel_false_22_true_s_fu_5446/mul_8s_8ns_16_4_0_U4633,11,20,0,"",""
l1_root_channel,grp_l1_root_channel_false_22_true_s_fu_5446/mul_8s_8ns_16_4_0_U4635,12,16,0,"",""
l1_root_channel,grp_l1_root_channel_false_22_true_s_fu_5446/mul_8s_8ns_16_4_0_U4642,11,20,0,"",""
l1_root_channel,grp_l1_root_channel_false_22_true_s_fu_5446/mul_8s_8ns_16_4_0_U4644,12,16,0,"",""
l1_root_channel,grp_l1_root_channel_false_22_true_s_fu_5446/mul_8s_8ns_16_4_0_U4651,11,20,0,"",""
l1_root_channel,grp_l1_root_channel_false_22_true_s_fu_5446/mul_8s_8ns_16_4_0_U4653,12,16,0,"",""
l1_root_channel,grp_l1_root_channel_false_22_true_s_fu_5446/mul_8s_8ns_16_4_0_U4660,11,20,0,"",""
l1_root_channel,grp_l1_root_channel_false_22_true_s_fu_5446/mul_8s_8ns_16_4_0_U4662,12,16,0,"",""
l1_root_channel,grp_l1_root_channel_false_22_true_s_fu_5446/mul_8s_8ns_16_4_0_U4667,6,27,0,"",""
l1_root_channel,grp_l1_root_channel_false_22_true_s_fu_5446/mul_8s_8ns_16_4_0_U4672,6,27,0,"",""
l1_root_channel,grp_l1_root_channel_false_22_true_s_fu_5446/mul_8s_8ns_16_4_0_U4677,6,27,0,"",""
l1_root_channel,grp_l1_root_channel_false_22_true_s_fu_5446/mul_8s_8ns_16_4_0_U4682,6,27,0,"",""
l1_root_channel,grp_l1_root_channel_false_22_true_s_fu_5446/mul_8s_8ns_16_4_0_U4687,6,27,0,"",""
l1_root_channel,grp_l1_root_channel_false_22_true_s_fu_5446/mul_8s_8ns_16_4_0_U4692,6,27,0,"",""
l1_root_channel,grp_l1_root_channel_false_22_true_s_fu_5446/mul_8s_8ns_16_4_0_U4697,6,27,0,"",""
l1_root_channel,grp_l1_root_channel_false_22_true_s_fu_5446/mul_8s_8ns_16_4_0_U4702,6,27,0,"",""
l1_root_channel,grp_l1_root_channel_false_22_true_s_fu_5446/mul_8s_8s_16_4_0_U4593,4,16,0,"",""
l1_root_channel,grp_l1_root_channel_false_22_true_s_fu_5446/mul_8s_8s_16_4_0_U4602,4,16,0,"",""
l1_root_channel,grp_l1_root_channel_false_22_true_s_fu_5446/mul_8s_8s_16_4_0_U4611,4,16,0,"",""
l1_root_channel,grp_l1_root_channel_false_22_true_s_fu_5446/mul_8s_8s_16_4_0_U4620,4,16,0,"",""
l1_root_channel,grp_l1_root_channel_false_22_true_s_fu_5446/mul_8s_8s_16_4_0_U4629,4,16,0,"",""
l1_root_channel,grp_l1_root_channel_false_22_true_s_fu_5446/mul_8s_8s_16_4_0_U4638,4,16,0,"",""
l1_root_channel,grp_l1_root_channel_false_22_true_s_fu_5446/mul_8s_8s_16_4_0_U4647,4,16,0,"",""
l1_root_channel,grp_l1_root_channel_false_22_true_s_fu_5446/mul_8s_8s_16_4_0_U4656,4,16,0,"",""
l1_root_channel,grp_l1_root_channel_false_22_true_s_fu_5446/mul_8s_8s_16_4_0_U4666,0,26,0,"",""
l1_root_channel,grp_l1_root_channel_false_22_true_s_fu_5446/mul_8s_8s_16_4_0_U4668,9,24,0,"",""
l1_root_channel,grp_l1_root_channel_false_22_true_s_fu_5446/mul_8s_8s_16_4_0_U4671,0,26,0,"",""
l1_root_channel,grp_l1_root_channel_false_22_true_s_fu_5446/mul_8s_8s_16_4_0_U4673,9,24,0,"",""
l1_root_channel,grp_l1_root_channel_false_22_true_s_fu_5446/mul_8s_8s_16_4_0_U4676,0,26,0,"",""
l1_root_channel,grp_l1_root_channel_false_22_true_s_fu_5446/mul_8s_8s_16_4_0_U4678,9,24,0,"",""
l1_root_channel,grp_l1_root_channel_false_22_true_s_fu_5446/mul_8s_8s_16_4_0_U4681,0,26,0,"",""
l1_root_channel,grp_l1_root_channel_false_22_true_s_fu_5446/mul_8s_8s_16_4_0_U4683,9,24,0,"",""
l1_root_channel,grp_l1_root_channel_false_22_true_s_fu_5446/mul_8s_8s_16_4_0_U4686,0,26,0,"",""
l1_root_channel,grp_l1_root_channel_false_22_true_s_fu_5446/mul_8s_8s_16_4_0_U4688,9,24,0,"",""
l1_root_channel,grp_l1_root_channel_false_22_true_s_fu_5446/mul_8s_8s_16_4_0_U4691,0,26,0,"",""
l1_root_channel,grp_l1_root_channel_false_22_true_s_fu_5446/mul_8s_8s_16_4_0_U4693,9,24,0,"",""
l1_root_channel,grp_l1_root_channel_false_22_true_s_fu_5446/mul_8s_8s_16_4_0_U4696,0,26,0,"",""
l1_root_channel,grp_l1_root_channel_false_22_true_s_fu_5446/mul_8s_8s_16_4_0_U4698,9,24,0,"",""
l1_root_channel,grp_l1_root_channel_false_22_true_s_fu_5446/mul_8s_8s_16_4_0_U4701,0,26,0,"",""
l1_root_channel,grp_l1_root_channel_false_22_true_s_fu_5446/mul_8s_8s_16_4_0_U4703,9,24,0,"",""
l1_root_channel,grp_l1_root_channel_false_22_true_s_fu_5446/add_18s_18s_18_2_0_U4705/u1,9,0,0,"",""
l1_root_channel,grp_l1_root_channel_false_22_true_s_fu_5446/add_18s_18s_18_2_0_U4705/u2,9,0,0,"",""
l1_root_channel,grp_l1_root_channel_false_22_true_s_fu_5446/add_18s_18s_18_2_0_U4706/u1,9,0,0,"",""
l1_root_channel,grp_l1_root_channel_false_22_true_s_fu_5446/add_18s_18s_18_2_0_U4706/u2,9,0,0,"",""
l1_root_channel,grp_l1_root_channel_false_22_true_s_fu_5446/add_18s_18s_18_2_0_U4707/u1,9,0,0,"",""
l1_root_channel,grp_l1_root_channel_false_22_true_s_fu_5446/add_18s_18s_18_2_0_U4707/u2,9,0,0,"",""
l1_root_channel,grp_l1_root_channel_false_22_true_s_fu_5446/add_18s_18s_18_2_0_U4708/u1,9,0,0,"",""
l1_root_channel,grp_l1_root_channel_false_22_true_s_fu_5446/add_18s_18s_18_2_0_U4708/u2,9,0,0,"",""
l1_root_channel,grp_l1_root_channel_false_22_true_s_fu_5446/add_18s_18s_18_2_0_U4709/u1,9,0,0,"",""
l1_root_channel,grp_l1_root_channel_false_22_true_s_fu_5446/add_18s_18s_18_2_0_U4709/u2,9,0,0,"",""
l1_root_channel,grp_l1_root_channel_false_22_true_s_fu_5446/add_18s_18s_18_2_0_U4710/u1,9,0,0,"",""
l1_root_channel,grp_l1_root_channel_false_22_true_s_fu_5446/add_18s_18s_18_2_0_U4710/u2,9,0,0,"",""
l1_root_channel,grp_l1_root_channel_false_22_true_s_fu_5446/add_18s_18s_18_2_0_U4711/u1,9,0,0,"",""
l1_root_channel,grp_l1_root_channel_false_22_true_s_fu_5446/add_18s_18s_18_2_0_U4711/u2,9,0,0,"",""
l1_root_channel,grp_l1_root_channel_false_22_true_s_fu_5446/add_18s_18s_18_2_0_U4712/u1,9,0,0,"",""
l1_root_channel,grp_l1_root_channel_false_22_true_s_fu_5446/add_18s_18s_18_2_0_U4712/u2,9,0,0,"",""
l1_root_channel,grp_l1_root_channel_false_23_true_s_fu_5570/add_18s_18s_18_2_0_U4953,18,19,0,"",""
l1_root_channel,grp_l1_root_channel_false_23_true_s_fu_5570/add_18s_18s_18_2_0_U4954,18,19,0,"",""
l1_root_channel,grp_l1_root_channel_false_23_true_s_fu_5570/add_18s_18s_18_2_0_U4955,18,19,0,"",""
l1_root_channel,grp_l1_root_channel_false_23_true_s_fu_5570/add_18s_18s_18_2_0_U4956,18,19,0,"",""
l1_root_channel,grp_l1_root_channel_false_23_true_s_fu_5570/add_18s_18s_18_2_0_U4957,18,19,0,"",""
l1_root_channel,grp_l1_root_channel_false_23_true_s_fu_5570/add_18s_18s_18_2_0_U4958,18,19,0,"",""
l1_root_channel,grp_l1_root_channel_false_23_true_s_fu_5570/add_18s_18s_18_2_0_U4959,18,19,0,"",""
l1_root_channel,grp_l1_root_channel_false_23_true_s_fu_5570/add_18s_18s_18_2_0_U4960,18,19,0,"",""
l1_root_channel,grp_l1_root_channel_false_23_true_s_fu_5570/mul_8s_3ns_11_4_0_U4847,2,14,0,"",""
l1_root_channel,grp_l1_root_channel_false_23_true_s_fu_5570/mul_8s_3ns_11_4_0_U4862,2,14,0,"",""
l1_root_channel,grp_l1_root_channel_false_23_true_s_fu_5570/mul_8s_3ns_11_4_0_U4877,2,14,0,"",""
l1_root_channel,grp_l1_root_channel_false_23_true_s_fu_5570/mul_8s_3ns_11_4_0_U4892,2,14,0,"",""
l1_root_channel,grp_l1_root_channel_false_23_true_s_fu_5570/mul_8s_3ns_11_4_0_U4907,2,14,0,"",""
l1_root_channel,grp_l1_root_channel_false_23_true_s_fu_5570/mul_8s_3ns_11_4_0_U4922,2,14,0,"",""
l1_root_channel,grp_l1_root_channel_false_23_true_s_fu_5570/mul_8s_3ns_11_4_0_U4937,2,14,0,"",""
l1_root_channel,grp_l1_root_channel_false_23_true_s_fu_5570/mul_8s_3ns_11_4_0_U4952,2,14,0,"",""
l1_root_channel,grp_l1_root_channel_false_23_true_s_fu_5570/mul_8s_3s_11_4_0_U4844,0,22,0,"",""
l1_root_channel,grp_l1_root_channel_false_23_true_s_fu_5570/mul_8s_3s_11_4_0_U4859,0,22,0,"",""
l1_root_channel,grp_l1_root_channel_false_23_true_s_fu_5570/mul_8s_3s_11_4_0_U4874,0,22,0,"",""
l1_root_channel,grp_l1_root_channel_false_23_true_s_fu_5570/mul_8s_3s_11_4_0_U4889,0,22,0,"",""
l1_root_channel,grp_l1_root_channel_false_23_true_s_fu_5570/mul_8s_3s_11_4_0_U4904,0,22,0,"",""
l1_root_channel,grp_l1_root_channel_false_23_true_s_fu_5570/mul_8s_3s_11_4_0_U4919,0,22,0,"",""
l1_root_channel,grp_l1_root_channel_false_23_true_s_fu_5570/mul_8s_3s_11_4_0_U4934,0,22,0,"",""
l1_root_channel,grp_l1_root_channel_false_23_true_s_fu_5570/mul_8s_3s_11_4_0_U4949,0,22,0,"",""
l1_root_channel,grp_l1_root_channel_false_23_true_s_fu_5570/mul_8s_6s_14_4_0_U4839,0,28,0,"",""
l1_root_channel,grp_l1_root_channel_false_23_true_s_fu_5570/mul_8s_6s_14_4_0_U4854,0,28,0,"",""
l1_root_channel,grp_l1_root_channel_false_23_true_s_fu_5570/mul_8s_6s_14_4_0_U4869,0,28,0,"",""
l1_root_channel,grp_l1_root_channel_false_23_true_s_fu_5570/mul_8s_6s_14_4_0_U4884,0,28,0,"",""
l1_root_channel,grp_l1_root_channel_false_23_true_s_fu_5570/mul_8s_6s_14_4_0_U4899,0,28,0,"",""
l1_root_channel,grp_l1_root_channel_false_23_true_s_fu_5570/mul_8s_6s_14_4_0_U4914,0,28,0,"",""
l1_root_channel,grp_l1_root_channel_false_23_true_s_fu_5570/mul_8s_6s_14_4_0_U4929,0,28,0,"",""
l1_root_channel,grp_l1_root_channel_false_23_true_s_fu_5570/mul_8s_6s_14_4_0_U4944,0,28,0,"",""
l1_root_channel,grp_l1_root_channel_false_23_true_s_fu_5570/mul_8s_7ns_15_4_0_U4840,0,28,0,"",""
l1_root_channel,grp_l1_root_channel_false_23_true_s_fu_5570/mul_8s_7ns_15_4_0_U4842,0,28,0,"",""
l1_root_channel,grp_l1_root_channel_false_23_true_s_fu_5570/mul_8s_7ns_15_4_0_U4843,0,28,0,"",""
l1_root_channel,grp_l1_root_channel_false_23_true_s_fu_5570/mul_8s_7ns_15_4_0_U4855,0,28,0,"",""
l1_root_channel,grp_l1_root_channel_false_23_true_s_fu_5570/mul_8s_7ns_15_4_0_U4857,0,28,0,"",""
l1_root_channel,grp_l1_root_channel_false_23_true_s_fu_5570/mul_8s_7ns_15_4_0_U4858,0,28,0,"",""
l1_root_channel,grp_l1_root_channel_false_23_true_s_fu_5570/mul_8s_7ns_15_4_0_U4870,0,28,0,"",""
l1_root_channel,grp_l1_root_channel_false_23_true_s_fu_5570/mul_8s_7ns_15_4_0_U4872,0,28,0,"",""
l1_root_channel,grp_l1_root_channel_false_23_true_s_fu_5570/mul_8s_7ns_15_4_0_U4873,0,28,0,"",""
l1_root_channel,grp_l1_root_channel_false_23_true_s_fu_5570/mul_8s_7ns_15_4_0_U4885,0,28,0,"",""
l1_root_channel,grp_l1_root_channel_false_23_true_s_fu_5570/mul_8s_7ns_15_4_0_U4887,0,28,0,"",""
l1_root_channel,grp_l1_root_channel_false_23_true_s_fu_5570/mul_8s_7ns_15_4_0_U4888,0,28,0,"",""
l1_root_channel,grp_l1_root_channel_false_23_true_s_fu_5570/mul_8s_7ns_15_4_0_U4900,0,28,0,"",""
l1_root_channel,grp_l1_root_channel_false_23_true_s_fu_5570/mul_8s_7ns_15_4_0_U4902,0,28,0,"",""
l1_root_channel,grp_l1_root_channel_false_23_true_s_fu_5570/mul_8s_7ns_15_4_0_U4903,0,28,0,"",""
l1_root_channel,grp_l1_root_channel_false_23_true_s_fu_5570/mul_8s_7ns_15_4_0_U4915,0,28,0,"",""
l1_root_channel,grp_l1_root_channel_false_23_true_s_fu_5570/mul_8s_7ns_15_4_0_U4917,0,28,0,"",""
l1_root_channel,grp_l1_root_channel_false_23_true_s_fu_5570/mul_8s_7ns_15_4_0_U4918,0,28,0,"",""
l1_root_channel,grp_l1_root_channel_false_23_true_s_fu_5570/mul_8s_7ns_15_4_0_U4930,0,28,0,"",""
l1_root_channel,grp_l1_root_channel_false_23_true_s_fu_5570/mul_8s_7ns_15_4_0_U4932,0,28,0,"",""
l1_root_channel,grp_l1_root_channel_false_23_true_s_fu_5570/mul_8s_7ns_15_4_0_U4933,0,28,0,"",""
l1_root_channel,grp_l1_root_channel_false_23_true_s_fu_5570/mul_8s_7ns_15_4_0_U4945,0,28,0,"",""
l1_root_channel,grp_l1_root_channel_false_23_true_s_fu_5570/mul_8s_7ns_15_4_0_U4947,0,28,0,"",""
l1_root_channel,grp_l1_root_channel_false_23_true_s_fu_5570/mul_8s_7ns_15_4_0_U4948,0,28,0,"",""
l1_root_channel,grp_l1_root_channel_false_23_true_s_fu_5570/mul_8s_7s_15_4_0_U4836,0,30,0,"",""
l1_root_channel,grp_l1_root_channel_false_23_true_s_fu_5570/mul_8s_7s_15_4_0_U4841,0,30,0,"",""
l1_root_channel,grp_l1_root_channel_false_23_true_s_fu_5570/mul_8s_7s_15_4_0_U4845,0,30,0,"",""
l1_root_channel,grp_l1_root_channel_false_23_true_s_fu_5570/mul_8s_7s_15_4_0_U4851,0,30,0,"",""
l1_root_channel,grp_l1_root_channel_false_23_true_s_fu_5570/mul_8s_7s_15_4_0_U4856,0,30,0,"",""
l1_root_channel,grp_l1_root_channel_false_23_true_s_fu_5570/mul_8s_7s_15_4_0_U4860,0,30,0,"",""
l1_root_channel,grp_l1_root_channel_false_23_true_s_fu_5570/mul_8s_7s_15_4_0_U4866,0,30,0,"",""
l1_root_channel,grp_l1_root_channel_false_23_true_s_fu_5570/mul_8s_7s_15_4_0_U4871,0,30,0,"",""
l1_root_channel,grp_l1_root_channel_false_23_true_s_fu_5570/mul_8s_7s_15_4_0_U4875,0,30,0,"",""
l1_root_channel,grp_l1_root_channel_false_23_true_s_fu_5570/mul_8s_7s_15_4_0_U4881,0,30,0,"",""
l1_root_channel,grp_l1_root_channel_false_23_true_s_fu_5570/mul_8s_7s_15_4_0_U4886,0,30,0,"",""
l1_root_channel,grp_l1_root_channel_false_23_true_s_fu_5570/mul_8s_7s_15_4_0_U4890,0,30,0,"",""
l1_root_channel,grp_l1_root_channel_false_23_true_s_fu_5570/mul_8s_7s_15_4_0_U4896,0,30,0,"",""
l1_root_channel,grp_l1_root_channel_false_23_true_s_fu_5570/mul_8s_7s_15_4_0_U4901,0,30,0,"",""
l1_root_channel,grp_l1_root_channel_false_23_true_s_fu_5570/mul_8s_7s_15_4_0_U4905,0,30,0,"",""
l1_root_channel,grp_l1_root_channel_false_23_true_s_fu_5570/mul_8s_7s_15_4_0_U4911,0,30,0,"",""
l1_root_channel,grp_l1_root_channel_false_23_true_s_fu_5570/mul_8s_7s_15_4_0_U4916,0,30,0,"",""
l1_root_channel,grp_l1_root_channel_false_23_true_s_fu_5570/mul_8s_7s_15_4_0_U4920,0,30,0,"",""
l1_root_channel,grp_l1_root_channel_false_23_true_s_fu_5570/mul_8s_7s_15_4_0_U4926,0,30,0,"",""
l1_root_channel,grp_l1_root_channel_false_23_true_s_fu_5570/mul_8s_7s_15_4_0_U4931,0,30,0,"",""
l1_root_channel,grp_l1_root_channel_false_23_true_s_fu_5570/mul_8s_7s_15_4_0_U4935,0,30,0,"",""
l1_root_channel,grp_l1_root_channel_false_23_true_s_fu_5570/mul_8s_7s_15_4_0_U4941,0,30,0,"",""
l1_root_channel,grp_l1_root_channel_false_23_true_s_fu_5570/mul_8s_7s_15_4_0_U4946,0,30,0,"",""
l1_root_channel,grp_l1_root_channel_false_23_true_s_fu_5570/mul_8s_7s_15_4_0_U4950,0,30,0,"",""
l1_root_channel,grp_l1_root_channel_false_23_true_s_fu_5570/mul_8s_8ns_16_4_0_U4837,6,28,0,"",""
l1_root_channel,grp_l1_root_channel_false_23_true_s_fu_5570/mul_8s_8ns_16_4_0_U4838,5,26,0,"",""
l1_root_channel,grp_l1_root_channel_false_23_true_s_fu_5570/mul_8s_8ns_16_4_0_U4846,16,26,0,"",""
l1_root_channel,grp_l1_root_channel_false_23_true_s_fu_5570/mul_8s_8ns_16_4_0_U4852,6,28,0,"",""
l1_root_channel,grp_l1_root_channel_false_23_true_s_fu_5570/mul_8s_8ns_16_4_0_U4853,5,26,0,"",""
l1_root_channel,grp_l1_root_channel_false_23_true_s_fu_5570/mul_8s_8ns_16_4_0_U4861,16,26,0,"",""
l1_root_channel,grp_l1_root_channel_false_23_true_s_fu_5570/mul_8s_8ns_16_4_0_U4867,6,28,0,"",""
l1_root_channel,grp_l1_root_channel_false_23_true_s_fu_5570/mul_8s_8ns_16_4_0_U4868,5,26,0,"",""
l1_root_channel,grp_l1_root_channel_false_23_true_s_fu_5570/mul_8s_8ns_16_4_0_U4876,16,26,0,"",""
l1_root_channel,grp_l1_root_channel_false_23_true_s_fu_5570/mul_8s_8ns_16_4_0_U4882,6,28,0,"",""
l1_root_channel,grp_l1_root_channel_false_23_true_s_fu_5570/mul_8s_8ns_16_4_0_U4883,5,26,0,"",""
l1_root_channel,grp_l1_root_channel_false_23_true_s_fu_5570/mul_8s_8ns_16_4_0_U4891,16,26,0,"",""
l1_root_channel,grp_l1_root_channel_false_23_true_s_fu_5570/mul_8s_8ns_16_4_0_U4897,6,28,0,"",""
l1_root_channel,grp_l1_root_channel_false_23_true_s_fu_5570/mul_8s_8ns_16_4_0_U4898,5,26,0,"",""
l1_root_channel,grp_l1_root_channel_false_23_true_s_fu_5570/mul_8s_8ns_16_4_0_U4906,16,26,0,"",""
l1_root_channel,grp_l1_root_channel_false_23_true_s_fu_5570/mul_8s_8ns_16_4_0_U4912,6,28,0,"",""
l1_root_channel,grp_l1_root_channel_false_23_true_s_fu_5570/mul_8s_8ns_16_4_0_U4913,5,26,0,"",""
l1_root_channel,grp_l1_root_channel_false_23_true_s_fu_5570/mul_8s_8ns_16_4_0_U4921,16,26,0,"",""
l1_root_channel,grp_l1_root_channel_false_23_true_s_fu_5570/mul_8s_8ns_16_4_0_U4927,6,28,0,"",""
l1_root_channel,grp_l1_root_channel_false_23_true_s_fu_5570/mul_8s_8ns_16_4_0_U4928,5,26,0,"",""
l1_root_channel,grp_l1_root_channel_false_23_true_s_fu_5570/mul_8s_8ns_16_4_0_U4936,16,26,0,"",""
l1_root_channel,grp_l1_root_channel_false_23_true_s_fu_5570/mul_8s_8ns_16_4_0_U4942,6,28,0,"",""
l1_root_channel,grp_l1_root_channel_false_23_true_s_fu_5570/mul_8s_8ns_16_4_0_U4943,5,26,0,"",""
l1_root_channel,grp_l1_root_channel_false_23_true_s_fu_5570/mul_8s_8ns_16_4_0_U4951,16,26,0,"",""
l1_root_channel,grp_l1_root_channel_false_23_true_s_fu_5570/mul_8s_8s_16_4_0_U4833,1,30,0,"",""
l1_root_channel,grp_l1_root_channel_false_23_true_s_fu_5570/mul_8s_8s_16_4_0_U4834,0,26,0,"",""
l1_root_channel,grp_l1_root_channel_false_23_true_s_fu_5570/mul_8s_8s_16_4_0_U4835,1,30,0,"",""
l1_root_channel,grp_l1_root_channel_false_23_true_s_fu_5570/mul_8s_8s_16_4_0_U4848,1,30,0,"",""
l1_root_channel,grp_l1_root_channel_false_23_true_s_fu_5570/mul_8s_8s_16_4_0_U4849,0,26,0,"",""
l1_root_channel,grp_l1_root_channel_false_23_true_s_fu_5570/mul_8s_8s_16_4_0_U4850,1,30,0,"",""
l1_root_channel,grp_l1_root_channel_false_23_true_s_fu_5570/mul_8s_8s_16_4_0_U4863,1,30,0,"",""
l1_root_channel,grp_l1_root_channel_false_23_true_s_fu_5570/mul_8s_8s_16_4_0_U4864,0,26,0,"",""
l1_root_channel,grp_l1_root_channel_false_23_true_s_fu_5570/mul_8s_8s_16_4_0_U4865,1,30,0,"",""
l1_root_channel,grp_l1_root_channel_false_23_true_s_fu_5570/mul_8s_8s_16_4_0_U4878,1,30,0,"",""
l1_root_channel,grp_l1_root_channel_false_23_true_s_fu_5570/mul_8s_8s_16_4_0_U4879,0,26,0,"",""
l1_root_channel,grp_l1_root_channel_false_23_true_s_fu_5570/mul_8s_8s_16_4_0_U4880,1,30,0,"",""
l1_root_channel,grp_l1_root_channel_false_23_true_s_fu_5570/mul_8s_8s_16_4_0_U4893,1,30,0,"",""
l1_root_channel,grp_l1_root_channel_false_23_true_s_fu_5570/mul_8s_8s_16_4_0_U4894,0,26,0,"",""
l1_root_channel,grp_l1_root_channel_false_23_true_s_fu_5570/mul_8s_8s_16_4_0_U4895,1,30,0,"",""
l1_root_channel,grp_l1_root_channel_false_23_true_s_fu_5570/mul_8s_8s_16_4_0_U4908,1,30,0,"",""
l1_root_channel,grp_l1_root_channel_false_23_true_s_fu_5570/mul_8s_8s_16_4_0_U4909,0,26,0,"",""
l1_root_channel,grp_l1_root_channel_false_23_true_s_fu_5570/mul_8s_8s_16_4_0_U4910,1,30,0,"",""
l1_root_channel,grp_l1_root_channel_false_23_true_s_fu_5570/mul_8s_8s_16_4_0_U4923,1,30,0,"",""
l1_root_channel,grp_l1_root_channel_false_23_true_s_fu_5570/mul_8s_8s_16_4_0_U4924,0,26,0,"",""
l1_root_channel,grp_l1_root_channel_false_23_true_s_fu_5570/mul_8s_8s_16_4_0_U4925,1,30,0,"",""
l1_root_channel,grp_l1_root_channel_false_23_true_s_fu_5570/mul_8s_8s_16_4_0_U4938,1,30,0,"",""
l1_root_channel,grp_l1_root_channel_false_23_true_s_fu_5570/mul_8s_8s_16_4_0_U4939,0,26,0,"",""
l1_root_channel,grp_l1_root_channel_false_23_true_s_fu_5570/mul_8s_8s_16_4_0_U4940,1,30,0,"",""
l1_root_channel,grp_l1_root_channel_false_23_true_s_fu_5570/add_18s_18s_18_2_0_U4953/u1,9,0,0,"",""
l1_root_channel,grp_l1_root_channel_false_23_true_s_fu_5570/add_18s_18s_18_2_0_U4953/u2,9,0,0,"",""
l1_root_channel,grp_l1_root_channel_false_23_true_s_fu_5570/add_18s_18s_18_2_0_U4954/u1,9,0,0,"",""
l1_root_channel,grp_l1_root_channel_false_23_true_s_fu_5570/add_18s_18s_18_2_0_U4954/u2,9,0,0,"",""
l1_root_channel,grp_l1_root_channel_false_23_true_s_fu_5570/add_18s_18s_18_2_0_U4955/u1,9,0,0,"",""
l1_root_channel,grp_l1_root_channel_false_23_true_s_fu_5570/add_18s_18s_18_2_0_U4955/u2,9,0,0,"",""
l1_root_channel,grp_l1_root_channel_false_23_true_s_fu_5570/add_18s_18s_18_2_0_U4956/u1,9,0,0,"",""
l1_root_channel,grp_l1_root_channel_false_23_true_s_fu_5570/add_18s_18s_18_2_0_U4956/u2,9,0,0,"",""
l1_root_channel,grp_l1_root_channel_false_23_true_s_fu_5570/add_18s_18s_18_2_0_U4957/u1,9,0,0,"",""
l1_root_channel,grp_l1_root_channel_false_23_true_s_fu_5570/add_18s_18s_18_2_0_U4957/u2,9,0,0,"",""
l1_root_channel,grp_l1_root_channel_false_23_true_s_fu_5570/add_18s_18s_18_2_0_U4958/u1,9,0,0,"",""
l1_root_channel,grp_l1_root_channel_false_23_true_s_fu_5570/add_18s_18s_18_2_0_U4958/u2,9,0,0,"",""
l1_root_channel,grp_l1_root_channel_false_23_true_s_fu_5570/add_18s_18s_18_2_0_U4959/u1,9,0,0,"",""
l1_root_channel,grp_l1_root_channel_false_23_true_s_fu_5570/add_18s_18s_18_2_0_U4959/u2,9,0,0,"",""
l1_root_channel,grp_l1_root_channel_false_23_true_s_fu_5570/add_18s_18s_18_2_0_U4960/u1,9,0,0,"",""
l1_root_channel,grp_l1_root_channel_false_23_true_s_fu_5570/add_18s_18s_18_2_0_U4960/u2,9,0,0,"",""
l1_root_channel,grp_l1_root_channel_false_2_true_s_fu_3578/add_18s_18s_18_2_0_U344,18,19,0,"",""
l1_root_channel,grp_l1_root_channel_false_2_true_s_fu_3578/add_18s_18s_18_2_0_U345,18,19,0,"",""
l1_root_channel,grp_l1_root_channel_false_2_true_s_fu_3578/add_18s_18s_18_2_0_U346,18,19,0,"",""
l1_root_channel,grp_l1_root_channel_false_2_true_s_fu_3578/add_18s_18s_18_2_0_U347,18,19,0,"",""
l1_root_channel,grp_l1_root_channel_false_2_true_s_fu_3578/add_18s_18s_18_2_0_U348,18,19,0,"",""
l1_root_channel,grp_l1_root_channel_false_2_true_s_fu_3578/add_18s_18s_18_2_0_U349,18,19,0,"",""
l1_root_channel,grp_l1_root_channel_false_2_true_s_fu_3578/add_18s_18s_18_2_0_U350,18,19,0,"",""
l1_root_channel,grp_l1_root_channel_false_2_true_s_fu_3578/add_18s_18s_18_2_0_U351,18,19,0,"",""
l1_root_channel,grp_l1_root_channel_false_2_true_s_fu_3578/mul_8s_5ns_13_4_0_U237,0,22,0,"",""
l1_root_channel,grp_l1_root_channel_false_2_true_s_fu_3578/mul_8s_5ns_13_4_0_U250,0,22,0,"",""
l1_root_channel,grp_l1_root_channel_false_2_true_s_fu_3578/mul_8s_5ns_13_4_0_U263,0,22,0,"",""
l1_root_channel,grp_l1_root_channel_false_2_true_s_fu_3578/mul_8s_5ns_13_4_0_U276,0,22,0,"",""
l1_root_channel,grp_l1_root_channel_false_2_true_s_fu_3578/mul_8s_5ns_13_4_0_U289,0,22,0,"",""
l1_root_channel,grp_l1_root_channel_false_2_true_s_fu_3578/mul_8s_5ns_13_4_0_U302,0,22,0,"",""
l1_root_channel,grp_l1_root_channel_false_2_true_s_fu_3578/mul_8s_5ns_13_4_0_U315,0,22,0,"",""
l1_root_channel,grp_l1_root_channel_false_2_true_s_fu_3578/mul_8s_5ns_13_4_0_U328,0,22,0,"",""
l1_root_channel,grp_l1_root_channel_false_2_true_s_fu_3578/mul_8s_6ns_14_4_0_U234,0,26,0,"",""
l1_root_channel,grp_l1_root_channel_false_2_true_s_fu_3578/mul_8s_6ns_14_4_0_U244,0,27,0,"",""
l1_root_channel,grp_l1_root_channel_false_2_true_s_fu_3578/mul_8s_6ns_14_4_0_U247,0,26,0,"",""
l1_root_channel,grp_l1_root_channel_false_2_true_s_fu_3578/mul_8s_6ns_14_4_0_U257,0,27,0,"",""
l1_root_channel,grp_l1_root_channel_false_2_true_s_fu_3578/mul_8s_6ns_14_4_0_U260,0,26,0,"",""
l1_root_channel,grp_l1_root_channel_false_2_true_s_fu_3578/mul_8s_6ns_14_4_0_U270,0,27,0,"",""
l1_root_channel,grp_l1_root_channel_false_2_true_s_fu_3578/mul_8s_6ns_14_4_0_U273,0,26,0,"",""
l1_root_channel,grp_l1_root_channel_false_2_true_s_fu_3578/mul_8s_6ns_14_4_0_U283,0,27,0,"",""
l1_root_channel,grp_l1_root_channel_false_2_true_s_fu_3578/mul_8s_6ns_14_4_0_U286,0,26,0,"",""
l1_root_channel,grp_l1_root_channel_false_2_true_s_fu_3578/mul_8s_6ns_14_4_0_U296,0,27,0,"",""
l1_root_channel,grp_l1_root_channel_false_2_true_s_fu_3578/mul_8s_6ns_14_4_0_U299,0,26,0,"",""
l1_root_channel,grp_l1_root_channel_false_2_true_s_fu_3578/mul_8s_6ns_14_4_0_U309,0,27,0,"",""
l1_root_channel,grp_l1_root_channel_false_2_true_s_fu_3578/mul_8s_6ns_14_4_0_U312,0,26,0,"",""
l1_root_channel,grp_l1_root_channel_false_2_true_s_fu_3578/mul_8s_6ns_14_4_0_U322,0,27,0,"",""
l1_root_channel,grp_l1_root_channel_false_2_true_s_fu_3578/mul_8s_6ns_14_4_0_U325,0,26,0,"",""
l1_root_channel,grp_l1_root_channel_false_2_true_s_fu_3578/mul_8s_6ns_14_4_0_U335,0,27,0,"",""
l1_root_channel,grp_l1_root_channel_false_2_true_s_fu_3578/mul_8s_6s_14_4_0_U235,0,20,0,"",""
l1_root_channel,grp_l1_root_channel_false_2_true_s_fu_3578/mul_8s_6s_14_4_0_U248,0,20,0,"",""
l1_root_channel,grp_l1_root_channel_false_2_true_s_fu_3578/mul_8s_6s_14_4_0_U261,0,20,0,"",""
l1_root_channel,grp_l1_root_channel_false_2_true_s_fu_3578/mul_8s_6s_14_4_0_U274,0,20,0,"",""
l1_root_channel,grp_l1_root_channel_false_2_true_s_fu_3578/mul_8s_6s_14_4_0_U287,0,20,0,"",""
l1_root_channel,grp_l1_root_channel_false_2_true_s_fu_3578/mul_8s_6s_14_4_0_U300,0,20,0,"",""
l1_root_channel,grp_l1_root_channel_false_2_true_s_fu_3578/mul_8s_6s_14_4_0_U313,0,20,0,"",""
l1_root_channel,grp_l1_root_channel_false_2_true_s_fu_3578/mul_8s_6s_14_4_0_U326,0,20,0,"",""
l1_root_channel,grp_l1_root_channel_false_2_true_s_fu_3578/mul_8s_7ns_15_4_0_U233,0,20,0,"",""
l1_root_channel,grp_l1_root_channel_false_2_true_s_fu_3578/mul_8s_7ns_15_4_0_U236,0,27,0,"",""
l1_root_channel,grp_l1_root_channel_false_2_true_s_fu_3578/mul_8s_7ns_15_4_0_U239,0,30,0,"",""
l1_root_channel,grp_l1_root_channel_false_2_true_s_fu_3578/mul_8s_7ns_15_4_0_U246,0,20,0,"",""
l1_root_channel,grp_l1_root_channel_false_2_true_s_fu_3578/mul_8s_7ns_15_4_0_U249,0,27,0,"",""
l1_root_channel,grp_l1_root_channel_false_2_true_s_fu_3578/mul_8s_7ns_15_4_0_U252,0,30,0,"",""
l1_root_channel,grp_l1_root_channel_false_2_true_s_fu_3578/mul_8s_7ns_15_4_0_U259,0,20,0,"",""
l1_root_channel,grp_l1_root_channel_false_2_true_s_fu_3578/mul_8s_7ns_15_4_0_U262,0,27,0,"",""
l1_root_channel,grp_l1_root_channel_false_2_true_s_fu_3578/mul_8s_7ns_15_4_0_U265,0,30,0,"",""
l1_root_channel,grp_l1_root_channel_false_2_true_s_fu_3578/mul_8s_7ns_15_4_0_U272,0,20,0,"",""
l1_root_channel,grp_l1_root_channel_false_2_true_s_fu_3578/mul_8s_7ns_15_4_0_U275,0,27,0,"",""
l1_root_channel,grp_l1_root_channel_false_2_true_s_fu_3578/mul_8s_7ns_15_4_0_U278,0,30,0,"",""
l1_root_channel,grp_l1_root_channel_false_2_true_s_fu_3578/mul_8s_7ns_15_4_0_U285,0,20,0,"",""
l1_root_channel,grp_l1_root_channel_false_2_true_s_fu_3578/mul_8s_7ns_15_4_0_U288,0,27,0,"",""
l1_root_channel,grp_l1_root_channel_false_2_true_s_fu_3578/mul_8s_7ns_15_4_0_U291,0,30,0,"",""
l1_root_channel,grp_l1_root_channel_false_2_true_s_fu_3578/mul_8s_7ns_15_4_0_U298,0,20,0,"",""
l1_root_channel,grp_l1_root_channel_false_2_true_s_fu_3578/mul_8s_7ns_15_4_0_U301,0,28,0,"",""
l1_root_channel,grp_l1_root_channel_false_2_true_s_fu_3578/mul_8s_7ns_15_4_0_U304,0,30,0,"",""
l1_root_channel,grp_l1_root_channel_false_2_true_s_fu_3578/mul_8s_7ns_15_4_0_U311,0,20,0,"",""
l1_root_channel,grp_l1_root_channel_false_2_true_s_fu_3578/mul_8s_7ns_15_4_0_U314,0,27,0,"",""
l1_root_channel,grp_l1_root_channel_false_2_true_s_fu_3578/mul_8s_7ns_15_4_0_U317,0,30,0,"",""
l1_root_channel,grp_l1_root_channel_false_2_true_s_fu_3578/mul_8s_7ns_15_4_0_U324,0,20,0,"",""
l1_root_channel,grp_l1_root_channel_false_2_true_s_fu_3578/mul_8s_7ns_15_4_0_U327,0,27,0,"",""
l1_root_channel,grp_l1_root_channel_false_2_true_s_fu_3578/mul_8s_7ns_15_4_0_U330,0,30,0,"",""
l1_root_channel,grp_l1_root_channel_false_2_true_s_fu_3578/mul_8s_7s_15_4_0_U243,0,24,0,"",""
l1_root_channel,grp_l1_root_channel_false_2_true_s_fu_3578/mul_8s_7s_15_4_0_U256,0,24,0,"",""
l1_root_channel,grp_l1_root_channel_false_2_true_s_fu_3578/mul_8s_7s_15_4_0_U269,0,24,0,"",""
l1_root_channel,grp_l1_root_channel_false_2_true_s_fu_3578/mul_8s_7s_15_4_0_U282,0,24,0,"",""
l1_root_channel,grp_l1_root_channel_false_2_true_s_fu_3578/mul_8s_7s_15_4_0_U295,0,24,0,"",""
l1_root_channel,grp_l1_root_channel_false_2_true_s_fu_3578/mul_8s_7s_15_4_0_U308,0,24,0,"",""
l1_root_channel,grp_l1_root_channel_false_2_true_s_fu_3578/mul_8s_7s_15_4_0_U321,0,24,0,"",""
l1_root_channel,grp_l1_root_channel_false_2_true_s_fu_3578/mul_8s_7s_15_4_0_U334,0,24,0,"",""
l1_root_channel,grp_l1_root_channel_false_2_true_s_fu_3578/mul_8s_8ns_16_4_0_U240,4,28,0,"",""
l1_root_channel,grp_l1_root_channel_false_2_true_s_fu_3578/mul_8s_8ns_16_4_0_U241,6,28,0,"",""
l1_root_channel,grp_l1_root_channel_false_2_true_s_fu_3578/mul_8s_8ns_16_4_0_U253,4,28,0,"",""
l1_root_channel,grp_l1_root_channel_false_2_true_s_fu_3578/mul_8s_8ns_16_4_0_U254,6,28,0,"",""
l1_root_channel,grp_l1_root_channel_false_2_true_s_fu_3578/mul_8s_8ns_16_4_0_U266,4,28,0,"",""
l1_root_channel,grp_l1_root_channel_false_2_true_s_fu_3578/mul_8s_8ns_16_4_0_U267,6,28,0,"",""
l1_root_channel,grp_l1_root_channel_false_2_true_s_fu_3578/mul_8s_8ns_16_4_0_U279,4,28,0,"",""
l1_root_channel,grp_l1_root_channel_false_2_true_s_fu_3578/mul_8s_8ns_16_4_0_U280,6,28,0,"",""
l1_root_channel,grp_l1_root_channel_false_2_true_s_fu_3578/mul_8s_8ns_16_4_0_U292,4,28,0,"",""
l1_root_channel,grp_l1_root_channel_false_2_true_s_fu_3578/mul_8s_8ns_16_4_0_U293,6,28,0,"",""
l1_root_channel,grp_l1_root_channel_false_2_true_s_fu_3578/mul_8s_8ns_16_4_0_U305,4,28,0,"",""
l1_root_channel,grp_l1_root_channel_false_2_true_s_fu_3578/mul_8s_8ns_16_4_0_U306,6,28,0,"",""
l1_root_channel,grp_l1_root_channel_false_2_true_s_fu_3578/mul_8s_8ns_16_4_0_U318,4,28,0,"",""
l1_root_channel,grp_l1_root_channel_false_2_true_s_fu_3578/mul_8s_8ns_16_4_0_U319,6,28,0,"",""
l1_root_channel,grp_l1_root_channel_false_2_true_s_fu_3578/mul_8s_8ns_16_4_0_U331,4,28,0,"",""
l1_root_channel,grp_l1_root_channel_false_2_true_s_fu_3578/mul_8s_8ns_16_4_0_U332,6,28,0,"",""
l1_root_channel,grp_l1_root_channel_false_2_true_s_fu_3578/mul_8s_8ns_16_4_0_U336,5,25,0,"",""
l1_root_channel,grp_l1_root_channel_false_2_true_s_fu_3578/mul_8s_8ns_16_4_0_U337,5,25,0,"",""
l1_root_channel,grp_l1_root_channel_false_2_true_s_fu_3578/mul_8s_8ns_16_4_0_U338,5,25,0,"",""
l1_root_channel,grp_l1_root_channel_false_2_true_s_fu_3578/mul_8s_8ns_16_4_0_U339,5,25,0,"",""
l1_root_channel,grp_l1_root_channel_false_2_true_s_fu_3578/mul_8s_8ns_16_4_0_U340,5,25,0,"",""
l1_root_channel,grp_l1_root_channel_false_2_true_s_fu_3578/mul_8s_8ns_16_4_0_U341,5,25,0,"",""
l1_root_channel,grp_l1_root_channel_false_2_true_s_fu_3578/mul_8s_8ns_16_4_0_U342,5,25,0,"",""
l1_root_channel,grp_l1_root_channel_false_2_true_s_fu_3578/mul_8s_8ns_16_4_0_U343,5,25,0,"",""
l1_root_channel,grp_l1_root_channel_false_2_true_s_fu_3578/mul_8s_8s_16_4_0_U232,1,26,0,"",""
l1_root_channel,grp_l1_root_channel_false_2_true_s_fu_3578/mul_8s_8s_16_4_0_U238,4,27,0,"",""
l1_root_channel,grp_l1_root_channel_false_2_true_s_fu_3578/mul_8s_8s_16_4_0_U242,1,30,0,"",""
l1_root_channel,grp_l1_root_channel_false_2_true_s_fu_3578/mul_8s_8s_16_4_0_U245,1,26,0,"",""
l1_root_channel,grp_l1_root_channel_false_2_true_s_fu_3578/mul_8s_8s_16_4_0_U251,4,27,0,"",""
l1_root_channel,grp_l1_root_channel_false_2_true_s_fu_3578/mul_8s_8s_16_4_0_U255,1,30,0,"",""
l1_root_channel,grp_l1_root_channel_false_2_true_s_fu_3578/mul_8s_8s_16_4_0_U258,1,26,0,"",""
l1_root_channel,grp_l1_root_channel_false_2_true_s_fu_3578/mul_8s_8s_16_4_0_U264,4,27,0,"",""
l1_root_channel,grp_l1_root_channel_false_2_true_s_fu_3578/mul_8s_8s_16_4_0_U268,1,30,0,"",""
l1_root_channel,grp_l1_root_channel_false_2_true_s_fu_3578/mul_8s_8s_16_4_0_U271,1,26,0,"",""
l1_root_channel,grp_l1_root_channel_false_2_true_s_fu_3578/mul_8s_8s_16_4_0_U277,4,28,0,"",""
l1_root_channel,grp_l1_root_channel_false_2_true_s_fu_3578/mul_8s_8s_16_4_0_U281,1,30,0,"",""
l1_root_channel,grp_l1_root_channel_false_2_true_s_fu_3578/mul_8s_8s_16_4_0_U284,1,26,0,"",""
l1_root_channel,grp_l1_root_channel_false_2_true_s_fu_3578/mul_8s_8s_16_4_0_U290,4,27,0,"",""
l1_root_channel,grp_l1_root_channel_false_2_true_s_fu_3578/mul_8s_8s_16_4_0_U294,1,30,0,"",""
l1_root_channel,grp_l1_root_channel_false_2_true_s_fu_3578/mul_8s_8s_16_4_0_U297,1,26,0,"",""
l1_root_channel,grp_l1_root_channel_false_2_true_s_fu_3578/mul_8s_8s_16_4_0_U303,4,27,0,"",""
l1_root_channel,grp_l1_root_channel_false_2_true_s_fu_3578/mul_8s_8s_16_4_0_U307,1,30,0,"",""
l1_root_channel,grp_l1_root_channel_false_2_true_s_fu_3578/mul_8s_8s_16_4_0_U310,1,26,0,"",""
l1_root_channel,grp_l1_root_channel_false_2_true_s_fu_3578/mul_8s_8s_16_4_0_U316,4,27,0,"",""
l1_root_channel,grp_l1_root_channel_false_2_true_s_fu_3578/mul_8s_8s_16_4_0_U320,1,30,0,"",""
l1_root_channel,grp_l1_root_channel_false_2_true_s_fu_3578/mul_8s_8s_16_4_0_U323,1,26,0,"",""
l1_root_channel,grp_l1_root_channel_false_2_true_s_fu_3578/mul_8s_8s_16_4_0_U329,4,27,0,"",""
l1_root_channel,grp_l1_root_channel_false_2_true_s_fu_3578/mul_8s_8s_16_4_0_U333,1,30,0,"",""
l1_root_channel,grp_l1_root_channel_false_2_true_s_fu_3578/add_18s_18s_18_2_0_U344/u1,9,0,0,"",""
l1_root_channel,grp_l1_root_channel_false_2_true_s_fu_3578/add_18s_18s_18_2_0_U344/u2,9,0,0,"",""
l1_root_channel,grp_l1_root_channel_false_2_true_s_fu_3578/add_18s_18s_18_2_0_U345/u1,9,0,0,"",""
l1_root_channel,grp_l1_root_channel_false_2_true_s_fu_3578/add_18s_18s_18_2_0_U345/u2,9,0,0,"",""
l1_root_channel,grp_l1_root_channel_false_2_true_s_fu_3578/add_18s_18s_18_2_0_U346/u1,9,0,0,"",""
l1_root_channel,grp_l1_root_channel_false_2_true_s_fu_3578/add_18s_18s_18_2_0_U346/u2,9,0,0,"",""
l1_root_channel,grp_l1_root_channel_false_2_true_s_fu_3578/add_18s_18s_18_2_0_U347/u1,9,0,0,"",""
l1_root_channel,grp_l1_root_channel_false_2_true_s_fu_3578/add_18s_18s_18_2_0_U347/u2,9,0,0,"",""
l1_root_channel,grp_l1_root_channel_false_2_true_s_fu_3578/add_18s_18s_18_2_0_U348/u1,9,0,0,"",""
l1_root_channel,grp_l1_root_channel_false_2_true_s_fu_3578/add_18s_18s_18_2_0_U348/u2,9,0,0,"",""
l1_root_channel,grp_l1_root_channel_false_2_true_s_fu_3578/add_18s_18s_18_2_0_U349/u1,9,0,0,"",""
l1_root_channel,grp_l1_root_channel_false_2_true_s_fu_3578/add_18s_18s_18_2_0_U349/u2,9,0,0,"",""
l1_root_channel,grp_l1_root_channel_false_2_true_s_fu_3578/add_18s_18s_18_2_0_U350/u1,9,0,0,"",""
l1_root_channel,grp_l1_root_channel_false_2_true_s_fu_3578/add_18s_18s_18_2_0_U350/u2,9,0,0,"",""
l1_root_channel,grp_l1_root_channel_false_2_true_s_fu_3578/add_18s_18s_18_2_0_U351/u1,9,0,0,"",""
l1_root_channel,grp_l1_root_channel_false_2_true_s_fu_3578/add_18s_18s_18_2_0_U351/u2,9,0,0,"",""
l1_root_channel,grp_l1_root_channel_false_3_true_s_fu_3702/add_18s_18s_18_2_0_U594,18,19,0,"",""
l1_root_channel,grp_l1_root_channel_false_3_true_s_fu_3702/add_18s_18s_18_2_0_U595,18,19,0,"",""
l1_root_channel,grp_l1_root_channel_false_3_true_s_fu_3702/add_18s_18s_18_2_0_U596,18,19,0,"",""
l1_root_channel,grp_l1_root_channel_false_3_true_s_fu_3702/add_18s_18s_18_2_0_U597,18,19,0,"",""
l1_root_channel,grp_l1_root_channel_false_3_true_s_fu_3702/add_18s_18s_18_2_0_U598,18,19,0,"",""
l1_root_channel,grp_l1_root_channel_false_3_true_s_fu_3702/add_18s_18s_18_2_0_U599,18,19,0,"",""
l1_root_channel,grp_l1_root_channel_false_3_true_s_fu_3702/add_18s_18s_18_2_0_U600,18,19,0,"",""
l1_root_channel,grp_l1_root_channel_false_3_true_s_fu_3702/add_18s_18s_18_2_0_U601,18,19,0,"",""
l1_root_channel,grp_l1_root_channel_false_3_true_s_fu_3702/mul_8s_3s_11_4_0_U475,0,22,0,"",""
l1_root_channel,grp_l1_root_channel_false_3_true_s_fu_3702/mul_8s_3s_11_4_0_U485,0,22,0,"",""
l1_root_channel,grp_l1_root_channel_false_3_true_s_fu_3702/mul_8s_3s_11_4_0_U495,0,22,0,"",""
l1_root_channel,grp_l1_root_channel_false_3_true_s_fu_3702/mul_8s_3s_11_4_0_U505,0,22,0,"",""
l1_root_channel,grp_l1_root_channel_false_3_true_s_fu_3702/mul_8s_3s_11_4_0_U515,0,22,0,"",""
l1_root_channel,grp_l1_root_channel_false_3_true_s_fu_3702/mul_8s_3s_11_4_0_U525,0,22,0,"",""
l1_root_channel,grp_l1_root_channel_false_3_true_s_fu_3702/mul_8s_3s_11_4_0_U535,0,22,0,"",""
l1_root_channel,grp_l1_root_channel_false_3_true_s_fu_3702/mul_8s_3s_11_4_0_U545,0,22,0,"",""
l1_root_channel,grp_l1_root_channel_false_3_true_s_fu_3702/mul_8s_5ns_13_4_0_U482,0,24,0,"",""
l1_root_channel,grp_l1_root_channel_false_3_true_s_fu_3702/mul_8s_5ns_13_4_0_U492,0,24,0,"",""
l1_root_channel,grp_l1_root_channel_false_3_true_s_fu_3702/mul_8s_5ns_13_4_0_U502,0,24,0,"",""
l1_root_channel,grp_l1_root_channel_false_3_true_s_fu_3702/mul_8s_5ns_13_4_0_U512,0,24,0,"",""
l1_root_channel,grp_l1_root_channel_false_3_true_s_fu_3702/mul_8s_5ns_13_4_0_U522,0,24,0,"",""
l1_root_channel,grp_l1_root_channel_false_3_true_s_fu_3702/mul_8s_5ns_13_4_0_U532,0,24,0,"",""
l1_root_channel,grp_l1_root_channel_false_3_true_s_fu_3702/mul_8s_5ns_13_4_0_U542,0,24,0,"",""
l1_root_channel,grp_l1_root_channel_false_3_true_s_fu_3702/mul_8s_5ns_13_4_0_U552,0,24,0,"",""
l1_root_channel,grp_l1_root_channel_false_3_true_s_fu_3702/mul_8s_6ns_14_4_0_U480,0,26,0,"",""
l1_root_channel,grp_l1_root_channel_false_3_true_s_fu_3702/mul_8s_6ns_14_4_0_U490,0,26,0,"",""
l1_root_channel,grp_l1_root_channel_false_3_true_s_fu_3702/mul_8s_6ns_14_4_0_U500,0,26,0,"",""
l1_root_channel,grp_l1_root_channel_false_3_true_s_fu_3702/mul_8s_6ns_14_4_0_U510,0,26,0,"",""
l1_root_channel,grp_l1_root_channel_false_3_true_s_fu_3702/mul_8s_6ns_14_4_0_U520,0,26,0,"",""
l1_root_channel,grp_l1_root_channel_false_3_true_s_fu_3702/mul_8s_6ns_14_4_0_U530,0,26,0,"",""
l1_root_channel,grp_l1_root_channel_false_3_true_s_fu_3702/mul_8s_6ns_14_4_0_U540,0,26,0,"",""
l1_root_channel,grp_l1_root_channel_false_3_true_s_fu_3702/mul_8s_6ns_14_4_0_U550,0,26,0,"",""
l1_root_channel,grp_l1_root_channel_false_3_true_s_fu_3702/mul_8s_7ns_15_4_0_U477,0,18,0,"",""
l1_root_channel,grp_l1_root_channel_false_3_true_s_fu_3702/mul_8s_7ns_15_4_0_U478,0,28,0,"",""
l1_root_channel,grp_l1_root_channel_false_3_true_s_fu_3702/mul_8s_7ns_15_4_0_U481,0,28,0,"",""
l1_root_channel,grp_l1_root_channel_false_3_true_s_fu_3702/mul_8s_7ns_15_4_0_U487,0,18,0,"",""
l1_root_channel,grp_l1_root_channel_false_3_true_s_fu_3702/mul_8s_7ns_15_4_0_U488,0,28,0,"",""
l1_root_channel,grp_l1_root_channel_false_3_true_s_fu_3702/mul_8s_7ns_15_4_0_U491,0,30,0,"",""
l1_root_channel,grp_l1_root_channel_false_3_true_s_fu_3702/mul_8s_7ns_15_4_0_U497,0,18,0,"",""
l1_root_channel,grp_l1_root_channel_false_3_true_s_fu_3702/mul_8s_7ns_15_4_0_U498,0,29,0,"",""
l1_root_channel,grp_l1_root_channel_false_3_true_s_fu_3702/mul_8s_7ns_15_4_0_U501,0,30,0,"",""
l1_root_channel,grp_l1_root_channel_false_3_true_s_fu_3702/mul_8s_7ns_15_4_0_U507,0,18,0,"",""
l1_root_channel,grp_l1_root_channel_false_3_true_s_fu_3702/mul_8s_7ns_15_4_0_U508,0,29,0,"",""
l1_root_channel,grp_l1_root_channel_false_3_true_s_fu_3702/mul_8s_7ns_15_4_0_U511,0,30,0,"",""
l1_root_channel,grp_l1_root_channel_false_3_true_s_fu_3702/mul_8s_7ns_15_4_0_U517,0,18,0,"",""
l1_root_channel,grp_l1_root_channel_false_3_true_s_fu_3702/mul_8s_7ns_15_4_0_U518,0,29,0,"",""
l1_root_channel,grp_l1_root_channel_false_3_true_s_fu_3702/mul_8s_7ns_15_4_0_U521,0,30,0,"",""
l1_root_channel,grp_l1_root_channel_false_3_true_s_fu_3702/mul_8s_7ns_15_4_0_U527,0,18,0,"",""
l1_root_channel,grp_l1_root_channel_false_3_true_s_fu_3702/mul_8s_7ns_15_4_0_U528,0,29,0,"",""
l1_root_channel,grp_l1_root_channel_false_3_true_s_fu_3702/mul_8s_7ns_15_4_0_U531,0,30,0,"",""
l1_root_channel,grp_l1_root_channel_false_3_true_s_fu_3702/mul_8s_7ns_15_4_0_U537,0,18,0,"",""
l1_root_channel,grp_l1_root_channel_false_3_true_s_fu_3702/mul_8s_7ns_15_4_0_U538,0,29,0,"",""
l1_root_channel,grp_l1_root_channel_false_3_true_s_fu_3702/mul_8s_7ns_15_4_0_U541,0,30,0,"",""
l1_root_channel,grp_l1_root_channel_false_3_true_s_fu_3702/mul_8s_7ns_15_4_0_U547,0,18,0,"",""
l1_root_channel,grp_l1_root_channel_false_3_true_s_fu_3702/mul_8s_7ns_15_4_0_U548,0,29,0,"",""
l1_root_channel,grp_l1_root_channel_false_3_true_s_fu_3702/mul_8s_7ns_15_4_0_U551,0,30,0,"",""
l1_root_channel,grp_l1_root_channel_false_3_true_s_fu_3702/mul_8s_7ns_15_4_0_U557,0,28,0,"",""
l1_root_channel,grp_l1_root_channel_false_3_true_s_fu_3702/mul_8s_7ns_15_4_0_U562,0,28,0,"",""
l1_root_channel,grp_l1_root_channel_false_3_true_s_fu_3702/mul_8s_7ns_15_4_0_U567,0,28,0,"",""
l1_root_channel,grp_l1_root_channel_false_3_true_s_fu_3702/mul_8s_7ns_15_4_0_U572,0,28,0,"",""
l1_root_channel,grp_l1_root_channel_false_3_true_s_fu_3702/mul_8s_7ns_15_4_0_U577,0,28,0,"",""
l1_root_channel,grp_l1_root_channel_false_3_true_s_fu_3702/mul_8s_7ns_15_4_0_U582,0,28,0,"",""
l1_root_channel,grp_l1_root_channel_false_3_true_s_fu_3702/mul_8s_7ns_15_4_0_U587,0,28,0,"",""
l1_root_channel,grp_l1_root_channel_false_3_true_s_fu_3702/mul_8s_7ns_15_4_0_U592,0,28,0,"",""
l1_root_channel,grp_l1_root_channel_false_3_true_s_fu_3702/mul_8s_7s_15_4_0_U474,0,26,0,"",""
l1_root_channel,grp_l1_root_channel_false_3_true_s_fu_3702/mul_8s_7s_15_4_0_U476,0,23,0,"",""
l1_root_channel,grp_l1_root_channel_false_3_true_s_fu_3702/mul_8s_7s_15_4_0_U483,0,30,0,"",""
l1_root_channel,grp_l1_root_channel_false_3_true_s_fu_3702/mul_8s_7s_15_4_0_U484,0,28,0,"",""
l1_root_channel,grp_l1_root_channel_false_3_true_s_fu_3702/mul_8s_7s_15_4_0_U486,0,24,0,"",""
l1_root_channel,grp_l1_root_channel_false_3_true_s_fu_3702/mul_8s_7s_15_4_0_U493,0,30,0,"",""
l1_root_channel,grp_l1_root_channel_false_3_true_s_fu_3702/mul_8s_7s_15_4_0_U494,0,28,0,"",""
l1_root_channel,grp_l1_root_channel_false_3_true_s_fu_3702/mul_8s_7s_15_4_0_U496,0,24,0,"",""
l1_root_channel,grp_l1_root_channel_false_3_true_s_fu_3702/mul_8s_7s_15_4_0_U503,0,30,0,"",""
l1_root_channel,grp_l1_root_channel_false_3_true_s_fu_3702/mul_8s_7s_15_4_0_U504,0,28,0,"",""
l1_root_channel,grp_l1_root_channel_false_3_true_s_fu_3702/mul_8s_7s_15_4_0_U506,0,24,0,"",""
l1_root_channel,grp_l1_root_channel_false_3_true_s_fu_3702/mul_8s_7s_15_4_0_U513,0,30,0,"",""
l1_root_channel,grp_l1_root_channel_false_3_true_s_fu_3702/mul_8s_7s_15_4_0_U514,0,28,0,"",""
l1_root_channel,grp_l1_root_channel_false_3_true_s_fu_3702/mul_8s_7s_15_4_0_U516,0,24,0,"",""
l1_root_channel,grp_l1_root_channel_false_3_true_s_fu_3702/mul_8s_7s_15_4_0_U523,0,30,0,"",""
l1_root_channel,grp_l1_root_channel_false_3_true_s_fu_3702/mul_8s_7s_15_4_0_U524,0,28,0,"",""
l1_root_channel,grp_l1_root_channel_false_3_true_s_fu_3702/mul_8s_7s_15_4_0_U526,0,24,0,"",""
l1_root_channel,grp_l1_root_channel_false_3_true_s_fu_3702/mul_8s_7s_15_4_0_U533,0,30,0,"",""
l1_root_channel,grp_l1_root_channel_false_3_true_s_fu_3702/mul_8s_7s_15_4_0_U534,0,28,0,"",""
l1_root_channel,grp_l1_root_channel_false_3_true_s_fu_3702/mul_8s_7s_15_4_0_U536,0,24,0,"",""
l1_root_channel,grp_l1_root_channel_false_3_true_s_fu_3702/mul_8s_7s_15_4_0_U543,0,30,0,"",""
l1_root_channel,grp_l1_root_channel_false_3_true_s_fu_3702/mul_8s_7s_15_4_0_U544,0,28,0,"",""
l1_root_channel,grp_l1_root_channel_false_3_true_s_fu_3702/mul_8s_7s_15_4_0_U546,0,24,0,"",""
l1_root_channel,grp_l1_root_channel_false_3_true_s_fu_3702/mul_8s_7s_15_4_0_U553,0,30,0,"",""
l1_root_channel,grp_l1_root_channel_false_3_true_s_fu_3702/mul_8s_8ns_16_4_0_U555,96,29,0,"",""
l1_root_channel,grp_l1_root_channel_false_3_true_s_fu_3702/mul_8s_8ns_16_4_0_U556,39,23,0,"",""
l1_root_channel,grp_l1_root_channel_false_3_true_s_fu_3702/mul_8s_8ns_16_4_0_U560,81,29,0,"",""
l1_root_channel,grp_l1_root_channel_false_3_true_s_fu_3702/mul_8s_8ns_16_4_0_U561,36,23,0,"",""
l1_root_channel,grp_l1_root_channel_false_3_true_s_fu_3702/mul_8s_8ns_16_4_0_U565,81,29,0,"",""
l1_root_channel,grp_l1_root_channel_false_3_true_s_fu_3702/mul_8s_8ns_16_4_0_U566,36,23,0,"",""
l1_root_channel,grp_l1_root_channel_false_3_true_s_fu_3702/mul_8s_8ns_16_4_0_U570,81,29,0,"",""
l1_root_channel,grp_l1_root_channel_false_3_true_s_fu_3702/mul_8s_8ns_16_4_0_U571,36,23,0,"",""
l1_root_channel,grp_l1_root_channel_false_3_true_s_fu_3702/mul_8s_8ns_16_4_0_U575,81,29,0,"",""
l1_root_channel,grp_l1_root_channel_false_3_true_s_fu_3702/mul_8s_8ns_16_4_0_U576,36,23,0,"",""
l1_root_channel,grp_l1_root_channel_false_3_true_s_fu_3702/mul_8s_8ns_16_4_0_U580,81,29,0,"",""
l1_root_channel,grp_l1_root_channel_false_3_true_s_fu_3702/mul_8s_8ns_16_4_0_U581,36,23,0,"",""
l1_root_channel,grp_l1_root_channel_false_3_true_s_fu_3702/mul_8s_8ns_16_4_0_U585,81,29,0,"",""
l1_root_channel,grp_l1_root_channel_false_3_true_s_fu_3702/mul_8s_8ns_16_4_0_U586,36,23,0,"",""
l1_root_channel,grp_l1_root_channel_false_3_true_s_fu_3702/mul_8s_8ns_16_4_0_U590,81,29,0,"",""
l1_root_channel,grp_l1_root_channel_false_3_true_s_fu_3702/mul_8s_8ns_16_4_0_U591,36,23,0,"",""
l1_root_channel,grp_l1_root_channel_false_3_true_s_fu_3702/mul_8s_8s_16_4_0_U479,1,22,0,"",""
l1_root_channel,grp_l1_root_channel_false_3_true_s_fu_3702/mul_8s_8s_16_4_0_U489,1,22,0,"",""
l1_root_channel,grp_l1_root_channel_false_3_true_s_fu_3702/mul_8s_8s_16_4_0_U499,1,24,0,"",""
l1_root_channel,grp_l1_root_channel_false_3_true_s_fu_3702/mul_8s_8s_16_4_0_U509,1,24,0,"",""
l1_root_channel,grp_l1_root_channel_false_3_true_s_fu_3702/mul_8s_8s_16_4_0_U519,1,24,0,"",""
l1_root_channel,grp_l1_root_channel_false_3_true_s_fu_3702/mul_8s_8s_16_4_0_U529,1,24,0,"",""
l1_root_channel,grp_l1_root_channel_false_3_true_s_fu_3702/mul_8s_8s_16_4_0_U539,1,24,0,"",""
l1_root_channel,grp_l1_root_channel_false_3_true_s_fu_3702/mul_8s_8s_16_4_0_U549,1,24,0,"",""
l1_root_channel,grp_l1_root_channel_false_3_true_s_fu_3702/mul_8s_8s_16_4_0_U554,1,26,0,"",""
l1_root_channel,grp_l1_root_channel_false_3_true_s_fu_3702/mul_8s_8s_16_4_0_U558,2,24,0,"",""
l1_root_channel,grp_l1_root_channel_false_3_true_s_fu_3702/mul_8s_8s_16_4_0_U559,1,28,0,"",""
l1_root_channel,grp_l1_root_channel_false_3_true_s_fu_3702/mul_8s_8s_16_4_0_U563,2,26,0,"",""
l1_root_channel,grp_l1_root_channel_false_3_true_s_fu_3702/mul_8s_8s_16_4_0_U564,1,28,0,"",""
l1_root_channel,grp_l1_root_channel_false_3_true_s_fu_3702/mul_8s_8s_16_4_0_U568,2,26,0,"",""
l1_root_channel,grp_l1_root_channel_false_3_true_s_fu_3702/mul_8s_8s_16_4_0_U569,1,28,0,"",""
l1_root_channel,grp_l1_root_channel_false_3_true_s_fu_3702/mul_8s_8s_16_4_0_U573,2,26,0,"",""
l1_root_channel,grp_l1_root_channel_false_3_true_s_fu_3702/mul_8s_8s_16_4_0_U574,1,28,0,"",""
l1_root_channel,grp_l1_root_channel_false_3_true_s_fu_3702/mul_8s_8s_16_4_0_U578,2,26,0,"",""
l1_root_channel,grp_l1_root_channel_false_3_true_s_fu_3702/mul_8s_8s_16_4_0_U579,1,28,0,"",""
l1_root_channel,grp_l1_root_channel_false_3_true_s_fu_3702/mul_8s_8s_16_4_0_U583,2,26,0,"",""
l1_root_channel,grp_l1_root_channel_false_3_true_s_fu_3702/mul_8s_8s_16_4_0_U584,1,28,0,"",""
l1_root_channel,grp_l1_root_channel_false_3_true_s_fu_3702/mul_8s_8s_16_4_0_U588,2,26,0,"",""
l1_root_channel,grp_l1_root_channel_false_3_true_s_fu_3702/mul_8s_8s_16_4_0_U589,1,28,0,"",""
l1_root_channel,grp_l1_root_channel_false_3_true_s_fu_3702/mul_8s_8s_16_4_0_U593,2,26,0,"",""
l1_root_channel,grp_l1_root_channel_false_3_true_s_fu_3702/add_18s_18s_18_2_0_U594/u1,9,0,0,"",""
l1_root_channel,grp_l1_root_channel_false_3_true_s_fu_3702/add_18s_18s_18_2_0_U594/u2,9,0,0,"",""
l1_root_channel,grp_l1_root_channel_false_3_true_s_fu_3702/add_18s_18s_18_2_0_U595/u1,9,0,0,"",""
l1_root_channel,grp_l1_root_channel_false_3_true_s_fu_3702/add_18s_18s_18_2_0_U595/u2,9,0,0,"",""
l1_root_channel,grp_l1_root_channel_false_3_true_s_fu_3702/add_18s_18s_18_2_0_U596/u1,9,0,0,"",""
l1_root_channel,grp_l1_root_channel_false_3_true_s_fu_3702/add_18s_18s_18_2_0_U596/u2,9,0,0,"",""
l1_root_channel,grp_l1_root_channel_false_3_true_s_fu_3702/add_18s_18s_18_2_0_U597/u1,9,0,0,"",""
l1_root_channel,grp_l1_root_channel_false_3_true_s_fu_3702/add_18s_18s_18_2_0_U597/u2,9,0,0,"",""
l1_root_channel,grp_l1_root_channel_false_3_true_s_fu_3702/add_18s_18s_18_2_0_U598/u1,9,0,0,"",""
l1_root_channel,grp_l1_root_channel_false_3_true_s_fu_3702/add_18s_18s_18_2_0_U598/u2,9,0,0,"",""
l1_root_channel,grp_l1_root_channel_false_3_true_s_fu_3702/add_18s_18s_18_2_0_U599/u1,9,0,0,"",""
l1_root_channel,grp_l1_root_channel_false_3_true_s_fu_3702/add_18s_18s_18_2_0_U599/u2,9,0,0,"",""
l1_root_channel,grp_l1_root_channel_false_3_true_s_fu_3702/add_18s_18s_18_2_0_U600/u1,9,0,0,"",""
l1_root_channel,grp_l1_root_channel_false_3_true_s_fu_3702/add_18s_18s_18_2_0_U600/u2,9,0,0,"",""
l1_root_channel,grp_l1_root_channel_false_3_true_s_fu_3702/add_18s_18s_18_2_0_U601/u1,9,0,0,"",""
l1_root_channel,grp_l1_root_channel_false_3_true_s_fu_3702/add_18s_18s_18_2_0_U601/u2,9,0,0,"",""
l1_root_channel,grp_l1_root_channel_false_4_true_s_fu_3826/add_18s_18s_18_2_0_U827,18,19,0,"",""
l1_root_channel,grp_l1_root_channel_false_4_true_s_fu_3826/add_18s_18s_18_2_0_U828,18,19,0,"",""
l1_root_channel,grp_l1_root_channel_false_4_true_s_fu_3826/add_18s_18s_18_2_0_U829,18,19,0,"",""
l1_root_channel,grp_l1_root_channel_false_4_true_s_fu_3826/add_18s_18s_18_2_0_U830,18,19,0,"",""
l1_root_channel,grp_l1_root_channel_false_4_true_s_fu_3826/add_18s_18s_18_2_0_U831,18,19,0,"",""
l1_root_channel,grp_l1_root_channel_false_4_true_s_fu_3826/add_18s_18s_18_2_0_U832,18,19,0,"",""
l1_root_channel,grp_l1_root_channel_false_4_true_s_fu_3826/add_18s_18s_18_2_0_U833,18,19,0,"",""
l1_root_channel,grp_l1_root_channel_false_4_true_s_fu_3826/add_18s_18s_18_2_0_U834,18,19,0,"",""
l1_root_channel,grp_l1_root_channel_false_4_true_s_fu_3826/mul_8s_4ns_12_4_0_U730,0,23,0,"",""
l1_root_channel,grp_l1_root_channel_false_4_true_s_fu_3826/mul_8s_4ns_12_4_0_U740,0,23,0,"",""
l1_root_channel,grp_l1_root_channel_false_4_true_s_fu_3826/mul_8s_4ns_12_4_0_U750,0,23,0,"",""
l1_root_channel,grp_l1_root_channel_false_4_true_s_fu_3826/mul_8s_4ns_12_4_0_U760,0,23,0,"",""
l1_root_channel,grp_l1_root_channel_false_4_true_s_fu_3826/mul_8s_4ns_12_4_0_U770,0,23,0,"",""
l1_root_channel,grp_l1_root_channel_false_4_true_s_fu_3826/mul_8s_4ns_12_4_0_U780,0,23,0,"",""
l1_root_channel,grp_l1_root_channel_false_4_true_s_fu_3826/mul_8s_4ns_12_4_0_U790,0,23,0,"",""
l1_root_channel,grp_l1_root_channel_false_4_true_s_fu_3826/mul_8s_4ns_12_4_0_U800,0,23,0,"",""
l1_root_channel,grp_l1_root_channel_false_4_true_s_fu_3826/mul_8s_5ns_13_4_0_U731,0,26,0,"",""
l1_root_channel,grp_l1_root_channel_false_4_true_s_fu_3826/mul_8s_5ns_13_4_0_U741,0,26,0,"",""
l1_root_channel,grp_l1_root_channel_false_4_true_s_fu_3826/mul_8s_5ns_13_4_0_U751,0,26,0,"",""
l1_root_channel,grp_l1_root_channel_false_4_true_s_fu_3826/mul_8s_5ns_13_4_0_U761,0,26,0,"",""
l1_root_channel,grp_l1_root_channel_false_4_true_s_fu_3826/mul_8s_5ns_13_4_0_U771,0,26,0,"",""
l1_root_channel,grp_l1_root_channel_false_4_true_s_fu_3826/mul_8s_5ns_13_4_0_U781,0,26,0,"",""
l1_root_channel,grp_l1_root_channel_false_4_true_s_fu_3826/mul_8s_5ns_13_4_0_U791,0,26,0,"",""
l1_root_channel,grp_l1_root_channel_false_4_true_s_fu_3826/mul_8s_5ns_13_4_0_U801,0,26,0,"",""
l1_root_channel,grp_l1_root_channel_false_4_true_s_fu_3826/mul_8s_7ns_15_4_0_U724,0,22,0,"",""
l1_root_channel,grp_l1_root_channel_false_4_true_s_fu_3826/mul_8s_7ns_15_4_0_U725,0,18,0,"",""
l1_root_channel,grp_l1_root_channel_false_4_true_s_fu_3826/mul_8s_7ns_15_4_0_U732,0,26,0,"",""
l1_root_channel,grp_l1_root_channel_false_4_true_s_fu_3826/mul_8s_7ns_15_4_0_U734,0,22,0,"",""
l1_root_channel,grp_l1_root_channel_false_4_true_s_fu_3826/mul_8s_7ns_15_4_0_U735,0,18,0,"",""
l1_root_channel,grp_l1_root_channel_false_4_true_s_fu_3826/mul_8s_7ns_15_4_0_U742,0,26,0,"",""
l1_root_channel,grp_l1_root_channel_false_4_true_s_fu_3826/mul_8s_7ns_15_4_0_U744,0,22,0,"",""
l1_root_channel,grp_l1_root_channel_false_4_true_s_fu_3826/mul_8s_7ns_15_4_0_U745,0,18,0,"",""
l1_root_channel,grp_l1_root_channel_false_4_true_s_fu_3826/mul_8s_7ns_15_4_0_U752,0,26,0,"",""
l1_root_channel,grp_l1_root_channel_false_4_true_s_fu_3826/mul_8s_7ns_15_4_0_U754,0,22,0,"",""
l1_root_channel,grp_l1_root_channel_false_4_true_s_fu_3826/mul_8s_7ns_15_4_0_U755,0,18,0,"",""
l1_root_channel,grp_l1_root_channel_false_4_true_s_fu_3826/mul_8s_7ns_15_4_0_U762,0,26,0,"",""
l1_root_channel,grp_l1_root_channel_false_4_true_s_fu_3826/mul_8s_7ns_15_4_0_U764,0,22,0,"",""
l1_root_channel,grp_l1_root_channel_false_4_true_s_fu_3826/mul_8s_7ns_15_4_0_U765,0,18,0,"",""
l1_root_channel,grp_l1_root_channel_false_4_true_s_fu_3826/mul_8s_7ns_15_4_0_U772,0,26,0,"",""
l1_root_channel,grp_l1_root_channel_false_4_true_s_fu_3826/mul_8s_7ns_15_4_0_U774,0,22,0,"",""
l1_root_channel,grp_l1_root_channel_false_4_true_s_fu_3826/mul_8s_7ns_15_4_0_U775,0,18,0,"",""
l1_root_channel,grp_l1_root_channel_false_4_true_s_fu_3826/mul_8s_7ns_15_4_0_U782,0,26,0,"",""
l1_root_channel,grp_l1_root_channel_false_4_true_s_fu_3826/mul_8s_7ns_15_4_0_U784,0,22,0,"",""
l1_root_channel,grp_l1_root_channel_false_4_true_s_fu_3826/mul_8s_7ns_15_4_0_U785,0,18,0,"",""
l1_root_channel,grp_l1_root_channel_false_4_true_s_fu_3826/mul_8s_7ns_15_4_0_U792,0,26,0,"",""
l1_root_channel,grp_l1_root_channel_false_4_true_s_fu_3826/mul_8s_7ns_15_4_0_U794,0,22,0,"",""
l1_root_channel,grp_l1_root_channel_false_4_true_s_fu_3826/mul_8s_7ns_15_4_0_U795,0,18,0,"",""
l1_root_channel,grp_l1_root_channel_false_4_true_s_fu_3826/mul_8s_7ns_15_4_0_U802,0,26,0,"",""
l1_root_channel,grp_l1_root_channel_false_4_true_s_fu_3826/mul_8s_7s_15_4_0_U723,0,25,0,"",""
l1_root_channel,grp_l1_root_channel_false_4_true_s_fu_3826/mul_8s_7s_15_4_0_U726,0,25,0,"",""
l1_root_channel,grp_l1_root_channel_false_4_true_s_fu_3826/mul_8s_7s_15_4_0_U728,0,30,0,"",""
l1_root_channel,grp_l1_root_channel_false_4_true_s_fu_3826/mul_8s_7s_15_4_0_U733,0,25,0,"",""
l1_root_channel,grp_l1_root_channel_false_4_true_s_fu_3826/mul_8s_7s_15_4_0_U736,0,25,0,"",""
l1_root_channel,grp_l1_root_channel_false_4_true_s_fu_3826/mul_8s_7s_15_4_0_U738,0,30,0,"",""
l1_root_channel,grp_l1_root_channel_false_4_true_s_fu_3826/mul_8s_7s_15_4_0_U743,0,25,0,"",""
l1_root_channel,grp_l1_root_channel_false_4_true_s_fu_3826/mul_8s_7s_15_4_0_U746,0,25,0,"",""
l1_root_channel,grp_l1_root_channel_false_4_true_s_fu_3826/mul_8s_7s_15_4_0_U748,0,30,0,"",""
l1_root_channel,grp_l1_root_channel_false_4_true_s_fu_3826/mul_8s_7s_15_4_0_U753,0,25,0,"",""
l1_root_channel,grp_l1_root_channel_false_4_true_s_fu_3826/mul_8s_7s_15_4_0_U756,0,25,0,"",""
l1_root_channel,grp_l1_root_channel_false_4_true_s_fu_3826/mul_8s_7s_15_4_0_U758,0,30,0,"",""
l1_root_channel,grp_l1_root_channel_false_4_true_s_fu_3826/mul_8s_7s_15_4_0_U763,0,25,0,"",""
l1_root_channel,grp_l1_root_channel_false_4_true_s_fu_3826/mul_8s_7s_15_4_0_U766,0,25,0,"",""
l1_root_channel,grp_l1_root_channel_false_4_true_s_fu_3826/mul_8s_7s_15_4_0_U768,0,30,0,"",""
l1_root_channel,grp_l1_root_channel_false_4_true_s_fu_3826/mul_8s_7s_15_4_0_U773,0,25,0,"",""
l1_root_channel,grp_l1_root_channel_false_4_true_s_fu_3826/mul_8s_7s_15_4_0_U776,0,25,0,"",""
l1_root_channel,grp_l1_root_channel_false_4_true_s_fu_3826/mul_8s_7s_15_4_0_U778,0,30,0,"",""
l1_root_channel,grp_l1_root_channel_false_4_true_s_fu_3826/mul_8s_7s_15_4_0_U783,0,25,0,"",""
l1_root_channel,grp_l1_root_channel_false_4_true_s_fu_3826/mul_8s_7s_15_4_0_U786,0,25,0,"",""
l1_root_channel,grp_l1_root_channel_false_4_true_s_fu_3826/mul_8s_7s_15_4_0_U788,0,30,0,"",""
l1_root_channel,grp_l1_root_channel_false_4_true_s_fu_3826/mul_8s_7s_15_4_0_U793,0,25,0,"",""
l1_root_channel,grp_l1_root_channel_false_4_true_s_fu_3826/mul_8s_7s_15_4_0_U796,0,25,0,"",""
l1_root_channel,grp_l1_root_channel_false_4_true_s_fu_3826/mul_8s_7s_15_4_0_U798,0,30,0,"",""
l1_root_channel,grp_l1_root_channel_false_4_true_s_fu_3826/mul_8s_8ns_16_4_0_U729,10,22,0,"",""
l1_root_channel,grp_l1_root_channel_false_4_true_s_fu_3826/mul_8s_8ns_16_4_0_U739,10,22,0,"",""
l1_root_channel,grp_l1_root_channel_false_4_true_s_fu_3826/mul_8s_8ns_16_4_0_U749,8,22,0,"",""
l1_root_channel,grp_l1_root_channel_false_4_true_s_fu_3826/mul_8s_8ns_16_4_0_U759,8,22,0,"",""
l1_root_channel,grp_l1_root_channel_false_4_true_s_fu_3826/mul_8s_8ns_16_4_0_U769,8,22,0,"",""
l1_root_channel,grp_l1_root_channel_false_4_true_s_fu_3826/mul_8s_8ns_16_4_0_U779,8,22,0,"",""
l1_root_channel,grp_l1_root_channel_false_4_true_s_fu_3826/mul_8s_8ns_16_4_0_U789,10,22,0,"",""
l1_root_channel,grp_l1_root_channel_false_4_true_s_fu_3826/mul_8s_8ns_16_4_0_U799,10,22,0,"",""
l1_root_channel,grp_l1_root_channel_false_4_true_s_fu_3826/mul_8s_8ns_16_4_0_U805,94,29,0,"",""
l1_root_channel,grp_l1_root_channel_false_4_true_s_fu_3826/mul_8s_8ns_16_4_0_U808,108,29,0,"",""
l1_root_channel,grp_l1_root_channel_false_4_true_s_fu_3826/mul_8s_8ns_16_4_0_U811,108,29,0,"",""
l1_root_channel,grp_l1_root_channel_false_4_true_s_fu_3826/mul_8s_8ns_16_4_0_U814,108,29,0,"",""
l1_root_channel,grp_l1_root_channel_false_4_true_s_fu_3826/mul_8s_8ns_16_4_0_U817,108,29,0,"",""
l1_root_channel,grp_l1_root_channel_false_4_true_s_fu_3826/mul_8s_8ns_16_4_0_U820,108,29,0,"",""
l1_root_channel,grp_l1_root_channel_false_4_true_s_fu_3826/mul_8s_8ns_16_4_0_U823,94,29,0,"",""
l1_root_channel,grp_l1_root_channel_false_4_true_s_fu_3826/mul_8s_8ns_16_4_0_U826,94,29,0,"",""
l1_root_channel,grp_l1_root_channel_false_4_true_s_fu_3826/mul_8s_8s_16_4_0_U727,2,28,0,"",""
l1_root_channel,grp_l1_root_channel_false_4_true_s_fu_3826/mul_8s_8s_16_4_0_U737,2,28,0,"",""
l1_root_channel,grp_l1_root_channel_false_4_true_s_fu_3826/mul_8s_8s_16_4_0_U747,2,28,0,"",""
l1_root_channel,grp_l1_root_channel_false_4_true_s_fu_3826/mul_8s_8s_16_4_0_U757,2,28,0,"",""
l1_root_channel,grp_l1_root_channel_false_4_true_s_fu_3826/mul_8s_8s_16_4_0_U767,2,28,0,"",""
l1_root_channel,grp_l1_root_channel_false_4_true_s_fu_3826/mul_8s_8s_16_4_0_U777,2,28,0,"",""
l1_root_channel,grp_l1_root_channel_false_4_true_s_fu_3826/mul_8s_8s_16_4_0_U787,2,28,0,"",""
l1_root_channel,grp_l1_root_channel_false_4_true_s_fu_3826/mul_8s_8s_16_4_0_U797,2,28,0,"",""
l1_root_channel,grp_l1_root_channel_false_4_true_s_fu_3826/mul_8s_8s_16_4_0_U803,1,30,0,"",""
l1_root_channel,grp_l1_root_channel_false_4_true_s_fu_3826/mul_8s_8s_16_4_0_U804,88,35,0,"",""
l1_root_channel,grp_l1_root_channel_false_4_true_s_fu_3826/mul_8s_8s_16_4_0_U806,1,30,0,"",""
l1_root_channel,grp_l1_root_channel_false_4_true_s_fu_3826/mul_8s_8s_16_4_0_U807,97,35,0,"",""
l1_root_channel,grp_l1_root_channel_false_4_true_s_fu_3826/mul_8s_8s_16_4_0_U809,1,30,0,"",""
l1_root_channel,grp_l1_root_channel_false_4_true_s_fu_3826/mul_8s_8s_16_4_0_U810,97,35,0,"",""
l1_root_channel,grp_l1_root_channel_false_4_true_s_fu_3826/mul_8s_8s_16_4_0_U812,1,30,0,"",""
l1_root_channel,grp_l1_root_channel_false_4_true_s_fu_3826/mul_8s_8s_16_4_0_U813,97,35,0,"",""
l1_root_channel,grp_l1_root_channel_false_4_true_s_fu_3826/mul_8s_8s_16_4_0_U815,1,30,0,"",""
l1_root_channel,grp_l1_root_channel_false_4_true_s_fu_3826/mul_8s_8s_16_4_0_U816,97,35,0,"",""
l1_root_channel,grp_l1_root_channel_false_4_true_s_fu_3826/mul_8s_8s_16_4_0_U818,1,30,0,"",""
l1_root_channel,grp_l1_root_channel_false_4_true_s_fu_3826/mul_8s_8s_16_4_0_U819,97,35,0,"",""
l1_root_channel,grp_l1_root_channel_false_4_true_s_fu_3826/mul_8s_8s_16_4_0_U821,1,30,0,"",""
l1_root_channel,grp_l1_root_channel_false_4_true_s_fu_3826/mul_8s_8s_16_4_0_U822,88,35,0,"",""
l1_root_channel,grp_l1_root_channel_false_4_true_s_fu_3826/mul_8s_8s_16_4_0_U824,1,30,0,"",""
l1_root_channel,grp_l1_root_channel_false_4_true_s_fu_3826/mul_8s_8s_16_4_0_U825,88,35,0,"",""
l1_root_channel,grp_l1_root_channel_false_4_true_s_fu_3826/add_18s_18s_18_2_0_U827/u1,9,0,0,"",""
l1_root_channel,grp_l1_root_channel_false_4_true_s_fu_3826/add_18s_18s_18_2_0_U827/u2,9,0,0,"",""
l1_root_channel,grp_l1_root_channel_false_4_true_s_fu_3826/add_18s_18s_18_2_0_U828/u1,9,0,0,"",""
l1_root_channel,grp_l1_root_channel_false_4_true_s_fu_3826/add_18s_18s_18_2_0_U828/u2,9,0,0,"",""
l1_root_channel,grp_l1_root_channel_false_4_true_s_fu_3826/add_18s_18s_18_2_0_U829/u1,9,0,0,"",""
l1_root_channel,grp_l1_root_channel_false_4_true_s_fu_3826/add_18s_18s_18_2_0_U829/u2,9,0,0,"",""
l1_root_channel,grp_l1_root_channel_false_4_true_s_fu_3826/add_18s_18s_18_2_0_U830/u1,9,0,0,"",""
l1_root_channel,grp_l1_root_channel_false_4_true_s_fu_3826/add_18s_18s_18_2_0_U830/u2,9,0,0,"",""
l1_root_channel,grp_l1_root_channel_false_4_true_s_fu_3826/add_18s_18s_18_2_0_U831/u1,9,0,0,"",""
l1_root_channel,grp_l1_root_channel_false_4_true_s_fu_3826/add_18s_18s_18_2_0_U831/u2,9,0,0,"",""
l1_root_channel,grp_l1_root_channel_false_4_true_s_fu_3826/add_18s_18s_18_2_0_U832/u1,9,0,0,"",""
l1_root_channel,grp_l1_root_channel_false_4_true_s_fu_3826/add_18s_18s_18_2_0_U832/u2,9,0,0,"",""
l1_root_channel,grp_l1_root_channel_false_4_true_s_fu_3826/add_18s_18s_18_2_0_U833/u1,9,0,0,"",""
l1_root_channel,grp_l1_root_channel_false_4_true_s_fu_3826/add_18s_18s_18_2_0_U833/u2,9,0,0,"",""
l1_root_channel,grp_l1_root_channel_false_4_true_s_fu_3826/add_18s_18s_18_2_0_U834/u1,9,0,0,"",""
l1_root_channel,grp_l1_root_channel_false_4_true_s_fu_3826/add_18s_18s_18_2_0_U834/u2,9,0,0,"",""
l1_root_channel,grp_l1_root_channel_false_5_true_s_fu_3950/add_18s_18s_18_2_0_U1068,18,19,0,"",""
l1_root_channel,grp_l1_root_channel_false_5_true_s_fu_3950/add_18s_18s_18_2_0_U1069,18,19,0,"",""
l1_root_channel,grp_l1_root_channel_false_5_true_s_fu_3950/add_18s_18s_18_2_0_U1070,18,19,0,"",""
l1_root_channel,grp_l1_root_channel_false_5_true_s_fu_3950/add_18s_18s_18_2_0_U1071,18,19,0,"",""
l1_root_channel,grp_l1_root_channel_false_5_true_s_fu_3950/add_18s_18s_18_2_0_U1072,18,19,0,"",""
l1_root_channel,grp_l1_root_channel_false_5_true_s_fu_3950/add_18s_18s_18_2_0_U1073,18,19,0,"",""
l1_root_channel,grp_l1_root_channel_false_5_true_s_fu_3950/add_18s_18s_18_2_0_U1074,18,19,0,"",""
l1_root_channel,grp_l1_root_channel_false_5_true_s_fu_3950/add_18s_18s_18_2_0_U1075,18,19,0,"",""
l1_root_channel,grp_l1_root_channel_false_5_true_s_fu_3950/mul_8s_6ns_14_4_0_U1003,0,22,0,"",""
l1_root_channel,grp_l1_root_channel_false_5_true_s_fu_3950/mul_8s_6ns_14_4_0_U1005,0,26,0,"",""
l1_root_channel,grp_l1_root_channel_false_5_true_s_fu_3950/mul_8s_6ns_14_4_0_U1006,3,22,0,"",""
l1_root_channel,grp_l1_root_channel_false_5_true_s_fu_3950/mul_8s_6ns_14_4_0_U1014,0,22,0,"",""
l1_root_channel,grp_l1_root_channel_false_5_true_s_fu_3950/mul_8s_6ns_14_4_0_U1016,0,26,0,"",""
l1_root_channel,grp_l1_root_channel_false_5_true_s_fu_3950/mul_8s_6ns_14_4_0_U1017,3,22,0,"",""
l1_root_channel,grp_l1_root_channel_false_5_true_s_fu_3950/mul_8s_6ns_14_4_0_U1025,0,22,0,"",""
l1_root_channel,grp_l1_root_channel_false_5_true_s_fu_3950/mul_8s_6ns_14_4_0_U1027,0,26,0,"",""
l1_root_channel,grp_l1_root_channel_false_5_true_s_fu_3950/mul_8s_6ns_14_4_0_U1028,3,22,0,"",""
l1_root_channel,grp_l1_root_channel_false_5_true_s_fu_3950/mul_8s_6ns_14_4_0_U1036,0,22,0,"",""
l1_root_channel,grp_l1_root_channel_false_5_true_s_fu_3950/mul_8s_6ns_14_4_0_U1038,0,26,0,"",""
l1_root_channel,grp_l1_root_channel_false_5_true_s_fu_3950/mul_8s_6ns_14_4_0_U1039,3,22,0,"",""
l1_root_channel,grp_l1_root_channel_false_5_true_s_fu_3950/mul_8s_6ns_14_4_0_U959,0,22,0,"",""
l1_root_channel,grp_l1_root_channel_false_5_true_s_fu_3950/mul_8s_6ns_14_4_0_U961,0,26,0,"",""
l1_root_channel,grp_l1_root_channel_false_5_true_s_fu_3950/mul_8s_6ns_14_4_0_U962,3,22,0,"",""
l1_root_channel,grp_l1_root_channel_false_5_true_s_fu_3950/mul_8s_6ns_14_4_0_U970,0,22,0,"",""
l1_root_channel,grp_l1_root_channel_false_5_true_s_fu_3950/mul_8s_6ns_14_4_0_U972,0,26,0,"",""
l1_root_channel,grp_l1_root_channel_false_5_true_s_fu_3950/mul_8s_6ns_14_4_0_U973,3,22,0,"",""
l1_root_channel,grp_l1_root_channel_false_5_true_s_fu_3950/mul_8s_6ns_14_4_0_U981,0,22,0,"",""
l1_root_channel,grp_l1_root_channel_false_5_true_s_fu_3950/mul_8s_6ns_14_4_0_U983,0,26,0,"",""
l1_root_channel,grp_l1_root_channel_false_5_true_s_fu_3950/mul_8s_6ns_14_4_0_U984,3,22,0,"",""
l1_root_channel,grp_l1_root_channel_false_5_true_s_fu_3950/mul_8s_6ns_14_4_0_U992,0,22,0,"",""
l1_root_channel,grp_l1_root_channel_false_5_true_s_fu_3950/mul_8s_6ns_14_4_0_U994,0,26,0,"",""
l1_root_channel,grp_l1_root_channel_false_5_true_s_fu_3950/mul_8s_6ns_14_4_0_U995,3,22,0,"",""
l1_root_channel,grp_l1_root_channel_false_5_true_s_fu_3950/mul_8s_7ns_15_4_0_U1002,0,24,0,"",""
l1_root_channel,grp_l1_root_channel_false_5_true_s_fu_3950/mul_8s_7ns_15_4_0_U1007,0,30,0,"",""
l1_root_channel,grp_l1_root_channel_false_5_true_s_fu_3950/mul_8s_7ns_15_4_0_U1009,0,28,0,"",""
l1_root_channel,grp_l1_root_channel_false_5_true_s_fu_3950/mul_8s_7ns_15_4_0_U1010,0,26,0,"",""
l1_root_channel,grp_l1_root_channel_false_5_true_s_fu_3950/mul_8s_7ns_15_4_0_U1013,0,24,0,"",""
l1_root_channel,grp_l1_root_channel_false_5_true_s_fu_3950/mul_8s_7ns_15_4_0_U1018,0,30,0,"",""
l1_root_channel,grp_l1_root_channel_false_5_true_s_fu_3950/mul_8s_7ns_15_4_0_U1020,0,28,0,"",""
l1_root_channel,grp_l1_root_channel_false_5_true_s_fu_3950/mul_8s_7ns_15_4_0_U1021,0,26,0,"",""
l1_root_channel,grp_l1_root_channel_false_5_true_s_fu_3950/mul_8s_7ns_15_4_0_U1024,0,24,0,"",""
l1_root_channel,grp_l1_root_channel_false_5_true_s_fu_3950/mul_8s_7ns_15_4_0_U1029,0,30,0,"",""
l1_root_channel,grp_l1_root_channel_false_5_true_s_fu_3950/mul_8s_7ns_15_4_0_U1031,0,28,0,"",""
l1_root_channel,grp_l1_root_channel_false_5_true_s_fu_3950/mul_8s_7ns_15_4_0_U1032,0,26,0,"",""
l1_root_channel,grp_l1_root_channel_false_5_true_s_fu_3950/mul_8s_7ns_15_4_0_U1035,0,24,0,"",""
l1_root_channel,grp_l1_root_channel_false_5_true_s_fu_3950/mul_8s_7ns_15_4_0_U1040,0,30,0,"",""
l1_root_channel,grp_l1_root_channel_false_5_true_s_fu_3950/mul_8s_7ns_15_4_0_U1042,0,28,0,"",""
l1_root_channel,grp_l1_root_channel_false_5_true_s_fu_3950/mul_8s_7ns_15_4_0_U1043,0,26,0,"",""
l1_root_channel,grp_l1_root_channel_false_5_true_s_fu_3950/mul_8s_7ns_15_4_0_U958,0,24,0,"",""
l1_root_channel,grp_l1_root_channel_false_5_true_s_fu_3950/mul_8s_7ns_15_4_0_U963,0,30,0,"",""
l1_root_channel,grp_l1_root_channel_false_5_true_s_fu_3950/mul_8s_7ns_15_4_0_U965,0,28,0,"",""
l1_root_channel,grp_l1_root_channel_false_5_true_s_fu_3950/mul_8s_7ns_15_4_0_U966,0,26,0,"",""
l1_root_channel,grp_l1_root_channel_false_5_true_s_fu_3950/mul_8s_7ns_15_4_0_U969,0,24,0,"",""
l1_root_channel,grp_l1_root_channel_false_5_true_s_fu_3950/mul_8s_7ns_15_4_0_U974,0,30,0,"",""
l1_root_channel,grp_l1_root_channel_false_5_true_s_fu_3950/mul_8s_7ns_15_4_0_U976,0,28,0,"",""
l1_root_channel,grp_l1_root_channel_false_5_true_s_fu_3950/mul_8s_7ns_15_4_0_U977,0,26,0,"",""
l1_root_channel,grp_l1_root_channel_false_5_true_s_fu_3950/mul_8s_7ns_15_4_0_U980,0,24,0,"",""
l1_root_channel,grp_l1_root_channel_false_5_true_s_fu_3950/mul_8s_7ns_15_4_0_U985,0,30,0,"",""
l1_root_channel,grp_l1_root_channel_false_5_true_s_fu_3950/mul_8s_7ns_15_4_0_U987,0,28,0,"",""
l1_root_channel,grp_l1_root_channel_false_5_true_s_fu_3950/mul_8s_7ns_15_4_0_U988,0,26,0,"",""
l1_root_channel,grp_l1_root_channel_false_5_true_s_fu_3950/mul_8s_7ns_15_4_0_U991,0,24,0,"",""
l1_root_channel,grp_l1_root_channel_false_5_true_s_fu_3950/mul_8s_7ns_15_4_0_U996,0,30,0,"",""
l1_root_channel,grp_l1_root_channel_false_5_true_s_fu_3950/mul_8s_7ns_15_4_0_U998,0,28,0,"",""
l1_root_channel,grp_l1_root_channel_false_5_true_s_fu_3950/mul_8s_7ns_15_4_0_U999,0,26,0,"",""
l1_root_channel,grp_l1_root_channel_false_5_true_s_fu_3950/mul_8s_7s_15_4_0_U1000,0,28,0,"",""
l1_root_channel,grp_l1_root_channel_false_5_true_s_fu_3950/mul_8s_7s_15_4_0_U1001,0,21,0,"",""
l1_root_channel,grp_l1_root_channel_false_5_true_s_fu_3950/mul_8s_7s_15_4_0_U1008,0,30,0,"",""
l1_root_channel,grp_l1_root_channel_false_5_true_s_fu_3950/mul_8s_7s_15_4_0_U1011,0,28,0,"",""
l1_root_channel,grp_l1_root_channel_false_5_true_s_fu_3950/mul_8s_7s_15_4_0_U1012,0,21,0,"",""
l1_root_channel,grp_l1_root_channel_false_5_true_s_fu_3950/mul_8s_7s_15_4_0_U1019,0,30,0,"",""
l1_root_channel,grp_l1_root_channel_false_5_true_s_fu_3950/mul_8s_7s_15_4_0_U1022,0,28,0,"",""
l1_root_channel,grp_l1_root_channel_false_5_true_s_fu_3950/mul_8s_7s_15_4_0_U1023,0,21,0,"",""
l1_root_channel,grp_l1_root_channel_false_5_true_s_fu_3950/mul_8s_7s_15_4_0_U1030,0,30,0,"",""
l1_root_channel,grp_l1_root_channel_false_5_true_s_fu_3950/mul_8s_7s_15_4_0_U1033,0,28,0,"",""
l1_root_channel,grp_l1_root_channel_false_5_true_s_fu_3950/mul_8s_7s_15_4_0_U1034,0,21,0,"",""
l1_root_channel,grp_l1_root_channel_false_5_true_s_fu_3950/mul_8s_7s_15_4_0_U1041,0,30,0,"",""
l1_root_channel,grp_l1_root_channel_false_5_true_s_fu_3950/mul_8s_7s_15_4_0_U1045,0,30,0,"",""
l1_root_channel,grp_l1_root_channel_false_5_true_s_fu_3950/mul_8s_7s_15_4_0_U1046,0,30,0,"",""
l1_root_channel,grp_l1_root_channel_false_5_true_s_fu_3950/mul_8s_7s_15_4_0_U1048,0,30,0,"",""
l1_root_channel,grp_l1_root_channel_false_5_true_s_fu_3950/mul_8s_7s_15_4_0_U1049,127,37,0,"",""
l1_root_channel,grp_l1_root_channel_false_5_true_s_fu_3950/mul_8s_7s_15_4_0_U1051,0,30,0,"",""
l1_root_channel,grp_l1_root_channel_false_5_true_s_fu_3950/mul_8s_7s_15_4_0_U1052,0,30,0,"",""
l1_root_channel,grp_l1_root_channel_false_5_true_s_fu_3950/mul_8s_7s_15_4_0_U1054,0,30,0,"",""
l1_root_channel,grp_l1_root_channel_false_5_true_s_fu_3950/mul_8s_7s_15_4_0_U1055,0,30,0,"",""
l1_root_channel,grp_l1_root_channel_false_5_true_s_fu_3950/mul_8s_7s_15_4_0_U1057,0,30,0,"",""
l1_root_channel,grp_l1_root_channel_false_5_true_s_fu_3950/mul_8s_7s_15_4_0_U1058,0,30,0,"",""
l1_root_channel,grp_l1_root_channel_false_5_true_s_fu_3950/mul_8s_7s_15_4_0_U1060,0,30,0,"",""
l1_root_channel,grp_l1_root_channel_false_5_true_s_fu_3950/mul_8s_7s_15_4_0_U1061,0,30,0,"",""
l1_root_channel,grp_l1_root_channel_false_5_true_s_fu_3950/mul_8s_7s_15_4_0_U1063,0,30,0,"",""
l1_root_channel,grp_l1_root_channel_false_5_true_s_fu_3950/mul_8s_7s_15_4_0_U1064,0,30,0,"",""
l1_root_channel,grp_l1_root_channel_false_5_true_s_fu_3950/mul_8s_7s_15_4_0_U1066,0,30,0,"",""
l1_root_channel,grp_l1_root_channel_false_5_true_s_fu_3950/mul_8s_7s_15_4_0_U1067,0,30,0,"",""
l1_root_channel,grp_l1_root_channel_false_5_true_s_fu_3950/mul_8s_7s_15_4_0_U956,0,28,0,"",""
l1_root_channel,grp_l1_root_channel_false_5_true_s_fu_3950/mul_8s_7s_15_4_0_U957,0,21,0,"",""
l1_root_channel,grp_l1_root_channel_false_5_true_s_fu_3950/mul_8s_7s_15_4_0_U964,0,30,0,"",""
l1_root_channel,grp_l1_root_channel_false_5_true_s_fu_3950/mul_8s_7s_15_4_0_U967,0,28,0,"",""
l1_root_channel,grp_l1_root_channel_false_5_true_s_fu_3950/mul_8s_7s_15_4_0_U968,0,21,0,"",""
l1_root_channel,grp_l1_root_channel_false_5_true_s_fu_3950/mul_8s_7s_15_4_0_U975,0,30,0,"",""
l1_root_channel,grp_l1_root_channel_false_5_true_s_fu_3950/mul_8s_7s_15_4_0_U978,0,28,0,"",""
l1_root_channel,grp_l1_root_channel_false_5_true_s_fu_3950/mul_8s_7s_15_4_0_U979,0,21,0,"",""
l1_root_channel,grp_l1_root_channel_false_5_true_s_fu_3950/mul_8s_7s_15_4_0_U986,0,30,0,"",""
l1_root_channel,grp_l1_root_channel_false_5_true_s_fu_3950/mul_8s_7s_15_4_0_U989,0,28,0,"",""
l1_root_channel,grp_l1_root_channel_false_5_true_s_fu_3950/mul_8s_7s_15_4_0_U990,0,21,0,"",""
l1_root_channel,grp_l1_root_channel_false_5_true_s_fu_3950/mul_8s_7s_15_4_0_U997,0,30,0,"",""
l1_root_channel,grp_l1_root_channel_false_5_true_s_fu_3950/mul_8s_8s_16_4_0_U1004,2,26,0,"",""
l1_root_channel,grp_l1_root_channel_false_5_true_s_fu_3950/mul_8s_8s_16_4_0_U1015,2,26,0,"",""
l1_root_channel,grp_l1_root_channel_false_5_true_s_fu_3950/mul_8s_8s_16_4_0_U1026,2,26,0,"",""
l1_root_channel,grp_l1_root_channel_false_5_true_s_fu_3950/mul_8s_8s_16_4_0_U1037,2,26,0,"",""
l1_root_channel,grp_l1_root_channel_false_5_true_s_fu_3950/mul_8s_8s_16_4_0_U1044,0,22,0,"",""
l1_root_channel,grp_l1_root_channel_false_5_true_s_fu_3950/mul_8s_8s_16_4_0_U1047,0,22,0,"",""
l1_root_channel,grp_l1_root_channel_false_5_true_s_fu_3950/mul_8s_8s_16_4_0_U1050,0,22,0,"",""
l1_root_channel,grp_l1_root_channel_false_5_true_s_fu_3950/mul_8s_8s_16_4_0_U1053,0,22,0,"",""
l1_root_channel,grp_l1_root_channel_false_5_true_s_fu_3950/mul_8s_8s_16_4_0_U1056,0,22,0,"",""
l1_root_channel,grp_l1_root_channel_false_5_true_s_fu_3950/mul_8s_8s_16_4_0_U1059,0,22,0,"",""
l1_root_channel,grp_l1_root_channel_false_5_true_s_fu_3950/mul_8s_8s_16_4_0_U1062,0,22,0,"",""
l1_root_channel,grp_l1_root_channel_false_5_true_s_fu_3950/mul_8s_8s_16_4_0_U1065,0,22,0,"",""
l1_root_channel,grp_l1_root_channel_false_5_true_s_fu_3950/mul_8s_8s_16_4_0_U960,2,26,0,"",""
l1_root_channel,grp_l1_root_channel_false_5_true_s_fu_3950/mul_8s_8s_16_4_0_U971,2,26,0,"",""
l1_root_channel,grp_l1_root_channel_false_5_true_s_fu_3950/mul_8s_8s_16_4_0_U982,2,26,0,"",""
l1_root_channel,grp_l1_root_channel_false_5_true_s_fu_3950/mul_8s_8s_16_4_0_U993,2,26,0,"",""
l1_root_channel,grp_l1_root_channel_false_5_true_s_fu_3950/add_18s_18s_18_2_0_U1068/u1,9,0,0,"",""
l1_root_channel,grp_l1_root_channel_false_5_true_s_fu_3950/add_18s_18s_18_2_0_U1068/u2,9,0,0,"",""
l1_root_channel,grp_l1_root_channel_false_5_true_s_fu_3950/add_18s_18s_18_2_0_U1069/u1,9,0,0,"",""
l1_root_channel,grp_l1_root_channel_false_5_true_s_fu_3950/add_18s_18s_18_2_0_U1069/u2,9,0,0,"",""
l1_root_channel,grp_l1_root_channel_false_5_true_s_fu_3950/add_18s_18s_18_2_0_U1070/u1,9,0,0,"",""
l1_root_channel,grp_l1_root_channel_false_5_true_s_fu_3950/add_18s_18s_18_2_0_U1070/u2,9,0,0,"",""
l1_root_channel,grp_l1_root_channel_false_5_true_s_fu_3950/add_18s_18s_18_2_0_U1071/u1,9,0,0,"",""
l1_root_channel,grp_l1_root_channel_false_5_true_s_fu_3950/add_18s_18s_18_2_0_U1071/u2,9,0,0,"",""
l1_root_channel,grp_l1_root_channel_false_5_true_s_fu_3950/add_18s_18s_18_2_0_U1072/u1,9,0,0,"",""
l1_root_channel,grp_l1_root_channel_false_5_true_s_fu_3950/add_18s_18s_18_2_0_U1072/u2,9,0,0,"",""
l1_root_channel,grp_l1_root_channel_false_5_true_s_fu_3950/add_18s_18s_18_2_0_U1073/u1,9,0,0,"",""
l1_root_channel,grp_l1_root_channel_false_5_true_s_fu_3950/add_18s_18s_18_2_0_U1073/u2,9,0,0,"",""
l1_root_channel,grp_l1_root_channel_false_5_true_s_fu_3950/add_18s_18s_18_2_0_U1074/u1,9,0,0,"",""
l1_root_channel,grp_l1_root_channel_false_5_true_s_fu_3950/add_18s_18s_18_2_0_U1074/u2,9,0,0,"",""
l1_root_channel,grp_l1_root_channel_false_5_true_s_fu_3950/add_18s_18s_18_2_0_U1075/u1,9,0,0,"",""
l1_root_channel,grp_l1_root_channel_false_5_true_s_fu_3950/add_18s_18s_18_2_0_U1075/u2,9,0,0,"",""
l1_root_channel,grp_l1_root_channel_false_6_true_s_fu_4074/add_18s_18s_18_2_0_U1308,18,19,0,"",""
l1_root_channel,grp_l1_root_channel_false_6_true_s_fu_4074/add_18s_18s_18_2_0_U1309,18,19,0,"",""
l1_root_channel,grp_l1_root_channel_false_6_true_s_fu_4074/add_18s_18s_18_2_0_U1310,18,19,0,"",""
l1_root_channel,grp_l1_root_channel_false_6_true_s_fu_4074/add_18s_18s_18_2_0_U1311,18,19,0,"",""
l1_root_channel,grp_l1_root_channel_false_6_true_s_fu_4074/add_18s_18s_18_2_0_U1312,18,19,0,"",""
l1_root_channel,grp_l1_root_channel_false_6_true_s_fu_4074/add_18s_18s_18_2_0_U1313,18,19,0,"",""
l1_root_channel,grp_l1_root_channel_false_6_true_s_fu_4074/add_18s_18s_18_2_0_U1314,18,19,0,"",""
l1_root_channel,grp_l1_root_channel_false_6_true_s_fu_4074/add_18s_18s_18_2_0_U1315,18,19,0,"",""
l1_root_channel,grp_l1_root_channel_false_6_true_s_fu_4074/mul_8s_7ns_15_4_0_U1197,2,24,0,"",""
l1_root_channel,grp_l1_root_channel_false_6_true_s_fu_4074/mul_8s_7ns_15_4_0_U1199,0,20,0,"",""
l1_root_channel,grp_l1_root_channel_false_6_true_s_fu_4074/mul_8s_7ns_15_4_0_U1202,0,28,0,"",""
l1_root_channel,grp_l1_root_channel_false_6_true_s_fu_4074/mul_8s_7ns_15_4_0_U1205,2,24,0,"",""
l1_root_channel,grp_l1_root_channel_false_6_true_s_fu_4074/mul_8s_7ns_15_4_0_U1207,0,20,0,"",""
l1_root_channel,grp_l1_root_channel_false_6_true_s_fu_4074/mul_8s_7ns_15_4_0_U1210,0,28,0,"",""
l1_root_channel,grp_l1_root_channel_false_6_true_s_fu_4074/mul_8s_7ns_15_4_0_U1213,2,24,0,"",""
l1_root_channel,grp_l1_root_channel_false_6_true_s_fu_4074/mul_8s_7ns_15_4_0_U1215,0,20,0,"",""
l1_root_channel,grp_l1_root_channel_false_6_true_s_fu_4074/mul_8s_7ns_15_4_0_U1218,0,28,0,"",""
l1_root_channel,grp_l1_root_channel_false_6_true_s_fu_4074/mul_8s_7ns_15_4_0_U1221,2,24,0,"",""
l1_root_channel,grp_l1_root_channel_false_6_true_s_fu_4074/mul_8s_7ns_15_4_0_U1223,0,20,0,"",""
l1_root_channel,grp_l1_root_channel_false_6_true_s_fu_4074/mul_8s_7ns_15_4_0_U1226,0,28,0,"",""
l1_root_channel,grp_l1_root_channel_false_6_true_s_fu_4074/mul_8s_7ns_15_4_0_U1229,2,24,0,"",""
l1_root_channel,grp_l1_root_channel_false_6_true_s_fu_4074/mul_8s_7ns_15_4_0_U1231,0,20,0,"",""
l1_root_channel,grp_l1_root_channel_false_6_true_s_fu_4074/mul_8s_7ns_15_4_0_U1234,0,28,0,"",""
l1_root_channel,grp_l1_root_channel_false_6_true_s_fu_4074/mul_8s_7ns_15_4_0_U1237,2,24,0,"",""
l1_root_channel,grp_l1_root_channel_false_6_true_s_fu_4074/mul_8s_7ns_15_4_0_U1239,0,20,0,"",""
l1_root_channel,grp_l1_root_channel_false_6_true_s_fu_4074/mul_8s_7ns_15_4_0_U1242,0,28,0,"",""
l1_root_channel,grp_l1_root_channel_false_6_true_s_fu_4074/mul_8s_7ns_15_4_0_U1245,2,24,0,"",""
l1_root_channel,grp_l1_root_channel_false_6_true_s_fu_4074/mul_8s_7ns_15_4_0_U1247,0,20,0,"",""
l1_root_channel,grp_l1_root_channel_false_6_true_s_fu_4074/mul_8s_7ns_15_4_0_U1250,0,28,0,"",""
l1_root_channel,grp_l1_root_channel_false_6_true_s_fu_4074/mul_8s_7ns_15_4_0_U1253,2,24,0,"",""
l1_root_channel,grp_l1_root_channel_false_6_true_s_fu_4074/mul_8s_7ns_15_4_0_U1255,0,20,0,"",""
l1_root_channel,grp_l1_root_channel_false_6_true_s_fu_4074/mul_8s_7ns_15_4_0_U1258,0,28,0,"",""
l1_root_channel,grp_l1_root_channel_false_6_true_s_fu_4074/mul_8s_7ns_15_4_0_U1263,0,28,0,"",""
l1_root_channel,grp_l1_root_channel_false_6_true_s_fu_4074/mul_8s_7ns_15_4_0_U1264,151,37,0,"",""
l1_root_channel,grp_l1_root_channel_false_6_true_s_fu_4074/mul_8s_7ns_15_4_0_U1269,0,28,0,"",""
l1_root_channel,grp_l1_root_channel_false_6_true_s_fu_4074/mul_8s_7ns_15_4_0_U1270,151,37,0,"",""
l1_root_channel,grp_l1_root_channel_false_6_true_s_fu_4074/mul_8s_7ns_15_4_0_U1275,4,29,0,"",""
l1_root_channel,grp_l1_root_channel_false_6_true_s_fu_4074/mul_8s_7ns_15_4_0_U1276,145,37,0,"",""
l1_root_channel,grp_l1_root_channel_false_6_true_s_fu_4074/mul_8s_7ns_15_4_0_U1281,4,29,0,"",""
l1_root_channel,grp_l1_root_channel_false_6_true_s_fu_4074/mul_8s_7ns_15_4_0_U1282,145,37,0,"",""
l1_root_channel,grp_l1_root_channel_false_6_true_s_fu_4074/mul_8s_7ns_15_4_0_U1287,4,29,0,"",""
l1_root_channel,grp_l1_root_channel_false_6_true_s_fu_4074/mul_8s_7ns_15_4_0_U1288,145,37,0,"",""
l1_root_channel,grp_l1_root_channel_false_6_true_s_fu_4074/mul_8s_7ns_15_4_0_U1293,4,29,0,"",""
l1_root_channel,grp_l1_root_channel_false_6_true_s_fu_4074/mul_8s_7ns_15_4_0_U1294,145,37,0,"",""
l1_root_channel,grp_l1_root_channel_false_6_true_s_fu_4074/mul_8s_7ns_15_4_0_U1299,4,29,0,"",""
l1_root_channel,grp_l1_root_channel_false_6_true_s_fu_4074/mul_8s_7ns_15_4_0_U1300,151,37,0,"",""
l1_root_channel,grp_l1_root_channel_false_6_true_s_fu_4074/mul_8s_7ns_15_4_0_U1305,4,29,0,"",""
l1_root_channel,grp_l1_root_channel_false_6_true_s_fu_4074/mul_8s_7ns_15_4_0_U1306,151,37,0,"",""
l1_root_channel,grp_l1_root_channel_false_6_true_s_fu_4074/mul_8s_7s_15_4_0_U1200,0,28,0,"",""
l1_root_channel,grp_l1_root_channel_false_6_true_s_fu_4074/mul_8s_7s_15_4_0_U1201,0,22,0,"",""
l1_root_channel,grp_l1_root_channel_false_6_true_s_fu_4074/mul_8s_7s_15_4_0_U1208,0,28,0,"",""
l1_root_channel,grp_l1_root_channel_false_6_true_s_fu_4074/mul_8s_7s_15_4_0_U1209,0,22,0,"",""
l1_root_channel,grp_l1_root_channel_false_6_true_s_fu_4074/mul_8s_7s_15_4_0_U1216,0,28,0,"",""
l1_root_channel,grp_l1_root_channel_false_6_true_s_fu_4074/mul_8s_7s_15_4_0_U1217,0,22,0,"",""
l1_root_channel,grp_l1_root_channel_false_6_true_s_fu_4074/mul_8s_7s_15_4_0_U1224,0,28,0,"",""
l1_root_channel,grp_l1_root_channel_false_6_true_s_fu_4074/mul_8s_7s_15_4_0_U1225,0,22,0,"",""
l1_root_channel,grp_l1_root_channel_false_6_true_s_fu_4074/mul_8s_7s_15_4_0_U1232,0,28,0,"",""
l1_root_channel,grp_l1_root_channel_false_6_true_s_fu_4074/mul_8s_7s_15_4_0_U1233,0,22,0,"",""
l1_root_channel,grp_l1_root_channel_false_6_true_s_fu_4074/mul_8s_7s_15_4_0_U1240,0,28,0,"",""
l1_root_channel,grp_l1_root_channel_false_6_true_s_fu_4074/mul_8s_7s_15_4_0_U1241,0,22,0,"",""
l1_root_channel,grp_l1_root_channel_false_6_true_s_fu_4074/mul_8s_7s_15_4_0_U1248,0,28,0,"",""
l1_root_channel,grp_l1_root_channel_false_6_true_s_fu_4074/mul_8s_7s_15_4_0_U1249,0,22,0,"",""
l1_root_channel,grp_l1_root_channel_false_6_true_s_fu_4074/mul_8s_7s_15_4_0_U1256,0,28,0,"",""
l1_root_channel,grp_l1_root_channel_false_6_true_s_fu_4074/mul_8s_7s_15_4_0_U1257,0,22,0,"",""
l1_root_channel,grp_l1_root_channel_false_6_true_s_fu_4074/mul_8s_8ns_16_4_0_U1196,13,24,0,"",""
l1_root_channel,grp_l1_root_channel_false_6_true_s_fu_4074/mul_8s_8ns_16_4_0_U1203,58,20,0,"",""
l1_root_channel,grp_l1_root_channel_false_6_true_s_fu_4074/mul_8s_8ns_16_4_0_U1204,13,24,0,"",""
l1_root_channel,grp_l1_root_channel_false_6_true_s_fu_4074/mul_8s_8ns_16_4_0_U1211,58,20,0,"",""
l1_root_channel,grp_l1_root_channel_false_6_true_s_fu_4074/mul_8s_8ns_16_4_0_U1212,13,24,0,"",""
l1_root_channel,grp_l1_root_channel_false_6_true_s_fu_4074/mul_8s_8ns_16_4_0_U1219,55,20,0,"",""
l1_root_channel,grp_l1_root_channel_false_6_true_s_fu_4074/mul_8s_8ns_16_4_0_U1220,13,24,0,"",""
l1_root_channel,grp_l1_root_channel_false_6_true_s_fu_4074/mul_8s_8ns_16_4_0_U1227,55,20,0,"",""
l1_root_channel,grp_l1_root_channel_false_6_true_s_fu_4074/mul_8s_8ns_16_4_0_U1228,13,24,0,"",""
l1_root_channel,grp_l1_root_channel_false_6_true_s_fu_4074/mul_8s_8ns_16_4_0_U1235,55,20,0,"",""
l1_root_channel,grp_l1_root_channel_false_6_true_s_fu_4074/mul_8s_8ns_16_4_0_U1236,13,24,0,"",""
l1_root_channel,grp_l1_root_channel_false_6_true_s_fu_4074/mul_8s_8ns_16_4_0_U1243,55,20,0,"",""
l1_root_channel,grp_l1_root_channel_false_6_true_s_fu_4074/mul_8s_8ns_16_4_0_U1244,13,24,0,"",""
l1_root_channel,grp_l1_root_channel_false_6_true_s_fu_4074/mul_8s_8ns_16_4_0_U1251,58,20,0,"",""
l1_root_channel,grp_l1_root_channel_false_6_true_s_fu_4074/mul_8s_8ns_16_4_0_U1252,13,24,0,"",""
l1_root_channel,grp_l1_root_channel_false_6_true_s_fu_4074/mul_8s_8ns_16_4_0_U1259,58,20,0,"",""
l1_root_channel,grp_l1_root_channel_false_6_true_s_fu_4074/mul_8s_8ns_16_4_0_U1260,5,26,0,"",""
l1_root_channel,grp_l1_root_channel_false_6_true_s_fu_4074/mul_8s_8ns_16_4_0_U1261,2,28,0,"",""
l1_root_channel,grp_l1_root_channel_false_6_true_s_fu_4074/mul_8s_8ns_16_4_0_U1266,5,26,0,"",""
l1_root_channel,grp_l1_root_channel_false_6_true_s_fu_4074/mul_8s_8ns_16_4_0_U1267,2,28,0,"",""
l1_root_channel,grp_l1_root_channel_false_6_true_s_fu_4074/mul_8s_8ns_16_4_0_U1272,5,26,0,"",""
l1_root_channel,grp_l1_root_channel_false_6_true_s_fu_4074/mul_8s_8ns_16_4_0_U1273,2,28,0,"",""
l1_root_channel,grp_l1_root_channel_false_6_true_s_fu_4074/mul_8s_8ns_16_4_0_U1278,5,26,0,"",""
l1_root_channel,grp_l1_root_channel_false_6_true_s_fu_4074/mul_8s_8ns_16_4_0_U1279,2,28,0,"",""
l1_root_channel,grp_l1_root_channel_false_6_true_s_fu_4074/mul_8s_8ns_16_4_0_U1284,5,26,0,"",""
l1_root_channel,grp_l1_root_channel_false_6_true_s_fu_4074/mul_8s_8ns_16_4_0_U1285,2,28,0,"",""
l1_root_channel,grp_l1_root_channel_false_6_true_s_fu_4074/mul_8s_8ns_16_4_0_U1290,5,26,0,"",""
l1_root_channel,grp_l1_root_channel_false_6_true_s_fu_4074/mul_8s_8ns_16_4_0_U1291,2,28,0,"",""
l1_root_channel,grp_l1_root_channel_false_6_true_s_fu_4074/mul_8s_8ns_16_4_0_U1296,5,26,0,"",""
l1_root_channel,grp_l1_root_channel_false_6_true_s_fu_4074/mul_8s_8ns_16_4_0_U1297,2,28,0,"",""
l1_root_channel,grp_l1_root_channel_false_6_true_s_fu_4074/mul_8s_8ns_16_4_0_U1302,5,26,0,"",""
l1_root_channel,grp_l1_root_channel_false_6_true_s_fu_4074/mul_8s_8ns_16_4_0_U1303,2,28,0,"",""
l1_root_channel,grp_l1_root_channel_false_6_true_s_fu_4074/mul_8s_8s_16_4_0_U1198,1,24,0,"",""
l1_root_channel,grp_l1_root_channel_false_6_true_s_fu_4074/mul_8s_8s_16_4_0_U1206,1,24,0,"",""
l1_root_channel,grp_l1_root_channel_false_6_true_s_fu_4074/mul_8s_8s_16_4_0_U1214,1,24,0,"",""
l1_root_channel,grp_l1_root_channel_false_6_true_s_fu_4074/mul_8s_8s_16_4_0_U1222,1,24,0,"",""
l1_root_channel,grp_l1_root_channel_false_6_true_s_fu_4074/mul_8s_8s_16_4_0_U1230,1,24,0,"",""
l1_root_channel,grp_l1_root_channel_false_6_true_s_fu_4074/mul_8s_8s_16_4_0_U1238,1,24,0,"",""
l1_root_channel,grp_l1_root_channel_false_6_true_s_fu_4074/mul_8s_8s_16_4_0_U1246,1,24,0,"",""
l1_root_channel,grp_l1_root_channel_false_6_true_s_fu_4074/mul_8s_8s_16_4_0_U1254,1,24,0,"",""
l1_root_channel,grp_l1_root_channel_false_6_true_s_fu_4074/mul_8s_8s_16_4_0_U1262,0,22,0,"",""
l1_root_channel,grp_l1_root_channel_false_6_true_s_fu_4074/mul_8s_8s_16_4_0_U1265,0,26,0,"",""
l1_root_channel,grp_l1_root_channel_false_6_true_s_fu_4074/mul_8s_8s_16_4_0_U1268,0,22,0,"",""
l1_root_channel,grp_l1_root_channel_false_6_true_s_fu_4074/mul_8s_8s_16_4_0_U1271,0,26,0,"",""
l1_root_channel,grp_l1_root_channel_false_6_true_s_fu_4074/mul_8s_8s_16_4_0_U1274,0,22,0,"",""
l1_root_channel,grp_l1_root_channel_false_6_true_s_fu_4074/mul_8s_8s_16_4_0_U1277,0,26,0,"",""
l1_root_channel,grp_l1_root_channel_false_6_true_s_fu_4074/mul_8s_8s_16_4_0_U1280,0,22,0,"",""
l1_root_channel,grp_l1_root_channel_false_6_true_s_fu_4074/mul_8s_8s_16_4_0_U1283,0,26,0,"",""
l1_root_channel,grp_l1_root_channel_false_6_true_s_fu_4074/mul_8s_8s_16_4_0_U1286,0,22,0,"",""
l1_root_channel,grp_l1_root_channel_false_6_true_s_fu_4074/mul_8s_8s_16_4_0_U1289,0,26,0,"",""
l1_root_channel,grp_l1_root_channel_false_6_true_s_fu_4074/mul_8s_8s_16_4_0_U1292,0,22,0,"",""
l1_root_channel,grp_l1_root_channel_false_6_true_s_fu_4074/mul_8s_8s_16_4_0_U1295,0,26,0,"",""
l1_root_channel,grp_l1_root_channel_false_6_true_s_fu_4074/mul_8s_8s_16_4_0_U1298,0,22,0,"",""
l1_root_channel,grp_l1_root_channel_false_6_true_s_fu_4074/mul_8s_8s_16_4_0_U1301,0,26,0,"",""
l1_root_channel,grp_l1_root_channel_false_6_true_s_fu_4074/mul_8s_8s_16_4_0_U1304,0,22,0,"",""
l1_root_channel,grp_l1_root_channel_false_6_true_s_fu_4074/mul_8s_8s_16_4_0_U1307,0,26,0,"",""
l1_root_channel,grp_l1_root_channel_false_6_true_s_fu_4074/add_18s_18s_18_2_0_U1308/u1,9,0,0,"",""
l1_root_channel,grp_l1_root_channel_false_6_true_s_fu_4074/add_18s_18s_18_2_0_U1308/u2,9,0,0,"",""
l1_root_channel,grp_l1_root_channel_false_6_true_s_fu_4074/add_18s_18s_18_2_0_U1309/u1,9,0,0,"",""
l1_root_channel,grp_l1_root_channel_false_6_true_s_fu_4074/add_18s_18s_18_2_0_U1309/u2,9,0,0,"",""
l1_root_channel,grp_l1_root_channel_false_6_true_s_fu_4074/add_18s_18s_18_2_0_U1310/u1,9,0,0,"",""
l1_root_channel,grp_l1_root_channel_false_6_true_s_fu_4074/add_18s_18s_18_2_0_U1310/u2,9,0,0,"",""
l1_root_channel,grp_l1_root_channel_false_6_true_s_fu_4074/add_18s_18s_18_2_0_U1311/u1,9,0,0,"",""
l1_root_channel,grp_l1_root_channel_false_6_true_s_fu_4074/add_18s_18s_18_2_0_U1311/u2,9,0,0,"",""
l1_root_channel,grp_l1_root_channel_false_6_true_s_fu_4074/add_18s_18s_18_2_0_U1312/u1,9,0,0,"",""
l1_root_channel,grp_l1_root_channel_false_6_true_s_fu_4074/add_18s_18s_18_2_0_U1312/u2,9,0,0,"",""
l1_root_channel,grp_l1_root_channel_false_6_true_s_fu_4074/add_18s_18s_18_2_0_U1313/u1,9,0,0,"",""
l1_root_channel,grp_l1_root_channel_false_6_true_s_fu_4074/add_18s_18s_18_2_0_U1313/u2,9,0,0,"",""
l1_root_channel,grp_l1_root_channel_false_6_true_s_fu_4074/add_18s_18s_18_2_0_U1314/u1,9,0,0,"",""
l1_root_channel,grp_l1_root_channel_false_6_true_s_fu_4074/add_18s_18s_18_2_0_U1314/u2,9,0,0,"",""
l1_root_channel,grp_l1_root_channel_false_6_true_s_fu_4074/add_18s_18s_18_2_0_U1315/u1,9,0,0,"",""
l1_root_channel,grp_l1_root_channel_false_6_true_s_fu_4074/add_18s_18s_18_2_0_U1315/u2,9,0,0,"",""
l1_root_channel,grp_l1_root_channel_false_7_true_s_fu_4190/add_18s_18s_18_2_0_U1548,18,19,0,"",""
l1_root_channel,grp_l1_root_channel_false_7_true_s_fu_4190/add_18s_18s_18_2_0_U1549,18,19,0,"",""
l1_root_channel,grp_l1_root_channel_false_7_true_s_fu_4190/add_18s_18s_18_2_0_U1550,18,19,0,"",""
l1_root_channel,grp_l1_root_channel_false_7_true_s_fu_4190/add_18s_18s_18_2_0_U1551,18,19,0,"",""
l1_root_channel,grp_l1_root_channel_false_7_true_s_fu_4190/add_18s_18s_18_2_0_U1552,18,19,0,"",""
l1_root_channel,grp_l1_root_channel_false_7_true_s_fu_4190/add_18s_18s_18_2_0_U1553,18,19,0,"",""
l1_root_channel,grp_l1_root_channel_false_7_true_s_fu_4190/add_18s_18s_18_2_0_U1554,18,19,0,"",""
l1_root_channel,grp_l1_root_channel_false_7_true_s_fu_4190/add_18s_18s_18_2_0_U1555,18,19,0,"",""
l1_root_channel,grp_l1_root_channel_false_7_true_s_fu_4190/mul_8s_5ns_13_4_0_U1436,0,24,0,"",""
l1_root_channel,grp_l1_root_channel_false_7_true_s_fu_4190/mul_8s_5ns_13_4_0_U1446,0,24,0,"",""
l1_root_channel,grp_l1_root_channel_false_7_true_s_fu_4190/mul_8s_5ns_13_4_0_U1456,0,24,0,"",""
l1_root_channel,grp_l1_root_channel_false_7_true_s_fu_4190/mul_8s_5ns_13_4_0_U1466,0,24,0,"",""
l1_root_channel,grp_l1_root_channel_false_7_true_s_fu_4190/mul_8s_5ns_13_4_0_U1476,0,24,0,"",""
l1_root_channel,grp_l1_root_channel_false_7_true_s_fu_4190/mul_8s_5ns_13_4_0_U1486,0,24,0,"",""
l1_root_channel,grp_l1_root_channel_false_7_true_s_fu_4190/mul_8s_5ns_13_4_0_U1496,0,24,0,"",""
l1_root_channel,grp_l1_root_channel_false_7_true_s_fu_4190/mul_8s_5ns_13_4_0_U1506,0,24,0,"",""
l1_root_channel,grp_l1_root_channel_false_7_true_s_fu_4190/mul_8s_5s_13_4_0_U1431,0,26,0,"",""
l1_root_channel,grp_l1_root_channel_false_7_true_s_fu_4190/mul_8s_5s_13_4_0_U1441,0,26,0,"",""
l1_root_channel,grp_l1_root_channel_false_7_true_s_fu_4190/mul_8s_5s_13_4_0_U1451,0,26,0,"",""
l1_root_channel,grp_l1_root_channel_false_7_true_s_fu_4190/mul_8s_5s_13_4_0_U1461,0,26,0,"",""
l1_root_channel,grp_l1_root_channel_false_7_true_s_fu_4190/mul_8s_5s_13_4_0_U1471,0,26,0,"",""
l1_root_channel,grp_l1_root_channel_false_7_true_s_fu_4190/mul_8s_5s_13_4_0_U1481,0,26,0,"",""
l1_root_channel,grp_l1_root_channel_false_7_true_s_fu_4190/mul_8s_5s_13_4_0_U1491,0,26,0,"",""
l1_root_channel,grp_l1_root_channel_false_7_true_s_fu_4190/mul_8s_5s_13_4_0_U1501,0,26,0,"",""
l1_root_channel,grp_l1_root_channel_false_7_true_s_fu_4190/mul_8s_6ns_14_4_0_U1429,0,28,0,"",""
l1_root_channel,grp_l1_root_channel_false_7_true_s_fu_4190/mul_8s_6ns_14_4_0_U1433,0,21,0,"",""
l1_root_channel,grp_l1_root_channel_false_7_true_s_fu_4190/mul_8s_6ns_14_4_0_U1439,0,28,0,"",""
l1_root_channel,grp_l1_root_channel_false_7_true_s_fu_4190/mul_8s_6ns_14_4_0_U1443,0,21,0,"",""
l1_root_channel,grp_l1_root_channel_false_7_true_s_fu_4190/mul_8s_6ns_14_4_0_U1449,0,28,0,"",""
l1_root_channel,grp_l1_root_channel_false_7_true_s_fu_4190/mul_8s_6ns_14_4_0_U1453,0,21,0,"",""
l1_root_channel,grp_l1_root_channel_false_7_true_s_fu_4190/mul_8s_6ns_14_4_0_U1459,0,28,0,"",""
l1_root_channel,grp_l1_root_channel_false_7_true_s_fu_4190/mul_8s_6ns_14_4_0_U1463,0,21,0,"",""
l1_root_channel,grp_l1_root_channel_false_7_true_s_fu_4190/mul_8s_6ns_14_4_0_U1469,0,28,0,"",""
l1_root_channel,grp_l1_root_channel_false_7_true_s_fu_4190/mul_8s_6ns_14_4_0_U1473,0,21,0,"",""
l1_root_channel,grp_l1_root_channel_false_7_true_s_fu_4190/mul_8s_6ns_14_4_0_U1479,0,28,0,"",""
l1_root_channel,grp_l1_root_channel_false_7_true_s_fu_4190/mul_8s_6ns_14_4_0_U1483,0,21,0,"",""
l1_root_channel,grp_l1_root_channel_false_7_true_s_fu_4190/mul_8s_6ns_14_4_0_U1489,0,28,0,"",""
l1_root_channel,grp_l1_root_channel_false_7_true_s_fu_4190/mul_8s_6ns_14_4_0_U1493,0,21,0,"",""
l1_root_channel,grp_l1_root_channel_false_7_true_s_fu_4190/mul_8s_6ns_14_4_0_U1499,0,28,0,"",""
l1_root_channel,grp_l1_root_channel_false_7_true_s_fu_4190/mul_8s_6ns_14_4_0_U1503,0,21,0,"",""
l1_root_channel,grp_l1_root_channel_false_7_true_s_fu_4190/mul_8s_7ns_15_4_0_U1428,0,30,0,"",""
l1_root_channel,grp_l1_root_channel_false_7_true_s_fu_4190/mul_8s_7ns_15_4_0_U1435,0,28,0,"",""
l1_root_channel,grp_l1_root_channel_false_7_true_s_fu_4190/mul_8s_7ns_15_4_0_U1438,0,30,0,"",""
l1_root_channel,grp_l1_root_channel_false_7_true_s_fu_4190/mul_8s_7ns_15_4_0_U1445,0,28,0,"",""
l1_root_channel,grp_l1_root_channel_false_7_true_s_fu_4190/mul_8s_7ns_15_4_0_U1448,0,30,0,"",""
l1_root_channel,grp_l1_root_channel_false_7_true_s_fu_4190/mul_8s_7ns_15_4_0_U1455,0,28,0,"",""
l1_root_channel,grp_l1_root_channel_false_7_true_s_fu_4190/mul_8s_7ns_15_4_0_U1458,0,30,0,"",""
l1_root_channel,grp_l1_root_channel_false_7_true_s_fu_4190/mul_8s_7ns_15_4_0_U1465,0,28,0,"",""
l1_root_channel,grp_l1_root_channel_false_7_true_s_fu_4190/mul_8s_7ns_15_4_0_U1468,0,30,0,"",""
l1_root_channel,grp_l1_root_channel_false_7_true_s_fu_4190/mul_8s_7ns_15_4_0_U1475,0,28,0,"",""
l1_root_channel,grp_l1_root_channel_false_7_true_s_fu_4190/mul_8s_7ns_15_4_0_U1478,0,30,0,"",""
l1_root_channel,grp_l1_root_channel_false_7_true_s_fu_4190/mul_8s_7ns_15_4_0_U1485,0,28,0,"",""
l1_root_channel,grp_l1_root_channel_false_7_true_s_fu_4190/mul_8s_7ns_15_4_0_U1488,0,30,0,"",""
l1_root_channel,grp_l1_root_channel_false_7_true_s_fu_4190/mul_8s_7ns_15_4_0_U1495,0,28,0,"",""
l1_root_channel,grp_l1_root_channel_false_7_true_s_fu_4190/mul_8s_7ns_15_4_0_U1498,0,30,0,"",""
l1_root_channel,grp_l1_root_channel_false_7_true_s_fu_4190/mul_8s_7ns_15_4_0_U1505,0,28,0,"",""
l1_root_channel,grp_l1_root_channel_false_7_true_s_fu_4190/mul_8s_7s_15_4_0_U1430,0,30,0,"",""
l1_root_channel,grp_l1_root_channel_false_7_true_s_fu_4190/mul_8s_7s_15_4_0_U1434,0,30,0,"",""
l1_root_channel,grp_l1_root_channel_false_7_true_s_fu_4190/mul_8s_7s_15_4_0_U1440,0,30,0,"",""
l1_root_channel,grp_l1_root_channel_false_7_true_s_fu_4190/mul_8s_7s_15_4_0_U1444,0,30,0,"",""
l1_root_channel,grp_l1_root_channel_false_7_true_s_fu_4190/mul_8s_7s_15_4_0_U1450,0,30,0,"",""
l1_root_channel,grp_l1_root_channel_false_7_true_s_fu_4190/mul_8s_7s_15_4_0_U1454,0,30,0,"",""
l1_root_channel,grp_l1_root_channel_false_7_true_s_fu_4190/mul_8s_7s_15_4_0_U1460,0,30,0,"",""
l1_root_channel,grp_l1_root_channel_false_7_true_s_fu_4190/mul_8s_7s_15_4_0_U1464,0,30,0,"",""
l1_root_channel,grp_l1_root_channel_false_7_true_s_fu_4190/mul_8s_7s_15_4_0_U1470,0,30,0,"",""
l1_root_channel,grp_l1_root_channel_false_7_true_s_fu_4190/mul_8s_7s_15_4_0_U1474,0,30,0,"",""
l1_root_channel,grp_l1_root_channel_false_7_true_s_fu_4190/mul_8s_7s_15_4_0_U1480,0,30,0,"",""
l1_root_channel,grp_l1_root_channel_false_7_true_s_fu_4190/mul_8s_7s_15_4_0_U1484,0,30,0,"",""
l1_root_channel,grp_l1_root_channel_false_7_true_s_fu_4190/mul_8s_7s_15_4_0_U1490,0,30,0,"",""
l1_root_channel,grp_l1_root_channel_false_7_true_s_fu_4190/mul_8s_7s_15_4_0_U1494,0,30,0,"",""
l1_root_channel,grp_l1_root_channel_false_7_true_s_fu_4190/mul_8s_7s_15_4_0_U1500,0,30,0,"",""
l1_root_channel,grp_l1_root_channel_false_7_true_s_fu_4190/mul_8s_7s_15_4_0_U1504,0,30,0,"",""
l1_root_channel,grp_l1_root_channel_false_7_true_s_fu_4190/mul_8s_8ns_16_4_0_U1437,5,26,0,"",""
l1_root_channel,grp_l1_root_channel_false_7_true_s_fu_4190/mul_8s_8ns_16_4_0_U1447,5,26,0,"",""
l1_root_channel,grp_l1_root_channel_false_7_true_s_fu_4190/mul_8s_8ns_16_4_0_U1457,5,26,0,"",""
l1_root_channel,grp_l1_root_channel_false_7_true_s_fu_4190/mul_8s_8ns_16_4_0_U1467,5,26,0,"",""
l1_root_channel,grp_l1_root_channel_false_7_true_s_fu_4190/mul_8s_8ns_16_4_0_U1477,5,26,0,"",""
l1_root_channel,grp_l1_root_channel_false_7_true_s_fu_4190/mul_8s_8ns_16_4_0_U1487,5,26,0,"",""
l1_root_channel,grp_l1_root_channel_false_7_true_s_fu_4190/mul_8s_8ns_16_4_0_U1497,5,26,0,"",""
l1_root_channel,grp_l1_root_channel_false_7_true_s_fu_4190/mul_8s_8ns_16_4_0_U1507,5,26,0,"",""
l1_root_channel,grp_l1_root_channel_false_7_true_s_fu_4190/mul_8s_8ns_16_4_0_U1508,3,28,0,"",""
l1_root_channel,grp_l1_root_channel_false_7_true_s_fu_4190/mul_8s_8ns_16_4_0_U1509,5,26,0,"",""
l1_root_channel,grp_l1_root_channel_false_7_true_s_fu_4190/mul_8s_8ns_16_4_0_U1512,6,24,0,"",""
l1_root_channel,grp_l1_root_channel_false_7_true_s_fu_4190/mul_8s_8ns_16_4_0_U1513,3,28,0,"",""
l1_root_channel,grp_l1_root_channel_false_7_true_s_fu_4190/mul_8s_8ns_16_4_0_U1514,5,26,0,"",""
l1_root_channel,grp_l1_root_channel_false_7_true_s_fu_4190/mul_8s_8ns_16_4_0_U1517,6,24,0,"",""
l1_root_channel,grp_l1_root_channel_false_7_true_s_fu_4190/mul_8s_8ns_16_4_0_U1518,3,28,0,"",""
l1_root_channel,grp_l1_root_channel_false_7_true_s_fu_4190/mul_8s_8ns_16_4_0_U1519,5,26,0,"",""
l1_root_channel,grp_l1_root_channel_false_7_true_s_fu_4190/mul_8s_8ns_16_4_0_U1522,6,24,0,"",""
l1_root_channel,grp_l1_root_channel_false_7_true_s_fu_4190/mul_8s_8ns_16_4_0_U1523,3,28,0,"",""
l1_root_channel,grp_l1_root_channel_false_7_true_s_fu_4190/mul_8s_8ns_16_4_0_U1524,5,26,0,"",""
l1_root_channel,grp_l1_root_channel_false_7_true_s_fu_4190/mul_8s_8ns_16_4_0_U1527,6,24,0,"",""
l1_root_channel,grp_l1_root_channel_false_7_true_s_fu_4190/mul_8s_8ns_16_4_0_U1528,3,28,0,"",""
l1_root_channel,grp_l1_root_channel_false_7_true_s_fu_4190/mul_8s_8ns_16_4_0_U1529,5,26,0,"",""
l1_root_channel,grp_l1_root_channel_false_7_true_s_fu_4190/mul_8s_8ns_16_4_0_U1532,6,24,0,"",""
l1_root_channel,grp_l1_root_channel_false_7_true_s_fu_4190/mul_8s_8ns_16_4_0_U1533,3,28,0,"",""
l1_root_channel,grp_l1_root_channel_false_7_true_s_fu_4190/mul_8s_8ns_16_4_0_U1534,5,26,0,"",""
l1_root_channel,grp_l1_root_channel_false_7_true_s_fu_4190/mul_8s_8ns_16_4_0_U1537,6,24,0,"",""
l1_root_channel,grp_l1_root_channel_false_7_true_s_fu_4190/mul_8s_8ns_16_4_0_U1538,3,28,0,"",""
l1_root_channel,grp_l1_root_channel_false_7_true_s_fu_4190/mul_8s_8ns_16_4_0_U1539,5,26,0,"",""
l1_root_channel,grp_l1_root_channel_false_7_true_s_fu_4190/mul_8s_8ns_16_4_0_U1542,6,24,0,"",""
l1_root_channel,grp_l1_root_channel_false_7_true_s_fu_4190/mul_8s_8ns_16_4_0_U1543,3,28,0,"",""
l1_root_channel,grp_l1_root_channel_false_7_true_s_fu_4190/mul_8s_8ns_16_4_0_U1544,5,26,0,"",""
l1_root_channel,grp_l1_root_channel_false_7_true_s_fu_4190/mul_8s_8ns_16_4_0_U1547,6,24,0,"",""
l1_root_channel,grp_l1_root_channel_false_7_true_s_fu_4190/mul_8s_8s_16_4_0_U1432,1,20,0,"",""
l1_root_channel,grp_l1_root_channel_false_7_true_s_fu_4190/mul_8s_8s_16_4_0_U1442,1,20,0,"",""
l1_root_channel,grp_l1_root_channel_false_7_true_s_fu_4190/mul_8s_8s_16_4_0_U1452,1,20,0,"",""
l1_root_channel,grp_l1_root_channel_false_7_true_s_fu_4190/mul_8s_8s_16_4_0_U1462,1,20,0,"",""
l1_root_channel,grp_l1_root_channel_false_7_true_s_fu_4190/mul_8s_8s_16_4_0_U1472,1,20,0,"",""
l1_root_channel,grp_l1_root_channel_false_7_true_s_fu_4190/mul_8s_8s_16_4_0_U1482,1,20,0,"",""
l1_root_channel,grp_l1_root_channel_false_7_true_s_fu_4190/mul_8s_8s_16_4_0_U1492,1,20,0,"",""
l1_root_channel,grp_l1_root_channel_false_7_true_s_fu_4190/mul_8s_8s_16_4_0_U1502,1,20,0,"",""
l1_root_channel,grp_l1_root_channel_false_7_true_s_fu_4190/mul_8s_8s_16_4_0_U1510,1,30,0,"",""
l1_root_channel,grp_l1_root_channel_false_7_true_s_fu_4190/mul_8s_8s_16_4_0_U1511,0,28,0,"",""
l1_root_channel,grp_l1_root_channel_false_7_true_s_fu_4190/mul_8s_8s_16_4_0_U1515,1,30,0,"",""
l1_root_channel,grp_l1_root_channel_false_7_true_s_fu_4190/mul_8s_8s_16_4_0_U1516,0,28,0,"",""
l1_root_channel,grp_l1_root_channel_false_7_true_s_fu_4190/mul_8s_8s_16_4_0_U1520,1,30,0,"",""
l1_root_channel,grp_l1_root_channel_false_7_true_s_fu_4190/mul_8s_8s_16_4_0_U1521,0,28,0,"",""
l1_root_channel,grp_l1_root_channel_false_7_true_s_fu_4190/mul_8s_8s_16_4_0_U1525,1,30,0,"",""
l1_root_channel,grp_l1_root_channel_false_7_true_s_fu_4190/mul_8s_8s_16_4_0_U1526,0,28,0,"",""
l1_root_channel,grp_l1_root_channel_false_7_true_s_fu_4190/mul_8s_8s_16_4_0_U1530,1,30,0,"",""
l1_root_channel,grp_l1_root_channel_false_7_true_s_fu_4190/mul_8s_8s_16_4_0_U1531,0,28,0,"",""
l1_root_channel,grp_l1_root_channel_false_7_true_s_fu_4190/mul_8s_8s_16_4_0_U1535,1,30,0,"",""
l1_root_channel,grp_l1_root_channel_false_7_true_s_fu_4190/mul_8s_8s_16_4_0_U1536,0,28,0,"",""
l1_root_channel,grp_l1_root_channel_false_7_true_s_fu_4190/mul_8s_8s_16_4_0_U1540,1,30,0,"",""
l1_root_channel,grp_l1_root_channel_false_7_true_s_fu_4190/mul_8s_8s_16_4_0_U1541,0,28,0,"",""
l1_root_channel,grp_l1_root_channel_false_7_true_s_fu_4190/mul_8s_8s_16_4_0_U1545,1,30,0,"",""
l1_root_channel,grp_l1_root_channel_false_7_true_s_fu_4190/mul_8s_8s_16_4_0_U1546,0,28,0,"",""
l1_root_channel,grp_l1_root_channel_false_7_true_s_fu_4190/add_18s_18s_18_2_0_U1548/u1,9,0,0,"",""
l1_root_channel,grp_l1_root_channel_false_7_true_s_fu_4190/add_18s_18s_18_2_0_U1548/u2,9,0,0,"",""
l1_root_channel,grp_l1_root_channel_false_7_true_s_fu_4190/add_18s_18s_18_2_0_U1549/u1,9,0,0,"",""
l1_root_channel,grp_l1_root_channel_false_7_true_s_fu_4190/add_18s_18s_18_2_0_U1549/u2,9,0,0,"",""
l1_root_channel,grp_l1_root_channel_false_7_true_s_fu_4190/add_18s_18s_18_2_0_U1550/u1,9,0,0,"",""
l1_root_channel,grp_l1_root_channel_false_7_true_s_fu_4190/add_18s_18s_18_2_0_U1550/u2,9,0,0,"",""
l1_root_channel,grp_l1_root_channel_false_7_true_s_fu_4190/add_18s_18s_18_2_0_U1551/u1,9,0,0,"",""
l1_root_channel,grp_l1_root_channel_false_7_true_s_fu_4190/add_18s_18s_18_2_0_U1551/u2,9,0,0,"",""
l1_root_channel,grp_l1_root_channel_false_7_true_s_fu_4190/add_18s_18s_18_2_0_U1552/u1,9,0,0,"",""
l1_root_channel,grp_l1_root_channel_false_7_true_s_fu_4190/add_18s_18s_18_2_0_U1552/u2,9,0,0,"",""
l1_root_channel,grp_l1_root_channel_false_7_true_s_fu_4190/add_18s_18s_18_2_0_U1553/u1,9,0,0,"",""
l1_root_channel,grp_l1_root_channel_false_7_true_s_fu_4190/add_18s_18s_18_2_0_U1553/u2,9,0,0,"",""
l1_root_channel,grp_l1_root_channel_false_7_true_s_fu_4190/add_18s_18s_18_2_0_U1554/u1,9,0,0,"",""
l1_root_channel,grp_l1_root_channel_false_7_true_s_fu_4190/add_18s_18s_18_2_0_U1554/u2,9,0,0,"",""
l1_root_channel,grp_l1_root_channel_false_7_true_s_fu_4190/add_18s_18s_18_2_0_U1555/u1,9,0,0,"",""
l1_root_channel,grp_l1_root_channel_false_7_true_s_fu_4190/add_18s_18s_18_2_0_U1555/u2,9,0,0,"",""
l1_root_channel,grp_l1_root_channel_false_8_true_s_fu_3066/add_18s_18s_18_2_0_U1780,18,19,0,"",""
l1_root_channel,grp_l1_root_channel_false_8_true_s_fu_3066/add_18s_18s_18_2_0_U1781,18,19,0,"",""
l1_root_channel,grp_l1_root_channel_false_8_true_s_fu_3066/add_18s_18s_18_2_0_U1782,18,19,0,"",""
l1_root_channel,grp_l1_root_channel_false_8_true_s_fu_3066/add_18s_18s_18_2_0_U1783,18,19,0,"",""
l1_root_channel,grp_l1_root_channel_false_8_true_s_fu_3066/add_18s_18s_18_2_0_U1784,18,19,0,"",""
l1_root_channel,grp_l1_root_channel_false_8_true_s_fu_3066/add_18s_18s_18_2_0_U1785,18,19,0,"",""
l1_root_channel,grp_l1_root_channel_false_8_true_s_fu_3066/add_18s_18s_18_2_0_U1786,18,19,0,"",""
l1_root_channel,grp_l1_root_channel_false_8_true_s_fu_3066/add_18s_18s_18_2_0_U1787,18,19,0,"",""
l1_root_channel,grp_l1_root_channel_false_8_true_s_fu_3066/ama_addmuladd_8s_8s_7s_14s_15_4_0_U1788,13,0,9,"",""
l1_root_channel,grp_l1_root_channel_false_8_true_s_fu_3066/ama_addmuladd_8s_8s_7s_14s_15_4_0_U1789,13,0,9,"",""
l1_root_channel,grp_l1_root_channel_false_8_true_s_fu_3066/ama_addmuladd_8s_8s_7s_14s_15_4_0_U1790,13,0,9,"",""
l1_root_channel,grp_l1_root_channel_false_8_true_s_fu_3066/ama_addmuladd_8s_8s_7s_14s_15_4_0_U1791,13,0,9,"",""
l1_root_channel,grp_l1_root_channel_false_8_true_s_fu_3066/ama_addmuladd_8s_8s_7s_14s_15_4_0_U1792,13,0,9,"",""
l1_root_channel,grp_l1_root_channel_false_8_true_s_fu_3066/ama_addmuladd_8s_8s_7s_14s_15_4_0_U1793,13,0,9,"",""
l1_root_channel,grp_l1_root_channel_false_8_true_s_fu_3066/ama_addmuladd_8s_8s_7s_14s_15_4_0_U1794,13,0,9,"",""
l1_root_channel,grp_l1_root_channel_false_8_true_s_fu_3066/ama_addmuladd_8s_8s_7s_14s_15_4_0_U1795,13,0,9,"",""
l1_root_channel,grp_l1_root_channel_false_8_true_s_fu_3066/mul_8s_5ns_13_4_0_U1681,43,33,0,"",""
l1_root_channel,grp_l1_root_channel_false_8_true_s_fu_3066/mul_8s_5ns_13_4_0_U1684,90,34,0,"",""
l1_root_channel,grp_l1_root_channel_false_8_true_s_fu_3066/mul_8s_5ns_13_4_0_U1694,43,33,0,"",""
l1_root_channel,grp_l1_root_channel_false_8_true_s_fu_3066/mul_8s_5ns_13_4_0_U1697,90,34,0,"",""
l1_root_channel,grp_l1_root_channel_false_8_true_s_fu_3066/mul_8s_5ns_13_4_0_U1707,43,33,0,"",""
l1_root_channel,grp_l1_root_channel_false_8_true_s_fu_3066/mul_8s_5ns_13_4_0_U1710,76,34,0,"",""
l1_root_channel,grp_l1_root_channel_false_8_true_s_fu_3066/mul_8s_5ns_13_4_0_U1720,43,33,0,"",""
l1_root_channel,grp_l1_root_channel_false_8_true_s_fu_3066/mul_8s_5ns_13_4_0_U1723,76,34,0,"",""
l1_root_channel,grp_l1_root_channel_false_8_true_s_fu_3066/mul_8s_5ns_13_4_0_U1733,43,33,0,"",""
l1_root_channel,grp_l1_root_channel_false_8_true_s_fu_3066/mul_8s_5ns_13_4_0_U1736,76,34,0,"",""
l1_root_channel,grp_l1_root_channel_false_8_true_s_fu_3066/mul_8s_5ns_13_4_0_U1746,43,33,0,"",""
l1_root_channel,grp_l1_root_channel_false_8_true_s_fu_3066/mul_8s_5ns_13_4_0_U1749,76,34,0,"",""
l1_root_channel,grp_l1_root_channel_false_8_true_s_fu_3066/mul_8s_5ns_13_4_0_U1759,43,33,0,"",""
l1_root_channel,grp_l1_root_channel_false_8_true_s_fu_3066/mul_8s_5ns_13_4_0_U1762,76,34,0,"",""
l1_root_channel,grp_l1_root_channel_false_8_true_s_fu_3066/mul_8s_5ns_13_4_0_U1772,43,33,0,"",""
l1_root_channel,grp_l1_root_channel_false_8_true_s_fu_3066/mul_8s_5ns_13_4_0_U1775,76,34,0,"",""
l1_root_channel,grp_l1_root_channel_false_8_true_s_fu_3066/mul_8s_6ns_14_4_0_U1679,69,32,0,"",""
l1_root_channel,grp_l1_root_channel_false_8_true_s_fu_3066/mul_8s_6ns_14_4_0_U1683,172,34,0,"",""
l1_root_channel,grp_l1_root_channel_false_8_true_s_fu_3066/mul_8s_6ns_14_4_0_U1692,69,32,0,"",""
l1_root_channel,grp_l1_root_channel_false_8_true_s_fu_3066/mul_8s_6ns_14_4_0_U1696,174,34,0,"",""
l1_root_channel,grp_l1_root_channel_false_8_true_s_fu_3066/mul_8s_6ns_14_4_0_U1705,51,32,0,"",""
l1_root_channel,grp_l1_root_channel_false_8_true_s_fu_3066/mul_8s_6ns_14_4_0_U1709,152,38,0,"",""
l1_root_channel,grp_l1_root_channel_false_8_true_s_fu_3066/mul_8s_6ns_14_4_0_U1718,51,32,0,"",""
l1_root_channel,grp_l1_root_channel_false_8_true_s_fu_3066/mul_8s_6ns_14_4_0_U1722,152,34,0,"",""
l1_root_channel,grp_l1_root_channel_false_8_true_s_fu_3066/mul_8s_6ns_14_4_0_U1731,51,32,0,"",""
l1_root_channel,grp_l1_root_channel_false_8_true_s_fu_3066/mul_8s_6ns_14_4_0_U1735,152,34,0,"",""
l1_root_channel,grp_l1_root_channel_false_8_true_s_fu_3066/mul_8s_6ns_14_4_0_U1744,51,32,0,"",""
l1_root_channel,grp_l1_root_channel_false_8_true_s_fu_3066/mul_8s_6ns_14_4_0_U1748,152,36,0,"",""
l1_root_channel,grp_l1_root_channel_false_8_true_s_fu_3066/mul_8s_6ns_14_4_0_U1757,51,32,0,"",""
l1_root_channel,grp_l1_root_channel_false_8_true_s_fu_3066/mul_8s_6ns_14_4_0_U1761,153,34,0,"",""
l1_root_channel,grp_l1_root_channel_false_8_true_s_fu_3066/mul_8s_6ns_14_4_0_U1770,51,32,0,"",""
l1_root_channel,grp_l1_root_channel_false_8_true_s_fu_3066/mul_8s_6ns_14_4_0_U1774,153,34,0,"",""
l1_root_channel,grp_l1_root_channel_false_8_true_s_fu_3066/mul_8s_7ns_15_4_0_U1685,58,32,0,"",""
l1_root_channel,grp_l1_root_channel_false_8_true_s_fu_3066/mul_8s_7ns_15_4_0_U1687,57,38,0,"",""
l1_root_channel,grp_l1_root_channel_false_8_true_s_fu_3066/mul_8s_7ns_15_4_0_U1698,58,32,0,"",""
l1_root_channel,grp_l1_root_channel_false_8_true_s_fu_3066/mul_8s_7ns_15_4_0_U1700,57,38,0,"",""
l1_root_channel,grp_l1_root_channel_false_8_true_s_fu_3066/mul_8s_7ns_15_4_0_U1711,58,32,0,"",""
l1_root_channel,grp_l1_root_channel_false_8_true_s_fu_3066/mul_8s_7ns_15_4_0_U1713,54,38,0,"",""
l1_root_channel,grp_l1_root_channel_false_8_true_s_fu_3066/mul_8s_7ns_15_4_0_U1724,58,32,0,"",""
l1_root_channel,grp_l1_root_channel_false_8_true_s_fu_3066/mul_8s_7ns_15_4_0_U1726,54,38,0,"",""
l1_root_channel,grp_l1_root_channel_false_8_true_s_fu_3066/mul_8s_7ns_15_4_0_U1737,58,32,0,"",""
l1_root_channel,grp_l1_root_channel_false_8_true_s_fu_3066/mul_8s_7ns_15_4_0_U1739,54,38,0,"",""
l1_root_channel,grp_l1_root_channel_false_8_true_s_fu_3066/mul_8s_7ns_15_4_0_U1750,58,35,0,"",""
l1_root_channel,grp_l1_root_channel_false_8_true_s_fu_3066/mul_8s_7ns_15_4_0_U1752,54,39,0,"",""
l1_root_channel,grp_l1_root_channel_false_8_true_s_fu_3066/mul_8s_7ns_15_4_0_U1763,58,32,0,"",""
l1_root_channel,grp_l1_root_channel_false_8_true_s_fu_3066/mul_8s_7ns_15_4_0_U1765,57,38,0,"",""
l1_root_channel,grp_l1_root_channel_false_8_true_s_fu_3066/mul_8s_7ns_15_4_0_U1776,58,32,0,"",""
l1_root_channel,grp_l1_root_channel_false_8_true_s_fu_3066/mul_8s_7ns_15_4_0_U1778,54,38,0,"",""
l1_root_channel,grp_l1_root_channel_false_8_true_s_fu_3066/mul_8s_7s_15_4_0_U1676,75,37,0,"",""
l1_root_channel,grp_l1_root_channel_false_8_true_s_fu_3066/mul_8s_7s_15_4_0_U1682,329,36,0,"",""
l1_root_channel,grp_l1_root_channel_false_8_true_s_fu_3066/mul_8s_7s_15_4_0_U1686,56,34,0,"",""
l1_root_channel,grp_l1_root_channel_false_8_true_s_fu_3066/mul_8s_7s_15_4_0_U1689,75,37,0,"",""
l1_root_channel,grp_l1_root_channel_false_8_true_s_fu_3066/mul_8s_7s_15_4_0_U1695,327,36,0,"",""
l1_root_channel,grp_l1_root_channel_false_8_true_s_fu_3066/mul_8s_7s_15_4_0_U1699,56,34,0,"",""
l1_root_channel,grp_l1_root_channel_false_8_true_s_fu_3066/mul_8s_7s_15_4_0_U1702,75,37,0,"",""
l1_root_channel,grp_l1_root_channel_false_8_true_s_fu_3066/mul_8s_7s_15_4_0_U1708,321,36,0,"",""
l1_root_channel,grp_l1_root_channel_false_8_true_s_fu_3066/mul_8s_7s_15_4_0_U1712,55,34,0,"",""
l1_root_channel,grp_l1_root_channel_false_8_true_s_fu_3066/mul_8s_7s_15_4_0_U1715,75,37,0,"",""
l1_root_channel,grp_l1_root_channel_false_8_true_s_fu_3066/mul_8s_7s_15_4_0_U1721,321,36,0,"",""
l1_root_channel,grp_l1_root_channel_false_8_true_s_fu_3066/mul_8s_7s_15_4_0_U1725,55,34,0,"",""
l1_root_channel,grp_l1_root_channel_false_8_true_s_fu_3066/mul_8s_7s_15_4_0_U1728,75,37,0,"",""
l1_root_channel,grp_l1_root_channel_false_8_true_s_fu_3066/mul_8s_7s_15_4_0_U1734,322,36,0,"",""
l1_root_channel,grp_l1_root_channel_false_8_true_s_fu_3066/mul_8s_7s_15_4_0_U1738,55,34,0,"",""
l1_root_channel,grp_l1_root_channel_false_8_true_s_fu_3066/mul_8s_7s_15_4_0_U1741,75,37,0,"",""
l1_root_channel,grp_l1_root_channel_false_8_true_s_fu_3066/mul_8s_7s_15_4_0_U1747,319,36,0,"",""
l1_root_channel,grp_l1_root_channel_false_8_true_s_fu_3066/mul_8s_7s_15_4_0_U1751,55,34,0,"",""
l1_root_channel,grp_l1_root_channel_false_8_true_s_fu_3066/mul_8s_7s_15_4_0_U1754,75,37,0,"",""
l1_root_channel,grp_l1_root_channel_false_8_true_s_fu_3066/mul_8s_7s_15_4_0_U1760,318,36,0,"",""
l1_root_channel,grp_l1_root_channel_false_8_true_s_fu_3066/mul_8s_7s_15_4_0_U1764,56,34,0,"",""
l1_root_channel,grp_l1_root_channel_false_8_true_s_fu_3066/mul_8s_7s_15_4_0_U1767,75,37,0,"",""
l1_root_channel,grp_l1_root_channel_false_8_true_s_fu_3066/mul_8s_7s_15_4_0_U1773,317,36,0,"",""
l1_root_channel,grp_l1_root_channel_false_8_true_s_fu_3066/mul_8s_7s_15_4_0_U1777,56,34,0,"",""
l1_root_channel,grp_l1_root_channel_false_8_true_s_fu_3066/mul_8s_8ns_16_4_0_U1680,200,32,0,"",""
l1_root_channel,grp_l1_root_channel_false_8_true_s_fu_3066/mul_8s_8ns_16_4_0_U1688,68,36,0,"",""
l1_root_channel,grp_l1_root_channel_false_8_true_s_fu_3066/mul_8s_8ns_16_4_0_U1693,212,32,0,"",""
l1_root_channel,grp_l1_root_channel_false_8_true_s_fu_3066/mul_8s_8ns_16_4_0_U1701,68,36,0,"",""
l1_root_channel,grp_l1_root_channel_false_8_true_s_fu_3066/mul_8s_8ns_16_4_0_U1706,199,32,0,"",""
l1_root_channel,grp_l1_root_channel_false_8_true_s_fu_3066/mul_8s_8ns_16_4_0_U1714,61,36,0,"",""
l1_root_channel,grp_l1_root_channel_false_8_true_s_fu_3066/mul_8s_8ns_16_4_0_U1719,199,32,0,"",""
l1_root_channel,grp_l1_root_channel_false_8_true_s_fu_3066/mul_8s_8ns_16_4_0_U1727,61,36,0,"",""
l1_root_channel,grp_l1_root_channel_false_8_true_s_fu_3066/mul_8s_8ns_16_4_0_U1732,202,32,0,"",""
l1_root_channel,grp_l1_root_channel_false_8_true_s_fu_3066/mul_8s_8ns_16_4_0_U1740,61,36,0,"",""
l1_root_channel,grp_l1_root_channel_false_8_true_s_fu_3066/mul_8s_8ns_16_4_0_U1745,199,32,0,"",""
l1_root_channel,grp_l1_root_channel_false_8_true_s_fu_3066/mul_8s_8ns_16_4_0_U1753,61,36,0,"",""
l1_root_channel,grp_l1_root_channel_false_8_true_s_fu_3066/mul_8s_8ns_16_4_0_U1758,200,32,0,"",""
l1_root_channel,grp_l1_root_channel_false_8_true_s_fu_3066/mul_8s_8ns_16_4_0_U1766,68,36,0,"",""
l1_root_channel,grp_l1_root_channel_false_8_true_s_fu_3066/mul_8s_8ns_16_4_0_U1771,197,32,0,"",""
l1_root_channel,grp_l1_root_channel_false_8_true_s_fu_3066/mul_8s_8ns_16_4_0_U1779,61,36,0,"",""
l1_root_channel,grp_l1_root_channel_false_8_true_s_fu_3066/mul_8s_8s_16_4_0_U1677,178,34,0,"",""
l1_root_channel,grp_l1_root_channel_false_8_true_s_fu_3066/mul_8s_8s_16_4_0_U1678,89,35,0,"",""
l1_root_channel,grp_l1_root_channel_false_8_true_s_fu_3066/mul_8s_8s_16_4_0_U1690,178,34,0,"",""
l1_root_channel,grp_l1_root_channel_false_8_true_s_fu_3066/mul_8s_8s_16_4_0_U1691,89,36,0,"",""
l1_root_channel,grp_l1_root_channel_false_8_true_s_fu_3066/mul_8s_8s_16_4_0_U1703,174,34,0,"",""
l1_root_channel,grp_l1_root_channel_false_8_true_s_fu_3066/mul_8s_8s_16_4_0_U1704,89,35,0,"",""
l1_root_channel,grp_l1_root_channel_false_8_true_s_fu_3066/mul_8s_8s_16_4_0_U1716,174,34,0,"",""
l1_root_channel,grp_l1_root_channel_false_8_true_s_fu_3066/mul_8s_8s_16_4_0_U1717,89,35,0,"",""
l1_root_channel,grp_l1_root_channel_false_8_true_s_fu_3066/mul_8s_8s_16_4_0_U1729,174,34,0,"",""
l1_root_channel,grp_l1_root_channel_false_8_true_s_fu_3066/mul_8s_8s_16_4_0_U1730,89,35,0,"",""
l1_root_channel,grp_l1_root_channel_false_8_true_s_fu_3066/mul_8s_8s_16_4_0_U1742,176,34,0,"",""
l1_root_channel,grp_l1_root_channel_false_8_true_s_fu_3066/mul_8s_8s_16_4_0_U1743,89,35,0,"",""
l1_root_channel,grp_l1_root_channel_false_8_true_s_fu_3066/mul_8s_8s_16_4_0_U1755,176,34,0,"",""
l1_root_channel,grp_l1_root_channel_false_8_true_s_fu_3066/mul_8s_8s_16_4_0_U1756,89,35,0,"",""
l1_root_channel,grp_l1_root_channel_false_8_true_s_fu_3066/mul_8s_8s_16_4_0_U1768,176,34,0,"",""
l1_root_channel,grp_l1_root_channel_false_8_true_s_fu_3066/mul_8s_8s_16_4_0_U1769,89,35,0,"",""
l1_root_channel,grp_l1_root_channel_false_8_true_s_fu_3066/add_18s_18s_18_2_0_U1780/u1,9,0,0,"",""
l1_root_channel,grp_l1_root_channel_false_8_true_s_fu_3066/add_18s_18s_18_2_0_U1780/u2,9,0,0,"",""
l1_root_channel,grp_l1_root_channel_false_8_true_s_fu_3066/add_18s_18s_18_2_0_U1781/u1,9,0,0,"",""
l1_root_channel,grp_l1_root_channel_false_8_true_s_fu_3066/add_18s_18s_18_2_0_U1781/u2,9,0,0,"",""
l1_root_channel,grp_l1_root_channel_false_8_true_s_fu_3066/add_18s_18s_18_2_0_U1782/u1,9,0,0,"",""
l1_root_channel,grp_l1_root_channel_false_8_true_s_fu_3066/add_18s_18s_18_2_0_U1782/u2,9,0,0,"",""
l1_root_channel,grp_l1_root_channel_false_8_true_s_fu_3066/add_18s_18s_18_2_0_U1783/u1,9,0,0,"",""
l1_root_channel,grp_l1_root_channel_false_8_true_s_fu_3066/add_18s_18s_18_2_0_U1783/u2,9,0,0,"",""
l1_root_channel,grp_l1_root_channel_false_8_true_s_fu_3066/add_18s_18s_18_2_0_U1784/u1,9,0,0,"",""
l1_root_channel,grp_l1_root_channel_false_8_true_s_fu_3066/add_18s_18s_18_2_0_U1784/u2,9,0,0,"",""
l1_root_channel,grp_l1_root_channel_false_8_true_s_fu_3066/add_18s_18s_18_2_0_U1785/u1,9,0,0,"",""
l1_root_channel,grp_l1_root_channel_false_8_true_s_fu_3066/add_18s_18s_18_2_0_U1785/u2,9,0,0,"",""
l1_root_channel,grp_l1_root_channel_false_8_true_s_fu_3066/add_18s_18s_18_2_0_U1786/u1,9,0,0,"",""
l1_root_channel,grp_l1_root_channel_false_8_true_s_fu_3066/add_18s_18s_18_2_0_U1786/u2,9,0,0,"",""
l1_root_channel,grp_l1_root_channel_false_8_true_s_fu_3066/add_18s_18s_18_2_0_U1787/u1,9,0,0,"",""
l1_root_channel,grp_l1_root_channel_false_8_true_s_fu_3066/add_18s_18s_18_2_0_U1787/u2,9,0,0,"",""
l1_root_channel,grp_l1_root_channel_false_8_true_s_fu_3066/ama_addmuladd_8s_8s_7s_14s_15_4_0_U1788/graphsage_po2_qat_partitioned_ama_addmuladd_8s_8s_7s_14s_15_4_0_DSP48_0_U,13,0,9,"",""
l1_root_channel,grp_l1_root_channel_false_8_true_s_fu_3066/ama_addmuladd_8s_8s_7s_14s_15_4_0_U1789/graphsage_po2_qat_partitioned_ama_addmuladd_8s_8s_7s_14s_15_4_0_DSP48_0_U,13,0,9,"",""
l1_root_channel,grp_l1_root_channel_false_8_true_s_fu_3066/ama_addmuladd_8s_8s_7s_14s_15_4_0_U1790/graphsage_po2_qat_partitioned_ama_addmuladd_8s_8s_7s_14s_15_4_0_DSP48_0_U,13,0,9,"",""
l1_root_channel,grp_l1_root_channel_false_8_true_s_fu_3066/ama_addmuladd_8s_8s_7s_14s_15_4_0_U1791/graphsage_po2_qat_partitioned_ama_addmuladd_8s_8s_7s_14s_15_4_0_DSP48_0_U,13,0,9,"",""
l1_root_channel,grp_l1_root_channel_false_8_true_s_fu_3066/ama_addmuladd_8s_8s_7s_14s_15_4_0_U1792/graphsage_po2_qat_partitioned_ama_addmuladd_8s_8s_7s_14s_15_4_0_DSP48_0_U,13,0,9,"",""
l1_root_channel,grp_l1_root_channel_false_8_true_s_fu_3066/ama_addmuladd_8s_8s_7s_14s_15_4_0_U1793/graphsage_po2_qat_partitioned_ama_addmuladd_8s_8s_7s_14s_15_4_0_DSP48_0_U,13,0,9,"",""
l1_root_channel,grp_l1_root_channel_false_8_true_s_fu_3066/ama_addmuladd_8s_8s_7s_14s_15_4_0_U1794/graphsage_po2_qat_partitioned_ama_addmuladd_8s_8s_7s_14s_15_4_0_DSP48_0_U,13,0,9,"",""
l1_root_channel,grp_l1_root_channel_false_8_true_s_fu_3066/ama_addmuladd_8s_8s_7s_14s_15_4_0_U1795/graphsage_po2_qat_partitioned_ama_addmuladd_8s_8s_7s_14s_15_4_0_DSP48_0_U,13,0,9,"",""
l1_neighbor_channel,grp_l1_neighbor_channel_false_0_true_s_fu_5694,2689,6647,0,"",""
l1_neighbor_channel,grp_l1_neighbor_channel_false_10_true_s_fu_6686,3487,5710,0,"",""
l1_neighbor_channel,grp_l1_neighbor_channel_false_11_true_s_fu_6818,2469,6676,0,"",""
l1_neighbor_channel,grp_l1_neighbor_channel_false_13_true_s_fu_7074,2068,6285,0,"",""
l1_neighbor_channel,grp_l1_neighbor_channel_false_14_true_s_fu_7206,1848,5967,0,"",""
l1_neighbor_channel,grp_l1_neighbor_channel_false_15_true_s_fu_7330,2867,5850,72,"",""
l1_neighbor_channel,grp_l1_neighbor_channel_false_16_true_s_fu_7462,27576,5180,0,"",""
l1_neighbor_channel,grp_l1_neighbor_channel_false_17_true_s_fu_7578,2064,6561,0,"",""
l1_neighbor_channel,grp_l1_neighbor_channel_false_18_true_s_fu_7710,3762,5956,0,"",""
l1_neighbor_channel,grp_l1_neighbor_channel_false_19_true_s_fu_7834,1859,6003,0,"",""
l1_neighbor_channel,grp_l1_neighbor_channel_false_20_true_s_fu_7958,3606,6512,0,"",""
l1_neighbor_channel,grp_l1_neighbor_channel_false_22_true_s_fu_8090,11601,6575,0,"",""
l1_neighbor_channel,grp_l1_neighbor_channel_false_23_true_s_fu_8214,19611,6985,0,"",""
l1_neighbor_channel,grp_l1_neighbor_channel_false_3_true_s_fu_5942,1888,5649,0,"",""
l1_neighbor_channel,grp_l1_neighbor_channel_false_4_true_s_fu_6058,1752,5880,0,"",""
l1_neighbor_channel,grp_l1_neighbor_channel_false_5_true_s_fu_6182,1828,6311,0,"",""
l1_neighbor_channel,grp_l1_neighbor_channel_false_6_true_s_fu_6306,1784,5977,0,"",""
l1_neighbor_channel,grp_l1_neighbor_channel_false_7_true_s_fu_6430,1886,6129,0,"",""
l1_neighbor_channel,grp_l1_neighbor_channel_false_8_true_s_fu_6554,1880,5880,72,"",""
l1_neighbor_channel,grp_l1_neighbor_channel_true_12_true_s_fu_6950,1280,3463,576,"",""
l1_neighbor_channel,grp_l1_neighbor_channel_true_2_true_s_fu_5818,2251,3888,432,"",""
l1_neighbor_channel,grp_l1_neighbor_channel_false_0_true_s_fu_5694/add_18s_18s_18_2_0_U5201,18,18,0,"",""
l1_neighbor_channel,grp_l1_neighbor_channel_false_0_true_s_fu_5694/add_18s_18s_18_2_0_U5202,18,18,0,"",""
l1_neighbor_channel,grp_l1_neighbor_channel_false_0_true_s_fu_5694/add_18s_18s_18_2_0_U5203,18,18,0,"",""
l1_neighbor_channel,grp_l1_neighbor_channel_false_0_true_s_fu_5694/add_18s_18s_18_2_0_U5204,18,18,0,"",""
l1_neighbor_channel,grp_l1_neighbor_channel_false_0_true_s_fu_5694/add_18s_18s_18_2_0_U5205,18,18,0,"",""
l1_neighbor_channel,grp_l1_neighbor_channel_false_0_true_s_fu_5694/add_18s_18s_18_2_0_U5206,18,18,0,"",""
l1_neighbor_channel,grp_l1_neighbor_channel_false_0_true_s_fu_5694/add_18s_18s_18_2_0_U5207,18,18,0,"",""
l1_neighbor_channel,grp_l1_neighbor_channel_false_0_true_s_fu_5694/add_18s_18s_18_2_0_U5208,18,18,0,"",""
l1_neighbor_channel,grp_l1_neighbor_channel_false_0_true_s_fu_5694/mul_8s_6ns_14_4_0_U5083,0,26,0,"",""
l1_neighbor_channel,grp_l1_neighbor_channel_false_0_true_s_fu_5694/mul_8s_6ns_14_4_0_U5092,0,26,0,"",""
l1_neighbor_channel,grp_l1_neighbor_channel_false_0_true_s_fu_5694/mul_8s_6ns_14_4_0_U5101,0,26,0,"",""
l1_neighbor_channel,grp_l1_neighbor_channel_false_0_true_s_fu_5694/mul_8s_6ns_14_4_0_U5110,0,26,0,"",""
l1_neighbor_channel,grp_l1_neighbor_channel_false_0_true_s_fu_5694/mul_8s_6ns_14_4_0_U5119,0,26,0,"",""
l1_neighbor_channel,grp_l1_neighbor_channel_false_0_true_s_fu_5694/mul_8s_6ns_14_4_0_U5128,0,26,0,"",""
l1_neighbor_channel,grp_l1_neighbor_channel_false_0_true_s_fu_5694/mul_8s_6ns_14_4_0_U5137,0,26,0,"",""
l1_neighbor_channel,grp_l1_neighbor_channel_false_0_true_s_fu_5694/mul_8s_6ns_14_4_0_U5146,0,26,0,"",""
l1_neighbor_channel,grp_l1_neighbor_channel_false_0_true_s_fu_5694/mul_8s_6s_14_4_0_U5081,0,28,0,"",""
l1_neighbor_channel,grp_l1_neighbor_channel_false_0_true_s_fu_5694/mul_8s_6s_14_4_0_U5085,0,28,0,"",""
l1_neighbor_channel,grp_l1_neighbor_channel_false_0_true_s_fu_5694/mul_8s_6s_14_4_0_U5090,0,28,0,"",""
l1_neighbor_channel,grp_l1_neighbor_channel_false_0_true_s_fu_5694/mul_8s_6s_14_4_0_U5094,0,28,0,"",""
l1_neighbor_channel,grp_l1_neighbor_channel_false_0_true_s_fu_5694/mul_8s_6s_14_4_0_U5099,0,28,0,"",""
l1_neighbor_channel,grp_l1_neighbor_channel_false_0_true_s_fu_5694/mul_8s_6s_14_4_0_U5103,0,28,0,"",""
l1_neighbor_channel,grp_l1_neighbor_channel_false_0_true_s_fu_5694/mul_8s_6s_14_4_0_U5108,0,28,0,"",""
l1_neighbor_channel,grp_l1_neighbor_channel_false_0_true_s_fu_5694/mul_8s_6s_14_4_0_U5112,0,28,0,"",""
l1_neighbor_channel,grp_l1_neighbor_channel_false_0_true_s_fu_5694/mul_8s_6s_14_4_0_U5117,0,28,0,"",""
l1_neighbor_channel,grp_l1_neighbor_channel_false_0_true_s_fu_5694/mul_8s_6s_14_4_0_U5121,0,28,0,"",""
l1_neighbor_channel,grp_l1_neighbor_channel_false_0_true_s_fu_5694/mul_8s_6s_14_4_0_U5126,0,28,0,"",""
l1_neighbor_channel,grp_l1_neighbor_channel_false_0_true_s_fu_5694/mul_8s_6s_14_4_0_U5130,0,28,0,"",""
l1_neighbor_channel,grp_l1_neighbor_channel_false_0_true_s_fu_5694/mul_8s_6s_14_4_0_U5135,0,28,0,"",""
l1_neighbor_channel,grp_l1_neighbor_channel_false_0_true_s_fu_5694/mul_8s_6s_14_4_0_U5139,0,28,0,"",""
l1_neighbor_channel,grp_l1_neighbor_channel_false_0_true_s_fu_5694/mul_8s_6s_14_4_0_U5144,0,28,0,"",""
l1_neighbor_channel,grp_l1_neighbor_channel_false_0_true_s_fu_5694/mul_8s_6s_14_4_0_U5148,0,28,0,"",""
l1_neighbor_channel,grp_l1_neighbor_channel_false_0_true_s_fu_5694/mul_8s_7ns_15_4_0_U5086,0,28,0,"",""
l1_neighbor_channel,grp_l1_neighbor_channel_false_0_true_s_fu_5694/mul_8s_7ns_15_4_0_U5087,0,20,0,"",""
l1_neighbor_channel,grp_l1_neighbor_channel_false_0_true_s_fu_5694/mul_8s_7ns_15_4_0_U5095,0,28,0,"",""
l1_neighbor_channel,grp_l1_neighbor_channel_false_0_true_s_fu_5694/mul_8s_7ns_15_4_0_U5096,0,20,0,"",""
l1_neighbor_channel,grp_l1_neighbor_channel_false_0_true_s_fu_5694/mul_8s_7ns_15_4_0_U5104,0,28,0,"",""
l1_neighbor_channel,grp_l1_neighbor_channel_false_0_true_s_fu_5694/mul_8s_7ns_15_4_0_U5105,0,20,0,"",""
l1_neighbor_channel,grp_l1_neighbor_channel_false_0_true_s_fu_5694/mul_8s_7ns_15_4_0_U5113,0,28,0,"",""
l1_neighbor_channel,grp_l1_neighbor_channel_false_0_true_s_fu_5694/mul_8s_7ns_15_4_0_U5114,0,20,0,"",""
l1_neighbor_channel,grp_l1_neighbor_channel_false_0_true_s_fu_5694/mul_8s_7ns_15_4_0_U5122,0,28,0,"",""
l1_neighbor_channel,grp_l1_neighbor_channel_false_0_true_s_fu_5694/mul_8s_7ns_15_4_0_U5123,0,20,0,"",""
l1_neighbor_channel,grp_l1_neighbor_channel_false_0_true_s_fu_5694/mul_8s_7ns_15_4_0_U5131,0,28,0,"",""
l1_neighbor_channel,grp_l1_neighbor_channel_false_0_true_s_fu_5694/mul_8s_7ns_15_4_0_U5132,0,20,0,"",""
l1_neighbor_channel,grp_l1_neighbor_channel_false_0_true_s_fu_5694/mul_8s_7ns_15_4_0_U5140,0,28,0,"",""
l1_neighbor_channel,grp_l1_neighbor_channel_false_0_true_s_fu_5694/mul_8s_7ns_15_4_0_U5141,0,20,0,"",""
l1_neighbor_channel,grp_l1_neighbor_channel_false_0_true_s_fu_5694/mul_8s_7ns_15_4_0_U5149,0,28,0,"",""
l1_neighbor_channel,grp_l1_neighbor_channel_false_0_true_s_fu_5694/mul_8s_7ns_15_4_0_U5150,0,20,0,"",""
l1_neighbor_channel,grp_l1_neighbor_channel_false_0_true_s_fu_5694/mul_8s_7ns_15_4_0_U5155,0,28,0,"",""
l1_neighbor_channel,grp_l1_neighbor_channel_false_0_true_s_fu_5694/mul_8s_7ns_15_4_0_U5161,0,28,0,"",""
l1_neighbor_channel,grp_l1_neighbor_channel_false_0_true_s_fu_5694/mul_8s_7ns_15_4_0_U5167,0,28,0,"",""
l1_neighbor_channel,grp_l1_neighbor_channel_false_0_true_s_fu_5694/mul_8s_7ns_15_4_0_U5173,0,28,0,"",""
l1_neighbor_channel,grp_l1_neighbor_channel_false_0_true_s_fu_5694/mul_8s_7ns_15_4_0_U5179,0,28,0,"",""
l1_neighbor_channel,grp_l1_neighbor_channel_false_0_true_s_fu_5694/mul_8s_7ns_15_4_0_U5185,0,28,0,"",""
l1_neighbor_channel,grp_l1_neighbor_channel_false_0_true_s_fu_5694/mul_8s_7ns_15_4_0_U5191,0,28,0,"",""
l1_neighbor_channel,grp_l1_neighbor_channel_false_0_true_s_fu_5694/mul_8s_7ns_15_4_0_U5197,0,28,0,"",""
l1_neighbor_channel,grp_l1_neighbor_channel_false_0_true_s_fu_5694/mul_8s_7s_15_4_0_U5082,0,28,0,"",""
l1_neighbor_channel,grp_l1_neighbor_channel_false_0_true_s_fu_5694/mul_8s_7s_15_4_0_U5088,0,26,0,"",""
l1_neighbor_channel,grp_l1_neighbor_channel_false_0_true_s_fu_5694/mul_8s_7s_15_4_0_U5089,0,24,0,"",""
l1_neighbor_channel,grp_l1_neighbor_channel_false_0_true_s_fu_5694/mul_8s_7s_15_4_0_U5091,0,28,0,"",""
l1_neighbor_channel,grp_l1_neighbor_channel_false_0_true_s_fu_5694/mul_8s_7s_15_4_0_U5097,0,26,0,"",""
l1_neighbor_channel,grp_l1_neighbor_channel_false_0_true_s_fu_5694/mul_8s_7s_15_4_0_U5098,0,24,0,"",""
l1_neighbor_channel,grp_l1_neighbor_channel_false_0_true_s_fu_5694/mul_8s_7s_15_4_0_U5100,0,28,0,"",""
l1_neighbor_channel,grp_l1_neighbor_channel_false_0_true_s_fu_5694/mul_8s_7s_15_4_0_U5106,0,26,0,"",""
l1_neighbor_channel,grp_l1_neighbor_channel_false_0_true_s_fu_5694/mul_8s_7s_15_4_0_U5107,0,24,0,"",""
l1_neighbor_channel,grp_l1_neighbor_channel_false_0_true_s_fu_5694/mul_8s_7s_15_4_0_U5109,0,28,0,"",""
l1_neighbor_channel,grp_l1_neighbor_channel_false_0_true_s_fu_5694/mul_8s_7s_15_4_0_U5115,0,26,0,"",""
l1_neighbor_channel,grp_l1_neighbor_channel_false_0_true_s_fu_5694/mul_8s_7s_15_4_0_U5116,0,24,0,"",""
l1_neighbor_channel,grp_l1_neighbor_channel_false_0_true_s_fu_5694/mul_8s_7s_15_4_0_U5118,0,28,0,"",""
l1_neighbor_channel,grp_l1_neighbor_channel_false_0_true_s_fu_5694/mul_8s_7s_15_4_0_U5124,0,26,0,"",""
l1_neighbor_channel,grp_l1_neighbor_channel_false_0_true_s_fu_5694/mul_8s_7s_15_4_0_U5125,0,24,0,"",""
l1_neighbor_channel,grp_l1_neighbor_channel_false_0_true_s_fu_5694/mul_8s_7s_15_4_0_U5127,0,28,0,"",""
l1_neighbor_channel,grp_l1_neighbor_channel_false_0_true_s_fu_5694/mul_8s_7s_15_4_0_U5133,0,26,0,"",""
l1_neighbor_channel,grp_l1_neighbor_channel_false_0_true_s_fu_5694/mul_8s_7s_15_4_0_U5134,0,24,0,"",""
l1_neighbor_channel,grp_l1_neighbor_channel_false_0_true_s_fu_5694/mul_8s_7s_15_4_0_U5136,0,28,0,"",""
l1_neighbor_channel,grp_l1_neighbor_channel_false_0_true_s_fu_5694/mul_8s_7s_15_4_0_U5142,0,26,0,"",""
l1_neighbor_channel,grp_l1_neighbor_channel_false_0_true_s_fu_5694/mul_8s_7s_15_4_0_U5143,0,24,0,"",""
l1_neighbor_channel,grp_l1_neighbor_channel_false_0_true_s_fu_5694/mul_8s_7s_15_4_0_U5145,0,28,0,"",""
l1_neighbor_channel,grp_l1_neighbor_channel_false_0_true_s_fu_5694/mul_8s_7s_15_4_0_U5151,0,26,0,"",""
l1_neighbor_channel,grp_l1_neighbor_channel_false_0_true_s_fu_5694/mul_8s_7s_15_4_0_U5152,0,24,0,"",""
l1_neighbor_channel,grp_l1_neighbor_channel_false_0_true_s_fu_5694/mul_8s_7s_15_4_0_U5153,0,30,0,"",""
l1_neighbor_channel,grp_l1_neighbor_channel_false_0_true_s_fu_5694/mul_8s_7s_15_4_0_U5159,0,30,0,"",""
l1_neighbor_channel,grp_l1_neighbor_channel_false_0_true_s_fu_5694/mul_8s_7s_15_4_0_U5165,0,30,0,"",""
l1_neighbor_channel,grp_l1_neighbor_channel_false_0_true_s_fu_5694/mul_8s_7s_15_4_0_U5171,0,30,0,"",""
l1_neighbor_channel,grp_l1_neighbor_channel_false_0_true_s_fu_5694/mul_8s_7s_15_4_0_U5177,0,30,0,"",""
l1_neighbor_channel,grp_l1_neighbor_channel_false_0_true_s_fu_5694/mul_8s_7s_15_4_0_U5183,0,30,0,"",""
l1_neighbor_channel,grp_l1_neighbor_channel_false_0_true_s_fu_5694/mul_8s_7s_15_4_0_U5189,0,30,0,"",""
l1_neighbor_channel,grp_l1_neighbor_channel_false_0_true_s_fu_5694/mul_8s_7s_15_4_0_U5195,0,30,0,"",""
l1_neighbor_channel,grp_l1_neighbor_channel_false_0_true_s_fu_5694/mul_8s_8ns_16_4_0_U5084,16,28,0,"",""
l1_neighbor_channel,grp_l1_neighbor_channel_false_0_true_s_fu_5694/mul_8s_8ns_16_4_0_U5093,16,28,0,"",""
l1_neighbor_channel,grp_l1_neighbor_channel_false_0_true_s_fu_5694/mul_8s_8ns_16_4_0_U5102,16,28,0,"",""
l1_neighbor_channel,grp_l1_neighbor_channel_false_0_true_s_fu_5694/mul_8s_8ns_16_4_0_U5111,16,29,0,"",""
l1_neighbor_channel,grp_l1_neighbor_channel_false_0_true_s_fu_5694/mul_8s_8ns_16_4_0_U5120,16,28,0,"",""
l1_neighbor_channel,grp_l1_neighbor_channel_false_0_true_s_fu_5694/mul_8s_8ns_16_4_0_U5129,16,28,0,"",""
l1_neighbor_channel,grp_l1_neighbor_channel_false_0_true_s_fu_5694/mul_8s_8ns_16_4_0_U5138,16,28,0,"",""
l1_neighbor_channel,grp_l1_neighbor_channel_false_0_true_s_fu_5694/mul_8s_8ns_16_4_0_U5147,16,28,0,"",""
l1_neighbor_channel,grp_l1_neighbor_channel_false_0_true_s_fu_5694/mul_8s_8ns_16_4_0_U5156,8,26,0,"",""
l1_neighbor_channel,grp_l1_neighbor_channel_false_0_true_s_fu_5694/mul_8s_8ns_16_4_0_U5157,7,30,0,"",""
l1_neighbor_channel,grp_l1_neighbor_channel_false_0_true_s_fu_5694/mul_8s_8ns_16_4_0_U5162,8,26,0,"",""
l1_neighbor_channel,grp_l1_neighbor_channel_false_0_true_s_fu_5694/mul_8s_8ns_16_4_0_U5163,7,30,0,"",""
l1_neighbor_channel,grp_l1_neighbor_channel_false_0_true_s_fu_5694/mul_8s_8ns_16_4_0_U5168,8,26,0,"",""
l1_neighbor_channel,grp_l1_neighbor_channel_false_0_true_s_fu_5694/mul_8s_8ns_16_4_0_U5169,7,30,0,"",""
l1_neighbor_channel,grp_l1_neighbor_channel_false_0_true_s_fu_5694/mul_8s_8ns_16_4_0_U5174,8,26,0,"",""
l1_neighbor_channel,grp_l1_neighbor_channel_false_0_true_s_fu_5694/mul_8s_8ns_16_4_0_U5175,7,30,0,"",""
l1_neighbor_channel,grp_l1_neighbor_channel_false_0_true_s_fu_5694/mul_8s_8ns_16_4_0_U5180,8,26,0,"",""
l1_neighbor_channel,grp_l1_neighbor_channel_false_0_true_s_fu_5694/mul_8s_8ns_16_4_0_U5181,7,30,0,"",""
l1_neighbor_channel,grp_l1_neighbor_channel_false_0_true_s_fu_5694/mul_8s_8ns_16_4_0_U5186,6,24,0,"",""
l1_neighbor_channel,grp_l1_neighbor_channel_false_0_true_s_fu_5694/mul_8s_8ns_16_4_0_U5187,7,30,0,"",""
l1_neighbor_channel,grp_l1_neighbor_channel_false_0_true_s_fu_5694/mul_8s_8ns_16_4_0_U5192,8,26,0,"",""
l1_neighbor_channel,grp_l1_neighbor_channel_false_0_true_s_fu_5694/mul_8s_8ns_16_4_0_U5193,7,30,0,"",""
l1_neighbor_channel,grp_l1_neighbor_channel_false_0_true_s_fu_5694/mul_8s_8ns_16_4_0_U5198,8,26,0,"",""
l1_neighbor_channel,grp_l1_neighbor_channel_false_0_true_s_fu_5694/mul_8s_8ns_16_4_0_U5199,7,30,0,"",""
l1_neighbor_channel,grp_l1_neighbor_channel_false_0_true_s_fu_5694/mul_8s_8s_16_4_0_U5154,86,31,0,"",""
l1_neighbor_channel,grp_l1_neighbor_channel_false_0_true_s_fu_5694/mul_8s_8s_16_4_0_U5158,1,30,0,"",""
l1_neighbor_channel,grp_l1_neighbor_channel_false_0_true_s_fu_5694/mul_8s_8s_16_4_0_U5160,86,31,0,"",""
l1_neighbor_channel,grp_l1_neighbor_channel_false_0_true_s_fu_5694/mul_8s_8s_16_4_0_U5164,1,30,0,"",""
l1_neighbor_channel,grp_l1_neighbor_channel_false_0_true_s_fu_5694/mul_8s_8s_16_4_0_U5166,87,31,0,"",""
l1_neighbor_channel,grp_l1_neighbor_channel_false_0_true_s_fu_5694/mul_8s_8s_16_4_0_U5170,1,30,0,"",""
l1_neighbor_channel,grp_l1_neighbor_channel_false_0_true_s_fu_5694/mul_8s_8s_16_4_0_U5172,87,31,0,"",""
l1_neighbor_channel,grp_l1_neighbor_channel_false_0_true_s_fu_5694/mul_8s_8s_16_4_0_U5176,1,30,0,"",""
l1_neighbor_channel,grp_l1_neighbor_channel_false_0_true_s_fu_5694/mul_8s_8s_16_4_0_U5178,87,31,0,"",""
l1_neighbor_channel,grp_l1_neighbor_channel_false_0_true_s_fu_5694/mul_8s_8s_16_4_0_U5182,1,30,0,"",""
l1_neighbor_channel,grp_l1_neighbor_channel_false_0_true_s_fu_5694/mul_8s_8s_16_4_0_U5184,86,31,0,"",""
l1_neighbor_channel,grp_l1_neighbor_channel_false_0_true_s_fu_5694/mul_8s_8s_16_4_0_U5188,1,30,0,"",""
l1_neighbor_channel,grp_l1_neighbor_channel_false_0_true_s_fu_5694/mul_8s_8s_16_4_0_U5190,86,31,0,"",""
l1_neighbor_channel,grp_l1_neighbor_channel_false_0_true_s_fu_5694/mul_8s_8s_16_4_0_U5194,1,30,0,"",""
l1_neighbor_channel,grp_l1_neighbor_channel_false_0_true_s_fu_5694/mul_8s_8s_16_4_0_U5196,86,31,0,"",""
l1_neighbor_channel,grp_l1_neighbor_channel_false_0_true_s_fu_5694/mul_8s_8s_16_4_0_U5200,1,30,0,"",""
l1_neighbor_channel,grp_l1_neighbor_channel_false_0_true_s_fu_5694/add_18s_18s_18_2_0_U5201/u1,9,0,0,"",""
l1_neighbor_channel,grp_l1_neighbor_channel_false_0_true_s_fu_5694/add_18s_18s_18_2_0_U5201/u2,9,0,0,"",""
l1_neighbor_channel,grp_l1_neighbor_channel_false_0_true_s_fu_5694/add_18s_18s_18_2_0_U5202/u1,9,0,0,"",""
l1_neighbor_channel,grp_l1_neighbor_channel_false_0_true_s_fu_5694/add_18s_18s_18_2_0_U5202/u2,9,0,0,"",""
l1_neighbor_channel,grp_l1_neighbor_channel_false_0_true_s_fu_5694/add_18s_18s_18_2_0_U5203/u1,9,0,0,"",""
l1_neighbor_channel,grp_l1_neighbor_channel_false_0_true_s_fu_5694/add_18s_18s_18_2_0_U5203/u2,9,0,0,"",""
l1_neighbor_channel,grp_l1_neighbor_channel_false_0_true_s_fu_5694/add_18s_18s_18_2_0_U5204/u1,9,0,0,"",""
l1_neighbor_channel,grp_l1_neighbor_channel_false_0_true_s_fu_5694/add_18s_18s_18_2_0_U5204/u2,9,0,0,"",""
l1_neighbor_channel,grp_l1_neighbor_channel_false_0_true_s_fu_5694/add_18s_18s_18_2_0_U5205/u1,9,0,0,"",""
l1_neighbor_channel,grp_l1_neighbor_channel_false_0_true_s_fu_5694/add_18s_18s_18_2_0_U5205/u2,9,0,0,"",""
l1_neighbor_channel,grp_l1_neighbor_channel_false_0_true_s_fu_5694/add_18s_18s_18_2_0_U5206/u1,9,0,0,"",""
l1_neighbor_channel,grp_l1_neighbor_channel_false_0_true_s_fu_5694/add_18s_18s_18_2_0_U5206/u2,9,0,0,"",""
l1_neighbor_channel,grp_l1_neighbor_channel_false_0_true_s_fu_5694/add_18s_18s_18_2_0_U5207/u1,9,0,0,"",""
l1_neighbor_channel,grp_l1_neighbor_channel_false_0_true_s_fu_5694/add_18s_18s_18_2_0_U5207/u2,9,0,0,"",""
l1_neighbor_channel,grp_l1_neighbor_channel_false_0_true_s_fu_5694/add_18s_18s_18_2_0_U5208/u1,9,0,0,"",""
l1_neighbor_channel,grp_l1_neighbor_channel_false_0_true_s_fu_5694/add_18s_18s_18_2_0_U5208/u2,9,0,0,"",""
l1_neighbor_channel,grp_l1_neighbor_channel_false_10_true_s_fu_6686/add_18s_18s_18_2_0_U7151,18,18,0,"",""
l1_neighbor_channel,grp_l1_neighbor_channel_false_10_true_s_fu_6686/add_18s_18s_18_2_0_U7152,18,18,0,"",""
l1_neighbor_channel,grp_l1_neighbor_channel_false_10_true_s_fu_6686/add_18s_18s_18_2_0_U7153,18,18,0,"",""
l1_neighbor_channel,grp_l1_neighbor_channel_false_10_true_s_fu_6686/add_18s_18s_18_2_0_U7154,18,18,0,"",""
l1_neighbor_channel,grp_l1_neighbor_channel_false_10_true_s_fu_6686/add_18s_18s_18_2_0_U7155,18,18,0,"",""
l1_neighbor_channel,grp_l1_neighbor_channel_false_10_true_s_fu_6686/add_18s_18s_18_2_0_U7156,18,18,0,"",""
l1_neighbor_channel,grp_l1_neighbor_channel_false_10_true_s_fu_6686/add_18s_18s_18_2_0_U7157,18,18,0,"",""
l1_neighbor_channel,grp_l1_neighbor_channel_false_10_true_s_fu_6686/add_18s_18s_18_2_0_U7158,18,18,0,"",""
l1_neighbor_channel,grp_l1_neighbor_channel_false_10_true_s_fu_6686/mul_8s_4ns_12_4_0_U7049,0,20,0,"",""
l1_neighbor_channel,grp_l1_neighbor_channel_false_10_true_s_fu_6686/mul_8s_4ns_12_4_0_U7060,0,20,0,"",""
l1_neighbor_channel,grp_l1_neighbor_channel_false_10_true_s_fu_6686/mul_8s_4ns_12_4_0_U7071,5,20,0,"",""
l1_neighbor_channel,grp_l1_neighbor_channel_false_10_true_s_fu_6686/mul_8s_4ns_12_4_0_U7082,5,20,0,"",""
l1_neighbor_channel,grp_l1_neighbor_channel_false_10_true_s_fu_6686/mul_8s_4ns_12_4_0_U7093,5,20,0,"",""
l1_neighbor_channel,grp_l1_neighbor_channel_false_10_true_s_fu_6686/mul_8s_4ns_12_4_0_U7104,5,20,0,"",""
l1_neighbor_channel,grp_l1_neighbor_channel_false_10_true_s_fu_6686/mul_8s_4ns_12_4_0_U7115,0,20,0,"",""
l1_neighbor_channel,grp_l1_neighbor_channel_false_10_true_s_fu_6686/mul_8s_4ns_12_4_0_U7126,5,20,0,"",""
l1_neighbor_channel,grp_l1_neighbor_channel_false_10_true_s_fu_6686/mul_8s_6s_14_4_0_U7043,0,26,0,"",""
l1_neighbor_channel,grp_l1_neighbor_channel_false_10_true_s_fu_6686/mul_8s_6s_14_4_0_U7044,0,26,0,"",""
l1_neighbor_channel,grp_l1_neighbor_channel_false_10_true_s_fu_6686/mul_8s_6s_14_4_0_U7054,0,26,0,"",""
l1_neighbor_channel,grp_l1_neighbor_channel_false_10_true_s_fu_6686/mul_8s_6s_14_4_0_U7055,0,26,0,"",""
l1_neighbor_channel,grp_l1_neighbor_channel_false_10_true_s_fu_6686/mul_8s_6s_14_4_0_U7065,17,26,0,"",""
l1_neighbor_channel,grp_l1_neighbor_channel_false_10_true_s_fu_6686/mul_8s_6s_14_4_0_U7066,17,26,0,"",""
l1_neighbor_channel,grp_l1_neighbor_channel_false_10_true_s_fu_6686/mul_8s_6s_14_4_0_U7076,17,26,0,"",""
l1_neighbor_channel,grp_l1_neighbor_channel_false_10_true_s_fu_6686/mul_8s_6s_14_4_0_U7077,17,26,0,"",""
l1_neighbor_channel,grp_l1_neighbor_channel_false_10_true_s_fu_6686/mul_8s_6s_14_4_0_U7087,17,26,0,"",""
l1_neighbor_channel,grp_l1_neighbor_channel_false_10_true_s_fu_6686/mul_8s_6s_14_4_0_U7088,17,26,0,"",""
l1_neighbor_channel,grp_l1_neighbor_channel_false_10_true_s_fu_6686/mul_8s_6s_14_4_0_U7098,17,26,0,"",""
l1_neighbor_channel,grp_l1_neighbor_channel_false_10_true_s_fu_6686/mul_8s_6s_14_4_0_U7099,17,26,0,"",""
l1_neighbor_channel,grp_l1_neighbor_channel_false_10_true_s_fu_6686/mul_8s_6s_14_4_0_U7109,0,26,0,"",""
l1_neighbor_channel,grp_l1_neighbor_channel_false_10_true_s_fu_6686/mul_8s_6s_14_4_0_U7110,0,26,0,"",""
l1_neighbor_channel,grp_l1_neighbor_channel_false_10_true_s_fu_6686/mul_8s_6s_14_4_0_U7120,17,26,0,"",""
l1_neighbor_channel,grp_l1_neighbor_channel_false_10_true_s_fu_6686/mul_8s_6s_14_4_0_U7121,17,26,0,"",""
l1_neighbor_channel,grp_l1_neighbor_channel_false_10_true_s_fu_6686/mul_8s_7ns_15_4_0_U7046,0,22,0,"",""
l1_neighbor_channel,grp_l1_neighbor_channel_false_10_true_s_fu_6686/mul_8s_7ns_15_4_0_U7057,0,22,0,"",""
l1_neighbor_channel,grp_l1_neighbor_channel_false_10_true_s_fu_6686/mul_8s_7ns_15_4_0_U7068,11,22,0,"",""
l1_neighbor_channel,grp_l1_neighbor_channel_false_10_true_s_fu_6686/mul_8s_7ns_15_4_0_U7079,11,22,0,"",""
l1_neighbor_channel,grp_l1_neighbor_channel_false_10_true_s_fu_6686/mul_8s_7ns_15_4_0_U7090,12,22,0,"",""
l1_neighbor_channel,grp_l1_neighbor_channel_false_10_true_s_fu_6686/mul_8s_7ns_15_4_0_U7101,11,22,0,"",""
l1_neighbor_channel,grp_l1_neighbor_channel_false_10_true_s_fu_6686/mul_8s_7ns_15_4_0_U7112,0,22,0,"",""
l1_neighbor_channel,grp_l1_neighbor_channel_false_10_true_s_fu_6686/mul_8s_7ns_15_4_0_U7123,11,22,0,"",""
l1_neighbor_channel,grp_l1_neighbor_channel_false_10_true_s_fu_6686/mul_8s_7ns_15_4_0_U7129,0,24,0,"",""
l1_neighbor_channel,grp_l1_neighbor_channel_false_10_true_s_fu_6686/mul_8s_7ns_15_4_0_U7132,42,27,0,"",""
l1_neighbor_channel,grp_l1_neighbor_channel_false_10_true_s_fu_6686/mul_8s_7ns_15_4_0_U7135,53,27,0,"",""
l1_neighbor_channel,grp_l1_neighbor_channel_false_10_true_s_fu_6686/mul_8s_7ns_15_4_0_U7138,16,24,0,"",""
l1_neighbor_channel,grp_l1_neighbor_channel_false_10_true_s_fu_6686/mul_8s_7ns_15_4_0_U7141,16,24,0,"",""
l1_neighbor_channel,grp_l1_neighbor_channel_false_10_true_s_fu_6686/mul_8s_7ns_15_4_0_U7144,16,24,0,"",""
l1_neighbor_channel,grp_l1_neighbor_channel_false_10_true_s_fu_6686/mul_8s_7ns_15_4_0_U7147,0,24,0,"",""
l1_neighbor_channel,grp_l1_neighbor_channel_false_10_true_s_fu_6686/mul_8s_7ns_15_4_0_U7150,16,24,0,"",""
l1_neighbor_channel,grp_l1_neighbor_channel_false_10_true_s_fu_6686/mul_8s_7s_15_4_0_U7039,0,30,0,"",""
l1_neighbor_channel,grp_l1_neighbor_channel_false_10_true_s_fu_6686/mul_8s_7s_15_4_0_U7050,0,30,0,"",""
l1_neighbor_channel,grp_l1_neighbor_channel_false_10_true_s_fu_6686/mul_8s_7s_15_4_0_U7061,12,30,0,"",""
l1_neighbor_channel,grp_l1_neighbor_channel_false_10_true_s_fu_6686/mul_8s_7s_15_4_0_U7072,12,30,0,"",""
l1_neighbor_channel,grp_l1_neighbor_channel_false_10_true_s_fu_6686/mul_8s_7s_15_4_0_U7083,12,30,0,"",""
l1_neighbor_channel,grp_l1_neighbor_channel_false_10_true_s_fu_6686/mul_8s_7s_15_4_0_U7094,12,30,0,"",""
l1_neighbor_channel,grp_l1_neighbor_channel_false_10_true_s_fu_6686/mul_8s_7s_15_4_0_U7105,0,30,0,"",""
l1_neighbor_channel,grp_l1_neighbor_channel_false_10_true_s_fu_6686/mul_8s_7s_15_4_0_U7116,12,30,0,"",""
l1_neighbor_channel,grp_l1_neighbor_channel_false_10_true_s_fu_6686/mul_8s_8ns_16_4_0_U7040,6,28,0,"",""
l1_neighbor_channel,grp_l1_neighbor_channel_false_10_true_s_fu_6686/mul_8s_8ns_16_4_0_U7041,5,27,0,"",""
l1_neighbor_channel,grp_l1_neighbor_channel_false_10_true_s_fu_6686/mul_8s_8ns_16_4_0_U7045,5,25,0,"",""
l1_neighbor_channel,grp_l1_neighbor_channel_false_10_true_s_fu_6686/mul_8s_8ns_16_4_0_U7047,4,28,0,"",""
l1_neighbor_channel,grp_l1_neighbor_channel_false_10_true_s_fu_6686/mul_8s_8ns_16_4_0_U7051,6,28,0,"",""
l1_neighbor_channel,grp_l1_neighbor_channel_false_10_true_s_fu_6686/mul_8s_8ns_16_4_0_U7052,5,27,0,"",""
l1_neighbor_channel,grp_l1_neighbor_channel_false_10_true_s_fu_6686/mul_8s_8ns_16_4_0_U7056,5,25,0,"",""
l1_neighbor_channel,grp_l1_neighbor_channel_false_10_true_s_fu_6686/mul_8s_8ns_16_4_0_U7058,4,28,0,"",""
l1_neighbor_channel,grp_l1_neighbor_channel_false_10_true_s_fu_6686/mul_8s_8ns_16_4_0_U7062,22,28,0,"",""
l1_neighbor_channel,grp_l1_neighbor_channel_false_10_true_s_fu_6686/mul_8s_8ns_16_4_0_U7063,19,27,0,"",""
l1_neighbor_channel,grp_l1_neighbor_channel_false_10_true_s_fu_6686/mul_8s_8ns_16_4_0_U7067,19,25,0,"",""
l1_neighbor_channel,grp_l1_neighbor_channel_false_10_true_s_fu_6686/mul_8s_8ns_16_4_0_U7069,19,28,0,"",""
l1_neighbor_channel,grp_l1_neighbor_channel_false_10_true_s_fu_6686/mul_8s_8ns_16_4_0_U7073,22,28,0,"",""
l1_neighbor_channel,grp_l1_neighbor_channel_false_10_true_s_fu_6686/mul_8s_8ns_16_4_0_U7074,19,27,0,"",""
l1_neighbor_channel,grp_l1_neighbor_channel_false_10_true_s_fu_6686/mul_8s_8ns_16_4_0_U7078,19,25,0,"",""
l1_neighbor_channel,grp_l1_neighbor_channel_false_10_true_s_fu_6686/mul_8s_8ns_16_4_0_U7080,19,28,0,"",""
l1_neighbor_channel,grp_l1_neighbor_channel_false_10_true_s_fu_6686/mul_8s_8ns_16_4_0_U7084,22,28,0,"",""
l1_neighbor_channel,grp_l1_neighbor_channel_false_10_true_s_fu_6686/mul_8s_8ns_16_4_0_U7085,19,27,0,"",""
l1_neighbor_channel,grp_l1_neighbor_channel_false_10_true_s_fu_6686/mul_8s_8ns_16_4_0_U7089,19,25,0,"",""
l1_neighbor_channel,grp_l1_neighbor_channel_false_10_true_s_fu_6686/mul_8s_8ns_16_4_0_U7091,19,28,0,"",""
l1_neighbor_channel,grp_l1_neighbor_channel_false_10_true_s_fu_6686/mul_8s_8ns_16_4_0_U7095,22,28,0,"",""
l1_neighbor_channel,grp_l1_neighbor_channel_false_10_true_s_fu_6686/mul_8s_8ns_16_4_0_U7096,19,27,0,"",""
l1_neighbor_channel,grp_l1_neighbor_channel_false_10_true_s_fu_6686/mul_8s_8ns_16_4_0_U7100,19,25,0,"",""
l1_neighbor_channel,grp_l1_neighbor_channel_false_10_true_s_fu_6686/mul_8s_8ns_16_4_0_U7102,19,28,0,"",""
l1_neighbor_channel,grp_l1_neighbor_channel_false_10_true_s_fu_6686/mul_8s_8ns_16_4_0_U7106,6,28,0,"",""
l1_neighbor_channel,grp_l1_neighbor_channel_false_10_true_s_fu_6686/mul_8s_8ns_16_4_0_U7107,5,27,0,"",""
l1_neighbor_channel,grp_l1_neighbor_channel_false_10_true_s_fu_6686/mul_8s_8ns_16_4_0_U7111,5,25,0,"",""
l1_neighbor_channel,grp_l1_neighbor_channel_false_10_true_s_fu_6686/mul_8s_8ns_16_4_0_U7113,4,28,0,"",""
l1_neighbor_channel,grp_l1_neighbor_channel_false_10_true_s_fu_6686/mul_8s_8ns_16_4_0_U7117,22,28,0,"",""
l1_neighbor_channel,grp_l1_neighbor_channel_false_10_true_s_fu_6686/mul_8s_8ns_16_4_0_U7118,19,27,0,"",""
l1_neighbor_channel,grp_l1_neighbor_channel_false_10_true_s_fu_6686/mul_8s_8ns_16_4_0_U7122,19,25,0,"",""
l1_neighbor_channel,grp_l1_neighbor_channel_false_10_true_s_fu_6686/mul_8s_8ns_16_4_0_U7124,19,28,0,"",""
l1_neighbor_channel,grp_l1_neighbor_channel_false_10_true_s_fu_6686/mul_8s_8ns_16_4_0_U7127,13,26,0,"",""
l1_neighbor_channel,grp_l1_neighbor_channel_false_10_true_s_fu_6686/mul_8s_8ns_16_4_0_U7130,13,26,0,"",""
l1_neighbor_channel,grp_l1_neighbor_channel_false_10_true_s_fu_6686/mul_8s_8ns_16_4_0_U7133,15,26,0,"",""
l1_neighbor_channel,grp_l1_neighbor_channel_false_10_true_s_fu_6686/mul_8s_8ns_16_4_0_U7136,15,26,0,"",""
l1_neighbor_channel,grp_l1_neighbor_channel_false_10_true_s_fu_6686/mul_8s_8ns_16_4_0_U7139,15,26,0,"",""
l1_neighbor_channel,grp_l1_neighbor_channel_false_10_true_s_fu_6686/mul_8s_8ns_16_4_0_U7142,15,26,0,"",""
l1_neighbor_channel,grp_l1_neighbor_channel_false_10_true_s_fu_6686/mul_8s_8ns_16_4_0_U7145,13,26,0,"",""
l1_neighbor_channel,grp_l1_neighbor_channel_false_10_true_s_fu_6686/mul_8s_8ns_16_4_0_U7148,15,26,0,"",""
l1_neighbor_channel,grp_l1_neighbor_channel_false_10_true_s_fu_6686/mul_8s_8s_16_4_0_U7042,0,26,0,"",""
l1_neighbor_channel,grp_l1_neighbor_channel_false_10_true_s_fu_6686/mul_8s_8s_16_4_0_U7048,2,26,0,"",""
l1_neighbor_channel,grp_l1_neighbor_channel_false_10_true_s_fu_6686/mul_8s_8s_16_4_0_U7053,0,26,0,"",""
l1_neighbor_channel,grp_l1_neighbor_channel_false_10_true_s_fu_6686/mul_8s_8s_16_4_0_U7059,2,26,0,"",""
l1_neighbor_channel,grp_l1_neighbor_channel_false_10_true_s_fu_6686/mul_8s_8s_16_4_0_U7064,16,26,0,"",""
l1_neighbor_channel,grp_l1_neighbor_channel_false_10_true_s_fu_6686/mul_8s_8s_16_4_0_U7070,18,26,0,"",""
l1_neighbor_channel,grp_l1_neighbor_channel_false_10_true_s_fu_6686/mul_8s_8s_16_4_0_U7075,16,26,0,"",""
l1_neighbor_channel,grp_l1_neighbor_channel_false_10_true_s_fu_6686/mul_8s_8s_16_4_0_U7081,18,26,0,"",""
l1_neighbor_channel,grp_l1_neighbor_channel_false_10_true_s_fu_6686/mul_8s_8s_16_4_0_U7086,16,26,0,"",""
l1_neighbor_channel,grp_l1_neighbor_channel_false_10_true_s_fu_6686/mul_8s_8s_16_4_0_U7092,18,26,0,"",""
l1_neighbor_channel,grp_l1_neighbor_channel_false_10_true_s_fu_6686/mul_8s_8s_16_4_0_U7097,16,26,0,"",""
l1_neighbor_channel,grp_l1_neighbor_channel_false_10_true_s_fu_6686/mul_8s_8s_16_4_0_U7103,18,27,0,"",""
l1_neighbor_channel,grp_l1_neighbor_channel_false_10_true_s_fu_6686/mul_8s_8s_16_4_0_U7108,0,26,0,"",""
l1_neighbor_channel,grp_l1_neighbor_channel_false_10_true_s_fu_6686/mul_8s_8s_16_4_0_U7114,2,26,0,"",""
l1_neighbor_channel,grp_l1_neighbor_channel_false_10_true_s_fu_6686/mul_8s_8s_16_4_0_U7119,16,26,0,"",""
l1_neighbor_channel,grp_l1_neighbor_channel_false_10_true_s_fu_6686/mul_8s_8s_16_4_0_U7125,18,26,0,"",""
l1_neighbor_channel,grp_l1_neighbor_channel_false_10_true_s_fu_6686/mul_8s_8s_16_4_0_U7128,44,29,0,"",""
l1_neighbor_channel,grp_l1_neighbor_channel_false_10_true_s_fu_6686/mul_8s_8s_16_4_0_U7131,44,29,0,"",""
l1_neighbor_channel,grp_l1_neighbor_channel_false_10_true_s_fu_6686/mul_8s_8s_16_4_0_U7134,59,29,0,"",""
l1_neighbor_channel,grp_l1_neighbor_channel_false_10_true_s_fu_6686/mul_8s_8s_16_4_0_U7137,59,29,0,"",""
l1_neighbor_channel,grp_l1_neighbor_channel_false_10_true_s_fu_6686/mul_8s_8s_16_4_0_U7140,59,29,0,"",""
l1_neighbor_channel,grp_l1_neighbor_channel_false_10_true_s_fu_6686/mul_8s_8s_16_4_0_U7143,59,29,0,"",""
l1_neighbor_channel,grp_l1_neighbor_channel_false_10_true_s_fu_6686/mul_8s_8s_16_4_0_U7146,44,29,0,"",""
l1_neighbor_channel,grp_l1_neighbor_channel_false_10_true_s_fu_6686/mul_8s_8s_16_4_0_U7149,59,29,0,"",""
l1_neighbor_channel,grp_l1_neighbor_channel_false_10_true_s_fu_6686/add_18s_18s_18_2_0_U7151/u1,9,0,0,"",""
l1_neighbor_channel,grp_l1_neighbor_channel_false_10_true_s_fu_6686/add_18s_18s_18_2_0_U7151/u2,9,0,0,"",""
l1_neighbor_channel,grp_l1_neighbor_channel_false_10_true_s_fu_6686/add_18s_18s_18_2_0_U7152/u1,9,0,0,"",""
l1_neighbor_channel,grp_l1_neighbor_channel_false_10_true_s_fu_6686/add_18s_18s_18_2_0_U7152/u2,9,0,0,"",""
l1_neighbor_channel,grp_l1_neighbor_channel_false_10_true_s_fu_6686/add_18s_18s_18_2_0_U7153/u1,9,0,0,"",""
l1_neighbor_channel,grp_l1_neighbor_channel_false_10_true_s_fu_6686/add_18s_18s_18_2_0_U7153/u2,9,0,0,"",""
l1_neighbor_channel,grp_l1_neighbor_channel_false_10_true_s_fu_6686/add_18s_18s_18_2_0_U7154/u1,9,0,0,"",""
l1_neighbor_channel,grp_l1_neighbor_channel_false_10_true_s_fu_6686/add_18s_18s_18_2_0_U7154/u2,9,0,0,"",""
l1_neighbor_channel,grp_l1_neighbor_channel_false_10_true_s_fu_6686/add_18s_18s_18_2_0_U7155/u1,9,0,0,"",""
l1_neighbor_channel,grp_l1_neighbor_channel_false_10_true_s_fu_6686/add_18s_18s_18_2_0_U7155/u2,9,0,0,"",""
l1_neighbor_channel,grp_l1_neighbor_channel_false_10_true_s_fu_6686/add_18s_18s_18_2_0_U7156/u1,9,0,0,"",""
l1_neighbor_channel,grp_l1_neighbor_channel_false_10_true_s_fu_6686/add_18s_18s_18_2_0_U7156/u2,9,0,0,"",""
l1_neighbor_channel,grp_l1_neighbor_channel_false_10_true_s_fu_6686/add_18s_18s_18_2_0_U7157/u1,9,0,0,"",""
l1_neighbor_channel,grp_l1_neighbor_channel_false_10_true_s_fu_6686/add_18s_18s_18_2_0_U7157/u2,9,0,0,"",""
l1_neighbor_channel,grp_l1_neighbor_channel_false_10_true_s_fu_6686/add_18s_18s_18_2_0_U7158/u1,9,0,0,"",""
l1_neighbor_channel,grp_l1_neighbor_channel_false_10_true_s_fu_6686/add_18s_18s_18_2_0_U7158/u2,9,0,0,"",""
l1_neighbor_channel,grp_l1_neighbor_channel_false_11_true_s_fu_6818/add_18ns_18s_18_2_0_U7407,18,19,0,"",""
l1_neighbor_channel,grp_l1_neighbor_channel_false_11_true_s_fu_6818/add_18ns_18s_18_2_0_U7408,18,19,0,"",""
l1_neighbor_channel,grp_l1_neighbor_channel_false_11_true_s_fu_6818/add_18ns_18s_18_2_0_U7409,18,19,0,"",""
l1_neighbor_channel,grp_l1_neighbor_channel_false_11_true_s_fu_6818/add_18ns_18s_18_2_0_U7410,18,19,0,"",""
l1_neighbor_channel,grp_l1_neighbor_channel_false_11_true_s_fu_6818/add_18ns_18s_18_2_0_U7411,18,19,0,"",""
l1_neighbor_channel,grp_l1_neighbor_channel_false_11_true_s_fu_6818/add_18ns_18s_18_2_0_U7412,18,19,0,"",""
l1_neighbor_channel,grp_l1_neighbor_channel_false_11_true_s_fu_6818/add_18ns_18s_18_2_0_U7413,18,19,0,"",""
l1_neighbor_channel,grp_l1_neighbor_channel_false_11_true_s_fu_6818/add_18ns_18s_18_2_0_U7414,18,19,0,"",""
l1_neighbor_channel,grp_l1_neighbor_channel_false_11_true_s_fu_6818/mul_8s_5s_13_4_0_U7290,0,16,0,"",""
l1_neighbor_channel,grp_l1_neighbor_channel_false_11_true_s_fu_6818/mul_8s_5s_13_4_0_U7305,0,16,0,"",""
l1_neighbor_channel,grp_l1_neighbor_channel_false_11_true_s_fu_6818/mul_8s_5s_13_4_0_U7320,0,16,0,"",""
l1_neighbor_channel,grp_l1_neighbor_channel_false_11_true_s_fu_6818/mul_8s_5s_13_4_0_U7335,0,16,0,"",""
l1_neighbor_channel,grp_l1_neighbor_channel_false_11_true_s_fu_6818/mul_8s_5s_13_4_0_U7350,0,16,0,"",""
l1_neighbor_channel,grp_l1_neighbor_channel_false_11_true_s_fu_6818/mul_8s_5s_13_4_0_U7365,0,16,0,"",""
l1_neighbor_channel,grp_l1_neighbor_channel_false_11_true_s_fu_6818/mul_8s_5s_13_4_0_U7380,0,16,0,"",""
l1_neighbor_channel,grp_l1_neighbor_channel_false_11_true_s_fu_6818/mul_8s_5s_13_4_0_U7395,0,16,0,"",""
l1_neighbor_channel,grp_l1_neighbor_channel_false_11_true_s_fu_6818/mul_8s_6s_14_4_0_U7291,1,26,0,"",""
l1_neighbor_channel,grp_l1_neighbor_channel_false_11_true_s_fu_6818/mul_8s_6s_14_4_0_U7300,0,28,0,"",""
l1_neighbor_channel,grp_l1_neighbor_channel_false_11_true_s_fu_6818/mul_8s_6s_14_4_0_U7306,1,26,0,"",""
l1_neighbor_channel,grp_l1_neighbor_channel_false_11_true_s_fu_6818/mul_8s_6s_14_4_0_U7315,0,28,0,"",""
l1_neighbor_channel,grp_l1_neighbor_channel_false_11_true_s_fu_6818/mul_8s_6s_14_4_0_U7321,1,26,0,"",""
l1_neighbor_channel,grp_l1_neighbor_channel_false_11_true_s_fu_6818/mul_8s_6s_14_4_0_U7330,0,28,0,"",""
l1_neighbor_channel,grp_l1_neighbor_channel_false_11_true_s_fu_6818/mul_8s_6s_14_4_0_U7336,1,26,0,"",""
l1_neighbor_channel,grp_l1_neighbor_channel_false_11_true_s_fu_6818/mul_8s_6s_14_4_0_U7345,0,28,0,"",""
l1_neighbor_channel,grp_l1_neighbor_channel_false_11_true_s_fu_6818/mul_8s_6s_14_4_0_U7351,1,26,0,"",""
l1_neighbor_channel,grp_l1_neighbor_channel_false_11_true_s_fu_6818/mul_8s_6s_14_4_0_U7360,0,28,0,"",""
l1_neighbor_channel,grp_l1_neighbor_channel_false_11_true_s_fu_6818/mul_8s_6s_14_4_0_U7366,1,26,0,"",""
l1_neighbor_channel,grp_l1_neighbor_channel_false_11_true_s_fu_6818/mul_8s_6s_14_4_0_U7375,0,28,0,"",""
l1_neighbor_channel,grp_l1_neighbor_channel_false_11_true_s_fu_6818/mul_8s_6s_14_4_0_U7381,1,26,0,"",""
l1_neighbor_channel,grp_l1_neighbor_channel_false_11_true_s_fu_6818/mul_8s_6s_14_4_0_U7390,0,28,0,"",""
l1_neighbor_channel,grp_l1_neighbor_channel_false_11_true_s_fu_6818/mul_8s_6s_14_4_0_U7396,1,26,0,"",""
l1_neighbor_channel,grp_l1_neighbor_channel_false_11_true_s_fu_6818/mul_8s_6s_14_4_0_U7405,0,28,0,"",""
l1_neighbor_channel,grp_l1_neighbor_channel_false_11_true_s_fu_6818/mul_8s_7ns_15_4_0_U7289,0,30,0,"",""
l1_neighbor_channel,grp_l1_neighbor_channel_false_11_true_s_fu_6818/mul_8s_7ns_15_4_0_U7292,0,23,0,"",""
l1_neighbor_channel,grp_l1_neighbor_channel_false_11_true_s_fu_6818/mul_8s_7ns_15_4_0_U7294,0,30,0,"",""
l1_neighbor_channel,grp_l1_neighbor_channel_false_11_true_s_fu_6818/mul_8s_7ns_15_4_0_U7304,0,30,0,"",""
l1_neighbor_channel,grp_l1_neighbor_channel_false_11_true_s_fu_6818/mul_8s_7ns_15_4_0_U7307,0,23,0,"",""
l1_neighbor_channel,grp_l1_neighbor_channel_false_11_true_s_fu_6818/mul_8s_7ns_15_4_0_U7309,0,30,0,"",""
l1_neighbor_channel,grp_l1_neighbor_channel_false_11_true_s_fu_6818/mul_8s_7ns_15_4_0_U7319,0,26,0,"",""
l1_neighbor_channel,grp_l1_neighbor_channel_false_11_true_s_fu_6818/mul_8s_7ns_15_4_0_U7322,0,23,0,"",""
l1_neighbor_channel,grp_l1_neighbor_channel_false_11_true_s_fu_6818/mul_8s_7ns_15_4_0_U7324,0,30,0,"",""
l1_neighbor_channel,grp_l1_neighbor_channel_false_11_true_s_fu_6818/mul_8s_7ns_15_4_0_U7334,0,26,0,"",""
l1_neighbor_channel,grp_l1_neighbor_channel_false_11_true_s_fu_6818/mul_8s_7ns_15_4_0_U7337,0,23,0,"",""
l1_neighbor_channel,grp_l1_neighbor_channel_false_11_true_s_fu_6818/mul_8s_7ns_15_4_0_U7339,0,30,0,"",""
l1_neighbor_channel,grp_l1_neighbor_channel_false_11_true_s_fu_6818/mul_8s_7ns_15_4_0_U7349,0,26,0,"",""
l1_neighbor_channel,grp_l1_neighbor_channel_false_11_true_s_fu_6818/mul_8s_7ns_15_4_0_U7352,0,23,0,"",""
l1_neighbor_channel,grp_l1_neighbor_channel_false_11_true_s_fu_6818/mul_8s_7ns_15_4_0_U7354,0,30,0,"",""
l1_neighbor_channel,grp_l1_neighbor_channel_false_11_true_s_fu_6818/mul_8s_7ns_15_4_0_U7364,0,26,0,"",""
l1_neighbor_channel,grp_l1_neighbor_channel_false_11_true_s_fu_6818/mul_8s_7ns_15_4_0_U7367,0,22,0,"",""
l1_neighbor_channel,grp_l1_neighbor_channel_false_11_true_s_fu_6818/mul_8s_7ns_15_4_0_U7369,0,30,0,"",""
l1_neighbor_channel,grp_l1_neighbor_channel_false_11_true_s_fu_6818/mul_8s_7ns_15_4_0_U7379,0,30,0,"",""
l1_neighbor_channel,grp_l1_neighbor_channel_false_11_true_s_fu_6818/mul_8s_7ns_15_4_0_U7382,0,23,0,"",""
l1_neighbor_channel,grp_l1_neighbor_channel_false_11_true_s_fu_6818/mul_8s_7ns_15_4_0_U7384,0,30,0,"",""
l1_neighbor_channel,grp_l1_neighbor_channel_false_11_true_s_fu_6818/mul_8s_7ns_15_4_0_U7394,0,26,0,"",""
l1_neighbor_channel,grp_l1_neighbor_channel_false_11_true_s_fu_6818/mul_8s_7ns_15_4_0_U7397,0,23,0,"",""
l1_neighbor_channel,grp_l1_neighbor_channel_false_11_true_s_fu_6818/mul_8s_7ns_15_4_0_U7399,0,30,0,"",""
l1_neighbor_channel,grp_l1_neighbor_channel_false_11_true_s_fu_6818/mul_8s_7s_15_4_0_U7287,0,30,0,"",""
l1_neighbor_channel,grp_l1_neighbor_channel_false_11_true_s_fu_6818/mul_8s_7s_15_4_0_U7293,0,22,0,"",""
l1_neighbor_channel,grp_l1_neighbor_channel_false_11_true_s_fu_6818/mul_8s_7s_15_4_0_U7302,0,30,0,"",""
l1_neighbor_channel,grp_l1_neighbor_channel_false_11_true_s_fu_6818/mul_8s_7s_15_4_0_U7308,0,22,0,"",""
l1_neighbor_channel,grp_l1_neighbor_channel_false_11_true_s_fu_6818/mul_8s_7s_15_4_0_U7317,0,30,0,"",""
l1_neighbor_channel,grp_l1_neighbor_channel_false_11_true_s_fu_6818/mul_8s_7s_15_4_0_U7323,0,22,0,"",""
l1_neighbor_channel,grp_l1_neighbor_channel_false_11_true_s_fu_6818/mul_8s_7s_15_4_0_U7332,0,30,0,"",""
l1_neighbor_channel,grp_l1_neighbor_channel_false_11_true_s_fu_6818/mul_8s_7s_15_4_0_U7338,0,22,0,"",""
l1_neighbor_channel,grp_l1_neighbor_channel_false_11_true_s_fu_6818/mul_8s_7s_15_4_0_U7347,0,30,0,"",""
l1_neighbor_channel,grp_l1_neighbor_channel_false_11_true_s_fu_6818/mul_8s_7s_15_4_0_U7353,0,22,0,"",""
l1_neighbor_channel,grp_l1_neighbor_channel_false_11_true_s_fu_6818/mul_8s_7s_15_4_0_U7362,0,30,0,"",""
l1_neighbor_channel,grp_l1_neighbor_channel_false_11_true_s_fu_6818/mul_8s_7s_15_4_0_U7368,0,22,0,"",""
l1_neighbor_channel,grp_l1_neighbor_channel_false_11_true_s_fu_6818/mul_8s_7s_15_4_0_U7377,0,30,0,"",""
l1_neighbor_channel,grp_l1_neighbor_channel_false_11_true_s_fu_6818/mul_8s_7s_15_4_0_U7383,0,22,0,"",""
l1_neighbor_channel,grp_l1_neighbor_channel_false_11_true_s_fu_6818/mul_8s_7s_15_4_0_U7392,0,30,0,"",""
l1_neighbor_channel,grp_l1_neighbor_channel_false_11_true_s_fu_6818/mul_8s_7s_15_4_0_U7398,0,22,0,"",""
l1_neighbor_channel,grp_l1_neighbor_channel_false_11_true_s_fu_6818/mul_8s_8ns_16_4_0_U7288,16,26,0,"",""
l1_neighbor_channel,grp_l1_neighbor_channel_false_11_true_s_fu_6818/mul_8s_8ns_16_4_0_U7295,1,30,0,"",""
l1_neighbor_channel,grp_l1_neighbor_channel_false_11_true_s_fu_6818/mul_8s_8ns_16_4_0_U7296,0,26,0,"",""
l1_neighbor_channel,grp_l1_neighbor_channel_false_11_true_s_fu_6818/mul_8s_8ns_16_4_0_U7299,42,24,0,"",""
l1_neighbor_channel,grp_l1_neighbor_channel_false_11_true_s_fu_6818/mul_8s_8ns_16_4_0_U7301,1,26,0,"",""
l1_neighbor_channel,grp_l1_neighbor_channel_false_11_true_s_fu_6818/mul_8s_8ns_16_4_0_U7303,16,26,0,"",""
l1_neighbor_channel,grp_l1_neighbor_channel_false_11_true_s_fu_6818/mul_8s_8ns_16_4_0_U7310,1,31,0,"",""
l1_neighbor_channel,grp_l1_neighbor_channel_false_11_true_s_fu_6818/mul_8s_8ns_16_4_0_U7311,0,26,0,"",""
l1_neighbor_channel,grp_l1_neighbor_channel_false_11_true_s_fu_6818/mul_8s_8ns_16_4_0_U7314,42,24,0,"",""
l1_neighbor_channel,grp_l1_neighbor_channel_false_11_true_s_fu_6818/mul_8s_8ns_16_4_0_U7316,1,26,0,"",""
l1_neighbor_channel,grp_l1_neighbor_channel_false_11_true_s_fu_6818/mul_8s_8ns_16_4_0_U7318,16,26,0,"",""
l1_neighbor_channel,grp_l1_neighbor_channel_false_11_true_s_fu_6818/mul_8s_8ns_16_4_0_U7325,1,30,0,"",""
l1_neighbor_channel,grp_l1_neighbor_channel_false_11_true_s_fu_6818/mul_8s_8ns_16_4_0_U7326,0,26,0,"",""
l1_neighbor_channel,grp_l1_neighbor_channel_false_11_true_s_fu_6818/mul_8s_8ns_16_4_0_U7329,37,24,0,"",""
l1_neighbor_channel,grp_l1_neighbor_channel_false_11_true_s_fu_6818/mul_8s_8ns_16_4_0_U7331,1,26,0,"",""
l1_neighbor_channel,grp_l1_neighbor_channel_false_11_true_s_fu_6818/mul_8s_8ns_16_4_0_U7333,16,26,0,"",""
l1_neighbor_channel,grp_l1_neighbor_channel_false_11_true_s_fu_6818/mul_8s_8ns_16_4_0_U7340,1,30,0,"",""
l1_neighbor_channel,grp_l1_neighbor_channel_false_11_true_s_fu_6818/mul_8s_8ns_16_4_0_U7341,0,26,0,"",""
l1_neighbor_channel,grp_l1_neighbor_channel_false_11_true_s_fu_6818/mul_8s_8ns_16_4_0_U7344,37,24,0,"",""
l1_neighbor_channel,grp_l1_neighbor_channel_false_11_true_s_fu_6818/mul_8s_8ns_16_4_0_U7346,1,27,0,"",""
l1_neighbor_channel,grp_l1_neighbor_channel_false_11_true_s_fu_6818/mul_8s_8ns_16_4_0_U7348,16,26,0,"",""
l1_neighbor_channel,grp_l1_neighbor_channel_false_11_true_s_fu_6818/mul_8s_8ns_16_4_0_U7355,1,30,0,"",""
l1_neighbor_channel,grp_l1_neighbor_channel_false_11_true_s_fu_6818/mul_8s_8ns_16_4_0_U7356,0,26,0,"",""
l1_neighbor_channel,grp_l1_neighbor_channel_false_11_true_s_fu_6818/mul_8s_8ns_16_4_0_U7359,37,24,0,"",""
l1_neighbor_channel,grp_l1_neighbor_channel_false_11_true_s_fu_6818/mul_8s_8ns_16_4_0_U7361,1,26,0,"",""
l1_neighbor_channel,grp_l1_neighbor_channel_false_11_true_s_fu_6818/mul_8s_8ns_16_4_0_U7363,16,26,0,"",""
l1_neighbor_channel,grp_l1_neighbor_channel_false_11_true_s_fu_6818/mul_8s_8ns_16_4_0_U7370,1,30,0,"",""
l1_neighbor_channel,grp_l1_neighbor_channel_false_11_true_s_fu_6818/mul_8s_8ns_16_4_0_U7371,0,26,0,"",""
l1_neighbor_channel,grp_l1_neighbor_channel_false_11_true_s_fu_6818/mul_8s_8ns_16_4_0_U7374,37,24,0,"",""
l1_neighbor_channel,grp_l1_neighbor_channel_false_11_true_s_fu_6818/mul_8s_8ns_16_4_0_U7376,1,26,0,"",""
l1_neighbor_channel,grp_l1_neighbor_channel_false_11_true_s_fu_6818/mul_8s_8ns_16_4_0_U7378,16,26,0,"",""
l1_neighbor_channel,grp_l1_neighbor_channel_false_11_true_s_fu_6818/mul_8s_8ns_16_4_0_U7385,1,30,0,"",""
l1_neighbor_channel,grp_l1_neighbor_channel_false_11_true_s_fu_6818/mul_8s_8ns_16_4_0_U7386,0,26,0,"",""
l1_neighbor_channel,grp_l1_neighbor_channel_false_11_true_s_fu_6818/mul_8s_8ns_16_4_0_U7389,42,24,0,"",""
l1_neighbor_channel,grp_l1_neighbor_channel_false_11_true_s_fu_6818/mul_8s_8ns_16_4_0_U7391,1,26,0,"",""
l1_neighbor_channel,grp_l1_neighbor_channel_false_11_true_s_fu_6818/mul_8s_8ns_16_4_0_U7393,16,26,0,"",""
l1_neighbor_channel,grp_l1_neighbor_channel_false_11_true_s_fu_6818/mul_8s_8ns_16_4_0_U7400,1,30,0,"",""
l1_neighbor_channel,grp_l1_neighbor_channel_false_11_true_s_fu_6818/mul_8s_8ns_16_4_0_U7401,0,26,0,"",""
l1_neighbor_channel,grp_l1_neighbor_channel_false_11_true_s_fu_6818/mul_8s_8ns_16_4_0_U7404,0,19,0,"",""
l1_neighbor_channel,grp_l1_neighbor_channel_false_11_true_s_fu_6818/mul_8s_8ns_16_4_0_U7406,1,26,0,"",""
l1_neighbor_channel,grp_l1_neighbor_channel_false_11_true_s_fu_6818/mul_8s_8s_16_4_0_U7297,1,24,0,"",""
l1_neighbor_channel,grp_l1_neighbor_channel_false_11_true_s_fu_6818/mul_8s_8s_16_4_0_U7298,9,24,0,"",""
l1_neighbor_channel,grp_l1_neighbor_channel_false_11_true_s_fu_6818/mul_8s_8s_16_4_0_U7312,1,24,0,"",""
l1_neighbor_channel,grp_l1_neighbor_channel_false_11_true_s_fu_6818/mul_8s_8s_16_4_0_U7313,9,24,0,"",""
l1_neighbor_channel,grp_l1_neighbor_channel_false_11_true_s_fu_6818/mul_8s_8s_16_4_0_U7327,1,24,0,"",""
l1_neighbor_channel,grp_l1_neighbor_channel_false_11_true_s_fu_6818/mul_8s_8s_16_4_0_U7328,9,24,0,"",""
l1_neighbor_channel,grp_l1_neighbor_channel_false_11_true_s_fu_6818/mul_8s_8s_16_4_0_U7342,1,24,0,"",""
l1_neighbor_channel,grp_l1_neighbor_channel_false_11_true_s_fu_6818/mul_8s_8s_16_4_0_U7343,9,24,0,"",""
l1_neighbor_channel,grp_l1_neighbor_channel_false_11_true_s_fu_6818/mul_8s_8s_16_4_0_U7357,1,24,0,"",""
l1_neighbor_channel,grp_l1_neighbor_channel_false_11_true_s_fu_6818/mul_8s_8s_16_4_0_U7358,9,24,0,"",""
l1_neighbor_channel,grp_l1_neighbor_channel_false_11_true_s_fu_6818/mul_8s_8s_16_4_0_U7372,1,24,0,"",""
l1_neighbor_channel,grp_l1_neighbor_channel_false_11_true_s_fu_6818/mul_8s_8s_16_4_0_U7373,9,24,0,"",""
l1_neighbor_channel,grp_l1_neighbor_channel_false_11_true_s_fu_6818/mul_8s_8s_16_4_0_U7387,1,24,0,"",""
l1_neighbor_channel,grp_l1_neighbor_channel_false_11_true_s_fu_6818/mul_8s_8s_16_4_0_U7388,9,24,0,"",""
l1_neighbor_channel,grp_l1_neighbor_channel_false_11_true_s_fu_6818/mul_8s_8s_16_4_0_U7402,1,24,0,"",""
l1_neighbor_channel,grp_l1_neighbor_channel_false_11_true_s_fu_6818/mul_8s_8s_16_4_0_U7403,9,24,0,"",""
l1_neighbor_channel,grp_l1_neighbor_channel_false_11_true_s_fu_6818/add_18ns_18s_18_2_0_U7407/u1,9,0,0,"",""
l1_neighbor_channel,grp_l1_neighbor_channel_false_11_true_s_fu_6818/add_18ns_18s_18_2_0_U7407/u2,9,0,0,"",""
l1_neighbor_channel,grp_l1_neighbor_channel_false_11_true_s_fu_6818/add_18ns_18s_18_2_0_U7408/u1,9,0,0,"",""
l1_neighbor_channel,grp_l1_neighbor_channel_false_11_true_s_fu_6818/add_18ns_18s_18_2_0_U7408/u2,9,0,0,"",""
l1_neighbor_channel,grp_l1_neighbor_channel_false_11_true_s_fu_6818/add_18ns_18s_18_2_0_U7409/u1,9,0,0,"",""
l1_neighbor_channel,grp_l1_neighbor_channel_false_11_true_s_fu_6818/add_18ns_18s_18_2_0_U7409/u2,9,0,0,"",""
l1_neighbor_channel,grp_l1_neighbor_channel_false_11_true_s_fu_6818/add_18ns_18s_18_2_0_U7410/u1,9,0,0,"",""
l1_neighbor_channel,grp_l1_neighbor_channel_false_11_true_s_fu_6818/add_18ns_18s_18_2_0_U7410/u2,9,0,0,"",""
l1_neighbor_channel,grp_l1_neighbor_channel_false_11_true_s_fu_6818/add_18ns_18s_18_2_0_U7411/u1,9,0,0,"",""
l1_neighbor_channel,grp_l1_neighbor_channel_false_11_true_s_fu_6818/add_18ns_18s_18_2_0_U7411/u2,9,0,0,"",""
l1_neighbor_channel,grp_l1_neighbor_channel_false_11_true_s_fu_6818/add_18ns_18s_18_2_0_U7412/u1,9,0,0,"",""
l1_neighbor_channel,grp_l1_neighbor_channel_false_11_true_s_fu_6818/add_18ns_18s_18_2_0_U7412/u2,9,0,0,"",""
l1_neighbor_channel,grp_l1_neighbor_channel_false_11_true_s_fu_6818/add_18ns_18s_18_2_0_U7413/u1,9,0,0,"",""
l1_neighbor_channel,grp_l1_neighbor_channel_false_11_true_s_fu_6818/add_18ns_18s_18_2_0_U7413/u2,9,0,0,"",""
l1_neighbor_channel,grp_l1_neighbor_channel_false_11_true_s_fu_6818/add_18ns_18s_18_2_0_U7414/u1,9,0,0,"",""
l1_neighbor_channel,grp_l1_neighbor_channel_false_11_true_s_fu_6818/add_18ns_18s_18_2_0_U7414/u2,9,0,0,"",""
l1_neighbor_channel,grp_l1_neighbor_channel_false_13_true_s_fu_7074/add_18s_18s_18_2_0_U7909,18,18,0,"",""
l1_neighbor_channel,grp_l1_neighbor_channel_false_13_true_s_fu_7074/add_18s_18s_18_2_0_U7910,18,18,0,"",""
l1_neighbor_channel,grp_l1_neighbor_channel_false_13_true_s_fu_7074/add_18s_18s_18_2_0_U7911,18,18,0,"",""
l1_neighbor_channel,grp_l1_neighbor_channel_false_13_true_s_fu_7074/add_18s_18s_18_2_0_U7912,18,18,0,"",""
l1_neighbor_channel,grp_l1_neighbor_channel_false_13_true_s_fu_7074/add_18s_18s_18_2_0_U7913,18,18,0,"",""
l1_neighbor_channel,grp_l1_neighbor_channel_false_13_true_s_fu_7074/add_18s_18s_18_2_0_U7914,18,18,0,"",""
l1_neighbor_channel,grp_l1_neighbor_channel_false_13_true_s_fu_7074/add_18s_18s_18_2_0_U7915,18,18,0,"",""
l1_neighbor_channel,grp_l1_neighbor_channel_false_13_true_s_fu_7074/add_18s_18s_18_2_0_U7916,18,18,0,"",""
l1_neighbor_channel,grp_l1_neighbor_channel_false_13_true_s_fu_7074/mul_8s_4ns_12_4_0_U7800,0,24,0,"",""
l1_neighbor_channel,grp_l1_neighbor_channel_false_13_true_s_fu_7074/mul_8s_4ns_12_4_0_U7810,0,24,0,"",""
l1_neighbor_channel,grp_l1_neighbor_channel_false_13_true_s_fu_7074/mul_8s_4ns_12_4_0_U7820,0,24,0,"",""
l1_neighbor_channel,grp_l1_neighbor_channel_false_13_true_s_fu_7074/mul_8s_4ns_12_4_0_U7830,0,24,0,"",""
l1_neighbor_channel,grp_l1_neighbor_channel_false_13_true_s_fu_7074/mul_8s_4ns_12_4_0_U7840,0,24,0,"",""
l1_neighbor_channel,grp_l1_neighbor_channel_false_13_true_s_fu_7074/mul_8s_4ns_12_4_0_U7850,0,24,0,"",""
l1_neighbor_channel,grp_l1_neighbor_channel_false_13_true_s_fu_7074/mul_8s_4ns_12_4_0_U7860,0,24,0,"",""
l1_neighbor_channel,grp_l1_neighbor_channel_false_13_true_s_fu_7074/mul_8s_4ns_12_4_0_U7870,0,24,0,"",""
l1_neighbor_channel,grp_l1_neighbor_channel_false_13_true_s_fu_7074/mul_8s_5s_13_4_0_U7802,0,26,0,"",""
l1_neighbor_channel,grp_l1_neighbor_channel_false_13_true_s_fu_7074/mul_8s_5s_13_4_0_U7812,0,26,0,"",""
l1_neighbor_channel,grp_l1_neighbor_channel_false_13_true_s_fu_7074/mul_8s_5s_13_4_0_U7822,0,26,0,"",""
l1_neighbor_channel,grp_l1_neighbor_channel_false_13_true_s_fu_7074/mul_8s_5s_13_4_0_U7832,0,26,0,"",""
l1_neighbor_channel,grp_l1_neighbor_channel_false_13_true_s_fu_7074/mul_8s_5s_13_4_0_U7842,0,26,0,"",""
l1_neighbor_channel,grp_l1_neighbor_channel_false_13_true_s_fu_7074/mul_8s_5s_13_4_0_U7852,0,26,0,"",""
l1_neighbor_channel,grp_l1_neighbor_channel_false_13_true_s_fu_7074/mul_8s_5s_13_4_0_U7862,0,26,0,"",""
l1_neighbor_channel,grp_l1_neighbor_channel_false_13_true_s_fu_7074/mul_8s_5s_13_4_0_U7872,0,26,0,"",""
l1_neighbor_channel,grp_l1_neighbor_channel_false_13_true_s_fu_7074/mul_8s_6ns_14_4_0_U7797,0,24,0,"",""
l1_neighbor_channel,grp_l1_neighbor_channel_false_13_true_s_fu_7074/mul_8s_6ns_14_4_0_U7806,0,26,0,"",""
l1_neighbor_channel,grp_l1_neighbor_channel_false_13_true_s_fu_7074/mul_8s_6ns_14_4_0_U7807,0,24,0,"",""
l1_neighbor_channel,grp_l1_neighbor_channel_false_13_true_s_fu_7074/mul_8s_6ns_14_4_0_U7816,0,26,0,"",""
l1_neighbor_channel,grp_l1_neighbor_channel_false_13_true_s_fu_7074/mul_8s_6ns_14_4_0_U7817,0,24,0,"",""
l1_neighbor_channel,grp_l1_neighbor_channel_false_13_true_s_fu_7074/mul_8s_6ns_14_4_0_U7826,0,26,0,"",""
l1_neighbor_channel,grp_l1_neighbor_channel_false_13_true_s_fu_7074/mul_8s_6ns_14_4_0_U7827,0,24,0,"",""
l1_neighbor_channel,grp_l1_neighbor_channel_false_13_true_s_fu_7074/mul_8s_6ns_14_4_0_U7836,0,26,0,"",""
l1_neighbor_channel,grp_l1_neighbor_channel_false_13_true_s_fu_7074/mul_8s_6ns_14_4_0_U7837,0,22,0,"",""
l1_neighbor_channel,grp_l1_neighbor_channel_false_13_true_s_fu_7074/mul_8s_6ns_14_4_0_U7846,0,26,0,"",""
l1_neighbor_channel,grp_l1_neighbor_channel_false_13_true_s_fu_7074/mul_8s_6ns_14_4_0_U7847,0,22,0,"",""
l1_neighbor_channel,grp_l1_neighbor_channel_false_13_true_s_fu_7074/mul_8s_6ns_14_4_0_U7856,0,26,0,"",""
l1_neighbor_channel,grp_l1_neighbor_channel_false_13_true_s_fu_7074/mul_8s_6ns_14_4_0_U7857,0,22,0,"",""
l1_neighbor_channel,grp_l1_neighbor_channel_false_13_true_s_fu_7074/mul_8s_6ns_14_4_0_U7866,0,26,0,"",""
l1_neighbor_channel,grp_l1_neighbor_channel_false_13_true_s_fu_7074/mul_8s_6ns_14_4_0_U7867,0,23,0,"",""
l1_neighbor_channel,grp_l1_neighbor_channel_false_13_true_s_fu_7074/mul_8s_6ns_14_4_0_U7876,0,26,0,"",""
l1_neighbor_channel,grp_l1_neighbor_channel_false_13_true_s_fu_7074/mul_8s_7ns_15_4_0_U7805,0,28,0,"",""
l1_neighbor_channel,grp_l1_neighbor_channel_false_13_true_s_fu_7074/mul_8s_7ns_15_4_0_U7815,0,28,0,"",""
l1_neighbor_channel,grp_l1_neighbor_channel_false_13_true_s_fu_7074/mul_8s_7ns_15_4_0_U7825,0,30,0,"",""
l1_neighbor_channel,grp_l1_neighbor_channel_false_13_true_s_fu_7074/mul_8s_7ns_15_4_0_U7835,0,30,0,"",""
l1_neighbor_channel,grp_l1_neighbor_channel_false_13_true_s_fu_7074/mul_8s_7ns_15_4_0_U7845,0,28,0,"",""
l1_neighbor_channel,grp_l1_neighbor_channel_false_13_true_s_fu_7074/mul_8s_7ns_15_4_0_U7855,0,28,0,"",""
l1_neighbor_channel,grp_l1_neighbor_channel_false_13_true_s_fu_7074/mul_8s_7ns_15_4_0_U7865,0,30,0,"",""
l1_neighbor_channel,grp_l1_neighbor_channel_false_13_true_s_fu_7074/mul_8s_7ns_15_4_0_U7875,0,30,0,"",""
l1_neighbor_channel,grp_l1_neighbor_channel_false_13_true_s_fu_7074/mul_8s_7s_15_4_0_U7804,0,29,0,"",""
l1_neighbor_channel,grp_l1_neighbor_channel_false_13_true_s_fu_7074/mul_8s_7s_15_4_0_U7814,0,28,0,"",""
l1_neighbor_channel,grp_l1_neighbor_channel_false_13_true_s_fu_7074/mul_8s_7s_15_4_0_U7824,0,28,0,"",""
l1_neighbor_channel,grp_l1_neighbor_channel_false_13_true_s_fu_7074/mul_8s_7s_15_4_0_U7834,0,29,0,"",""
l1_neighbor_channel,grp_l1_neighbor_channel_false_13_true_s_fu_7074/mul_8s_7s_15_4_0_U7844,0,28,0,"",""
l1_neighbor_channel,grp_l1_neighbor_channel_false_13_true_s_fu_7074/mul_8s_7s_15_4_0_U7854,0,28,0,"",""
l1_neighbor_channel,grp_l1_neighbor_channel_false_13_true_s_fu_7074/mul_8s_7s_15_4_0_U7864,0,29,0,"",""
l1_neighbor_channel,grp_l1_neighbor_channel_false_13_true_s_fu_7074/mul_8s_7s_15_4_0_U7874,0,29,0,"",""
l1_neighbor_channel,grp_l1_neighbor_channel_false_13_true_s_fu_7074/mul_8s_7s_15_4_0_U7877,0,30,0,"",""
l1_neighbor_channel,grp_l1_neighbor_channel_false_13_true_s_fu_7074/mul_8s_7s_15_4_0_U7879,0,28,0,"",""
l1_neighbor_channel,grp_l1_neighbor_channel_false_13_true_s_fu_7074/mul_8s_7s_15_4_0_U7881,0,30,0,"",""
l1_neighbor_channel,grp_l1_neighbor_channel_false_13_true_s_fu_7074/mul_8s_7s_15_4_0_U7883,0,28,0,"",""
l1_neighbor_channel,grp_l1_neighbor_channel_false_13_true_s_fu_7074/mul_8s_7s_15_4_0_U7885,0,30,0,"",""
l1_neighbor_channel,grp_l1_neighbor_channel_false_13_true_s_fu_7074/mul_8s_7s_15_4_0_U7887,0,28,0,"",""
l1_neighbor_channel,grp_l1_neighbor_channel_false_13_true_s_fu_7074/mul_8s_7s_15_4_0_U7889,0,30,0,"",""
l1_neighbor_channel,grp_l1_neighbor_channel_false_13_true_s_fu_7074/mul_8s_7s_15_4_0_U7891,0,28,0,"",""
l1_neighbor_channel,grp_l1_neighbor_channel_false_13_true_s_fu_7074/mul_8s_7s_15_4_0_U7893,0,30,0,"",""
l1_neighbor_channel,grp_l1_neighbor_channel_false_13_true_s_fu_7074/mul_8s_7s_15_4_0_U7895,0,28,0,"",""
l1_neighbor_channel,grp_l1_neighbor_channel_false_13_true_s_fu_7074/mul_8s_7s_15_4_0_U7897,0,30,0,"",""
l1_neighbor_channel,grp_l1_neighbor_channel_false_13_true_s_fu_7074/mul_8s_7s_15_4_0_U7899,0,28,0,"",""
l1_neighbor_channel,grp_l1_neighbor_channel_false_13_true_s_fu_7074/mul_8s_7s_15_4_0_U7901,0,30,0,"",""
l1_neighbor_channel,grp_l1_neighbor_channel_false_13_true_s_fu_7074/mul_8s_7s_15_4_0_U7903,0,28,0,"",""
l1_neighbor_channel,grp_l1_neighbor_channel_false_13_true_s_fu_7074/mul_8s_7s_15_4_0_U7905,0,30,0,"",""
l1_neighbor_channel,grp_l1_neighbor_channel_false_13_true_s_fu_7074/mul_8s_7s_15_4_0_U7907,0,28,0,"",""
l1_neighbor_channel,grp_l1_neighbor_channel_false_13_true_s_fu_7074/mul_8s_8ns_16_4_0_U7801,13,18,0,"",""
l1_neighbor_channel,grp_l1_neighbor_channel_false_13_true_s_fu_7074/mul_8s_8ns_16_4_0_U7803,3,20,0,"",""
l1_neighbor_channel,grp_l1_neighbor_channel_false_13_true_s_fu_7074/mul_8s_8ns_16_4_0_U7811,13,18,0,"",""
l1_neighbor_channel,grp_l1_neighbor_channel_false_13_true_s_fu_7074/mul_8s_8ns_16_4_0_U7813,3,20,0,"",""
l1_neighbor_channel,grp_l1_neighbor_channel_false_13_true_s_fu_7074/mul_8s_8ns_16_4_0_U7821,13,18,0,"",""
l1_neighbor_channel,grp_l1_neighbor_channel_false_13_true_s_fu_7074/mul_8s_8ns_16_4_0_U7823,3,20,0,"",""
l1_neighbor_channel,grp_l1_neighbor_channel_false_13_true_s_fu_7074/mul_8s_8ns_16_4_0_U7831,13,19,0,"",""
l1_neighbor_channel,grp_l1_neighbor_channel_false_13_true_s_fu_7074/mul_8s_8ns_16_4_0_U7833,3,20,0,"",""
l1_neighbor_channel,grp_l1_neighbor_channel_false_13_true_s_fu_7074/mul_8s_8ns_16_4_0_U7841,13,19,0,"",""
l1_neighbor_channel,grp_l1_neighbor_channel_false_13_true_s_fu_7074/mul_8s_8ns_16_4_0_U7843,3,20,0,"",""
l1_neighbor_channel,grp_l1_neighbor_channel_false_13_true_s_fu_7074/mul_8s_8ns_16_4_0_U7851,13,18,0,"",""
l1_neighbor_channel,grp_l1_neighbor_channel_false_13_true_s_fu_7074/mul_8s_8ns_16_4_0_U7853,3,20,0,"",""
l1_neighbor_channel,grp_l1_neighbor_channel_false_13_true_s_fu_7074/mul_8s_8ns_16_4_0_U7861,13,19,0,"",""
l1_neighbor_channel,grp_l1_neighbor_channel_false_13_true_s_fu_7074/mul_8s_8ns_16_4_0_U7863,3,20,0,"",""
l1_neighbor_channel,grp_l1_neighbor_channel_false_13_true_s_fu_7074/mul_8s_8ns_16_4_0_U7871,13,18,0,"",""
l1_neighbor_channel,grp_l1_neighbor_channel_false_13_true_s_fu_7074/mul_8s_8ns_16_4_0_U7873,3,20,0,"",""
l1_neighbor_channel,grp_l1_neighbor_channel_false_13_true_s_fu_7074/mul_8s_8ns_16_4_0_U7880,1,24,0,"",""
l1_neighbor_channel,grp_l1_neighbor_channel_false_13_true_s_fu_7074/mul_8s_8ns_16_4_0_U7884,1,20,0,"",""
l1_neighbor_channel,grp_l1_neighbor_channel_false_13_true_s_fu_7074/mul_8s_8ns_16_4_0_U7888,1,24,0,"",""
l1_neighbor_channel,grp_l1_neighbor_channel_false_13_true_s_fu_7074/mul_8s_8ns_16_4_0_U7892,1,20,0,"",""
l1_neighbor_channel,grp_l1_neighbor_channel_false_13_true_s_fu_7074/mul_8s_8ns_16_4_0_U7896,1,20,0,"",""
l1_neighbor_channel,grp_l1_neighbor_channel_false_13_true_s_fu_7074/mul_8s_8ns_16_4_0_U7900,1,24,0,"",""
l1_neighbor_channel,grp_l1_neighbor_channel_false_13_true_s_fu_7074/mul_8s_8ns_16_4_0_U7904,1,20,0,"",""
l1_neighbor_channel,grp_l1_neighbor_channel_false_13_true_s_fu_7074/mul_8s_8ns_16_4_0_U7908,1,20,0,"",""
l1_neighbor_channel,grp_l1_neighbor_channel_false_13_true_s_fu_7074/mul_8s_8s_16_4_0_U7798,1,22,0,"",""
l1_neighbor_channel,grp_l1_neighbor_channel_false_13_true_s_fu_7074/mul_8s_8s_16_4_0_U7799,1,26,0,"",""
l1_neighbor_channel,grp_l1_neighbor_channel_false_13_true_s_fu_7074/mul_8s_8s_16_4_0_U7808,1,22,0,"",""
l1_neighbor_channel,grp_l1_neighbor_channel_false_13_true_s_fu_7074/mul_8s_8s_16_4_0_U7809,1,26,0,"",""
l1_neighbor_channel,grp_l1_neighbor_channel_false_13_true_s_fu_7074/mul_8s_8s_16_4_0_U7818,1,22,0,"",""
l1_neighbor_channel,grp_l1_neighbor_channel_false_13_true_s_fu_7074/mul_8s_8s_16_4_0_U7819,1,28,0,"",""
l1_neighbor_channel,grp_l1_neighbor_channel_false_13_true_s_fu_7074/mul_8s_8s_16_4_0_U7828,1,18,0,"",""
l1_neighbor_channel,grp_l1_neighbor_channel_false_13_true_s_fu_7074/mul_8s_8s_16_4_0_U7829,1,28,0,"",""
l1_neighbor_channel,grp_l1_neighbor_channel_false_13_true_s_fu_7074/mul_8s_8s_16_4_0_U7838,1,22,0,"",""
l1_neighbor_channel,grp_l1_neighbor_channel_false_13_true_s_fu_7074/mul_8s_8s_16_4_0_U7839,1,26,0,"",""
l1_neighbor_channel,grp_l1_neighbor_channel_false_13_true_s_fu_7074/mul_8s_8s_16_4_0_U7848,1,22,0,"",""
l1_neighbor_channel,grp_l1_neighbor_channel_false_13_true_s_fu_7074/mul_8s_8s_16_4_0_U7849,1,28,0,"",""
l1_neighbor_channel,grp_l1_neighbor_channel_false_13_true_s_fu_7074/mul_8s_8s_16_4_0_U7858,1,22,0,"",""
l1_neighbor_channel,grp_l1_neighbor_channel_false_13_true_s_fu_7074/mul_8s_8s_16_4_0_U7859,1,28,0,"",""
l1_neighbor_channel,grp_l1_neighbor_channel_false_13_true_s_fu_7074/mul_8s_8s_16_4_0_U7868,1,22,0,"",""
l1_neighbor_channel,grp_l1_neighbor_channel_false_13_true_s_fu_7074/mul_8s_8s_16_4_0_U7869,1,28,0,"",""
l1_neighbor_channel,grp_l1_neighbor_channel_false_13_true_s_fu_7074/mul_8s_8s_16_4_0_U7878,1,30,0,"",""
l1_neighbor_channel,grp_l1_neighbor_channel_false_13_true_s_fu_7074/mul_8s_8s_16_4_0_U7882,1,30,0,"",""
l1_neighbor_channel,grp_l1_neighbor_channel_false_13_true_s_fu_7074/mul_8s_8s_16_4_0_U7886,1,30,0,"",""
l1_neighbor_channel,grp_l1_neighbor_channel_false_13_true_s_fu_7074/mul_8s_8s_16_4_0_U7890,1,30,0,"",""
l1_neighbor_channel,grp_l1_neighbor_channel_false_13_true_s_fu_7074/mul_8s_8s_16_4_0_U7894,1,30,0,"",""
l1_neighbor_channel,grp_l1_neighbor_channel_false_13_true_s_fu_7074/mul_8s_8s_16_4_0_U7898,1,30,0,"",""
l1_neighbor_channel,grp_l1_neighbor_channel_false_13_true_s_fu_7074/mul_8s_8s_16_4_0_U7902,1,30,0,"",""
l1_neighbor_channel,grp_l1_neighbor_channel_false_13_true_s_fu_7074/mul_8s_8s_16_4_0_U7906,1,30,0,"",""
l1_neighbor_channel,grp_l1_neighbor_channel_false_13_true_s_fu_7074/add_18s_18s_18_2_0_U7909/u1,9,0,0,"",""
l1_neighbor_channel,grp_l1_neighbor_channel_false_13_true_s_fu_7074/add_18s_18s_18_2_0_U7909/u2,9,0,0,"",""
l1_neighbor_channel,grp_l1_neighbor_channel_false_13_true_s_fu_7074/add_18s_18s_18_2_0_U7910/u1,9,0,0,"",""
l1_neighbor_channel,grp_l1_neighbor_channel_false_13_true_s_fu_7074/add_18s_18s_18_2_0_U7910/u2,9,0,0,"",""
l1_neighbor_channel,grp_l1_neighbor_channel_false_13_true_s_fu_7074/add_18s_18s_18_2_0_U7911/u1,9,0,0,"",""
l1_neighbor_channel,grp_l1_neighbor_channel_false_13_true_s_fu_7074/add_18s_18s_18_2_0_U7911/u2,9,0,0,"",""
l1_neighbor_channel,grp_l1_neighbor_channel_false_13_true_s_fu_7074/add_18s_18s_18_2_0_U7912/u1,9,0,0,"",""
l1_neighbor_channel,grp_l1_neighbor_channel_false_13_true_s_fu_7074/add_18s_18s_18_2_0_U7912/u2,9,0,0,"",""
l1_neighbor_channel,grp_l1_neighbor_channel_false_13_true_s_fu_7074/add_18s_18s_18_2_0_U7913/u1,9,0,0,"",""
l1_neighbor_channel,grp_l1_neighbor_channel_false_13_true_s_fu_7074/add_18s_18s_18_2_0_U7913/u2,9,0,0,"",""
l1_neighbor_channel,grp_l1_neighbor_channel_false_13_true_s_fu_7074/add_18s_18s_18_2_0_U7914/u1,9,0,0,"",""
l1_neighbor_channel,grp_l1_neighbor_channel_false_13_true_s_fu_7074/add_18s_18s_18_2_0_U7914/u2,9,0,0,"",""
l1_neighbor_channel,grp_l1_neighbor_channel_false_13_true_s_fu_7074/add_18s_18s_18_2_0_U7915/u1,9,0,0,"",""
l1_neighbor_channel,grp_l1_neighbor_channel_false_13_true_s_fu_7074/add_18s_18s_18_2_0_U7915/u2,9,0,0,"",""
l1_neighbor_channel,grp_l1_neighbor_channel_false_13_true_s_fu_7074/add_18s_18s_18_2_0_U7916/u1,9,0,0,"",""
l1_neighbor_channel,grp_l1_neighbor_channel_false_13_true_s_fu_7074/add_18s_18s_18_2_0_U7916/u2,9,0,0,"",""
l1_neighbor_channel,grp_l1_neighbor_channel_false_14_true_s_fu_7206/add_18s_18s_18_2_0_U8165,18,18,0,"",""
l1_neighbor_channel,grp_l1_neighbor_channel_false_14_true_s_fu_7206/add_18s_18s_18_2_0_U8166,18,18,0,"",""
l1_neighbor_channel,grp_l1_neighbor_channel_false_14_true_s_fu_7206/add_18s_18s_18_2_0_U8167,18,18,0,"",""
l1_neighbor_channel,grp_l1_neighbor_channel_false_14_true_s_fu_7206/add_18s_18s_18_2_0_U8168,18,18,0,"",""
l1_neighbor_channel,grp_l1_neighbor_channel_false_14_true_s_fu_7206/add_18s_18s_18_2_0_U8169,18,18,0,"",""
l1_neighbor_channel,grp_l1_neighbor_channel_false_14_true_s_fu_7206/add_18s_18s_18_2_0_U8170,18,18,0,"",""
l1_neighbor_channel,grp_l1_neighbor_channel_false_14_true_s_fu_7206/add_18s_18s_18_2_0_U8171,18,18,0,"",""
l1_neighbor_channel,grp_l1_neighbor_channel_false_14_true_s_fu_7206/add_18s_18s_18_2_0_U8172,18,18,0,"",""
l1_neighbor_channel,grp_l1_neighbor_channel_false_14_true_s_fu_7206/mul_8s_6s_14_4_0_U8050,0,22,0,"",""
l1_neighbor_channel,grp_l1_neighbor_channel_false_14_true_s_fu_7206/mul_8s_6s_14_4_0_U8051,0,16,0,"",""
l1_neighbor_channel,grp_l1_neighbor_channel_false_14_true_s_fu_7206/mul_8s_6s_14_4_0_U8052,0,23,0,"",""
l1_neighbor_channel,grp_l1_neighbor_channel_false_14_true_s_fu_7206/mul_8s_6s_14_4_0_U8060,0,22,0,"",""
l1_neighbor_channel,grp_l1_neighbor_channel_false_14_true_s_fu_7206/mul_8s_6s_14_4_0_U8061,0,16,0,"",""
l1_neighbor_channel,grp_l1_neighbor_channel_false_14_true_s_fu_7206/mul_8s_6s_14_4_0_U8062,0,23,0,"",""
l1_neighbor_channel,grp_l1_neighbor_channel_false_14_true_s_fu_7206/mul_8s_6s_14_4_0_U8070,0,22,0,"",""
l1_neighbor_channel,grp_l1_neighbor_channel_false_14_true_s_fu_7206/mul_8s_6s_14_4_0_U8071,0,16,0,"",""
l1_neighbor_channel,grp_l1_neighbor_channel_false_14_true_s_fu_7206/mul_8s_6s_14_4_0_U8072,0,23,0,"",""
l1_neighbor_channel,grp_l1_neighbor_channel_false_14_true_s_fu_7206/mul_8s_6s_14_4_0_U8080,0,22,0,"",""
l1_neighbor_channel,grp_l1_neighbor_channel_false_14_true_s_fu_7206/mul_8s_6s_14_4_0_U8081,0,16,0,"",""
l1_neighbor_channel,grp_l1_neighbor_channel_false_14_true_s_fu_7206/mul_8s_6s_14_4_0_U8082,0,23,0,"",""
l1_neighbor_channel,grp_l1_neighbor_channel_false_14_true_s_fu_7206/mul_8s_6s_14_4_0_U8090,0,22,0,"",""
l1_neighbor_channel,grp_l1_neighbor_channel_false_14_true_s_fu_7206/mul_8s_6s_14_4_0_U8091,0,16,0,"",""
l1_neighbor_channel,grp_l1_neighbor_channel_false_14_true_s_fu_7206/mul_8s_6s_14_4_0_U8092,0,23,0,"",""
l1_neighbor_channel,grp_l1_neighbor_channel_false_14_true_s_fu_7206/mul_8s_6s_14_4_0_U8100,0,22,0,"",""
l1_neighbor_channel,grp_l1_neighbor_channel_false_14_true_s_fu_7206/mul_8s_6s_14_4_0_U8101,0,16,0,"",""
l1_neighbor_channel,grp_l1_neighbor_channel_false_14_true_s_fu_7206/mul_8s_6s_14_4_0_U8102,0,23,0,"",""
l1_neighbor_channel,grp_l1_neighbor_channel_false_14_true_s_fu_7206/mul_8s_6s_14_4_0_U8110,0,22,0,"",""
l1_neighbor_channel,grp_l1_neighbor_channel_false_14_true_s_fu_7206/mul_8s_6s_14_4_0_U8111,0,16,0,"",""
l1_neighbor_channel,grp_l1_neighbor_channel_false_14_true_s_fu_7206/mul_8s_6s_14_4_0_U8112,0,23,0,"",""
l1_neighbor_channel,grp_l1_neighbor_channel_false_14_true_s_fu_7206/mul_8s_6s_14_4_0_U8120,0,22,0,"",""
l1_neighbor_channel,grp_l1_neighbor_channel_false_14_true_s_fu_7206/mul_8s_6s_14_4_0_U8121,0,16,0,"",""
l1_neighbor_channel,grp_l1_neighbor_channel_false_14_true_s_fu_7206/mul_8s_6s_14_4_0_U8122,0,23,0,"",""
l1_neighbor_channel,grp_l1_neighbor_channel_false_14_true_s_fu_7206/mul_8s_7ns_15_4_0_U8046,2,24,0,"",""
l1_neighbor_channel,grp_l1_neighbor_channel_false_14_true_s_fu_7206/mul_8s_7ns_15_4_0_U8056,2,24,0,"",""
l1_neighbor_channel,grp_l1_neighbor_channel_false_14_true_s_fu_7206/mul_8s_7ns_15_4_0_U8066,2,24,0,"",""
l1_neighbor_channel,grp_l1_neighbor_channel_false_14_true_s_fu_7206/mul_8s_7ns_15_4_0_U8076,2,24,0,"",""
l1_neighbor_channel,grp_l1_neighbor_channel_false_14_true_s_fu_7206/mul_8s_7ns_15_4_0_U8086,2,24,0,"",""
l1_neighbor_channel,grp_l1_neighbor_channel_false_14_true_s_fu_7206/mul_8s_7ns_15_4_0_U8096,2,24,0,"",""
l1_neighbor_channel,grp_l1_neighbor_channel_false_14_true_s_fu_7206/mul_8s_7ns_15_4_0_U8106,2,24,0,"",""
l1_neighbor_channel,grp_l1_neighbor_channel_false_14_true_s_fu_7206/mul_8s_7ns_15_4_0_U8116,2,24,0,"",""
l1_neighbor_channel,grp_l1_neighbor_channel_false_14_true_s_fu_7206/mul_8s_7s_15_4_0_U8049,0,29,0,"",""
l1_neighbor_channel,grp_l1_neighbor_channel_false_14_true_s_fu_7206/mul_8s_7s_15_4_0_U8053,0,28,0,"",""
l1_neighbor_channel,grp_l1_neighbor_channel_false_14_true_s_fu_7206/mul_8s_7s_15_4_0_U8059,0,29,0,"",""
l1_neighbor_channel,grp_l1_neighbor_channel_false_14_true_s_fu_7206/mul_8s_7s_15_4_0_U8063,0,28,0,"",""
l1_neighbor_channel,grp_l1_neighbor_channel_false_14_true_s_fu_7206/mul_8s_7s_15_4_0_U8069,0,29,0,"",""
l1_neighbor_channel,grp_l1_neighbor_channel_false_14_true_s_fu_7206/mul_8s_7s_15_4_0_U8073,0,28,0,"",""
l1_neighbor_channel,grp_l1_neighbor_channel_false_14_true_s_fu_7206/mul_8s_7s_15_4_0_U8079,0,29,0,"",""
l1_neighbor_channel,grp_l1_neighbor_channel_false_14_true_s_fu_7206/mul_8s_7s_15_4_0_U8083,0,28,0,"",""
l1_neighbor_channel,grp_l1_neighbor_channel_false_14_true_s_fu_7206/mul_8s_7s_15_4_0_U8089,0,30,0,"",""
l1_neighbor_channel,grp_l1_neighbor_channel_false_14_true_s_fu_7206/mul_8s_7s_15_4_0_U8093,0,28,0,"",""
l1_neighbor_channel,grp_l1_neighbor_channel_false_14_true_s_fu_7206/mul_8s_7s_15_4_0_U8099,0,30,0,"",""
l1_neighbor_channel,grp_l1_neighbor_channel_false_14_true_s_fu_7206/mul_8s_7s_15_4_0_U8103,0,28,0,"",""
l1_neighbor_channel,grp_l1_neighbor_channel_false_14_true_s_fu_7206/mul_8s_7s_15_4_0_U8109,0,29,0,"",""
l1_neighbor_channel,grp_l1_neighbor_channel_false_14_true_s_fu_7206/mul_8s_7s_15_4_0_U8113,0,28,0,"",""
l1_neighbor_channel,grp_l1_neighbor_channel_false_14_true_s_fu_7206/mul_8s_7s_15_4_0_U8119,0,29,0,"",""
l1_neighbor_channel,grp_l1_neighbor_channel_false_14_true_s_fu_7206/mul_8s_7s_15_4_0_U8123,0,28,0,"",""
l1_neighbor_channel,grp_l1_neighbor_channel_false_14_true_s_fu_7206/mul_8s_8ns_16_4_0_U8045,6,24,0,"",""
l1_neighbor_channel,grp_l1_neighbor_channel_false_14_true_s_fu_7206/mul_8s_8ns_16_4_0_U8047,0,26,0,"",""
l1_neighbor_channel,grp_l1_neighbor_channel_false_14_true_s_fu_7206/mul_8s_8ns_16_4_0_U8048,6,28,0,"",""
l1_neighbor_channel,grp_l1_neighbor_channel_false_14_true_s_fu_7206/mul_8s_8ns_16_4_0_U8055,6,24,0,"",""
l1_neighbor_channel,grp_l1_neighbor_channel_false_14_true_s_fu_7206/mul_8s_8ns_16_4_0_U8057,0,26,0,"",""
l1_neighbor_channel,grp_l1_neighbor_channel_false_14_true_s_fu_7206/mul_8s_8ns_16_4_0_U8058,6,28,0,"",""
l1_neighbor_channel,grp_l1_neighbor_channel_false_14_true_s_fu_7206/mul_8s_8ns_16_4_0_U8065,6,24,0,"",""
l1_neighbor_channel,grp_l1_neighbor_channel_false_14_true_s_fu_7206/mul_8s_8ns_16_4_0_U8067,0,26,0,"",""
l1_neighbor_channel,grp_l1_neighbor_channel_false_14_true_s_fu_7206/mul_8s_8ns_16_4_0_U8068,6,28,0,"",""
l1_neighbor_channel,grp_l1_neighbor_channel_false_14_true_s_fu_7206/mul_8s_8ns_16_4_0_U8075,6,24,0,"",""
l1_neighbor_channel,grp_l1_neighbor_channel_false_14_true_s_fu_7206/mul_8s_8ns_16_4_0_U8077,0,26,0,"",""
l1_neighbor_channel,grp_l1_neighbor_channel_false_14_true_s_fu_7206/mul_8s_8ns_16_4_0_U8078,6,28,0,"",""
l1_neighbor_channel,grp_l1_neighbor_channel_false_14_true_s_fu_7206/mul_8s_8ns_16_4_0_U8085,6,24,0,"",""
l1_neighbor_channel,grp_l1_neighbor_channel_false_14_true_s_fu_7206/mul_8s_8ns_16_4_0_U8087,0,26,0,"",""
l1_neighbor_channel,grp_l1_neighbor_channel_false_14_true_s_fu_7206/mul_8s_8ns_16_4_0_U8088,6,28,0,"",""
l1_neighbor_channel,grp_l1_neighbor_channel_false_14_true_s_fu_7206/mul_8s_8ns_16_4_0_U8095,6,24,0,"",""
l1_neighbor_channel,grp_l1_neighbor_channel_false_14_true_s_fu_7206/mul_8s_8ns_16_4_0_U8097,0,26,0,"",""
l1_neighbor_channel,grp_l1_neighbor_channel_false_14_true_s_fu_7206/mul_8s_8ns_16_4_0_U8098,6,28,0,"",""
l1_neighbor_channel,grp_l1_neighbor_channel_false_14_true_s_fu_7206/mul_8s_8ns_16_4_0_U8105,6,24,0,"",""
l1_neighbor_channel,grp_l1_neighbor_channel_false_14_true_s_fu_7206/mul_8s_8ns_16_4_0_U8107,0,26,0,"",""
l1_neighbor_channel,grp_l1_neighbor_channel_false_14_true_s_fu_7206/mul_8s_8ns_16_4_0_U8108,6,28,0,"",""
l1_neighbor_channel,grp_l1_neighbor_channel_false_14_true_s_fu_7206/mul_8s_8ns_16_4_0_U8115,6,24,0,"",""
l1_neighbor_channel,grp_l1_neighbor_channel_false_14_true_s_fu_7206/mul_8s_8ns_16_4_0_U8117,0,26,0,"",""
l1_neighbor_channel,grp_l1_neighbor_channel_false_14_true_s_fu_7206/mul_8s_8ns_16_4_0_U8118,6,28,0,"",""
l1_neighbor_channel,grp_l1_neighbor_channel_false_14_true_s_fu_7206/mul_8s_8ns_16_4_0_U8125,1,22,0,"",""
l1_neighbor_channel,grp_l1_neighbor_channel_false_14_true_s_fu_7206/mul_8s_8ns_16_4_0_U8127,1,28,0,"",""
l1_neighbor_channel,grp_l1_neighbor_channel_false_14_true_s_fu_7206/mul_8s_8ns_16_4_0_U8128,0,18,0,"",""
l1_neighbor_channel,grp_l1_neighbor_channel_false_14_true_s_fu_7206/mul_8s_8ns_16_4_0_U8129,1,28,0,"",""
l1_neighbor_channel,grp_l1_neighbor_channel_false_14_true_s_fu_7206/mul_8s_8ns_16_4_0_U8130,1,22,0,"",""
l1_neighbor_channel,grp_l1_neighbor_channel_false_14_true_s_fu_7206/mul_8s_8ns_16_4_0_U8132,1,28,0,"",""
l1_neighbor_channel,grp_l1_neighbor_channel_false_14_true_s_fu_7206/mul_8s_8ns_16_4_0_U8133,0,18,0,"",""
l1_neighbor_channel,grp_l1_neighbor_channel_false_14_true_s_fu_7206/mul_8s_8ns_16_4_0_U8134,1,28,0,"",""
l1_neighbor_channel,grp_l1_neighbor_channel_false_14_true_s_fu_7206/mul_8s_8ns_16_4_0_U8135,1,22,0,"",""
l1_neighbor_channel,grp_l1_neighbor_channel_false_14_true_s_fu_7206/mul_8s_8ns_16_4_0_U8137,1,28,0,"",""
l1_neighbor_channel,grp_l1_neighbor_channel_false_14_true_s_fu_7206/mul_8s_8ns_16_4_0_U8138,0,18,0,"",""
l1_neighbor_channel,grp_l1_neighbor_channel_false_14_true_s_fu_7206/mul_8s_8ns_16_4_0_U8139,1,28,0,"",""
l1_neighbor_channel,grp_l1_neighbor_channel_false_14_true_s_fu_7206/mul_8s_8ns_16_4_0_U8140,1,22,0,"",""
l1_neighbor_channel,grp_l1_neighbor_channel_false_14_true_s_fu_7206/mul_8s_8ns_16_4_0_U8142,1,28,0,"",""
l1_neighbor_channel,grp_l1_neighbor_channel_false_14_true_s_fu_7206/mul_8s_8ns_16_4_0_U8143,0,18,0,"",""
l1_neighbor_channel,grp_l1_neighbor_channel_false_14_true_s_fu_7206/mul_8s_8ns_16_4_0_U8144,1,28,0,"",""
l1_neighbor_channel,grp_l1_neighbor_channel_false_14_true_s_fu_7206/mul_8s_8ns_16_4_0_U8145,1,22,0,"",""
l1_neighbor_channel,grp_l1_neighbor_channel_false_14_true_s_fu_7206/mul_8s_8ns_16_4_0_U8147,1,28,0,"",""
l1_neighbor_channel,grp_l1_neighbor_channel_false_14_true_s_fu_7206/mul_8s_8ns_16_4_0_U8148,0,18,0,"",""
l1_neighbor_channel,grp_l1_neighbor_channel_false_14_true_s_fu_7206/mul_8s_8ns_16_4_0_U8149,1,28,0,"",""
l1_neighbor_channel,grp_l1_neighbor_channel_false_14_true_s_fu_7206/mul_8s_8ns_16_4_0_U8150,1,22,0,"",""
l1_neighbor_channel,grp_l1_neighbor_channel_false_14_true_s_fu_7206/mul_8s_8ns_16_4_0_U8152,1,28,0,"",""
l1_neighbor_channel,grp_l1_neighbor_channel_false_14_true_s_fu_7206/mul_8s_8ns_16_4_0_U8153,0,18,0,"",""
l1_neighbor_channel,grp_l1_neighbor_channel_false_14_true_s_fu_7206/mul_8s_8ns_16_4_0_U8154,1,28,0,"",""
l1_neighbor_channel,grp_l1_neighbor_channel_false_14_true_s_fu_7206/mul_8s_8ns_16_4_0_U8155,1,22,0,"",""
l1_neighbor_channel,grp_l1_neighbor_channel_false_14_true_s_fu_7206/mul_8s_8ns_16_4_0_U8157,1,28,0,"",""
l1_neighbor_channel,grp_l1_neighbor_channel_false_14_true_s_fu_7206/mul_8s_8ns_16_4_0_U8158,0,18,0,"",""
l1_neighbor_channel,grp_l1_neighbor_channel_false_14_true_s_fu_7206/mul_8s_8ns_16_4_0_U8159,1,28,0,"",""
l1_neighbor_channel,grp_l1_neighbor_channel_false_14_true_s_fu_7206/mul_8s_8ns_16_4_0_U8160,1,22,0,"",""
l1_neighbor_channel,grp_l1_neighbor_channel_false_14_true_s_fu_7206/mul_8s_8ns_16_4_0_U8162,1,28,0,"",""
l1_neighbor_channel,grp_l1_neighbor_channel_false_14_true_s_fu_7206/mul_8s_8ns_16_4_0_U8163,0,18,0,"",""
l1_neighbor_channel,grp_l1_neighbor_channel_false_14_true_s_fu_7206/mul_8s_8ns_16_4_0_U8164,1,28,0,"",""
l1_neighbor_channel,grp_l1_neighbor_channel_false_14_true_s_fu_7206/mul_8s_8s_16_4_0_U8054,1,24,0,"",""
l1_neighbor_channel,grp_l1_neighbor_channel_false_14_true_s_fu_7206/mul_8s_8s_16_4_0_U8064,1,24,0,"",""
l1_neighbor_channel,grp_l1_neighbor_channel_false_14_true_s_fu_7206/mul_8s_8s_16_4_0_U8074,1,24,0,"",""
l1_neighbor_channel,grp_l1_neighbor_channel_false_14_true_s_fu_7206/mul_8s_8s_16_4_0_U8084,1,24,0,"",""
l1_neighbor_channel,grp_l1_neighbor_channel_false_14_true_s_fu_7206/mul_8s_8s_16_4_0_U8094,1,24,0,"",""
l1_neighbor_channel,grp_l1_neighbor_channel_false_14_true_s_fu_7206/mul_8s_8s_16_4_0_U8104,1,24,0,"",""
l1_neighbor_channel,grp_l1_neighbor_channel_false_14_true_s_fu_7206/mul_8s_8s_16_4_0_U8114,1,24,0,"",""
l1_neighbor_channel,grp_l1_neighbor_channel_false_14_true_s_fu_7206/mul_8s_8s_16_4_0_U8124,1,24,0,"",""
l1_neighbor_channel,grp_l1_neighbor_channel_false_14_true_s_fu_7206/mul_8s_8s_16_4_0_U8126,1,30,0,"",""
l1_neighbor_channel,grp_l1_neighbor_channel_false_14_true_s_fu_7206/mul_8s_8s_16_4_0_U8131,1,30,0,"",""
l1_neighbor_channel,grp_l1_neighbor_channel_false_14_true_s_fu_7206/mul_8s_8s_16_4_0_U8136,1,30,0,"",""
l1_neighbor_channel,grp_l1_neighbor_channel_false_14_true_s_fu_7206/mul_8s_8s_16_4_0_U8141,1,30,0,"",""
l1_neighbor_channel,grp_l1_neighbor_channel_false_14_true_s_fu_7206/mul_8s_8s_16_4_0_U8146,1,30,0,"",""
l1_neighbor_channel,grp_l1_neighbor_channel_false_14_true_s_fu_7206/mul_8s_8s_16_4_0_U8151,1,30,0,"",""
l1_neighbor_channel,grp_l1_neighbor_channel_false_14_true_s_fu_7206/mul_8s_8s_16_4_0_U8156,1,30,0,"",""
l1_neighbor_channel,grp_l1_neighbor_channel_false_14_true_s_fu_7206/mul_8s_8s_16_4_0_U8161,1,30,0,"",""
l1_neighbor_channel,grp_l1_neighbor_channel_false_14_true_s_fu_7206/add_18s_18s_18_2_0_U8165/u1,9,0,0,"",""
l1_neighbor_channel,grp_l1_neighbor_channel_false_14_true_s_fu_7206/add_18s_18s_18_2_0_U8165/u2,9,0,0,"",""
l1_neighbor_channel,grp_l1_neighbor_channel_false_14_true_s_fu_7206/add_18s_18s_18_2_0_U8166/u1,9,0,0,"",""
l1_neighbor_channel,grp_l1_neighbor_channel_false_14_true_s_fu_7206/add_18s_18s_18_2_0_U8166/u2,9,0,0,"",""
l1_neighbor_channel,grp_l1_neighbor_channel_false_14_true_s_fu_7206/add_18s_18s_18_2_0_U8167/u1,9,0,0,"",""
l1_neighbor_channel,grp_l1_neighbor_channel_false_14_true_s_fu_7206/add_18s_18s_18_2_0_U8167/u2,9,0,0,"",""
l1_neighbor_channel,grp_l1_neighbor_channel_false_14_true_s_fu_7206/add_18s_18s_18_2_0_U8168/u1,9,0,0,"",""
l1_neighbor_channel,grp_l1_neighbor_channel_false_14_true_s_fu_7206/add_18s_18s_18_2_0_U8168/u2,9,0,0,"",""
l1_neighbor_channel,grp_l1_neighbor_channel_false_14_true_s_fu_7206/add_18s_18s_18_2_0_U8169/u1,9,0,0,"",""
l1_neighbor_channel,grp_l1_neighbor_channel_false_14_true_s_fu_7206/add_18s_18s_18_2_0_U8169/u2,9,0,0,"",""
l1_neighbor_channel,grp_l1_neighbor_channel_false_14_true_s_fu_7206/add_18s_18s_18_2_0_U8170/u1,9,0,0,"",""
l1_neighbor_channel,grp_l1_neighbor_channel_false_14_true_s_fu_7206/add_18s_18s_18_2_0_U8170/u2,9,0,0,"",""
l1_neighbor_channel,grp_l1_neighbor_channel_false_14_true_s_fu_7206/add_18s_18s_18_2_0_U8171/u1,9,0,0,"",""
l1_neighbor_channel,grp_l1_neighbor_channel_false_14_true_s_fu_7206/add_18s_18s_18_2_0_U8171/u2,9,0,0,"",""
l1_neighbor_channel,grp_l1_neighbor_channel_false_14_true_s_fu_7206/add_18s_18s_18_2_0_U8172/u1,9,0,0,"",""
l1_neighbor_channel,grp_l1_neighbor_channel_false_14_true_s_fu_7206/add_18s_18s_18_2_0_U8172/u2,9,0,0,"",""
l1_neighbor_channel,grp_l1_neighbor_channel_false_15_true_s_fu_7330/add_18ns_18s_18_2_0_U8397,18,19,0,"",""
l1_neighbor_channel,grp_l1_neighbor_channel_false_15_true_s_fu_7330/add_18ns_18s_18_2_0_U8398,18,19,0,"",""
l1_neighbor_channel,grp_l1_neighbor_channel_false_15_true_s_fu_7330/add_18ns_18s_18_2_0_U8399,18,19,0,"",""
l1_neighbor_channel,grp_l1_neighbor_channel_false_15_true_s_fu_7330/add_18ns_18s_18_2_0_U8400,18,19,0,"",""
l1_neighbor_channel,grp_l1_neighbor_channel_false_15_true_s_fu_7330/add_18ns_18s_18_2_0_U8401,18,19,0,"",""
l1_neighbor_channel,grp_l1_neighbor_channel_false_15_true_s_fu_7330/add_18ns_18s_18_2_0_U8402,18,19,0,"",""
l1_neighbor_channel,grp_l1_neighbor_channel_false_15_true_s_fu_7330/add_18ns_18s_18_2_0_U8403,18,19,0,"",""
l1_neighbor_channel,grp_l1_neighbor_channel_false_15_true_s_fu_7330/add_18ns_18s_18_2_0_U8404,18,19,0,"",""
l1_neighbor_channel,grp_l1_neighbor_channel_false_15_true_s_fu_7330/am_addmul_8s_8s_8s_16_4_0_U8405,0,0,9,"",""
l1_neighbor_channel,grp_l1_neighbor_channel_false_15_true_s_fu_7330/am_addmul_8s_8s_8s_16_4_0_U8406,0,0,9,"",""
l1_neighbor_channel,grp_l1_neighbor_channel_false_15_true_s_fu_7330/am_addmul_8s_8s_8s_16_4_0_U8407,0,0,9,"",""
l1_neighbor_channel,grp_l1_neighbor_channel_false_15_true_s_fu_7330/am_addmul_8s_8s_8s_16_4_0_U8408,0,0,9,"",""
l1_neighbor_channel,grp_l1_neighbor_channel_false_15_true_s_fu_7330/am_addmul_8s_8s_8s_16_4_0_U8409,0,0,9,"",""
l1_neighbor_channel,grp_l1_neighbor_channel_false_15_true_s_fu_7330/am_addmul_8s_8s_8s_16_4_0_U8410,0,0,9,"",""
l1_neighbor_channel,grp_l1_neighbor_channel_false_15_true_s_fu_7330/am_addmul_8s_8s_8s_16_4_0_U8411,0,0,9,"",""
l1_neighbor_channel,grp_l1_neighbor_channel_false_15_true_s_fu_7330/am_addmul_8s_8s_8s_16_4_0_U8412,0,0,9,"",""
l1_neighbor_channel,grp_l1_neighbor_channel_false_15_true_s_fu_7330/mul_8s_5s_13_4_0_U8294,0,24,0,"",""
l1_neighbor_channel,grp_l1_neighbor_channel_false_15_true_s_fu_7330/mul_8s_5s_13_4_0_U8307,0,24,0,"",""
l1_neighbor_channel,grp_l1_neighbor_channel_false_15_true_s_fu_7330/mul_8s_5s_13_4_0_U8320,0,24,0,"",""
l1_neighbor_channel,grp_l1_neighbor_channel_false_15_true_s_fu_7330/mul_8s_5s_13_4_0_U8333,0,22,0,"",""
l1_neighbor_channel,grp_l1_neighbor_channel_false_15_true_s_fu_7330/mul_8s_5s_13_4_0_U8346,0,22,0,"",""
l1_neighbor_channel,grp_l1_neighbor_channel_false_15_true_s_fu_7330/mul_8s_5s_13_4_0_U8359,0,24,0,"",""
l1_neighbor_channel,grp_l1_neighbor_channel_false_15_true_s_fu_7330/mul_8s_5s_13_4_0_U8372,0,24,0,"",""
l1_neighbor_channel,grp_l1_neighbor_channel_false_15_true_s_fu_7330/mul_8s_5s_13_4_0_U8385,0,24,0,"",""
l1_neighbor_channel,grp_l1_neighbor_channel_false_15_true_s_fu_7330/mul_8s_6ns_14_4_0_U8305,0,23,0,"",""
l1_neighbor_channel,grp_l1_neighbor_channel_false_15_true_s_fu_7330/mul_8s_6ns_14_4_0_U8318,0,23,0,"",""
l1_neighbor_channel,grp_l1_neighbor_channel_false_15_true_s_fu_7330/mul_8s_6ns_14_4_0_U8331,0,23,0,"",""
l1_neighbor_channel,grp_l1_neighbor_channel_false_15_true_s_fu_7330/mul_8s_6ns_14_4_0_U8344,0,23,0,"",""
l1_neighbor_channel,grp_l1_neighbor_channel_false_15_true_s_fu_7330/mul_8s_6ns_14_4_0_U8357,0,23,0,"",""
l1_neighbor_channel,grp_l1_neighbor_channel_false_15_true_s_fu_7330/mul_8s_6ns_14_4_0_U8370,0,23,0,"",""
l1_neighbor_channel,grp_l1_neighbor_channel_false_15_true_s_fu_7330/mul_8s_6ns_14_4_0_U8383,0,23,0,"",""
l1_neighbor_channel,grp_l1_neighbor_channel_false_15_true_s_fu_7330/mul_8s_6ns_14_4_0_U8396,0,23,0,"",""
l1_neighbor_channel,grp_l1_neighbor_channel_false_15_true_s_fu_7330/mul_8s_7ns_15_4_0_U8303,0,29,0,"",""
l1_neighbor_channel,grp_l1_neighbor_channel_false_15_true_s_fu_7330/mul_8s_7ns_15_4_0_U8316,0,29,0,"",""
l1_neighbor_channel,grp_l1_neighbor_channel_false_15_true_s_fu_7330/mul_8s_7ns_15_4_0_U8329,0,29,0,"",""
l1_neighbor_channel,grp_l1_neighbor_channel_false_15_true_s_fu_7330/mul_8s_7ns_15_4_0_U8342,0,29,0,"",""
l1_neighbor_channel,grp_l1_neighbor_channel_false_15_true_s_fu_7330/mul_8s_7ns_15_4_0_U8355,0,29,0,"",""
l1_neighbor_channel,grp_l1_neighbor_channel_false_15_true_s_fu_7330/mul_8s_7ns_15_4_0_U8368,0,29,0,"",""
l1_neighbor_channel,grp_l1_neighbor_channel_false_15_true_s_fu_7330/mul_8s_7ns_15_4_0_U8381,0,29,0,"",""
l1_neighbor_channel,grp_l1_neighbor_channel_false_15_true_s_fu_7330/mul_8s_7ns_15_4_0_U8394,0,29,0,"",""
l1_neighbor_channel,grp_l1_neighbor_channel_false_15_true_s_fu_7330/mul_8s_7s_15_4_0_U8295,14,26,0,"",""
l1_neighbor_channel,grp_l1_neighbor_channel_false_15_true_s_fu_7330/mul_8s_7s_15_4_0_U8297,0,22,0,"",""
l1_neighbor_channel,grp_l1_neighbor_channel_false_15_true_s_fu_7330/mul_8s_7s_15_4_0_U8298,0,29,0,"",""
l1_neighbor_channel,grp_l1_neighbor_channel_false_15_true_s_fu_7330/mul_8s_7s_15_4_0_U8304,0,18,0,"",""
l1_neighbor_channel,grp_l1_neighbor_channel_false_15_true_s_fu_7330/mul_8s_7s_15_4_0_U8308,14,26,0,"",""
l1_neighbor_channel,grp_l1_neighbor_channel_false_15_true_s_fu_7330/mul_8s_7s_15_4_0_U8310,0,22,0,"",""
l1_neighbor_channel,grp_l1_neighbor_channel_false_15_true_s_fu_7330/mul_8s_7s_15_4_0_U8311,0,29,0,"",""
l1_neighbor_channel,grp_l1_neighbor_channel_false_15_true_s_fu_7330/mul_8s_7s_15_4_0_U8317,0,18,0,"",""
l1_neighbor_channel,grp_l1_neighbor_channel_false_15_true_s_fu_7330/mul_8s_7s_15_4_0_U8321,14,26,0,"",""
l1_neighbor_channel,grp_l1_neighbor_channel_false_15_true_s_fu_7330/mul_8s_7s_15_4_0_U8323,0,22,0,"",""
l1_neighbor_channel,grp_l1_neighbor_channel_false_15_true_s_fu_7330/mul_8s_7s_15_4_0_U8324,0,29,0,"",""
l1_neighbor_channel,grp_l1_neighbor_channel_false_15_true_s_fu_7330/mul_8s_7s_15_4_0_U8330,0,18,0,"",""
l1_neighbor_channel,grp_l1_neighbor_channel_false_15_true_s_fu_7330/mul_8s_7s_15_4_0_U8334,14,26,0,"",""
l1_neighbor_channel,grp_l1_neighbor_channel_false_15_true_s_fu_7330/mul_8s_7s_15_4_0_U8336,0,20,0,"",""
l1_neighbor_channel,grp_l1_neighbor_channel_false_15_true_s_fu_7330/mul_8s_7s_15_4_0_U8337,0,29,0,"",""
l1_neighbor_channel,grp_l1_neighbor_channel_false_15_true_s_fu_7330/mul_8s_7s_15_4_0_U8343,0,18,0,"",""
l1_neighbor_channel,grp_l1_neighbor_channel_false_15_true_s_fu_7330/mul_8s_7s_15_4_0_U8347,14,26,0,"",""
l1_neighbor_channel,grp_l1_neighbor_channel_false_15_true_s_fu_7330/mul_8s_7s_15_4_0_U8349,0,20,0,"",""
l1_neighbor_channel,grp_l1_neighbor_channel_false_15_true_s_fu_7330/mul_8s_7s_15_4_0_U8350,0,30,0,"",""
l1_neighbor_channel,grp_l1_neighbor_channel_false_15_true_s_fu_7330/mul_8s_7s_15_4_0_U8356,0,18,0,"",""
l1_neighbor_channel,grp_l1_neighbor_channel_false_15_true_s_fu_7330/mul_8s_7s_15_4_0_U8360,14,26,0,"",""
l1_neighbor_channel,grp_l1_neighbor_channel_false_15_true_s_fu_7330/mul_8s_7s_15_4_0_U8362,0,22,0,"",""
l1_neighbor_channel,grp_l1_neighbor_channel_false_15_true_s_fu_7330/mul_8s_7s_15_4_0_U8363,0,29,0,"",""
l1_neighbor_channel,grp_l1_neighbor_channel_false_15_true_s_fu_7330/mul_8s_7s_15_4_0_U8369,0,18,0,"",""
l1_neighbor_channel,grp_l1_neighbor_channel_false_15_true_s_fu_7330/mul_8s_7s_15_4_0_U8373,14,26,0,"",""
l1_neighbor_channel,grp_l1_neighbor_channel_false_15_true_s_fu_7330/mul_8s_7s_15_4_0_U8375,0,20,0,"",""
l1_neighbor_channel,grp_l1_neighbor_channel_false_15_true_s_fu_7330/mul_8s_7s_15_4_0_U8376,0,29,0,"",""
l1_neighbor_channel,grp_l1_neighbor_channel_false_15_true_s_fu_7330/mul_8s_7s_15_4_0_U8382,0,18,0,"",""
l1_neighbor_channel,grp_l1_neighbor_channel_false_15_true_s_fu_7330/mul_8s_7s_15_4_0_U8386,14,26,0,"",""
l1_neighbor_channel,grp_l1_neighbor_channel_false_15_true_s_fu_7330/mul_8s_7s_15_4_0_U8388,0,22,0,"",""
l1_neighbor_channel,grp_l1_neighbor_channel_false_15_true_s_fu_7330/mul_8s_7s_15_4_0_U8389,0,29,0,"",""
l1_neighbor_channel,grp_l1_neighbor_channel_false_15_true_s_fu_7330/mul_8s_7s_15_4_0_U8395,0,18,0,"",""
l1_neighbor_channel,grp_l1_neighbor_channel_false_15_true_s_fu_7330/mul_8s_8ns_16_4_0_U8293,4,26,0,"",""
l1_neighbor_channel,grp_l1_neighbor_channel_false_15_true_s_fu_7330/mul_8s_8ns_16_4_0_U8296,11,20,0,"",""
l1_neighbor_channel,grp_l1_neighbor_channel_false_15_true_s_fu_7330/mul_8s_8ns_16_4_0_U8299,13,20,0,"",""
l1_neighbor_channel,grp_l1_neighbor_channel_false_15_true_s_fu_7330/mul_8s_8ns_16_4_0_U8301,6,28,0,"",""
l1_neighbor_channel,grp_l1_neighbor_channel_false_15_true_s_fu_7330/mul_8s_8ns_16_4_0_U8302,85,24,0,"",""
l1_neighbor_channel,grp_l1_neighbor_channel_false_15_true_s_fu_7330/mul_8s_8ns_16_4_0_U8306,4,26,0,"",""
l1_neighbor_channel,grp_l1_neighbor_channel_false_15_true_s_fu_7330/mul_8s_8ns_16_4_0_U8309,11,20,0,"",""
l1_neighbor_channel,grp_l1_neighbor_channel_false_15_true_s_fu_7330/mul_8s_8ns_16_4_0_U8312,13,20,0,"",""
l1_neighbor_channel,grp_l1_neighbor_channel_false_15_true_s_fu_7330/mul_8s_8ns_16_4_0_U8314,6,28,0,"",""
l1_neighbor_channel,grp_l1_neighbor_channel_false_15_true_s_fu_7330/mul_8s_8ns_16_4_0_U8315,85,24,0,"",""
l1_neighbor_channel,grp_l1_neighbor_channel_false_15_true_s_fu_7330/mul_8s_8ns_16_4_0_U8319,4,26,0,"",""
l1_neighbor_channel,grp_l1_neighbor_channel_false_15_true_s_fu_7330/mul_8s_8ns_16_4_0_U8322,11,20,0,"",""
l1_neighbor_channel,grp_l1_neighbor_channel_false_15_true_s_fu_7330/mul_8s_8ns_16_4_0_U8325,13,20,0,"",""
l1_neighbor_channel,grp_l1_neighbor_channel_false_15_true_s_fu_7330/mul_8s_8ns_16_4_0_U8327,6,28,0,"",""
l1_neighbor_channel,grp_l1_neighbor_channel_false_15_true_s_fu_7330/mul_8s_8ns_16_4_0_U8328,80,24,0,"",""
l1_neighbor_channel,grp_l1_neighbor_channel_false_15_true_s_fu_7330/mul_8s_8ns_16_4_0_U8332,4,26,0,"",""
l1_neighbor_channel,grp_l1_neighbor_channel_false_15_true_s_fu_7330/mul_8s_8ns_16_4_0_U8335,11,20,0,"",""
l1_neighbor_channel,grp_l1_neighbor_channel_false_15_true_s_fu_7330/mul_8s_8ns_16_4_0_U8338,13,20,0,"",""
l1_neighbor_channel,grp_l1_neighbor_channel_false_15_true_s_fu_7330/mul_8s_8ns_16_4_0_U8340,6,28,0,"",""
l1_neighbor_channel,grp_l1_neighbor_channel_false_15_true_s_fu_7330/mul_8s_8ns_16_4_0_U8341,80,24,0,"",""
l1_neighbor_channel,grp_l1_neighbor_channel_false_15_true_s_fu_7330/mul_8s_8ns_16_4_0_U8345,4,26,0,"",""
l1_neighbor_channel,grp_l1_neighbor_channel_false_15_true_s_fu_7330/mul_8s_8ns_16_4_0_U8348,11,20,0,"",""
l1_neighbor_channel,grp_l1_neighbor_channel_false_15_true_s_fu_7330/mul_8s_8ns_16_4_0_U8351,13,20,0,"",""
l1_neighbor_channel,grp_l1_neighbor_channel_false_15_true_s_fu_7330/mul_8s_8ns_16_4_0_U8353,6,28,0,"",""
l1_neighbor_channel,grp_l1_neighbor_channel_false_15_true_s_fu_7330/mul_8s_8ns_16_4_0_U8354,80,24,0,"",""
l1_neighbor_channel,grp_l1_neighbor_channel_false_15_true_s_fu_7330/mul_8s_8ns_16_4_0_U8358,4,27,0,"",""
l1_neighbor_channel,grp_l1_neighbor_channel_false_15_true_s_fu_7330/mul_8s_8ns_16_4_0_U8361,11,20,0,"",""
l1_neighbor_channel,grp_l1_neighbor_channel_false_15_true_s_fu_7330/mul_8s_8ns_16_4_0_U8364,13,20,0,"",""
l1_neighbor_channel,grp_l1_neighbor_channel_false_15_true_s_fu_7330/mul_8s_8ns_16_4_0_U8366,6,29,0,"",""
l1_neighbor_channel,grp_l1_neighbor_channel_false_15_true_s_fu_7330/mul_8s_8ns_16_4_0_U8367,80,24,0,"",""
l1_neighbor_channel,grp_l1_neighbor_channel_false_15_true_s_fu_7330/mul_8s_8ns_16_4_0_U8371,4,26,0,"",""
l1_neighbor_channel,grp_l1_neighbor_channel_false_15_true_s_fu_7330/mul_8s_8ns_16_4_0_U8374,11,20,0,"",""
l1_neighbor_channel,grp_l1_neighbor_channel_false_15_true_s_fu_7330/mul_8s_8ns_16_4_0_U8377,13,20,0,"",""
l1_neighbor_channel,grp_l1_neighbor_channel_false_15_true_s_fu_7330/mul_8s_8ns_16_4_0_U8379,6,28,0,"",""
l1_neighbor_channel,grp_l1_neighbor_channel_false_15_true_s_fu_7330/mul_8s_8ns_16_4_0_U8380,85,24,0,"",""
l1_neighbor_channel,grp_l1_neighbor_channel_false_15_true_s_fu_7330/mul_8s_8ns_16_4_0_U8384,4,26,0,"",""
l1_neighbor_channel,grp_l1_neighbor_channel_false_15_true_s_fu_7330/mul_8s_8ns_16_4_0_U8387,11,20,0,"",""
l1_neighbor_channel,grp_l1_neighbor_channel_false_15_true_s_fu_7330/mul_8s_8ns_16_4_0_U8390,13,20,0,"",""
l1_neighbor_channel,grp_l1_neighbor_channel_false_15_true_s_fu_7330/mul_8s_8ns_16_4_0_U8392,6,28,0,"",""
l1_neighbor_channel,grp_l1_neighbor_channel_false_15_true_s_fu_7330/mul_8s_8ns_16_4_0_U8393,80,24,0,"",""
l1_neighbor_channel,grp_l1_neighbor_channel_false_15_true_s_fu_7330/mul_8s_8s_16_4_0_U8300,1,30,0,"",""
l1_neighbor_channel,grp_l1_neighbor_channel_false_15_true_s_fu_7330/mul_8s_8s_16_4_0_U8313,1,30,0,"",""
l1_neighbor_channel,grp_l1_neighbor_channel_false_15_true_s_fu_7330/mul_8s_8s_16_4_0_U8326,1,30,0,"",""
l1_neighbor_channel,grp_l1_neighbor_channel_false_15_true_s_fu_7330/mul_8s_8s_16_4_0_U8339,1,30,0,"",""
l1_neighbor_channel,grp_l1_neighbor_channel_false_15_true_s_fu_7330/mul_8s_8s_16_4_0_U8352,1,30,0,"",""
l1_neighbor_channel,grp_l1_neighbor_channel_false_15_true_s_fu_7330/mul_8s_8s_16_4_0_U8365,1,30,0,"",""
l1_neighbor_channel,grp_l1_neighbor_channel_false_15_true_s_fu_7330/mul_8s_8s_16_4_0_U8378,1,30,0,"",""
l1_neighbor_channel,grp_l1_neighbor_channel_false_15_true_s_fu_7330/mul_8s_8s_16_4_0_U8391,1,30,0,"",""
l1_neighbor_channel,grp_l1_neighbor_channel_false_15_true_s_fu_7330/add_18ns_18s_18_2_0_U8397/u1,9,0,0,"",""
l1_neighbor_channel,grp_l1_neighbor_channel_false_15_true_s_fu_7330/add_18ns_18s_18_2_0_U8397/u2,9,0,0,"",""
l1_neighbor_channel,grp_l1_neighbor_channel_false_15_true_s_fu_7330/add_18ns_18s_18_2_0_U8398/u1,9,0,0,"",""
l1_neighbor_channel,grp_l1_neighbor_channel_false_15_true_s_fu_7330/add_18ns_18s_18_2_0_U8398/u2,9,0,0,"",""
l1_neighbor_channel,grp_l1_neighbor_channel_false_15_true_s_fu_7330/add_18ns_18s_18_2_0_U8399/u1,9,0,0,"",""
l1_neighbor_channel,grp_l1_neighbor_channel_false_15_true_s_fu_7330/add_18ns_18s_18_2_0_U8399/u2,9,0,0,"",""
l1_neighbor_channel,grp_l1_neighbor_channel_false_15_true_s_fu_7330/add_18ns_18s_18_2_0_U8400/u1,9,0,0,"",""
l1_neighbor_channel,grp_l1_neighbor_channel_false_15_true_s_fu_7330/add_18ns_18s_18_2_0_U8400/u2,9,0,0,"",""
l1_neighbor_channel,grp_l1_neighbor_channel_false_15_true_s_fu_7330/add_18ns_18s_18_2_0_U8401/u1,9,0,0,"",""
l1_neighbor_channel,grp_l1_neighbor_channel_false_15_true_s_fu_7330/add_18ns_18s_18_2_0_U8401/u2,9,0,0,"",""
l1_neighbor_channel,grp_l1_neighbor_channel_false_15_true_s_fu_7330/add_18ns_18s_18_2_0_U8402/u1,9,0,0,"",""
l1_neighbor_channel,grp_l1_neighbor_channel_false_15_true_s_fu_7330/add_18ns_18s_18_2_0_U8402/u2,9,0,0,"",""
l1_neighbor_channel,grp_l1_neighbor_channel_false_15_true_s_fu_7330/add_18ns_18s_18_2_0_U8403/u1,9,0,0,"",""
l1_neighbor_channel,grp_l1_neighbor_channel_false_15_true_s_fu_7330/add_18ns_18s_18_2_0_U8403/u2,9,0,0,"",""
l1_neighbor_channel,grp_l1_neighbor_channel_false_15_true_s_fu_7330/add_18ns_18s_18_2_0_U8404/u1,9,0,0,"",""
l1_neighbor_channel,grp_l1_neighbor_channel_false_15_true_s_fu_7330/add_18ns_18s_18_2_0_U8404/u2,9,0,0,"",""
l1_neighbor_channel,grp_l1_neighbor_channel_false_15_true_s_fu_7330/am_addmul_8s_8s_8s_16_4_0_U8405/graphsage_po2_qat_partitioned_am_addmul_8s_8s_8s_16_4_0_DSP48_0_U,0,0,9,"",""
l1_neighbor_channel,grp_l1_neighbor_channel_false_15_true_s_fu_7330/am_addmul_8s_8s_8s_16_4_0_U8406/graphsage_po2_qat_partitioned_am_addmul_8s_8s_8s_16_4_0_DSP48_0_U,0,0,9,"",""
l1_neighbor_channel,grp_l1_neighbor_channel_false_15_true_s_fu_7330/am_addmul_8s_8s_8s_16_4_0_U8407/graphsage_po2_qat_partitioned_am_addmul_8s_8s_8s_16_4_0_DSP48_0_U,0,0,9,"",""
l1_neighbor_channel,grp_l1_neighbor_channel_false_15_true_s_fu_7330/am_addmul_8s_8s_8s_16_4_0_U8408/graphsage_po2_qat_partitioned_am_addmul_8s_8s_8s_16_4_0_DSP48_0_U,0,0,9,"",""
l1_neighbor_channel,grp_l1_neighbor_channel_false_15_true_s_fu_7330/am_addmul_8s_8s_8s_16_4_0_U8409/graphsage_po2_qat_partitioned_am_addmul_8s_8s_8s_16_4_0_DSP48_0_U,0,0,9,"",""
l1_neighbor_channel,grp_l1_neighbor_channel_false_15_true_s_fu_7330/am_addmul_8s_8s_8s_16_4_0_U8410/graphsage_po2_qat_partitioned_am_addmul_8s_8s_8s_16_4_0_DSP48_0_U,0,0,9,"",""
l1_neighbor_channel,grp_l1_neighbor_channel_false_15_true_s_fu_7330/am_addmul_8s_8s_8s_16_4_0_U8411/graphsage_po2_qat_partitioned_am_addmul_8s_8s_8s_16_4_0_DSP48_0_U,0,0,9,"",""
l1_neighbor_channel,grp_l1_neighbor_channel_false_15_true_s_fu_7330/am_addmul_8s_8s_8s_16_4_0_U8412/graphsage_po2_qat_partitioned_am_addmul_8s_8s_8s_16_4_0_DSP48_0_U,0,0,9,"",""
l1_neighbor_channel,grp_l1_neighbor_channel_false_16_true_s_fu_7462/add_15s_15s_15_2_0_U8606,11,15,0,"",""
l1_neighbor_channel,grp_l1_neighbor_channel_false_16_true_s_fu_7462/add_15s_15s_15_2_0_U8607,11,15,0,"",""
l1_neighbor_channel,grp_l1_neighbor_channel_false_16_true_s_fu_7462/add_15s_15s_15_2_0_U8608,11,15,0,"",""
l1_neighbor_channel,grp_l1_neighbor_channel_false_16_true_s_fu_7462/add_15s_15s_15_2_0_U8609,11,15,0,"",""
l1_neighbor_channel,grp_l1_neighbor_channel_false_16_true_s_fu_7462/add_15s_15s_15_2_0_U8610,11,15,0,"",""
l1_neighbor_channel,grp_l1_neighbor_channel_false_16_true_s_fu_7462/add_15s_15s_15_2_0_U8611,11,15,0,"",""
l1_neighbor_channel,grp_l1_neighbor_channel_false_16_true_s_fu_7462/add_15s_15s_15_2_0_U8612,11,15,0,"",""
l1_neighbor_channel,grp_l1_neighbor_channel_false_16_true_s_fu_7462/add_15s_15s_15_2_0_U8613,11,15,0,"",""
l1_neighbor_channel,grp_l1_neighbor_channel_false_16_true_s_fu_7462/mul_8s_3ns_11_4_0_U8543,442,20,0,"",""
l1_neighbor_channel,grp_l1_neighbor_channel_false_16_true_s_fu_7462/mul_8s_3ns_11_4_0_U8551,442,20,0,"",""
l1_neighbor_channel,grp_l1_neighbor_channel_false_16_true_s_fu_7462/mul_8s_3ns_11_4_0_U8559,428,20,0,"",""
l1_neighbor_channel,grp_l1_neighbor_channel_false_16_true_s_fu_7462/mul_8s_3ns_11_4_0_U8567,428,20,0,"",""
l1_neighbor_channel,grp_l1_neighbor_channel_false_16_true_s_fu_7462/mul_8s_3ns_11_4_0_U8575,429,20,0,"",""
l1_neighbor_channel,grp_l1_neighbor_channel_false_16_true_s_fu_7462/mul_8s_3ns_11_4_0_U8583,428,20,0,"",""
l1_neighbor_channel,grp_l1_neighbor_channel_false_16_true_s_fu_7462/mul_8s_3ns_11_4_0_U8591,442,20,0,"",""
l1_neighbor_channel,grp_l1_neighbor_channel_false_16_true_s_fu_7462/mul_8s_3ns_11_4_0_U8599,428,20,0,"",""
l1_neighbor_channel,grp_l1_neighbor_channel_false_16_true_s_fu_7462/mul_8s_4ns_12_4_0_U8548,333,33,0,"",""
l1_neighbor_channel,grp_l1_neighbor_channel_false_16_true_s_fu_7462/mul_8s_4ns_12_4_0_U8556,333,33,0,"",""
l1_neighbor_channel,grp_l1_neighbor_channel_false_16_true_s_fu_7462/mul_8s_4ns_12_4_0_U8564,333,33,0,"",""
l1_neighbor_channel,grp_l1_neighbor_channel_false_16_true_s_fu_7462/mul_8s_4ns_12_4_0_U8572,333,33,0,"",""
l1_neighbor_channel,grp_l1_neighbor_channel_false_16_true_s_fu_7462/mul_8s_4ns_12_4_0_U8580,333,33,0,"",""
l1_neighbor_channel,grp_l1_neighbor_channel_false_16_true_s_fu_7462/mul_8s_4ns_12_4_0_U8588,333,33,0,"",""
l1_neighbor_channel,grp_l1_neighbor_channel_false_16_true_s_fu_7462/mul_8s_4ns_12_4_0_U8596,333,33,0,"",""
l1_neighbor_channel,grp_l1_neighbor_channel_false_16_true_s_fu_7462/mul_8s_4ns_12_4_0_U8604,333,33,0,"",""
l1_neighbor_channel,grp_l1_neighbor_channel_false_16_true_s_fu_7462/mul_8s_4s_12_4_0_U8545,268,32,0,"",""
l1_neighbor_channel,grp_l1_neighbor_channel_false_16_true_s_fu_7462/mul_8s_4s_12_4_0_U8546,413,33,0,"",""
l1_neighbor_channel,grp_l1_neighbor_channel_false_16_true_s_fu_7462/mul_8s_4s_12_4_0_U8553,268,32,0,"",""
l1_neighbor_channel,grp_l1_neighbor_channel_false_16_true_s_fu_7462/mul_8s_4s_12_4_0_U8554,413,33,0,"",""
l1_neighbor_channel,grp_l1_neighbor_channel_false_16_true_s_fu_7462/mul_8s_4s_12_4_0_U8561,257,32,0,"",""
l1_neighbor_channel,grp_l1_neighbor_channel_false_16_true_s_fu_7462/mul_8s_4s_12_4_0_U8562,402,33,0,"",""
l1_neighbor_channel,grp_l1_neighbor_channel_false_16_true_s_fu_7462/mul_8s_4s_12_4_0_U8569,257,32,0,"",""
l1_neighbor_channel,grp_l1_neighbor_channel_false_16_true_s_fu_7462/mul_8s_4s_12_4_0_U8570,402,33,0,"",""
l1_neighbor_channel,grp_l1_neighbor_channel_false_16_true_s_fu_7462/mul_8s_4s_12_4_0_U8577,256,32,0,"",""
l1_neighbor_channel,grp_l1_neighbor_channel_false_16_true_s_fu_7462/mul_8s_4s_12_4_0_U8578,402,33,0,"",""
l1_neighbor_channel,grp_l1_neighbor_channel_false_16_true_s_fu_7462/mul_8s_4s_12_4_0_U8585,257,32,0,"",""
l1_neighbor_channel,grp_l1_neighbor_channel_false_16_true_s_fu_7462/mul_8s_4s_12_4_0_U8586,402,33,0,"",""
l1_neighbor_channel,grp_l1_neighbor_channel_false_16_true_s_fu_7462/mul_8s_4s_12_4_0_U8593,268,32,0,"",""
l1_neighbor_channel,grp_l1_neighbor_channel_false_16_true_s_fu_7462/mul_8s_4s_12_4_0_U8594,413,33,0,"",""
l1_neighbor_channel,grp_l1_neighbor_channel_false_16_true_s_fu_7462/mul_8s_4s_12_4_0_U8601,257,32,0,"",""
l1_neighbor_channel,grp_l1_neighbor_channel_false_16_true_s_fu_7462/mul_8s_4s_12_4_0_U8602,402,33,0,"",""
l1_neighbor_channel,grp_l1_neighbor_channel_false_16_true_s_fu_7462/mul_8s_5ns_13_4_0_U8542,623,33,0,"",""
l1_neighbor_channel,grp_l1_neighbor_channel_false_16_true_s_fu_7462/mul_8s_5ns_13_4_0_U8547,391,30,0,"",""
l1_neighbor_channel,grp_l1_neighbor_channel_false_16_true_s_fu_7462/mul_8s_5ns_13_4_0_U8550,623,33,0,"",""
l1_neighbor_channel,grp_l1_neighbor_channel_false_16_true_s_fu_7462/mul_8s_5ns_13_4_0_U8555,391,30,0,"",""
l1_neighbor_channel,grp_l1_neighbor_channel_false_16_true_s_fu_7462/mul_8s_5ns_13_4_0_U8558,611,33,0,"",""
l1_neighbor_channel,grp_l1_neighbor_channel_false_16_true_s_fu_7462/mul_8s_5ns_13_4_0_U8563,386,30,0,"",""
l1_neighbor_channel,grp_l1_neighbor_channel_false_16_true_s_fu_7462/mul_8s_5ns_13_4_0_U8566,609,33,0,"",""
l1_neighbor_channel,grp_l1_neighbor_channel_false_16_true_s_fu_7462/mul_8s_5ns_13_4_0_U8571,386,30,0,"",""
l1_neighbor_channel,grp_l1_neighbor_channel_false_16_true_s_fu_7462/mul_8s_5ns_13_4_0_U8574,609,33,0,"",""
l1_neighbor_channel,grp_l1_neighbor_channel_false_16_true_s_fu_7462/mul_8s_5ns_13_4_0_U8579,386,30,0,"",""
l1_neighbor_channel,grp_l1_neighbor_channel_false_16_true_s_fu_7462/mul_8s_5ns_13_4_0_U8582,611,31,0,"",""
l1_neighbor_channel,grp_l1_neighbor_channel_false_16_true_s_fu_7462/mul_8s_5ns_13_4_0_U8587,386,30,0,"",""
l1_neighbor_channel,grp_l1_neighbor_channel_false_16_true_s_fu_7462/mul_8s_5ns_13_4_0_U8590,623,31,0,"",""
l1_neighbor_channel,grp_l1_neighbor_channel_false_16_true_s_fu_7462/mul_8s_5ns_13_4_0_U8595,391,30,0,"",""
l1_neighbor_channel,grp_l1_neighbor_channel_false_16_true_s_fu_7462/mul_8s_5ns_13_4_0_U8598,611,33,0,"",""
l1_neighbor_channel,grp_l1_neighbor_channel_false_16_true_s_fu_7462/mul_8s_5ns_13_4_0_U8603,386,30,0,"",""
l1_neighbor_channel,grp_l1_neighbor_channel_false_16_true_s_fu_7462/mul_8s_5s_13_4_0_U8549,395,34,0,"",""
l1_neighbor_channel,grp_l1_neighbor_channel_false_16_true_s_fu_7462/mul_8s_5s_13_4_0_U8557,395,34,0,"",""
l1_neighbor_channel,grp_l1_neighbor_channel_false_16_true_s_fu_7462/mul_8s_5s_13_4_0_U8565,395,34,0,"",""
l1_neighbor_channel,grp_l1_neighbor_channel_false_16_true_s_fu_7462/mul_8s_5s_13_4_0_U8573,395,34,0,"",""
l1_neighbor_channel,grp_l1_neighbor_channel_false_16_true_s_fu_7462/mul_8s_5s_13_4_0_U8581,395,34,0,"",""
l1_neighbor_channel,grp_l1_neighbor_channel_false_16_true_s_fu_7462/mul_8s_5s_13_4_0_U8589,395,34,0,"",""
l1_neighbor_channel,grp_l1_neighbor_channel_false_16_true_s_fu_7462/mul_8s_5s_13_4_0_U8597,395,34,0,"",""
l1_neighbor_channel,grp_l1_neighbor_channel_false_16_true_s_fu_7462/mul_8s_5s_13_4_0_U8605,395,34,0,"",""
l1_neighbor_channel,grp_l1_neighbor_channel_false_16_true_s_fu_7462/mul_8s_6ns_14_4_0_U8544,435,31,0,"",""
l1_neighbor_channel,grp_l1_neighbor_channel_false_16_true_s_fu_7462/mul_8s_6ns_14_4_0_U8552,435,31,0,"",""
l1_neighbor_channel,grp_l1_neighbor_channel_false_16_true_s_fu_7462/mul_8s_6ns_14_4_0_U8560,428,31,0,"",""
l1_neighbor_channel,grp_l1_neighbor_channel_false_16_true_s_fu_7462/mul_8s_6ns_14_4_0_U8568,428,31,0,"",""
l1_neighbor_channel,grp_l1_neighbor_channel_false_16_true_s_fu_7462/mul_8s_6ns_14_4_0_U8576,428,31,0,"",""
l1_neighbor_channel,grp_l1_neighbor_channel_false_16_true_s_fu_7462/mul_8s_6ns_14_4_0_U8584,428,31,0,"",""
l1_neighbor_channel,grp_l1_neighbor_channel_false_16_true_s_fu_7462/mul_8s_6ns_14_4_0_U8592,435,31,0,"",""
l1_neighbor_channel,grp_l1_neighbor_channel_false_16_true_s_fu_7462/mul_8s_6ns_14_4_0_U8600,428,31,0,"",""
l1_neighbor_channel,grp_l1_neighbor_channel_false_16_true_s_fu_7462/add_15s_15s_15_2_0_U8606/u1,3,0,0,"",""
l1_neighbor_channel,grp_l1_neighbor_channel_false_16_true_s_fu_7462/add_15s_15s_15_2_0_U8606/u2,8,0,0,"",""
l1_neighbor_channel,grp_l1_neighbor_channel_false_16_true_s_fu_7462/add_15s_15s_15_2_0_U8607/u1,3,0,0,"",""
l1_neighbor_channel,grp_l1_neighbor_channel_false_16_true_s_fu_7462/add_15s_15s_15_2_0_U8607/u2,8,0,0,"",""
l1_neighbor_channel,grp_l1_neighbor_channel_false_16_true_s_fu_7462/add_15s_15s_15_2_0_U8608/u1,3,0,0,"",""
l1_neighbor_channel,grp_l1_neighbor_channel_false_16_true_s_fu_7462/add_15s_15s_15_2_0_U8608/u2,8,0,0,"",""
l1_neighbor_channel,grp_l1_neighbor_channel_false_16_true_s_fu_7462/add_15s_15s_15_2_0_U8609/u1,3,0,0,"",""
l1_neighbor_channel,grp_l1_neighbor_channel_false_16_true_s_fu_7462/add_15s_15s_15_2_0_U8609/u2,8,0,0,"",""
l1_neighbor_channel,grp_l1_neighbor_channel_false_16_true_s_fu_7462/add_15s_15s_15_2_0_U8610/u1,3,0,0,"",""
l1_neighbor_channel,grp_l1_neighbor_channel_false_16_true_s_fu_7462/add_15s_15s_15_2_0_U8610/u2,8,0,0,"",""
l1_neighbor_channel,grp_l1_neighbor_channel_false_16_true_s_fu_7462/add_15s_15s_15_2_0_U8611/u1,3,0,0,"",""
l1_neighbor_channel,grp_l1_neighbor_channel_false_16_true_s_fu_7462/add_15s_15s_15_2_0_U8611/u2,8,0,0,"",""
l1_neighbor_channel,grp_l1_neighbor_channel_false_16_true_s_fu_7462/add_15s_15s_15_2_0_U8612/u1,3,0,0,"",""
l1_neighbor_channel,grp_l1_neighbor_channel_false_16_true_s_fu_7462/add_15s_15s_15_2_0_U8612/u2,8,0,0,"",""
l1_neighbor_channel,grp_l1_neighbor_channel_false_16_true_s_fu_7462/add_15s_15s_15_2_0_U8613/u1,3,0,0,"",""
l1_neighbor_channel,grp_l1_neighbor_channel_false_16_true_s_fu_7462/add_15s_15s_15_2_0_U8613/u2,8,0,0,"",""
l1_neighbor_channel,grp_l1_neighbor_channel_false_17_true_s_fu_7578/add_18s_18s_18_2_0_U8854,18,18,0,"",""
l1_neighbor_channel,grp_l1_neighbor_channel_false_17_true_s_fu_7578/add_18s_18s_18_2_0_U8855,18,18,0,"",""
l1_neighbor_channel,grp_l1_neighbor_channel_false_17_true_s_fu_7578/add_18s_18s_18_2_0_U8856,18,18,0,"",""
l1_neighbor_channel,grp_l1_neighbor_channel_false_17_true_s_fu_7578/add_18s_18s_18_2_0_U8857,18,18,0,"",""
l1_neighbor_channel,grp_l1_neighbor_channel_false_17_true_s_fu_7578/add_18s_18s_18_2_0_U8858,18,18,0,"",""
l1_neighbor_channel,grp_l1_neighbor_channel_false_17_true_s_fu_7578/add_18s_18s_18_2_0_U8859,18,18,0,"",""
l1_neighbor_channel,grp_l1_neighbor_channel_false_17_true_s_fu_7578/add_18s_18s_18_2_0_U8860,18,18,0,"",""
l1_neighbor_channel,grp_l1_neighbor_channel_false_17_true_s_fu_7578/add_18s_18s_18_2_0_U8861,18,18,0,"",""
l1_neighbor_channel,grp_l1_neighbor_channel_false_17_true_s_fu_7578/mul_8s_3s_11_4_0_U8729,14,30,0,"",""
l1_neighbor_channel,grp_l1_neighbor_channel_false_17_true_s_fu_7578/mul_8s_3s_11_4_0_U8741,14,30,0,"",""
l1_neighbor_channel,grp_l1_neighbor_channel_false_17_true_s_fu_7578/mul_8s_3s_11_4_0_U8753,14,30,0,"",""
l1_neighbor_channel,grp_l1_neighbor_channel_false_17_true_s_fu_7578/mul_8s_3s_11_4_0_U8765,14,30,0,"",""
l1_neighbor_channel,grp_l1_neighbor_channel_false_17_true_s_fu_7578/mul_8s_3s_11_4_0_U8777,14,30,0,"",""
l1_neighbor_channel,grp_l1_neighbor_channel_false_17_true_s_fu_7578/mul_8s_3s_11_4_0_U8789,14,30,0,"",""
l1_neighbor_channel,grp_l1_neighbor_channel_false_17_true_s_fu_7578/mul_8s_3s_11_4_0_U8801,14,30,0,"",""
l1_neighbor_channel,grp_l1_neighbor_channel_false_17_true_s_fu_7578/mul_8s_3s_11_4_0_U8813,14,30,0,"",""
l1_neighbor_channel,grp_l1_neighbor_channel_false_17_true_s_fu_7578/mul_8s_5ns_13_4_0_U8730,0,21,0,"",""
l1_neighbor_channel,grp_l1_neighbor_channel_false_17_true_s_fu_7578/mul_8s_5ns_13_4_0_U8742,0,21,0,"",""
l1_neighbor_channel,grp_l1_neighbor_channel_false_17_true_s_fu_7578/mul_8s_5ns_13_4_0_U8754,0,21,0,"",""
l1_neighbor_channel,grp_l1_neighbor_channel_false_17_true_s_fu_7578/mul_8s_5ns_13_4_0_U8766,0,21,0,"",""
l1_neighbor_channel,grp_l1_neighbor_channel_false_17_true_s_fu_7578/mul_8s_5ns_13_4_0_U8778,0,21,0,"",""
l1_neighbor_channel,grp_l1_neighbor_channel_false_17_true_s_fu_7578/mul_8s_5ns_13_4_0_U8790,0,20,0,"",""
l1_neighbor_channel,grp_l1_neighbor_channel_false_17_true_s_fu_7578/mul_8s_5ns_13_4_0_U8802,0,21,0,"",""
l1_neighbor_channel,grp_l1_neighbor_channel_false_17_true_s_fu_7578/mul_8s_5ns_13_4_0_U8814,0,21,0,"",""
l1_neighbor_channel,grp_l1_neighbor_channel_false_17_true_s_fu_7578/mul_8s_5s_13_4_0_U8726,0,26,0,"",""
l1_neighbor_channel,grp_l1_neighbor_channel_false_17_true_s_fu_7578/mul_8s_5s_13_4_0_U8738,0,26,0,"",""
l1_neighbor_channel,grp_l1_neighbor_channel_false_17_true_s_fu_7578/mul_8s_5s_13_4_0_U8750,0,26,0,"",""
l1_neighbor_channel,grp_l1_neighbor_channel_false_17_true_s_fu_7578/mul_8s_5s_13_4_0_U8762,0,26,0,"",""
l1_neighbor_channel,grp_l1_neighbor_channel_false_17_true_s_fu_7578/mul_8s_5s_13_4_0_U8774,0,26,0,"",""
l1_neighbor_channel,grp_l1_neighbor_channel_false_17_true_s_fu_7578/mul_8s_5s_13_4_0_U8786,0,26,0,"",""
l1_neighbor_channel,grp_l1_neighbor_channel_false_17_true_s_fu_7578/mul_8s_5s_13_4_0_U8798,0,26,0,"",""
l1_neighbor_channel,grp_l1_neighbor_channel_false_17_true_s_fu_7578/mul_8s_5s_13_4_0_U8810,0,26,0,"",""
l1_neighbor_channel,grp_l1_neighbor_channel_false_17_true_s_fu_7578/mul_8s_6ns_14_4_0_U8731,0,25,0,"",""
l1_neighbor_channel,grp_l1_neighbor_channel_false_17_true_s_fu_7578/mul_8s_6ns_14_4_0_U8743,0,25,0,"",""
l1_neighbor_channel,grp_l1_neighbor_channel_false_17_true_s_fu_7578/mul_8s_6ns_14_4_0_U8755,0,25,0,"",""
l1_neighbor_channel,grp_l1_neighbor_channel_false_17_true_s_fu_7578/mul_8s_6ns_14_4_0_U8767,0,25,0,"",""
l1_neighbor_channel,grp_l1_neighbor_channel_false_17_true_s_fu_7578/mul_8s_6ns_14_4_0_U8779,0,25,0,"",""
l1_neighbor_channel,grp_l1_neighbor_channel_false_17_true_s_fu_7578/mul_8s_6ns_14_4_0_U8791,0,25,0,"",""
l1_neighbor_channel,grp_l1_neighbor_channel_false_17_true_s_fu_7578/mul_8s_6ns_14_4_0_U8803,0,25,0,"",""
l1_neighbor_channel,grp_l1_neighbor_channel_false_17_true_s_fu_7578/mul_8s_6ns_14_4_0_U8815,0,25,0,"",""
l1_neighbor_channel,grp_l1_neighbor_channel_false_17_true_s_fu_7578/mul_8s_6s_14_4_0_U8737,0,24,0,"",""
l1_neighbor_channel,grp_l1_neighbor_channel_false_17_true_s_fu_7578/mul_8s_6s_14_4_0_U8749,0,24,0,"",""
l1_neighbor_channel,grp_l1_neighbor_channel_false_17_true_s_fu_7578/mul_8s_6s_14_4_0_U8761,0,24,0,"",""
l1_neighbor_channel,grp_l1_neighbor_channel_false_17_true_s_fu_7578/mul_8s_6s_14_4_0_U8773,0,24,0,"",""
l1_neighbor_channel,grp_l1_neighbor_channel_false_17_true_s_fu_7578/mul_8s_6s_14_4_0_U8785,0,24,0,"",""
l1_neighbor_channel,grp_l1_neighbor_channel_false_17_true_s_fu_7578/mul_8s_6s_14_4_0_U8797,0,24,0,"",""
l1_neighbor_channel,grp_l1_neighbor_channel_false_17_true_s_fu_7578/mul_8s_6s_14_4_0_U8809,0,24,0,"",""
l1_neighbor_channel,grp_l1_neighbor_channel_false_17_true_s_fu_7578/mul_8s_6s_14_4_0_U8821,0,24,0,"",""
l1_neighbor_channel,grp_l1_neighbor_channel_false_17_true_s_fu_7578/mul_8s_7ns_15_4_0_U8732,0,22,0,"",""
l1_neighbor_channel,grp_l1_neighbor_channel_false_17_true_s_fu_7578/mul_8s_7ns_15_4_0_U8735,0,26,0,"",""
l1_neighbor_channel,grp_l1_neighbor_channel_false_17_true_s_fu_7578/mul_8s_7ns_15_4_0_U8744,0,22,0,"",""
l1_neighbor_channel,grp_l1_neighbor_channel_false_17_true_s_fu_7578/mul_8s_7ns_15_4_0_U8747,0,26,0,"",""
l1_neighbor_channel,grp_l1_neighbor_channel_false_17_true_s_fu_7578/mul_8s_7ns_15_4_0_U8756,0,22,0,"",""
l1_neighbor_channel,grp_l1_neighbor_channel_false_17_true_s_fu_7578/mul_8s_7ns_15_4_0_U8759,0,26,0,"",""
l1_neighbor_channel,grp_l1_neighbor_channel_false_17_true_s_fu_7578/mul_8s_7ns_15_4_0_U8768,0,22,0,"",""
l1_neighbor_channel,grp_l1_neighbor_channel_false_17_true_s_fu_7578/mul_8s_7ns_15_4_0_U8771,0,26,0,"",""
l1_neighbor_channel,grp_l1_neighbor_channel_false_17_true_s_fu_7578/mul_8s_7ns_15_4_0_U8780,0,22,0,"",""
l1_neighbor_channel,grp_l1_neighbor_channel_false_17_true_s_fu_7578/mul_8s_7ns_15_4_0_U8783,0,26,0,"",""
l1_neighbor_channel,grp_l1_neighbor_channel_false_17_true_s_fu_7578/mul_8s_7ns_15_4_0_U8792,0,22,0,"",""
l1_neighbor_channel,grp_l1_neighbor_channel_false_17_true_s_fu_7578/mul_8s_7ns_15_4_0_U8795,0,26,0,"",""
l1_neighbor_channel,grp_l1_neighbor_channel_false_17_true_s_fu_7578/mul_8s_7ns_15_4_0_U8804,0,22,0,"",""
l1_neighbor_channel,grp_l1_neighbor_channel_false_17_true_s_fu_7578/mul_8s_7ns_15_4_0_U8807,0,26,0,"",""
l1_neighbor_channel,grp_l1_neighbor_channel_false_17_true_s_fu_7578/mul_8s_7ns_15_4_0_U8816,0,22,0,"",""
l1_neighbor_channel,grp_l1_neighbor_channel_false_17_true_s_fu_7578/mul_8s_7ns_15_4_0_U8819,0,26,0,"",""
l1_neighbor_channel,grp_l1_neighbor_channel_false_17_true_s_fu_7578/mul_8s_7ns_15_4_0_U8823,0,20,0,"",""
l1_neighbor_channel,grp_l1_neighbor_channel_false_17_true_s_fu_7578/mul_8s_7ns_15_4_0_U8824,0,30,0,"",""
l1_neighbor_channel,grp_l1_neighbor_channel_false_17_true_s_fu_7578/mul_8s_7ns_15_4_0_U8827,0,20,0,"",""
l1_neighbor_channel,grp_l1_neighbor_channel_false_17_true_s_fu_7578/mul_8s_7ns_15_4_0_U8828,0,30,0,"",""
l1_neighbor_channel,grp_l1_neighbor_channel_false_17_true_s_fu_7578/mul_8s_7ns_15_4_0_U8831,0,20,0,"",""
l1_neighbor_channel,grp_l1_neighbor_channel_false_17_true_s_fu_7578/mul_8s_7ns_15_4_0_U8832,0,30,0,"",""
l1_neighbor_channel,grp_l1_neighbor_channel_false_17_true_s_fu_7578/mul_8s_7ns_15_4_0_U8835,0,20,0,"",""
l1_neighbor_channel,grp_l1_neighbor_channel_false_17_true_s_fu_7578/mul_8s_7ns_15_4_0_U8836,79,35,0,"",""
l1_neighbor_channel,grp_l1_neighbor_channel_false_17_true_s_fu_7578/mul_8s_7ns_15_4_0_U8839,0,20,0,"",""
l1_neighbor_channel,grp_l1_neighbor_channel_false_17_true_s_fu_7578/mul_8s_7ns_15_4_0_U8840,0,30,0,"",""
l1_neighbor_channel,grp_l1_neighbor_channel_false_17_true_s_fu_7578/mul_8s_7ns_15_4_0_U8843,0,20,0,"",""
l1_neighbor_channel,grp_l1_neighbor_channel_false_17_true_s_fu_7578/mul_8s_7ns_15_4_0_U8844,0,30,0,"",""
l1_neighbor_channel,grp_l1_neighbor_channel_false_17_true_s_fu_7578/mul_8s_7ns_15_4_0_U8847,0,20,0,"",""
l1_neighbor_channel,grp_l1_neighbor_channel_false_17_true_s_fu_7578/mul_8s_7ns_15_4_0_U8848,0,30,0,"",""
l1_neighbor_channel,grp_l1_neighbor_channel_false_17_true_s_fu_7578/mul_8s_7ns_15_4_0_U8851,0,20,0,"",""
l1_neighbor_channel,grp_l1_neighbor_channel_false_17_true_s_fu_7578/mul_8s_7ns_15_4_0_U8852,0,30,0,"",""
l1_neighbor_channel,grp_l1_neighbor_channel_false_17_true_s_fu_7578/mul_8s_7s_15_4_0_U8728,0,28,0,"",""
l1_neighbor_channel,grp_l1_neighbor_channel_false_17_true_s_fu_7578/mul_8s_7s_15_4_0_U8733,0,18,0,"",""
l1_neighbor_channel,grp_l1_neighbor_channel_false_17_true_s_fu_7578/mul_8s_7s_15_4_0_U8734,0,18,0,"",""
l1_neighbor_channel,grp_l1_neighbor_channel_false_17_true_s_fu_7578/mul_8s_7s_15_4_0_U8736,0,29,0,"",""
l1_neighbor_channel,grp_l1_neighbor_channel_false_17_true_s_fu_7578/mul_8s_7s_15_4_0_U8740,0,28,0,"",""
l1_neighbor_channel,grp_l1_neighbor_channel_false_17_true_s_fu_7578/mul_8s_7s_15_4_0_U8745,0,22,0,"",""
l1_neighbor_channel,grp_l1_neighbor_channel_false_17_true_s_fu_7578/mul_8s_7s_15_4_0_U8746,0,18,0,"",""
l1_neighbor_channel,grp_l1_neighbor_channel_false_17_true_s_fu_7578/mul_8s_7s_15_4_0_U8748,0,29,0,"",""
l1_neighbor_channel,grp_l1_neighbor_channel_false_17_true_s_fu_7578/mul_8s_7s_15_4_0_U8752,0,28,0,"",""
l1_neighbor_channel,grp_l1_neighbor_channel_false_17_true_s_fu_7578/mul_8s_7s_15_4_0_U8757,0,18,0,"",""
l1_neighbor_channel,grp_l1_neighbor_channel_false_17_true_s_fu_7578/mul_8s_7s_15_4_0_U8758,0,18,0,"",""
l1_neighbor_channel,grp_l1_neighbor_channel_false_17_true_s_fu_7578/mul_8s_7s_15_4_0_U8760,0,29,0,"",""
l1_neighbor_channel,grp_l1_neighbor_channel_false_17_true_s_fu_7578/mul_8s_7s_15_4_0_U8764,0,28,0,"",""
l1_neighbor_channel,grp_l1_neighbor_channel_false_17_true_s_fu_7578/mul_8s_7s_15_4_0_U8769,0,22,0,"",""
l1_neighbor_channel,grp_l1_neighbor_channel_false_17_true_s_fu_7578/mul_8s_7s_15_4_0_U8770,0,18,0,"",""
l1_neighbor_channel,grp_l1_neighbor_channel_false_17_true_s_fu_7578/mul_8s_7s_15_4_0_U8772,0,29,0,"",""
l1_neighbor_channel,grp_l1_neighbor_channel_false_17_true_s_fu_7578/mul_8s_7s_15_4_0_U8776,0,28,0,"",""
l1_neighbor_channel,grp_l1_neighbor_channel_false_17_true_s_fu_7578/mul_8s_7s_15_4_0_U8781,0,22,0,"",""
l1_neighbor_channel,grp_l1_neighbor_channel_false_17_true_s_fu_7578/mul_8s_7s_15_4_0_U8782,0,18,0,"",""
l1_neighbor_channel,grp_l1_neighbor_channel_false_17_true_s_fu_7578/mul_8s_7s_15_4_0_U8784,0,29,0,"",""
l1_neighbor_channel,grp_l1_neighbor_channel_false_17_true_s_fu_7578/mul_8s_7s_15_4_0_U8788,0,28,0,"",""
l1_neighbor_channel,grp_l1_neighbor_channel_false_17_true_s_fu_7578/mul_8s_7s_15_4_0_U8793,0,18,0,"",""
l1_neighbor_channel,grp_l1_neighbor_channel_false_17_true_s_fu_7578/mul_8s_7s_15_4_0_U8794,0,18,0,"",""
l1_neighbor_channel,grp_l1_neighbor_channel_false_17_true_s_fu_7578/mul_8s_7s_15_4_0_U8796,0,29,0,"",""
l1_neighbor_channel,grp_l1_neighbor_channel_false_17_true_s_fu_7578/mul_8s_7s_15_4_0_U8800,0,28,0,"",""
l1_neighbor_channel,grp_l1_neighbor_channel_false_17_true_s_fu_7578/mul_8s_7s_15_4_0_U8805,0,22,0,"",""
l1_neighbor_channel,grp_l1_neighbor_channel_false_17_true_s_fu_7578/mul_8s_7s_15_4_0_U8806,0,18,0,"",""
l1_neighbor_channel,grp_l1_neighbor_channel_false_17_true_s_fu_7578/mul_8s_7s_15_4_0_U8808,0,29,0,"",""
l1_neighbor_channel,grp_l1_neighbor_channel_false_17_true_s_fu_7578/mul_8s_7s_15_4_0_U8812,0,28,0,"",""
l1_neighbor_channel,grp_l1_neighbor_channel_false_17_true_s_fu_7578/mul_8s_7s_15_4_0_U8817,0,22,0,"",""
l1_neighbor_channel,grp_l1_neighbor_channel_false_17_true_s_fu_7578/mul_8s_7s_15_4_0_U8818,0,18,0,"",""
l1_neighbor_channel,grp_l1_neighbor_channel_false_17_true_s_fu_7578/mul_8s_7s_15_4_0_U8820,0,29,0,"",""
l1_neighbor_channel,grp_l1_neighbor_channel_false_17_true_s_fu_7578/mul_8s_8ns_16_4_0_U8727,2,26,0,"",""
l1_neighbor_channel,grp_l1_neighbor_channel_false_17_true_s_fu_7578/mul_8s_8ns_16_4_0_U8739,2,26,0,"",""
l1_neighbor_channel,grp_l1_neighbor_channel_false_17_true_s_fu_7578/mul_8s_8ns_16_4_0_U8751,2,26,0,"",""
l1_neighbor_channel,grp_l1_neighbor_channel_false_17_true_s_fu_7578/mul_8s_8ns_16_4_0_U8763,2,26,0,"",""
l1_neighbor_channel,grp_l1_neighbor_channel_false_17_true_s_fu_7578/mul_8s_8ns_16_4_0_U8775,2,26,0,"",""
l1_neighbor_channel,grp_l1_neighbor_channel_false_17_true_s_fu_7578/mul_8s_8ns_16_4_0_U8787,2,26,0,"",""
l1_neighbor_channel,grp_l1_neighbor_channel_false_17_true_s_fu_7578/mul_8s_8ns_16_4_0_U8799,2,26,0,"",""
l1_neighbor_channel,grp_l1_neighbor_channel_false_17_true_s_fu_7578/mul_8s_8ns_16_4_0_U8811,2,26,0,"",""
l1_neighbor_channel,grp_l1_neighbor_channel_false_17_true_s_fu_7578/mul_8s_8ns_16_4_0_U8822,1,28,0,"",""
l1_neighbor_channel,grp_l1_neighbor_channel_false_17_true_s_fu_7578/mul_8s_8ns_16_4_0_U8825,5,28,0,"",""
l1_neighbor_channel,grp_l1_neighbor_channel_false_17_true_s_fu_7578/mul_8s_8ns_16_4_0_U8826,1,28,0,"",""
l1_neighbor_channel,grp_l1_neighbor_channel_false_17_true_s_fu_7578/mul_8s_8ns_16_4_0_U8829,5,28,0,"",""
l1_neighbor_channel,grp_l1_neighbor_channel_false_17_true_s_fu_7578/mul_8s_8ns_16_4_0_U8830,1,28,0,"",""
l1_neighbor_channel,grp_l1_neighbor_channel_false_17_true_s_fu_7578/mul_8s_8ns_16_4_0_U8833,5,28,0,"",""
l1_neighbor_channel,grp_l1_neighbor_channel_false_17_true_s_fu_7578/mul_8s_8ns_16_4_0_U8834,1,28,0,"",""
l1_neighbor_channel,grp_l1_neighbor_channel_false_17_true_s_fu_7578/mul_8s_8ns_16_4_0_U8837,5,28,0,"",""
l1_neighbor_channel,grp_l1_neighbor_channel_false_17_true_s_fu_7578/mul_8s_8ns_16_4_0_U8838,1,28,0,"",""
l1_neighbor_channel,grp_l1_neighbor_channel_false_17_true_s_fu_7578/mul_8s_8ns_16_4_0_U8841,5,28,0,"",""
l1_neighbor_channel,grp_l1_neighbor_channel_false_17_true_s_fu_7578/mul_8s_8ns_16_4_0_U8842,1,28,0,"",""
l1_neighbor_channel,grp_l1_neighbor_channel_false_17_true_s_fu_7578/mul_8s_8ns_16_4_0_U8845,5,28,0,"",""
l1_neighbor_channel,grp_l1_neighbor_channel_false_17_true_s_fu_7578/mul_8s_8ns_16_4_0_U8846,1,28,0,"",""
l1_neighbor_channel,grp_l1_neighbor_channel_false_17_true_s_fu_7578/mul_8s_8ns_16_4_0_U8849,5,28,0,"",""
l1_neighbor_channel,grp_l1_neighbor_channel_false_17_true_s_fu_7578/mul_8s_8ns_16_4_0_U8850,1,28,0,"",""
l1_neighbor_channel,grp_l1_neighbor_channel_false_17_true_s_fu_7578/mul_8s_8ns_16_4_0_U8853,5,28,0,"",""
l1_neighbor_channel,grp_l1_neighbor_channel_false_17_true_s_fu_7578/add_18s_18s_18_2_0_U8854/u1,9,0,0,"",""
l1_neighbor_channel,grp_l1_neighbor_channel_false_17_true_s_fu_7578/add_18s_18s_18_2_0_U8854/u2,9,0,0,"",""
l1_neighbor_channel,grp_l1_neighbor_channel_false_17_true_s_fu_7578/add_18s_18s_18_2_0_U8855/u1,9,0,0,"",""
l1_neighbor_channel,grp_l1_neighbor_channel_false_17_true_s_fu_7578/add_18s_18s_18_2_0_U8855/u2,9,0,0,"",""
l1_neighbor_channel,grp_l1_neighbor_channel_false_17_true_s_fu_7578/add_18s_18s_18_2_0_U8856/u1,9,0,0,"",""
l1_neighbor_channel,grp_l1_neighbor_channel_false_17_true_s_fu_7578/add_18s_18s_18_2_0_U8856/u2,9,0,0,"",""
l1_neighbor_channel,grp_l1_neighbor_channel_false_17_true_s_fu_7578/add_18s_18s_18_2_0_U8857/u1,9,0,0,"",""
l1_neighbor_channel,grp_l1_neighbor_channel_false_17_true_s_fu_7578/add_18s_18s_18_2_0_U8857/u2,9,0,0,"",""
l1_neighbor_channel,grp_l1_neighbor_channel_false_17_true_s_fu_7578/add_18s_18s_18_2_0_U8858/u1,9,0,0,"",""
l1_neighbor_channel,grp_l1_neighbor_channel_false_17_true_s_fu_7578/add_18s_18s_18_2_0_U8858/u2,9,0,0,"",""
l1_neighbor_channel,grp_l1_neighbor_channel_false_17_true_s_fu_7578/add_18s_18s_18_2_0_U8859/u1,9,0,0,"",""
l1_neighbor_channel,grp_l1_neighbor_channel_false_17_true_s_fu_7578/add_18s_18s_18_2_0_U8859/u2,9,0,0,"",""
l1_neighbor_channel,grp_l1_neighbor_channel_false_17_true_s_fu_7578/add_18s_18s_18_2_0_U8860/u1,9,0,0,"",""
l1_neighbor_channel,grp_l1_neighbor_channel_false_17_true_s_fu_7578/add_18s_18s_18_2_0_U8860/u2,9,0,0,"",""
l1_neighbor_channel,grp_l1_neighbor_channel_false_17_true_s_fu_7578/add_18s_18s_18_2_0_U8861/u1,9,0,0,"",""
l1_neighbor_channel,grp_l1_neighbor_channel_false_17_true_s_fu_7578/add_18s_18s_18_2_0_U8861/u2,9,0,0,"",""
l1_neighbor_channel,grp_l1_neighbor_channel_false_18_true_s_fu_7710/add_18s_18s_18_2_0_U9110,18,18,0,"",""
l1_neighbor_channel,grp_l1_neighbor_channel_false_18_true_s_fu_7710/add_18s_18s_18_2_0_U9111,18,18,0,"",""
l1_neighbor_channel,grp_l1_neighbor_channel_false_18_true_s_fu_7710/add_18s_18s_18_2_0_U9112,18,18,0,"",""
l1_neighbor_channel,grp_l1_neighbor_channel_false_18_true_s_fu_7710/add_18s_18s_18_2_0_U9113,18,18,0,"",""
l1_neighbor_channel,grp_l1_neighbor_channel_false_18_true_s_fu_7710/add_18s_18s_18_2_0_U9114,18,18,0,"",""
l1_neighbor_channel,grp_l1_neighbor_channel_false_18_true_s_fu_7710/add_18s_18s_18_2_0_U9115,18,18,0,"",""
l1_neighbor_channel,grp_l1_neighbor_channel_false_18_true_s_fu_7710/add_18s_18s_18_2_0_U9116,18,18,0,"",""
l1_neighbor_channel,grp_l1_neighbor_channel_false_18_true_s_fu_7710/add_18s_18s_18_2_0_U9117,18,18,0,"",""
l1_neighbor_channel,grp_l1_neighbor_channel_false_18_true_s_fu_7710/mul_8s_5ns_13_4_0_U8995,0,24,0,"",""
l1_neighbor_channel,grp_l1_neighbor_channel_false_18_true_s_fu_7710/mul_8s_5ns_13_4_0_U8996,0,22,0,"",""
l1_neighbor_channel,grp_l1_neighbor_channel_false_18_true_s_fu_7710/mul_8s_5ns_13_4_0_U9007,0,24,0,"",""
l1_neighbor_channel,grp_l1_neighbor_channel_false_18_true_s_fu_7710/mul_8s_5ns_13_4_0_U9008,0,22,0,"",""
l1_neighbor_channel,grp_l1_neighbor_channel_false_18_true_s_fu_7710/mul_8s_5ns_13_4_0_U9019,0,24,0,"",""
l1_neighbor_channel,grp_l1_neighbor_channel_false_18_true_s_fu_7710/mul_8s_5ns_13_4_0_U9020,0,22,0,"",""
l1_neighbor_channel,grp_l1_neighbor_channel_false_18_true_s_fu_7710/mul_8s_5ns_13_4_0_U9031,0,24,0,"",""
l1_neighbor_channel,grp_l1_neighbor_channel_false_18_true_s_fu_7710/mul_8s_5ns_13_4_0_U9032,0,22,0,"",""
l1_neighbor_channel,grp_l1_neighbor_channel_false_18_true_s_fu_7710/mul_8s_5ns_13_4_0_U9043,0,24,0,"",""
l1_neighbor_channel,grp_l1_neighbor_channel_false_18_true_s_fu_7710/mul_8s_5ns_13_4_0_U9044,0,22,0,"",""
l1_neighbor_channel,grp_l1_neighbor_channel_false_18_true_s_fu_7710/mul_8s_5ns_13_4_0_U9055,0,24,0,"",""
l1_neighbor_channel,grp_l1_neighbor_channel_false_18_true_s_fu_7710/mul_8s_5ns_13_4_0_U9056,0,22,0,"",""
l1_neighbor_channel,grp_l1_neighbor_channel_false_18_true_s_fu_7710/mul_8s_5ns_13_4_0_U9067,0,24,0,"",""
l1_neighbor_channel,grp_l1_neighbor_channel_false_18_true_s_fu_7710/mul_8s_5ns_13_4_0_U9068,0,22,0,"",""
l1_neighbor_channel,grp_l1_neighbor_channel_false_18_true_s_fu_7710/mul_8s_5ns_13_4_0_U9079,0,24,0,"",""
l1_neighbor_channel,grp_l1_neighbor_channel_false_18_true_s_fu_7710/mul_8s_5ns_13_4_0_U9080,0,22,0,"",""
l1_neighbor_channel,grp_l1_neighbor_channel_false_18_true_s_fu_7710/mul_8s_6ns_14_4_0_U8999,0,20,0,"",""
l1_neighbor_channel,grp_l1_neighbor_channel_false_18_true_s_fu_7710/mul_8s_6ns_14_4_0_U9011,0,20,0,"",""
l1_neighbor_channel,grp_l1_neighbor_channel_false_18_true_s_fu_7710/mul_8s_6ns_14_4_0_U9023,0,20,0,"",""
l1_neighbor_channel,grp_l1_neighbor_channel_false_18_true_s_fu_7710/mul_8s_6ns_14_4_0_U9035,0,20,0,"",""
l1_neighbor_channel,grp_l1_neighbor_channel_false_18_true_s_fu_7710/mul_8s_6ns_14_4_0_U9047,0,20,0,"",""
l1_neighbor_channel,grp_l1_neighbor_channel_false_18_true_s_fu_7710/mul_8s_6ns_14_4_0_U9059,0,20,0,"",""
l1_neighbor_channel,grp_l1_neighbor_channel_false_18_true_s_fu_7710/mul_8s_6ns_14_4_0_U9071,0,20,0,"",""
l1_neighbor_channel,grp_l1_neighbor_channel_false_18_true_s_fu_7710/mul_8s_6ns_14_4_0_U9083,0,20,0,"",""
l1_neighbor_channel,grp_l1_neighbor_channel_false_18_true_s_fu_7710/mul_8s_6s_14_4_0_U8997,0,27,0,"",""
l1_neighbor_channel,grp_l1_neighbor_channel_false_18_true_s_fu_7710/mul_8s_6s_14_4_0_U9009,0,27,0,"",""
l1_neighbor_channel,grp_l1_neighbor_channel_false_18_true_s_fu_7710/mul_8s_6s_14_4_0_U9021,0,27,0,"",""
l1_neighbor_channel,grp_l1_neighbor_channel_false_18_true_s_fu_7710/mul_8s_6s_14_4_0_U9033,0,27,0,"",""
l1_neighbor_channel,grp_l1_neighbor_channel_false_18_true_s_fu_7710/mul_8s_6s_14_4_0_U9045,0,27,0,"",""
l1_neighbor_channel,grp_l1_neighbor_channel_false_18_true_s_fu_7710/mul_8s_6s_14_4_0_U9057,0,27,0,"",""
l1_neighbor_channel,grp_l1_neighbor_channel_false_18_true_s_fu_7710/mul_8s_6s_14_4_0_U9069,0,27,0,"",""
l1_neighbor_channel,grp_l1_neighbor_channel_false_18_true_s_fu_7710/mul_8s_6s_14_4_0_U9081,0,27,0,"",""
l1_neighbor_channel,grp_l1_neighbor_channel_false_18_true_s_fu_7710/mul_8s_7ns_15_4_0_U8991,0,30,0,"",""
l1_neighbor_channel,grp_l1_neighbor_channel_false_18_true_s_fu_7710/mul_8s_7ns_15_4_0_U8993,0,30,0,"",""
l1_neighbor_channel,grp_l1_neighbor_channel_false_18_true_s_fu_7710/mul_8s_7ns_15_4_0_U8998,0,28,0,"",""
l1_neighbor_channel,grp_l1_neighbor_channel_false_18_true_s_fu_7710/mul_8s_7ns_15_4_0_U9003,0,30,0,"",""
l1_neighbor_channel,grp_l1_neighbor_channel_false_18_true_s_fu_7710/mul_8s_7ns_15_4_0_U9005,0,30,0,"",""
l1_neighbor_channel,grp_l1_neighbor_channel_false_18_true_s_fu_7710/mul_8s_7ns_15_4_0_U9010,0,28,0,"",""
l1_neighbor_channel,grp_l1_neighbor_channel_false_18_true_s_fu_7710/mul_8s_7ns_15_4_0_U9015,0,30,0,"",""
l1_neighbor_channel,grp_l1_neighbor_channel_false_18_true_s_fu_7710/mul_8s_7ns_15_4_0_U9017,0,30,0,"",""
l1_neighbor_channel,grp_l1_neighbor_channel_false_18_true_s_fu_7710/mul_8s_7ns_15_4_0_U9022,0,28,0,"",""
l1_neighbor_channel,grp_l1_neighbor_channel_false_18_true_s_fu_7710/mul_8s_7ns_15_4_0_U9027,0,30,0,"",""
l1_neighbor_channel,grp_l1_neighbor_channel_false_18_true_s_fu_7710/mul_8s_7ns_15_4_0_U9029,0,30,0,"",""
l1_neighbor_channel,grp_l1_neighbor_channel_false_18_true_s_fu_7710/mul_8s_7ns_15_4_0_U9034,0,28,0,"",""
l1_neighbor_channel,grp_l1_neighbor_channel_false_18_true_s_fu_7710/mul_8s_7ns_15_4_0_U9039,0,30,0,"",""
l1_neighbor_channel,grp_l1_neighbor_channel_false_18_true_s_fu_7710/mul_8s_7ns_15_4_0_U9041,0,30,0,"",""
l1_neighbor_channel,grp_l1_neighbor_channel_false_18_true_s_fu_7710/mul_8s_7ns_15_4_0_U9046,0,28,0,"",""
l1_neighbor_channel,grp_l1_neighbor_channel_false_18_true_s_fu_7710/mul_8s_7ns_15_4_0_U9051,0,30,0,"",""
l1_neighbor_channel,grp_l1_neighbor_channel_false_18_true_s_fu_7710/mul_8s_7ns_15_4_0_U9053,0,30,0,"",""
l1_neighbor_channel,grp_l1_neighbor_channel_false_18_true_s_fu_7710/mul_8s_7ns_15_4_0_U9058,0,28,0,"",""
l1_neighbor_channel,grp_l1_neighbor_channel_false_18_true_s_fu_7710/mul_8s_7ns_15_4_0_U9063,0,30,0,"",""
l1_neighbor_channel,grp_l1_neighbor_channel_false_18_true_s_fu_7710/mul_8s_7ns_15_4_0_U9065,0,30,0,"",""
l1_neighbor_channel,grp_l1_neighbor_channel_false_18_true_s_fu_7710/mul_8s_7ns_15_4_0_U9070,0,28,0,"",""
l1_neighbor_channel,grp_l1_neighbor_channel_false_18_true_s_fu_7710/mul_8s_7ns_15_4_0_U9075,0,30,0,"",""
l1_neighbor_channel,grp_l1_neighbor_channel_false_18_true_s_fu_7710/mul_8s_7ns_15_4_0_U9077,0,30,0,"",""
l1_neighbor_channel,grp_l1_neighbor_channel_false_18_true_s_fu_7710/mul_8s_7ns_15_4_0_U9082,0,28,0,"",""
l1_neighbor_channel,grp_l1_neighbor_channel_false_18_true_s_fu_7710/mul_8s_7s_15_4_0_U8994,0,22,0,"",""
l1_neighbor_channel,grp_l1_neighbor_channel_false_18_true_s_fu_7710/mul_8s_7s_15_4_0_U9000,0,18,0,"",""
l1_neighbor_channel,grp_l1_neighbor_channel_false_18_true_s_fu_7710/mul_8s_7s_15_4_0_U9006,0,22,0,"",""
l1_neighbor_channel,grp_l1_neighbor_channel_false_18_true_s_fu_7710/mul_8s_7s_15_4_0_U9012,0,18,0,"",""
l1_neighbor_channel,grp_l1_neighbor_channel_false_18_true_s_fu_7710/mul_8s_7s_15_4_0_U9018,0,22,0,"",""
l1_neighbor_channel,grp_l1_neighbor_channel_false_18_true_s_fu_7710/mul_8s_7s_15_4_0_U9024,0,18,0,"",""
l1_neighbor_channel,grp_l1_neighbor_channel_false_18_true_s_fu_7710/mul_8s_7s_15_4_0_U9030,0,22,0,"",""
l1_neighbor_channel,grp_l1_neighbor_channel_false_18_true_s_fu_7710/mul_8s_7s_15_4_0_U9036,0,18,0,"",""
l1_neighbor_channel,grp_l1_neighbor_channel_false_18_true_s_fu_7710/mul_8s_7s_15_4_0_U9042,0,22,0,"",""
l1_neighbor_channel,grp_l1_neighbor_channel_false_18_true_s_fu_7710/mul_8s_7s_15_4_0_U9048,0,18,0,"",""
l1_neighbor_channel,grp_l1_neighbor_channel_false_18_true_s_fu_7710/mul_8s_7s_15_4_0_U9054,0,22,0,"",""
l1_neighbor_channel,grp_l1_neighbor_channel_false_18_true_s_fu_7710/mul_8s_7s_15_4_0_U9060,0,18,0,"",""
l1_neighbor_channel,grp_l1_neighbor_channel_false_18_true_s_fu_7710/mul_8s_7s_15_4_0_U9066,0,22,0,"",""
l1_neighbor_channel,grp_l1_neighbor_channel_false_18_true_s_fu_7710/mul_8s_7s_15_4_0_U9072,0,18,0,"",""
l1_neighbor_channel,grp_l1_neighbor_channel_false_18_true_s_fu_7710/mul_8s_7s_15_4_0_U9078,0,22,0,"",""
l1_neighbor_channel,grp_l1_neighbor_channel_false_18_true_s_fu_7710/mul_8s_7s_15_4_0_U9084,0,18,0,"",""
l1_neighbor_channel,grp_l1_neighbor_channel_false_18_true_s_fu_7710/mul_8s_7s_15_4_0_U9087,115,28,0,"",""
l1_neighbor_channel,grp_l1_neighbor_channel_false_18_true_s_fu_7710/mul_8s_7s_15_4_0_U9090,115,28,0,"",""
l1_neighbor_channel,grp_l1_neighbor_channel_false_18_true_s_fu_7710/mul_8s_7s_15_4_0_U9093,115,28,0,"",""
l1_neighbor_channel,grp_l1_neighbor_channel_false_18_true_s_fu_7710/mul_8s_7s_15_4_0_U9096,114,28,0,"",""
l1_neighbor_channel,grp_l1_neighbor_channel_false_18_true_s_fu_7710/mul_8s_7s_15_4_0_U9099,114,28,0,"",""
l1_neighbor_channel,grp_l1_neighbor_channel_false_18_true_s_fu_7710/mul_8s_7s_15_4_0_U9102,114,28,0,"",""
l1_neighbor_channel,grp_l1_neighbor_channel_false_18_true_s_fu_7710/mul_8s_7s_15_4_0_U9105,115,28,0,"",""
l1_neighbor_channel,grp_l1_neighbor_channel_false_18_true_s_fu_7710/mul_8s_7s_15_4_0_U9108,115,28,0,"",""
l1_neighbor_channel,grp_l1_neighbor_channel_false_18_true_s_fu_7710/mul_8s_8ns_16_4_0_U8990,4,28,0,"",""
l1_neighbor_channel,grp_l1_neighbor_channel_false_18_true_s_fu_7710/mul_8s_8ns_16_4_0_U8992,10,30,0,"",""
l1_neighbor_channel,grp_l1_neighbor_channel_false_18_true_s_fu_7710/mul_8s_8ns_16_4_0_U9002,4,28,0,"",""
l1_neighbor_channel,grp_l1_neighbor_channel_false_18_true_s_fu_7710/mul_8s_8ns_16_4_0_U9004,10,30,0,"",""
l1_neighbor_channel,grp_l1_neighbor_channel_false_18_true_s_fu_7710/mul_8s_8ns_16_4_0_U9014,4,28,0,"",""
l1_neighbor_channel,grp_l1_neighbor_channel_false_18_true_s_fu_7710/mul_8s_8ns_16_4_0_U9016,10,30,0,"",""
l1_neighbor_channel,grp_l1_neighbor_channel_false_18_true_s_fu_7710/mul_8s_8ns_16_4_0_U9026,4,28,0,"",""
l1_neighbor_channel,grp_l1_neighbor_channel_false_18_true_s_fu_7710/mul_8s_8ns_16_4_0_U9028,10,31,0,"",""
l1_neighbor_channel,grp_l1_neighbor_channel_false_18_true_s_fu_7710/mul_8s_8ns_16_4_0_U9038,4,28,0,"",""
l1_neighbor_channel,grp_l1_neighbor_channel_false_18_true_s_fu_7710/mul_8s_8ns_16_4_0_U9040,10,30,0,"",""
l1_neighbor_channel,grp_l1_neighbor_channel_false_18_true_s_fu_7710/mul_8s_8ns_16_4_0_U9050,4,29,0,"",""
l1_neighbor_channel,grp_l1_neighbor_channel_false_18_true_s_fu_7710/mul_8s_8ns_16_4_0_U9052,10,31,0,"",""
l1_neighbor_channel,grp_l1_neighbor_channel_false_18_true_s_fu_7710/mul_8s_8ns_16_4_0_U9062,4,29,0,"",""
l1_neighbor_channel,grp_l1_neighbor_channel_false_18_true_s_fu_7710/mul_8s_8ns_16_4_0_U9064,10,30,0,"",""
l1_neighbor_channel,grp_l1_neighbor_channel_false_18_true_s_fu_7710/mul_8s_8ns_16_4_0_U9074,4,28,0,"",""
l1_neighbor_channel,grp_l1_neighbor_channel_false_18_true_s_fu_7710/mul_8s_8ns_16_4_0_U9076,10,30,0,"",""
l1_neighbor_channel,grp_l1_neighbor_channel_false_18_true_s_fu_7710/mul_8s_8ns_16_4_0_U9086,65,29,0,"",""
l1_neighbor_channel,grp_l1_neighbor_channel_false_18_true_s_fu_7710/mul_8s_8ns_16_4_0_U9088,115,35,0,"",""
l1_neighbor_channel,grp_l1_neighbor_channel_false_18_true_s_fu_7710/mul_8s_8ns_16_4_0_U9089,65,29,0,"",""
l1_neighbor_channel,grp_l1_neighbor_channel_false_18_true_s_fu_7710/mul_8s_8ns_16_4_0_U9091,1,28,0,"",""
l1_neighbor_channel,grp_l1_neighbor_channel_false_18_true_s_fu_7710/mul_8s_8ns_16_4_0_U9092,65,29,0,"",""
l1_neighbor_channel,grp_l1_neighbor_channel_false_18_true_s_fu_7710/mul_8s_8ns_16_4_0_U9094,115,35,0,"",""
l1_neighbor_channel,grp_l1_neighbor_channel_false_18_true_s_fu_7710/mul_8s_8ns_16_4_0_U9095,65,29,0,"",""
l1_neighbor_channel,grp_l1_neighbor_channel_false_18_true_s_fu_7710/mul_8s_8ns_16_4_0_U9097,1,28,0,"",""
l1_neighbor_channel,grp_l1_neighbor_channel_false_18_true_s_fu_7710/mul_8s_8ns_16_4_0_U9098,65,29,0,"",""
l1_neighbor_channel,grp_l1_neighbor_channel_false_18_true_s_fu_7710/mul_8s_8ns_16_4_0_U9100,1,28,0,"",""
l1_neighbor_channel,grp_l1_neighbor_channel_false_18_true_s_fu_7710/mul_8s_8ns_16_4_0_U9101,65,29,0,"",""
l1_neighbor_channel,grp_l1_neighbor_channel_false_18_true_s_fu_7710/mul_8s_8ns_16_4_0_U9103,115,35,0,"",""
l1_neighbor_channel,grp_l1_neighbor_channel_false_18_true_s_fu_7710/mul_8s_8ns_16_4_0_U9104,65,29,0,"",""
l1_neighbor_channel,grp_l1_neighbor_channel_false_18_true_s_fu_7710/mul_8s_8ns_16_4_0_U9106,1,28,0,"",""
l1_neighbor_channel,grp_l1_neighbor_channel_false_18_true_s_fu_7710/mul_8s_8ns_16_4_0_U9107,65,29,0,"",""
l1_neighbor_channel,grp_l1_neighbor_channel_false_18_true_s_fu_7710/mul_8s_8ns_16_4_0_U9109,1,28,0,"",""
l1_neighbor_channel,grp_l1_neighbor_channel_false_18_true_s_fu_7710/mul_8s_8s_16_4_0_U9001,8,28,0,"",""
l1_neighbor_channel,grp_l1_neighbor_channel_false_18_true_s_fu_7710/mul_8s_8s_16_4_0_U9013,8,28,0,"",""
l1_neighbor_channel,grp_l1_neighbor_channel_false_18_true_s_fu_7710/mul_8s_8s_16_4_0_U9025,8,28,0,"",""
l1_neighbor_channel,grp_l1_neighbor_channel_false_18_true_s_fu_7710/mul_8s_8s_16_4_0_U9037,8,28,0,"",""
l1_neighbor_channel,grp_l1_neighbor_channel_false_18_true_s_fu_7710/mul_8s_8s_16_4_0_U9049,8,28,0,"",""
l1_neighbor_channel,grp_l1_neighbor_channel_false_18_true_s_fu_7710/mul_8s_8s_16_4_0_U9061,8,28,0,"",""
l1_neighbor_channel,grp_l1_neighbor_channel_false_18_true_s_fu_7710/mul_8s_8s_16_4_0_U9073,8,28,0,"",""
l1_neighbor_channel,grp_l1_neighbor_channel_false_18_true_s_fu_7710/mul_8s_8s_16_4_0_U9085,8,28,0,"",""
l1_neighbor_channel,grp_l1_neighbor_channel_false_18_true_s_fu_7710/add_18s_18s_18_2_0_U9110/u1,9,0,0,"",""
l1_neighbor_channel,grp_l1_neighbor_channel_false_18_true_s_fu_7710/add_18s_18s_18_2_0_U9110/u2,9,0,0,"",""
l1_neighbor_channel,grp_l1_neighbor_channel_false_18_true_s_fu_7710/add_18s_18s_18_2_0_U9111/u1,9,0,0,"",""
l1_neighbor_channel,grp_l1_neighbor_channel_false_18_true_s_fu_7710/add_18s_18s_18_2_0_U9111/u2,9,0,0,"",""
l1_neighbor_channel,grp_l1_neighbor_channel_false_18_true_s_fu_7710/add_18s_18s_18_2_0_U9112/u1,9,0,0,"",""
l1_neighbor_channel,grp_l1_neighbor_channel_false_18_true_s_fu_7710/add_18s_18s_18_2_0_U9112/u2,9,0,0,"",""
l1_neighbor_channel,grp_l1_neighbor_channel_false_18_true_s_fu_7710/add_18s_18s_18_2_0_U9113/u1,9,0,0,"",""
l1_neighbor_channel,grp_l1_neighbor_channel_false_18_true_s_fu_7710/add_18s_18s_18_2_0_U9113/u2,9,0,0,"",""
l1_neighbor_channel,grp_l1_neighbor_channel_false_18_true_s_fu_7710/add_18s_18s_18_2_0_U9114/u1,9,0,0,"",""
l1_neighbor_channel,grp_l1_neighbor_channel_false_18_true_s_fu_7710/add_18s_18s_18_2_0_U9114/u2,9,0,0,"",""
l1_neighbor_channel,grp_l1_neighbor_channel_false_18_true_s_fu_7710/add_18s_18s_18_2_0_U9115/u1,9,0,0,"",""
l1_neighbor_channel,grp_l1_neighbor_channel_false_18_true_s_fu_7710/add_18s_18s_18_2_0_U9115/u2,9,0,0,"",""
l1_neighbor_channel,grp_l1_neighbor_channel_false_18_true_s_fu_7710/add_18s_18s_18_2_0_U9116/u1,9,0,0,"",""
l1_neighbor_channel,grp_l1_neighbor_channel_false_18_true_s_fu_7710/add_18s_18s_18_2_0_U9116/u2,9,0,0,"",""
l1_neighbor_channel,grp_l1_neighbor_channel_false_18_true_s_fu_7710/add_18s_18s_18_2_0_U9117/u1,9,0,0,"",""
l1_neighbor_channel,grp_l1_neighbor_channel_false_18_true_s_fu_7710/add_18s_18s_18_2_0_U9117/u2,9,0,0,"",""
l1_neighbor_channel,grp_l1_neighbor_channel_false_19_true_s_fu_7834/add_18s_18s_18_2_0_U9350,18,18,0,"",""
l1_neighbor_channel,grp_l1_neighbor_channel_false_19_true_s_fu_7834/add_18s_18s_18_2_0_U9351,18,18,0,"",""
l1_neighbor_channel,grp_l1_neighbor_channel_false_19_true_s_fu_7834/add_18s_18s_18_2_0_U9352,18,18,0,"",""
l1_neighbor_channel,grp_l1_neighbor_channel_false_19_true_s_fu_7834/add_18s_18s_18_2_0_U9353,18,18,0,"",""
l1_neighbor_channel,grp_l1_neighbor_channel_false_19_true_s_fu_7834/add_18s_18s_18_2_0_U9354,18,18,0,"",""
l1_neighbor_channel,grp_l1_neighbor_channel_false_19_true_s_fu_7834/add_18s_18s_18_2_0_U9355,18,18,0,"",""
l1_neighbor_channel,grp_l1_neighbor_channel_false_19_true_s_fu_7834/add_18s_18s_18_2_0_U9356,18,18,0,"",""
l1_neighbor_channel,grp_l1_neighbor_channel_false_19_true_s_fu_7834/add_18s_18s_18_2_0_U9357,18,18,0,"",""
l1_neighbor_channel,grp_l1_neighbor_channel_false_19_true_s_fu_7834/mul_8s_6ns_14_4_0_U9242,0,24,0,"",""
l1_neighbor_channel,grp_l1_neighbor_channel_false_19_true_s_fu_7834/mul_8s_6ns_14_4_0_U9252,0,24,0,"",""
l1_neighbor_channel,grp_l1_neighbor_channel_false_19_true_s_fu_7834/mul_8s_6ns_14_4_0_U9262,0,24,0,"",""
l1_neighbor_channel,grp_l1_neighbor_channel_false_19_true_s_fu_7834/mul_8s_6ns_14_4_0_U9272,0,24,0,"",""
l1_neighbor_channel,grp_l1_neighbor_channel_false_19_true_s_fu_7834/mul_8s_6ns_14_4_0_U9282,0,24,0,"",""
l1_neighbor_channel,grp_l1_neighbor_channel_false_19_true_s_fu_7834/mul_8s_6ns_14_4_0_U9292,0,24,0,"",""
l1_neighbor_channel,grp_l1_neighbor_channel_false_19_true_s_fu_7834/mul_8s_6ns_14_4_0_U9302,0,24,0,"",""
l1_neighbor_channel,grp_l1_neighbor_channel_false_19_true_s_fu_7834/mul_8s_6ns_14_4_0_U9312,0,24,0,"",""
l1_neighbor_channel,grp_l1_neighbor_channel_false_19_true_s_fu_7834/mul_8s_7ns_15_4_0_U9239,0,28,0,"",""
l1_neighbor_channel,grp_l1_neighbor_channel_false_19_true_s_fu_7834/mul_8s_7ns_15_4_0_U9245,0,18,0,"",""
l1_neighbor_channel,grp_l1_neighbor_channel_false_19_true_s_fu_7834/mul_8s_7ns_15_4_0_U9247,0,28,0,"",""
l1_neighbor_channel,grp_l1_neighbor_channel_false_19_true_s_fu_7834/mul_8s_7ns_15_4_0_U9249,0,28,0,"",""
l1_neighbor_channel,grp_l1_neighbor_channel_false_19_true_s_fu_7834/mul_8s_7ns_15_4_0_U9255,0,18,0,"",""
l1_neighbor_channel,grp_l1_neighbor_channel_false_19_true_s_fu_7834/mul_8s_7ns_15_4_0_U9257,0,28,0,"",""
l1_neighbor_channel,grp_l1_neighbor_channel_false_19_true_s_fu_7834/mul_8s_7ns_15_4_0_U9259,0,28,0,"",""
l1_neighbor_channel,grp_l1_neighbor_channel_false_19_true_s_fu_7834/mul_8s_7ns_15_4_0_U9265,0,18,0,"",""
l1_neighbor_channel,grp_l1_neighbor_channel_false_19_true_s_fu_7834/mul_8s_7ns_15_4_0_U9267,0,28,0,"",""
l1_neighbor_channel,grp_l1_neighbor_channel_false_19_true_s_fu_7834/mul_8s_7ns_15_4_0_U9269,0,30,0,"",""
l1_neighbor_channel,grp_l1_neighbor_channel_false_19_true_s_fu_7834/mul_8s_7ns_15_4_0_U9275,0,18,0,"",""
l1_neighbor_channel,grp_l1_neighbor_channel_false_19_true_s_fu_7834/mul_8s_7ns_15_4_0_U9277,0,28,0,"",""
l1_neighbor_channel,grp_l1_neighbor_channel_false_19_true_s_fu_7834/mul_8s_7ns_15_4_0_U9279,0,28,0,"",""
l1_neighbor_channel,grp_l1_neighbor_channel_false_19_true_s_fu_7834/mul_8s_7ns_15_4_0_U9285,0,18,0,"",""
l1_neighbor_channel,grp_l1_neighbor_channel_false_19_true_s_fu_7834/mul_8s_7ns_15_4_0_U9287,0,28,0,"",""
l1_neighbor_channel,grp_l1_neighbor_channel_false_19_true_s_fu_7834/mul_8s_7ns_15_4_0_U9289,0,28,0,"",""
l1_neighbor_channel,grp_l1_neighbor_channel_false_19_true_s_fu_7834/mul_8s_7ns_15_4_0_U9295,0,18,0,"",""
l1_neighbor_channel,grp_l1_neighbor_channel_false_19_true_s_fu_7834/mul_8s_7ns_15_4_0_U9297,0,28,0,"",""
l1_neighbor_channel,grp_l1_neighbor_channel_false_19_true_s_fu_7834/mul_8s_7ns_15_4_0_U9299,0,28,0,"",""
l1_neighbor_channel,grp_l1_neighbor_channel_false_19_true_s_fu_7834/mul_8s_7ns_15_4_0_U9305,0,18,0,"",""
l1_neighbor_channel,grp_l1_neighbor_channel_false_19_true_s_fu_7834/mul_8s_7ns_15_4_0_U9307,0,28,0,"",""
l1_neighbor_channel,grp_l1_neighbor_channel_false_19_true_s_fu_7834/mul_8s_7ns_15_4_0_U9309,0,28,0,"",""
l1_neighbor_channel,grp_l1_neighbor_channel_false_19_true_s_fu_7834/mul_8s_7ns_15_4_0_U9315,0,18,0,"",""
l1_neighbor_channel,grp_l1_neighbor_channel_false_19_true_s_fu_7834/mul_8s_7ns_15_4_0_U9317,0,28,0,"",""
l1_neighbor_channel,grp_l1_neighbor_channel_false_19_true_s_fu_7834/mul_8s_7ns_15_4_0_U9318,2,23,0,"",""
l1_neighbor_channel,grp_l1_neighbor_channel_false_19_true_s_fu_7834/mul_8s_7ns_15_4_0_U9322,2,23,0,"",""
l1_neighbor_channel,grp_l1_neighbor_channel_false_19_true_s_fu_7834/mul_8s_7ns_15_4_0_U9326,2,23,0,"",""
l1_neighbor_channel,grp_l1_neighbor_channel_false_19_true_s_fu_7834/mul_8s_7ns_15_4_0_U9330,2,23,0,"",""
l1_neighbor_channel,grp_l1_neighbor_channel_false_19_true_s_fu_7834/mul_8s_7ns_15_4_0_U9334,2,23,0,"",""
l1_neighbor_channel,grp_l1_neighbor_channel_false_19_true_s_fu_7834/mul_8s_7ns_15_4_0_U9338,2,23,0,"",""
l1_neighbor_channel,grp_l1_neighbor_channel_false_19_true_s_fu_7834/mul_8s_7ns_15_4_0_U9342,2,23,0,"",""
l1_neighbor_channel,grp_l1_neighbor_channel_false_19_true_s_fu_7834/mul_8s_7ns_15_4_0_U9346,2,23,0,"",""
l1_neighbor_channel,grp_l1_neighbor_channel_false_19_true_s_fu_7834/mul_8s_7s_15_4_0_U9240,0,26,0,"",""
l1_neighbor_channel,grp_l1_neighbor_channel_false_19_true_s_fu_7834/mul_8s_7s_15_4_0_U9244,0,22,0,"",""
l1_neighbor_channel,grp_l1_neighbor_channel_false_19_true_s_fu_7834/mul_8s_7s_15_4_0_U9246,0,30,0,"",""
l1_neighbor_channel,grp_l1_neighbor_channel_false_19_true_s_fu_7834/mul_8s_7s_15_4_0_U9250,0,26,0,"",""
l1_neighbor_channel,grp_l1_neighbor_channel_false_19_true_s_fu_7834/mul_8s_7s_15_4_0_U9254,0,22,0,"",""
l1_neighbor_channel,grp_l1_neighbor_channel_false_19_true_s_fu_7834/mul_8s_7s_15_4_0_U9256,0,30,0,"",""
l1_neighbor_channel,grp_l1_neighbor_channel_false_19_true_s_fu_7834/mul_8s_7s_15_4_0_U9260,0,26,0,"",""
l1_neighbor_channel,grp_l1_neighbor_channel_false_19_true_s_fu_7834/mul_8s_7s_15_4_0_U9264,0,22,0,"",""
l1_neighbor_channel,grp_l1_neighbor_channel_false_19_true_s_fu_7834/mul_8s_7s_15_4_0_U9266,0,30,0,"",""
l1_neighbor_channel,grp_l1_neighbor_channel_false_19_true_s_fu_7834/mul_8s_7s_15_4_0_U9270,0,27,0,"",""
l1_neighbor_channel,grp_l1_neighbor_channel_false_19_true_s_fu_7834/mul_8s_7s_15_4_0_U9274,0,22,0,"",""
l1_neighbor_channel,grp_l1_neighbor_channel_false_19_true_s_fu_7834/mul_8s_7s_15_4_0_U9276,0,30,0,"",""
l1_neighbor_channel,grp_l1_neighbor_channel_false_19_true_s_fu_7834/mul_8s_7s_15_4_0_U9280,0,27,0,"",""
l1_neighbor_channel,grp_l1_neighbor_channel_false_19_true_s_fu_7834/mul_8s_7s_15_4_0_U9284,0,22,0,"",""
l1_neighbor_channel,grp_l1_neighbor_channel_false_19_true_s_fu_7834/mul_8s_7s_15_4_0_U9286,0,30,0,"",""
l1_neighbor_channel,grp_l1_neighbor_channel_false_19_true_s_fu_7834/mul_8s_7s_15_4_0_U9290,0,26,0,"",""
l1_neighbor_channel,grp_l1_neighbor_channel_false_19_true_s_fu_7834/mul_8s_7s_15_4_0_U9294,0,22,0,"",""
l1_neighbor_channel,grp_l1_neighbor_channel_false_19_true_s_fu_7834/mul_8s_7s_15_4_0_U9296,0,30,0,"",""
l1_neighbor_channel,grp_l1_neighbor_channel_false_19_true_s_fu_7834/mul_8s_7s_15_4_0_U9300,0,27,0,"",""
l1_neighbor_channel,grp_l1_neighbor_channel_false_19_true_s_fu_7834/mul_8s_7s_15_4_0_U9304,0,22,0,"",""
l1_neighbor_channel,grp_l1_neighbor_channel_false_19_true_s_fu_7834/mul_8s_7s_15_4_0_U9306,0,30,0,"",""
l1_neighbor_channel,grp_l1_neighbor_channel_false_19_true_s_fu_7834/mul_8s_7s_15_4_0_U9310,0,26,0,"",""
l1_neighbor_channel,grp_l1_neighbor_channel_false_19_true_s_fu_7834/mul_8s_7s_15_4_0_U9314,0,22,0,"",""
l1_neighbor_channel,grp_l1_neighbor_channel_false_19_true_s_fu_7834/mul_8s_7s_15_4_0_U9316,0,30,0,"",""
l1_neighbor_channel,grp_l1_neighbor_channel_false_19_true_s_fu_7834/mul_8s_8ns_16_4_0_U9238,16,26,0,"",""
l1_neighbor_channel,grp_l1_neighbor_channel_false_19_true_s_fu_7834/mul_8s_8ns_16_4_0_U9248,16,26,0,"",""
l1_neighbor_channel,grp_l1_neighbor_channel_false_19_true_s_fu_7834/mul_8s_8ns_16_4_0_U9258,16,26,0,"",""
l1_neighbor_channel,grp_l1_neighbor_channel_false_19_true_s_fu_7834/mul_8s_8ns_16_4_0_U9268,16,26,0,"",""
l1_neighbor_channel,grp_l1_neighbor_channel_false_19_true_s_fu_7834/mul_8s_8ns_16_4_0_U9278,16,26,0,"",""
l1_neighbor_channel,grp_l1_neighbor_channel_false_19_true_s_fu_7834/mul_8s_8ns_16_4_0_U9288,16,26,0,"",""
l1_neighbor_channel,grp_l1_neighbor_channel_false_19_true_s_fu_7834/mul_8s_8ns_16_4_0_U9298,16,26,0,"",""
l1_neighbor_channel,grp_l1_neighbor_channel_false_19_true_s_fu_7834/mul_8s_8ns_16_4_0_U9308,16,26,0,"",""
l1_neighbor_channel,grp_l1_neighbor_channel_false_19_true_s_fu_7834/mul_8s_8ns_16_4_0_U9319,0,20,0,"",""
l1_neighbor_channel,grp_l1_neighbor_channel_false_19_true_s_fu_7834/mul_8s_8ns_16_4_0_U9320,7,28,0,"",""
l1_neighbor_channel,grp_l1_neighbor_channel_false_19_true_s_fu_7834/mul_8s_8ns_16_4_0_U9321,0,18,0,"",""
l1_neighbor_channel,grp_l1_neighbor_channel_false_19_true_s_fu_7834/mul_8s_8ns_16_4_0_U9323,0,20,0,"",""
l1_neighbor_channel,grp_l1_neighbor_channel_false_19_true_s_fu_7834/mul_8s_8ns_16_4_0_U9324,7,28,0,"",""
l1_neighbor_channel,grp_l1_neighbor_channel_false_19_true_s_fu_7834/mul_8s_8ns_16_4_0_U9325,0,18,0,"",""
l1_neighbor_channel,grp_l1_neighbor_channel_false_19_true_s_fu_7834/mul_8s_8ns_16_4_0_U9327,0,20,0,"",""
l1_neighbor_channel,grp_l1_neighbor_channel_false_19_true_s_fu_7834/mul_8s_8ns_16_4_0_U9328,7,28,0,"",""
l1_neighbor_channel,grp_l1_neighbor_channel_false_19_true_s_fu_7834/mul_8s_8ns_16_4_0_U9329,0,18,0,"",""
l1_neighbor_channel,grp_l1_neighbor_channel_false_19_true_s_fu_7834/mul_8s_8ns_16_4_0_U9331,0,20,0,"",""
l1_neighbor_channel,grp_l1_neighbor_channel_false_19_true_s_fu_7834/mul_8s_8ns_16_4_0_U9332,7,28,0,"",""
l1_neighbor_channel,grp_l1_neighbor_channel_false_19_true_s_fu_7834/mul_8s_8ns_16_4_0_U9333,0,18,0,"",""
l1_neighbor_channel,grp_l1_neighbor_channel_false_19_true_s_fu_7834/mul_8s_8ns_16_4_0_U9335,0,20,0,"",""
l1_neighbor_channel,grp_l1_neighbor_channel_false_19_true_s_fu_7834/mul_8s_8ns_16_4_0_U9336,7,28,0,"",""
l1_neighbor_channel,grp_l1_neighbor_channel_false_19_true_s_fu_7834/mul_8s_8ns_16_4_0_U9337,0,18,0,"",""
l1_neighbor_channel,grp_l1_neighbor_channel_false_19_true_s_fu_7834/mul_8s_8ns_16_4_0_U9339,0,20,0,"",""
l1_neighbor_channel,grp_l1_neighbor_channel_false_19_true_s_fu_7834/mul_8s_8ns_16_4_0_U9340,7,28,0,"",""
l1_neighbor_channel,grp_l1_neighbor_channel_false_19_true_s_fu_7834/mul_8s_8ns_16_4_0_U9341,0,18,0,"",""
l1_neighbor_channel,grp_l1_neighbor_channel_false_19_true_s_fu_7834/mul_8s_8ns_16_4_0_U9343,0,20,0,"",""
l1_neighbor_channel,grp_l1_neighbor_channel_false_19_true_s_fu_7834/mul_8s_8ns_16_4_0_U9344,7,28,0,"",""
l1_neighbor_channel,grp_l1_neighbor_channel_false_19_true_s_fu_7834/mul_8s_8ns_16_4_0_U9345,0,18,0,"",""
l1_neighbor_channel,grp_l1_neighbor_channel_false_19_true_s_fu_7834/mul_8s_8ns_16_4_0_U9347,0,20,0,"",""
l1_neighbor_channel,grp_l1_neighbor_channel_false_19_true_s_fu_7834/mul_8s_8ns_16_4_0_U9348,7,28,0,"",""
l1_neighbor_channel,grp_l1_neighbor_channel_false_19_true_s_fu_7834/mul_8s_8ns_16_4_0_U9349,0,26,0,"",""
l1_neighbor_channel,grp_l1_neighbor_channel_false_19_true_s_fu_7834/mul_8s_8s_16_4_0_U9241,2,27,0,"",""
l1_neighbor_channel,grp_l1_neighbor_channel_false_19_true_s_fu_7834/mul_8s_8s_16_4_0_U9243,2,25,0,"",""
l1_neighbor_channel,grp_l1_neighbor_channel_false_19_true_s_fu_7834/mul_8s_8s_16_4_0_U9251,2,27,0,"",""
l1_neighbor_channel,grp_l1_neighbor_channel_false_19_true_s_fu_7834/mul_8s_8s_16_4_0_U9253,2,25,0,"",""
l1_neighbor_channel,grp_l1_neighbor_channel_false_19_true_s_fu_7834/mul_8s_8s_16_4_0_U9261,2,27,0,"",""
l1_neighbor_channel,grp_l1_neighbor_channel_false_19_true_s_fu_7834/mul_8s_8s_16_4_0_U9263,2,25,0,"",""
l1_neighbor_channel,grp_l1_neighbor_channel_false_19_true_s_fu_7834/mul_8s_8s_16_4_0_U9271,2,27,0,"",""
l1_neighbor_channel,grp_l1_neighbor_channel_false_19_true_s_fu_7834/mul_8s_8s_16_4_0_U9273,2,25,0,"",""
l1_neighbor_channel,grp_l1_neighbor_channel_false_19_true_s_fu_7834/mul_8s_8s_16_4_0_U9281,2,27,0,"",""
l1_neighbor_channel,grp_l1_neighbor_channel_false_19_true_s_fu_7834/mul_8s_8s_16_4_0_U9283,2,25,0,"",""
l1_neighbor_channel,grp_l1_neighbor_channel_false_19_true_s_fu_7834/mul_8s_8s_16_4_0_U9291,2,27,0,"",""
l1_neighbor_channel,grp_l1_neighbor_channel_false_19_true_s_fu_7834/mul_8s_8s_16_4_0_U9293,2,25,0,"",""
l1_neighbor_channel,grp_l1_neighbor_channel_false_19_true_s_fu_7834/mul_8s_8s_16_4_0_U9301,2,27,0,"",""
l1_neighbor_channel,grp_l1_neighbor_channel_false_19_true_s_fu_7834/mul_8s_8s_16_4_0_U9303,2,25,0,"",""
l1_neighbor_channel,grp_l1_neighbor_channel_false_19_true_s_fu_7834/mul_8s_8s_16_4_0_U9311,2,27,0,"",""
l1_neighbor_channel,grp_l1_neighbor_channel_false_19_true_s_fu_7834/mul_8s_8s_16_4_0_U9313,2,25,0,"",""
l1_neighbor_channel,grp_l1_neighbor_channel_false_19_true_s_fu_7834/add_18s_18s_18_2_0_U9350/u1,9,0,0,"",""
l1_neighbor_channel,grp_l1_neighbor_channel_false_19_true_s_fu_7834/add_18s_18s_18_2_0_U9350/u2,9,0,0,"",""
l1_neighbor_channel,grp_l1_neighbor_channel_false_19_true_s_fu_7834/add_18s_18s_18_2_0_U9351/u1,9,0,0,"",""
l1_neighbor_channel,grp_l1_neighbor_channel_false_19_true_s_fu_7834/add_18s_18s_18_2_0_U9351/u2,9,0,0,"",""
l1_neighbor_channel,grp_l1_neighbor_channel_false_19_true_s_fu_7834/add_18s_18s_18_2_0_U9352/u1,9,0,0,"",""
l1_neighbor_channel,grp_l1_neighbor_channel_false_19_true_s_fu_7834/add_18s_18s_18_2_0_U9352/u2,9,0,0,"",""
l1_neighbor_channel,grp_l1_neighbor_channel_false_19_true_s_fu_7834/add_18s_18s_18_2_0_U9353/u1,9,0,0,"",""
l1_neighbor_channel,grp_l1_neighbor_channel_false_19_true_s_fu_7834/add_18s_18s_18_2_0_U9353/u2,9,0,0,"",""
l1_neighbor_channel,grp_l1_neighbor_channel_false_19_true_s_fu_7834/add_18s_18s_18_2_0_U9354/u1,9,0,0,"",""
l1_neighbor_channel,grp_l1_neighbor_channel_false_19_true_s_fu_7834/add_18s_18s_18_2_0_U9354/u2,9,0,0,"",""
l1_neighbor_channel,grp_l1_neighbor_channel_false_19_true_s_fu_7834/add_18s_18s_18_2_0_U9355/u1,9,0,0,"",""
l1_neighbor_channel,grp_l1_neighbor_channel_false_19_true_s_fu_7834/add_18s_18s_18_2_0_U9355/u2,9,0,0,"",""
l1_neighbor_channel,grp_l1_neighbor_channel_false_19_true_s_fu_7834/add_18s_18s_18_2_0_U9356/u1,9,0,0,"",""
l1_neighbor_channel,grp_l1_neighbor_channel_false_19_true_s_fu_7834/add_18s_18s_18_2_0_U9356/u2,9,0,0,"",""
l1_neighbor_channel,grp_l1_neighbor_channel_false_19_true_s_fu_7834/add_18s_18s_18_2_0_U9357/u1,9,0,0,"",""
l1_neighbor_channel,grp_l1_neighbor_channel_false_19_true_s_fu_7834/add_18s_18s_18_2_0_U9357/u2,9,0,0,"",""
l1_neighbor_channel,grp_l1_neighbor_channel_false_20_true_s_fu_7958/add_18s_18s_18_2_0_U9598,18,18,0,"",""
l1_neighbor_channel,grp_l1_neighbor_channel_false_20_true_s_fu_7958/add_18s_18s_18_2_0_U9599,18,18,0,"",""
l1_neighbor_channel,grp_l1_neighbor_channel_false_20_true_s_fu_7958/add_18s_18s_18_2_0_U9600,18,18,0,"",""
l1_neighbor_channel,grp_l1_neighbor_channel_false_20_true_s_fu_7958/add_18s_18s_18_2_0_U9601,18,18,0,"",""
l1_neighbor_channel,grp_l1_neighbor_channel_false_20_true_s_fu_7958/add_18s_18s_18_2_0_U9602,18,18,0,"",""
l1_neighbor_channel,grp_l1_neighbor_channel_false_20_true_s_fu_7958/add_18s_18s_18_2_0_U9603,18,18,0,"",""
l1_neighbor_channel,grp_l1_neighbor_channel_false_20_true_s_fu_7958/add_18s_18s_18_2_0_U9604,18,18,0,"",""
l1_neighbor_channel,grp_l1_neighbor_channel_false_20_true_s_fu_7958/add_18s_18s_18_2_0_U9605,18,18,0,"",""
l1_neighbor_channel,grp_l1_neighbor_channel_false_20_true_s_fu_7958/mul_8s_4ns_12_4_0_U9484,4,22,0,"",""
l1_neighbor_channel,grp_l1_neighbor_channel_false_20_true_s_fu_7958/mul_8s_4ns_12_4_0_U9496,4,22,0,"",""
l1_neighbor_channel,grp_l1_neighbor_channel_false_20_true_s_fu_7958/mul_8s_4ns_12_4_0_U9508,4,22,0,"",""
l1_neighbor_channel,grp_l1_neighbor_channel_false_20_true_s_fu_7958/mul_8s_4ns_12_4_0_U9520,0,20,0,"",""
l1_neighbor_channel,grp_l1_neighbor_channel_false_20_true_s_fu_7958/mul_8s_4ns_12_4_0_U9532,0,20,0,"",""
l1_neighbor_channel,grp_l1_neighbor_channel_false_20_true_s_fu_7958/mul_8s_4ns_12_4_0_U9544,0,20,0,"",""
l1_neighbor_channel,grp_l1_neighbor_channel_false_20_true_s_fu_7958/mul_8s_4ns_12_4_0_U9556,4,22,0,"",""
l1_neighbor_channel,grp_l1_neighbor_channel_false_20_true_s_fu_7958/mul_8s_4ns_12_4_0_U9568,4,22,0,"",""
l1_neighbor_channel,grp_l1_neighbor_channel_false_20_true_s_fu_7958/mul_8s_6s_14_4_0_U9478,0,22,0,"",""
l1_neighbor_channel,grp_l1_neighbor_channel_false_20_true_s_fu_7958/mul_8s_6s_14_4_0_U9490,0,22,0,"",""
l1_neighbor_channel,grp_l1_neighbor_channel_false_20_true_s_fu_7958/mul_8s_6s_14_4_0_U9502,0,22,0,"",""
l1_neighbor_channel,grp_l1_neighbor_channel_false_20_true_s_fu_7958/mul_8s_6s_14_4_0_U9514,0,22,0,"",""
l1_neighbor_channel,grp_l1_neighbor_channel_false_20_true_s_fu_7958/mul_8s_6s_14_4_0_U9526,0,22,0,"",""
l1_neighbor_channel,grp_l1_neighbor_channel_false_20_true_s_fu_7958/mul_8s_6s_14_4_0_U9538,0,22,0,"",""
l1_neighbor_channel,grp_l1_neighbor_channel_false_20_true_s_fu_7958/mul_8s_6s_14_4_0_U9550,0,22,0,"",""
l1_neighbor_channel,grp_l1_neighbor_channel_false_20_true_s_fu_7958/mul_8s_6s_14_4_0_U9562,0,22,0,"",""
l1_neighbor_channel,grp_l1_neighbor_channel_false_20_true_s_fu_7958/mul_8s_7ns_15_4_0_U9482,0,28,0,"",""
l1_neighbor_channel,grp_l1_neighbor_channel_false_20_true_s_fu_7958/mul_8s_7ns_15_4_0_U9483,0,26,0,"",""
l1_neighbor_channel,grp_l1_neighbor_channel_false_20_true_s_fu_7958/mul_8s_7ns_15_4_0_U9485,0,26,0,"",""
l1_neighbor_channel,grp_l1_neighbor_channel_false_20_true_s_fu_7958/mul_8s_7ns_15_4_0_U9486,0,27,0,"",""
l1_neighbor_channel,grp_l1_neighbor_channel_false_20_true_s_fu_7958/mul_8s_7ns_15_4_0_U9488,0,26,0,"",""
l1_neighbor_channel,grp_l1_neighbor_channel_false_20_true_s_fu_7958/mul_8s_7ns_15_4_0_U9494,0,28,0,"",""
l1_neighbor_channel,grp_l1_neighbor_channel_false_20_true_s_fu_7958/mul_8s_7ns_15_4_0_U9495,0,26,0,"",""
l1_neighbor_channel,grp_l1_neighbor_channel_false_20_true_s_fu_7958/mul_8s_7ns_15_4_0_U9497,0,26,0,"",""
l1_neighbor_channel,grp_l1_neighbor_channel_false_20_true_s_fu_7958/mul_8s_7ns_15_4_0_U9498,0,27,0,"",""
l1_neighbor_channel,grp_l1_neighbor_channel_false_20_true_s_fu_7958/mul_8s_7ns_15_4_0_U9500,0,26,0,"",""
l1_neighbor_channel,grp_l1_neighbor_channel_false_20_true_s_fu_7958/mul_8s_7ns_15_4_0_U9506,0,28,0,"",""
l1_neighbor_channel,grp_l1_neighbor_channel_false_20_true_s_fu_7958/mul_8s_7ns_15_4_0_U9507,0,26,0,"",""
l1_neighbor_channel,grp_l1_neighbor_channel_false_20_true_s_fu_7958/mul_8s_7ns_15_4_0_U9509,0,26,0,"",""
l1_neighbor_channel,grp_l1_neighbor_channel_false_20_true_s_fu_7958/mul_8s_7ns_15_4_0_U9510,0,27,0,"",""
l1_neighbor_channel,grp_l1_neighbor_channel_false_20_true_s_fu_7958/mul_8s_7ns_15_4_0_U9512,0,26,0,"",""
l1_neighbor_channel,grp_l1_neighbor_channel_false_20_true_s_fu_7958/mul_8s_7ns_15_4_0_U9518,0,28,0,"",""
l1_neighbor_channel,grp_l1_neighbor_channel_false_20_true_s_fu_7958/mul_8s_7ns_15_4_0_U9519,0,26,0,"",""
l1_neighbor_channel,grp_l1_neighbor_channel_false_20_true_s_fu_7958/mul_8s_7ns_15_4_0_U9521,0,26,0,"",""
l1_neighbor_channel,grp_l1_neighbor_channel_false_20_true_s_fu_7958/mul_8s_7ns_15_4_0_U9522,0,27,0,"",""
l1_neighbor_channel,grp_l1_neighbor_channel_false_20_true_s_fu_7958/mul_8s_7ns_15_4_0_U9524,0,26,0,"",""
l1_neighbor_channel,grp_l1_neighbor_channel_false_20_true_s_fu_7958/mul_8s_7ns_15_4_0_U9530,0,28,0,"",""
l1_neighbor_channel,grp_l1_neighbor_channel_false_20_true_s_fu_7958/mul_8s_7ns_15_4_0_U9531,0,26,0,"",""
l1_neighbor_channel,grp_l1_neighbor_channel_false_20_true_s_fu_7958/mul_8s_7ns_15_4_0_U9533,0,26,0,"",""
l1_neighbor_channel,grp_l1_neighbor_channel_false_20_true_s_fu_7958/mul_8s_7ns_15_4_0_U9534,0,27,0,"",""
l1_neighbor_channel,grp_l1_neighbor_channel_false_20_true_s_fu_7958/mul_8s_7ns_15_4_0_U9536,0,26,0,"",""
l1_neighbor_channel,grp_l1_neighbor_channel_false_20_true_s_fu_7958/mul_8s_7ns_15_4_0_U9542,0,28,0,"",""
l1_neighbor_channel,grp_l1_neighbor_channel_false_20_true_s_fu_7958/mul_8s_7ns_15_4_0_U9543,0,26,0,"",""
l1_neighbor_channel,grp_l1_neighbor_channel_false_20_true_s_fu_7958/mul_8s_7ns_15_4_0_U9545,0,26,0,"",""
l1_neighbor_channel,grp_l1_neighbor_channel_false_20_true_s_fu_7958/mul_8s_7ns_15_4_0_U9546,0,27,0,"",""
l1_neighbor_channel,grp_l1_neighbor_channel_false_20_true_s_fu_7958/mul_8s_7ns_15_4_0_U9548,0,26,0,"",""
l1_neighbor_channel,grp_l1_neighbor_channel_false_20_true_s_fu_7958/mul_8s_7ns_15_4_0_U9554,0,28,0,"",""
l1_neighbor_channel,grp_l1_neighbor_channel_false_20_true_s_fu_7958/mul_8s_7ns_15_4_0_U9555,0,26,0,"",""
l1_neighbor_channel,grp_l1_neighbor_channel_false_20_true_s_fu_7958/mul_8s_7ns_15_4_0_U9557,0,26,0,"",""
l1_neighbor_channel,grp_l1_neighbor_channel_false_20_true_s_fu_7958/mul_8s_7ns_15_4_0_U9558,0,27,0,"",""
l1_neighbor_channel,grp_l1_neighbor_channel_false_20_true_s_fu_7958/mul_8s_7ns_15_4_0_U9560,0,26,0,"",""
l1_neighbor_channel,grp_l1_neighbor_channel_false_20_true_s_fu_7958/mul_8s_7ns_15_4_0_U9566,0,28,0,"",""
l1_neighbor_channel,grp_l1_neighbor_channel_false_20_true_s_fu_7958/mul_8s_7ns_15_4_0_U9567,0,26,0,"",""
l1_neighbor_channel,grp_l1_neighbor_channel_false_20_true_s_fu_7958/mul_8s_7ns_15_4_0_U9569,0,26,0,"",""
l1_neighbor_channel,grp_l1_neighbor_channel_false_20_true_s_fu_7958/mul_8s_7ns_15_4_0_U9570,0,27,0,"",""
l1_neighbor_channel,grp_l1_neighbor_channel_false_20_true_s_fu_7958/mul_8s_7ns_15_4_0_U9572,0,26,0,"",""
l1_neighbor_channel,grp_l1_neighbor_channel_false_20_true_s_fu_7958/mul_8s_7ns_15_4_0_U9575,97,35,0,"",""
l1_neighbor_channel,grp_l1_neighbor_channel_false_20_true_s_fu_7958/mul_8s_7ns_15_4_0_U9578,97,35,0,"",""
l1_neighbor_channel,grp_l1_neighbor_channel_false_20_true_s_fu_7958/mul_8s_7ns_15_4_0_U9581,97,35,0,"",""
l1_neighbor_channel,grp_l1_neighbor_channel_false_20_true_s_fu_7958/mul_8s_7ns_15_4_0_U9584,0,28,0,"",""
l1_neighbor_channel,grp_l1_neighbor_channel_false_20_true_s_fu_7958/mul_8s_7ns_15_4_0_U9587,97,35,0,"",""
l1_neighbor_channel,grp_l1_neighbor_channel_false_20_true_s_fu_7958/mul_8s_7ns_15_4_0_U9590,97,35,0,"",""
l1_neighbor_channel,grp_l1_neighbor_channel_false_20_true_s_fu_7958/mul_8s_7ns_15_4_0_U9593,97,35,0,"",""
l1_neighbor_channel,grp_l1_neighbor_channel_false_20_true_s_fu_7958/mul_8s_7ns_15_4_0_U9596,97,35,0,"",""
l1_neighbor_channel,grp_l1_neighbor_channel_false_20_true_s_fu_7958/mul_8s_7s_15_4_0_U9480,0,26,0,"",""
l1_neighbor_channel,grp_l1_neighbor_channel_false_20_true_s_fu_7958/mul_8s_7s_15_4_0_U9481,23,28,0,"",""
l1_neighbor_channel,grp_l1_neighbor_channel_false_20_true_s_fu_7958/mul_8s_7s_15_4_0_U9489,0,24,0,"",""
l1_neighbor_channel,grp_l1_neighbor_channel_false_20_true_s_fu_7958/mul_8s_7s_15_4_0_U9492,0,26,0,"",""
l1_neighbor_channel,grp_l1_neighbor_channel_false_20_true_s_fu_7958/mul_8s_7s_15_4_0_U9493,23,28,0,"",""
l1_neighbor_channel,grp_l1_neighbor_channel_false_20_true_s_fu_7958/mul_8s_7s_15_4_0_U9501,0,24,0,"",""
l1_neighbor_channel,grp_l1_neighbor_channel_false_20_true_s_fu_7958/mul_8s_7s_15_4_0_U9504,0,26,0,"",""
l1_neighbor_channel,grp_l1_neighbor_channel_false_20_true_s_fu_7958/mul_8s_7s_15_4_0_U9505,17,26,0,"",""
l1_neighbor_channel,grp_l1_neighbor_channel_false_20_true_s_fu_7958/mul_8s_7s_15_4_0_U9513,0,24,0,"",""
l1_neighbor_channel,grp_l1_neighbor_channel_false_20_true_s_fu_7958/mul_8s_7s_15_4_0_U9516,0,26,0,"",""
l1_neighbor_channel,grp_l1_neighbor_channel_false_20_true_s_fu_7958/mul_8s_7s_15_4_0_U9517,17,26,0,"",""
l1_neighbor_channel,grp_l1_neighbor_channel_false_20_true_s_fu_7958/mul_8s_7s_15_4_0_U9525,0,24,0,"",""
l1_neighbor_channel,grp_l1_neighbor_channel_false_20_true_s_fu_7958/mul_8s_7s_15_4_0_U9528,0,26,0,"",""
l1_neighbor_channel,grp_l1_neighbor_channel_false_20_true_s_fu_7958/mul_8s_7s_15_4_0_U9529,17,26,0,"",""
l1_neighbor_channel,grp_l1_neighbor_channel_false_20_true_s_fu_7958/mul_8s_7s_15_4_0_U9537,0,24,0,"",""
l1_neighbor_channel,grp_l1_neighbor_channel_false_20_true_s_fu_7958/mul_8s_7s_15_4_0_U9540,0,26,0,"",""
l1_neighbor_channel,grp_l1_neighbor_channel_false_20_true_s_fu_7958/mul_8s_7s_15_4_0_U9541,23,28,0,"",""
l1_neighbor_channel,grp_l1_neighbor_channel_false_20_true_s_fu_7958/mul_8s_7s_15_4_0_U9549,0,24,0,"",""
l1_neighbor_channel,grp_l1_neighbor_channel_false_20_true_s_fu_7958/mul_8s_7s_15_4_0_U9552,0,26,0,"",""
l1_neighbor_channel,grp_l1_neighbor_channel_false_20_true_s_fu_7958/mul_8s_7s_15_4_0_U9553,23,28,0,"",""
l1_neighbor_channel,grp_l1_neighbor_channel_false_20_true_s_fu_7958/mul_8s_7s_15_4_0_U9561,0,24,0,"",""
l1_neighbor_channel,grp_l1_neighbor_channel_false_20_true_s_fu_7958/mul_8s_7s_15_4_0_U9564,0,26,0,"",""
l1_neighbor_channel,grp_l1_neighbor_channel_false_20_true_s_fu_7958/mul_8s_7s_15_4_0_U9565,23,28,0,"",""
l1_neighbor_channel,grp_l1_neighbor_channel_false_20_true_s_fu_7958/mul_8s_7s_15_4_0_U9573,0,24,0,"",""
l1_neighbor_channel,grp_l1_neighbor_channel_false_20_true_s_fu_7958/mul_8s_8ns_16_4_0_U9574,1,28,0,"",""
l1_neighbor_channel,grp_l1_neighbor_channel_false_20_true_s_fu_7958/mul_8s_8ns_16_4_0_U9577,1,28,0,"",""
l1_neighbor_channel,grp_l1_neighbor_channel_false_20_true_s_fu_7958/mul_8s_8ns_16_4_0_U9580,1,28,0,"",""
l1_neighbor_channel,grp_l1_neighbor_channel_false_20_true_s_fu_7958/mul_8s_8ns_16_4_0_U9583,1,28,0,"",""
l1_neighbor_channel,grp_l1_neighbor_channel_false_20_true_s_fu_7958/mul_8s_8ns_16_4_0_U9586,1,28,0,"",""
l1_neighbor_channel,grp_l1_neighbor_channel_false_20_true_s_fu_7958/mul_8s_8ns_16_4_0_U9589,1,28,0,"",""
l1_neighbor_channel,grp_l1_neighbor_channel_false_20_true_s_fu_7958/mul_8s_8ns_16_4_0_U9592,1,28,0,"",""
l1_neighbor_channel,grp_l1_neighbor_channel_false_20_true_s_fu_7958/mul_8s_8ns_16_4_0_U9595,1,28,0,"",""
l1_neighbor_channel,grp_l1_neighbor_channel_false_20_true_s_fu_7958/mul_8s_8s_16_4_0_U9479,1,27,0,"",""
l1_neighbor_channel,grp_l1_neighbor_channel_false_20_true_s_fu_7958/mul_8s_8s_16_4_0_U9487,10,24,0,"",""
l1_neighbor_channel,grp_l1_neighbor_channel_false_20_true_s_fu_7958/mul_8s_8s_16_4_0_U9491,1,27,0,"",""
l1_neighbor_channel,grp_l1_neighbor_channel_false_20_true_s_fu_7958/mul_8s_8s_16_4_0_U9499,10,24,0,"",""
l1_neighbor_channel,grp_l1_neighbor_channel_false_20_true_s_fu_7958/mul_8s_8s_16_4_0_U9503,1,28,0,"",""
l1_neighbor_channel,grp_l1_neighbor_channel_false_20_true_s_fu_7958/mul_8s_8s_16_4_0_U9511,9,24,0,"",""
l1_neighbor_channel,grp_l1_neighbor_channel_false_20_true_s_fu_7958/mul_8s_8s_16_4_0_U9515,1,27,0,"",""
l1_neighbor_channel,grp_l1_neighbor_channel_false_20_true_s_fu_7958/mul_8s_8s_16_4_0_U9523,6,22,0,"",""
l1_neighbor_channel,grp_l1_neighbor_channel_false_20_true_s_fu_7958/mul_8s_8s_16_4_0_U9527,1,28,0,"",""
l1_neighbor_channel,grp_l1_neighbor_channel_false_20_true_s_fu_7958/mul_8s_8s_16_4_0_U9535,6,22,0,"",""
l1_neighbor_channel,grp_l1_neighbor_channel_false_20_true_s_fu_7958/mul_8s_8s_16_4_0_U9539,1,28,0,"",""
l1_neighbor_channel,grp_l1_neighbor_channel_false_20_true_s_fu_7958/mul_8s_8s_16_4_0_U9547,6,22,0,"",""
l1_neighbor_channel,grp_l1_neighbor_channel_false_20_true_s_fu_7958/mul_8s_8s_16_4_0_U9551,1,28,0,"",""
l1_neighbor_channel,grp_l1_neighbor_channel_false_20_true_s_fu_7958/mul_8s_8s_16_4_0_U9559,10,24,0,"",""
l1_neighbor_channel,grp_l1_neighbor_channel_false_20_true_s_fu_7958/mul_8s_8s_16_4_0_U9563,1,28,0,"",""
l1_neighbor_channel,grp_l1_neighbor_channel_false_20_true_s_fu_7958/mul_8s_8s_16_4_0_U9571,1,20,0,"",""
l1_neighbor_channel,grp_l1_neighbor_channel_false_20_true_s_fu_7958/mul_8s_8s_16_4_0_U9576,105,28,0,"",""
l1_neighbor_channel,grp_l1_neighbor_channel_false_20_true_s_fu_7958/mul_8s_8s_16_4_0_U9579,105,28,0,"",""
l1_neighbor_channel,grp_l1_neighbor_channel_false_20_true_s_fu_7958/mul_8s_8s_16_4_0_U9582,105,28,0,"",""
l1_neighbor_channel,grp_l1_neighbor_channel_false_20_true_s_fu_7958/mul_8s_8s_16_4_0_U9585,105,28,0,"",""
l1_neighbor_channel,grp_l1_neighbor_channel_false_20_true_s_fu_7958/mul_8s_8s_16_4_0_U9588,105,28,0,"",""
l1_neighbor_channel,grp_l1_neighbor_channel_false_20_true_s_fu_7958/mul_8s_8s_16_4_0_U9591,105,28,0,"",""
l1_neighbor_channel,grp_l1_neighbor_channel_false_20_true_s_fu_7958/mul_8s_8s_16_4_0_U9594,105,28,0,"",""
l1_neighbor_channel,grp_l1_neighbor_channel_false_20_true_s_fu_7958/mul_8s_8s_16_4_0_U9597,105,28,0,"",""
l1_neighbor_channel,grp_l1_neighbor_channel_false_20_true_s_fu_7958/add_18s_18s_18_2_0_U9598/u1,9,0,0,"",""
l1_neighbor_channel,grp_l1_neighbor_channel_false_20_true_s_fu_7958/add_18s_18s_18_2_0_U9598/u2,9,0,0,"",""
l1_neighbor_channel,grp_l1_neighbor_channel_false_20_true_s_fu_7958/add_18s_18s_18_2_0_U9599/u1,9,0,0,"",""
l1_neighbor_channel,grp_l1_neighbor_channel_false_20_true_s_fu_7958/add_18s_18s_18_2_0_U9599/u2,9,0,0,"",""
l1_neighbor_channel,grp_l1_neighbor_channel_false_20_true_s_fu_7958/add_18s_18s_18_2_0_U9600/u1,9,0,0,"",""
l1_neighbor_channel,grp_l1_neighbor_channel_false_20_true_s_fu_7958/add_18s_18s_18_2_0_U9600/u2,9,0,0,"",""
l1_neighbor_channel,grp_l1_neighbor_channel_false_20_true_s_fu_7958/add_18s_18s_18_2_0_U9601/u1,9,0,0,"",""
l1_neighbor_channel,grp_l1_neighbor_channel_false_20_true_s_fu_7958/add_18s_18s_18_2_0_U9601/u2,9,0,0,"",""
l1_neighbor_channel,grp_l1_neighbor_channel_false_20_true_s_fu_7958/add_18s_18s_18_2_0_U9602/u1,9,0,0,"",""
l1_neighbor_channel,grp_l1_neighbor_channel_false_20_true_s_fu_7958/add_18s_18s_18_2_0_U9602/u2,9,0,0,"",""
l1_neighbor_channel,grp_l1_neighbor_channel_false_20_true_s_fu_7958/add_18s_18s_18_2_0_U9603/u1,9,0,0,"",""
l1_neighbor_channel,grp_l1_neighbor_channel_false_20_true_s_fu_7958/add_18s_18s_18_2_0_U9603/u2,9,0,0,"",""
l1_neighbor_channel,grp_l1_neighbor_channel_false_20_true_s_fu_7958/add_18s_18s_18_2_0_U9604/u1,9,0,0,"",""
l1_neighbor_channel,grp_l1_neighbor_channel_false_20_true_s_fu_7958/add_18s_18s_18_2_0_U9604/u2,9,0,0,"",""
l1_neighbor_channel,grp_l1_neighbor_channel_false_20_true_s_fu_7958/add_18s_18s_18_2_0_U9605/u1,9,0,0,"",""
l1_neighbor_channel,grp_l1_neighbor_channel_false_20_true_s_fu_7958/add_18s_18s_18_2_0_U9605/u2,9,0,0,"",""
l1_neighbor_channel,grp_l1_neighbor_channel_false_22_true_s_fu_8090/add_18s_18s_18_2_0_U9854,18,18,0,"",""
l1_neighbor_channel,grp_l1_neighbor_channel_false_22_true_s_fu_8090/add_18s_18s_18_2_0_U9855,18,18,0,"",""
l1_neighbor_channel,grp_l1_neighbor_channel_false_22_true_s_fu_8090/add_18s_18s_18_2_0_U9856,18,18,0,"",""
l1_neighbor_channel,grp_l1_neighbor_channel_false_22_true_s_fu_8090/add_18s_18s_18_2_0_U9857,18,18,0,"",""
l1_neighbor_channel,grp_l1_neighbor_channel_false_22_true_s_fu_8090/add_18s_18s_18_2_0_U9858,18,18,0,"",""
l1_neighbor_channel,grp_l1_neighbor_channel_false_22_true_s_fu_8090/add_18s_18s_18_2_0_U9859,18,18,0,"",""
l1_neighbor_channel,grp_l1_neighbor_channel_false_22_true_s_fu_8090/add_18s_18s_18_2_0_U9860,18,18,0,"",""
l1_neighbor_channel,grp_l1_neighbor_channel_false_22_true_s_fu_8090/add_18s_18s_18_2_0_U9861,18,18,0,"",""
l1_neighbor_channel,grp_l1_neighbor_channel_false_22_true_s_fu_8090/mul_8s_5ns_13_4_0_U9738,0,20,0,"",""
l1_neighbor_channel,grp_l1_neighbor_channel_false_22_true_s_fu_8090/mul_8s_5ns_13_4_0_U9745,0,20,0,"",""
l1_neighbor_channel,grp_l1_neighbor_channel_false_22_true_s_fu_8090/mul_8s_5ns_13_4_0_U9752,0,20,0,"",""
l1_neighbor_channel,grp_l1_neighbor_channel_false_22_true_s_fu_8090/mul_8s_5ns_13_4_0_U9759,0,20,0,"",""
l1_neighbor_channel,grp_l1_neighbor_channel_false_22_true_s_fu_8090/mul_8s_5ns_13_4_0_U9766,0,20,0,"",""
l1_neighbor_channel,grp_l1_neighbor_channel_false_22_true_s_fu_8090/mul_8s_5ns_13_4_0_U9773,0,20,0,"",""
l1_neighbor_channel,grp_l1_neighbor_channel_false_22_true_s_fu_8090/mul_8s_5ns_13_4_0_U9780,0,20,0,"",""
l1_neighbor_channel,grp_l1_neighbor_channel_false_22_true_s_fu_8090/mul_8s_5ns_13_4_0_U9787,0,20,0,"",""
l1_neighbor_channel,grp_l1_neighbor_channel_false_22_true_s_fu_8090/mul_8s_6ns_14_4_0_U9740,0,26,0,"",""
l1_neighbor_channel,grp_l1_neighbor_channel_false_22_true_s_fu_8090/mul_8s_6ns_14_4_0_U9747,0,26,0,"",""
l1_neighbor_channel,grp_l1_neighbor_channel_false_22_true_s_fu_8090/mul_8s_6ns_14_4_0_U9754,0,26,0,"",""
l1_neighbor_channel,grp_l1_neighbor_channel_false_22_true_s_fu_8090/mul_8s_6ns_14_4_0_U9761,0,26,0,"",""
l1_neighbor_channel,grp_l1_neighbor_channel_false_22_true_s_fu_8090/mul_8s_6ns_14_4_0_U9768,0,26,0,"",""
l1_neighbor_channel,grp_l1_neighbor_channel_false_22_true_s_fu_8090/mul_8s_6ns_14_4_0_U9775,0,26,0,"",""
l1_neighbor_channel,grp_l1_neighbor_channel_false_22_true_s_fu_8090/mul_8s_6ns_14_4_0_U9782,0,26,0,"",""
l1_neighbor_channel,grp_l1_neighbor_channel_false_22_true_s_fu_8090/mul_8s_6ns_14_4_0_U9789,0,26,0,"",""
l1_neighbor_channel,grp_l1_neighbor_channel_false_22_true_s_fu_8090/mul_8s_6s_14_4_0_U9735,0,27,0,"",""
l1_neighbor_channel,grp_l1_neighbor_channel_false_22_true_s_fu_8090/mul_8s_6s_14_4_0_U9742,0,27,0,"",""
l1_neighbor_channel,grp_l1_neighbor_channel_false_22_true_s_fu_8090/mul_8s_6s_14_4_0_U9749,0,27,0,"",""
l1_neighbor_channel,grp_l1_neighbor_channel_false_22_true_s_fu_8090/mul_8s_6s_14_4_0_U9756,556,38,0,"",""
l1_neighbor_channel,grp_l1_neighbor_channel_false_22_true_s_fu_8090/mul_8s_6s_14_4_0_U9763,0,27,0,"",""
l1_neighbor_channel,grp_l1_neighbor_channel_false_22_true_s_fu_8090/mul_8s_6s_14_4_0_U9770,0,27,0,"",""
l1_neighbor_channel,grp_l1_neighbor_channel_false_22_true_s_fu_8090/mul_8s_6s_14_4_0_U9777,0,27,0,"",""
l1_neighbor_channel,grp_l1_neighbor_channel_false_22_true_s_fu_8090/mul_8s_6s_14_4_0_U9784,0,27,0,"",""
l1_neighbor_channel,grp_l1_neighbor_channel_false_22_true_s_fu_8090/mul_8s_7ns_15_4_0_U9793,155,38,0,"",""
l1_neighbor_channel,grp_l1_neighbor_channel_false_22_true_s_fu_8090/mul_8s_7ns_15_4_0_U9801,155,38,0,"",""
l1_neighbor_channel,grp_l1_neighbor_channel_false_22_true_s_fu_8090/mul_8s_7ns_15_4_0_U9809,153,38,0,"",""
l1_neighbor_channel,grp_l1_neighbor_channel_false_22_true_s_fu_8090/mul_8s_7ns_15_4_0_U9817,153,38,0,"",""
l1_neighbor_channel,grp_l1_neighbor_channel_false_22_true_s_fu_8090/mul_8s_7ns_15_4_0_U9825,153,38,0,"",""
l1_neighbor_channel,grp_l1_neighbor_channel_false_22_true_s_fu_8090/mul_8s_7ns_15_4_0_U9833,0,30,0,"",""
l1_neighbor_channel,grp_l1_neighbor_channel_false_22_true_s_fu_8090/mul_8s_7ns_15_4_0_U9841,155,38,0,"",""
l1_neighbor_channel,grp_l1_neighbor_channel_false_22_true_s_fu_8090/mul_8s_7ns_15_4_0_U9849,153,38,0,"",""
l1_neighbor_channel,grp_l1_neighbor_channel_false_22_true_s_fu_8090/mul_8s_7s_15_4_0_U9736,0,21,0,"",""
l1_neighbor_channel,grp_l1_neighbor_channel_false_22_true_s_fu_8090/mul_8s_7s_15_4_0_U9743,0,21,0,"",""
l1_neighbor_channel,grp_l1_neighbor_channel_false_22_true_s_fu_8090/mul_8s_7s_15_4_0_U9750,0,21,0,"",""
l1_neighbor_channel,grp_l1_neighbor_channel_false_22_true_s_fu_8090/mul_8s_7s_15_4_0_U9757,0,21,0,"",""
l1_neighbor_channel,grp_l1_neighbor_channel_false_22_true_s_fu_8090/mul_8s_7s_15_4_0_U9764,0,21,0,"",""
l1_neighbor_channel,grp_l1_neighbor_channel_false_22_true_s_fu_8090/mul_8s_7s_15_4_0_U9771,0,21,0,"",""
l1_neighbor_channel,grp_l1_neighbor_channel_false_22_true_s_fu_8090/mul_8s_7s_15_4_0_U9778,0,21,0,"",""
l1_neighbor_channel,grp_l1_neighbor_channel_false_22_true_s_fu_8090/mul_8s_7s_15_4_0_U9785,0,21,0,"",""
l1_neighbor_channel,grp_l1_neighbor_channel_false_22_true_s_fu_8090/mul_8s_7s_15_4_0_U9790,0,30,0,"",""
l1_neighbor_channel,grp_l1_neighbor_channel_false_22_true_s_fu_8090/mul_8s_7s_15_4_0_U9795,0,29,0,"",""
l1_neighbor_channel,grp_l1_neighbor_channel_false_22_true_s_fu_8090/mul_8s_7s_15_4_0_U9798,0,30,0,"",""
l1_neighbor_channel,grp_l1_neighbor_channel_false_22_true_s_fu_8090/mul_8s_7s_15_4_0_U9803,114,36,0,"",""
l1_neighbor_channel,grp_l1_neighbor_channel_false_22_true_s_fu_8090/mul_8s_7s_15_4_0_U9806,0,30,0,"",""
l1_neighbor_channel,grp_l1_neighbor_channel_false_22_true_s_fu_8090/mul_8s_7s_15_4_0_U9811,0,29,0,"",""
l1_neighbor_channel,grp_l1_neighbor_channel_false_22_true_s_fu_8090/mul_8s_7s_15_4_0_U9814,0,30,0,"",""
l1_neighbor_channel,grp_l1_neighbor_channel_false_22_true_s_fu_8090/mul_8s_7s_15_4_0_U9819,114,36,0,"",""
l1_neighbor_channel,grp_l1_neighbor_channel_false_22_true_s_fu_8090/mul_8s_7s_15_4_0_U9822,0,30,0,"",""
l1_neighbor_channel,grp_l1_neighbor_channel_false_22_true_s_fu_8090/mul_8s_7s_15_4_0_U9827,114,36,0,"",""
l1_neighbor_channel,grp_l1_neighbor_channel_false_22_true_s_fu_8090/mul_8s_7s_15_4_0_U9830,0,30,0,"",""
l1_neighbor_channel,grp_l1_neighbor_channel_false_22_true_s_fu_8090/mul_8s_7s_15_4_0_U9835,0,30,0,"",""
l1_neighbor_channel,grp_l1_neighbor_channel_false_22_true_s_fu_8090/mul_8s_7s_15_4_0_U9838,0,30,0,"",""
l1_neighbor_channel,grp_l1_neighbor_channel_false_22_true_s_fu_8090/mul_8s_7s_15_4_0_U9843,114,36,0,"",""
l1_neighbor_channel,grp_l1_neighbor_channel_false_22_true_s_fu_8090/mul_8s_7s_15_4_0_U9846,0,30,0,"",""
l1_neighbor_channel,grp_l1_neighbor_channel_false_22_true_s_fu_8090/mul_8s_7s_15_4_0_U9851,114,36,0,"",""
l1_neighbor_channel,grp_l1_neighbor_channel_false_22_true_s_fu_8090/mul_8s_8ns_16_4_0_U9737,3,22,0,"",""
l1_neighbor_channel,grp_l1_neighbor_channel_false_22_true_s_fu_8090/mul_8s_8ns_16_4_0_U9739,391,35,0,"",""
l1_neighbor_channel,grp_l1_neighbor_channel_false_22_true_s_fu_8090/mul_8s_8ns_16_4_0_U9744,3,22,0,"",""
l1_neighbor_channel,grp_l1_neighbor_channel_false_22_true_s_fu_8090/mul_8s_8ns_16_4_0_U9746,391,35,0,"",""
l1_neighbor_channel,grp_l1_neighbor_channel_false_22_true_s_fu_8090/mul_8s_8ns_16_4_0_U9751,3,22,0,"",""
l1_neighbor_channel,grp_l1_neighbor_channel_false_22_true_s_fu_8090/mul_8s_8ns_16_4_0_U9753,386,35,0,"",""
l1_neighbor_channel,grp_l1_neighbor_channel_false_22_true_s_fu_8090/mul_8s_8ns_16_4_0_U9758,358,34,0,"",""
l1_neighbor_channel,grp_l1_neighbor_channel_false_22_true_s_fu_8090/mul_8s_8ns_16_4_0_U9760,386,84,0,"",""
l1_neighbor_channel,grp_l1_neighbor_channel_false_22_true_s_fu_8090/mul_8s_8ns_16_4_0_U9765,3,22,0,"",""
l1_neighbor_channel,grp_l1_neighbor_channel_false_22_true_s_fu_8090/mul_8s_8ns_16_4_0_U9767,386,60,0,"",""
l1_neighbor_channel,grp_l1_neighbor_channel_false_22_true_s_fu_8090/mul_8s_8ns_16_4_0_U9772,3,22,0,"",""
l1_neighbor_channel,grp_l1_neighbor_channel_false_22_true_s_fu_8090/mul_8s_8ns_16_4_0_U9774,386,35,0,"",""
l1_neighbor_channel,grp_l1_neighbor_channel_false_22_true_s_fu_8090/mul_8s_8ns_16_4_0_U9779,3,22,0,"",""
l1_neighbor_channel,grp_l1_neighbor_channel_false_22_true_s_fu_8090/mul_8s_8ns_16_4_0_U9781,391,35,0,"",""
l1_neighbor_channel,grp_l1_neighbor_channel_false_22_true_s_fu_8090/mul_8s_8ns_16_4_0_U9786,3,22,0,"",""
l1_neighbor_channel,grp_l1_neighbor_channel_false_22_true_s_fu_8090/mul_8s_8ns_16_4_0_U9788,386,35,0,"",""
l1_neighbor_channel,grp_l1_neighbor_channel_false_22_true_s_fu_8090/mul_8s_8ns_16_4_0_U9792,6,28,0,"",""
l1_neighbor_channel,grp_l1_neighbor_channel_false_22_true_s_fu_8090/mul_8s_8ns_16_4_0_U9794,3,22,0,"",""
l1_neighbor_channel,grp_l1_neighbor_channel_false_22_true_s_fu_8090/mul_8s_8ns_16_4_0_U9800,6,28,0,"",""
l1_neighbor_channel,grp_l1_neighbor_channel_false_22_true_s_fu_8090/mul_8s_8ns_16_4_0_U9802,3,22,0,"",""
l1_neighbor_channel,grp_l1_neighbor_channel_false_22_true_s_fu_8090/mul_8s_8ns_16_4_0_U9808,6,28,0,"",""
l1_neighbor_channel,grp_l1_neighbor_channel_false_22_true_s_fu_8090/mul_8s_8ns_16_4_0_U9810,3,22,0,"",""
l1_neighbor_channel,grp_l1_neighbor_channel_false_22_true_s_fu_8090/mul_8s_8ns_16_4_0_U9816,148,35,0,"",""
l1_neighbor_channel,grp_l1_neighbor_channel_false_22_true_s_fu_8090/mul_8s_8ns_16_4_0_U9818,3,22,0,"",""
l1_neighbor_channel,grp_l1_neighbor_channel_false_22_true_s_fu_8090/mul_8s_8ns_16_4_0_U9824,148,35,0,"",""
l1_neighbor_channel,grp_l1_neighbor_channel_false_22_true_s_fu_8090/mul_8s_8ns_16_4_0_U9826,3,22,0,"",""
l1_neighbor_channel,grp_l1_neighbor_channel_false_22_true_s_fu_8090/mul_8s_8ns_16_4_0_U9832,6,28,0,"",""
l1_neighbor_channel,grp_l1_neighbor_channel_false_22_true_s_fu_8090/mul_8s_8ns_16_4_0_U9834,3,22,0,"",""
l1_neighbor_channel,grp_l1_neighbor_channel_false_22_true_s_fu_8090/mul_8s_8ns_16_4_0_U9840,148,35,0,"",""
l1_neighbor_channel,grp_l1_neighbor_channel_false_22_true_s_fu_8090/mul_8s_8ns_16_4_0_U9842,3,22,0,"",""
l1_neighbor_channel,grp_l1_neighbor_channel_false_22_true_s_fu_8090/mul_8s_8ns_16_4_0_U9848,6,28,0,"",""
l1_neighbor_channel,grp_l1_neighbor_channel_false_22_true_s_fu_8090/mul_8s_8ns_16_4_0_U9850,3,22,0,"",""
l1_neighbor_channel,grp_l1_neighbor_channel_false_22_true_s_fu_8090/mul_8s_8s_16_4_0_U9734,1,20,0,"",""
l1_neighbor_channel,grp_l1_neighbor_channel_false_22_true_s_fu_8090/mul_8s_8s_16_4_0_U9741,1,20,0,"",""
l1_neighbor_channel,grp_l1_neighbor_channel_false_22_true_s_fu_8090/mul_8s_8s_16_4_0_U9748,1,20,0,"",""
l1_neighbor_channel,grp_l1_neighbor_channel_false_22_true_s_fu_8090/mul_8s_8s_16_4_0_U9755,1,22,0,"",""
l1_neighbor_channel,grp_l1_neighbor_channel_false_22_true_s_fu_8090/mul_8s_8s_16_4_0_U9762,1,20,0,"",""
l1_neighbor_channel,grp_l1_neighbor_channel_false_22_true_s_fu_8090/mul_8s_8s_16_4_0_U9769,1,22,0,"",""
l1_neighbor_channel,grp_l1_neighbor_channel_false_22_true_s_fu_8090/mul_8s_8s_16_4_0_U9776,1,22,0,"",""
l1_neighbor_channel,grp_l1_neighbor_channel_false_22_true_s_fu_8090/mul_8s_8s_16_4_0_U9783,1,22,0,"",""
l1_neighbor_channel,grp_l1_neighbor_channel_false_22_true_s_fu_8090/mul_8s_8s_16_4_0_U9791,0,20,0,"",""
l1_neighbor_channel,grp_l1_neighbor_channel_false_22_true_s_fu_8090/mul_8s_8s_16_4_0_U9796,0,30,0,"",""
l1_neighbor_channel,grp_l1_neighbor_channel_false_22_true_s_fu_8090/mul_8s_8s_16_4_0_U9797,0,30,0,"",""
l1_neighbor_channel,grp_l1_neighbor_channel_false_22_true_s_fu_8090/mul_8s_8s_16_4_0_U9799,0,20,0,"",""
l1_neighbor_channel,grp_l1_neighbor_channel_false_22_true_s_fu_8090/mul_8s_8s_16_4_0_U9804,0,30,0,"",""
l1_neighbor_channel,grp_l1_neighbor_channel_false_22_true_s_fu_8090/mul_8s_8s_16_4_0_U9805,0,30,0,"",""
l1_neighbor_channel,grp_l1_neighbor_channel_false_22_true_s_fu_8090/mul_8s_8s_16_4_0_U9807,0,20,0,"",""
l1_neighbor_channel,grp_l1_neighbor_channel_false_22_true_s_fu_8090/mul_8s_8s_16_4_0_U9812,0,30,0,"",""
l1_neighbor_channel,grp_l1_neighbor_channel_false_22_true_s_fu_8090/mul_8s_8s_16_4_0_U9813,0,30,0,"",""
l1_neighbor_channel,grp_l1_neighbor_channel_false_22_true_s_fu_8090/mul_8s_8s_16_4_0_U9815,0,20,0,"",""
l1_neighbor_channel,grp_l1_neighbor_channel_false_22_true_s_fu_8090/mul_8s_8s_16_4_0_U9820,0,30,0,"",""
l1_neighbor_channel,grp_l1_neighbor_channel_false_22_true_s_fu_8090/mul_8s_8s_16_4_0_U9821,0,30,0,"",""
l1_neighbor_channel,grp_l1_neighbor_channel_false_22_true_s_fu_8090/mul_8s_8s_16_4_0_U9823,0,20,0,"",""
l1_neighbor_channel,grp_l1_neighbor_channel_false_22_true_s_fu_8090/mul_8s_8s_16_4_0_U9828,0,30,0,"",""
l1_neighbor_channel,grp_l1_neighbor_channel_false_22_true_s_fu_8090/mul_8s_8s_16_4_0_U9829,0,30,0,"",""
l1_neighbor_channel,grp_l1_neighbor_channel_false_22_true_s_fu_8090/mul_8s_8s_16_4_0_U9831,0,20,0,"",""
l1_neighbor_channel,grp_l1_neighbor_channel_false_22_true_s_fu_8090/mul_8s_8s_16_4_0_U9836,0,30,0,"",""
l1_neighbor_channel,grp_l1_neighbor_channel_false_22_true_s_fu_8090/mul_8s_8s_16_4_0_U9837,0,30,0,"",""
l1_neighbor_channel,grp_l1_neighbor_channel_false_22_true_s_fu_8090/mul_8s_8s_16_4_0_U9839,0,20,0,"",""
l1_neighbor_channel,grp_l1_neighbor_channel_false_22_true_s_fu_8090/mul_8s_8s_16_4_0_U9844,0,30,0,"",""
l1_neighbor_channel,grp_l1_neighbor_channel_false_22_true_s_fu_8090/mul_8s_8s_16_4_0_U9845,0,30,0,"",""
l1_neighbor_channel,grp_l1_neighbor_channel_false_22_true_s_fu_8090/mul_8s_8s_16_4_0_U9847,0,20,0,"",""
l1_neighbor_channel,grp_l1_neighbor_channel_false_22_true_s_fu_8090/mul_8s_8s_16_4_0_U9852,0,30,0,"",""
l1_neighbor_channel,grp_l1_neighbor_channel_false_22_true_s_fu_8090/mul_8s_8s_16_4_0_U9853,83,38,0,"",""
l1_neighbor_channel,grp_l1_neighbor_channel_false_22_true_s_fu_8090/add_18s_18s_18_2_0_U9854/u1,9,0,0,"",""
l1_neighbor_channel,grp_l1_neighbor_channel_false_22_true_s_fu_8090/add_18s_18s_18_2_0_U9854/u2,9,0,0,"",""
l1_neighbor_channel,grp_l1_neighbor_channel_false_22_true_s_fu_8090/add_18s_18s_18_2_0_U9855/u1,9,0,0,"",""
l1_neighbor_channel,grp_l1_neighbor_channel_false_22_true_s_fu_8090/add_18s_18s_18_2_0_U9855/u2,9,0,0,"",""
l1_neighbor_channel,grp_l1_neighbor_channel_false_22_true_s_fu_8090/add_18s_18s_18_2_0_U9856/u1,9,0,0,"",""
l1_neighbor_channel,grp_l1_neighbor_channel_false_22_true_s_fu_8090/add_18s_18s_18_2_0_U9856/u2,9,0,0,"",""
l1_neighbor_channel,grp_l1_neighbor_channel_false_22_true_s_fu_8090/add_18s_18s_18_2_0_U9857/u1,9,0,0,"",""
l1_neighbor_channel,grp_l1_neighbor_channel_false_22_true_s_fu_8090/add_18s_18s_18_2_0_U9857/u2,9,0,0,"",""
l1_neighbor_channel,grp_l1_neighbor_channel_false_22_true_s_fu_8090/add_18s_18s_18_2_0_U9858/u1,9,0,0,"",""
l1_neighbor_channel,grp_l1_neighbor_channel_false_22_true_s_fu_8090/add_18s_18s_18_2_0_U9858/u2,9,0,0,"",""
l1_neighbor_channel,grp_l1_neighbor_channel_false_22_true_s_fu_8090/add_18s_18s_18_2_0_U9859/u1,9,0,0,"",""
l1_neighbor_channel,grp_l1_neighbor_channel_false_22_true_s_fu_8090/add_18s_18s_18_2_0_U9859/u2,9,0,0,"",""
l1_neighbor_channel,grp_l1_neighbor_channel_false_22_true_s_fu_8090/add_18s_18s_18_2_0_U9860/u1,9,0,0,"",""
l1_neighbor_channel,grp_l1_neighbor_channel_false_22_true_s_fu_8090/add_18s_18s_18_2_0_U9860/u2,9,0,0,"",""
l1_neighbor_channel,grp_l1_neighbor_channel_false_22_true_s_fu_8090/add_18s_18s_18_2_0_U9861/u1,9,0,0,"",""
l1_neighbor_channel,grp_l1_neighbor_channel_false_22_true_s_fu_8090/add_18s_18s_18_2_0_U9861/u2,9,0,0,"",""
l1_neighbor_channel,grp_l1_neighbor_channel_false_23_true_s_fu_8214/add_18s_18ns_18_2_0_U10094,18,19,0,"",""
l1_neighbor_channel,grp_l1_neighbor_channel_false_23_true_s_fu_8214/add_18s_18ns_18_2_0_U10095,18,19,0,"",""
l1_neighbor_channel,grp_l1_neighbor_channel_false_23_true_s_fu_8214/add_18s_18ns_18_2_0_U10096,18,19,0,"",""
l1_neighbor_channel,grp_l1_neighbor_channel_false_23_true_s_fu_8214/add_18s_18ns_18_2_0_U10097,18,19,0,"",""
l1_neighbor_channel,grp_l1_neighbor_channel_false_23_true_s_fu_8214/add_18s_18ns_18_2_0_U10098,18,19,0,"",""
l1_neighbor_channel,grp_l1_neighbor_channel_false_23_true_s_fu_8214/add_18s_18ns_18_2_0_U10099,18,19,0,"",""
l1_neighbor_channel,grp_l1_neighbor_channel_false_23_true_s_fu_8214/add_18s_18ns_18_2_0_U10100,18,19,0,"",""
l1_neighbor_channel,grp_l1_neighbor_channel_false_23_true_s_fu_8214/add_18s_18ns_18_2_0_U10101,18,19,0,"",""
l1_neighbor_channel,grp_l1_neighbor_channel_false_23_true_s_fu_8214/mul_8s_4ns_12_4_0_U10003,6,22,0,"",""
l1_neighbor_channel,grp_l1_neighbor_channel_false_23_true_s_fu_8214/mul_8s_4ns_12_4_0_U10015,6,22,0,"",""
l1_neighbor_channel,grp_l1_neighbor_channel_false_23_true_s_fu_8214/mul_8s_4ns_12_4_0_U10027,6,22,0,"",""
l1_neighbor_channel,grp_l1_neighbor_channel_false_23_true_s_fu_8214/mul_8s_4ns_12_4_0_U10039,6,22,0,"",""
l1_neighbor_channel,grp_l1_neighbor_channel_false_23_true_s_fu_8214/mul_8s_4ns_12_4_0_U10051,6,22,0,"",""
l1_neighbor_channel,grp_l1_neighbor_channel_false_23_true_s_fu_8214/mul_8s_4ns_12_4_0_U10063,6,22,0,"",""
l1_neighbor_channel,grp_l1_neighbor_channel_false_23_true_s_fu_8214/mul_8s_4ns_12_4_0_U10075,6,22,0,"",""
l1_neighbor_channel,grp_l1_neighbor_channel_false_23_true_s_fu_8214/mul_8s_4ns_12_4_0_U9991,6,22,0,"",""
l1_neighbor_channel,grp_l1_neighbor_channel_false_23_true_s_fu_8214/mul_8s_6s_14_4_0_U10010,0,28,0,"",""
l1_neighbor_channel,grp_l1_neighbor_channel_false_23_true_s_fu_8214/mul_8s_6s_14_4_0_U10022,0,28,0,"",""
l1_neighbor_channel,grp_l1_neighbor_channel_false_23_true_s_fu_8214/mul_8s_6s_14_4_0_U10034,0,28,0,"",""
l1_neighbor_channel,grp_l1_neighbor_channel_false_23_true_s_fu_8214/mul_8s_6s_14_4_0_U10046,0,28,0,"",""
l1_neighbor_channel,grp_l1_neighbor_channel_false_23_true_s_fu_8214/mul_8s_6s_14_4_0_U10058,0,28,0,"",""
l1_neighbor_channel,grp_l1_neighbor_channel_false_23_true_s_fu_8214/mul_8s_6s_14_4_0_U10070,0,28,0,"",""
l1_neighbor_channel,grp_l1_neighbor_channel_false_23_true_s_fu_8214/mul_8s_6s_14_4_0_U9986,0,28,0,"",""
l1_neighbor_channel,grp_l1_neighbor_channel_false_23_true_s_fu_8214/mul_8s_6s_14_4_0_U9998,0,28,0,"",""
l1_neighbor_channel,grp_l1_neighbor_channel_false_23_true_s_fu_8214/mul_8s_7ns_15_4_0_U10001,8,28,0,"",""
l1_neighbor_channel,grp_l1_neighbor_channel_false_23_true_s_fu_8214/mul_8s_7ns_15_4_0_U10002,0,24,0,"",""
l1_neighbor_channel,grp_l1_neighbor_channel_false_23_true_s_fu_8214/mul_8s_7ns_15_4_0_U10011,337,35,0,"",""
l1_neighbor_channel,grp_l1_neighbor_channel_false_23_true_s_fu_8214/mul_8s_7ns_15_4_0_U10013,8,28,0,"",""
l1_neighbor_channel,grp_l1_neighbor_channel_false_23_true_s_fu_8214/mul_8s_7ns_15_4_0_U10014,0,24,0,"",""
l1_neighbor_channel,grp_l1_neighbor_channel_false_23_true_s_fu_8214/mul_8s_7ns_15_4_0_U10023,0,24,0,"",""
l1_neighbor_channel,grp_l1_neighbor_channel_false_23_true_s_fu_8214/mul_8s_7ns_15_4_0_U10025,13,28,0,"",""
l1_neighbor_channel,grp_l1_neighbor_channel_false_23_true_s_fu_8214/mul_8s_7ns_15_4_0_U10026,0,24,0,"",""
l1_neighbor_channel,grp_l1_neighbor_channel_false_23_true_s_fu_8214/mul_8s_7ns_15_4_0_U10035,337,60,0,"",""
l1_neighbor_channel,grp_l1_neighbor_channel_false_23_true_s_fu_8214/mul_8s_7ns_15_4_0_U10037,13,28,0,"",""
l1_neighbor_channel,grp_l1_neighbor_channel_false_23_true_s_fu_8214/mul_8s_7ns_15_4_0_U10038,0,24,0,"",""
l1_neighbor_channel,grp_l1_neighbor_channel_false_23_true_s_fu_8214/mul_8s_7ns_15_4_0_U10047,337,35,0,"",""
l1_neighbor_channel,grp_l1_neighbor_channel_false_23_true_s_fu_8214/mul_8s_7ns_15_4_0_U10049,13,28,0,"",""
l1_neighbor_channel,grp_l1_neighbor_channel_false_23_true_s_fu_8214/mul_8s_7ns_15_4_0_U10050,0,24,0,"",""
l1_neighbor_channel,grp_l1_neighbor_channel_false_23_true_s_fu_8214/mul_8s_7ns_15_4_0_U10059,351,35,0,"",""
l1_neighbor_channel,grp_l1_neighbor_channel_false_23_true_s_fu_8214/mul_8s_7ns_15_4_0_U10061,8,28,0,"",""
l1_neighbor_channel,grp_l1_neighbor_channel_false_23_true_s_fu_8214/mul_8s_7ns_15_4_0_U10062,0,24,0,"",""
l1_neighbor_channel,grp_l1_neighbor_channel_false_23_true_s_fu_8214/mul_8s_7ns_15_4_0_U10071,337,81,0,"",""
l1_neighbor_channel,grp_l1_neighbor_channel_false_23_true_s_fu_8214/mul_8s_7ns_15_4_0_U10073,8,28,0,"",""
l1_neighbor_channel,grp_l1_neighbor_channel_false_23_true_s_fu_8214/mul_8s_7ns_15_4_0_U10074,0,24,0,"",""
l1_neighbor_channel,grp_l1_neighbor_channel_false_23_true_s_fu_8214/mul_8s_7ns_15_4_0_U9987,351,35,0,"",""
l1_neighbor_channel,grp_l1_neighbor_channel_false_23_true_s_fu_8214/mul_8s_7ns_15_4_0_U9989,8,28,0,"",""
l1_neighbor_channel,grp_l1_neighbor_channel_false_23_true_s_fu_8214/mul_8s_7ns_15_4_0_U9990,0,24,0,"",""
l1_neighbor_channel,grp_l1_neighbor_channel_false_23_true_s_fu_8214/mul_8s_7ns_15_4_0_U9999,351,35,0,"",""
l1_neighbor_channel,grp_l1_neighbor_channel_false_23_true_s_fu_8214/mul_8s_7s_15_4_0_U10000,87,26,0,"",""
l1_neighbor_channel,grp_l1_neighbor_channel_false_23_true_s_fu_8214/mul_8s_7s_15_4_0_U10008,0,30,0,"",""
l1_neighbor_channel,grp_l1_neighbor_channel_false_23_true_s_fu_8214/mul_8s_7s_15_4_0_U10012,87,26,0,"",""
l1_neighbor_channel,grp_l1_neighbor_channel_false_23_true_s_fu_8214/mul_8s_7s_15_4_0_U10020,0,30,0,"",""
l1_neighbor_channel,grp_l1_neighbor_channel_false_23_true_s_fu_8214/mul_8s_7s_15_4_0_U10024,87,26,0,"",""
l1_neighbor_channel,grp_l1_neighbor_channel_false_23_true_s_fu_8214/mul_8s_7s_15_4_0_U10032,0,30,0,"",""
l1_neighbor_channel,grp_l1_neighbor_channel_false_23_true_s_fu_8214/mul_8s_7s_15_4_0_U10036,87,26,0,"",""
l1_neighbor_channel,grp_l1_neighbor_channel_false_23_true_s_fu_8214/mul_8s_7s_15_4_0_U10044,0,30,0,"",""
l1_neighbor_channel,grp_l1_neighbor_channel_false_23_true_s_fu_8214/mul_8s_7s_15_4_0_U10048,87,26,0,"",""
l1_neighbor_channel,grp_l1_neighbor_channel_false_23_true_s_fu_8214/mul_8s_7s_15_4_0_U10056,0,30,0,"",""
l1_neighbor_channel,grp_l1_neighbor_channel_false_23_true_s_fu_8214/mul_8s_7s_15_4_0_U10060,87,26,0,"",""
l1_neighbor_channel,grp_l1_neighbor_channel_false_23_true_s_fu_8214/mul_8s_7s_15_4_0_U10068,0,30,0,"",""
l1_neighbor_channel,grp_l1_neighbor_channel_false_23_true_s_fu_8214/mul_8s_7s_15_4_0_U10072,87,26,0,"",""
l1_neighbor_channel,grp_l1_neighbor_channel_false_23_true_s_fu_8214/mul_8s_7s_15_4_0_U9984,0,30,0,"",""
l1_neighbor_channel,grp_l1_neighbor_channel_false_23_true_s_fu_8214/mul_8s_7s_15_4_0_U9988,87,26,0,"",""
l1_neighbor_channel,grp_l1_neighbor_channel_false_23_true_s_fu_8214/mul_8s_7s_15_4_0_U9996,0,30,0,"",""
l1_neighbor_channel,grp_l1_neighbor_channel_false_23_true_s_fu_8214/mul_8s_8ns_16_4_0_U10005,11,20,0,"",""
l1_neighbor_channel,grp_l1_neighbor_channel_false_23_true_s_fu_8214/mul_8s_8ns_16_4_0_U10017,11,20,0,"",""
l1_neighbor_channel,grp_l1_neighbor_channel_false_23_true_s_fu_8214/mul_8s_8ns_16_4_0_U10029,11,20,0,"",""
l1_neighbor_channel,grp_l1_neighbor_channel_false_23_true_s_fu_8214/mul_8s_8ns_16_4_0_U10041,11,20,0,"",""
l1_neighbor_channel,grp_l1_neighbor_channel_false_23_true_s_fu_8214/mul_8s_8ns_16_4_0_U10053,11,20,0,"",""
l1_neighbor_channel,grp_l1_neighbor_channel_false_23_true_s_fu_8214/mul_8s_8ns_16_4_0_U10065,11,20,0,"",""
l1_neighbor_channel,grp_l1_neighbor_channel_false_23_true_s_fu_8214/mul_8s_8ns_16_4_0_U10077,11,20,0,"",""
l1_neighbor_channel,grp_l1_neighbor_channel_false_23_true_s_fu_8214/mul_8s_8ns_16_4_0_U10078,149,35,0,"",""
l1_neighbor_channel,grp_l1_neighbor_channel_false_23_true_s_fu_8214/mul_8s_8ns_16_4_0_U10079,0,28,0,"",""
l1_neighbor_channel,grp_l1_neighbor_channel_false_23_true_s_fu_8214/mul_8s_8ns_16_4_0_U10080,149,35,0,"",""
l1_neighbor_channel,grp_l1_neighbor_channel_false_23_true_s_fu_8214/mul_8s_8ns_16_4_0_U10081,0,28,0,"",""
l1_neighbor_channel,grp_l1_neighbor_channel_false_23_true_s_fu_8214/mul_8s_8ns_16_4_0_U10082,149,35,0,"",""
l1_neighbor_channel,grp_l1_neighbor_channel_false_23_true_s_fu_8214/mul_8s_8ns_16_4_0_U10083,0,28,0,"",""
l1_neighbor_channel,grp_l1_neighbor_channel_false_23_true_s_fu_8214/mul_8s_8ns_16_4_0_U10084,7,28,0,"",""
l1_neighbor_channel,grp_l1_neighbor_channel_false_23_true_s_fu_8214/mul_8s_8ns_16_4_0_U10085,0,28,0,"",""
l1_neighbor_channel,grp_l1_neighbor_channel_false_23_true_s_fu_8214/mul_8s_8ns_16_4_0_U10086,7,28,0,"",""
l1_neighbor_channel,grp_l1_neighbor_channel_false_23_true_s_fu_8214/mul_8s_8ns_16_4_0_U10087,0,28,0,"",""
l1_neighbor_channel,grp_l1_neighbor_channel_false_23_true_s_fu_8214/mul_8s_8ns_16_4_0_U10088,149,35,0,"",""
l1_neighbor_channel,grp_l1_neighbor_channel_false_23_true_s_fu_8214/mul_8s_8ns_16_4_0_U10089,154,38,0,"",""
l1_neighbor_channel,grp_l1_neighbor_channel_false_23_true_s_fu_8214/mul_8s_8ns_16_4_0_U10090,7,28,0,"",""
l1_neighbor_channel,grp_l1_neighbor_channel_false_23_true_s_fu_8214/mul_8s_8ns_16_4_0_U10091,0,28,0,"",""
l1_neighbor_channel,grp_l1_neighbor_channel_false_23_true_s_fu_8214/mul_8s_8ns_16_4_0_U10092,149,35,0,"",""
l1_neighbor_channel,grp_l1_neighbor_channel_false_23_true_s_fu_8214/mul_8s_8ns_16_4_0_U10093,0,28,0,"",""
l1_neighbor_channel,grp_l1_neighbor_channel_false_23_true_s_fu_8214/mul_8s_8ns_16_4_0_U9993,11,20,0,"",""
l1_neighbor_channel,grp_l1_neighbor_channel_false_23_true_s_fu_8214/mul_8s_8s_16_4_0_U10004,443,35,0,"",""
l1_neighbor_channel,grp_l1_neighbor_channel_false_23_true_s_fu_8214/mul_8s_8s_16_4_0_U10006,1,28,0,"",""
l1_neighbor_channel,grp_l1_neighbor_channel_false_23_true_s_fu_8214/mul_8s_8s_16_4_0_U10007,558,37,0,"",""
l1_neighbor_channel,grp_l1_neighbor_channel_false_23_true_s_fu_8214/mul_8s_8s_16_4_0_U10009,403,38,0,"",""
l1_neighbor_channel,grp_l1_neighbor_channel_false_23_true_s_fu_8214/mul_8s_8s_16_4_0_U10016,443,35,0,"",""
l1_neighbor_channel,grp_l1_neighbor_channel_false_23_true_s_fu_8214/mul_8s_8s_16_4_0_U10018,1,28,0,"",""
l1_neighbor_channel,grp_l1_neighbor_channel_false_23_true_s_fu_8214/mul_8s_8s_16_4_0_U10019,2,24,0,"",""
l1_neighbor_channel,grp_l1_neighbor_channel_false_23_true_s_fu_8214/mul_8s_8s_16_4_0_U10021,403,38,0,"",""
l1_neighbor_channel,grp_l1_neighbor_channel_false_23_true_s_fu_8214/mul_8s_8s_16_4_0_U10028,444,36,0,"",""
l1_neighbor_channel,grp_l1_neighbor_channel_false_23_true_s_fu_8214/mul_8s_8s_16_4_0_U10030,1,28,0,"",""
l1_neighbor_channel,grp_l1_neighbor_channel_false_23_true_s_fu_8214/mul_8s_8s_16_4_0_U10031,558,37,0,"",""
l1_neighbor_channel,grp_l1_neighbor_channel_false_23_true_s_fu_8214/mul_8s_8s_16_4_0_U10033,403,38,0,"",""
l1_neighbor_channel,grp_l1_neighbor_channel_false_23_true_s_fu_8214/mul_8s_8s_16_4_0_U10040,444,36,0,"",""
l1_neighbor_channel,grp_l1_neighbor_channel_false_23_true_s_fu_8214/mul_8s_8s_16_4_0_U10042,1,30,0,"",""
l1_neighbor_channel,grp_l1_neighbor_channel_false_23_true_s_fu_8214/mul_8s_8s_16_4_0_U10043,558,37,0,"",""
l1_neighbor_channel,grp_l1_neighbor_channel_false_23_true_s_fu_8214/mul_8s_8s_16_4_0_U10045,398,38,0,"",""
l1_neighbor_channel,grp_l1_neighbor_channel_false_23_true_s_fu_8214/mul_8s_8s_16_4_0_U10052,444,36,0,"",""
l1_neighbor_channel,grp_l1_neighbor_channel_false_23_true_s_fu_8214/mul_8s_8s_16_4_0_U10054,1,29,0,"",""
l1_neighbor_channel,grp_l1_neighbor_channel_false_23_true_s_fu_8214/mul_8s_8s_16_4_0_U10055,562,37,0,"",""
l1_neighbor_channel,grp_l1_neighbor_channel_false_23_true_s_fu_8214/mul_8s_8s_16_4_0_U10057,403,38,0,"",""
l1_neighbor_channel,grp_l1_neighbor_channel_false_23_true_s_fu_8214/mul_8s_8s_16_4_0_U10064,443,36,0,"",""
l1_neighbor_channel,grp_l1_neighbor_channel_false_23_true_s_fu_8214/mul_8s_8s_16_4_0_U10066,1,29,0,"",""
l1_neighbor_channel,grp_l1_neighbor_channel_false_23_true_s_fu_8214/mul_8s_8s_16_4_0_U10067,558,37,0,"",""
l1_neighbor_channel,grp_l1_neighbor_channel_false_23_true_s_fu_8214/mul_8s_8s_16_4_0_U10069,398,38,0,"",""
l1_neighbor_channel,grp_l1_neighbor_channel_false_23_true_s_fu_8214/mul_8s_8s_16_4_0_U10076,2,28,0,"",""
l1_neighbor_channel,grp_l1_neighbor_channel_false_23_true_s_fu_8214/mul_8s_8s_16_4_0_U9982,1,29,0,"",""
l1_neighbor_channel,grp_l1_neighbor_channel_false_23_true_s_fu_8214/mul_8s_8s_16_4_0_U9983,562,37,0,"",""
l1_neighbor_channel,grp_l1_neighbor_channel_false_23_true_s_fu_8214/mul_8s_8s_16_4_0_U9985,403,38,0,"",""
l1_neighbor_channel,grp_l1_neighbor_channel_false_23_true_s_fu_8214/mul_8s_8s_16_4_0_U9992,443,35,0,"",""
l1_neighbor_channel,grp_l1_neighbor_channel_false_23_true_s_fu_8214/mul_8s_8s_16_4_0_U9994,1,29,0,"",""
l1_neighbor_channel,grp_l1_neighbor_channel_false_23_true_s_fu_8214/mul_8s_8s_16_4_0_U9995,562,37,0,"",""
l1_neighbor_channel,grp_l1_neighbor_channel_false_23_true_s_fu_8214/mul_8s_8s_16_4_0_U9997,403,38,0,"",""
l1_neighbor_channel,grp_l1_neighbor_channel_false_23_true_s_fu_8214/add_18s_18ns_18_2_0_U10094/u1,9,0,0,"",""
l1_neighbor_channel,grp_l1_neighbor_channel_false_23_true_s_fu_8214/add_18s_18ns_18_2_0_U10094/u2,9,0,0,"",""
l1_neighbor_channel,grp_l1_neighbor_channel_false_23_true_s_fu_8214/add_18s_18ns_18_2_0_U10095/u1,9,0,0,"",""
l1_neighbor_channel,grp_l1_neighbor_channel_false_23_true_s_fu_8214/add_18s_18ns_18_2_0_U10095/u2,9,0,0,"",""
l1_neighbor_channel,grp_l1_neighbor_channel_false_23_true_s_fu_8214/add_18s_18ns_18_2_0_U10096/u1,9,0,0,"",""
l1_neighbor_channel,grp_l1_neighbor_channel_false_23_true_s_fu_8214/add_18s_18ns_18_2_0_U10096/u2,9,0,0,"",""
l1_neighbor_channel,grp_l1_neighbor_channel_false_23_true_s_fu_8214/add_18s_18ns_18_2_0_U10097/u1,9,0,0,"",""
l1_neighbor_channel,grp_l1_neighbor_channel_false_23_true_s_fu_8214/add_18s_18ns_18_2_0_U10097/u2,9,0,0,"",""
l1_neighbor_channel,grp_l1_neighbor_channel_false_23_true_s_fu_8214/add_18s_18ns_18_2_0_U10098/u1,9,0,0,"",""
l1_neighbor_channel,grp_l1_neighbor_channel_false_23_true_s_fu_8214/add_18s_18ns_18_2_0_U10098/u2,9,0,0,"",""
l1_neighbor_channel,grp_l1_neighbor_channel_false_23_true_s_fu_8214/add_18s_18ns_18_2_0_U10099/u1,9,0,0,"",""
l1_neighbor_channel,grp_l1_neighbor_channel_false_23_true_s_fu_8214/add_18s_18ns_18_2_0_U10099/u2,9,0,0,"",""
l1_neighbor_channel,grp_l1_neighbor_channel_false_23_true_s_fu_8214/add_18s_18ns_18_2_0_U10100/u1,9,0,0,"",""
l1_neighbor_channel,grp_l1_neighbor_channel_false_23_true_s_fu_8214/add_18s_18ns_18_2_0_U10100/u2,9,0,0,"",""
l1_neighbor_channel,grp_l1_neighbor_channel_false_23_true_s_fu_8214/add_18s_18ns_18_2_0_U10101/u1,9,0,0,"",""
l1_neighbor_channel,grp_l1_neighbor_channel_false_23_true_s_fu_8214/add_18s_18ns_18_2_0_U10101/u2,9,0,0,"",""
l1_neighbor_channel,grp_l1_neighbor_channel_false_3_true_s_fu_5942/add_18s_18s_18_2_0_U5686,18,18,0,"",""
l1_neighbor_channel,grp_l1_neighbor_channel_false_3_true_s_fu_5942/add_18s_18s_18_2_0_U5687,18,18,0,"",""
l1_neighbor_channel,grp_l1_neighbor_channel_false_3_true_s_fu_5942/add_18s_18s_18_2_0_U5688,18,18,0,"",""
l1_neighbor_channel,grp_l1_neighbor_channel_false_3_true_s_fu_5942/add_18s_18s_18_2_0_U5689,18,18,0,"",""
l1_neighbor_channel,grp_l1_neighbor_channel_false_3_true_s_fu_5942/add_18s_18s_18_2_0_U5690,18,18,0,"",""
l1_neighbor_channel,grp_l1_neighbor_channel_false_3_true_s_fu_5942/add_18s_18s_18_2_0_U5691,18,18,0,"",""
l1_neighbor_channel,grp_l1_neighbor_channel_false_3_true_s_fu_5942/add_18s_18s_18_2_0_U5692,18,18,0,"",""
l1_neighbor_channel,grp_l1_neighbor_channel_false_3_true_s_fu_5942/add_18s_18s_18_2_0_U5693,18,18,0,"",""
l1_neighbor_channel,grp_l1_neighbor_channel_false_3_true_s_fu_5942/mul_8s_4ns_12_4_0_U5576,0,23,0,"",""
l1_neighbor_channel,grp_l1_neighbor_channel_false_3_true_s_fu_5942/mul_8s_4ns_12_4_0_U5587,0,23,0,"",""
l1_neighbor_channel,grp_l1_neighbor_channel_false_3_true_s_fu_5942/mul_8s_4ns_12_4_0_U5598,0,23,0,"",""
l1_neighbor_channel,grp_l1_neighbor_channel_false_3_true_s_fu_5942/mul_8s_4ns_12_4_0_U5609,0,23,0,"",""
l1_neighbor_channel,grp_l1_neighbor_channel_false_3_true_s_fu_5942/mul_8s_4ns_12_4_0_U5620,0,23,0,"",""
l1_neighbor_channel,grp_l1_neighbor_channel_false_3_true_s_fu_5942/mul_8s_4ns_12_4_0_U5631,0,23,0,"",""
l1_neighbor_channel,grp_l1_neighbor_channel_false_3_true_s_fu_5942/mul_8s_4ns_12_4_0_U5642,0,23,0,"",""
l1_neighbor_channel,grp_l1_neighbor_channel_false_3_true_s_fu_5942/mul_8s_4ns_12_4_0_U5653,0,23,0,"",""
l1_neighbor_channel,grp_l1_neighbor_channel_false_3_true_s_fu_5942/mul_8s_7ns_15_4_0_U5578,0,18,0,"",""
l1_neighbor_channel,grp_l1_neighbor_channel_false_3_true_s_fu_5942/mul_8s_7ns_15_4_0_U5581,0,30,0,"",""
l1_neighbor_channel,grp_l1_neighbor_channel_false_3_true_s_fu_5942/mul_8s_7ns_15_4_0_U5582,0,28,0,"",""
l1_neighbor_channel,grp_l1_neighbor_channel_false_3_true_s_fu_5942/mul_8s_7ns_15_4_0_U5583,0,20,0,"",""
l1_neighbor_channel,grp_l1_neighbor_channel_false_3_true_s_fu_5942/mul_8s_7ns_15_4_0_U5589,0,18,0,"",""
l1_neighbor_channel,grp_l1_neighbor_channel_false_3_true_s_fu_5942/mul_8s_7ns_15_4_0_U5592,0,30,0,"",""
l1_neighbor_channel,grp_l1_neighbor_channel_false_3_true_s_fu_5942/mul_8s_7ns_15_4_0_U5593,0,28,0,"",""
l1_neighbor_channel,grp_l1_neighbor_channel_false_3_true_s_fu_5942/mul_8s_7ns_15_4_0_U5594,0,20,0,"",""
l1_neighbor_channel,grp_l1_neighbor_channel_false_3_true_s_fu_5942/mul_8s_7ns_15_4_0_U5600,0,18,0,"",""
l1_neighbor_channel,grp_l1_neighbor_channel_false_3_true_s_fu_5942/mul_8s_7ns_15_4_0_U5603,0,30,0,"",""
l1_neighbor_channel,grp_l1_neighbor_channel_false_3_true_s_fu_5942/mul_8s_7ns_15_4_0_U5604,0,28,0,"",""
l1_neighbor_channel,grp_l1_neighbor_channel_false_3_true_s_fu_5942/mul_8s_7ns_15_4_0_U5605,0,20,0,"",""
l1_neighbor_channel,grp_l1_neighbor_channel_false_3_true_s_fu_5942/mul_8s_7ns_15_4_0_U5611,0,18,0,"",""
l1_neighbor_channel,grp_l1_neighbor_channel_false_3_true_s_fu_5942/mul_8s_7ns_15_4_0_U5614,0,30,0,"",""
l1_neighbor_channel,grp_l1_neighbor_channel_false_3_true_s_fu_5942/mul_8s_7ns_15_4_0_U5615,0,28,0,"",""
l1_neighbor_channel,grp_l1_neighbor_channel_false_3_true_s_fu_5942/mul_8s_7ns_15_4_0_U5616,0,20,0,"",""
l1_neighbor_channel,grp_l1_neighbor_channel_false_3_true_s_fu_5942/mul_8s_7ns_15_4_0_U5622,0,18,0,"",""
l1_neighbor_channel,grp_l1_neighbor_channel_false_3_true_s_fu_5942/mul_8s_7ns_15_4_0_U5625,0,30,0,"",""
l1_neighbor_channel,grp_l1_neighbor_channel_false_3_true_s_fu_5942/mul_8s_7ns_15_4_0_U5626,0,28,0,"",""
l1_neighbor_channel,grp_l1_neighbor_channel_false_3_true_s_fu_5942/mul_8s_7ns_15_4_0_U5627,0,20,0,"",""
l1_neighbor_channel,grp_l1_neighbor_channel_false_3_true_s_fu_5942/mul_8s_7ns_15_4_0_U5633,0,18,0,"",""
l1_neighbor_channel,grp_l1_neighbor_channel_false_3_true_s_fu_5942/mul_8s_7ns_15_4_0_U5636,0,30,0,"",""
l1_neighbor_channel,grp_l1_neighbor_channel_false_3_true_s_fu_5942/mul_8s_7ns_15_4_0_U5637,0,28,0,"",""
l1_neighbor_channel,grp_l1_neighbor_channel_false_3_true_s_fu_5942/mul_8s_7ns_15_4_0_U5638,0,20,0,"",""
l1_neighbor_channel,grp_l1_neighbor_channel_false_3_true_s_fu_5942/mul_8s_7ns_15_4_0_U5644,0,18,0,"",""
l1_neighbor_channel,grp_l1_neighbor_channel_false_3_true_s_fu_5942/mul_8s_7ns_15_4_0_U5647,0,30,0,"",""
l1_neighbor_channel,grp_l1_neighbor_channel_false_3_true_s_fu_5942/mul_8s_7ns_15_4_0_U5648,0,28,0,"",""
l1_neighbor_channel,grp_l1_neighbor_channel_false_3_true_s_fu_5942/mul_8s_7ns_15_4_0_U5649,0,20,0,"",""
l1_neighbor_channel,grp_l1_neighbor_channel_false_3_true_s_fu_5942/mul_8s_7ns_15_4_0_U5655,0,18,0,"",""
l1_neighbor_channel,grp_l1_neighbor_channel_false_3_true_s_fu_5942/mul_8s_7ns_15_4_0_U5658,0,30,0,"",""
l1_neighbor_channel,grp_l1_neighbor_channel_false_3_true_s_fu_5942/mul_8s_7ns_15_4_0_U5659,0,28,0,"",""
l1_neighbor_channel,grp_l1_neighbor_channel_false_3_true_s_fu_5942/mul_8s_7ns_15_4_0_U5660,0,20,0,"",""
l1_neighbor_channel,grp_l1_neighbor_channel_false_3_true_s_fu_5942/mul_8s_7ns_15_4_0_U5663,2,24,0,"",""
l1_neighbor_channel,grp_l1_neighbor_channel_false_3_true_s_fu_5942/mul_8s_7ns_15_4_0_U5666,2,24,0,"",""
l1_neighbor_channel,grp_l1_neighbor_channel_false_3_true_s_fu_5942/mul_8s_7ns_15_4_0_U5669,2,24,0,"",""
l1_neighbor_channel,grp_l1_neighbor_channel_false_3_true_s_fu_5942/mul_8s_7ns_15_4_0_U5672,2,24,0,"",""
l1_neighbor_channel,grp_l1_neighbor_channel_false_3_true_s_fu_5942/mul_8s_7ns_15_4_0_U5675,30,27,0,"",""
l1_neighbor_channel,grp_l1_neighbor_channel_false_3_true_s_fu_5942/mul_8s_7ns_15_4_0_U5678,30,27,0,"",""
l1_neighbor_channel,grp_l1_neighbor_channel_false_3_true_s_fu_5942/mul_8s_7ns_15_4_0_U5681,2,24,0,"",""
l1_neighbor_channel,grp_l1_neighbor_channel_false_3_true_s_fu_5942/mul_8s_7ns_15_4_0_U5684,2,24,0,"",""
l1_neighbor_channel,grp_l1_neighbor_channel_false_3_true_s_fu_5942/mul_8s_7s_15_4_0_U5574,0,23,0,"",""
l1_neighbor_channel,grp_l1_neighbor_channel_false_3_true_s_fu_5942/mul_8s_7s_15_4_0_U5575,0,18,0,"",""
l1_neighbor_channel,grp_l1_neighbor_channel_false_3_true_s_fu_5942/mul_8s_7s_15_4_0_U5577,0,24,0,"",""
l1_neighbor_channel,grp_l1_neighbor_channel_false_3_true_s_fu_5942/mul_8s_7s_15_4_0_U5584,0,16,0,"",""
l1_neighbor_channel,grp_l1_neighbor_channel_false_3_true_s_fu_5942/mul_8s_7s_15_4_0_U5585,0,23,0,"",""
l1_neighbor_channel,grp_l1_neighbor_channel_false_3_true_s_fu_5942/mul_8s_7s_15_4_0_U5586,0,18,0,"",""
l1_neighbor_channel,grp_l1_neighbor_channel_false_3_true_s_fu_5942/mul_8s_7s_15_4_0_U5588,0,24,0,"",""
l1_neighbor_channel,grp_l1_neighbor_channel_false_3_true_s_fu_5942/mul_8s_7s_15_4_0_U5595,0,16,0,"",""
l1_neighbor_channel,grp_l1_neighbor_channel_false_3_true_s_fu_5942/mul_8s_7s_15_4_0_U5596,0,23,0,"",""
l1_neighbor_channel,grp_l1_neighbor_channel_false_3_true_s_fu_5942/mul_8s_7s_15_4_0_U5597,0,18,0,"",""
l1_neighbor_channel,grp_l1_neighbor_channel_false_3_true_s_fu_5942/mul_8s_7s_15_4_0_U5599,0,24,0,"",""
l1_neighbor_channel,grp_l1_neighbor_channel_false_3_true_s_fu_5942/mul_8s_7s_15_4_0_U5606,0,16,0,"",""
l1_neighbor_channel,grp_l1_neighbor_channel_false_3_true_s_fu_5942/mul_8s_7s_15_4_0_U5607,0,23,0,"",""
l1_neighbor_channel,grp_l1_neighbor_channel_false_3_true_s_fu_5942/mul_8s_7s_15_4_0_U5608,0,18,0,"",""
l1_neighbor_channel,grp_l1_neighbor_channel_false_3_true_s_fu_5942/mul_8s_7s_15_4_0_U5610,0,24,0,"",""
l1_neighbor_channel,grp_l1_neighbor_channel_false_3_true_s_fu_5942/mul_8s_7s_15_4_0_U5617,0,16,0,"",""
l1_neighbor_channel,grp_l1_neighbor_channel_false_3_true_s_fu_5942/mul_8s_7s_15_4_0_U5618,0,23,0,"",""
l1_neighbor_channel,grp_l1_neighbor_channel_false_3_true_s_fu_5942/mul_8s_7s_15_4_0_U5619,0,18,0,"",""
l1_neighbor_channel,grp_l1_neighbor_channel_false_3_true_s_fu_5942/mul_8s_7s_15_4_0_U5621,0,24,0,"",""
l1_neighbor_channel,grp_l1_neighbor_channel_false_3_true_s_fu_5942/mul_8s_7s_15_4_0_U5628,0,16,0,"",""
l1_neighbor_channel,grp_l1_neighbor_channel_false_3_true_s_fu_5942/mul_8s_7s_15_4_0_U5629,0,23,0,"",""
l1_neighbor_channel,grp_l1_neighbor_channel_false_3_true_s_fu_5942/mul_8s_7s_15_4_0_U5630,0,18,0,"",""
l1_neighbor_channel,grp_l1_neighbor_channel_false_3_true_s_fu_5942/mul_8s_7s_15_4_0_U5632,0,24,0,"",""
l1_neighbor_channel,grp_l1_neighbor_channel_false_3_true_s_fu_5942/mul_8s_7s_15_4_0_U5639,0,16,0,"",""
l1_neighbor_channel,grp_l1_neighbor_channel_false_3_true_s_fu_5942/mul_8s_7s_15_4_0_U5640,0,23,0,"",""
l1_neighbor_channel,grp_l1_neighbor_channel_false_3_true_s_fu_5942/mul_8s_7s_15_4_0_U5641,0,18,0,"",""
l1_neighbor_channel,grp_l1_neighbor_channel_false_3_true_s_fu_5942/mul_8s_7s_15_4_0_U5643,0,24,0,"",""
l1_neighbor_channel,grp_l1_neighbor_channel_false_3_true_s_fu_5942/mul_8s_7s_15_4_0_U5650,0,16,0,"",""
l1_neighbor_channel,grp_l1_neighbor_channel_false_3_true_s_fu_5942/mul_8s_7s_15_4_0_U5651,0,23,0,"",""
l1_neighbor_channel,grp_l1_neighbor_channel_false_3_true_s_fu_5942/mul_8s_7s_15_4_0_U5652,0,18,0,"",""
l1_neighbor_channel,grp_l1_neighbor_channel_false_3_true_s_fu_5942/mul_8s_7s_15_4_0_U5654,0,24,0,"",""
l1_neighbor_channel,grp_l1_neighbor_channel_false_3_true_s_fu_5942/mul_8s_7s_15_4_0_U5661,0,16,0,"",""
l1_neighbor_channel,grp_l1_neighbor_channel_false_3_true_s_fu_5942/mul_8s_8ns_16_4_0_U5579,16,23,0,"",""
l1_neighbor_channel,grp_l1_neighbor_channel_false_3_true_s_fu_5942/mul_8s_8ns_16_4_0_U5580,16,26,0,"",""
l1_neighbor_channel,grp_l1_neighbor_channel_false_3_true_s_fu_5942/mul_8s_8ns_16_4_0_U5590,16,23,0,"",""
l1_neighbor_channel,grp_l1_neighbor_channel_false_3_true_s_fu_5942/mul_8s_8ns_16_4_0_U5591,16,26,0,"",""
l1_neighbor_channel,grp_l1_neighbor_channel_false_3_true_s_fu_5942/mul_8s_8ns_16_4_0_U5601,16,23,0,"",""
l1_neighbor_channel,grp_l1_neighbor_channel_false_3_true_s_fu_5942/mul_8s_8ns_16_4_0_U5602,16,26,0,"",""
l1_neighbor_channel,grp_l1_neighbor_channel_false_3_true_s_fu_5942/mul_8s_8ns_16_4_0_U5612,16,23,0,"",""
l1_neighbor_channel,grp_l1_neighbor_channel_false_3_true_s_fu_5942/mul_8s_8ns_16_4_0_U5613,16,26,0,"",""
l1_neighbor_channel,grp_l1_neighbor_channel_false_3_true_s_fu_5942/mul_8s_8ns_16_4_0_U5623,16,23,0,"",""
l1_neighbor_channel,grp_l1_neighbor_channel_false_3_true_s_fu_5942/mul_8s_8ns_16_4_0_U5624,16,26,0,"",""
l1_neighbor_channel,grp_l1_neighbor_channel_false_3_true_s_fu_5942/mul_8s_8ns_16_4_0_U5634,16,23,0,"",""
l1_neighbor_channel,grp_l1_neighbor_channel_false_3_true_s_fu_5942/mul_8s_8ns_16_4_0_U5635,16,26,0,"",""
l1_neighbor_channel,grp_l1_neighbor_channel_false_3_true_s_fu_5942/mul_8s_8ns_16_4_0_U5645,16,23,0,"",""
l1_neighbor_channel,grp_l1_neighbor_channel_false_3_true_s_fu_5942/mul_8s_8ns_16_4_0_U5646,16,26,0,"",""
l1_neighbor_channel,grp_l1_neighbor_channel_false_3_true_s_fu_5942/mul_8s_8ns_16_4_0_U5656,16,23,0,"",""
l1_neighbor_channel,grp_l1_neighbor_channel_false_3_true_s_fu_5942/mul_8s_8ns_16_4_0_U5657,16,26,0,"",""
l1_neighbor_channel,grp_l1_neighbor_channel_false_3_true_s_fu_5942/mul_8s_8s_16_4_0_U5662,1,30,0,"",""
l1_neighbor_channel,grp_l1_neighbor_channel_false_3_true_s_fu_5942/mul_8s_8s_16_4_0_U5664,3,28,0,"",""
l1_neighbor_channel,grp_l1_neighbor_channel_false_3_true_s_fu_5942/mul_8s_8s_16_4_0_U5665,1,30,0,"",""
l1_neighbor_channel,grp_l1_neighbor_channel_false_3_true_s_fu_5942/mul_8s_8s_16_4_0_U5667,3,30,0,"",""
l1_neighbor_channel,grp_l1_neighbor_channel_false_3_true_s_fu_5942/mul_8s_8s_16_4_0_U5668,1,30,0,"",""
l1_neighbor_channel,grp_l1_neighbor_channel_false_3_true_s_fu_5942/mul_8s_8s_16_4_0_U5670,3,30,0,"",""
l1_neighbor_channel,grp_l1_neighbor_channel_false_3_true_s_fu_5942/mul_8s_8s_16_4_0_U5671,1,30,0,"",""
l1_neighbor_channel,grp_l1_neighbor_channel_false_3_true_s_fu_5942/mul_8s_8s_16_4_0_U5673,3,28,0,"",""
l1_neighbor_channel,grp_l1_neighbor_channel_false_3_true_s_fu_5942/mul_8s_8s_16_4_0_U5674,1,30,0,"",""
l1_neighbor_channel,grp_l1_neighbor_channel_false_3_true_s_fu_5942/mul_8s_8s_16_4_0_U5676,3,28,0,"",""
l1_neighbor_channel,grp_l1_neighbor_channel_false_3_true_s_fu_5942/mul_8s_8s_16_4_0_U5677,1,31,0,"",""
l1_neighbor_channel,grp_l1_neighbor_channel_false_3_true_s_fu_5942/mul_8s_8s_16_4_0_U5679,3,30,0,"",""
l1_neighbor_channel,grp_l1_neighbor_channel_false_3_true_s_fu_5942/mul_8s_8s_16_4_0_U5680,1,30,0,"",""
l1_neighbor_channel,grp_l1_neighbor_channel_false_3_true_s_fu_5942/mul_8s_8s_16_4_0_U5682,3,28,0,"",""
l1_neighbor_channel,grp_l1_neighbor_channel_false_3_true_s_fu_5942/mul_8s_8s_16_4_0_U5683,1,30,0,"",""
l1_neighbor_channel,grp_l1_neighbor_channel_false_3_true_s_fu_5942/mul_8s_8s_16_4_0_U5685,3,28,0,"",""
l1_neighbor_channel,grp_l1_neighbor_channel_false_3_true_s_fu_5942/add_18s_18s_18_2_0_U5686/u1,9,0,0,"",""
l1_neighbor_channel,grp_l1_neighbor_channel_false_3_true_s_fu_5942/add_18s_18s_18_2_0_U5686/u2,9,0,0,"",""
l1_neighbor_channel,grp_l1_neighbor_channel_false_3_true_s_fu_5942/add_18s_18s_18_2_0_U5687/u1,9,0,0,"",""
l1_neighbor_channel,grp_l1_neighbor_channel_false_3_true_s_fu_5942/add_18s_18s_18_2_0_U5687/u2,9,0,0,"",""
l1_neighbor_channel,grp_l1_neighbor_channel_false_3_true_s_fu_5942/add_18s_18s_18_2_0_U5688/u1,9,0,0,"",""
l1_neighbor_channel,grp_l1_neighbor_channel_false_3_true_s_fu_5942/add_18s_18s_18_2_0_U5688/u2,9,0,0,"",""
l1_neighbor_channel,grp_l1_neighbor_channel_false_3_true_s_fu_5942/add_18s_18s_18_2_0_U5689/u1,9,0,0,"",""
l1_neighbor_channel,grp_l1_neighbor_channel_false_3_true_s_fu_5942/add_18s_18s_18_2_0_U5689/u2,9,0,0,"",""
l1_neighbor_channel,grp_l1_neighbor_channel_false_3_true_s_fu_5942/add_18s_18s_18_2_0_U5690/u1,9,0,0,"",""
l1_neighbor_channel,grp_l1_neighbor_channel_false_3_true_s_fu_5942/add_18s_18s_18_2_0_U5690/u2,9,0,0,"",""
l1_neighbor_channel,grp_l1_neighbor_channel_false_3_true_s_fu_5942/add_18s_18s_18_2_0_U5691/u1,9,0,0,"",""
l1_neighbor_channel,grp_l1_neighbor_channel_false_3_true_s_fu_5942/add_18s_18s_18_2_0_U5691/u2,9,0,0,"",""
l1_neighbor_channel,grp_l1_neighbor_channel_false_3_true_s_fu_5942/add_18s_18s_18_2_0_U5692/u1,9,0,0,"",""
l1_neighbor_channel,grp_l1_neighbor_channel_false_3_true_s_fu_5942/add_18s_18s_18_2_0_U5692/u2,9,0,0,"",""
l1_neighbor_channel,grp_l1_neighbor_channel_false_3_true_s_fu_5942/add_18s_18s_18_2_0_U5693/u1,9,0,0,"",""
l1_neighbor_channel,grp_l1_neighbor_channel_false_3_true_s_fu_5942/add_18s_18s_18_2_0_U5693/u2,9,0,0,"",""
l1_neighbor_channel,grp_l1_neighbor_channel_false_4_true_s_fu_6058/add_18s_18s_18_2_0_U5926,18,18,0,"",""
l1_neighbor_channel,grp_l1_neighbor_channel_false_4_true_s_fu_6058/add_18s_18s_18_2_0_U5927,18,18,0,"",""
l1_neighbor_channel,grp_l1_neighbor_channel_false_4_true_s_fu_6058/add_18s_18s_18_2_0_U5928,18,18,0,"",""
l1_neighbor_channel,grp_l1_neighbor_channel_false_4_true_s_fu_6058/add_18s_18s_18_2_0_U5929,18,18,0,"",""
l1_neighbor_channel,grp_l1_neighbor_channel_false_4_true_s_fu_6058/add_18s_18s_18_2_0_U5930,18,18,0,"",""
l1_neighbor_channel,grp_l1_neighbor_channel_false_4_true_s_fu_6058/add_18s_18s_18_2_0_U5931,18,18,0,"",""
l1_neighbor_channel,grp_l1_neighbor_channel_false_4_true_s_fu_6058/add_18s_18s_18_2_0_U5932,18,18,0,"",""
l1_neighbor_channel,grp_l1_neighbor_channel_false_4_true_s_fu_6058/add_18s_18s_18_2_0_U5933,18,18,0,"",""
l1_neighbor_channel,grp_l1_neighbor_channel_false_4_true_s_fu_6058/mul_8s_4ns_12_4_0_U5818,0,20,0,"",""
l1_neighbor_channel,grp_l1_neighbor_channel_false_4_true_s_fu_6058/mul_8s_4ns_12_4_0_U5833,0,20,0,"",""
l1_neighbor_channel,grp_l1_neighbor_channel_false_4_true_s_fu_6058/mul_8s_4ns_12_4_0_U5848,0,20,0,"",""
l1_neighbor_channel,grp_l1_neighbor_channel_false_4_true_s_fu_6058/mul_8s_4ns_12_4_0_U5863,0,20,0,"",""
l1_neighbor_channel,grp_l1_neighbor_channel_false_4_true_s_fu_6058/mul_8s_4ns_12_4_0_U5878,0,20,0,"",""
l1_neighbor_channel,grp_l1_neighbor_channel_false_4_true_s_fu_6058/mul_8s_4ns_12_4_0_U5893,0,20,0,"",""
l1_neighbor_channel,grp_l1_neighbor_channel_false_4_true_s_fu_6058/mul_8s_4ns_12_4_0_U5908,0,20,0,"",""
l1_neighbor_channel,grp_l1_neighbor_channel_false_4_true_s_fu_6058/mul_8s_4ns_12_4_0_U5923,0,20,0,"",""
l1_neighbor_channel,grp_l1_neighbor_channel_false_4_true_s_fu_6058/mul_8s_5ns_13_4_0_U5810,0,20,0,"",""
l1_neighbor_channel,grp_l1_neighbor_channel_false_4_true_s_fu_6058/mul_8s_5ns_13_4_0_U5819,0,22,0,"",""
l1_neighbor_channel,grp_l1_neighbor_channel_false_4_true_s_fu_6058/mul_8s_5ns_13_4_0_U5825,0,20,0,"",""
l1_neighbor_channel,grp_l1_neighbor_channel_false_4_true_s_fu_6058/mul_8s_5ns_13_4_0_U5834,0,22,0,"",""
l1_neighbor_channel,grp_l1_neighbor_channel_false_4_true_s_fu_6058/mul_8s_5ns_13_4_0_U5840,0,20,0,"",""
l1_neighbor_channel,grp_l1_neighbor_channel_false_4_true_s_fu_6058/mul_8s_5ns_13_4_0_U5849,0,22,0,"",""
l1_neighbor_channel,grp_l1_neighbor_channel_false_4_true_s_fu_6058/mul_8s_5ns_13_4_0_U5855,0,20,0,"",""
l1_neighbor_channel,grp_l1_neighbor_channel_false_4_true_s_fu_6058/mul_8s_5ns_13_4_0_U5864,0,22,0,"",""
l1_neighbor_channel,grp_l1_neighbor_channel_false_4_true_s_fu_6058/mul_8s_5ns_13_4_0_U5870,0,20,0,"",""
l1_neighbor_channel,grp_l1_neighbor_channel_false_4_true_s_fu_6058/mul_8s_5ns_13_4_0_U5879,0,22,0,"",""
l1_neighbor_channel,grp_l1_neighbor_channel_false_4_true_s_fu_6058/mul_8s_5ns_13_4_0_U5885,0,20,0,"",""
l1_neighbor_channel,grp_l1_neighbor_channel_false_4_true_s_fu_6058/mul_8s_5ns_13_4_0_U5894,0,22,0,"",""
l1_neighbor_channel,grp_l1_neighbor_channel_false_4_true_s_fu_6058/mul_8s_5ns_13_4_0_U5900,0,20,0,"",""
l1_neighbor_channel,grp_l1_neighbor_channel_false_4_true_s_fu_6058/mul_8s_5ns_13_4_0_U5909,0,22,0,"",""
l1_neighbor_channel,grp_l1_neighbor_channel_false_4_true_s_fu_6058/mul_8s_5ns_13_4_0_U5915,0,20,0,"",""
l1_neighbor_channel,grp_l1_neighbor_channel_false_4_true_s_fu_6058/mul_8s_5ns_13_4_0_U5924,0,22,0,"",""
l1_neighbor_channel,grp_l1_neighbor_channel_false_4_true_s_fu_6058/mul_8s_6ns_14_4_0_U5812,0,18,0,"",""
l1_neighbor_channel,grp_l1_neighbor_channel_false_4_true_s_fu_6058/mul_8s_6ns_14_4_0_U5827,0,18,0,"",""
l1_neighbor_channel,grp_l1_neighbor_channel_false_4_true_s_fu_6058/mul_8s_6ns_14_4_0_U5842,0,18,0,"",""
l1_neighbor_channel,grp_l1_neighbor_channel_false_4_true_s_fu_6058/mul_8s_6ns_14_4_0_U5857,0,18,0,"",""
l1_neighbor_channel,grp_l1_neighbor_channel_false_4_true_s_fu_6058/mul_8s_6ns_14_4_0_U5872,0,18,0,"",""
l1_neighbor_channel,grp_l1_neighbor_channel_false_4_true_s_fu_6058/mul_8s_6ns_14_4_0_U5887,0,18,0,"",""
l1_neighbor_channel,grp_l1_neighbor_channel_false_4_true_s_fu_6058/mul_8s_6ns_14_4_0_U5902,0,18,0,"",""
l1_neighbor_channel,grp_l1_neighbor_channel_false_4_true_s_fu_6058/mul_8s_6ns_14_4_0_U5917,0,18,0,"",""
l1_neighbor_channel,grp_l1_neighbor_channel_false_4_true_s_fu_6058/mul_8s_6s_14_4_0_U5811,0,22,0,"",""
l1_neighbor_channel,grp_l1_neighbor_channel_false_4_true_s_fu_6058/mul_8s_6s_14_4_0_U5826,0,22,0,"",""
l1_neighbor_channel,grp_l1_neighbor_channel_false_4_true_s_fu_6058/mul_8s_6s_14_4_0_U5841,0,22,0,"",""
l1_neighbor_channel,grp_l1_neighbor_channel_false_4_true_s_fu_6058/mul_8s_6s_14_4_0_U5856,0,22,0,"",""
l1_neighbor_channel,grp_l1_neighbor_channel_false_4_true_s_fu_6058/mul_8s_6s_14_4_0_U5871,0,22,0,"",""
l1_neighbor_channel,grp_l1_neighbor_channel_false_4_true_s_fu_6058/mul_8s_6s_14_4_0_U5886,0,22,0,"",""
l1_neighbor_channel,grp_l1_neighbor_channel_false_4_true_s_fu_6058/mul_8s_6s_14_4_0_U5901,0,22,0,"",""
l1_neighbor_channel,grp_l1_neighbor_channel_false_4_true_s_fu_6058/mul_8s_6s_14_4_0_U5916,0,22,0,"",""
l1_neighbor_channel,grp_l1_neighbor_channel_false_4_true_s_fu_6058/mul_8s_7ns_15_4_0_U5806,0,28,0,"",""
l1_neighbor_channel,grp_l1_neighbor_channel_false_4_true_s_fu_6058/mul_8s_7ns_15_4_0_U5809,0,28,0,"",""
l1_neighbor_channel,grp_l1_neighbor_channel_false_4_true_s_fu_6058/mul_8s_7ns_15_4_0_U5820,2,22,0,"",""
l1_neighbor_channel,grp_l1_neighbor_channel_false_4_true_s_fu_6058/mul_8s_7ns_15_4_0_U5821,0,28,0,"",""
l1_neighbor_channel,grp_l1_neighbor_channel_false_4_true_s_fu_6058/mul_8s_7ns_15_4_0_U5824,0,28,0,"",""
l1_neighbor_channel,grp_l1_neighbor_channel_false_4_true_s_fu_6058/mul_8s_7ns_15_4_0_U5835,2,22,0,"",""
l1_neighbor_channel,grp_l1_neighbor_channel_false_4_true_s_fu_6058/mul_8s_7ns_15_4_0_U5836,0,28,0,"",""
l1_neighbor_channel,grp_l1_neighbor_channel_false_4_true_s_fu_6058/mul_8s_7ns_15_4_0_U5839,0,28,0,"",""
l1_neighbor_channel,grp_l1_neighbor_channel_false_4_true_s_fu_6058/mul_8s_7ns_15_4_0_U5850,2,22,0,"",""
l1_neighbor_channel,grp_l1_neighbor_channel_false_4_true_s_fu_6058/mul_8s_7ns_15_4_0_U5851,0,28,0,"",""
l1_neighbor_channel,grp_l1_neighbor_channel_false_4_true_s_fu_6058/mul_8s_7ns_15_4_0_U5854,0,28,0,"",""
l1_neighbor_channel,grp_l1_neighbor_channel_false_4_true_s_fu_6058/mul_8s_7ns_15_4_0_U5865,2,22,0,"",""
l1_neighbor_channel,grp_l1_neighbor_channel_false_4_true_s_fu_6058/mul_8s_7ns_15_4_0_U5866,0,28,0,"",""
l1_neighbor_channel,grp_l1_neighbor_channel_false_4_true_s_fu_6058/mul_8s_7ns_15_4_0_U5869,0,28,0,"",""
l1_neighbor_channel,grp_l1_neighbor_channel_false_4_true_s_fu_6058/mul_8s_7ns_15_4_0_U5880,2,22,0,"",""
l1_neighbor_channel,grp_l1_neighbor_channel_false_4_true_s_fu_6058/mul_8s_7ns_15_4_0_U5881,0,28,0,"",""
l1_neighbor_channel,grp_l1_neighbor_channel_false_4_true_s_fu_6058/mul_8s_7ns_15_4_0_U5884,0,28,0,"",""
l1_neighbor_channel,grp_l1_neighbor_channel_false_4_true_s_fu_6058/mul_8s_7ns_15_4_0_U5895,2,22,0,"",""
l1_neighbor_channel,grp_l1_neighbor_channel_false_4_true_s_fu_6058/mul_8s_7ns_15_4_0_U5896,0,28,0,"",""
l1_neighbor_channel,grp_l1_neighbor_channel_false_4_true_s_fu_6058/mul_8s_7ns_15_4_0_U5899,0,28,0,"",""
l1_neighbor_channel,grp_l1_neighbor_channel_false_4_true_s_fu_6058/mul_8s_7ns_15_4_0_U5910,2,22,0,"",""
l1_neighbor_channel,grp_l1_neighbor_channel_false_4_true_s_fu_6058/mul_8s_7ns_15_4_0_U5911,0,28,0,"",""
l1_neighbor_channel,grp_l1_neighbor_channel_false_4_true_s_fu_6058/mul_8s_7ns_15_4_0_U5914,0,28,0,"",""
l1_neighbor_channel,grp_l1_neighbor_channel_false_4_true_s_fu_6058/mul_8s_7ns_15_4_0_U5925,2,22,0,"",""
l1_neighbor_channel,grp_l1_neighbor_channel_false_4_true_s_fu_6058/mul_8s_7s_15_4_0_U5807,0,20,0,"",""
l1_neighbor_channel,grp_l1_neighbor_channel_false_4_true_s_fu_6058/mul_8s_7s_15_4_0_U5808,0,26,0,"",""
l1_neighbor_channel,grp_l1_neighbor_channel_false_4_true_s_fu_6058/mul_8s_7s_15_4_0_U5813,0,29,0,"",""
l1_neighbor_channel,grp_l1_neighbor_channel_false_4_true_s_fu_6058/mul_8s_7s_15_4_0_U5814,0,19,0,"",""
l1_neighbor_channel,grp_l1_neighbor_channel_false_4_true_s_fu_6058/mul_8s_7s_15_4_0_U5815,0,18,0,"",""
l1_neighbor_channel,grp_l1_neighbor_channel_false_4_true_s_fu_6058/mul_8s_7s_15_4_0_U5822,0,20,0,"",""
l1_neighbor_channel,grp_l1_neighbor_channel_false_4_true_s_fu_6058/mul_8s_7s_15_4_0_U5823,0,26,0,"",""
l1_neighbor_channel,grp_l1_neighbor_channel_false_4_true_s_fu_6058/mul_8s_7s_15_4_0_U5828,0,29,0,"",""
l1_neighbor_channel,grp_l1_neighbor_channel_false_4_true_s_fu_6058/mul_8s_7s_15_4_0_U5829,0,19,0,"",""
l1_neighbor_channel,grp_l1_neighbor_channel_false_4_true_s_fu_6058/mul_8s_7s_15_4_0_U5830,0,18,0,"",""
l1_neighbor_channel,grp_l1_neighbor_channel_false_4_true_s_fu_6058/mul_8s_7s_15_4_0_U5837,0,20,0,"",""
l1_neighbor_channel,grp_l1_neighbor_channel_false_4_true_s_fu_6058/mul_8s_7s_15_4_0_U5838,0,26,0,"",""
l1_neighbor_channel,grp_l1_neighbor_channel_false_4_true_s_fu_6058/mul_8s_7s_15_4_0_U5843,0,29,0,"",""
l1_neighbor_channel,grp_l1_neighbor_channel_false_4_true_s_fu_6058/mul_8s_7s_15_4_0_U5844,0,19,0,"",""
l1_neighbor_channel,grp_l1_neighbor_channel_false_4_true_s_fu_6058/mul_8s_7s_15_4_0_U5845,0,18,0,"",""
l1_neighbor_channel,grp_l1_neighbor_channel_false_4_true_s_fu_6058/mul_8s_7s_15_4_0_U5852,0,19,0,"",""
l1_neighbor_channel,grp_l1_neighbor_channel_false_4_true_s_fu_6058/mul_8s_7s_15_4_0_U5853,0,26,0,"",""
l1_neighbor_channel,grp_l1_neighbor_channel_false_4_true_s_fu_6058/mul_8s_7s_15_4_0_U5858,0,29,0,"",""
l1_neighbor_channel,grp_l1_neighbor_channel_false_4_true_s_fu_6058/mul_8s_7s_15_4_0_U5859,0,19,0,"",""
l1_neighbor_channel,grp_l1_neighbor_channel_false_4_true_s_fu_6058/mul_8s_7s_15_4_0_U5860,0,18,0,"",""
l1_neighbor_channel,grp_l1_neighbor_channel_false_4_true_s_fu_6058/mul_8s_7s_15_4_0_U5867,0,20,0,"",""
l1_neighbor_channel,grp_l1_neighbor_channel_false_4_true_s_fu_6058/mul_8s_7s_15_4_0_U5868,0,26,0,"",""
l1_neighbor_channel,grp_l1_neighbor_channel_false_4_true_s_fu_6058/mul_8s_7s_15_4_0_U5873,0,29,0,"",""
l1_neighbor_channel,grp_l1_neighbor_channel_false_4_true_s_fu_6058/mul_8s_7s_15_4_0_U5874,0,19,0,"",""
l1_neighbor_channel,grp_l1_neighbor_channel_false_4_true_s_fu_6058/mul_8s_7s_15_4_0_U5875,0,18,0,"",""
l1_neighbor_channel,grp_l1_neighbor_channel_false_4_true_s_fu_6058/mul_8s_7s_15_4_0_U5882,0,20,0,"",""
l1_neighbor_channel,grp_l1_neighbor_channel_false_4_true_s_fu_6058/mul_8s_7s_15_4_0_U5883,0,26,0,"",""
l1_neighbor_channel,grp_l1_neighbor_channel_false_4_true_s_fu_6058/mul_8s_7s_15_4_0_U5888,0,29,0,"",""
l1_neighbor_channel,grp_l1_neighbor_channel_false_4_true_s_fu_6058/mul_8s_7s_15_4_0_U5889,0,19,0,"",""
l1_neighbor_channel,grp_l1_neighbor_channel_false_4_true_s_fu_6058/mul_8s_7s_15_4_0_U5890,0,18,0,"",""
l1_neighbor_channel,grp_l1_neighbor_channel_false_4_true_s_fu_6058/mul_8s_7s_15_4_0_U5897,0,20,0,"",""
l1_neighbor_channel,grp_l1_neighbor_channel_false_4_true_s_fu_6058/mul_8s_7s_15_4_0_U5898,0,26,0,"",""
l1_neighbor_channel,grp_l1_neighbor_channel_false_4_true_s_fu_6058/mul_8s_7s_15_4_0_U5903,0,29,0,"",""
l1_neighbor_channel,grp_l1_neighbor_channel_false_4_true_s_fu_6058/mul_8s_7s_15_4_0_U5904,0,19,0,"",""
l1_neighbor_channel,grp_l1_neighbor_channel_false_4_true_s_fu_6058/mul_8s_7s_15_4_0_U5905,0,18,0,"",""
l1_neighbor_channel,grp_l1_neighbor_channel_false_4_true_s_fu_6058/mul_8s_7s_15_4_0_U5912,0,20,0,"",""
l1_neighbor_channel,grp_l1_neighbor_channel_false_4_true_s_fu_6058/mul_8s_7s_15_4_0_U5913,0,26,0,"",""
l1_neighbor_channel,grp_l1_neighbor_channel_false_4_true_s_fu_6058/mul_8s_7s_15_4_0_U5918,0,29,0,"",""
l1_neighbor_channel,grp_l1_neighbor_channel_false_4_true_s_fu_6058/mul_8s_7s_15_4_0_U5919,0,19,0,"",""
l1_neighbor_channel,grp_l1_neighbor_channel_false_4_true_s_fu_6058/mul_8s_7s_15_4_0_U5920,0,18,0,"",""
l1_neighbor_channel,grp_l1_neighbor_channel_false_4_true_s_fu_6058/mul_8s_8ns_16_4_0_U5816,16,23,0,"",""
l1_neighbor_channel,grp_l1_neighbor_channel_false_4_true_s_fu_6058/mul_8s_8ns_16_4_0_U5817,4,22,0,"",""
l1_neighbor_channel,grp_l1_neighbor_channel_false_4_true_s_fu_6058/mul_8s_8ns_16_4_0_U5831,16,23,0,"",""
l1_neighbor_channel,grp_l1_neighbor_channel_false_4_true_s_fu_6058/mul_8s_8ns_16_4_0_U5832,4,22,0,"",""
l1_neighbor_channel,grp_l1_neighbor_channel_false_4_true_s_fu_6058/mul_8s_8ns_16_4_0_U5846,16,23,0,"",""
l1_neighbor_channel,grp_l1_neighbor_channel_false_4_true_s_fu_6058/mul_8s_8ns_16_4_0_U5847,4,22,0,"",""
l1_neighbor_channel,grp_l1_neighbor_channel_false_4_true_s_fu_6058/mul_8s_8ns_16_4_0_U5861,16,23,0,"",""
l1_neighbor_channel,grp_l1_neighbor_channel_false_4_true_s_fu_6058/mul_8s_8ns_16_4_0_U5862,4,22,0,"",""
l1_neighbor_channel,grp_l1_neighbor_channel_false_4_true_s_fu_6058/mul_8s_8ns_16_4_0_U5876,16,23,0,"",""
l1_neighbor_channel,grp_l1_neighbor_channel_false_4_true_s_fu_6058/mul_8s_8ns_16_4_0_U5877,4,22,0,"",""
l1_neighbor_channel,grp_l1_neighbor_channel_false_4_true_s_fu_6058/mul_8s_8ns_16_4_0_U5891,16,23,0,"",""
l1_neighbor_channel,grp_l1_neighbor_channel_false_4_true_s_fu_6058/mul_8s_8ns_16_4_0_U5892,4,22,0,"",""
l1_neighbor_channel,grp_l1_neighbor_channel_false_4_true_s_fu_6058/mul_8s_8ns_16_4_0_U5906,16,23,0,"",""
l1_neighbor_channel,grp_l1_neighbor_channel_false_4_true_s_fu_6058/mul_8s_8ns_16_4_0_U5907,4,22,0,"",""
l1_neighbor_channel,grp_l1_neighbor_channel_false_4_true_s_fu_6058/mul_8s_8ns_16_4_0_U5921,16,23,0,"",""
l1_neighbor_channel,grp_l1_neighbor_channel_false_4_true_s_fu_6058/mul_8s_8ns_16_4_0_U5922,4,22,0,"",""
l1_neighbor_channel,grp_l1_neighbor_channel_false_4_true_s_fu_6058/add_18s_18s_18_2_0_U5926/u1,9,0,0,"",""
l1_neighbor_channel,grp_l1_neighbor_channel_false_4_true_s_fu_6058/add_18s_18s_18_2_0_U5926/u2,9,0,0,"",""
l1_neighbor_channel,grp_l1_neighbor_channel_false_4_true_s_fu_6058/add_18s_18s_18_2_0_U5927/u1,9,0,0,"",""
l1_neighbor_channel,grp_l1_neighbor_channel_false_4_true_s_fu_6058/add_18s_18s_18_2_0_U5927/u2,9,0,0,"",""
l1_neighbor_channel,grp_l1_neighbor_channel_false_4_true_s_fu_6058/add_18s_18s_18_2_0_U5928/u1,9,0,0,"",""
l1_neighbor_channel,grp_l1_neighbor_channel_false_4_true_s_fu_6058/add_18s_18s_18_2_0_U5928/u2,9,0,0,"",""
l1_neighbor_channel,grp_l1_neighbor_channel_false_4_true_s_fu_6058/add_18s_18s_18_2_0_U5929/u1,9,0,0,"",""
l1_neighbor_channel,grp_l1_neighbor_channel_false_4_true_s_fu_6058/add_18s_18s_18_2_0_U5929/u2,9,0,0,"",""
l1_neighbor_channel,grp_l1_neighbor_channel_false_4_true_s_fu_6058/add_18s_18s_18_2_0_U5930/u1,9,0,0,"",""
l1_neighbor_channel,grp_l1_neighbor_channel_false_4_true_s_fu_6058/add_18s_18s_18_2_0_U5930/u2,9,0,0,"",""
l1_neighbor_channel,grp_l1_neighbor_channel_false_4_true_s_fu_6058/add_18s_18s_18_2_0_U5931/u1,9,0,0,"",""
l1_neighbor_channel,grp_l1_neighbor_channel_false_4_true_s_fu_6058/add_18s_18s_18_2_0_U5931/u2,9,0,0,"",""
l1_neighbor_channel,grp_l1_neighbor_channel_false_4_true_s_fu_6058/add_18s_18s_18_2_0_U5932/u1,9,0,0,"",""
l1_neighbor_channel,grp_l1_neighbor_channel_false_4_true_s_fu_6058/add_18s_18s_18_2_0_U5932/u2,9,0,0,"",""
l1_neighbor_channel,grp_l1_neighbor_channel_false_4_true_s_fu_6058/add_18s_18s_18_2_0_U5933/u1,9,0,0,"",""
l1_neighbor_channel,grp_l1_neighbor_channel_false_4_true_s_fu_6058/add_18s_18s_18_2_0_U5933/u2,9,0,0,"",""
l1_neighbor_channel,grp_l1_neighbor_channel_false_5_true_s_fu_6182/add_18s_18s_18_2_0_U6174,18,18,0,"",""
l1_neighbor_channel,grp_l1_neighbor_channel_false_5_true_s_fu_6182/add_18s_18s_18_2_0_U6175,18,18,0,"",""
l1_neighbor_channel,grp_l1_neighbor_channel_false_5_true_s_fu_6182/add_18s_18s_18_2_0_U6176,18,18,0,"",""
l1_neighbor_channel,grp_l1_neighbor_channel_false_5_true_s_fu_6182/add_18s_18s_18_2_0_U6177,18,18,0,"",""
l1_neighbor_channel,grp_l1_neighbor_channel_false_5_true_s_fu_6182/add_18s_18s_18_2_0_U6178,18,18,0,"",""
l1_neighbor_channel,grp_l1_neighbor_channel_false_5_true_s_fu_6182/add_18s_18s_18_2_0_U6179,18,18,0,"",""
l1_neighbor_channel,grp_l1_neighbor_channel_false_5_true_s_fu_6182/add_18s_18s_18_2_0_U6180,18,18,0,"",""
l1_neighbor_channel,grp_l1_neighbor_channel_false_5_true_s_fu_6182/add_18s_18s_18_2_0_U6181,18,18,0,"",""
l1_neighbor_channel,grp_l1_neighbor_channel_false_5_true_s_fu_6182/mul_8s_6ns_14_4_0_U6059,0,26,0,"",""
l1_neighbor_channel,grp_l1_neighbor_channel_false_5_true_s_fu_6182/mul_8s_6ns_14_4_0_U6063,0,20,0,"",""
l1_neighbor_channel,grp_l1_neighbor_channel_false_5_true_s_fu_6182/mul_8s_6ns_14_4_0_U6064,3,22,0,"",""
l1_neighbor_channel,grp_l1_neighbor_channel_false_5_true_s_fu_6182/mul_8s_6ns_14_4_0_U6074,0,26,0,"",""
l1_neighbor_channel,grp_l1_neighbor_channel_false_5_true_s_fu_6182/mul_8s_6ns_14_4_0_U6078,0,20,0,"",""
l1_neighbor_channel,grp_l1_neighbor_channel_false_5_true_s_fu_6182/mul_8s_6ns_14_4_0_U6079,3,22,0,"",""
l1_neighbor_channel,grp_l1_neighbor_channel_false_5_true_s_fu_6182/mul_8s_6ns_14_4_0_U6089,0,26,0,"",""
l1_neighbor_channel,grp_l1_neighbor_channel_false_5_true_s_fu_6182/mul_8s_6ns_14_4_0_U6093,0,20,0,"",""
l1_neighbor_channel,grp_l1_neighbor_channel_false_5_true_s_fu_6182/mul_8s_6ns_14_4_0_U6094,3,22,0,"",""
l1_neighbor_channel,grp_l1_neighbor_channel_false_5_true_s_fu_6182/mul_8s_6ns_14_4_0_U6104,0,26,0,"",""
l1_neighbor_channel,grp_l1_neighbor_channel_false_5_true_s_fu_6182/mul_8s_6ns_14_4_0_U6108,0,20,0,"",""
l1_neighbor_channel,grp_l1_neighbor_channel_false_5_true_s_fu_6182/mul_8s_6ns_14_4_0_U6109,3,22,0,"",""
l1_neighbor_channel,grp_l1_neighbor_channel_false_5_true_s_fu_6182/mul_8s_6ns_14_4_0_U6119,0,26,0,"",""
l1_neighbor_channel,grp_l1_neighbor_channel_false_5_true_s_fu_6182/mul_8s_6ns_14_4_0_U6123,0,20,0,"",""
l1_neighbor_channel,grp_l1_neighbor_channel_false_5_true_s_fu_6182/mul_8s_6ns_14_4_0_U6124,3,22,0,"",""
l1_neighbor_channel,grp_l1_neighbor_channel_false_5_true_s_fu_6182/mul_8s_6ns_14_4_0_U6134,0,26,0,"",""
l1_neighbor_channel,grp_l1_neighbor_channel_false_5_true_s_fu_6182/mul_8s_6ns_14_4_0_U6138,0,20,0,"",""
l1_neighbor_channel,grp_l1_neighbor_channel_false_5_true_s_fu_6182/mul_8s_6ns_14_4_0_U6139,3,22,0,"",""
l1_neighbor_channel,grp_l1_neighbor_channel_false_5_true_s_fu_6182/mul_8s_6ns_14_4_0_U6149,0,26,0,"",""
l1_neighbor_channel,grp_l1_neighbor_channel_false_5_true_s_fu_6182/mul_8s_6ns_14_4_0_U6153,0,20,0,"",""
l1_neighbor_channel,grp_l1_neighbor_channel_false_5_true_s_fu_6182/mul_8s_6ns_14_4_0_U6154,3,22,0,"",""
l1_neighbor_channel,grp_l1_neighbor_channel_false_5_true_s_fu_6182/mul_8s_6ns_14_4_0_U6164,0,26,0,"",""
l1_neighbor_channel,grp_l1_neighbor_channel_false_5_true_s_fu_6182/mul_8s_6ns_14_4_0_U6168,0,20,0,"",""
l1_neighbor_channel,grp_l1_neighbor_channel_false_5_true_s_fu_6182/mul_8s_6ns_14_4_0_U6169,3,22,0,"",""
l1_neighbor_channel,grp_l1_neighbor_channel_false_5_true_s_fu_6182/mul_8s_7ns_15_4_0_U6057,0,27,0,"",""
l1_neighbor_channel,grp_l1_neighbor_channel_false_5_true_s_fu_6182/mul_8s_7ns_15_4_0_U6065,0,22,0,"",""
l1_neighbor_channel,grp_l1_neighbor_channel_false_5_true_s_fu_6182/mul_8s_7ns_15_4_0_U6067,0,28,0,"",""
l1_neighbor_channel,grp_l1_neighbor_channel_false_5_true_s_fu_6182/mul_8s_7ns_15_4_0_U6072,0,27,0,"",""
l1_neighbor_channel,grp_l1_neighbor_channel_false_5_true_s_fu_6182/mul_8s_7ns_15_4_0_U6080,0,22,0,"",""
l1_neighbor_channel,grp_l1_neighbor_channel_false_5_true_s_fu_6182/mul_8s_7ns_15_4_0_U6082,0,28,0,"",""
l1_neighbor_channel,grp_l1_neighbor_channel_false_5_true_s_fu_6182/mul_8s_7ns_15_4_0_U6087,0,27,0,"",""
l1_neighbor_channel,grp_l1_neighbor_channel_false_5_true_s_fu_6182/mul_8s_7ns_15_4_0_U6095,0,22,0,"",""
l1_neighbor_channel,grp_l1_neighbor_channel_false_5_true_s_fu_6182/mul_8s_7ns_15_4_0_U6097,0,28,0,"",""
l1_neighbor_channel,grp_l1_neighbor_channel_false_5_true_s_fu_6182/mul_8s_7ns_15_4_0_U6102,0,27,0,"",""
l1_neighbor_channel,grp_l1_neighbor_channel_false_5_true_s_fu_6182/mul_8s_7ns_15_4_0_U6110,0,22,0,"",""
l1_neighbor_channel,grp_l1_neighbor_channel_false_5_true_s_fu_6182/mul_8s_7ns_15_4_0_U6112,0,28,0,"",""
l1_neighbor_channel,grp_l1_neighbor_channel_false_5_true_s_fu_6182/mul_8s_7ns_15_4_0_U6117,0,27,0,"",""
l1_neighbor_channel,grp_l1_neighbor_channel_false_5_true_s_fu_6182/mul_8s_7ns_15_4_0_U6125,0,22,0,"",""
l1_neighbor_channel,grp_l1_neighbor_channel_false_5_true_s_fu_6182/mul_8s_7ns_15_4_0_U6127,0,27,0,"",""
l1_neighbor_channel,grp_l1_neighbor_channel_false_5_true_s_fu_6182/mul_8s_7ns_15_4_0_U6132,0,27,0,"",""
l1_neighbor_channel,grp_l1_neighbor_channel_false_5_true_s_fu_6182/mul_8s_7ns_15_4_0_U6140,0,22,0,"",""
l1_neighbor_channel,grp_l1_neighbor_channel_false_5_true_s_fu_6182/mul_8s_7ns_15_4_0_U6142,0,28,0,"",""
l1_neighbor_channel,grp_l1_neighbor_channel_false_5_true_s_fu_6182/mul_8s_7ns_15_4_0_U6147,0,27,0,"",""
l1_neighbor_channel,grp_l1_neighbor_channel_false_5_true_s_fu_6182/mul_8s_7ns_15_4_0_U6155,0,22,0,"",""
l1_neighbor_channel,grp_l1_neighbor_channel_false_5_true_s_fu_6182/mul_8s_7ns_15_4_0_U6157,0,28,0,"",""
l1_neighbor_channel,grp_l1_neighbor_channel_false_5_true_s_fu_6182/mul_8s_7ns_15_4_0_U6162,0,27,0,"",""
l1_neighbor_channel,grp_l1_neighbor_channel_false_5_true_s_fu_6182/mul_8s_7ns_15_4_0_U6170,0,22,0,"",""
l1_neighbor_channel,grp_l1_neighbor_channel_false_5_true_s_fu_6182/mul_8s_7ns_15_4_0_U6172,0,28,0,"",""
l1_neighbor_channel,grp_l1_neighbor_channel_false_5_true_s_fu_6182/mul_8s_7s_15_4_0_U6054,0,24,0,"",""
l1_neighbor_channel,grp_l1_neighbor_channel_false_5_true_s_fu_6182/mul_8s_7s_15_4_0_U6061,0,29,0,"",""
l1_neighbor_channel,grp_l1_neighbor_channel_false_5_true_s_fu_6182/mul_8s_7s_15_4_0_U6062,0,26,0,"",""
l1_neighbor_channel,grp_l1_neighbor_channel_false_5_true_s_fu_6182/mul_8s_7s_15_4_0_U6066,0,28,0,"",""
l1_neighbor_channel,grp_l1_neighbor_channel_false_5_true_s_fu_6182/mul_8s_7s_15_4_0_U6069,0,24,0,"",""
l1_neighbor_channel,grp_l1_neighbor_channel_false_5_true_s_fu_6182/mul_8s_7s_15_4_0_U6076,0,29,0,"",""
l1_neighbor_channel,grp_l1_neighbor_channel_false_5_true_s_fu_6182/mul_8s_7s_15_4_0_U6077,0,26,0,"",""
l1_neighbor_channel,grp_l1_neighbor_channel_false_5_true_s_fu_6182/mul_8s_7s_15_4_0_U6081,0,28,0,"",""
l1_neighbor_channel,grp_l1_neighbor_channel_false_5_true_s_fu_6182/mul_8s_7s_15_4_0_U6084,0,24,0,"",""
l1_neighbor_channel,grp_l1_neighbor_channel_false_5_true_s_fu_6182/mul_8s_7s_15_4_0_U6091,0,29,0,"",""
l1_neighbor_channel,grp_l1_neighbor_channel_false_5_true_s_fu_6182/mul_8s_7s_15_4_0_U6092,0,26,0,"",""
l1_neighbor_channel,grp_l1_neighbor_channel_false_5_true_s_fu_6182/mul_8s_7s_15_4_0_U6096,0,28,0,"",""
l1_neighbor_channel,grp_l1_neighbor_channel_false_5_true_s_fu_6182/mul_8s_7s_15_4_0_U6099,0,24,0,"",""
l1_neighbor_channel,grp_l1_neighbor_channel_false_5_true_s_fu_6182/mul_8s_7s_15_4_0_U6106,0,29,0,"",""
l1_neighbor_channel,grp_l1_neighbor_channel_false_5_true_s_fu_6182/mul_8s_7s_15_4_0_U6107,0,26,0,"",""
l1_neighbor_channel,grp_l1_neighbor_channel_false_5_true_s_fu_6182/mul_8s_7s_15_4_0_U6111,0,28,0,"",""
l1_neighbor_channel,grp_l1_neighbor_channel_false_5_true_s_fu_6182/mul_8s_7s_15_4_0_U6114,0,24,0,"",""
l1_neighbor_channel,grp_l1_neighbor_channel_false_5_true_s_fu_6182/mul_8s_7s_15_4_0_U6121,0,28,0,"",""
l1_neighbor_channel,grp_l1_neighbor_channel_false_5_true_s_fu_6182/mul_8s_7s_15_4_0_U6122,0,24,0,"",""
l1_neighbor_channel,grp_l1_neighbor_channel_false_5_true_s_fu_6182/mul_8s_7s_15_4_0_U6126,0,27,0,"",""
l1_neighbor_channel,grp_l1_neighbor_channel_false_5_true_s_fu_6182/mul_8s_7s_15_4_0_U6129,0,24,0,"",""
l1_neighbor_channel,grp_l1_neighbor_channel_false_5_true_s_fu_6182/mul_8s_7s_15_4_0_U6136,0,29,0,"",""
l1_neighbor_channel,grp_l1_neighbor_channel_false_5_true_s_fu_6182/mul_8s_7s_15_4_0_U6137,0,26,0,"",""
l1_neighbor_channel,grp_l1_neighbor_channel_false_5_true_s_fu_6182/mul_8s_7s_15_4_0_U6141,0,28,0,"",""
l1_neighbor_channel,grp_l1_neighbor_channel_false_5_true_s_fu_6182/mul_8s_7s_15_4_0_U6144,0,24,0,"",""
l1_neighbor_channel,grp_l1_neighbor_channel_false_5_true_s_fu_6182/mul_8s_7s_15_4_0_U6151,0,29,0,"",""
l1_neighbor_channel,grp_l1_neighbor_channel_false_5_true_s_fu_6182/mul_8s_7s_15_4_0_U6152,0,26,0,"",""
l1_neighbor_channel,grp_l1_neighbor_channel_false_5_true_s_fu_6182/mul_8s_7s_15_4_0_U6156,0,28,0,"",""
l1_neighbor_channel,grp_l1_neighbor_channel_false_5_true_s_fu_6182/mul_8s_7s_15_4_0_U6159,0,24,0,"",""
l1_neighbor_channel,grp_l1_neighbor_channel_false_5_true_s_fu_6182/mul_8s_7s_15_4_0_U6166,0,29,0,"",""
l1_neighbor_channel,grp_l1_neighbor_channel_false_5_true_s_fu_6182/mul_8s_7s_15_4_0_U6167,0,26,0,"",""
l1_neighbor_channel,grp_l1_neighbor_channel_false_5_true_s_fu_6182/mul_8s_7s_15_4_0_U6171,0,28,0,"",""
l1_neighbor_channel,grp_l1_neighbor_channel_false_5_true_s_fu_6182/mul_8s_8ns_16_4_0_U6058,4,22,0,"",""
l1_neighbor_channel,grp_l1_neighbor_channel_false_5_true_s_fu_6182/mul_8s_8ns_16_4_0_U6068,14,16,0,"",""
l1_neighbor_channel,grp_l1_neighbor_channel_false_5_true_s_fu_6182/mul_8s_8ns_16_4_0_U6073,4,22,0,"",""
l1_neighbor_channel,grp_l1_neighbor_channel_false_5_true_s_fu_6182/mul_8s_8ns_16_4_0_U6083,14,16,0,"",""
l1_neighbor_channel,grp_l1_neighbor_channel_false_5_true_s_fu_6182/mul_8s_8ns_16_4_0_U6088,4,22,0,"",""
l1_neighbor_channel,grp_l1_neighbor_channel_false_5_true_s_fu_6182/mul_8s_8ns_16_4_0_U6098,14,16,0,"",""
l1_neighbor_channel,grp_l1_neighbor_channel_false_5_true_s_fu_6182/mul_8s_8ns_16_4_0_U6103,4,22,0,"",""
l1_neighbor_channel,grp_l1_neighbor_channel_false_5_true_s_fu_6182/mul_8s_8ns_16_4_0_U6113,14,16,0,"",""
l1_neighbor_channel,grp_l1_neighbor_channel_false_5_true_s_fu_6182/mul_8s_8ns_16_4_0_U6118,4,22,0,"",""
l1_neighbor_channel,grp_l1_neighbor_channel_false_5_true_s_fu_6182/mul_8s_8ns_16_4_0_U6128,14,16,0,"",""
l1_neighbor_channel,grp_l1_neighbor_channel_false_5_true_s_fu_6182/mul_8s_8ns_16_4_0_U6133,4,22,0,"",""
l1_neighbor_channel,grp_l1_neighbor_channel_false_5_true_s_fu_6182/mul_8s_8ns_16_4_0_U6143,14,17,0,"",""
l1_neighbor_channel,grp_l1_neighbor_channel_false_5_true_s_fu_6182/mul_8s_8ns_16_4_0_U6148,4,22,0,"",""
l1_neighbor_channel,grp_l1_neighbor_channel_false_5_true_s_fu_6182/mul_8s_8ns_16_4_0_U6158,14,16,0,"",""
l1_neighbor_channel,grp_l1_neighbor_channel_false_5_true_s_fu_6182/mul_8s_8ns_16_4_0_U6163,4,22,0,"",""
l1_neighbor_channel,grp_l1_neighbor_channel_false_5_true_s_fu_6182/mul_8s_8ns_16_4_0_U6173,14,16,0,"",""
l1_neighbor_channel,grp_l1_neighbor_channel_false_5_true_s_fu_6182/mul_8s_8s_16_4_0_U6055,1,25,0,"",""
l1_neighbor_channel,grp_l1_neighbor_channel_false_5_true_s_fu_6182/mul_8s_8s_16_4_0_U6056,1,24,0,"",""
l1_neighbor_channel,grp_l1_neighbor_channel_false_5_true_s_fu_6182/mul_8s_8s_16_4_0_U6060,2,28,0,"",""
l1_neighbor_channel,grp_l1_neighbor_channel_false_5_true_s_fu_6182/mul_8s_8s_16_4_0_U6070,1,25,0,"",""
l1_neighbor_channel,grp_l1_neighbor_channel_false_5_true_s_fu_6182/mul_8s_8s_16_4_0_U6071,1,24,0,"",""
l1_neighbor_channel,grp_l1_neighbor_channel_false_5_true_s_fu_6182/mul_8s_8s_16_4_0_U6075,2,28,0,"",""
l1_neighbor_channel,grp_l1_neighbor_channel_false_5_true_s_fu_6182/mul_8s_8s_16_4_0_U6085,1,25,0,"",""
l1_neighbor_channel,grp_l1_neighbor_channel_false_5_true_s_fu_6182/mul_8s_8s_16_4_0_U6086,1,24,0,"",""
l1_neighbor_channel,grp_l1_neighbor_channel_false_5_true_s_fu_6182/mul_8s_8s_16_4_0_U6090,2,28,0,"",""
l1_neighbor_channel,grp_l1_neighbor_channel_false_5_true_s_fu_6182/mul_8s_8s_16_4_0_U6100,1,25,0,"",""
l1_neighbor_channel,grp_l1_neighbor_channel_false_5_true_s_fu_6182/mul_8s_8s_16_4_0_U6101,1,24,0,"",""
l1_neighbor_channel,grp_l1_neighbor_channel_false_5_true_s_fu_6182/mul_8s_8s_16_4_0_U6105,2,28,0,"",""
l1_neighbor_channel,grp_l1_neighbor_channel_false_5_true_s_fu_6182/mul_8s_8s_16_4_0_U6115,1,24,0,"",""
l1_neighbor_channel,grp_l1_neighbor_channel_false_5_true_s_fu_6182/mul_8s_8s_16_4_0_U6116,1,22,0,"",""
l1_neighbor_channel,grp_l1_neighbor_channel_false_5_true_s_fu_6182/mul_8s_8s_16_4_0_U6120,2,28,0,"",""
l1_neighbor_channel,grp_l1_neighbor_channel_false_5_true_s_fu_6182/mul_8s_8s_16_4_0_U6130,1,25,0,"",""
l1_neighbor_channel,grp_l1_neighbor_channel_false_5_true_s_fu_6182/mul_8s_8s_16_4_0_U6131,1,24,0,"",""
l1_neighbor_channel,grp_l1_neighbor_channel_false_5_true_s_fu_6182/mul_8s_8s_16_4_0_U6135,2,28,0,"",""
l1_neighbor_channel,grp_l1_neighbor_channel_false_5_true_s_fu_6182/mul_8s_8s_16_4_0_U6145,1,25,0,"",""
l1_neighbor_channel,grp_l1_neighbor_channel_false_5_true_s_fu_6182/mul_8s_8s_16_4_0_U6146,1,24,0,"",""
l1_neighbor_channel,grp_l1_neighbor_channel_false_5_true_s_fu_6182/mul_8s_8s_16_4_0_U6150,2,28,0,"",""
l1_neighbor_channel,grp_l1_neighbor_channel_false_5_true_s_fu_6182/mul_8s_8s_16_4_0_U6160,1,25,0,"",""
l1_neighbor_channel,grp_l1_neighbor_channel_false_5_true_s_fu_6182/mul_8s_8s_16_4_0_U6161,1,24,0,"",""
l1_neighbor_channel,grp_l1_neighbor_channel_false_5_true_s_fu_6182/mul_8s_8s_16_4_0_U6165,2,28,0,"",""
l1_neighbor_channel,grp_l1_neighbor_channel_false_5_true_s_fu_6182/add_18s_18s_18_2_0_U6174/u1,9,0,0,"",""
l1_neighbor_channel,grp_l1_neighbor_channel_false_5_true_s_fu_6182/add_18s_18s_18_2_0_U6174/u2,9,0,0,"",""
l1_neighbor_channel,grp_l1_neighbor_channel_false_5_true_s_fu_6182/add_18s_18s_18_2_0_U6175/u1,9,0,0,"",""
l1_neighbor_channel,grp_l1_neighbor_channel_false_5_true_s_fu_6182/add_18s_18s_18_2_0_U6175/u2,9,0,0,"",""
l1_neighbor_channel,grp_l1_neighbor_channel_false_5_true_s_fu_6182/add_18s_18s_18_2_0_U6176/u1,9,0,0,"",""
l1_neighbor_channel,grp_l1_neighbor_channel_false_5_true_s_fu_6182/add_18s_18s_18_2_0_U6176/u2,9,0,0,"",""
l1_neighbor_channel,grp_l1_neighbor_channel_false_5_true_s_fu_6182/add_18s_18s_18_2_0_U6177/u1,9,0,0,"",""
l1_neighbor_channel,grp_l1_neighbor_channel_false_5_true_s_fu_6182/add_18s_18s_18_2_0_U6177/u2,9,0,0,"",""
l1_neighbor_channel,grp_l1_neighbor_channel_false_5_true_s_fu_6182/add_18s_18s_18_2_0_U6178/u1,9,0,0,"",""
l1_neighbor_channel,grp_l1_neighbor_channel_false_5_true_s_fu_6182/add_18s_18s_18_2_0_U6178/u2,9,0,0,"",""
l1_neighbor_channel,grp_l1_neighbor_channel_false_5_true_s_fu_6182/add_18s_18s_18_2_0_U6179/u1,9,0,0,"",""
l1_neighbor_channel,grp_l1_neighbor_channel_false_5_true_s_fu_6182/add_18s_18s_18_2_0_U6179/u2,9,0,0,"",""
l1_neighbor_channel,grp_l1_neighbor_channel_false_5_true_s_fu_6182/add_18s_18s_18_2_0_U6180/u1,9,0,0,"",""
l1_neighbor_channel,grp_l1_neighbor_channel_false_5_true_s_fu_6182/add_18s_18s_18_2_0_U6180/u2,9,0,0,"",""
l1_neighbor_channel,grp_l1_neighbor_channel_false_5_true_s_fu_6182/add_18s_18s_18_2_0_U6181/u1,9,0,0,"",""
l1_neighbor_channel,grp_l1_neighbor_channel_false_5_true_s_fu_6182/add_18s_18s_18_2_0_U6181/u2,9,0,0,"",""
l1_neighbor_channel,grp_l1_neighbor_channel_false_6_true_s_fu_6306/add_18s_18s_18_2_0_U6422,18,18,0,"",""
l1_neighbor_channel,grp_l1_neighbor_channel_false_6_true_s_fu_6306/add_18s_18s_18_2_0_U6423,18,18,0,"",""
l1_neighbor_channel,grp_l1_neighbor_channel_false_6_true_s_fu_6306/add_18s_18s_18_2_0_U6424,18,18,0,"",""
l1_neighbor_channel,grp_l1_neighbor_channel_false_6_true_s_fu_6306/add_18s_18s_18_2_0_U6425,18,18,0,"",""
l1_neighbor_channel,grp_l1_neighbor_channel_false_6_true_s_fu_6306/add_18s_18s_18_2_0_U6426,18,18,0,"",""
l1_neighbor_channel,grp_l1_neighbor_channel_false_6_true_s_fu_6306/add_18s_18s_18_2_0_U6427,18,18,0,"",""
l1_neighbor_channel,grp_l1_neighbor_channel_false_6_true_s_fu_6306/add_18s_18s_18_2_0_U6428,18,18,0,"",""
l1_neighbor_channel,grp_l1_neighbor_channel_false_6_true_s_fu_6306/add_18s_18s_18_2_0_U6429,18,18,0,"",""
l1_neighbor_channel,grp_l1_neighbor_channel_false_6_true_s_fu_6306/mul_8s_4ns_12_4_0_U6312,0,20,0,"",""
l1_neighbor_channel,grp_l1_neighbor_channel_false_6_true_s_fu_6306/mul_8s_4ns_12_4_0_U6316,0,18,0,"",""
l1_neighbor_channel,grp_l1_neighbor_channel_false_6_true_s_fu_6306/mul_8s_4ns_12_4_0_U6327,0,20,0,"",""
l1_neighbor_channel,grp_l1_neighbor_channel_false_6_true_s_fu_6306/mul_8s_4ns_12_4_0_U6331,0,18,0,"",""
l1_neighbor_channel,grp_l1_neighbor_channel_false_6_true_s_fu_6306/mul_8s_4ns_12_4_0_U6342,0,20,0,"",""
l1_neighbor_channel,grp_l1_neighbor_channel_false_6_true_s_fu_6306/mul_8s_4ns_12_4_0_U6346,0,18,0,"",""
l1_neighbor_channel,grp_l1_neighbor_channel_false_6_true_s_fu_6306/mul_8s_4ns_12_4_0_U6357,0,20,0,"",""
l1_neighbor_channel,grp_l1_neighbor_channel_false_6_true_s_fu_6306/mul_8s_4ns_12_4_0_U6361,0,18,0,"",""
l1_neighbor_channel,grp_l1_neighbor_channel_false_6_true_s_fu_6306/mul_8s_4ns_12_4_0_U6372,0,20,0,"",""
l1_neighbor_channel,grp_l1_neighbor_channel_false_6_true_s_fu_6306/mul_8s_4ns_12_4_0_U6376,0,18,0,"",""
l1_neighbor_channel,grp_l1_neighbor_channel_false_6_true_s_fu_6306/mul_8s_4ns_12_4_0_U6387,0,20,0,"",""
l1_neighbor_channel,grp_l1_neighbor_channel_false_6_true_s_fu_6306/mul_8s_4ns_12_4_0_U6391,0,18,0,"",""
l1_neighbor_channel,grp_l1_neighbor_channel_false_6_true_s_fu_6306/mul_8s_4ns_12_4_0_U6402,0,20,0,"",""
l1_neighbor_channel,grp_l1_neighbor_channel_false_6_true_s_fu_6306/mul_8s_4ns_12_4_0_U6406,0,18,0,"",""
l1_neighbor_channel,grp_l1_neighbor_channel_false_6_true_s_fu_6306/mul_8s_4ns_12_4_0_U6417,0,20,0,"",""
l1_neighbor_channel,grp_l1_neighbor_channel_false_6_true_s_fu_6306/mul_8s_4ns_12_4_0_U6421,0,18,0,"",""
l1_neighbor_channel,grp_l1_neighbor_channel_false_6_true_s_fu_6306/mul_8s_6ns_14_4_0_U6308,3,20,0,"",""
l1_neighbor_channel,grp_l1_neighbor_channel_false_6_true_s_fu_6306/mul_8s_6ns_14_4_0_U6323,3,20,0,"",""
l1_neighbor_channel,grp_l1_neighbor_channel_false_6_true_s_fu_6306/mul_8s_6ns_14_4_0_U6338,3,20,0,"",""
l1_neighbor_channel,grp_l1_neighbor_channel_false_6_true_s_fu_6306/mul_8s_6ns_14_4_0_U6353,3,20,0,"",""
l1_neighbor_channel,grp_l1_neighbor_channel_false_6_true_s_fu_6306/mul_8s_6ns_14_4_0_U6368,3,20,0,"",""
l1_neighbor_channel,grp_l1_neighbor_channel_false_6_true_s_fu_6306/mul_8s_6ns_14_4_0_U6383,3,20,0,"",""
l1_neighbor_channel,grp_l1_neighbor_channel_false_6_true_s_fu_6306/mul_8s_6ns_14_4_0_U6398,3,20,0,"",""
l1_neighbor_channel,grp_l1_neighbor_channel_false_6_true_s_fu_6306/mul_8s_6ns_14_4_0_U6413,3,20,0,"",""
l1_neighbor_channel,grp_l1_neighbor_channel_false_6_true_s_fu_6306/mul_8s_7ns_15_4_0_U6303,0,18,0,"",""
l1_neighbor_channel,grp_l1_neighbor_channel_false_6_true_s_fu_6306/mul_8s_7ns_15_4_0_U6304,0,26,0,"",""
l1_neighbor_channel,grp_l1_neighbor_channel_false_6_true_s_fu_6306/mul_8s_7ns_15_4_0_U6310,2,24,0,"",""
l1_neighbor_channel,grp_l1_neighbor_channel_false_6_true_s_fu_6306/mul_8s_7ns_15_4_0_U6313,0,30,0,"",""
l1_neighbor_channel,grp_l1_neighbor_channel_false_6_true_s_fu_6306/mul_8s_7ns_15_4_0_U6314,0,30,0,"",""
l1_neighbor_channel,grp_l1_neighbor_channel_false_6_true_s_fu_6306/mul_8s_7ns_15_4_0_U6318,0,18,0,"",""
l1_neighbor_channel,grp_l1_neighbor_channel_false_6_true_s_fu_6306/mul_8s_7ns_15_4_0_U6319,0,26,0,"",""
l1_neighbor_channel,grp_l1_neighbor_channel_false_6_true_s_fu_6306/mul_8s_7ns_15_4_0_U6325,2,24,0,"",""
l1_neighbor_channel,grp_l1_neighbor_channel_false_6_true_s_fu_6306/mul_8s_7ns_15_4_0_U6328,0,30,0,"",""
l1_neighbor_channel,grp_l1_neighbor_channel_false_6_true_s_fu_6306/mul_8s_7ns_15_4_0_U6329,0,30,0,"",""
l1_neighbor_channel,grp_l1_neighbor_channel_false_6_true_s_fu_6306/mul_8s_7ns_15_4_0_U6333,0,18,0,"",""
l1_neighbor_channel,grp_l1_neighbor_channel_false_6_true_s_fu_6306/mul_8s_7ns_15_4_0_U6334,0,26,0,"",""
l1_neighbor_channel,grp_l1_neighbor_channel_false_6_true_s_fu_6306/mul_8s_7ns_15_4_0_U6340,2,24,0,"",""
l1_neighbor_channel,grp_l1_neighbor_channel_false_6_true_s_fu_6306/mul_8s_7ns_15_4_0_U6343,0,30,0,"",""
l1_neighbor_channel,grp_l1_neighbor_channel_false_6_true_s_fu_6306/mul_8s_7ns_15_4_0_U6344,0,30,0,"",""
l1_neighbor_channel,grp_l1_neighbor_channel_false_6_true_s_fu_6306/mul_8s_7ns_15_4_0_U6348,0,18,0,"",""
l1_neighbor_channel,grp_l1_neighbor_channel_false_6_true_s_fu_6306/mul_8s_7ns_15_4_0_U6349,0,26,0,"",""
l1_neighbor_channel,grp_l1_neighbor_channel_false_6_true_s_fu_6306/mul_8s_7ns_15_4_0_U6355,2,24,0,"",""
l1_neighbor_channel,grp_l1_neighbor_channel_false_6_true_s_fu_6306/mul_8s_7ns_15_4_0_U6358,0,30,0,"",""
l1_neighbor_channel,grp_l1_neighbor_channel_false_6_true_s_fu_6306/mul_8s_7ns_15_4_0_U6359,0,30,0,"",""
l1_neighbor_channel,grp_l1_neighbor_channel_false_6_true_s_fu_6306/mul_8s_7ns_15_4_0_U6363,0,18,0,"",""
l1_neighbor_channel,grp_l1_neighbor_channel_false_6_true_s_fu_6306/mul_8s_7ns_15_4_0_U6364,0,26,0,"",""
l1_neighbor_channel,grp_l1_neighbor_channel_false_6_true_s_fu_6306/mul_8s_7ns_15_4_0_U6370,2,24,0,"",""
l1_neighbor_channel,grp_l1_neighbor_channel_false_6_true_s_fu_6306/mul_8s_7ns_15_4_0_U6373,0,30,0,"",""
l1_neighbor_channel,grp_l1_neighbor_channel_false_6_true_s_fu_6306/mul_8s_7ns_15_4_0_U6374,0,30,0,"",""
l1_neighbor_channel,grp_l1_neighbor_channel_false_6_true_s_fu_6306/mul_8s_7ns_15_4_0_U6378,0,18,0,"",""
l1_neighbor_channel,grp_l1_neighbor_channel_false_6_true_s_fu_6306/mul_8s_7ns_15_4_0_U6379,0,26,0,"",""
l1_neighbor_channel,grp_l1_neighbor_channel_false_6_true_s_fu_6306/mul_8s_7ns_15_4_0_U6385,2,24,0,"",""
l1_neighbor_channel,grp_l1_neighbor_channel_false_6_true_s_fu_6306/mul_8s_7ns_15_4_0_U6388,0,30,0,"",""
l1_neighbor_channel,grp_l1_neighbor_channel_false_6_true_s_fu_6306/mul_8s_7ns_15_4_0_U6389,0,30,0,"",""
l1_neighbor_channel,grp_l1_neighbor_channel_false_6_true_s_fu_6306/mul_8s_7ns_15_4_0_U6393,0,18,0,"",""
l1_neighbor_channel,grp_l1_neighbor_channel_false_6_true_s_fu_6306/mul_8s_7ns_15_4_0_U6394,0,26,0,"",""
l1_neighbor_channel,grp_l1_neighbor_channel_false_6_true_s_fu_6306/mul_8s_7ns_15_4_0_U6400,2,24,0,"",""
l1_neighbor_channel,grp_l1_neighbor_channel_false_6_true_s_fu_6306/mul_8s_7ns_15_4_0_U6403,0,30,0,"",""
l1_neighbor_channel,grp_l1_neighbor_channel_false_6_true_s_fu_6306/mul_8s_7ns_15_4_0_U6404,0,30,0,"",""
l1_neighbor_channel,grp_l1_neighbor_channel_false_6_true_s_fu_6306/mul_8s_7ns_15_4_0_U6408,0,18,0,"",""
l1_neighbor_channel,grp_l1_neighbor_channel_false_6_true_s_fu_6306/mul_8s_7ns_15_4_0_U6409,0,26,0,"",""
l1_neighbor_channel,grp_l1_neighbor_channel_false_6_true_s_fu_6306/mul_8s_7ns_15_4_0_U6415,2,24,0,"",""
l1_neighbor_channel,grp_l1_neighbor_channel_false_6_true_s_fu_6306/mul_8s_7ns_15_4_0_U6418,0,30,0,"",""
l1_neighbor_channel,grp_l1_neighbor_channel_false_6_true_s_fu_6306/mul_8s_7ns_15_4_0_U6419,0,30,0,"",""
l1_neighbor_channel,grp_l1_neighbor_channel_false_6_true_s_fu_6306/mul_8s_7s_15_4_0_U6306,0,22,0,"",""
l1_neighbor_channel,grp_l1_neighbor_channel_false_6_true_s_fu_6306/mul_8s_7s_15_4_0_U6307,0,16,0,"",""
l1_neighbor_channel,grp_l1_neighbor_channel_false_6_true_s_fu_6306/mul_8s_7s_15_4_0_U6309,0,27,0,"",""
l1_neighbor_channel,grp_l1_neighbor_channel_false_6_true_s_fu_6306/mul_8s_7s_15_4_0_U6311,0,29,0,"",""
l1_neighbor_channel,grp_l1_neighbor_channel_false_6_true_s_fu_6306/mul_8s_7s_15_4_0_U6315,0,16,0,"",""
l1_neighbor_channel,grp_l1_neighbor_channel_false_6_true_s_fu_6306/mul_8s_7s_15_4_0_U6321,0,22,0,"",""
l1_neighbor_channel,grp_l1_neighbor_channel_false_6_true_s_fu_6306/mul_8s_7s_15_4_0_U6322,0,16,0,"",""
l1_neighbor_channel,grp_l1_neighbor_channel_false_6_true_s_fu_6306/mul_8s_7s_15_4_0_U6324,0,27,0,"",""
l1_neighbor_channel,grp_l1_neighbor_channel_false_6_true_s_fu_6306/mul_8s_7s_15_4_0_U6326,0,29,0,"",""
l1_neighbor_channel,grp_l1_neighbor_channel_false_6_true_s_fu_6306/mul_8s_7s_15_4_0_U6330,0,16,0,"",""
l1_neighbor_channel,grp_l1_neighbor_channel_false_6_true_s_fu_6306/mul_8s_7s_15_4_0_U6336,0,22,0,"",""
l1_neighbor_channel,grp_l1_neighbor_channel_false_6_true_s_fu_6306/mul_8s_7s_15_4_0_U6337,0,16,0,"",""
l1_neighbor_channel,grp_l1_neighbor_channel_false_6_true_s_fu_6306/mul_8s_7s_15_4_0_U6339,0,27,0,"",""
l1_neighbor_channel,grp_l1_neighbor_channel_false_6_true_s_fu_6306/mul_8s_7s_15_4_0_U6341,0,29,0,"",""
l1_neighbor_channel,grp_l1_neighbor_channel_false_6_true_s_fu_6306/mul_8s_7s_15_4_0_U6345,0,16,0,"",""
l1_neighbor_channel,grp_l1_neighbor_channel_false_6_true_s_fu_6306/mul_8s_7s_15_4_0_U6351,0,22,0,"",""
l1_neighbor_channel,grp_l1_neighbor_channel_false_6_true_s_fu_6306/mul_8s_7s_15_4_0_U6352,0,16,0,"",""
l1_neighbor_channel,grp_l1_neighbor_channel_false_6_true_s_fu_6306/mul_8s_7s_15_4_0_U6354,0,27,0,"",""
l1_neighbor_channel,grp_l1_neighbor_channel_false_6_true_s_fu_6306/mul_8s_7s_15_4_0_U6356,0,29,0,"",""
l1_neighbor_channel,grp_l1_neighbor_channel_false_6_true_s_fu_6306/mul_8s_7s_15_4_0_U6360,0,16,0,"",""
l1_neighbor_channel,grp_l1_neighbor_channel_false_6_true_s_fu_6306/mul_8s_7s_15_4_0_U6366,0,22,0,"",""
l1_neighbor_channel,grp_l1_neighbor_channel_false_6_true_s_fu_6306/mul_8s_7s_15_4_0_U6367,0,16,0,"",""
l1_neighbor_channel,grp_l1_neighbor_channel_false_6_true_s_fu_6306/mul_8s_7s_15_4_0_U6369,0,27,0,"",""
l1_neighbor_channel,grp_l1_neighbor_channel_false_6_true_s_fu_6306/mul_8s_7s_15_4_0_U6371,0,29,0,"",""
l1_neighbor_channel,grp_l1_neighbor_channel_false_6_true_s_fu_6306/mul_8s_7s_15_4_0_U6375,0,16,0,"",""
l1_neighbor_channel,grp_l1_neighbor_channel_false_6_true_s_fu_6306/mul_8s_7s_15_4_0_U6381,0,22,0,"",""
l1_neighbor_channel,grp_l1_neighbor_channel_false_6_true_s_fu_6306/mul_8s_7s_15_4_0_U6382,0,16,0,"",""
l1_neighbor_channel,grp_l1_neighbor_channel_false_6_true_s_fu_6306/mul_8s_7s_15_4_0_U6384,0,27,0,"",""
l1_neighbor_channel,grp_l1_neighbor_channel_false_6_true_s_fu_6306/mul_8s_7s_15_4_0_U6386,0,29,0,"",""
l1_neighbor_channel,grp_l1_neighbor_channel_false_6_true_s_fu_6306/mul_8s_7s_15_4_0_U6390,0,16,0,"",""
l1_neighbor_channel,grp_l1_neighbor_channel_false_6_true_s_fu_6306/mul_8s_7s_15_4_0_U6396,0,22,0,"",""
l1_neighbor_channel,grp_l1_neighbor_channel_false_6_true_s_fu_6306/mul_8s_7s_15_4_0_U6397,0,16,0,"",""
l1_neighbor_channel,grp_l1_neighbor_channel_false_6_true_s_fu_6306/mul_8s_7s_15_4_0_U6399,0,27,0,"",""
l1_neighbor_channel,grp_l1_neighbor_channel_false_6_true_s_fu_6306/mul_8s_7s_15_4_0_U6401,0,29,0,"",""
l1_neighbor_channel,grp_l1_neighbor_channel_false_6_true_s_fu_6306/mul_8s_7s_15_4_0_U6405,0,16,0,"",""
l1_neighbor_channel,grp_l1_neighbor_channel_false_6_true_s_fu_6306/mul_8s_7s_15_4_0_U6411,0,22,0,"",""
l1_neighbor_channel,grp_l1_neighbor_channel_false_6_true_s_fu_6306/mul_8s_7s_15_4_0_U6412,0,16,0,"",""
l1_neighbor_channel,grp_l1_neighbor_channel_false_6_true_s_fu_6306/mul_8s_7s_15_4_0_U6414,0,27,0,"",""
l1_neighbor_channel,grp_l1_neighbor_channel_false_6_true_s_fu_6306/mul_8s_7s_15_4_0_U6416,0,29,0,"",""
l1_neighbor_channel,grp_l1_neighbor_channel_false_6_true_s_fu_6306/mul_8s_7s_15_4_0_U6420,0,16,0,"",""
l1_neighbor_channel,grp_l1_neighbor_channel_false_6_true_s_fu_6306/mul_8s_8ns_16_4_0_U6302,5,24,0,"",""
l1_neighbor_channel,grp_l1_neighbor_channel_false_6_true_s_fu_6306/mul_8s_8ns_16_4_0_U6305,16,25,0,"",""
l1_neighbor_channel,grp_l1_neighbor_channel_false_6_true_s_fu_6306/mul_8s_8ns_16_4_0_U6317,5,24,0,"",""
l1_neighbor_channel,grp_l1_neighbor_channel_false_6_true_s_fu_6306/mul_8s_8ns_16_4_0_U6320,16,25,0,"",""
l1_neighbor_channel,grp_l1_neighbor_channel_false_6_true_s_fu_6306/mul_8s_8ns_16_4_0_U6332,5,24,0,"",""
l1_neighbor_channel,grp_l1_neighbor_channel_false_6_true_s_fu_6306/mul_8s_8ns_16_4_0_U6335,16,25,0,"",""
l1_neighbor_channel,grp_l1_neighbor_channel_false_6_true_s_fu_6306/mul_8s_8ns_16_4_0_U6347,5,24,0,"",""
l1_neighbor_channel,grp_l1_neighbor_channel_false_6_true_s_fu_6306/mul_8s_8ns_16_4_0_U6350,16,25,0,"",""
l1_neighbor_channel,grp_l1_neighbor_channel_false_6_true_s_fu_6306/mul_8s_8ns_16_4_0_U6362,5,24,0,"",""
l1_neighbor_channel,grp_l1_neighbor_channel_false_6_true_s_fu_6306/mul_8s_8ns_16_4_0_U6365,16,25,0,"",""
l1_neighbor_channel,grp_l1_neighbor_channel_false_6_true_s_fu_6306/mul_8s_8ns_16_4_0_U6377,5,24,0,"",""
l1_neighbor_channel,grp_l1_neighbor_channel_false_6_true_s_fu_6306/mul_8s_8ns_16_4_0_U6380,16,25,0,"",""
l1_neighbor_channel,grp_l1_neighbor_channel_false_6_true_s_fu_6306/mul_8s_8ns_16_4_0_U6392,5,24,0,"",""
l1_neighbor_channel,grp_l1_neighbor_channel_false_6_true_s_fu_6306/mul_8s_8ns_16_4_0_U6395,16,25,0,"",""
l1_neighbor_channel,grp_l1_neighbor_channel_false_6_true_s_fu_6306/mul_8s_8ns_16_4_0_U6407,5,24,0,"",""
l1_neighbor_channel,grp_l1_neighbor_channel_false_6_true_s_fu_6306/mul_8s_8ns_16_4_0_U6410,16,25,0,"",""
l1_neighbor_channel,grp_l1_neighbor_channel_false_6_true_s_fu_6306/add_18s_18s_18_2_0_U6422/u1,9,0,0,"",""
l1_neighbor_channel,grp_l1_neighbor_channel_false_6_true_s_fu_6306/add_18s_18s_18_2_0_U6422/u2,9,0,0,"",""
l1_neighbor_channel,grp_l1_neighbor_channel_false_6_true_s_fu_6306/add_18s_18s_18_2_0_U6423/u1,9,0,0,"",""
l1_neighbor_channel,grp_l1_neighbor_channel_false_6_true_s_fu_6306/add_18s_18s_18_2_0_U6423/u2,9,0,0,"",""
l1_neighbor_channel,grp_l1_neighbor_channel_false_6_true_s_fu_6306/add_18s_18s_18_2_0_U6424/u1,9,0,0,"",""
l1_neighbor_channel,grp_l1_neighbor_channel_false_6_true_s_fu_6306/add_18s_18s_18_2_0_U6424/u2,9,0,0,"",""
l1_neighbor_channel,grp_l1_neighbor_channel_false_6_true_s_fu_6306/add_18s_18s_18_2_0_U6425/u1,9,0,0,"",""
l1_neighbor_channel,grp_l1_neighbor_channel_false_6_true_s_fu_6306/add_18s_18s_18_2_0_U6425/u2,9,0,0,"",""
l1_neighbor_channel,grp_l1_neighbor_channel_false_6_true_s_fu_6306/add_18s_18s_18_2_0_U6426/u1,9,0,0,"",""
l1_neighbor_channel,grp_l1_neighbor_channel_false_6_true_s_fu_6306/add_18s_18s_18_2_0_U6426/u2,9,0,0,"",""
l1_neighbor_channel,grp_l1_neighbor_channel_false_6_true_s_fu_6306/add_18s_18s_18_2_0_U6427/u1,9,0,0,"",""
l1_neighbor_channel,grp_l1_neighbor_channel_false_6_true_s_fu_6306/add_18s_18s_18_2_0_U6427/u2,9,0,0,"",""
l1_neighbor_channel,grp_l1_neighbor_channel_false_6_true_s_fu_6306/add_18s_18s_18_2_0_U6428/u1,9,0,0,"",""
l1_neighbor_channel,grp_l1_neighbor_channel_false_6_true_s_fu_6306/add_18s_18s_18_2_0_U6428/u2,9,0,0,"",""
l1_neighbor_channel,grp_l1_neighbor_channel_false_6_true_s_fu_6306/add_18s_18s_18_2_0_U6429/u1,9,0,0,"",""
l1_neighbor_channel,grp_l1_neighbor_channel_false_6_true_s_fu_6306/add_18s_18s_18_2_0_U6429/u2,9,0,0,"",""
l1_neighbor_channel,grp_l1_neighbor_channel_false_7_true_s_fu_6430/add_18s_18s_18_2_0_U6662,18,18,0,"",""
l1_neighbor_channel,grp_l1_neighbor_channel_false_7_true_s_fu_6430/add_18s_18s_18_2_0_U6663,18,18,0,"",""
l1_neighbor_channel,grp_l1_neighbor_channel_false_7_true_s_fu_6430/add_18s_18s_18_2_0_U6664,18,18,0,"",""
l1_neighbor_channel,grp_l1_neighbor_channel_false_7_true_s_fu_6430/add_18s_18s_18_2_0_U6665,18,18,0,"",""
l1_neighbor_channel,grp_l1_neighbor_channel_false_7_true_s_fu_6430/add_18s_18s_18_2_0_U6666,18,18,0,"",""
l1_neighbor_channel,grp_l1_neighbor_channel_false_7_true_s_fu_6430/add_18s_18s_18_2_0_U6667,18,18,0,"",""
l1_neighbor_channel,grp_l1_neighbor_channel_false_7_true_s_fu_6430/add_18s_18s_18_2_0_U6668,18,18,0,"",""
l1_neighbor_channel,grp_l1_neighbor_channel_false_7_true_s_fu_6430/add_18s_18s_18_2_0_U6669,18,18,0,"",""
l1_neighbor_channel,grp_l1_neighbor_channel_false_7_true_s_fu_6430/mul_8s_6s_14_4_0_U6554,0,19,0,"",""
l1_neighbor_channel,grp_l1_neighbor_channel_false_7_true_s_fu_6430/mul_8s_6s_14_4_0_U6564,0,19,0,"",""
l1_neighbor_channel,grp_l1_neighbor_channel_false_7_true_s_fu_6430/mul_8s_6s_14_4_0_U6574,0,19,0,"",""
l1_neighbor_channel,grp_l1_neighbor_channel_false_7_true_s_fu_6430/mul_8s_6s_14_4_0_U6584,0,19,0,"",""
l1_neighbor_channel,grp_l1_neighbor_channel_false_7_true_s_fu_6430/mul_8s_6s_14_4_0_U6594,0,19,0,"",""
l1_neighbor_channel,grp_l1_neighbor_channel_false_7_true_s_fu_6430/mul_8s_6s_14_4_0_U6604,0,19,0,"",""
l1_neighbor_channel,grp_l1_neighbor_channel_false_7_true_s_fu_6430/mul_8s_6s_14_4_0_U6614,0,19,0,"",""
l1_neighbor_channel,grp_l1_neighbor_channel_false_7_true_s_fu_6430/mul_8s_6s_14_4_0_U6624,0,19,0,"",""
l1_neighbor_channel,grp_l1_neighbor_channel_false_7_true_s_fu_6430/mul_8s_7ns_15_4_0_U6551,0,30,0,"",""
l1_neighbor_channel,grp_l1_neighbor_channel_false_7_true_s_fu_6430/mul_8s_7ns_15_4_0_U6552,0,28,0,"",""
l1_neighbor_channel,grp_l1_neighbor_channel_false_7_true_s_fu_6430/mul_8s_7ns_15_4_0_U6553,0,30,0,"",""
l1_neighbor_channel,grp_l1_neighbor_channel_false_7_true_s_fu_6430/mul_8s_7ns_15_4_0_U6556,2,24,0,"",""
l1_neighbor_channel,grp_l1_neighbor_channel_false_7_true_s_fu_6430/mul_8s_7ns_15_4_0_U6557,0,27,0,"",""
l1_neighbor_channel,grp_l1_neighbor_channel_false_7_true_s_fu_6430/mul_8s_7ns_15_4_0_U6561,0,30,0,"",""
l1_neighbor_channel,grp_l1_neighbor_channel_false_7_true_s_fu_6430/mul_8s_7ns_15_4_0_U6562,0,28,0,"",""
l1_neighbor_channel,grp_l1_neighbor_channel_false_7_true_s_fu_6430/mul_8s_7ns_15_4_0_U6563,0,30,0,"",""
l1_neighbor_channel,grp_l1_neighbor_channel_false_7_true_s_fu_6430/mul_8s_7ns_15_4_0_U6566,2,24,0,"",""
l1_neighbor_channel,grp_l1_neighbor_channel_false_7_true_s_fu_6430/mul_8s_7ns_15_4_0_U6567,0,27,0,"",""
l1_neighbor_channel,grp_l1_neighbor_channel_false_7_true_s_fu_6430/mul_8s_7ns_15_4_0_U6571,0,30,0,"",""
l1_neighbor_channel,grp_l1_neighbor_channel_false_7_true_s_fu_6430/mul_8s_7ns_15_4_0_U6572,0,28,0,"",""
l1_neighbor_channel,grp_l1_neighbor_channel_false_7_true_s_fu_6430/mul_8s_7ns_15_4_0_U6573,0,30,0,"",""
l1_neighbor_channel,grp_l1_neighbor_channel_false_7_true_s_fu_6430/mul_8s_7ns_15_4_0_U6576,2,24,0,"",""
l1_neighbor_channel,grp_l1_neighbor_channel_false_7_true_s_fu_6430/mul_8s_7ns_15_4_0_U6577,0,27,0,"",""
l1_neighbor_channel,grp_l1_neighbor_channel_false_7_true_s_fu_6430/mul_8s_7ns_15_4_0_U6581,0,30,0,"",""
l1_neighbor_channel,grp_l1_neighbor_channel_false_7_true_s_fu_6430/mul_8s_7ns_15_4_0_U6582,0,28,0,"",""
l1_neighbor_channel,grp_l1_neighbor_channel_false_7_true_s_fu_6430/mul_8s_7ns_15_4_0_U6583,0,30,0,"",""
l1_neighbor_channel,grp_l1_neighbor_channel_false_7_true_s_fu_6430/mul_8s_7ns_15_4_0_U6586,2,24,0,"",""
l1_neighbor_channel,grp_l1_neighbor_channel_false_7_true_s_fu_6430/mul_8s_7ns_15_4_0_U6587,0,27,0,"",""
l1_neighbor_channel,grp_l1_neighbor_channel_false_7_true_s_fu_6430/mul_8s_7ns_15_4_0_U6591,0,30,0,"",""
l1_neighbor_channel,grp_l1_neighbor_channel_false_7_true_s_fu_6430/mul_8s_7ns_15_4_0_U6592,0,28,0,"",""
l1_neighbor_channel,grp_l1_neighbor_channel_false_7_true_s_fu_6430/mul_8s_7ns_15_4_0_U6593,0,30,0,"",""
l1_neighbor_channel,grp_l1_neighbor_channel_false_7_true_s_fu_6430/mul_8s_7ns_15_4_0_U6596,2,24,0,"",""
l1_neighbor_channel,grp_l1_neighbor_channel_false_7_true_s_fu_6430/mul_8s_7ns_15_4_0_U6597,0,27,0,"",""
l1_neighbor_channel,grp_l1_neighbor_channel_false_7_true_s_fu_6430/mul_8s_7ns_15_4_0_U6601,0,28,0,"",""
l1_neighbor_channel,grp_l1_neighbor_channel_false_7_true_s_fu_6430/mul_8s_7ns_15_4_0_U6602,0,28,0,"",""
l1_neighbor_channel,grp_l1_neighbor_channel_false_7_true_s_fu_6430/mul_8s_7ns_15_4_0_U6603,0,28,0,"",""
l1_neighbor_channel,grp_l1_neighbor_channel_false_7_true_s_fu_6430/mul_8s_7ns_15_4_0_U6606,2,24,0,"",""
l1_neighbor_channel,grp_l1_neighbor_channel_false_7_true_s_fu_6430/mul_8s_7ns_15_4_0_U6607,0,26,0,"",""
l1_neighbor_channel,grp_l1_neighbor_channel_false_7_true_s_fu_6430/mul_8s_7ns_15_4_0_U6611,0,30,0,"",""
l1_neighbor_channel,grp_l1_neighbor_channel_false_7_true_s_fu_6430/mul_8s_7ns_15_4_0_U6612,0,28,0,"",""
l1_neighbor_channel,grp_l1_neighbor_channel_false_7_true_s_fu_6430/mul_8s_7ns_15_4_0_U6613,0,30,0,"",""
l1_neighbor_channel,grp_l1_neighbor_channel_false_7_true_s_fu_6430/mul_8s_7ns_15_4_0_U6616,2,24,0,"",""
l1_neighbor_channel,grp_l1_neighbor_channel_false_7_true_s_fu_6430/mul_8s_7ns_15_4_0_U6617,0,26,0,"",""
l1_neighbor_channel,grp_l1_neighbor_channel_false_7_true_s_fu_6430/mul_8s_7ns_15_4_0_U6621,0,30,0,"",""
l1_neighbor_channel,grp_l1_neighbor_channel_false_7_true_s_fu_6430/mul_8s_7ns_15_4_0_U6622,0,28,0,"",""
l1_neighbor_channel,grp_l1_neighbor_channel_false_7_true_s_fu_6430/mul_8s_7ns_15_4_0_U6623,0,30,0,"",""
l1_neighbor_channel,grp_l1_neighbor_channel_false_7_true_s_fu_6430/mul_8s_7ns_15_4_0_U6626,2,24,0,"",""
l1_neighbor_channel,grp_l1_neighbor_channel_false_7_true_s_fu_6430/mul_8s_7ns_15_4_0_U6627,0,27,0,"",""
l1_neighbor_channel,grp_l1_neighbor_channel_false_7_true_s_fu_6430/mul_8s_7s_15_4_0_U6555,0,16,0,"",""
l1_neighbor_channel,grp_l1_neighbor_channel_false_7_true_s_fu_6430/mul_8s_7s_15_4_0_U6558,0,30,0,"",""
l1_neighbor_channel,grp_l1_neighbor_channel_false_7_true_s_fu_6430/mul_8s_7s_15_4_0_U6565,0,16,0,"",""
l1_neighbor_channel,grp_l1_neighbor_channel_false_7_true_s_fu_6430/mul_8s_7s_15_4_0_U6568,0,30,0,"",""
l1_neighbor_channel,grp_l1_neighbor_channel_false_7_true_s_fu_6430/mul_8s_7s_15_4_0_U6575,0,16,0,"",""
l1_neighbor_channel,grp_l1_neighbor_channel_false_7_true_s_fu_6430/mul_8s_7s_15_4_0_U6578,0,30,0,"",""
l1_neighbor_channel,grp_l1_neighbor_channel_false_7_true_s_fu_6430/mul_8s_7s_15_4_0_U6585,0,16,0,"",""
l1_neighbor_channel,grp_l1_neighbor_channel_false_7_true_s_fu_6430/mul_8s_7s_15_4_0_U6588,0,30,0,"",""
l1_neighbor_channel,grp_l1_neighbor_channel_false_7_true_s_fu_6430/mul_8s_7s_15_4_0_U6595,0,16,0,"",""
l1_neighbor_channel,grp_l1_neighbor_channel_false_7_true_s_fu_6430/mul_8s_7s_15_4_0_U6598,0,30,0,"",""
l1_neighbor_channel,grp_l1_neighbor_channel_false_7_true_s_fu_6430/mul_8s_7s_15_4_0_U6605,0,16,0,"",""
l1_neighbor_channel,grp_l1_neighbor_channel_false_7_true_s_fu_6430/mul_8s_7s_15_4_0_U6608,0,28,0,"",""
l1_neighbor_channel,grp_l1_neighbor_channel_false_7_true_s_fu_6430/mul_8s_7s_15_4_0_U6615,0,16,0,"",""
l1_neighbor_channel,grp_l1_neighbor_channel_false_7_true_s_fu_6430/mul_8s_7s_15_4_0_U6618,0,28,0,"",""
l1_neighbor_channel,grp_l1_neighbor_channel_false_7_true_s_fu_6430/mul_8s_7s_15_4_0_U6625,0,16,0,"",""
l1_neighbor_channel,grp_l1_neighbor_channel_false_7_true_s_fu_6430/mul_8s_7s_15_4_0_U6628,0,30,0,"",""
l1_neighbor_channel,grp_l1_neighbor_channel_false_7_true_s_fu_6430/mul_8s_7s_15_4_0_U6632,0,24,0,"",""
l1_neighbor_channel,grp_l1_neighbor_channel_false_7_true_s_fu_6430/mul_8s_7s_15_4_0_U6636,0,24,0,"",""
l1_neighbor_channel,grp_l1_neighbor_channel_false_7_true_s_fu_6430/mul_8s_7s_15_4_0_U6640,0,24,0,"",""
l1_neighbor_channel,grp_l1_neighbor_channel_false_7_true_s_fu_6430/mul_8s_7s_15_4_0_U6644,0,24,0,"",""
l1_neighbor_channel,grp_l1_neighbor_channel_false_7_true_s_fu_6430/mul_8s_7s_15_4_0_U6648,0,24,0,"",""
l1_neighbor_channel,grp_l1_neighbor_channel_false_7_true_s_fu_6430/mul_8s_7s_15_4_0_U6652,0,24,0,"",""
l1_neighbor_channel,grp_l1_neighbor_channel_false_7_true_s_fu_6430/mul_8s_7s_15_4_0_U6656,0,24,0,"",""
l1_neighbor_channel,grp_l1_neighbor_channel_false_7_true_s_fu_6430/mul_8s_7s_15_4_0_U6660,0,24,0,"",""
l1_neighbor_channel,grp_l1_neighbor_channel_false_7_true_s_fu_6430/mul_8s_8ns_16_4_0_U6550,16,26,0,"",""
l1_neighbor_channel,grp_l1_neighbor_channel_false_7_true_s_fu_6430/mul_8s_8ns_16_4_0_U6559,5,26,0,"",""
l1_neighbor_channel,grp_l1_neighbor_channel_false_7_true_s_fu_6430/mul_8s_8ns_16_4_0_U6560,16,26,0,"",""
l1_neighbor_channel,grp_l1_neighbor_channel_false_7_true_s_fu_6430/mul_8s_8ns_16_4_0_U6569,5,26,0,"",""
l1_neighbor_channel,grp_l1_neighbor_channel_false_7_true_s_fu_6430/mul_8s_8ns_16_4_0_U6570,16,26,0,"",""
l1_neighbor_channel,grp_l1_neighbor_channel_false_7_true_s_fu_6430/mul_8s_8ns_16_4_0_U6579,5,26,0,"",""
l1_neighbor_channel,grp_l1_neighbor_channel_false_7_true_s_fu_6430/mul_8s_8ns_16_4_0_U6580,16,26,0,"",""
l1_neighbor_channel,grp_l1_neighbor_channel_false_7_true_s_fu_6430/mul_8s_8ns_16_4_0_U6589,5,26,0,"",""
l1_neighbor_channel,grp_l1_neighbor_channel_false_7_true_s_fu_6430/mul_8s_8ns_16_4_0_U6590,16,26,0,"",""
l1_neighbor_channel,grp_l1_neighbor_channel_false_7_true_s_fu_6430/mul_8s_8ns_16_4_0_U6599,5,26,0,"",""
l1_neighbor_channel,grp_l1_neighbor_channel_false_7_true_s_fu_6430/mul_8s_8ns_16_4_0_U6600,16,26,0,"",""
l1_neighbor_channel,grp_l1_neighbor_channel_false_7_true_s_fu_6430/mul_8s_8ns_16_4_0_U6609,5,26,0,"",""
l1_neighbor_channel,grp_l1_neighbor_channel_false_7_true_s_fu_6430/mul_8s_8ns_16_4_0_U6610,16,27,0,"",""
l1_neighbor_channel,grp_l1_neighbor_channel_false_7_true_s_fu_6430/mul_8s_8ns_16_4_0_U6619,5,26,0,"",""
l1_neighbor_channel,grp_l1_neighbor_channel_false_7_true_s_fu_6430/mul_8s_8ns_16_4_0_U6620,16,26,0,"",""
l1_neighbor_channel,grp_l1_neighbor_channel_false_7_true_s_fu_6430/mul_8s_8ns_16_4_0_U6629,5,26,0,"",""
l1_neighbor_channel,grp_l1_neighbor_channel_false_7_true_s_fu_6430/mul_8s_8ns_16_4_0_U6633,7,30,0,"",""
l1_neighbor_channel,grp_l1_neighbor_channel_false_7_true_s_fu_6430/mul_8s_8ns_16_4_0_U6637,7,30,0,"",""
l1_neighbor_channel,grp_l1_neighbor_channel_false_7_true_s_fu_6430/mul_8s_8ns_16_4_0_U6641,7,30,0,"",""
l1_neighbor_channel,grp_l1_neighbor_channel_false_7_true_s_fu_6430/mul_8s_8ns_16_4_0_U6645,7,30,0,"",""
l1_neighbor_channel,grp_l1_neighbor_channel_false_7_true_s_fu_6430/mul_8s_8ns_16_4_0_U6649,7,30,0,"",""
l1_neighbor_channel,grp_l1_neighbor_channel_false_7_true_s_fu_6430/mul_8s_8ns_16_4_0_U6653,7,30,0,"",""
l1_neighbor_channel,grp_l1_neighbor_channel_false_7_true_s_fu_6430/mul_8s_8ns_16_4_0_U6657,7,30,0,"",""
l1_neighbor_channel,grp_l1_neighbor_channel_false_7_true_s_fu_6430/mul_8s_8ns_16_4_0_U6661,7,28,0,"",""
l1_neighbor_channel,grp_l1_neighbor_channel_false_7_true_s_fu_6430/mul_8s_8s_16_4_0_U6630,0,26,0,"",""
l1_neighbor_channel,grp_l1_neighbor_channel_false_7_true_s_fu_6430/mul_8s_8s_16_4_0_U6631,0,30,0,"",""
l1_neighbor_channel,grp_l1_neighbor_channel_false_7_true_s_fu_6430/mul_8s_8s_16_4_0_U6634,0,26,0,"",""
l1_neighbor_channel,grp_l1_neighbor_channel_false_7_true_s_fu_6430/mul_8s_8s_16_4_0_U6635,0,30,0,"",""
l1_neighbor_channel,grp_l1_neighbor_channel_false_7_true_s_fu_6430/mul_8s_8s_16_4_0_U6638,0,26,0,"",""
l1_neighbor_channel,grp_l1_neighbor_channel_false_7_true_s_fu_6430/mul_8s_8s_16_4_0_U6639,0,30,0,"",""
l1_neighbor_channel,grp_l1_neighbor_channel_false_7_true_s_fu_6430/mul_8s_8s_16_4_0_U6642,0,26,0,"",""
l1_neighbor_channel,grp_l1_neighbor_channel_false_7_true_s_fu_6430/mul_8s_8s_16_4_0_U6643,0,30,0,"",""
l1_neighbor_channel,grp_l1_neighbor_channel_false_7_true_s_fu_6430/mul_8s_8s_16_4_0_U6646,0,26,0,"",""
l1_neighbor_channel,grp_l1_neighbor_channel_false_7_true_s_fu_6430/mul_8s_8s_16_4_0_U6647,0,30,0,"",""
l1_neighbor_channel,grp_l1_neighbor_channel_false_7_true_s_fu_6430/mul_8s_8s_16_4_0_U6650,0,26,0,"",""
l1_neighbor_channel,grp_l1_neighbor_channel_false_7_true_s_fu_6430/mul_8s_8s_16_4_0_U6651,0,30,0,"",""
l1_neighbor_channel,grp_l1_neighbor_channel_false_7_true_s_fu_6430/mul_8s_8s_16_4_0_U6654,0,26,0,"",""
l1_neighbor_channel,grp_l1_neighbor_channel_false_7_true_s_fu_6430/mul_8s_8s_16_4_0_U6655,0,30,0,"",""
l1_neighbor_channel,grp_l1_neighbor_channel_false_7_true_s_fu_6430/mul_8s_8s_16_4_0_U6658,0,26,0,"",""
l1_neighbor_channel,grp_l1_neighbor_channel_false_7_true_s_fu_6430/mul_8s_8s_16_4_0_U6659,0,30,0,"",""
l1_neighbor_channel,grp_l1_neighbor_channel_false_7_true_s_fu_6430/add_18s_18s_18_2_0_U6662/u1,9,0,0,"",""
l1_neighbor_channel,grp_l1_neighbor_channel_false_7_true_s_fu_6430/add_18s_18s_18_2_0_U6662/u2,9,0,0,"",""
l1_neighbor_channel,grp_l1_neighbor_channel_false_7_true_s_fu_6430/add_18s_18s_18_2_0_U6663/u1,9,0,0,"",""
l1_neighbor_channel,grp_l1_neighbor_channel_false_7_true_s_fu_6430/add_18s_18s_18_2_0_U6663/u2,9,0,0,"",""
l1_neighbor_channel,grp_l1_neighbor_channel_false_7_true_s_fu_6430/add_18s_18s_18_2_0_U6664/u1,9,0,0,"",""
l1_neighbor_channel,grp_l1_neighbor_channel_false_7_true_s_fu_6430/add_18s_18s_18_2_0_U6664/u2,9,0,0,"",""
l1_neighbor_channel,grp_l1_neighbor_channel_false_7_true_s_fu_6430/add_18s_18s_18_2_0_U6665/u1,9,0,0,"",""
l1_neighbor_channel,grp_l1_neighbor_channel_false_7_true_s_fu_6430/add_18s_18s_18_2_0_U6665/u2,9,0,0,"",""
l1_neighbor_channel,grp_l1_neighbor_channel_false_7_true_s_fu_6430/add_18s_18s_18_2_0_U6666/u1,9,0,0,"",""
l1_neighbor_channel,grp_l1_neighbor_channel_false_7_true_s_fu_6430/add_18s_18s_18_2_0_U6666/u2,9,0,0,"",""
l1_neighbor_channel,grp_l1_neighbor_channel_false_7_true_s_fu_6430/add_18s_18s_18_2_0_U6667/u1,9,0,0,"",""
l1_neighbor_channel,grp_l1_neighbor_channel_false_7_true_s_fu_6430/add_18s_18s_18_2_0_U6667/u2,9,0,0,"",""
l1_neighbor_channel,grp_l1_neighbor_channel_false_7_true_s_fu_6430/add_18s_18s_18_2_0_U6668/u1,9,0,0,"",""
l1_neighbor_channel,grp_l1_neighbor_channel_false_7_true_s_fu_6430/add_18s_18s_18_2_0_U6668/u2,9,0,0,"",""
l1_neighbor_channel,grp_l1_neighbor_channel_false_7_true_s_fu_6430/add_18s_18s_18_2_0_U6669/u1,9,0,0,"",""
l1_neighbor_channel,grp_l1_neighbor_channel_false_7_true_s_fu_6430/add_18s_18s_18_2_0_U6669/u2,9,0,0,"",""
l1_neighbor_channel,grp_l1_neighbor_channel_false_8_true_s_fu_6554/add_18s_18s_18_2_0_U6894,18,18,0,"",""
l1_neighbor_channel,grp_l1_neighbor_channel_false_8_true_s_fu_6554/add_18s_18s_18_2_0_U6895,18,18,0,"",""
l1_neighbor_channel,grp_l1_neighbor_channel_false_8_true_s_fu_6554/add_18s_18s_18_2_0_U6896,18,18,0,"",""
l1_neighbor_channel,grp_l1_neighbor_channel_false_8_true_s_fu_6554/add_18s_18s_18_2_0_U6897,18,18,0,"",""
l1_neighbor_channel,grp_l1_neighbor_channel_false_8_true_s_fu_6554/add_18s_18s_18_2_0_U6898,18,18,0,"",""
l1_neighbor_channel,grp_l1_neighbor_channel_false_8_true_s_fu_6554/add_18s_18s_18_2_0_U6899,18,18,0,"",""
l1_neighbor_channel,grp_l1_neighbor_channel_false_8_true_s_fu_6554/add_18s_18s_18_2_0_U6900,18,18,0,"",""
l1_neighbor_channel,grp_l1_neighbor_channel_false_8_true_s_fu_6554/add_18s_18s_18_2_0_U6901,18,18,0,"",""
l1_neighbor_channel,grp_l1_neighbor_channel_false_8_true_s_fu_6554/am_addmul_8s_8s_7s_15_4_0_U6902,0,0,9,"",""
l1_neighbor_channel,grp_l1_neighbor_channel_false_8_true_s_fu_6554/am_addmul_8s_8s_7s_15_4_0_U6903,0,0,9,"",""
l1_neighbor_channel,grp_l1_neighbor_channel_false_8_true_s_fu_6554/am_addmul_8s_8s_7s_15_4_0_U6904,0,0,9,"",""
l1_neighbor_channel,grp_l1_neighbor_channel_false_8_true_s_fu_6554/am_addmul_8s_8s_7s_15_4_0_U6905,0,0,9,"",""
l1_neighbor_channel,grp_l1_neighbor_channel_false_8_true_s_fu_6554/am_addmul_8s_8s_7s_15_4_0_U6906,0,0,9,"",""
l1_neighbor_channel,grp_l1_neighbor_channel_false_8_true_s_fu_6554/am_addmul_8s_8s_7s_15_4_0_U6907,0,0,9,"",""
l1_neighbor_channel,grp_l1_neighbor_channel_false_8_true_s_fu_6554/am_addmul_8s_8s_7s_15_4_0_U6908,0,0,9,"",""
l1_neighbor_channel,grp_l1_neighbor_channel_false_8_true_s_fu_6554/am_addmul_8s_8s_7s_15_4_0_U6909,0,0,9,"",""
l1_neighbor_channel,grp_l1_neighbor_channel_false_8_true_s_fu_6554/mul_8s_5ns_13_4_0_U6795,0,20,0,"",""
l1_neighbor_channel,grp_l1_neighbor_channel_false_8_true_s_fu_6554/mul_8s_5ns_13_4_0_U6797,0,22,0,"",""
l1_neighbor_channel,grp_l1_neighbor_channel_false_8_true_s_fu_6554/mul_8s_5ns_13_4_0_U6806,0,20,0,"",""
l1_neighbor_channel,grp_l1_neighbor_channel_false_8_true_s_fu_6554/mul_8s_5ns_13_4_0_U6808,0,22,0,"",""
l1_neighbor_channel,grp_l1_neighbor_channel_false_8_true_s_fu_6554/mul_8s_5ns_13_4_0_U6817,0,20,0,"",""
l1_neighbor_channel,grp_l1_neighbor_channel_false_8_true_s_fu_6554/mul_8s_5ns_13_4_0_U6819,0,22,0,"",""
l1_neighbor_channel,grp_l1_neighbor_channel_false_8_true_s_fu_6554/mul_8s_5ns_13_4_0_U6828,0,20,0,"",""
l1_neighbor_channel,grp_l1_neighbor_channel_false_8_true_s_fu_6554/mul_8s_5ns_13_4_0_U6830,0,22,0,"",""
l1_neighbor_channel,grp_l1_neighbor_channel_false_8_true_s_fu_6554/mul_8s_5ns_13_4_0_U6839,0,20,0,"",""
l1_neighbor_channel,grp_l1_neighbor_channel_false_8_true_s_fu_6554/mul_8s_5ns_13_4_0_U6841,0,22,0,"",""
l1_neighbor_channel,grp_l1_neighbor_channel_false_8_true_s_fu_6554/mul_8s_5ns_13_4_0_U6850,0,20,0,"",""
l1_neighbor_channel,grp_l1_neighbor_channel_false_8_true_s_fu_6554/mul_8s_5ns_13_4_0_U6852,0,22,0,"",""
l1_neighbor_channel,grp_l1_neighbor_channel_false_8_true_s_fu_6554/mul_8s_5ns_13_4_0_U6861,0,20,0,"",""
l1_neighbor_channel,grp_l1_neighbor_channel_false_8_true_s_fu_6554/mul_8s_5ns_13_4_0_U6863,0,22,0,"",""
l1_neighbor_channel,grp_l1_neighbor_channel_false_8_true_s_fu_6554/mul_8s_5ns_13_4_0_U6872,0,20,0,"",""
l1_neighbor_channel,grp_l1_neighbor_channel_false_8_true_s_fu_6554/mul_8s_5ns_13_4_0_U6874,0,22,0,"",""
l1_neighbor_channel,grp_l1_neighbor_channel_false_8_true_s_fu_6554/mul_8s_6ns_14_4_0_U6793,0,22,0,"",""
l1_neighbor_channel,grp_l1_neighbor_channel_false_8_true_s_fu_6554/mul_8s_6ns_14_4_0_U6798,0,22,0,"",""
l1_neighbor_channel,grp_l1_neighbor_channel_false_8_true_s_fu_6554/mul_8s_6ns_14_4_0_U6804,0,22,0,"",""
l1_neighbor_channel,grp_l1_neighbor_channel_false_8_true_s_fu_6554/mul_8s_6ns_14_4_0_U6809,0,22,0,"",""
l1_neighbor_channel,grp_l1_neighbor_channel_false_8_true_s_fu_6554/mul_8s_6ns_14_4_0_U6815,0,22,0,"",""
l1_neighbor_channel,grp_l1_neighbor_channel_false_8_true_s_fu_6554/mul_8s_6ns_14_4_0_U6820,0,22,0,"",""
l1_neighbor_channel,grp_l1_neighbor_channel_false_8_true_s_fu_6554/mul_8s_6ns_14_4_0_U6826,0,22,0,"",""
l1_neighbor_channel,grp_l1_neighbor_channel_false_8_true_s_fu_6554/mul_8s_6ns_14_4_0_U6831,0,22,0,"",""
l1_neighbor_channel,grp_l1_neighbor_channel_false_8_true_s_fu_6554/mul_8s_6ns_14_4_0_U6837,0,22,0,"",""
l1_neighbor_channel,grp_l1_neighbor_channel_false_8_true_s_fu_6554/mul_8s_6ns_14_4_0_U6842,0,22,0,"",""
l1_neighbor_channel,grp_l1_neighbor_channel_false_8_true_s_fu_6554/mul_8s_6ns_14_4_0_U6848,0,22,0,"",""
l1_neighbor_channel,grp_l1_neighbor_channel_false_8_true_s_fu_6554/mul_8s_6ns_14_4_0_U6853,0,22,0,"",""
l1_neighbor_channel,grp_l1_neighbor_channel_false_8_true_s_fu_6554/mul_8s_6ns_14_4_0_U6859,0,22,0,"",""
l1_neighbor_channel,grp_l1_neighbor_channel_false_8_true_s_fu_6554/mul_8s_6ns_14_4_0_U6864,0,22,0,"",""
l1_neighbor_channel,grp_l1_neighbor_channel_false_8_true_s_fu_6554/mul_8s_6ns_14_4_0_U6870,0,22,0,"",""
l1_neighbor_channel,grp_l1_neighbor_channel_false_8_true_s_fu_6554/mul_8s_6ns_14_4_0_U6875,0,22,0,"",""
l1_neighbor_channel,grp_l1_neighbor_channel_false_8_true_s_fu_6554/mul_8s_7ns_15_4_0_U6799,0,30,0,"",""
l1_neighbor_channel,grp_l1_neighbor_channel_false_8_true_s_fu_6554/mul_8s_7ns_15_4_0_U6810,0,30,0,"",""
l1_neighbor_channel,grp_l1_neighbor_channel_false_8_true_s_fu_6554/mul_8s_7ns_15_4_0_U6821,0,30,0,"",""
l1_neighbor_channel,grp_l1_neighbor_channel_false_8_true_s_fu_6554/mul_8s_7ns_15_4_0_U6832,0,30,0,"",""
l1_neighbor_channel,grp_l1_neighbor_channel_false_8_true_s_fu_6554/mul_8s_7ns_15_4_0_U6843,0,30,0,"",""
l1_neighbor_channel,grp_l1_neighbor_channel_false_8_true_s_fu_6554/mul_8s_7ns_15_4_0_U6854,0,30,0,"",""
l1_neighbor_channel,grp_l1_neighbor_channel_false_8_true_s_fu_6554/mul_8s_7ns_15_4_0_U6865,0,30,0,"",""
l1_neighbor_channel,grp_l1_neighbor_channel_false_8_true_s_fu_6554/mul_8s_7ns_15_4_0_U6876,0,30,0,"",""
l1_neighbor_channel,grp_l1_neighbor_channel_false_8_true_s_fu_6554/mul_8s_7s_15_4_0_U6790,0,30,0,"",""
l1_neighbor_channel,grp_l1_neighbor_channel_false_8_true_s_fu_6554/mul_8s_7s_15_4_0_U6800,0,30,0,"",""
l1_neighbor_channel,grp_l1_neighbor_channel_false_8_true_s_fu_6554/mul_8s_7s_15_4_0_U6801,0,30,0,"",""
l1_neighbor_channel,grp_l1_neighbor_channel_false_8_true_s_fu_6554/mul_8s_7s_15_4_0_U6811,0,30,0,"",""
l1_neighbor_channel,grp_l1_neighbor_channel_false_8_true_s_fu_6554/mul_8s_7s_15_4_0_U6812,0,30,0,"",""
l1_neighbor_channel,grp_l1_neighbor_channel_false_8_true_s_fu_6554/mul_8s_7s_15_4_0_U6822,0,30,0,"",""
l1_neighbor_channel,grp_l1_neighbor_channel_false_8_true_s_fu_6554/mul_8s_7s_15_4_0_U6823,0,30,0,"",""
l1_neighbor_channel,grp_l1_neighbor_channel_false_8_true_s_fu_6554/mul_8s_7s_15_4_0_U6833,0,30,0,"",""
l1_neighbor_channel,grp_l1_neighbor_channel_false_8_true_s_fu_6554/mul_8s_7s_15_4_0_U6834,0,30,0,"",""
l1_neighbor_channel,grp_l1_neighbor_channel_false_8_true_s_fu_6554/mul_8s_7s_15_4_0_U6844,0,30,0,"",""
l1_neighbor_channel,grp_l1_neighbor_channel_false_8_true_s_fu_6554/mul_8s_7s_15_4_0_U6845,0,30,0,"",""
l1_neighbor_channel,grp_l1_neighbor_channel_false_8_true_s_fu_6554/mul_8s_7s_15_4_0_U6855,0,30,0,"",""
l1_neighbor_channel,grp_l1_neighbor_channel_false_8_true_s_fu_6554/mul_8s_7s_15_4_0_U6856,0,30,0,"",""
l1_neighbor_channel,grp_l1_neighbor_channel_false_8_true_s_fu_6554/mul_8s_7s_15_4_0_U6866,0,30,0,"",""
l1_neighbor_channel,grp_l1_neighbor_channel_false_8_true_s_fu_6554/mul_8s_7s_15_4_0_U6867,0,30,0,"",""
l1_neighbor_channel,grp_l1_neighbor_channel_false_8_true_s_fu_6554/mul_8s_7s_15_4_0_U6877,0,30,0,"",""
l1_neighbor_channel,grp_l1_neighbor_channel_false_8_true_s_fu_6554/mul_8s_8ns_16_4_0_U6794,5,26,0,"",""
l1_neighbor_channel,grp_l1_neighbor_channel_false_8_true_s_fu_6554/mul_8s_8ns_16_4_0_U6805,5,26,0,"",""
l1_neighbor_channel,grp_l1_neighbor_channel_false_8_true_s_fu_6554/mul_8s_8ns_16_4_0_U6816,5,26,0,"",""
l1_neighbor_channel,grp_l1_neighbor_channel_false_8_true_s_fu_6554/mul_8s_8ns_16_4_0_U6827,5,26,0,"",""
l1_neighbor_channel,grp_l1_neighbor_channel_false_8_true_s_fu_6554/mul_8s_8ns_16_4_0_U6838,5,26,0,"",""
l1_neighbor_channel,grp_l1_neighbor_channel_false_8_true_s_fu_6554/mul_8s_8ns_16_4_0_U6849,5,26,0,"",""
l1_neighbor_channel,grp_l1_neighbor_channel_false_8_true_s_fu_6554/mul_8s_8ns_16_4_0_U6860,5,26,0,"",""
l1_neighbor_channel,grp_l1_neighbor_channel_false_8_true_s_fu_6554/mul_8s_8ns_16_4_0_U6871,5,26,0,"",""
l1_neighbor_channel,grp_l1_neighbor_channel_false_8_true_s_fu_6554/mul_8s_8ns_16_4_0_U6878,0,18,0,"",""
l1_neighbor_channel,grp_l1_neighbor_channel_false_8_true_s_fu_6554/mul_8s_8ns_16_4_0_U6879,5,24,0,"",""
l1_neighbor_channel,grp_l1_neighbor_channel_false_8_true_s_fu_6554/mul_8s_8ns_16_4_0_U6880,0,18,0,"",""
l1_neighbor_channel,grp_l1_neighbor_channel_false_8_true_s_fu_6554/mul_8s_8ns_16_4_0_U6881,5,24,0,"",""
l1_neighbor_channel,grp_l1_neighbor_channel_false_8_true_s_fu_6554/mul_8s_8ns_16_4_0_U6882,0,18,0,"",""
l1_neighbor_channel,grp_l1_neighbor_channel_false_8_true_s_fu_6554/mul_8s_8ns_16_4_0_U6883,5,24,0,"",""
l1_neighbor_channel,grp_l1_neighbor_channel_false_8_true_s_fu_6554/mul_8s_8ns_16_4_0_U6884,0,18,0,"",""
l1_neighbor_channel,grp_l1_neighbor_channel_false_8_true_s_fu_6554/mul_8s_8ns_16_4_0_U6885,5,24,0,"",""
l1_neighbor_channel,grp_l1_neighbor_channel_false_8_true_s_fu_6554/mul_8s_8ns_16_4_0_U6886,0,18,0,"",""
l1_neighbor_channel,grp_l1_neighbor_channel_false_8_true_s_fu_6554/mul_8s_8ns_16_4_0_U6887,5,24,0,"",""
l1_neighbor_channel,grp_l1_neighbor_channel_false_8_true_s_fu_6554/mul_8s_8ns_16_4_0_U6888,0,18,0,"",""
l1_neighbor_channel,grp_l1_neighbor_channel_false_8_true_s_fu_6554/mul_8s_8ns_16_4_0_U6889,5,24,0,"",""
l1_neighbor_channel,grp_l1_neighbor_channel_false_8_true_s_fu_6554/mul_8s_8ns_16_4_0_U6890,0,18,0,"",""
l1_neighbor_channel,grp_l1_neighbor_channel_false_8_true_s_fu_6554/mul_8s_8ns_16_4_0_U6891,5,24,0,"",""
l1_neighbor_channel,grp_l1_neighbor_channel_false_8_true_s_fu_6554/mul_8s_8ns_16_4_0_U6892,0,18,0,"",""
l1_neighbor_channel,grp_l1_neighbor_channel_false_8_true_s_fu_6554/mul_8s_8ns_16_4_0_U6893,5,24,0,"",""
l1_neighbor_channel,grp_l1_neighbor_channel_false_8_true_s_fu_6554/mul_8s_8s_16_4_0_U6791,2,28,0,"",""
l1_neighbor_channel,grp_l1_neighbor_channel_false_8_true_s_fu_6554/mul_8s_8s_16_4_0_U6792,2,27,0,"",""
l1_neighbor_channel,grp_l1_neighbor_channel_false_8_true_s_fu_6554/mul_8s_8s_16_4_0_U6796,1,24,0,"",""
l1_neighbor_channel,grp_l1_neighbor_channel_false_8_true_s_fu_6554/mul_8s_8s_16_4_0_U6802,2,28,0,"",""
l1_neighbor_channel,grp_l1_neighbor_channel_false_8_true_s_fu_6554/mul_8s_8s_16_4_0_U6803,2,27,0,"",""
l1_neighbor_channel,grp_l1_neighbor_channel_false_8_true_s_fu_6554/mul_8s_8s_16_4_0_U6807,1,24,0,"",""
l1_neighbor_channel,grp_l1_neighbor_channel_false_8_true_s_fu_6554/mul_8s_8s_16_4_0_U6813,2,28,0,"",""
l1_neighbor_channel,grp_l1_neighbor_channel_false_8_true_s_fu_6554/mul_8s_8s_16_4_0_U6814,2,27,0,"",""
l1_neighbor_channel,grp_l1_neighbor_channel_false_8_true_s_fu_6554/mul_8s_8s_16_4_0_U6818,1,24,0,"",""
l1_neighbor_channel,grp_l1_neighbor_channel_false_8_true_s_fu_6554/mul_8s_8s_16_4_0_U6824,2,28,0,"",""
l1_neighbor_channel,grp_l1_neighbor_channel_false_8_true_s_fu_6554/mul_8s_8s_16_4_0_U6825,2,27,0,"",""
l1_neighbor_channel,grp_l1_neighbor_channel_false_8_true_s_fu_6554/mul_8s_8s_16_4_0_U6829,1,24,0,"",""
l1_neighbor_channel,grp_l1_neighbor_channel_false_8_true_s_fu_6554/mul_8s_8s_16_4_0_U6835,2,28,0,"",""
l1_neighbor_channel,grp_l1_neighbor_channel_false_8_true_s_fu_6554/mul_8s_8s_16_4_0_U6836,2,27,0,"",""
l1_neighbor_channel,grp_l1_neighbor_channel_false_8_true_s_fu_6554/mul_8s_8s_16_4_0_U6840,1,24,0,"",""
l1_neighbor_channel,grp_l1_neighbor_channel_false_8_true_s_fu_6554/mul_8s_8s_16_4_0_U6846,2,28,0,"",""
l1_neighbor_channel,grp_l1_neighbor_channel_false_8_true_s_fu_6554/mul_8s_8s_16_4_0_U6847,2,27,0,"",""
l1_neighbor_channel,grp_l1_neighbor_channel_false_8_true_s_fu_6554/mul_8s_8s_16_4_0_U6851,1,24,0,"",""
l1_neighbor_channel,grp_l1_neighbor_channel_false_8_true_s_fu_6554/mul_8s_8s_16_4_0_U6857,2,28,0,"",""
l1_neighbor_channel,grp_l1_neighbor_channel_false_8_true_s_fu_6554/mul_8s_8s_16_4_0_U6858,2,27,0,"",""
l1_neighbor_channel,grp_l1_neighbor_channel_false_8_true_s_fu_6554/mul_8s_8s_16_4_0_U6862,1,24,0,"",""
l1_neighbor_channel,grp_l1_neighbor_channel_false_8_true_s_fu_6554/mul_8s_8s_16_4_0_U6868,2,28,0,"",""
l1_neighbor_channel,grp_l1_neighbor_channel_false_8_true_s_fu_6554/mul_8s_8s_16_4_0_U6869,2,27,0,"",""
l1_neighbor_channel,grp_l1_neighbor_channel_false_8_true_s_fu_6554/mul_8s_8s_16_4_0_U6873,1,24,0,"",""
l1_neighbor_channel,grp_l1_neighbor_channel_false_8_true_s_fu_6554/add_18s_18s_18_2_0_U6894/u1,9,0,0,"",""
l1_neighbor_channel,grp_l1_neighbor_channel_false_8_true_s_fu_6554/add_18s_18s_18_2_0_U6894/u2,9,0,0,"",""
l1_neighbor_channel,grp_l1_neighbor_channel_false_8_true_s_fu_6554/add_18s_18s_18_2_0_U6895/u1,9,0,0,"",""
l1_neighbor_channel,grp_l1_neighbor_channel_false_8_true_s_fu_6554/add_18s_18s_18_2_0_U6895/u2,9,0,0,"",""
l1_neighbor_channel,grp_l1_neighbor_channel_false_8_true_s_fu_6554/add_18s_18s_18_2_0_U6896/u1,9,0,0,"",""
l1_neighbor_channel,grp_l1_neighbor_channel_false_8_true_s_fu_6554/add_18s_18s_18_2_0_U6896/u2,9,0,0,"",""
l1_neighbor_channel,grp_l1_neighbor_channel_false_8_true_s_fu_6554/add_18s_18s_18_2_0_U6897/u1,9,0,0,"",""
l1_neighbor_channel,grp_l1_neighbor_channel_false_8_true_s_fu_6554/add_18s_18s_18_2_0_U6897/u2,9,0,0,"",""
l1_neighbor_channel,grp_l1_neighbor_channel_false_8_true_s_fu_6554/add_18s_18s_18_2_0_U6898/u1,9,0,0,"",""
l1_neighbor_channel,grp_l1_neighbor_channel_false_8_true_s_fu_6554/add_18s_18s_18_2_0_U6898/u2,9,0,0,"",""
l1_neighbor_channel,grp_l1_neighbor_channel_false_8_true_s_fu_6554/add_18s_18s_18_2_0_U6899/u1,9,0,0,"",""
l1_neighbor_channel,grp_l1_neighbor_channel_false_8_true_s_fu_6554/add_18s_18s_18_2_0_U6899/u2,9,0,0,"",""
l1_neighbor_channel,grp_l1_neighbor_channel_false_8_true_s_fu_6554/add_18s_18s_18_2_0_U6900/u1,9,0,0,"",""
l1_neighbor_channel,grp_l1_neighbor_channel_false_8_true_s_fu_6554/add_18s_18s_18_2_0_U6900/u2,9,0,0,"",""
l1_neighbor_channel,grp_l1_neighbor_channel_false_8_true_s_fu_6554/add_18s_18s_18_2_0_U6901/u1,9,0,0,"",""
l1_neighbor_channel,grp_l1_neighbor_channel_false_8_true_s_fu_6554/add_18s_18s_18_2_0_U6901/u2,9,0,0,"",""
l1_neighbor_channel,grp_l1_neighbor_channel_false_8_true_s_fu_6554/am_addmul_8s_8s_7s_15_4_0_U6902/graphsage_po2_qat_partitioned_am_addmul_8s_8s_7s_15_4_0_DSP48_0_U,0,0,9,"",""
l1_neighbor_channel,grp_l1_neighbor_channel_false_8_true_s_fu_6554/am_addmul_8s_8s_7s_15_4_0_U6903/graphsage_po2_qat_partitioned_am_addmul_8s_8s_7s_15_4_0_DSP48_0_U,0,0,9,"",""
l1_neighbor_channel,grp_l1_neighbor_channel_false_8_true_s_fu_6554/am_addmul_8s_8s_7s_15_4_0_U6904/graphsage_po2_qat_partitioned_am_addmul_8s_8s_7s_15_4_0_DSP48_0_U,0,0,9,"",""
l1_neighbor_channel,grp_l1_neighbor_channel_false_8_true_s_fu_6554/am_addmul_8s_8s_7s_15_4_0_U6905/graphsage_po2_qat_partitioned_am_addmul_8s_8s_7s_15_4_0_DSP48_0_U,0,0,9,"",""
l1_neighbor_channel,grp_l1_neighbor_channel_false_8_true_s_fu_6554/am_addmul_8s_8s_7s_15_4_0_U6906/graphsage_po2_qat_partitioned_am_addmul_8s_8s_7s_15_4_0_DSP48_0_U,0,0,9,"",""
l1_neighbor_channel,grp_l1_neighbor_channel_false_8_true_s_fu_6554/am_addmul_8s_8s_7s_15_4_0_U6907/graphsage_po2_qat_partitioned_am_addmul_8s_8s_7s_15_4_0_DSP48_0_U,0,0,9,"",""
l1_neighbor_channel,grp_l1_neighbor_channel_false_8_true_s_fu_6554/am_addmul_8s_8s_7s_15_4_0_U6908/graphsage_po2_qat_partitioned_am_addmul_8s_8s_7s_15_4_0_DSP48_0_U,0,0,9,"",""
l1_neighbor_channel,grp_l1_neighbor_channel_false_8_true_s_fu_6554/am_addmul_8s_8s_7s_15_4_0_U6909/graphsage_po2_qat_partitioned_am_addmul_8s_8s_7s_15_4_0_DSP48_0_U,0,0,9,"",""
l1_neighbor_channel,grp_l1_neighbor_channel_true_12_true_s_fu_6950/add_18ns_18s_18_2_0_U7600,18,19,0,"",""
l1_neighbor_channel,grp_l1_neighbor_channel_true_12_true_s_fu_6950/add_18ns_18s_18_2_0_U7601,18,19,0,"",""
l1_neighbor_channel,grp_l1_neighbor_channel_true_12_true_s_fu_6950/add_18ns_18s_18_2_0_U7602,18,19,0,"",""
l1_neighbor_channel,grp_l1_neighbor_channel_true_12_true_s_fu_6950/add_18ns_18s_18_2_0_U7603,18,19,0,"",""
l1_neighbor_channel,grp_l1_neighbor_channel_true_12_true_s_fu_6950/add_18ns_18s_18_2_0_U7604,18,19,0,"",""
l1_neighbor_channel,grp_l1_neighbor_channel_true_12_true_s_fu_6950/add_18ns_18s_18_2_0_U7605,18,19,0,"",""
l1_neighbor_channel,grp_l1_neighbor_channel_true_12_true_s_fu_6950/add_18ns_18s_18_2_0_U7606,18,19,0,"",""
l1_neighbor_channel,grp_l1_neighbor_channel_true_12_true_s_fu_6950/add_18ns_18s_18_2_0_U7607,18,19,0,"",""
l1_neighbor_channel,grp_l1_neighbor_channel_true_12_true_s_fu_6950/mac_muladd_8s_2s_13s_13_4_0_U7610,0,0,9,"",""
l1_neighbor_channel,grp_l1_neighbor_channel_true_12_true_s_fu_6950/mac_muladd_8s_2s_13s_13_4_0_U7618,0,0,9,"",""
l1_neighbor_channel,grp_l1_neighbor_channel_true_12_true_s_fu_6950/mac_muladd_8s_2s_13s_13_4_0_U7626,0,0,9,"",""
l1_neighbor_channel,grp_l1_neighbor_channel_true_12_true_s_fu_6950/mac_muladd_8s_2s_13s_13_4_0_U7634,0,0,9,"",""
l1_neighbor_channel,grp_l1_neighbor_channel_true_12_true_s_fu_6950/mac_muladd_8s_2s_13s_13_4_0_U7642,0,0,9,"",""
l1_neighbor_channel,grp_l1_neighbor_channel_true_12_true_s_fu_6950/mac_muladd_8s_2s_13s_13_4_0_U7650,0,0,9,"",""
l1_neighbor_channel,grp_l1_neighbor_channel_true_12_true_s_fu_6950/mac_muladd_8s_2s_13s_13_4_0_U7658,0,0,9,"",""
l1_neighbor_channel,grp_l1_neighbor_channel_true_12_true_s_fu_6950/mac_muladd_8s_2s_13s_13_4_0_U7666,0,0,9,"",""
l1_neighbor_channel,grp_l1_neighbor_channel_true_12_true_s_fu_6950/mac_muladd_8s_4s_14s_14_4_0_U7608,0,0,9,"",""
l1_neighbor_channel,grp_l1_neighbor_channel_true_12_true_s_fu_6950/mac_muladd_8s_4s_14s_14_4_0_U7616,0,0,9,"",""
l1_neighbor_channel,grp_l1_neighbor_channel_true_12_true_s_fu_6950/mac_muladd_8s_4s_14s_14_4_0_U7624,0,0,9,"",""
l1_neighbor_channel,grp_l1_neighbor_channel_true_12_true_s_fu_6950/mac_muladd_8s_4s_14s_14_4_0_U7632,0,0,9,"",""
l1_neighbor_channel,grp_l1_neighbor_channel_true_12_true_s_fu_6950/mac_muladd_8s_4s_14s_14_4_0_U7640,0,0,9,"",""
l1_neighbor_channel,grp_l1_neighbor_channel_true_12_true_s_fu_6950/mac_muladd_8s_4s_14s_14_4_0_U7648,0,0,9,"",""
l1_neighbor_channel,grp_l1_neighbor_channel_true_12_true_s_fu_6950/mac_muladd_8s_4s_14s_14_4_0_U7656,0,0,9,"",""
l1_neighbor_channel,grp_l1_neighbor_channel_true_12_true_s_fu_6950/mac_muladd_8s_4s_14s_14_4_0_U7664,0,0,9,"",""
l1_neighbor_channel,grp_l1_neighbor_channel_true_12_true_s_fu_6950/mac_muladd_8s_6ns_15s_15_4_0_U7612,0,0,9,"",""
l1_neighbor_channel,grp_l1_neighbor_channel_true_12_true_s_fu_6950/mac_muladd_8s_6ns_15s_15_4_0_U7620,0,0,9,"",""
l1_neighbor_channel,grp_l1_neighbor_channel_true_12_true_s_fu_6950/mac_muladd_8s_6ns_15s_15_4_0_U7628,0,0,9,"",""
l1_neighbor_channel,grp_l1_neighbor_channel_true_12_true_s_fu_6950/mac_muladd_8s_6ns_15s_15_4_0_U7636,0,0,9,"",""
l1_neighbor_channel,grp_l1_neighbor_channel_true_12_true_s_fu_6950/mac_muladd_8s_6ns_15s_15_4_0_U7644,0,0,9,"",""
l1_neighbor_channel,grp_l1_neighbor_channel_true_12_true_s_fu_6950/mac_muladd_8s_6ns_15s_15_4_0_U7652,0,0,9,"",""
l1_neighbor_channel,grp_l1_neighbor_channel_true_12_true_s_fu_6950/mac_muladd_8s_6ns_15s_15_4_0_U7660,0,0,9,"",""
l1_neighbor_channel,grp_l1_neighbor_channel_true_12_true_s_fu_6950/mac_muladd_8s_6ns_15s_15_4_0_U7668,0,0,9,"",""
l1_neighbor_channel,grp_l1_neighbor_channel_true_12_true_s_fu_6950/mac_muladd_8s_6ns_16s_16_4_0_U7613,0,0,9,"",""
l1_neighbor_channel,grp_l1_neighbor_channel_true_12_true_s_fu_6950/mac_muladd_8s_6ns_16s_16_4_0_U7621,0,0,9,"",""
l1_neighbor_channel,grp_l1_neighbor_channel_true_12_true_s_fu_6950/mac_muladd_8s_6ns_16s_16_4_0_U7629,0,0,9,"",""
l1_neighbor_channel,grp_l1_neighbor_channel_true_12_true_s_fu_6950/mac_muladd_8s_6ns_16s_16_4_0_U7637,0,0,9,"",""
l1_neighbor_channel,grp_l1_neighbor_channel_true_12_true_s_fu_6950/mac_muladd_8s_6ns_16s_16_4_0_U7645,0,0,9,"",""
l1_neighbor_channel,grp_l1_neighbor_channel_true_12_true_s_fu_6950/mac_muladd_8s_6ns_16s_16_4_0_U7653,0,0,9,"",""
l1_neighbor_channel,grp_l1_neighbor_channel_true_12_true_s_fu_6950/mac_muladd_8s_6ns_16s_16_4_0_U7661,0,0,9,"",""
l1_neighbor_channel,grp_l1_neighbor_channel_true_12_true_s_fu_6950/mac_muladd_8s_6ns_16s_16_4_0_U7669,0,0,9,"",""
l1_neighbor_channel,grp_l1_neighbor_channel_true_12_true_s_fu_6950/mac_muladd_8s_6s_13ns_14_4_0_U7611,0,0,9,"",""
l1_neighbor_channel,grp_l1_neighbor_channel_true_12_true_s_fu_6950/mac_muladd_8s_6s_13ns_14_4_0_U7619,0,0,9,"",""
l1_neighbor_channel,grp_l1_neighbor_channel_true_12_true_s_fu_6950/mac_muladd_8s_6s_13ns_14_4_0_U7627,0,0,9,"",""
l1_neighbor_channel,grp_l1_neighbor_channel_true_12_true_s_fu_6950/mac_muladd_8s_6s_13ns_14_4_0_U7635,0,0,9,"",""
l1_neighbor_channel,grp_l1_neighbor_channel_true_12_true_s_fu_6950/mac_muladd_8s_6s_13ns_14_4_0_U7643,0,0,9,"",""
l1_neighbor_channel,grp_l1_neighbor_channel_true_12_true_s_fu_6950/mac_muladd_8s_6s_13ns_14_4_0_U7651,0,0,9,"",""
l1_neighbor_channel,grp_l1_neighbor_channel_true_12_true_s_fu_6950/mac_muladd_8s_6s_13ns_14_4_0_U7659,0,0,9,"",""
l1_neighbor_channel,grp_l1_neighbor_channel_true_12_true_s_fu_6950/mac_muladd_8s_6s_13ns_14_4_0_U7667,0,0,9,"",""
l1_neighbor_channel,grp_l1_neighbor_channel_true_12_true_s_fu_6950/mac_muladd_8s_7ns_16s_16_4_0_U7609,0,0,9,"",""
l1_neighbor_channel,grp_l1_neighbor_channel_true_12_true_s_fu_6950/mac_muladd_8s_7ns_16s_16_4_0_U7617,0,0,9,"",""
l1_neighbor_channel,grp_l1_neighbor_channel_true_12_true_s_fu_6950/mac_muladd_8s_7ns_16s_16_4_0_U7625,0,0,9,"",""
l1_neighbor_channel,grp_l1_neighbor_channel_true_12_true_s_fu_6950/mac_muladd_8s_7ns_16s_16_4_0_U7633,0,0,9,"",""
l1_neighbor_channel,grp_l1_neighbor_channel_true_12_true_s_fu_6950/mac_muladd_8s_7ns_16s_16_4_0_U7641,0,0,9,"",""
l1_neighbor_channel,grp_l1_neighbor_channel_true_12_true_s_fu_6950/mac_muladd_8s_7ns_16s_16_4_0_U7649,0,0,9,"",""
l1_neighbor_channel,grp_l1_neighbor_channel_true_12_true_s_fu_6950/mac_muladd_8s_7ns_16s_16_4_0_U7657,0,0,9,"",""
l1_neighbor_channel,grp_l1_neighbor_channel_true_12_true_s_fu_6950/mac_muladd_8s_7ns_16s_16_4_0_U7665,0,0,9,"",""
l1_neighbor_channel,grp_l1_neighbor_channel_true_12_true_s_fu_6950/mac_muladd_8s_7s_15s_15_4_0_U7614,0,0,9,"",""
l1_neighbor_channel,grp_l1_neighbor_channel_true_12_true_s_fu_6950/mac_muladd_8s_7s_15s_15_4_0_U7615,0,0,9,"",""
l1_neighbor_channel,grp_l1_neighbor_channel_true_12_true_s_fu_6950/mac_muladd_8s_7s_15s_15_4_0_U7622,0,0,9,"",""
l1_neighbor_channel,grp_l1_neighbor_channel_true_12_true_s_fu_6950/mac_muladd_8s_7s_15s_15_4_0_U7623,0,0,9,"",""
l1_neighbor_channel,grp_l1_neighbor_channel_true_12_true_s_fu_6950/mac_muladd_8s_7s_15s_15_4_0_U7630,0,0,9,"",""
l1_neighbor_channel,grp_l1_neighbor_channel_true_12_true_s_fu_6950/mac_muladd_8s_7s_15s_15_4_0_U7631,0,0,9,"",""
l1_neighbor_channel,grp_l1_neighbor_channel_true_12_true_s_fu_6950/mac_muladd_8s_7s_15s_15_4_0_U7638,0,0,9,"",""
l1_neighbor_channel,grp_l1_neighbor_channel_true_12_true_s_fu_6950/mac_muladd_8s_7s_15s_15_4_0_U7639,0,0,9,"",""
l1_neighbor_channel,grp_l1_neighbor_channel_true_12_true_s_fu_6950/mac_muladd_8s_7s_15s_15_4_0_U7646,0,0,9,"",""
l1_neighbor_channel,grp_l1_neighbor_channel_true_12_true_s_fu_6950/mac_muladd_8s_7s_15s_15_4_0_U7647,0,0,9,"",""
l1_neighbor_channel,grp_l1_neighbor_channel_true_12_true_s_fu_6950/mac_muladd_8s_7s_15s_15_4_0_U7654,0,0,9,"",""
l1_neighbor_channel,grp_l1_neighbor_channel_true_12_true_s_fu_6950/mac_muladd_8s_7s_15s_15_4_0_U7655,0,0,9,"",""
l1_neighbor_channel,grp_l1_neighbor_channel_true_12_true_s_fu_6950/mac_muladd_8s_7s_15s_15_4_0_U7662,0,0,9,"",""
l1_neighbor_channel,grp_l1_neighbor_channel_true_12_true_s_fu_6950/mac_muladd_8s_7s_15s_15_4_0_U7663,0,0,9,"",""
l1_neighbor_channel,grp_l1_neighbor_channel_true_12_true_s_fu_6950/mac_muladd_8s_7s_15s_15_4_0_U7670,0,0,9,"",""
l1_neighbor_channel,grp_l1_neighbor_channel_true_12_true_s_fu_6950/mac_muladd_8s_7s_15s_15_4_0_U7671,0,0,9,"",""
l1_neighbor_channel,grp_l1_neighbor_channel_true_12_true_s_fu_6950/mul_8s_6s_14_4_0_U7546,1,26,0,"",""
l1_neighbor_channel,grp_l1_neighbor_channel_true_12_true_s_fu_6950/mul_8s_6s_14_4_0_U7553,1,26,0,"",""
l1_neighbor_channel,grp_l1_neighbor_channel_true_12_true_s_fu_6950/mul_8s_6s_14_4_0_U7560,1,26,0,"",""
l1_neighbor_channel,grp_l1_neighbor_channel_true_12_true_s_fu_6950/mul_8s_6s_14_4_0_U7567,1,26,0,"",""
l1_neighbor_channel,grp_l1_neighbor_channel_true_12_true_s_fu_6950/mul_8s_6s_14_4_0_U7574,1,26,0,"",""
l1_neighbor_channel,grp_l1_neighbor_channel_true_12_true_s_fu_6950/mul_8s_6s_14_4_0_U7581,1,26,0,"",""
l1_neighbor_channel,grp_l1_neighbor_channel_true_12_true_s_fu_6950/mul_8s_6s_14_4_0_U7588,1,26,0,"",""
l1_neighbor_channel,grp_l1_neighbor_channel_true_12_true_s_fu_6950/mul_8s_6s_14_4_0_U7595,1,26,0,"",""
l1_neighbor_channel,grp_l1_neighbor_channel_true_12_true_s_fu_6950/mul_8s_7ns_15_4_0_U7544,0,20,0,"",""
l1_neighbor_channel,grp_l1_neighbor_channel_true_12_true_s_fu_6950/mul_8s_7ns_15_4_0_U7551,0,20,0,"",""
l1_neighbor_channel,grp_l1_neighbor_channel_true_12_true_s_fu_6950/mul_8s_7ns_15_4_0_U7558,0,20,0,"",""
l1_neighbor_channel,grp_l1_neighbor_channel_true_12_true_s_fu_6950/mul_8s_7ns_15_4_0_U7565,0,24,0,"",""
l1_neighbor_channel,grp_l1_neighbor_channel_true_12_true_s_fu_6950/mul_8s_7ns_15_4_0_U7572,0,20,0,"",""
l1_neighbor_channel,grp_l1_neighbor_channel_true_12_true_s_fu_6950/mul_8s_7ns_15_4_0_U7579,0,20,0,"",""
l1_neighbor_channel,grp_l1_neighbor_channel_true_12_true_s_fu_6950/mul_8s_7ns_15_4_0_U7586,0,20,0,"",""
l1_neighbor_channel,grp_l1_neighbor_channel_true_12_true_s_fu_6950/mul_8s_7ns_15_4_0_U7593,0,20,0,"",""
l1_neighbor_channel,grp_l1_neighbor_channel_true_12_true_s_fu_6950/mul_8s_8ns_16_4_0_U7545,4,30,0,"",""
l1_neighbor_channel,grp_l1_neighbor_channel_true_12_true_s_fu_6950/mul_8s_8ns_16_4_0_U7547,3,22,0,"",""
l1_neighbor_channel,grp_l1_neighbor_channel_true_12_true_s_fu_6950/mul_8s_8ns_16_4_0_U7549,4,24,0,"",""
l1_neighbor_channel,grp_l1_neighbor_channel_true_12_true_s_fu_6950/mul_8s_8ns_16_4_0_U7550,5,30,0,"",""
l1_neighbor_channel,grp_l1_neighbor_channel_true_12_true_s_fu_6950/mul_8s_8ns_16_4_0_U7552,4,30,0,"",""
l1_neighbor_channel,grp_l1_neighbor_channel_true_12_true_s_fu_6950/mul_8s_8ns_16_4_0_U7554,3,22,0,"",""
l1_neighbor_channel,grp_l1_neighbor_channel_true_12_true_s_fu_6950/mul_8s_8ns_16_4_0_U7556,4,24,0,"",""
l1_neighbor_channel,grp_l1_neighbor_channel_true_12_true_s_fu_6950/mul_8s_8ns_16_4_0_U7557,5,30,0,"",""
l1_neighbor_channel,grp_l1_neighbor_channel_true_12_true_s_fu_6950/mul_8s_8ns_16_4_0_U7559,4,30,0,"",""
l1_neighbor_channel,grp_l1_neighbor_channel_true_12_true_s_fu_6950/mul_8s_8ns_16_4_0_U7561,3,22,0,"",""
l1_neighbor_channel,grp_l1_neighbor_channel_true_12_true_s_fu_6950/mul_8s_8ns_16_4_0_U7563,4,24,0,"",""
l1_neighbor_channel,grp_l1_neighbor_channel_true_12_true_s_fu_6950/mul_8s_8ns_16_4_0_U7564,5,30,0,"",""
l1_neighbor_channel,grp_l1_neighbor_channel_true_12_true_s_fu_6950/mul_8s_8ns_16_4_0_U7566,4,30,0,"",""
l1_neighbor_channel,grp_l1_neighbor_channel_true_12_true_s_fu_6950/mul_8s_8ns_16_4_0_U7568,3,22,0,"",""
l1_neighbor_channel,grp_l1_neighbor_channel_true_12_true_s_fu_6950/mul_8s_8ns_16_4_0_U7570,4,24,0,"",""
l1_neighbor_channel,grp_l1_neighbor_channel_true_12_true_s_fu_6950/mul_8s_8ns_16_4_0_U7571,5,30,0,"",""
l1_neighbor_channel,grp_l1_neighbor_channel_true_12_true_s_fu_6950/mul_8s_8ns_16_4_0_U7573,4,30,0,"",""
l1_neighbor_channel,grp_l1_neighbor_channel_true_12_true_s_fu_6950/mul_8s_8ns_16_4_0_U7575,3,22,0,"",""
l1_neighbor_channel,grp_l1_neighbor_channel_true_12_true_s_fu_6950/mul_8s_8ns_16_4_0_U7577,4,24,0,"",""
l1_neighbor_channel,grp_l1_neighbor_channel_true_12_true_s_fu_6950/mul_8s_8ns_16_4_0_U7578,5,30,0,"",""
l1_neighbor_channel,grp_l1_neighbor_channel_true_12_true_s_fu_6950/mul_8s_8ns_16_4_0_U7580,4,30,0,"",""
l1_neighbor_channel,grp_l1_neighbor_channel_true_12_true_s_fu_6950/mul_8s_8ns_16_4_0_U7582,3,22,0,"",""
l1_neighbor_channel,grp_l1_neighbor_channel_true_12_true_s_fu_6950/mul_8s_8ns_16_4_0_U7584,4,24,0,"",""
l1_neighbor_channel,grp_l1_neighbor_channel_true_12_true_s_fu_6950/mul_8s_8ns_16_4_0_U7585,5,30,0,"",""
l1_neighbor_channel,grp_l1_neighbor_channel_true_12_true_s_fu_6950/mul_8s_8ns_16_4_0_U7587,4,30,0,"",""
l1_neighbor_channel,grp_l1_neighbor_channel_true_12_true_s_fu_6950/mul_8s_8ns_16_4_0_U7589,3,22,0,"",""
l1_neighbor_channel,grp_l1_neighbor_channel_true_12_true_s_fu_6950/mul_8s_8ns_16_4_0_U7591,4,24,0,"",""
l1_neighbor_channel,grp_l1_neighbor_channel_true_12_true_s_fu_6950/mul_8s_8ns_16_4_0_U7592,5,30,0,"",""
l1_neighbor_channel,grp_l1_neighbor_channel_true_12_true_s_fu_6950/mul_8s_8ns_16_4_0_U7594,4,30,0,"",""
l1_neighbor_channel,grp_l1_neighbor_channel_true_12_true_s_fu_6950/mul_8s_8ns_16_4_0_U7596,3,22,0,"",""
l1_neighbor_channel,grp_l1_neighbor_channel_true_12_true_s_fu_6950/mul_8s_8ns_16_4_0_U7598,4,24,0,"",""
l1_neighbor_channel,grp_l1_neighbor_channel_true_12_true_s_fu_6950/mul_8s_8ns_16_4_0_U7599,5,30,0,"",""
l1_neighbor_channel,grp_l1_neighbor_channel_true_12_true_s_fu_6950/mul_8s_8s_16_4_0_U7548,2,32,0,"",""
l1_neighbor_channel,grp_l1_neighbor_channel_true_12_true_s_fu_6950/mul_8s_8s_16_4_0_U7555,2,32,0,"",""
l1_neighbor_channel,grp_l1_neighbor_channel_true_12_true_s_fu_6950/mul_8s_8s_16_4_0_U7562,2,32,0,"",""
l1_neighbor_channel,grp_l1_neighbor_channel_true_12_true_s_fu_6950/mul_8s_8s_16_4_0_U7569,2,32,0,"",""
l1_neighbor_channel,grp_l1_neighbor_channel_true_12_true_s_fu_6950/mul_8s_8s_16_4_0_U7576,2,32,0,"",""
l1_neighbor_channel,grp_l1_neighbor_channel_true_12_true_s_fu_6950/mul_8s_8s_16_4_0_U7583,2,32,0,"",""
l1_neighbor_channel,grp_l1_neighbor_channel_true_12_true_s_fu_6950/mul_8s_8s_16_4_0_U7590,2,32,0,"",""
l1_neighbor_channel,grp_l1_neighbor_channel_true_12_true_s_fu_6950/mul_8s_8s_16_4_0_U7597,2,32,0,"",""
l1_neighbor_channel,grp_l1_neighbor_channel_true_12_true_s_fu_6950/add_18ns_18s_18_2_0_U7600/u1,9,0,0,"",""
l1_neighbor_channel,grp_l1_neighbor_channel_true_12_true_s_fu_6950/add_18ns_18s_18_2_0_U7600/u2,9,0,0,"",""
l1_neighbor_channel,grp_l1_neighbor_channel_true_12_true_s_fu_6950/add_18ns_18s_18_2_0_U7601/u1,9,0,0,"",""
l1_neighbor_channel,grp_l1_neighbor_channel_true_12_true_s_fu_6950/add_18ns_18s_18_2_0_U7601/u2,9,0,0,"",""
l1_neighbor_channel,grp_l1_neighbor_channel_true_12_true_s_fu_6950/add_18ns_18s_18_2_0_U7602/u1,9,0,0,"",""
l1_neighbor_channel,grp_l1_neighbor_channel_true_12_true_s_fu_6950/add_18ns_18s_18_2_0_U7602/u2,9,0,0,"",""
l1_neighbor_channel,grp_l1_neighbor_channel_true_12_true_s_fu_6950/add_18ns_18s_18_2_0_U7603/u1,9,0,0,"",""
l1_neighbor_channel,grp_l1_neighbor_channel_true_12_true_s_fu_6950/add_18ns_18s_18_2_0_U7603/u2,9,0,0,"",""
l1_neighbor_channel,grp_l1_neighbor_channel_true_12_true_s_fu_6950/add_18ns_18s_18_2_0_U7604/u1,9,0,0,"",""
l1_neighbor_channel,grp_l1_neighbor_channel_true_12_true_s_fu_6950/add_18ns_18s_18_2_0_U7604/u2,9,0,0,"",""
l1_neighbor_channel,grp_l1_neighbor_channel_true_12_true_s_fu_6950/add_18ns_18s_18_2_0_U7605/u1,9,0,0,"",""
l1_neighbor_channel,grp_l1_neighbor_channel_true_12_true_s_fu_6950/add_18ns_18s_18_2_0_U7605/u2,9,0,0,"",""
l1_neighbor_channel,grp_l1_neighbor_channel_true_12_true_s_fu_6950/add_18ns_18s_18_2_0_U7606/u1,9,0,0,"",""
l1_neighbor_channel,grp_l1_neighbor_channel_true_12_true_s_fu_6950/add_18ns_18s_18_2_0_U7606/u2,9,0,0,"",""
l1_neighbor_channel,grp_l1_neighbor_channel_true_12_true_s_fu_6950/add_18ns_18s_18_2_0_U7607/u1,9,0,0,"",""
l1_neighbor_channel,grp_l1_neighbor_channel_true_12_true_s_fu_6950/add_18ns_18s_18_2_0_U7607/u2,9,0,0,"",""
l1_neighbor_channel,grp_l1_neighbor_channel_true_12_true_s_fu_6950/mac_muladd_8s_2s_13s_13_4_0_U7610/graphsage_po2_qat_partitioned_mac_muladd_8s_2s_13s_13_4_0_DSP48_0_U,0,0,9,"",""
l1_neighbor_channel,grp_l1_neighbor_channel_true_12_true_s_fu_6950/mac_muladd_8s_2s_13s_13_4_0_U7618/graphsage_po2_qat_partitioned_mac_muladd_8s_2s_13s_13_4_0_DSP48_0_U,0,0,9,"",""
l1_neighbor_channel,grp_l1_neighbor_channel_true_12_true_s_fu_6950/mac_muladd_8s_2s_13s_13_4_0_U7626/graphsage_po2_qat_partitioned_mac_muladd_8s_2s_13s_13_4_0_DSP48_0_U,0,0,9,"",""
l1_neighbor_channel,grp_l1_neighbor_channel_true_12_true_s_fu_6950/mac_muladd_8s_2s_13s_13_4_0_U7634/graphsage_po2_qat_partitioned_mac_muladd_8s_2s_13s_13_4_0_DSP48_0_U,0,0,9,"",""
l1_neighbor_channel,grp_l1_neighbor_channel_true_12_true_s_fu_6950/mac_muladd_8s_2s_13s_13_4_0_U7642/graphsage_po2_qat_partitioned_mac_muladd_8s_2s_13s_13_4_0_DSP48_0_U,0,0,9,"",""
l1_neighbor_channel,grp_l1_neighbor_channel_true_12_true_s_fu_6950/mac_muladd_8s_2s_13s_13_4_0_U7650/graphsage_po2_qat_partitioned_mac_muladd_8s_2s_13s_13_4_0_DSP48_0_U,0,0,9,"",""
l1_neighbor_channel,grp_l1_neighbor_channel_true_12_true_s_fu_6950/mac_muladd_8s_2s_13s_13_4_0_U7658/graphsage_po2_qat_partitioned_mac_muladd_8s_2s_13s_13_4_0_DSP48_0_U,0,0,9,"",""
l1_neighbor_channel,grp_l1_neighbor_channel_true_12_true_s_fu_6950/mac_muladd_8s_2s_13s_13_4_0_U7666/graphsage_po2_qat_partitioned_mac_muladd_8s_2s_13s_13_4_0_DSP48_0_U,0,0,9,"",""
l1_neighbor_channel,grp_l1_neighbor_channel_true_12_true_s_fu_6950/mac_muladd_8s_4s_14s_14_4_0_U7608/graphsage_po2_qat_partitioned_mac_muladd_8s_4s_14s_14_4_0_DSP48_0_U,0,0,9,"",""
l1_neighbor_channel,grp_l1_neighbor_channel_true_12_true_s_fu_6950/mac_muladd_8s_4s_14s_14_4_0_U7616/graphsage_po2_qat_partitioned_mac_muladd_8s_4s_14s_14_4_0_DSP48_0_U,0,0,9,"",""
l1_neighbor_channel,grp_l1_neighbor_channel_true_12_true_s_fu_6950/mac_muladd_8s_4s_14s_14_4_0_U7624/graphsage_po2_qat_partitioned_mac_muladd_8s_4s_14s_14_4_0_DSP48_0_U,0,0,9,"",""
l1_neighbor_channel,grp_l1_neighbor_channel_true_12_true_s_fu_6950/mac_muladd_8s_4s_14s_14_4_0_U7632/graphsage_po2_qat_partitioned_mac_muladd_8s_4s_14s_14_4_0_DSP48_0_U,0,0,9,"",""
l1_neighbor_channel,grp_l1_neighbor_channel_true_12_true_s_fu_6950/mac_muladd_8s_4s_14s_14_4_0_U7640/graphsage_po2_qat_partitioned_mac_muladd_8s_4s_14s_14_4_0_DSP48_0_U,0,0,9,"",""
l1_neighbor_channel,grp_l1_neighbor_channel_true_12_true_s_fu_6950/mac_muladd_8s_4s_14s_14_4_0_U7648/graphsage_po2_qat_partitioned_mac_muladd_8s_4s_14s_14_4_0_DSP48_0_U,0,0,9,"",""
l1_neighbor_channel,grp_l1_neighbor_channel_true_12_true_s_fu_6950/mac_muladd_8s_4s_14s_14_4_0_U7656/graphsage_po2_qat_partitioned_mac_muladd_8s_4s_14s_14_4_0_DSP48_0_U,0,0,9,"",""
l1_neighbor_channel,grp_l1_neighbor_channel_true_12_true_s_fu_6950/mac_muladd_8s_4s_14s_14_4_0_U7664/graphsage_po2_qat_partitioned_mac_muladd_8s_4s_14s_14_4_0_DSP48_0_U,0,0,9,"",""
l1_neighbor_channel,grp_l1_neighbor_channel_true_12_true_s_fu_6950/mac_muladd_8s_6ns_15s_15_4_0_U7612/graphsage_po2_qat_partitioned_mac_muladd_8s_6ns_15s_15_4_0_DSP48_0_U,0,0,9,"",""
l1_neighbor_channel,grp_l1_neighbor_channel_true_12_true_s_fu_6950/mac_muladd_8s_6ns_15s_15_4_0_U7620/graphsage_po2_qat_partitioned_mac_muladd_8s_6ns_15s_15_4_0_DSP48_0_U,0,0,9,"",""
l1_neighbor_channel,grp_l1_neighbor_channel_true_12_true_s_fu_6950/mac_muladd_8s_6ns_15s_15_4_0_U7628/graphsage_po2_qat_partitioned_mac_muladd_8s_6ns_15s_15_4_0_DSP48_0_U,0,0,9,"",""
l1_neighbor_channel,grp_l1_neighbor_channel_true_12_true_s_fu_6950/mac_muladd_8s_6ns_15s_15_4_0_U7636/graphsage_po2_qat_partitioned_mac_muladd_8s_6ns_15s_15_4_0_DSP48_0_U,0,0,9,"",""
l1_neighbor_channel,grp_l1_neighbor_channel_true_12_true_s_fu_6950/mac_muladd_8s_6ns_15s_15_4_0_U7644/graphsage_po2_qat_partitioned_mac_muladd_8s_6ns_15s_15_4_0_DSP48_0_U,0,0,9,"",""
l1_neighbor_channel,grp_l1_neighbor_channel_true_12_true_s_fu_6950/mac_muladd_8s_6ns_15s_15_4_0_U7652/graphsage_po2_qat_partitioned_mac_muladd_8s_6ns_15s_15_4_0_DSP48_0_U,0,0,9,"",""
l1_neighbor_channel,grp_l1_neighbor_channel_true_12_true_s_fu_6950/mac_muladd_8s_6ns_15s_15_4_0_U7660/graphsage_po2_qat_partitioned_mac_muladd_8s_6ns_15s_15_4_0_DSP48_0_U,0,0,9,"",""
l1_neighbor_channel,grp_l1_neighbor_channel_true_12_true_s_fu_6950/mac_muladd_8s_6ns_15s_15_4_0_U7668/graphsage_po2_qat_partitioned_mac_muladd_8s_6ns_15s_15_4_0_DSP48_0_U,0,0,9,"",""
l1_neighbor_channel,grp_l1_neighbor_channel_true_12_true_s_fu_6950/mac_muladd_8s_6ns_16s_16_4_0_U7613/graphsage_po2_qat_partitioned_mac_muladd_8s_6ns_16s_16_4_0_DSP48_0_U,0,0,9,"",""
l1_neighbor_channel,grp_l1_neighbor_channel_true_12_true_s_fu_6950/mac_muladd_8s_6ns_16s_16_4_0_U7621/graphsage_po2_qat_partitioned_mac_muladd_8s_6ns_16s_16_4_0_DSP48_0_U,0,0,9,"",""
l1_neighbor_channel,grp_l1_neighbor_channel_true_12_true_s_fu_6950/mac_muladd_8s_6ns_16s_16_4_0_U7629/graphsage_po2_qat_partitioned_mac_muladd_8s_6ns_16s_16_4_0_DSP48_0_U,0,0,9,"",""
l1_neighbor_channel,grp_l1_neighbor_channel_true_12_true_s_fu_6950/mac_muladd_8s_6ns_16s_16_4_0_U7637/graphsage_po2_qat_partitioned_mac_muladd_8s_6ns_16s_16_4_0_DSP48_0_U,0,0,9,"",""
l1_neighbor_channel,grp_l1_neighbor_channel_true_12_true_s_fu_6950/mac_muladd_8s_6ns_16s_16_4_0_U7645/graphsage_po2_qat_partitioned_mac_muladd_8s_6ns_16s_16_4_0_DSP48_0_U,0,0,9,"",""
l1_neighbor_channel,grp_l1_neighbor_channel_true_12_true_s_fu_6950/mac_muladd_8s_6ns_16s_16_4_0_U7653/graphsage_po2_qat_partitioned_mac_muladd_8s_6ns_16s_16_4_0_DSP48_0_U,0,0,9,"",""
l1_neighbor_channel,grp_l1_neighbor_channel_true_12_true_s_fu_6950/mac_muladd_8s_6ns_16s_16_4_0_U7661/graphsage_po2_qat_partitioned_mac_muladd_8s_6ns_16s_16_4_0_DSP48_0_U,0,0,9,"",""
l1_neighbor_channel,grp_l1_neighbor_channel_true_12_true_s_fu_6950/mac_muladd_8s_6ns_16s_16_4_0_U7669/graphsage_po2_qat_partitioned_mac_muladd_8s_6ns_16s_16_4_0_DSP48_0_U,0,0,9,"",""
l1_neighbor_channel,grp_l1_neighbor_channel_true_12_true_s_fu_6950/mac_muladd_8s_6s_13ns_14_4_0_U7611/graphsage_po2_qat_partitioned_mac_muladd_8s_6s_13ns_14_4_0_DSP48_0_U,0,0,9,"",""
l1_neighbor_channel,grp_l1_neighbor_channel_true_12_true_s_fu_6950/mac_muladd_8s_6s_13ns_14_4_0_U7619/graphsage_po2_qat_partitioned_mac_muladd_8s_6s_13ns_14_4_0_DSP48_0_U,0,0,9,"",""
l1_neighbor_channel,grp_l1_neighbor_channel_true_12_true_s_fu_6950/mac_muladd_8s_6s_13ns_14_4_0_U7627/graphsage_po2_qat_partitioned_mac_muladd_8s_6s_13ns_14_4_0_DSP48_0_U,0,0,9,"",""
l1_neighbor_channel,grp_l1_neighbor_channel_true_12_true_s_fu_6950/mac_muladd_8s_6s_13ns_14_4_0_U7635/graphsage_po2_qat_partitioned_mac_muladd_8s_6s_13ns_14_4_0_DSP48_0_U,0,0,9,"",""
l1_neighbor_channel,grp_l1_neighbor_channel_true_12_true_s_fu_6950/mac_muladd_8s_6s_13ns_14_4_0_U7643/graphsage_po2_qat_partitioned_mac_muladd_8s_6s_13ns_14_4_0_DSP48_0_U,0,0,9,"",""
l1_neighbor_channel,grp_l1_neighbor_channel_true_12_true_s_fu_6950/mac_muladd_8s_6s_13ns_14_4_0_U7651/graphsage_po2_qat_partitioned_mac_muladd_8s_6s_13ns_14_4_0_DSP48_0_U,0,0,9,"",""
l1_neighbor_channel,grp_l1_neighbor_channel_true_12_true_s_fu_6950/mac_muladd_8s_6s_13ns_14_4_0_U7659/graphsage_po2_qat_partitioned_mac_muladd_8s_6s_13ns_14_4_0_DSP48_0_U,0,0,9,"",""
l1_neighbor_channel,grp_l1_neighbor_channel_true_12_true_s_fu_6950/mac_muladd_8s_6s_13ns_14_4_0_U7667/graphsage_po2_qat_partitioned_mac_muladd_8s_6s_13ns_14_4_0_DSP48_0_U,0,0,9,"",""
l1_neighbor_channel,grp_l1_neighbor_channel_true_12_true_s_fu_6950/mac_muladd_8s_7ns_16s_16_4_0_U7609/graphsage_po2_qat_partitioned_mac_muladd_8s_7ns_16s_16_4_0_DSP48_0_U,0,0,9,"",""
l1_neighbor_channel,grp_l1_neighbor_channel_true_12_true_s_fu_6950/mac_muladd_8s_7ns_16s_16_4_0_U7617/graphsage_po2_qat_partitioned_mac_muladd_8s_7ns_16s_16_4_0_DSP48_0_U,0,0,9,"",""
l1_neighbor_channel,grp_l1_neighbor_channel_true_12_true_s_fu_6950/mac_muladd_8s_7ns_16s_16_4_0_U7625/graphsage_po2_qat_partitioned_mac_muladd_8s_7ns_16s_16_4_0_DSP48_0_U,0,0,9,"",""
l1_neighbor_channel,grp_l1_neighbor_channel_true_12_true_s_fu_6950/mac_muladd_8s_7ns_16s_16_4_0_U7633/graphsage_po2_qat_partitioned_mac_muladd_8s_7ns_16s_16_4_0_DSP48_0_U,0,0,9,"",""
l1_neighbor_channel,grp_l1_neighbor_channel_true_12_true_s_fu_6950/mac_muladd_8s_7ns_16s_16_4_0_U7641/graphsage_po2_qat_partitioned_mac_muladd_8s_7ns_16s_16_4_0_DSP48_0_U,0,0,9,"",""
l1_neighbor_channel,grp_l1_neighbor_channel_true_12_true_s_fu_6950/mac_muladd_8s_7ns_16s_16_4_0_U7649/graphsage_po2_qat_partitioned_mac_muladd_8s_7ns_16s_16_4_0_DSP48_0_U,0,0,9,"",""
l1_neighbor_channel,grp_l1_neighbor_channel_true_12_true_s_fu_6950/mac_muladd_8s_7ns_16s_16_4_0_U7657/graphsage_po2_qat_partitioned_mac_muladd_8s_7ns_16s_16_4_0_DSP48_0_U,0,0,9,"",""
l1_neighbor_channel,grp_l1_neighbor_channel_true_12_true_s_fu_6950/mac_muladd_8s_7ns_16s_16_4_0_U7665/graphsage_po2_qat_partitioned_mac_muladd_8s_7ns_16s_16_4_0_DSP48_0_U,0,0,9,"",""
l1_neighbor_channel,grp_l1_neighbor_channel_true_12_true_s_fu_6950/mac_muladd_8s_7s_15s_15_4_0_U7614/graphsage_po2_qat_partitioned_mac_muladd_8s_7s_15s_15_4_0_DSP48_0_U,0,0,9,"",""
l1_neighbor_channel,grp_l1_neighbor_channel_true_12_true_s_fu_6950/mac_muladd_8s_7s_15s_15_4_0_U7615/graphsage_po2_qat_partitioned_mac_muladd_8s_7s_15s_15_4_0_DSP48_0_U,0,0,9,"",""
l1_neighbor_channel,grp_l1_neighbor_channel_true_12_true_s_fu_6950/mac_muladd_8s_7s_15s_15_4_0_U7622/graphsage_po2_qat_partitioned_mac_muladd_8s_7s_15s_15_4_0_DSP48_0_U,0,0,9,"",""
l1_neighbor_channel,grp_l1_neighbor_channel_true_12_true_s_fu_6950/mac_muladd_8s_7s_15s_15_4_0_U7623/graphsage_po2_qat_partitioned_mac_muladd_8s_7s_15s_15_4_0_DSP48_0_U,0,0,9,"",""
l1_neighbor_channel,grp_l1_neighbor_channel_true_12_true_s_fu_6950/mac_muladd_8s_7s_15s_15_4_0_U7630/graphsage_po2_qat_partitioned_mac_muladd_8s_7s_15s_15_4_0_DSP48_0_U,0,0,9,"",""
l1_neighbor_channel,grp_l1_neighbor_channel_true_12_true_s_fu_6950/mac_muladd_8s_7s_15s_15_4_0_U7631/graphsage_po2_qat_partitioned_mac_muladd_8s_7s_15s_15_4_0_DSP48_0_U,0,0,9,"",""
l1_neighbor_channel,grp_l1_neighbor_channel_true_12_true_s_fu_6950/mac_muladd_8s_7s_15s_15_4_0_U7638/graphsage_po2_qat_partitioned_mac_muladd_8s_7s_15s_15_4_0_DSP48_0_U,0,0,9,"",""
l1_neighbor_channel,grp_l1_neighbor_channel_true_12_true_s_fu_6950/mac_muladd_8s_7s_15s_15_4_0_U7639/graphsage_po2_qat_partitioned_mac_muladd_8s_7s_15s_15_4_0_DSP48_0_U,0,0,9,"",""
l1_neighbor_channel,grp_l1_neighbor_channel_true_12_true_s_fu_6950/mac_muladd_8s_7s_15s_15_4_0_U7646/graphsage_po2_qat_partitioned_mac_muladd_8s_7s_15s_15_4_0_DSP48_0_U,0,0,9,"",""
l1_neighbor_channel,grp_l1_neighbor_channel_true_12_true_s_fu_6950/mac_muladd_8s_7s_15s_15_4_0_U7647/graphsage_po2_qat_partitioned_mac_muladd_8s_7s_15s_15_4_0_DSP48_0_U,0,0,9,"",""
l1_neighbor_channel,grp_l1_neighbor_channel_true_12_true_s_fu_6950/mac_muladd_8s_7s_15s_15_4_0_U7654/graphsage_po2_qat_partitioned_mac_muladd_8s_7s_15s_15_4_0_DSP48_0_U,0,0,9,"",""
l1_neighbor_channel,grp_l1_neighbor_channel_true_12_true_s_fu_6950/mac_muladd_8s_7s_15s_15_4_0_U7655/graphsage_po2_qat_partitioned_mac_muladd_8s_7s_15s_15_4_0_DSP48_0_U,0,0,9,"",""
l1_neighbor_channel,grp_l1_neighbor_channel_true_12_true_s_fu_6950/mac_muladd_8s_7s_15s_15_4_0_U7662/graphsage_po2_qat_partitioned_mac_muladd_8s_7s_15s_15_4_0_DSP48_0_U,0,0,9,"",""
l1_neighbor_channel,grp_l1_neighbor_channel_true_12_true_s_fu_6950/mac_muladd_8s_7s_15s_15_4_0_U7663/graphsage_po2_qat_partitioned_mac_muladd_8s_7s_15s_15_4_0_DSP48_0_U,0,0,9,"",""
l1_neighbor_channel,grp_l1_neighbor_channel_true_12_true_s_fu_6950/mac_muladd_8s_7s_15s_15_4_0_U7670/graphsage_po2_qat_partitioned_mac_muladd_8s_7s_15s_15_4_0_DSP48_0_U,0,0,9,"",""
l1_neighbor_channel,grp_l1_neighbor_channel_true_12_true_s_fu_6950/mac_muladd_8s_7s_15s_15_4_0_U7671/graphsage_po2_qat_partitioned_mac_muladd_8s_7s_15s_15_4_0_DSP48_0_U,0,0,9,"",""
l1_neighbor_channel,grp_l1_neighbor_channel_true_2_true_s_fu_5818/add_18s_18s_18_2_0_U5393,18,18,0,"",""
l1_neighbor_channel,grp_l1_neighbor_channel_true_2_true_s_fu_5818/add_18s_18s_18_2_0_U5394,18,18,0,"",""
l1_neighbor_channel,grp_l1_neighbor_channel_true_2_true_s_fu_5818/add_18s_18s_18_2_0_U5395,18,18,0,"",""
l1_neighbor_channel,grp_l1_neighbor_channel_true_2_true_s_fu_5818/add_18s_18s_18_2_0_U5396,18,18,0,"",""
l1_neighbor_channel,grp_l1_neighbor_channel_true_2_true_s_fu_5818/add_18s_18s_18_2_0_U5397,18,18,0,"",""
l1_neighbor_channel,grp_l1_neighbor_channel_true_2_true_s_fu_5818/add_18s_18s_18_2_0_U5398,18,18,0,"",""
l1_neighbor_channel,grp_l1_neighbor_channel_true_2_true_s_fu_5818/add_18s_18s_18_2_0_U5399,18,18,0,"",""
l1_neighbor_channel,grp_l1_neighbor_channel_true_2_true_s_fu_5818/add_18s_18s_18_2_0_U5400,18,18,0,"",""
l1_neighbor_channel,grp_l1_neighbor_channel_true_2_true_s_fu_5818/mac_muladd_8s_4ns_15s_15_4_0_U5405,0,0,9,"",""
l1_neighbor_channel,grp_l1_neighbor_channel_true_2_true_s_fu_5818/mac_muladd_8s_4ns_15s_15_4_0_U5411,0,0,9,"",""
l1_neighbor_channel,grp_l1_neighbor_channel_true_2_true_s_fu_5818/mac_muladd_8s_4ns_15s_15_4_0_U5417,0,0,9,"",""
l1_neighbor_channel,grp_l1_neighbor_channel_true_2_true_s_fu_5818/mac_muladd_8s_4ns_15s_15_4_0_U5423,0,0,9,"",""
l1_neighbor_channel,grp_l1_neighbor_channel_true_2_true_s_fu_5818/mac_muladd_8s_4ns_15s_15_4_0_U5429,0,0,9,"",""
l1_neighbor_channel,grp_l1_neighbor_channel_true_2_true_s_fu_5818/mac_muladd_8s_4ns_15s_15_4_0_U5435,0,0,9,"",""
l1_neighbor_channel,grp_l1_neighbor_channel_true_2_true_s_fu_5818/mac_muladd_8s_4ns_15s_15_4_0_U5441,0,0,9,"",""
l1_neighbor_channel,grp_l1_neighbor_channel_true_2_true_s_fu_5818/mac_muladd_8s_4ns_15s_15_4_0_U5447,0,0,9,"",""
l1_neighbor_channel,grp_l1_neighbor_channel_true_2_true_s_fu_5818/mac_muladd_8s_5ns_15s_15_4_0_U5401,0,0,9,"",""
l1_neighbor_channel,grp_l1_neighbor_channel_true_2_true_s_fu_5818/mac_muladd_8s_5ns_15s_15_4_0_U5402,0,0,9,"",""
l1_neighbor_channel,grp_l1_neighbor_channel_true_2_true_s_fu_5818/mac_muladd_8s_5ns_15s_15_4_0_U5407,0,0,9,"",""
l1_neighbor_channel,grp_l1_neighbor_channel_true_2_true_s_fu_5818/mac_muladd_8s_5ns_15s_15_4_0_U5408,0,0,9,"",""
l1_neighbor_channel,grp_l1_neighbor_channel_true_2_true_s_fu_5818/mac_muladd_8s_5ns_15s_15_4_0_U5413,0,0,9,"",""
l1_neighbor_channel,grp_l1_neighbor_channel_true_2_true_s_fu_5818/mac_muladd_8s_5ns_15s_15_4_0_U5414,0,0,9,"",""
l1_neighbor_channel,grp_l1_neighbor_channel_true_2_true_s_fu_5818/mac_muladd_8s_5ns_15s_15_4_0_U5419,0,0,9,"",""
l1_neighbor_channel,grp_l1_neighbor_channel_true_2_true_s_fu_5818/mac_muladd_8s_5ns_15s_15_4_0_U5420,0,0,9,"",""
l1_neighbor_channel,grp_l1_neighbor_channel_true_2_true_s_fu_5818/mac_muladd_8s_5ns_15s_15_4_0_U5425,0,0,9,"",""
l1_neighbor_channel,grp_l1_neighbor_channel_true_2_true_s_fu_5818/mac_muladd_8s_5ns_15s_15_4_0_U5426,0,0,9,"",""
l1_neighbor_channel,grp_l1_neighbor_channel_true_2_true_s_fu_5818/mac_muladd_8s_5ns_15s_15_4_0_U5431,0,0,9,"",""
l1_neighbor_channel,grp_l1_neighbor_channel_true_2_true_s_fu_5818/mac_muladd_8s_5ns_15s_15_4_0_U5432,0,0,9,"",""
l1_neighbor_channel,grp_l1_neighbor_channel_true_2_true_s_fu_5818/mac_muladd_8s_5ns_15s_15_4_0_U5437,0,0,9,"",""
l1_neighbor_channel,grp_l1_neighbor_channel_true_2_true_s_fu_5818/mac_muladd_8s_5ns_15s_15_4_0_U5438,0,0,9,"",""
l1_neighbor_channel,grp_l1_neighbor_channel_true_2_true_s_fu_5818/mac_muladd_8s_5ns_15s_15_4_0_U5443,0,0,9,"",""
l1_neighbor_channel,grp_l1_neighbor_channel_true_2_true_s_fu_5818/mac_muladd_8s_5ns_15s_15_4_0_U5444,0,0,9,"",""
l1_neighbor_channel,grp_l1_neighbor_channel_true_2_true_s_fu_5818/mac_muladd_8s_6ns_15s_15_4_0_U5403,0,0,9,"",""
l1_neighbor_channel,grp_l1_neighbor_channel_true_2_true_s_fu_5818/mac_muladd_8s_6ns_15s_15_4_0_U5409,0,0,9,"",""
l1_neighbor_channel,grp_l1_neighbor_channel_true_2_true_s_fu_5818/mac_muladd_8s_6ns_15s_15_4_0_U5415,0,0,9,"",""
l1_neighbor_channel,grp_l1_neighbor_channel_true_2_true_s_fu_5818/mac_muladd_8s_6ns_15s_15_4_0_U5421,0,0,9,"",""
l1_neighbor_channel,grp_l1_neighbor_channel_true_2_true_s_fu_5818/mac_muladd_8s_6ns_15s_15_4_0_U5427,0,0,9,"",""
l1_neighbor_channel,grp_l1_neighbor_channel_true_2_true_s_fu_5818/mac_muladd_8s_6ns_15s_15_4_0_U5433,0,0,9,"",""
l1_neighbor_channel,grp_l1_neighbor_channel_true_2_true_s_fu_5818/mac_muladd_8s_6ns_15s_15_4_0_U5439,0,0,9,"",""
l1_neighbor_channel,grp_l1_neighbor_channel_true_2_true_s_fu_5818/mac_muladd_8s_6ns_15s_15_4_0_U5445,0,0,9,"",""
l1_neighbor_channel,grp_l1_neighbor_channel_true_2_true_s_fu_5818/mac_muladd_8s_6ns_16s_16_4_0_U5406,0,0,9,"",""
l1_neighbor_channel,grp_l1_neighbor_channel_true_2_true_s_fu_5818/mac_muladd_8s_6ns_16s_16_4_0_U5412,0,0,9,"",""
l1_neighbor_channel,grp_l1_neighbor_channel_true_2_true_s_fu_5818/mac_muladd_8s_6ns_16s_16_4_0_U5418,0,0,9,"",""
l1_neighbor_channel,grp_l1_neighbor_channel_true_2_true_s_fu_5818/mac_muladd_8s_6ns_16s_16_4_0_U5424,0,0,9,"",""
l1_neighbor_channel,grp_l1_neighbor_channel_true_2_true_s_fu_5818/mac_muladd_8s_6ns_16s_16_4_0_U5430,0,0,9,"",""
l1_neighbor_channel,grp_l1_neighbor_channel_true_2_true_s_fu_5818/mac_muladd_8s_6ns_16s_16_4_0_U5436,0,0,9,"",""
l1_neighbor_channel,grp_l1_neighbor_channel_true_2_true_s_fu_5818/mac_muladd_8s_6ns_16s_16_4_0_U5442,0,0,9,"",""
l1_neighbor_channel,grp_l1_neighbor_channel_true_2_true_s_fu_5818/mac_muladd_8s_6ns_16s_16_4_0_U5448,0,0,9,"",""
l1_neighbor_channel,grp_l1_neighbor_channel_true_2_true_s_fu_5818/mac_muladd_8s_8s_16s_16_4_0_U5404,0,0,9,"",""
l1_neighbor_channel,grp_l1_neighbor_channel_true_2_true_s_fu_5818/mac_muladd_8s_8s_16s_16_4_0_U5410,0,0,9,"",""
l1_neighbor_channel,grp_l1_neighbor_channel_true_2_true_s_fu_5818/mac_muladd_8s_8s_16s_16_4_0_U5416,0,0,9,"",""
l1_neighbor_channel,grp_l1_neighbor_channel_true_2_true_s_fu_5818/mac_muladd_8s_8s_16s_16_4_0_U5422,0,0,9,"",""
l1_neighbor_channel,grp_l1_neighbor_channel_true_2_true_s_fu_5818/mac_muladd_8s_8s_16s_16_4_0_U5428,0,0,9,"",""
l1_neighbor_channel,grp_l1_neighbor_channel_true_2_true_s_fu_5818/mac_muladd_8s_8s_16s_16_4_0_U5434,0,0,9,"",""
l1_neighbor_channel,grp_l1_neighbor_channel_true_2_true_s_fu_5818/mac_muladd_8s_8s_16s_16_4_0_U5440,0,0,9,"",""
l1_neighbor_channel,grp_l1_neighbor_channel_true_2_true_s_fu_5818/mac_muladd_8s_8s_16s_16_4_0_U5446,0,0,9,"",""
l1_neighbor_channel,grp_l1_neighbor_channel_true_2_true_s_fu_5818/mul_8s_6s_14_4_0_U5330,0,22,0,"",""
l1_neighbor_channel,grp_l1_neighbor_channel_true_2_true_s_fu_5818/mul_8s_6s_14_4_0_U5337,0,22,0,"",""
l1_neighbor_channel,grp_l1_neighbor_channel_true_2_true_s_fu_5818/mul_8s_6s_14_4_0_U5344,0,22,0,"",""
l1_neighbor_channel,grp_l1_neighbor_channel_true_2_true_s_fu_5818/mul_8s_6s_14_4_0_U5351,0,22,0,"",""
l1_neighbor_channel,grp_l1_neighbor_channel_true_2_true_s_fu_5818/mul_8s_6s_14_4_0_U5358,0,22,0,"",""
l1_neighbor_channel,grp_l1_neighbor_channel_true_2_true_s_fu_5818/mul_8s_6s_14_4_0_U5365,0,22,0,"",""
l1_neighbor_channel,grp_l1_neighbor_channel_true_2_true_s_fu_5818/mul_8s_6s_14_4_0_U5372,0,22,0,"",""
l1_neighbor_channel,grp_l1_neighbor_channel_true_2_true_s_fu_5818/mul_8s_6s_14_4_0_U5379,0,22,0,"",""
l1_neighbor_channel,grp_l1_neighbor_channel_true_2_true_s_fu_5818/mul_8s_7ns_15_4_0_U5331,0,30,0,"",""
l1_neighbor_channel,grp_l1_neighbor_channel_true_2_true_s_fu_5818/mul_8s_7ns_15_4_0_U5338,0,30,0,"",""
l1_neighbor_channel,grp_l1_neighbor_channel_true_2_true_s_fu_5818/mul_8s_7ns_15_4_0_U5345,0,30,0,"",""
l1_neighbor_channel,grp_l1_neighbor_channel_true_2_true_s_fu_5818/mul_8s_7ns_15_4_0_U5352,0,28,0,"",""
l1_neighbor_channel,grp_l1_neighbor_channel_true_2_true_s_fu_5818/mul_8s_7ns_15_4_0_U5359,0,28,0,"",""
l1_neighbor_channel,grp_l1_neighbor_channel_true_2_true_s_fu_5818/mul_8s_7ns_15_4_0_U5366,0,30,0,"",""
l1_neighbor_channel,grp_l1_neighbor_channel_true_2_true_s_fu_5818/mul_8s_7ns_15_4_0_U5373,0,30,0,"",""
l1_neighbor_channel,grp_l1_neighbor_channel_true_2_true_s_fu_5818/mul_8s_7ns_15_4_0_U5380,0,30,0,"",""
l1_neighbor_channel,grp_l1_neighbor_channel_true_2_true_s_fu_5818/mul_8s_7s_15_4_0_U5334,0,26,0,"",""
l1_neighbor_channel,grp_l1_neighbor_channel_true_2_true_s_fu_5818/mul_8s_7s_15_4_0_U5341,0,26,0,"",""
l1_neighbor_channel,grp_l1_neighbor_channel_true_2_true_s_fu_5818/mul_8s_7s_15_4_0_U5348,0,26,0,"",""
l1_neighbor_channel,grp_l1_neighbor_channel_true_2_true_s_fu_5818/mul_8s_7s_15_4_0_U5355,0,26,0,"",""
l1_neighbor_channel,grp_l1_neighbor_channel_true_2_true_s_fu_5818/mul_8s_7s_15_4_0_U5362,0,24,0,"",""
l1_neighbor_channel,grp_l1_neighbor_channel_true_2_true_s_fu_5818/mul_8s_7s_15_4_0_U5369,0,24,0,"",""
l1_neighbor_channel,grp_l1_neighbor_channel_true_2_true_s_fu_5818/mul_8s_7s_15_4_0_U5376,0,26,0,"",""
l1_neighbor_channel,grp_l1_neighbor_channel_true_2_true_s_fu_5818/mul_8s_7s_15_4_0_U5383,0,26,0,"",""
l1_neighbor_channel,grp_l1_neighbor_channel_true_2_true_s_fu_5818/mul_8s_8ns_16_4_0_U5332,11,22,0,"",""
l1_neighbor_channel,grp_l1_neighbor_channel_true_2_true_s_fu_5818/mul_8s_8ns_16_4_0_U5333,5,26,0,"",""
l1_neighbor_channel,grp_l1_neighbor_channel_true_2_true_s_fu_5818/mul_8s_8ns_16_4_0_U5335,3,26,0,"",""
l1_neighbor_channel,grp_l1_neighbor_channel_true_2_true_s_fu_5818/mul_8s_8ns_16_4_0_U5339,11,22,0,"",""
l1_neighbor_channel,grp_l1_neighbor_channel_true_2_true_s_fu_5818/mul_8s_8ns_16_4_0_U5340,5,26,0,"",""
l1_neighbor_channel,grp_l1_neighbor_channel_true_2_true_s_fu_5818/mul_8s_8ns_16_4_0_U5342,3,26,0,"",""
l1_neighbor_channel,grp_l1_neighbor_channel_true_2_true_s_fu_5818/mul_8s_8ns_16_4_0_U5346,11,22,0,"",""
l1_neighbor_channel,grp_l1_neighbor_channel_true_2_true_s_fu_5818/mul_8s_8ns_16_4_0_U5347,5,26,0,"",""
l1_neighbor_channel,grp_l1_neighbor_channel_true_2_true_s_fu_5818/mul_8s_8ns_16_4_0_U5349,3,26,0,"",""
l1_neighbor_channel,grp_l1_neighbor_channel_true_2_true_s_fu_5818/mul_8s_8ns_16_4_0_U5353,11,22,0,"",""
l1_neighbor_channel,grp_l1_neighbor_channel_true_2_true_s_fu_5818/mul_8s_8ns_16_4_0_U5354,5,26,0,"",""
l1_neighbor_channel,grp_l1_neighbor_channel_true_2_true_s_fu_5818/mul_8s_8ns_16_4_0_U5356,3,26,0,"",""
l1_neighbor_channel,grp_l1_neighbor_channel_true_2_true_s_fu_5818/mul_8s_8ns_16_4_0_U5360,11,22,0,"",""
l1_neighbor_channel,grp_l1_neighbor_channel_true_2_true_s_fu_5818/mul_8s_8ns_16_4_0_U5361,5,26,0,"",""
l1_neighbor_channel,grp_l1_neighbor_channel_true_2_true_s_fu_5818/mul_8s_8ns_16_4_0_U5363,3,24,0,"",""
l1_neighbor_channel,grp_l1_neighbor_channel_true_2_true_s_fu_5818/mul_8s_8ns_16_4_0_U5367,11,22,0,"",""
l1_neighbor_channel,grp_l1_neighbor_channel_true_2_true_s_fu_5818/mul_8s_8ns_16_4_0_U5368,5,26,0,"",""
l1_neighbor_channel,grp_l1_neighbor_channel_true_2_true_s_fu_5818/mul_8s_8ns_16_4_0_U5370,3,24,0,"",""
l1_neighbor_channel,grp_l1_neighbor_channel_true_2_true_s_fu_5818/mul_8s_8ns_16_4_0_U5374,11,22,0,"",""
l1_neighbor_channel,grp_l1_neighbor_channel_true_2_true_s_fu_5818/mul_8s_8ns_16_4_0_U5375,5,26,0,"",""
l1_neighbor_channel,grp_l1_neighbor_channel_true_2_true_s_fu_5818/mul_8s_8ns_16_4_0_U5377,3,26,0,"",""
l1_neighbor_channel,grp_l1_neighbor_channel_true_2_true_s_fu_5818/mul_8s_8ns_16_4_0_U5381,11,22,0,"",""
l1_neighbor_channel,grp_l1_neighbor_channel_true_2_true_s_fu_5818/mul_8s_8ns_16_4_0_U5382,5,26,0,"",""
l1_neighbor_channel,grp_l1_neighbor_channel_true_2_true_s_fu_5818/mul_8s_8ns_16_4_0_U5384,3,26,0,"",""
l1_neighbor_channel,grp_l1_neighbor_channel_true_2_true_s_fu_5818/mul_8s_8s_16_4_0_U5329,2,30,0,"",""
l1_neighbor_channel,grp_l1_neighbor_channel_true_2_true_s_fu_5818/mul_8s_8s_16_4_0_U5336,2,30,0,"",""
l1_neighbor_channel,grp_l1_neighbor_channel_true_2_true_s_fu_5818/mul_8s_8s_16_4_0_U5343,2,30,0,"",""
l1_neighbor_channel,grp_l1_neighbor_channel_true_2_true_s_fu_5818/mul_8s_8s_16_4_0_U5350,2,28,0,"",""
l1_neighbor_channel,grp_l1_neighbor_channel_true_2_true_s_fu_5818/mul_8s_8s_16_4_0_U5357,2,28,0,"",""
l1_neighbor_channel,grp_l1_neighbor_channel_true_2_true_s_fu_5818/mul_8s_8s_16_4_0_U5364,2,30,0,"",""
l1_neighbor_channel,grp_l1_neighbor_channel_true_2_true_s_fu_5818/mul_8s_8s_16_4_0_U5371,2,30,0,"",""
l1_neighbor_channel,grp_l1_neighbor_channel_true_2_true_s_fu_5818/mul_8s_8s_16_4_0_U5378,2,30,0,"",""
l1_neighbor_channel,grp_l1_neighbor_channel_true_2_true_s_fu_5818/mul_8s_8s_16_4_0_U5385,6,14,0,"",""
l1_neighbor_channel,grp_l1_neighbor_channel_true_2_true_s_fu_5818/mul_8s_8s_16_4_0_U5386,6,14,0,"",""
l1_neighbor_channel,grp_l1_neighbor_channel_true_2_true_s_fu_5818/mul_8s_8s_16_4_0_U5387,6,14,0,"",""
l1_neighbor_channel,grp_l1_neighbor_channel_true_2_true_s_fu_5818/mul_8s_8s_16_4_0_U5388,6,14,0,"",""
l1_neighbor_channel,grp_l1_neighbor_channel_true_2_true_s_fu_5818/mul_8s_8s_16_4_0_U5389,6,14,0,"",""
l1_neighbor_channel,grp_l1_neighbor_channel_true_2_true_s_fu_5818/mul_8s_8s_16_4_0_U5390,6,14,0,"",""
l1_neighbor_channel,grp_l1_neighbor_channel_true_2_true_s_fu_5818/mul_8s_8s_16_4_0_U5391,6,14,0,"",""
l1_neighbor_channel,grp_l1_neighbor_channel_true_2_true_s_fu_5818/mul_8s_8s_16_4_0_U5392,6,14,0,"",""
l1_neighbor_channel,grp_l1_neighbor_channel_true_2_true_s_fu_5818/add_18s_18s_18_2_0_U5393/u1,9,0,0,"",""
l1_neighbor_channel,grp_l1_neighbor_channel_true_2_true_s_fu_5818/add_18s_18s_18_2_0_U5393/u2,9,0,0,"",""
l1_neighbor_channel,grp_l1_neighbor_channel_true_2_true_s_fu_5818/add_18s_18s_18_2_0_U5394/u1,9,0,0,"",""
l1_neighbor_channel,grp_l1_neighbor_channel_true_2_true_s_fu_5818/add_18s_18s_18_2_0_U5394/u2,9,0,0,"",""
l1_neighbor_channel,grp_l1_neighbor_channel_true_2_true_s_fu_5818/add_18s_18s_18_2_0_U5395/u1,9,0,0,"",""
l1_neighbor_channel,grp_l1_neighbor_channel_true_2_true_s_fu_5818/add_18s_18s_18_2_0_U5395/u2,9,0,0,"",""
l1_neighbor_channel,grp_l1_neighbor_channel_true_2_true_s_fu_5818/add_18s_18s_18_2_0_U5396/u1,9,0,0,"",""
l1_neighbor_channel,grp_l1_neighbor_channel_true_2_true_s_fu_5818/add_18s_18s_18_2_0_U5396/u2,9,0,0,"",""
l1_neighbor_channel,grp_l1_neighbor_channel_true_2_true_s_fu_5818/add_18s_18s_18_2_0_U5397/u1,9,0,0,"",""
l1_neighbor_channel,grp_l1_neighbor_channel_true_2_true_s_fu_5818/add_18s_18s_18_2_0_U5397/u2,9,0,0,"",""
l1_neighbor_channel,grp_l1_neighbor_channel_true_2_true_s_fu_5818/add_18s_18s_18_2_0_U5398/u1,9,0,0,"",""
l1_neighbor_channel,grp_l1_neighbor_channel_true_2_true_s_fu_5818/add_18s_18s_18_2_0_U5398/u2,9,0,0,"",""
l1_neighbor_channel,grp_l1_neighbor_channel_true_2_true_s_fu_5818/add_18s_18s_18_2_0_U5399/u1,9,0,0,"",""
l1_neighbor_channel,grp_l1_neighbor_channel_true_2_true_s_fu_5818/add_18s_18s_18_2_0_U5399/u2,9,0,0,"",""
l1_neighbor_channel,grp_l1_neighbor_channel_true_2_true_s_fu_5818/add_18s_18s_18_2_0_U5400/u1,9,0,0,"",""
l1_neighbor_channel,grp_l1_neighbor_channel_true_2_true_s_fu_5818/add_18s_18s_18_2_0_U5400/u2,9,0,0,"",""
l1_neighbor_channel,grp_l1_neighbor_channel_true_2_true_s_fu_5818/mac_muladd_8s_4ns_15s_15_4_0_U5405/graphsage_po2_qat_partitioned_mac_muladd_8s_4ns_15s_15_4_0_DSP48_0_U,0,0,9,"",""
l1_neighbor_channel,grp_l1_neighbor_channel_true_2_true_s_fu_5818/mac_muladd_8s_4ns_15s_15_4_0_U5411/graphsage_po2_qat_partitioned_mac_muladd_8s_4ns_15s_15_4_0_DSP48_0_U,0,0,9,"",""
l1_neighbor_channel,grp_l1_neighbor_channel_true_2_true_s_fu_5818/mac_muladd_8s_4ns_15s_15_4_0_U5417/graphsage_po2_qat_partitioned_mac_muladd_8s_4ns_15s_15_4_0_DSP48_0_U,0,0,9,"",""
l1_neighbor_channel,grp_l1_neighbor_channel_true_2_true_s_fu_5818/mac_muladd_8s_4ns_15s_15_4_0_U5423/graphsage_po2_qat_partitioned_mac_muladd_8s_4ns_15s_15_4_0_DSP48_0_U,0,0,9,"",""
l1_neighbor_channel,grp_l1_neighbor_channel_true_2_true_s_fu_5818/mac_muladd_8s_4ns_15s_15_4_0_U5429/graphsage_po2_qat_partitioned_mac_muladd_8s_4ns_15s_15_4_0_DSP48_0_U,0,0,9,"",""
l1_neighbor_channel,grp_l1_neighbor_channel_true_2_true_s_fu_5818/mac_muladd_8s_4ns_15s_15_4_0_U5435/graphsage_po2_qat_partitioned_mac_muladd_8s_4ns_15s_15_4_0_DSP48_0_U,0,0,9,"",""
l1_neighbor_channel,grp_l1_neighbor_channel_true_2_true_s_fu_5818/mac_muladd_8s_4ns_15s_15_4_0_U5441/graphsage_po2_qat_partitioned_mac_muladd_8s_4ns_15s_15_4_0_DSP48_0_U,0,0,9,"",""
l1_neighbor_channel,grp_l1_neighbor_channel_true_2_true_s_fu_5818/mac_muladd_8s_4ns_15s_15_4_0_U5447/graphsage_po2_qat_partitioned_mac_muladd_8s_4ns_15s_15_4_0_DSP48_0_U,0,0,9,"",""
l1_neighbor_channel,grp_l1_neighbor_channel_true_2_true_s_fu_5818/mac_muladd_8s_5ns_15s_15_4_0_U5401/graphsage_po2_qat_partitioned_mac_muladd_8s_5ns_15s_15_4_0_DSP48_0_U,0,0,9,"",""
l1_neighbor_channel,grp_l1_neighbor_channel_true_2_true_s_fu_5818/mac_muladd_8s_5ns_15s_15_4_0_U5402/graphsage_po2_qat_partitioned_mac_muladd_8s_5ns_15s_15_4_0_DSP48_0_U,0,0,9,"",""
l1_neighbor_channel,grp_l1_neighbor_channel_true_2_true_s_fu_5818/mac_muladd_8s_5ns_15s_15_4_0_U5407/graphsage_po2_qat_partitioned_mac_muladd_8s_5ns_15s_15_4_0_DSP48_0_U,0,0,9,"",""
l1_neighbor_channel,grp_l1_neighbor_channel_true_2_true_s_fu_5818/mac_muladd_8s_5ns_15s_15_4_0_U5408/graphsage_po2_qat_partitioned_mac_muladd_8s_5ns_15s_15_4_0_DSP48_0_U,0,0,9,"",""
l1_neighbor_channel,grp_l1_neighbor_channel_true_2_true_s_fu_5818/mac_muladd_8s_5ns_15s_15_4_0_U5413/graphsage_po2_qat_partitioned_mac_muladd_8s_5ns_15s_15_4_0_DSP48_0_U,0,0,9,"",""
l1_neighbor_channel,grp_l1_neighbor_channel_true_2_true_s_fu_5818/mac_muladd_8s_5ns_15s_15_4_0_U5414/graphsage_po2_qat_partitioned_mac_muladd_8s_5ns_15s_15_4_0_DSP48_0_U,0,0,9,"",""
l1_neighbor_channel,grp_l1_neighbor_channel_true_2_true_s_fu_5818/mac_muladd_8s_5ns_15s_15_4_0_U5419/graphsage_po2_qat_partitioned_mac_muladd_8s_5ns_15s_15_4_0_DSP48_0_U,0,0,9,"",""
l1_neighbor_channel,grp_l1_neighbor_channel_true_2_true_s_fu_5818/mac_muladd_8s_5ns_15s_15_4_0_U5420/graphsage_po2_qat_partitioned_mac_muladd_8s_5ns_15s_15_4_0_DSP48_0_U,0,0,9,"",""
l1_neighbor_channel,grp_l1_neighbor_channel_true_2_true_s_fu_5818/mac_muladd_8s_5ns_15s_15_4_0_U5425/graphsage_po2_qat_partitioned_mac_muladd_8s_5ns_15s_15_4_0_DSP48_0_U,0,0,9,"",""
l1_neighbor_channel,grp_l1_neighbor_channel_true_2_true_s_fu_5818/mac_muladd_8s_5ns_15s_15_4_0_U5426/graphsage_po2_qat_partitioned_mac_muladd_8s_5ns_15s_15_4_0_DSP48_0_U,0,0,9,"",""
l1_neighbor_channel,grp_l1_neighbor_channel_true_2_true_s_fu_5818/mac_muladd_8s_5ns_15s_15_4_0_U5431/graphsage_po2_qat_partitioned_mac_muladd_8s_5ns_15s_15_4_0_DSP48_0_U,0,0,9,"",""
l1_neighbor_channel,grp_l1_neighbor_channel_true_2_true_s_fu_5818/mac_muladd_8s_5ns_15s_15_4_0_U5432/graphsage_po2_qat_partitioned_mac_muladd_8s_5ns_15s_15_4_0_DSP48_0_U,0,0,9,"",""
l1_neighbor_channel,grp_l1_neighbor_channel_true_2_true_s_fu_5818/mac_muladd_8s_5ns_15s_15_4_0_U5437/graphsage_po2_qat_partitioned_mac_muladd_8s_5ns_15s_15_4_0_DSP48_0_U,0,0,9,"",""
l1_neighbor_channel,grp_l1_neighbor_channel_true_2_true_s_fu_5818/mac_muladd_8s_5ns_15s_15_4_0_U5438/graphsage_po2_qat_partitioned_mac_muladd_8s_5ns_15s_15_4_0_DSP48_0_U,0,0,9,"",""
l1_neighbor_channel,grp_l1_neighbor_channel_true_2_true_s_fu_5818/mac_muladd_8s_5ns_15s_15_4_0_U5443/graphsage_po2_qat_partitioned_mac_muladd_8s_5ns_15s_15_4_0_DSP48_0_U,0,0,9,"",""
l1_neighbor_channel,grp_l1_neighbor_channel_true_2_true_s_fu_5818/mac_muladd_8s_5ns_15s_15_4_0_U5444/graphsage_po2_qat_partitioned_mac_muladd_8s_5ns_15s_15_4_0_DSP48_0_U,0,0,9,"",""
l1_neighbor_channel,grp_l1_neighbor_channel_true_2_true_s_fu_5818/mac_muladd_8s_6ns_15s_15_4_0_U5403/graphsage_po2_qat_partitioned_mac_muladd_8s_6ns_15s_15_4_0_DSP48_0_U,0,0,9,"",""
l1_neighbor_channel,grp_l1_neighbor_channel_true_2_true_s_fu_5818/mac_muladd_8s_6ns_15s_15_4_0_U5409/graphsage_po2_qat_partitioned_mac_muladd_8s_6ns_15s_15_4_0_DSP48_0_U,0,0,9,"",""
l1_neighbor_channel,grp_l1_neighbor_channel_true_2_true_s_fu_5818/mac_muladd_8s_6ns_15s_15_4_0_U5415/graphsage_po2_qat_partitioned_mac_muladd_8s_6ns_15s_15_4_0_DSP48_0_U,0,0,9,"",""
l1_neighbor_channel,grp_l1_neighbor_channel_true_2_true_s_fu_5818/mac_muladd_8s_6ns_15s_15_4_0_U5421/graphsage_po2_qat_partitioned_mac_muladd_8s_6ns_15s_15_4_0_DSP48_0_U,0,0,9,"",""
l1_neighbor_channel,grp_l1_neighbor_channel_true_2_true_s_fu_5818/mac_muladd_8s_6ns_15s_15_4_0_U5427/graphsage_po2_qat_partitioned_mac_muladd_8s_6ns_15s_15_4_0_DSP48_0_U,0,0,9,"",""
l1_neighbor_channel,grp_l1_neighbor_channel_true_2_true_s_fu_5818/mac_muladd_8s_6ns_15s_15_4_0_U5433/graphsage_po2_qat_partitioned_mac_muladd_8s_6ns_15s_15_4_0_DSP48_0_U,0,0,9,"",""
l1_neighbor_channel,grp_l1_neighbor_channel_true_2_true_s_fu_5818/mac_muladd_8s_6ns_15s_15_4_0_U5439/graphsage_po2_qat_partitioned_mac_muladd_8s_6ns_15s_15_4_0_DSP48_0_U,0,0,9,"",""
l1_neighbor_channel,grp_l1_neighbor_channel_true_2_true_s_fu_5818/mac_muladd_8s_6ns_15s_15_4_0_U5445/graphsage_po2_qat_partitioned_mac_muladd_8s_6ns_15s_15_4_0_DSP48_0_U,0,0,9,"",""
l1_neighbor_channel,grp_l1_neighbor_channel_true_2_true_s_fu_5818/mac_muladd_8s_6ns_16s_16_4_0_U5406/graphsage_po2_qat_partitioned_mac_muladd_8s_6ns_16s_16_4_0_DSP48_0_U,0,0,9,"",""
l1_neighbor_channel,grp_l1_neighbor_channel_true_2_true_s_fu_5818/mac_muladd_8s_6ns_16s_16_4_0_U5412/graphsage_po2_qat_partitioned_mac_muladd_8s_6ns_16s_16_4_0_DSP48_0_U,0,0,9,"",""
l1_neighbor_channel,grp_l1_neighbor_channel_true_2_true_s_fu_5818/mac_muladd_8s_6ns_16s_16_4_0_U5418/graphsage_po2_qat_partitioned_mac_muladd_8s_6ns_16s_16_4_0_DSP48_0_U,0,0,9,"",""
l1_neighbor_channel,grp_l1_neighbor_channel_true_2_true_s_fu_5818/mac_muladd_8s_6ns_16s_16_4_0_U5424/graphsage_po2_qat_partitioned_mac_muladd_8s_6ns_16s_16_4_0_DSP48_0_U,0,0,9,"",""
l1_neighbor_channel,grp_l1_neighbor_channel_true_2_true_s_fu_5818/mac_muladd_8s_6ns_16s_16_4_0_U5430/graphsage_po2_qat_partitioned_mac_muladd_8s_6ns_16s_16_4_0_DSP48_0_U,0,0,9,"",""
l1_neighbor_channel,grp_l1_neighbor_channel_true_2_true_s_fu_5818/mac_muladd_8s_6ns_16s_16_4_0_U5436/graphsage_po2_qat_partitioned_mac_muladd_8s_6ns_16s_16_4_0_DSP48_0_U,0,0,9,"",""
l1_neighbor_channel,grp_l1_neighbor_channel_true_2_true_s_fu_5818/mac_muladd_8s_6ns_16s_16_4_0_U5442/graphsage_po2_qat_partitioned_mac_muladd_8s_6ns_16s_16_4_0_DSP48_0_U,0,0,9,"",""
l1_neighbor_channel,grp_l1_neighbor_channel_true_2_true_s_fu_5818/mac_muladd_8s_6ns_16s_16_4_0_U5448/graphsage_po2_qat_partitioned_mac_muladd_8s_6ns_16s_16_4_0_DSP48_0_U,0,0,9,"",""
l1_neighbor_channel,grp_l1_neighbor_channel_true_2_true_s_fu_5818/mac_muladd_8s_8s_16s_16_4_0_U5404/graphsage_po2_qat_partitioned_mac_muladd_8s_8s_16s_16_4_0_DSP48_0_U,0,0,9,"",""
l1_neighbor_channel,grp_l1_neighbor_channel_true_2_true_s_fu_5818/mac_muladd_8s_8s_16s_16_4_0_U5410/graphsage_po2_qat_partitioned_mac_muladd_8s_8s_16s_16_4_0_DSP48_0_U,0,0,9,"",""
l1_neighbor_channel,grp_l1_neighbor_channel_true_2_true_s_fu_5818/mac_muladd_8s_8s_16s_16_4_0_U5416/graphsage_po2_qat_partitioned_mac_muladd_8s_8s_16s_16_4_0_DSP48_0_U,0,0,9,"",""
l1_neighbor_channel,grp_l1_neighbor_channel_true_2_true_s_fu_5818/mac_muladd_8s_8s_16s_16_4_0_U5422/graphsage_po2_qat_partitioned_mac_muladd_8s_8s_16s_16_4_0_DSP48_0_U,0,0,9,"",""
l1_neighbor_channel,grp_l1_neighbor_channel_true_2_true_s_fu_5818/mac_muladd_8s_8s_16s_16_4_0_U5428/graphsage_po2_qat_partitioned_mac_muladd_8s_8s_16s_16_4_0_DSP48_0_U,0,0,9,"",""
l1_neighbor_channel,grp_l1_neighbor_channel_true_2_true_s_fu_5818/mac_muladd_8s_8s_16s_16_4_0_U5434/graphsage_po2_qat_partitioned_mac_muladd_8s_8s_16s_16_4_0_DSP48_0_U,0,0,9,"",""
l1_neighbor_channel,grp_l1_neighbor_channel_true_2_true_s_fu_5818/mac_muladd_8s_8s_16s_16_4_0_U5440/graphsage_po2_qat_partitioned_mac_muladd_8s_8s_16s_16_4_0_DSP48_0_U,0,0,9,"",""
l1_neighbor_channel,grp_l1_neighbor_channel_true_2_true_s_fu_5818/mac_muladd_8s_8s_16s_16_4_0_U5446/graphsage_po2_qat_partitioned_mac_muladd_8s_8s_16s_16_4_0_DSP48_0_U,0,0,9,"",""
l2_root_channel,grp_l2_root_channel_false_0_true_s_fu_8338,20258,10239,0,"",""
l2_root_channel,grp_l2_root_channel_false_1_true_s_fu_8510,6408,9030,0,"",""
l2_root_channel,grp_l2_root_channel_false_2_true_s_fu_8682,3187,7532,0,"",""
l2_root_channel,grp_l2_root_channel_false_3_true_s_fu_8854,2539,8185,0,"",""
l2_root_channel,grp_l2_root_channel_false_4_true_s_fu_9026,2574,8199,0,"",""
l2_root_channel,grp_l2_root_channel_false_5_true_s_fu_9198,3691,7711,0,"",""
l2_root_channel,grp_l2_root_channel_false_6_true_s_fu_9370,4481,8115,0,"",""
l2_root_channel,grp_l2_root_channel_false_0_true_s_fu_8338/add_17ns_17s_17_2_0_U10375,13,18,0,"",""
l2_root_channel,grp_l2_root_channel_false_0_true_s_fu_8338/add_17ns_17s_17_2_0_U10376,13,18,0,"",""
l2_root_channel,grp_l2_root_channel_false_0_true_s_fu_8338/add_17ns_17s_17_2_0_U10377,13,18,0,"",""
l2_root_channel,grp_l2_root_channel_false_0_true_s_fu_8338/add_17ns_17s_17_2_0_U10378,13,18,0,"",""
l2_root_channel,grp_l2_root_channel_false_0_true_s_fu_8338/add_17ns_17s_17_2_0_U10379,13,18,0,"",""
l2_root_channel,grp_l2_root_channel_false_0_true_s_fu_8338/add_17ns_17s_17_2_0_U10380,13,18,0,"",""
l2_root_channel,grp_l2_root_channel_false_0_true_s_fu_8338/add_17ns_17s_17_2_0_U10381,13,18,0,"",""
l2_root_channel,grp_l2_root_channel_false_0_true_s_fu_8338/add_17ns_17s_17_2_0_U10382,13,18,0,"",""
l2_root_channel,grp_l2_root_channel_false_0_true_s_fu_8338/mul_7ns_4ns_10_4_0_U10225,119,26,0,"",""
l2_root_channel,grp_l2_root_channel_false_0_true_s_fu_8338/mul_7ns_4ns_10_4_0_U10238,105,26,0,"",""
l2_root_channel,grp_l2_root_channel_false_0_true_s_fu_8338/mul_7ns_4ns_10_4_0_U10251,105,26,0,"",""
l2_root_channel,grp_l2_root_channel_false_0_true_s_fu_8338/mul_7ns_4ns_10_4_0_U10264,119,26,0,"",""
l2_root_channel,grp_l2_root_channel_false_0_true_s_fu_8338/mul_7ns_4ns_10_4_0_U10277,119,26,0,"",""
l2_root_channel,grp_l2_root_channel_false_0_true_s_fu_8338/mul_7ns_4ns_10_4_0_U10290,119,26,0,"",""
l2_root_channel,grp_l2_root_channel_false_0_true_s_fu_8338/mul_7ns_4ns_10_4_0_U10303,119,26,0,"",""
l2_root_channel,grp_l2_root_channel_false_0_true_s_fu_8338/mul_7ns_4ns_10_4_0_U10316,119,26,0,"",""
l2_root_channel,grp_l2_root_channel_false_0_true_s_fu_8338/mul_7ns_5ns_11_4_0_U10230,43,27,0,"",""
l2_root_channel,grp_l2_root_channel_false_0_true_s_fu_8338/mul_7ns_5ns_11_4_0_U10243,43,27,0,"",""
l2_root_channel,grp_l2_root_channel_false_0_true_s_fu_8338/mul_7ns_5ns_11_4_0_U10256,43,27,0,"",""
l2_root_channel,grp_l2_root_channel_false_0_true_s_fu_8338/mul_7ns_5ns_11_4_0_U10269,43,27,0,"",""
l2_root_channel,grp_l2_root_channel_false_0_true_s_fu_8338/mul_7ns_5ns_11_4_0_U10282,43,27,0,"",""
l2_root_channel,grp_l2_root_channel_false_0_true_s_fu_8338/mul_7ns_5ns_11_4_0_U10295,43,27,0,"",""
l2_root_channel,grp_l2_root_channel_false_0_true_s_fu_8338/mul_7ns_5ns_11_4_0_U10308,43,27,0,"",""
l2_root_channel,grp_l2_root_channel_false_0_true_s_fu_8338/mul_7ns_5ns_11_4_0_U10321,43,27,0,"",""
l2_root_channel,grp_l2_root_channel_false_0_true_s_fu_8338/mul_7ns_6ns_12_4_0_U10228,136,27,0,"",""
l2_root_channel,grp_l2_root_channel_false_0_true_s_fu_8338/mul_7ns_6ns_12_4_0_U10233,146,29,0,"",""
l2_root_channel,grp_l2_root_channel_false_0_true_s_fu_8338/mul_7ns_6ns_12_4_0_U10234,111,29,0,"",""
l2_root_channel,grp_l2_root_channel_false_0_true_s_fu_8338/mul_7ns_6ns_12_4_0_U10235,105,27,0,"",""
l2_root_channel,grp_l2_root_channel_false_0_true_s_fu_8338/mul_7ns_6ns_12_4_0_U10241,128,27,0,"",""
l2_root_channel,grp_l2_root_channel_false_0_true_s_fu_8338/mul_7ns_6ns_12_4_0_U10246,137,29,0,"",""
l2_root_channel,grp_l2_root_channel_false_0_true_s_fu_8338/mul_7ns_6ns_12_4_0_U10247,111,29,0,"",""
l2_root_channel,grp_l2_root_channel_false_0_true_s_fu_8338/mul_7ns_6ns_12_4_0_U10248,96,27,0,"",""
l2_root_channel,grp_l2_root_channel_false_0_true_s_fu_8338/mul_7ns_6ns_12_4_0_U10254,136,27,0,"",""
l2_root_channel,grp_l2_root_channel_false_0_true_s_fu_8338/mul_7ns_6ns_12_4_0_U10259,137,29,0,"",""
l2_root_channel,grp_l2_root_channel_false_0_true_s_fu_8338/mul_7ns_6ns_12_4_0_U10260,111,29,0,"",""
l2_root_channel,grp_l2_root_channel_false_0_true_s_fu_8338/mul_7ns_6ns_12_4_0_U10261,105,27,0,"",""
l2_root_channel,grp_l2_root_channel_false_0_true_s_fu_8338/mul_7ns_6ns_12_4_0_U10267,136,27,0,"",""
l2_root_channel,grp_l2_root_channel_false_0_true_s_fu_8338/mul_7ns_6ns_12_4_0_U10272,137,29,0,"",""
l2_root_channel,grp_l2_root_channel_false_0_true_s_fu_8338/mul_7ns_6ns_12_4_0_U10273,126,29,0,"",""
l2_root_channel,grp_l2_root_channel_false_0_true_s_fu_8338/mul_7ns_6ns_12_4_0_U10274,105,27,0,"",""
l2_root_channel,grp_l2_root_channel_false_0_true_s_fu_8338/mul_7ns_6ns_12_4_0_U10280,136,27,0,"",""
l2_root_channel,grp_l2_root_channel_false_0_true_s_fu_8338/mul_7ns_6ns_12_4_0_U10285,137,29,0,"",""
l2_root_channel,grp_l2_root_channel_false_0_true_s_fu_8338/mul_7ns_6ns_12_4_0_U10286,126,29,0,"",""
l2_root_channel,grp_l2_root_channel_false_0_true_s_fu_8338/mul_7ns_6ns_12_4_0_U10287,105,27,0,"",""
l2_root_channel,grp_l2_root_channel_false_0_true_s_fu_8338/mul_7ns_6ns_12_4_0_U10293,136,27,0,"",""
l2_root_channel,grp_l2_root_channel_false_0_true_s_fu_8338/mul_7ns_6ns_12_4_0_U10298,146,29,0,"",""
l2_root_channel,grp_l2_root_channel_false_0_true_s_fu_8338/mul_7ns_6ns_12_4_0_U10299,111,29,0,"",""
l2_root_channel,grp_l2_root_channel_false_0_true_s_fu_8338/mul_7ns_6ns_12_4_0_U10300,105,27,0,"",""
l2_root_channel,grp_l2_root_channel_false_0_true_s_fu_8338/mul_7ns_6ns_12_4_0_U10306,136,27,0,"",""
l2_root_channel,grp_l2_root_channel_false_0_true_s_fu_8338/mul_7ns_6ns_12_4_0_U10311,146,29,0,"",""
l2_root_channel,grp_l2_root_channel_false_0_true_s_fu_8338/mul_7ns_6ns_12_4_0_U10312,111,29,0,"",""
l2_root_channel,grp_l2_root_channel_false_0_true_s_fu_8338/mul_7ns_6ns_12_4_0_U10313,105,27,0,"",""
l2_root_channel,grp_l2_root_channel_false_0_true_s_fu_8338/mul_7ns_6ns_12_4_0_U10319,136,27,0,"",""
l2_root_channel,grp_l2_root_channel_false_0_true_s_fu_8338/mul_7ns_6ns_12_4_0_U10324,146,29,0,"",""
l2_root_channel,grp_l2_root_channel_false_0_true_s_fu_8338/mul_7ns_6ns_12_4_0_U10325,126,29,0,"",""
l2_root_channel,grp_l2_root_channel_false_0_true_s_fu_8338/mul_7ns_6ns_12_4_0_U10326,105,27,0,"",""
l2_root_channel,grp_l2_root_channel_false_0_true_s_fu_8338/mul_7ns_6ns_12_4_0_U10329,42,21,0,"",""
l2_root_channel,grp_l2_root_channel_false_0_true_s_fu_8338/mul_7ns_6ns_12_4_0_U10330,67,31,0,"",""
l2_root_channel,grp_l2_root_channel_false_0_true_s_fu_8338/mul_7ns_6ns_12_4_0_U10335,42,21,0,"",""
l2_root_channel,grp_l2_root_channel_false_0_true_s_fu_8338/mul_7ns_6ns_12_4_0_U10336,51,31,0,"",""
l2_root_channel,grp_l2_root_channel_false_0_true_s_fu_8338/mul_7ns_6ns_12_4_0_U10341,42,21,0,"",""
l2_root_channel,grp_l2_root_channel_false_0_true_s_fu_8338/mul_7ns_6ns_12_4_0_U10342,67,31,0,"",""
l2_root_channel,grp_l2_root_channel_false_0_true_s_fu_8338/mul_7ns_6ns_12_4_0_U10347,1,18,0,"",""
l2_root_channel,grp_l2_root_channel_false_0_true_s_fu_8338/mul_7ns_6ns_12_4_0_U10348,67,31,0,"",""
l2_root_channel,grp_l2_root_channel_false_0_true_s_fu_8338/mul_7ns_6ns_12_4_0_U10353,1,18,0,"",""
l2_root_channel,grp_l2_root_channel_false_0_true_s_fu_8338/mul_7ns_6ns_12_4_0_U10354,67,31,0,"",""
l2_root_channel,grp_l2_root_channel_false_0_true_s_fu_8338/mul_7ns_6ns_12_4_0_U10359,42,21,0,"",""
l2_root_channel,grp_l2_root_channel_false_0_true_s_fu_8338/mul_7ns_6ns_12_4_0_U10360,51,31,0,"",""
l2_root_channel,grp_l2_root_channel_false_0_true_s_fu_8338/mul_7ns_6ns_12_4_0_U10365,42,21,0,"",""
l2_root_channel,grp_l2_root_channel_false_0_true_s_fu_8338/mul_7ns_6ns_12_4_0_U10366,51,31,0,"",""
l2_root_channel,grp_l2_root_channel_false_0_true_s_fu_8338/mul_7ns_6ns_12_4_0_U10371,1,18,0,"",""
l2_root_channel,grp_l2_root_channel_false_0_true_s_fu_8338/mul_7ns_6ns_12_4_0_U10372,67,31,0,"",""
l2_root_channel,grp_l2_root_channel_false_0_true_s_fu_8338/mul_7ns_6s_13_4_0_U10327,102,29,0,"",""
l2_root_channel,grp_l2_root_channel_false_0_true_s_fu_8338/mul_7ns_6s_13_4_0_U10328,28,32,0,"",""
l2_root_channel,grp_l2_root_channel_false_0_true_s_fu_8338/mul_7ns_6s_13_4_0_U10333,103,29,0,"",""
l2_root_channel,grp_l2_root_channel_false_0_true_s_fu_8338/mul_7ns_6s_13_4_0_U10334,28,32,0,"",""
l2_root_channel,grp_l2_root_channel_false_0_true_s_fu_8338/mul_7ns_6s_13_4_0_U10339,102,29,0,"",""
l2_root_channel,grp_l2_root_channel_false_0_true_s_fu_8338/mul_7ns_6s_13_4_0_U10340,28,32,0,"",""
l2_root_channel,grp_l2_root_channel_false_0_true_s_fu_8338/mul_7ns_6s_13_4_0_U10345,103,29,0,"",""
l2_root_channel,grp_l2_root_channel_false_0_true_s_fu_8338/mul_7ns_6s_13_4_0_U10346,28,32,0,"",""
l2_root_channel,grp_l2_root_channel_false_0_true_s_fu_8338/mul_7ns_6s_13_4_0_U10351,102,29,0,"",""
l2_root_channel,grp_l2_root_channel_false_0_true_s_fu_8338/mul_7ns_6s_13_4_0_U10352,28,32,0,"",""
l2_root_channel,grp_l2_root_channel_false_0_true_s_fu_8338/mul_7ns_6s_13_4_0_U10357,102,29,0,"",""
l2_root_channel,grp_l2_root_channel_false_0_true_s_fu_8338/mul_7ns_6s_13_4_0_U10358,28,32,0,"",""
l2_root_channel,grp_l2_root_channel_false_0_true_s_fu_8338/mul_7ns_6s_13_4_0_U10363,102,29,0,"",""
l2_root_channel,grp_l2_root_channel_false_0_true_s_fu_8338/mul_7ns_6s_13_4_0_U10364,28,32,0,"",""
l2_root_channel,grp_l2_root_channel_false_0_true_s_fu_8338/mul_7ns_6s_13_4_0_U10369,102,29,0,"",""
l2_root_channel,grp_l2_root_channel_false_0_true_s_fu_8338/mul_7ns_6s_13_4_0_U10370,28,32,0,"",""
l2_root_channel,grp_l2_root_channel_false_0_true_s_fu_8338/mul_7ns_7ns_13_4_0_U10223,142,33,0,"",""
l2_root_channel,grp_l2_root_channel_false_0_true_s_fu_8338/mul_7ns_7ns_13_4_0_U10224,76,33,0,"",""
l2_root_channel,grp_l2_root_channel_false_0_true_s_fu_8338/mul_7ns_7ns_13_4_0_U10227,182,29,0,"",""
l2_root_channel,grp_l2_root_channel_false_0_true_s_fu_8338/mul_7ns_7ns_13_4_0_U10229,104,32,0,"",""
l2_root_channel,grp_l2_root_channel_false_0_true_s_fu_8338/mul_7ns_7ns_13_4_0_U10231,38,32,0,"",""
l2_root_channel,grp_l2_root_channel_false_0_true_s_fu_8338/mul_7ns_7ns_13_4_0_U10232,101,29,0,"",""
l2_root_channel,grp_l2_root_channel_false_0_true_s_fu_8338/mul_7ns_7ns_13_4_0_U10236,132,33,0,"",""
l2_root_channel,grp_l2_root_channel_false_0_true_s_fu_8338/mul_7ns_7ns_13_4_0_U10237,76,33,0,"",""
l2_root_channel,grp_l2_root_channel_false_0_true_s_fu_8338/mul_7ns_7ns_13_4_0_U10240,182,29,0,"",""
l2_root_channel,grp_l2_root_channel_false_0_true_s_fu_8338/mul_7ns_7ns_13_4_0_U10242,99,32,0,"",""
l2_root_channel,grp_l2_root_channel_false_0_true_s_fu_8338/mul_7ns_7ns_13_4_0_U10244,38,32,0,"",""
l2_root_channel,grp_l2_root_channel_false_0_true_s_fu_8338/mul_7ns_7ns_13_4_0_U10245,101,29,0,"",""
l2_root_channel,grp_l2_root_channel_false_0_true_s_fu_8338/mul_7ns_7ns_13_4_0_U10249,132,33,0,"",""
l2_root_channel,grp_l2_root_channel_false_0_true_s_fu_8338/mul_7ns_7ns_13_4_0_U10250,76,33,0,"",""
l2_root_channel,grp_l2_root_channel_false_0_true_s_fu_8338/mul_7ns_7ns_13_4_0_U10253,182,29,0,"",""
l2_root_channel,grp_l2_root_channel_false_0_true_s_fu_8338/mul_7ns_7ns_13_4_0_U10255,99,32,0,"",""
l2_root_channel,grp_l2_root_channel_false_0_true_s_fu_8338/mul_7ns_7ns_13_4_0_U10257,38,32,0,"",""
l2_root_channel,grp_l2_root_channel_false_0_true_s_fu_8338/mul_7ns_7ns_13_4_0_U10258,101,29,0,"",""
l2_root_channel,grp_l2_root_channel_false_0_true_s_fu_8338/mul_7ns_7ns_13_4_0_U10262,132,33,0,"",""
l2_root_channel,grp_l2_root_channel_false_0_true_s_fu_8338/mul_7ns_7ns_13_4_0_U10263,91,33,0,"",""
l2_root_channel,grp_l2_root_channel_false_0_true_s_fu_8338/mul_7ns_7ns_13_4_0_U10266,196,29,0,"",""
l2_root_channel,grp_l2_root_channel_false_0_true_s_fu_8338/mul_7ns_7ns_13_4_0_U10268,104,32,0,"",""
l2_root_channel,grp_l2_root_channel_false_0_true_s_fu_8338/mul_7ns_7ns_13_4_0_U10270,38,32,0,"",""
l2_root_channel,grp_l2_root_channel_false_0_true_s_fu_8338/mul_7ns_7ns_13_4_0_U10271,101,29,0,"",""
l2_root_channel,grp_l2_root_channel_false_0_true_s_fu_8338/mul_7ns_7ns_13_4_0_U10275,132,33,0,"",""
l2_root_channel,grp_l2_root_channel_false_0_true_s_fu_8338/mul_7ns_7ns_13_4_0_U10276,91,33,0,"",""
l2_root_channel,grp_l2_root_channel_false_0_true_s_fu_8338/mul_7ns_7ns_13_4_0_U10279,196,29,0,"",""
l2_root_channel,grp_l2_root_channel_false_0_true_s_fu_8338/mul_7ns_7ns_13_4_0_U10281,104,32,0,"",""
l2_root_channel,grp_l2_root_channel_false_0_true_s_fu_8338/mul_7ns_7ns_13_4_0_U10283,38,32,0,"",""
l2_root_channel,grp_l2_root_channel_false_0_true_s_fu_8338/mul_7ns_7ns_13_4_0_U10284,101,29,0,"",""
l2_root_channel,grp_l2_root_channel_false_0_true_s_fu_8338/mul_7ns_7ns_13_4_0_U10288,132,33,0,"",""
l2_root_channel,grp_l2_root_channel_false_0_true_s_fu_8338/mul_7ns_7ns_13_4_0_U10289,91,33,0,"",""
l2_root_channel,grp_l2_root_channel_false_0_true_s_fu_8338/mul_7ns_7ns_13_4_0_U10292,196,29,0,"",""
l2_root_channel,grp_l2_root_channel_false_0_true_s_fu_8338/mul_7ns_7ns_13_4_0_U10294,104,32,0,"",""
l2_root_channel,grp_l2_root_channel_false_0_true_s_fu_8338/mul_7ns_7ns_13_4_0_U10296,38,32,0,"",""
l2_root_channel,grp_l2_root_channel_false_0_true_s_fu_8338/mul_7ns_7ns_13_4_0_U10297,101,29,0,"",""
l2_root_channel,grp_l2_root_channel_false_0_true_s_fu_8338/mul_7ns_7ns_13_4_0_U10301,142,33,0,"",""
l2_root_channel,grp_l2_root_channel_false_0_true_s_fu_8338/mul_7ns_7ns_13_4_0_U10302,91,33,0,"",""
l2_root_channel,grp_l2_root_channel_false_0_true_s_fu_8338/mul_7ns_7ns_13_4_0_U10305,196,29,0,"",""
l2_root_channel,grp_l2_root_channel_false_0_true_s_fu_8338/mul_7ns_7ns_13_4_0_U10307,104,32,0,"",""
l2_root_channel,grp_l2_root_channel_false_0_true_s_fu_8338/mul_7ns_7ns_13_4_0_U10309,38,32,0,"",""
l2_root_channel,grp_l2_root_channel_false_0_true_s_fu_8338/mul_7ns_7ns_13_4_0_U10310,101,29,0,"",""
l2_root_channel,grp_l2_root_channel_false_0_true_s_fu_8338/mul_7ns_7ns_13_4_0_U10314,142,33,0,"",""
l2_root_channel,grp_l2_root_channel_false_0_true_s_fu_8338/mul_7ns_7ns_13_4_0_U10315,91,33,0,"",""
l2_root_channel,grp_l2_root_channel_false_0_true_s_fu_8338/mul_7ns_7ns_13_4_0_U10318,196,29,0,"",""
l2_root_channel,grp_l2_root_channel_false_0_true_s_fu_8338/mul_7ns_7ns_13_4_0_U10320,104,32,0,"",""
l2_root_channel,grp_l2_root_channel_false_0_true_s_fu_8338/mul_7ns_7ns_13_4_0_U10322,38,32,0,"",""
l2_root_channel,grp_l2_root_channel_false_0_true_s_fu_8338/mul_7ns_7ns_13_4_0_U10323,101,29,0,"",""
l2_root_channel,grp_l2_root_channel_false_0_true_s_fu_8338/mul_7ns_7ns_13_4_0_U10332,80,31,0,"",""
l2_root_channel,grp_l2_root_channel_false_0_true_s_fu_8338/mul_7ns_7ns_13_4_0_U10338,80,31,0,"",""
l2_root_channel,grp_l2_root_channel_false_0_true_s_fu_8338/mul_7ns_7ns_13_4_0_U10344,80,31,0,"",""
l2_root_channel,grp_l2_root_channel_false_0_true_s_fu_8338/mul_7ns_7ns_13_4_0_U10350,80,31,0,"",""
l2_root_channel,grp_l2_root_channel_false_0_true_s_fu_8338/mul_7ns_7ns_13_4_0_U10356,80,31,0,"",""
l2_root_channel,grp_l2_root_channel_false_0_true_s_fu_8338/mul_7ns_7ns_13_4_0_U10362,80,31,0,"",""
l2_root_channel,grp_l2_root_channel_false_0_true_s_fu_8338/mul_7ns_7ns_13_4_0_U10368,80,31,0,"",""
l2_root_channel,grp_l2_root_channel_false_0_true_s_fu_8338/mul_7ns_7ns_13_4_0_U10374,80,31,0,"",""
l2_root_channel,grp_l2_root_channel_false_0_true_s_fu_8338/mul_7ns_7s_14_4_0_U10331,74,35,0,"",""
l2_root_channel,grp_l2_root_channel_false_0_true_s_fu_8338/mul_7ns_7s_14_4_0_U10337,74,35,0,"",""
l2_root_channel,grp_l2_root_channel_false_0_true_s_fu_8338/mul_7ns_7s_14_4_0_U10343,74,35,0,"",""
l2_root_channel,grp_l2_root_channel_false_0_true_s_fu_8338/mul_7ns_7s_14_4_0_U10349,74,35,0,"",""
l2_root_channel,grp_l2_root_channel_false_0_true_s_fu_8338/mul_7ns_7s_14_4_0_U10355,74,35,0,"",""
l2_root_channel,grp_l2_root_channel_false_0_true_s_fu_8338/mul_7ns_7s_14_4_0_U10361,74,35,0,"",""
l2_root_channel,grp_l2_root_channel_false_0_true_s_fu_8338/mul_7ns_7s_14_4_0_U10367,74,35,0,"",""
l2_root_channel,grp_l2_root_channel_false_0_true_s_fu_8338/mul_7ns_7s_14_4_0_U10373,74,35,0,"",""
l2_root_channel,grp_l2_root_channel_false_0_true_s_fu_8338/mul_7ns_8s_15_4_0_U10226,168,37,0,"",""
l2_root_channel,grp_l2_root_channel_false_0_true_s_fu_8338/mul_7ns_8s_15_4_0_U10239,164,37,0,"",""
l2_root_channel,grp_l2_root_channel_false_0_true_s_fu_8338/mul_7ns_8s_15_4_0_U10252,164,37,0,"",""
l2_root_channel,grp_l2_root_channel_false_0_true_s_fu_8338/mul_7ns_8s_15_4_0_U10265,168,37,0,"",""
l2_root_channel,grp_l2_root_channel_false_0_true_s_fu_8338/mul_7ns_8s_15_4_0_U10278,168,37,0,"",""
l2_root_channel,grp_l2_root_channel_false_0_true_s_fu_8338/mul_7ns_8s_15_4_0_U10291,168,37,0,"",""
l2_root_channel,grp_l2_root_channel_false_0_true_s_fu_8338/mul_7ns_8s_15_4_0_U10304,168,37,0,"",""
l2_root_channel,grp_l2_root_channel_false_0_true_s_fu_8338/mul_7ns_8s_15_4_0_U10317,168,37,0,"",""
l2_root_channel,grp_l2_root_channel_false_0_true_s_fu_8338/add_17ns_17s_17_2_0_U10375/u1,4,0,0,"",""
l2_root_channel,grp_l2_root_channel_false_0_true_s_fu_8338/add_17ns_17s_17_2_0_U10375/u2,9,0,0,"",""
l2_root_channel,grp_l2_root_channel_false_0_true_s_fu_8338/add_17ns_17s_17_2_0_U10376/u1,4,0,0,"",""
l2_root_channel,grp_l2_root_channel_false_0_true_s_fu_8338/add_17ns_17s_17_2_0_U10376/u2,9,0,0,"",""
l2_root_channel,grp_l2_root_channel_false_0_true_s_fu_8338/add_17ns_17s_17_2_0_U10377/u1,4,0,0,"",""
l2_root_channel,grp_l2_root_channel_false_0_true_s_fu_8338/add_17ns_17s_17_2_0_U10377/u2,9,0,0,"",""
l2_root_channel,grp_l2_root_channel_false_0_true_s_fu_8338/add_17ns_17s_17_2_0_U10378/u1,4,0,0,"",""
l2_root_channel,grp_l2_root_channel_false_0_true_s_fu_8338/add_17ns_17s_17_2_0_U10378/u2,9,0,0,"",""
l2_root_channel,grp_l2_root_channel_false_0_true_s_fu_8338/add_17ns_17s_17_2_0_U10379/u1,4,0,0,"",""
l2_root_channel,grp_l2_root_channel_false_0_true_s_fu_8338/add_17ns_17s_17_2_0_U10379/u2,9,0,0,"",""
l2_root_channel,grp_l2_root_channel_false_0_true_s_fu_8338/add_17ns_17s_17_2_0_U10380/u1,4,0,0,"",""
l2_root_channel,grp_l2_root_channel_false_0_true_s_fu_8338/add_17ns_17s_17_2_0_U10380/u2,9,0,0,"",""
l2_root_channel,grp_l2_root_channel_false_0_true_s_fu_8338/add_17ns_17s_17_2_0_U10381/u1,4,0,0,"",""
l2_root_channel,grp_l2_root_channel_false_0_true_s_fu_8338/add_17ns_17s_17_2_0_U10381/u2,9,0,0,"",""
l2_root_channel,grp_l2_root_channel_false_0_true_s_fu_8338/add_17ns_17s_17_2_0_U10382/u1,4,0,0,"",""
l2_root_channel,grp_l2_root_channel_false_0_true_s_fu_8338/add_17ns_17s_17_2_0_U10382/u2,9,0,0,"",""
l2_root_channel,grp_l2_root_channel_false_1_true_s_fu_8510/add_18s_18s_18_2_0_U10711,18,18,0,"",""
l2_root_channel,grp_l2_root_channel_false_1_true_s_fu_8510/add_18s_18s_18_2_0_U10712,18,18,0,"",""
l2_root_channel,grp_l2_root_channel_false_1_true_s_fu_8510/add_18s_18s_18_2_0_U10713,18,18,0,"",""
l2_root_channel,grp_l2_root_channel_false_1_true_s_fu_8510/add_18s_18s_18_2_0_U10714,18,18,0,"",""
l2_root_channel,grp_l2_root_channel_false_1_true_s_fu_8510/add_18s_18s_18_2_0_U10715,18,18,0,"",""
l2_root_channel,grp_l2_root_channel_false_1_true_s_fu_8510/add_18s_18s_18_2_0_U10716,18,18,0,"",""
l2_root_channel,grp_l2_root_channel_false_1_true_s_fu_8510/add_18s_18s_18_2_0_U10717,18,18,0,"",""
l2_root_channel,grp_l2_root_channel_false_1_true_s_fu_8510/add_18s_18s_18_2_0_U10718,18,18,0,"",""
l2_root_channel,grp_l2_root_channel_false_1_true_s_fu_8510/mul_7ns_6ns_12_4_0_U10559,2,24,0,"",""
l2_root_channel,grp_l2_root_channel_false_1_true_s_fu_8510/mul_7ns_6ns_12_4_0_U10569,2,24,0,"",""
l2_root_channel,grp_l2_root_channel_false_1_true_s_fu_8510/mul_7ns_6ns_12_4_0_U10579,2,24,0,"",""
l2_root_channel,grp_l2_root_channel_false_1_true_s_fu_8510/mul_7ns_6ns_12_4_0_U10589,2,24,0,"",""
l2_root_channel,grp_l2_root_channel_false_1_true_s_fu_8510/mul_7ns_6ns_12_4_0_U10599,2,24,0,"",""
l2_root_channel,grp_l2_root_channel_false_1_true_s_fu_8510/mul_7ns_6ns_12_4_0_U10609,2,24,0,"",""
l2_root_channel,grp_l2_root_channel_false_1_true_s_fu_8510/mul_7ns_6ns_12_4_0_U10619,2,24,0,"",""
l2_root_channel,grp_l2_root_channel_false_1_true_s_fu_8510/mul_7ns_6ns_12_4_0_U10629,2,24,0,"",""
l2_root_channel,grp_l2_root_channel_false_1_true_s_fu_8510/mul_7ns_6s_13_4_0_U10682,19,25,0,"",""
l2_root_channel,grp_l2_root_channel_false_1_true_s_fu_8510/mul_7ns_6s_13_4_0_U10686,19,25,0,"",""
l2_root_channel,grp_l2_root_channel_false_1_true_s_fu_8510/mul_7ns_6s_13_4_0_U10690,19,25,0,"",""
l2_root_channel,grp_l2_root_channel_false_1_true_s_fu_8510/mul_7ns_6s_13_4_0_U10694,19,25,0,"",""
l2_root_channel,grp_l2_root_channel_false_1_true_s_fu_8510/mul_7ns_6s_13_4_0_U10698,19,25,0,"",""
l2_root_channel,grp_l2_root_channel_false_1_true_s_fu_8510/mul_7ns_6s_13_4_0_U10702,19,25,0,"",""
l2_root_channel,grp_l2_root_channel_false_1_true_s_fu_8510/mul_7ns_6s_13_4_0_U10706,19,25,0,"",""
l2_root_channel,grp_l2_root_channel_false_1_true_s_fu_8510/mul_7ns_6s_13_4_0_U10710,19,25,0,"",""
l2_root_channel,grp_l2_root_channel_false_1_true_s_fu_8510/mul_7ns_7ns_13_4_0_U10562,154,30,0,"",""
l2_root_channel,grp_l2_root_channel_false_1_true_s_fu_8510/mul_7ns_7ns_13_4_0_U10565,14,24,0,"",""
l2_root_channel,grp_l2_root_channel_false_1_true_s_fu_8510/mul_7ns_7ns_13_4_0_U10566,0,15,0,"",""
l2_root_channel,grp_l2_root_channel_false_1_true_s_fu_8510/mul_7ns_7ns_13_4_0_U10568,2,20,0,"",""
l2_root_channel,grp_l2_root_channel_false_1_true_s_fu_8510/mul_7ns_7ns_13_4_0_U10572,147,30,0,"",""
l2_root_channel,grp_l2_root_channel_false_1_true_s_fu_8510/mul_7ns_7ns_13_4_0_U10575,14,24,0,"",""
l2_root_channel,grp_l2_root_channel_false_1_true_s_fu_8510/mul_7ns_7ns_13_4_0_U10576,0,15,0,"",""
l2_root_channel,grp_l2_root_channel_false_1_true_s_fu_8510/mul_7ns_7ns_13_4_0_U10578,2,20,0,"",""
l2_root_channel,grp_l2_root_channel_false_1_true_s_fu_8510/mul_7ns_7ns_13_4_0_U10582,147,30,0,"",""
l2_root_channel,grp_l2_root_channel_false_1_true_s_fu_8510/mul_7ns_7ns_13_4_0_U10585,14,24,0,"",""
l2_root_channel,grp_l2_root_channel_false_1_true_s_fu_8510/mul_7ns_7ns_13_4_0_U10586,0,15,0,"",""
l2_root_channel,grp_l2_root_channel_false_1_true_s_fu_8510/mul_7ns_7ns_13_4_0_U10588,2,20,0,"",""
l2_root_channel,grp_l2_root_channel_false_1_true_s_fu_8510/mul_7ns_7ns_13_4_0_U10592,154,30,0,"",""
l2_root_channel,grp_l2_root_channel_false_1_true_s_fu_8510/mul_7ns_7ns_13_4_0_U10595,14,24,0,"",""
l2_root_channel,grp_l2_root_channel_false_1_true_s_fu_8510/mul_7ns_7ns_13_4_0_U10596,0,15,0,"",""
l2_root_channel,grp_l2_root_channel_false_1_true_s_fu_8510/mul_7ns_7ns_13_4_0_U10598,2,20,0,"",""
l2_root_channel,grp_l2_root_channel_false_1_true_s_fu_8510/mul_7ns_7ns_13_4_0_U10602,154,30,0,"",""
l2_root_channel,grp_l2_root_channel_false_1_true_s_fu_8510/mul_7ns_7ns_13_4_0_U10605,14,24,0,"",""
l2_root_channel,grp_l2_root_channel_false_1_true_s_fu_8510/mul_7ns_7ns_13_4_0_U10606,0,15,0,"",""
l2_root_channel,grp_l2_root_channel_false_1_true_s_fu_8510/mul_7ns_7ns_13_4_0_U10608,2,20,0,"",""
l2_root_channel,grp_l2_root_channel_false_1_true_s_fu_8510/mul_7ns_7ns_13_4_0_U10612,154,30,0,"",""
l2_root_channel,grp_l2_root_channel_false_1_true_s_fu_8510/mul_7ns_7ns_13_4_0_U10615,14,24,0,"",""
l2_root_channel,grp_l2_root_channel_false_1_true_s_fu_8510/mul_7ns_7ns_13_4_0_U10616,0,15,0,"",""
l2_root_channel,grp_l2_root_channel_false_1_true_s_fu_8510/mul_7ns_7ns_13_4_0_U10618,2,20,0,"",""
l2_root_channel,grp_l2_root_channel_false_1_true_s_fu_8510/mul_7ns_7ns_13_4_0_U10622,154,30,0,"",""
l2_root_channel,grp_l2_root_channel_false_1_true_s_fu_8510/mul_7ns_7ns_13_4_0_U10625,14,24,0,"",""
l2_root_channel,grp_l2_root_channel_false_1_true_s_fu_8510/mul_7ns_7ns_13_4_0_U10626,0,15,0,"",""
l2_root_channel,grp_l2_root_channel_false_1_true_s_fu_8510/mul_7ns_7ns_13_4_0_U10628,2,20,0,"",""
l2_root_channel,grp_l2_root_channel_false_1_true_s_fu_8510/mul_7ns_7ns_13_4_0_U10632,154,30,0,"",""
l2_root_channel,grp_l2_root_channel_false_1_true_s_fu_8510/mul_7ns_7ns_13_4_0_U10635,14,24,0,"",""
l2_root_channel,grp_l2_root_channel_false_1_true_s_fu_8510/mul_7ns_7ns_13_4_0_U10636,0,15,0,"",""
l2_root_channel,grp_l2_root_channel_false_1_true_s_fu_8510/mul_7ns_7ns_13_4_0_U10638,2,20,0,"",""
l2_root_channel,grp_l2_root_channel_false_1_true_s_fu_8510/mul_7ns_7ns_13_4_0_U10639,94,33,0,"",""
l2_root_channel,grp_l2_root_channel_false_1_true_s_fu_8510/mul_7ns_7ns_13_4_0_U10640,0,26,0,"",""
l2_root_channel,grp_l2_root_channel_false_1_true_s_fu_8510/mul_7ns_7ns_13_4_0_U10644,94,33,0,"",""
l2_root_channel,grp_l2_root_channel_false_1_true_s_fu_8510/mul_7ns_7ns_13_4_0_U10645,0,26,0,"",""
l2_root_channel,grp_l2_root_channel_false_1_true_s_fu_8510/mul_7ns_7ns_13_4_0_U10649,94,33,0,"",""
l2_root_channel,grp_l2_root_channel_false_1_true_s_fu_8510/mul_7ns_7ns_13_4_0_U10650,0,26,0,"",""
l2_root_channel,grp_l2_root_channel_false_1_true_s_fu_8510/mul_7ns_7ns_13_4_0_U10654,94,33,0,"",""
l2_root_channel,grp_l2_root_channel_false_1_true_s_fu_8510/mul_7ns_7ns_13_4_0_U10655,0,26,0,"",""
l2_root_channel,grp_l2_root_channel_false_1_true_s_fu_8510/mul_7ns_7ns_13_4_0_U10659,94,33,0,"",""
l2_root_channel,grp_l2_root_channel_false_1_true_s_fu_8510/mul_7ns_7ns_13_4_0_U10660,0,26,0,"",""
l2_root_channel,grp_l2_root_channel_false_1_true_s_fu_8510/mul_7ns_7ns_13_4_0_U10664,94,33,0,"",""
l2_root_channel,grp_l2_root_channel_false_1_true_s_fu_8510/mul_7ns_7ns_13_4_0_U10665,0,26,0,"",""
l2_root_channel,grp_l2_root_channel_false_1_true_s_fu_8510/mul_7ns_7ns_13_4_0_U10669,94,33,0,"",""
l2_root_channel,grp_l2_root_channel_false_1_true_s_fu_8510/mul_7ns_7ns_13_4_0_U10670,0,26,0,"",""
l2_root_channel,grp_l2_root_channel_false_1_true_s_fu_8510/mul_7ns_7ns_13_4_0_U10674,94,33,0,"",""
l2_root_channel,grp_l2_root_channel_false_1_true_s_fu_8510/mul_7ns_7ns_13_4_0_U10675,0,26,0,"",""
l2_root_channel,grp_l2_root_channel_false_1_true_s_fu_8510/mul_7ns_7ns_13_4_0_U10679,28,31,0,"",""
l2_root_channel,grp_l2_root_channel_false_1_true_s_fu_8510/mul_7ns_7ns_13_4_0_U10683,28,31,0,"",""
l2_root_channel,grp_l2_root_channel_false_1_true_s_fu_8510/mul_7ns_7ns_13_4_0_U10687,28,31,0,"",""
l2_root_channel,grp_l2_root_channel_false_1_true_s_fu_8510/mul_7ns_7ns_13_4_0_U10691,28,31,0,"",""
l2_root_channel,grp_l2_root_channel_false_1_true_s_fu_8510/mul_7ns_7ns_13_4_0_U10695,28,31,0,"",""
l2_root_channel,grp_l2_root_channel_false_1_true_s_fu_8510/mul_7ns_7ns_13_4_0_U10699,28,31,0,"",""
l2_root_channel,grp_l2_root_channel_false_1_true_s_fu_8510/mul_7ns_7ns_13_4_0_U10703,28,31,0,"",""
l2_root_channel,grp_l2_root_channel_false_1_true_s_fu_8510/mul_7ns_7ns_13_4_0_U10707,28,31,0,"",""
l2_root_channel,grp_l2_root_channel_false_1_true_s_fu_8510/mul_7ns_7s_14_4_0_U10560,0,28,0,"",""
l2_root_channel,grp_l2_root_channel_false_1_true_s_fu_8510/mul_7ns_7s_14_4_0_U10570,0,28,0,"",""
l2_root_channel,grp_l2_root_channel_false_1_true_s_fu_8510/mul_7ns_7s_14_4_0_U10580,0,28,0,"",""
l2_root_channel,grp_l2_root_channel_false_1_true_s_fu_8510/mul_7ns_7s_14_4_0_U10590,0,28,0,"",""
l2_root_channel,grp_l2_root_channel_false_1_true_s_fu_8510/mul_7ns_7s_14_4_0_U10600,0,28,0,"",""
l2_root_channel,grp_l2_root_channel_false_1_true_s_fu_8510/mul_7ns_7s_14_4_0_U10610,0,28,0,"",""
l2_root_channel,grp_l2_root_channel_false_1_true_s_fu_8510/mul_7ns_7s_14_4_0_U10620,0,28,0,"",""
l2_root_channel,grp_l2_root_channel_false_1_true_s_fu_8510/mul_7ns_7s_14_4_0_U10630,0,28,0,"",""
l2_root_channel,grp_l2_root_channel_false_1_true_s_fu_8510/mul_7ns_8ns_14_4_0_U10567,0,26,0,"",""
l2_root_channel,grp_l2_root_channel_false_1_true_s_fu_8510/mul_7ns_8ns_14_4_0_U10577,0,26,0,"",""
l2_root_channel,grp_l2_root_channel_false_1_true_s_fu_8510/mul_7ns_8ns_14_4_0_U10587,0,26,0,"",""
l2_root_channel,grp_l2_root_channel_false_1_true_s_fu_8510/mul_7ns_8ns_14_4_0_U10597,0,26,0,"",""
l2_root_channel,grp_l2_root_channel_false_1_true_s_fu_8510/mul_7ns_8ns_14_4_0_U10607,0,26,0,"",""
l2_root_channel,grp_l2_root_channel_false_1_true_s_fu_8510/mul_7ns_8ns_14_4_0_U10617,0,26,0,"",""
l2_root_channel,grp_l2_root_channel_false_1_true_s_fu_8510/mul_7ns_8ns_14_4_0_U10627,0,26,0,"",""
l2_root_channel,grp_l2_root_channel_false_1_true_s_fu_8510/mul_7ns_8ns_14_4_0_U10637,0,26,0,"",""
l2_root_channel,grp_l2_root_channel_false_1_true_s_fu_8510/mul_7ns_8ns_14_4_0_U10642,0,24,0,"",""
l2_root_channel,grp_l2_root_channel_false_1_true_s_fu_8510/mul_7ns_8ns_14_4_0_U10647,0,24,0,"",""
l2_root_channel,grp_l2_root_channel_false_1_true_s_fu_8510/mul_7ns_8ns_14_4_0_U10652,0,24,0,"",""
l2_root_channel,grp_l2_root_channel_false_1_true_s_fu_8510/mul_7ns_8ns_14_4_0_U10657,0,24,0,"",""
l2_root_channel,grp_l2_root_channel_false_1_true_s_fu_8510/mul_7ns_8ns_14_4_0_U10662,0,24,0,"",""
l2_root_channel,grp_l2_root_channel_false_1_true_s_fu_8510/mul_7ns_8ns_14_4_0_U10667,0,24,0,"",""
l2_root_channel,grp_l2_root_channel_false_1_true_s_fu_8510/mul_7ns_8ns_14_4_0_U10672,0,24,0,"",""
l2_root_channel,grp_l2_root_channel_false_1_true_s_fu_8510/mul_7ns_8ns_14_4_0_U10677,0,24,0,"",""
l2_root_channel,grp_l2_root_channel_false_1_true_s_fu_8510/mul_7ns_8s_15_4_0_U10561,0,30,0,"",""
l2_root_channel,grp_l2_root_channel_false_1_true_s_fu_8510/mul_7ns_8s_15_4_0_U10563,0,30,0,"",""
l2_root_channel,grp_l2_root_channel_false_1_true_s_fu_8510/mul_7ns_8s_15_4_0_U10564,0,24,0,"",""
l2_root_channel,grp_l2_root_channel_false_1_true_s_fu_8510/mul_7ns_8s_15_4_0_U10571,0,30,0,"",""
l2_root_channel,grp_l2_root_channel_false_1_true_s_fu_8510/mul_7ns_8s_15_4_0_U10573,0,30,0,"",""
l2_root_channel,grp_l2_root_channel_false_1_true_s_fu_8510/mul_7ns_8s_15_4_0_U10574,0,24,0,"",""
l2_root_channel,grp_l2_root_channel_false_1_true_s_fu_8510/mul_7ns_8s_15_4_0_U10581,0,30,0,"",""
l2_root_channel,grp_l2_root_channel_false_1_true_s_fu_8510/mul_7ns_8s_15_4_0_U10583,0,30,0,"",""
l2_root_channel,grp_l2_root_channel_false_1_true_s_fu_8510/mul_7ns_8s_15_4_0_U10584,0,24,0,"",""
l2_root_channel,grp_l2_root_channel_false_1_true_s_fu_8510/mul_7ns_8s_15_4_0_U10591,0,30,0,"",""
l2_root_channel,grp_l2_root_channel_false_1_true_s_fu_8510/mul_7ns_8s_15_4_0_U10593,0,30,0,"",""
l2_root_channel,grp_l2_root_channel_false_1_true_s_fu_8510/mul_7ns_8s_15_4_0_U10594,0,24,0,"",""
l2_root_channel,grp_l2_root_channel_false_1_true_s_fu_8510/mul_7ns_8s_15_4_0_U10601,0,30,0,"",""
l2_root_channel,grp_l2_root_channel_false_1_true_s_fu_8510/mul_7ns_8s_15_4_0_U10603,0,30,0,"",""
l2_root_channel,grp_l2_root_channel_false_1_true_s_fu_8510/mul_7ns_8s_15_4_0_U10604,0,24,0,"",""
l2_root_channel,grp_l2_root_channel_false_1_true_s_fu_8510/mul_7ns_8s_15_4_0_U10611,0,30,0,"",""
l2_root_channel,grp_l2_root_channel_false_1_true_s_fu_8510/mul_7ns_8s_15_4_0_U10613,0,30,0,"",""
l2_root_channel,grp_l2_root_channel_false_1_true_s_fu_8510/mul_7ns_8s_15_4_0_U10614,0,24,0,"",""
l2_root_channel,grp_l2_root_channel_false_1_true_s_fu_8510/mul_7ns_8s_15_4_0_U10621,0,30,0,"",""
l2_root_channel,grp_l2_root_channel_false_1_true_s_fu_8510/mul_7ns_8s_15_4_0_U10623,0,30,0,"",""
l2_root_channel,grp_l2_root_channel_false_1_true_s_fu_8510/mul_7ns_8s_15_4_0_U10624,0,24,0,"",""
l2_root_channel,grp_l2_root_channel_false_1_true_s_fu_8510/mul_7ns_8s_15_4_0_U10631,0,30,0,"",""
l2_root_channel,grp_l2_root_channel_false_1_true_s_fu_8510/mul_7ns_8s_15_4_0_U10633,0,30,0,"",""
l2_root_channel,grp_l2_root_channel_false_1_true_s_fu_8510/mul_7ns_8s_15_4_0_U10634,0,24,0,"",""
l2_root_channel,grp_l2_root_channel_false_1_true_s_fu_8510/mul_7ns_8s_15_4_0_U10641,17,29,0,"",""
l2_root_channel,grp_l2_root_channel_false_1_true_s_fu_8510/mul_7ns_8s_15_4_0_U10643,26,28,0,"",""
l2_root_channel,grp_l2_root_channel_false_1_true_s_fu_8510/mul_7ns_8s_15_4_0_U10646,17,29,0,"",""
l2_root_channel,grp_l2_root_channel_false_1_true_s_fu_8510/mul_7ns_8s_15_4_0_U10648,26,28,0,"",""
l2_root_channel,grp_l2_root_channel_false_1_true_s_fu_8510/mul_7ns_8s_15_4_0_U10651,17,29,0,"",""
l2_root_channel,grp_l2_root_channel_false_1_true_s_fu_8510/mul_7ns_8s_15_4_0_U10653,26,28,0,"",""
l2_root_channel,grp_l2_root_channel_false_1_true_s_fu_8510/mul_7ns_8s_15_4_0_U10656,17,29,0,"",""
l2_root_channel,grp_l2_root_channel_false_1_true_s_fu_8510/mul_7ns_8s_15_4_0_U10658,26,28,0,"",""
l2_root_channel,grp_l2_root_channel_false_1_true_s_fu_8510/mul_7ns_8s_15_4_0_U10661,17,29,0,"",""
l2_root_channel,grp_l2_root_channel_false_1_true_s_fu_8510/mul_7ns_8s_15_4_0_U10663,26,28,0,"",""
l2_root_channel,grp_l2_root_channel_false_1_true_s_fu_8510/mul_7ns_8s_15_4_0_U10666,17,29,0,"",""
l2_root_channel,grp_l2_root_channel_false_1_true_s_fu_8510/mul_7ns_8s_15_4_0_U10668,26,28,0,"",""
l2_root_channel,grp_l2_root_channel_false_1_true_s_fu_8510/mul_7ns_8s_15_4_0_U10671,17,29,0,"",""
l2_root_channel,grp_l2_root_channel_false_1_true_s_fu_8510/mul_7ns_8s_15_4_0_U10673,26,28,0,"",""
l2_root_channel,grp_l2_root_channel_false_1_true_s_fu_8510/mul_7ns_8s_15_4_0_U10676,17,29,0,"",""
l2_root_channel,grp_l2_root_channel_false_1_true_s_fu_8510/mul_7ns_8s_15_4_0_U10678,26,28,0,"",""
l2_root_channel,grp_l2_root_channel_false_1_true_s_fu_8510/mul_7ns_8s_15_4_0_U10680,19,35,0,"",""
l2_root_channel,grp_l2_root_channel_false_1_true_s_fu_8510/mul_7ns_8s_15_4_0_U10681,27,35,0,"",""
l2_root_channel,grp_l2_root_channel_false_1_true_s_fu_8510/mul_7ns_8s_15_4_0_U10684,25,36,0,"",""
l2_root_channel,grp_l2_root_channel_false_1_true_s_fu_8510/mul_7ns_8s_15_4_0_U10685,27,35,0,"",""
l2_root_channel,grp_l2_root_channel_false_1_true_s_fu_8510/mul_7ns_8s_15_4_0_U10688,19,35,0,"",""
l2_root_channel,grp_l2_root_channel_false_1_true_s_fu_8510/mul_7ns_8s_15_4_0_U10689,27,35,0,"",""
l2_root_channel,grp_l2_root_channel_false_1_true_s_fu_8510/mul_7ns_8s_15_4_0_U10692,25,36,0,"",""
l2_root_channel,grp_l2_root_channel_false_1_true_s_fu_8510/mul_7ns_8s_15_4_0_U10693,36,35,0,"",""
l2_root_channel,grp_l2_root_channel_false_1_true_s_fu_8510/mul_7ns_8s_15_4_0_U10696,25,36,0,"",""
l2_root_channel,grp_l2_root_channel_false_1_true_s_fu_8510/mul_7ns_8s_15_4_0_U10697,36,35,0,"",""
l2_root_channel,grp_l2_root_channel_false_1_true_s_fu_8510/mul_7ns_8s_15_4_0_U10700,19,35,0,"",""
l2_root_channel,grp_l2_root_channel_false_1_true_s_fu_8510/mul_7ns_8s_15_4_0_U10701,27,35,0,"",""
l2_root_channel,grp_l2_root_channel_false_1_true_s_fu_8510/mul_7ns_8s_15_4_0_U10704,19,35,0,"",""
l2_root_channel,grp_l2_root_channel_false_1_true_s_fu_8510/mul_7ns_8s_15_4_0_U10705,27,35,0,"",""
l2_root_channel,grp_l2_root_channel_false_1_true_s_fu_8510/mul_7ns_8s_15_4_0_U10708,19,35,0,"",""
l2_root_channel,grp_l2_root_channel_false_1_true_s_fu_8510/mul_7ns_8s_15_4_0_U10709,36,35,0,"",""
l2_root_channel,grp_l2_root_channel_false_1_true_s_fu_8510/add_18s_18s_18_2_0_U10711/u1,9,0,0,"",""
l2_root_channel,grp_l2_root_channel_false_1_true_s_fu_8510/add_18s_18s_18_2_0_U10711/u2,9,0,0,"",""
l2_root_channel,grp_l2_root_channel_false_1_true_s_fu_8510/add_18s_18s_18_2_0_U10712/u1,9,0,0,"",""
l2_root_channel,grp_l2_root_channel_false_1_true_s_fu_8510/add_18s_18s_18_2_0_U10712/u2,9,0,0,"",""
l2_root_channel,grp_l2_root_channel_false_1_true_s_fu_8510/add_18s_18s_18_2_0_U10713/u1,9,0,0,"",""
l2_root_channel,grp_l2_root_channel_false_1_true_s_fu_8510/add_18s_18s_18_2_0_U10713/u2,9,0,0,"",""
l2_root_channel,grp_l2_root_channel_false_1_true_s_fu_8510/add_18s_18s_18_2_0_U10714/u1,9,0,0,"",""
l2_root_channel,grp_l2_root_channel_false_1_true_s_fu_8510/add_18s_18s_18_2_0_U10714/u2,9,0,0,"",""
l2_root_channel,grp_l2_root_channel_false_1_true_s_fu_8510/add_18s_18s_18_2_0_U10715/u1,9,0,0,"",""
l2_root_channel,grp_l2_root_channel_false_1_true_s_fu_8510/add_18s_18s_18_2_0_U10715/u2,9,0,0,"",""
l2_root_channel,grp_l2_root_channel_false_1_true_s_fu_8510/add_18s_18s_18_2_0_U10716/u1,9,0,0,"",""
l2_root_channel,grp_l2_root_channel_false_1_true_s_fu_8510/add_18s_18s_18_2_0_U10716/u2,9,0,0,"",""
l2_root_channel,grp_l2_root_channel_false_1_true_s_fu_8510/add_18s_18s_18_2_0_U10717/u1,9,0,0,"",""
l2_root_channel,grp_l2_root_channel_false_1_true_s_fu_8510/add_18s_18s_18_2_0_U10717/u2,9,0,0,"",""
l2_root_channel,grp_l2_root_channel_false_1_true_s_fu_8510/add_18s_18s_18_2_0_U10718/u1,9,0,0,"",""
l2_root_channel,grp_l2_root_channel_false_1_true_s_fu_8510/add_18s_18s_18_2_0_U10718/u2,9,0,0,"",""
l2_root_channel,grp_l2_root_channel_false_2_true_s_fu_8682/add_18s_18ns_18_2_0_U11040,18,19,0,"",""
l2_root_channel,grp_l2_root_channel_false_2_true_s_fu_8682/add_18s_18ns_18_2_0_U11041,18,19,0,"",""
l2_root_channel,grp_l2_root_channel_false_2_true_s_fu_8682/add_18s_18ns_18_2_0_U11042,18,19,0,"",""
l2_root_channel,grp_l2_root_channel_false_2_true_s_fu_8682/add_18s_18ns_18_2_0_U11043,18,19,0,"",""
l2_root_channel,grp_l2_root_channel_false_2_true_s_fu_8682/add_18s_18ns_18_2_0_U11044,18,19,0,"",""
l2_root_channel,grp_l2_root_channel_false_2_true_s_fu_8682/add_18s_18ns_18_2_0_U11045,18,19,0,"",""
l2_root_channel,grp_l2_root_channel_false_2_true_s_fu_8682/add_18s_18ns_18_2_0_U11046,18,19,0,"",""
l2_root_channel,grp_l2_root_channel_false_2_true_s_fu_8682/add_18s_18ns_18_2_0_U11047,18,19,0,"",""
l2_root_channel,grp_l2_root_channel_false_2_true_s_fu_8682/mul_7ns_5ns_11_4_0_U10898,0,18,0,"",""
l2_root_channel,grp_l2_root_channel_false_2_true_s_fu_8682/mul_7ns_5ns_11_4_0_U10913,0,18,0,"",""
l2_root_channel,grp_l2_root_channel_false_2_true_s_fu_8682/mul_7ns_5ns_11_4_0_U10928,0,18,0,"",""
l2_root_channel,grp_l2_root_channel_false_2_true_s_fu_8682/mul_7ns_5ns_11_4_0_U10943,0,18,0,"",""
l2_root_channel,grp_l2_root_channel_false_2_true_s_fu_8682/mul_7ns_5ns_11_4_0_U10958,0,18,0,"",""
l2_root_channel,grp_l2_root_channel_false_2_true_s_fu_8682/mul_7ns_5ns_11_4_0_U10973,0,18,0,"",""
l2_root_channel,grp_l2_root_channel_false_2_true_s_fu_8682/mul_7ns_5ns_11_4_0_U10988,0,18,0,"",""
l2_root_channel,grp_l2_root_channel_false_2_true_s_fu_8682/mul_7ns_5ns_11_4_0_U11003,0,18,0,"",""
l2_root_channel,grp_l2_root_channel_false_2_true_s_fu_8682/mul_7ns_6ns_12_4_0_U10900,0,16,0,"",""
l2_root_channel,grp_l2_root_channel_false_2_true_s_fu_8682/mul_7ns_6ns_12_4_0_U10915,0,16,0,"",""
l2_root_channel,grp_l2_root_channel_false_2_true_s_fu_8682/mul_7ns_6ns_12_4_0_U10930,0,16,0,"",""
l2_root_channel,grp_l2_root_channel_false_2_true_s_fu_8682/mul_7ns_6ns_12_4_0_U10945,0,16,0,"",""
l2_root_channel,grp_l2_root_channel_false_2_true_s_fu_8682/mul_7ns_6ns_12_4_0_U10960,0,16,0,"",""
l2_root_channel,grp_l2_root_channel_false_2_true_s_fu_8682/mul_7ns_6ns_12_4_0_U10975,0,16,0,"",""
l2_root_channel,grp_l2_root_channel_false_2_true_s_fu_8682/mul_7ns_6ns_12_4_0_U10990,0,16,0,"",""
l2_root_channel,grp_l2_root_channel_false_2_true_s_fu_8682/mul_7ns_6ns_12_4_0_U11005,0,16,0,"",""
l2_root_channel,grp_l2_root_channel_false_2_true_s_fu_8682/mul_7ns_7ns_13_4_0_U10891,0,24,0,"",""
l2_root_channel,grp_l2_root_channel_false_2_true_s_fu_8682/mul_7ns_7ns_13_4_0_U10893,0,26,0,"",""
l2_root_channel,grp_l2_root_channel_false_2_true_s_fu_8682/mul_7ns_7ns_13_4_0_U10899,0,23,0,"",""
l2_root_channel,grp_l2_root_channel_false_2_true_s_fu_8682/mul_7ns_7ns_13_4_0_U10906,0,24,0,"",""
l2_root_channel,grp_l2_root_channel_false_2_true_s_fu_8682/mul_7ns_7ns_13_4_0_U10908,0,26,0,"",""
l2_root_channel,grp_l2_root_channel_false_2_true_s_fu_8682/mul_7ns_7ns_13_4_0_U10914,0,23,0,"",""
l2_root_channel,grp_l2_root_channel_false_2_true_s_fu_8682/mul_7ns_7ns_13_4_0_U10921,0,24,0,"",""
l2_root_channel,grp_l2_root_channel_false_2_true_s_fu_8682/mul_7ns_7ns_13_4_0_U10923,0,26,0,"",""
l2_root_channel,grp_l2_root_channel_false_2_true_s_fu_8682/mul_7ns_7ns_13_4_0_U10929,0,23,0,"",""
l2_root_channel,grp_l2_root_channel_false_2_true_s_fu_8682/mul_7ns_7ns_13_4_0_U10936,0,24,0,"",""
l2_root_channel,grp_l2_root_channel_false_2_true_s_fu_8682/mul_7ns_7ns_13_4_0_U10938,0,26,0,"",""
l2_root_channel,grp_l2_root_channel_false_2_true_s_fu_8682/mul_7ns_7ns_13_4_0_U10944,0,23,0,"",""
l2_root_channel,grp_l2_root_channel_false_2_true_s_fu_8682/mul_7ns_7ns_13_4_0_U10951,0,24,0,"",""
l2_root_channel,grp_l2_root_channel_false_2_true_s_fu_8682/mul_7ns_7ns_13_4_0_U10953,0,26,0,"",""
l2_root_channel,grp_l2_root_channel_false_2_true_s_fu_8682/mul_7ns_7ns_13_4_0_U10959,0,23,0,"",""
l2_root_channel,grp_l2_root_channel_false_2_true_s_fu_8682/mul_7ns_7ns_13_4_0_U10966,0,24,0,"",""
l2_root_channel,grp_l2_root_channel_false_2_true_s_fu_8682/mul_7ns_7ns_13_4_0_U10968,0,26,0,"",""
l2_root_channel,grp_l2_root_channel_false_2_true_s_fu_8682/mul_7ns_7ns_13_4_0_U10974,0,23,0,"",""
l2_root_channel,grp_l2_root_channel_false_2_true_s_fu_8682/mul_7ns_7ns_13_4_0_U10981,0,24,0,"",""
l2_root_channel,grp_l2_root_channel_false_2_true_s_fu_8682/mul_7ns_7ns_13_4_0_U10983,0,26,0,"",""
l2_root_channel,grp_l2_root_channel_false_2_true_s_fu_8682/mul_7ns_7ns_13_4_0_U10989,0,23,0,"",""
l2_root_channel,grp_l2_root_channel_false_2_true_s_fu_8682/mul_7ns_7ns_13_4_0_U10996,0,24,0,"",""
l2_root_channel,grp_l2_root_channel_false_2_true_s_fu_8682/mul_7ns_7ns_13_4_0_U10998,0,26,0,"",""
l2_root_channel,grp_l2_root_channel_false_2_true_s_fu_8682/mul_7ns_7ns_13_4_0_U11004,0,23,0,"",""
l2_root_channel,grp_l2_root_channel_false_2_true_s_fu_8682/mul_7ns_7s_14_4_0_U10890,0,15,0,"",""
l2_root_channel,grp_l2_root_channel_false_2_true_s_fu_8682/mul_7ns_7s_14_4_0_U10905,0,15,0,"",""
l2_root_channel,grp_l2_root_channel_false_2_true_s_fu_8682/mul_7ns_7s_14_4_0_U10920,0,15,0,"",""
l2_root_channel,grp_l2_root_channel_false_2_true_s_fu_8682/mul_7ns_7s_14_4_0_U10935,0,15,0,"",""
l2_root_channel,grp_l2_root_channel_false_2_true_s_fu_8682/mul_7ns_7s_14_4_0_U10950,0,15,0,"",""
l2_root_channel,grp_l2_root_channel_false_2_true_s_fu_8682/mul_7ns_7s_14_4_0_U10965,0,15,0,"",""
l2_root_channel,grp_l2_root_channel_false_2_true_s_fu_8682/mul_7ns_7s_14_4_0_U10980,0,15,0,"",""
l2_root_channel,grp_l2_root_channel_false_2_true_s_fu_8682/mul_7ns_7s_14_4_0_U10995,0,15,0,"",""
l2_root_channel,grp_l2_root_channel_false_2_true_s_fu_8682/mul_7ns_7s_14_4_0_U11025,23,30,0,"",""
l2_root_channel,grp_l2_root_channel_false_2_true_s_fu_8682/mul_7ns_7s_14_4_0_U11027,23,30,0,"",""
l2_root_channel,grp_l2_root_channel_false_2_true_s_fu_8682/mul_7ns_7s_14_4_0_U11029,23,30,0,"",""
l2_root_channel,grp_l2_root_channel_false_2_true_s_fu_8682/mul_7ns_7s_14_4_0_U11031,23,30,0,"",""
l2_root_channel,grp_l2_root_channel_false_2_true_s_fu_8682/mul_7ns_7s_14_4_0_U11033,23,30,0,"",""
l2_root_channel,grp_l2_root_channel_false_2_true_s_fu_8682/mul_7ns_7s_14_4_0_U11035,23,30,0,"",""
l2_root_channel,grp_l2_root_channel_false_2_true_s_fu_8682/mul_7ns_7s_14_4_0_U11037,23,30,0,"",""
l2_root_channel,grp_l2_root_channel_false_2_true_s_fu_8682/mul_7ns_7s_14_4_0_U11039,23,30,0,"",""
l2_root_channel,grp_l2_root_channel_false_2_true_s_fu_8682/mul_7ns_8ns_14_4_0_U10894,0,26,0,"",""
l2_root_channel,grp_l2_root_channel_false_2_true_s_fu_8682/mul_7ns_8ns_14_4_0_U10901,14,28,0,"",""
l2_root_channel,grp_l2_root_channel_false_2_true_s_fu_8682/mul_7ns_8ns_14_4_0_U10902,0,26,0,"",""
l2_root_channel,grp_l2_root_channel_false_2_true_s_fu_8682/mul_7ns_8ns_14_4_0_U10909,0,26,0,"",""
l2_root_channel,grp_l2_root_channel_false_2_true_s_fu_8682/mul_7ns_8ns_14_4_0_U10916,14,28,0,"",""
l2_root_channel,grp_l2_root_channel_false_2_true_s_fu_8682/mul_7ns_8ns_14_4_0_U10917,0,26,0,"",""
l2_root_channel,grp_l2_root_channel_false_2_true_s_fu_8682/mul_7ns_8ns_14_4_0_U10924,0,26,0,"",""
l2_root_channel,grp_l2_root_channel_false_2_true_s_fu_8682/mul_7ns_8ns_14_4_0_U10931,14,28,0,"",""
l2_root_channel,grp_l2_root_channel_false_2_true_s_fu_8682/mul_7ns_8ns_14_4_0_U10932,0,26,0,"",""
l2_root_channel,grp_l2_root_channel_false_2_true_s_fu_8682/mul_7ns_8ns_14_4_0_U10939,0,26,0,"",""
l2_root_channel,grp_l2_root_channel_false_2_true_s_fu_8682/mul_7ns_8ns_14_4_0_U10946,24,28,0,"",""
l2_root_channel,grp_l2_root_channel_false_2_true_s_fu_8682/mul_7ns_8ns_14_4_0_U10947,0,26,0,"",""
l2_root_channel,grp_l2_root_channel_false_2_true_s_fu_8682/mul_7ns_8ns_14_4_0_U10954,0,26,0,"",""
l2_root_channel,grp_l2_root_channel_false_2_true_s_fu_8682/mul_7ns_8ns_14_4_0_U10961,24,28,0,"",""
l2_root_channel,grp_l2_root_channel_false_2_true_s_fu_8682/mul_7ns_8ns_14_4_0_U10962,0,26,0,"",""
l2_root_channel,grp_l2_root_channel_false_2_true_s_fu_8682/mul_7ns_8ns_14_4_0_U10969,0,26,0,"",""
l2_root_channel,grp_l2_root_channel_false_2_true_s_fu_8682/mul_7ns_8ns_14_4_0_U10976,14,28,0,"",""
l2_root_channel,grp_l2_root_channel_false_2_true_s_fu_8682/mul_7ns_8ns_14_4_0_U10977,0,26,0,"",""
l2_root_channel,grp_l2_root_channel_false_2_true_s_fu_8682/mul_7ns_8ns_14_4_0_U10984,0,26,0,"",""
l2_root_channel,grp_l2_root_channel_false_2_true_s_fu_8682/mul_7ns_8ns_14_4_0_U10991,14,28,0,"",""
l2_root_channel,grp_l2_root_channel_false_2_true_s_fu_8682/mul_7ns_8ns_14_4_0_U10992,0,26,0,"",""
l2_root_channel,grp_l2_root_channel_false_2_true_s_fu_8682/mul_7ns_8ns_14_4_0_U10999,0,26,0,"",""
l2_root_channel,grp_l2_root_channel_false_2_true_s_fu_8682/mul_7ns_8ns_14_4_0_U11006,24,28,0,"",""
l2_root_channel,grp_l2_root_channel_false_2_true_s_fu_8682/mul_7ns_8ns_14_4_0_U11007,0,26,0,"",""
l2_root_channel,grp_l2_root_channel_false_2_true_s_fu_8682/mul_7ns_8ns_14_4_0_U11008,29,30,0,"",""
l2_root_channel,grp_l2_root_channel_false_2_true_s_fu_8682/mul_7ns_8ns_14_4_0_U11010,29,30,0,"",""
l2_root_channel,grp_l2_root_channel_false_2_true_s_fu_8682/mul_7ns_8ns_14_4_0_U11012,29,30,0,"",""
l2_root_channel,grp_l2_root_channel_false_2_true_s_fu_8682/mul_7ns_8ns_14_4_0_U11014,29,30,0,"",""
l2_root_channel,grp_l2_root_channel_false_2_true_s_fu_8682/mul_7ns_8ns_14_4_0_U11016,29,30,0,"",""
l2_root_channel,grp_l2_root_channel_false_2_true_s_fu_8682/mul_7ns_8ns_14_4_0_U11018,29,30,0,"",""
l2_root_channel,grp_l2_root_channel_false_2_true_s_fu_8682/mul_7ns_8ns_14_4_0_U11020,29,30,0,"",""
l2_root_channel,grp_l2_root_channel_false_2_true_s_fu_8682/mul_7ns_8ns_14_4_0_U11022,29,30,0,"",""
l2_root_channel,grp_l2_root_channel_false_2_true_s_fu_8682/mul_7ns_8s_15_4_0_U10888,0,24,0,"",""
l2_root_channel,grp_l2_root_channel_false_2_true_s_fu_8682/mul_7ns_8s_15_4_0_U10889,3,16,0,"",""
l2_root_channel,grp_l2_root_channel_false_2_true_s_fu_8682/mul_7ns_8s_15_4_0_U10892,0,20,0,"",""
l2_root_channel,grp_l2_root_channel_false_2_true_s_fu_8682/mul_7ns_8s_15_4_0_U10895,0,25,0,"",""
l2_root_channel,grp_l2_root_channel_false_2_true_s_fu_8682/mul_7ns_8s_15_4_0_U10896,0,24,0,"",""
l2_root_channel,grp_l2_root_channel_false_2_true_s_fu_8682/mul_7ns_8s_15_4_0_U10897,0,24,0,"",""
l2_root_channel,grp_l2_root_channel_false_2_true_s_fu_8682/mul_7ns_8s_15_4_0_U10903,0,24,0,"",""
l2_root_channel,grp_l2_root_channel_false_2_true_s_fu_8682/mul_7ns_8s_15_4_0_U10904,0,14,0,"",""
l2_root_channel,grp_l2_root_channel_false_2_true_s_fu_8682/mul_7ns_8s_15_4_0_U10907,0,20,0,"",""
l2_root_channel,grp_l2_root_channel_false_2_true_s_fu_8682/mul_7ns_8s_15_4_0_U10910,0,25,0,"",""
l2_root_channel,grp_l2_root_channel_false_2_true_s_fu_8682/mul_7ns_8s_15_4_0_U10911,0,24,0,"",""
l2_root_channel,grp_l2_root_channel_false_2_true_s_fu_8682/mul_7ns_8s_15_4_0_U10912,0,24,0,"",""
l2_root_channel,grp_l2_root_channel_false_2_true_s_fu_8682/mul_7ns_8s_15_4_0_U10918,0,24,0,"",""
l2_root_channel,grp_l2_root_channel_false_2_true_s_fu_8682/mul_7ns_8s_15_4_0_U10919,3,16,0,"",""
l2_root_channel,grp_l2_root_channel_false_2_true_s_fu_8682/mul_7ns_8s_15_4_0_U10922,0,20,0,"",""
l2_root_channel,grp_l2_root_channel_false_2_true_s_fu_8682/mul_7ns_8s_15_4_0_U10925,0,25,0,"",""
l2_root_channel,grp_l2_root_channel_false_2_true_s_fu_8682/mul_7ns_8s_15_4_0_U10926,0,24,0,"",""
l2_root_channel,grp_l2_root_channel_false_2_true_s_fu_8682/mul_7ns_8s_15_4_0_U10927,0,24,0,"",""
l2_root_channel,grp_l2_root_channel_false_2_true_s_fu_8682/mul_7ns_8s_15_4_0_U10933,0,24,0,"",""
l2_root_channel,grp_l2_root_channel_false_2_true_s_fu_8682/mul_7ns_8s_15_4_0_U10934,0,14,0,"",""
l2_root_channel,grp_l2_root_channel_false_2_true_s_fu_8682/mul_7ns_8s_15_4_0_U10937,0,20,0,"",""
l2_root_channel,grp_l2_root_channel_false_2_true_s_fu_8682/mul_7ns_8s_15_4_0_U10940,0,25,0,"",""
l2_root_channel,grp_l2_root_channel_false_2_true_s_fu_8682/mul_7ns_8s_15_4_0_U10941,0,24,0,"",""
l2_root_channel,grp_l2_root_channel_false_2_true_s_fu_8682/mul_7ns_8s_15_4_0_U10942,0,24,0,"",""
l2_root_channel,grp_l2_root_channel_false_2_true_s_fu_8682/mul_7ns_8s_15_4_0_U10948,0,24,0,"",""
l2_root_channel,grp_l2_root_channel_false_2_true_s_fu_8682/mul_7ns_8s_15_4_0_U10949,0,14,0,"",""
l2_root_channel,grp_l2_root_channel_false_2_true_s_fu_8682/mul_7ns_8s_15_4_0_U10952,0,20,0,"",""
l2_root_channel,grp_l2_root_channel_false_2_true_s_fu_8682/mul_7ns_8s_15_4_0_U10955,0,25,0,"",""
l2_root_channel,grp_l2_root_channel_false_2_true_s_fu_8682/mul_7ns_8s_15_4_0_U10956,0,24,0,"",""
l2_root_channel,grp_l2_root_channel_false_2_true_s_fu_8682/mul_7ns_8s_15_4_0_U10957,0,24,0,"",""
l2_root_channel,grp_l2_root_channel_false_2_true_s_fu_8682/mul_7ns_8s_15_4_0_U10963,0,24,0,"",""
l2_root_channel,grp_l2_root_channel_false_2_true_s_fu_8682/mul_7ns_8s_15_4_0_U10964,3,16,0,"",""
l2_root_channel,grp_l2_root_channel_false_2_true_s_fu_8682/mul_7ns_8s_15_4_0_U10967,0,20,0,"",""
l2_root_channel,grp_l2_root_channel_false_2_true_s_fu_8682/mul_7ns_8s_15_4_0_U10970,0,26,0,"",""
l2_root_channel,grp_l2_root_channel_false_2_true_s_fu_8682/mul_7ns_8s_15_4_0_U10971,0,24,0,"",""
l2_root_channel,grp_l2_root_channel_false_2_true_s_fu_8682/mul_7ns_8s_15_4_0_U10972,0,24,0,"",""
l2_root_channel,grp_l2_root_channel_false_2_true_s_fu_8682/mul_7ns_8s_15_4_0_U10978,0,24,0,"",""
l2_root_channel,grp_l2_root_channel_false_2_true_s_fu_8682/mul_7ns_8s_15_4_0_U10979,3,16,0,"",""
l2_root_channel,grp_l2_root_channel_false_2_true_s_fu_8682/mul_7ns_8s_15_4_0_U10982,0,20,0,"",""
l2_root_channel,grp_l2_root_channel_false_2_true_s_fu_8682/mul_7ns_8s_15_4_0_U10985,0,25,0,"",""
l2_root_channel,grp_l2_root_channel_false_2_true_s_fu_8682/mul_7ns_8s_15_4_0_U10986,0,24,0,"",""
l2_root_channel,grp_l2_root_channel_false_2_true_s_fu_8682/mul_7ns_8s_15_4_0_U10987,0,24,0,"",""
l2_root_channel,grp_l2_root_channel_false_2_true_s_fu_8682/mul_7ns_8s_15_4_0_U10993,0,24,0,"",""
l2_root_channel,grp_l2_root_channel_false_2_true_s_fu_8682/mul_7ns_8s_15_4_0_U10994,3,16,0,"",""
l2_root_channel,grp_l2_root_channel_false_2_true_s_fu_8682/mul_7ns_8s_15_4_0_U10997,0,20,0,"",""
l2_root_channel,grp_l2_root_channel_false_2_true_s_fu_8682/mul_7ns_8s_15_4_0_U11000,0,25,0,"",""
l2_root_channel,grp_l2_root_channel_false_2_true_s_fu_8682/mul_7ns_8s_15_4_0_U11001,0,24,0,"",""
l2_root_channel,grp_l2_root_channel_false_2_true_s_fu_8682/mul_7ns_8s_15_4_0_U11002,0,24,0,"",""
l2_root_channel,grp_l2_root_channel_false_2_true_s_fu_8682/mul_7ns_8s_15_4_0_U11009,44,26,0,"",""
l2_root_channel,grp_l2_root_channel_false_2_true_s_fu_8682/mul_7ns_8s_15_4_0_U11011,44,26,0,"",""
l2_root_channel,grp_l2_root_channel_false_2_true_s_fu_8682/mul_7ns_8s_15_4_0_U11013,44,26,0,"",""
l2_root_channel,grp_l2_root_channel_false_2_true_s_fu_8682/mul_7ns_8s_15_4_0_U11015,44,26,0,"",""
l2_root_channel,grp_l2_root_channel_false_2_true_s_fu_8682/mul_7ns_8s_15_4_0_U11017,44,26,0,"",""
l2_root_channel,grp_l2_root_channel_false_2_true_s_fu_8682/mul_7ns_8s_15_4_0_U11019,44,26,0,"",""
l2_root_channel,grp_l2_root_channel_false_2_true_s_fu_8682/mul_7ns_8s_15_4_0_U11021,44,26,0,"",""
l2_root_channel,grp_l2_root_channel_false_2_true_s_fu_8682/mul_7ns_8s_15_4_0_U11023,44,26,0,"",""
l2_root_channel,grp_l2_root_channel_false_2_true_s_fu_8682/mul_7ns_8s_15_4_0_U11024,16,22,0,"",""
l2_root_channel,grp_l2_root_channel_false_2_true_s_fu_8682/mul_7ns_8s_15_4_0_U11026,16,22,0,"",""
l2_root_channel,grp_l2_root_channel_false_2_true_s_fu_8682/mul_7ns_8s_15_4_0_U11028,16,22,0,"",""
l2_root_channel,grp_l2_root_channel_false_2_true_s_fu_8682/mul_7ns_8s_15_4_0_U11030,16,22,0,"",""
l2_root_channel,grp_l2_root_channel_false_2_true_s_fu_8682/mul_7ns_8s_15_4_0_U11032,16,22,0,"",""
l2_root_channel,grp_l2_root_channel_false_2_true_s_fu_8682/mul_7ns_8s_15_4_0_U11034,16,22,0,"",""
l2_root_channel,grp_l2_root_channel_false_2_true_s_fu_8682/mul_7ns_8s_15_4_0_U11036,16,22,0,"",""
l2_root_channel,grp_l2_root_channel_false_2_true_s_fu_8682/mul_7ns_8s_15_4_0_U11038,16,22,0,"",""
l2_root_channel,grp_l2_root_channel_false_2_true_s_fu_8682/add_18s_18ns_18_2_0_U11040/u1,9,0,0,"",""
l2_root_channel,grp_l2_root_channel_false_2_true_s_fu_8682/add_18s_18ns_18_2_0_U11040/u2,9,0,0,"",""
l2_root_channel,grp_l2_root_channel_false_2_true_s_fu_8682/add_18s_18ns_18_2_0_U11041/u1,9,0,0,"",""
l2_root_channel,grp_l2_root_channel_false_2_true_s_fu_8682/add_18s_18ns_18_2_0_U11041/u2,9,0,0,"",""
l2_root_channel,grp_l2_root_channel_false_2_true_s_fu_8682/add_18s_18ns_18_2_0_U11042/u1,9,0,0,"",""
l2_root_channel,grp_l2_root_channel_false_2_true_s_fu_8682/add_18s_18ns_18_2_0_U11042/u2,9,0,0,"",""
l2_root_channel,grp_l2_root_channel_false_2_true_s_fu_8682/add_18s_18ns_18_2_0_U11043/u1,9,0,0,"",""
l2_root_channel,grp_l2_root_channel_false_2_true_s_fu_8682/add_18s_18ns_18_2_0_U11043/u2,9,0,0,"",""
l2_root_channel,grp_l2_root_channel_false_2_true_s_fu_8682/add_18s_18ns_18_2_0_U11044/u1,9,0,0,"",""
l2_root_channel,grp_l2_root_channel_false_2_true_s_fu_8682/add_18s_18ns_18_2_0_U11044/u2,9,0,0,"",""
l2_root_channel,grp_l2_root_channel_false_2_true_s_fu_8682/add_18s_18ns_18_2_0_U11045/u1,9,0,0,"",""
l2_root_channel,grp_l2_root_channel_false_2_true_s_fu_8682/add_18s_18ns_18_2_0_U11045/u2,9,0,0,"",""
l2_root_channel,grp_l2_root_channel_false_2_true_s_fu_8682/add_18s_18ns_18_2_0_U11046/u1,9,0,0,"",""
l2_root_channel,grp_l2_root_channel_false_2_true_s_fu_8682/add_18s_18ns_18_2_0_U11046/u2,9,0,0,"",""
l2_root_channel,grp_l2_root_channel_false_2_true_s_fu_8682/add_18s_18ns_18_2_0_U11047/u1,9,0,0,"",""
l2_root_channel,grp_l2_root_channel_false_2_true_s_fu_8682/add_18s_18ns_18_2_0_U11047/u2,9,0,0,"",""
l2_root_channel,grp_l2_root_channel_false_3_true_s_fu_8854/add_18s_18s_18_2_0_U11384,18,18,0,"",""
l2_root_channel,grp_l2_root_channel_false_3_true_s_fu_8854/add_18s_18s_18_2_0_U11385,18,18,0,"",""
l2_root_channel,grp_l2_root_channel_false_3_true_s_fu_8854/add_18s_18s_18_2_0_U11386,18,18,0,"",""
l2_root_channel,grp_l2_root_channel_false_3_true_s_fu_8854/add_18s_18s_18_2_0_U11387,18,18,0,"",""
l2_root_channel,grp_l2_root_channel_false_3_true_s_fu_8854/add_18s_18s_18_2_0_U11388,18,18,0,"",""
l2_root_channel,grp_l2_root_channel_false_3_true_s_fu_8854/add_18s_18s_18_2_0_U11389,18,18,0,"",""
l2_root_channel,grp_l2_root_channel_false_3_true_s_fu_8854/add_18s_18s_18_2_0_U11390,18,18,0,"",""
l2_root_channel,grp_l2_root_channel_false_3_true_s_fu_8854/add_18s_18s_18_2_0_U11391,18,18,0,"",""
l2_root_channel,grp_l2_root_channel_false_3_true_s_fu_8854/mul_7ns_5s_12_4_0_U11225,0,20,0,"",""
l2_root_channel,grp_l2_root_channel_false_3_true_s_fu_8854/mul_7ns_5s_12_4_0_U11238,0,20,0,"",""
l2_root_channel,grp_l2_root_channel_false_3_true_s_fu_8854/mul_7ns_5s_12_4_0_U11251,0,20,0,"",""
l2_root_channel,grp_l2_root_channel_false_3_true_s_fu_8854/mul_7ns_5s_12_4_0_U11264,0,20,0,"",""
l2_root_channel,grp_l2_root_channel_false_3_true_s_fu_8854/mul_7ns_5s_12_4_0_U11277,0,20,0,"",""
l2_root_channel,grp_l2_root_channel_false_3_true_s_fu_8854/mul_7ns_5s_12_4_0_U11290,0,20,0,"",""
l2_root_channel,grp_l2_root_channel_false_3_true_s_fu_8854/mul_7ns_5s_12_4_0_U11303,0,20,0,"",""
l2_root_channel,grp_l2_root_channel_false_3_true_s_fu_8854/mul_7ns_5s_12_4_0_U11316,0,20,0,"",""
l2_root_channel,grp_l2_root_channel_false_3_true_s_fu_8854/mul_7ns_6ns_12_4_0_U11323,1,18,0,"",""
l2_root_channel,grp_l2_root_channel_false_3_true_s_fu_8854/mul_7ns_6ns_12_4_0_U11330,1,18,0,"",""
l2_root_channel,grp_l2_root_channel_false_3_true_s_fu_8854/mul_7ns_6ns_12_4_0_U11337,1,18,0,"",""
l2_root_channel,grp_l2_root_channel_false_3_true_s_fu_8854/mul_7ns_6ns_12_4_0_U11344,1,18,0,"",""
l2_root_channel,grp_l2_root_channel_false_3_true_s_fu_8854/mul_7ns_6ns_12_4_0_U11351,1,18,0,"",""
l2_root_channel,grp_l2_root_channel_false_3_true_s_fu_8854/mul_7ns_6ns_12_4_0_U11358,1,18,0,"",""
l2_root_channel,grp_l2_root_channel_false_3_true_s_fu_8854/mul_7ns_6ns_12_4_0_U11365,1,18,0,"",""
l2_root_channel,grp_l2_root_channel_false_3_true_s_fu_8854/mul_7ns_6ns_12_4_0_U11372,1,18,0,"",""
l2_root_channel,grp_l2_root_channel_false_3_true_s_fu_8854/mul_7ns_7ns_13_4_0_U11217,0,20,0,"",""
l2_root_channel,grp_l2_root_channel_false_3_true_s_fu_8854/mul_7ns_7ns_13_4_0_U11218,0,26,0,"",""
l2_root_channel,grp_l2_root_channel_false_3_true_s_fu_8854/mul_7ns_7ns_13_4_0_U11219,0,26,0,"",""
l2_root_channel,grp_l2_root_channel_false_3_true_s_fu_8854/mul_7ns_7ns_13_4_0_U11222,0,22,0,"",""
l2_root_channel,grp_l2_root_channel_false_3_true_s_fu_8854/mul_7ns_7ns_13_4_0_U11223,0,26,0,"",""
l2_root_channel,grp_l2_root_channel_false_3_true_s_fu_8854/mul_7ns_7ns_13_4_0_U11226,0,14,0,"",""
l2_root_channel,grp_l2_root_channel_false_3_true_s_fu_8854/mul_7ns_7ns_13_4_0_U11227,0,18,0,"",""
l2_root_channel,grp_l2_root_channel_false_3_true_s_fu_8854/mul_7ns_7ns_13_4_0_U11230,0,20,0,"",""
l2_root_channel,grp_l2_root_channel_false_3_true_s_fu_8854/mul_7ns_7ns_13_4_0_U11231,0,26,0,"",""
l2_root_channel,grp_l2_root_channel_false_3_true_s_fu_8854/mul_7ns_7ns_13_4_0_U11232,0,26,0,"",""
l2_root_channel,grp_l2_root_channel_false_3_true_s_fu_8854/mul_7ns_7ns_13_4_0_U11235,0,22,0,"",""
l2_root_channel,grp_l2_root_channel_false_3_true_s_fu_8854/mul_7ns_7ns_13_4_0_U11236,0,26,0,"",""
l2_root_channel,grp_l2_root_channel_false_3_true_s_fu_8854/mul_7ns_7ns_13_4_0_U11239,0,14,0,"",""
l2_root_channel,grp_l2_root_channel_false_3_true_s_fu_8854/mul_7ns_7ns_13_4_0_U11240,0,18,0,"",""
l2_root_channel,grp_l2_root_channel_false_3_true_s_fu_8854/mul_7ns_7ns_13_4_0_U11243,0,20,0,"",""
l2_root_channel,grp_l2_root_channel_false_3_true_s_fu_8854/mul_7ns_7ns_13_4_0_U11244,0,26,0,"",""
l2_root_channel,grp_l2_root_channel_false_3_true_s_fu_8854/mul_7ns_7ns_13_4_0_U11245,0,26,0,"",""
l2_root_channel,grp_l2_root_channel_false_3_true_s_fu_8854/mul_7ns_7ns_13_4_0_U11248,0,22,0,"",""
l2_root_channel,grp_l2_root_channel_false_3_true_s_fu_8854/mul_7ns_7ns_13_4_0_U11249,0,26,0,"",""
l2_root_channel,grp_l2_root_channel_false_3_true_s_fu_8854/mul_7ns_7ns_13_4_0_U11252,0,14,0,"",""
l2_root_channel,grp_l2_root_channel_false_3_true_s_fu_8854/mul_7ns_7ns_13_4_0_U11253,0,18,0,"",""
l2_root_channel,grp_l2_root_channel_false_3_true_s_fu_8854/mul_7ns_7ns_13_4_0_U11256,0,20,0,"",""
l2_root_channel,grp_l2_root_channel_false_3_true_s_fu_8854/mul_7ns_7ns_13_4_0_U11257,0,26,0,"",""
l2_root_channel,grp_l2_root_channel_false_3_true_s_fu_8854/mul_7ns_7ns_13_4_0_U11258,0,26,0,"",""
l2_root_channel,grp_l2_root_channel_false_3_true_s_fu_8854/mul_7ns_7ns_13_4_0_U11261,0,22,0,"",""
l2_root_channel,grp_l2_root_channel_false_3_true_s_fu_8854/mul_7ns_7ns_13_4_0_U11262,0,26,0,"",""
l2_root_channel,grp_l2_root_channel_false_3_true_s_fu_8854/mul_7ns_7ns_13_4_0_U11265,0,14,0,"",""
l2_root_channel,grp_l2_root_channel_false_3_true_s_fu_8854/mul_7ns_7ns_13_4_0_U11266,0,18,0,"",""
l2_root_channel,grp_l2_root_channel_false_3_true_s_fu_8854/mul_7ns_7ns_13_4_0_U11269,0,20,0,"",""
l2_root_channel,grp_l2_root_channel_false_3_true_s_fu_8854/mul_7ns_7ns_13_4_0_U11270,0,26,0,"",""
l2_root_channel,grp_l2_root_channel_false_3_true_s_fu_8854/mul_7ns_7ns_13_4_0_U11271,0,26,0,"",""
l2_root_channel,grp_l2_root_channel_false_3_true_s_fu_8854/mul_7ns_7ns_13_4_0_U11274,0,22,0,"",""
l2_root_channel,grp_l2_root_channel_false_3_true_s_fu_8854/mul_7ns_7ns_13_4_0_U11275,0,26,0,"",""
l2_root_channel,grp_l2_root_channel_false_3_true_s_fu_8854/mul_7ns_7ns_13_4_0_U11278,0,14,0,"",""
l2_root_channel,grp_l2_root_channel_false_3_true_s_fu_8854/mul_7ns_7ns_13_4_0_U11279,0,18,0,"",""
l2_root_channel,grp_l2_root_channel_false_3_true_s_fu_8854/mul_7ns_7ns_13_4_0_U11282,0,20,0,"",""
l2_root_channel,grp_l2_root_channel_false_3_true_s_fu_8854/mul_7ns_7ns_13_4_0_U11283,0,26,0,"",""
l2_root_channel,grp_l2_root_channel_false_3_true_s_fu_8854/mul_7ns_7ns_13_4_0_U11284,0,26,0,"",""
l2_root_channel,grp_l2_root_channel_false_3_true_s_fu_8854/mul_7ns_7ns_13_4_0_U11287,0,22,0,"",""
l2_root_channel,grp_l2_root_channel_false_3_true_s_fu_8854/mul_7ns_7ns_13_4_0_U11288,0,26,0,"",""
l2_root_channel,grp_l2_root_channel_false_3_true_s_fu_8854/mul_7ns_7ns_13_4_0_U11291,0,14,0,"",""
l2_root_channel,grp_l2_root_channel_false_3_true_s_fu_8854/mul_7ns_7ns_13_4_0_U11292,0,18,0,"",""
l2_root_channel,grp_l2_root_channel_false_3_true_s_fu_8854/mul_7ns_7ns_13_4_0_U11295,0,20,0,"",""
l2_root_channel,grp_l2_root_channel_false_3_true_s_fu_8854/mul_7ns_7ns_13_4_0_U11296,0,26,0,"",""
l2_root_channel,grp_l2_root_channel_false_3_true_s_fu_8854/mul_7ns_7ns_13_4_0_U11297,0,26,0,"",""
l2_root_channel,grp_l2_root_channel_false_3_true_s_fu_8854/mul_7ns_7ns_13_4_0_U11300,0,22,0,"",""
l2_root_channel,grp_l2_root_channel_false_3_true_s_fu_8854/mul_7ns_7ns_13_4_0_U11301,0,26,0,"",""
l2_root_channel,grp_l2_root_channel_false_3_true_s_fu_8854/mul_7ns_7ns_13_4_0_U11304,0,14,0,"",""
l2_root_channel,grp_l2_root_channel_false_3_true_s_fu_8854/mul_7ns_7ns_13_4_0_U11305,0,18,0,"",""
l2_root_channel,grp_l2_root_channel_false_3_true_s_fu_8854/mul_7ns_7ns_13_4_0_U11308,0,20,0,"",""
l2_root_channel,grp_l2_root_channel_false_3_true_s_fu_8854/mul_7ns_7ns_13_4_0_U11309,0,26,0,"",""
l2_root_channel,grp_l2_root_channel_false_3_true_s_fu_8854/mul_7ns_7ns_13_4_0_U11310,0,26,0,"",""
l2_root_channel,grp_l2_root_channel_false_3_true_s_fu_8854/mul_7ns_7ns_13_4_0_U11313,0,22,0,"",""
l2_root_channel,grp_l2_root_channel_false_3_true_s_fu_8854/mul_7ns_7ns_13_4_0_U11314,0,26,0,"",""
l2_root_channel,grp_l2_root_channel_false_3_true_s_fu_8854/mul_7ns_7ns_13_4_0_U11317,0,14,0,"",""
l2_root_channel,grp_l2_root_channel_false_3_true_s_fu_8854/mul_7ns_7ns_13_4_0_U11318,0,18,0,"",""
l2_root_channel,grp_l2_root_channel_false_3_true_s_fu_8854/mul_7ns_7ns_13_4_0_U11325,0,25,0,"",""
l2_root_channel,grp_l2_root_channel_false_3_true_s_fu_8854/mul_7ns_7ns_13_4_0_U11332,0,25,0,"",""
l2_root_channel,grp_l2_root_channel_false_3_true_s_fu_8854/mul_7ns_7ns_13_4_0_U11339,0,25,0,"",""
l2_root_channel,grp_l2_root_channel_false_3_true_s_fu_8854/mul_7ns_7ns_13_4_0_U11346,0,25,0,"",""
l2_root_channel,grp_l2_root_channel_false_3_true_s_fu_8854/mul_7ns_7ns_13_4_0_U11353,0,25,0,"",""
l2_root_channel,grp_l2_root_channel_false_3_true_s_fu_8854/mul_7ns_7ns_13_4_0_U11360,0,26,0,"",""
l2_root_channel,grp_l2_root_channel_false_3_true_s_fu_8854/mul_7ns_7ns_13_4_0_U11367,0,26,0,"",""
l2_root_channel,grp_l2_root_channel_false_3_true_s_fu_8854/mul_7ns_7ns_13_4_0_U11374,0,25,0,"",""
l2_root_channel,grp_l2_root_channel_false_3_true_s_fu_8854/mul_7ns_7s_14_4_0_U11324,0,24,0,"",""
l2_root_channel,grp_l2_root_channel_false_3_true_s_fu_8854/mul_7ns_7s_14_4_0_U11331,0,24,0,"",""
l2_root_channel,grp_l2_root_channel_false_3_true_s_fu_8854/mul_7ns_7s_14_4_0_U11338,0,24,0,"",""
l2_root_channel,grp_l2_root_channel_false_3_true_s_fu_8854/mul_7ns_7s_14_4_0_U11345,0,24,0,"",""
l2_root_channel,grp_l2_root_channel_false_3_true_s_fu_8854/mul_7ns_7s_14_4_0_U11352,0,24,0,"",""
l2_root_channel,grp_l2_root_channel_false_3_true_s_fu_8854/mul_7ns_7s_14_4_0_U11359,0,24,0,"",""
l2_root_channel,grp_l2_root_channel_false_3_true_s_fu_8854/mul_7ns_7s_14_4_0_U11366,0,24,0,"",""
l2_root_channel,grp_l2_root_channel_false_3_true_s_fu_8854/mul_7ns_7s_14_4_0_U11373,0,24,0,"",""
l2_root_channel,grp_l2_root_channel_false_3_true_s_fu_8854/mul_7ns_8ns_14_4_0_U11221,0,22,0,"",""
l2_root_channel,grp_l2_root_channel_false_3_true_s_fu_8854/mul_7ns_8ns_14_4_0_U11234,0,22,0,"",""
l2_root_channel,grp_l2_root_channel_false_3_true_s_fu_8854/mul_7ns_8ns_14_4_0_U11247,0,22,0,"",""
l2_root_channel,grp_l2_root_channel_false_3_true_s_fu_8854/mul_7ns_8ns_14_4_0_U11260,0,22,0,"",""
l2_root_channel,grp_l2_root_channel_false_3_true_s_fu_8854/mul_7ns_8ns_14_4_0_U11273,0,22,0,"",""
l2_root_channel,grp_l2_root_channel_false_3_true_s_fu_8854/mul_7ns_8ns_14_4_0_U11286,0,22,0,"",""
l2_root_channel,grp_l2_root_channel_false_3_true_s_fu_8854/mul_7ns_8ns_14_4_0_U11299,0,22,0,"",""
l2_root_channel,grp_l2_root_channel_false_3_true_s_fu_8854/mul_7ns_8ns_14_4_0_U11312,0,22,0,"",""
l2_root_channel,grp_l2_root_channel_false_3_true_s_fu_8854/mul_7ns_8s_15_4_0_U11216,0,30,0,"",""
l2_root_channel,grp_l2_root_channel_false_3_true_s_fu_8854/mul_7ns_8s_15_4_0_U11220,0,24,0,"",""
l2_root_channel,grp_l2_root_channel_false_3_true_s_fu_8854/mul_7ns_8s_15_4_0_U11224,0,26,0,"",""
l2_root_channel,grp_l2_root_channel_false_3_true_s_fu_8854/mul_7ns_8s_15_4_0_U11228,0,28,0,"",""
l2_root_channel,grp_l2_root_channel_false_3_true_s_fu_8854/mul_7ns_8s_15_4_0_U11229,0,30,0,"",""
l2_root_channel,grp_l2_root_channel_false_3_true_s_fu_8854/mul_7ns_8s_15_4_0_U11233,0,24,0,"",""
l2_root_channel,grp_l2_root_channel_false_3_true_s_fu_8854/mul_7ns_8s_15_4_0_U11237,0,26,0,"",""
l2_root_channel,grp_l2_root_channel_false_3_true_s_fu_8854/mul_7ns_8s_15_4_0_U11241,0,28,0,"",""
l2_root_channel,grp_l2_root_channel_false_3_true_s_fu_8854/mul_7ns_8s_15_4_0_U11242,0,30,0,"",""
l2_root_channel,grp_l2_root_channel_false_3_true_s_fu_8854/mul_7ns_8s_15_4_0_U11246,0,24,0,"",""
l2_root_channel,grp_l2_root_channel_false_3_true_s_fu_8854/mul_7ns_8s_15_4_0_U11250,0,26,0,"",""
l2_root_channel,grp_l2_root_channel_false_3_true_s_fu_8854/mul_7ns_8s_15_4_0_U11254,0,28,0,"",""
l2_root_channel,grp_l2_root_channel_false_3_true_s_fu_8854/mul_7ns_8s_15_4_0_U11255,0,30,0,"",""
l2_root_channel,grp_l2_root_channel_false_3_true_s_fu_8854/mul_7ns_8s_15_4_0_U11259,0,24,0,"",""
l2_root_channel,grp_l2_root_channel_false_3_true_s_fu_8854/mul_7ns_8s_15_4_0_U11263,0,26,0,"",""
l2_root_channel,grp_l2_root_channel_false_3_true_s_fu_8854/mul_7ns_8s_15_4_0_U11267,0,28,0,"",""
l2_root_channel,grp_l2_root_channel_false_3_true_s_fu_8854/mul_7ns_8s_15_4_0_U11268,0,30,0,"",""
l2_root_channel,grp_l2_root_channel_false_3_true_s_fu_8854/mul_7ns_8s_15_4_0_U11272,0,24,0,"",""
l2_root_channel,grp_l2_root_channel_false_3_true_s_fu_8854/mul_7ns_8s_15_4_0_U11276,0,26,0,"",""
l2_root_channel,grp_l2_root_channel_false_3_true_s_fu_8854/mul_7ns_8s_15_4_0_U11280,0,28,0,"",""
l2_root_channel,grp_l2_root_channel_false_3_true_s_fu_8854/mul_7ns_8s_15_4_0_U11281,0,30,0,"",""
l2_root_channel,grp_l2_root_channel_false_3_true_s_fu_8854/mul_7ns_8s_15_4_0_U11285,0,24,0,"",""
l2_root_channel,grp_l2_root_channel_false_3_true_s_fu_8854/mul_7ns_8s_15_4_0_U11289,0,26,0,"",""
l2_root_channel,grp_l2_root_channel_false_3_true_s_fu_8854/mul_7ns_8s_15_4_0_U11293,0,28,0,"",""
l2_root_channel,grp_l2_root_channel_false_3_true_s_fu_8854/mul_7ns_8s_15_4_0_U11294,0,30,0,"",""
l2_root_channel,grp_l2_root_channel_false_3_true_s_fu_8854/mul_7ns_8s_15_4_0_U11298,0,24,0,"",""
l2_root_channel,grp_l2_root_channel_false_3_true_s_fu_8854/mul_7ns_8s_15_4_0_U11302,0,26,0,"",""
l2_root_channel,grp_l2_root_channel_false_3_true_s_fu_8854/mul_7ns_8s_15_4_0_U11306,0,28,0,"",""
l2_root_channel,grp_l2_root_channel_false_3_true_s_fu_8854/mul_7ns_8s_15_4_0_U11307,0,30,0,"",""
l2_root_channel,grp_l2_root_channel_false_3_true_s_fu_8854/mul_7ns_8s_15_4_0_U11311,0,24,0,"",""
l2_root_channel,grp_l2_root_channel_false_3_true_s_fu_8854/mul_7ns_8s_15_4_0_U11315,0,26,0,"",""
l2_root_channel,grp_l2_root_channel_false_3_true_s_fu_8854/mul_7ns_8s_15_4_0_U11319,0,28,0,"",""
l2_root_channel,grp_l2_root_channel_false_3_true_s_fu_8854/mul_7ns_8s_15_4_0_U11320,1,24,0,"",""
l2_root_channel,grp_l2_root_channel_false_3_true_s_fu_8854/mul_7ns_8s_15_4_0_U11321,0,16,0,"",""
l2_root_channel,grp_l2_root_channel_false_3_true_s_fu_8854/mul_7ns_8s_15_4_0_U11322,44,34,0,"",""
l2_root_channel,grp_l2_root_channel_false_3_true_s_fu_8854/mul_7ns_8s_15_4_0_U11326,0,20,0,"",""
l2_root_channel,grp_l2_root_channel_false_3_true_s_fu_8854/mul_7ns_8s_15_4_0_U11327,1,24,0,"",""
l2_root_channel,grp_l2_root_channel_false_3_true_s_fu_8854/mul_7ns_8s_15_4_0_U11328,0,16,0,"",""
l2_root_channel,grp_l2_root_channel_false_3_true_s_fu_8854/mul_7ns_8s_15_4_0_U11329,44,34,0,"",""
l2_root_channel,grp_l2_root_channel_false_3_true_s_fu_8854/mul_7ns_8s_15_4_0_U11333,0,20,0,"",""
l2_root_channel,grp_l2_root_channel_false_3_true_s_fu_8854/mul_7ns_8s_15_4_0_U11334,1,24,0,"",""
l2_root_channel,grp_l2_root_channel_false_3_true_s_fu_8854/mul_7ns_8s_15_4_0_U11335,0,16,0,"",""
l2_root_channel,grp_l2_root_channel_false_3_true_s_fu_8854/mul_7ns_8s_15_4_0_U11336,44,34,0,"",""
l2_root_channel,grp_l2_root_channel_false_3_true_s_fu_8854/mul_7ns_8s_15_4_0_U11340,0,20,0,"",""
l2_root_channel,grp_l2_root_channel_false_3_true_s_fu_8854/mul_7ns_8s_15_4_0_U11341,2,24,0,"",""
l2_root_channel,grp_l2_root_channel_false_3_true_s_fu_8854/mul_7ns_8s_15_4_0_U11342,0,16,0,"",""
l2_root_channel,grp_l2_root_channel_false_3_true_s_fu_8854/mul_7ns_8s_15_4_0_U11343,44,34,0,"",""
l2_root_channel,grp_l2_root_channel_false_3_true_s_fu_8854/mul_7ns_8s_15_4_0_U11347,0,20,0,"",""
l2_root_channel,grp_l2_root_channel_false_3_true_s_fu_8854/mul_7ns_8s_15_4_0_U11348,2,24,0,"",""
l2_root_channel,grp_l2_root_channel_false_3_true_s_fu_8854/mul_7ns_8s_15_4_0_U11349,0,16,0,"",""
l2_root_channel,grp_l2_root_channel_false_3_true_s_fu_8854/mul_7ns_8s_15_4_0_U11350,44,34,0,"",""
l2_root_channel,grp_l2_root_channel_false_3_true_s_fu_8854/mul_7ns_8s_15_4_0_U11354,0,20,0,"",""
l2_root_channel,grp_l2_root_channel_false_3_true_s_fu_8854/mul_7ns_8s_15_4_0_U11355,2,24,0,"",""
l2_root_channel,grp_l2_root_channel_false_3_true_s_fu_8854/mul_7ns_8s_15_4_0_U11356,0,16,0,"",""
l2_root_channel,grp_l2_root_channel_false_3_true_s_fu_8854/mul_7ns_8s_15_4_0_U11357,44,34,0,"",""
l2_root_channel,grp_l2_root_channel_false_3_true_s_fu_8854/mul_7ns_8s_15_4_0_U11361,0,20,0,"",""
l2_root_channel,grp_l2_root_channel_false_3_true_s_fu_8854/mul_7ns_8s_15_4_0_U11362,2,24,0,"",""
l2_root_channel,grp_l2_root_channel_false_3_true_s_fu_8854/mul_7ns_8s_15_4_0_U11363,0,16,0,"",""
l2_root_channel,grp_l2_root_channel_false_3_true_s_fu_8854/mul_7ns_8s_15_4_0_U11364,44,34,0,"",""
l2_root_channel,grp_l2_root_channel_false_3_true_s_fu_8854/mul_7ns_8s_15_4_0_U11368,0,20,0,"",""
l2_root_channel,grp_l2_root_channel_false_3_true_s_fu_8854/mul_7ns_8s_15_4_0_U11369,2,24,0,"",""
l2_root_channel,grp_l2_root_channel_false_3_true_s_fu_8854/mul_7ns_8s_15_4_0_U11370,0,16,0,"",""
l2_root_channel,grp_l2_root_channel_false_3_true_s_fu_8854/mul_7ns_8s_15_4_0_U11371,44,34,0,"",""
l2_root_channel,grp_l2_root_channel_false_3_true_s_fu_8854/mul_7ns_8s_15_4_0_U11375,0,20,0,"",""
l2_root_channel,grp_l2_root_channel_false_3_true_s_fu_8854/mul_7ns_8s_15_4_0_U11376,0,24,0,"",""
l2_root_channel,grp_l2_root_channel_false_3_true_s_fu_8854/mul_7ns_8s_15_4_0_U11377,0,24,0,"",""
l2_root_channel,grp_l2_root_channel_false_3_true_s_fu_8854/mul_7ns_8s_15_4_0_U11378,0,24,0,"",""
l2_root_channel,grp_l2_root_channel_false_3_true_s_fu_8854/mul_7ns_8s_15_4_0_U11379,0,24,0,"",""
l2_root_channel,grp_l2_root_channel_false_3_true_s_fu_8854/mul_7ns_8s_15_4_0_U11380,0,24,0,"",""
l2_root_channel,grp_l2_root_channel_false_3_true_s_fu_8854/mul_7ns_8s_15_4_0_U11381,0,24,0,"",""
l2_root_channel,grp_l2_root_channel_false_3_true_s_fu_8854/mul_7ns_8s_15_4_0_U11382,0,24,0,"",""
l2_root_channel,grp_l2_root_channel_false_3_true_s_fu_8854/mul_7ns_8s_15_4_0_U11383,0,24,0,"",""
l2_root_channel,grp_l2_root_channel_false_3_true_s_fu_8854/add_18s_18s_18_2_0_U11384/u1,9,0,0,"",""
l2_root_channel,grp_l2_root_channel_false_3_true_s_fu_8854/add_18s_18s_18_2_0_U11384/u2,9,0,0,"",""
l2_root_channel,grp_l2_root_channel_false_3_true_s_fu_8854/add_18s_18s_18_2_0_U11385/u1,9,0,0,"",""
l2_root_channel,grp_l2_root_channel_false_3_true_s_fu_8854/add_18s_18s_18_2_0_U11385/u2,9,0,0,"",""
l2_root_channel,grp_l2_root_channel_false_3_true_s_fu_8854/add_18s_18s_18_2_0_U11386/u1,9,0,0,"",""
l2_root_channel,grp_l2_root_channel_false_3_true_s_fu_8854/add_18s_18s_18_2_0_U11386/u2,9,0,0,"",""
l2_root_channel,grp_l2_root_channel_false_3_true_s_fu_8854/add_18s_18s_18_2_0_U11387/u1,9,0,0,"",""
l2_root_channel,grp_l2_root_channel_false_3_true_s_fu_8854/add_18s_18s_18_2_0_U11387/u2,9,0,0,"",""
l2_root_channel,grp_l2_root_channel_false_3_true_s_fu_8854/add_18s_18s_18_2_0_U11388/u1,9,0,0,"",""
l2_root_channel,grp_l2_root_channel_false_3_true_s_fu_8854/add_18s_18s_18_2_0_U11388/u2,9,0,0,"",""
l2_root_channel,grp_l2_root_channel_false_3_true_s_fu_8854/add_18s_18s_18_2_0_U11389/u1,9,0,0,"",""
l2_root_channel,grp_l2_root_channel_false_3_true_s_fu_8854/add_18s_18s_18_2_0_U11389/u2,9,0,0,"",""
l2_root_channel,grp_l2_root_channel_false_3_true_s_fu_8854/add_18s_18s_18_2_0_U11390/u1,9,0,0,"",""
l2_root_channel,grp_l2_root_channel_false_3_true_s_fu_8854/add_18s_18s_18_2_0_U11390/u2,9,0,0,"",""
l2_root_channel,grp_l2_root_channel_false_3_true_s_fu_8854/add_18s_18s_18_2_0_U11391/u1,9,0,0,"",""
l2_root_channel,grp_l2_root_channel_false_3_true_s_fu_8854/add_18s_18s_18_2_0_U11391/u2,9,0,0,"",""
l2_root_channel,grp_l2_root_channel_false_4_true_s_fu_9026/add_18ns_18s_18_2_0_U11729,18,19,0,"",""
l2_root_channel,grp_l2_root_channel_false_4_true_s_fu_9026/add_18ns_18s_18_2_0_U11730,18,19,0,"",""
l2_root_channel,grp_l2_root_channel_false_4_true_s_fu_9026/add_18ns_18s_18_2_0_U11731,18,19,0,"",""
l2_root_channel,grp_l2_root_channel_false_4_true_s_fu_9026/add_18ns_18s_18_2_0_U11732,18,19,0,"",""
l2_root_channel,grp_l2_root_channel_false_4_true_s_fu_9026/add_18ns_18s_18_2_0_U11733,18,19,0,"",""
l2_root_channel,grp_l2_root_channel_false_4_true_s_fu_9026/add_18ns_18s_18_2_0_U11734,18,19,0,"",""
l2_root_channel,grp_l2_root_channel_false_4_true_s_fu_9026/add_18ns_18s_18_2_0_U11735,18,19,0,"",""
l2_root_channel,grp_l2_root_channel_false_4_true_s_fu_9026/add_18ns_18s_18_2_0_U11736,18,19,0,"",""
l2_root_channel,grp_l2_root_channel_false_4_true_s_fu_9026/mul_7ns_4s_11_4_0_U11570,0,20,0,"",""
l2_root_channel,grp_l2_root_channel_false_4_true_s_fu_9026/mul_7ns_4s_11_4_0_U11582,0,20,0,"",""
l2_root_channel,grp_l2_root_channel_false_4_true_s_fu_9026/mul_7ns_4s_11_4_0_U11594,0,20,0,"",""
l2_root_channel,grp_l2_root_channel_false_4_true_s_fu_9026/mul_7ns_4s_11_4_0_U11606,0,20,0,"",""
l2_root_channel,grp_l2_root_channel_false_4_true_s_fu_9026/mul_7ns_4s_11_4_0_U11618,0,20,0,"",""
l2_root_channel,grp_l2_root_channel_false_4_true_s_fu_9026/mul_7ns_4s_11_4_0_U11630,0,20,0,"",""
l2_root_channel,grp_l2_root_channel_false_4_true_s_fu_9026/mul_7ns_4s_11_4_0_U11642,0,20,0,"",""
l2_root_channel,grp_l2_root_channel_false_4_true_s_fu_9026/mul_7ns_4s_11_4_0_U11654,0,20,0,"",""
l2_root_channel,grp_l2_root_channel_false_4_true_s_fu_9026/mul_7ns_5ns_11_4_0_U11572,0,16,0,"",""
l2_root_channel,grp_l2_root_channel_false_4_true_s_fu_9026/mul_7ns_5ns_11_4_0_U11584,0,16,0,"",""
l2_root_channel,grp_l2_root_channel_false_4_true_s_fu_9026/mul_7ns_5ns_11_4_0_U11596,0,16,0,"",""
l2_root_channel,grp_l2_root_channel_false_4_true_s_fu_9026/mul_7ns_5ns_11_4_0_U11608,0,16,0,"",""
l2_root_channel,grp_l2_root_channel_false_4_true_s_fu_9026/mul_7ns_5ns_11_4_0_U11620,0,16,0,"",""
l2_root_channel,grp_l2_root_channel_false_4_true_s_fu_9026/mul_7ns_5ns_11_4_0_U11632,0,16,0,"",""
l2_root_channel,grp_l2_root_channel_false_4_true_s_fu_9026/mul_7ns_5ns_11_4_0_U11644,0,16,0,"",""
l2_root_channel,grp_l2_root_channel_false_4_true_s_fu_9026/mul_7ns_5ns_11_4_0_U11656,0,16,0,"",""
l2_root_channel,grp_l2_root_channel_false_4_true_s_fu_9026/mul_7ns_6s_13_4_0_U11657,0,21,0,"",""
l2_root_channel,grp_l2_root_channel_false_4_true_s_fu_9026/mul_7ns_6s_13_4_0_U11665,0,21,0,"",""
l2_root_channel,grp_l2_root_channel_false_4_true_s_fu_9026/mul_7ns_6s_13_4_0_U11673,0,21,0,"",""
l2_root_channel,grp_l2_root_channel_false_4_true_s_fu_9026/mul_7ns_6s_13_4_0_U11681,0,21,0,"",""
l2_root_channel,grp_l2_root_channel_false_4_true_s_fu_9026/mul_7ns_6s_13_4_0_U11689,0,21,0,"",""
l2_root_channel,grp_l2_root_channel_false_4_true_s_fu_9026/mul_7ns_6s_13_4_0_U11697,0,21,0,"",""
l2_root_channel,grp_l2_root_channel_false_4_true_s_fu_9026/mul_7ns_6s_13_4_0_U11705,0,21,0,"",""
l2_root_channel,grp_l2_root_channel_false_4_true_s_fu_9026/mul_7ns_6s_13_4_0_U11713,0,21,0,"",""
l2_root_channel,grp_l2_root_channel_false_4_true_s_fu_9026/mul_7ns_7ns_13_4_0_U11561,2,20,0,"",""
l2_root_channel,grp_l2_root_channel_false_4_true_s_fu_9026/mul_7ns_7ns_13_4_0_U11562,4,20,0,"",""
l2_root_channel,grp_l2_root_channel_false_4_true_s_fu_9026/mul_7ns_7ns_13_4_0_U11573,2,20,0,"",""
l2_root_channel,grp_l2_root_channel_false_4_true_s_fu_9026/mul_7ns_7ns_13_4_0_U11574,0,18,0,"",""
l2_root_channel,grp_l2_root_channel_false_4_true_s_fu_9026/mul_7ns_7ns_13_4_0_U11585,2,20,0,"",""
l2_root_channel,grp_l2_root_channel_false_4_true_s_fu_9026/mul_7ns_7ns_13_4_0_U11586,4,20,0,"",""
l2_root_channel,grp_l2_root_channel_false_4_true_s_fu_9026/mul_7ns_7ns_13_4_0_U11597,2,20,0,"",""
l2_root_channel,grp_l2_root_channel_false_4_true_s_fu_9026/mul_7ns_7ns_13_4_0_U11598,0,18,0,"",""
l2_root_channel,grp_l2_root_channel_false_4_true_s_fu_9026/mul_7ns_7ns_13_4_0_U11609,2,20,0,"",""
l2_root_channel,grp_l2_root_channel_false_4_true_s_fu_9026/mul_7ns_7ns_13_4_0_U11610,0,18,0,"",""
l2_root_channel,grp_l2_root_channel_false_4_true_s_fu_9026/mul_7ns_7ns_13_4_0_U11621,2,20,0,"",""
l2_root_channel,grp_l2_root_channel_false_4_true_s_fu_9026/mul_7ns_7ns_13_4_0_U11622,4,20,0,"",""
l2_root_channel,grp_l2_root_channel_false_4_true_s_fu_9026/mul_7ns_7ns_13_4_0_U11633,2,20,0,"",""
l2_root_channel,grp_l2_root_channel_false_4_true_s_fu_9026/mul_7ns_7ns_13_4_0_U11634,4,20,0,"",""
l2_root_channel,grp_l2_root_channel_false_4_true_s_fu_9026/mul_7ns_7ns_13_4_0_U11645,2,20,0,"",""
l2_root_channel,grp_l2_root_channel_false_4_true_s_fu_9026/mul_7ns_7ns_13_4_0_U11646,4,20,0,"",""
l2_root_channel,grp_l2_root_channel_false_4_true_s_fu_9026/mul_7ns_7ns_13_4_0_U11659,0,26,0,"",""
l2_root_channel,grp_l2_root_channel_false_4_true_s_fu_9026/mul_7ns_7ns_13_4_0_U11662,0,25,0,"",""
l2_root_channel,grp_l2_root_channel_false_4_true_s_fu_9026/mul_7ns_7ns_13_4_0_U11667,0,26,0,"",""
l2_root_channel,grp_l2_root_channel_false_4_true_s_fu_9026/mul_7ns_7ns_13_4_0_U11670,0,25,0,"",""
l2_root_channel,grp_l2_root_channel_false_4_true_s_fu_9026/mul_7ns_7ns_13_4_0_U11675,0,26,0,"",""
l2_root_channel,grp_l2_root_channel_false_4_true_s_fu_9026/mul_7ns_7ns_13_4_0_U11678,0,25,0,"",""
l2_root_channel,grp_l2_root_channel_false_4_true_s_fu_9026/mul_7ns_7ns_13_4_0_U11683,43,32,0,"",""
l2_root_channel,grp_l2_root_channel_false_4_true_s_fu_9026/mul_7ns_7ns_13_4_0_U11686,0,25,0,"",""
l2_root_channel,grp_l2_root_channel_false_4_true_s_fu_9026/mul_7ns_7ns_13_4_0_U11691,43,32,0,"",""
l2_root_channel,grp_l2_root_channel_false_4_true_s_fu_9026/mul_7ns_7ns_13_4_0_U11694,0,25,0,"",""
l2_root_channel,grp_l2_root_channel_false_4_true_s_fu_9026/mul_7ns_7ns_13_4_0_U11699,0,26,0,"",""
l2_root_channel,grp_l2_root_channel_false_4_true_s_fu_9026/mul_7ns_7ns_13_4_0_U11702,0,25,0,"",""
l2_root_channel,grp_l2_root_channel_false_4_true_s_fu_9026/mul_7ns_7ns_13_4_0_U11707,0,26,0,"",""
l2_root_channel,grp_l2_root_channel_false_4_true_s_fu_9026/mul_7ns_7ns_13_4_0_U11710,0,25,0,"",""
l2_root_channel,grp_l2_root_channel_false_4_true_s_fu_9026/mul_7ns_7ns_13_4_0_U11715,43,32,0,"",""
l2_root_channel,grp_l2_root_channel_false_4_true_s_fu_9026/mul_7ns_7ns_13_4_0_U11718,0,25,0,"",""
l2_root_channel,grp_l2_root_channel_false_4_true_s_fu_9026/mul_7ns_7s_14_4_0_U11563,0,25,0,"",""
l2_root_channel,grp_l2_root_channel_false_4_true_s_fu_9026/mul_7ns_7s_14_4_0_U11566,0,27,0,"",""
l2_root_channel,grp_l2_root_channel_false_4_true_s_fu_9026/mul_7ns_7s_14_4_0_U11575,0,25,0,"",""
l2_root_channel,grp_l2_root_channel_false_4_true_s_fu_9026/mul_7ns_7s_14_4_0_U11578,0,27,0,"",""
l2_root_channel,grp_l2_root_channel_false_4_true_s_fu_9026/mul_7ns_7s_14_4_0_U11587,0,25,0,"",""
l2_root_channel,grp_l2_root_channel_false_4_true_s_fu_9026/mul_7ns_7s_14_4_0_U11590,0,27,0,"",""
l2_root_channel,grp_l2_root_channel_false_4_true_s_fu_9026/mul_7ns_7s_14_4_0_U11599,0,25,0,"",""
l2_root_channel,grp_l2_root_channel_false_4_true_s_fu_9026/mul_7ns_7s_14_4_0_U11602,0,27,0,"",""
l2_root_channel,grp_l2_root_channel_false_4_true_s_fu_9026/mul_7ns_7s_14_4_0_U11611,0,25,0,"",""
l2_root_channel,grp_l2_root_channel_false_4_true_s_fu_9026/mul_7ns_7s_14_4_0_U11614,0,27,0,"",""
l2_root_channel,grp_l2_root_channel_false_4_true_s_fu_9026/mul_7ns_7s_14_4_0_U11623,0,25,0,"",""
l2_root_channel,grp_l2_root_channel_false_4_true_s_fu_9026/mul_7ns_7s_14_4_0_U11626,0,27,0,"",""
l2_root_channel,grp_l2_root_channel_false_4_true_s_fu_9026/mul_7ns_7s_14_4_0_U11635,0,25,0,"",""
l2_root_channel,grp_l2_root_channel_false_4_true_s_fu_9026/mul_7ns_7s_14_4_0_U11638,0,27,0,"",""
l2_root_channel,grp_l2_root_channel_false_4_true_s_fu_9026/mul_7ns_7s_14_4_0_U11647,0,25,0,"",""
l2_root_channel,grp_l2_root_channel_false_4_true_s_fu_9026/mul_7ns_7s_14_4_0_U11650,0,27,0,"",""
l2_root_channel,grp_l2_root_channel_false_4_true_s_fu_9026/mul_7ns_7s_14_4_0_U11664,0,27,0,"",""
l2_root_channel,grp_l2_root_channel_false_4_true_s_fu_9026/mul_7ns_7s_14_4_0_U11672,0,27,0,"",""
l2_root_channel,grp_l2_root_channel_false_4_true_s_fu_9026/mul_7ns_7s_14_4_0_U11680,0,27,0,"",""
l2_root_channel,grp_l2_root_channel_false_4_true_s_fu_9026/mul_7ns_7s_14_4_0_U11688,0,27,0,"",""
l2_root_channel,grp_l2_root_channel_false_4_true_s_fu_9026/mul_7ns_7s_14_4_0_U11696,0,27,0,"",""
l2_root_channel,grp_l2_root_channel_false_4_true_s_fu_9026/mul_7ns_7s_14_4_0_U11704,0,27,0,"",""
l2_root_channel,grp_l2_root_channel_false_4_true_s_fu_9026/mul_7ns_7s_14_4_0_U11712,0,27,0,"",""
l2_root_channel,grp_l2_root_channel_false_4_true_s_fu_9026/mul_7ns_7s_14_4_0_U11720,0,27,0,"",""
l2_root_channel,grp_l2_root_channel_false_4_true_s_fu_9026/mul_7ns_8ns_14_4_0_U11567,0,18,0,"",""
l2_root_channel,grp_l2_root_channel_false_4_true_s_fu_9026/mul_7ns_8ns_14_4_0_U11568,1,26,0,"",""
l2_root_channel,grp_l2_root_channel_false_4_true_s_fu_9026/mul_7ns_8ns_14_4_0_U11571,0,12,0,"",""
l2_root_channel,grp_l2_root_channel_false_4_true_s_fu_9026/mul_7ns_8ns_14_4_0_U11579,0,18,0,"",""
l2_root_channel,grp_l2_root_channel_false_4_true_s_fu_9026/mul_7ns_8ns_14_4_0_U11580,1,26,0,"",""
l2_root_channel,grp_l2_root_channel_false_4_true_s_fu_9026/mul_7ns_8ns_14_4_0_U11583,0,12,0,"",""
l2_root_channel,grp_l2_root_channel_false_4_true_s_fu_9026/mul_7ns_8ns_14_4_0_U11591,0,18,0,"",""
l2_root_channel,grp_l2_root_channel_false_4_true_s_fu_9026/mul_7ns_8ns_14_4_0_U11592,1,26,0,"",""
l2_root_channel,grp_l2_root_channel_false_4_true_s_fu_9026/mul_7ns_8ns_14_4_0_U11595,0,12,0,"",""
l2_root_channel,grp_l2_root_channel_false_4_true_s_fu_9026/mul_7ns_8ns_14_4_0_U11603,0,18,0,"",""
l2_root_channel,grp_l2_root_channel_false_4_true_s_fu_9026/mul_7ns_8ns_14_4_0_U11604,1,26,0,"",""
l2_root_channel,grp_l2_root_channel_false_4_true_s_fu_9026/mul_7ns_8ns_14_4_0_U11607,0,12,0,"",""
l2_root_channel,grp_l2_root_channel_false_4_true_s_fu_9026/mul_7ns_8ns_14_4_0_U11615,0,18,0,"",""
l2_root_channel,grp_l2_root_channel_false_4_true_s_fu_9026/mul_7ns_8ns_14_4_0_U11616,1,26,0,"",""
l2_root_channel,grp_l2_root_channel_false_4_true_s_fu_9026/mul_7ns_8ns_14_4_0_U11619,0,12,0,"",""
l2_root_channel,grp_l2_root_channel_false_4_true_s_fu_9026/mul_7ns_8ns_14_4_0_U11627,0,18,0,"",""
l2_root_channel,grp_l2_root_channel_false_4_true_s_fu_9026/mul_7ns_8ns_14_4_0_U11628,1,26,0,"",""
l2_root_channel,grp_l2_root_channel_false_4_true_s_fu_9026/mul_7ns_8ns_14_4_0_U11631,0,12,0,"",""
l2_root_channel,grp_l2_root_channel_false_4_true_s_fu_9026/mul_7ns_8ns_14_4_0_U11639,0,18,0,"",""
l2_root_channel,grp_l2_root_channel_false_4_true_s_fu_9026/mul_7ns_8ns_14_4_0_U11640,1,26,0,"",""
l2_root_channel,grp_l2_root_channel_false_4_true_s_fu_9026/mul_7ns_8ns_14_4_0_U11643,0,12,0,"",""
l2_root_channel,grp_l2_root_channel_false_4_true_s_fu_9026/mul_7ns_8ns_14_4_0_U11651,0,18,0,"",""
l2_root_channel,grp_l2_root_channel_false_4_true_s_fu_9026/mul_7ns_8ns_14_4_0_U11652,1,26,0,"",""
l2_root_channel,grp_l2_root_channel_false_4_true_s_fu_9026/mul_7ns_8ns_14_4_0_U11655,0,12,0,"",""
l2_root_channel,grp_l2_root_channel_false_4_true_s_fu_9026/mul_7ns_8s_15_4_0_U11564,0,28,0,"",""
l2_root_channel,grp_l2_root_channel_false_4_true_s_fu_9026/mul_7ns_8s_15_4_0_U11565,0,28,0,"",""
l2_root_channel,grp_l2_root_channel_false_4_true_s_fu_9026/mul_7ns_8s_15_4_0_U11569,0,21,0,"",""
l2_root_channel,grp_l2_root_channel_false_4_true_s_fu_9026/mul_7ns_8s_15_4_0_U11576,0,28,0,"",""
l2_root_channel,grp_l2_root_channel_false_4_true_s_fu_9026/mul_7ns_8s_15_4_0_U11577,0,28,0,"",""
l2_root_channel,grp_l2_root_channel_false_4_true_s_fu_9026/mul_7ns_8s_15_4_0_U11581,0,21,0,"",""
l2_root_channel,grp_l2_root_channel_false_4_true_s_fu_9026/mul_7ns_8s_15_4_0_U11588,0,28,0,"",""
l2_root_channel,grp_l2_root_channel_false_4_true_s_fu_9026/mul_7ns_8s_15_4_0_U11589,0,28,0,"",""
l2_root_channel,grp_l2_root_channel_false_4_true_s_fu_9026/mul_7ns_8s_15_4_0_U11593,0,21,0,"",""
l2_root_channel,grp_l2_root_channel_false_4_true_s_fu_9026/mul_7ns_8s_15_4_0_U11600,0,28,0,"",""
l2_root_channel,grp_l2_root_channel_false_4_true_s_fu_9026/mul_7ns_8s_15_4_0_U11601,0,28,0,"",""
l2_root_channel,grp_l2_root_channel_false_4_true_s_fu_9026/mul_7ns_8s_15_4_0_U11605,0,21,0,"",""
l2_root_channel,grp_l2_root_channel_false_4_true_s_fu_9026/mul_7ns_8s_15_4_0_U11612,0,28,0,"",""
l2_root_channel,grp_l2_root_channel_false_4_true_s_fu_9026/mul_7ns_8s_15_4_0_U11613,0,28,0,"",""
l2_root_channel,grp_l2_root_channel_false_4_true_s_fu_9026/mul_7ns_8s_15_4_0_U11617,0,21,0,"",""
l2_root_channel,grp_l2_root_channel_false_4_true_s_fu_9026/mul_7ns_8s_15_4_0_U11624,0,28,0,"",""
l2_root_channel,grp_l2_root_channel_false_4_true_s_fu_9026/mul_7ns_8s_15_4_0_U11625,0,28,0,"",""
l2_root_channel,grp_l2_root_channel_false_4_true_s_fu_9026/mul_7ns_8s_15_4_0_U11629,0,21,0,"",""
l2_root_channel,grp_l2_root_channel_false_4_true_s_fu_9026/mul_7ns_8s_15_4_0_U11636,0,28,0,"",""
l2_root_channel,grp_l2_root_channel_false_4_true_s_fu_9026/mul_7ns_8s_15_4_0_U11637,0,28,0,"",""
l2_root_channel,grp_l2_root_channel_false_4_true_s_fu_9026/mul_7ns_8s_15_4_0_U11641,0,21,0,"",""
l2_root_channel,grp_l2_root_channel_false_4_true_s_fu_9026/mul_7ns_8s_15_4_0_U11648,0,28,0,"",""
l2_root_channel,grp_l2_root_channel_false_4_true_s_fu_9026/mul_7ns_8s_15_4_0_U11649,0,28,0,"",""
l2_root_channel,grp_l2_root_channel_false_4_true_s_fu_9026/mul_7ns_8s_15_4_0_U11653,0,21,0,"",""
l2_root_channel,grp_l2_root_channel_false_4_true_s_fu_9026/mul_7ns_8s_15_4_0_U11658,0,22,0,"",""
l2_root_channel,grp_l2_root_channel_false_4_true_s_fu_9026/mul_7ns_8s_15_4_0_U11660,0,24,0,"",""
l2_root_channel,grp_l2_root_channel_false_4_true_s_fu_9026/mul_7ns_8s_15_4_0_U11661,0,14,0,"",""
l2_root_channel,grp_l2_root_channel_false_4_true_s_fu_9026/mul_7ns_8s_15_4_0_U11663,0,28,0,"",""
l2_root_channel,grp_l2_root_channel_false_4_true_s_fu_9026/mul_7ns_8s_15_4_0_U11666,0,22,0,"",""
l2_root_channel,grp_l2_root_channel_false_4_true_s_fu_9026/mul_7ns_8s_15_4_0_U11668,0,24,0,"",""
l2_root_channel,grp_l2_root_channel_false_4_true_s_fu_9026/mul_7ns_8s_15_4_0_U11669,0,14,0,"",""
l2_root_channel,grp_l2_root_channel_false_4_true_s_fu_9026/mul_7ns_8s_15_4_0_U11671,0,28,0,"",""
l2_root_channel,grp_l2_root_channel_false_4_true_s_fu_9026/mul_7ns_8s_15_4_0_U11674,0,22,0,"",""
l2_root_channel,grp_l2_root_channel_false_4_true_s_fu_9026/mul_7ns_8s_15_4_0_U11676,0,24,0,"",""
l2_root_channel,grp_l2_root_channel_false_4_true_s_fu_9026/mul_7ns_8s_15_4_0_U11677,0,14,0,"",""
l2_root_channel,grp_l2_root_channel_false_4_true_s_fu_9026/mul_7ns_8s_15_4_0_U11679,0,28,0,"",""
l2_root_channel,grp_l2_root_channel_false_4_true_s_fu_9026/mul_7ns_8s_15_4_0_U11682,0,22,0,"",""
l2_root_channel,grp_l2_root_channel_false_4_true_s_fu_9026/mul_7ns_8s_15_4_0_U11684,0,24,0,"",""
l2_root_channel,grp_l2_root_channel_false_4_true_s_fu_9026/mul_7ns_8s_15_4_0_U11685,0,14,0,"",""
l2_root_channel,grp_l2_root_channel_false_4_true_s_fu_9026/mul_7ns_8s_15_4_0_U11687,0,28,0,"",""
l2_root_channel,grp_l2_root_channel_false_4_true_s_fu_9026/mul_7ns_8s_15_4_0_U11690,0,22,0,"",""
l2_root_channel,grp_l2_root_channel_false_4_true_s_fu_9026/mul_7ns_8s_15_4_0_U11692,0,24,0,"",""
l2_root_channel,grp_l2_root_channel_false_4_true_s_fu_9026/mul_7ns_8s_15_4_0_U11693,0,14,0,"",""
l2_root_channel,grp_l2_root_channel_false_4_true_s_fu_9026/mul_7ns_8s_15_4_0_U11695,0,28,0,"",""
l2_root_channel,grp_l2_root_channel_false_4_true_s_fu_9026/mul_7ns_8s_15_4_0_U11698,0,22,0,"",""
l2_root_channel,grp_l2_root_channel_false_4_true_s_fu_9026/mul_7ns_8s_15_4_0_U11700,0,24,0,"",""
l2_root_channel,grp_l2_root_channel_false_4_true_s_fu_9026/mul_7ns_8s_15_4_0_U11701,0,14,0,"",""
l2_root_channel,grp_l2_root_channel_false_4_true_s_fu_9026/mul_7ns_8s_15_4_0_U11703,0,28,0,"",""
l2_root_channel,grp_l2_root_channel_false_4_true_s_fu_9026/mul_7ns_8s_15_4_0_U11706,0,22,0,"",""
l2_root_channel,grp_l2_root_channel_false_4_true_s_fu_9026/mul_7ns_8s_15_4_0_U11708,0,24,0,"",""
l2_root_channel,grp_l2_root_channel_false_4_true_s_fu_9026/mul_7ns_8s_15_4_0_U11709,0,14,0,"",""
l2_root_channel,grp_l2_root_channel_false_4_true_s_fu_9026/mul_7ns_8s_15_4_0_U11711,0,28,0,"",""
l2_root_channel,grp_l2_root_channel_false_4_true_s_fu_9026/mul_7ns_8s_15_4_0_U11714,0,22,0,"",""
l2_root_channel,grp_l2_root_channel_false_4_true_s_fu_9026/mul_7ns_8s_15_4_0_U11716,0,24,0,"",""
l2_root_channel,grp_l2_root_channel_false_4_true_s_fu_9026/mul_7ns_8s_15_4_0_U11717,0,14,0,"",""
l2_root_channel,grp_l2_root_channel_false_4_true_s_fu_9026/mul_7ns_8s_15_4_0_U11719,0,28,0,"",""
l2_root_channel,grp_l2_root_channel_false_4_true_s_fu_9026/mul_7ns_8s_15_4_0_U11721,9,29,0,"",""
l2_root_channel,grp_l2_root_channel_false_4_true_s_fu_9026/mul_7ns_8s_15_4_0_U11722,9,29,0,"",""
l2_root_channel,grp_l2_root_channel_false_4_true_s_fu_9026/mul_7ns_8s_15_4_0_U11723,9,29,0,"",""
l2_root_channel,grp_l2_root_channel_false_4_true_s_fu_9026/mul_7ns_8s_15_4_0_U11724,9,29,0,"",""
l2_root_channel,grp_l2_root_channel_false_4_true_s_fu_9026/mul_7ns_8s_15_4_0_U11725,9,29,0,"",""
l2_root_channel,grp_l2_root_channel_false_4_true_s_fu_9026/mul_7ns_8s_15_4_0_U11726,9,29,0,"",""
l2_root_channel,grp_l2_root_channel_false_4_true_s_fu_9026/mul_7ns_8s_15_4_0_U11727,9,29,0,"",""
l2_root_channel,grp_l2_root_channel_false_4_true_s_fu_9026/mul_7ns_8s_15_4_0_U11728,9,29,0,"",""
l2_root_channel,grp_l2_root_channel_false_4_true_s_fu_9026/add_18ns_18s_18_2_0_U11729/u1,9,0,0,"",""
l2_root_channel,grp_l2_root_channel_false_4_true_s_fu_9026/add_18ns_18s_18_2_0_U11729/u2,9,0,0,"",""
l2_root_channel,grp_l2_root_channel_false_4_true_s_fu_9026/add_18ns_18s_18_2_0_U11730/u1,9,0,0,"",""
l2_root_channel,grp_l2_root_channel_false_4_true_s_fu_9026/add_18ns_18s_18_2_0_U11730/u2,9,0,0,"",""
l2_root_channel,grp_l2_root_channel_false_4_true_s_fu_9026/add_18ns_18s_18_2_0_U11731/u1,9,0,0,"",""
l2_root_channel,grp_l2_root_channel_false_4_true_s_fu_9026/add_18ns_18s_18_2_0_U11731/u2,9,0,0,"",""
l2_root_channel,grp_l2_root_channel_false_4_true_s_fu_9026/add_18ns_18s_18_2_0_U11732/u1,9,0,0,"",""
l2_root_channel,grp_l2_root_channel_false_4_true_s_fu_9026/add_18ns_18s_18_2_0_U11732/u2,9,0,0,"",""
l2_root_channel,grp_l2_root_channel_false_4_true_s_fu_9026/add_18ns_18s_18_2_0_U11733/u1,9,0,0,"",""
l2_root_channel,grp_l2_root_channel_false_4_true_s_fu_9026/add_18ns_18s_18_2_0_U11733/u2,9,0,0,"",""
l2_root_channel,grp_l2_root_channel_false_4_true_s_fu_9026/add_18ns_18s_18_2_0_U11734/u1,9,0,0,"",""
l2_root_channel,grp_l2_root_channel_false_4_true_s_fu_9026/add_18ns_18s_18_2_0_U11734/u2,9,0,0,"",""
l2_root_channel,grp_l2_root_channel_false_4_true_s_fu_9026/add_18ns_18s_18_2_0_U11735/u1,9,0,0,"",""
l2_root_channel,grp_l2_root_channel_false_4_true_s_fu_9026/add_18ns_18s_18_2_0_U11735/u2,9,0,0,"",""
l2_root_channel,grp_l2_root_channel_false_4_true_s_fu_9026/add_18ns_18s_18_2_0_U11736/u1,9,0,0,"",""
l2_root_channel,grp_l2_root_channel_false_4_true_s_fu_9026/add_18ns_18s_18_2_0_U11736/u2,9,0,0,"",""
l2_root_channel,grp_l2_root_channel_false_5_true_s_fu_9198/add_18ns_18s_18_2_0_U12058,18,19,0,"",""
l2_root_channel,grp_l2_root_channel_false_5_true_s_fu_9198/add_18ns_18s_18_2_0_U12059,18,19,0,"",""
l2_root_channel,grp_l2_root_channel_false_5_true_s_fu_9198/add_18ns_18s_18_2_0_U12060,18,19,0,"",""
l2_root_channel,grp_l2_root_channel_false_5_true_s_fu_9198/add_18ns_18s_18_2_0_U12061,18,19,0,"",""
l2_root_channel,grp_l2_root_channel_false_5_true_s_fu_9198/add_18ns_18s_18_2_0_U12062,18,19,0,"",""
l2_root_channel,grp_l2_root_channel_false_5_true_s_fu_9198/add_18ns_18s_18_2_0_U12063,18,19,0,"",""
l2_root_channel,grp_l2_root_channel_false_5_true_s_fu_9198/add_18ns_18s_18_2_0_U12064,18,19,0,"",""
l2_root_channel,grp_l2_root_channel_false_5_true_s_fu_9198/add_18ns_18s_18_2_0_U12065,18,19,0,"",""
l2_root_channel,grp_l2_root_channel_false_5_true_s_fu_9198/mul_7ns_5ns_11_4_0_U11910,0,20,0,"",""
l2_root_channel,grp_l2_root_channel_false_5_true_s_fu_9198/mul_7ns_5ns_11_4_0_U11923,0,20,0,"",""
l2_root_channel,grp_l2_root_channel_false_5_true_s_fu_9198/mul_7ns_5ns_11_4_0_U11936,0,20,0,"",""
l2_root_channel,grp_l2_root_channel_false_5_true_s_fu_9198/mul_7ns_5ns_11_4_0_U11949,0,20,0,"",""
l2_root_channel,grp_l2_root_channel_false_5_true_s_fu_9198/mul_7ns_5ns_11_4_0_U11962,0,20,0,"",""
l2_root_channel,grp_l2_root_channel_false_5_true_s_fu_9198/mul_7ns_5ns_11_4_0_U11975,0,20,0,"",""
l2_root_channel,grp_l2_root_channel_false_5_true_s_fu_9198/mul_7ns_5ns_11_4_0_U11988,0,20,0,"",""
l2_root_channel,grp_l2_root_channel_false_5_true_s_fu_9198/mul_7ns_5ns_11_4_0_U12001,0,20,0,"",""
l2_root_channel,grp_l2_root_channel_false_5_true_s_fu_9198/mul_7ns_6s_13_4_0_U12011,0,14,0,"",""
l2_root_channel,grp_l2_root_channel_false_5_true_s_fu_9198/mul_7ns_6s_13_4_0_U12015,0,14,0,"",""
l2_root_channel,grp_l2_root_channel_false_5_true_s_fu_9198/mul_7ns_6s_13_4_0_U12019,0,14,0,"",""
l2_root_channel,grp_l2_root_channel_false_5_true_s_fu_9198/mul_7ns_6s_13_4_0_U12023,0,14,0,"",""
l2_root_channel,grp_l2_root_channel_false_5_true_s_fu_9198/mul_7ns_6s_13_4_0_U12027,0,14,0,"",""
l2_root_channel,grp_l2_root_channel_false_5_true_s_fu_9198/mul_7ns_6s_13_4_0_U12031,0,14,0,"",""
l2_root_channel,grp_l2_root_channel_false_5_true_s_fu_9198/mul_7ns_6s_13_4_0_U12035,0,14,0,"",""
l2_root_channel,grp_l2_root_channel_false_5_true_s_fu_9198/mul_7ns_6s_13_4_0_U12039,0,14,0,"",""
l2_root_channel,grp_l2_root_channel_false_5_true_s_fu_9198/mul_7ns_7ns_13_4_0_U11906,0,25,0,"",""
l2_root_channel,grp_l2_root_channel_false_5_true_s_fu_9198/mul_7ns_7ns_13_4_0_U11907,0,20,0,"",""
l2_root_channel,grp_l2_root_channel_false_5_true_s_fu_9198/mul_7ns_7ns_13_4_0_U11908,0,22,0,"",""
l2_root_channel,grp_l2_root_channel_false_5_true_s_fu_9198/mul_7ns_7ns_13_4_0_U11912,0,26,0,"",""
l2_root_channel,grp_l2_root_channel_false_5_true_s_fu_9198/mul_7ns_7ns_13_4_0_U11918,0,18,0,"",""
l2_root_channel,grp_l2_root_channel_false_5_true_s_fu_9198/mul_7ns_7ns_13_4_0_U11919,0,25,0,"",""
l2_root_channel,grp_l2_root_channel_false_5_true_s_fu_9198/mul_7ns_7ns_13_4_0_U11920,136,29,0,"",""
l2_root_channel,grp_l2_root_channel_false_5_true_s_fu_9198/mul_7ns_7ns_13_4_0_U11921,0,22,0,"",""
l2_root_channel,grp_l2_root_channel_false_5_true_s_fu_9198/mul_7ns_7ns_13_4_0_U11925,0,26,0,"",""
l2_root_channel,grp_l2_root_channel_false_5_true_s_fu_9198/mul_7ns_7ns_13_4_0_U11931,0,18,0,"",""
l2_root_channel,grp_l2_root_channel_false_5_true_s_fu_9198/mul_7ns_7ns_13_4_0_U11932,0,25,0,"",""
l2_root_channel,grp_l2_root_channel_false_5_true_s_fu_9198/mul_7ns_7ns_13_4_0_U11933,0,20,0,"",""
l2_root_channel,grp_l2_root_channel_false_5_true_s_fu_9198/mul_7ns_7ns_13_4_0_U11934,0,22,0,"",""
l2_root_channel,grp_l2_root_channel_false_5_true_s_fu_9198/mul_7ns_7ns_13_4_0_U11938,0,26,0,"",""
l2_root_channel,grp_l2_root_channel_false_5_true_s_fu_9198/mul_7ns_7ns_13_4_0_U11944,0,18,0,"",""
l2_root_channel,grp_l2_root_channel_false_5_true_s_fu_9198/mul_7ns_7ns_13_4_0_U11945,0,25,0,"",""
l2_root_channel,grp_l2_root_channel_false_5_true_s_fu_9198/mul_7ns_7ns_13_4_0_U11946,136,29,0,"",""
l2_root_channel,grp_l2_root_channel_false_5_true_s_fu_9198/mul_7ns_7ns_13_4_0_U11947,0,22,0,"",""
l2_root_channel,grp_l2_root_channel_false_5_true_s_fu_9198/mul_7ns_7ns_13_4_0_U11951,0,26,0,"",""
l2_root_channel,grp_l2_root_channel_false_5_true_s_fu_9198/mul_7ns_7ns_13_4_0_U11957,0,18,0,"",""
l2_root_channel,grp_l2_root_channel_false_5_true_s_fu_9198/mul_7ns_7ns_13_4_0_U11958,0,25,0,"",""
l2_root_channel,grp_l2_root_channel_false_5_true_s_fu_9198/mul_7ns_7ns_13_4_0_U11959,136,29,0,"",""
l2_root_channel,grp_l2_root_channel_false_5_true_s_fu_9198/mul_7ns_7ns_13_4_0_U11960,0,22,0,"",""
l2_root_channel,grp_l2_root_channel_false_5_true_s_fu_9198/mul_7ns_7ns_13_4_0_U11964,0,26,0,"",""
l2_root_channel,grp_l2_root_channel_false_5_true_s_fu_9198/mul_7ns_7ns_13_4_0_U11970,0,18,0,"",""
l2_root_channel,grp_l2_root_channel_false_5_true_s_fu_9198/mul_7ns_7ns_13_4_0_U11971,0,25,0,"",""
l2_root_channel,grp_l2_root_channel_false_5_true_s_fu_9198/mul_7ns_7ns_13_4_0_U11972,0,20,0,"",""
l2_root_channel,grp_l2_root_channel_false_5_true_s_fu_9198/mul_7ns_7ns_13_4_0_U11973,0,22,0,"",""
l2_root_channel,grp_l2_root_channel_false_5_true_s_fu_9198/mul_7ns_7ns_13_4_0_U11977,0,26,0,"",""
l2_root_channel,grp_l2_root_channel_false_5_true_s_fu_9198/mul_7ns_7ns_13_4_0_U11983,0,18,0,"",""
l2_root_channel,grp_l2_root_channel_false_5_true_s_fu_9198/mul_7ns_7ns_13_4_0_U11984,0,25,0,"",""
l2_root_channel,grp_l2_root_channel_false_5_true_s_fu_9198/mul_7ns_7ns_13_4_0_U11985,0,20,0,"",""
l2_root_channel,grp_l2_root_channel_false_5_true_s_fu_9198/mul_7ns_7ns_13_4_0_U11986,0,22,0,"",""
l2_root_channel,grp_l2_root_channel_false_5_true_s_fu_9198/mul_7ns_7ns_13_4_0_U11990,0,26,0,"",""
l2_root_channel,grp_l2_root_channel_false_5_true_s_fu_9198/mul_7ns_7ns_13_4_0_U11996,0,18,0,"",""
l2_root_channel,grp_l2_root_channel_false_5_true_s_fu_9198/mul_7ns_7ns_13_4_0_U11997,0,25,0,"",""
l2_root_channel,grp_l2_root_channel_false_5_true_s_fu_9198/mul_7ns_7ns_13_4_0_U11998,0,20,0,"",""
l2_root_channel,grp_l2_root_channel_false_5_true_s_fu_9198/mul_7ns_7ns_13_4_0_U11999,0,22,0,"",""
l2_root_channel,grp_l2_root_channel_false_5_true_s_fu_9198/mul_7ns_7ns_13_4_0_U12003,0,26,0,"",""
l2_root_channel,grp_l2_root_channel_false_5_true_s_fu_9198/mul_7ns_7ns_13_4_0_U12009,0,18,0,"",""
l2_root_channel,grp_l2_root_channel_false_5_true_s_fu_9198/mul_7ns_8ns_14_4_0_U11909,0,20,0,"",""
l2_root_channel,grp_l2_root_channel_false_5_true_s_fu_9198/mul_7ns_8ns_14_4_0_U11917,0,24,0,"",""
l2_root_channel,grp_l2_root_channel_false_5_true_s_fu_9198/mul_7ns_8ns_14_4_0_U11922,0,20,0,"",""
l2_root_channel,grp_l2_root_channel_false_5_true_s_fu_9198/mul_7ns_8ns_14_4_0_U11930,0,24,0,"",""
l2_root_channel,grp_l2_root_channel_false_5_true_s_fu_9198/mul_7ns_8ns_14_4_0_U11935,0,20,0,"",""
l2_root_channel,grp_l2_root_channel_false_5_true_s_fu_9198/mul_7ns_8ns_14_4_0_U11943,0,24,0,"",""
l2_root_channel,grp_l2_root_channel_false_5_true_s_fu_9198/mul_7ns_8ns_14_4_0_U11948,0,20,0,"",""
l2_root_channel,grp_l2_root_channel_false_5_true_s_fu_9198/mul_7ns_8ns_14_4_0_U11956,0,24,0,"",""
l2_root_channel,grp_l2_root_channel_false_5_true_s_fu_9198/mul_7ns_8ns_14_4_0_U11961,0,20,0,"",""
l2_root_channel,grp_l2_root_channel_false_5_true_s_fu_9198/mul_7ns_8ns_14_4_0_U11969,0,24,0,"",""
l2_root_channel,grp_l2_root_channel_false_5_true_s_fu_9198/mul_7ns_8ns_14_4_0_U11974,0,20,0,"",""
l2_root_channel,grp_l2_root_channel_false_5_true_s_fu_9198/mul_7ns_8ns_14_4_0_U11982,0,24,0,"",""
l2_root_channel,grp_l2_root_channel_false_5_true_s_fu_9198/mul_7ns_8ns_14_4_0_U11987,0,20,0,"",""
l2_root_channel,grp_l2_root_channel_false_5_true_s_fu_9198/mul_7ns_8ns_14_4_0_U11995,0,24,0,"",""
l2_root_channel,grp_l2_root_channel_false_5_true_s_fu_9198/mul_7ns_8ns_14_4_0_U12000,0,20,0,"",""
l2_root_channel,grp_l2_root_channel_false_5_true_s_fu_9198/mul_7ns_8ns_14_4_0_U12008,0,24,0,"",""
l2_root_channel,grp_l2_root_channel_false_5_true_s_fu_9198/mul_7ns_8ns_14_4_0_U12010,0,16,0,"",""
l2_root_channel,grp_l2_root_channel_false_5_true_s_fu_9198/mul_7ns_8ns_14_4_0_U12013,0,26,0,"",""
l2_root_channel,grp_l2_root_channel_false_5_true_s_fu_9198/mul_7ns_8ns_14_4_0_U12014,0,16,0,"",""
l2_root_channel,grp_l2_root_channel_false_5_true_s_fu_9198/mul_7ns_8ns_14_4_0_U12017,0,26,0,"",""
l2_root_channel,grp_l2_root_channel_false_5_true_s_fu_9198/mul_7ns_8ns_14_4_0_U12018,0,16,0,"",""
l2_root_channel,grp_l2_root_channel_false_5_true_s_fu_9198/mul_7ns_8ns_14_4_0_U12021,0,26,0,"",""
l2_root_channel,grp_l2_root_channel_false_5_true_s_fu_9198/mul_7ns_8ns_14_4_0_U12022,0,16,0,"",""
l2_root_channel,grp_l2_root_channel_false_5_true_s_fu_9198/mul_7ns_8ns_14_4_0_U12025,0,26,0,"",""
l2_root_channel,grp_l2_root_channel_false_5_true_s_fu_9198/mul_7ns_8ns_14_4_0_U12026,0,16,0,"",""
l2_root_channel,grp_l2_root_channel_false_5_true_s_fu_9198/mul_7ns_8ns_14_4_0_U12029,0,26,0,"",""
l2_root_channel,grp_l2_root_channel_false_5_true_s_fu_9198/mul_7ns_8ns_14_4_0_U12030,0,16,0,"",""
l2_root_channel,grp_l2_root_channel_false_5_true_s_fu_9198/mul_7ns_8ns_14_4_0_U12033,0,26,0,"",""
l2_root_channel,grp_l2_root_channel_false_5_true_s_fu_9198/mul_7ns_8ns_14_4_0_U12034,0,16,0,"",""
l2_root_channel,grp_l2_root_channel_false_5_true_s_fu_9198/mul_7ns_8ns_14_4_0_U12037,0,26,0,"",""
l2_root_channel,grp_l2_root_channel_false_5_true_s_fu_9198/mul_7ns_8ns_14_4_0_U12038,0,16,0,"",""
l2_root_channel,grp_l2_root_channel_false_5_true_s_fu_9198/mul_7ns_8ns_14_4_0_U12041,0,26,0,"",""
l2_root_channel,grp_l2_root_channel_false_5_true_s_fu_9198/mul_7ns_8s_15_4_0_U11911,159,37,0,"",""
l2_root_channel,grp_l2_root_channel_false_5_true_s_fu_9198/mul_7ns_8s_15_4_0_U11913,0,20,0,"",""
l2_root_channel,grp_l2_root_channel_false_5_true_s_fu_9198/mul_7ns_8s_15_4_0_U11914,0,14,0,"",""
l2_root_channel,grp_l2_root_channel_false_5_true_s_fu_9198/mul_7ns_8s_15_4_0_U11915,0,14,0,"",""
l2_root_channel,grp_l2_root_channel_false_5_true_s_fu_9198/mul_7ns_8s_15_4_0_U11916,0,25,0,"",""
l2_root_channel,grp_l2_root_channel_false_5_true_s_fu_9198/mul_7ns_8s_15_4_0_U11924,153,37,0,"",""
l2_root_channel,grp_l2_root_channel_false_5_true_s_fu_9198/mul_7ns_8s_15_4_0_U11926,0,20,0,"",""
l2_root_channel,grp_l2_root_channel_false_5_true_s_fu_9198/mul_7ns_8s_15_4_0_U11927,0,14,0,"",""
l2_root_channel,grp_l2_root_channel_false_5_true_s_fu_9198/mul_7ns_8s_15_4_0_U11928,0,14,0,"",""
l2_root_channel,grp_l2_root_channel_false_5_true_s_fu_9198/mul_7ns_8s_15_4_0_U11929,0,25,0,"",""
l2_root_channel,grp_l2_root_channel_false_5_true_s_fu_9198/mul_7ns_8s_15_4_0_U11937,153,37,0,"",""
l2_root_channel,grp_l2_root_channel_false_5_true_s_fu_9198/mul_7ns_8s_15_4_0_U11939,0,20,0,"",""
l2_root_channel,grp_l2_root_channel_false_5_true_s_fu_9198/mul_7ns_8s_15_4_0_U11940,0,14,0,"",""
l2_root_channel,grp_l2_root_channel_false_5_true_s_fu_9198/mul_7ns_8s_15_4_0_U11941,0,14,0,"",""
l2_root_channel,grp_l2_root_channel_false_5_true_s_fu_9198/mul_7ns_8s_15_4_0_U11942,0,25,0,"",""
l2_root_channel,grp_l2_root_channel_false_5_true_s_fu_9198/mul_7ns_8s_15_4_0_U11950,0,26,0,"",""
l2_root_channel,grp_l2_root_channel_false_5_true_s_fu_9198/mul_7ns_8s_15_4_0_U11952,0,20,0,"",""
l2_root_channel,grp_l2_root_channel_false_5_true_s_fu_9198/mul_7ns_8s_15_4_0_U11953,0,14,0,"",""
l2_root_channel,grp_l2_root_channel_false_5_true_s_fu_9198/mul_7ns_8s_15_4_0_U11954,0,14,0,"",""
l2_root_channel,grp_l2_root_channel_false_5_true_s_fu_9198/mul_7ns_8s_15_4_0_U11955,0,25,0,"",""
l2_root_channel,grp_l2_root_channel_false_5_true_s_fu_9198/mul_7ns_8s_15_4_0_U11963,0,26,0,"",""
l2_root_channel,grp_l2_root_channel_false_5_true_s_fu_9198/mul_7ns_8s_15_4_0_U11965,0,20,0,"",""
l2_root_channel,grp_l2_root_channel_false_5_true_s_fu_9198/mul_7ns_8s_15_4_0_U11966,0,14,0,"",""
l2_root_channel,grp_l2_root_channel_false_5_true_s_fu_9198/mul_7ns_8s_15_4_0_U11967,0,14,0,"",""
l2_root_channel,grp_l2_root_channel_false_5_true_s_fu_9198/mul_7ns_8s_15_4_0_U11968,0,25,0,"",""
l2_root_channel,grp_l2_root_channel_false_5_true_s_fu_9198/mul_7ns_8s_15_4_0_U11976,153,37,0,"",""
l2_root_channel,grp_l2_root_channel_false_5_true_s_fu_9198/mul_7ns_8s_15_4_0_U11978,0,20,0,"",""
l2_root_channel,grp_l2_root_channel_false_5_true_s_fu_9198/mul_7ns_8s_15_4_0_U11979,0,14,0,"",""
l2_root_channel,grp_l2_root_channel_false_5_true_s_fu_9198/mul_7ns_8s_15_4_0_U11980,0,14,0,"",""
l2_root_channel,grp_l2_root_channel_false_5_true_s_fu_9198/mul_7ns_8s_15_4_0_U11981,0,25,0,"",""
l2_root_channel,grp_l2_root_channel_false_5_true_s_fu_9198/mul_7ns_8s_15_4_0_U11989,159,37,0,"",""
l2_root_channel,grp_l2_root_channel_false_5_true_s_fu_9198/mul_7ns_8s_15_4_0_U11991,0,20,0,"",""
l2_root_channel,grp_l2_root_channel_false_5_true_s_fu_9198/mul_7ns_8s_15_4_0_U11992,0,14,0,"",""
l2_root_channel,grp_l2_root_channel_false_5_true_s_fu_9198/mul_7ns_8s_15_4_0_U11993,0,14,0,"",""
l2_root_channel,grp_l2_root_channel_false_5_true_s_fu_9198/mul_7ns_8s_15_4_0_U11994,0,25,0,"",""
l2_root_channel,grp_l2_root_channel_false_5_true_s_fu_9198/mul_7ns_8s_15_4_0_U12002,0,26,0,"",""
l2_root_channel,grp_l2_root_channel_false_5_true_s_fu_9198/mul_7ns_8s_15_4_0_U12004,0,20,0,"",""
l2_root_channel,grp_l2_root_channel_false_5_true_s_fu_9198/mul_7ns_8s_15_4_0_U12005,0,14,0,"",""
l2_root_channel,grp_l2_root_channel_false_5_true_s_fu_9198/mul_7ns_8s_15_4_0_U12006,0,14,0,"",""
l2_root_channel,grp_l2_root_channel_false_5_true_s_fu_9198/mul_7ns_8s_15_4_0_U12007,0,25,0,"",""
l2_root_channel,grp_l2_root_channel_false_5_true_s_fu_9198/mul_7ns_8s_15_4_0_U12012,0,24,0,"",""
l2_root_channel,grp_l2_root_channel_false_5_true_s_fu_9198/mul_7ns_8s_15_4_0_U12016,0,24,0,"",""
l2_root_channel,grp_l2_root_channel_false_5_true_s_fu_9198/mul_7ns_8s_15_4_0_U12020,0,24,0,"",""
l2_root_channel,grp_l2_root_channel_false_5_true_s_fu_9198/mul_7ns_8s_15_4_0_U12024,0,24,0,"",""
l2_root_channel,grp_l2_root_channel_false_5_true_s_fu_9198/mul_7ns_8s_15_4_0_U12028,0,24,0,"",""
l2_root_channel,grp_l2_root_channel_false_5_true_s_fu_9198/mul_7ns_8s_15_4_0_U12032,0,24,0,"",""
l2_root_channel,grp_l2_root_channel_false_5_true_s_fu_9198/mul_7ns_8s_15_4_0_U12036,0,24,0,"",""
l2_root_channel,grp_l2_root_channel_false_5_true_s_fu_9198/mul_7ns_8s_15_4_0_U12040,0,24,0,"",""
l2_root_channel,grp_l2_root_channel_false_5_true_s_fu_9198/mul_7ns_8s_15_4_0_U12042,31,37,0,"",""
l2_root_channel,grp_l2_root_channel_false_5_true_s_fu_9198/mul_7ns_8s_15_4_0_U12043,19,34,0,"",""
l2_root_channel,grp_l2_root_channel_false_5_true_s_fu_9198/mul_7ns_8s_15_4_0_U12044,31,37,0,"",""
l2_root_channel,grp_l2_root_channel_false_5_true_s_fu_9198/mul_7ns_8s_15_4_0_U12045,19,34,0,"",""
l2_root_channel,grp_l2_root_channel_false_5_true_s_fu_9198/mul_7ns_8s_15_4_0_U12046,31,37,0,"",""
l2_root_channel,grp_l2_root_channel_false_5_true_s_fu_9198/mul_7ns_8s_15_4_0_U12047,19,34,0,"",""
l2_root_channel,grp_l2_root_channel_false_5_true_s_fu_9198/mul_7ns_8s_15_4_0_U12048,31,37,0,"",""
l2_root_channel,grp_l2_root_channel_false_5_true_s_fu_9198/mul_7ns_8s_15_4_0_U12049,19,34,0,"",""
l2_root_channel,grp_l2_root_channel_false_5_true_s_fu_9198/mul_7ns_8s_15_4_0_U12050,31,37,0,"",""
l2_root_channel,grp_l2_root_channel_false_5_true_s_fu_9198/mul_7ns_8s_15_4_0_U12051,19,34,0,"",""
l2_root_channel,grp_l2_root_channel_false_5_true_s_fu_9198/mul_7ns_8s_15_4_0_U12052,31,37,0,"",""
l2_root_channel,grp_l2_root_channel_false_5_true_s_fu_9198/mul_7ns_8s_15_4_0_U12053,19,34,0,"",""
l2_root_channel,grp_l2_root_channel_false_5_true_s_fu_9198/mul_7ns_8s_15_4_0_U12054,31,37,0,"",""
l2_root_channel,grp_l2_root_channel_false_5_true_s_fu_9198/mul_7ns_8s_15_4_0_U12055,19,34,0,"",""
l2_root_channel,grp_l2_root_channel_false_5_true_s_fu_9198/mul_7ns_8s_15_4_0_U12056,31,37,0,"",""
l2_root_channel,grp_l2_root_channel_false_5_true_s_fu_9198/mul_7ns_8s_15_4_0_U12057,19,34,0,"",""
l2_root_channel,grp_l2_root_channel_false_5_true_s_fu_9198/add_18ns_18s_18_2_0_U12058/u1,9,0,0,"",""
l2_root_channel,grp_l2_root_channel_false_5_true_s_fu_9198/add_18ns_18s_18_2_0_U12058/u2,9,0,0,"",""
l2_root_channel,grp_l2_root_channel_false_5_true_s_fu_9198/add_18ns_18s_18_2_0_U12059/u1,9,0,0,"",""
l2_root_channel,grp_l2_root_channel_false_5_true_s_fu_9198/add_18ns_18s_18_2_0_U12059/u2,9,0,0,"",""
l2_root_channel,grp_l2_root_channel_false_5_true_s_fu_9198/add_18ns_18s_18_2_0_U12060/u1,9,0,0,"",""
l2_root_channel,grp_l2_root_channel_false_5_true_s_fu_9198/add_18ns_18s_18_2_0_U12060/u2,9,0,0,"",""
l2_root_channel,grp_l2_root_channel_false_5_true_s_fu_9198/add_18ns_18s_18_2_0_U12061/u1,9,0,0,"",""
l2_root_channel,grp_l2_root_channel_false_5_true_s_fu_9198/add_18ns_18s_18_2_0_U12061/u2,9,0,0,"",""
l2_root_channel,grp_l2_root_channel_false_5_true_s_fu_9198/add_18ns_18s_18_2_0_U12062/u1,9,0,0,"",""
l2_root_channel,grp_l2_root_channel_false_5_true_s_fu_9198/add_18ns_18s_18_2_0_U12062/u2,9,0,0,"",""
l2_root_channel,grp_l2_root_channel_false_5_true_s_fu_9198/add_18ns_18s_18_2_0_U12063/u1,9,0,0,"",""
l2_root_channel,grp_l2_root_channel_false_5_true_s_fu_9198/add_18ns_18s_18_2_0_U12063/u2,9,0,0,"",""
l2_root_channel,grp_l2_root_channel_false_5_true_s_fu_9198/add_18ns_18s_18_2_0_U12064/u1,9,0,0,"",""
l2_root_channel,grp_l2_root_channel_false_5_true_s_fu_9198/add_18ns_18s_18_2_0_U12064/u2,9,0,0,"",""
l2_root_channel,grp_l2_root_channel_false_5_true_s_fu_9198/add_18ns_18s_18_2_0_U12065/u1,9,0,0,"",""
l2_root_channel,grp_l2_root_channel_false_5_true_s_fu_9198/add_18ns_18s_18_2_0_U12065/u2,9,0,0,"",""
l2_root_channel,grp_l2_root_channel_false_6_true_s_fu_9370/add_18s_18s_18_2_0_U12402,18,18,0,"",""
l2_root_channel,grp_l2_root_channel_false_6_true_s_fu_9370/add_18s_18s_18_2_0_U12403,18,18,0,"",""
l2_root_channel,grp_l2_root_channel_false_6_true_s_fu_9370/add_18s_18s_18_2_0_U12404,18,18,0,"",""
l2_root_channel,grp_l2_root_channel_false_6_true_s_fu_9370/add_18s_18s_18_2_0_U12405,18,18,0,"",""
l2_root_channel,grp_l2_root_channel_false_6_true_s_fu_9370/add_18s_18s_18_2_0_U12406,18,18,0,"",""
l2_root_channel,grp_l2_root_channel_false_6_true_s_fu_9370/add_18s_18s_18_2_0_U12407,18,18,0,"",""
l2_root_channel,grp_l2_root_channel_false_6_true_s_fu_9370/add_18s_18s_18_2_0_U12408,18,18,0,"",""
l2_root_channel,grp_l2_root_channel_false_6_true_s_fu_9370/add_18s_18s_18_2_0_U12409,18,18,0,"",""
l2_root_channel,grp_l2_root_channel_false_6_true_s_fu_9370/mul_7ns_5ns_11_4_0_U12242,0,17,0,"",""
l2_root_channel,grp_l2_root_channel_false_6_true_s_fu_9370/mul_7ns_5ns_11_4_0_U12244,0,21,0,"",""
l2_root_channel,grp_l2_root_channel_false_6_true_s_fu_9370/mul_7ns_5ns_11_4_0_U12249,0,22,0,"",""
l2_root_channel,grp_l2_root_channel_false_6_true_s_fu_9370/mul_7ns_5ns_11_4_0_U12258,8,17,0,"",""
l2_root_channel,grp_l2_root_channel_false_6_true_s_fu_9370/mul_7ns_5ns_11_4_0_U12260,7,21,0,"",""
l2_root_channel,grp_l2_root_channel_false_6_true_s_fu_9370/mul_7ns_5ns_11_4_0_U12265,9,22,0,"",""
l2_root_channel,grp_l2_root_channel_false_6_true_s_fu_9370/mul_7ns_5ns_11_4_0_U12274,0,17,0,"",""
l2_root_channel,grp_l2_root_channel_false_6_true_s_fu_9370/mul_7ns_5ns_11_4_0_U12276,7,21,0,"",""
l2_root_channel,grp_l2_root_channel_false_6_true_s_fu_9370/mul_7ns_5ns_11_4_0_U12281,0,22,0,"",""
l2_root_channel,grp_l2_root_channel_false_6_true_s_fu_9370/mul_7ns_5ns_11_4_0_U12290,0,17,0,"",""
l2_root_channel,grp_l2_root_channel_false_6_true_s_fu_9370/mul_7ns_5ns_11_4_0_U12292,0,21,0,"",""
l2_root_channel,grp_l2_root_channel_false_6_true_s_fu_9370/mul_7ns_5ns_11_4_0_U12297,0,22,0,"",""
l2_root_channel,grp_l2_root_channel_false_6_true_s_fu_9370/mul_7ns_5ns_11_4_0_U12306,0,17,0,"",""
l2_root_channel,grp_l2_root_channel_false_6_true_s_fu_9370/mul_7ns_5ns_11_4_0_U12308,0,21,0,"",""
l2_root_channel,grp_l2_root_channel_false_6_true_s_fu_9370/mul_7ns_5ns_11_4_0_U12313,0,22,0,"",""
l2_root_channel,grp_l2_root_channel_false_6_true_s_fu_9370/mul_7ns_5ns_11_4_0_U12322,0,17,0,"",""
l2_root_channel,grp_l2_root_channel_false_6_true_s_fu_9370/mul_7ns_5ns_11_4_0_U12324,0,21,0,"",""
l2_root_channel,grp_l2_root_channel_false_6_true_s_fu_9370/mul_7ns_5ns_11_4_0_U12329,0,22,0,"",""
l2_root_channel,grp_l2_root_channel_false_6_true_s_fu_9370/mul_7ns_5ns_11_4_0_U12338,0,17,0,"",""
l2_root_channel,grp_l2_root_channel_false_6_true_s_fu_9370/mul_7ns_5ns_11_4_0_U12340,0,21,0,"",""
l2_root_channel,grp_l2_root_channel_false_6_true_s_fu_9370/mul_7ns_5ns_11_4_0_U12345,0,22,0,"",""
l2_root_channel,grp_l2_root_channel_false_6_true_s_fu_9370/mul_7ns_5ns_11_4_0_U12354,0,17,0,"",""
l2_root_channel,grp_l2_root_channel_false_6_true_s_fu_9370/mul_7ns_5ns_11_4_0_U12356,0,21,0,"",""
l2_root_channel,grp_l2_root_channel_false_6_true_s_fu_9370/mul_7ns_5ns_11_4_0_U12361,0,22,0,"",""
l2_root_channel,grp_l2_root_channel_false_6_true_s_fu_9370/mul_7ns_6ns_12_4_0_U12239,0,16,0,"",""
l2_root_channel,grp_l2_root_channel_false_6_true_s_fu_9370/mul_7ns_6ns_12_4_0_U12255,5,16,0,"",""
l2_root_channel,grp_l2_root_channel_false_6_true_s_fu_9370/mul_7ns_6ns_12_4_0_U12271,5,16,0,"",""
l2_root_channel,grp_l2_root_channel_false_6_true_s_fu_9370/mul_7ns_6ns_12_4_0_U12287,0,16,0,"",""
l2_root_channel,grp_l2_root_channel_false_6_true_s_fu_9370/mul_7ns_6ns_12_4_0_U12303,0,16,0,"",""
l2_root_channel,grp_l2_root_channel_false_6_true_s_fu_9370/mul_7ns_6ns_12_4_0_U12319,0,16,0,"",""
l2_root_channel,grp_l2_root_channel_false_6_true_s_fu_9370/mul_7ns_6ns_12_4_0_U12335,0,16,0,"",""
l2_root_channel,grp_l2_root_channel_false_6_true_s_fu_9370/mul_7ns_6ns_12_4_0_U12351,0,16,0,"",""
l2_root_channel,grp_l2_root_channel_false_6_true_s_fu_9370/mul_7ns_6s_13_4_0_U12247,15,26,0,"",""
l2_root_channel,grp_l2_root_channel_false_6_true_s_fu_9370/mul_7ns_6s_13_4_0_U12263,15,26,0,"",""
l2_root_channel,grp_l2_root_channel_false_6_true_s_fu_9370/mul_7ns_6s_13_4_0_U12279,15,26,0,"",""
l2_root_channel,grp_l2_root_channel_false_6_true_s_fu_9370/mul_7ns_6s_13_4_0_U12295,1,26,0,"",""
l2_root_channel,grp_l2_root_channel_false_6_true_s_fu_9370/mul_7ns_6s_13_4_0_U12311,1,26,0,"",""
l2_root_channel,grp_l2_root_channel_false_6_true_s_fu_9370/mul_7ns_6s_13_4_0_U12327,15,26,0,"",""
l2_root_channel,grp_l2_root_channel_false_6_true_s_fu_9370/mul_7ns_6s_13_4_0_U12343,15,26,0,"",""
l2_root_channel,grp_l2_root_channel_false_6_true_s_fu_9370/mul_7ns_6s_13_4_0_U12359,1,26,0,"",""
l2_root_channel,grp_l2_root_channel_false_6_true_s_fu_9370/mul_7ns_6s_13_4_0_U12386,0,22,0,"",""
l2_root_channel,grp_l2_root_channel_false_6_true_s_fu_9370/mul_7ns_6s_13_4_0_U12388,18,22,0,"",""
l2_root_channel,grp_l2_root_channel_false_6_true_s_fu_9370/mul_7ns_6s_13_4_0_U12390,18,22,0,"",""
l2_root_channel,grp_l2_root_channel_false_6_true_s_fu_9370/mul_7ns_6s_13_4_0_U12392,0,22,0,"",""
l2_root_channel,grp_l2_root_channel_false_6_true_s_fu_9370/mul_7ns_6s_13_4_0_U12394,0,22,0,"",""
l2_root_channel,grp_l2_root_channel_false_6_true_s_fu_9370/mul_7ns_6s_13_4_0_U12396,18,22,0,"",""
l2_root_channel,grp_l2_root_channel_false_6_true_s_fu_9370/mul_7ns_6s_13_4_0_U12398,18,22,0,"",""
l2_root_channel,grp_l2_root_channel_false_6_true_s_fu_9370/mul_7ns_6s_13_4_0_U12400,0,22,0,"",""
l2_root_channel,grp_l2_root_channel_false_6_true_s_fu_9370/mul_7ns_7ns_13_4_0_U12235,148,33,0,"",""
l2_root_channel,grp_l2_root_channel_false_6_true_s_fu_9370/mul_7ns_7ns_13_4_0_U12237,0,18,0,"",""
l2_root_channel,grp_l2_root_channel_false_6_true_s_fu_9370/mul_7ns_7ns_13_4_0_U12238,0,25,0,"",""
l2_root_channel,grp_l2_root_channel_false_6_true_s_fu_9370/mul_7ns_7ns_13_4_0_U12243,0,20,0,"",""
l2_root_channel,grp_l2_root_channel_false_6_true_s_fu_9370/mul_7ns_7ns_13_4_0_U12245,2,20,0,"",""
l2_root_channel,grp_l2_root_channel_false_6_true_s_fu_9370/mul_7ns_7ns_13_4_0_U12246,0,26,0,"",""
l2_root_channel,grp_l2_root_channel_false_6_true_s_fu_9370/mul_7ns_7ns_13_4_0_U12251,21,26,0,"",""
l2_root_channel,grp_l2_root_channel_false_6_true_s_fu_9370/mul_7ns_7ns_13_4_0_U12253,12,18,0,"",""
l2_root_channel,grp_l2_root_channel_false_6_true_s_fu_9370/mul_7ns_7ns_13_4_0_U12254,22,25,0,"",""
l2_root_channel,grp_l2_root_channel_false_6_true_s_fu_9370/mul_7ns_7ns_13_4_0_U12259,6,20,0,"",""
l2_root_channel,grp_l2_root_channel_false_6_true_s_fu_9370/mul_7ns_7ns_13_4_0_U12261,2,20,0,"",""
l2_root_channel,grp_l2_root_channel_false_6_true_s_fu_9370/mul_7ns_7ns_13_4_0_U12262,16,26,0,"",""
l2_root_channel,grp_l2_root_channel_false_6_true_s_fu_9370/mul_7ns_7ns_13_4_0_U12267,156,33,0,"",""
l2_root_channel,grp_l2_root_channel_false_6_true_s_fu_9370/mul_7ns_7ns_13_4_0_U12269,12,18,0,"",""
l2_root_channel,grp_l2_root_channel_false_6_true_s_fu_9370/mul_7ns_7ns_13_4_0_U12270,22,25,0,"",""
l2_root_channel,grp_l2_root_channel_false_6_true_s_fu_9370/mul_7ns_7ns_13_4_0_U12275,6,20,0,"",""
l2_root_channel,grp_l2_root_channel_false_6_true_s_fu_9370/mul_7ns_7ns_13_4_0_U12277,2,20,0,"",""
l2_root_channel,grp_l2_root_channel_false_6_true_s_fu_9370/mul_7ns_7ns_13_4_0_U12278,16,26,0,"",""
l2_root_channel,grp_l2_root_channel_false_6_true_s_fu_9370/mul_7ns_7ns_13_4_0_U12283,21,26,0,"",""
l2_root_channel,grp_l2_root_channel_false_6_true_s_fu_9370/mul_7ns_7ns_13_4_0_U12285,12,18,0,"",""
l2_root_channel,grp_l2_root_channel_false_6_true_s_fu_9370/mul_7ns_7ns_13_4_0_U12286,0,25,0,"",""
l2_root_channel,grp_l2_root_channel_false_6_true_s_fu_9370/mul_7ns_7ns_13_4_0_U12291,157,29,0,"",""
l2_root_channel,grp_l2_root_channel_false_6_true_s_fu_9370/mul_7ns_7ns_13_4_0_U12293,2,20,0,"",""
l2_root_channel,grp_l2_root_channel_false_6_true_s_fu_9370/mul_7ns_7ns_13_4_0_U12294,16,26,0,"",""
l2_root_channel,grp_l2_root_channel_false_6_true_s_fu_9370/mul_7ns_7ns_13_4_0_U12299,21,26,0,"",""
l2_root_channel,grp_l2_root_channel_false_6_true_s_fu_9370/mul_7ns_7ns_13_4_0_U12301,12,18,0,"",""
l2_root_channel,grp_l2_root_channel_false_6_true_s_fu_9370/mul_7ns_7ns_13_4_0_U12302,0,25,0,"",""
l2_root_channel,grp_l2_root_channel_false_6_true_s_fu_9370/mul_7ns_7ns_13_4_0_U12307,157,29,0,"",""
l2_root_channel,grp_l2_root_channel_false_6_true_s_fu_9370/mul_7ns_7ns_13_4_0_U12309,2,20,0,"",""
l2_root_channel,grp_l2_root_channel_false_6_true_s_fu_9370/mul_7ns_7ns_13_4_0_U12310,16,26,0,"",""
l2_root_channel,grp_l2_root_channel_false_6_true_s_fu_9370/mul_7ns_7ns_13_4_0_U12315,156,33,0,"",""
l2_root_channel,grp_l2_root_channel_false_6_true_s_fu_9370/mul_7ns_7ns_13_4_0_U12317,12,18,0,"",""
l2_root_channel,grp_l2_root_channel_false_6_true_s_fu_9370/mul_7ns_7ns_13_4_0_U12318,0,26,0,"",""
l2_root_channel,grp_l2_root_channel_false_6_true_s_fu_9370/mul_7ns_7ns_13_4_0_U12323,6,20,0,"",""
l2_root_channel,grp_l2_root_channel_false_6_true_s_fu_9370/mul_7ns_7ns_13_4_0_U12325,2,20,0,"",""
l2_root_channel,grp_l2_root_channel_false_6_true_s_fu_9370/mul_7ns_7ns_13_4_0_U12326,0,26,0,"",""
l2_root_channel,grp_l2_root_channel_false_6_true_s_fu_9370/mul_7ns_7ns_13_4_0_U12331,148,33,0,"",""
l2_root_channel,grp_l2_root_channel_false_6_true_s_fu_9370/mul_7ns_7ns_13_4_0_U12333,0,18,0,"",""
l2_root_channel,grp_l2_root_channel_false_6_true_s_fu_9370/mul_7ns_7ns_13_4_0_U12334,0,26,0,"",""
l2_root_channel,grp_l2_root_channel_false_6_true_s_fu_9370/mul_7ns_7ns_13_4_0_U12339,0,20,0,"",""
l2_root_channel,grp_l2_root_channel_false_6_true_s_fu_9370/mul_7ns_7ns_13_4_0_U12341,2,20,0,"",""
l2_root_channel,grp_l2_root_channel_false_6_true_s_fu_9370/mul_7ns_7ns_13_4_0_U12342,0,26,0,"",""
l2_root_channel,grp_l2_root_channel_false_6_true_s_fu_9370/mul_7ns_7ns_13_4_0_U12347,148,33,0,"",""
l2_root_channel,grp_l2_root_channel_false_6_true_s_fu_9370/mul_7ns_7ns_13_4_0_U12349,0,18,0,"",""
l2_root_channel,grp_l2_root_channel_false_6_true_s_fu_9370/mul_7ns_7ns_13_4_0_U12350,0,26,0,"",""
l2_root_channel,grp_l2_root_channel_false_6_true_s_fu_9370/mul_7ns_7ns_13_4_0_U12355,157,29,0,"",""
l2_root_channel,grp_l2_root_channel_false_6_true_s_fu_9370/mul_7ns_7ns_13_4_0_U12357,2,20,0,"",""
l2_root_channel,grp_l2_root_channel_false_6_true_s_fu_9370/mul_7ns_7ns_13_4_0_U12358,0,26,0,"",""
l2_root_channel,grp_l2_root_channel_false_6_true_s_fu_9370/mul_7ns_7ns_13_4_0_U12362,2,20,0,"",""
l2_root_channel,grp_l2_root_channel_false_6_true_s_fu_9370/mul_7ns_7ns_13_4_0_U12365,10,20,0,"",""
l2_root_channel,grp_l2_root_channel_false_6_true_s_fu_9370/mul_7ns_7ns_13_4_0_U12368,10,20,0,"",""
l2_root_channel,grp_l2_root_channel_false_6_true_s_fu_9370/mul_7ns_7ns_13_4_0_U12371,2,20,0,"",""
l2_root_channel,grp_l2_root_channel_false_6_true_s_fu_9370/mul_7ns_7ns_13_4_0_U12374,2,20,0,"",""
l2_root_channel,grp_l2_root_channel_false_6_true_s_fu_9370/mul_7ns_7ns_13_4_0_U12377,2,20,0,"",""
l2_root_channel,grp_l2_root_channel_false_6_true_s_fu_9370/mul_7ns_7ns_13_4_0_U12380,2,20,0,"",""
l2_root_channel,grp_l2_root_channel_false_6_true_s_fu_9370/mul_7ns_7ns_13_4_0_U12383,2,20,0,"",""
l2_root_channel,grp_l2_root_channel_false_6_true_s_fu_9370/mul_7ns_7s_14_4_0_U12364,21,24,0,"",""
l2_root_channel,grp_l2_root_channel_false_6_true_s_fu_9370/mul_7ns_7s_14_4_0_U12367,21,24,0,"",""
l2_root_channel,grp_l2_root_channel_false_6_true_s_fu_9370/mul_7ns_7s_14_4_0_U12370,21,24,0,"",""
l2_root_channel,grp_l2_root_channel_false_6_true_s_fu_9370/mul_7ns_7s_14_4_0_U12373,0,24,0,"",""
l2_root_channel,grp_l2_root_channel_false_6_true_s_fu_9370/mul_7ns_7s_14_4_0_U12376,0,24,0,"",""
l2_root_channel,grp_l2_root_channel_false_6_true_s_fu_9370/mul_7ns_7s_14_4_0_U12379,21,24,0,"",""
l2_root_channel,grp_l2_root_channel_false_6_true_s_fu_9370/mul_7ns_7s_14_4_0_U12382,21,24,0,"",""
l2_root_channel,grp_l2_root_channel_false_6_true_s_fu_9370/mul_7ns_7s_14_4_0_U12385,0,24,0,"",""
l2_root_channel,grp_l2_root_channel_false_6_true_s_fu_9370/mul_7ns_8ns_14_4_0_U12240,0,16,0,"",""
l2_root_channel,grp_l2_root_channel_false_6_true_s_fu_9370/mul_7ns_8ns_14_4_0_U12256,7,16,0,"",""
l2_root_channel,grp_l2_root_channel_false_6_true_s_fu_9370/mul_7ns_8ns_14_4_0_U12272,7,16,0,"",""
l2_root_channel,grp_l2_root_channel_false_6_true_s_fu_9370/mul_7ns_8ns_14_4_0_U12288,0,16,0,"",""
l2_root_channel,grp_l2_root_channel_false_6_true_s_fu_9370/mul_7ns_8ns_14_4_0_U12304,0,16,0,"",""
l2_root_channel,grp_l2_root_channel_false_6_true_s_fu_9370/mul_7ns_8ns_14_4_0_U12320,0,16,0,"",""
l2_root_channel,grp_l2_root_channel_false_6_true_s_fu_9370/mul_7ns_8ns_14_4_0_U12336,0,16,0,"",""
l2_root_channel,grp_l2_root_channel_false_6_true_s_fu_9370/mul_7ns_8ns_14_4_0_U12352,0,16,0,"",""
l2_root_channel,grp_l2_root_channel_false_6_true_s_fu_9370/mul_7ns_8ns_14_4_0_U12363,0,24,0,"",""
l2_root_channel,grp_l2_root_channel_false_6_true_s_fu_9370/mul_7ns_8ns_14_4_0_U12366,16,24,0,"",""
l2_root_channel,grp_l2_root_channel_false_6_true_s_fu_9370/mul_7ns_8ns_14_4_0_U12369,0,24,0,"",""
l2_root_channel,grp_l2_root_channel_false_6_true_s_fu_9370/mul_7ns_8ns_14_4_0_U12372,0,24,0,"",""
l2_root_channel,grp_l2_root_channel_false_6_true_s_fu_9370/mul_7ns_8ns_14_4_0_U12375,0,24,0,"",""
l2_root_channel,grp_l2_root_channel_false_6_true_s_fu_9370/mul_7ns_8ns_14_4_0_U12378,16,24,0,"",""
l2_root_channel,grp_l2_root_channel_false_6_true_s_fu_9370/mul_7ns_8ns_14_4_0_U12381,16,24,0,"",""
l2_root_channel,grp_l2_root_channel_false_6_true_s_fu_9370/mul_7ns_8ns_14_4_0_U12384,0,24,0,"",""
l2_root_channel,grp_l2_root_channel_false_6_true_s_fu_9370/mul_7ns_8s_15_4_0_U12234,0,30,0,"",""
l2_root_channel,grp_l2_root_channel_false_6_true_s_fu_9370/mul_7ns_8s_15_4_0_U12236,15,26,0,"",""
l2_root_channel,grp_l2_root_channel_false_6_true_s_fu_9370/mul_7ns_8s_15_4_0_U12241,22,28,0,"",""
l2_root_channel,grp_l2_root_channel_false_6_true_s_fu_9370/mul_7ns_8s_15_4_0_U12248,24,30,0,"",""
l2_root_channel,grp_l2_root_channel_false_6_true_s_fu_9370/mul_7ns_8s_15_4_0_U12250,19,30,0,"",""
l2_root_channel,grp_l2_root_channel_false_6_true_s_fu_9370/mul_7ns_8s_15_4_0_U12252,15,26,0,"",""
l2_root_channel,grp_l2_root_channel_false_6_true_s_fu_9370/mul_7ns_8s_15_4_0_U12257,22,28,0,"",""
l2_root_channel,grp_l2_root_channel_false_6_true_s_fu_9370/mul_7ns_8s_15_4_0_U12264,24,30,0,"",""
l2_root_channel,grp_l2_root_channel_false_6_true_s_fu_9370/mul_7ns_8s_15_4_0_U12266,19,30,0,"",""
l2_root_channel,grp_l2_root_channel_false_6_true_s_fu_9370/mul_7ns_8s_15_4_0_U12268,15,26,0,"",""
l2_root_channel,grp_l2_root_channel_false_6_true_s_fu_9370/mul_7ns_8s_15_4_0_U12273,22,28,0,"",""
l2_root_channel,grp_l2_root_channel_false_6_true_s_fu_9370/mul_7ns_8s_15_4_0_U12280,24,30,0,"",""
l2_root_channel,grp_l2_root_channel_false_6_true_s_fu_9370/mul_7ns_8s_15_4_0_U12282,19,30,0,"",""
l2_root_channel,grp_l2_root_channel_false_6_true_s_fu_9370/mul_7ns_8s_15_4_0_U12284,0,26,0,"",""
l2_root_channel,grp_l2_root_channel_false_6_true_s_fu_9370/mul_7ns_8s_15_4_0_U12289,0,28,0,"",""
l2_root_channel,grp_l2_root_channel_false_6_true_s_fu_9370/mul_7ns_8s_15_4_0_U12296,0,30,0,"",""
l2_root_channel,grp_l2_root_channel_false_6_true_s_fu_9370/mul_7ns_8s_15_4_0_U12298,19,30,0,"",""
l2_root_channel,grp_l2_root_channel_false_6_true_s_fu_9370/mul_7ns_8s_15_4_0_U12300,0,26,0,"",""
l2_root_channel,grp_l2_root_channel_false_6_true_s_fu_9370/mul_7ns_8s_15_4_0_U12305,0,28,0,"",""
l2_root_channel,grp_l2_root_channel_false_6_true_s_fu_9370/mul_7ns_8s_15_4_0_U12312,0,30,0,"",""
l2_root_channel,grp_l2_root_channel_false_6_true_s_fu_9370/mul_7ns_8s_15_4_0_U12314,19,30,0,"",""
l2_root_channel,grp_l2_root_channel_false_6_true_s_fu_9370/mul_7ns_8s_15_4_0_U12316,0,26,0,"",""
l2_root_channel,grp_l2_root_channel_false_6_true_s_fu_9370/mul_7ns_8s_15_4_0_U12321,0,28,0,"",""
l2_root_channel,grp_l2_root_channel_false_6_true_s_fu_9370/mul_7ns_8s_15_4_0_U12328,24,30,0,"",""
l2_root_channel,grp_l2_root_channel_false_6_true_s_fu_9370/mul_7ns_8s_15_4_0_U12330,0,30,0,"",""
l2_root_channel,grp_l2_root_channel_false_6_true_s_fu_9370/mul_7ns_8s_15_4_0_U12332,0,26,0,"",""
l2_root_channel,grp_l2_root_channel_false_6_true_s_fu_9370/mul_7ns_8s_15_4_0_U12337,0,28,0,"",""
l2_root_channel,grp_l2_root_channel_false_6_true_s_fu_9370/mul_7ns_8s_15_4_0_U12344,24,30,0,"",""
l2_root_channel,grp_l2_root_channel_false_6_true_s_fu_9370/mul_7ns_8s_15_4_0_U12346,0,30,0,"",""
l2_root_channel,grp_l2_root_channel_false_6_true_s_fu_9370/mul_7ns_8s_15_4_0_U12348,0,26,0,"",""
l2_root_channel,grp_l2_root_channel_false_6_true_s_fu_9370/mul_7ns_8s_15_4_0_U12353,0,28,0,"",""
l2_root_channel,grp_l2_root_channel_false_6_true_s_fu_9370/mul_7ns_8s_15_4_0_U12360,0,30,0,"",""
l2_root_channel,grp_l2_root_channel_false_6_true_s_fu_9370/mul_7ns_8s_15_4_0_U12387,19,30,0,"",""
l2_root_channel,grp_l2_root_channel_false_6_true_s_fu_9370/mul_7ns_8s_15_4_0_U12389,19,28,0,"",""
l2_root_channel,grp_l2_root_channel_false_6_true_s_fu_9370/mul_7ns_8s_15_4_0_U12391,19,28,0,"",""
l2_root_channel,grp_l2_root_channel_false_6_true_s_fu_9370/mul_7ns_8s_15_4_0_U12393,0,28,0,"",""
l2_root_channel,grp_l2_root_channel_false_6_true_s_fu_9370/mul_7ns_8s_15_4_0_U12395,0,28,0,"",""
l2_root_channel,grp_l2_root_channel_false_6_true_s_fu_9370/mul_7ns_8s_15_4_0_U12397,19,28,0,"",""
l2_root_channel,grp_l2_root_channel_false_6_true_s_fu_9370/mul_7ns_8s_15_4_0_U12399,19,28,0,"",""
l2_root_channel,grp_l2_root_channel_false_6_true_s_fu_9370/mul_7ns_8s_15_4_0_U12401,0,28,0,"",""
l2_root_channel,grp_l2_root_channel_false_6_true_s_fu_9370/add_18s_18s_18_2_0_U12402/u1,9,0,0,"",""
l2_root_channel,grp_l2_root_channel_false_6_true_s_fu_9370/add_18s_18s_18_2_0_U12402/u2,9,0,0,"",""
l2_root_channel,grp_l2_root_channel_false_6_true_s_fu_9370/add_18s_18s_18_2_0_U12403/u1,9,0,0,"",""
l2_root_channel,grp_l2_root_channel_false_6_true_s_fu_9370/add_18s_18s_18_2_0_U12403/u2,9,0,0,"",""
l2_root_channel,grp_l2_root_channel_false_6_true_s_fu_9370/add_18s_18s_18_2_0_U12404/u1,9,0,0,"",""
l2_root_channel,grp_l2_root_channel_false_6_true_s_fu_9370/add_18s_18s_18_2_0_U12404/u2,9,0,0,"",""
l2_root_channel,grp_l2_root_channel_false_6_true_s_fu_9370/add_18s_18s_18_2_0_U12405/u1,9,0,0,"",""
l2_root_channel,grp_l2_root_channel_false_6_true_s_fu_9370/add_18s_18s_18_2_0_U12405/u2,9,0,0,"",""
l2_root_channel,grp_l2_root_channel_false_6_true_s_fu_9370/add_18s_18s_18_2_0_U12406/u1,9,0,0,"",""
l2_root_channel,grp_l2_root_channel_false_6_true_s_fu_9370/add_18s_18s_18_2_0_U12406/u2,9,0,0,"",""
l2_root_channel,grp_l2_root_channel_false_6_true_s_fu_9370/add_18s_18s_18_2_0_U12407/u1,9,0,0,"",""
l2_root_channel,grp_l2_root_channel_false_6_true_s_fu_9370/add_18s_18s_18_2_0_U12407/u2,9,0,0,"",""
l2_root_channel,grp_l2_root_channel_false_6_true_s_fu_9370/add_18s_18s_18_2_0_U12408/u1,9,0,0,"",""
l2_root_channel,grp_l2_root_channel_false_6_true_s_fu_9370/add_18s_18s_18_2_0_U12408/u2,9,0,0,"",""
l2_root_channel,grp_l2_root_channel_false_6_true_s_fu_9370/add_18s_18s_18_2_0_U12409/u1,9,0,0,"",""
l2_root_channel,grp_l2_root_channel_false_6_true_s_fu_9370/add_18s_18s_18_2_0_U12409/u2,9,0,0,"",""
l2_neighbor_channel,grp_l2_neighbor_channel_false_0_true_s_fu_9542,2795,7693,0,"",""
l2_neighbor_channel,grp_l2_neighbor_channel_false_1_true_s_fu_9714,4329,8392,0,"",""
l2_neighbor_channel,grp_l2_neighbor_channel_false_2_true_s_fu_9886,2760,8692,0,"",""
l2_neighbor_channel,grp_l2_neighbor_channel_false_3_true_s_fu_10058,6865,9516,0,"",""
l2_neighbor_channel,grp_l2_neighbor_channel_false_4_true_s_fu_10230,3008,9000,0,"",""
l2_neighbor_channel,grp_l2_neighbor_channel_false_5_true_s_fu_10402,24148,12088,0,"",""
l2_neighbor_channel,grp_l2_neighbor_channel_false_6_true_s_fu_10574,2160,7937,0,"",""
l2_neighbor_channel,grp_l2_neighbor_channel_false_0_true_s_fu_9542/add_17ns_17s_17_2_0_U12738,13,18,0,"",""
l2_neighbor_channel,grp_l2_neighbor_channel_false_0_true_s_fu_9542/add_17ns_17s_17_2_0_U12739,13,18,0,"",""
l2_neighbor_channel,grp_l2_neighbor_channel_false_0_true_s_fu_9542/add_17ns_17s_17_2_0_U12740,13,18,0,"",""
l2_neighbor_channel,grp_l2_neighbor_channel_false_0_true_s_fu_9542/add_17ns_17s_17_2_0_U12741,13,18,0,"",""
l2_neighbor_channel,grp_l2_neighbor_channel_false_0_true_s_fu_9542/add_17ns_17s_17_2_0_U12742,13,18,0,"",""
l2_neighbor_channel,grp_l2_neighbor_channel_false_0_true_s_fu_9542/add_17ns_17s_17_2_0_U12743,13,18,0,"",""
l2_neighbor_channel,grp_l2_neighbor_channel_false_0_true_s_fu_9542/add_17ns_17s_17_2_0_U12744,13,18,0,"",""
l2_neighbor_channel,grp_l2_neighbor_channel_false_0_true_s_fu_9542/add_17ns_17s_17_2_0_U12745,13,18,0,"",""
l2_neighbor_channel,grp_l2_neighbor_channel_false_0_true_s_fu_9542/mul_7ns_3ns_9_4_0_U12579,2,13,0,"",""
l2_neighbor_channel,grp_l2_neighbor_channel_false_0_true_s_fu_9542/mul_7ns_3ns_9_4_0_U12588,2,13,0,"",""
l2_neighbor_channel,grp_l2_neighbor_channel_false_0_true_s_fu_9542/mul_7ns_3ns_9_4_0_U12597,2,13,0,"",""
l2_neighbor_channel,grp_l2_neighbor_channel_false_0_true_s_fu_9542/mul_7ns_3ns_9_4_0_U12606,2,13,0,"",""
l2_neighbor_channel,grp_l2_neighbor_channel_false_0_true_s_fu_9542/mul_7ns_3ns_9_4_0_U12615,2,13,0,"",""
l2_neighbor_channel,grp_l2_neighbor_channel_false_0_true_s_fu_9542/mul_7ns_3ns_9_4_0_U12624,2,13,0,"",""
l2_neighbor_channel,grp_l2_neighbor_channel_false_0_true_s_fu_9542/mul_7ns_3ns_9_4_0_U12633,2,13,0,"",""
l2_neighbor_channel,grp_l2_neighbor_channel_false_0_true_s_fu_9542/mul_7ns_3ns_9_4_0_U12642,2,13,0,"",""
l2_neighbor_channel,grp_l2_neighbor_channel_false_0_true_s_fu_9542/mul_7ns_4s_11_4_0_U12651,0,22,0,"",""
l2_neighbor_channel,grp_l2_neighbor_channel_false_0_true_s_fu_9542/mul_7ns_4s_11_4_0_U12659,0,22,0,"",""
l2_neighbor_channel,grp_l2_neighbor_channel_false_0_true_s_fu_9542/mul_7ns_4s_11_4_0_U12667,0,22,0,"",""
l2_neighbor_channel,grp_l2_neighbor_channel_false_0_true_s_fu_9542/mul_7ns_4s_11_4_0_U12675,0,22,0,"",""
l2_neighbor_channel,grp_l2_neighbor_channel_false_0_true_s_fu_9542/mul_7ns_4s_11_4_0_U12683,0,22,0,"",""
l2_neighbor_channel,grp_l2_neighbor_channel_false_0_true_s_fu_9542/mul_7ns_4s_11_4_0_U12691,0,22,0,"",""
l2_neighbor_channel,grp_l2_neighbor_channel_false_0_true_s_fu_9542/mul_7ns_4s_11_4_0_U12699,0,22,0,"",""
l2_neighbor_channel,grp_l2_neighbor_channel_false_0_true_s_fu_9542/mul_7ns_4s_11_4_0_U12707,0,22,0,"",""
l2_neighbor_channel,grp_l2_neighbor_channel_false_0_true_s_fu_9542/mul_7ns_5ns_11_4_0_U12581,0,18,0,"",""
l2_neighbor_channel,grp_l2_neighbor_channel_false_0_true_s_fu_9542/mul_7ns_5ns_11_4_0_U12585,0,18,0,"",""
l2_neighbor_channel,grp_l2_neighbor_channel_false_0_true_s_fu_9542/mul_7ns_5ns_11_4_0_U12590,0,18,0,"",""
l2_neighbor_channel,grp_l2_neighbor_channel_false_0_true_s_fu_9542/mul_7ns_5ns_11_4_0_U12594,0,18,0,"",""
l2_neighbor_channel,grp_l2_neighbor_channel_false_0_true_s_fu_9542/mul_7ns_5ns_11_4_0_U12599,0,18,0,"",""
l2_neighbor_channel,grp_l2_neighbor_channel_false_0_true_s_fu_9542/mul_7ns_5ns_11_4_0_U12603,0,18,0,"",""
l2_neighbor_channel,grp_l2_neighbor_channel_false_0_true_s_fu_9542/mul_7ns_5ns_11_4_0_U12608,0,18,0,"",""
l2_neighbor_channel,grp_l2_neighbor_channel_false_0_true_s_fu_9542/mul_7ns_5ns_11_4_0_U12612,0,18,0,"",""
l2_neighbor_channel,grp_l2_neighbor_channel_false_0_true_s_fu_9542/mul_7ns_5ns_11_4_0_U12617,0,18,0,"",""
l2_neighbor_channel,grp_l2_neighbor_channel_false_0_true_s_fu_9542/mul_7ns_5ns_11_4_0_U12621,0,18,0,"",""
l2_neighbor_channel,grp_l2_neighbor_channel_false_0_true_s_fu_9542/mul_7ns_5ns_11_4_0_U12626,0,18,0,"",""
l2_neighbor_channel,grp_l2_neighbor_channel_false_0_true_s_fu_9542/mul_7ns_5ns_11_4_0_U12630,0,18,0,"",""
l2_neighbor_channel,grp_l2_neighbor_channel_false_0_true_s_fu_9542/mul_7ns_5ns_11_4_0_U12635,0,18,0,"",""
l2_neighbor_channel,grp_l2_neighbor_channel_false_0_true_s_fu_9542/mul_7ns_5ns_11_4_0_U12639,0,18,0,"",""
l2_neighbor_channel,grp_l2_neighbor_channel_false_0_true_s_fu_9542/mul_7ns_5ns_11_4_0_U12644,0,18,0,"",""
l2_neighbor_channel,grp_l2_neighbor_channel_false_0_true_s_fu_9542/mul_7ns_5ns_11_4_0_U12648,0,18,0,"",""
l2_neighbor_channel,grp_l2_neighbor_channel_false_0_true_s_fu_9542/mul_7ns_5s_12_4_0_U12582,0,20,0,"",""
l2_neighbor_channel,grp_l2_neighbor_channel_false_0_true_s_fu_9542/mul_7ns_5s_12_4_0_U12591,0,20,0,"",""
l2_neighbor_channel,grp_l2_neighbor_channel_false_0_true_s_fu_9542/mul_7ns_5s_12_4_0_U12600,0,20,0,"",""
l2_neighbor_channel,grp_l2_neighbor_channel_false_0_true_s_fu_9542/mul_7ns_5s_12_4_0_U12609,0,20,0,"",""
l2_neighbor_channel,grp_l2_neighbor_channel_false_0_true_s_fu_9542/mul_7ns_5s_12_4_0_U12618,0,20,0,"",""
l2_neighbor_channel,grp_l2_neighbor_channel_false_0_true_s_fu_9542/mul_7ns_5s_12_4_0_U12627,0,20,0,"",""
l2_neighbor_channel,grp_l2_neighbor_channel_false_0_true_s_fu_9542/mul_7ns_5s_12_4_0_U12636,0,20,0,"",""
l2_neighbor_channel,grp_l2_neighbor_channel_false_0_true_s_fu_9542/mul_7ns_5s_12_4_0_U12645,0,20,0,"",""
l2_neighbor_channel,grp_l2_neighbor_channel_false_0_true_s_fu_9542/mul_7ns_5s_12_4_0_U12716,0,24,0,"",""
l2_neighbor_channel,grp_l2_neighbor_channel_false_0_true_s_fu_9542/mul_7ns_5s_12_4_0_U12719,0,24,0,"",""
l2_neighbor_channel,grp_l2_neighbor_channel_false_0_true_s_fu_9542/mul_7ns_5s_12_4_0_U12722,0,24,0,"",""
l2_neighbor_channel,grp_l2_neighbor_channel_false_0_true_s_fu_9542/mul_7ns_5s_12_4_0_U12725,0,24,0,"",""
l2_neighbor_channel,grp_l2_neighbor_channel_false_0_true_s_fu_9542/mul_7ns_5s_12_4_0_U12728,0,24,0,"",""
l2_neighbor_channel,grp_l2_neighbor_channel_false_0_true_s_fu_9542/mul_7ns_5s_12_4_0_U12731,0,24,0,"",""
l2_neighbor_channel,grp_l2_neighbor_channel_false_0_true_s_fu_9542/mul_7ns_5s_12_4_0_U12734,0,24,0,"",""
l2_neighbor_channel,grp_l2_neighbor_channel_false_0_true_s_fu_9542/mul_7ns_5s_12_4_0_U12737,0,24,0,"",""
l2_neighbor_channel,grp_l2_neighbor_channel_false_0_true_s_fu_9542/mul_7ns_6ns_12_4_0_U12578,1,22,0,"",""
l2_neighbor_channel,grp_l2_neighbor_channel_false_0_true_s_fu_9542/mul_7ns_6ns_12_4_0_U12583,3,21,0,"",""
l2_neighbor_channel,grp_l2_neighbor_channel_false_0_true_s_fu_9542/mul_7ns_6ns_12_4_0_U12587,1,22,0,"",""
l2_neighbor_channel,grp_l2_neighbor_channel_false_0_true_s_fu_9542/mul_7ns_6ns_12_4_0_U12592,3,21,0,"",""
l2_neighbor_channel,grp_l2_neighbor_channel_false_0_true_s_fu_9542/mul_7ns_6ns_12_4_0_U12596,1,22,0,"",""
l2_neighbor_channel,grp_l2_neighbor_channel_false_0_true_s_fu_9542/mul_7ns_6ns_12_4_0_U12601,3,21,0,"",""
l2_neighbor_channel,grp_l2_neighbor_channel_false_0_true_s_fu_9542/mul_7ns_6ns_12_4_0_U12605,1,22,0,"",""
l2_neighbor_channel,grp_l2_neighbor_channel_false_0_true_s_fu_9542/mul_7ns_6ns_12_4_0_U12610,3,21,0,"",""
l2_neighbor_channel,grp_l2_neighbor_channel_false_0_true_s_fu_9542/mul_7ns_6ns_12_4_0_U12614,1,22,0,"",""
l2_neighbor_channel,grp_l2_neighbor_channel_false_0_true_s_fu_9542/mul_7ns_6ns_12_4_0_U12619,3,21,0,"",""
l2_neighbor_channel,grp_l2_neighbor_channel_false_0_true_s_fu_9542/mul_7ns_6ns_12_4_0_U12623,1,22,0,"",""
l2_neighbor_channel,grp_l2_neighbor_channel_false_0_true_s_fu_9542/mul_7ns_6ns_12_4_0_U12628,3,21,0,"",""
l2_neighbor_channel,grp_l2_neighbor_channel_false_0_true_s_fu_9542/mul_7ns_6ns_12_4_0_U12632,1,22,0,"",""
l2_neighbor_channel,grp_l2_neighbor_channel_false_0_true_s_fu_9542/mul_7ns_6ns_12_4_0_U12637,3,21,0,"",""
l2_neighbor_channel,grp_l2_neighbor_channel_false_0_true_s_fu_9542/mul_7ns_6ns_12_4_0_U12641,1,22,0,"",""
l2_neighbor_channel,grp_l2_neighbor_channel_false_0_true_s_fu_9542/mul_7ns_6ns_12_4_0_U12646,3,21,0,"",""
l2_neighbor_channel,grp_l2_neighbor_channel_false_0_true_s_fu_9542/mul_7ns_6s_13_4_0_U12656,0,18,0,"",""
l2_neighbor_channel,grp_l2_neighbor_channel_false_0_true_s_fu_9542/mul_7ns_6s_13_4_0_U12664,0,18,0,"",""
l2_neighbor_channel,grp_l2_neighbor_channel_false_0_true_s_fu_9542/mul_7ns_6s_13_4_0_U12672,0,18,0,"",""
l2_neighbor_channel,grp_l2_neighbor_channel_false_0_true_s_fu_9542/mul_7ns_6s_13_4_0_U12680,0,18,0,"",""
l2_neighbor_channel,grp_l2_neighbor_channel_false_0_true_s_fu_9542/mul_7ns_6s_13_4_0_U12688,0,18,0,"",""
l2_neighbor_channel,grp_l2_neighbor_channel_false_0_true_s_fu_9542/mul_7ns_6s_13_4_0_U12696,0,18,0,"",""
l2_neighbor_channel,grp_l2_neighbor_channel_false_0_true_s_fu_9542/mul_7ns_6s_13_4_0_U12704,0,18,0,"",""
l2_neighbor_channel,grp_l2_neighbor_channel_false_0_true_s_fu_9542/mul_7ns_6s_13_4_0_U12712,0,18,0,"",""
l2_neighbor_channel,grp_l2_neighbor_channel_false_0_true_s_fu_9542/mul_7ns_7ns_13_4_0_U12584,0,24,0,"",""
l2_neighbor_channel,grp_l2_neighbor_channel_false_0_true_s_fu_9542/mul_7ns_7ns_13_4_0_U12586,0,16,0,"",""
l2_neighbor_channel,grp_l2_neighbor_channel_false_0_true_s_fu_9542/mul_7ns_7ns_13_4_0_U12593,0,24,0,"",""
l2_neighbor_channel,grp_l2_neighbor_channel_false_0_true_s_fu_9542/mul_7ns_7ns_13_4_0_U12595,0,16,0,"",""
l2_neighbor_channel,grp_l2_neighbor_channel_false_0_true_s_fu_9542/mul_7ns_7ns_13_4_0_U12602,0,24,0,"",""
l2_neighbor_channel,grp_l2_neighbor_channel_false_0_true_s_fu_9542/mul_7ns_7ns_13_4_0_U12604,0,16,0,"",""
l2_neighbor_channel,grp_l2_neighbor_channel_false_0_true_s_fu_9542/mul_7ns_7ns_13_4_0_U12611,0,24,0,"",""
l2_neighbor_channel,grp_l2_neighbor_channel_false_0_true_s_fu_9542/mul_7ns_7ns_13_4_0_U12613,0,16,0,"",""
l2_neighbor_channel,grp_l2_neighbor_channel_false_0_true_s_fu_9542/mul_7ns_7ns_13_4_0_U12620,0,24,0,"",""
l2_neighbor_channel,grp_l2_neighbor_channel_false_0_true_s_fu_9542/mul_7ns_7ns_13_4_0_U12622,0,16,0,"",""
l2_neighbor_channel,grp_l2_neighbor_channel_false_0_true_s_fu_9542/mul_7ns_7ns_13_4_0_U12629,0,24,0,"",""
l2_neighbor_channel,grp_l2_neighbor_channel_false_0_true_s_fu_9542/mul_7ns_7ns_13_4_0_U12631,0,16,0,"",""
l2_neighbor_channel,grp_l2_neighbor_channel_false_0_true_s_fu_9542/mul_7ns_7ns_13_4_0_U12638,0,24,0,"",""
l2_neighbor_channel,grp_l2_neighbor_channel_false_0_true_s_fu_9542/mul_7ns_7ns_13_4_0_U12640,0,16,0,"",""
l2_neighbor_channel,grp_l2_neighbor_channel_false_0_true_s_fu_9542/mul_7ns_7ns_13_4_0_U12647,0,24,0,"",""
l2_neighbor_channel,grp_l2_neighbor_channel_false_0_true_s_fu_9542/mul_7ns_7ns_13_4_0_U12649,0,16,0,"",""
l2_neighbor_channel,grp_l2_neighbor_channel_false_0_true_s_fu_9542/mul_7ns_7ns_13_4_0_U12653,0,16,0,"",""
l2_neighbor_channel,grp_l2_neighbor_channel_false_0_true_s_fu_9542/mul_7ns_7ns_13_4_0_U12654,0,22,0,"",""
l2_neighbor_channel,grp_l2_neighbor_channel_false_0_true_s_fu_9542/mul_7ns_7ns_13_4_0_U12655,24,25,0,"",""
l2_neighbor_channel,grp_l2_neighbor_channel_false_0_true_s_fu_9542/mul_7ns_7ns_13_4_0_U12657,2,22,0,"",""
l2_neighbor_channel,grp_l2_neighbor_channel_false_0_true_s_fu_9542/mul_7ns_7ns_13_4_0_U12661,0,16,0,"",""
l2_neighbor_channel,grp_l2_neighbor_channel_false_0_true_s_fu_9542/mul_7ns_7ns_13_4_0_U12662,0,22,0,"",""
l2_neighbor_channel,grp_l2_neighbor_channel_false_0_true_s_fu_9542/mul_7ns_7ns_13_4_0_U12663,24,25,0,"",""
l2_neighbor_channel,grp_l2_neighbor_channel_false_0_true_s_fu_9542/mul_7ns_7ns_13_4_0_U12665,2,22,0,"",""
l2_neighbor_channel,grp_l2_neighbor_channel_false_0_true_s_fu_9542/mul_7ns_7ns_13_4_0_U12669,0,16,0,"",""
l2_neighbor_channel,grp_l2_neighbor_channel_false_0_true_s_fu_9542/mul_7ns_7ns_13_4_0_U12670,0,22,0,"",""
l2_neighbor_channel,grp_l2_neighbor_channel_false_0_true_s_fu_9542/mul_7ns_7ns_13_4_0_U12671,24,25,0,"",""
l2_neighbor_channel,grp_l2_neighbor_channel_false_0_true_s_fu_9542/mul_7ns_7ns_13_4_0_U12673,2,22,0,"",""
l2_neighbor_channel,grp_l2_neighbor_channel_false_0_true_s_fu_9542/mul_7ns_7ns_13_4_0_U12677,0,16,0,"",""
l2_neighbor_channel,grp_l2_neighbor_channel_false_0_true_s_fu_9542/mul_7ns_7ns_13_4_0_U12678,0,22,0,"",""
l2_neighbor_channel,grp_l2_neighbor_channel_false_0_true_s_fu_9542/mul_7ns_7ns_13_4_0_U12679,24,25,0,"",""
l2_neighbor_channel,grp_l2_neighbor_channel_false_0_true_s_fu_9542/mul_7ns_7ns_13_4_0_U12681,2,22,0,"",""
l2_neighbor_channel,grp_l2_neighbor_channel_false_0_true_s_fu_9542/mul_7ns_7ns_13_4_0_U12685,0,16,0,"",""
l2_neighbor_channel,grp_l2_neighbor_channel_false_0_true_s_fu_9542/mul_7ns_7ns_13_4_0_U12686,0,22,0,"",""
l2_neighbor_channel,grp_l2_neighbor_channel_false_0_true_s_fu_9542/mul_7ns_7ns_13_4_0_U12687,24,25,0,"",""
l2_neighbor_channel,grp_l2_neighbor_channel_false_0_true_s_fu_9542/mul_7ns_7ns_13_4_0_U12689,2,22,0,"",""
l2_neighbor_channel,grp_l2_neighbor_channel_false_0_true_s_fu_9542/mul_7ns_7ns_13_4_0_U12693,0,16,0,"",""
l2_neighbor_channel,grp_l2_neighbor_channel_false_0_true_s_fu_9542/mul_7ns_7ns_13_4_0_U12694,0,22,0,"",""
l2_neighbor_channel,grp_l2_neighbor_channel_false_0_true_s_fu_9542/mul_7ns_7ns_13_4_0_U12695,24,25,0,"",""
l2_neighbor_channel,grp_l2_neighbor_channel_false_0_true_s_fu_9542/mul_7ns_7ns_13_4_0_U12697,2,22,0,"",""
l2_neighbor_channel,grp_l2_neighbor_channel_false_0_true_s_fu_9542/mul_7ns_7ns_13_4_0_U12701,0,16,0,"",""
l2_neighbor_channel,grp_l2_neighbor_channel_false_0_true_s_fu_9542/mul_7ns_7ns_13_4_0_U12702,0,22,0,"",""
l2_neighbor_channel,grp_l2_neighbor_channel_false_0_true_s_fu_9542/mul_7ns_7ns_13_4_0_U12703,24,25,0,"",""
l2_neighbor_channel,grp_l2_neighbor_channel_false_0_true_s_fu_9542/mul_7ns_7ns_13_4_0_U12705,2,22,0,"",""
l2_neighbor_channel,grp_l2_neighbor_channel_false_0_true_s_fu_9542/mul_7ns_7ns_13_4_0_U12709,0,16,0,"",""
l2_neighbor_channel,grp_l2_neighbor_channel_false_0_true_s_fu_9542/mul_7ns_7ns_13_4_0_U12710,0,22,0,"",""
l2_neighbor_channel,grp_l2_neighbor_channel_false_0_true_s_fu_9542/mul_7ns_7ns_13_4_0_U12711,24,25,0,"",""
l2_neighbor_channel,grp_l2_neighbor_channel_false_0_true_s_fu_9542/mul_7ns_7ns_13_4_0_U12713,2,22,0,"",""
l2_neighbor_channel,grp_l2_neighbor_channel_false_0_true_s_fu_9542/mul_7ns_7s_14_4_0_U12650,3,28,0,"",""
l2_neighbor_channel,grp_l2_neighbor_channel_false_0_true_s_fu_9542/mul_7ns_7s_14_4_0_U12652,0,28,0,"",""
l2_neighbor_channel,grp_l2_neighbor_channel_false_0_true_s_fu_9542/mul_7ns_7s_14_4_0_U12658,3,28,0,"",""
l2_neighbor_channel,grp_l2_neighbor_channel_false_0_true_s_fu_9542/mul_7ns_7s_14_4_0_U12660,0,28,0,"",""
l2_neighbor_channel,grp_l2_neighbor_channel_false_0_true_s_fu_9542/mul_7ns_7s_14_4_0_U12666,3,28,0,"",""
l2_neighbor_channel,grp_l2_neighbor_channel_false_0_true_s_fu_9542/mul_7ns_7s_14_4_0_U12668,0,28,0,"",""
l2_neighbor_channel,grp_l2_neighbor_channel_false_0_true_s_fu_9542/mul_7ns_7s_14_4_0_U12674,3,28,0,"",""
l2_neighbor_channel,grp_l2_neighbor_channel_false_0_true_s_fu_9542/mul_7ns_7s_14_4_0_U12676,0,28,0,"",""
l2_neighbor_channel,grp_l2_neighbor_channel_false_0_true_s_fu_9542/mul_7ns_7s_14_4_0_U12682,3,28,0,"",""
l2_neighbor_channel,grp_l2_neighbor_channel_false_0_true_s_fu_9542/mul_7ns_7s_14_4_0_U12684,0,28,0,"",""
l2_neighbor_channel,grp_l2_neighbor_channel_false_0_true_s_fu_9542/mul_7ns_7s_14_4_0_U12690,3,28,0,"",""
l2_neighbor_channel,grp_l2_neighbor_channel_false_0_true_s_fu_9542/mul_7ns_7s_14_4_0_U12692,0,28,0,"",""
l2_neighbor_channel,grp_l2_neighbor_channel_false_0_true_s_fu_9542/mul_7ns_7s_14_4_0_U12698,3,28,0,"",""
l2_neighbor_channel,grp_l2_neighbor_channel_false_0_true_s_fu_9542/mul_7ns_7s_14_4_0_U12700,0,28,0,"",""
l2_neighbor_channel,grp_l2_neighbor_channel_false_0_true_s_fu_9542/mul_7ns_7s_14_4_0_U12706,3,28,0,"",""
l2_neighbor_channel,grp_l2_neighbor_channel_false_0_true_s_fu_9542/mul_7ns_7s_14_4_0_U12708,0,28,0,"",""
l2_neighbor_channel,grp_l2_neighbor_channel_false_0_true_s_fu_9542/mul_7ns_8ns_14_4_0_U12580,0,26,0,"",""
l2_neighbor_channel,grp_l2_neighbor_channel_false_0_true_s_fu_9542/mul_7ns_8ns_14_4_0_U12589,0,26,0,"",""
l2_neighbor_channel,grp_l2_neighbor_channel_false_0_true_s_fu_9542/mul_7ns_8ns_14_4_0_U12598,0,26,0,"",""
l2_neighbor_channel,grp_l2_neighbor_channel_false_0_true_s_fu_9542/mul_7ns_8ns_14_4_0_U12607,0,26,0,"",""
l2_neighbor_channel,grp_l2_neighbor_channel_false_0_true_s_fu_9542/mul_7ns_8ns_14_4_0_U12616,0,26,0,"",""
l2_neighbor_channel,grp_l2_neighbor_channel_false_0_true_s_fu_9542/mul_7ns_8ns_14_4_0_U12625,0,26,0,"",""
l2_neighbor_channel,grp_l2_neighbor_channel_false_0_true_s_fu_9542/mul_7ns_8ns_14_4_0_U12634,0,26,0,"",""
l2_neighbor_channel,grp_l2_neighbor_channel_false_0_true_s_fu_9542/mul_7ns_8ns_14_4_0_U12643,0,26,0,"",""
l2_neighbor_channel,grp_l2_neighbor_channel_false_0_true_s_fu_9542/mul_7ns_8ns_14_4_0_U12715,19,28,0,"",""
l2_neighbor_channel,grp_l2_neighbor_channel_false_0_true_s_fu_9542/mul_7ns_8ns_14_4_0_U12718,19,28,0,"",""
l2_neighbor_channel,grp_l2_neighbor_channel_false_0_true_s_fu_9542/mul_7ns_8ns_14_4_0_U12721,19,28,0,"",""
l2_neighbor_channel,grp_l2_neighbor_channel_false_0_true_s_fu_9542/mul_7ns_8ns_14_4_0_U12724,19,28,0,"",""
l2_neighbor_channel,grp_l2_neighbor_channel_false_0_true_s_fu_9542/mul_7ns_8ns_14_4_0_U12727,19,28,0,"",""
l2_neighbor_channel,grp_l2_neighbor_channel_false_0_true_s_fu_9542/mul_7ns_8ns_14_4_0_U12730,19,28,0,"",""
l2_neighbor_channel,grp_l2_neighbor_channel_false_0_true_s_fu_9542/mul_7ns_8ns_14_4_0_U12733,19,28,0,"",""
l2_neighbor_channel,grp_l2_neighbor_channel_false_0_true_s_fu_9542/mul_7ns_8ns_14_4_0_U12736,19,28,0,"",""
l2_neighbor_channel,grp_l2_neighbor_channel_false_0_true_s_fu_9542/mul_7ns_8s_15_4_0_U12714,21,35,0,"",""
l2_neighbor_channel,grp_l2_neighbor_channel_false_0_true_s_fu_9542/mul_7ns_8s_15_4_0_U12717,21,35,0,"",""
l2_neighbor_channel,grp_l2_neighbor_channel_false_0_true_s_fu_9542/mul_7ns_8s_15_4_0_U12720,21,35,0,"",""
l2_neighbor_channel,grp_l2_neighbor_channel_false_0_true_s_fu_9542/mul_7ns_8s_15_4_0_U12723,21,35,0,"",""
l2_neighbor_channel,grp_l2_neighbor_channel_false_0_true_s_fu_9542/mul_7ns_8s_15_4_0_U12726,21,35,0,"",""
l2_neighbor_channel,grp_l2_neighbor_channel_false_0_true_s_fu_9542/mul_7ns_8s_15_4_0_U12729,21,35,0,"",""
l2_neighbor_channel,grp_l2_neighbor_channel_false_0_true_s_fu_9542/mul_7ns_8s_15_4_0_U12732,21,35,0,"",""
l2_neighbor_channel,grp_l2_neighbor_channel_false_0_true_s_fu_9542/mul_7ns_8s_15_4_0_U12735,21,35,0,"",""
l2_neighbor_channel,grp_l2_neighbor_channel_false_0_true_s_fu_9542/add_17ns_17s_17_2_0_U12738/u1,4,0,0,"",""
l2_neighbor_channel,grp_l2_neighbor_channel_false_0_true_s_fu_9542/add_17ns_17s_17_2_0_U12738/u2,9,0,0,"",""
l2_neighbor_channel,grp_l2_neighbor_channel_false_0_true_s_fu_9542/add_17ns_17s_17_2_0_U12739/u1,4,0,0,"",""
l2_neighbor_channel,grp_l2_neighbor_channel_false_0_true_s_fu_9542/add_17ns_17s_17_2_0_U12739/u2,9,0,0,"",""
l2_neighbor_channel,grp_l2_neighbor_channel_false_0_true_s_fu_9542/add_17ns_17s_17_2_0_U12740/u1,4,0,0,"",""
l2_neighbor_channel,grp_l2_neighbor_channel_false_0_true_s_fu_9542/add_17ns_17s_17_2_0_U12740/u2,9,0,0,"",""
l2_neighbor_channel,grp_l2_neighbor_channel_false_0_true_s_fu_9542/add_17ns_17s_17_2_0_U12741/u1,4,0,0,"",""
l2_neighbor_channel,grp_l2_neighbor_channel_false_0_true_s_fu_9542/add_17ns_17s_17_2_0_U12741/u2,9,0,0,"",""
l2_neighbor_channel,grp_l2_neighbor_channel_false_0_true_s_fu_9542/add_17ns_17s_17_2_0_U12742/u1,4,0,0,"",""
l2_neighbor_channel,grp_l2_neighbor_channel_false_0_true_s_fu_9542/add_17ns_17s_17_2_0_U12742/u2,9,0,0,"",""
l2_neighbor_channel,grp_l2_neighbor_channel_false_0_true_s_fu_9542/add_17ns_17s_17_2_0_U12743/u1,4,0,0,"",""
l2_neighbor_channel,grp_l2_neighbor_channel_false_0_true_s_fu_9542/add_17ns_17s_17_2_0_U12743/u2,9,0,0,"",""
l2_neighbor_channel,grp_l2_neighbor_channel_false_0_true_s_fu_9542/add_17ns_17s_17_2_0_U12744/u1,4,0,0,"",""
l2_neighbor_channel,grp_l2_neighbor_channel_false_0_true_s_fu_9542/add_17ns_17s_17_2_0_U12744/u2,9,0,0,"",""
l2_neighbor_channel,grp_l2_neighbor_channel_false_0_true_s_fu_9542/add_17ns_17s_17_2_0_U12745/u1,4,0,0,"",""
l2_neighbor_channel,grp_l2_neighbor_channel_false_0_true_s_fu_9542/add_17ns_17s_17_2_0_U12745/u2,9,0,0,"",""
l2_neighbor_channel,grp_l2_neighbor_channel_false_1_true_s_fu_9714/add_18s_18s_18_2_0_U13059,18,18,0,"",""
l2_neighbor_channel,grp_l2_neighbor_channel_false_1_true_s_fu_9714/add_18s_18s_18_2_0_U13060,18,18,0,"",""
l2_neighbor_channel,grp_l2_neighbor_channel_false_1_true_s_fu_9714/add_18s_18s_18_2_0_U13061,18,18,0,"",""
l2_neighbor_channel,grp_l2_neighbor_channel_false_1_true_s_fu_9714/add_18s_18s_18_2_0_U13062,18,18,0,"",""
l2_neighbor_channel,grp_l2_neighbor_channel_false_1_true_s_fu_9714/add_18s_18s_18_2_0_U13063,18,18,0,"",""
l2_neighbor_channel,grp_l2_neighbor_channel_false_1_true_s_fu_9714/add_18s_18s_18_2_0_U13064,18,18,0,"",""
l2_neighbor_channel,grp_l2_neighbor_channel_false_1_true_s_fu_9714/add_18s_18s_18_2_0_U13065,18,18,0,"",""
l2_neighbor_channel,grp_l2_neighbor_channel_false_1_true_s_fu_9714/add_18s_18s_18_2_0_U13066,18,18,0,"",""
l2_neighbor_channel,grp_l2_neighbor_channel_false_1_true_s_fu_9714/mul_7ns_6ns_12_4_0_U12924,3,24,0,"",""
l2_neighbor_channel,grp_l2_neighbor_channel_false_1_true_s_fu_9714/mul_7ns_6ns_12_4_0_U12936,0,22,0,"",""
l2_neighbor_channel,grp_l2_neighbor_channel_false_1_true_s_fu_9714/mul_7ns_6ns_12_4_0_U12948,3,24,0,"",""
l2_neighbor_channel,grp_l2_neighbor_channel_false_1_true_s_fu_9714/mul_7ns_6ns_12_4_0_U12960,3,24,0,"",""
l2_neighbor_channel,grp_l2_neighbor_channel_false_1_true_s_fu_9714/mul_7ns_6ns_12_4_0_U12972,3,24,0,"",""
l2_neighbor_channel,grp_l2_neighbor_channel_false_1_true_s_fu_9714/mul_7ns_6ns_12_4_0_U12984,3,24,0,"",""
l2_neighbor_channel,grp_l2_neighbor_channel_false_1_true_s_fu_9714/mul_7ns_6ns_12_4_0_U12996,0,22,0,"",""
l2_neighbor_channel,grp_l2_neighbor_channel_false_1_true_s_fu_9714/mul_7ns_6ns_12_4_0_U13008,3,24,0,"",""
l2_neighbor_channel,grp_l2_neighbor_channel_false_1_true_s_fu_9714/mul_7ns_6s_13_4_0_U12918,0,20,0,"",""
l2_neighbor_channel,grp_l2_neighbor_channel_false_1_true_s_fu_9714/mul_7ns_6s_13_4_0_U12930,0,20,0,"",""
l2_neighbor_channel,grp_l2_neighbor_channel_false_1_true_s_fu_9714/mul_7ns_6s_13_4_0_U12942,0,20,0,"",""
l2_neighbor_channel,grp_l2_neighbor_channel_false_1_true_s_fu_9714/mul_7ns_6s_13_4_0_U12954,0,20,0,"",""
l2_neighbor_channel,grp_l2_neighbor_channel_false_1_true_s_fu_9714/mul_7ns_6s_13_4_0_U12966,0,20,0,"",""
l2_neighbor_channel,grp_l2_neighbor_channel_false_1_true_s_fu_9714/mul_7ns_6s_13_4_0_U12978,0,20,0,"",""
l2_neighbor_channel,grp_l2_neighbor_channel_false_1_true_s_fu_9714/mul_7ns_6s_13_4_0_U12990,0,20,0,"",""
l2_neighbor_channel,grp_l2_neighbor_channel_false_1_true_s_fu_9714/mul_7ns_6s_13_4_0_U13002,0,20,0,"",""
l2_neighbor_channel,grp_l2_neighbor_channel_false_1_true_s_fu_9714/mul_7ns_7ns_13_4_0_U12915,0,18,0,"",""
l2_neighbor_channel,grp_l2_neighbor_channel_false_1_true_s_fu_9714/mul_7ns_7ns_13_4_0_U12917,0,18,0,"",""
l2_neighbor_channel,grp_l2_neighbor_channel_false_1_true_s_fu_9714/mul_7ns_7ns_13_4_0_U12926,0,26,0,"",""
l2_neighbor_channel,grp_l2_neighbor_channel_false_1_true_s_fu_9714/mul_7ns_7ns_13_4_0_U12927,0,18,0,"",""
l2_neighbor_channel,grp_l2_neighbor_channel_false_1_true_s_fu_9714/mul_7ns_7ns_13_4_0_U12929,0,18,0,"",""
l2_neighbor_channel,grp_l2_neighbor_channel_false_1_true_s_fu_9714/mul_7ns_7ns_13_4_0_U12938,0,26,0,"",""
l2_neighbor_channel,grp_l2_neighbor_channel_false_1_true_s_fu_9714/mul_7ns_7ns_13_4_0_U12939,0,18,0,"",""
l2_neighbor_channel,grp_l2_neighbor_channel_false_1_true_s_fu_9714/mul_7ns_7ns_13_4_0_U12941,0,18,0,"",""
l2_neighbor_channel,grp_l2_neighbor_channel_false_1_true_s_fu_9714/mul_7ns_7ns_13_4_0_U12950,0,26,0,"",""
l2_neighbor_channel,grp_l2_neighbor_channel_false_1_true_s_fu_9714/mul_7ns_7ns_13_4_0_U12951,0,18,0,"",""
l2_neighbor_channel,grp_l2_neighbor_channel_false_1_true_s_fu_9714/mul_7ns_7ns_13_4_0_U12953,0,18,0,"",""
l2_neighbor_channel,grp_l2_neighbor_channel_false_1_true_s_fu_9714/mul_7ns_7ns_13_4_0_U12962,0,26,0,"",""
l2_neighbor_channel,grp_l2_neighbor_channel_false_1_true_s_fu_9714/mul_7ns_7ns_13_4_0_U12963,0,18,0,"",""
l2_neighbor_channel,grp_l2_neighbor_channel_false_1_true_s_fu_9714/mul_7ns_7ns_13_4_0_U12965,0,18,0,"",""
l2_neighbor_channel,grp_l2_neighbor_channel_false_1_true_s_fu_9714/mul_7ns_7ns_13_4_0_U12974,0,26,0,"",""
l2_neighbor_channel,grp_l2_neighbor_channel_false_1_true_s_fu_9714/mul_7ns_7ns_13_4_0_U12975,0,18,0,"",""
l2_neighbor_channel,grp_l2_neighbor_channel_false_1_true_s_fu_9714/mul_7ns_7ns_13_4_0_U12977,0,18,0,"",""
l2_neighbor_channel,grp_l2_neighbor_channel_false_1_true_s_fu_9714/mul_7ns_7ns_13_4_0_U12986,0,26,0,"",""
l2_neighbor_channel,grp_l2_neighbor_channel_false_1_true_s_fu_9714/mul_7ns_7ns_13_4_0_U12987,0,18,0,"",""
l2_neighbor_channel,grp_l2_neighbor_channel_false_1_true_s_fu_9714/mul_7ns_7ns_13_4_0_U12989,0,18,0,"",""
l2_neighbor_channel,grp_l2_neighbor_channel_false_1_true_s_fu_9714/mul_7ns_7ns_13_4_0_U12998,0,26,0,"",""
l2_neighbor_channel,grp_l2_neighbor_channel_false_1_true_s_fu_9714/mul_7ns_7ns_13_4_0_U12999,0,18,0,"",""
l2_neighbor_channel,grp_l2_neighbor_channel_false_1_true_s_fu_9714/mul_7ns_7ns_13_4_0_U13001,0,18,0,"",""
l2_neighbor_channel,grp_l2_neighbor_channel_false_1_true_s_fu_9714/mul_7ns_7ns_13_4_0_U13010,0,26,0,"",""
l2_neighbor_channel,grp_l2_neighbor_channel_false_1_true_s_fu_9714/mul_7ns_8ns_14_4_0_U12916,0,20,0,"",""
l2_neighbor_channel,grp_l2_neighbor_channel_false_1_true_s_fu_9714/mul_7ns_8ns_14_4_0_U12922,0,22,0,"",""
l2_neighbor_channel,grp_l2_neighbor_channel_false_1_true_s_fu_9714/mul_7ns_8ns_14_4_0_U12923,10,26,0,"",""
l2_neighbor_channel,grp_l2_neighbor_channel_false_1_true_s_fu_9714/mul_7ns_8ns_14_4_0_U12925,13,28,0,"",""
l2_neighbor_channel,grp_l2_neighbor_channel_false_1_true_s_fu_9714/mul_7ns_8ns_14_4_0_U12928,0,20,0,"",""
l2_neighbor_channel,grp_l2_neighbor_channel_false_1_true_s_fu_9714/mul_7ns_8ns_14_4_0_U12934,0,22,0,"",""
l2_neighbor_channel,grp_l2_neighbor_channel_false_1_true_s_fu_9714/mul_7ns_8ns_14_4_0_U12935,10,26,0,"",""
l2_neighbor_channel,grp_l2_neighbor_channel_false_1_true_s_fu_9714/mul_7ns_8ns_14_4_0_U12937,13,28,0,"",""
l2_neighbor_channel,grp_l2_neighbor_channel_false_1_true_s_fu_9714/mul_7ns_8ns_14_4_0_U12940,0,20,0,"",""
l2_neighbor_channel,grp_l2_neighbor_channel_false_1_true_s_fu_9714/mul_7ns_8ns_14_4_0_U12946,0,22,0,"",""
l2_neighbor_channel,grp_l2_neighbor_channel_false_1_true_s_fu_9714/mul_7ns_8ns_14_4_0_U12947,10,26,0,"",""
l2_neighbor_channel,grp_l2_neighbor_channel_false_1_true_s_fu_9714/mul_7ns_8ns_14_4_0_U12949,13,28,0,"",""
l2_neighbor_channel,grp_l2_neighbor_channel_false_1_true_s_fu_9714/mul_7ns_8ns_14_4_0_U12952,0,20,0,"",""
l2_neighbor_channel,grp_l2_neighbor_channel_false_1_true_s_fu_9714/mul_7ns_8ns_14_4_0_U12958,0,22,0,"",""
l2_neighbor_channel,grp_l2_neighbor_channel_false_1_true_s_fu_9714/mul_7ns_8ns_14_4_0_U12959,10,26,0,"",""
l2_neighbor_channel,grp_l2_neighbor_channel_false_1_true_s_fu_9714/mul_7ns_8ns_14_4_0_U12961,13,28,0,"",""
l2_neighbor_channel,grp_l2_neighbor_channel_false_1_true_s_fu_9714/mul_7ns_8ns_14_4_0_U12964,0,20,0,"",""
l2_neighbor_channel,grp_l2_neighbor_channel_false_1_true_s_fu_9714/mul_7ns_8ns_14_4_0_U12970,0,22,0,"",""
l2_neighbor_channel,grp_l2_neighbor_channel_false_1_true_s_fu_9714/mul_7ns_8ns_14_4_0_U12971,10,26,0,"",""
l2_neighbor_channel,grp_l2_neighbor_channel_false_1_true_s_fu_9714/mul_7ns_8ns_14_4_0_U12973,13,28,0,"",""
l2_neighbor_channel,grp_l2_neighbor_channel_false_1_true_s_fu_9714/mul_7ns_8ns_14_4_0_U12976,0,20,0,"",""
l2_neighbor_channel,grp_l2_neighbor_channel_false_1_true_s_fu_9714/mul_7ns_8ns_14_4_0_U12982,0,22,0,"",""
l2_neighbor_channel,grp_l2_neighbor_channel_false_1_true_s_fu_9714/mul_7ns_8ns_14_4_0_U12983,10,26,0,"",""
l2_neighbor_channel,grp_l2_neighbor_channel_false_1_true_s_fu_9714/mul_7ns_8ns_14_4_0_U12985,13,28,0,"",""
l2_neighbor_channel,grp_l2_neighbor_channel_false_1_true_s_fu_9714/mul_7ns_8ns_14_4_0_U12988,0,20,0,"",""
l2_neighbor_channel,grp_l2_neighbor_channel_false_1_true_s_fu_9714/mul_7ns_8ns_14_4_0_U12994,0,22,0,"",""
l2_neighbor_channel,grp_l2_neighbor_channel_false_1_true_s_fu_9714/mul_7ns_8ns_14_4_0_U12995,10,26,0,"",""
l2_neighbor_channel,grp_l2_neighbor_channel_false_1_true_s_fu_9714/mul_7ns_8ns_14_4_0_U12997,13,28,0,"",""
l2_neighbor_channel,grp_l2_neighbor_channel_false_1_true_s_fu_9714/mul_7ns_8ns_14_4_0_U13000,0,20,0,"",""
l2_neighbor_channel,grp_l2_neighbor_channel_false_1_true_s_fu_9714/mul_7ns_8ns_14_4_0_U13006,0,22,0,"",""
l2_neighbor_channel,grp_l2_neighbor_channel_false_1_true_s_fu_9714/mul_7ns_8ns_14_4_0_U13007,10,26,0,"",""
l2_neighbor_channel,grp_l2_neighbor_channel_false_1_true_s_fu_9714/mul_7ns_8ns_14_4_0_U13009,13,28,0,"",""
l2_neighbor_channel,grp_l2_neighbor_channel_false_1_true_s_fu_9714/mul_7ns_8ns_14_4_0_U13012,0,26,0,"",""
l2_neighbor_channel,grp_l2_neighbor_channel_false_1_true_s_fu_9714/mul_7ns_8ns_14_4_0_U13013,59,29,0,"",""
l2_neighbor_channel,grp_l2_neighbor_channel_false_1_true_s_fu_9714/mul_7ns_8ns_14_4_0_U13016,0,26,0,"",""
l2_neighbor_channel,grp_l2_neighbor_channel_false_1_true_s_fu_9714/mul_7ns_8ns_14_4_0_U13017,59,29,0,"",""
l2_neighbor_channel,grp_l2_neighbor_channel_false_1_true_s_fu_9714/mul_7ns_8ns_14_4_0_U13020,0,26,0,"",""
l2_neighbor_channel,grp_l2_neighbor_channel_false_1_true_s_fu_9714/mul_7ns_8ns_14_4_0_U13021,59,29,0,"",""
l2_neighbor_channel,grp_l2_neighbor_channel_false_1_true_s_fu_9714/mul_7ns_8ns_14_4_0_U13024,0,26,0,"",""
l2_neighbor_channel,grp_l2_neighbor_channel_false_1_true_s_fu_9714/mul_7ns_8ns_14_4_0_U13025,59,29,0,"",""
l2_neighbor_channel,grp_l2_neighbor_channel_false_1_true_s_fu_9714/mul_7ns_8ns_14_4_0_U13028,0,26,0,"",""
l2_neighbor_channel,grp_l2_neighbor_channel_false_1_true_s_fu_9714/mul_7ns_8ns_14_4_0_U13029,59,29,0,"",""
l2_neighbor_channel,grp_l2_neighbor_channel_false_1_true_s_fu_9714/mul_7ns_8ns_14_4_0_U13032,0,26,0,"",""
l2_neighbor_channel,grp_l2_neighbor_channel_false_1_true_s_fu_9714/mul_7ns_8ns_14_4_0_U13033,59,29,0,"",""
l2_neighbor_channel,grp_l2_neighbor_channel_false_1_true_s_fu_9714/mul_7ns_8ns_14_4_0_U13036,0,26,0,"",""
l2_neighbor_channel,grp_l2_neighbor_channel_false_1_true_s_fu_9714/mul_7ns_8ns_14_4_0_U13037,59,29,0,"",""
l2_neighbor_channel,grp_l2_neighbor_channel_false_1_true_s_fu_9714/mul_7ns_8ns_14_4_0_U13040,0,26,0,"",""
l2_neighbor_channel,grp_l2_neighbor_channel_false_1_true_s_fu_9714/mul_7ns_8ns_14_4_0_U13041,59,29,0,"",""
l2_neighbor_channel,grp_l2_neighbor_channel_false_1_true_s_fu_9714/mul_7ns_8s_15_4_0_U12919,0,28,0,"",""
l2_neighbor_channel,grp_l2_neighbor_channel_false_1_true_s_fu_9714/mul_7ns_8s_15_4_0_U12920,0,28,0,"",""
l2_neighbor_channel,grp_l2_neighbor_channel_false_1_true_s_fu_9714/mul_7ns_8s_15_4_0_U12921,0,14,0,"",""
l2_neighbor_channel,grp_l2_neighbor_channel_false_1_true_s_fu_9714/mul_7ns_8s_15_4_0_U12931,0,28,0,"",""
l2_neighbor_channel,grp_l2_neighbor_channel_false_1_true_s_fu_9714/mul_7ns_8s_15_4_0_U12932,0,28,0,"",""
l2_neighbor_channel,grp_l2_neighbor_channel_false_1_true_s_fu_9714/mul_7ns_8s_15_4_0_U12933,0,14,0,"",""
l2_neighbor_channel,grp_l2_neighbor_channel_false_1_true_s_fu_9714/mul_7ns_8s_15_4_0_U12943,0,28,0,"",""
l2_neighbor_channel,grp_l2_neighbor_channel_false_1_true_s_fu_9714/mul_7ns_8s_15_4_0_U12944,0,28,0,"",""
l2_neighbor_channel,grp_l2_neighbor_channel_false_1_true_s_fu_9714/mul_7ns_8s_15_4_0_U12945,0,14,0,"",""
l2_neighbor_channel,grp_l2_neighbor_channel_false_1_true_s_fu_9714/mul_7ns_8s_15_4_0_U12955,0,28,0,"",""
l2_neighbor_channel,grp_l2_neighbor_channel_false_1_true_s_fu_9714/mul_7ns_8s_15_4_0_U12956,0,28,0,"",""
l2_neighbor_channel,grp_l2_neighbor_channel_false_1_true_s_fu_9714/mul_7ns_8s_15_4_0_U12957,0,14,0,"",""
l2_neighbor_channel,grp_l2_neighbor_channel_false_1_true_s_fu_9714/mul_7ns_8s_15_4_0_U12967,0,28,0,"",""
l2_neighbor_channel,grp_l2_neighbor_channel_false_1_true_s_fu_9714/mul_7ns_8s_15_4_0_U12968,0,28,0,"",""
l2_neighbor_channel,grp_l2_neighbor_channel_false_1_true_s_fu_9714/mul_7ns_8s_15_4_0_U12969,0,14,0,"",""
l2_neighbor_channel,grp_l2_neighbor_channel_false_1_true_s_fu_9714/mul_7ns_8s_15_4_0_U12979,0,28,0,"",""
l2_neighbor_channel,grp_l2_neighbor_channel_false_1_true_s_fu_9714/mul_7ns_8s_15_4_0_U12980,0,28,0,"",""
l2_neighbor_channel,grp_l2_neighbor_channel_false_1_true_s_fu_9714/mul_7ns_8s_15_4_0_U12981,0,14,0,"",""
l2_neighbor_channel,grp_l2_neighbor_channel_false_1_true_s_fu_9714/mul_7ns_8s_15_4_0_U12991,0,28,0,"",""
l2_neighbor_channel,grp_l2_neighbor_channel_false_1_true_s_fu_9714/mul_7ns_8s_15_4_0_U12992,0,28,0,"",""
l2_neighbor_channel,grp_l2_neighbor_channel_false_1_true_s_fu_9714/mul_7ns_8s_15_4_0_U12993,0,14,0,"",""
l2_neighbor_channel,grp_l2_neighbor_channel_false_1_true_s_fu_9714/mul_7ns_8s_15_4_0_U13003,0,28,0,"",""
l2_neighbor_channel,grp_l2_neighbor_channel_false_1_true_s_fu_9714/mul_7ns_8s_15_4_0_U13004,0,28,0,"",""
l2_neighbor_channel,grp_l2_neighbor_channel_false_1_true_s_fu_9714/mul_7ns_8s_15_4_0_U13005,0,14,0,"",""
l2_neighbor_channel,grp_l2_neighbor_channel_false_1_true_s_fu_9714/mul_7ns_8s_15_4_0_U13011,31,19,0,"",""
l2_neighbor_channel,grp_l2_neighbor_channel_false_1_true_s_fu_9714/mul_7ns_8s_15_4_0_U13014,0,28,0,"",""
l2_neighbor_channel,grp_l2_neighbor_channel_false_1_true_s_fu_9714/mul_7ns_8s_15_4_0_U13015,31,19,0,"",""
l2_neighbor_channel,grp_l2_neighbor_channel_false_1_true_s_fu_9714/mul_7ns_8s_15_4_0_U13018,0,28,0,"",""
l2_neighbor_channel,grp_l2_neighbor_channel_false_1_true_s_fu_9714/mul_7ns_8s_15_4_0_U13019,31,19,0,"",""
l2_neighbor_channel,grp_l2_neighbor_channel_false_1_true_s_fu_9714/mul_7ns_8s_15_4_0_U13022,0,28,0,"",""
l2_neighbor_channel,grp_l2_neighbor_channel_false_1_true_s_fu_9714/mul_7ns_8s_15_4_0_U13023,31,19,0,"",""
l2_neighbor_channel,grp_l2_neighbor_channel_false_1_true_s_fu_9714/mul_7ns_8s_15_4_0_U13026,0,28,0,"",""
l2_neighbor_channel,grp_l2_neighbor_channel_false_1_true_s_fu_9714/mul_7ns_8s_15_4_0_U13027,31,19,0,"",""
l2_neighbor_channel,grp_l2_neighbor_channel_false_1_true_s_fu_9714/mul_7ns_8s_15_4_0_U13030,0,28,0,"",""
l2_neighbor_channel,grp_l2_neighbor_channel_false_1_true_s_fu_9714/mul_7ns_8s_15_4_0_U13031,31,19,0,"",""
l2_neighbor_channel,grp_l2_neighbor_channel_false_1_true_s_fu_9714/mul_7ns_8s_15_4_0_U13034,0,28,0,"",""
l2_neighbor_channel,grp_l2_neighbor_channel_false_1_true_s_fu_9714/mul_7ns_8s_15_4_0_U13035,31,19,0,"",""
l2_neighbor_channel,grp_l2_neighbor_channel_false_1_true_s_fu_9714/mul_7ns_8s_15_4_0_U13038,0,28,0,"",""
l2_neighbor_channel,grp_l2_neighbor_channel_false_1_true_s_fu_9714/mul_7ns_8s_15_4_0_U13039,31,19,0,"",""
l2_neighbor_channel,grp_l2_neighbor_channel_false_1_true_s_fu_9714/mul_7ns_8s_15_4_0_U13042,0,28,0,"",""
l2_neighbor_channel,grp_l2_neighbor_channel_false_1_true_s_fu_9714/mul_7ns_8s_15_4_0_U13043,11,34,0,"",""
l2_neighbor_channel,grp_l2_neighbor_channel_false_1_true_s_fu_9714/mul_7ns_8s_15_4_0_U13044,38,27,0,"",""
l2_neighbor_channel,grp_l2_neighbor_channel_false_1_true_s_fu_9714/mul_7ns_8s_15_4_0_U13045,11,34,0,"",""
l2_neighbor_channel,grp_l2_neighbor_channel_false_1_true_s_fu_9714/mul_7ns_8s_15_4_0_U13046,38,27,0,"",""
l2_neighbor_channel,grp_l2_neighbor_channel_false_1_true_s_fu_9714/mul_7ns_8s_15_4_0_U13047,11,34,0,"",""
l2_neighbor_channel,grp_l2_neighbor_channel_false_1_true_s_fu_9714/mul_7ns_8s_15_4_0_U13048,36,27,0,"",""
l2_neighbor_channel,grp_l2_neighbor_channel_false_1_true_s_fu_9714/mul_7ns_8s_15_4_0_U13049,11,34,0,"",""
l2_neighbor_channel,grp_l2_neighbor_channel_false_1_true_s_fu_9714/mul_7ns_8s_15_4_0_U13050,36,27,0,"",""
l2_neighbor_channel,grp_l2_neighbor_channel_false_1_true_s_fu_9714/mul_7ns_8s_15_4_0_U13051,11,34,0,"",""
l2_neighbor_channel,grp_l2_neighbor_channel_false_1_true_s_fu_9714/mul_7ns_8s_15_4_0_U13052,36,27,0,"",""
l2_neighbor_channel,grp_l2_neighbor_channel_false_1_true_s_fu_9714/mul_7ns_8s_15_4_0_U13053,11,34,0,"",""
l2_neighbor_channel,grp_l2_neighbor_channel_false_1_true_s_fu_9714/mul_7ns_8s_15_4_0_U13054,36,27,0,"",""
l2_neighbor_channel,grp_l2_neighbor_channel_false_1_true_s_fu_9714/mul_7ns_8s_15_4_0_U13055,11,34,0,"",""
l2_neighbor_channel,grp_l2_neighbor_channel_false_1_true_s_fu_9714/mul_7ns_8s_15_4_0_U13056,36,27,0,"",""
l2_neighbor_channel,grp_l2_neighbor_channel_false_1_true_s_fu_9714/mul_7ns_8s_15_4_0_U13057,11,34,0,"",""
l2_neighbor_channel,grp_l2_neighbor_channel_false_1_true_s_fu_9714/mul_7ns_8s_15_4_0_U13058,36,27,0,"",""
l2_neighbor_channel,grp_l2_neighbor_channel_false_1_true_s_fu_9714/add_18s_18s_18_2_0_U13059/u1,9,0,0,"",""
l2_neighbor_channel,grp_l2_neighbor_channel_false_1_true_s_fu_9714/add_18s_18s_18_2_0_U13059/u2,9,0,0,"",""
l2_neighbor_channel,grp_l2_neighbor_channel_false_1_true_s_fu_9714/add_18s_18s_18_2_0_U13060/u1,9,0,0,"",""
l2_neighbor_channel,grp_l2_neighbor_channel_false_1_true_s_fu_9714/add_18s_18s_18_2_0_U13060/u2,9,0,0,"",""
l2_neighbor_channel,grp_l2_neighbor_channel_false_1_true_s_fu_9714/add_18s_18s_18_2_0_U13061/u1,9,0,0,"",""
l2_neighbor_channel,grp_l2_neighbor_channel_false_1_true_s_fu_9714/add_18s_18s_18_2_0_U13061/u2,9,0,0,"",""
l2_neighbor_channel,grp_l2_neighbor_channel_false_1_true_s_fu_9714/add_18s_18s_18_2_0_U13062/u1,9,0,0,"",""
l2_neighbor_channel,grp_l2_neighbor_channel_false_1_true_s_fu_9714/add_18s_18s_18_2_0_U13062/u2,9,0,0,"",""
l2_neighbor_channel,grp_l2_neighbor_channel_false_1_true_s_fu_9714/add_18s_18s_18_2_0_U13063/u1,9,0,0,"",""
l2_neighbor_channel,grp_l2_neighbor_channel_false_1_true_s_fu_9714/add_18s_18s_18_2_0_U13063/u2,9,0,0,"",""
l2_neighbor_channel,grp_l2_neighbor_channel_false_1_true_s_fu_9714/add_18s_18s_18_2_0_U13064/u1,9,0,0,"",""
l2_neighbor_channel,grp_l2_neighbor_channel_false_1_true_s_fu_9714/add_18s_18s_18_2_0_U13064/u2,9,0,0,"",""
l2_neighbor_channel,grp_l2_neighbor_channel_false_1_true_s_fu_9714/add_18s_18s_18_2_0_U13065/u1,9,0,0,"",""
l2_neighbor_channel,grp_l2_neighbor_channel_false_1_true_s_fu_9714/add_18s_18s_18_2_0_U13065/u2,9,0,0,"",""
l2_neighbor_channel,grp_l2_neighbor_channel_false_1_true_s_fu_9714/add_18s_18s_18_2_0_U13066/u1,9,0,0,"",""
l2_neighbor_channel,grp_l2_neighbor_channel_false_1_true_s_fu_9714/add_18s_18s_18_2_0_U13066/u2,9,0,0,"",""
l2_neighbor_channel,grp_l2_neighbor_channel_false_2_true_s_fu_9886/add_18s_18ns_18_2_0_U13403,18,19,0,"",""
l2_neighbor_channel,grp_l2_neighbor_channel_false_2_true_s_fu_9886/add_18s_18ns_18_2_0_U13404,18,19,0,"",""
l2_neighbor_channel,grp_l2_neighbor_channel_false_2_true_s_fu_9886/add_18s_18ns_18_2_0_U13405,18,19,0,"",""
l2_neighbor_channel,grp_l2_neighbor_channel_false_2_true_s_fu_9886/add_18s_18ns_18_2_0_U13406,18,19,0,"",""
l2_neighbor_channel,grp_l2_neighbor_channel_false_2_true_s_fu_9886/add_18s_18ns_18_2_0_U13407,18,19,0,"",""
l2_neighbor_channel,grp_l2_neighbor_channel_false_2_true_s_fu_9886/add_18s_18ns_18_2_0_U13408,18,19,0,"",""
l2_neighbor_channel,grp_l2_neighbor_channel_false_2_true_s_fu_9886/add_18s_18ns_18_2_0_U13409,18,19,0,"",""
l2_neighbor_channel,grp_l2_neighbor_channel_false_2_true_s_fu_9886/add_18s_18ns_18_2_0_U13410,18,19,0,"",""
l2_neighbor_channel,grp_l2_neighbor_channel_false_2_true_s_fu_9886/mul_7ns_4s_11_4_0_U13241,0,22,0,"",""
l2_neighbor_channel,grp_l2_neighbor_channel_false_2_true_s_fu_9886/mul_7ns_4s_11_4_0_U13254,0,22,0,"",""
l2_neighbor_channel,grp_l2_neighbor_channel_false_2_true_s_fu_9886/mul_7ns_4s_11_4_0_U13267,0,22,0,"",""
l2_neighbor_channel,grp_l2_neighbor_channel_false_2_true_s_fu_9886/mul_7ns_4s_11_4_0_U13280,0,22,0,"",""
l2_neighbor_channel,grp_l2_neighbor_channel_false_2_true_s_fu_9886/mul_7ns_4s_11_4_0_U13293,0,22,0,"",""
l2_neighbor_channel,grp_l2_neighbor_channel_false_2_true_s_fu_9886/mul_7ns_4s_11_4_0_U13306,0,22,0,"",""
l2_neighbor_channel,grp_l2_neighbor_channel_false_2_true_s_fu_9886/mul_7ns_4s_11_4_0_U13319,0,22,0,"",""
l2_neighbor_channel,grp_l2_neighbor_channel_false_2_true_s_fu_9886/mul_7ns_4s_11_4_0_U13332,0,22,0,"",""
l2_neighbor_channel,grp_l2_neighbor_channel_false_2_true_s_fu_9886/mul_7ns_5ns_11_4_0_U13244,0,18,0,"",""
l2_neighbor_channel,grp_l2_neighbor_channel_false_2_true_s_fu_9886/mul_7ns_5ns_11_4_0_U13257,0,18,0,"",""
l2_neighbor_channel,grp_l2_neighbor_channel_false_2_true_s_fu_9886/mul_7ns_5ns_11_4_0_U13270,0,18,0,"",""
l2_neighbor_channel,grp_l2_neighbor_channel_false_2_true_s_fu_9886/mul_7ns_5ns_11_4_0_U13283,0,18,0,"",""
l2_neighbor_channel,grp_l2_neighbor_channel_false_2_true_s_fu_9886/mul_7ns_5ns_11_4_0_U13296,0,18,0,"",""
l2_neighbor_channel,grp_l2_neighbor_channel_false_2_true_s_fu_9886/mul_7ns_5ns_11_4_0_U13309,0,18,0,"",""
l2_neighbor_channel,grp_l2_neighbor_channel_false_2_true_s_fu_9886/mul_7ns_5ns_11_4_0_U13322,0,18,0,"",""
l2_neighbor_channel,grp_l2_neighbor_channel_false_2_true_s_fu_9886/mul_7ns_5ns_11_4_0_U13335,0,18,0,"",""
l2_neighbor_channel,grp_l2_neighbor_channel_false_2_true_s_fu_9886/mul_7ns_6ns_12_4_0_U13245,1,22,0,"",""
l2_neighbor_channel,grp_l2_neighbor_channel_false_2_true_s_fu_9886/mul_7ns_6ns_12_4_0_U13258,1,22,0,"",""
l2_neighbor_channel,grp_l2_neighbor_channel_false_2_true_s_fu_9886/mul_7ns_6ns_12_4_0_U13271,1,22,0,"",""
l2_neighbor_channel,grp_l2_neighbor_channel_false_2_true_s_fu_9886/mul_7ns_6ns_12_4_0_U13284,1,22,0,"",""
l2_neighbor_channel,grp_l2_neighbor_channel_false_2_true_s_fu_9886/mul_7ns_6ns_12_4_0_U13297,1,22,0,"",""
l2_neighbor_channel,grp_l2_neighbor_channel_false_2_true_s_fu_9886/mul_7ns_6ns_12_4_0_U13310,1,22,0,"",""
l2_neighbor_channel,grp_l2_neighbor_channel_false_2_true_s_fu_9886/mul_7ns_6ns_12_4_0_U13323,1,22,0,"",""
l2_neighbor_channel,grp_l2_neighbor_channel_false_2_true_s_fu_9886/mul_7ns_6ns_12_4_0_U13336,1,22,0,"",""
l2_neighbor_channel,grp_l2_neighbor_channel_false_2_true_s_fu_9886/mul_7ns_7ns_13_4_0_U13239,0,26,0,"",""
l2_neighbor_channel,grp_l2_neighbor_channel_false_2_true_s_fu_9886/mul_7ns_7ns_13_4_0_U13242,3,24,0,"",""
l2_neighbor_channel,grp_l2_neighbor_channel_false_2_true_s_fu_9886/mul_7ns_7ns_13_4_0_U13252,0,26,0,"",""
l2_neighbor_channel,grp_l2_neighbor_channel_false_2_true_s_fu_9886/mul_7ns_7ns_13_4_0_U13255,3,24,0,"",""
l2_neighbor_channel,grp_l2_neighbor_channel_false_2_true_s_fu_9886/mul_7ns_7ns_13_4_0_U13265,0,26,0,"",""
l2_neighbor_channel,grp_l2_neighbor_channel_false_2_true_s_fu_9886/mul_7ns_7ns_13_4_0_U13268,3,24,0,"",""
l2_neighbor_channel,grp_l2_neighbor_channel_false_2_true_s_fu_9886/mul_7ns_7ns_13_4_0_U13278,0,26,0,"",""
l2_neighbor_channel,grp_l2_neighbor_channel_false_2_true_s_fu_9886/mul_7ns_7ns_13_4_0_U13281,3,24,0,"",""
l2_neighbor_channel,grp_l2_neighbor_channel_false_2_true_s_fu_9886/mul_7ns_7ns_13_4_0_U13291,0,26,0,"",""
l2_neighbor_channel,grp_l2_neighbor_channel_false_2_true_s_fu_9886/mul_7ns_7ns_13_4_0_U13294,3,24,0,"",""
l2_neighbor_channel,grp_l2_neighbor_channel_false_2_true_s_fu_9886/mul_7ns_7ns_13_4_0_U13304,0,26,0,"",""
l2_neighbor_channel,grp_l2_neighbor_channel_false_2_true_s_fu_9886/mul_7ns_7ns_13_4_0_U13307,3,24,0,"",""
l2_neighbor_channel,grp_l2_neighbor_channel_false_2_true_s_fu_9886/mul_7ns_7ns_13_4_0_U13317,0,26,0,"",""
l2_neighbor_channel,grp_l2_neighbor_channel_false_2_true_s_fu_9886/mul_7ns_7ns_13_4_0_U13320,3,24,0,"",""
l2_neighbor_channel,grp_l2_neighbor_channel_false_2_true_s_fu_9886/mul_7ns_7ns_13_4_0_U13330,0,26,0,"",""
l2_neighbor_channel,grp_l2_neighbor_channel_false_2_true_s_fu_9886/mul_7ns_7ns_13_4_0_U13333,3,24,0,"",""
l2_neighbor_channel,grp_l2_neighbor_channel_false_2_true_s_fu_9886/mul_7ns_7ns_13_4_0_U13339,2,20,0,"",""
l2_neighbor_channel,grp_l2_neighbor_channel_false_2_true_s_fu_9886/mul_7ns_7ns_13_4_0_U13344,2,20,0,"",""
l2_neighbor_channel,grp_l2_neighbor_channel_false_2_true_s_fu_9886/mul_7ns_7ns_13_4_0_U13349,2,20,0,"",""
l2_neighbor_channel,grp_l2_neighbor_channel_false_2_true_s_fu_9886/mul_7ns_7ns_13_4_0_U13354,2,20,0,"",""
l2_neighbor_channel,grp_l2_neighbor_channel_false_2_true_s_fu_9886/mul_7ns_7ns_13_4_0_U13359,2,20,0,"",""
l2_neighbor_channel,grp_l2_neighbor_channel_false_2_true_s_fu_9886/mul_7ns_7ns_13_4_0_U13364,2,20,0,"",""
l2_neighbor_channel,grp_l2_neighbor_channel_false_2_true_s_fu_9886/mul_7ns_7ns_13_4_0_U13369,2,20,0,"",""
l2_neighbor_channel,grp_l2_neighbor_channel_false_2_true_s_fu_9886/mul_7ns_7ns_13_4_0_U13374,2,20,0,"",""
l2_neighbor_channel,grp_l2_neighbor_channel_false_2_true_s_fu_9886/mul_7ns_7s_14_4_0_U13381,0,16,0,"",""
l2_neighbor_channel,grp_l2_neighbor_channel_false_2_true_s_fu_9886/mul_7ns_7s_14_4_0_U13384,0,16,0,"",""
l2_neighbor_channel,grp_l2_neighbor_channel_false_2_true_s_fu_9886/mul_7ns_7s_14_4_0_U13387,0,16,0,"",""
l2_neighbor_channel,grp_l2_neighbor_channel_false_2_true_s_fu_9886/mul_7ns_7s_14_4_0_U13390,0,16,0,"",""
l2_neighbor_channel,grp_l2_neighbor_channel_false_2_true_s_fu_9886/mul_7ns_7s_14_4_0_U13393,0,16,0,"",""
l2_neighbor_channel,grp_l2_neighbor_channel_false_2_true_s_fu_9886/mul_7ns_7s_14_4_0_U13396,0,16,0,"",""
l2_neighbor_channel,grp_l2_neighbor_channel_false_2_true_s_fu_9886/mul_7ns_7s_14_4_0_U13399,0,16,0,"",""
l2_neighbor_channel,grp_l2_neighbor_channel_false_2_true_s_fu_9886/mul_7ns_7s_14_4_0_U13402,0,16,0,"",""
l2_neighbor_channel,grp_l2_neighbor_channel_false_2_true_s_fu_9886/mul_7ns_8ns_14_4_0_U13243,0,24,0,"",""
l2_neighbor_channel,grp_l2_neighbor_channel_false_2_true_s_fu_9886/mul_7ns_8ns_14_4_0_U13246,0,12,0,"",""
l2_neighbor_channel,grp_l2_neighbor_channel_false_2_true_s_fu_9886/mul_7ns_8ns_14_4_0_U13247,0,28,0,"",""
l2_neighbor_channel,grp_l2_neighbor_channel_false_2_true_s_fu_9886/mul_7ns_8ns_14_4_0_U13256,0,24,0,"",""
l2_neighbor_channel,grp_l2_neighbor_channel_false_2_true_s_fu_9886/mul_7ns_8ns_14_4_0_U13259,0,12,0,"",""
l2_neighbor_channel,grp_l2_neighbor_channel_false_2_true_s_fu_9886/mul_7ns_8ns_14_4_0_U13260,0,28,0,"",""
l2_neighbor_channel,grp_l2_neighbor_channel_false_2_true_s_fu_9886/mul_7ns_8ns_14_4_0_U13269,0,24,0,"",""
l2_neighbor_channel,grp_l2_neighbor_channel_false_2_true_s_fu_9886/mul_7ns_8ns_14_4_0_U13272,0,12,0,"",""
l2_neighbor_channel,grp_l2_neighbor_channel_false_2_true_s_fu_9886/mul_7ns_8ns_14_4_0_U13273,0,28,0,"",""
l2_neighbor_channel,grp_l2_neighbor_channel_false_2_true_s_fu_9886/mul_7ns_8ns_14_4_0_U13282,0,24,0,"",""
l2_neighbor_channel,grp_l2_neighbor_channel_false_2_true_s_fu_9886/mul_7ns_8ns_14_4_0_U13285,0,12,0,"",""
l2_neighbor_channel,grp_l2_neighbor_channel_false_2_true_s_fu_9886/mul_7ns_8ns_14_4_0_U13286,0,28,0,"",""
l2_neighbor_channel,grp_l2_neighbor_channel_false_2_true_s_fu_9886/mul_7ns_8ns_14_4_0_U13295,0,24,0,"",""
l2_neighbor_channel,grp_l2_neighbor_channel_false_2_true_s_fu_9886/mul_7ns_8ns_14_4_0_U13298,0,12,0,"",""
l2_neighbor_channel,grp_l2_neighbor_channel_false_2_true_s_fu_9886/mul_7ns_8ns_14_4_0_U13299,0,28,0,"",""
l2_neighbor_channel,grp_l2_neighbor_channel_false_2_true_s_fu_9886/mul_7ns_8ns_14_4_0_U13308,0,24,0,"",""
l2_neighbor_channel,grp_l2_neighbor_channel_false_2_true_s_fu_9886/mul_7ns_8ns_14_4_0_U13311,0,12,0,"",""
l2_neighbor_channel,grp_l2_neighbor_channel_false_2_true_s_fu_9886/mul_7ns_8ns_14_4_0_U13312,0,28,0,"",""
l2_neighbor_channel,grp_l2_neighbor_channel_false_2_true_s_fu_9886/mul_7ns_8ns_14_4_0_U13321,0,24,0,"",""
l2_neighbor_channel,grp_l2_neighbor_channel_false_2_true_s_fu_9886/mul_7ns_8ns_14_4_0_U13324,0,12,0,"",""
l2_neighbor_channel,grp_l2_neighbor_channel_false_2_true_s_fu_9886/mul_7ns_8ns_14_4_0_U13325,0,28,0,"",""
l2_neighbor_channel,grp_l2_neighbor_channel_false_2_true_s_fu_9886/mul_7ns_8ns_14_4_0_U13334,0,24,0,"",""
l2_neighbor_channel,grp_l2_neighbor_channel_false_2_true_s_fu_9886/mul_7ns_8ns_14_4_0_U13337,0,12,0,"",""
l2_neighbor_channel,grp_l2_neighbor_channel_false_2_true_s_fu_9886/mul_7ns_8ns_14_4_0_U13338,0,28,0,"",""
l2_neighbor_channel,grp_l2_neighbor_channel_false_2_true_s_fu_9886/mul_7ns_8ns_14_4_0_U13340,0,20,0,"",""
l2_neighbor_channel,grp_l2_neighbor_channel_false_2_true_s_fu_9886/mul_7ns_8ns_14_4_0_U13342,0,20,0,"",""
l2_neighbor_channel,grp_l2_neighbor_channel_false_2_true_s_fu_9886/mul_7ns_8ns_14_4_0_U13345,0,20,0,"",""
l2_neighbor_channel,grp_l2_neighbor_channel_false_2_true_s_fu_9886/mul_7ns_8ns_14_4_0_U13347,0,20,0,"",""
l2_neighbor_channel,grp_l2_neighbor_channel_false_2_true_s_fu_9886/mul_7ns_8ns_14_4_0_U13350,0,20,0,"",""
l2_neighbor_channel,grp_l2_neighbor_channel_false_2_true_s_fu_9886/mul_7ns_8ns_14_4_0_U13352,0,20,0,"",""
l2_neighbor_channel,grp_l2_neighbor_channel_false_2_true_s_fu_9886/mul_7ns_8ns_14_4_0_U13355,0,20,0,"",""
l2_neighbor_channel,grp_l2_neighbor_channel_false_2_true_s_fu_9886/mul_7ns_8ns_14_4_0_U13357,0,20,0,"",""
l2_neighbor_channel,grp_l2_neighbor_channel_false_2_true_s_fu_9886/mul_7ns_8ns_14_4_0_U13360,0,20,0,"",""
l2_neighbor_channel,grp_l2_neighbor_channel_false_2_true_s_fu_9886/mul_7ns_8ns_14_4_0_U13362,0,20,0,"",""
l2_neighbor_channel,grp_l2_neighbor_channel_false_2_true_s_fu_9886/mul_7ns_8ns_14_4_0_U13365,0,20,0,"",""
l2_neighbor_channel,grp_l2_neighbor_channel_false_2_true_s_fu_9886/mul_7ns_8ns_14_4_0_U13367,0,20,0,"",""
l2_neighbor_channel,grp_l2_neighbor_channel_false_2_true_s_fu_9886/mul_7ns_8ns_14_4_0_U13370,0,20,0,"",""
l2_neighbor_channel,grp_l2_neighbor_channel_false_2_true_s_fu_9886/mul_7ns_8ns_14_4_0_U13372,0,20,0,"",""
l2_neighbor_channel,grp_l2_neighbor_channel_false_2_true_s_fu_9886/mul_7ns_8ns_14_4_0_U13375,0,20,0,"",""
l2_neighbor_channel,grp_l2_neighbor_channel_false_2_true_s_fu_9886/mul_7ns_8ns_14_4_0_U13377,0,20,0,"",""
l2_neighbor_channel,grp_l2_neighbor_channel_false_2_true_s_fu_9886/mul_7ns_8s_15_4_0_U13235,0,28,0,"",""
l2_neighbor_channel,grp_l2_neighbor_channel_false_2_true_s_fu_9886/mul_7ns_8s_15_4_0_U13236,0,29,0,"",""
l2_neighbor_channel,grp_l2_neighbor_channel_false_2_true_s_fu_9886/mul_7ns_8s_15_4_0_U13237,0,30,0,"",""
l2_neighbor_channel,grp_l2_neighbor_channel_false_2_true_s_fu_9886/mul_7ns_8s_15_4_0_U13238,0,30,0,"",""
l2_neighbor_channel,grp_l2_neighbor_channel_false_2_true_s_fu_9886/mul_7ns_8s_15_4_0_U13240,0,26,0,"",""
l2_neighbor_channel,grp_l2_neighbor_channel_false_2_true_s_fu_9886/mul_7ns_8s_15_4_0_U13248,0,28,0,"",""
l2_neighbor_channel,grp_l2_neighbor_channel_false_2_true_s_fu_9886/mul_7ns_8s_15_4_0_U13249,0,29,0,"",""
l2_neighbor_channel,grp_l2_neighbor_channel_false_2_true_s_fu_9886/mul_7ns_8s_15_4_0_U13250,0,30,0,"",""
l2_neighbor_channel,grp_l2_neighbor_channel_false_2_true_s_fu_9886/mul_7ns_8s_15_4_0_U13251,0,30,0,"",""
l2_neighbor_channel,grp_l2_neighbor_channel_false_2_true_s_fu_9886/mul_7ns_8s_15_4_0_U13253,0,26,0,"",""
l2_neighbor_channel,grp_l2_neighbor_channel_false_2_true_s_fu_9886/mul_7ns_8s_15_4_0_U13261,0,28,0,"",""
l2_neighbor_channel,grp_l2_neighbor_channel_false_2_true_s_fu_9886/mul_7ns_8s_15_4_0_U13262,0,29,0,"",""
l2_neighbor_channel,grp_l2_neighbor_channel_false_2_true_s_fu_9886/mul_7ns_8s_15_4_0_U13263,0,30,0,"",""
l2_neighbor_channel,grp_l2_neighbor_channel_false_2_true_s_fu_9886/mul_7ns_8s_15_4_0_U13264,0,30,0,"",""
l2_neighbor_channel,grp_l2_neighbor_channel_false_2_true_s_fu_9886/mul_7ns_8s_15_4_0_U13266,0,26,0,"",""
l2_neighbor_channel,grp_l2_neighbor_channel_false_2_true_s_fu_9886/mul_7ns_8s_15_4_0_U13274,0,28,0,"",""
l2_neighbor_channel,grp_l2_neighbor_channel_false_2_true_s_fu_9886/mul_7ns_8s_15_4_0_U13275,0,29,0,"",""
l2_neighbor_channel,grp_l2_neighbor_channel_false_2_true_s_fu_9886/mul_7ns_8s_15_4_0_U13276,0,30,0,"",""
l2_neighbor_channel,grp_l2_neighbor_channel_false_2_true_s_fu_9886/mul_7ns_8s_15_4_0_U13277,0,30,0,"",""
l2_neighbor_channel,grp_l2_neighbor_channel_false_2_true_s_fu_9886/mul_7ns_8s_15_4_0_U13279,0,26,0,"",""
l2_neighbor_channel,grp_l2_neighbor_channel_false_2_true_s_fu_9886/mul_7ns_8s_15_4_0_U13287,0,28,0,"",""
l2_neighbor_channel,grp_l2_neighbor_channel_false_2_true_s_fu_9886/mul_7ns_8s_15_4_0_U13288,0,29,0,"",""
l2_neighbor_channel,grp_l2_neighbor_channel_false_2_true_s_fu_9886/mul_7ns_8s_15_4_0_U13289,0,30,0,"",""
l2_neighbor_channel,grp_l2_neighbor_channel_false_2_true_s_fu_9886/mul_7ns_8s_15_4_0_U13290,0,30,0,"",""
l2_neighbor_channel,grp_l2_neighbor_channel_false_2_true_s_fu_9886/mul_7ns_8s_15_4_0_U13292,0,26,0,"",""
l2_neighbor_channel,grp_l2_neighbor_channel_false_2_true_s_fu_9886/mul_7ns_8s_15_4_0_U13300,0,28,0,"",""
l2_neighbor_channel,grp_l2_neighbor_channel_false_2_true_s_fu_9886/mul_7ns_8s_15_4_0_U13301,0,29,0,"",""
l2_neighbor_channel,grp_l2_neighbor_channel_false_2_true_s_fu_9886/mul_7ns_8s_15_4_0_U13302,0,30,0,"",""
l2_neighbor_channel,grp_l2_neighbor_channel_false_2_true_s_fu_9886/mul_7ns_8s_15_4_0_U13303,0,30,0,"",""
l2_neighbor_channel,grp_l2_neighbor_channel_false_2_true_s_fu_9886/mul_7ns_8s_15_4_0_U13305,0,26,0,"",""
l2_neighbor_channel,grp_l2_neighbor_channel_false_2_true_s_fu_9886/mul_7ns_8s_15_4_0_U13313,0,28,0,"",""
l2_neighbor_channel,grp_l2_neighbor_channel_false_2_true_s_fu_9886/mul_7ns_8s_15_4_0_U13314,0,29,0,"",""
l2_neighbor_channel,grp_l2_neighbor_channel_false_2_true_s_fu_9886/mul_7ns_8s_15_4_0_U13315,0,30,0,"",""
l2_neighbor_channel,grp_l2_neighbor_channel_false_2_true_s_fu_9886/mul_7ns_8s_15_4_0_U13316,0,30,0,"",""
l2_neighbor_channel,grp_l2_neighbor_channel_false_2_true_s_fu_9886/mul_7ns_8s_15_4_0_U13318,0,26,0,"",""
l2_neighbor_channel,grp_l2_neighbor_channel_false_2_true_s_fu_9886/mul_7ns_8s_15_4_0_U13326,0,28,0,"",""
l2_neighbor_channel,grp_l2_neighbor_channel_false_2_true_s_fu_9886/mul_7ns_8s_15_4_0_U13327,0,29,0,"",""
l2_neighbor_channel,grp_l2_neighbor_channel_false_2_true_s_fu_9886/mul_7ns_8s_15_4_0_U13328,0,30,0,"",""
l2_neighbor_channel,grp_l2_neighbor_channel_false_2_true_s_fu_9886/mul_7ns_8s_15_4_0_U13329,0,30,0,"",""
l2_neighbor_channel,grp_l2_neighbor_channel_false_2_true_s_fu_9886/mul_7ns_8s_15_4_0_U13331,0,26,0,"",""
l2_neighbor_channel,grp_l2_neighbor_channel_false_2_true_s_fu_9886/mul_7ns_8s_15_4_0_U13341,0,30,0,"",""
l2_neighbor_channel,grp_l2_neighbor_channel_false_2_true_s_fu_9886/mul_7ns_8s_15_4_0_U13343,0,28,0,"",""
l2_neighbor_channel,grp_l2_neighbor_channel_false_2_true_s_fu_9886/mul_7ns_8s_15_4_0_U13346,0,30,0,"",""
l2_neighbor_channel,grp_l2_neighbor_channel_false_2_true_s_fu_9886/mul_7ns_8s_15_4_0_U13348,0,28,0,"",""
l2_neighbor_channel,grp_l2_neighbor_channel_false_2_true_s_fu_9886/mul_7ns_8s_15_4_0_U13351,0,30,0,"",""
l2_neighbor_channel,grp_l2_neighbor_channel_false_2_true_s_fu_9886/mul_7ns_8s_15_4_0_U13353,0,28,0,"",""
l2_neighbor_channel,grp_l2_neighbor_channel_false_2_true_s_fu_9886/mul_7ns_8s_15_4_0_U13356,0,30,0,"",""
l2_neighbor_channel,grp_l2_neighbor_channel_false_2_true_s_fu_9886/mul_7ns_8s_15_4_0_U13358,0,28,0,"",""
l2_neighbor_channel,grp_l2_neighbor_channel_false_2_true_s_fu_9886/mul_7ns_8s_15_4_0_U13361,0,27,0,"",""
l2_neighbor_channel,grp_l2_neighbor_channel_false_2_true_s_fu_9886/mul_7ns_8s_15_4_0_U13363,0,28,0,"",""
l2_neighbor_channel,grp_l2_neighbor_channel_false_2_true_s_fu_9886/mul_7ns_8s_15_4_0_U13366,0,30,0,"",""
l2_neighbor_channel,grp_l2_neighbor_channel_false_2_true_s_fu_9886/mul_7ns_8s_15_4_0_U13368,0,28,0,"",""
l2_neighbor_channel,grp_l2_neighbor_channel_false_2_true_s_fu_9886/mul_7ns_8s_15_4_0_U13371,0,30,0,"",""
l2_neighbor_channel,grp_l2_neighbor_channel_false_2_true_s_fu_9886/mul_7ns_8s_15_4_0_U13373,0,28,0,"",""
l2_neighbor_channel,grp_l2_neighbor_channel_false_2_true_s_fu_9886/mul_7ns_8s_15_4_0_U13376,0,27,0,"",""
l2_neighbor_channel,grp_l2_neighbor_channel_false_2_true_s_fu_9886/mul_7ns_8s_15_4_0_U13378,0,28,0,"",""
l2_neighbor_channel,grp_l2_neighbor_channel_false_2_true_s_fu_9886/mul_7ns_8s_15_4_0_U13379,21,32,0,"",""
l2_neighbor_channel,grp_l2_neighbor_channel_false_2_true_s_fu_9886/mul_7ns_8s_15_4_0_U13380,20,28,0,"",""
l2_neighbor_channel,grp_l2_neighbor_channel_false_2_true_s_fu_9886/mul_7ns_8s_15_4_0_U13382,21,32,0,"",""
l2_neighbor_channel,grp_l2_neighbor_channel_false_2_true_s_fu_9886/mul_7ns_8s_15_4_0_U13383,20,28,0,"",""
l2_neighbor_channel,grp_l2_neighbor_channel_false_2_true_s_fu_9886/mul_7ns_8s_15_4_0_U13385,21,32,0,"",""
l2_neighbor_channel,grp_l2_neighbor_channel_false_2_true_s_fu_9886/mul_7ns_8s_15_4_0_U13386,20,28,0,"",""
l2_neighbor_channel,grp_l2_neighbor_channel_false_2_true_s_fu_9886/mul_7ns_8s_15_4_0_U13388,21,32,0,"",""
l2_neighbor_channel,grp_l2_neighbor_channel_false_2_true_s_fu_9886/mul_7ns_8s_15_4_0_U13389,20,28,0,"",""
l2_neighbor_channel,grp_l2_neighbor_channel_false_2_true_s_fu_9886/mul_7ns_8s_15_4_0_U13391,21,32,0,"",""
l2_neighbor_channel,grp_l2_neighbor_channel_false_2_true_s_fu_9886/mul_7ns_8s_15_4_0_U13392,20,28,0,"",""
l2_neighbor_channel,grp_l2_neighbor_channel_false_2_true_s_fu_9886/mul_7ns_8s_15_4_0_U13394,21,32,0,"",""
l2_neighbor_channel,grp_l2_neighbor_channel_false_2_true_s_fu_9886/mul_7ns_8s_15_4_0_U13395,20,28,0,"",""
l2_neighbor_channel,grp_l2_neighbor_channel_false_2_true_s_fu_9886/mul_7ns_8s_15_4_0_U13397,21,32,0,"",""
l2_neighbor_channel,grp_l2_neighbor_channel_false_2_true_s_fu_9886/mul_7ns_8s_15_4_0_U13398,20,28,0,"",""
l2_neighbor_channel,grp_l2_neighbor_channel_false_2_true_s_fu_9886/mul_7ns_8s_15_4_0_U13400,21,32,0,"",""
l2_neighbor_channel,grp_l2_neighbor_channel_false_2_true_s_fu_9886/mul_7ns_8s_15_4_0_U13401,20,28,0,"",""
l2_neighbor_channel,grp_l2_neighbor_channel_false_2_true_s_fu_9886/add_18s_18ns_18_2_0_U13403/u1,9,0,0,"",""
l2_neighbor_channel,grp_l2_neighbor_channel_false_2_true_s_fu_9886/add_18s_18ns_18_2_0_U13403/u2,9,0,0,"",""
l2_neighbor_channel,grp_l2_neighbor_channel_false_2_true_s_fu_9886/add_18s_18ns_18_2_0_U13404/u1,9,0,0,"",""
l2_neighbor_channel,grp_l2_neighbor_channel_false_2_true_s_fu_9886/add_18s_18ns_18_2_0_U13404/u2,9,0,0,"",""
l2_neighbor_channel,grp_l2_neighbor_channel_false_2_true_s_fu_9886/add_18s_18ns_18_2_0_U13405/u1,9,0,0,"",""
l2_neighbor_channel,grp_l2_neighbor_channel_false_2_true_s_fu_9886/add_18s_18ns_18_2_0_U13405/u2,9,0,0,"",""
l2_neighbor_channel,grp_l2_neighbor_channel_false_2_true_s_fu_9886/add_18s_18ns_18_2_0_U13406/u1,9,0,0,"",""
l2_neighbor_channel,grp_l2_neighbor_channel_false_2_true_s_fu_9886/add_18s_18ns_18_2_0_U13406/u2,9,0,0,"",""
l2_neighbor_channel,grp_l2_neighbor_channel_false_2_true_s_fu_9886/add_18s_18ns_18_2_0_U13407/u1,9,0,0,"",""
l2_neighbor_channel,grp_l2_neighbor_channel_false_2_true_s_fu_9886/add_18s_18ns_18_2_0_U13407/u2,9,0,0,"",""
l2_neighbor_channel,grp_l2_neighbor_channel_false_2_true_s_fu_9886/add_18s_18ns_18_2_0_U13408/u1,9,0,0,"",""
l2_neighbor_channel,grp_l2_neighbor_channel_false_2_true_s_fu_9886/add_18s_18ns_18_2_0_U13408/u2,9,0,0,"",""
l2_neighbor_channel,grp_l2_neighbor_channel_false_2_true_s_fu_9886/add_18s_18ns_18_2_0_U13409/u1,9,0,0,"",""
l2_neighbor_channel,grp_l2_neighbor_channel_false_2_true_s_fu_9886/add_18s_18ns_18_2_0_U13409/u2,9,0,0,"",""
l2_neighbor_channel,grp_l2_neighbor_channel_false_2_true_s_fu_9886/add_18s_18ns_18_2_0_U13410/u1,9,0,0,"",""
l2_neighbor_channel,grp_l2_neighbor_channel_false_2_true_s_fu_9886/add_18s_18ns_18_2_0_U13410/u2,9,0,0,"",""
l2_neighbor_channel,grp_l2_neighbor_channel_false_3_true_s_fu_10058/add_18s_18s_18_2_0_U13747,18,18,0,"",""
l2_neighbor_channel,grp_l2_neighbor_channel_false_3_true_s_fu_10058/add_18s_18s_18_2_0_U13748,18,18,0,"",""
l2_neighbor_channel,grp_l2_neighbor_channel_false_3_true_s_fu_10058/add_18s_18s_18_2_0_U13749,18,18,0,"",""
l2_neighbor_channel,grp_l2_neighbor_channel_false_3_true_s_fu_10058/add_18s_18s_18_2_0_U13750,18,18,0,"",""
l2_neighbor_channel,grp_l2_neighbor_channel_false_3_true_s_fu_10058/add_18s_18s_18_2_0_U13751,18,18,0,"",""
l2_neighbor_channel,grp_l2_neighbor_channel_false_3_true_s_fu_10058/add_18s_18s_18_2_0_U13752,18,18,0,"",""
l2_neighbor_channel,grp_l2_neighbor_channel_false_3_true_s_fu_10058/add_18s_18s_18_2_0_U13753,18,18,0,"",""
l2_neighbor_channel,grp_l2_neighbor_channel_false_3_true_s_fu_10058/add_18s_18s_18_2_0_U13754,18,18,0,"",""
l2_neighbor_channel,grp_l2_neighbor_channel_false_3_true_s_fu_10058/mul_7ns_5ns_11_4_0_U13677,113,28,0,"",""
l2_neighbor_channel,grp_l2_neighbor_channel_false_3_true_s_fu_10058/mul_7ns_5ns_11_4_0_U13683,113,28,0,"",""
l2_neighbor_channel,grp_l2_neighbor_channel_false_3_true_s_fu_10058/mul_7ns_5ns_11_4_0_U13689,113,28,0,"",""
l2_neighbor_channel,grp_l2_neighbor_channel_false_3_true_s_fu_10058/mul_7ns_5ns_11_4_0_U13695,113,28,0,"",""
l2_neighbor_channel,grp_l2_neighbor_channel_false_3_true_s_fu_10058/mul_7ns_5ns_11_4_0_U13701,113,28,0,"",""
l2_neighbor_channel,grp_l2_neighbor_channel_false_3_true_s_fu_10058/mul_7ns_5ns_11_4_0_U13707,113,28,0,"",""
l2_neighbor_channel,grp_l2_neighbor_channel_false_3_true_s_fu_10058/mul_7ns_5ns_11_4_0_U13713,113,28,0,"",""
l2_neighbor_channel,grp_l2_neighbor_channel_false_3_true_s_fu_10058/mul_7ns_5ns_11_4_0_U13719,113,28,0,"",""
l2_neighbor_channel,grp_l2_neighbor_channel_false_3_true_s_fu_10058/mul_7ns_6ns_12_4_0_U13588,1,23,0,"",""
l2_neighbor_channel,grp_l2_neighbor_channel_false_3_true_s_fu_10058/mul_7ns_6ns_12_4_0_U13600,1,22,0,"",""
l2_neighbor_channel,grp_l2_neighbor_channel_false_3_true_s_fu_10058/mul_7ns_6ns_12_4_0_U13612,1,23,0,"",""
l2_neighbor_channel,grp_l2_neighbor_channel_false_3_true_s_fu_10058/mul_7ns_6ns_12_4_0_U13624,1,22,0,"",""
l2_neighbor_channel,grp_l2_neighbor_channel_false_3_true_s_fu_10058/mul_7ns_6ns_12_4_0_U13636,1,23,0,"",""
l2_neighbor_channel,grp_l2_neighbor_channel_false_3_true_s_fu_10058/mul_7ns_6ns_12_4_0_U13648,1,23,0,"",""
l2_neighbor_channel,grp_l2_neighbor_channel_false_3_true_s_fu_10058/mul_7ns_6ns_12_4_0_U13660,1,23,0,"",""
l2_neighbor_channel,grp_l2_neighbor_channel_false_3_true_s_fu_10058/mul_7ns_6ns_12_4_0_U13672,1,23,0,"",""
l2_neighbor_channel,grp_l2_neighbor_channel_false_3_true_s_fu_10058/mul_7ns_6s_13_4_0_U13587,0,25,0,"",""
l2_neighbor_channel,grp_l2_neighbor_channel_false_3_true_s_fu_10058/mul_7ns_6s_13_4_0_U13599,3,26,0,"",""
l2_neighbor_channel,grp_l2_neighbor_channel_false_3_true_s_fu_10058/mul_7ns_6s_13_4_0_U13611,0,25,0,"",""
l2_neighbor_channel,grp_l2_neighbor_channel_false_3_true_s_fu_10058/mul_7ns_6s_13_4_0_U13623,0,25,0,"",""
l2_neighbor_channel,grp_l2_neighbor_channel_false_3_true_s_fu_10058/mul_7ns_6s_13_4_0_U13635,0,25,0,"",""
l2_neighbor_channel,grp_l2_neighbor_channel_false_3_true_s_fu_10058/mul_7ns_6s_13_4_0_U13647,0,25,0,"",""
l2_neighbor_channel,grp_l2_neighbor_channel_false_3_true_s_fu_10058/mul_7ns_6s_13_4_0_U13659,3,26,0,"",""
l2_neighbor_channel,grp_l2_neighbor_channel_false_3_true_s_fu_10058/mul_7ns_6s_13_4_0_U13671,0,25,0,"",""
l2_neighbor_channel,grp_l2_neighbor_channel_false_3_true_s_fu_10058/mul_7ns_6s_13_4_0_U13678,27,33,0,"",""
l2_neighbor_channel,grp_l2_neighbor_channel_false_3_true_s_fu_10058/mul_7ns_6s_13_4_0_U13684,27,33,0,"",""
l2_neighbor_channel,grp_l2_neighbor_channel_false_3_true_s_fu_10058/mul_7ns_6s_13_4_0_U13690,27,33,0,"",""
l2_neighbor_channel,grp_l2_neighbor_channel_false_3_true_s_fu_10058/mul_7ns_6s_13_4_0_U13696,27,33,0,"",""
l2_neighbor_channel,grp_l2_neighbor_channel_false_3_true_s_fu_10058/mul_7ns_6s_13_4_0_U13702,27,33,0,"",""
l2_neighbor_channel,grp_l2_neighbor_channel_false_3_true_s_fu_10058/mul_7ns_6s_13_4_0_U13708,27,33,0,"",""
l2_neighbor_channel,grp_l2_neighbor_channel_false_3_true_s_fu_10058/mul_7ns_6s_13_4_0_U13714,27,33,0,"",""
l2_neighbor_channel,grp_l2_neighbor_channel_false_3_true_s_fu_10058/mul_7ns_6s_13_4_0_U13720,27,33,0,"",""
l2_neighbor_channel,grp_l2_neighbor_channel_false_3_true_s_fu_10058/mul_7ns_7ns_13_4_0_U13579,0,20,0,"",""
l2_neighbor_channel,grp_l2_neighbor_channel_false_3_true_s_fu_10058/mul_7ns_7ns_13_4_0_U13589,0,22,0,"",""
l2_neighbor_channel,grp_l2_neighbor_channel_false_3_true_s_fu_10058/mul_7ns_7ns_13_4_0_U13591,0,20,0,"",""
l2_neighbor_channel,grp_l2_neighbor_channel_false_3_true_s_fu_10058/mul_7ns_7ns_13_4_0_U13601,0,20,0,"",""
l2_neighbor_channel,grp_l2_neighbor_channel_false_3_true_s_fu_10058/mul_7ns_7ns_13_4_0_U13603,0,20,0,"",""
l2_neighbor_channel,grp_l2_neighbor_channel_false_3_true_s_fu_10058/mul_7ns_7ns_13_4_0_U13613,0,22,0,"",""
l2_neighbor_channel,grp_l2_neighbor_channel_false_3_true_s_fu_10058/mul_7ns_7ns_13_4_0_U13615,0,20,0,"",""
l2_neighbor_channel,grp_l2_neighbor_channel_false_3_true_s_fu_10058/mul_7ns_7ns_13_4_0_U13625,0,20,0,"",""
l2_neighbor_channel,grp_l2_neighbor_channel_false_3_true_s_fu_10058/mul_7ns_7ns_13_4_0_U13627,0,20,0,"",""
l2_neighbor_channel,grp_l2_neighbor_channel_false_3_true_s_fu_10058/mul_7ns_7ns_13_4_0_U13637,0,22,0,"",""
l2_neighbor_channel,grp_l2_neighbor_channel_false_3_true_s_fu_10058/mul_7ns_7ns_13_4_0_U13639,0,20,0,"",""
l2_neighbor_channel,grp_l2_neighbor_channel_false_3_true_s_fu_10058/mul_7ns_7ns_13_4_0_U13649,0,22,0,"",""
l2_neighbor_channel,grp_l2_neighbor_channel_false_3_true_s_fu_10058/mul_7ns_7ns_13_4_0_U13651,0,20,0,"",""
l2_neighbor_channel,grp_l2_neighbor_channel_false_3_true_s_fu_10058/mul_7ns_7ns_13_4_0_U13661,0,22,0,"",""
l2_neighbor_channel,grp_l2_neighbor_channel_false_3_true_s_fu_10058/mul_7ns_7ns_13_4_0_U13663,0,20,0,"",""
l2_neighbor_channel,grp_l2_neighbor_channel_false_3_true_s_fu_10058/mul_7ns_7ns_13_4_0_U13673,0,22,0,"",""
l2_neighbor_channel,grp_l2_neighbor_channel_false_3_true_s_fu_10058/mul_7ns_7s_14_4_0_U13723,70,31,0,"",""
l2_neighbor_channel,grp_l2_neighbor_channel_false_3_true_s_fu_10058/mul_7ns_7s_14_4_0_U13726,70,31,0,"",""
l2_neighbor_channel,grp_l2_neighbor_channel_false_3_true_s_fu_10058/mul_7ns_7s_14_4_0_U13729,70,31,0,"",""
l2_neighbor_channel,grp_l2_neighbor_channel_false_3_true_s_fu_10058/mul_7ns_7s_14_4_0_U13732,70,31,0,"",""
l2_neighbor_channel,grp_l2_neighbor_channel_false_3_true_s_fu_10058/mul_7ns_7s_14_4_0_U13735,70,31,0,"",""
l2_neighbor_channel,grp_l2_neighbor_channel_false_3_true_s_fu_10058/mul_7ns_7s_14_4_0_U13738,70,31,0,"",""
l2_neighbor_channel,grp_l2_neighbor_channel_false_3_true_s_fu_10058/mul_7ns_7s_14_4_0_U13741,70,31,0,"",""
l2_neighbor_channel,grp_l2_neighbor_channel_false_3_true_s_fu_10058/mul_7ns_7s_14_4_0_U13744,70,31,0,"",""
l2_neighbor_channel,grp_l2_neighbor_channel_false_3_true_s_fu_10058/mul_7ns_8ns_14_4_0_U13581,0,26,0,"",""
l2_neighbor_channel,grp_l2_neighbor_channel_false_3_true_s_fu_10058/mul_7ns_8ns_14_4_0_U13582,0,21,0,"",""
l2_neighbor_channel,grp_l2_neighbor_channel_false_3_true_s_fu_10058/mul_7ns_8ns_14_4_0_U13584,0,26,0,"",""
l2_neighbor_channel,grp_l2_neighbor_channel_false_3_true_s_fu_10058/mul_7ns_8ns_14_4_0_U13585,9,28,0,"",""
l2_neighbor_channel,grp_l2_neighbor_channel_false_3_true_s_fu_10058/mul_7ns_8ns_14_4_0_U13593,0,28,0,"",""
l2_neighbor_channel,grp_l2_neighbor_channel_false_3_true_s_fu_10058/mul_7ns_8ns_14_4_0_U13594,0,21,0,"",""
l2_neighbor_channel,grp_l2_neighbor_channel_false_3_true_s_fu_10058/mul_7ns_8ns_14_4_0_U13596,0,26,0,"",""
l2_neighbor_channel,grp_l2_neighbor_channel_false_3_true_s_fu_10058/mul_7ns_8ns_14_4_0_U13597,9,28,0,"",""
l2_neighbor_channel,grp_l2_neighbor_channel_false_3_true_s_fu_10058/mul_7ns_8ns_14_4_0_U13605,0,26,0,"",""
l2_neighbor_channel,grp_l2_neighbor_channel_false_3_true_s_fu_10058/mul_7ns_8ns_14_4_0_U13606,0,21,0,"",""
l2_neighbor_channel,grp_l2_neighbor_channel_false_3_true_s_fu_10058/mul_7ns_8ns_14_4_0_U13608,0,26,0,"",""
l2_neighbor_channel,grp_l2_neighbor_channel_false_3_true_s_fu_10058/mul_7ns_8ns_14_4_0_U13609,9,28,0,"",""
l2_neighbor_channel,grp_l2_neighbor_channel_false_3_true_s_fu_10058/mul_7ns_8ns_14_4_0_U13617,0,26,0,"",""
l2_neighbor_channel,grp_l2_neighbor_channel_false_3_true_s_fu_10058/mul_7ns_8ns_14_4_0_U13618,0,21,0,"",""
l2_neighbor_channel,grp_l2_neighbor_channel_false_3_true_s_fu_10058/mul_7ns_8ns_14_4_0_U13620,0,26,0,"",""
l2_neighbor_channel,grp_l2_neighbor_channel_false_3_true_s_fu_10058/mul_7ns_8ns_14_4_0_U13621,9,28,0,"",""
l2_neighbor_channel,grp_l2_neighbor_channel_false_3_true_s_fu_10058/mul_7ns_8ns_14_4_0_U13629,0,26,0,"",""
l2_neighbor_channel,grp_l2_neighbor_channel_false_3_true_s_fu_10058/mul_7ns_8ns_14_4_0_U13630,0,21,0,"",""
l2_neighbor_channel,grp_l2_neighbor_channel_false_3_true_s_fu_10058/mul_7ns_8ns_14_4_0_U13632,0,26,0,"",""
l2_neighbor_channel,grp_l2_neighbor_channel_false_3_true_s_fu_10058/mul_7ns_8ns_14_4_0_U13633,9,28,0,"",""
l2_neighbor_channel,grp_l2_neighbor_channel_false_3_true_s_fu_10058/mul_7ns_8ns_14_4_0_U13641,0,26,0,"",""
l2_neighbor_channel,grp_l2_neighbor_channel_false_3_true_s_fu_10058/mul_7ns_8ns_14_4_0_U13642,0,21,0,"",""
l2_neighbor_channel,grp_l2_neighbor_channel_false_3_true_s_fu_10058/mul_7ns_8ns_14_4_0_U13644,0,26,0,"",""
l2_neighbor_channel,grp_l2_neighbor_channel_false_3_true_s_fu_10058/mul_7ns_8ns_14_4_0_U13645,9,28,0,"",""
l2_neighbor_channel,grp_l2_neighbor_channel_false_3_true_s_fu_10058/mul_7ns_8ns_14_4_0_U13653,0,26,0,"",""
l2_neighbor_channel,grp_l2_neighbor_channel_false_3_true_s_fu_10058/mul_7ns_8ns_14_4_0_U13654,0,21,0,"",""
l2_neighbor_channel,grp_l2_neighbor_channel_false_3_true_s_fu_10058/mul_7ns_8ns_14_4_0_U13656,0,26,0,"",""
l2_neighbor_channel,grp_l2_neighbor_channel_false_3_true_s_fu_10058/mul_7ns_8ns_14_4_0_U13657,9,28,0,"",""
l2_neighbor_channel,grp_l2_neighbor_channel_false_3_true_s_fu_10058/mul_7ns_8ns_14_4_0_U13665,0,26,0,"",""
l2_neighbor_channel,grp_l2_neighbor_channel_false_3_true_s_fu_10058/mul_7ns_8ns_14_4_0_U13666,0,21,0,"",""
l2_neighbor_channel,grp_l2_neighbor_channel_false_3_true_s_fu_10058/mul_7ns_8ns_14_4_0_U13668,0,26,0,"",""
l2_neighbor_channel,grp_l2_neighbor_channel_false_3_true_s_fu_10058/mul_7ns_8ns_14_4_0_U13669,9,28,0,"",""
l2_neighbor_channel,grp_l2_neighbor_channel_false_3_true_s_fu_10058/mul_7ns_8ns_14_4_0_U13676,92,32,0,"",""
l2_neighbor_channel,grp_l2_neighbor_channel_false_3_true_s_fu_10058/mul_7ns_8ns_14_4_0_U13679,19,32,0,"",""
l2_neighbor_channel,grp_l2_neighbor_channel_false_3_true_s_fu_10058/mul_7ns_8ns_14_4_0_U13682,92,32,0,"",""
l2_neighbor_channel,grp_l2_neighbor_channel_false_3_true_s_fu_10058/mul_7ns_8ns_14_4_0_U13685,20,32,0,"",""
l2_neighbor_channel,grp_l2_neighbor_channel_false_3_true_s_fu_10058/mul_7ns_8ns_14_4_0_U13688,92,32,0,"",""
l2_neighbor_channel,grp_l2_neighbor_channel_false_3_true_s_fu_10058/mul_7ns_8ns_14_4_0_U13691,27,35,0,"",""
l2_neighbor_channel,grp_l2_neighbor_channel_false_3_true_s_fu_10058/mul_7ns_8ns_14_4_0_U13694,92,32,0,"",""
l2_neighbor_channel,grp_l2_neighbor_channel_false_3_true_s_fu_10058/mul_7ns_8ns_14_4_0_U13697,27,35,0,"",""
l2_neighbor_channel,grp_l2_neighbor_channel_false_3_true_s_fu_10058/mul_7ns_8ns_14_4_0_U13700,92,32,0,"",""
l2_neighbor_channel,grp_l2_neighbor_channel_false_3_true_s_fu_10058/mul_7ns_8ns_14_4_0_U13703,27,35,0,"",""
l2_neighbor_channel,grp_l2_neighbor_channel_false_3_true_s_fu_10058/mul_7ns_8ns_14_4_0_U13706,92,32,0,"",""
l2_neighbor_channel,grp_l2_neighbor_channel_false_3_true_s_fu_10058/mul_7ns_8ns_14_4_0_U13709,27,35,0,"",""
l2_neighbor_channel,grp_l2_neighbor_channel_false_3_true_s_fu_10058/mul_7ns_8ns_14_4_0_U13712,93,32,0,"",""
l2_neighbor_channel,grp_l2_neighbor_channel_false_3_true_s_fu_10058/mul_7ns_8ns_14_4_0_U13715,28,35,0,"",""
l2_neighbor_channel,grp_l2_neighbor_channel_false_3_true_s_fu_10058/mul_7ns_8ns_14_4_0_U13718,92,32,0,"",""
l2_neighbor_channel,grp_l2_neighbor_channel_false_3_true_s_fu_10058/mul_7ns_8ns_14_4_0_U13721,27,35,0,"",""
l2_neighbor_channel,grp_l2_neighbor_channel_false_3_true_s_fu_10058/mul_7ns_8s_15_4_0_U13580,0,23,0,"",""
l2_neighbor_channel,grp_l2_neighbor_channel_false_3_true_s_fu_10058/mul_7ns_8s_15_4_0_U13583,0,28,0,"",""
l2_neighbor_channel,grp_l2_neighbor_channel_false_3_true_s_fu_10058/mul_7ns_8s_15_4_0_U13586,0,28,0,"",""
l2_neighbor_channel,grp_l2_neighbor_channel_false_3_true_s_fu_10058/mul_7ns_8s_15_4_0_U13590,0,28,0,"",""
l2_neighbor_channel,grp_l2_neighbor_channel_false_3_true_s_fu_10058/mul_7ns_8s_15_4_0_U13592,0,23,0,"",""
l2_neighbor_channel,grp_l2_neighbor_channel_false_3_true_s_fu_10058/mul_7ns_8s_15_4_0_U13595,0,28,0,"",""
l2_neighbor_channel,grp_l2_neighbor_channel_false_3_true_s_fu_10058/mul_7ns_8s_15_4_0_U13598,0,28,0,"",""
l2_neighbor_channel,grp_l2_neighbor_channel_false_3_true_s_fu_10058/mul_7ns_8s_15_4_0_U13602,0,28,0,"",""
l2_neighbor_channel,grp_l2_neighbor_channel_false_3_true_s_fu_10058/mul_7ns_8s_15_4_0_U13604,0,23,0,"",""
l2_neighbor_channel,grp_l2_neighbor_channel_false_3_true_s_fu_10058/mul_7ns_8s_15_4_0_U13607,0,28,0,"",""
l2_neighbor_channel,grp_l2_neighbor_channel_false_3_true_s_fu_10058/mul_7ns_8s_15_4_0_U13610,0,28,0,"",""
l2_neighbor_channel,grp_l2_neighbor_channel_false_3_true_s_fu_10058/mul_7ns_8s_15_4_0_U13614,0,28,0,"",""
l2_neighbor_channel,grp_l2_neighbor_channel_false_3_true_s_fu_10058/mul_7ns_8s_15_4_0_U13616,0,23,0,"",""
l2_neighbor_channel,grp_l2_neighbor_channel_false_3_true_s_fu_10058/mul_7ns_8s_15_4_0_U13619,0,28,0,"",""
l2_neighbor_channel,grp_l2_neighbor_channel_false_3_true_s_fu_10058/mul_7ns_8s_15_4_0_U13622,0,28,0,"",""
l2_neighbor_channel,grp_l2_neighbor_channel_false_3_true_s_fu_10058/mul_7ns_8s_15_4_0_U13626,0,28,0,"",""
l2_neighbor_channel,grp_l2_neighbor_channel_false_3_true_s_fu_10058/mul_7ns_8s_15_4_0_U13628,0,23,0,"",""
l2_neighbor_channel,grp_l2_neighbor_channel_false_3_true_s_fu_10058/mul_7ns_8s_15_4_0_U13631,0,28,0,"",""
l2_neighbor_channel,grp_l2_neighbor_channel_false_3_true_s_fu_10058/mul_7ns_8s_15_4_0_U13634,0,28,0,"",""
l2_neighbor_channel,grp_l2_neighbor_channel_false_3_true_s_fu_10058/mul_7ns_8s_15_4_0_U13638,0,28,0,"",""
l2_neighbor_channel,grp_l2_neighbor_channel_false_3_true_s_fu_10058/mul_7ns_8s_15_4_0_U13640,0,23,0,"",""
l2_neighbor_channel,grp_l2_neighbor_channel_false_3_true_s_fu_10058/mul_7ns_8s_15_4_0_U13643,0,28,0,"",""
l2_neighbor_channel,grp_l2_neighbor_channel_false_3_true_s_fu_10058/mul_7ns_8s_15_4_0_U13646,0,28,0,"",""
l2_neighbor_channel,grp_l2_neighbor_channel_false_3_true_s_fu_10058/mul_7ns_8s_15_4_0_U13650,0,28,0,"",""
l2_neighbor_channel,grp_l2_neighbor_channel_false_3_true_s_fu_10058/mul_7ns_8s_15_4_0_U13652,0,23,0,"",""
l2_neighbor_channel,grp_l2_neighbor_channel_false_3_true_s_fu_10058/mul_7ns_8s_15_4_0_U13655,0,28,0,"",""
l2_neighbor_channel,grp_l2_neighbor_channel_false_3_true_s_fu_10058/mul_7ns_8s_15_4_0_U13658,0,28,0,"",""
l2_neighbor_channel,grp_l2_neighbor_channel_false_3_true_s_fu_10058/mul_7ns_8s_15_4_0_U13662,0,28,0,"",""
l2_neighbor_channel,grp_l2_neighbor_channel_false_3_true_s_fu_10058/mul_7ns_8s_15_4_0_U13664,0,23,0,"",""
l2_neighbor_channel,grp_l2_neighbor_channel_false_3_true_s_fu_10058/mul_7ns_8s_15_4_0_U13667,0,28,0,"",""
l2_neighbor_channel,grp_l2_neighbor_channel_false_3_true_s_fu_10058/mul_7ns_8s_15_4_0_U13670,0,28,0,"",""
l2_neighbor_channel,grp_l2_neighbor_channel_false_3_true_s_fu_10058/mul_7ns_8s_15_4_0_U13674,0,28,0,"",""
l2_neighbor_channel,grp_l2_neighbor_channel_false_3_true_s_fu_10058/mul_7ns_8s_15_4_0_U13675,0,28,0,"",""
l2_neighbor_channel,grp_l2_neighbor_channel_false_3_true_s_fu_10058/mul_7ns_8s_15_4_0_U13680,84,35,0,"",""
l2_neighbor_channel,grp_l2_neighbor_channel_false_3_true_s_fu_10058/mul_7ns_8s_15_4_0_U13681,0,28,0,"",""
l2_neighbor_channel,grp_l2_neighbor_channel_false_3_true_s_fu_10058/mul_7ns_8s_15_4_0_U13686,84,35,0,"",""
l2_neighbor_channel,grp_l2_neighbor_channel_false_3_true_s_fu_10058/mul_7ns_8s_15_4_0_U13687,0,28,0,"",""
l2_neighbor_channel,grp_l2_neighbor_channel_false_3_true_s_fu_10058/mul_7ns_8s_15_4_0_U13692,84,35,0,"",""
l2_neighbor_channel,grp_l2_neighbor_channel_false_3_true_s_fu_10058/mul_7ns_8s_15_4_0_U13693,0,28,0,"",""
l2_neighbor_channel,grp_l2_neighbor_channel_false_3_true_s_fu_10058/mul_7ns_8s_15_4_0_U13698,84,35,0,"",""
l2_neighbor_channel,grp_l2_neighbor_channel_false_3_true_s_fu_10058/mul_7ns_8s_15_4_0_U13699,0,28,0,"",""
l2_neighbor_channel,grp_l2_neighbor_channel_false_3_true_s_fu_10058/mul_7ns_8s_15_4_0_U13704,84,35,0,"",""
l2_neighbor_channel,grp_l2_neighbor_channel_false_3_true_s_fu_10058/mul_7ns_8s_15_4_0_U13705,0,28,0,"",""
l2_neighbor_channel,grp_l2_neighbor_channel_false_3_true_s_fu_10058/mul_7ns_8s_15_4_0_U13710,84,35,0,"",""
l2_neighbor_channel,grp_l2_neighbor_channel_false_3_true_s_fu_10058/mul_7ns_8s_15_4_0_U13711,0,28,0,"",""
l2_neighbor_channel,grp_l2_neighbor_channel_false_3_true_s_fu_10058/mul_7ns_8s_15_4_0_U13716,84,35,0,"",""
l2_neighbor_channel,grp_l2_neighbor_channel_false_3_true_s_fu_10058/mul_7ns_8s_15_4_0_U13717,0,28,0,"",""
l2_neighbor_channel,grp_l2_neighbor_channel_false_3_true_s_fu_10058/mul_7ns_8s_15_4_0_U13722,84,35,0,"",""
l2_neighbor_channel,grp_l2_neighbor_channel_false_3_true_s_fu_10058/mul_7ns_8s_15_4_0_U13724,51,33,0,"",""
l2_neighbor_channel,grp_l2_neighbor_channel_false_3_true_s_fu_10058/mul_7ns_8s_15_4_0_U13725,43,34,0,"",""
l2_neighbor_channel,grp_l2_neighbor_channel_false_3_true_s_fu_10058/mul_7ns_8s_15_4_0_U13727,51,33,0,"",""
l2_neighbor_channel,grp_l2_neighbor_channel_false_3_true_s_fu_10058/mul_7ns_8s_15_4_0_U13728,43,34,0,"",""
l2_neighbor_channel,grp_l2_neighbor_channel_false_3_true_s_fu_10058/mul_7ns_8s_15_4_0_U13730,51,33,0,"",""
l2_neighbor_channel,grp_l2_neighbor_channel_false_3_true_s_fu_10058/mul_7ns_8s_15_4_0_U13731,43,34,0,"",""
l2_neighbor_channel,grp_l2_neighbor_channel_false_3_true_s_fu_10058/mul_7ns_8s_15_4_0_U13733,51,33,0,"",""
l2_neighbor_channel,grp_l2_neighbor_channel_false_3_true_s_fu_10058/mul_7ns_8s_15_4_0_U13734,43,34,0,"",""
l2_neighbor_channel,grp_l2_neighbor_channel_false_3_true_s_fu_10058/mul_7ns_8s_15_4_0_U13736,51,33,0,"",""
l2_neighbor_channel,grp_l2_neighbor_channel_false_3_true_s_fu_10058/mul_7ns_8s_15_4_0_U13737,43,34,0,"",""
l2_neighbor_channel,grp_l2_neighbor_channel_false_3_true_s_fu_10058/mul_7ns_8s_15_4_0_U13739,51,33,0,"",""
l2_neighbor_channel,grp_l2_neighbor_channel_false_3_true_s_fu_10058/mul_7ns_8s_15_4_0_U13740,43,34,0,"",""
l2_neighbor_channel,grp_l2_neighbor_channel_false_3_true_s_fu_10058/mul_7ns_8s_15_4_0_U13742,51,33,0,"",""
l2_neighbor_channel,grp_l2_neighbor_channel_false_3_true_s_fu_10058/mul_7ns_8s_15_4_0_U13743,43,34,0,"",""
l2_neighbor_channel,grp_l2_neighbor_channel_false_3_true_s_fu_10058/mul_7ns_8s_15_4_0_U13745,51,33,0,"",""
l2_neighbor_channel,grp_l2_neighbor_channel_false_3_true_s_fu_10058/mul_7ns_8s_15_4_0_U13746,43,34,0,"",""
l2_neighbor_channel,grp_l2_neighbor_channel_false_3_true_s_fu_10058/add_18s_18s_18_2_0_U13747/u1,9,0,0,"",""
l2_neighbor_channel,grp_l2_neighbor_channel_false_3_true_s_fu_10058/add_18s_18s_18_2_0_U13747/u2,9,0,0,"",""
l2_neighbor_channel,grp_l2_neighbor_channel_false_3_true_s_fu_10058/add_18s_18s_18_2_0_U13748/u1,9,0,0,"",""
l2_neighbor_channel,grp_l2_neighbor_channel_false_3_true_s_fu_10058/add_18s_18s_18_2_0_U13748/u2,9,0,0,"",""
l2_neighbor_channel,grp_l2_neighbor_channel_false_3_true_s_fu_10058/add_18s_18s_18_2_0_U13749/u1,9,0,0,"",""
l2_neighbor_channel,grp_l2_neighbor_channel_false_3_true_s_fu_10058/add_18s_18s_18_2_0_U13749/u2,9,0,0,"",""
l2_neighbor_channel,grp_l2_neighbor_channel_false_3_true_s_fu_10058/add_18s_18s_18_2_0_U13750/u1,9,0,0,"",""
l2_neighbor_channel,grp_l2_neighbor_channel_false_3_true_s_fu_10058/add_18s_18s_18_2_0_U13750/u2,9,0,0,"",""
l2_neighbor_channel,grp_l2_neighbor_channel_false_3_true_s_fu_10058/add_18s_18s_18_2_0_U13751/u1,9,0,0,"",""
l2_neighbor_channel,grp_l2_neighbor_channel_false_3_true_s_fu_10058/add_18s_18s_18_2_0_U13751/u2,9,0,0,"",""
l2_neighbor_channel,grp_l2_neighbor_channel_false_3_true_s_fu_10058/add_18s_18s_18_2_0_U13752/u1,9,0,0,"",""
l2_neighbor_channel,grp_l2_neighbor_channel_false_3_true_s_fu_10058/add_18s_18s_18_2_0_U13752/u2,9,0,0,"",""
l2_neighbor_channel,grp_l2_neighbor_channel_false_3_true_s_fu_10058/add_18s_18s_18_2_0_U13753/u1,9,0,0,"",""
l2_neighbor_channel,grp_l2_neighbor_channel_false_3_true_s_fu_10058/add_18s_18s_18_2_0_U13753/u2,9,0,0,"",""
l2_neighbor_channel,grp_l2_neighbor_channel_false_3_true_s_fu_10058/add_18s_18s_18_2_0_U13754/u1,9,0,0,"",""
l2_neighbor_channel,grp_l2_neighbor_channel_false_3_true_s_fu_10058/add_18s_18s_18_2_0_U13754/u2,9,0,0,"",""
l2_neighbor_channel,grp_l2_neighbor_channel_false_4_true_s_fu_10230/add_18ns_18s_18_2_0_U14091,18,19,0,"",""
l2_neighbor_channel,grp_l2_neighbor_channel_false_4_true_s_fu_10230/add_18ns_18s_18_2_0_U14092,18,19,0,"",""
l2_neighbor_channel,grp_l2_neighbor_channel_false_4_true_s_fu_10230/add_18ns_18s_18_2_0_U14093,18,19,0,"",""
l2_neighbor_channel,grp_l2_neighbor_channel_false_4_true_s_fu_10230/add_18ns_18s_18_2_0_U14094,18,19,0,"",""
l2_neighbor_channel,grp_l2_neighbor_channel_false_4_true_s_fu_10230/add_18ns_18s_18_2_0_U14095,18,19,0,"",""
l2_neighbor_channel,grp_l2_neighbor_channel_false_4_true_s_fu_10230/add_18ns_18s_18_2_0_U14096,18,19,0,"",""
l2_neighbor_channel,grp_l2_neighbor_channel_false_4_true_s_fu_10230/add_18ns_18s_18_2_0_U14097,18,19,0,"",""
l2_neighbor_channel,grp_l2_neighbor_channel_false_4_true_s_fu_10230/add_18ns_18s_18_2_0_U14098,18,19,0,"",""
l2_neighbor_channel,grp_l2_neighbor_channel_false_4_true_s_fu_10230/mul_7ns_4s_11_4_0_U13930,0,22,0,"",""
l2_neighbor_channel,grp_l2_neighbor_channel_false_4_true_s_fu_10230/mul_7ns_4s_11_4_0_U13943,0,22,0,"",""
l2_neighbor_channel,grp_l2_neighbor_channel_false_4_true_s_fu_10230/mul_7ns_4s_11_4_0_U13956,0,22,0,"",""
l2_neighbor_channel,grp_l2_neighbor_channel_false_4_true_s_fu_10230/mul_7ns_4s_11_4_0_U13969,0,22,0,"",""
l2_neighbor_channel,grp_l2_neighbor_channel_false_4_true_s_fu_10230/mul_7ns_4s_11_4_0_U13982,0,22,0,"",""
l2_neighbor_channel,grp_l2_neighbor_channel_false_4_true_s_fu_10230/mul_7ns_4s_11_4_0_U13995,0,22,0,"",""
l2_neighbor_channel,grp_l2_neighbor_channel_false_4_true_s_fu_10230/mul_7ns_4s_11_4_0_U14008,0,22,0,"",""
l2_neighbor_channel,grp_l2_neighbor_channel_false_4_true_s_fu_10230/mul_7ns_4s_11_4_0_U14021,0,22,0,"",""
l2_neighbor_channel,grp_l2_neighbor_channel_false_4_true_s_fu_10230/mul_7ns_6s_13_4_0_U14075,0,14,0,"",""
l2_neighbor_channel,grp_l2_neighbor_channel_false_4_true_s_fu_10230/mul_7ns_6s_13_4_0_U14077,0,14,0,"",""
l2_neighbor_channel,grp_l2_neighbor_channel_false_4_true_s_fu_10230/mul_7ns_6s_13_4_0_U14079,0,14,0,"",""
l2_neighbor_channel,grp_l2_neighbor_channel_false_4_true_s_fu_10230/mul_7ns_6s_13_4_0_U14081,0,14,0,"",""
l2_neighbor_channel,grp_l2_neighbor_channel_false_4_true_s_fu_10230/mul_7ns_6s_13_4_0_U14083,0,14,0,"",""
l2_neighbor_channel,grp_l2_neighbor_channel_false_4_true_s_fu_10230/mul_7ns_6s_13_4_0_U14085,0,14,0,"",""
l2_neighbor_channel,grp_l2_neighbor_channel_false_4_true_s_fu_10230/mul_7ns_6s_13_4_0_U14087,0,14,0,"",""
l2_neighbor_channel,grp_l2_neighbor_channel_false_4_true_s_fu_10230/mul_7ns_6s_13_4_0_U14089,0,14,0,"",""
l2_neighbor_channel,grp_l2_neighbor_channel_false_4_true_s_fu_10230/mul_7ns_7ns_13_4_0_U13923,0,26,0,"",""
l2_neighbor_channel,grp_l2_neighbor_channel_false_4_true_s_fu_10230/mul_7ns_7ns_13_4_0_U13935,0,24,0,"",""
l2_neighbor_channel,grp_l2_neighbor_channel_false_4_true_s_fu_10230/mul_7ns_7ns_13_4_0_U13936,0,26,0,"",""
l2_neighbor_channel,grp_l2_neighbor_channel_false_4_true_s_fu_10230/mul_7ns_7ns_13_4_0_U13948,0,24,0,"",""
l2_neighbor_channel,grp_l2_neighbor_channel_false_4_true_s_fu_10230/mul_7ns_7ns_13_4_0_U13949,0,26,0,"",""
l2_neighbor_channel,grp_l2_neighbor_channel_false_4_true_s_fu_10230/mul_7ns_7ns_13_4_0_U13961,0,24,0,"",""
l2_neighbor_channel,grp_l2_neighbor_channel_false_4_true_s_fu_10230/mul_7ns_7ns_13_4_0_U13962,0,26,0,"",""
l2_neighbor_channel,grp_l2_neighbor_channel_false_4_true_s_fu_10230/mul_7ns_7ns_13_4_0_U13974,0,24,0,"",""
l2_neighbor_channel,grp_l2_neighbor_channel_false_4_true_s_fu_10230/mul_7ns_7ns_13_4_0_U13975,0,26,0,"",""
l2_neighbor_channel,grp_l2_neighbor_channel_false_4_true_s_fu_10230/mul_7ns_7ns_13_4_0_U13987,0,24,0,"",""
l2_neighbor_channel,grp_l2_neighbor_channel_false_4_true_s_fu_10230/mul_7ns_7ns_13_4_0_U13988,0,26,0,"",""
l2_neighbor_channel,grp_l2_neighbor_channel_false_4_true_s_fu_10230/mul_7ns_7ns_13_4_0_U14000,0,24,0,"",""
l2_neighbor_channel,grp_l2_neighbor_channel_false_4_true_s_fu_10230/mul_7ns_7ns_13_4_0_U14001,0,26,0,"",""
l2_neighbor_channel,grp_l2_neighbor_channel_false_4_true_s_fu_10230/mul_7ns_7ns_13_4_0_U14013,0,24,0,"",""
l2_neighbor_channel,grp_l2_neighbor_channel_false_4_true_s_fu_10230/mul_7ns_7ns_13_4_0_U14014,0,26,0,"",""
l2_neighbor_channel,grp_l2_neighbor_channel_false_4_true_s_fu_10230/mul_7ns_7ns_13_4_0_U14026,0,24,0,"",""
l2_neighbor_channel,grp_l2_neighbor_channel_false_4_true_s_fu_10230/mul_7ns_7s_14_4_0_U13933,0,23,0,"",""
l2_neighbor_channel,grp_l2_neighbor_channel_false_4_true_s_fu_10230/mul_7ns_7s_14_4_0_U13946,0,23,0,"",""
l2_neighbor_channel,grp_l2_neighbor_channel_false_4_true_s_fu_10230/mul_7ns_7s_14_4_0_U13959,0,23,0,"",""
l2_neighbor_channel,grp_l2_neighbor_channel_false_4_true_s_fu_10230/mul_7ns_7s_14_4_0_U13972,0,23,0,"",""
l2_neighbor_channel,grp_l2_neighbor_channel_false_4_true_s_fu_10230/mul_7ns_7s_14_4_0_U13985,0,23,0,"",""
l2_neighbor_channel,grp_l2_neighbor_channel_false_4_true_s_fu_10230/mul_7ns_7s_14_4_0_U13998,0,23,0,"",""
l2_neighbor_channel,grp_l2_neighbor_channel_false_4_true_s_fu_10230/mul_7ns_7s_14_4_0_U14011,0,23,0,"",""
l2_neighbor_channel,grp_l2_neighbor_channel_false_4_true_s_fu_10230/mul_7ns_7s_14_4_0_U14024,0,23,0,"",""
l2_neighbor_channel,grp_l2_neighbor_channel_false_4_true_s_fu_10230/mul_7ns_8ns_14_4_0_U13924,0,24,0,"",""
l2_neighbor_channel,grp_l2_neighbor_channel_false_4_true_s_fu_10230/mul_7ns_8ns_14_4_0_U13928,0,26,0,"",""
l2_neighbor_channel,grp_l2_neighbor_channel_false_4_true_s_fu_10230/mul_7ns_8ns_14_4_0_U13931,0,26,0,"",""
l2_neighbor_channel,grp_l2_neighbor_channel_false_4_true_s_fu_10230/mul_7ns_8ns_14_4_0_U13934,0,28,0,"",""
l2_neighbor_channel,grp_l2_neighbor_channel_false_4_true_s_fu_10230/mul_7ns_8ns_14_4_0_U13937,0,24,0,"",""
l2_neighbor_channel,grp_l2_neighbor_channel_false_4_true_s_fu_10230/mul_7ns_8ns_14_4_0_U13941,0,26,0,"",""
l2_neighbor_channel,grp_l2_neighbor_channel_false_4_true_s_fu_10230/mul_7ns_8ns_14_4_0_U13944,0,26,0,"",""
l2_neighbor_channel,grp_l2_neighbor_channel_false_4_true_s_fu_10230/mul_7ns_8ns_14_4_0_U13947,0,28,0,"",""
l2_neighbor_channel,grp_l2_neighbor_channel_false_4_true_s_fu_10230/mul_7ns_8ns_14_4_0_U13950,0,24,0,"",""
l2_neighbor_channel,grp_l2_neighbor_channel_false_4_true_s_fu_10230/mul_7ns_8ns_14_4_0_U13954,0,26,0,"",""
l2_neighbor_channel,grp_l2_neighbor_channel_false_4_true_s_fu_10230/mul_7ns_8ns_14_4_0_U13957,0,26,0,"",""
l2_neighbor_channel,grp_l2_neighbor_channel_false_4_true_s_fu_10230/mul_7ns_8ns_14_4_0_U13960,0,28,0,"",""
l2_neighbor_channel,grp_l2_neighbor_channel_false_4_true_s_fu_10230/mul_7ns_8ns_14_4_0_U13963,0,24,0,"",""
l2_neighbor_channel,grp_l2_neighbor_channel_false_4_true_s_fu_10230/mul_7ns_8ns_14_4_0_U13967,0,26,0,"",""
l2_neighbor_channel,grp_l2_neighbor_channel_false_4_true_s_fu_10230/mul_7ns_8ns_14_4_0_U13970,0,26,0,"",""
l2_neighbor_channel,grp_l2_neighbor_channel_false_4_true_s_fu_10230/mul_7ns_8ns_14_4_0_U13973,0,28,0,"",""
l2_neighbor_channel,grp_l2_neighbor_channel_false_4_true_s_fu_10230/mul_7ns_8ns_14_4_0_U13976,0,24,0,"",""
l2_neighbor_channel,grp_l2_neighbor_channel_false_4_true_s_fu_10230/mul_7ns_8ns_14_4_0_U13980,0,26,0,"",""
l2_neighbor_channel,grp_l2_neighbor_channel_false_4_true_s_fu_10230/mul_7ns_8ns_14_4_0_U13983,0,26,0,"",""
l2_neighbor_channel,grp_l2_neighbor_channel_false_4_true_s_fu_10230/mul_7ns_8ns_14_4_0_U13986,0,28,0,"",""
l2_neighbor_channel,grp_l2_neighbor_channel_false_4_true_s_fu_10230/mul_7ns_8ns_14_4_0_U13989,0,24,0,"",""
l2_neighbor_channel,grp_l2_neighbor_channel_false_4_true_s_fu_10230/mul_7ns_8ns_14_4_0_U13993,0,26,0,"",""
l2_neighbor_channel,grp_l2_neighbor_channel_false_4_true_s_fu_10230/mul_7ns_8ns_14_4_0_U13996,0,26,0,"",""
l2_neighbor_channel,grp_l2_neighbor_channel_false_4_true_s_fu_10230/mul_7ns_8ns_14_4_0_U13999,0,28,0,"",""
l2_neighbor_channel,grp_l2_neighbor_channel_false_4_true_s_fu_10230/mul_7ns_8ns_14_4_0_U14002,0,24,0,"",""
l2_neighbor_channel,grp_l2_neighbor_channel_false_4_true_s_fu_10230/mul_7ns_8ns_14_4_0_U14006,0,26,0,"",""
l2_neighbor_channel,grp_l2_neighbor_channel_false_4_true_s_fu_10230/mul_7ns_8ns_14_4_0_U14009,0,26,0,"",""
l2_neighbor_channel,grp_l2_neighbor_channel_false_4_true_s_fu_10230/mul_7ns_8ns_14_4_0_U14012,0,28,0,"",""
l2_neighbor_channel,grp_l2_neighbor_channel_false_4_true_s_fu_10230/mul_7ns_8ns_14_4_0_U14015,0,24,0,"",""
l2_neighbor_channel,grp_l2_neighbor_channel_false_4_true_s_fu_10230/mul_7ns_8ns_14_4_0_U14019,0,26,0,"",""
l2_neighbor_channel,grp_l2_neighbor_channel_false_4_true_s_fu_10230/mul_7ns_8ns_14_4_0_U14022,0,26,0,"",""
l2_neighbor_channel,grp_l2_neighbor_channel_false_4_true_s_fu_10230/mul_7ns_8ns_14_4_0_U14025,0,28,0,"",""
l2_neighbor_channel,grp_l2_neighbor_channel_false_4_true_s_fu_10230/mul_7ns_8ns_14_4_0_U14028,0,12,0,"",""
l2_neighbor_channel,grp_l2_neighbor_channel_false_4_true_s_fu_10230/mul_7ns_8ns_14_4_0_U14029,22,29,0,"",""
l2_neighbor_channel,grp_l2_neighbor_channel_false_4_true_s_fu_10230/mul_7ns_8ns_14_4_0_U14034,0,12,0,"",""
l2_neighbor_channel,grp_l2_neighbor_channel_false_4_true_s_fu_10230/mul_7ns_8ns_14_4_0_U14035,22,29,0,"",""
l2_neighbor_channel,grp_l2_neighbor_channel_false_4_true_s_fu_10230/mul_7ns_8ns_14_4_0_U14040,0,12,0,"",""
l2_neighbor_channel,grp_l2_neighbor_channel_false_4_true_s_fu_10230/mul_7ns_8ns_14_4_0_U14041,22,29,0,"",""
l2_neighbor_channel,grp_l2_neighbor_channel_false_4_true_s_fu_10230/mul_7ns_8ns_14_4_0_U14046,0,12,0,"",""
l2_neighbor_channel,grp_l2_neighbor_channel_false_4_true_s_fu_10230/mul_7ns_8ns_14_4_0_U14047,22,29,0,"",""
l2_neighbor_channel,grp_l2_neighbor_channel_false_4_true_s_fu_10230/mul_7ns_8ns_14_4_0_U14052,0,12,0,"",""
l2_neighbor_channel,grp_l2_neighbor_channel_false_4_true_s_fu_10230/mul_7ns_8ns_14_4_0_U14053,22,29,0,"",""
l2_neighbor_channel,grp_l2_neighbor_channel_false_4_true_s_fu_10230/mul_7ns_8ns_14_4_0_U14058,0,12,0,"",""
l2_neighbor_channel,grp_l2_neighbor_channel_false_4_true_s_fu_10230/mul_7ns_8ns_14_4_0_U14059,22,29,0,"",""
l2_neighbor_channel,grp_l2_neighbor_channel_false_4_true_s_fu_10230/mul_7ns_8ns_14_4_0_U14064,0,12,0,"",""
l2_neighbor_channel,grp_l2_neighbor_channel_false_4_true_s_fu_10230/mul_7ns_8ns_14_4_0_U14065,22,29,0,"",""
l2_neighbor_channel,grp_l2_neighbor_channel_false_4_true_s_fu_10230/mul_7ns_8ns_14_4_0_U14070,0,12,0,"",""
l2_neighbor_channel,grp_l2_neighbor_channel_false_4_true_s_fu_10230/mul_7ns_8ns_14_4_0_U14071,22,29,0,"",""
l2_neighbor_channel,grp_l2_neighbor_channel_false_4_true_s_fu_10230/mul_7ns_8s_15_4_0_U13925,0,30,0,"",""
l2_neighbor_channel,grp_l2_neighbor_channel_false_4_true_s_fu_10230/mul_7ns_8s_15_4_0_U13926,0,26,0,"",""
l2_neighbor_channel,grp_l2_neighbor_channel_false_4_true_s_fu_10230/mul_7ns_8s_15_4_0_U13927,0,25,0,"",""
l2_neighbor_channel,grp_l2_neighbor_channel_false_4_true_s_fu_10230/mul_7ns_8s_15_4_0_U13929,0,30,0,"",""
l2_neighbor_channel,grp_l2_neighbor_channel_false_4_true_s_fu_10230/mul_7ns_8s_15_4_0_U13932,0,20,0,"",""
l2_neighbor_channel,grp_l2_neighbor_channel_false_4_true_s_fu_10230/mul_7ns_8s_15_4_0_U13938,0,30,0,"",""
l2_neighbor_channel,grp_l2_neighbor_channel_false_4_true_s_fu_10230/mul_7ns_8s_15_4_0_U13939,0,26,0,"",""
l2_neighbor_channel,grp_l2_neighbor_channel_false_4_true_s_fu_10230/mul_7ns_8s_15_4_0_U13940,0,25,0,"",""
l2_neighbor_channel,grp_l2_neighbor_channel_false_4_true_s_fu_10230/mul_7ns_8s_15_4_0_U13942,0,30,0,"",""
l2_neighbor_channel,grp_l2_neighbor_channel_false_4_true_s_fu_10230/mul_7ns_8s_15_4_0_U13945,0,20,0,"",""
l2_neighbor_channel,grp_l2_neighbor_channel_false_4_true_s_fu_10230/mul_7ns_8s_15_4_0_U13951,0,30,0,"",""
l2_neighbor_channel,grp_l2_neighbor_channel_false_4_true_s_fu_10230/mul_7ns_8s_15_4_0_U13952,0,26,0,"",""
l2_neighbor_channel,grp_l2_neighbor_channel_false_4_true_s_fu_10230/mul_7ns_8s_15_4_0_U13953,0,25,0,"",""
l2_neighbor_channel,grp_l2_neighbor_channel_false_4_true_s_fu_10230/mul_7ns_8s_15_4_0_U13955,0,30,0,"",""
l2_neighbor_channel,grp_l2_neighbor_channel_false_4_true_s_fu_10230/mul_7ns_8s_15_4_0_U13958,0,20,0,"",""
l2_neighbor_channel,grp_l2_neighbor_channel_false_4_true_s_fu_10230/mul_7ns_8s_15_4_0_U13964,0,30,0,"",""
l2_neighbor_channel,grp_l2_neighbor_channel_false_4_true_s_fu_10230/mul_7ns_8s_15_4_0_U13965,0,26,0,"",""
l2_neighbor_channel,grp_l2_neighbor_channel_false_4_true_s_fu_10230/mul_7ns_8s_15_4_0_U13966,0,25,0,"",""
l2_neighbor_channel,grp_l2_neighbor_channel_false_4_true_s_fu_10230/mul_7ns_8s_15_4_0_U13968,0,30,0,"",""
l2_neighbor_channel,grp_l2_neighbor_channel_false_4_true_s_fu_10230/mul_7ns_8s_15_4_0_U13971,0,20,0,"",""
l2_neighbor_channel,grp_l2_neighbor_channel_false_4_true_s_fu_10230/mul_7ns_8s_15_4_0_U13977,0,30,0,"",""
l2_neighbor_channel,grp_l2_neighbor_channel_false_4_true_s_fu_10230/mul_7ns_8s_15_4_0_U13978,0,26,0,"",""
l2_neighbor_channel,grp_l2_neighbor_channel_false_4_true_s_fu_10230/mul_7ns_8s_15_4_0_U13979,0,25,0,"",""
l2_neighbor_channel,grp_l2_neighbor_channel_false_4_true_s_fu_10230/mul_7ns_8s_15_4_0_U13981,0,30,0,"",""
l2_neighbor_channel,grp_l2_neighbor_channel_false_4_true_s_fu_10230/mul_7ns_8s_15_4_0_U13984,0,20,0,"",""
l2_neighbor_channel,grp_l2_neighbor_channel_false_4_true_s_fu_10230/mul_7ns_8s_15_4_0_U13990,0,30,0,"",""
l2_neighbor_channel,grp_l2_neighbor_channel_false_4_true_s_fu_10230/mul_7ns_8s_15_4_0_U13991,0,26,0,"",""
l2_neighbor_channel,grp_l2_neighbor_channel_false_4_true_s_fu_10230/mul_7ns_8s_15_4_0_U13992,0,25,0,"",""
l2_neighbor_channel,grp_l2_neighbor_channel_false_4_true_s_fu_10230/mul_7ns_8s_15_4_0_U13994,0,30,0,"",""
l2_neighbor_channel,grp_l2_neighbor_channel_false_4_true_s_fu_10230/mul_7ns_8s_15_4_0_U13997,0,20,0,"",""
l2_neighbor_channel,grp_l2_neighbor_channel_false_4_true_s_fu_10230/mul_7ns_8s_15_4_0_U14003,0,30,0,"",""
l2_neighbor_channel,grp_l2_neighbor_channel_false_4_true_s_fu_10230/mul_7ns_8s_15_4_0_U14004,0,26,0,"",""
l2_neighbor_channel,grp_l2_neighbor_channel_false_4_true_s_fu_10230/mul_7ns_8s_15_4_0_U14005,0,25,0,"",""
l2_neighbor_channel,grp_l2_neighbor_channel_false_4_true_s_fu_10230/mul_7ns_8s_15_4_0_U14007,0,30,0,"",""
l2_neighbor_channel,grp_l2_neighbor_channel_false_4_true_s_fu_10230/mul_7ns_8s_15_4_0_U14010,0,20,0,"",""
l2_neighbor_channel,grp_l2_neighbor_channel_false_4_true_s_fu_10230/mul_7ns_8s_15_4_0_U14016,0,30,0,"",""
l2_neighbor_channel,grp_l2_neighbor_channel_false_4_true_s_fu_10230/mul_7ns_8s_15_4_0_U14017,0,26,0,"",""
l2_neighbor_channel,grp_l2_neighbor_channel_false_4_true_s_fu_10230/mul_7ns_8s_15_4_0_U14018,0,25,0,"",""
l2_neighbor_channel,grp_l2_neighbor_channel_false_4_true_s_fu_10230/mul_7ns_8s_15_4_0_U14020,0,30,0,"",""
l2_neighbor_channel,grp_l2_neighbor_channel_false_4_true_s_fu_10230/mul_7ns_8s_15_4_0_U14023,0,20,0,"",""
l2_neighbor_channel,grp_l2_neighbor_channel_false_4_true_s_fu_10230/mul_7ns_8s_15_4_0_U14027,0,30,0,"",""
l2_neighbor_channel,grp_l2_neighbor_channel_false_4_true_s_fu_10230/mul_7ns_8s_15_4_0_U14030,57,36,0,"",""
l2_neighbor_channel,grp_l2_neighbor_channel_false_4_true_s_fu_10230/mul_7ns_8s_15_4_0_U14031,0,28,0,"",""
l2_neighbor_channel,grp_l2_neighbor_channel_false_4_true_s_fu_10230/mul_7ns_8s_15_4_0_U14032,0,30,0,"",""
l2_neighbor_channel,grp_l2_neighbor_channel_false_4_true_s_fu_10230/mul_7ns_8s_15_4_0_U14033,0,30,0,"",""
l2_neighbor_channel,grp_l2_neighbor_channel_false_4_true_s_fu_10230/mul_7ns_8s_15_4_0_U14036,57,36,0,"",""
l2_neighbor_channel,grp_l2_neighbor_channel_false_4_true_s_fu_10230/mul_7ns_8s_15_4_0_U14037,0,28,0,"",""
l2_neighbor_channel,grp_l2_neighbor_channel_false_4_true_s_fu_10230/mul_7ns_8s_15_4_0_U14038,0,30,0,"",""
l2_neighbor_channel,grp_l2_neighbor_channel_false_4_true_s_fu_10230/mul_7ns_8s_15_4_0_U14039,0,30,0,"",""
l2_neighbor_channel,grp_l2_neighbor_channel_false_4_true_s_fu_10230/mul_7ns_8s_15_4_0_U14042,57,36,0,"",""
l2_neighbor_channel,grp_l2_neighbor_channel_false_4_true_s_fu_10230/mul_7ns_8s_15_4_0_U14043,0,28,0,"",""
l2_neighbor_channel,grp_l2_neighbor_channel_false_4_true_s_fu_10230/mul_7ns_8s_15_4_0_U14044,0,30,0,"",""
l2_neighbor_channel,grp_l2_neighbor_channel_false_4_true_s_fu_10230/mul_7ns_8s_15_4_0_U14045,0,30,0,"",""
l2_neighbor_channel,grp_l2_neighbor_channel_false_4_true_s_fu_10230/mul_7ns_8s_15_4_0_U14048,57,36,0,"",""
l2_neighbor_channel,grp_l2_neighbor_channel_false_4_true_s_fu_10230/mul_7ns_8s_15_4_0_U14049,0,28,0,"",""
l2_neighbor_channel,grp_l2_neighbor_channel_false_4_true_s_fu_10230/mul_7ns_8s_15_4_0_U14050,0,30,0,"",""
l2_neighbor_channel,grp_l2_neighbor_channel_false_4_true_s_fu_10230/mul_7ns_8s_15_4_0_U14051,0,30,0,"",""
l2_neighbor_channel,grp_l2_neighbor_channel_false_4_true_s_fu_10230/mul_7ns_8s_15_4_0_U14054,57,36,0,"",""
l2_neighbor_channel,grp_l2_neighbor_channel_false_4_true_s_fu_10230/mul_7ns_8s_15_4_0_U14055,0,28,0,"",""
l2_neighbor_channel,grp_l2_neighbor_channel_false_4_true_s_fu_10230/mul_7ns_8s_15_4_0_U14056,0,30,0,"",""
l2_neighbor_channel,grp_l2_neighbor_channel_false_4_true_s_fu_10230/mul_7ns_8s_15_4_0_U14057,0,30,0,"",""
l2_neighbor_channel,grp_l2_neighbor_channel_false_4_true_s_fu_10230/mul_7ns_8s_15_4_0_U14060,57,36,0,"",""
l2_neighbor_channel,grp_l2_neighbor_channel_false_4_true_s_fu_10230/mul_7ns_8s_15_4_0_U14061,0,28,0,"",""
l2_neighbor_channel,grp_l2_neighbor_channel_false_4_true_s_fu_10230/mul_7ns_8s_15_4_0_U14062,0,30,0,"",""
l2_neighbor_channel,grp_l2_neighbor_channel_false_4_true_s_fu_10230/mul_7ns_8s_15_4_0_U14063,0,30,0,"",""
l2_neighbor_channel,grp_l2_neighbor_channel_false_4_true_s_fu_10230/mul_7ns_8s_15_4_0_U14066,57,36,0,"",""
l2_neighbor_channel,grp_l2_neighbor_channel_false_4_true_s_fu_10230/mul_7ns_8s_15_4_0_U14067,0,28,0,"",""
l2_neighbor_channel,grp_l2_neighbor_channel_false_4_true_s_fu_10230/mul_7ns_8s_15_4_0_U14068,0,30,0,"",""
l2_neighbor_channel,grp_l2_neighbor_channel_false_4_true_s_fu_10230/mul_7ns_8s_15_4_0_U14069,0,30,0,"",""
l2_neighbor_channel,grp_l2_neighbor_channel_false_4_true_s_fu_10230/mul_7ns_8s_15_4_0_U14072,57,36,0,"",""
l2_neighbor_channel,grp_l2_neighbor_channel_false_4_true_s_fu_10230/mul_7ns_8s_15_4_0_U14073,0,28,0,"",""
l2_neighbor_channel,grp_l2_neighbor_channel_false_4_true_s_fu_10230/mul_7ns_8s_15_4_0_U14074,0,30,0,"",""
l2_neighbor_channel,grp_l2_neighbor_channel_false_4_true_s_fu_10230/mul_7ns_8s_15_4_0_U14076,0,24,0,"",""
l2_neighbor_channel,grp_l2_neighbor_channel_false_4_true_s_fu_10230/mul_7ns_8s_15_4_0_U14078,0,24,0,"",""
l2_neighbor_channel,grp_l2_neighbor_channel_false_4_true_s_fu_10230/mul_7ns_8s_15_4_0_U14080,0,24,0,"",""
l2_neighbor_channel,grp_l2_neighbor_channel_false_4_true_s_fu_10230/mul_7ns_8s_15_4_0_U14082,0,24,0,"",""
l2_neighbor_channel,grp_l2_neighbor_channel_false_4_true_s_fu_10230/mul_7ns_8s_15_4_0_U14084,0,24,0,"",""
l2_neighbor_channel,grp_l2_neighbor_channel_false_4_true_s_fu_10230/mul_7ns_8s_15_4_0_U14086,0,24,0,"",""
l2_neighbor_channel,grp_l2_neighbor_channel_false_4_true_s_fu_10230/mul_7ns_8s_15_4_0_U14088,0,24,0,"",""
l2_neighbor_channel,grp_l2_neighbor_channel_false_4_true_s_fu_10230/mul_7ns_8s_15_4_0_U14090,0,24,0,"",""
l2_neighbor_channel,grp_l2_neighbor_channel_false_4_true_s_fu_10230/add_18ns_18s_18_2_0_U14091/u1,9,0,0,"",""
l2_neighbor_channel,grp_l2_neighbor_channel_false_4_true_s_fu_10230/add_18ns_18s_18_2_0_U14091/u2,9,0,0,"",""
l2_neighbor_channel,grp_l2_neighbor_channel_false_4_true_s_fu_10230/add_18ns_18s_18_2_0_U14092/u1,9,0,0,"",""
l2_neighbor_channel,grp_l2_neighbor_channel_false_4_true_s_fu_10230/add_18ns_18s_18_2_0_U14092/u2,9,0,0,"",""
l2_neighbor_channel,grp_l2_neighbor_channel_false_4_true_s_fu_10230/add_18ns_18s_18_2_0_U14093/u1,9,0,0,"",""
l2_neighbor_channel,grp_l2_neighbor_channel_false_4_true_s_fu_10230/add_18ns_18s_18_2_0_U14093/u2,9,0,0,"",""
l2_neighbor_channel,grp_l2_neighbor_channel_false_4_true_s_fu_10230/add_18ns_18s_18_2_0_U14094/u1,9,0,0,"",""
l2_neighbor_channel,grp_l2_neighbor_channel_false_4_true_s_fu_10230/add_18ns_18s_18_2_0_U14094/u2,9,0,0,"",""
l2_neighbor_channel,grp_l2_neighbor_channel_false_4_true_s_fu_10230/add_18ns_18s_18_2_0_U14095/u1,9,0,0,"",""
l2_neighbor_channel,grp_l2_neighbor_channel_false_4_true_s_fu_10230/add_18ns_18s_18_2_0_U14095/u2,9,0,0,"",""
l2_neighbor_channel,grp_l2_neighbor_channel_false_4_true_s_fu_10230/add_18ns_18s_18_2_0_U14096/u1,9,0,0,"",""
l2_neighbor_channel,grp_l2_neighbor_channel_false_4_true_s_fu_10230/add_18ns_18s_18_2_0_U14096/u2,9,0,0,"",""
l2_neighbor_channel,grp_l2_neighbor_channel_false_4_true_s_fu_10230/add_18ns_18s_18_2_0_U14097/u1,9,0,0,"",""
l2_neighbor_channel,grp_l2_neighbor_channel_false_4_true_s_fu_10230/add_18ns_18s_18_2_0_U14097/u2,9,0,0,"",""
l2_neighbor_channel,grp_l2_neighbor_channel_false_4_true_s_fu_10230/add_18ns_18s_18_2_0_U14098/u1,9,0,0,"",""
l2_neighbor_channel,grp_l2_neighbor_channel_false_4_true_s_fu_10230/add_18ns_18s_18_2_0_U14098/u2,9,0,0,"",""
l2_neighbor_channel,grp_l2_neighbor_channel_false_5_true_s_fu_10402/add_18ns_18s_18_2_0_U14435,18,19,0,"",""
l2_neighbor_channel,grp_l2_neighbor_channel_false_5_true_s_fu_10402/add_18ns_18s_18_2_0_U14436,18,19,0,"",""
l2_neighbor_channel,grp_l2_neighbor_channel_false_5_true_s_fu_10402/add_18ns_18s_18_2_0_U14437,18,19,0,"",""
l2_neighbor_channel,grp_l2_neighbor_channel_false_5_true_s_fu_10402/add_18ns_18s_18_2_0_U14438,18,19,0,"",""
l2_neighbor_channel,grp_l2_neighbor_channel_false_5_true_s_fu_10402/add_18ns_18s_18_2_0_U14439,18,19,0,"",""
l2_neighbor_channel,grp_l2_neighbor_channel_false_5_true_s_fu_10402/add_18ns_18s_18_2_0_U14440,18,19,0,"",""
l2_neighbor_channel,grp_l2_neighbor_channel_false_5_true_s_fu_10402/add_18ns_18s_18_2_0_U14441,18,19,0,"",""
l2_neighbor_channel,grp_l2_neighbor_channel_false_5_true_s_fu_10402/add_18ns_18s_18_2_0_U14442,18,19,0,"",""
l2_neighbor_channel,grp_l2_neighbor_channel_false_5_true_s_fu_10402/mul_7ns_4s_11_4_0_U14276,95,29,0,"",""
l2_neighbor_channel,grp_l2_neighbor_channel_false_5_true_s_fu_10402/mul_7ns_4s_11_4_0_U14291,95,29,0,"",""
l2_neighbor_channel,grp_l2_neighbor_channel_false_5_true_s_fu_10402/mul_7ns_4s_11_4_0_U14306,95,29,0,"",""
l2_neighbor_channel,grp_l2_neighbor_channel_false_5_true_s_fu_10402/mul_7ns_4s_11_4_0_U14321,95,29,0,"",""
l2_neighbor_channel,grp_l2_neighbor_channel_false_5_true_s_fu_10402/mul_7ns_4s_11_4_0_U14336,95,29,0,"",""
l2_neighbor_channel,grp_l2_neighbor_channel_false_5_true_s_fu_10402/mul_7ns_4s_11_4_0_U14351,95,29,0,"",""
l2_neighbor_channel,grp_l2_neighbor_channel_false_5_true_s_fu_10402/mul_7ns_4s_11_4_0_U14366,95,29,0,"",""
l2_neighbor_channel,grp_l2_neighbor_channel_false_5_true_s_fu_10402/mul_7ns_4s_11_4_0_U14381,95,29,0,"",""
l2_neighbor_channel,grp_l2_neighbor_channel_false_5_true_s_fu_10402/mul_7ns_5s_12_4_0_U14270,54,28,0,"",""
l2_neighbor_channel,grp_l2_neighbor_channel_false_5_true_s_fu_10402/mul_7ns_5s_12_4_0_U14285,54,28,0,"",""
l2_neighbor_channel,grp_l2_neighbor_channel_false_5_true_s_fu_10402/mul_7ns_5s_12_4_0_U14300,54,28,0,"",""
l2_neighbor_channel,grp_l2_neighbor_channel_false_5_true_s_fu_10402/mul_7ns_5s_12_4_0_U14315,54,28,0,"",""
l2_neighbor_channel,grp_l2_neighbor_channel_false_5_true_s_fu_10402/mul_7ns_5s_12_4_0_U14330,54,28,0,"",""
l2_neighbor_channel,grp_l2_neighbor_channel_false_5_true_s_fu_10402/mul_7ns_5s_12_4_0_U14345,54,28,0,"",""
l2_neighbor_channel,grp_l2_neighbor_channel_false_5_true_s_fu_10402/mul_7ns_5s_12_4_0_U14360,54,28,0,"",""
l2_neighbor_channel,grp_l2_neighbor_channel_false_5_true_s_fu_10402/mul_7ns_5s_12_4_0_U14375,54,28,0,"",""
l2_neighbor_channel,grp_l2_neighbor_channel_false_5_true_s_fu_10402/mul_7ns_5s_12_4_0_U14419,50,30,0,"",""
l2_neighbor_channel,grp_l2_neighbor_channel_false_5_true_s_fu_10402/mul_7ns_5s_12_4_0_U14421,50,30,0,"",""
l2_neighbor_channel,grp_l2_neighbor_channel_false_5_true_s_fu_10402/mul_7ns_5s_12_4_0_U14423,50,30,0,"",""
l2_neighbor_channel,grp_l2_neighbor_channel_false_5_true_s_fu_10402/mul_7ns_5s_12_4_0_U14425,50,30,0,"",""
l2_neighbor_channel,grp_l2_neighbor_channel_false_5_true_s_fu_10402/mul_7ns_5s_12_4_0_U14427,50,30,0,"",""
l2_neighbor_channel,grp_l2_neighbor_channel_false_5_true_s_fu_10402/mul_7ns_5s_12_4_0_U14429,50,30,0,"",""
l2_neighbor_channel,grp_l2_neighbor_channel_false_5_true_s_fu_10402/mul_7ns_5s_12_4_0_U14431,50,30,0,"",""
l2_neighbor_channel,grp_l2_neighbor_channel_false_5_true_s_fu_10402/mul_7ns_5s_12_4_0_U14433,50,30,0,"",""
l2_neighbor_channel,grp_l2_neighbor_channel_false_5_true_s_fu_10402/mul_7ns_7ns_13_4_0_U14267,157,33,0,"",""
l2_neighbor_channel,grp_l2_neighbor_channel_false_5_true_s_fu_10402/mul_7ns_7ns_13_4_0_U14282,157,33,0,"",""
l2_neighbor_channel,grp_l2_neighbor_channel_false_5_true_s_fu_10402/mul_7ns_7ns_13_4_0_U14297,157,33,0,"",""
l2_neighbor_channel,grp_l2_neighbor_channel_false_5_true_s_fu_10402/mul_7ns_7ns_13_4_0_U14312,157,33,0,"",""
l2_neighbor_channel,grp_l2_neighbor_channel_false_5_true_s_fu_10402/mul_7ns_7ns_13_4_0_U14327,157,33,0,"",""
l2_neighbor_channel,grp_l2_neighbor_channel_false_5_true_s_fu_10402/mul_7ns_7ns_13_4_0_U14342,157,33,0,"",""
l2_neighbor_channel,grp_l2_neighbor_channel_false_5_true_s_fu_10402/mul_7ns_7ns_13_4_0_U14357,157,33,0,"",""
l2_neighbor_channel,grp_l2_neighbor_channel_false_5_true_s_fu_10402/mul_7ns_7ns_13_4_0_U14372,157,33,0,"",""
l2_neighbor_channel,grp_l2_neighbor_channel_false_5_true_s_fu_10402/mul_7ns_7ns_13_4_0_U14387,40,29,0,"",""
l2_neighbor_channel,grp_l2_neighbor_channel_false_5_true_s_fu_10402/mul_7ns_7ns_13_4_0_U14391,40,29,0,"",""
l2_neighbor_channel,grp_l2_neighbor_channel_false_5_true_s_fu_10402/mul_7ns_7ns_13_4_0_U14395,40,29,0,"",""
l2_neighbor_channel,grp_l2_neighbor_channel_false_5_true_s_fu_10402/mul_7ns_7ns_13_4_0_U14399,40,29,0,"",""
l2_neighbor_channel,grp_l2_neighbor_channel_false_5_true_s_fu_10402/mul_7ns_7ns_13_4_0_U14403,40,29,0,"",""
l2_neighbor_channel,grp_l2_neighbor_channel_false_5_true_s_fu_10402/mul_7ns_7ns_13_4_0_U14407,40,29,0,"",""
l2_neighbor_channel,grp_l2_neighbor_channel_false_5_true_s_fu_10402/mul_7ns_7ns_13_4_0_U14411,40,29,0,"",""
l2_neighbor_channel,grp_l2_neighbor_channel_false_5_true_s_fu_10402/mul_7ns_7ns_13_4_0_U14415,40,29,0,"",""
l2_neighbor_channel,grp_l2_neighbor_channel_false_5_true_s_fu_10402/mul_7ns_8ns_14_4_0_U14268,116,35,0,"",""
l2_neighbor_channel,grp_l2_neighbor_channel_false_5_true_s_fu_10402/mul_7ns_8ns_14_4_0_U14269,109,31,0,"",""
l2_neighbor_channel,grp_l2_neighbor_channel_false_5_true_s_fu_10402/mul_7ns_8ns_14_4_0_U14273,127,29,0,"",""
l2_neighbor_channel,grp_l2_neighbor_channel_false_5_true_s_fu_10402/mul_7ns_8ns_14_4_0_U14279,138,35,0,"",""
l2_neighbor_channel,grp_l2_neighbor_channel_false_5_true_s_fu_10402/mul_7ns_8ns_14_4_0_U14280,110,29,0,"",""
l2_neighbor_channel,grp_l2_neighbor_channel_false_5_true_s_fu_10402/mul_7ns_8ns_14_4_0_U14281,100,35,0,"",""
l2_neighbor_channel,grp_l2_neighbor_channel_false_5_true_s_fu_10402/mul_7ns_8ns_14_4_0_U14283,116,35,0,"",""
l2_neighbor_channel,grp_l2_neighbor_channel_false_5_true_s_fu_10402/mul_7ns_8ns_14_4_0_U14284,109,31,0,"",""
l2_neighbor_channel,grp_l2_neighbor_channel_false_5_true_s_fu_10402/mul_7ns_8ns_14_4_0_U14288,127,29,0,"",""
l2_neighbor_channel,grp_l2_neighbor_channel_false_5_true_s_fu_10402/mul_7ns_8ns_14_4_0_U14294,138,35,0,"",""
l2_neighbor_channel,grp_l2_neighbor_channel_false_5_true_s_fu_10402/mul_7ns_8ns_14_4_0_U14295,110,29,0,"",""
l2_neighbor_channel,grp_l2_neighbor_channel_false_5_true_s_fu_10402/mul_7ns_8ns_14_4_0_U14296,100,35,0,"",""
l2_neighbor_channel,grp_l2_neighbor_channel_false_5_true_s_fu_10402/mul_7ns_8ns_14_4_0_U14298,116,35,0,"",""
l2_neighbor_channel,grp_l2_neighbor_channel_false_5_true_s_fu_10402/mul_7ns_8ns_14_4_0_U14299,109,31,0,"",""
l2_neighbor_channel,grp_l2_neighbor_channel_false_5_true_s_fu_10402/mul_7ns_8ns_14_4_0_U14303,127,29,0,"",""
l2_neighbor_channel,grp_l2_neighbor_channel_false_5_true_s_fu_10402/mul_7ns_8ns_14_4_0_U14309,138,35,0,"",""
l2_neighbor_channel,grp_l2_neighbor_channel_false_5_true_s_fu_10402/mul_7ns_8ns_14_4_0_U14310,110,29,0,"",""
l2_neighbor_channel,grp_l2_neighbor_channel_false_5_true_s_fu_10402/mul_7ns_8ns_14_4_0_U14311,100,35,0,"",""
l2_neighbor_channel,grp_l2_neighbor_channel_false_5_true_s_fu_10402/mul_7ns_8ns_14_4_0_U14313,116,35,0,"",""
l2_neighbor_channel,grp_l2_neighbor_channel_false_5_true_s_fu_10402/mul_7ns_8ns_14_4_0_U14314,109,31,0,"",""
l2_neighbor_channel,grp_l2_neighbor_channel_false_5_true_s_fu_10402/mul_7ns_8ns_14_4_0_U14318,127,29,0,"",""
l2_neighbor_channel,grp_l2_neighbor_channel_false_5_true_s_fu_10402/mul_7ns_8ns_14_4_0_U14324,138,35,0,"",""
l2_neighbor_channel,grp_l2_neighbor_channel_false_5_true_s_fu_10402/mul_7ns_8ns_14_4_0_U14325,110,29,0,"",""
l2_neighbor_channel,grp_l2_neighbor_channel_false_5_true_s_fu_10402/mul_7ns_8ns_14_4_0_U14326,100,35,0,"",""
l2_neighbor_channel,grp_l2_neighbor_channel_false_5_true_s_fu_10402/mul_7ns_8ns_14_4_0_U14328,116,35,0,"",""
l2_neighbor_channel,grp_l2_neighbor_channel_false_5_true_s_fu_10402/mul_7ns_8ns_14_4_0_U14329,109,31,0,"",""
l2_neighbor_channel,grp_l2_neighbor_channel_false_5_true_s_fu_10402/mul_7ns_8ns_14_4_0_U14333,127,29,0,"",""
l2_neighbor_channel,grp_l2_neighbor_channel_false_5_true_s_fu_10402/mul_7ns_8ns_14_4_0_U14339,138,35,0,"",""
l2_neighbor_channel,grp_l2_neighbor_channel_false_5_true_s_fu_10402/mul_7ns_8ns_14_4_0_U14340,110,29,0,"",""
l2_neighbor_channel,grp_l2_neighbor_channel_false_5_true_s_fu_10402/mul_7ns_8ns_14_4_0_U14341,100,35,0,"",""
l2_neighbor_channel,grp_l2_neighbor_channel_false_5_true_s_fu_10402/mul_7ns_8ns_14_4_0_U14343,116,35,0,"",""
l2_neighbor_channel,grp_l2_neighbor_channel_false_5_true_s_fu_10402/mul_7ns_8ns_14_4_0_U14344,109,31,0,"",""
l2_neighbor_channel,grp_l2_neighbor_channel_false_5_true_s_fu_10402/mul_7ns_8ns_14_4_0_U14348,127,29,0,"",""
l2_neighbor_channel,grp_l2_neighbor_channel_false_5_true_s_fu_10402/mul_7ns_8ns_14_4_0_U14354,138,35,0,"",""
l2_neighbor_channel,grp_l2_neighbor_channel_false_5_true_s_fu_10402/mul_7ns_8ns_14_4_0_U14355,110,29,0,"",""
l2_neighbor_channel,grp_l2_neighbor_channel_false_5_true_s_fu_10402/mul_7ns_8ns_14_4_0_U14356,100,35,0,"",""
l2_neighbor_channel,grp_l2_neighbor_channel_false_5_true_s_fu_10402/mul_7ns_8ns_14_4_0_U14358,116,35,0,"",""
l2_neighbor_channel,grp_l2_neighbor_channel_false_5_true_s_fu_10402/mul_7ns_8ns_14_4_0_U14359,109,31,0,"",""
l2_neighbor_channel,grp_l2_neighbor_channel_false_5_true_s_fu_10402/mul_7ns_8ns_14_4_0_U14363,127,29,0,"",""
l2_neighbor_channel,grp_l2_neighbor_channel_false_5_true_s_fu_10402/mul_7ns_8ns_14_4_0_U14369,138,35,0,"",""
l2_neighbor_channel,grp_l2_neighbor_channel_false_5_true_s_fu_10402/mul_7ns_8ns_14_4_0_U14370,110,29,0,"",""
l2_neighbor_channel,grp_l2_neighbor_channel_false_5_true_s_fu_10402/mul_7ns_8ns_14_4_0_U14371,100,35,0,"",""
l2_neighbor_channel,grp_l2_neighbor_channel_false_5_true_s_fu_10402/mul_7ns_8ns_14_4_0_U14373,116,35,0,"",""
l2_neighbor_channel,grp_l2_neighbor_channel_false_5_true_s_fu_10402/mul_7ns_8ns_14_4_0_U14374,109,31,0,"",""
l2_neighbor_channel,grp_l2_neighbor_channel_false_5_true_s_fu_10402/mul_7ns_8ns_14_4_0_U14378,127,29,0,"",""
l2_neighbor_channel,grp_l2_neighbor_channel_false_5_true_s_fu_10402/mul_7ns_8ns_14_4_0_U14384,138,35,0,"",""
l2_neighbor_channel,grp_l2_neighbor_channel_false_5_true_s_fu_10402/mul_7ns_8ns_14_4_0_U14385,110,29,0,"",""
l2_neighbor_channel,grp_l2_neighbor_channel_false_5_true_s_fu_10402/mul_7ns_8ns_14_4_0_U14386,100,35,0,"",""
l2_neighbor_channel,grp_l2_neighbor_channel_false_5_true_s_fu_10402/mul_7ns_8ns_14_4_0_U14388,35,35,0,"",""
l2_neighbor_channel,grp_l2_neighbor_channel_false_5_true_s_fu_10402/mul_7ns_8ns_14_4_0_U14392,35,35,0,"",""
l2_neighbor_channel,grp_l2_neighbor_channel_false_5_true_s_fu_10402/mul_7ns_8ns_14_4_0_U14396,35,35,0,"",""
l2_neighbor_channel,grp_l2_neighbor_channel_false_5_true_s_fu_10402/mul_7ns_8ns_14_4_0_U14400,35,35,0,"",""
l2_neighbor_channel,grp_l2_neighbor_channel_false_5_true_s_fu_10402/mul_7ns_8ns_14_4_0_U14404,35,35,0,"",""
l2_neighbor_channel,grp_l2_neighbor_channel_false_5_true_s_fu_10402/mul_7ns_8ns_14_4_0_U14408,35,35,0,"",""
l2_neighbor_channel,grp_l2_neighbor_channel_false_5_true_s_fu_10402/mul_7ns_8ns_14_4_0_U14412,35,35,0,"",""
l2_neighbor_channel,grp_l2_neighbor_channel_false_5_true_s_fu_10402/mul_7ns_8ns_14_4_0_U14416,35,35,0,"",""
l2_neighbor_channel,grp_l2_neighbor_channel_false_5_true_s_fu_10402/mul_7ns_8s_15_4_0_U14271,151,29,0,"",""
l2_neighbor_channel,grp_l2_neighbor_channel_false_5_true_s_fu_10402/mul_7ns_8s_15_4_0_U14272,132,34,0,"",""
l2_neighbor_channel,grp_l2_neighbor_channel_false_5_true_s_fu_10402/mul_7ns_8s_15_4_0_U14274,11,35,0,"",""
l2_neighbor_channel,grp_l2_neighbor_channel_false_5_true_s_fu_10402/mul_7ns_8s_15_4_0_U14275,173,36,0,"",""
l2_neighbor_channel,grp_l2_neighbor_channel_false_5_true_s_fu_10402/mul_7ns_8s_15_4_0_U14277,81,37,0,"",""
l2_neighbor_channel,grp_l2_neighbor_channel_false_5_true_s_fu_10402/mul_7ns_8s_15_4_0_U14278,125,37,0,"",""
l2_neighbor_channel,grp_l2_neighbor_channel_false_5_true_s_fu_10402/mul_7ns_8s_15_4_0_U14286,151,29,0,"",""
l2_neighbor_channel,grp_l2_neighbor_channel_false_5_true_s_fu_10402/mul_7ns_8s_15_4_0_U14287,132,34,0,"",""
l2_neighbor_channel,grp_l2_neighbor_channel_false_5_true_s_fu_10402/mul_7ns_8s_15_4_0_U14289,11,35,0,"",""
l2_neighbor_channel,grp_l2_neighbor_channel_false_5_true_s_fu_10402/mul_7ns_8s_15_4_0_U14290,173,36,0,"",""
l2_neighbor_channel,grp_l2_neighbor_channel_false_5_true_s_fu_10402/mul_7ns_8s_15_4_0_U14292,81,37,0,"",""
l2_neighbor_channel,grp_l2_neighbor_channel_false_5_true_s_fu_10402/mul_7ns_8s_15_4_0_U14293,125,37,0,"",""
l2_neighbor_channel,grp_l2_neighbor_channel_false_5_true_s_fu_10402/mul_7ns_8s_15_4_0_U14301,151,29,0,"",""
l2_neighbor_channel,grp_l2_neighbor_channel_false_5_true_s_fu_10402/mul_7ns_8s_15_4_0_U14302,132,34,0,"",""
l2_neighbor_channel,grp_l2_neighbor_channel_false_5_true_s_fu_10402/mul_7ns_8s_15_4_0_U14304,11,35,0,"",""
l2_neighbor_channel,grp_l2_neighbor_channel_false_5_true_s_fu_10402/mul_7ns_8s_15_4_0_U14305,173,36,0,"",""
l2_neighbor_channel,grp_l2_neighbor_channel_false_5_true_s_fu_10402/mul_7ns_8s_15_4_0_U14307,77,37,0,"",""
l2_neighbor_channel,grp_l2_neighbor_channel_false_5_true_s_fu_10402/mul_7ns_8s_15_4_0_U14308,125,37,0,"",""
l2_neighbor_channel,grp_l2_neighbor_channel_false_5_true_s_fu_10402/mul_7ns_8s_15_4_0_U14316,151,29,0,"",""
l2_neighbor_channel,grp_l2_neighbor_channel_false_5_true_s_fu_10402/mul_7ns_8s_15_4_0_U14317,132,34,0,"",""
l2_neighbor_channel,grp_l2_neighbor_channel_false_5_true_s_fu_10402/mul_7ns_8s_15_4_0_U14319,11,35,0,"",""
l2_neighbor_channel,grp_l2_neighbor_channel_false_5_true_s_fu_10402/mul_7ns_8s_15_4_0_U14320,173,36,0,"",""
l2_neighbor_channel,grp_l2_neighbor_channel_false_5_true_s_fu_10402/mul_7ns_8s_15_4_0_U14322,77,37,0,"",""
l2_neighbor_channel,grp_l2_neighbor_channel_false_5_true_s_fu_10402/mul_7ns_8s_15_4_0_U14323,125,37,0,"",""
l2_neighbor_channel,grp_l2_neighbor_channel_false_5_true_s_fu_10402/mul_7ns_8s_15_4_0_U14331,151,29,0,"",""
l2_neighbor_channel,grp_l2_neighbor_channel_false_5_true_s_fu_10402/mul_7ns_8s_15_4_0_U14332,132,34,0,"",""
l2_neighbor_channel,grp_l2_neighbor_channel_false_5_true_s_fu_10402/mul_7ns_8s_15_4_0_U14334,11,35,0,"",""
l2_neighbor_channel,grp_l2_neighbor_channel_false_5_true_s_fu_10402/mul_7ns_8s_15_4_0_U14335,173,36,0,"",""
l2_neighbor_channel,grp_l2_neighbor_channel_false_5_true_s_fu_10402/mul_7ns_8s_15_4_0_U14337,77,37,0,"",""
l2_neighbor_channel,grp_l2_neighbor_channel_false_5_true_s_fu_10402/mul_7ns_8s_15_4_0_U14338,125,37,0,"",""
l2_neighbor_channel,grp_l2_neighbor_channel_false_5_true_s_fu_10402/mul_7ns_8s_15_4_0_U14346,151,29,0,"",""
l2_neighbor_channel,grp_l2_neighbor_channel_false_5_true_s_fu_10402/mul_7ns_8s_15_4_0_U14347,132,34,0,"",""
l2_neighbor_channel,grp_l2_neighbor_channel_false_5_true_s_fu_10402/mul_7ns_8s_15_4_0_U14349,11,35,0,"",""
l2_neighbor_channel,grp_l2_neighbor_channel_false_5_true_s_fu_10402/mul_7ns_8s_15_4_0_U14350,173,36,0,"",""
l2_neighbor_channel,grp_l2_neighbor_channel_false_5_true_s_fu_10402/mul_7ns_8s_15_4_0_U14352,77,37,0,"",""
l2_neighbor_channel,grp_l2_neighbor_channel_false_5_true_s_fu_10402/mul_7ns_8s_15_4_0_U14353,125,37,0,"",""
l2_neighbor_channel,grp_l2_neighbor_channel_false_5_true_s_fu_10402/mul_7ns_8s_15_4_0_U14361,151,29,0,"",""
l2_neighbor_channel,grp_l2_neighbor_channel_false_5_true_s_fu_10402/mul_7ns_8s_15_4_0_U14362,132,34,0,"",""
l2_neighbor_channel,grp_l2_neighbor_channel_false_5_true_s_fu_10402/mul_7ns_8s_15_4_0_U14364,11,35,0,"",""
l2_neighbor_channel,grp_l2_neighbor_channel_false_5_true_s_fu_10402/mul_7ns_8s_15_4_0_U14365,173,36,0,"",""
l2_neighbor_channel,grp_l2_neighbor_channel_false_5_true_s_fu_10402/mul_7ns_8s_15_4_0_U14367,77,37,0,"",""
l2_neighbor_channel,grp_l2_neighbor_channel_false_5_true_s_fu_10402/mul_7ns_8s_15_4_0_U14368,125,37,0,"",""
l2_neighbor_channel,grp_l2_neighbor_channel_false_5_true_s_fu_10402/mul_7ns_8s_15_4_0_U14376,151,29,0,"",""
l2_neighbor_channel,grp_l2_neighbor_channel_false_5_true_s_fu_10402/mul_7ns_8s_15_4_0_U14377,132,34,0,"",""
l2_neighbor_channel,grp_l2_neighbor_channel_false_5_true_s_fu_10402/mul_7ns_8s_15_4_0_U14379,11,35,0,"",""
l2_neighbor_channel,grp_l2_neighbor_channel_false_5_true_s_fu_10402/mul_7ns_8s_15_4_0_U14380,173,36,0,"",""
l2_neighbor_channel,grp_l2_neighbor_channel_false_5_true_s_fu_10402/mul_7ns_8s_15_4_0_U14382,77,37,0,"",""
l2_neighbor_channel,grp_l2_neighbor_channel_false_5_true_s_fu_10402/mul_7ns_8s_15_4_0_U14383,125,37,0,"",""
l2_neighbor_channel,grp_l2_neighbor_channel_false_5_true_s_fu_10402/mul_7ns_8s_15_4_0_U14389,77,36,0,"",""
l2_neighbor_channel,grp_l2_neighbor_channel_false_5_true_s_fu_10402/mul_7ns_8s_15_4_0_U14390,43,37,0,"",""
l2_neighbor_channel,grp_l2_neighbor_channel_false_5_true_s_fu_10402/mul_7ns_8s_15_4_0_U14393,77,36,0,"",""
l2_neighbor_channel,grp_l2_neighbor_channel_false_5_true_s_fu_10402/mul_7ns_8s_15_4_0_U14394,43,37,0,"",""
l2_neighbor_channel,grp_l2_neighbor_channel_false_5_true_s_fu_10402/mul_7ns_8s_15_4_0_U14397,77,36,0,"",""
l2_neighbor_channel,grp_l2_neighbor_channel_false_5_true_s_fu_10402/mul_7ns_8s_15_4_0_U14398,43,37,0,"",""
l2_neighbor_channel,grp_l2_neighbor_channel_false_5_true_s_fu_10402/mul_7ns_8s_15_4_0_U14401,77,36,0,"",""
l2_neighbor_channel,grp_l2_neighbor_channel_false_5_true_s_fu_10402/mul_7ns_8s_15_4_0_U14402,43,37,0,"",""
l2_neighbor_channel,grp_l2_neighbor_channel_false_5_true_s_fu_10402/mul_7ns_8s_15_4_0_U14405,77,36,0,"",""
l2_neighbor_channel,grp_l2_neighbor_channel_false_5_true_s_fu_10402/mul_7ns_8s_15_4_0_U14406,43,37,0,"",""
l2_neighbor_channel,grp_l2_neighbor_channel_false_5_true_s_fu_10402/mul_7ns_8s_15_4_0_U14409,77,36,0,"",""
l2_neighbor_channel,grp_l2_neighbor_channel_false_5_true_s_fu_10402/mul_7ns_8s_15_4_0_U14410,43,37,0,"",""
l2_neighbor_channel,grp_l2_neighbor_channel_false_5_true_s_fu_10402/mul_7ns_8s_15_4_0_U14413,77,36,0,"",""
l2_neighbor_channel,grp_l2_neighbor_channel_false_5_true_s_fu_10402/mul_7ns_8s_15_4_0_U14414,43,37,0,"",""
l2_neighbor_channel,grp_l2_neighbor_channel_false_5_true_s_fu_10402/mul_7ns_8s_15_4_0_U14417,77,36,0,"",""
l2_neighbor_channel,grp_l2_neighbor_channel_false_5_true_s_fu_10402/mul_7ns_8s_15_4_0_U14418,43,37,0,"",""
l2_neighbor_channel,grp_l2_neighbor_channel_false_5_true_s_fu_10402/mul_7ns_8s_15_4_0_U14420,21,35,0,"",""
l2_neighbor_channel,grp_l2_neighbor_channel_false_5_true_s_fu_10402/mul_7ns_8s_15_4_0_U14422,21,35,0,"",""
l2_neighbor_channel,grp_l2_neighbor_channel_false_5_true_s_fu_10402/mul_7ns_8s_15_4_0_U14424,21,35,0,"",""
l2_neighbor_channel,grp_l2_neighbor_channel_false_5_true_s_fu_10402/mul_7ns_8s_15_4_0_U14426,21,35,0,"",""
l2_neighbor_channel,grp_l2_neighbor_channel_false_5_true_s_fu_10402/mul_7ns_8s_15_4_0_U14428,21,35,0,"",""
l2_neighbor_channel,grp_l2_neighbor_channel_false_5_true_s_fu_10402/mul_7ns_8s_15_4_0_U14430,21,35,0,"",""
l2_neighbor_channel,grp_l2_neighbor_channel_false_5_true_s_fu_10402/mul_7ns_8s_15_4_0_U14432,21,35,0,"",""
l2_neighbor_channel,grp_l2_neighbor_channel_false_5_true_s_fu_10402/mul_7ns_8s_15_4_0_U14434,21,35,0,"",""
l2_neighbor_channel,grp_l2_neighbor_channel_false_5_true_s_fu_10402/add_18ns_18s_18_2_0_U14435/u1,9,0,0,"",""
l2_neighbor_channel,grp_l2_neighbor_channel_false_5_true_s_fu_10402/add_18ns_18s_18_2_0_U14435/u2,9,0,0,"",""
l2_neighbor_channel,grp_l2_neighbor_channel_false_5_true_s_fu_10402/add_18ns_18s_18_2_0_U14436/u1,9,0,0,"",""
l2_neighbor_channel,grp_l2_neighbor_channel_false_5_true_s_fu_10402/add_18ns_18s_18_2_0_U14436/u2,9,0,0,"",""
l2_neighbor_channel,grp_l2_neighbor_channel_false_5_true_s_fu_10402/add_18ns_18s_18_2_0_U14437/u1,9,0,0,"",""
l2_neighbor_channel,grp_l2_neighbor_channel_false_5_true_s_fu_10402/add_18ns_18s_18_2_0_U14437/u2,9,0,0,"",""
l2_neighbor_channel,grp_l2_neighbor_channel_false_5_true_s_fu_10402/add_18ns_18s_18_2_0_U14438/u1,9,0,0,"",""
l2_neighbor_channel,grp_l2_neighbor_channel_false_5_true_s_fu_10402/add_18ns_18s_18_2_0_U14438/u2,9,0,0,"",""
l2_neighbor_channel,grp_l2_neighbor_channel_false_5_true_s_fu_10402/add_18ns_18s_18_2_0_U14439/u1,9,0,0,"",""
l2_neighbor_channel,grp_l2_neighbor_channel_false_5_true_s_fu_10402/add_18ns_18s_18_2_0_U14439/u2,9,0,0,"",""
l2_neighbor_channel,grp_l2_neighbor_channel_false_5_true_s_fu_10402/add_18ns_18s_18_2_0_U14440/u1,9,0,0,"",""
l2_neighbor_channel,grp_l2_neighbor_channel_false_5_true_s_fu_10402/add_18ns_18s_18_2_0_U14440/u2,9,0,0,"",""
l2_neighbor_channel,grp_l2_neighbor_channel_false_5_true_s_fu_10402/add_18ns_18s_18_2_0_U14441/u1,9,0,0,"",""
l2_neighbor_channel,grp_l2_neighbor_channel_false_5_true_s_fu_10402/add_18ns_18s_18_2_0_U14441/u2,9,0,0,"",""
l2_neighbor_channel,grp_l2_neighbor_channel_false_5_true_s_fu_10402/add_18ns_18s_18_2_0_U14442/u1,9,0,0,"",""
l2_neighbor_channel,grp_l2_neighbor_channel_false_5_true_s_fu_10402/add_18ns_18s_18_2_0_U14442/u2,9,0,0,"",""
l2_neighbor_channel,grp_l2_neighbor_channel_false_6_true_s_fu_10574/add_18s_18s_18_2_0_U14763,18,18,0,"",""
l2_neighbor_channel,grp_l2_neighbor_channel_false_6_true_s_fu_10574/add_18s_18s_18_2_0_U14764,18,18,0,"",""
l2_neighbor_channel,grp_l2_neighbor_channel_false_6_true_s_fu_10574/add_18s_18s_18_2_0_U14765,18,18,0,"",""
l2_neighbor_channel,grp_l2_neighbor_channel_false_6_true_s_fu_10574/add_18s_18s_18_2_0_U14766,18,18,0,"",""
l2_neighbor_channel,grp_l2_neighbor_channel_false_6_true_s_fu_10574/add_18s_18s_18_2_0_U14767,18,18,0,"",""
l2_neighbor_channel,grp_l2_neighbor_channel_false_6_true_s_fu_10574/add_18s_18s_18_2_0_U14768,18,18,0,"",""
l2_neighbor_channel,grp_l2_neighbor_channel_false_6_true_s_fu_10574/add_18s_18s_18_2_0_U14769,18,18,0,"",""
l2_neighbor_channel,grp_l2_neighbor_channel_false_6_true_s_fu_10574/add_18s_18s_18_2_0_U14770,18,18,0,"",""
l2_neighbor_channel,grp_l2_neighbor_channel_false_6_true_s_fu_10574/mul_7ns_5ns_11_4_0_U14613,0,20,0,"",""
l2_neighbor_channel,grp_l2_neighbor_channel_false_6_true_s_fu_10574/mul_7ns_5ns_11_4_0_U14615,0,18,0,"",""
l2_neighbor_channel,grp_l2_neighbor_channel_false_6_true_s_fu_10574/mul_7ns_5ns_11_4_0_U14622,0,20,0,"",""
l2_neighbor_channel,grp_l2_neighbor_channel_false_6_true_s_fu_10574/mul_7ns_5ns_11_4_0_U14624,0,18,0,"",""
l2_neighbor_channel,grp_l2_neighbor_channel_false_6_true_s_fu_10574/mul_7ns_5ns_11_4_0_U14631,0,20,0,"",""
l2_neighbor_channel,grp_l2_neighbor_channel_false_6_true_s_fu_10574/mul_7ns_5ns_11_4_0_U14633,0,18,0,"",""
l2_neighbor_channel,grp_l2_neighbor_channel_false_6_true_s_fu_10574/mul_7ns_5ns_11_4_0_U14640,0,20,0,"",""
l2_neighbor_channel,grp_l2_neighbor_channel_false_6_true_s_fu_10574/mul_7ns_5ns_11_4_0_U14642,0,18,0,"",""
l2_neighbor_channel,grp_l2_neighbor_channel_false_6_true_s_fu_10574/mul_7ns_5ns_11_4_0_U14649,0,20,0,"",""
l2_neighbor_channel,grp_l2_neighbor_channel_false_6_true_s_fu_10574/mul_7ns_5ns_11_4_0_U14651,0,18,0,"",""
l2_neighbor_channel,grp_l2_neighbor_channel_false_6_true_s_fu_10574/mul_7ns_5ns_11_4_0_U14658,0,20,0,"",""
l2_neighbor_channel,grp_l2_neighbor_channel_false_6_true_s_fu_10574/mul_7ns_5ns_11_4_0_U14660,0,18,0,"",""
l2_neighbor_channel,grp_l2_neighbor_channel_false_6_true_s_fu_10574/mul_7ns_5ns_11_4_0_U14667,0,20,0,"",""
l2_neighbor_channel,grp_l2_neighbor_channel_false_6_true_s_fu_10574/mul_7ns_5ns_11_4_0_U14669,0,18,0,"",""
l2_neighbor_channel,grp_l2_neighbor_channel_false_6_true_s_fu_10574/mul_7ns_5ns_11_4_0_U14676,0,20,0,"",""
l2_neighbor_channel,grp_l2_neighbor_channel_false_6_true_s_fu_10574/mul_7ns_5ns_11_4_0_U14678,0,18,0,"",""
l2_neighbor_channel,grp_l2_neighbor_channel_false_6_true_s_fu_10574/mul_7ns_5s_12_4_0_U14733,0,24,0,"",""
l2_neighbor_channel,grp_l2_neighbor_channel_false_6_true_s_fu_10574/mul_7ns_5s_12_4_0_U14737,0,24,0,"",""
l2_neighbor_channel,grp_l2_neighbor_channel_false_6_true_s_fu_10574/mul_7ns_5s_12_4_0_U14741,0,24,0,"",""
l2_neighbor_channel,grp_l2_neighbor_channel_false_6_true_s_fu_10574/mul_7ns_5s_12_4_0_U14745,0,24,0,"",""
l2_neighbor_channel,grp_l2_neighbor_channel_false_6_true_s_fu_10574/mul_7ns_5s_12_4_0_U14749,0,24,0,"",""
l2_neighbor_channel,grp_l2_neighbor_channel_false_6_true_s_fu_10574/mul_7ns_5s_12_4_0_U14753,0,24,0,"",""
l2_neighbor_channel,grp_l2_neighbor_channel_false_6_true_s_fu_10574/mul_7ns_5s_12_4_0_U14757,0,24,0,"",""
l2_neighbor_channel,grp_l2_neighbor_channel_false_6_true_s_fu_10574/mul_7ns_5s_12_4_0_U14761,0,24,0,"",""
l2_neighbor_channel,grp_l2_neighbor_channel_false_6_true_s_fu_10574/mul_7ns_6ns_12_4_0_U14684,1,22,0,"",""
l2_neighbor_channel,grp_l2_neighbor_channel_false_6_true_s_fu_10574/mul_7ns_6ns_12_4_0_U14690,1,22,0,"",""
l2_neighbor_channel,grp_l2_neighbor_channel_false_6_true_s_fu_10574/mul_7ns_6ns_12_4_0_U14696,1,22,0,"",""
l2_neighbor_channel,grp_l2_neighbor_channel_false_6_true_s_fu_10574/mul_7ns_6ns_12_4_0_U14702,1,22,0,"",""
l2_neighbor_channel,grp_l2_neighbor_channel_false_6_true_s_fu_10574/mul_7ns_6ns_12_4_0_U14708,1,22,0,"",""
l2_neighbor_channel,grp_l2_neighbor_channel_false_6_true_s_fu_10574/mul_7ns_6ns_12_4_0_U14714,1,22,0,"",""
l2_neighbor_channel,grp_l2_neighbor_channel_false_6_true_s_fu_10574/mul_7ns_6ns_12_4_0_U14720,1,22,0,"",""
l2_neighbor_channel,grp_l2_neighbor_channel_false_6_true_s_fu_10574/mul_7ns_6ns_12_4_0_U14726,1,22,0,"",""
l2_neighbor_channel,grp_l2_neighbor_channel_false_6_true_s_fu_10574/mul_7ns_7ns_13_4_0_U14611,0,24,0,"",""
l2_neighbor_channel,grp_l2_neighbor_channel_false_6_true_s_fu_10574/mul_7ns_7ns_13_4_0_U14616,0,26,0,"",""
l2_neighbor_channel,grp_l2_neighbor_channel_false_6_true_s_fu_10574/mul_7ns_7ns_13_4_0_U14617,0,24,0,"",""
l2_neighbor_channel,grp_l2_neighbor_channel_false_6_true_s_fu_10574/mul_7ns_7ns_13_4_0_U14620,0,24,0,"",""
l2_neighbor_channel,grp_l2_neighbor_channel_false_6_true_s_fu_10574/mul_7ns_7ns_13_4_0_U14625,0,26,0,"",""
l2_neighbor_channel,grp_l2_neighbor_channel_false_6_true_s_fu_10574/mul_7ns_7ns_13_4_0_U14626,0,24,0,"",""
l2_neighbor_channel,grp_l2_neighbor_channel_false_6_true_s_fu_10574/mul_7ns_7ns_13_4_0_U14629,0,24,0,"",""
l2_neighbor_channel,grp_l2_neighbor_channel_false_6_true_s_fu_10574/mul_7ns_7ns_13_4_0_U14634,0,26,0,"",""
l2_neighbor_channel,grp_l2_neighbor_channel_false_6_true_s_fu_10574/mul_7ns_7ns_13_4_0_U14635,0,24,0,"",""
l2_neighbor_channel,grp_l2_neighbor_channel_false_6_true_s_fu_10574/mul_7ns_7ns_13_4_0_U14638,0,24,0,"",""
l2_neighbor_channel,grp_l2_neighbor_channel_false_6_true_s_fu_10574/mul_7ns_7ns_13_4_0_U14643,0,26,0,"",""
l2_neighbor_channel,grp_l2_neighbor_channel_false_6_true_s_fu_10574/mul_7ns_7ns_13_4_0_U14644,0,24,0,"",""
l2_neighbor_channel,grp_l2_neighbor_channel_false_6_true_s_fu_10574/mul_7ns_7ns_13_4_0_U14647,0,24,0,"",""
l2_neighbor_channel,grp_l2_neighbor_channel_false_6_true_s_fu_10574/mul_7ns_7ns_13_4_0_U14652,0,26,0,"",""
l2_neighbor_channel,grp_l2_neighbor_channel_false_6_true_s_fu_10574/mul_7ns_7ns_13_4_0_U14653,0,24,0,"",""
l2_neighbor_channel,grp_l2_neighbor_channel_false_6_true_s_fu_10574/mul_7ns_7ns_13_4_0_U14656,0,24,0,"",""
l2_neighbor_channel,grp_l2_neighbor_channel_false_6_true_s_fu_10574/mul_7ns_7ns_13_4_0_U14661,0,26,0,"",""
l2_neighbor_channel,grp_l2_neighbor_channel_false_6_true_s_fu_10574/mul_7ns_7ns_13_4_0_U14662,0,24,0,"",""
l2_neighbor_channel,grp_l2_neighbor_channel_false_6_true_s_fu_10574/mul_7ns_7ns_13_4_0_U14665,0,24,0,"",""
l2_neighbor_channel,grp_l2_neighbor_channel_false_6_true_s_fu_10574/mul_7ns_7ns_13_4_0_U14670,0,26,0,"",""
l2_neighbor_channel,grp_l2_neighbor_channel_false_6_true_s_fu_10574/mul_7ns_7ns_13_4_0_U14671,0,24,0,"",""
l2_neighbor_channel,grp_l2_neighbor_channel_false_6_true_s_fu_10574/mul_7ns_7ns_13_4_0_U14674,0,24,0,"",""
l2_neighbor_channel,grp_l2_neighbor_channel_false_6_true_s_fu_10574/mul_7ns_7ns_13_4_0_U14679,0,26,0,"",""
l2_neighbor_channel,grp_l2_neighbor_channel_false_6_true_s_fu_10574/mul_7ns_7ns_13_4_0_U14680,0,24,0,"",""
l2_neighbor_channel,grp_l2_neighbor_channel_false_6_true_s_fu_10574/mul_7ns_7ns_13_4_0_U14683,0,22,0,"",""
l2_neighbor_channel,grp_l2_neighbor_channel_false_6_true_s_fu_10574/mul_7ns_7ns_13_4_0_U14689,0,22,0,"",""
l2_neighbor_channel,grp_l2_neighbor_channel_false_6_true_s_fu_10574/mul_7ns_7ns_13_4_0_U14695,0,22,0,"",""
l2_neighbor_channel,grp_l2_neighbor_channel_false_6_true_s_fu_10574/mul_7ns_7ns_13_4_0_U14701,0,22,0,"",""
l2_neighbor_channel,grp_l2_neighbor_channel_false_6_true_s_fu_10574/mul_7ns_7ns_13_4_0_U14707,0,22,0,"",""
l2_neighbor_channel,grp_l2_neighbor_channel_false_6_true_s_fu_10574/mul_7ns_7ns_13_4_0_U14713,0,22,0,"",""
l2_neighbor_channel,grp_l2_neighbor_channel_false_6_true_s_fu_10574/mul_7ns_7ns_13_4_0_U14719,0,22,0,"",""
l2_neighbor_channel,grp_l2_neighbor_channel_false_6_true_s_fu_10574/mul_7ns_7ns_13_4_0_U14725,0,22,0,"",""
l2_neighbor_channel,grp_l2_neighbor_channel_false_6_true_s_fu_10574/mul_7ns_7s_14_4_0_U14614,0,28,0,"",""
l2_neighbor_channel,grp_l2_neighbor_channel_false_6_true_s_fu_10574/mul_7ns_7s_14_4_0_U14618,0,22,0,"",""
l2_neighbor_channel,grp_l2_neighbor_channel_false_6_true_s_fu_10574/mul_7ns_7s_14_4_0_U14623,0,28,0,"",""
l2_neighbor_channel,grp_l2_neighbor_channel_false_6_true_s_fu_10574/mul_7ns_7s_14_4_0_U14627,0,22,0,"",""
l2_neighbor_channel,grp_l2_neighbor_channel_false_6_true_s_fu_10574/mul_7ns_7s_14_4_0_U14632,0,28,0,"",""
l2_neighbor_channel,grp_l2_neighbor_channel_false_6_true_s_fu_10574/mul_7ns_7s_14_4_0_U14636,0,22,0,"",""
l2_neighbor_channel,grp_l2_neighbor_channel_false_6_true_s_fu_10574/mul_7ns_7s_14_4_0_U14641,0,28,0,"",""
l2_neighbor_channel,grp_l2_neighbor_channel_false_6_true_s_fu_10574/mul_7ns_7s_14_4_0_U14645,0,22,0,"",""
l2_neighbor_channel,grp_l2_neighbor_channel_false_6_true_s_fu_10574/mul_7ns_7s_14_4_0_U14650,0,28,0,"",""
l2_neighbor_channel,grp_l2_neighbor_channel_false_6_true_s_fu_10574/mul_7ns_7s_14_4_0_U14654,0,22,0,"",""
l2_neighbor_channel,grp_l2_neighbor_channel_false_6_true_s_fu_10574/mul_7ns_7s_14_4_0_U14659,0,28,0,"",""
l2_neighbor_channel,grp_l2_neighbor_channel_false_6_true_s_fu_10574/mul_7ns_7s_14_4_0_U14663,0,22,0,"",""
l2_neighbor_channel,grp_l2_neighbor_channel_false_6_true_s_fu_10574/mul_7ns_7s_14_4_0_U14668,0,28,0,"",""
l2_neighbor_channel,grp_l2_neighbor_channel_false_6_true_s_fu_10574/mul_7ns_7s_14_4_0_U14672,0,22,0,"",""
l2_neighbor_channel,grp_l2_neighbor_channel_false_6_true_s_fu_10574/mul_7ns_7s_14_4_0_U14677,0,28,0,"",""
l2_neighbor_channel,grp_l2_neighbor_channel_false_6_true_s_fu_10574/mul_7ns_7s_14_4_0_U14681,0,22,0,"",""
l2_neighbor_channel,grp_l2_neighbor_channel_false_6_true_s_fu_10574/mul_7ns_8ns_14_4_0_U14612,0,20,0,"",""
l2_neighbor_channel,grp_l2_neighbor_channel_false_6_true_s_fu_10574/mul_7ns_8ns_14_4_0_U14621,0,20,0,"",""
l2_neighbor_channel,grp_l2_neighbor_channel_false_6_true_s_fu_10574/mul_7ns_8ns_14_4_0_U14630,0,20,0,"",""
l2_neighbor_channel,grp_l2_neighbor_channel_false_6_true_s_fu_10574/mul_7ns_8ns_14_4_0_U14639,0,20,0,"",""
l2_neighbor_channel,grp_l2_neighbor_channel_false_6_true_s_fu_10574/mul_7ns_8ns_14_4_0_U14648,0,20,0,"",""
l2_neighbor_channel,grp_l2_neighbor_channel_false_6_true_s_fu_10574/mul_7ns_8ns_14_4_0_U14657,0,20,0,"",""
l2_neighbor_channel,grp_l2_neighbor_channel_false_6_true_s_fu_10574/mul_7ns_8ns_14_4_0_U14666,0,20,0,"",""
l2_neighbor_channel,grp_l2_neighbor_channel_false_6_true_s_fu_10574/mul_7ns_8ns_14_4_0_U14675,0,20,0,"",""
l2_neighbor_channel,grp_l2_neighbor_channel_false_6_true_s_fu_10574/mul_7ns_8ns_14_4_0_U14685,0,26,0,"",""
l2_neighbor_channel,grp_l2_neighbor_channel_false_6_true_s_fu_10574/mul_7ns_8ns_14_4_0_U14687,0,24,0,"",""
l2_neighbor_channel,grp_l2_neighbor_channel_false_6_true_s_fu_10574/mul_7ns_8ns_14_4_0_U14691,0,26,0,"",""
l2_neighbor_channel,grp_l2_neighbor_channel_false_6_true_s_fu_10574/mul_7ns_8ns_14_4_0_U14693,0,24,0,"",""
l2_neighbor_channel,grp_l2_neighbor_channel_false_6_true_s_fu_10574/mul_7ns_8ns_14_4_0_U14697,0,26,0,"",""
l2_neighbor_channel,grp_l2_neighbor_channel_false_6_true_s_fu_10574/mul_7ns_8ns_14_4_0_U14699,0,24,0,"",""
l2_neighbor_channel,grp_l2_neighbor_channel_false_6_true_s_fu_10574/mul_7ns_8ns_14_4_0_U14703,0,26,0,"",""
l2_neighbor_channel,grp_l2_neighbor_channel_false_6_true_s_fu_10574/mul_7ns_8ns_14_4_0_U14705,0,24,0,"",""
l2_neighbor_channel,grp_l2_neighbor_channel_false_6_true_s_fu_10574/mul_7ns_8ns_14_4_0_U14709,0,26,0,"",""
l2_neighbor_channel,grp_l2_neighbor_channel_false_6_true_s_fu_10574/mul_7ns_8ns_14_4_0_U14711,0,24,0,"",""
l2_neighbor_channel,grp_l2_neighbor_channel_false_6_true_s_fu_10574/mul_7ns_8ns_14_4_0_U14715,0,26,0,"",""
l2_neighbor_channel,grp_l2_neighbor_channel_false_6_true_s_fu_10574/mul_7ns_8ns_14_4_0_U14717,0,24,0,"",""
l2_neighbor_channel,grp_l2_neighbor_channel_false_6_true_s_fu_10574/mul_7ns_8ns_14_4_0_U14721,0,26,0,"",""
l2_neighbor_channel,grp_l2_neighbor_channel_false_6_true_s_fu_10574/mul_7ns_8ns_14_4_0_U14723,0,24,0,"",""
l2_neighbor_channel,grp_l2_neighbor_channel_false_6_true_s_fu_10574/mul_7ns_8ns_14_4_0_U14727,0,26,0,"",""
l2_neighbor_channel,grp_l2_neighbor_channel_false_6_true_s_fu_10574/mul_7ns_8ns_14_4_0_U14729,0,24,0,"",""
l2_neighbor_channel,grp_l2_neighbor_channel_false_6_true_s_fu_10574/mul_7ns_8s_15_4_0_U14619,0,20,0,"",""
l2_neighbor_channel,grp_l2_neighbor_channel_false_6_true_s_fu_10574/mul_7ns_8s_15_4_0_U14628,0,20,0,"",""
l2_neighbor_channel,grp_l2_neighbor_channel_false_6_true_s_fu_10574/mul_7ns_8s_15_4_0_U14637,0,20,0,"",""
l2_neighbor_channel,grp_l2_neighbor_channel_false_6_true_s_fu_10574/mul_7ns_8s_15_4_0_U14646,0,20,0,"",""
l2_neighbor_channel,grp_l2_neighbor_channel_false_6_true_s_fu_10574/mul_7ns_8s_15_4_0_U14655,0,20,0,"",""
l2_neighbor_channel,grp_l2_neighbor_channel_false_6_true_s_fu_10574/mul_7ns_8s_15_4_0_U14664,0,20,0,"",""
l2_neighbor_channel,grp_l2_neighbor_channel_false_6_true_s_fu_10574/mul_7ns_8s_15_4_0_U14673,0,20,0,"",""
l2_neighbor_channel,grp_l2_neighbor_channel_false_6_true_s_fu_10574/mul_7ns_8s_15_4_0_U14682,0,20,0,"",""
l2_neighbor_channel,grp_l2_neighbor_channel_false_6_true_s_fu_10574/mul_7ns_8s_15_4_0_U14686,0,28,0,"",""
l2_neighbor_channel,grp_l2_neighbor_channel_false_6_true_s_fu_10574/mul_7ns_8s_15_4_0_U14688,0,16,0,"",""
l2_neighbor_channel,grp_l2_neighbor_channel_false_6_true_s_fu_10574/mul_7ns_8s_15_4_0_U14692,0,28,0,"",""
l2_neighbor_channel,grp_l2_neighbor_channel_false_6_true_s_fu_10574/mul_7ns_8s_15_4_0_U14694,0,16,0,"",""
l2_neighbor_channel,grp_l2_neighbor_channel_false_6_true_s_fu_10574/mul_7ns_8s_15_4_0_U14698,0,28,0,"",""
l2_neighbor_channel,grp_l2_neighbor_channel_false_6_true_s_fu_10574/mul_7ns_8s_15_4_0_U14700,0,16,0,"",""
l2_neighbor_channel,grp_l2_neighbor_channel_false_6_true_s_fu_10574/mul_7ns_8s_15_4_0_U14704,0,28,0,"",""
l2_neighbor_channel,grp_l2_neighbor_channel_false_6_true_s_fu_10574/mul_7ns_8s_15_4_0_U14706,0,16,0,"",""
l2_neighbor_channel,grp_l2_neighbor_channel_false_6_true_s_fu_10574/mul_7ns_8s_15_4_0_U14710,0,28,0,"",""
l2_neighbor_channel,grp_l2_neighbor_channel_false_6_true_s_fu_10574/mul_7ns_8s_15_4_0_U14712,0,16,0,"",""
l2_neighbor_channel,grp_l2_neighbor_channel_false_6_true_s_fu_10574/mul_7ns_8s_15_4_0_U14716,0,28,0,"",""
l2_neighbor_channel,grp_l2_neighbor_channel_false_6_true_s_fu_10574/mul_7ns_8s_15_4_0_U14718,0,16,0,"",""
l2_neighbor_channel,grp_l2_neighbor_channel_false_6_true_s_fu_10574/mul_7ns_8s_15_4_0_U14722,0,28,0,"",""
l2_neighbor_channel,grp_l2_neighbor_channel_false_6_true_s_fu_10574/mul_7ns_8s_15_4_0_U14724,0,16,0,"",""
l2_neighbor_channel,grp_l2_neighbor_channel_false_6_true_s_fu_10574/mul_7ns_8s_15_4_0_U14728,0,28,0,"",""
l2_neighbor_channel,grp_l2_neighbor_channel_false_6_true_s_fu_10574/mul_7ns_8s_15_4_0_U14730,0,16,0,"",""
l2_neighbor_channel,grp_l2_neighbor_channel_false_6_true_s_fu_10574/mul_7ns_8s_15_4_0_U14731,0,27,0,"",""
l2_neighbor_channel,grp_l2_neighbor_channel_false_6_true_s_fu_10574/mul_7ns_8s_15_4_0_U14732,0,30,0,"",""
l2_neighbor_channel,grp_l2_neighbor_channel_false_6_true_s_fu_10574/mul_7ns_8s_15_4_0_U14734,0,20,0,"",""
l2_neighbor_channel,grp_l2_neighbor_channel_false_6_true_s_fu_10574/mul_7ns_8s_15_4_0_U14735,0,27,0,"",""
l2_neighbor_channel,grp_l2_neighbor_channel_false_6_true_s_fu_10574/mul_7ns_8s_15_4_0_U14736,0,30,0,"",""
l2_neighbor_channel,grp_l2_neighbor_channel_false_6_true_s_fu_10574/mul_7ns_8s_15_4_0_U14738,0,20,0,"",""
l2_neighbor_channel,grp_l2_neighbor_channel_false_6_true_s_fu_10574/mul_7ns_8s_15_4_0_U14739,0,27,0,"",""
l2_neighbor_channel,grp_l2_neighbor_channel_false_6_true_s_fu_10574/mul_7ns_8s_15_4_0_U14740,0,30,0,"",""
l2_neighbor_channel,grp_l2_neighbor_channel_false_6_true_s_fu_10574/mul_7ns_8s_15_4_0_U14742,0,20,0,"",""
l2_neighbor_channel,grp_l2_neighbor_channel_false_6_true_s_fu_10574/mul_7ns_8s_15_4_0_U14743,0,27,0,"",""
l2_neighbor_channel,grp_l2_neighbor_channel_false_6_true_s_fu_10574/mul_7ns_8s_15_4_0_U14744,0,30,0,"",""
l2_neighbor_channel,grp_l2_neighbor_channel_false_6_true_s_fu_10574/mul_7ns_8s_15_4_0_U14746,0,20,0,"",""
l2_neighbor_channel,grp_l2_neighbor_channel_false_6_true_s_fu_10574/mul_7ns_8s_15_4_0_U14747,0,27,0,"",""
l2_neighbor_channel,grp_l2_neighbor_channel_false_6_true_s_fu_10574/mul_7ns_8s_15_4_0_U14748,0,30,0,"",""
l2_neighbor_channel,grp_l2_neighbor_channel_false_6_true_s_fu_10574/mul_7ns_8s_15_4_0_U14750,0,20,0,"",""
l2_neighbor_channel,grp_l2_neighbor_channel_false_6_true_s_fu_10574/mul_7ns_8s_15_4_0_U14751,0,27,0,"",""
l2_neighbor_channel,grp_l2_neighbor_channel_false_6_true_s_fu_10574/mul_7ns_8s_15_4_0_U14752,0,30,0,"",""
l2_neighbor_channel,grp_l2_neighbor_channel_false_6_true_s_fu_10574/mul_7ns_8s_15_4_0_U14754,0,20,0,"",""
l2_neighbor_channel,grp_l2_neighbor_channel_false_6_true_s_fu_10574/mul_7ns_8s_15_4_0_U14755,0,27,0,"",""
l2_neighbor_channel,grp_l2_neighbor_channel_false_6_true_s_fu_10574/mul_7ns_8s_15_4_0_U14756,0,30,0,"",""
l2_neighbor_channel,grp_l2_neighbor_channel_false_6_true_s_fu_10574/mul_7ns_8s_15_4_0_U14758,0,20,0,"",""
l2_neighbor_channel,grp_l2_neighbor_channel_false_6_true_s_fu_10574/mul_7ns_8s_15_4_0_U14759,0,27,0,"",""
l2_neighbor_channel,grp_l2_neighbor_channel_false_6_true_s_fu_10574/mul_7ns_8s_15_4_0_U14760,0,30,0,"",""
l2_neighbor_channel,grp_l2_neighbor_channel_false_6_true_s_fu_10574/mul_7ns_8s_15_4_0_U14762,0,20,0,"",""
l2_neighbor_channel,grp_l2_neighbor_channel_false_6_true_s_fu_10574/add_18s_18s_18_2_0_U14763/u1,9,0,0,"",""
l2_neighbor_channel,grp_l2_neighbor_channel_false_6_true_s_fu_10574/add_18s_18s_18_2_0_U14763/u2,9,0,0,"",""
l2_neighbor_channel,grp_l2_neighbor_channel_false_6_true_s_fu_10574/add_18s_18s_18_2_0_U14764/u1,9,0,0,"",""
l2_neighbor_channel,grp_l2_neighbor_channel_false_6_true_s_fu_10574/add_18s_18s_18_2_0_U14764/u2,9,0,0,"",""
l2_neighbor_channel,grp_l2_neighbor_channel_false_6_true_s_fu_10574/add_18s_18s_18_2_0_U14765/u1,9,0,0,"",""
l2_neighbor_channel,grp_l2_neighbor_channel_false_6_true_s_fu_10574/add_18s_18s_18_2_0_U14765/u2,9,0,0,"",""
l2_neighbor_channel,grp_l2_neighbor_channel_false_6_true_s_fu_10574/add_18s_18s_18_2_0_U14766/u1,9,0,0,"",""
l2_neighbor_channel,grp_l2_neighbor_channel_false_6_true_s_fu_10574/add_18s_18s_18_2_0_U14766/u2,9,0,0,"",""
l2_neighbor_channel,grp_l2_neighbor_channel_false_6_true_s_fu_10574/add_18s_18s_18_2_0_U14767/u1,9,0,0,"",""
l2_neighbor_channel,grp_l2_neighbor_channel_false_6_true_s_fu_10574/add_18s_18s_18_2_0_U14767/u2,9,0,0,"",""
l2_neighbor_channel,grp_l2_neighbor_channel_false_6_true_s_fu_10574/add_18s_18s_18_2_0_U14768/u1,9,0,0,"",""
l2_neighbor_channel,grp_l2_neighbor_channel_false_6_true_s_fu_10574/add_18s_18s_18_2_0_U14768/u2,9,0,0,"",""
l2_neighbor_channel,grp_l2_neighbor_channel_false_6_true_s_fu_10574/add_18s_18s_18_2_0_U14769/u1,9,0,0,"",""
l2_neighbor_channel,grp_l2_neighbor_channel_false_6_true_s_fu_10574/add_18s_18s_18_2_0_U14769/u2,9,0,0,"",""
l2_neighbor_channel,grp_l2_neighbor_channel_false_6_true_s_fu_10574/add_18s_18s_18_2_0_U14770/u1,9,0,0,"",""
l2_neighbor_channel,grp_l2_neighbor_channel_false_6_true_s_fu_10574/add_18s_18s_18_2_0_U14770/u2,9,0,0,"",""
