
****** vitis-run v2025.2 (64-bit)
  **** SW Build 6295257 on 2025-11-13-01:29:13
  **** Start of session at: Thu Aug 20 02:00:15 2026
    ** Copyright 1986-2022 Xilinx, Inc. All Rights Reserved.
    ** Copyright 2022-2025 Advanced Micro Devices, Inc. All Rights Reserved.

  **** HLS Build v2025.2 6295257
Sourcing Tcl script '/mnt_pool/c3_users/user/pleguina/graphsage_vivado_2024_1_sweep/hls/build_graphsage_experiment.tcl'
EXPERIMENT_NAME=exp5_two_complete_domains
HLS_PROJECT_DIR=/mnt_pool/c3_users/user/pleguina/graphsage_vivado_2024_1_sweep/build/experiments/exp5_two_complete_domains/hls
HLS_CFLAGS=-I/mnt_pool/c3_users/user/pleguina/graphsage_vivado_2024_1_sweep/hls -DGRAPHSAGE_INTERNAL_LOCALITY_HIERARCHY=1 -DDSE_ENABLE_INTERNAL_LOCALITY=1 -DDSE_LOCALITY_LIN1_GROUPS=4 -DDSE_LOCALITY_AGG2_GROUPS=4 -DM_BITS=24 -DBETA1_SHIFT=17 -DBETA2_SHIFT=12 -DEFF_SCALE1_SHIFT=6 -DEFF_SCALE2_SHIFT=6 -DDSE_COMPUTE_DOMAINS=2
INFO: [HLS 200-1510] Running: open_project -reset /mnt_pool/c3_users/user/pleguina/graphsage_vivado_2024_1_sweep/build/experiments/exp5_two_complete_domains/hls 
WARNING: [HLS 200-2182] The 'hls' project will not automatically appear within Vitis IDE workspaces and is meant only for TCL batch use.  Please use open_component instead of open_project/open_solution to generate Vitis IDE compatible component files and directory structure.
Resolution: For help on HLS 200-2182 see docs.amd.com/access/sources/dita/topic?Doc_Version=2025.2%20English&url=ug1448-hls-guidance&resourceid=200-2182.html
INFO: [HLS 200-10] Creating and opening solution '/mnt_pool/c3_users/user/pleguina/graphsage_vivado_2024_1_sweep/build/experiments/exp5_two_complete_domains/hls'.
INFO: [HLS 200-1510] Running: set_top graphsage_int8_po2 
INFO: [HLS 200-1510] Running: add_files /mnt_pool/c3_users/user/pleguina/graphsage_vivado_2024_1_sweep/hls/graphsage_layer_int8_po2.cpp -cflags -I/mnt_pool/c3_users/user/pleguina/graphsage_vivado_2024_1_sweep/hls -DGRAPHSAGE_INTERNAL_LOCALITY_HIERARCHY=1 -DDSE_ENABLE_INTERNAL_LOCALITY=1 -DDSE_LOCALITY_LIN1_GROUPS=4 -DDSE_LOCALITY_AGG2_GROUPS=4 -DM_BITS=24 -DBETA1_SHIFT=17 -DBETA2_SHIFT=12 -DEFF_SCALE1_SHIFT=6 -DEFF_SCALE2_SHIFT=6 -DDSE_COMPUTE_DOMAINS=2 
INFO: [HLS 200-10] Adding design file '/mnt_pool/c3_users/user/pleguina/graphsage_vivado_2024_1_sweep/hls/graphsage_layer_int8_po2.cpp' to the project
INFO: [HLS 200-1510] Running: add_files /mnt_pool/c3_users/user/pleguina/graphsage_vivado_2024_1_sweep/hls/graphsage_layer_int8_po2_locality_hierarchy.h -cflags -I/mnt_pool/c3_users/user/pleguina/graphsage_vivado_2024_1_sweep/hls -DGRAPHSAGE_INTERNAL_LOCALITY_HIERARCHY=1 -DDSE_ENABLE_INTERNAL_LOCALITY=1 -DDSE_LOCALITY_LIN1_GROUPS=4 -DDSE_LOCALITY_AGG2_GROUPS=4 -DM_BITS=24 -DBETA1_SHIFT=17 -DBETA2_SHIFT=12 -DEFF_SCALE1_SHIFT=6 -DEFF_SCALE2_SHIFT=6 -DDSE_COMPUTE_DOMAINS=2 
INFO: [HLS 200-10] Adding design file '/mnt_pool/c3_users/user/pleguina/graphsage_vivado_2024_1_sweep/hls/graphsage_layer_int8_po2_locality_hierarchy.h' to the project
INFO: [HLS 200-1510] Running: open_solution -reset solution1 -flow_target vivado 
INFO: [HLS 200-10] Creating and opening solution '/mnt_pool/c3_users/user/pleguina/graphsage_vivado_2024_1_sweep/build/experiments/exp5_two_complete_domains/hls/solution1'.
INFO: [HLS 200-10] Cleaning up the solution database.
INFO: [HLS 200-1505] Using flow_target 'vivado'
Resolution: For help on HLS 200-1505 see docs.amd.com/access/sources/dita/topic?Doc_Version=2025.2%20English&url=ug1448-hls-guidance&resourceid=200-1505.html
INFO: [HLS 200-1510] Running: set_part xcvu13p-fsga2577-1-e 
INFO: [HLS 200-1611] Setting target device to 'xcvu13p-fsga2577-1-e'
INFO: [HLS 200-1510] Running: create_clock -period 2.0 -name default 
INFO: [SYN 201-201] Setting up clock 'default' with a period of 2ns.
INFO: [HLS 200-1510] Running: csynth_design 
INFO: [HLS 200-111] Finished File checks and directory preparation: CPU user time: 0.46 seconds. CPU system time: 0.1 seconds. Elapsed time: 7.15 seconds; current allocated memory: 609.785 MB.
INFO: [HLS 200-2191] C-Synthesis will use clang-16 as the compiler
INFO: [HLS 200-10] Analyzing design file '/mnt_pool/c3_users/user/pleguina/graphsage_vivado_2024_1_sweep/hls/graphsage_layer_int8_po2.cpp' ... 
WARNING: [HLS 207-4746] use of function template name with no prior declaration in function call with explicit template arguments is a C++20 extension (/mnt_pool/c3_users/user/pleguina/graphsage_vivado_2024_1_sweep/hls/graphsage_layer_int8_po2_locality_hierarchy.h:797:5)
INFO: [HLS 207-5221] in instantiation of function template specialization 'complete_frontend_domain<0, 8, 16, 24>' requested here (/mnt_pool/c3_users/user/pleguina/graphsage_vivado_2024_1_sweep/hls/graphsage_layer_int8_po2_locality_hierarchy.h:896:5)
INFO: [HLS 207-5221] in instantiation of function template specialization 'graphsage_int8_po2_template<8, 16, 24, 7>' requested here (/mnt_pool/c3_users/user/pleguina/graphsage_vivado_2024_1_sweep/hls/graphsage_layer_int8_po2.cpp:65:5)
INFO: [HLS 207-5221] in instantiation of function template specialization 'complete_frontend_domain<1, 8, 16, 24>' requested here (/mnt_pool/c3_users/user/pleguina/graphsage_vivado_2024_1_sweep/hls/graphsage_layer_int8_po2_locality_hierarchy.h:899:5)
INFO: [HLS 200-111] Finished Source Code Analysis and Preprocessing: CPU user time: 3.13 seconds. CPU system time: 0.47 seconds. Elapsed time: 14.63 seconds; current allocated memory: 612.887 MB.
INFO: [HLS 200-777] Using interface defaults for 'Vivado' flow target.
INFO: [HLS 200-1995] There were 5,903 instructions in the design after the 'Compile/Link' phase of compilation. See the Design Size Report for more details (/mnt_pool/c3_users/user/pleguina/graphsage_vivado_2024_1_sweep/build/experiments/exp5_two_complete_domains/hls/solution1/syn/report/csynth_design_size.rpt:2)
WARNING: [HLS 200-1995] There were 160,924 instructions in the design after the 'Unroll/Inline' phase of compilation. See the Design Size Report for more details (/mnt_pool/c3_users/user/pleguina/graphsage_vivado_2024_1_sweep/build/experiments/exp5_two_complete_domains/hls/solution1/syn/report/csynth_design_size.rpt:2)
WARNING: [HLS 200-1995] There were 110,658 instructions in the design after the 'Unroll/Inline (step 2)' phase of compilation. See the Design Size Report for more details (/mnt_pool/c3_users/user/pleguina/graphsage_vivado_2024_1_sweep/build/experiments/exp5_two_complete_domains/hls/solution1/syn/report/csynth_design_size.rpt:2)
WARNING: [HLS 200-1995] There were 110,658 instructions in the design after the 'Unroll/Inline (step 3)' phase of compilation. See the Design Size Report for more details (/mnt_pool/c3_users/user/pleguina/graphsage_vivado_2024_1_sweep/build/experiments/exp5_two_complete_domains/hls/solution1/syn/report/csynth_design_size.rpt:2)
WARNING: [HLS 200-1995] There were 110,658 instructions in the design after the 'Unroll/Inline (step 4)' phase of compilation. See the Design Size Report for more details (/mnt_pool/c3_users/user/pleguina/graphsage_vivado_2024_1_sweep/build/experiments/exp5_two_complete_domains/hls/solution1/syn/report/csynth_design_size.rpt:2)
WARNING: [HLS 200-1995] There were 470,839 instructions in the design after the 'Array/Struct' phase of compilation. See the Design Size Report for more details (/mnt_pool/c3_users/user/pleguina/graphsage_vivado_2024_1_sweep/build/experiments/exp5_two_complete_domains/hls/solution1/syn/report/csynth_design_size.rpt:2)
INFO: [HLS 200-1995] There were 88,505 instructions in the design after the 'Array/Struct (step 2)' phase of compilation. See the Design Size Report for more details (/mnt_pool/c3_users/user/pleguina/graphsage_vivado_2024_1_sweep/build/experiments/exp5_two_complete_domains/hls/solution1/syn/report/csynth_design_size.rpt:2)
INFO: [HLS 200-1995] There were 89,945 instructions in the design after the 'Array/Struct (step 3)' phase of compilation. See the Design Size Report for more details (/mnt_pool/c3_users/user/pleguina/graphsage_vivado_2024_1_sweep/build/experiments/exp5_two_complete_domains/hls/solution1/syn/report/csynth_design_size.rpt:2)
INFO: [HLS 200-1995] There were 89,945 instructions in the design after the 'Array/Struct (step 4)' phase of compilation. See the Design Size Report for more details (/mnt_pool/c3_users/user/pleguina/graphsage_vivado_2024_1_sweep/build/experiments/exp5_two_complete_domains/hls/solution1/syn/report/csynth_design_size.rpt:2)
INFO: [HLS 200-1995] There were 89,945 instructions in the design after the 'Array/Struct (step 5)' phase of compilation. See the Design Size Report for more details (/mnt_pool/c3_users/user/pleguina/graphsage_vivado_2024_1_sweep/build/experiments/exp5_two_complete_domains/hls/solution1/syn/report/csynth_design_size.rpt:2)
INFO: [HLS 200-1995] There were 86,401 instructions in the design after the 'Performance' phase of compilation. See the Design Size Report for more details (/mnt_pool/c3_users/user/pleguina/graphsage_vivado_2024_1_sweep/build/experiments/exp5_two_complete_domains/hls/solution1/syn/report/csynth_design_size.rpt:2)
INFO: [HLS 200-1995] There were 87,167 instructions in the design after the 'Performance (step 2)' phase of compilation. See the Design Size Report for more details (/mnt_pool/c3_users/user/pleguina/graphsage_vivado_2024_1_sweep/build/experiments/exp5_two_complete_domains/hls/solution1/syn/report/csynth_design_size.rpt:2)
INFO: [HLS 200-1995] There were 87,167 instructions in the design after the 'Performance (step 3)' phase of compilation. See the Design Size Report for more details (/mnt_pool/c3_users/user/pleguina/graphsage_vivado_2024_1_sweep/build/experiments/exp5_two_complete_domains/hls/solution1/syn/report/csynth_design_size.rpt:2)
INFO: [HLS 200-1995] There were 87,167 instructions in the design after the 'Performance (step 4)' phase of compilation. See the Design Size Report for more details (/mnt_pool/c3_users/user/pleguina/graphsage_vivado_2024_1_sweep/build/experiments/exp5_two_complete_domains/hls/solution1/syn/report/csynth_design_size.rpt:2)
INFO: [HLS 200-1995] There were 87,998 instructions in the design after the 'HW Transforms' phase of compilation. See the Design Size Report for more details (/mnt_pool/c3_users/user/pleguina/graphsage_vivado_2024_1_sweep/build/experiments/exp5_two_complete_domains/hls/solution1/syn/report/csynth_design_size.rpt:2)
INFO: [HLS 200-1995] There were 86,087 instructions in the design after the 'HW Transforms (step 2)' phase of compilation. See the Design Size Report for more details (/mnt_pool/c3_users/user/pleguina/graphsage_vivado_2024_1_sweep/build/experiments/exp5_two_complete_domains/hls/solution1/syn/report/csynth_design_size.rpt:2)
INFO: [HLS 214-131] Inlining function 'int8_clamp(ap_int<22>)' into 'void aggregate_int8_po2<8, 16>(ap_int<16> const (*) [8], ap_int<8> const (*) [16], ap_int<8> (*) [16], int)' (hls/graphsage_layer_int8_po2_locality_hierarchy.h:367:29)
INFO: [HLS 214-131] Inlining function 'int8_clamp(ap_int<22>)' into 'void linear_int8_po2<8, 16, 24>(ap_int<8> const (*) [16], ap_int<8> const (*) [16], ap_int<22> const*, ap_int<8> (*) [24], int)' (hls/graphsage_layer_int8_po2_locality_hierarchy.h:446:28)
INFO: [HLS 214-131] Inlining function 'void aggregate_int8_po2<8, 16>(ap_int<16> const (*) [8], ap_int<8> const (*) [16], ap_int<8> (*) [16], int)' into 'void complete_frontend_domain<0, 8, 16, 24>(ap_int<16> const (*) [8], ap_int<8> const (*) [16], ap_int<8> const (*) [16], ap_int<22> const*, ap_int<8> (*) [24])' (hls/graphsage_layer_int8_po2_locality_hierarchy.h:791:5)
INFO: [HLS 214-131] Inlining function 'void relu_int8<8, 24>(ap_int<8> (*) [24])' into 'void complete_frontend_domain<0, 8, 16, 24>(ap_int<16> const (*) [8], ap_int<8> const (*) [16], ap_int<8> const (*) [16], ap_int<22> const*, ap_int<8> (*) [24])' (hls/graphsage_layer_int8_po2_locality_hierarchy.h:797:5)
INFO: [HLS 214-131] Inlining function 'void linear_int8_po2<8, 16, 24>(ap_int<8> const (*) [16], ap_int<8> const (*) [16], ap_int<22> const*, ap_int<8> (*) [24], int)' into 'void complete_frontend_domain<0, 8, 16, 24>(ap_int<16> const (*) [8], ap_int<8> const (*) [16], ap_int<8> const (*) [16], ap_int<22> const*, ap_int<8> (*) [24])' (hls/graphsage_layer_int8_po2_locality_hierarchy.h:794:5)
INFO: [HLS 214-131] Inlining function 'void aggregate_int8_po2<8, 16>(ap_int<16> const (*) [8], ap_int<8> const (*) [16], ap_int<8> (*) [16], int)' into 'void complete_frontend_domain<1, 8, 16, 24>(ap_int<16> const (*) [8], ap_int<8> const (*) [16], ap_int<8> const (*) [16], ap_int<22> const*, ap_int<8> (*) [24])' (hls/graphsage_layer_int8_po2_locality_hierarchy.h:791:5)
INFO: [HLS 214-131] Inlining function 'void relu_int8<8, 24>(ap_int<8> (*) [24])' into 'void complete_frontend_domain<1, 8, 16, 24>(ap_int<16> const (*) [8], ap_int<8> const (*) [16], ap_int<8> const (*) [16], ap_int<22> const*, ap_int<8> (*) [24])' (hls/graphsage_layer_int8_po2_locality_hierarchy.h:797:5)
INFO: [HLS 214-131] Inlining function 'void linear_int8_po2<8, 16, 24>(ap_int<8> const (*) [16], ap_int<8> const (*) [16], ap_int<22> const*, ap_int<8> (*) [24], int)' into 'void complete_frontend_domain<1, 8, 16, 24>(ap_int<16> const (*) [8], ap_int<8> const (*) [16], ap_int<8> const (*) [16], ap_int<22> const*, ap_int<8> (*) [24])' (hls/graphsage_layer_int8_po2_locality_hierarchy.h:794:5)
INFO: [HLS 214-131] Inlining function 'int8_clamp(ap_int<22>)' into 'void aggregate2_local_group<0, 2, 8, 24>(ap_int<16> const (*) [8], ap_int<8> const (*) [24], ap_int<8> (*) [24], int)' (hls/graphsage_layer_int8_po2_locality_hierarchy.h:724:29)
INFO: [HLS 214-131] Inlining function 'int8_clamp(ap_int<22>)' into 'void aggregate2_local_group<2, 2, 8, 24>(ap_int<16> const (*) [8], ap_int<8> const (*) [24], ap_int<8> (*) [24], int)' (hls/graphsage_layer_int8_po2_locality_hierarchy.h:724:29)
INFO: [HLS 214-131] Inlining function 'int8_clamp(ap_int<22>)' into 'void aggregate2_local_group<4, 2, 8, 24>(ap_int<16> const (*) [8], ap_int<8> const (*) [24], ap_int<8> (*) [24], int)' (hls/graphsage_layer_int8_po2_locality_hierarchy.h:724:29)
INFO: [HLS 214-131] Inlining function 'int8_clamp(ap_int<22>)' into 'void aggregate2_local_group<6, 2, 8, 24>(ap_int<16> const (*) [8], ap_int<8> const (*) [24], ap_int<8> (*) [24], int)' (hls/graphsage_layer_int8_po2_locality_hierarchy.h:724:29)
INFO: [HLS 214-131] Inlining function 'int8_clamp(ap_int<22>)' into 'void linear_int8_po2<8, 24, 7>(ap_int<8> const (*) [24], ap_int<8> const (*) [24], ap_int<22> const*, ap_int<8> (*) [7], int)' (hls/graphsage_layer_int8_po2_locality_hierarchy.h:446:28)
INFO: [HLS 214-131] Inlining function 'void linear_int8_po2<8, 24, 7>(ap_int<8> const (*) [24], ap_int<8> const (*) [24], ap_int<22> const*, ap_int<8> (*) [7], int)' into 'void graphsage_int8_po2_template<8, 16, 24, 7>(ap_int<16> const (*) [8], ap_int<8> const (*) [16], ap_int<8> const (*) [16], ap_int<22> const*, ap_int<8> const (*) [24], ap_int<22> const*, ap_int<8> (*) [7])' (hls/graphsage_layer_int8_po2_locality_hierarchy.h:924:5)
INFO: [HLS 214-291] Loop 'LIN_N' is marked as complete unroll implied by the pipeline pragma (hls/graphsage_layer_int8_po2_locality_hierarchy.h:402:5)
INFO: [HLS 214-291] Loop 'LIN_O' is marked as complete unroll implied by the pipeline pragma (hls/graphsage_layer_int8_po2_locality_hierarchy.h:409:9)
INFO: [HLS 214-291] Loop 'LIN_F' is marked as complete unroll implied by the pipeline pragma (hls/graphsage_layer_int8_po2_locality_hierarchy.h:422:13)
INFO: [HLS 214-291] Loop 'LOC_AGG2_I' is marked as complete unroll implied by the pipeline pragma (hls/graphsage_layer_int8_po2_locality_hierarchy.h:691:5)
INFO: [HLS 214-291] Loop 'LOC_AGG2_F' is marked as complete unroll implied by the pipeline pragma (hls/graphsage_layer_int8_po2_locality_hierarchy.h:700:9)
INFO: [HLS 214-291] Loop 'LOC_AGG2_J' is marked as complete unroll implied by the pipeline pragma (hls/graphsage_layer_int8_po2_locality_hierarchy.h:711:13)
INFO: [HLS 214-291] Loop 'RELU_N' is marked as complete unroll implied by the pipeline pragma (hls/graphsage_layer_int8_po2_locality_hierarchy.h:810:5)
INFO: [HLS 214-291] Loop 'RELU_F' is marked as complete unroll implied by the pipeline pragma (hls/graphsage_layer_int8_po2_locality_hierarchy.h:817:9)
INFO: [HLS 214-291] Loop 'AGG_I' is marked as complete unroll implied by the pipeline pragma (hls/graphsage_layer_int8_po2_locality_hierarchy.h:332:5)
INFO: [HLS 214-291] Loop 'AGG_F' is marked as complete unroll implied by the pipeline pragma (hls/graphsage_layer_int8_po2_locality_hierarchy.h:339:9)
INFO: [HLS 214-291] Loop 'AGG_J' is marked as complete unroll implied by the pipeline pragma (hls/graphsage_layer_int8_po2_locality_hierarchy.h:351:13)
INFO: [HLS 214-186] Unrolling loop 'LIN_N' (hls/graphsage_layer_int8_po2_locality_hierarchy.h:402:5) in function 'graphsage_int8_po2_template<8, 16, 24, 7>' completely with a factor of 8 (hls/graphsage_layer_int8_po2_locality_hierarchy.h:843:0)
INFO: [HLS 214-186] Unrolling loop 'LIN_O' (hls/graphsage_layer_int8_po2_locality_hierarchy.h:409:9) in function 'graphsage_int8_po2_template<8, 16, 24, 7>' completely with a factor of 7 (hls/graphsage_layer_int8_po2_locality_hierarchy.h:843:0)
WARNING: [HLS 214-189] Pipeline directive for loop 'LIN_O' (hls/graphsage_layer_int8_po2_locality_hierarchy.h:409:9) in function 'graphsage_int8_po2_template<8, 16, 24, 7>' has been removed because the loop is unrolled completely (hls/graphsage_layer_int8_po2_locality_hierarchy.h:415:1)
INFO: [HLS 214-186] Unrolling loop 'LIN_F' (hls/graphsage_layer_int8_po2_locality_hierarchy.h:422:13) in function 'graphsage_int8_po2_template<8, 16, 24, 7>' completely with a factor of 24 (hls/graphsage_layer_int8_po2_locality_hierarchy.h:843:0)
INFO: [HLS 214-186] Unrolling loop 'LOC_AGG2_I' (hls/graphsage_layer_int8_po2_locality_hierarchy.h:691:5) in function 'aggregate2_local_group<6, 2, 8, 24>' completely with a factor of 2 (hls/graphsage_layer_int8_po2_locality_hierarchy.h:673:0)
INFO: [HLS 214-186] Unrolling loop 'LOC_AGG2_F' (hls/graphsage_layer_int8_po2_locality_hierarchy.h:700:9) in function 'aggregate2_local_group<6, 2, 8, 24>' completely with a factor of 24 (hls/graphsage_layer_int8_po2_locality_hierarchy.h:673:0)
INFO: [HLS 214-186] Unrolling loop 'LOC_AGG2_J' (hls/graphsage_layer_int8_po2_locality_hierarchy.h:711:13) in function 'aggregate2_local_group<6, 2, 8, 24>' completely with a factor of 8 (hls/graphsage_layer_int8_po2_locality_hierarchy.h:673:0)
INFO: [HLS 214-186] Unrolling loop 'LOC_AGG2_I' (hls/graphsage_layer_int8_po2_locality_hierarchy.h:691:5) in function 'aggregate2_local_group<4, 2, 8, 24>' completely with a factor of 2 (hls/graphsage_layer_int8_po2_locality_hierarchy.h:673:0)
INFO: [HLS 214-186] Unrolling loop 'LOC_AGG2_F' (hls/graphsage_layer_int8_po2_locality_hierarchy.h:700:9) in function 'aggregate2_local_group<4, 2, 8, 24>' completely with a factor of 24 (hls/graphsage_layer_int8_po2_locality_hierarchy.h:673:0)
INFO: [HLS 214-186] Unrolling loop 'LOC_AGG2_J' (hls/graphsage_layer_int8_po2_locality_hierarchy.h:711:13) in function 'aggregate2_local_group<4, 2, 8, 24>' completely with a factor of 8 (hls/graphsage_layer_int8_po2_locality_hierarchy.h:673:0)
INFO: [HLS 214-186] Unrolling loop 'LOC_AGG2_I' (hls/graphsage_layer_int8_po2_locality_hierarchy.h:691:5) in function 'aggregate2_local_group<2, 2, 8, 24>' completely with a factor of 2 (hls/graphsage_layer_int8_po2_locality_hierarchy.h:673:0)
INFO: [HLS 214-186] Unrolling loop 'LOC_AGG2_F' (hls/graphsage_layer_int8_po2_locality_hierarchy.h:700:9) in function 'aggregate2_local_group<2, 2, 8, 24>' completely with a factor of 24 (hls/graphsage_layer_int8_po2_locality_hierarchy.h:673:0)
INFO: [HLS 214-186] Unrolling loop 'LOC_AGG2_J' (hls/graphsage_layer_int8_po2_locality_hierarchy.h:711:13) in function 'aggregate2_local_group<2, 2, 8, 24>' completely with a factor of 8 (hls/graphsage_layer_int8_po2_locality_hierarchy.h:673:0)
INFO: [HLS 214-186] Unrolling loop 'LOC_AGG2_I' (hls/graphsage_layer_int8_po2_locality_hierarchy.h:691:5) in function 'aggregate2_local_group<0, 2, 8, 24>' completely with a factor of 2 (hls/graphsage_layer_int8_po2_locality_hierarchy.h:673:0)
INFO: [HLS 214-186] Unrolling loop 'LOC_AGG2_F' (hls/graphsage_layer_int8_po2_locality_hierarchy.h:700:9) in function 'aggregate2_local_group<0, 2, 8, 24>' completely with a factor of 24 (hls/graphsage_layer_int8_po2_locality_hierarchy.h:673:0)
INFO: [HLS 214-186] Unrolling loop 'LOC_AGG2_J' (hls/graphsage_layer_int8_po2_locality_hierarchy.h:711:13) in function 'aggregate2_local_group<0, 2, 8, 24>' completely with a factor of 8 (hls/graphsage_layer_int8_po2_locality_hierarchy.h:673:0)
INFO: [HLS 214-186] Unrolling loop 'RELU_N' (hls/graphsage_layer_int8_po2_locality_hierarchy.h:810:5) in function 'complete_frontend_domain<1, 8, 16, 24>' completely with a factor of 8 (hls/graphsage_layer_int8_po2_locality_hierarchy.h:782:0)
INFO: [HLS 214-186] Unrolling loop 'RELU_F' (hls/graphsage_layer_int8_po2_locality_hierarchy.h:817:9) in function 'complete_frontend_domain<1, 8, 16, 24>' completely with a factor of 24 (hls/graphsage_layer_int8_po2_locality_hierarchy.h:782:0)
INFO: [HLS 214-186] Unrolling loop 'LIN_N' (hls/graphsage_layer_int8_po2_locality_hierarchy.h:402:5) in function 'complete_frontend_domain<1, 8, 16, 24>' completely with a factor of 8 (hls/graphsage_layer_int8_po2_locality_hierarchy.h:782:0)
INFO: [HLS 214-186] Unrolling loop 'LIN_O' (hls/graphsage_layer_int8_po2_locality_hierarchy.h:409:9) in function 'complete_frontend_domain<1, 8, 16, 24>' completely with a factor of 24 (hls/graphsage_layer_int8_po2_locality_hierarchy.h:782:0)
WARNING: [HLS 214-189] Pipeline directive for loop 'LIN_O' (hls/graphsage_layer_int8_po2_locality_hierarchy.h:409:9) in function 'complete_frontend_domain<1, 8, 16, 24>' has been removed because the loop is unrolled completely (hls/graphsage_layer_int8_po2_locality_hierarchy.h:415:1)
INFO: [HLS 214-186] Unrolling loop 'LIN_F' (hls/graphsage_layer_int8_po2_locality_hierarchy.h:422:13) in function 'complete_frontend_domain<1, 8, 16, 24>' completely with a factor of 16 (hls/graphsage_layer_int8_po2_locality_hierarchy.h:782:0)
INFO: [HLS 214-186] Unrolling loop 'AGG_I' (hls/graphsage_layer_int8_po2_locality_hierarchy.h:332:5) in function 'complete_frontend_domain<1, 8, 16, 24>' completely with a factor of 8 (hls/graphsage_layer_int8_po2_locality_hierarchy.h:782:0)
INFO: [HLS 214-186] Unrolling loop 'AGG_F' (hls/graphsage_layer_int8_po2_locality_hierarchy.h:339:9) in function 'complete_frontend_domain<1, 8, 16, 24>' completely with a factor of 16 (hls/graphsage_layer_int8_po2_locality_hierarchy.h:782:0)
INFO: [HLS 214-186] Unrolling loop 'AGG_J' (hls/graphsage_layer_int8_po2_locality_hierarchy.h:351:13) in function 'complete_frontend_domain<1, 8, 16, 24>' completely with a factor of 8 (hls/graphsage_layer_int8_po2_locality_hierarchy.h:782:0)
INFO: [HLS 214-186] Unrolling loop 'RELU_N' (hls/graphsage_layer_int8_po2_locality_hierarchy.h:810:5) in function 'complete_frontend_domain<0, 8, 16, 24>' completely with a factor of 8 (hls/graphsage_layer_int8_po2_locality_hierarchy.h:782:0)
INFO: [HLS 214-186] Unrolling loop 'RELU_F' (hls/graphsage_layer_int8_po2_locality_hierarchy.h:817:9) in function 'complete_frontend_domain<0, 8, 16, 24>' completely with a factor of 24 (hls/graphsage_layer_int8_po2_locality_hierarchy.h:782:0)
INFO: [HLS 214-186] Unrolling loop 'LIN_N' (hls/graphsage_layer_int8_po2_locality_hierarchy.h:402:5) in function 'complete_frontend_domain<0, 8, 16, 24>' completely with a factor of 8 (hls/graphsage_layer_int8_po2_locality_hierarchy.h:782:0)
INFO: [HLS 214-186] Unrolling loop 'LIN_O' (hls/graphsage_layer_int8_po2_locality_hierarchy.h:409:9) in function 'complete_frontend_domain<0, 8, 16, 24>' completely with a factor of 24 (hls/graphsage_layer_int8_po2_locality_hierarchy.h:782:0)
WARNING: [HLS 214-189] Pipeline directive for loop 'LIN_O' (hls/graphsage_layer_int8_po2_locality_hierarchy.h:409:9) in function 'complete_frontend_domain<0, 8, 16, 24>' has been removed because the loop is unrolled completely (hls/graphsage_layer_int8_po2_locality_hierarchy.h:415:1)
INFO: [HLS 214-186] Unrolling loop 'LIN_F' (hls/graphsage_layer_int8_po2_locality_hierarchy.h:422:13) in function 'complete_frontend_domain<0, 8, 16, 24>' completely with a factor of 16 (hls/graphsage_layer_int8_po2_locality_hierarchy.h:782:0)
INFO: [HLS 214-186] Unrolling loop 'AGG_I' (hls/graphsage_layer_int8_po2_locality_hierarchy.h:332:5) in function 'complete_frontend_domain<0, 8, 16, 24>' completely with a factor of 8 (hls/graphsage_layer_int8_po2_locality_hierarchy.h:782:0)
INFO: [HLS 214-186] Unrolling loop 'AGG_F' (hls/graphsage_layer_int8_po2_locality_hierarchy.h:339:9) in function 'complete_frontend_domain<0, 8, 16, 24>' completely with a factor of 16 (hls/graphsage_layer_int8_po2_locality_hierarchy.h:782:0)
INFO: [HLS 214-186] Unrolling loop 'AGG_J' (hls/graphsage_layer_int8_po2_locality_hierarchy.h:351:13) in function 'complete_frontend_domain<0, 8, 16, 24>' completely with a factor of 8 (hls/graphsage_layer_int8_po2_locality_hierarchy.h:782:0)
INFO: [HLS 214-248] Applying array_partition to 'agg1': Complete partitioning on dimension 1. Complete partitioning on dimension 2. (hls/graphsage_layer_int8_po2_locality_hierarchy.h:787:12)
INFO: [HLS 214-248] Applying array_partition to 'hidden_domains': Complete partitioning on dimension 1. Complete partitioning on dimension 2. Complete partitioning on dimension 3. (hls/graphsage_layer_int8_po2_locality_hierarchy.h:887:12)
INFO: [HLS 214-248] Applying array_partition to 'agg2': Complete partitioning on dimension 1. Complete partitioning on dimension 2. (hls/graphsage_layer_int8_po2_locality_hierarchy.h:888:12)
INFO: [HLS 214-248] Applying array_partition to 'adj_matrix': Complete partitioning on dimension 1. Complete partitioning on dimension 2. (hls/graphsage_layer_int8_po2.cpp:36:0)
INFO: [HLS 214-248] Applying array_partition to 'input': Complete partitioning on dimension 1. Complete partitioning on dimension 2. (hls/graphsage_layer_int8_po2.cpp:36:0)
INFO: [HLS 214-248] Applying array_partition to 'weights1': Complete partitioning on dimension 1. Complete partitioning on dimension 2. (hls/graphsage_layer_int8_po2.cpp:36:0)
INFO: [HLS 214-248] Applying array_partition to 'bias1': Complete partitioning on dimension 1. (hls/graphsage_layer_int8_po2.cpp:36:0)
INFO: [HLS 214-248] Applying array_partition to 'weights2': Complete partitioning on dimension 1. Complete partitioning on dimension 2. (hls/graphsage_layer_int8_po2.cpp:36:0)
INFO: [HLS 214-248] Applying array_partition to 'bias2': Complete partitioning on dimension 1. (hls/graphsage_layer_int8_po2.cpp:36:0)
INFO: [HLS 214-248] Applying array_partition to 'output': Complete partitioning on dimension 1. Complete partitioning on dimension 2. (hls/graphsage_layer_int8_po2.cpp:36:0)
INFO: [HLS 214-241] Aggregating scalar variable 'output_7_6' with compact=bit mode in 8-bits (hls/graphsage_layer_int8_po2.cpp:36:0)
INFO: [HLS 214-241] Aggregating scalar variable 'output_7_5' with compact=bit mode in 8-bits (hls/graphsage_layer_int8_po2.cpp:36:0)
INFO: [HLS 214-241] Aggregating scalar variable 'output_7_4' with compact=bit mode in 8-bits (hls/graphsage_layer_int8_po2.cpp:36:0)
INFO: [HLS 214-241] Aggregating scalar variable 'output_7_3' with compact=bit mode in 8-bits (hls/graphsage_layer_int8_po2.cpp:36:0)
INFO: [HLS 214-241] Aggregating scalar variable 'output_7_2' with compact=bit mode in 8-bits (hls/graphsage_layer_int8_po2.cpp:36:0)
INFO: [HLS 214-241] Aggregating scalar variable 'output_7_1' with compact=bit mode in 8-bits (hls/graphsage_layer_int8_po2.cpp:36:0)
INFO: [HLS 214-241] Aggregating scalar variable 'output_7_0' with compact=bit mode in 8-bits (hls/graphsage_layer_int8_po2.cpp:36:0)
INFO: [HLS 214-241] Aggregating scalar variable 'output_6_6' with compact=bit mode in 8-bits (hls/graphsage_layer_int8_po2.cpp:36:0)
INFO: [HLS 214-241] Aggregating scalar variable 'output_6_5' with compact=bit mode in 8-bits (hls/graphsage_layer_int8_po2.cpp:36:0)
INFO: [HLS 214-241] Aggregating scalar variable 'output_6_4' with compact=bit mode in 8-bits (hls/graphsage_layer_int8_po2.cpp:36:0)
INFO: [HLS 214-241] Aggregating scalar variable 'output_6_3' with compact=bit mode in 8-bits (hls/graphsage_layer_int8_po2.cpp:36:0)
INFO: [HLS 214-241] Aggregating scalar variable 'output_6_2' with compact=bit mode in 8-bits (hls/graphsage_layer_int8_po2.cpp:36:0)
INFO: [HLS 214-241] Aggregating scalar variable 'output_6_1' with compact=bit mode in 8-bits (hls/graphsage_layer_int8_po2.cpp:36:0)
INFO: [HLS 214-241] Aggregating scalar variable 'output_6_0' with compact=bit mode in 8-bits (hls/graphsage_layer_int8_po2.cpp:36:0)
INFO: [HLS 214-241] Aggregating scalar variable 'output_5_6' with compact=bit mode in 8-bits (hls/graphsage_layer_int8_po2.cpp:36:0)
INFO: [HLS 214-241] Aggregating scalar variable 'output_5_5' with compact=bit mode in 8-bits (hls/graphsage_layer_int8_po2.cpp:36:0)
INFO: [HLS 214-241] Aggregating scalar variable 'output_5_4' with compact=bit mode in 8-bits (hls/graphsage_layer_int8_po2.cpp:36:0)
INFO: [HLS 214-241] Aggregating scalar variable 'output_5_3' with compact=bit mode in 8-bits (hls/graphsage_layer_int8_po2.cpp:36:0)
INFO: [HLS 214-241] Aggregating scalar variable 'output_5_2' with compact=bit mode in 8-bits (hls/graphsage_layer_int8_po2.cpp:36:0)
INFO: [HLS 214-241] Aggregating scalar variable 'output_5_1' with compact=bit mode in 8-bits (hls/graphsage_layer_int8_po2.cpp:36:0)
INFO: [HLS 214-241] Aggregating scalar variable 'output_5_0' with compact=bit mode in 8-bits (hls/graphsage_layer_int8_po2.cpp:36:0)
INFO: [HLS 214-241] Aggregating scalar variable 'output_4_6' with compact=bit mode in 8-bits (hls/graphsage_layer_int8_po2.cpp:36:0)
INFO: [HLS 214-241] Aggregating scalar variable 'output_4_5' with compact=bit mode in 8-bits (hls/graphsage_layer_int8_po2.cpp:36:0)
INFO: [HLS 214-241] Aggregating scalar variable 'output_4_4' with compact=bit mode in 8-bits (hls/graphsage_layer_int8_po2.cpp:36:0)
INFO: [HLS 214-241] Aggregating scalar variable 'output_4_3' with compact=bit mode in 8-bits (hls/graphsage_layer_int8_po2.cpp:36:0)
INFO: [HLS 214-241] Aggregating scalar variable 'output_4_2' with compact=bit mode in 8-bits (hls/graphsage_layer_int8_po2.cpp:36:0)
INFO: [HLS 214-241] Aggregating scalar variable 'output_4_1' with compact=bit mode in 8-bits (hls/graphsage_layer_int8_po2.cpp:36:0)
INFO: [HLS 214-241] Aggregating scalar variable 'output_4_0' with compact=bit mode in 8-bits (hls/graphsage_layer_int8_po2.cpp:36:0)
INFO: [HLS 214-241] Aggregating scalar variable 'output_3_6' with compact=bit mode in 8-bits (hls/graphsage_layer_int8_po2.cpp:36:0)
INFO: [HLS 214-241] Aggregating scalar variable 'output_3_5' with compact=bit mode in 8-bits (hls/graphsage_layer_int8_po2.cpp:36:0)
INFO: [HLS 214-241] Aggregating scalar variable 'output_3_4' with compact=bit mode in 8-bits (hls/graphsage_layer_int8_po2.cpp:36:0)
INFO: [HLS 214-241] Aggregating scalar variable 'output_3_3' with compact=bit mode in 8-bits (hls/graphsage_layer_int8_po2.cpp:36:0)
INFO: [HLS 214-241] Aggregating scalar variable 'output_3_2' with compact=bit mode in 8-bits (hls/graphsage_layer_int8_po2.cpp:36:0)
INFO: [HLS 214-241] Aggregating scalar variable 'output_3_1' with compact=bit mode in 8-bits (hls/graphsage_layer_int8_po2.cpp:36:0)
INFO: [HLS 214-241] Aggregating scalar variable 'output_3_0' with compact=bit mode in 8-bits (hls/graphsage_layer_int8_po2.cpp:36:0)
INFO: [HLS 214-241] Aggregating scalar variable 'output_2_6' with compact=bit mode in 8-bits (hls/graphsage_layer_int8_po2.cpp:36:0)
INFO: [HLS 214-241] Aggregating scalar variable 'output_2_5' with compact=bit mode in 8-bits (hls/graphsage_layer_int8_po2.cpp:36:0)
INFO: [HLS 214-241] Aggregating scalar variable 'output_2_4' with compact=bit mode in 8-bits (hls/graphsage_layer_int8_po2.cpp:36:0)
INFO: [HLS 214-241] Aggregating scalar variable 'output_2_3' with compact=bit mode in 8-bits (hls/graphsage_layer_int8_po2.cpp:36:0)
INFO: [HLS 214-241] Aggregating scalar variable 'output_2_2' with compact=bit mode in 8-bits (hls/graphsage_layer_int8_po2.cpp:36:0)
INFO: [HLS 214-241] Aggregating scalar variable 'output_2_1' with compact=bit mode in 8-bits (hls/graphsage_layer_int8_po2.cpp:36:0)
INFO: [HLS 214-241] Aggregating scalar variable 'output_2_0' with compact=bit mode in 8-bits (hls/graphsage_layer_int8_po2.cpp:36:0)
INFO: [HLS 214-241] Aggregating scalar variable 'output_1_6' with compact=bit mode in 8-bits (hls/graphsage_layer_int8_po2.cpp:36:0)
INFO: [HLS 214-241] Aggregating scalar variable 'output_1_5' with compact=bit mode in 8-bits (hls/graphsage_layer_int8_po2.cpp:36:0)
INFO: [HLS 214-241] Aggregating scalar variable 'output_1_4' with compact=bit mode in 8-bits (hls/graphsage_layer_int8_po2.cpp:36:0)
INFO: [HLS 214-241] Aggregating scalar variable 'output_1_3' with compact=bit mode in 8-bits (hls/graphsage_layer_int8_po2.cpp:36:0)
INFO: [HLS 214-241] Aggregating scalar variable 'output_1_2' with compact=bit mode in 8-bits (hls/graphsage_layer_int8_po2.cpp:36:0)
INFO: [HLS 214-241] Aggregating scalar variable 'output_1_1' with compact=bit mode in 8-bits (hls/graphsage_layer_int8_po2.cpp:36:0)
INFO: [HLS 214-241] Aggregating scalar variable 'output_1_0' with compact=bit mode in 8-bits (hls/graphsage_layer_int8_po2.cpp:36:0)
INFO: [HLS 214-241] Aggregating scalar variable 'output_0_6' with compact=bit mode in 8-bits (hls/graphsage_layer_int8_po2.cpp:36:0)
INFO: [HLS 214-241] Aggregating scalar variable 'output_0_5' with compact=bit mode in 8-bits (hls/graphsage_layer_int8_po2.cpp:36:0)
INFO: [HLS 214-241] Aggregating scalar variable 'output_0_4' with compact=bit mode in 8-bits (hls/graphsage_layer_int8_po2.cpp:36:0)
INFO: [HLS 214-241] Aggregating scalar variable 'output_0_3' with compact=bit mode in 8-bits (hls/graphsage_layer_int8_po2.cpp:36:0)
INFO: [HLS 214-241] Aggregating scalar variable 'output_0_2' with compact=bit mode in 8-bits (hls/graphsage_layer_int8_po2.cpp:36:0)
INFO: [HLS 214-241] Aggregating scalar variable 'output_0_1' with compact=bit mode in 8-bits (hls/graphsage_layer_int8_po2.cpp:36:0)
INFO: [HLS 214-241] Aggregating scalar variable 'output_0_0' with compact=bit mode in 8-bits (hls/graphsage_layer_int8_po2.cpp:36:0)
INFO: [HLS 214-241] Aggregating scalar variable 'weights2_6_23' with compact=bit mode in 8-bits (hls/graphsage_layer_int8_po2.cpp:36:0)
INFO: [HLS 214-241] Aggregating scalar variable 'weights2_6_22' with compact=bit mode in 8-bits (hls/graphsage_layer_int8_po2.cpp:36:0)
INFO: [HLS 214-241] Aggregating scalar variable 'weights2_6_21' with compact=bit mode in 8-bits (hls/graphsage_layer_int8_po2.cpp:36:0)
INFO: [HLS 214-241] Aggregating scalar variable 'weights2_6_20' with compact=bit mode in 8-bits (hls/graphsage_layer_int8_po2.cpp:36:0)
INFO: [HLS 214-241] Aggregating scalar variable 'weights2_6_19' with compact=bit mode in 8-bits (hls/graphsage_layer_int8_po2.cpp:36:0)
INFO: [HLS 214-241] Aggregating scalar variable 'weights2_6_18' with compact=bit mode in 8-bits (hls/graphsage_layer_int8_po2.cpp:36:0)
INFO: [HLS 214-241] Aggregating scalar variable 'weights2_6_17' with compact=bit mode in 8-bits (hls/graphsage_layer_int8_po2.cpp:36:0)
INFO: [HLS 214-241] Aggregating scalar variable 'weights2_6_16' with compact=bit mode in 8-bits (hls/graphsage_layer_int8_po2.cpp:36:0)
INFO: [HLS 214-241] Aggregating scalar variable 'weights2_6_15' with compact=bit mode in 8-bits (hls/graphsage_layer_int8_po2.cpp:36:0)
INFO: [HLS 214-241] Aggregating scalar variable 'weights2_6_14' with compact=bit mode in 8-bits (hls/graphsage_layer_int8_po2.cpp:36:0)
INFO: [HLS 214-241] Aggregating scalar variable 'weights2_6_13' with compact=bit mode in 8-bits (hls/graphsage_layer_int8_po2.cpp:36:0)
INFO: [HLS 214-241] Aggregating scalar variable 'weights2_6_12' with compact=bit mode in 8-bits (hls/graphsage_layer_int8_po2.cpp:36:0)
INFO: [HLS 214-241] Aggregating scalar variable 'weights2_6_11' with compact=bit mode in 8-bits (hls/graphsage_layer_int8_po2.cpp:36:0)
INFO: [HLS 214-241] Aggregating scalar variable 'weights2_6_10' with compact=bit mode in 8-bits (hls/graphsage_layer_int8_po2.cpp:36:0)
INFO: [HLS 214-241] Aggregating scalar variable 'weights2_6_9' with compact=bit mode in 8-bits (hls/graphsage_layer_int8_po2.cpp:36:0)
INFO: [HLS 214-241] Aggregating scalar variable 'weights2_6_8' with compact=bit mode in 8-bits (hls/graphsage_layer_int8_po2.cpp:36:0)
INFO: [HLS 214-241] Aggregating scalar variable 'weights2_6_7' with compact=bit mode in 8-bits (hls/graphsage_layer_int8_po2.cpp:36:0)
INFO: [HLS 214-241] Aggregating scalar variable 'weights2_6_6' with compact=bit mode in 8-bits (hls/graphsage_layer_int8_po2.cpp:36:0)
INFO: [HLS 214-241] Aggregating scalar variable 'weights2_6_5' with compact=bit mode in 8-bits (hls/graphsage_layer_int8_po2.cpp:36:0)
INFO: [HLS 214-241] Aggregating scalar variable 'weights2_6_4' with compact=bit mode in 8-bits (hls/graphsage_layer_int8_po2.cpp:36:0)
INFO: [HLS 214-241] Aggregating scalar variable 'weights2_6_3' with compact=bit mode in 8-bits (hls/graphsage_layer_int8_po2.cpp:36:0)
INFO: [HLS 214-241] Aggregating scalar variable 'weights2_6_2' with compact=bit mode in 8-bits (hls/graphsage_layer_int8_po2.cpp:36:0)
INFO: [HLS 214-241] Aggregating scalar variable 'weights2_6_1' with compact=bit mode in 8-bits (hls/graphsage_layer_int8_po2.cpp:36:0)
INFO: [HLS 214-241] Aggregating scalar variable 'weights2_6_0' with compact=bit mode in 8-bits (hls/graphsage_layer_int8_po2.cpp:36:0)
INFO: [HLS 214-241] Aggregating scalar variable 'weights2_5_23' with compact=bit mode in 8-bits (hls/graphsage_layer_int8_po2.cpp:36:0)
INFO: [HLS 214-241] Aggregating scalar variable 'weights2_5_22' with compact=bit mode in 8-bits (hls/graphsage_layer_int8_po2.cpp:36:0)
INFO: [HLS 214-241] Aggregating scalar variable 'weights2_5_21' with compact=bit mode in 8-bits (hls/graphsage_layer_int8_po2.cpp:36:0)
INFO: [HLS 214-241] Aggregating scalar variable 'weights2_5_20' with compact=bit mode in 8-bits (hls/graphsage_layer_int8_po2.cpp:36:0)
INFO: [HLS 214-241] Aggregating scalar variable 'weights2_5_19' with compact=bit mode in 8-bits (hls/graphsage_layer_int8_po2.cpp:36:0)
INFO: [HLS 214-241] Aggregating scalar variable 'weights2_5_18' with compact=bit mode in 8-bits (hls/graphsage_layer_int8_po2.cpp:36:0)
INFO: [HLS 214-241] Aggregating scalar variable 'weights2_5_17' with compact=bit mode in 8-bits (hls/graphsage_layer_int8_po2.cpp:36:0)
INFO: [HLS 214-241] Aggregating scalar variable 'weights2_5_16' with compact=bit mode in 8-bits (hls/graphsage_layer_int8_po2.cpp:36:0)
INFO: [HLS 214-241] Aggregating scalar variable 'weights2_5_15' with compact=bit mode in 8-bits (hls/graphsage_layer_int8_po2.cpp:36:0)
INFO: [HLS 214-241] Aggregating scalar variable 'weights2_5_14' with compact=bit mode in 8-bits (hls/graphsage_layer_int8_po2.cpp:36:0)
INFO: [HLS 214-241] Aggregating scalar variable 'weights2_5_13' with compact=bit mode in 8-bits (hls/graphsage_layer_int8_po2.cpp:36:0)
INFO: [HLS 214-241] Aggregating scalar variable 'weights2_5_12' with compact=bit mode in 8-bits (hls/graphsage_layer_int8_po2.cpp:36:0)
INFO: [HLS 214-241] Aggregating scalar variable 'weights2_5_11' with compact=bit mode in 8-bits (hls/graphsage_layer_int8_po2.cpp:36:0)
INFO: [HLS 214-241] Aggregating scalar variable 'weights2_5_10' with compact=bit mode in 8-bits (hls/graphsage_layer_int8_po2.cpp:36:0)
INFO: [HLS 214-241] Aggregating scalar variable 'weights2_5_9' with compact=bit mode in 8-bits (hls/graphsage_layer_int8_po2.cpp:36:0)
INFO: [HLS 214-241] Aggregating scalar variable 'weights2_5_8' with compact=bit mode in 8-bits (hls/graphsage_layer_int8_po2.cpp:36:0)
INFO: [HLS 214-241] Aggregating scalar variable 'weights2_5_7' with compact=bit mode in 8-bits (hls/graphsage_layer_int8_po2.cpp:36:0)
INFO: [HLS 214-241] Aggregating scalar variable 'weights2_5_6' with compact=bit mode in 8-bits (hls/graphsage_layer_int8_po2.cpp:36:0)
INFO: [HLS 214-241] Aggregating scalar variable 'weights2_5_5' with compact=bit mode in 8-bits (hls/graphsage_layer_int8_po2.cpp:36:0)
INFO: [HLS 214-241] Aggregating scalar variable 'weights2_5_4' with compact=bit mode in 8-bits (hls/graphsage_layer_int8_po2.cpp:36:0)
INFO: [HLS 214-241] Aggregating scalar variable 'weights2_5_3' with compact=bit mode in 8-bits (hls/graphsage_layer_int8_po2.cpp:36:0)
INFO: [HLS 214-241] Aggregating scalar variable 'weights2_5_2' with compact=bit mode in 8-bits (hls/graphsage_layer_int8_po2.cpp:36:0)
INFO: [HLS 214-241] Aggregating scalar variable 'weights2_5_1' with compact=bit mode in 8-bits (hls/graphsage_layer_int8_po2.cpp:36:0)
INFO: [HLS 214-241] Aggregating scalar variable 'weights2_5_0' with compact=bit mode in 8-bits (hls/graphsage_layer_int8_po2.cpp:36:0)
INFO: [HLS 214-241] Aggregating scalar variable 'weights2_4_23' with compact=bit mode in 8-bits (hls/graphsage_layer_int8_po2.cpp:36:0)
INFO: [HLS 214-241] Aggregating scalar variable 'weights2_4_22' with compact=bit mode in 8-bits (hls/graphsage_layer_int8_po2.cpp:36:0)
INFO: [HLS 214-241] Aggregating scalar variable 'weights2_4_21' with compact=bit mode in 8-bits (hls/graphsage_layer_int8_po2.cpp:36:0)
INFO: [HLS 214-241] Aggregating scalar variable 'weights2_4_20' with compact=bit mode in 8-bits (hls/graphsage_layer_int8_po2.cpp:36:0)
INFO: [HLS 214-241] Aggregating scalar variable 'weights2_4_19' with compact=bit mode in 8-bits (hls/graphsage_layer_int8_po2.cpp:36:0)
INFO: [HLS 214-241] Aggregating scalar variable 'weights2_4_18' with compact=bit mode in 8-bits (hls/graphsage_layer_int8_po2.cpp:36:0)
INFO: [HLS 214-241] Aggregating scalar variable 'weights2_4_17' with compact=bit mode in 8-bits (hls/graphsage_layer_int8_po2.cpp:36:0)
INFO: [HLS 214-241] Aggregating scalar variable 'weights2_4_16' with compact=bit mode in 8-bits (hls/graphsage_layer_int8_po2.cpp:36:0)
INFO: [HLS 214-241] Aggregating scalar variable 'weights2_4_15' with compact=bit mode in 8-bits (hls/graphsage_layer_int8_po2.cpp:36:0)
INFO: [HLS 214-241] Aggregating scalar variable 'weights2_4_14' with compact=bit mode in 8-bits (hls/graphsage_layer_int8_po2.cpp:36:0)
INFO: [HLS 214-241] Aggregating scalar variable 'weights2_4_13' with compact=bit mode in 8-bits (hls/graphsage_layer_int8_po2.cpp:36:0)
INFO: [HLS 214-241] Aggregating scalar variable 'weights2_4_12' with compact=bit mode in 8-bits (hls/graphsage_layer_int8_po2.cpp:36:0)
INFO: [HLS 214-241] Aggregating scalar variable 'weights2_4_11' with compact=bit mode in 8-bits (hls/graphsage_layer_int8_po2.cpp:36:0)
INFO: [HLS 214-241] Aggregating scalar variable 'weights2_4_10' with compact=bit mode in 8-bits (hls/graphsage_layer_int8_po2.cpp:36:0)
INFO: [HLS 214-241] Aggregating scalar variable 'weights2_4_9' with compact=bit mode in 8-bits (hls/graphsage_layer_int8_po2.cpp:36:0)
INFO: [HLS 214-241] Aggregating scalar variable 'weights2_4_8' with compact=bit mode in 8-bits (hls/graphsage_layer_int8_po2.cpp:36:0)
INFO: [HLS 214-241] Aggregating scalar variable 'weights2_4_7' with compact=bit mode in 8-bits (hls/graphsage_layer_int8_po2.cpp:36:0)
INFO: [HLS 214-241] Aggregating scalar variable 'weights2_4_6' with compact=bit mode in 8-bits (hls/graphsage_layer_int8_po2.cpp:36:0)
INFO: [HLS 214-241] Aggregating scalar variable 'weights2_4_5' with compact=bit mode in 8-bits (hls/graphsage_layer_int8_po2.cpp:36:0)
INFO: [HLS 214-241] Aggregating scalar variable 'weights2_4_4' with compact=bit mode in 8-bits (hls/graphsage_layer_int8_po2.cpp:36:0)
INFO: [HLS 214-241] Aggregating scalar variable 'weights2_4_3' with compact=bit mode in 8-bits (hls/graphsage_layer_int8_po2.cpp:36:0)
INFO: [HLS 214-241] Aggregating scalar variable 'weights2_4_2' with compact=bit mode in 8-bits (hls/graphsage_layer_int8_po2.cpp:36:0)
INFO: [HLS 214-241] Aggregating scalar variable 'weights2_4_1' with compact=bit mode in 8-bits (hls/graphsage_layer_int8_po2.cpp:36:0)
INFO: [HLS 214-241] Aggregating scalar variable 'weights2_4_0' with compact=bit mode in 8-bits (hls/graphsage_layer_int8_po2.cpp:36:0)
INFO: [HLS 214-241] Aggregating scalar variable 'weights2_3_23' with compact=bit mode in 8-bits (hls/graphsage_layer_int8_po2.cpp:36:0)
INFO: [HLS 214-241] Aggregating scalar variable 'weights2_3_22' with compact=bit mode in 8-bits (hls/graphsage_layer_int8_po2.cpp:36:0)
INFO: [HLS 214-241] Aggregating scalar variable 'weights2_3_21' with compact=bit mode in 8-bits (hls/graphsage_layer_int8_po2.cpp:36:0)
INFO: [HLS 214-241] Aggregating scalar variable 'weights2_3_20' with compact=bit mode in 8-bits (hls/graphsage_layer_int8_po2.cpp:36:0)
INFO: [HLS 214-241] Aggregating scalar variable 'weights2_3_19' with compact=bit mode in 8-bits (hls/graphsage_layer_int8_po2.cpp:36:0)
INFO: [HLS 214-241] Aggregating scalar variable 'weights2_3_18' with compact=bit mode in 8-bits (hls/graphsage_layer_int8_po2.cpp:36:0)
INFO: [HLS 214-241] Aggregating scalar variable 'weights2_3_17' with compact=bit mode in 8-bits (hls/graphsage_layer_int8_po2.cpp:36:0)
INFO: [HLS 214-241] Aggregating scalar variable 'weights2_3_16' with compact=bit mode in 8-bits (hls/graphsage_layer_int8_po2.cpp:36:0)
INFO: [HLS 214-241] Aggregating scalar variable 'weights2_3_15' with compact=bit mode in 8-bits (hls/graphsage_layer_int8_po2.cpp:36:0)
INFO: [HLS 214-241] Aggregating scalar variable 'weights2_3_14' with compact=bit mode in 8-bits (hls/graphsage_layer_int8_po2.cpp:36:0)
INFO: [HLS 214-241] Aggregating scalar variable 'weights2_3_13' with compact=bit mode in 8-bits (hls/graphsage_layer_int8_po2.cpp:36:0)
INFO: [HLS 214-241] Aggregating scalar variable 'weights2_3_12' with compact=bit mode in 8-bits (hls/graphsage_layer_int8_po2.cpp:36:0)
INFO: [HLS 214-241] Aggregating scalar variable 'weights2_3_11' with compact=bit mode in 8-bits (hls/graphsage_layer_int8_po2.cpp:36:0)
INFO: [HLS 214-241] Aggregating scalar variable 'weights2_3_10' with compact=bit mode in 8-bits (hls/graphsage_layer_int8_po2.cpp:36:0)
INFO: [HLS 214-241] Aggregating scalar variable 'weights2_3_9' with compact=bit mode in 8-bits (hls/graphsage_layer_int8_po2.cpp:36:0)
INFO: [HLS 214-241] Aggregating scalar variable 'weights2_3_8' with compact=bit mode in 8-bits (hls/graphsage_layer_int8_po2.cpp:36:0)
INFO: [HLS 214-241] Aggregating scalar variable 'weights2_3_7' with compact=bit mode in 8-bits (hls/graphsage_layer_int8_po2.cpp:36:0)
INFO: [HLS 214-241] Aggregating scalar variable 'weights2_3_6' with compact=bit mode in 8-bits (hls/graphsage_layer_int8_po2.cpp:36:0)
INFO: [HLS 214-241] Aggregating scalar variable 'weights2_3_5' with compact=bit mode in 8-bits (hls/graphsage_layer_int8_po2.cpp:36:0)
INFO: [HLS 214-241] Aggregating scalar variable 'weights2_3_4' with compact=bit mode in 8-bits (hls/graphsage_layer_int8_po2.cpp:36:0)
INFO: [HLS 214-241] Aggregating scalar variable 'weights2_3_3' with compact=bit mode in 8-bits (hls/graphsage_layer_int8_po2.cpp:36:0)
INFO: [HLS 214-241] Aggregating scalar variable 'weights2_3_2' with compact=bit mode in 8-bits (hls/graphsage_layer_int8_po2.cpp:36:0)
INFO: [HLS 214-241] Aggregating scalar variable 'weights2_3_1' with compact=bit mode in 8-bits (hls/graphsage_layer_int8_po2.cpp:36:0)
INFO: [HLS 214-241] Aggregating scalar variable 'weights2_3_0' with compact=bit mode in 8-bits (hls/graphsage_layer_int8_po2.cpp:36:0)
INFO: [HLS 214-241] Aggregating scalar variable 'weights2_2_23' with compact=bit mode in 8-bits (hls/graphsage_layer_int8_po2.cpp:36:0)
INFO: [HLS 214-241] Aggregating scalar variable 'weights2_2_22' with compact=bit mode in 8-bits (hls/graphsage_layer_int8_po2.cpp:36:0)
INFO: [HLS 214-241] Aggregating scalar variable 'weights2_2_21' with compact=bit mode in 8-bits (hls/graphsage_layer_int8_po2.cpp:36:0)
INFO: [HLS 214-241] Aggregating scalar variable 'weights2_2_20' with compact=bit mode in 8-bits (hls/graphsage_layer_int8_po2.cpp:36:0)
INFO: [HLS 214-241] Aggregating scalar variable 'weights2_2_19' with compact=bit mode in 8-bits (hls/graphsage_layer_int8_po2.cpp:36:0)
INFO: [HLS 214-241] Aggregating scalar variable 'weights2_2_18' with compact=bit mode in 8-bits (hls/graphsage_layer_int8_po2.cpp:36:0)
INFO: [HLS 214-241] Aggregating scalar variable 'weights2_2_17' with compact=bit mode in 8-bits (hls/graphsage_layer_int8_po2.cpp:36:0)
INFO: [HLS 214-241] Aggregating scalar variable 'weights2_2_16' with compact=bit mode in 8-bits (hls/graphsage_layer_int8_po2.cpp:36:0)
INFO: [HLS 214-241] Aggregating scalar variable 'weights2_2_15' with compact=bit mode in 8-bits (hls/graphsage_layer_int8_po2.cpp:36:0)
INFO: [HLS 214-241] Aggregating scalar variable 'weights2_2_14' with compact=bit mode in 8-bits (hls/graphsage_layer_int8_po2.cpp:36:0)
INFO: [HLS 214-241] Aggregating scalar variable 'weights2_2_13' with compact=bit mode in 8-bits (hls/graphsage_layer_int8_po2.cpp:36:0)
INFO: [HLS 214-241] Aggregating scalar variable 'weights2_2_12' with compact=bit mode in 8-bits (hls/graphsage_layer_int8_po2.cpp:36:0)
INFO: [HLS 214-241] Aggregating scalar variable 'weights2_2_11' with compact=bit mode in 8-bits (hls/graphsage_layer_int8_po2.cpp:36:0)
INFO: [HLS 214-241] Aggregating scalar variable 'weights2_2_10' with compact=bit mode in 8-bits (hls/graphsage_layer_int8_po2.cpp:36:0)
INFO: [HLS 214-241] Aggregating scalar variable 'weights2_2_9' with compact=bit mode in 8-bits (hls/graphsage_layer_int8_po2.cpp:36:0)
INFO: [HLS 214-241] Aggregating scalar variable 'weights2_2_8' with compact=bit mode in 8-bits (hls/graphsage_layer_int8_po2.cpp:36:0)
INFO: [HLS 214-241] Aggregating scalar variable 'weights2_2_7' with compact=bit mode in 8-bits (hls/graphsage_layer_int8_po2.cpp:36:0)
INFO: [HLS 214-241] Aggregating scalar variable 'weights2_2_6' with compact=bit mode in 8-bits (hls/graphsage_layer_int8_po2.cpp:36:0)
INFO: [HLS 214-241] Aggregating scalar variable 'weights2_2_5' with compact=bit mode in 8-bits (hls/graphsage_layer_int8_po2.cpp:36:0)
INFO: [HLS 214-241] Aggregating scalar variable 'weights2_2_4' with compact=bit mode in 8-bits (hls/graphsage_layer_int8_po2.cpp:36:0)
INFO: [HLS 214-241] Aggregating scalar variable 'weights2_2_3' with compact=bit mode in 8-bits (hls/graphsage_layer_int8_po2.cpp:36:0)
INFO: [HLS 214-241] Aggregating scalar variable 'weights2_2_2' with compact=bit mode in 8-bits (hls/graphsage_layer_int8_po2.cpp:36:0)
INFO: [HLS 214-241] Aggregating scalar variable 'weights2_2_1' with compact=bit mode in 8-bits (hls/graphsage_layer_int8_po2.cpp:36:0)
INFO: [HLS 214-241] Aggregating scalar variable 'weights2_2_0' with compact=bit mode in 8-bits (hls/graphsage_layer_int8_po2.cpp:36:0)
INFO: [HLS 214-241] Aggregating scalar variable 'weights2_1_23' with compact=bit mode in 8-bits (hls/graphsage_layer_int8_po2.cpp:36:0)
INFO: [HLS 214-241] Aggregating scalar variable 'weights2_1_22' with compact=bit mode in 8-bits (hls/graphsage_layer_int8_po2.cpp:36:0)
INFO: [HLS 214-241] Aggregating scalar variable 'weights2_1_21' with compact=bit mode in 8-bits (hls/graphsage_layer_int8_po2.cpp:36:0)
INFO: [HLS 214-241] Aggregating scalar variable 'weights2_1_20' with compact=bit mode in 8-bits (hls/graphsage_layer_int8_po2.cpp:36:0)
INFO: [HLS 214-241] Aggregating scalar variable 'weights2_1_19' with compact=bit mode in 8-bits (hls/graphsage_layer_int8_po2.cpp:36:0)
INFO: [HLS 214-241] Aggregating scalar variable 'weights2_1_18' with compact=bit mode in 8-bits (hls/graphsage_layer_int8_po2.cpp:36:0)
INFO: [HLS 214-241] Aggregating scalar variable 'weights2_1_17' with compact=bit mode in 8-bits (hls/graphsage_layer_int8_po2.cpp:36:0)
INFO: [HLS 214-241] Aggregating scalar variable 'weights2_1_16' with compact=bit mode in 8-bits (hls/graphsage_layer_int8_po2.cpp:36:0)
INFO: [HLS 214-241] Aggregating scalar variable 'weights2_1_15' with compact=bit mode in 8-bits (hls/graphsage_layer_int8_po2.cpp:36:0)
INFO: [HLS 214-241] Aggregating scalar variable 'weights2_1_14' with compact=bit mode in 8-bits (hls/graphsage_layer_int8_po2.cpp:36:0)
INFO: [HLS 214-241] Aggregating scalar variable 'weights2_1_13' with compact=bit mode in 8-bits (hls/graphsage_layer_int8_po2.cpp:36:0)
INFO: [HLS 214-241] Aggregating scalar variable 'weights2_1_12' with compact=bit mode in 8-bits (hls/graphsage_layer_int8_po2.cpp:36:0)
INFO: [HLS 214-241] Aggregating scalar variable 'weights2_1_11' with compact=bit mode in 8-bits (hls/graphsage_layer_int8_po2.cpp:36:0)
INFO: [HLS 214-241] Aggregating scalar variable 'weights2_1_10' with compact=bit mode in 8-bits (hls/graphsage_layer_int8_po2.cpp:36:0)
INFO: [HLS 214-241] Aggregating scalar variable 'weights2_1_9' with compact=bit mode in 8-bits (hls/graphsage_layer_int8_po2.cpp:36:0)
INFO: [HLS 214-241] Aggregating scalar variable 'weights2_1_8' with compact=bit mode in 8-bits (hls/graphsage_layer_int8_po2.cpp:36:0)
INFO: [HLS 214-241] Aggregating scalar variable 'weights2_1_7' with compact=bit mode in 8-bits (hls/graphsage_layer_int8_po2.cpp:36:0)
INFO: [HLS 214-241] Aggregating scalar variable 'weights2_1_6' with compact=bit mode in 8-bits (hls/graphsage_layer_int8_po2.cpp:36:0)
INFO: [HLS 214-241] Aggregating scalar variable 'weights2_1_5' with compact=bit mode in 8-bits (hls/graphsage_layer_int8_po2.cpp:36:0)
INFO: [HLS 214-241] Aggregating scalar variable 'weights2_1_4' with compact=bit mode in 8-bits (hls/graphsage_layer_int8_po2.cpp:36:0)
INFO: [HLS 214-241] Aggregating scalar variable 'weights2_1_3' with compact=bit mode in 8-bits (hls/graphsage_layer_int8_po2.cpp:36:0)
INFO: [HLS 214-241] Aggregating scalar variable 'weights2_1_2' with compact=bit mode in 8-bits (hls/graphsage_layer_int8_po2.cpp:36:0)
INFO: [HLS 214-241] Aggregating scalar variable 'weights2_1_1' with compact=bit mode in 8-bits (hls/graphsage_layer_int8_po2.cpp:36:0)
INFO: [HLS 214-241] Aggregating scalar variable 'weights2_1_0' with compact=bit mode in 8-bits (hls/graphsage_layer_int8_po2.cpp:36:0)
INFO: [HLS 214-241] Aggregating scalar variable 'weights2_0_23' with compact=bit mode in 8-bits (hls/graphsage_layer_int8_po2.cpp:36:0)
INFO: [HLS 214-241] Aggregating scalar variable 'weights2_0_22' with compact=bit mode in 8-bits (hls/graphsage_layer_int8_po2.cpp:36:0)
INFO: [HLS 214-241] Aggregating scalar variable 'weights2_0_21' with compact=bit mode in 8-bits (hls/graphsage_layer_int8_po2.cpp:36:0)
INFO: [HLS 214-241] Aggregating scalar variable 'weights2_0_20' with compact=bit mode in 8-bits (hls/graphsage_layer_int8_po2.cpp:36:0)
INFO: [HLS 214-241] Aggregating scalar variable 'weights2_0_19' with compact=bit mode in 8-bits (hls/graphsage_layer_int8_po2.cpp:36:0)
INFO: [HLS 214-241] Aggregating scalar variable 'weights2_0_18' with compact=bit mode in 8-bits (hls/graphsage_layer_int8_po2.cpp:36:0)
INFO: [HLS 214-241] Aggregating scalar variable 'weights2_0_17' with compact=bit mode in 8-bits (hls/graphsage_layer_int8_po2.cpp:36:0)
INFO: [HLS 214-241] Aggregating scalar variable 'weights2_0_16' with compact=bit mode in 8-bits (hls/graphsage_layer_int8_po2.cpp:36:0)
INFO: [HLS 214-241] Aggregating scalar variable 'weights2_0_15' with compact=bit mode in 8-bits (hls/graphsage_layer_int8_po2.cpp:36:0)
INFO: [HLS 214-241] Aggregating scalar variable 'weights2_0_14' with compact=bit mode in 8-bits (hls/graphsage_layer_int8_po2.cpp:36:0)
INFO: [HLS 214-241] Aggregating scalar variable 'weights2_0_13' with compact=bit mode in 8-bits (hls/graphsage_layer_int8_po2.cpp:36:0)
INFO: [HLS 214-241] Aggregating scalar variable 'weights2_0_12' with compact=bit mode in 8-bits (hls/graphsage_layer_int8_po2.cpp:36:0)
INFO: [HLS 214-241] Aggregating scalar variable 'weights2_0_11' with compact=bit mode in 8-bits (hls/graphsage_layer_int8_po2.cpp:36:0)
INFO: [HLS 214-241] Aggregating scalar variable 'weights2_0_10' with compact=bit mode in 8-bits (hls/graphsage_layer_int8_po2.cpp:36:0)
INFO: [HLS 214-241] Aggregating scalar variable 'weights2_0_9' with compact=bit mode in 8-bits (hls/graphsage_layer_int8_po2.cpp:36:0)
INFO: [HLS 214-241] Aggregating scalar variable 'weights2_0_8' with compact=bit mode in 8-bits (hls/graphsage_layer_int8_po2.cpp:36:0)
INFO: [HLS 214-241] Aggregating scalar variable 'weights2_0_7' with compact=bit mode in 8-bits (hls/graphsage_layer_int8_po2.cpp:36:0)
INFO: [HLS 214-241] Aggregating scalar variable 'weights2_0_6' with compact=bit mode in 8-bits (hls/graphsage_layer_int8_po2.cpp:36:0)
INFO: [HLS 214-241] Aggregating scalar variable 'weights2_0_5' with compact=bit mode in 8-bits (hls/graphsage_layer_int8_po2.cpp:36:0)
INFO: [HLS 214-241] Aggregating scalar variable 'weights2_0_4' with compact=bit mode in 8-bits (hls/graphsage_layer_int8_po2.cpp:36:0)
INFO: [HLS 214-241] Aggregating scalar variable 'weights2_0_3' with compact=bit mode in 8-bits (hls/graphsage_layer_int8_po2.cpp:36:0)
INFO: [HLS 214-241] Aggregating scalar variable 'weights2_0_2' with compact=bit mode in 8-bits (hls/graphsage_layer_int8_po2.cpp:36:0)
INFO: [HLS 214-241] Aggregating scalar variable 'weights2_0_1' with compact=bit mode in 8-bits (hls/graphsage_layer_int8_po2.cpp:36:0)
INFO: [HLS 214-241] Aggregating scalar variable 'weights2_0_0' with compact=bit mode in 8-bits (hls/graphsage_layer_int8_po2.cpp:36:0)
INFO: [HLS 214-241] Aggregating scalar variable 'weights1_23_15' with compact=bit mode in 8-bits (hls/graphsage_layer_int8_po2.cpp:36:0)
INFO: [HLS 214-241] Aggregating scalar variable 'weights1_23_14' with compact=bit mode in 8-bits (hls/graphsage_layer_int8_po2.cpp:36:0)
INFO: [HLS 214-241] Aggregating scalar variable 'weights1_23_13' with compact=bit mode in 8-bits (hls/graphsage_layer_int8_po2.cpp:36:0)
INFO: [HLS 214-241] Aggregating scalar variable 'weights1_23_12' with compact=bit mode in 8-bits (hls/graphsage_layer_int8_po2.cpp:36:0)
INFO: [HLS 214-241] Aggregating scalar variable 'weights1_23_11' with compact=bit mode in 8-bits (hls/graphsage_layer_int8_po2.cpp:36:0)
INFO: [HLS 214-241] Aggregating scalar variable 'weights1_23_10' with compact=bit mode in 8-bits (hls/graphsage_layer_int8_po2.cpp:36:0)
INFO: [HLS 214-241] Aggregating scalar variable 'weights1_23_9' with compact=bit mode in 8-bits (hls/graphsage_layer_int8_po2.cpp:36:0)
INFO: [HLS 214-241] Aggregating scalar variable 'weights1_23_8' with compact=bit mode in 8-bits (hls/graphsage_layer_int8_po2.cpp:36:0)
INFO: [HLS 214-241] Aggregating scalar variable 'weights1_23_7' with compact=bit mode in 8-bits (hls/graphsage_layer_int8_po2.cpp:36:0)
INFO: [HLS 214-241] Aggregating scalar variable 'weights1_23_6' with compact=bit mode in 8-bits (hls/graphsage_layer_int8_po2.cpp:36:0)
INFO: [HLS 214-241] Aggregating scalar variable 'weights1_23_5' with compact=bit mode in 8-bits (hls/graphsage_layer_int8_po2.cpp:36:0)
INFO: [HLS 214-241] Aggregating scalar variable 'weights1_23_4' with compact=bit mode in 8-bits (hls/graphsage_layer_int8_po2.cpp:36:0)
INFO: [HLS 214-241] Aggregating scalar variable 'weights1_23_3' with compact=bit mode in 8-bits (hls/graphsage_layer_int8_po2.cpp:36:0)
INFO: [HLS 214-241] Aggregating scalar variable 'weights1_23_2' with compact=bit mode in 8-bits (hls/graphsage_layer_int8_po2.cpp:36:0)
INFO: [HLS 214-241] Aggregating scalar variable 'weights1_23_1' with compact=bit mode in 8-bits (hls/graphsage_layer_int8_po2.cpp:36:0)
INFO: [HLS 214-241] Aggregating scalar variable 'weights1_23_0' with compact=bit mode in 8-bits (hls/graphsage_layer_int8_po2.cpp:36:0)
INFO: [HLS 214-241] Aggregating scalar variable 'weights1_22_15' with compact=bit mode in 8-bits (hls/graphsage_layer_int8_po2.cpp:36:0)
INFO: [HLS 214-241] Aggregating scalar variable 'weights1_22_14' with compact=bit mode in 8-bits (hls/graphsage_layer_int8_po2.cpp:36:0)
INFO: [HLS 214-241] Aggregating scalar variable 'weights1_22_13' with compact=bit mode in 8-bits (hls/graphsage_layer_int8_po2.cpp:36:0)
INFO: [HLS 214-241] Aggregating scalar variable 'weights1_22_12' with compact=bit mode in 8-bits (hls/graphsage_layer_int8_po2.cpp:36:0)
INFO: [HLS 214-241] Aggregating scalar variable 'weights1_22_11' with compact=bit mode in 8-bits (hls/graphsage_layer_int8_po2.cpp:36:0)
INFO: [HLS 214-241] Aggregating scalar variable 'weights1_22_10' with compact=bit mode in 8-bits (hls/graphsage_layer_int8_po2.cpp:36:0)
INFO: [HLS 214-241] Aggregating scalar variable 'weights1_22_9' with compact=bit mode in 8-bits (hls/graphsage_layer_int8_po2.cpp:36:0)
INFO: [HLS 214-241] Aggregating scalar variable 'weights1_22_8' with compact=bit mode in 8-bits (hls/graphsage_layer_int8_po2.cpp:36:0)
INFO: [HLS 214-241] Aggregating scalar variable 'weights1_22_7' with compact=bit mode in 8-bits (hls/graphsage_layer_int8_po2.cpp:36:0)
INFO: [HLS 214-241] Aggregating scalar variable 'weights1_22_6' with compact=bit mode in 8-bits (hls/graphsage_layer_int8_po2.cpp:36:0)
INFO: [HLS 214-241] Aggregating scalar variable 'weights1_22_5' with compact=bit mode in 8-bits (hls/graphsage_layer_int8_po2.cpp:36:0)
INFO: [HLS 214-241] Aggregating scalar variable 'weights1_22_4' with compact=bit mode in 8-bits (hls/graphsage_layer_int8_po2.cpp:36:0)
INFO: [HLS 214-241] Aggregating scalar variable 'weights1_22_3' with compact=bit mode in 8-bits (hls/graphsage_layer_int8_po2.cpp:36:0)
INFO: [HLS 214-241] Aggregating scalar variable 'weights1_22_2' with compact=bit mode in 8-bits (hls/graphsage_layer_int8_po2.cpp:36:0)
INFO: [HLS 214-241] Aggregating scalar variable 'weights1_22_1' with compact=bit mode in 8-bits (hls/graphsage_layer_int8_po2.cpp:36:0)
INFO: [HLS 214-241] Aggregating scalar variable 'weights1_22_0' with compact=bit mode in 8-bits (hls/graphsage_layer_int8_po2.cpp:36:0)
INFO: [HLS 214-241] Aggregating scalar variable 'weights1_21_15' with compact=bit mode in 8-bits (hls/graphsage_layer_int8_po2.cpp:36:0)
INFO: [HLS 214-241] Aggregating scalar variable 'weights1_21_14' with compact=bit mode in 8-bits (hls/graphsage_layer_int8_po2.cpp:36:0)
INFO: [HLS 214-241] Aggregating scalar variable 'weights1_21_13' with compact=bit mode in 8-bits (hls/graphsage_layer_int8_po2.cpp:36:0)
INFO: [HLS 214-241] Aggregating scalar variable 'weights1_21_12' with compact=bit mode in 8-bits (hls/graphsage_layer_int8_po2.cpp:36:0)
INFO: [HLS 214-241] Aggregating scalar variable 'weights1_21_11' with compact=bit mode in 8-bits (hls/graphsage_layer_int8_po2.cpp:36:0)
INFO: [HLS 214-241] Aggregating scalar variable 'weights1_21_10' with compact=bit mode in 8-bits (hls/graphsage_layer_int8_po2.cpp:36:0)
INFO: [HLS 214-241] Aggregating scalar variable 'weights1_21_9' with compact=bit mode in 8-bits (hls/graphsage_layer_int8_po2.cpp:36:0)
INFO: [HLS 214-241] Aggregating scalar variable 'weights1_21_8' with compact=bit mode in 8-bits (hls/graphsage_layer_int8_po2.cpp:36:0)
INFO: [HLS 214-241] Aggregating scalar variable 'weights1_21_7' with compact=bit mode in 8-bits (hls/graphsage_layer_int8_po2.cpp:36:0)
INFO: [HLS 214-241] Aggregating scalar variable 'weights1_21_6' with compact=bit mode in 8-bits (hls/graphsage_layer_int8_po2.cpp:36:0)
INFO: [HLS 214-241] Aggregating scalar variable 'weights1_21_5' with compact=bit mode in 8-bits (hls/graphsage_layer_int8_po2.cpp:36:0)
INFO: [HLS 214-241] Aggregating scalar variable 'weights1_21_4' with compact=bit mode in 8-bits (hls/graphsage_layer_int8_po2.cpp:36:0)
INFO: [HLS 214-241] Aggregating scalar variable 'weights1_21_3' with compact=bit mode in 8-bits (hls/graphsage_layer_int8_po2.cpp:36:0)
INFO: [HLS 214-241] Aggregating scalar variable 'weights1_21_2' with compact=bit mode in 8-bits (hls/graphsage_layer_int8_po2.cpp:36:0)
INFO: [HLS 214-241] Aggregating scalar variable 'weights1_21_1' with compact=bit mode in 8-bits (hls/graphsage_layer_int8_po2.cpp:36:0)
INFO: [HLS 214-241] Aggregating scalar variable 'weights1_21_0' with compact=bit mode in 8-bits (hls/graphsage_layer_int8_po2.cpp:36:0)
INFO: [HLS 214-241] Aggregating scalar variable 'weights1_20_15' with compact=bit mode in 8-bits (hls/graphsage_layer_int8_po2.cpp:36:0)
INFO: [HLS 214-241] Aggregating scalar variable 'weights1_20_14' with compact=bit mode in 8-bits (hls/graphsage_layer_int8_po2.cpp:36:0)
INFO: [HLS 214-241] Aggregating scalar variable 'weights1_20_13' with compact=bit mode in 8-bits (hls/graphsage_layer_int8_po2.cpp:36:0)
INFO: [HLS 214-241] Aggregating scalar variable 'weights1_20_12' with compact=bit mode in 8-bits (hls/graphsage_layer_int8_po2.cpp:36:0)
INFO: [HLS 214-241] Aggregating scalar variable 'weights1_20_11' with compact=bit mode in 8-bits (hls/graphsage_layer_int8_po2.cpp:36:0)
INFO: [HLS 214-241] Aggregating scalar variable 'weights1_20_10' with compact=bit mode in 8-bits (hls/graphsage_layer_int8_po2.cpp:36:0)
INFO: [HLS 214-241] Aggregating scalar variable 'weights1_20_9' with compact=bit mode in 8-bits (hls/graphsage_layer_int8_po2.cpp:36:0)
INFO: [HLS 214-241] Aggregating scalar variable 'weights1_20_8' with compact=bit mode in 8-bits (hls/graphsage_layer_int8_po2.cpp:36:0)
INFO: [HLS 214-241] Aggregating scalar variable 'weights1_20_7' with compact=bit mode in 8-bits (hls/graphsage_layer_int8_po2.cpp:36:0)
INFO: [HLS 214-241] Aggregating scalar variable 'weights1_20_6' with compact=bit mode in 8-bits (hls/graphsage_layer_int8_po2.cpp:36:0)
INFO: [HLS 214-241] Aggregating scalar variable 'weights1_20_5' with compact=bit mode in 8-bits (hls/graphsage_layer_int8_po2.cpp:36:0)
INFO: [HLS 214-241] Aggregating scalar variable 'weights1_20_4' with compact=bit mode in 8-bits (hls/graphsage_layer_int8_po2.cpp:36:0)
INFO: [HLS 214-241] Aggregating scalar variable 'weights1_20_3' with compact=bit mode in 8-bits (hls/graphsage_layer_int8_po2.cpp:36:0)
INFO: [HLS 214-241] Aggregating scalar variable 'weights1_20_2' with compact=bit mode in 8-bits (hls/graphsage_layer_int8_po2.cpp:36:0)
INFO: [HLS 214-241] Aggregating scalar variable 'weights1_20_1' with compact=bit mode in 8-bits (hls/graphsage_layer_int8_po2.cpp:36:0)
INFO: [HLS 214-241] Aggregating scalar variable 'weights1_20_0' with compact=bit mode in 8-bits (hls/graphsage_layer_int8_po2.cpp:36:0)
INFO: [HLS 214-241] Aggregating scalar variable 'weights1_19_15' with compact=bit mode in 8-bits (hls/graphsage_layer_int8_po2.cpp:36:0)
INFO: [HLS 214-241] Aggregating scalar variable 'weights1_19_14' with compact=bit mode in 8-bits (hls/graphsage_layer_int8_po2.cpp:36:0)
INFO: [HLS 214-241] Aggregating scalar variable 'weights1_19_13' with compact=bit mode in 8-bits (hls/graphsage_layer_int8_po2.cpp:36:0)
INFO: [HLS 214-241] Aggregating scalar variable 'weights1_19_12' with compact=bit mode in 8-bits (hls/graphsage_layer_int8_po2.cpp:36:0)
INFO: [HLS 214-241] Aggregating scalar variable 'weights1_19_11' with compact=bit mode in 8-bits (hls/graphsage_layer_int8_po2.cpp:36:0)
INFO: [HLS 214-241] Aggregating scalar variable 'weights1_19_10' with compact=bit mode in 8-bits (hls/graphsage_layer_int8_po2.cpp:36:0)
INFO: [HLS 214-241] Aggregating scalar variable 'weights1_19_9' with compact=bit mode in 8-bits (hls/graphsage_layer_int8_po2.cpp:36:0)
INFO: [HLS 214-241] Aggregating scalar variable 'weights1_19_8' with compact=bit mode in 8-bits (hls/graphsage_layer_int8_po2.cpp:36:0)
INFO: [HLS 214-241] Aggregating scalar variable 'weights1_19_7' with compact=bit mode in 8-bits (hls/graphsage_layer_int8_po2.cpp:36:0)
INFO: [HLS 214-241] Aggregating scalar variable 'weights1_19_6' with compact=bit mode in 8-bits (hls/graphsage_layer_int8_po2.cpp:36:0)
INFO: [HLS 214-241] Aggregating scalar variable 'weights1_19_5' with compact=bit mode in 8-bits (hls/graphsage_layer_int8_po2.cpp:36:0)
INFO: [HLS 214-241] Aggregating scalar variable 'weights1_19_4' with compact=bit mode in 8-bits (hls/graphsage_layer_int8_po2.cpp:36:0)
INFO: [HLS 214-241] Aggregating scalar variable 'weights1_19_3' with compact=bit mode in 8-bits (hls/graphsage_layer_int8_po2.cpp:36:0)
INFO: [HLS 214-241] Aggregating scalar variable 'weights1_19_2' with compact=bit mode in 8-bits (hls/graphsage_layer_int8_po2.cpp:36:0)
INFO: [HLS 214-241] Aggregating scalar variable 'weights1_19_1' with compact=bit mode in 8-bits (hls/graphsage_layer_int8_po2.cpp:36:0)
INFO: [HLS 214-241] Aggregating scalar variable 'weights1_19_0' with compact=bit mode in 8-bits (hls/graphsage_layer_int8_po2.cpp:36:0)
INFO: [HLS 214-241] Aggregating scalar variable 'weights1_18_15' with compact=bit mode in 8-bits (hls/graphsage_layer_int8_po2.cpp:36:0)
INFO: [HLS 214-241] Aggregating scalar variable 'weights1_18_14' with compact=bit mode in 8-bits (hls/graphsage_layer_int8_po2.cpp:36:0)
INFO: [HLS 214-241] Aggregating scalar variable 'weights1_18_13' with compact=bit mode in 8-bits (hls/graphsage_layer_int8_po2.cpp:36:0)
INFO: [HLS 214-241] Aggregating scalar variable 'weights1_18_12' with compact=bit mode in 8-bits (hls/graphsage_layer_int8_po2.cpp:36:0)
INFO: [HLS 214-241] Aggregating scalar variable 'weights1_18_11' with compact=bit mode in 8-bits (hls/graphsage_layer_int8_po2.cpp:36:0)
INFO: [HLS 214-241] Aggregating scalar variable 'weights1_18_10' with compact=bit mode in 8-bits (hls/graphsage_layer_int8_po2.cpp:36:0)
INFO: [HLS 214-241] Aggregating scalar variable 'weights1_18_9' with compact=bit mode in 8-bits (hls/graphsage_layer_int8_po2.cpp:36:0)
INFO: [HLS 214-241] Aggregating scalar variable 'weights1_18_8' with compact=bit mode in 8-bits (hls/graphsage_layer_int8_po2.cpp:36:0)
INFO: [HLS 214-241] Aggregating scalar variable 'weights1_18_7' with compact=bit mode in 8-bits (hls/graphsage_layer_int8_po2.cpp:36:0)
INFO: [HLS 214-241] Aggregating scalar variable 'weights1_18_6' with compact=bit mode in 8-bits (hls/graphsage_layer_int8_po2.cpp:36:0)
INFO: [HLS 214-241] Aggregating scalar variable 'weights1_18_5' with compact=bit mode in 8-bits (hls/graphsage_layer_int8_po2.cpp:36:0)
INFO: [HLS 214-241] Aggregating scalar variable 'weights1_18_4' with compact=bit mode in 8-bits (hls/graphsage_layer_int8_po2.cpp:36:0)
INFO: [HLS 214-241] Aggregating scalar variable 'weights1_18_3' with compact=bit mode in 8-bits (hls/graphsage_layer_int8_po2.cpp:36:0)
INFO: [HLS 214-241] Aggregating scalar variable 'weights1_18_2' with compact=bit mode in 8-bits (hls/graphsage_layer_int8_po2.cpp:36:0)
INFO: [HLS 214-241] Aggregating scalar variable 'weights1_18_1' with compact=bit mode in 8-bits (hls/graphsage_layer_int8_po2.cpp:36:0)
INFO: [HLS 214-241] Aggregating scalar variable 'weights1_18_0' with compact=bit mode in 8-bits (hls/graphsage_layer_int8_po2.cpp:36:0)
INFO: [HLS 214-241] Aggregating scalar variable 'weights1_17_15' with compact=bit mode in 8-bits (hls/graphsage_layer_int8_po2.cpp:36:0)
INFO: [HLS 214-241] Aggregating scalar variable 'weights1_17_14' with compact=bit mode in 8-bits (hls/graphsage_layer_int8_po2.cpp:36:0)
INFO: [HLS 214-241] Aggregating scalar variable 'weights1_17_13' with compact=bit mode in 8-bits (hls/graphsage_layer_int8_po2.cpp:36:0)
INFO: [HLS 214-241] Aggregating scalar variable 'weights1_17_12' with compact=bit mode in 8-bits (hls/graphsage_layer_int8_po2.cpp:36:0)
INFO: [HLS 214-241] Aggregating scalar variable 'weights1_17_11' with compact=bit mode in 8-bits (hls/graphsage_layer_int8_po2.cpp:36:0)
INFO: [HLS 214-241] Aggregating scalar variable 'weights1_17_10' with compact=bit mode in 8-bits (hls/graphsage_layer_int8_po2.cpp:36:0)
INFO: [HLS 214-241] Aggregating scalar variable 'weights1_17_9' with compact=bit mode in 8-bits (hls/graphsage_layer_int8_po2.cpp:36:0)
INFO: [HLS 214-241] Aggregating scalar variable 'weights1_17_8' with compact=bit mode in 8-bits (hls/graphsage_layer_int8_po2.cpp:36:0)
INFO: [HLS 214-241] Aggregating scalar variable 'weights1_17_7' with compact=bit mode in 8-bits (hls/graphsage_layer_int8_po2.cpp:36:0)
INFO: [HLS 214-241] Aggregating scalar variable 'weights1_17_6' with compact=bit mode in 8-bits (hls/graphsage_layer_int8_po2.cpp:36:0)
INFO: [HLS 214-241] Aggregating scalar variable 'weights1_17_5' with compact=bit mode in 8-bits (hls/graphsage_layer_int8_po2.cpp:36:0)
INFO: [HLS 214-241] Aggregating scalar variable 'weights1_17_4' with compact=bit mode in 8-bits (hls/graphsage_layer_int8_po2.cpp:36:0)
INFO: [HLS 214-241] Aggregating scalar variable 'weights1_17_3' with compact=bit mode in 8-bits (hls/graphsage_layer_int8_po2.cpp:36:0)
INFO: [HLS 214-241] Aggregating scalar variable 'weights1_17_2' with compact=bit mode in 8-bits (hls/graphsage_layer_int8_po2.cpp:36:0)
INFO: [HLS 214-241] Aggregating scalar variable 'weights1_17_1' with compact=bit mode in 8-bits (hls/graphsage_layer_int8_po2.cpp:36:0)
INFO: [HLS 214-241] Aggregating scalar variable 'weights1_17_0' with compact=bit mode in 8-bits (hls/graphsage_layer_int8_po2.cpp:36:0)
INFO: [HLS 214-241] Aggregating scalar variable 'weights1_16_15' with compact=bit mode in 8-bits (hls/graphsage_layer_int8_po2.cpp:36:0)
INFO: [HLS 214-241] Aggregating scalar variable 'weights1_16_14' with compact=bit mode in 8-bits (hls/graphsage_layer_int8_po2.cpp:36:0)
INFO: [HLS 214-241] Aggregating scalar variable 'weights1_16_13' with compact=bit mode in 8-bits (hls/graphsage_layer_int8_po2.cpp:36:0)
INFO: [HLS 214-241] Aggregating scalar variable 'weights1_16_12' with compact=bit mode in 8-bits (hls/graphsage_layer_int8_po2.cpp:36:0)
INFO: [HLS 214-241] Aggregating scalar variable 'weights1_16_11' with compact=bit mode in 8-bits (hls/graphsage_layer_int8_po2.cpp:36:0)
INFO: [HLS 214-241] Aggregating scalar variable 'weights1_16_10' with compact=bit mode in 8-bits (hls/graphsage_layer_int8_po2.cpp:36:0)
INFO: [HLS 214-241] Aggregating scalar variable 'weights1_16_9' with compact=bit mode in 8-bits (hls/graphsage_layer_int8_po2.cpp:36:0)
INFO: [HLS 214-241] Aggregating scalar variable 'weights1_16_8' with compact=bit mode in 8-bits (hls/graphsage_layer_int8_po2.cpp:36:0)
INFO: [HLS 214-241] Aggregating scalar variable 'weights1_16_7' with compact=bit mode in 8-bits (hls/graphsage_layer_int8_po2.cpp:36:0)
INFO: [HLS 214-241] Aggregating scalar variable 'weights1_16_6' with compact=bit mode in 8-bits (hls/graphsage_layer_int8_po2.cpp:36:0)
INFO: [HLS 214-241] Aggregating scalar variable 'weights1_16_5' with compact=bit mode in 8-bits (hls/graphsage_layer_int8_po2.cpp:36:0)
INFO: [HLS 214-241] Aggregating scalar variable 'weights1_16_4' with compact=bit mode in 8-bits (hls/graphsage_layer_int8_po2.cpp:36:0)
INFO: [HLS 214-241] Aggregating scalar variable 'weights1_16_3' with compact=bit mode in 8-bits (hls/graphsage_layer_int8_po2.cpp:36:0)
INFO: [HLS 214-241] Aggregating scalar variable 'weights1_16_2' with compact=bit mode in 8-bits (hls/graphsage_layer_int8_po2.cpp:36:0)
INFO: [HLS 214-241] Aggregating scalar variable 'weights1_16_1' with compact=bit mode in 8-bits (hls/graphsage_layer_int8_po2.cpp:36:0)
INFO: [HLS 214-241] Aggregating scalar variable 'weights1_16_0' with compact=bit mode in 8-bits (hls/graphsage_layer_int8_po2.cpp:36:0)
INFO: [HLS 214-241] Aggregating scalar variable 'weights1_15_15' with compact=bit mode in 8-bits (hls/graphsage_layer_int8_po2.cpp:36:0)
INFO: [HLS 214-241] Aggregating scalar variable 'weights1_15_14' with compact=bit mode in 8-bits (hls/graphsage_layer_int8_po2.cpp:36:0)
INFO: [HLS 214-241] Aggregating scalar variable 'weights1_15_13' with compact=bit mode in 8-bits (hls/graphsage_layer_int8_po2.cpp:36:0)
INFO: [HLS 214-241] Aggregating scalar variable 'weights1_15_12' with compact=bit mode in 8-bits (hls/graphsage_layer_int8_po2.cpp:36:0)
INFO: [HLS 214-241] Aggregating scalar variable 'weights1_15_11' with compact=bit mode in 8-bits (hls/graphsage_layer_int8_po2.cpp:36:0)
INFO: [HLS 214-241] Aggregating scalar variable 'weights1_15_10' with compact=bit mode in 8-bits (hls/graphsage_layer_int8_po2.cpp:36:0)
INFO: [HLS 214-241] Aggregating scalar variable 'weights1_15_9' with compact=bit mode in 8-bits (hls/graphsage_layer_int8_po2.cpp:36:0)
INFO: [HLS 214-241] Aggregating scalar variable 'weights1_15_8' with compact=bit mode in 8-bits (hls/graphsage_layer_int8_po2.cpp:36:0)
INFO: [HLS 214-241] Aggregating scalar variable 'weights1_15_7' with compact=bit mode in 8-bits (hls/graphsage_layer_int8_po2.cpp:36:0)
INFO: [HLS 214-241] Aggregating scalar variable 'weights1_15_6' with compact=bit mode in 8-bits (hls/graphsage_layer_int8_po2.cpp:36:0)
INFO: [HLS 214-241] Aggregating scalar variable 'weights1_15_5' with compact=bit mode in 8-bits (hls/graphsage_layer_int8_po2.cpp:36:0)
INFO: [HLS 214-241] Aggregating scalar variable 'weights1_15_4' with compact=bit mode in 8-bits (hls/graphsage_layer_int8_po2.cpp:36:0)
INFO: [HLS 214-241] Aggregating scalar variable 'weights1_15_3' with compact=bit mode in 8-bits (hls/graphsage_layer_int8_po2.cpp:36:0)
INFO: [HLS 214-241] Aggregating scalar variable 'weights1_15_2' with compact=bit mode in 8-bits (hls/graphsage_layer_int8_po2.cpp:36:0)
INFO: [HLS 214-241] Aggregating scalar variable 'weights1_15_1' with compact=bit mode in 8-bits (hls/graphsage_layer_int8_po2.cpp:36:0)
INFO: [HLS 214-241] Aggregating scalar variable 'weights1_15_0' with compact=bit mode in 8-bits (hls/graphsage_layer_int8_po2.cpp:36:0)
INFO: [HLS 214-241] Aggregating scalar variable 'weights1_14_15' with compact=bit mode in 8-bits (hls/graphsage_layer_int8_po2.cpp:36:0)
INFO: [HLS 214-241] Aggregating scalar variable 'weights1_14_14' with compact=bit mode in 8-bits (hls/graphsage_layer_int8_po2.cpp:36:0)
INFO: [HLS 214-241] Aggregating scalar variable 'weights1_14_13' with compact=bit mode in 8-bits (hls/graphsage_layer_int8_po2.cpp:36:0)
INFO: [HLS 214-241] Aggregating scalar variable 'weights1_14_12' with compact=bit mode in 8-bits (hls/graphsage_layer_int8_po2.cpp:36:0)
INFO: [HLS 214-241] Aggregating scalar variable 'weights1_14_11' with compact=bit mode in 8-bits (hls/graphsage_layer_int8_po2.cpp:36:0)
INFO: [HLS 214-241] Aggregating scalar variable 'weights1_14_10' with compact=bit mode in 8-bits (hls/graphsage_layer_int8_po2.cpp:36:0)
INFO: [HLS 214-241] Aggregating scalar variable 'weights1_14_9' with compact=bit mode in 8-bits (hls/graphsage_layer_int8_po2.cpp:36:0)
INFO: [HLS 214-241] Aggregating scalar variable 'weights1_14_8' with compact=bit mode in 8-bits (hls/graphsage_layer_int8_po2.cpp:36:0)
INFO: [HLS 214-241] Aggregating scalar variable 'weights1_14_7' with compact=bit mode in 8-bits (hls/graphsage_layer_int8_po2.cpp:36:0)
INFO: [HLS 214-241] Aggregating scalar variable 'weights1_14_6' with compact=bit mode in 8-bits (hls/graphsage_layer_int8_po2.cpp:36:0)
INFO: [HLS 214-241] Aggregating scalar variable 'weights1_14_5' with compact=bit mode in 8-bits (hls/graphsage_layer_int8_po2.cpp:36:0)
INFO: [HLS 214-241] Aggregating scalar variable 'weights1_14_4' with compact=bit mode in 8-bits (hls/graphsage_layer_int8_po2.cpp:36:0)
INFO: [HLS 214-241] Aggregating scalar variable 'weights1_14_3' with compact=bit mode in 8-bits (hls/graphsage_layer_int8_po2.cpp:36:0)
INFO: [HLS 214-241] Aggregating scalar variable 'weights1_14_2' with compact=bit mode in 8-bits (hls/graphsage_layer_int8_po2.cpp:36:0)
INFO: [HLS 214-241] Aggregating scalar variable 'weights1_14_1' with compact=bit mode in 8-bits (hls/graphsage_layer_int8_po2.cpp:36:0)
INFO: [HLS 214-241] Aggregating scalar variable 'weights1_14_0' with compact=bit mode in 8-bits (hls/graphsage_layer_int8_po2.cpp:36:0)
INFO: [HLS 214-241] Aggregating scalar variable 'weights1_13_15' with compact=bit mode in 8-bits (hls/graphsage_layer_int8_po2.cpp:36:0)
INFO: [HLS 214-241] Aggregating scalar variable 'weights1_13_14' with compact=bit mode in 8-bits (hls/graphsage_layer_int8_po2.cpp:36:0)
INFO: [HLS 214-241] Aggregating scalar variable 'weights1_13_13' with compact=bit mode in 8-bits (hls/graphsage_layer_int8_po2.cpp:36:0)
INFO: [HLS 214-241] Aggregating scalar variable 'weights1_13_12' with compact=bit mode in 8-bits (hls/graphsage_layer_int8_po2.cpp:36:0)
INFO: [HLS 214-241] Aggregating scalar variable 'weights1_13_11' with compact=bit mode in 8-bits (hls/graphsage_layer_int8_po2.cpp:36:0)
INFO: [HLS 214-241] Aggregating scalar variable 'weights1_13_10' with compact=bit mode in 8-bits (hls/graphsage_layer_int8_po2.cpp:36:0)
INFO: [HLS 214-241] Aggregating scalar variable 'weights1_13_9' with compact=bit mode in 8-bits (hls/graphsage_layer_int8_po2.cpp:36:0)
INFO: [HLS 214-241] Aggregating scalar variable 'weights1_13_8' with compact=bit mode in 8-bits (hls/graphsage_layer_int8_po2.cpp:36:0)
INFO: [HLS 214-241] Aggregating scalar variable 'weights1_13_7' with compact=bit mode in 8-bits (hls/graphsage_layer_int8_po2.cpp:36:0)
INFO: [HLS 214-241] Aggregating scalar variable 'weights1_13_6' with compact=bit mode in 8-bits (hls/graphsage_layer_int8_po2.cpp:36:0)
INFO: [HLS 214-241] Aggregating scalar variable 'weights1_13_5' with compact=bit mode in 8-bits (hls/graphsage_layer_int8_po2.cpp:36:0)
INFO: [HLS 214-241] Aggregating scalar variable 'weights1_13_4' with compact=bit mode in 8-bits (hls/graphsage_layer_int8_po2.cpp:36:0)
INFO: [HLS 214-241] Aggregating scalar variable 'weights1_13_3' with compact=bit mode in 8-bits (hls/graphsage_layer_int8_po2.cpp:36:0)
INFO: [HLS 214-241] Aggregating scalar variable 'weights1_13_2' with compact=bit mode in 8-bits (hls/graphsage_layer_int8_po2.cpp:36:0)
INFO: [HLS 214-241] Aggregating scalar variable 'weights1_13_1' with compact=bit mode in 8-bits (hls/graphsage_layer_int8_po2.cpp:36:0)
INFO: [HLS 214-241] Aggregating scalar variable 'weights1_13_0' with compact=bit mode in 8-bits (hls/graphsage_layer_int8_po2.cpp:36:0)
INFO: [HLS 214-241] Aggregating scalar variable 'weights1_12_15' with compact=bit mode in 8-bits (hls/graphsage_layer_int8_po2.cpp:36:0)
INFO: [HLS 214-241] Aggregating scalar variable 'weights1_12_14' with compact=bit mode in 8-bits (hls/graphsage_layer_int8_po2.cpp:36:0)
INFO: [HLS 214-241] Aggregating scalar variable 'weights1_12_13' with compact=bit mode in 8-bits (hls/graphsage_layer_int8_po2.cpp:36:0)
INFO: [HLS 214-241] Aggregating scalar variable 'weights1_12_12' with compact=bit mode in 8-bits (hls/graphsage_layer_int8_po2.cpp:36:0)
INFO: [HLS 214-241] Aggregating scalar variable 'weights1_12_11' with compact=bit mode in 8-bits (hls/graphsage_layer_int8_po2.cpp:36:0)
INFO: [HLS 214-241] Aggregating scalar variable 'weights1_12_10' with compact=bit mode in 8-bits (hls/graphsage_layer_int8_po2.cpp:36:0)
INFO: [HLS 214-241] Aggregating scalar variable 'weights1_12_9' with compact=bit mode in 8-bits (hls/graphsage_layer_int8_po2.cpp:36:0)
INFO: [HLS 214-241] Aggregating scalar variable 'weights1_12_8' with compact=bit mode in 8-bits (hls/graphsage_layer_int8_po2.cpp:36:0)
INFO: [HLS 214-241] Aggregating scalar variable 'weights1_12_7' with compact=bit mode in 8-bits (hls/graphsage_layer_int8_po2.cpp:36:0)
INFO: [HLS 214-241] Aggregating scalar variable 'weights1_12_6' with compact=bit mode in 8-bits (hls/graphsage_layer_int8_po2.cpp:36:0)
INFO: [HLS 214-241] Aggregating scalar variable 'weights1_12_5' with compact=bit mode in 8-bits (hls/graphsage_layer_int8_po2.cpp:36:0)
INFO: [HLS 214-241] Aggregating scalar variable 'weights1_12_4' with compact=bit mode in 8-bits (hls/graphsage_layer_int8_po2.cpp:36:0)
INFO: [HLS 214-241] Aggregating scalar variable 'weights1_12_3' with compact=bit mode in 8-bits (hls/graphsage_layer_int8_po2.cpp:36:0)
INFO: [HLS 214-241] Aggregating scalar variable 'weights1_12_2' with compact=bit mode in 8-bits (hls/graphsage_layer_int8_po2.cpp:36:0)
INFO: [HLS 214-241] Aggregating scalar variable 'weights1_12_1' with compact=bit mode in 8-bits (hls/graphsage_layer_int8_po2.cpp:36:0)
INFO: [HLS 214-241] Aggregating scalar variable 'weights1_12_0' with compact=bit mode in 8-bits (hls/graphsage_layer_int8_po2.cpp:36:0)
INFO: [HLS 214-241] Aggregating scalar variable 'weights1_11_15' with compact=bit mode in 8-bits (hls/graphsage_layer_int8_po2.cpp:36:0)
INFO: [HLS 214-241] Aggregating scalar variable 'weights1_11_14' with compact=bit mode in 8-bits (hls/graphsage_layer_int8_po2.cpp:36:0)
INFO: [HLS 214-241] Aggregating scalar variable 'weights1_11_13' with compact=bit mode in 8-bits (hls/graphsage_layer_int8_po2.cpp:36:0)
INFO: [HLS 214-241] Aggregating scalar variable 'weights1_11_12' with compact=bit mode in 8-bits (hls/graphsage_layer_int8_po2.cpp:36:0)
INFO: [HLS 214-241] Aggregating scalar variable 'weights1_11_11' with compact=bit mode in 8-bits (hls/graphsage_layer_int8_po2.cpp:36:0)
INFO: [HLS 214-241] Aggregating scalar variable 'weights1_11_10' with compact=bit mode in 8-bits (hls/graphsage_layer_int8_po2.cpp:36:0)
INFO: [HLS 214-241] Aggregating scalar variable 'weights1_11_9' with compact=bit mode in 8-bits (hls/graphsage_layer_int8_po2.cpp:36:0)
INFO: [HLS 214-241] Aggregating scalar variable 'weights1_11_8' with compact=bit mode in 8-bits (hls/graphsage_layer_int8_po2.cpp:36:0)
INFO: [HLS 214-241] Aggregating scalar variable 'weights1_11_7' with compact=bit mode in 8-bits (hls/graphsage_layer_int8_po2.cpp:36:0)
INFO: [HLS 214-241] Aggregating scalar variable 'weights1_11_6' with compact=bit mode in 8-bits (hls/graphsage_layer_int8_po2.cpp:36:0)
INFO: [HLS 214-241] Aggregating scalar variable 'weights1_11_5' with compact=bit mode in 8-bits (hls/graphsage_layer_int8_po2.cpp:36:0)
INFO: [HLS 214-241] Aggregating scalar variable 'weights1_11_4' with compact=bit mode in 8-bits (hls/graphsage_layer_int8_po2.cpp:36:0)
INFO: [HLS 214-241] Aggregating scalar variable 'weights1_11_3' with compact=bit mode in 8-bits (hls/graphsage_layer_int8_po2.cpp:36:0)
INFO: [HLS 214-241] Aggregating scalar variable 'weights1_11_2' with compact=bit mode in 8-bits (hls/graphsage_layer_int8_po2.cpp:36:0)
INFO: [HLS 214-241] Aggregating scalar variable 'weights1_11_1' with compact=bit mode in 8-bits (hls/graphsage_layer_int8_po2.cpp:36:0)
INFO: [HLS 214-241] Aggregating scalar variable 'weights1_11_0' with compact=bit mode in 8-bits (hls/graphsage_layer_int8_po2.cpp:36:0)
INFO: [HLS 214-241] Aggregating scalar variable 'weights1_10_15' with compact=bit mode in 8-bits (hls/graphsage_layer_int8_po2.cpp:36:0)
INFO: [HLS 214-241] Aggregating scalar variable 'weights1_10_14' with compact=bit mode in 8-bits (hls/graphsage_layer_int8_po2.cpp:36:0)
INFO: [HLS 214-241] Aggregating scalar variable 'weights1_10_13' with compact=bit mode in 8-bits (hls/graphsage_layer_int8_po2.cpp:36:0)
INFO: [HLS 214-241] Aggregating scalar variable 'weights1_10_12' with compact=bit mode in 8-bits (hls/graphsage_layer_int8_po2.cpp:36:0)
INFO: [HLS 214-241] Aggregating scalar variable 'weights1_10_11' with compact=bit mode in 8-bits (hls/graphsage_layer_int8_po2.cpp:36:0)
INFO: [HLS 214-241] Aggregating scalar variable 'weights1_10_10' with compact=bit mode in 8-bits (hls/graphsage_layer_int8_po2.cpp:36:0)
INFO: [HLS 214-241] Aggregating scalar variable 'weights1_10_9' with compact=bit mode in 8-bits (hls/graphsage_layer_int8_po2.cpp:36:0)
INFO: [HLS 214-241] Aggregating scalar variable 'weights1_10_8' with compact=bit mode in 8-bits (hls/graphsage_layer_int8_po2.cpp:36:0)
INFO: [HLS 214-241] Aggregating scalar variable 'weights1_10_7' with compact=bit mode in 8-bits (hls/graphsage_layer_int8_po2.cpp:36:0)
INFO: [HLS 214-241] Aggregating scalar variable 'weights1_10_6' with compact=bit mode in 8-bits (hls/graphsage_layer_int8_po2.cpp:36:0)
INFO: [HLS 214-241] Aggregating scalar variable 'weights1_10_5' with compact=bit mode in 8-bits (hls/graphsage_layer_int8_po2.cpp:36:0)
INFO: [HLS 214-241] Aggregating scalar variable 'weights1_10_4' with compact=bit mode in 8-bits (hls/graphsage_layer_int8_po2.cpp:36:0)
INFO: [HLS 214-241] Aggregating scalar variable 'weights1_10_3' with compact=bit mode in 8-bits (hls/graphsage_layer_int8_po2.cpp:36:0)
INFO: [HLS 214-241] Aggregating scalar variable 'weights1_10_2' with compact=bit mode in 8-bits (hls/graphsage_layer_int8_po2.cpp:36:0)
INFO: [HLS 214-241] Aggregating scalar variable 'weights1_10_1' with compact=bit mode in 8-bits (hls/graphsage_layer_int8_po2.cpp:36:0)
INFO: [HLS 214-241] Aggregating scalar variable 'weights1_10_0' with compact=bit mode in 8-bits (hls/graphsage_layer_int8_po2.cpp:36:0)
INFO: [HLS 214-241] Aggregating scalar variable 'weights1_9_15' with compact=bit mode in 8-bits (hls/graphsage_layer_int8_po2.cpp:36:0)
INFO: [HLS 214-241] Aggregating scalar variable 'weights1_9_14' with compact=bit mode in 8-bits (hls/graphsage_layer_int8_po2.cpp:36:0)
INFO: [HLS 214-241] Aggregating scalar variable 'weights1_9_13' with compact=bit mode in 8-bits (hls/graphsage_layer_int8_po2.cpp:36:0)
INFO: [HLS 214-241] Aggregating scalar variable 'weights1_9_12' with compact=bit mode in 8-bits (hls/graphsage_layer_int8_po2.cpp:36:0)
INFO: [HLS 214-241] Aggregating scalar variable 'weights1_9_11' with compact=bit mode in 8-bits (hls/graphsage_layer_int8_po2.cpp:36:0)
INFO: [HLS 214-241] Aggregating scalar variable 'weights1_9_10' with compact=bit mode in 8-bits (hls/graphsage_layer_int8_po2.cpp:36:0)
INFO: [HLS 214-241] Aggregating scalar variable 'weights1_9_9' with compact=bit mode in 8-bits (hls/graphsage_layer_int8_po2.cpp:36:0)
INFO: [HLS 214-241] Aggregating scalar variable 'weights1_9_8' with compact=bit mode in 8-bits (hls/graphsage_layer_int8_po2.cpp:36:0)
INFO: [HLS 214-241] Aggregating scalar variable 'weights1_9_7' with compact=bit mode in 8-bits (hls/graphsage_layer_int8_po2.cpp:36:0)
INFO: [HLS 214-241] Aggregating scalar variable 'weights1_9_6' with compact=bit mode in 8-bits (hls/graphsage_layer_int8_po2.cpp:36:0)
INFO: [HLS 214-241] Aggregating scalar variable 'weights1_9_5' with compact=bit mode in 8-bits (hls/graphsage_layer_int8_po2.cpp:36:0)
INFO: [HLS 214-241] Aggregating scalar variable 'weights1_9_4' with compact=bit mode in 8-bits (hls/graphsage_layer_int8_po2.cpp:36:0)
INFO: [HLS 214-241] Aggregating scalar variable 'weights1_9_3' with compact=bit mode in 8-bits (hls/graphsage_layer_int8_po2.cpp:36:0)
INFO: [HLS 214-241] Aggregating scalar variable 'weights1_9_2' with compact=bit mode in 8-bits (hls/graphsage_layer_int8_po2.cpp:36:0)
INFO: [HLS 214-241] Aggregating scalar variable 'weights1_9_1' with compact=bit mode in 8-bits (hls/graphsage_layer_int8_po2.cpp:36:0)
INFO: [HLS 214-241] Aggregating scalar variable 'weights1_9_0' with compact=bit mode in 8-bits (hls/graphsage_layer_int8_po2.cpp:36:0)
INFO: [HLS 214-241] Aggregating scalar variable 'weights1_8_15' with compact=bit mode in 8-bits (hls/graphsage_layer_int8_po2.cpp:36:0)
INFO: [HLS 214-241] Aggregating scalar variable 'weights1_8_14' with compact=bit mode in 8-bits (hls/graphsage_layer_int8_po2.cpp:36:0)
INFO: [HLS 214-241] Aggregating scalar variable 'weights1_8_13' with compact=bit mode in 8-bits (hls/graphsage_layer_int8_po2.cpp:36:0)
INFO: [HLS 214-241] Aggregating scalar variable 'weights1_8_12' with compact=bit mode in 8-bits (hls/graphsage_layer_int8_po2.cpp:36:0)
INFO: [HLS 214-241] Aggregating scalar variable 'weights1_8_11' with compact=bit mode in 8-bits (hls/graphsage_layer_int8_po2.cpp:36:0)
INFO: [HLS 214-241] Aggregating scalar variable 'weights1_8_10' with compact=bit mode in 8-bits (hls/graphsage_layer_int8_po2.cpp:36:0)
INFO: [HLS 214-241] Aggregating scalar variable 'weights1_8_9' with compact=bit mode in 8-bits (hls/graphsage_layer_int8_po2.cpp:36:0)
INFO: [HLS 214-241] Aggregating scalar variable 'weights1_8_8' with compact=bit mode in 8-bits (hls/graphsage_layer_int8_po2.cpp:36:0)
INFO: [HLS 214-241] Aggregating scalar variable 'weights1_8_7' with compact=bit mode in 8-bits (hls/graphsage_layer_int8_po2.cpp:36:0)
INFO: [HLS 214-241] Aggregating scalar variable 'weights1_8_6' with compact=bit mode in 8-bits (hls/graphsage_layer_int8_po2.cpp:36:0)
INFO: [HLS 214-241] Aggregating scalar variable 'weights1_8_5' with compact=bit mode in 8-bits (hls/graphsage_layer_int8_po2.cpp:36:0)
INFO: [HLS 214-241] Aggregating scalar variable 'weights1_8_4' with compact=bit mode in 8-bits (hls/graphsage_layer_int8_po2.cpp:36:0)
INFO: [HLS 214-241] Aggregating scalar variable 'weights1_8_3' with compact=bit mode in 8-bits (hls/graphsage_layer_int8_po2.cpp:36:0)
INFO: [HLS 214-241] Aggregating scalar variable 'weights1_8_2' with compact=bit mode in 8-bits (hls/graphsage_layer_int8_po2.cpp:36:0)
INFO: [HLS 214-241] Aggregating scalar variable 'weights1_8_1' with compact=bit mode in 8-bits (hls/graphsage_layer_int8_po2.cpp:36:0)
INFO: [HLS 214-241] Aggregating scalar variable 'weights1_8_0' with compact=bit mode in 8-bits (hls/graphsage_layer_int8_po2.cpp:36:0)
INFO: [HLS 214-241] Aggregating scalar variable 'weights1_7_15' with compact=bit mode in 8-bits (hls/graphsage_layer_int8_po2.cpp:36:0)
INFO: [HLS 214-241] Aggregating scalar variable 'weights1_7_14' with compact=bit mode in 8-bits (hls/graphsage_layer_int8_po2.cpp:36:0)
INFO: [HLS 214-241] Aggregating scalar variable 'weights1_7_13' with compact=bit mode in 8-bits (hls/graphsage_layer_int8_po2.cpp:36:0)
INFO: [HLS 214-241] Aggregating scalar variable 'weights1_7_12' with compact=bit mode in 8-bits (hls/graphsage_layer_int8_po2.cpp:36:0)
INFO: [HLS 214-241] Aggregating scalar variable 'weights1_7_11' with compact=bit mode in 8-bits (hls/graphsage_layer_int8_po2.cpp:36:0)
INFO: [HLS 214-241] Aggregating scalar variable 'weights1_7_10' with compact=bit mode in 8-bits (hls/graphsage_layer_int8_po2.cpp:36:0)
INFO: [HLS 214-241] Aggregating scalar variable 'weights1_7_9' with compact=bit mode in 8-bits (hls/graphsage_layer_int8_po2.cpp:36:0)
INFO: [HLS 214-241] Aggregating scalar variable 'weights1_7_8' with compact=bit mode in 8-bits (hls/graphsage_layer_int8_po2.cpp:36:0)
INFO: [HLS 214-241] Aggregating scalar variable 'weights1_7_7' with compact=bit mode in 8-bits (hls/graphsage_layer_int8_po2.cpp:36:0)
INFO: [HLS 214-241] Aggregating scalar variable 'weights1_7_6' with compact=bit mode in 8-bits (hls/graphsage_layer_int8_po2.cpp:36:0)
INFO: [HLS 214-241] Aggregating scalar variable 'weights1_7_5' with compact=bit mode in 8-bits (hls/graphsage_layer_int8_po2.cpp:36:0)
INFO: [HLS 214-241] Aggregating scalar variable 'weights1_7_4' with compact=bit mode in 8-bits (hls/graphsage_layer_int8_po2.cpp:36:0)
INFO: [HLS 214-241] Aggregating scalar variable 'weights1_7_3' with compact=bit mode in 8-bits (hls/graphsage_layer_int8_po2.cpp:36:0)
INFO: [HLS 214-241] Aggregating scalar variable 'weights1_7_2' with compact=bit mode in 8-bits (hls/graphsage_layer_int8_po2.cpp:36:0)
INFO: [HLS 214-241] Aggregating scalar variable 'weights1_7_1' with compact=bit mode in 8-bits (hls/graphsage_layer_int8_po2.cpp:36:0)
INFO: [HLS 214-241] Aggregating scalar variable 'weights1_7_0' with compact=bit mode in 8-bits (hls/graphsage_layer_int8_po2.cpp:36:0)
INFO: [HLS 214-241] Aggregating scalar variable 'weights1_6_15' with compact=bit mode in 8-bits (hls/graphsage_layer_int8_po2.cpp:36:0)
INFO: [HLS 214-241] Aggregating scalar variable 'weights1_6_14' with compact=bit mode in 8-bits (hls/graphsage_layer_int8_po2.cpp:36:0)
INFO: [HLS 214-241] Aggregating scalar variable 'weights1_6_13' with compact=bit mode in 8-bits (hls/graphsage_layer_int8_po2.cpp:36:0)
INFO: [HLS 214-241] Aggregating scalar variable 'weights1_6_12' with compact=bit mode in 8-bits (hls/graphsage_layer_int8_po2.cpp:36:0)
INFO: [HLS 214-241] Aggregating scalar variable 'weights1_6_11' with compact=bit mode in 8-bits (hls/graphsage_layer_int8_po2.cpp:36:0)
INFO: [HLS 214-241] Aggregating scalar variable 'weights1_6_10' with compact=bit mode in 8-bits (hls/graphsage_layer_int8_po2.cpp:36:0)
INFO: [HLS 214-241] Aggregating scalar variable 'weights1_6_9' with compact=bit mode in 8-bits (hls/graphsage_layer_int8_po2.cpp:36:0)
INFO: [HLS 214-241] Aggregating scalar variable 'weights1_6_8' with compact=bit mode in 8-bits (hls/graphsage_layer_int8_po2.cpp:36:0)
INFO: [HLS 214-241] Aggregating scalar variable 'weights1_6_7' with compact=bit mode in 8-bits (hls/graphsage_layer_int8_po2.cpp:36:0)
INFO: [HLS 214-241] Aggregating scalar variable 'weights1_6_6' with compact=bit mode in 8-bits (hls/graphsage_layer_int8_po2.cpp:36:0)
INFO: [HLS 214-241] Aggregating scalar variable 'weights1_6_5' with compact=bit mode in 8-bits (hls/graphsage_layer_int8_po2.cpp:36:0)
INFO: [HLS 214-241] Aggregating scalar variable 'weights1_6_4' with compact=bit mode in 8-bits (hls/graphsage_layer_int8_po2.cpp:36:0)
INFO: [HLS 214-241] Aggregating scalar variable 'weights1_6_3' with compact=bit mode in 8-bits (hls/graphsage_layer_int8_po2.cpp:36:0)
INFO: [HLS 214-241] Aggregating scalar variable 'weights1_6_2' with compact=bit mode in 8-bits (hls/graphsage_layer_int8_po2.cpp:36:0)
INFO: [HLS 214-241] Aggregating scalar variable 'weights1_6_1' with compact=bit mode in 8-bits (hls/graphsage_layer_int8_po2.cpp:36:0)
INFO: [HLS 214-241] Aggregating scalar variable 'weights1_6_0' with compact=bit mode in 8-bits (hls/graphsage_layer_int8_po2.cpp:36:0)
INFO: [HLS 214-241] Aggregating scalar variable 'weights1_5_15' with compact=bit mode in 8-bits (hls/graphsage_layer_int8_po2.cpp:36:0)
INFO: [HLS 214-241] Aggregating scalar variable 'weights1_5_14' with compact=bit mode in 8-bits (hls/graphsage_layer_int8_po2.cpp:36:0)
INFO: [HLS 214-241] Aggregating scalar variable 'weights1_5_13' with compact=bit mode in 8-bits (hls/graphsage_layer_int8_po2.cpp:36:0)
INFO: [HLS 214-241] Aggregating scalar variable 'weights1_5_12' with compact=bit mode in 8-bits (hls/graphsage_layer_int8_po2.cpp:36:0)
INFO: [HLS 214-241] Aggregating scalar variable 'weights1_5_11' with compact=bit mode in 8-bits (hls/graphsage_layer_int8_po2.cpp:36:0)
INFO: [HLS 214-241] Aggregating scalar variable 'weights1_5_10' with compact=bit mode in 8-bits (hls/graphsage_layer_int8_po2.cpp:36:0)
INFO: [HLS 214-241] Aggregating scalar variable 'weights1_5_9' with compact=bit mode in 8-bits (hls/graphsage_layer_int8_po2.cpp:36:0)
INFO: [HLS 214-241] Aggregating scalar variable 'weights1_5_8' with compact=bit mode in 8-bits (hls/graphsage_layer_int8_po2.cpp:36:0)
INFO: [HLS 214-241] Aggregating scalar variable 'weights1_5_7' with compact=bit mode in 8-bits (hls/graphsage_layer_int8_po2.cpp:36:0)
INFO: [HLS 214-241] Aggregating scalar variable 'weights1_5_6' with compact=bit mode in 8-bits (hls/graphsage_layer_int8_po2.cpp:36:0)
INFO: [HLS 214-241] Aggregating scalar variable 'weights1_5_5' with compact=bit mode in 8-bits (hls/graphsage_layer_int8_po2.cpp:36:0)
INFO: [HLS 214-241] Aggregating scalar variable 'weights1_5_4' with compact=bit mode in 8-bits (hls/graphsage_layer_int8_po2.cpp:36:0)
INFO: [HLS 214-241] Aggregating scalar variable 'weights1_5_3' with compact=bit mode in 8-bits (hls/graphsage_layer_int8_po2.cpp:36:0)
INFO: [HLS 214-241] Aggregating scalar variable 'weights1_5_2' with compact=bit mode in 8-bits (hls/graphsage_layer_int8_po2.cpp:36:0)
INFO: [HLS 214-241] Aggregating scalar variable 'weights1_5_1' with compact=bit mode in 8-bits (hls/graphsage_layer_int8_po2.cpp:36:0)
INFO: [HLS 214-241] Aggregating scalar variable 'weights1_5_0' with compact=bit mode in 8-bits (hls/graphsage_layer_int8_po2.cpp:36:0)
INFO: [HLS 214-241] Aggregating scalar variable 'weights1_4_15' with compact=bit mode in 8-bits (hls/graphsage_layer_int8_po2.cpp:36:0)
INFO: [HLS 214-241] Aggregating scalar variable 'weights1_4_14' with compact=bit mode in 8-bits (hls/graphsage_layer_int8_po2.cpp:36:0)
INFO: [HLS 214-241] Aggregating scalar variable 'weights1_4_13' with compact=bit mode in 8-bits (hls/graphsage_layer_int8_po2.cpp:36:0)
INFO: [HLS 214-241] Aggregating scalar variable 'weights1_4_12' with compact=bit mode in 8-bits (hls/graphsage_layer_int8_po2.cpp:36:0)
INFO: [HLS 214-241] Aggregating scalar variable 'weights1_4_11' with compact=bit mode in 8-bits (hls/graphsage_layer_int8_po2.cpp:36:0)
INFO: [HLS 214-241] Aggregating scalar variable 'weights1_4_10' with compact=bit mode in 8-bits (hls/graphsage_layer_int8_po2.cpp:36:0)
INFO: [HLS 214-241] Aggregating scalar variable 'weights1_4_9' with compact=bit mode in 8-bits (hls/graphsage_layer_int8_po2.cpp:36:0)
INFO: [HLS 214-241] Aggregating scalar variable 'weights1_4_8' with compact=bit mode in 8-bits (hls/graphsage_layer_int8_po2.cpp:36:0)
INFO: [HLS 214-241] Aggregating scalar variable 'weights1_4_7' with compact=bit mode in 8-bits (hls/graphsage_layer_int8_po2.cpp:36:0)
INFO: [HLS 214-241] Aggregating scalar variable 'weights1_4_6' with compact=bit mode in 8-bits (hls/graphsage_layer_int8_po2.cpp:36:0)
INFO: [HLS 214-241] Aggregating scalar variable 'weights1_4_5' with compact=bit mode in 8-bits (hls/graphsage_layer_int8_po2.cpp:36:0)
INFO: [HLS 214-241] Aggregating scalar variable 'weights1_4_4' with compact=bit mode in 8-bits (hls/graphsage_layer_int8_po2.cpp:36:0)
INFO: [HLS 214-241] Aggregating scalar variable 'weights1_4_3' with compact=bit mode in 8-bits (hls/graphsage_layer_int8_po2.cpp:36:0)
INFO: [HLS 214-241] Aggregating scalar variable 'weights1_4_2' with compact=bit mode in 8-bits (hls/graphsage_layer_int8_po2.cpp:36:0)
INFO: [HLS 214-241] Aggregating scalar variable 'weights1_4_1' with compact=bit mode in 8-bits (hls/graphsage_layer_int8_po2.cpp:36:0)
INFO: [HLS 214-241] Aggregating scalar variable 'weights1_4_0' with compact=bit mode in 8-bits (hls/graphsage_layer_int8_po2.cpp:36:0)
INFO: [HLS 214-241] Aggregating scalar variable 'weights1_3_15' with compact=bit mode in 8-bits (hls/graphsage_layer_int8_po2.cpp:36:0)
INFO: [HLS 214-241] Aggregating scalar variable 'weights1_3_14' with compact=bit mode in 8-bits (hls/graphsage_layer_int8_po2.cpp:36:0)
INFO: [HLS 214-241] Aggregating scalar variable 'weights1_3_13' with compact=bit mode in 8-bits (hls/graphsage_layer_int8_po2.cpp:36:0)
INFO: [HLS 214-241] Aggregating scalar variable 'weights1_3_12' with compact=bit mode in 8-bits (hls/graphsage_layer_int8_po2.cpp:36:0)
INFO: [HLS 214-241] Aggregating scalar variable 'weights1_3_11' with compact=bit mode in 8-bits (hls/graphsage_layer_int8_po2.cpp:36:0)
INFO: [HLS 214-241] Aggregating scalar variable 'weights1_3_10' with compact=bit mode in 8-bits (hls/graphsage_layer_int8_po2.cpp:36:0)
INFO: [HLS 214-241] Aggregating scalar variable 'weights1_3_9' with compact=bit mode in 8-bits (hls/graphsage_layer_int8_po2.cpp:36:0)
INFO: [HLS 214-241] Aggregating scalar variable 'weights1_3_8' with compact=bit mode in 8-bits (hls/graphsage_layer_int8_po2.cpp:36:0)
INFO: [HLS 214-241] Aggregating scalar variable 'weights1_3_7' with compact=bit mode in 8-bits (hls/graphsage_layer_int8_po2.cpp:36:0)
INFO: [HLS 214-241] Aggregating scalar variable 'weights1_3_6' with compact=bit mode in 8-bits (hls/graphsage_layer_int8_po2.cpp:36:0)
INFO: [HLS 214-241] Aggregating scalar variable 'weights1_3_5' with compact=bit mode in 8-bits (hls/graphsage_layer_int8_po2.cpp:36:0)
INFO: [HLS 214-241] Aggregating scalar variable 'weights1_3_4' with compact=bit mode in 8-bits (hls/graphsage_layer_int8_po2.cpp:36:0)
INFO: [HLS 214-241] Aggregating scalar variable 'weights1_3_3' with compact=bit mode in 8-bits (hls/graphsage_layer_int8_po2.cpp:36:0)
INFO: [HLS 214-241] Aggregating scalar variable 'weights1_3_2' with compact=bit mode in 8-bits (hls/graphsage_layer_int8_po2.cpp:36:0)
INFO: [HLS 214-241] Aggregating scalar variable 'weights1_3_1' with compact=bit mode in 8-bits (hls/graphsage_layer_int8_po2.cpp:36:0)
INFO: [HLS 214-241] Aggregating scalar variable 'weights1_3_0' with compact=bit mode in 8-bits (hls/graphsage_layer_int8_po2.cpp:36:0)
INFO: [HLS 214-241] Aggregating scalar variable 'weights1_2_15' with compact=bit mode in 8-bits (hls/graphsage_layer_int8_po2.cpp:36:0)
INFO: [HLS 214-241] Aggregating scalar variable 'weights1_2_14' with compact=bit mode in 8-bits (hls/graphsage_layer_int8_po2.cpp:36:0)
INFO: [HLS 214-241] Aggregating scalar variable 'weights1_2_13' with compact=bit mode in 8-bits (hls/graphsage_layer_int8_po2.cpp:36:0)
INFO: [HLS 214-241] Aggregating scalar variable 'weights1_2_12' with compact=bit mode in 8-bits (hls/graphsage_layer_int8_po2.cpp:36:0)
INFO: [HLS 214-241] Aggregating scalar variable 'weights1_2_11' with compact=bit mode in 8-bits (hls/graphsage_layer_int8_po2.cpp:36:0)
INFO: [HLS 214-241] Aggregating scalar variable 'weights1_2_10' with compact=bit mode in 8-bits (hls/graphsage_layer_int8_po2.cpp:36:0)
INFO: [HLS 214-241] Aggregating scalar variable 'weights1_2_9' with compact=bit mode in 8-bits (hls/graphsage_layer_int8_po2.cpp:36:0)
INFO: [HLS 214-241] Aggregating scalar variable 'weights1_2_8' with compact=bit mode in 8-bits (hls/graphsage_layer_int8_po2.cpp:36:0)
INFO: [HLS 214-241] Aggregating scalar variable 'weights1_2_7' with compact=bit mode in 8-bits (hls/graphsage_layer_int8_po2.cpp:36:0)
INFO: [HLS 214-241] Aggregating scalar variable 'weights1_2_6' with compact=bit mode in 8-bits (hls/graphsage_layer_int8_po2.cpp:36:0)
INFO: [HLS 214-241] Aggregating scalar variable 'weights1_2_5' with compact=bit mode in 8-bits (hls/graphsage_layer_int8_po2.cpp:36:0)
INFO: [HLS 214-241] Aggregating scalar variable 'weights1_2_4' with compact=bit mode in 8-bits (hls/graphsage_layer_int8_po2.cpp:36:0)
INFO: [HLS 214-241] Aggregating scalar variable 'weights1_2_3' with compact=bit mode in 8-bits (hls/graphsage_layer_int8_po2.cpp:36:0)
INFO: [HLS 214-241] Aggregating scalar variable 'weights1_2_2' with compact=bit mode in 8-bits (hls/graphsage_layer_int8_po2.cpp:36:0)
INFO: [HLS 214-241] Aggregating scalar variable 'weights1_2_1' with compact=bit mode in 8-bits (hls/graphsage_layer_int8_po2.cpp:36:0)
INFO: [HLS 214-241] Aggregating scalar variable 'weights1_2_0' with compact=bit mode in 8-bits (hls/graphsage_layer_int8_po2.cpp:36:0)
INFO: [HLS 214-241] Aggregating scalar variable 'weights1_1_15' with compact=bit mode in 8-bits (hls/graphsage_layer_int8_po2.cpp:36:0)
INFO: [HLS 214-241] Aggregating scalar variable 'weights1_1_14' with compact=bit mode in 8-bits (hls/graphsage_layer_int8_po2.cpp:36:0)
INFO: [HLS 214-241] Aggregating scalar variable 'weights1_1_13' with compact=bit mode in 8-bits (hls/graphsage_layer_int8_po2.cpp:36:0)
INFO: [HLS 214-241] Aggregating scalar variable 'weights1_1_12' with compact=bit mode in 8-bits (hls/graphsage_layer_int8_po2.cpp:36:0)
INFO: [HLS 214-241] Aggregating scalar variable 'weights1_1_11' with compact=bit mode in 8-bits (hls/graphsage_layer_int8_po2.cpp:36:0)
INFO: [HLS 214-241] Aggregating scalar variable 'weights1_1_10' with compact=bit mode in 8-bits (hls/graphsage_layer_int8_po2.cpp:36:0)
INFO: [HLS 214-241] Aggregating scalar variable 'weights1_1_9' with compact=bit mode in 8-bits (hls/graphsage_layer_int8_po2.cpp:36:0)
INFO: [HLS 214-241] Aggregating scalar variable 'weights1_1_8' with compact=bit mode in 8-bits (hls/graphsage_layer_int8_po2.cpp:36:0)
INFO: [HLS 214-241] Aggregating scalar variable 'weights1_1_7' with compact=bit mode in 8-bits (hls/graphsage_layer_int8_po2.cpp:36:0)
INFO: [HLS 214-241] Aggregating scalar variable 'weights1_1_6' with compact=bit mode in 8-bits (hls/graphsage_layer_int8_po2.cpp:36:0)
INFO: [HLS 214-241] Aggregating scalar variable 'weights1_1_5' with compact=bit mode in 8-bits (hls/graphsage_layer_int8_po2.cpp:36:0)
INFO: [HLS 214-241] Aggregating scalar variable 'weights1_1_4' with compact=bit mode in 8-bits (hls/graphsage_layer_int8_po2.cpp:36:0)
INFO: [HLS 214-241] Aggregating scalar variable 'weights1_1_3' with compact=bit mode in 8-bits (hls/graphsage_layer_int8_po2.cpp:36:0)
INFO: [HLS 214-241] Aggregating scalar variable 'weights1_1_2' with compact=bit mode in 8-bits (hls/graphsage_layer_int8_po2.cpp:36:0)
INFO: [HLS 214-241] Aggregating scalar variable 'weights1_1_1' with compact=bit mode in 8-bits (hls/graphsage_layer_int8_po2.cpp:36:0)
INFO: [HLS 214-241] Aggregating scalar variable 'weights1_1_0' with compact=bit mode in 8-bits (hls/graphsage_layer_int8_po2.cpp:36:0)
INFO: [HLS 214-241] Aggregating scalar variable 'weights1_0_15' with compact=bit mode in 8-bits (hls/graphsage_layer_int8_po2.cpp:36:0)
INFO: [HLS 214-241] Aggregating scalar variable 'weights1_0_14' with compact=bit mode in 8-bits (hls/graphsage_layer_int8_po2.cpp:36:0)
INFO: [HLS 214-241] Aggregating scalar variable 'weights1_0_13' with compact=bit mode in 8-bits (hls/graphsage_layer_int8_po2.cpp:36:0)
INFO: [HLS 214-241] Aggregating scalar variable 'weights1_0_12' with compact=bit mode in 8-bits (hls/graphsage_layer_int8_po2.cpp:36:0)
INFO: [HLS 214-241] Aggregating scalar variable 'weights1_0_11' with compact=bit mode in 8-bits (hls/graphsage_layer_int8_po2.cpp:36:0)
INFO: [HLS 214-241] Aggregating scalar variable 'weights1_0_10' with compact=bit mode in 8-bits (hls/graphsage_layer_int8_po2.cpp:36:0)
INFO: [HLS 214-241] Aggregating scalar variable 'weights1_0_9' with compact=bit mode in 8-bits (hls/graphsage_layer_int8_po2.cpp:36:0)
INFO: [HLS 214-241] Aggregating scalar variable 'weights1_0_8' with compact=bit mode in 8-bits (hls/graphsage_layer_int8_po2.cpp:36:0)
INFO: [HLS 214-241] Aggregating scalar variable 'weights1_0_7' with compact=bit mode in 8-bits (hls/graphsage_layer_int8_po2.cpp:36:0)
INFO: [HLS 214-241] Aggregating scalar variable 'weights1_0_6' with compact=bit mode in 8-bits (hls/graphsage_layer_int8_po2.cpp:36:0)
INFO: [HLS 214-241] Aggregating scalar variable 'weights1_0_5' with compact=bit mode in 8-bits (hls/graphsage_layer_int8_po2.cpp:36:0)
INFO: [HLS 214-241] Aggregating scalar variable 'weights1_0_4' with compact=bit mode in 8-bits (hls/graphsage_layer_int8_po2.cpp:36:0)
INFO: [HLS 214-241] Aggregating scalar variable 'weights1_0_3' with compact=bit mode in 8-bits (hls/graphsage_layer_int8_po2.cpp:36:0)
INFO: [HLS 214-241] Aggregating scalar variable 'weights1_0_2' with compact=bit mode in 8-bits (hls/graphsage_layer_int8_po2.cpp:36:0)
INFO: [HLS 214-241] Aggregating scalar variable 'weights1_0_1' with compact=bit mode in 8-bits (hls/graphsage_layer_int8_po2.cpp:36:0)
INFO: [HLS 214-241] Aggregating scalar variable 'weights1_0_0' with compact=bit mode in 8-bits (hls/graphsage_layer_int8_po2.cpp:36:0)
INFO: [HLS 214-241] Aggregating scalar variable 'input_7_15' with compact=bit mode in 8-bits (hls/graphsage_layer_int8_po2.cpp:36:0)
INFO: [HLS 214-241] Aggregating scalar variable 'input_7_14' with compact=bit mode in 8-bits (hls/graphsage_layer_int8_po2.cpp:36:0)
INFO: [HLS 214-241] Aggregating scalar variable 'input_7_13' with compact=bit mode in 8-bits (hls/graphsage_layer_int8_po2.cpp:36:0)
INFO: [HLS 214-241] Aggregating scalar variable 'input_7_12' with compact=bit mode in 8-bits (hls/graphsage_layer_int8_po2.cpp:36:0)
INFO: [HLS 214-241] Aggregating scalar variable 'input_7_11' with compact=bit mode in 8-bits (hls/graphsage_layer_int8_po2.cpp:36:0)
INFO: [HLS 214-241] Aggregating scalar variable 'input_7_10' with compact=bit mode in 8-bits (hls/graphsage_layer_int8_po2.cpp:36:0)
INFO: [HLS 214-241] Aggregating scalar variable 'input_7_9' with compact=bit mode in 8-bits (hls/graphsage_layer_int8_po2.cpp:36:0)
INFO: [HLS 214-241] Aggregating scalar variable 'input_7_8' with compact=bit mode in 8-bits (hls/graphsage_layer_int8_po2.cpp:36:0)
INFO: [HLS 214-241] Aggregating scalar variable 'input_7_7' with compact=bit mode in 8-bits (hls/graphsage_layer_int8_po2.cpp:36:0)
INFO: [HLS 214-241] Aggregating scalar variable 'input_7_6' with compact=bit mode in 8-bits (hls/graphsage_layer_int8_po2.cpp:36:0)
INFO: [HLS 214-241] Aggregating scalar variable 'input_7_5' with compact=bit mode in 8-bits (hls/graphsage_layer_int8_po2.cpp:36:0)
INFO: [HLS 214-241] Aggregating scalar variable 'input_7_4' with compact=bit mode in 8-bits (hls/graphsage_layer_int8_po2.cpp:36:0)
INFO: [HLS 214-241] Aggregating scalar variable 'input_7_3' with compact=bit mode in 8-bits (hls/graphsage_layer_int8_po2.cpp:36:0)
INFO: [HLS 214-241] Aggregating scalar variable 'input_7_2' with compact=bit mode in 8-bits (hls/graphsage_layer_int8_po2.cpp:36:0)
INFO: [HLS 214-241] Aggregating scalar variable 'input_7_1' with compact=bit mode in 8-bits (hls/graphsage_layer_int8_po2.cpp:36:0)
INFO: [HLS 214-241] Aggregating scalar variable 'input_7_0' with compact=bit mode in 8-bits (hls/graphsage_layer_int8_po2.cpp:36:0)
INFO: [HLS 214-241] Aggregating scalar variable 'input_6_15' with compact=bit mode in 8-bits (hls/graphsage_layer_int8_po2.cpp:36:0)
INFO: [HLS 214-241] Aggregating scalar variable 'input_6_14' with compact=bit mode in 8-bits (hls/graphsage_layer_int8_po2.cpp:36:0)
INFO: [HLS 214-241] Aggregating scalar variable 'input_6_13' with compact=bit mode in 8-bits (hls/graphsage_layer_int8_po2.cpp:36:0)
INFO: [HLS 214-241] Aggregating scalar variable 'input_6_12' with compact=bit mode in 8-bits (hls/graphsage_layer_int8_po2.cpp:36:0)
INFO: [HLS 214-241] Aggregating scalar variable 'input_6_11' with compact=bit mode in 8-bits (hls/graphsage_layer_int8_po2.cpp:36:0)
INFO: [HLS 214-241] Aggregating scalar variable 'input_6_10' with compact=bit mode in 8-bits (hls/graphsage_layer_int8_po2.cpp:36:0)
INFO: [HLS 214-241] Aggregating scalar variable 'input_6_9' with compact=bit mode in 8-bits (hls/graphsage_layer_int8_po2.cpp:36:0)
INFO: [HLS 214-241] Aggregating scalar variable 'input_6_8' with compact=bit mode in 8-bits (hls/graphsage_layer_int8_po2.cpp:36:0)
INFO: [HLS 214-241] Aggregating scalar variable 'input_6_7' with compact=bit mode in 8-bits (hls/graphsage_layer_int8_po2.cpp:36:0)
INFO: [HLS 214-241] Aggregating scalar variable 'input_6_6' with compact=bit mode in 8-bits (hls/graphsage_layer_int8_po2.cpp:36:0)
INFO: [HLS 214-241] Aggregating scalar variable 'input_6_5' with compact=bit mode in 8-bits (hls/graphsage_layer_int8_po2.cpp:36:0)
INFO: [HLS 214-241] Aggregating scalar variable 'input_6_4' with compact=bit mode in 8-bits (hls/graphsage_layer_int8_po2.cpp:36:0)
INFO: [HLS 214-241] Aggregating scalar variable 'input_6_3' with compact=bit mode in 8-bits (hls/graphsage_layer_int8_po2.cpp:36:0)
INFO: [HLS 214-241] Aggregating scalar variable 'input_6_2' with compact=bit mode in 8-bits (hls/graphsage_layer_int8_po2.cpp:36:0)
INFO: [HLS 214-241] Aggregating scalar variable 'input_6_1' with compact=bit mode in 8-bits (hls/graphsage_layer_int8_po2.cpp:36:0)
INFO: [HLS 214-241] Aggregating scalar variable 'input_6_0' with compact=bit mode in 8-bits (hls/graphsage_layer_int8_po2.cpp:36:0)
INFO: [HLS 214-241] Aggregating scalar variable 'input_5_15' with compact=bit mode in 8-bits (hls/graphsage_layer_int8_po2.cpp:36:0)
INFO: [HLS 214-241] Aggregating scalar variable 'input_5_14' with compact=bit mode in 8-bits (hls/graphsage_layer_int8_po2.cpp:36:0)
INFO: [HLS 214-241] Aggregating scalar variable 'input_5_13' with compact=bit mode in 8-bits (hls/graphsage_layer_int8_po2.cpp:36:0)
INFO: [HLS 214-241] Aggregating scalar variable 'input_5_12' with compact=bit mode in 8-bits (hls/graphsage_layer_int8_po2.cpp:36:0)
INFO: [HLS 214-241] Aggregating scalar variable 'input_5_11' with compact=bit mode in 8-bits (hls/graphsage_layer_int8_po2.cpp:36:0)
INFO: [HLS 214-241] Aggregating scalar variable 'input_5_10' with compact=bit mode in 8-bits (hls/graphsage_layer_int8_po2.cpp:36:0)
INFO: [HLS 214-241] Aggregating scalar variable 'input_5_9' with compact=bit mode in 8-bits (hls/graphsage_layer_int8_po2.cpp:36:0)
INFO: [HLS 214-241] Aggregating scalar variable 'input_5_8' with compact=bit mode in 8-bits (hls/graphsage_layer_int8_po2.cpp:36:0)
INFO: [HLS 214-241] Aggregating scalar variable 'input_5_7' with compact=bit mode in 8-bits (hls/graphsage_layer_int8_po2.cpp:36:0)
INFO: [HLS 214-241] Aggregating scalar variable 'input_5_6' with compact=bit mode in 8-bits (hls/graphsage_layer_int8_po2.cpp:36:0)
INFO: [HLS 214-241] Aggregating scalar variable 'input_5_5' with compact=bit mode in 8-bits (hls/graphsage_layer_int8_po2.cpp:36:0)
INFO: [HLS 214-241] Aggregating scalar variable 'input_5_4' with compact=bit mode in 8-bits (hls/graphsage_layer_int8_po2.cpp:36:0)
INFO: [HLS 214-241] Aggregating scalar variable 'input_5_3' with compact=bit mode in 8-bits (hls/graphsage_layer_int8_po2.cpp:36:0)
INFO: [HLS 214-241] Aggregating scalar variable 'input_5_2' with compact=bit mode in 8-bits (hls/graphsage_layer_int8_po2.cpp:36:0)
INFO: [HLS 214-241] Aggregating scalar variable 'input_5_1' with compact=bit mode in 8-bits (hls/graphsage_layer_int8_po2.cpp:36:0)
INFO: [HLS 214-241] Aggregating scalar variable 'input_5_0' with compact=bit mode in 8-bits (hls/graphsage_layer_int8_po2.cpp:36:0)
INFO: [HLS 214-241] Aggregating scalar variable 'input_4_15' with compact=bit mode in 8-bits (hls/graphsage_layer_int8_po2.cpp:36:0)
INFO: [HLS 214-241] Aggregating scalar variable 'input_4_14' with compact=bit mode in 8-bits (hls/graphsage_layer_int8_po2.cpp:36:0)
INFO: [HLS 214-241] Aggregating scalar variable 'input_4_13' with compact=bit mode in 8-bits (hls/graphsage_layer_int8_po2.cpp:36:0)
INFO: [HLS 214-241] Aggregating scalar variable 'input_4_12' with compact=bit mode in 8-bits (hls/graphsage_layer_int8_po2.cpp:36:0)
INFO: [HLS 214-241] Aggregating scalar variable 'input_4_11' with compact=bit mode in 8-bits (hls/graphsage_layer_int8_po2.cpp:36:0)
INFO: [HLS 214-241] Aggregating scalar variable 'input_4_10' with compact=bit mode in 8-bits (hls/graphsage_layer_int8_po2.cpp:36:0)
INFO: [HLS 214-241] Aggregating scalar variable 'input_4_9' with compact=bit mode in 8-bits (hls/graphsage_layer_int8_po2.cpp:36:0)
INFO: [HLS 214-241] Aggregating scalar variable 'input_4_8' with compact=bit mode in 8-bits (hls/graphsage_layer_int8_po2.cpp:36:0)
INFO: [HLS 214-241] Aggregating scalar variable 'input_4_7' with compact=bit mode in 8-bits (hls/graphsage_layer_int8_po2.cpp:36:0)
INFO: [HLS 214-241] Aggregating scalar variable 'input_4_6' with compact=bit mode in 8-bits (hls/graphsage_layer_int8_po2.cpp:36:0)
INFO: [HLS 214-241] Aggregating scalar variable 'input_4_5' with compact=bit mode in 8-bits (hls/graphsage_layer_int8_po2.cpp:36:0)
INFO: [HLS 214-241] Aggregating scalar variable 'input_4_4' with compact=bit mode in 8-bits (hls/graphsage_layer_int8_po2.cpp:36:0)
INFO: [HLS 214-241] Aggregating scalar variable 'input_4_3' with compact=bit mode in 8-bits (hls/graphsage_layer_int8_po2.cpp:36:0)
INFO: [HLS 214-241] Aggregating scalar variable 'input_4_2' with compact=bit mode in 8-bits (hls/graphsage_layer_int8_po2.cpp:36:0)
INFO: [HLS 214-241] Aggregating scalar variable 'input_4_1' with compact=bit mode in 8-bits (hls/graphsage_layer_int8_po2.cpp:36:0)
INFO: [HLS 214-241] Aggregating scalar variable 'input_4_0' with compact=bit mode in 8-bits (hls/graphsage_layer_int8_po2.cpp:36:0)
INFO: [HLS 214-241] Aggregating scalar variable 'input_3_15' with compact=bit mode in 8-bits (hls/graphsage_layer_int8_po2.cpp:36:0)
INFO: [HLS 214-241] Aggregating scalar variable 'input_3_14' with compact=bit mode in 8-bits (hls/graphsage_layer_int8_po2.cpp:36:0)
INFO: [HLS 214-241] Aggregating scalar variable 'input_3_13' with compact=bit mode in 8-bits (hls/graphsage_layer_int8_po2.cpp:36:0)
INFO: [HLS 214-241] Aggregating scalar variable 'input_3_12' with compact=bit mode in 8-bits (hls/graphsage_layer_int8_po2.cpp:36:0)
INFO: [HLS 214-241] Aggregating scalar variable 'input_3_11' with compact=bit mode in 8-bits (hls/graphsage_layer_int8_po2.cpp:36:0)
INFO: [HLS 214-241] Aggregating scalar variable 'input_3_10' with compact=bit mode in 8-bits (hls/graphsage_layer_int8_po2.cpp:36:0)
INFO: [HLS 214-241] Aggregating scalar variable 'input_3_9' with compact=bit mode in 8-bits (hls/graphsage_layer_int8_po2.cpp:36:0)
INFO: [HLS 214-241] Aggregating scalar variable 'input_3_8' with compact=bit mode in 8-bits (hls/graphsage_layer_int8_po2.cpp:36:0)
INFO: [HLS 214-241] Aggregating scalar variable 'input_3_7' with compact=bit mode in 8-bits (hls/graphsage_layer_int8_po2.cpp:36:0)
INFO: [HLS 214-241] Aggregating scalar variable 'input_3_6' with compact=bit mode in 8-bits (hls/graphsage_layer_int8_po2.cpp:36:0)
INFO: [HLS 214-241] Aggregating scalar variable 'input_3_5' with compact=bit mode in 8-bits (hls/graphsage_layer_int8_po2.cpp:36:0)
INFO: [HLS 214-241] Aggregating scalar variable 'input_3_4' with compact=bit mode in 8-bits (hls/graphsage_layer_int8_po2.cpp:36:0)
INFO: [HLS 214-241] Aggregating scalar variable 'input_3_3' with compact=bit mode in 8-bits (hls/graphsage_layer_int8_po2.cpp:36:0)
INFO: [HLS 214-241] Aggregating scalar variable 'input_3_2' with compact=bit mode in 8-bits (hls/graphsage_layer_int8_po2.cpp:36:0)
INFO: [HLS 214-241] Aggregating scalar variable 'input_3_1' with compact=bit mode in 8-bits (hls/graphsage_layer_int8_po2.cpp:36:0)
INFO: [HLS 214-241] Aggregating scalar variable 'input_3_0' with compact=bit mode in 8-bits (hls/graphsage_layer_int8_po2.cpp:36:0)
INFO: [HLS 214-241] Aggregating scalar variable 'input_2_15' with compact=bit mode in 8-bits (hls/graphsage_layer_int8_po2.cpp:36:0)
INFO: [HLS 214-241] Aggregating scalar variable 'input_2_14' with compact=bit mode in 8-bits (hls/graphsage_layer_int8_po2.cpp:36:0)
INFO: [HLS 214-241] Aggregating scalar variable 'input_2_13' with compact=bit mode in 8-bits (hls/graphsage_layer_int8_po2.cpp:36:0)
INFO: [HLS 214-241] Aggregating scalar variable 'input_2_12' with compact=bit mode in 8-bits (hls/graphsage_layer_int8_po2.cpp:36:0)
INFO: [HLS 214-241] Aggregating scalar variable 'input_2_11' with compact=bit mode in 8-bits (hls/graphsage_layer_int8_po2.cpp:36:0)
INFO: [HLS 214-241] Aggregating scalar variable 'input_2_10' with compact=bit mode in 8-bits (hls/graphsage_layer_int8_po2.cpp:36:0)
INFO: [HLS 214-241] Aggregating scalar variable 'input_2_9' with compact=bit mode in 8-bits (hls/graphsage_layer_int8_po2.cpp:36:0)
INFO: [HLS 214-241] Aggregating scalar variable 'input_2_8' with compact=bit mode in 8-bits (hls/graphsage_layer_int8_po2.cpp:36:0)
INFO: [HLS 214-241] Aggregating scalar variable 'input_2_7' with compact=bit mode in 8-bits (hls/graphsage_layer_int8_po2.cpp:36:0)
INFO: [HLS 214-241] Aggregating scalar variable 'input_2_6' with compact=bit mode in 8-bits (hls/graphsage_layer_int8_po2.cpp:36:0)
INFO: [HLS 214-241] Aggregating scalar variable 'input_2_5' with compact=bit mode in 8-bits (hls/graphsage_layer_int8_po2.cpp:36:0)
INFO: [HLS 214-241] Aggregating scalar variable 'input_2_4' with compact=bit mode in 8-bits (hls/graphsage_layer_int8_po2.cpp:36:0)
INFO: [HLS 214-241] Aggregating scalar variable 'input_2_3' with compact=bit mode in 8-bits (hls/graphsage_layer_int8_po2.cpp:36:0)
INFO: [HLS 214-241] Aggregating scalar variable 'input_2_2' with compact=bit mode in 8-bits (hls/graphsage_layer_int8_po2.cpp:36:0)
INFO: [HLS 214-241] Aggregating scalar variable 'input_2_1' with compact=bit mode in 8-bits (hls/graphsage_layer_int8_po2.cpp:36:0)
INFO: [HLS 214-241] Aggregating scalar variable 'input_2_0' with compact=bit mode in 8-bits (hls/graphsage_layer_int8_po2.cpp:36:0)
INFO: [HLS 214-241] Aggregating scalar variable 'input_1_15' with compact=bit mode in 8-bits (hls/graphsage_layer_int8_po2.cpp:36:0)
INFO: [HLS 214-241] Aggregating scalar variable 'input_1_14' with compact=bit mode in 8-bits (hls/graphsage_layer_int8_po2.cpp:36:0)
INFO: [HLS 214-241] Aggregating scalar variable 'input_1_13' with compact=bit mode in 8-bits (hls/graphsage_layer_int8_po2.cpp:36:0)
INFO: [HLS 214-241] Aggregating scalar variable 'input_1_12' with compact=bit mode in 8-bits (hls/graphsage_layer_int8_po2.cpp:36:0)
INFO: [HLS 214-241] Aggregating scalar variable 'input_1_11' with compact=bit mode in 8-bits (hls/graphsage_layer_int8_po2.cpp:36:0)
INFO: [HLS 214-241] Aggregating scalar variable 'input_1_10' with compact=bit mode in 8-bits (hls/graphsage_layer_int8_po2.cpp:36:0)
INFO: [HLS 214-241] Aggregating scalar variable 'input_1_9' with compact=bit mode in 8-bits (hls/graphsage_layer_int8_po2.cpp:36:0)
INFO: [HLS 214-241] Aggregating scalar variable 'input_1_8' with compact=bit mode in 8-bits (hls/graphsage_layer_int8_po2.cpp:36:0)
INFO: [HLS 214-241] Aggregating scalar variable 'input_1_7' with compact=bit mode in 8-bits (hls/graphsage_layer_int8_po2.cpp:36:0)
INFO: [HLS 214-241] Aggregating scalar variable 'input_1_6' with compact=bit mode in 8-bits (hls/graphsage_layer_int8_po2.cpp:36:0)
INFO: [HLS 214-241] Aggregating scalar variable 'input_1_5' with compact=bit mode in 8-bits (hls/graphsage_layer_int8_po2.cpp:36:0)
INFO: [HLS 214-241] Aggregating scalar variable 'input_1_4' with compact=bit mode in 8-bits (hls/graphsage_layer_int8_po2.cpp:36:0)
INFO: [HLS 214-241] Aggregating scalar variable 'input_1_3' with compact=bit mode in 8-bits (hls/graphsage_layer_int8_po2.cpp:36:0)
INFO: [HLS 214-241] Aggregating scalar variable 'input_1_2' with compact=bit mode in 8-bits (hls/graphsage_layer_int8_po2.cpp:36:0)
INFO: [HLS 214-241] Aggregating scalar variable 'input_1_1' with compact=bit mode in 8-bits (hls/graphsage_layer_int8_po2.cpp:36:0)
INFO: [HLS 214-241] Aggregating scalar variable 'input_1_0' with compact=bit mode in 8-bits (hls/graphsage_layer_int8_po2.cpp:36:0)
INFO: [HLS 214-241] Aggregating scalar variable 'input_0_15' with compact=bit mode in 8-bits (hls/graphsage_layer_int8_po2.cpp:36:0)
INFO: [HLS 214-241] Aggregating scalar variable 'input_0_14' with compact=bit mode in 8-bits (hls/graphsage_layer_int8_po2.cpp:36:0)
INFO: [HLS 214-241] Aggregating scalar variable 'input_0_13' with compact=bit mode in 8-bits (hls/graphsage_layer_int8_po2.cpp:36:0)
INFO: [HLS 214-241] Aggregating scalar variable 'input_0_12' with compact=bit mode in 8-bits (hls/graphsage_layer_int8_po2.cpp:36:0)
INFO: [HLS 214-241] Aggregating scalar variable 'input_0_11' with compact=bit mode in 8-bits (hls/graphsage_layer_int8_po2.cpp:36:0)
INFO: [HLS 214-241] Aggregating scalar variable 'input_0_10' with compact=bit mode in 8-bits (hls/graphsage_layer_int8_po2.cpp:36:0)
INFO: [HLS 214-241] Aggregating scalar variable 'input_0_9' with compact=bit mode in 8-bits (hls/graphsage_layer_int8_po2.cpp:36:0)
INFO: [HLS 214-241] Aggregating scalar variable 'input_0_8' with compact=bit mode in 8-bits (hls/graphsage_layer_int8_po2.cpp:36:0)
INFO: [HLS 214-241] Aggregating scalar variable 'input_0_7' with compact=bit mode in 8-bits (hls/graphsage_layer_int8_po2.cpp:36:0)
INFO: [HLS 214-241] Aggregating scalar variable 'input_0_6' with compact=bit mode in 8-bits (hls/graphsage_layer_int8_po2.cpp:36:0)
INFO: [HLS 214-241] Aggregating scalar variable 'input_0_5' with compact=bit mode in 8-bits (hls/graphsage_layer_int8_po2.cpp:36:0)
INFO: [HLS 214-241] Aggregating scalar variable 'input_0_4' with compact=bit mode in 8-bits (hls/graphsage_layer_int8_po2.cpp:36:0)
INFO: [HLS 214-241] Aggregating scalar variable 'input_0_3' with compact=bit mode in 8-bits (hls/graphsage_layer_int8_po2.cpp:36:0)
INFO: [HLS 214-241] Aggregating scalar variable 'input_0_2' with compact=bit mode in 8-bits (hls/graphsage_layer_int8_po2.cpp:36:0)
INFO: [HLS 214-241] Aggregating scalar variable 'input_0_1' with compact=bit mode in 8-bits (hls/graphsage_layer_int8_po2.cpp:36:0)
INFO: [HLS 214-241] Aggregating scalar variable 'input_0_0' with compact=bit mode in 8-bits (hls/graphsage_layer_int8_po2.cpp:36:0)
INFO: [HLS 214-241] Aggregating scalar variable 'adj_matrix_7_7' with compact=bit mode in 16-bits (hls/graphsage_layer_int8_po2.cpp:36:0)
INFO: [HLS 214-241] Aggregating scalar variable 'adj_matrix_7_6' with compact=bit mode in 16-bits (hls/graphsage_layer_int8_po2.cpp:36:0)
INFO: [HLS 214-241] Aggregating scalar variable 'adj_matrix_7_5' with compact=bit mode in 16-bits (hls/graphsage_layer_int8_po2.cpp:36:0)
INFO: [HLS 214-241] Aggregating scalar variable 'adj_matrix_7_4' with compact=bit mode in 16-bits (hls/graphsage_layer_int8_po2.cpp:36:0)
INFO: [HLS 214-241] Aggregating scalar variable 'adj_matrix_7_3' with compact=bit mode in 16-bits (hls/graphsage_layer_int8_po2.cpp:36:0)
INFO: [HLS 214-241] Aggregating scalar variable 'adj_matrix_7_2' with compact=bit mode in 16-bits (hls/graphsage_layer_int8_po2.cpp:36:0)
INFO: [HLS 214-241] Aggregating scalar variable 'adj_matrix_7_1' with compact=bit mode in 16-bits (hls/graphsage_layer_int8_po2.cpp:36:0)
INFO: [HLS 214-241] Aggregating scalar variable 'adj_matrix_7_0' with compact=bit mode in 16-bits (hls/graphsage_layer_int8_po2.cpp:36:0)
INFO: [HLS 214-241] Aggregating scalar variable 'adj_matrix_6_7' with compact=bit mode in 16-bits (hls/graphsage_layer_int8_po2.cpp:36:0)
INFO: [HLS 214-241] Aggregating scalar variable 'adj_matrix_6_6' with compact=bit mode in 16-bits (hls/graphsage_layer_int8_po2.cpp:36:0)
INFO: [HLS 214-241] Aggregating scalar variable 'adj_matrix_6_5' with compact=bit mode in 16-bits (hls/graphsage_layer_int8_po2.cpp:36:0)
INFO: [HLS 214-241] Aggregating scalar variable 'adj_matrix_6_4' with compact=bit mode in 16-bits (hls/graphsage_layer_int8_po2.cpp:36:0)
INFO: [HLS 214-241] Aggregating scalar variable 'adj_matrix_6_3' with compact=bit mode in 16-bits (hls/graphsage_layer_int8_po2.cpp:36:0)
INFO: [HLS 214-241] Aggregating scalar variable 'adj_matrix_6_2' with compact=bit mode in 16-bits (hls/graphsage_layer_int8_po2.cpp:36:0)
INFO: [HLS 214-241] Aggregating scalar variable 'adj_matrix_6_1' with compact=bit mode in 16-bits (hls/graphsage_layer_int8_po2.cpp:36:0)
INFO: [HLS 214-241] Aggregating scalar variable 'adj_matrix_6_0' with compact=bit mode in 16-bits (hls/graphsage_layer_int8_po2.cpp:36:0)
INFO: [HLS 214-241] Aggregating scalar variable 'adj_matrix_5_7' with compact=bit mode in 16-bits (hls/graphsage_layer_int8_po2.cpp:36:0)
INFO: [HLS 214-241] Aggregating scalar variable 'adj_matrix_5_6' with compact=bit mode in 16-bits (hls/graphsage_layer_int8_po2.cpp:36:0)
INFO: [HLS 214-241] Aggregating scalar variable 'adj_matrix_5_5' with compact=bit mode in 16-bits (hls/graphsage_layer_int8_po2.cpp:36:0)
INFO: [HLS 214-241] Aggregating scalar variable 'adj_matrix_5_4' with compact=bit mode in 16-bits (hls/graphsage_layer_int8_po2.cpp:36:0)
INFO: [HLS 214-241] Aggregating scalar variable 'adj_matrix_5_3' with compact=bit mode in 16-bits (hls/graphsage_layer_int8_po2.cpp:36:0)
INFO: [HLS 214-241] Aggregating scalar variable 'adj_matrix_5_2' with compact=bit mode in 16-bits (hls/graphsage_layer_int8_po2.cpp:36:0)
INFO: [HLS 214-241] Aggregating scalar variable 'adj_matrix_5_1' with compact=bit mode in 16-bits (hls/graphsage_layer_int8_po2.cpp:36:0)
INFO: [HLS 214-241] Aggregating scalar variable 'adj_matrix_5_0' with compact=bit mode in 16-bits (hls/graphsage_layer_int8_po2.cpp:36:0)
INFO: [HLS 214-241] Aggregating scalar variable 'adj_matrix_4_7' with compact=bit mode in 16-bits (hls/graphsage_layer_int8_po2.cpp:36:0)
INFO: [HLS 214-241] Aggregating scalar variable 'adj_matrix_4_6' with compact=bit mode in 16-bits (hls/graphsage_layer_int8_po2.cpp:36:0)
INFO: [HLS 214-241] Aggregating scalar variable 'adj_matrix_4_5' with compact=bit mode in 16-bits (hls/graphsage_layer_int8_po2.cpp:36:0)
INFO: [HLS 214-241] Aggregating scalar variable 'adj_matrix_4_4' with compact=bit mode in 16-bits (hls/graphsage_layer_int8_po2.cpp:36:0)
INFO: [HLS 214-241] Aggregating scalar variable 'adj_matrix_4_3' with compact=bit mode in 16-bits (hls/graphsage_layer_int8_po2.cpp:36:0)
INFO: [HLS 214-241] Aggregating scalar variable 'adj_matrix_4_2' with compact=bit mode in 16-bits (hls/graphsage_layer_int8_po2.cpp:36:0)
INFO: [HLS 214-241] Aggregating scalar variable 'adj_matrix_4_1' with compact=bit mode in 16-bits (hls/graphsage_layer_int8_po2.cpp:36:0)
INFO: [HLS 214-241] Aggregating scalar variable 'adj_matrix_4_0' with compact=bit mode in 16-bits (hls/graphsage_layer_int8_po2.cpp:36:0)
INFO: [HLS 214-241] Aggregating scalar variable 'adj_matrix_3_7' with compact=bit mode in 16-bits (hls/graphsage_layer_int8_po2.cpp:36:0)
INFO: [HLS 214-241] Aggregating scalar variable 'adj_matrix_3_6' with compact=bit mode in 16-bits (hls/graphsage_layer_int8_po2.cpp:36:0)
INFO: [HLS 214-241] Aggregating scalar variable 'adj_matrix_3_5' with compact=bit mode in 16-bits (hls/graphsage_layer_int8_po2.cpp:36:0)
INFO: [HLS 214-241] Aggregating scalar variable 'adj_matrix_3_4' with compact=bit mode in 16-bits (hls/graphsage_layer_int8_po2.cpp:36:0)
INFO: [HLS 214-241] Aggregating scalar variable 'adj_matrix_3_3' with compact=bit mode in 16-bits (hls/graphsage_layer_int8_po2.cpp:36:0)
INFO: [HLS 214-241] Aggregating scalar variable 'adj_matrix_3_2' with compact=bit mode in 16-bits (hls/graphsage_layer_int8_po2.cpp:36:0)
INFO: [HLS 214-241] Aggregating scalar variable 'adj_matrix_3_1' with compact=bit mode in 16-bits (hls/graphsage_layer_int8_po2.cpp:36:0)
INFO: [HLS 214-241] Aggregating scalar variable 'adj_matrix_3_0' with compact=bit mode in 16-bits (hls/graphsage_layer_int8_po2.cpp:36:0)
INFO: [HLS 214-241] Aggregating scalar variable 'adj_matrix_2_7' with compact=bit mode in 16-bits (hls/graphsage_layer_int8_po2.cpp:36:0)
INFO: [HLS 214-241] Aggregating scalar variable 'adj_matrix_2_6' with compact=bit mode in 16-bits (hls/graphsage_layer_int8_po2.cpp:36:0)
INFO: [HLS 214-241] Aggregating scalar variable 'adj_matrix_2_5' with compact=bit mode in 16-bits (hls/graphsage_layer_int8_po2.cpp:36:0)
INFO: [HLS 214-241] Aggregating scalar variable 'adj_matrix_2_4' with compact=bit mode in 16-bits (hls/graphsage_layer_int8_po2.cpp:36:0)
INFO: [HLS 214-241] Aggregating scalar variable 'adj_matrix_2_3' with compact=bit mode in 16-bits (hls/graphsage_layer_int8_po2.cpp:36:0)
INFO: [HLS 214-241] Aggregating scalar variable 'adj_matrix_2_2' with compact=bit mode in 16-bits (hls/graphsage_layer_int8_po2.cpp:36:0)
INFO: [HLS 214-241] Aggregating scalar variable 'adj_matrix_2_1' with compact=bit mode in 16-bits (hls/graphsage_layer_int8_po2.cpp:36:0)
INFO: [HLS 214-241] Aggregating scalar variable 'adj_matrix_2_0' with compact=bit mode in 16-bits (hls/graphsage_layer_int8_po2.cpp:36:0)
INFO: [HLS 214-241] Aggregating scalar variable 'adj_matrix_1_7' with compact=bit mode in 16-bits (hls/graphsage_layer_int8_po2.cpp:36:0)
INFO: [HLS 214-241] Aggregating scalar variable 'adj_matrix_1_6' with compact=bit mode in 16-bits (hls/graphsage_layer_int8_po2.cpp:36:0)
INFO: [HLS 214-241] Aggregating scalar variable 'adj_matrix_1_5' with compact=bit mode in 16-bits (hls/graphsage_layer_int8_po2.cpp:36:0)
INFO: [HLS 214-241] Aggregating scalar variable 'adj_matrix_1_4' with compact=bit mode in 16-bits (hls/graphsage_layer_int8_po2.cpp:36:0)
INFO: [HLS 214-241] Aggregating scalar variable 'adj_matrix_1_3' with compact=bit mode in 16-bits (hls/graphsage_layer_int8_po2.cpp:36:0)
INFO: [HLS 214-241] Aggregating scalar variable 'adj_matrix_1_2' with compact=bit mode in 16-bits (hls/graphsage_layer_int8_po2.cpp:36:0)
INFO: [HLS 214-241] Aggregating scalar variable 'adj_matrix_1_1' with compact=bit mode in 16-bits (hls/graphsage_layer_int8_po2.cpp:36:0)
INFO: [HLS 214-241] Aggregating scalar variable 'adj_matrix_1_0' with compact=bit mode in 16-bits (hls/graphsage_layer_int8_po2.cpp:36:0)
INFO: [HLS 214-241] Aggregating scalar variable 'adj_matrix_0_7' with compact=bit mode in 16-bits (hls/graphsage_layer_int8_po2.cpp:36:0)
INFO: [HLS 214-241] Aggregating scalar variable 'adj_matrix_0_6' with compact=bit mode in 16-bits (hls/graphsage_layer_int8_po2.cpp:36:0)
INFO: [HLS 214-241] Aggregating scalar variable 'adj_matrix_0_5' with compact=bit mode in 16-bits (hls/graphsage_layer_int8_po2.cpp:36:0)
INFO: [HLS 214-241] Aggregating scalar variable 'adj_matrix_0_4' with compact=bit mode in 16-bits (hls/graphsage_layer_int8_po2.cpp:36:0)
INFO: [HLS 214-241] Aggregating scalar variable 'adj_matrix_0_3' with compact=bit mode in 16-bits (hls/graphsage_layer_int8_po2.cpp:36:0)
INFO: [HLS 214-241] Aggregating scalar variable 'adj_matrix_0_2' with compact=bit mode in 16-bits (hls/graphsage_layer_int8_po2.cpp:36:0)
INFO: [HLS 214-241] Aggregating scalar variable 'adj_matrix_0_1' with compact=bit mode in 16-bits (hls/graphsage_layer_int8_po2.cpp:36:0)
INFO: [HLS 214-241] Aggregating scalar variable 'adj_matrix_0_0' with compact=bit mode in 16-bits (hls/graphsage_layer_int8_po2.cpp:36:0)
INFO: [HLS 214-364] Automatically inlining function 'void graphsage_int8_po2_template<8, 16, 24, 7>(ap_int<16> const (*) [8], ap_int<8> const (*) [16], ap_int<8> const (*) [16], ap_int<22> const*, ap_int<8> const (*) [24], ap_int<22> const*, ap_int<8> (*) [7])' to improve effectiveness of pipeline pragma in function 'graphsage_int8_po2(ap_int<16> const (*) [8], ap_int<8> const (*) [16], ap_int<8> const (*) [16], ap_int<22> const*, ap_int<8> const (*) [24], ap_int<22> const*, ap_int<8> (*) [7])' (hls/graphsage_layer_int8_po2.cpp:65:5)
INFO: [HLS 200-111] Finished Compiling Optimization and Transform: CPU user time: 179.76 seconds. CPU system time: 0.49 seconds. Elapsed time: 193.71 seconds; current allocated memory: 650.566 MB.
INFO: [HLS 200-111] Finished Checking Pragmas: CPU user time: 0 seconds. CPU system time: 0 seconds. Elapsed time: 0.01 seconds; current allocated memory: 650.566 MB.
INFO: [HLS 200-10] Starting code transformations ...
INFO: [HLS 200-111] Finished Standard Transforms: CPU user time: 25.81 seconds. CPU system time: 0.02 seconds. Elapsed time: 26.46 seconds; current allocated memory: 721.539 MB.
INFO: [HLS 200-10] Checking synthesizability ...
INFO: [HLS 200-111] Finished Checking Synthesizability: CPU user time: 70.81 seconds. CPU system time: 0.03 seconds. Elapsed time: 71.4 seconds; current allocated memory: 759.133 MB.
INFO: [XFORM 203-11] Balancing expressions in function 'graphsage_int8_po2' (hls/graphsage_layer_int8_po2_locality_hierarchy.h:28:5)...1344 expression(s) balanced.
INFO: [XFORM 203-11] Balancing expressions in function 'complete_frontend_domain<1, 8, 16, 24>' (hls/graphsage_layer_int8_po2_locality_hierarchy.h:353:21)...4288 expression(s) balanced.
INFO: [XFORM 203-11] Balancing expressions in function 'complete_frontend_domain<0, 8, 16, 24>' (hls/graphsage_layer_int8_po2_locality_hierarchy.h:353:21)...4288 expression(s) balanced.
INFO: [XFORM 203-11] Balancing expressions in function 'aggregate2_local_group<6, 2, 8, 24>' (hls/graphsage_layer_int8_po2_locality_hierarchy.h:287:41)...384 expression(s) balanced.
INFO: [XFORM 203-11] Balancing expressions in function 'aggregate2_local_group<4, 2, 8, 24>' (hls/graphsage_layer_int8_po2_locality_hierarchy.h:287:41)...384 expression(s) balanced.
INFO: [XFORM 203-11] Balancing expressions in function 'aggregate2_local_group<2, 2, 8, 24>' (hls/graphsage_layer_int8_po2_locality_hierarchy.h:287:41)...384 expression(s) balanced.
INFO: [XFORM 203-11] Balancing expressions in function 'aggregate2_local_group<0, 2, 8, 24>' (hls/graphsage_layer_int8_po2_locality_hierarchy.h:287:41)...384 expression(s) balanced.
INFO: [HLS 200-111] Finished Loop, function and other optimizations: CPU user time: 165.75 seconds. CPU system time: 0.04 seconds. Elapsed time: 166.71 seconds; current allocated memory: 895.254 MB.
INFO: [HLS 200-111] Finished Architecture Synthesis: CPU user time: 115.13 seconds. CPU system time: 0.05 seconds. Elapsed time: 115.79 seconds; current allocated memory: 1.209 GB.
INFO: [HLS 200-10] Starting hardware synthesis ...
INFO: [HLS 200-10] Synthesizing 'graphsage_int8_po2' ...
WARNING: [SYN 201-103] Legalizing function name 'complete_frontend_domain<0, 8, 16, 24>' to 'complete_frontend_domain_0_8_16_24_s'.
WARNING: [SYN 201-103] Legalizing function name 'complete_frontend_domain<1, 8, 16, 24>' to 'complete_frontend_domain_1_8_16_24_s'.
WARNING: [SYN 201-103] Legalizing function name 'aggregate2_local_group<0, 2, 8, 24>' to 'aggregate2_local_group_0_2_8_24_s'.
WARNING: [SYN 201-103] Legalizing function name 'aggregate2_local_group<2, 2, 8, 24>' to 'aggregate2_local_group_2_2_8_24_s'.
WARNING: [SYN 201-103] Legalizing function name 'aggregate2_local_group<4, 2, 8, 24>' to 'aggregate2_local_group_4_2_8_24_s'.
WARNING: [SYN 201-103] Legalizing function name 'aggregate2_local_group<6, 2, 8, 24>' to 'aggregate2_local_group_6_2_8_24_s'.
INFO: [HLS 200-10] ----------------------------------------------------------------
INFO: [HLS 200-42] -- Implementing module 'complete_frontend_domain_0_8_16_24_s' 
INFO: [HLS 200-10] ----------------------------------------------------------------
INFO: [SCHED 204-11] Starting scheduling ...
INFO: [HLS 200-486] Changing DSP latency (root=add_ln443_7866) to 3 in order to utilize available DSP registers.
INFO: [HLS 200-486] Changing DSP latency (root=add_ln443_7865) to 3 in order to utilize available DSP registers.
INFO: [HLS 200-486] Changing DSP latency (root=add_ln443_7864) to 3 in order to utilize available DSP registers.
INFO: [HLS 200-486] Changing DSP latency (root=add_ln443_7862) to 3 in order to utilize available DSP registers.
INFO: [HLS 200-486] Changing DSP latency (root=add_ln443_7861) to 3 in order to utilize available DSP registers.
INFO: [HLS 200-486] Changing DSP latency (root=add_ln443_7858) to 3 in order to utilize available DSP registers.
INFO: [HLS 200-486] Changing DSP latency (root=add_ln443_7857) to 3 in order to utilize available DSP registers.
INFO: [HLS 200-486] Changing DSP latency (root=add_ln443_7856) to 3 in order to utilize available DSP registers.
INFO: [HLS 200-486] Changing DSP latency (root=add_ln443_7854) to 3 in order to utilize available DSP registers.
INFO: [HLS 200-486] Changing DSP latency (root=add_ln443_7853) to 3 in order to utilize available DSP registers.
INFO: [HLS 200-486] Changing DSP latency (root=add_ln443_7849) to 3 in order to utilize available DSP registers.
INFO: [HLS 200-486] Changing DSP latency (root=add_ln443_7848) to 3 in order to utilize available DSP registers.
INFO: [HLS 200-486] Changing DSP latency (root=add_ln443_7847) to 3 in order to utilize available DSP registers.
INFO: [HLS 200-486] Changing DSP latency (root=add_ln443_7845) to 3 in order to utilize available DSP registers.
INFO: [HLS 200-486] Changing DSP latency (root=add_ln443_7844) to 3 in order to utilize available DSP registers.
INFO: [HLS 200-486] Changing DSP latency (root=add_ln443_7841) to 3 in order to utilize available DSP registers.
INFO: [HLS 200-486] Changing DSP latency (root=add_ln443_7840) to 3 in order to utilize available DSP registers.
INFO: [HLS 200-486] Changing DSP latency (root=add_ln443_7839) to 3 in order to utilize available DSP registers.
INFO: [HLS 200-486] Changing DSP latency (root=add_ln443_7837) to 3 in order to utilize available DSP registers.
INFO: [HLS 200-486] Changing DSP latency (root=add_ln443_7836) to 3 in order to utilize available DSP registers.
INFO: [HLS 200-486] Changing DSP latency (root=add_ln443_7832) to 3 in order to utilize available DSP registers.
INFO: [HLS 200-486] Changing DSP latency (root=add_ln443_7831) to 3 in order to utilize available DSP registers.
INFO: [HLS 200-486] Changing DSP latency (root=add_ln443_7830) to 3 in order to utilize available DSP registers.
INFO: [HLS 200-486] Changing DSP latency (root=add_ln443_7828) to 3 in order to utilize available DSP registers.
INFO: [HLS 200-486] Changing DSP latency (root=add_ln443_7827) to 3 in order to utilize available DSP registers.
INFO: [HLS 200-486] Changing DSP latency (root=add_ln443_7824) to 3 in order to utilize available DSP registers.
INFO: [HLS 200-486] Changing DSP latency (root=add_ln443_7823) to 3 in order to utilize available DSP registers.
INFO: [HLS 200-486] Changing DSP latency (root=add_ln443_7822) to 3 in order to utilize available DSP registers.
INFO: [HLS 200-486] Changing DSP latency (root=add_ln443_7820) to 3 in order to utilize available DSP registers.
INFO: [HLS 200-486] Changing DSP latency (root=add_ln443_7819) to 3 in order to utilize available DSP registers.
INFO: [HLS 200-486] Changing DSP latency (root=add_ln443_7815) to 3 in order to utilize available DSP registers.
INFO: [HLS 200-486] Changing DSP latency (root=add_ln443_7814) to 3 in order to utilize available DSP registers.
INFO: [HLS 200-486] Changing DSP latency (root=add_ln443_7813) to 3 in order to utilize available DSP registers.
INFO: [HLS 200-486] Changing DSP latency (root=add_ln443_7811) to 3 in order to utilize available DSP registers.
INFO: [HLS 200-486] Changing DSP latency (root=add_ln443_7810) to 3 in order to utilize available DSP registers.
INFO: [HLS 200-486] Changing DSP latency (root=add_ln443_7807) to 3 in order to utilize available DSP registers.
INFO: [HLS 200-486] Changing DSP latency (root=add_ln443_7806) to 3 in order to utilize available DSP registers.
INFO: [HLS 200-486] Changing DSP latency (root=add_ln443_7805) to 3 in order to utilize available DSP registers.
INFO: [HLS 200-486] Changing DSP latency (root=add_ln443_7803) to 3 in order to utilize available DSP registers.
INFO: [HLS 200-486] Changing DSP latency (root=add_ln443_7802) to 3 in order to utilize available DSP registers.
INFO: [HLS 200-486] Changing DSP latency (root=add_ln443_7798) to 3 in order to utilize available DSP registers.
INFO: [HLS 200-486] Changing DSP latency (root=add_ln443_7797) to 3 in order to utilize available DSP registers.
INFO: [HLS 200-486] Changing DSP latency (root=add_ln443_7796) to 3 in order to utilize available DSP registers.
INFO: [HLS 200-486] Changing DSP latency (root=add_ln443_7794) to 3 in order to utilize available DSP registers.
INFO: [HLS 200-486] Changing DSP latency (root=add_ln443_7793) to 3 in order to utilize available DSP registers.
INFO: [HLS 200-486] Changing DSP latency (root=add_ln443_7790) to 3 in order to utilize available DSP registers.
INFO: [HLS 200-486] Changing DSP latency (root=add_ln443_7789) to 3 in order to utilize available DSP registers.
INFO: [HLS 200-486] Changing DSP latency (root=add_ln443_7788) to 3 in order to utilize available DSP registers.
INFO: [HLS 200-486] Changing DSP latency (root=add_ln443_7786) to 3 in order to utilize available DSP registers.
INFO: [HLS 200-486] Changing DSP latency (root=add_ln443_7785) to 3 in order to utilize available DSP registers.
INFO: [HLS 200-486] Changing DSP latency (root=add_ln443_7781) to 3 in order to utilize available DSP registers.
INFO: [HLS 200-486] Changing DSP latency (root=add_ln443_7780) to 3 in order to utilize available DSP registers.
INFO: [HLS 200-486] Changing DSP latency (root=add_ln443_7779) to 3 in order to utilize available DSP registers.
INFO: [HLS 200-486] Changing DSP latency (root=add_ln443_7777) to 3 in order to utilize available DSP registers.
INFO: [HLS 200-486] Changing DSP latency (root=add_ln443_7776) to 3 in order to utilize available DSP registers.
INFO: [HLS 200-486] Changing DSP latency (root=add_ln443_7773) to 3 in order to utilize available DSP registers.
INFO: [HLS 200-486] Changing DSP latency (root=add_ln443_7772) to 3 in order to utilize available DSP registers.
INFO: [HLS 200-486] Changing DSP latency (root=add_ln443_7771) to 3 in order to utilize available DSP registers.
INFO: [HLS 200-486] Changing DSP latency (root=add_ln443_7769) to 3 in order to utilize available DSP registers.
INFO: [HLS 200-486] Changing DSP latency (root=add_ln443_7768) to 3 in order to utilize available DSP registers.
INFO: [HLS 200-486] Changing DSP latency (root=add_ln443_7764) to 3 in order to utilize available DSP registers.
INFO: [HLS 200-486] Changing DSP latency (root=add_ln443_7763) to 3 in order to utilize available DSP registers.
INFO: [HLS 200-486] Changing DSP latency (root=add_ln443_7762) to 3 in order to utilize available DSP registers.
INFO: [HLS 200-486] Changing DSP latency (root=add_ln443_7760) to 3 in order to utilize available DSP registers.
INFO: [HLS 200-486] Changing DSP latency (root=add_ln443_7759) to 3 in order to utilize available DSP registers.
INFO: [HLS 200-486] Changing DSP latency (root=add_ln443_7756) to 3 in order to utilize available DSP registers.
INFO: [HLS 200-486] Changing DSP latency (root=add_ln443_7755) to 3 in order to utilize available DSP registers.
INFO: [HLS 200-486] Changing DSP latency (root=add_ln443_7754) to 3 in order to utilize available DSP registers.
INFO: [HLS 200-486] Changing DSP latency (root=add_ln443_7752) to 3 in order to utilize available DSP registers.
INFO: [HLS 200-486] Changing DSP latency (root=add_ln443_7751) to 3 in order to utilize available DSP registers.
INFO: [HLS 200-486] Changing DSP latency (root=add_ln443_7747) to 3 in order to utilize available DSP registers.
INFO: [HLS 200-486] Changing DSP latency (root=add_ln443_7746) to 3 in order to utilize available DSP registers.
INFO: [HLS 200-486] Changing DSP latency (root=add_ln443_7745) to 3 in order to utilize available DSP registers.
INFO: [HLS 200-486] Changing DSP latency (root=add_ln443_7743) to 3 in order to utilize available DSP registers.
INFO: [HLS 200-486] Changing DSP latency (root=add_ln443_7742) to 3 in order to utilize available DSP registers.
INFO: [HLS 200-486] Changing DSP latency (root=add_ln443_7739) to 3 in order to utilize available DSP registers.
INFO: [HLS 200-486] Changing DSP latency (root=add_ln443_7738) to 3 in order to utilize available DSP registers.
INFO: [HLS 200-486] Changing DSP latency (root=add_ln443_7737) to 3 in order to utilize available DSP registers.
INFO: [HLS 200-486] Changing DSP latency (root=add_ln443_7735) to 3 in order to utilize available DSP registers.
INFO: [HLS 200-486] Changing DSP latency (root=add_ln443_7734) to 3 in order to utilize available DSP registers.
INFO: [HLS 200-486] Changing DSP latency (root=add_ln443_7730) to 3 in order to utilize available DSP registers.
INFO: [HLS 200-486] Changing DSP latency (root=add_ln443_7729) to 3 in order to utilize available DSP registers.
INFO: [HLS 200-486] Changing DSP latency (root=add_ln443_7728) to 3 in order to utilize available DSP registers.
INFO: [HLS 200-486] Changing DSP latency (root=add_ln443_7726) to 3 in order to utilize available DSP registers.
INFO: [HLS 200-486] Changing DSP latency (root=add_ln443_7725) to 3 in order to utilize available DSP registers.
INFO: [HLS 200-486] Changing DSP latency (root=add_ln443_7722) to 3 in order to utilize available DSP registers.
INFO: [HLS 200-486] Changing DSP latency (root=add_ln443_7721) to 3 in order to utilize available DSP registers.
INFO: [HLS 200-486] Changing DSP latency (root=add_ln443_7720) to 3 in order to utilize available DSP registers.
INFO: [HLS 200-486] Changing DSP latency (root=add_ln443_7718) to 3 in order to utilize available DSP registers.
INFO: [HLS 200-486] Changing DSP latency (root=add_ln443_7717) to 3 in order to utilize available DSP registers.
INFO: [HLS 200-486] Changing DSP latency (root=add_ln443_7713) to 3 in order to utilize available DSP registers.
INFO: [HLS 200-486] Changing DSP latency (root=add_ln443_7712) to 3 in order to utilize available DSP registers.
INFO: [HLS 200-486] Changing DSP latency (root=add_ln443_7711) to 3 in order to utilize available DSP registers.
INFO: [HLS 200-486] Changing DSP latency (root=add_ln443_7709) to 3 in order to utilize available DSP registers.
INFO: [HLS 200-486] Changing DSP latency (root=add_ln443_7708) to 3 in order to utilize available DSP registers.
INFO: [HLS 200-486] Changing DSP latency (root=add_ln443_7705) to 3 in order to utilize available DSP registers.
INFO: [HLS 200-486] Changing DSP latency (root=add_ln443_7704) to 3 in order to utilize available DSP registers.
INFO: [HLS 200-486] Changing DSP latency (root=add_ln443_7703) to 3 in order to utilize available DSP registers.
INFO: [HLS 200-486] Changing DSP latency (root=add_ln443_7701) to 3 in order to utilize available DSP registers.
INFO: [HLS 200-486] Changing DSP latency (root=add_ln443_7700) to 3 in order to utilize available DSP registers.
INFO: [HLS 200-486] Changing DSP latency (root=add_ln443_7696) to 3 in order to utilize available DSP registers.
INFO: [HLS 200-486] Changing DSP latency (root=add_ln443_7695) to 3 in order to utilize available DSP registers.
INFO: [HLS 200-486] Changing DSP latency (root=add_ln443_7694) to 3 in order to utilize available DSP registers.
INFO: [HLS 200-486] Changing DSP latency (root=add_ln443_7692) to 3 in order to utilize available DSP registers.
INFO: [HLS 200-486] Changing DSP latency (root=add_ln443_7691) to 3 in order to utilize available DSP registers.
INFO: [HLS 200-486] Changing DSP latency (root=add_ln443_7688) to 3 in order to utilize available DSP registers.
INFO: [HLS 200-486] Changing DSP latency (root=add_ln443_7687) to 3 in order to utilize available DSP registers.
INFO: [HLS 200-486] Changing DSP latency (root=add_ln443_7686) to 3 in order to utilize available DSP registers.
INFO: [HLS 200-486] Changing DSP latency (root=add_ln443_7684) to 3 in order to utilize available DSP registers.
INFO: [HLS 200-486] Changing DSP latency (root=add_ln443_7683) to 3 in order to utilize available DSP registers.
INFO: [HLS 200-486] Changing DSP latency (root=add_ln443_7679) to 3 in order to utilize available DSP registers.
INFO: [HLS 200-486] Changing DSP latency (root=add_ln443_7678) to 3 in order to utilize available DSP registers.
INFO: [HLS 200-486] Changing DSP latency (root=add_ln443_7677) to 3 in order to utilize available DSP registers.
INFO: [HLS 200-486] Changing DSP latency (root=add_ln443_7675) to 3 in order to utilize available DSP registers.
INFO: [HLS 200-486] Changing DSP latency (root=add_ln443_7674) to 3 in order to utilize available DSP registers.
INFO: [HLS 200-486] Changing DSP latency (root=add_ln443_7671) to 3 in order to utilize available DSP registers.
INFO: [HLS 200-486] Changing DSP latency (root=add_ln443_7670) to 3 in order to utilize available DSP registers.
INFO: [HLS 200-486] Changing DSP latency (root=add_ln443_7669) to 3 in order to utilize available DSP registers.
INFO: [HLS 200-486] Changing DSP latency (root=add_ln443_7667) to 3 in order to utilize available DSP registers.
INFO: [HLS 200-486] Changing DSP latency (root=add_ln443_7666) to 3 in order to utilize available DSP registers.
INFO: [HLS 200-486] Changing DSP latency (root=add_ln443_7662) to 3 in order to utilize available DSP registers.
INFO: [HLS 200-486] Changing DSP latency (root=add_ln443_7661) to 3 in order to utilize available DSP registers.
INFO: [HLS 200-486] Changing DSP latency (root=add_ln443_7660) to 3 in order to utilize available DSP registers.
INFO: [HLS 200-486] Changing DSP latency (root=add_ln443_7658) to 3 in order to utilize available DSP registers.
INFO: [HLS 200-486] Changing DSP latency (root=add_ln443_7657) to 3 in order to utilize available DSP registers.
INFO: [HLS 200-486] Changing DSP latency (root=add_ln443_7654) to 3 in order to utilize available DSP registers.
INFO: [HLS 200-486] Changing DSP latency (root=add_ln443_7653) to 3 in order to utilize available DSP registers.
INFO: [HLS 200-486] Changing DSP latency (root=add_ln443_7652) to 3 in order to utilize available DSP registers.
INFO: [HLS 200-486] Changing DSP latency (root=add_ln443_7650) to 3 in order to utilize available DSP registers.
INFO: [HLS 200-486] Changing DSP latency (root=add_ln443_7649) to 3 in order to utilize available DSP registers.
INFO: [HLS 200-486] Changing DSP latency (root=add_ln443_7645) to 3 in order to utilize available DSP registers.
INFO: [HLS 200-486] Changing DSP latency (root=add_ln443_7644) to 3 in order to utilize available DSP registers.
INFO: [HLS 200-486] Changing DSP latency (root=add_ln443_7643) to 3 in order to utilize available DSP registers.
INFO: [HLS 200-486] Changing DSP latency (root=add_ln443_7641) to 3 in order to utilize available DSP registers.
INFO: [HLS 200-486] Changing DSP latency (root=add_ln443_7640) to 3 in order to utilize available DSP registers.
INFO: [HLS 200-486] Changing DSP latency (root=add_ln443_7637) to 3 in order to utilize available DSP registers.
INFO: [HLS 200-486] Changing DSP latency (root=add_ln443_7636) to 3 in order to utilize available DSP registers.
INFO: [HLS 200-486] Changing DSP latency (root=add_ln443_7635) to 3 in order to utilize available DSP registers.
INFO: [HLS 200-486] Changing DSP latency (root=add_ln443_7633) to 3 in order to utilize available DSP registers.
INFO: [HLS 200-486] Changing DSP latency (root=add_ln443_7632) to 3 in order to utilize available DSP registers.
INFO: [HLS 200-486] Changing DSP latency (root=add_ln443_7628) to 3 in order to utilize available DSP registers.
INFO: [HLS 200-486] Changing DSP latency (root=add_ln443_7627) to 3 in order to utilize available DSP registers.
INFO: [HLS 200-486] Changing DSP latency (root=add_ln443_7626) to 3 in order to utilize available DSP registers.
INFO: [HLS 200-486] Changing DSP latency (root=add_ln443_7624) to 3 in order to utilize available DSP registers.
INFO: [HLS 200-486] Changing DSP latency (root=add_ln443_7623) to 3 in order to utilize available DSP registers.
INFO: [HLS 200-486] Changing DSP latency (root=add_ln443_7620) to 3 in order to utilize available DSP registers.
INFO: [HLS 200-486] Changing DSP latency (root=add_ln443_7619) to 3 in order to utilize available DSP registers.
INFO: [HLS 200-486] Changing DSP latency (root=add_ln443_7618) to 3 in order to utilize available DSP registers.
INFO: [HLS 200-486] Changing DSP latency (root=add_ln443_7616) to 3 in order to utilize available DSP registers.
INFO: [HLS 200-486] Changing DSP latency (root=add_ln443_7615) to 3 in order to utilize available DSP registers.
INFO: [HLS 200-486] Changing DSP latency (root=add_ln443_7611) to 3 in order to utilize available DSP registers.
INFO: [HLS 200-486] Changing DSP latency (root=add_ln443_7610) to 3 in order to utilize available DSP registers.
INFO: [HLS 200-486] Changing DSP latency (root=add_ln443_7609) to 3 in order to utilize available DSP registers.
INFO: [HLS 200-486] Changing DSP latency (root=add_ln443_7607) to 3 in order to utilize available DSP registers.
INFO: [HLS 200-486] Changing DSP latency (root=add_ln443_7606) to 3 in order to utilize available DSP registers.
INFO: [HLS 200-486] Changing DSP latency (root=add_ln443_7603) to 3 in order to utilize available DSP registers.
INFO: [HLS 200-486] Changing DSP latency (root=add_ln443_7602) to 3 in order to utilize available DSP registers.
INFO: [HLS 200-486] Changing DSP latency (root=add_ln443_7601) to 3 in order to utilize available DSP registers.
INFO: [HLS 200-486] Changing DSP latency (root=add_ln443_7599) to 3 in order to utilize available DSP registers.
INFO: [HLS 200-486] Changing DSP latency (root=add_ln443_7598) to 3 in order to utilize available DSP registers.
INFO: [HLS 200-486] Changing DSP latency (root=add_ln443_7594) to 3 in order to utilize available DSP registers.
INFO: [HLS 200-486] Changing DSP latency (root=add_ln443_7593) to 3 in order to utilize available DSP registers.
INFO: [HLS 200-486] Changing DSP latency (root=add_ln443_7592) to 3 in order to utilize available DSP registers.
INFO: [HLS 200-486] Changing DSP latency (root=add_ln443_7590) to 3 in order to utilize available DSP registers.
INFO: [HLS 200-486] Changing DSP latency (root=add_ln443_7589) to 3 in order to utilize available DSP registers.
INFO: [HLS 200-486] Changing DSP latency (root=add_ln443_7586) to 3 in order to utilize available DSP registers.
INFO: [HLS 200-486] Changing DSP latency (root=add_ln443_7585) to 3 in order to utilize available DSP registers.
INFO: [HLS 200-486] Changing DSP latency (root=add_ln443_7584) to 3 in order to utilize available DSP registers.
INFO: [HLS 200-486] Changing DSP latency (root=add_ln443_7582) to 3 in order to utilize available DSP registers.
INFO: [HLS 200-486] Changing DSP latency (root=add_ln443_7581) to 3 in order to utilize available DSP registers.
INFO: [HLS 200-486] Changing DSP latency (root=add_ln443_7577) to 3 in order to utilize available DSP registers.
INFO: [HLS 200-486] Changing DSP latency (root=add_ln443_7576) to 3 in order to utilize available DSP registers.
INFO: [HLS 200-486] Changing DSP latency (root=add_ln443_7575) to 3 in order to utilize available DSP registers.
INFO: [HLS 200-486] Changing DSP latency (root=add_ln443_7573) to 3 in order to utilize available DSP registers.
INFO: [HLS 200-486] Changing DSP latency (root=add_ln443_7572) to 3 in order to utilize available DSP registers.
INFO: [HLS 200-486] Changing DSP latency (root=add_ln443_7569) to 3 in order to utilize available DSP registers.
INFO: [HLS 200-486] Changing DSP latency (root=add_ln443_7568) to 3 in order to utilize available DSP registers.
INFO: [HLS 200-486] Changing DSP latency (root=add_ln443_7567) to 3 in order to utilize available DSP registers.
INFO: [HLS 200-486] Changing DSP latency (root=add_ln443_7565) to 3 in order to utilize available DSP registers.
INFO: [HLS 200-486] Changing DSP latency (root=add_ln443_7564) to 3 in order to utilize available DSP registers.
INFO: [HLS 200-486] Changing DSP latency (root=add_ln443_7560) to 3 in order to utilize available DSP registers.
INFO: [HLS 200-486] Changing DSP latency (root=add_ln443_7559) to 3 in order to utilize available DSP registers.
INFO: [HLS 200-486] Changing DSP latency (root=add_ln443_7558) to 3 in order to utilize available DSP registers.
INFO: [HLS 200-486] Changing DSP latency (root=add_ln443_7556) to 3 in order to utilize available DSP registers.
INFO: [HLS 200-486] Changing DSP latency (root=add_ln443_7555) to 3 in order to utilize available DSP registers.
INFO: [HLS 200-486] Changing DSP latency (root=add_ln443_7552) to 3 in order to utilize available DSP registers.
INFO: [HLS 200-486] Changing DSP latency (root=add_ln443_7551) to 3 in order to utilize available DSP registers.
INFO: [HLS 200-486] Changing DSP latency (root=add_ln443_7550) to 3 in order to utilize available DSP registers.
INFO: [HLS 200-486] Changing DSP latency (root=add_ln443_7548) to 3 in order to utilize available DSP registers.
INFO: [HLS 200-486] Changing DSP latency (root=add_ln443_7547) to 3 in order to utilize available DSP registers.
INFO: [HLS 200-486] Changing DSP latency (root=add_ln443_7543) to 3 in order to utilize available DSP registers.
INFO: [HLS 200-486] Changing DSP latency (root=add_ln443_7542) to 3 in order to utilize available DSP registers.
INFO: [HLS 200-486] Changing DSP latency (root=add_ln443_7541) to 3 in order to utilize available DSP registers.
INFO: [HLS 200-486] Changing DSP latency (root=add_ln443_7539) to 3 in order to utilize available DSP registers.
INFO: [HLS 200-486] Changing DSP latency (root=add_ln443_7538) to 3 in order to utilize available DSP registers.
INFO: [HLS 200-486] Changing DSP latency (root=add_ln443_7535) to 3 in order to utilize available DSP registers.
INFO: [HLS 200-486] Changing DSP latency (root=add_ln443_7534) to 3 in order to utilize available DSP registers.
INFO: [HLS 200-486] Changing DSP latency (root=add_ln443_7533) to 3 in order to utilize available DSP registers.
INFO: [HLS 200-486] Changing DSP latency (root=add_ln443_7531) to 3 in order to utilize available DSP registers.
INFO: [HLS 200-486] Changing DSP latency (root=add_ln443_7530) to 3 in order to utilize available DSP registers.
INFO: [HLS 200-486] Changing DSP latency (root=add_ln443_7526) to 3 in order to utilize available DSP registers.
INFO: [HLS 200-486] Changing DSP latency (root=add_ln443_7525) to 3 in order to utilize available DSP registers.
INFO: [HLS 200-486] Changing DSP latency (root=add_ln443_7524) to 3 in order to utilize available DSP registers.
INFO: [HLS 200-486] Changing DSP latency (root=add_ln443_7522) to 3 in order to utilize available DSP registers.
INFO: [HLS 200-486] Changing DSP latency (root=add_ln443_7521) to 3 in order to utilize available DSP registers.
INFO: [HLS 200-486] Changing DSP latency (root=add_ln443_7518) to 3 in order to utilize available DSP registers.
INFO: [HLS 200-486] Changing DSP latency (root=add_ln443_7517) to 3 in order to utilize available DSP registers.
INFO: [HLS 200-486] Changing DSP latency (root=add_ln443_7516) to 3 in order to utilize available DSP registers.
INFO: [HLS 200-486] Changing DSP latency (root=add_ln443_7514) to 3 in order to utilize available DSP registers.
INFO: [HLS 200-486] Changing DSP latency (root=add_ln443_7513) to 3 in order to utilize available DSP registers.
INFO: [HLS 200-486] Changing DSP latency (root=add_ln443_7509) to 3 in order to utilize available DSP registers.
INFO: [HLS 200-486] Changing DSP latency (root=add_ln443_7508) to 3 in order to utilize available DSP registers.
INFO: [HLS 200-486] Changing DSP latency (root=add_ln443_7507) to 3 in order to utilize available DSP registers.
INFO: [HLS 200-486] Changing DSP latency (root=add_ln443_7505) to 3 in order to utilize available DSP registers.
INFO: [HLS 200-486] Changing DSP latency (root=add_ln443_7504) to 3 in order to utilize available DSP registers.
INFO: [HLS 200-486] Changing DSP latency (root=add_ln443_7501) to 3 in order to utilize available DSP registers.
INFO: [HLS 200-486] Changing DSP latency (root=add_ln443_7500) to 3 in order to utilize available DSP registers.
INFO: [HLS 200-486] Changing DSP latency (root=add_ln443_7499) to 3 in order to utilize available DSP registers.
INFO: [HLS 200-486] Changing DSP latency (root=add_ln443_7497) to 3 in order to utilize available DSP registers.
INFO: [HLS 200-486] Changing DSP latency (root=add_ln443_7496) to 3 in order to utilize available DSP registers.
INFO: [HLS 200-486] Changing DSP latency (root=add_ln443_7492) to 3 in order to utilize available DSP registers.
INFO: [HLS 200-486] Changing DSP latency (root=add_ln443_7491) to 3 in order to utilize available DSP registers.
INFO: [HLS 200-486] Changing DSP latency (root=add_ln443_7490) to 3 in order to utilize available DSP registers.
INFO: [HLS 200-486] Changing DSP latency (root=add_ln443_7488) to 3 in order to utilize available DSP registers.
INFO: [HLS 200-486] Changing DSP latency (root=add_ln443_7487) to 3 in order to utilize available DSP registers.
INFO: [HLS 200-486] Changing DSP latency (root=add_ln443_7484) to 3 in order to utilize available DSP registers.
INFO: [HLS 200-486] Changing DSP latency (root=add_ln443_7483) to 3 in order to utilize available DSP registers.
INFO: [HLS 200-486] Changing DSP latency (root=add_ln443_7482) to 3 in order to utilize available DSP registers.
INFO: [HLS 200-486] Changing DSP latency (root=add_ln443_7480) to 3 in order to utilize available DSP registers.
INFO: [HLS 200-486] Changing DSP latency (root=add_ln443_7479) to 3 in order to utilize available DSP registers.
INFO: [HLS 200-486] Changing DSP latency (root=add_ln443_7475) to 3 in order to utilize available DSP registers.
INFO: [HLS 200-486] Changing DSP latency (root=add_ln443_7474) to 3 in order to utilize available DSP registers.
INFO: [HLS 200-486] Changing DSP latency (root=add_ln443_7473) to 3 in order to utilize available DSP registers.
INFO: [HLS 200-486] Changing DSP latency (root=add_ln443_7471) to 3 in order to utilize available DSP registers.
INFO: [HLS 200-486] Changing DSP latency (root=add_ln443_7470) to 3 in order to utilize available DSP registers.
INFO: [HLS 200-486] Changing DSP latency (root=add_ln443_7467) to 3 in order to utilize available DSP registers.
INFO: [HLS 200-486] Changing DSP latency (root=add_ln443_7466) to 3 in order to utilize available DSP registers.
INFO: [HLS 200-486] Changing DSP latency (root=add_ln443_7465) to 3 in order to utilize available DSP registers.
INFO: [HLS 200-486] Changing DSP latency (root=add_ln443_7463) to 3 in order to utilize available DSP registers.
INFO: [HLS 200-486] Changing DSP latency (root=add_ln443_7462) to 3 in order to utilize available DSP registers.
INFO: [HLS 200-486] Changing DSP latency (root=add_ln443_7458) to 3 in order to utilize available DSP registers.
INFO: [HLS 200-486] Changing DSP latency (root=add_ln443_7457) to 3 in order to utilize available DSP registers.
INFO: [HLS 200-486] Changing DSP latency (root=add_ln443_7456) to 3 in order to utilize available DSP registers.
INFO: [HLS 200-486] Changing DSP latency (root=add_ln443_7454) to 3 in order to utilize available DSP registers.
INFO: [HLS 200-486] Changing DSP latency (root=add_ln443_7453) to 3 in order to utilize available DSP registers.
INFO: [HLS 200-486] Changing DSP latency (root=add_ln443_7450) to 3 in order to utilize available DSP registers.
INFO: [HLS 200-486] Changing DSP latency (root=add_ln443_7449) to 3 in order to utilize available DSP registers.
INFO: [HLS 200-486] Changing DSP latency (root=add_ln443_7448) to 3 in order to utilize available DSP registers.
INFO: [HLS 200-486] Changing DSP latency (root=add_ln443_7446) to 3 in order to utilize available DSP registers.
INFO: [HLS 200-486] Changing DSP latency (root=add_ln443_7445) to 3 in order to utilize available DSP registers.
INFO: [HLS 200-486] Changing DSP latency (root=add_ln443_7441) to 3 in order to utilize available DSP registers.
INFO: [HLS 200-486] Changing DSP latency (root=add_ln443_7440) to 3 in order to utilize available DSP registers.
INFO: [HLS 200-486] Changing DSP latency (root=add_ln443_7439) to 3 in order to utilize available DSP registers.
INFO: [HLS 200-486] Changing DSP latency (root=add_ln443_7437) to 3 in order to utilize available DSP registers.
INFO: [HLS 200-486] Changing DSP latency (root=add_ln443_7436) to 3 in order to utilize available DSP registers.
INFO: [HLS 200-486] Changing DSP latency (root=add_ln443_7433) to 3 in order to utilize available DSP registers.
INFO: [HLS 200-486] Changing DSP latency (root=add_ln443_7432) to 3 in order to utilize available DSP registers.
INFO: [HLS 200-486] Changing DSP latency (root=add_ln443_7431) to 3 in order to utilize available DSP registers.
INFO: [HLS 200-486] Changing DSP latency (root=add_ln443_7429) to 3 in order to utilize available DSP registers.
INFO: [HLS 200-486] Changing DSP latency (root=add_ln443_7428) to 3 in order to utilize available DSP registers.
INFO: [HLS 200-486] Changing DSP latency (root=add_ln443_7424) to 3 in order to utilize available DSP registers.
INFO: [HLS 200-486] Changing DSP latency (root=add_ln443_7423) to 3 in order to utilize available DSP registers.
INFO: [HLS 200-486] Changing DSP latency (root=add_ln443_7422) to 3 in order to utilize available DSP registers.
INFO: [HLS 200-486] Changing DSP latency (root=add_ln443_7420) to 3 in order to utilize available DSP registers.
INFO: [HLS 200-486] Changing DSP latency (root=add_ln443_7419) to 3 in order to utilize available DSP registers.
INFO: [HLS 200-486] Changing DSP latency (root=add_ln443_7416) to 3 in order to utilize available DSP registers.
INFO: [HLS 200-486] Changing DSP latency (root=add_ln443_7415) to 3 in order to utilize available DSP registers.
INFO: [HLS 200-486] Changing DSP latency (root=add_ln443_7414) to 3 in order to utilize available DSP registers.
INFO: [HLS 200-486] Changing DSP latency (root=add_ln443_7412) to 3 in order to utilize available DSP registers.
INFO: [HLS 200-486] Changing DSP latency (root=add_ln443_7411) to 3 in order to utilize available DSP registers.
INFO: [HLS 200-486] Changing DSP latency (root=add_ln443_7407) to 3 in order to utilize available DSP registers.
INFO: [HLS 200-486] Changing DSP latency (root=add_ln443_7406) to 3 in order to utilize available DSP registers.
INFO: [HLS 200-486] Changing DSP latency (root=add_ln443_7405) to 3 in order to utilize available DSP registers.
INFO: [HLS 200-486] Changing DSP latency (root=add_ln443_7403) to 3 in order to utilize available DSP registers.
INFO: [HLS 200-486] Changing DSP latency (root=add_ln443_7402) to 3 in order to utilize available DSP registers.
INFO: [HLS 200-486] Changing DSP latency (root=add_ln443_7399) to 3 in order to utilize available DSP registers.
INFO: [HLS 200-486] Changing DSP latency (root=add_ln443_7398) to 3 in order to utilize available DSP registers.
INFO: [HLS 200-486] Changing DSP latency (root=add_ln443_7397) to 3 in order to utilize available DSP registers.
INFO: [HLS 200-486] Changing DSP latency (root=add_ln443_7395) to 3 in order to utilize available DSP registers.
INFO: [HLS 200-486] Changing DSP latency (root=add_ln443_7394) to 3 in order to utilize available DSP registers.
INFO: [HLS 200-486] Changing DSP latency (root=add_ln443_7390) to 3 in order to utilize available DSP registers.
INFO: [HLS 200-486] Changing DSP latency (root=add_ln443_7389) to 3 in order to utilize available DSP registers.
INFO: [HLS 200-486] Changing DSP latency (root=add_ln443_7388) to 3 in order to utilize available DSP registers.
INFO: [HLS 200-486] Changing DSP latency (root=add_ln443_7386) to 3 in order to utilize available DSP registers.
INFO: [HLS 200-486] Changing DSP latency (root=add_ln443_7385) to 3 in order to utilize available DSP registers.
INFO: [HLS 200-486] Changing DSP latency (root=add_ln443_7382) to 3 in order to utilize available DSP registers.
INFO: [HLS 200-486] Changing DSP latency (root=add_ln443_7381) to 3 in order to utilize available DSP registers.
INFO: [HLS 200-486] Changing DSP latency (root=add_ln443_7380) to 3 in order to utilize available DSP registers.
INFO: [HLS 200-486] Changing DSP latency (root=add_ln443_7378) to 3 in order to utilize available DSP registers.
INFO: [HLS 200-486] Changing DSP latency (root=add_ln443_7377) to 3 in order to utilize available DSP registers.
INFO: [HLS 200-486] Changing DSP latency (root=add_ln443_7373) to 3 in order to utilize available DSP registers.
INFO: [HLS 200-486] Changing DSP latency (root=add_ln443_7372) to 3 in order to utilize available DSP registers.
INFO: [HLS 200-486] Changing DSP latency (root=add_ln443_7371) to 3 in order to utilize available DSP registers.
INFO: [HLS 200-486] Changing DSP latency (root=add_ln443_7369) to 3 in order to utilize available DSP registers.
INFO: [HLS 200-486] Changing DSP latency (root=add_ln443_7368) to 3 in order to utilize available DSP registers.
INFO: [HLS 200-486] Changing DSP latency (root=add_ln443_7365) to 3 in order to utilize available DSP registers.
INFO: [HLS 200-486] Changing DSP latency (root=add_ln443_7364) to 3 in order to utilize available DSP registers.
INFO: [HLS 200-486] Changing DSP latency (root=add_ln443_7363) to 3 in order to utilize available DSP registers.
INFO: [HLS 200-486] Changing DSP latency (root=add_ln443_7361) to 3 in order to utilize available DSP registers.
INFO: [HLS 200-486] Changing DSP latency (root=add_ln443_7360) to 3 in order to utilize available DSP registers.
INFO: [HLS 200-486] Changing DSP latency (root=add_ln443_7356) to 3 in order to utilize available DSP registers.
INFO: [HLS 200-486] Changing DSP latency (root=add_ln443_7355) to 3 in order to utilize available DSP registers.
INFO: [HLS 200-486] Changing DSP latency (root=add_ln443_7354) to 3 in order to utilize available DSP registers.
INFO: [HLS 200-486] Changing DSP latency (root=add_ln443_7352) to 3 in order to utilize available DSP registers.
INFO: [HLS 200-486] Changing DSP latency (root=add_ln443_7351) to 3 in order to utilize available DSP registers.
INFO: [HLS 200-486] Changing DSP latency (root=add_ln443_7348) to 3 in order to utilize available DSP registers.
INFO: [HLS 200-486] Changing DSP latency (root=add_ln443_7347) to 3 in order to utilize available DSP registers.
INFO: [HLS 200-486] Changing DSP latency (root=add_ln443_7346) to 3 in order to utilize available DSP registers.
INFO: [HLS 200-486] Changing DSP latency (root=add_ln443_7344) to 3 in order to utilize available DSP registers.
INFO: [HLS 200-486] Changing DSP latency (root=add_ln443_7343) to 3 in order to utilize available DSP registers.
INFO: [HLS 200-486] Changing DSP latency (root=add_ln443_7339) to 3 in order to utilize available DSP registers.
INFO: [HLS 200-486] Changing DSP latency (root=add_ln443_7338) to 3 in order to utilize available DSP registers.
INFO: [HLS 200-486] Changing DSP latency (root=add_ln443_7337) to 3 in order to utilize available DSP registers.
INFO: [HLS 200-486] Changing DSP latency (root=add_ln443_7335) to 3 in order to utilize available DSP registers.
INFO: [HLS 200-486] Changing DSP latency (root=add_ln443_7334) to 3 in order to utilize available DSP registers.
INFO: [HLS 200-486] Changing DSP latency (root=add_ln443_7331) to 3 in order to utilize available DSP registers.
INFO: [HLS 200-486] Changing DSP latency (root=add_ln443_7330) to 3 in order to utilize available DSP registers.
INFO: [HLS 200-486] Changing DSP latency (root=add_ln443_7329) to 3 in order to utilize available DSP registers.
INFO: [HLS 200-486] Changing DSP latency (root=add_ln443_7327) to 3 in order to utilize available DSP registers.
INFO: [HLS 200-486] Changing DSP latency (root=add_ln443_7326) to 3 in order to utilize available DSP registers.
INFO: [HLS 200-486] Changing DSP latency (root=add_ln443_7322) to 3 in order to utilize available DSP registers.
INFO: [HLS 200-486] Changing DSP latency (root=add_ln443_7321) to 3 in order to utilize available DSP registers.
INFO: [HLS 200-486] Changing DSP latency (root=add_ln443_7320) to 3 in order to utilize available DSP registers.
INFO: [HLS 200-486] Changing DSP latency (root=add_ln443_7318) to 3 in order to utilize available DSP registers.
INFO: [HLS 200-486] Changing DSP latency (root=add_ln443_7317) to 3 in order to utilize available DSP registers.
INFO: [HLS 200-486] Changing DSP latency (root=add_ln443_7314) to 3 in order to utilize available DSP registers.
INFO: [HLS 200-486] Changing DSP latency (root=add_ln443_7313) to 3 in order to utilize available DSP registers.
INFO: [HLS 200-486] Changing DSP latency (root=add_ln443_7312) to 3 in order to utilize available DSP registers.
INFO: [HLS 200-486] Changing DSP latency (root=add_ln443_7310) to 3 in order to utilize available DSP registers.
INFO: [HLS 200-486] Changing DSP latency (root=add_ln443_7309) to 3 in order to utilize available DSP registers.
INFO: [HLS 200-486] Changing DSP latency (root=add_ln443_7305) to 3 in order to utilize available DSP registers.
INFO: [HLS 200-486] Changing DSP latency (root=add_ln443_7304) to 3 in order to utilize available DSP registers.
INFO: [HLS 200-486] Changing DSP latency (root=add_ln443_7303) to 3 in order to utilize available DSP registers.
INFO: [HLS 200-486] Changing DSP latency (root=add_ln443_7301) to 3 in order to utilize available DSP registers.
INFO: [HLS 200-486] Changing DSP latency (root=add_ln443_7300) to 3 in order to utilize available DSP registers.
INFO: [HLS 200-486] Changing DSP latency (root=add_ln443_7297) to 3 in order to utilize available DSP registers.
INFO: [HLS 200-486] Changing DSP latency (root=add_ln443_7296) to 3 in order to utilize available DSP registers.
INFO: [HLS 200-486] Changing DSP latency (root=add_ln443_7295) to 3 in order to utilize available DSP registers.
INFO: [HLS 200-486] Changing DSP latency (root=add_ln443_7293) to 3 in order to utilize available DSP registers.
INFO: [HLS 200-486] Changing DSP latency (root=add_ln443_7292) to 3 in order to utilize available DSP registers.
INFO: [HLS 200-486] Changing DSP latency (root=add_ln443_7288) to 3 in order to utilize available DSP registers.
INFO: [HLS 200-486] Changing DSP latency (root=add_ln443_7287) to 3 in order to utilize available DSP registers.
INFO: [HLS 200-486] Changing DSP latency (root=add_ln443_7286) to 3 in order to utilize available DSP registers.
INFO: [HLS 200-486] Changing DSP latency (root=add_ln443_7284) to 3 in order to utilize available DSP registers.
INFO: [HLS 200-486] Changing DSP latency (root=add_ln443_7283) to 3 in order to utilize available DSP registers.
INFO: [HLS 200-486] Changing DSP latency (root=add_ln443_7280) to 3 in order to utilize available DSP registers.
INFO: [HLS 200-486] Changing DSP latency (root=add_ln443_7279) to 3 in order to utilize available DSP registers.
INFO: [HLS 200-486] Changing DSP latency (root=add_ln443_7278) to 3 in order to utilize available DSP registers.
INFO: [HLS 200-486] Changing DSP latency (root=add_ln443_7276) to 3 in order to utilize available DSP registers.
INFO: [HLS 200-486] Changing DSP latency (root=add_ln443_7275) to 3 in order to utilize available DSP registers.
INFO: [HLS 200-486] Changing DSP latency (root=add_ln443_7271) to 3 in order to utilize available DSP registers.
INFO: [HLS 200-486] Changing DSP latency (root=add_ln443_7270) to 3 in order to utilize available DSP registers.
INFO: [HLS 200-486] Changing DSP latency (root=add_ln443_7269) to 3 in order to utilize available DSP registers.
INFO: [HLS 200-486] Changing DSP latency (root=add_ln443_7267) to 3 in order to utilize available DSP registers.
INFO: [HLS 200-486] Changing DSP latency (root=add_ln443_7266) to 3 in order to utilize available DSP registers.
INFO: [HLS 200-486] Changing DSP latency (root=add_ln443_7263) to 3 in order to utilize available DSP registers.
INFO: [HLS 200-486] Changing DSP latency (root=add_ln443_7262) to 3 in order to utilize available DSP registers.
INFO: [HLS 200-486] Changing DSP latency (root=add_ln443_7261) to 3 in order to utilize available DSP registers.
INFO: [HLS 200-486] Changing DSP latency (root=add_ln443_7259) to 3 in order to utilize available DSP registers.
INFO: [HLS 200-486] Changing DSP latency (root=add_ln443_7258) to 3 in order to utilize available DSP registers.
INFO: [HLS 200-486] Changing DSP latency (root=add_ln443_7254) to 3 in order to utilize available DSP registers.
INFO: [HLS 200-486] Changing DSP latency (root=add_ln443_7253) to 3 in order to utilize available DSP registers.
INFO: [HLS 200-486] Changing DSP latency (root=add_ln443_7252) to 3 in order to utilize available DSP registers.
INFO: [HLS 200-486] Changing DSP latency (root=add_ln443_7250) to 3 in order to utilize available DSP registers.
INFO: [HLS 200-486] Changing DSP latency (root=add_ln443_7249) to 3 in order to utilize available DSP registers.
INFO: [HLS 200-486] Changing DSP latency (root=add_ln443_7246) to 3 in order to utilize available DSP registers.
INFO: [HLS 200-486] Changing DSP latency (root=add_ln443_7245) to 3 in order to utilize available DSP registers.
INFO: [HLS 200-486] Changing DSP latency (root=add_ln443_7244) to 3 in order to utilize available DSP registers.
INFO: [HLS 200-486] Changing DSP latency (root=add_ln443_7242) to 3 in order to utilize available DSP registers.
INFO: [HLS 200-486] Changing DSP latency (root=add_ln443_7241) to 3 in order to utilize available DSP registers.
INFO: [HLS 200-486] Changing DSP latency (root=add_ln443_7237) to 3 in order to utilize available DSP registers.
INFO: [HLS 200-486] Changing DSP latency (root=add_ln443_7236) to 3 in order to utilize available DSP registers.
INFO: [HLS 200-486] Changing DSP latency (root=add_ln443_7235) to 3 in order to utilize available DSP registers.
INFO: [HLS 200-486] Changing DSP latency (root=add_ln443_7233) to 3 in order to utilize available DSP registers.
INFO: [HLS 200-486] Changing DSP latency (root=add_ln443_7232) to 3 in order to utilize available DSP registers.
INFO: [HLS 200-486] Changing DSP latency (root=add_ln443_7229) to 3 in order to utilize available DSP registers.
INFO: [HLS 200-486] Changing DSP latency (root=add_ln443_7228) to 3 in order to utilize available DSP registers.
INFO: [HLS 200-486] Changing DSP latency (root=add_ln443_7227) to 3 in order to utilize available DSP registers.
INFO: [HLS 200-486] Changing DSP latency (root=add_ln443_7225) to 3 in order to utilize available DSP registers.
INFO: [HLS 200-486] Changing DSP latency (root=add_ln443_7224) to 3 in order to utilize available DSP registers.
INFO: [HLS 200-486] Changing DSP latency (root=add_ln443_7220) to 3 in order to utilize available DSP registers.
INFO: [HLS 200-486] Changing DSP latency (root=add_ln443_7219) to 3 in order to utilize available DSP registers.
INFO: [HLS 200-486] Changing DSP latency (root=add_ln443_7218) to 3 in order to utilize available DSP registers.
INFO: [HLS 200-486] Changing DSP latency (root=add_ln443_7216) to 3 in order to utilize available DSP registers.
INFO: [HLS 200-486] Changing DSP latency (root=add_ln443_7215) to 3 in order to utilize available DSP registers.
INFO: [HLS 200-486] Changing DSP latency (root=add_ln443_7212) to 3 in order to utilize available DSP registers.
INFO: [HLS 200-486] Changing DSP latency (root=add_ln443_7211) to 3 in order to utilize available DSP registers.
INFO: [HLS 200-486] Changing DSP latency (root=add_ln443_7210) to 3 in order to utilize available DSP registers.
INFO: [HLS 200-486] Changing DSP latency (root=add_ln443_7208) to 3 in order to utilize available DSP registers.
INFO: [HLS 200-486] Changing DSP latency (root=add_ln443_7207) to 3 in order to utilize available DSP registers.
INFO: [HLS 200-486] Changing DSP latency (root=add_ln443_7203) to 3 in order to utilize available DSP registers.
INFO: [HLS 200-486] Changing DSP latency (root=add_ln443_7202) to 3 in order to utilize available DSP registers.
INFO: [HLS 200-486] Changing DSP latency (root=add_ln443_7201) to 3 in order to utilize available DSP registers.
INFO: [HLS 200-486] Changing DSP latency (root=add_ln443_7199) to 3 in order to utilize available DSP registers.
INFO: [HLS 200-486] Changing DSP latency (root=add_ln443_7198) to 3 in order to utilize available DSP registers.
INFO: [HLS 200-486] Changing DSP latency (root=add_ln443_7195) to 3 in order to utilize available DSP registers.
INFO: [HLS 200-486] Changing DSP latency (root=add_ln443_7194) to 3 in order to utilize available DSP registers.
INFO: [HLS 200-486] Changing DSP latency (root=add_ln443_7193) to 3 in order to utilize available DSP registers.
INFO: [HLS 200-486] Changing DSP latency (root=add_ln443_7191) to 3 in order to utilize available DSP registers.
INFO: [HLS 200-486] Changing DSP latency (root=add_ln443_7190) to 3 in order to utilize available DSP registers.
INFO: [HLS 200-486] Changing DSP latency (root=add_ln443_7186) to 3 in order to utilize available DSP registers.
INFO: [HLS 200-486] Changing DSP latency (root=add_ln443_7185) to 3 in order to utilize available DSP registers.
INFO: [HLS 200-486] Changing DSP latency (root=add_ln443_7184) to 3 in order to utilize available DSP registers.
INFO: [HLS 200-486] Changing DSP latency (root=add_ln443_7182) to 3 in order to utilize available DSP registers.
INFO: [HLS 200-486] Changing DSP latency (root=add_ln443_7181) to 3 in order to utilize available DSP registers.
INFO: [HLS 200-486] Changing DSP latency (root=add_ln443_7178) to 3 in order to utilize available DSP registers.
INFO: [HLS 200-486] Changing DSP latency (root=add_ln443_7177) to 3 in order to utilize available DSP registers.
INFO: [HLS 200-486] Changing DSP latency (root=add_ln443_7176) to 3 in order to utilize available DSP registers.
INFO: [HLS 200-486] Changing DSP latency (root=add_ln443_7174) to 3 in order to utilize available DSP registers.
INFO: [HLS 200-486] Changing DSP latency (root=add_ln443_7173) to 3 in order to utilize available DSP registers.
INFO: [HLS 200-486] Changing DSP latency (root=add_ln443_7169) to 3 in order to utilize available DSP registers.
INFO: [HLS 200-486] Changing DSP latency (root=add_ln443_7168) to 3 in order to utilize available DSP registers.
INFO: [HLS 200-486] Changing DSP latency (root=add_ln443_7167) to 3 in order to utilize available DSP registers.
INFO: [HLS 200-486] Changing DSP latency (root=add_ln443_7165) to 3 in order to utilize available DSP registers.
INFO: [HLS 200-486] Changing DSP latency (root=add_ln443_7164) to 3 in order to utilize available DSP registers.
INFO: [HLS 200-486] Changing DSP latency (root=add_ln443_7161) to 3 in order to utilize available DSP registers.
INFO: [HLS 200-486] Changing DSP latency (root=add_ln443_7160) to 3 in order to utilize available DSP registers.
INFO: [HLS 200-486] Changing DSP latency (root=add_ln443_7159) to 3 in order to utilize available DSP registers.
INFO: [HLS 200-486] Changing DSP latency (root=add_ln443_7157) to 3 in order to utilize available DSP registers.
INFO: [HLS 200-486] Changing DSP latency (root=add_ln443_7156) to 3 in order to utilize available DSP registers.
INFO: [HLS 200-486] Changing DSP latency (root=add_ln443_7152) to 3 in order to utilize available DSP registers.
INFO: [HLS 200-486] Changing DSP latency (root=add_ln443_7151) to 3 in order to utilize available DSP registers.
INFO: [HLS 200-486] Changing DSP latency (root=add_ln443_7150) to 3 in order to utilize available DSP registers.
INFO: [HLS 200-486] Changing DSP latency (root=add_ln443_7148) to 3 in order to utilize available DSP registers.
INFO: [HLS 200-486] Changing DSP latency (root=add_ln443_7147) to 3 in order to utilize available DSP registers.
INFO: [HLS 200-486] Changing DSP latency (root=add_ln443_7144) to 3 in order to utilize available DSP registers.
INFO: [HLS 200-486] Changing DSP latency (root=add_ln443_7143) to 3 in order to utilize available DSP registers.
INFO: [HLS 200-486] Changing DSP latency (root=add_ln443_7142) to 3 in order to utilize available DSP registers.
INFO: [HLS 200-486] Changing DSP latency (root=add_ln443_7140) to 3 in order to utilize available DSP registers.
INFO: [HLS 200-486] Changing DSP latency (root=add_ln443_7139) to 3 in order to utilize available DSP registers.
INFO: [HLS 200-486] Changing DSP latency (root=add_ln443_7135) to 3 in order to utilize available DSP registers.
INFO: [HLS 200-486] Changing DSP latency (root=add_ln443_7134) to 3 in order to utilize available DSP registers.
INFO: [HLS 200-486] Changing DSP latency (root=add_ln443_7133) to 3 in order to utilize available DSP registers.
INFO: [HLS 200-486] Changing DSP latency (root=add_ln443_7131) to 3 in order to utilize available DSP registers.
INFO: [HLS 200-486] Changing DSP latency (root=add_ln443_7130) to 3 in order to utilize available DSP registers.
INFO: [HLS 200-486] Changing DSP latency (root=add_ln443_7127) to 3 in order to utilize available DSP registers.
INFO: [HLS 200-486] Changing DSP latency (root=add_ln443_7126) to 3 in order to utilize available DSP registers.
INFO: [HLS 200-486] Changing DSP latency (root=add_ln443_7125) to 3 in order to utilize available DSP registers.
INFO: [HLS 200-486] Changing DSP latency (root=add_ln443_7123) to 3 in order to utilize available DSP registers.
INFO: [HLS 200-486] Changing DSP latency (root=add_ln443_7122) to 3 in order to utilize available DSP registers.
INFO: [HLS 200-486] Changing DSP latency (root=add_ln443_7118) to 3 in order to utilize available DSP registers.
INFO: [HLS 200-486] Changing DSP latency (root=add_ln443_7117) to 3 in order to utilize available DSP registers.
INFO: [HLS 200-486] Changing DSP latency (root=add_ln443_7116) to 3 in order to utilize available DSP registers.
INFO: [HLS 200-486] Changing DSP latency (root=add_ln443_7114) to 3 in order to utilize available DSP registers.
INFO: [HLS 200-486] Changing DSP latency (root=add_ln443_7113) to 3 in order to utilize available DSP registers.
INFO: [HLS 200-486] Changing DSP latency (root=add_ln443_7110) to 3 in order to utilize available DSP registers.
INFO: [HLS 200-486] Changing DSP latency (root=add_ln443_7109) to 3 in order to utilize available DSP registers.
INFO: [HLS 200-486] Changing DSP latency (root=add_ln443_7108) to 3 in order to utilize available DSP registers.
INFO: [HLS 200-486] Changing DSP latency (root=add_ln443_7106) to 3 in order to utilize available DSP registers.
INFO: [HLS 200-486] Changing DSP latency (root=add_ln443_7105) to 3 in order to utilize available DSP registers.
INFO: [HLS 200-486] Changing DSP latency (root=add_ln443_7101) to 3 in order to utilize available DSP registers.
INFO: [HLS 200-486] Changing DSP latency (root=add_ln443_7100) to 3 in order to utilize available DSP registers.
INFO: [HLS 200-486] Changing DSP latency (root=add_ln443_7099) to 3 in order to utilize available DSP registers.
INFO: [HLS 200-486] Changing DSP latency (root=add_ln443_7097) to 3 in order to utilize available DSP registers.
INFO: [HLS 200-486] Changing DSP latency (root=add_ln443_7096) to 3 in order to utilize available DSP registers.
INFO: [HLS 200-486] Changing DSP latency (root=add_ln443_7093) to 3 in order to utilize available DSP registers.
INFO: [HLS 200-486] Changing DSP latency (root=add_ln443_7092) to 3 in order to utilize available DSP registers.
INFO: [HLS 200-486] Changing DSP latency (root=add_ln443_7091) to 3 in order to utilize available DSP registers.
INFO: [HLS 200-486] Changing DSP latency (root=add_ln443_7089) to 3 in order to utilize available DSP registers.
INFO: [HLS 200-486] Changing DSP latency (root=add_ln443_7088) to 3 in order to utilize available DSP registers.
INFO: [HLS 200-486] Changing DSP latency (root=add_ln443_7084) to 3 in order to utilize available DSP registers.
INFO: [HLS 200-486] Changing DSP latency (root=add_ln443_7083) to 3 in order to utilize available DSP registers.
INFO: [HLS 200-486] Changing DSP latency (root=add_ln443_7082) to 3 in order to utilize available DSP registers.
INFO: [HLS 200-486] Changing DSP latency (root=add_ln443_7080) to 3 in order to utilize available DSP registers.
INFO: [HLS 200-486] Changing DSP latency (root=add_ln443_7079) to 3 in order to utilize available DSP registers.
INFO: [HLS 200-486] Changing DSP latency (root=add_ln443_7076) to 3 in order to utilize available DSP registers.
INFO: [HLS 200-486] Changing DSP latency (root=add_ln443_7075) to 3 in order to utilize available DSP registers.
INFO: [HLS 200-486] Changing DSP latency (root=add_ln443_7074) to 3 in order to utilize available DSP registers.
INFO: [HLS 200-486] Changing DSP latency (root=add_ln443_7072) to 3 in order to utilize available DSP registers.
INFO: [HLS 200-486] Changing DSP latency (root=add_ln443_7071) to 3 in order to utilize available DSP registers.
INFO: [HLS 200-486] Changing DSP latency (root=add_ln443_7067) to 3 in order to utilize available DSP registers.
INFO: [HLS 200-486] Changing DSP latency (root=add_ln443_7066) to 3 in order to utilize available DSP registers.
INFO: [HLS 200-486] Changing DSP latency (root=add_ln443_7065) to 3 in order to utilize available DSP registers.
INFO: [HLS 200-486] Changing DSP latency (root=add_ln443_7063) to 3 in order to utilize available DSP registers.
INFO: [HLS 200-486] Changing DSP latency (root=add_ln443_7062) to 3 in order to utilize available DSP registers.
INFO: [HLS 200-486] Changing DSP latency (root=add_ln443_7059) to 3 in order to utilize available DSP registers.
INFO: [HLS 200-486] Changing DSP latency (root=add_ln443_7058) to 3 in order to utilize available DSP registers.
INFO: [HLS 200-486] Changing DSP latency (root=add_ln443_7057) to 3 in order to utilize available DSP registers.
INFO: [HLS 200-486] Changing DSP latency (root=add_ln443_7055) to 3 in order to utilize available DSP registers.
INFO: [HLS 200-486] Changing DSP latency (root=add_ln443_7054) to 3 in order to utilize available DSP registers.
INFO: [HLS 200-486] Changing DSP latency (root=add_ln443_7050) to 3 in order to utilize available DSP registers.
INFO: [HLS 200-486] Changing DSP latency (root=add_ln443_7049) to 3 in order to utilize available DSP registers.
INFO: [HLS 200-486] Changing DSP latency (root=add_ln443_7048) to 3 in order to utilize available DSP registers.
INFO: [HLS 200-486] Changing DSP latency (root=add_ln443_7046) to 3 in order to utilize available DSP registers.
INFO: [HLS 200-486] Changing DSP latency (root=add_ln443_7045) to 3 in order to utilize available DSP registers.
INFO: [HLS 200-486] Changing DSP latency (root=add_ln443_7042) to 3 in order to utilize available DSP registers.
INFO: [HLS 200-486] Changing DSP latency (root=add_ln443_7041) to 3 in order to utilize available DSP registers.
INFO: [HLS 200-486] Changing DSP latency (root=add_ln443_7040) to 3 in order to utilize available DSP registers.
INFO: [HLS 200-486] Changing DSP latency (root=add_ln443_7038) to 3 in order to utilize available DSP registers.
INFO: [HLS 200-486] Changing DSP latency (root=add_ln443_7037) to 3 in order to utilize available DSP registers.
INFO: [HLS 200-486] Changing DSP latency (root=add_ln443_7033) to 3 in order to utilize available DSP registers.
INFO: [HLS 200-486] Changing DSP latency (root=add_ln443_7032) to 3 in order to utilize available DSP registers.
INFO: [HLS 200-486] Changing DSP latency (root=add_ln443_7031) to 3 in order to utilize available DSP registers.
INFO: [HLS 200-486] Changing DSP latency (root=add_ln443_7029) to 3 in order to utilize available DSP registers.
INFO: [HLS 200-486] Changing DSP latency (root=add_ln443_7028) to 3 in order to utilize available DSP registers.
INFO: [HLS 200-486] Changing DSP latency (root=add_ln443_7025) to 3 in order to utilize available DSP registers.
INFO: [HLS 200-486] Changing DSP latency (root=add_ln443_7024) to 3 in order to utilize available DSP registers.
INFO: [HLS 200-486] Changing DSP latency (root=add_ln443_7023) to 3 in order to utilize available DSP registers.
INFO: [HLS 200-486] Changing DSP latency (root=add_ln443_7021) to 3 in order to utilize available DSP registers.
INFO: [HLS 200-486] Changing DSP latency (root=add_ln443_7020) to 3 in order to utilize available DSP registers.
INFO: [HLS 200-486] Changing DSP latency (root=add_ln443_7016) to 3 in order to utilize available DSP registers.
INFO: [HLS 200-486] Changing DSP latency (root=add_ln443_7015) to 3 in order to utilize available DSP registers.
INFO: [HLS 200-486] Changing DSP latency (root=add_ln443_7014) to 3 in order to utilize available DSP registers.
INFO: [HLS 200-486] Changing DSP latency (root=add_ln443_7012) to 3 in order to utilize available DSP registers.
INFO: [HLS 200-486] Changing DSP latency (root=add_ln443_7011) to 3 in order to utilize available DSP registers.
INFO: [HLS 200-486] Changing DSP latency (root=add_ln443_7008) to 3 in order to utilize available DSP registers.
INFO: [HLS 200-486] Changing DSP latency (root=add_ln443_7007) to 3 in order to utilize available DSP registers.
INFO: [HLS 200-486] Changing DSP latency (root=add_ln443_7006) to 3 in order to utilize available DSP registers.
INFO: [HLS 200-486] Changing DSP latency (root=add_ln443_7004) to 3 in order to utilize available DSP registers.
INFO: [HLS 200-486] Changing DSP latency (root=add_ln443_7003) to 3 in order to utilize available DSP registers.
INFO: [HLS 200-486] Changing DSP latency (root=add_ln443_6999) to 3 in order to utilize available DSP registers.
INFO: [HLS 200-486] Changing DSP latency (root=add_ln443_6998) to 3 in order to utilize available DSP registers.
INFO: [HLS 200-486] Changing DSP latency (root=add_ln443_6997) to 3 in order to utilize available DSP registers.
INFO: [HLS 200-486] Changing DSP latency (root=add_ln443_6995) to 3 in order to utilize available DSP registers.
INFO: [HLS 200-486] Changing DSP latency (root=add_ln443_6994) to 3 in order to utilize available DSP registers.
INFO: [HLS 200-486] Changing DSP latency (root=add_ln443_6991) to 3 in order to utilize available DSP registers.
INFO: [HLS 200-486] Changing DSP latency (root=add_ln443_6990) to 3 in order to utilize available DSP registers.
INFO: [HLS 200-486] Changing DSP latency (root=add_ln443_6989) to 3 in order to utilize available DSP registers.
INFO: [HLS 200-486] Changing DSP latency (root=add_ln443_6987) to 3 in order to utilize available DSP registers.
INFO: [HLS 200-486] Changing DSP latency (root=add_ln443_6986) to 3 in order to utilize available DSP registers.
INFO: [HLS 200-486] Changing DSP latency (root=add_ln443_6982) to 3 in order to utilize available DSP registers.
INFO: [HLS 200-486] Changing DSP latency (root=add_ln443_6981) to 3 in order to utilize available DSP registers.
INFO: [HLS 200-486] Changing DSP latency (root=add_ln443_6980) to 3 in order to utilize available DSP registers.
INFO: [HLS 200-486] Changing DSP latency (root=add_ln443_6978) to 3 in order to utilize available DSP registers.
INFO: [HLS 200-486] Changing DSP latency (root=add_ln443_6977) to 3 in order to utilize available DSP registers.
INFO: [HLS 200-486] Changing DSP latency (root=add_ln443_6974) to 3 in order to utilize available DSP registers.
INFO: [HLS 200-486] Changing DSP latency (root=add_ln443_6973) to 3 in order to utilize available DSP registers.
INFO: [HLS 200-486] Changing DSP latency (root=add_ln443_6972) to 3 in order to utilize available DSP registers.
INFO: [HLS 200-486] Changing DSP latency (root=add_ln443_6970) to 3 in order to utilize available DSP registers.
INFO: [HLS 200-486] Changing DSP latency (root=add_ln443_6969) to 3 in order to utilize available DSP registers.
INFO: [HLS 200-486] Changing DSP latency (root=add_ln443_6965) to 3 in order to utilize available DSP registers.
INFO: [HLS 200-486] Changing DSP latency (root=add_ln443_6964) to 3 in order to utilize available DSP registers.
INFO: [HLS 200-486] Changing DSP latency (root=add_ln443_6963) to 3 in order to utilize available DSP registers.
INFO: [HLS 200-486] Changing DSP latency (root=add_ln443_6961) to 3 in order to utilize available DSP registers.
INFO: [HLS 200-486] Changing DSP latency (root=add_ln443_6960) to 3 in order to utilize available DSP registers.
INFO: [HLS 200-486] Changing DSP latency (root=add_ln443_6957) to 3 in order to utilize available DSP registers.
INFO: [HLS 200-486] Changing DSP latency (root=add_ln443_6956) to 3 in order to utilize available DSP registers.
INFO: [HLS 200-486] Changing DSP latency (root=add_ln443_6955) to 3 in order to utilize available DSP registers.
INFO: [HLS 200-486] Changing DSP latency (root=add_ln443_6953) to 3 in order to utilize available DSP registers.
INFO: [HLS 200-486] Changing DSP latency (root=add_ln443_6952) to 3 in order to utilize available DSP registers.
INFO: [HLS 200-486] Changing DSP latency (root=add_ln443_6948) to 3 in order to utilize available DSP registers.
INFO: [HLS 200-486] Changing DSP latency (root=add_ln443_6947) to 3 in order to utilize available DSP registers.
INFO: [HLS 200-486] Changing DSP latency (root=add_ln443_6946) to 3 in order to utilize available DSP registers.
INFO: [HLS 200-486] Changing DSP latency (root=add_ln443_6944) to 3 in order to utilize available DSP registers.
INFO: [HLS 200-486] Changing DSP latency (root=add_ln443_6943) to 3 in order to utilize available DSP registers.
INFO: [HLS 200-486] Changing DSP latency (root=add_ln443_6940) to 3 in order to utilize available DSP registers.
INFO: [HLS 200-486] Changing DSP latency (root=add_ln443_6939) to 3 in order to utilize available DSP registers.
INFO: [HLS 200-486] Changing DSP latency (root=add_ln443_6938) to 3 in order to utilize available DSP registers.
INFO: [HLS 200-486] Changing DSP latency (root=add_ln443_6936) to 3 in order to utilize available DSP registers.
INFO: [HLS 200-486] Changing DSP latency (root=add_ln443_6935) to 3 in order to utilize available DSP registers.
INFO: [HLS 200-486] Changing DSP latency (root=add_ln443_6931) to 3 in order to utilize available DSP registers.
INFO: [HLS 200-486] Changing DSP latency (root=add_ln443_6930) to 3 in order to utilize available DSP registers.
INFO: [HLS 200-486] Changing DSP latency (root=add_ln443_6929) to 3 in order to utilize available DSP registers.
INFO: [HLS 200-486] Changing DSP latency (root=add_ln443_6927) to 3 in order to utilize available DSP registers.
INFO: [HLS 200-486] Changing DSP latency (root=add_ln443_6926) to 3 in order to utilize available DSP registers.
INFO: [HLS 200-486] Changing DSP latency (root=add_ln443_6923) to 3 in order to utilize available DSP registers.
INFO: [HLS 200-486] Changing DSP latency (root=add_ln443_6922) to 3 in order to utilize available DSP registers.
INFO: [HLS 200-486] Changing DSP latency (root=add_ln443_6921) to 3 in order to utilize available DSP registers.
INFO: [HLS 200-486] Changing DSP latency (root=add_ln443_6919) to 3 in order to utilize available DSP registers.
INFO: [HLS 200-486] Changing DSP latency (root=add_ln443_6918) to 3 in order to utilize available DSP registers.
INFO: [HLS 200-486] Changing DSP latency (root=add_ln443_6914) to 3 in order to utilize available DSP registers.
INFO: [HLS 200-486] Changing DSP latency (root=add_ln443_6913) to 3 in order to utilize available DSP registers.
INFO: [HLS 200-486] Changing DSP latency (root=add_ln443_6912) to 3 in order to utilize available DSP registers.
INFO: [HLS 200-486] Changing DSP latency (root=add_ln443_6910) to 3 in order to utilize available DSP registers.
INFO: [HLS 200-486] Changing DSP latency (root=add_ln443_6909) to 3 in order to utilize available DSP registers.
INFO: [HLS 200-486] Changing DSP latency (root=add_ln443_6906) to 3 in order to utilize available DSP registers.
INFO: [HLS 200-486] Changing DSP latency (root=add_ln443_6905) to 3 in order to utilize available DSP registers.
INFO: [HLS 200-486] Changing DSP latency (root=add_ln443_6904) to 3 in order to utilize available DSP registers.
INFO: [HLS 200-486] Changing DSP latency (root=add_ln443_6902) to 3 in order to utilize available DSP registers.
INFO: [HLS 200-486] Changing DSP latency (root=add_ln443_6901) to 3 in order to utilize available DSP registers.
INFO: [HLS 200-486] Changing DSP latency (root=add_ln443_6897) to 3 in order to utilize available DSP registers.
INFO: [HLS 200-486] Changing DSP latency (root=add_ln443_6896) to 3 in order to utilize available DSP registers.
INFO: [HLS 200-486] Changing DSP latency (root=add_ln443_6895) to 3 in order to utilize available DSP registers.
INFO: [HLS 200-486] Changing DSP latency (root=add_ln443_6893) to 3 in order to utilize available DSP registers.
INFO: [HLS 200-486] Changing DSP latency (root=add_ln443_6892) to 3 in order to utilize available DSP registers.
INFO: [HLS 200-486] Changing DSP latency (root=add_ln443_6889) to 3 in order to utilize available DSP registers.
INFO: [HLS 200-486] Changing DSP latency (root=add_ln443_6888) to 3 in order to utilize available DSP registers.
INFO: [HLS 200-486] Changing DSP latency (root=add_ln443_6887) to 3 in order to utilize available DSP registers.
INFO: [HLS 200-486] Changing DSP latency (root=add_ln443_6885) to 3 in order to utilize available DSP registers.
INFO: [HLS 200-486] Changing DSP latency (root=add_ln443_6884) to 3 in order to utilize available DSP registers.
INFO: [HLS 200-486] Changing DSP latency (root=add_ln443_6880) to 3 in order to utilize available DSP registers.
INFO: [HLS 200-486] Changing DSP latency (root=add_ln443_6879) to 3 in order to utilize available DSP registers.
INFO: [HLS 200-486] Changing DSP latency (root=add_ln443_6878) to 3 in order to utilize available DSP registers.
INFO: [HLS 200-486] Changing DSP latency (root=add_ln443_6876) to 3 in order to utilize available DSP registers.
INFO: [HLS 200-486] Changing DSP latency (root=add_ln443_6875) to 3 in order to utilize available DSP registers.
INFO: [HLS 200-486] Changing DSP latency (root=add_ln443_6872) to 3 in order to utilize available DSP registers.
INFO: [HLS 200-486] Changing DSP latency (root=add_ln443_6871) to 3 in order to utilize available DSP registers.
INFO: [HLS 200-486] Changing DSP latency (root=add_ln443_6870) to 3 in order to utilize available DSP registers.
INFO: [HLS 200-486] Changing DSP latency (root=add_ln443_6868) to 3 in order to utilize available DSP registers.
INFO: [HLS 200-486] Changing DSP latency (root=add_ln443_6867) to 3 in order to utilize available DSP registers.
INFO: [HLS 200-486] Changing DSP latency (root=add_ln443_6863) to 3 in order to utilize available DSP registers.
INFO: [HLS 200-486] Changing DSP latency (root=add_ln443_6862) to 3 in order to utilize available DSP registers.
INFO: [HLS 200-486] Changing DSP latency (root=add_ln443_6861) to 3 in order to utilize available DSP registers.
INFO: [HLS 200-486] Changing DSP latency (root=add_ln443_6859) to 3 in order to utilize available DSP registers.
INFO: [HLS 200-486] Changing DSP latency (root=add_ln443_6858) to 3 in order to utilize available DSP registers.
INFO: [HLS 200-486] Changing DSP latency (root=add_ln443_6855) to 3 in order to utilize available DSP registers.
INFO: [HLS 200-486] Changing DSP latency (root=add_ln443_6854) to 3 in order to utilize available DSP registers.
INFO: [HLS 200-486] Changing DSP latency (root=add_ln443_6853) to 3 in order to utilize available DSP registers.
INFO: [HLS 200-486] Changing DSP latency (root=add_ln443_6851) to 3 in order to utilize available DSP registers.
INFO: [HLS 200-486] Changing DSP latency (root=add_ln443_6850) to 3 in order to utilize available DSP registers.
INFO: [HLS 200-486] Changing DSP latency (root=add_ln443_6846) to 3 in order to utilize available DSP registers.
INFO: [HLS 200-486] Changing DSP latency (root=add_ln443_6845) to 3 in order to utilize available DSP registers.
INFO: [HLS 200-486] Changing DSP latency (root=add_ln443_6844) to 3 in order to utilize available DSP registers.
INFO: [HLS 200-486] Changing DSP latency (root=add_ln443_6842) to 3 in order to utilize available DSP registers.
INFO: [HLS 200-486] Changing DSP latency (root=add_ln443_6841) to 3 in order to utilize available DSP registers.
INFO: [HLS 200-486] Changing DSP latency (root=add_ln443_6838) to 3 in order to utilize available DSP registers.
INFO: [HLS 200-486] Changing DSP latency (root=add_ln443_6837) to 3 in order to utilize available DSP registers.
INFO: [HLS 200-486] Changing DSP latency (root=add_ln443_6836) to 3 in order to utilize available DSP registers.
INFO: [HLS 200-486] Changing DSP latency (root=add_ln443_6834) to 3 in order to utilize available DSP registers.
INFO: [HLS 200-486] Changing DSP latency (root=add_ln443_6833) to 3 in order to utilize available DSP registers.
INFO: [HLS 200-486] Changing DSP latency (root=add_ln443_6829) to 3 in order to utilize available DSP registers.
INFO: [HLS 200-486] Changing DSP latency (root=add_ln443_6828) to 3 in order to utilize available DSP registers.
INFO: [HLS 200-486] Changing DSP latency (root=add_ln443_6827) to 3 in order to utilize available DSP registers.
INFO: [HLS 200-486] Changing DSP latency (root=add_ln443_6825) to 3 in order to utilize available DSP registers.
INFO: [HLS 200-486] Changing DSP latency (root=add_ln443_6824) to 3 in order to utilize available DSP registers.
INFO: [HLS 200-486] Changing DSP latency (root=add_ln443_6821) to 3 in order to utilize available DSP registers.
INFO: [HLS 200-486] Changing DSP latency (root=add_ln443_6820) to 3 in order to utilize available DSP registers.
INFO: [HLS 200-486] Changing DSP latency (root=add_ln443_6819) to 3 in order to utilize available DSP registers.
INFO: [HLS 200-486] Changing DSP latency (root=add_ln443_6817) to 3 in order to utilize available DSP registers.
INFO: [HLS 200-486] Changing DSP latency (root=add_ln443_6816) to 3 in order to utilize available DSP registers.
INFO: [HLS 200-486] Changing DSP latency (root=add_ln443_6812) to 3 in order to utilize available DSP registers.
INFO: [HLS 200-486] Changing DSP latency (root=add_ln443_6811) to 3 in order to utilize available DSP registers.
INFO: [HLS 200-486] Changing DSP latency (root=add_ln443_6810) to 3 in order to utilize available DSP registers.
INFO: [HLS 200-486] Changing DSP latency (root=add_ln443_6808) to 3 in order to utilize available DSP registers.
INFO: [HLS 200-486] Changing DSP latency (root=add_ln443_6807) to 3 in order to utilize available DSP registers.
INFO: [HLS 200-486] Changing DSP latency (root=add_ln443_6804) to 3 in order to utilize available DSP registers.
INFO: [HLS 200-486] Changing DSP latency (root=add_ln443_6803) to 3 in order to utilize available DSP registers.
INFO: [HLS 200-486] Changing DSP latency (root=add_ln443_6802) to 3 in order to utilize available DSP registers.
INFO: [HLS 200-486] Changing DSP latency (root=add_ln443_6800) to 3 in order to utilize available DSP registers.
INFO: [HLS 200-486] Changing DSP latency (root=add_ln443_6799) to 3 in order to utilize available DSP registers.
INFO: [HLS 200-486] Changing DSP latency (root=add_ln443_6795) to 3 in order to utilize available DSP registers.
INFO: [HLS 200-486] Changing DSP latency (root=add_ln443_6794) to 3 in order to utilize available DSP registers.
INFO: [HLS 200-486] Changing DSP latency (root=add_ln443_6793) to 3 in order to utilize available DSP registers.
INFO: [HLS 200-486] Changing DSP latency (root=add_ln443_6791) to 3 in order to utilize available DSP registers.
INFO: [HLS 200-486] Changing DSP latency (root=add_ln443_6790) to 3 in order to utilize available DSP registers.
INFO: [HLS 200-486] Changing DSP latency (root=add_ln443_6787) to 3 in order to utilize available DSP registers.
INFO: [HLS 200-486] Changing DSP latency (root=add_ln443_6786) to 3 in order to utilize available DSP registers.
INFO: [HLS 200-486] Changing DSP latency (root=add_ln443_6785) to 3 in order to utilize available DSP registers.
INFO: [HLS 200-486] Changing DSP latency (root=add_ln443_6783) to 3 in order to utilize available DSP registers.
INFO: [HLS 200-486] Changing DSP latency (root=add_ln443_6782) to 3 in order to utilize available DSP registers.
INFO: [HLS 200-486] Changing DSP latency (root=add_ln443_6778) to 3 in order to utilize available DSP registers.
INFO: [HLS 200-486] Changing DSP latency (root=add_ln443_6777) to 3 in order to utilize available DSP registers.
INFO: [HLS 200-486] Changing DSP latency (root=add_ln443_6776) to 3 in order to utilize available DSP registers.
INFO: [HLS 200-486] Changing DSP latency (root=add_ln443_6774) to 3 in order to utilize available DSP registers.
INFO: [HLS 200-486] Changing DSP latency (root=add_ln443_6773) to 3 in order to utilize available DSP registers.
INFO: [HLS 200-486] Changing DSP latency (root=add_ln443_6770) to 3 in order to utilize available DSP registers.
INFO: [HLS 200-486] Changing DSP latency (root=add_ln443_6769) to 3 in order to utilize available DSP registers.
INFO: [HLS 200-486] Changing DSP latency (root=add_ln443_6768) to 3 in order to utilize available DSP registers.
INFO: [HLS 200-486] Changing DSP latency (root=add_ln443_6766) to 3 in order to utilize available DSP registers.
INFO: [HLS 200-486] Changing DSP latency (root=add_ln443_6765) to 3 in order to utilize available DSP registers.
INFO: [HLS 200-486] Changing DSP latency (root=add_ln443_6761) to 3 in order to utilize available DSP registers.
INFO: [HLS 200-486] Changing DSP latency (root=add_ln443_6760) to 3 in order to utilize available DSP registers.
INFO: [HLS 200-486] Changing DSP latency (root=add_ln443_6759) to 3 in order to utilize available DSP registers.
INFO: [HLS 200-486] Changing DSP latency (root=add_ln443_6757) to 3 in order to utilize available DSP registers.
INFO: [HLS 200-486] Changing DSP latency (root=add_ln443_6756) to 3 in order to utilize available DSP registers.
INFO: [HLS 200-486] Changing DSP latency (root=add_ln443_6753) to 3 in order to utilize available DSP registers.
INFO: [HLS 200-486] Changing DSP latency (root=add_ln443_6752) to 3 in order to utilize available DSP registers.
INFO: [HLS 200-486] Changing DSP latency (root=add_ln443_6751) to 3 in order to utilize available DSP registers.
INFO: [HLS 200-486] Changing DSP latency (root=add_ln443_6749) to 3 in order to utilize available DSP registers.
INFO: [HLS 200-486] Changing DSP latency (root=add_ln443_6748) to 3 in order to utilize available DSP registers.
INFO: [HLS 200-486] Changing DSP latency (root=add_ln443_6744) to 3 in order to utilize available DSP registers.
INFO: [HLS 200-486] Changing DSP latency (root=add_ln443_6743) to 3 in order to utilize available DSP registers.
INFO: [HLS 200-486] Changing DSP latency (root=add_ln443_6742) to 3 in order to utilize available DSP registers.
INFO: [HLS 200-486] Changing DSP latency (root=add_ln443_6740) to 3 in order to utilize available DSP registers.
INFO: [HLS 200-486] Changing DSP latency (root=add_ln443_6739) to 3 in order to utilize available DSP registers.
INFO: [HLS 200-486] Changing DSP latency (root=add_ln443_6736) to 3 in order to utilize available DSP registers.
INFO: [HLS 200-486] Changing DSP latency (root=add_ln443_6735) to 3 in order to utilize available DSP registers.
INFO: [HLS 200-486] Changing DSP latency (root=add_ln443_6734) to 3 in order to utilize available DSP registers.
INFO: [HLS 200-486] Changing DSP latency (root=add_ln443_6732) to 3 in order to utilize available DSP registers.
INFO: [HLS 200-486] Changing DSP latency (root=add_ln443_6731) to 3 in order to utilize available DSP registers.
INFO: [HLS 200-486] Changing DSP latency (root=add_ln443_6727) to 3 in order to utilize available DSP registers.
INFO: [HLS 200-486] Changing DSP latency (root=add_ln443_6726) to 3 in order to utilize available DSP registers.
INFO: [HLS 200-486] Changing DSP latency (root=add_ln443_6725) to 3 in order to utilize available DSP registers.
INFO: [HLS 200-486] Changing DSP latency (root=add_ln443_6723) to 3 in order to utilize available DSP registers.
INFO: [HLS 200-486] Changing DSP latency (root=add_ln443_6722) to 3 in order to utilize available DSP registers.
INFO: [HLS 200-486] Changing DSP latency (root=add_ln443_6719) to 3 in order to utilize available DSP registers.
INFO: [HLS 200-486] Changing DSP latency (root=add_ln443_6718) to 3 in order to utilize available DSP registers.
INFO: [HLS 200-486] Changing DSP latency (root=add_ln443_6717) to 3 in order to utilize available DSP registers.
INFO: [HLS 200-486] Changing DSP latency (root=add_ln443_6715) to 3 in order to utilize available DSP registers.
INFO: [HLS 200-486] Changing DSP latency (root=add_ln443_6714) to 3 in order to utilize available DSP registers.
INFO: [HLS 200-486] Changing DSP latency (root=add_ln443_6710) to 3 in order to utilize available DSP registers.
INFO: [HLS 200-486] Changing DSP latency (root=add_ln443_6709) to 3 in order to utilize available DSP registers.
INFO: [HLS 200-486] Changing DSP latency (root=add_ln443_6708) to 3 in order to utilize available DSP registers.
INFO: [HLS 200-486] Changing DSP latency (root=add_ln443_6706) to 3 in order to utilize available DSP registers.
INFO: [HLS 200-486] Changing DSP latency (root=add_ln443_6705) to 3 in order to utilize available DSP registers.
INFO: [HLS 200-486] Changing DSP latency (root=add_ln443_6702) to 3 in order to utilize available DSP registers.
INFO: [HLS 200-486] Changing DSP latency (root=add_ln443_6701) to 3 in order to utilize available DSP registers.
INFO: [HLS 200-486] Changing DSP latency (root=add_ln443_6700) to 3 in order to utilize available DSP registers.
INFO: [HLS 200-486] Changing DSP latency (root=add_ln443_6698) to 3 in order to utilize available DSP registers.
INFO: [HLS 200-486] Changing DSP latency (root=add_ln443_6697) to 3 in order to utilize available DSP registers.
INFO: [HLS 200-486] Changing DSP latency (root=add_ln443_6693) to 3 in order to utilize available DSP registers.
INFO: [HLS 200-486] Changing DSP latency (root=add_ln443_6692) to 3 in order to utilize available DSP registers.
INFO: [HLS 200-486] Changing DSP latency (root=add_ln443_6691) to 3 in order to utilize available DSP registers.
INFO: [HLS 200-486] Changing DSP latency (root=add_ln443_6689) to 3 in order to utilize available DSP registers.
INFO: [HLS 200-486] Changing DSP latency (root=add_ln443_6688) to 3 in order to utilize available DSP registers.
INFO: [HLS 200-486] Changing DSP latency (root=add_ln443_6685) to 3 in order to utilize available DSP registers.
INFO: [HLS 200-486] Changing DSP latency (root=add_ln443_6684) to 3 in order to utilize available DSP registers.
INFO: [HLS 200-486] Changing DSP latency (root=add_ln443_6683) to 3 in order to utilize available DSP registers.
INFO: [HLS 200-486] Changing DSP latency (root=add_ln443_6681) to 3 in order to utilize available DSP registers.
INFO: [HLS 200-486] Changing DSP latency (root=add_ln443_6680) to 3 in order to utilize available DSP registers.
INFO: [HLS 200-486] Changing DSP latency (root=add_ln443_6676) to 3 in order to utilize available DSP registers.
INFO: [HLS 200-486] Changing DSP latency (root=add_ln443_6675) to 3 in order to utilize available DSP registers.
INFO: [HLS 200-486] Changing DSP latency (root=add_ln443_6674) to 3 in order to utilize available DSP registers.
INFO: [HLS 200-486] Changing DSP latency (root=add_ln443_6672) to 3 in order to utilize available DSP registers.
INFO: [HLS 200-486] Changing DSP latency (root=add_ln443_6671) to 3 in order to utilize available DSP registers.
INFO: [HLS 200-486] Changing DSP latency (root=add_ln443_6668) to 3 in order to utilize available DSP registers.
INFO: [HLS 200-486] Changing DSP latency (root=add_ln443_6667) to 3 in order to utilize available DSP registers.
INFO: [HLS 200-486] Changing DSP latency (root=add_ln443_6666) to 3 in order to utilize available DSP registers.
INFO: [HLS 200-486] Changing DSP latency (root=add_ln443_6664) to 3 in order to utilize available DSP registers.
INFO: [HLS 200-486] Changing DSP latency (root=add_ln443_6663) to 3 in order to utilize available DSP registers.
INFO: [HLS 200-486] Changing DSP latency (root=add_ln443_6659) to 3 in order to utilize available DSP registers.
INFO: [HLS 200-486] Changing DSP latency (root=add_ln443_6658) to 3 in order to utilize available DSP registers.
INFO: [HLS 200-486] Changing DSP latency (root=add_ln443_6657) to 3 in order to utilize available DSP registers.
INFO: [HLS 200-486] Changing DSP latency (root=add_ln443_6655) to 3 in order to utilize available DSP registers.
INFO: [HLS 200-486] Changing DSP latency (root=add_ln443_6654) to 3 in order to utilize available DSP registers.
INFO: [HLS 200-486] Changing DSP latency (root=add_ln443_6651) to 3 in order to utilize available DSP registers.
INFO: [HLS 200-486] Changing DSP latency (root=add_ln443_6650) to 3 in order to utilize available DSP registers.
INFO: [HLS 200-486] Changing DSP latency (root=add_ln443_6649) to 3 in order to utilize available DSP registers.
INFO: [HLS 200-486] Changing DSP latency (root=add_ln443_6647) to 3 in order to utilize available DSP registers.
INFO: [HLS 200-486] Changing DSP latency (root=add_ln443_6646) to 3 in order to utilize available DSP registers.
INFO: [HLS 200-486] Changing DSP latency (root=add_ln443_6642) to 3 in order to utilize available DSP registers.
INFO: [HLS 200-486] Changing DSP latency (root=add_ln443_6641) to 3 in order to utilize available DSP registers.
INFO: [HLS 200-486] Changing DSP latency (root=add_ln443_6640) to 3 in order to utilize available DSP registers.
INFO: [HLS 200-486] Changing DSP latency (root=add_ln443_6638) to 3 in order to utilize available DSP registers.
INFO: [HLS 200-486] Changing DSP latency (root=add_ln443_6637) to 3 in order to utilize available DSP registers.
INFO: [HLS 200-486] Changing DSP latency (root=add_ln443_6634) to 3 in order to utilize available DSP registers.
INFO: [HLS 200-486] Changing DSP latency (root=add_ln443_6633) to 3 in order to utilize available DSP registers.
INFO: [HLS 200-486] Changing DSP latency (root=add_ln443_6632) to 3 in order to utilize available DSP registers.
INFO: [HLS 200-486] Changing DSP latency (root=add_ln443_6630) to 3 in order to utilize available DSP registers.
INFO: [HLS 200-486] Changing DSP latency (root=add_ln443_6629) to 3 in order to utilize available DSP registers.
INFO: [HLS 200-486] Changing DSP latency (root=add_ln443_6625) to 3 in order to utilize available DSP registers.
INFO: [HLS 200-486] Changing DSP latency (root=add_ln443_6624) to 3 in order to utilize available DSP registers.
INFO: [HLS 200-486] Changing DSP latency (root=add_ln443_6623) to 3 in order to utilize available DSP registers.
INFO: [HLS 200-486] Changing DSP latency (root=add_ln443_6621) to 3 in order to utilize available DSP registers.
INFO: [HLS 200-486] Changing DSP latency (root=add_ln443_6620) to 3 in order to utilize available DSP registers.
INFO: [HLS 200-486] Changing DSP latency (root=add_ln443_6617) to 3 in order to utilize available DSP registers.
INFO: [HLS 200-486] Changing DSP latency (root=add_ln443_6616) to 3 in order to utilize available DSP registers.
INFO: [HLS 200-486] Changing DSP latency (root=add_ln443_6615) to 3 in order to utilize available DSP registers.
INFO: [HLS 200-486] Changing DSP latency (root=add_ln443_6613) to 3 in order to utilize available DSP registers.
INFO: [HLS 200-486] Changing DSP latency (root=add_ln443_6612) to 3 in order to utilize available DSP registers.
INFO: [HLS 200-486] Changing DSP latency (root=add_ln443_6608) to 3 in order to utilize available DSP registers.
INFO: [HLS 200-486] Changing DSP latency (root=add_ln443_6607) to 3 in order to utilize available DSP registers.
INFO: [HLS 200-486] Changing DSP latency (root=add_ln443_6606) to 3 in order to utilize available DSP registers.
INFO: [HLS 200-486] Changing DSP latency (root=add_ln443_6604) to 3 in order to utilize available DSP registers.
INFO: [HLS 200-486] Changing DSP latency (root=add_ln443_6603) to 3 in order to utilize available DSP registers.
INFO: [HLS 200-486] Changing DSP latency (root=add_ln443_6600) to 3 in order to utilize available DSP registers.
INFO: [HLS 200-486] Changing DSP latency (root=add_ln443_6599) to 3 in order to utilize available DSP registers.
INFO: [HLS 200-486] Changing DSP latency (root=add_ln443_6598) to 3 in order to utilize available DSP registers.
INFO: [HLS 200-486] Changing DSP latency (root=add_ln443_6596) to 3 in order to utilize available DSP registers.
INFO: [HLS 200-486] Changing DSP latency (root=add_ln443_6595) to 3 in order to utilize available DSP registers.
INFO: [HLS 200-486] Changing DSP latency (root=add_ln443_6591) to 3 in order to utilize available DSP registers.
INFO: [HLS 200-486] Changing DSP latency (root=add_ln443_6590) to 3 in order to utilize available DSP registers.
INFO: [HLS 200-486] Changing DSP latency (root=add_ln443_6589) to 3 in order to utilize available DSP registers.
INFO: [HLS 200-486] Changing DSP latency (root=add_ln443_6587) to 3 in order to utilize available DSP registers.
INFO: [HLS 200-486] Changing DSP latency (root=add_ln443_6586) to 3 in order to utilize available DSP registers.
INFO: [HLS 200-486] Changing DSP latency (root=add_ln443_6583) to 3 in order to utilize available DSP registers.
INFO: [HLS 200-486] Changing DSP latency (root=add_ln443_6582) to 3 in order to utilize available DSP registers.
INFO: [HLS 200-486] Changing DSP latency (root=add_ln443_6581) to 3 in order to utilize available DSP registers.
INFO: [HLS 200-486] Changing DSP latency (root=add_ln443_6579) to 3 in order to utilize available DSP registers.
INFO: [HLS 200-486] Changing DSP latency (root=add_ln443_6578) to 3 in order to utilize available DSP registers.
INFO: [HLS 200-486] Changing DSP latency (root=add_ln443_6574) to 3 in order to utilize available DSP registers.
INFO: [HLS 200-486] Changing DSP latency (root=add_ln443_6573) to 3 in order to utilize available DSP registers.
INFO: [HLS 200-486] Changing DSP latency (root=add_ln443_6572) to 3 in order to utilize available DSP registers.
INFO: [HLS 200-486] Changing DSP latency (root=add_ln443_6570) to 3 in order to utilize available DSP registers.
INFO: [HLS 200-486] Changing DSP latency (root=add_ln443_6569) to 3 in order to utilize available DSP registers.
INFO: [HLS 200-486] Changing DSP latency (root=add_ln443_6566) to 3 in order to utilize available DSP registers.
INFO: [HLS 200-486] Changing DSP latency (root=add_ln443_6565) to 3 in order to utilize available DSP registers.
INFO: [HLS 200-486] Changing DSP latency (root=add_ln443_6564) to 3 in order to utilize available DSP registers.
INFO: [HLS 200-486] Changing DSP latency (root=add_ln443_6562) to 3 in order to utilize available DSP registers.
INFO: [HLS 200-486] Changing DSP latency (root=add_ln443_6561) to 3 in order to utilize available DSP registers.
INFO: [HLS 200-486] Changing DSP latency (root=add_ln443_6557) to 3 in order to utilize available DSP registers.
INFO: [HLS 200-486] Changing DSP latency (root=add_ln443_6556) to 3 in order to utilize available DSP registers.
INFO: [HLS 200-486] Changing DSP latency (root=add_ln443_6555) to 3 in order to utilize available DSP registers.
INFO: [HLS 200-486] Changing DSP latency (root=add_ln443_6553) to 3 in order to utilize available DSP registers.
INFO: [HLS 200-486] Changing DSP latency (root=add_ln443_6552) to 3 in order to utilize available DSP registers.
INFO: [HLS 200-486] Changing DSP latency (root=add_ln443_6549) to 3 in order to utilize available DSP registers.
INFO: [HLS 200-486] Changing DSP latency (root=add_ln443_6548) to 3 in order to utilize available DSP registers.
INFO: [HLS 200-486] Changing DSP latency (root=add_ln443_6547) to 3 in order to utilize available DSP registers.
INFO: [HLS 200-486] Changing DSP latency (root=add_ln443_6545) to 3 in order to utilize available DSP registers.
INFO: [HLS 200-486] Changing DSP latency (root=add_ln443_6544) to 3 in order to utilize available DSP registers.
INFO: [HLS 200-486] Changing DSP latency (root=add_ln443_6540) to 3 in order to utilize available DSP registers.
INFO: [HLS 200-486] Changing DSP latency (root=add_ln443_6539) to 3 in order to utilize available DSP registers.
INFO: [HLS 200-486] Changing DSP latency (root=add_ln443_6538) to 3 in order to utilize available DSP registers.
INFO: [HLS 200-486] Changing DSP latency (root=add_ln443_6536) to 3 in order to utilize available DSP registers.
INFO: [HLS 200-486] Changing DSP latency (root=add_ln443_6535) to 3 in order to utilize available DSP registers.
INFO: [HLS 200-486] Changing DSP latency (root=add_ln443_6532) to 3 in order to utilize available DSP registers.
INFO: [HLS 200-486] Changing DSP latency (root=add_ln443_6531) to 3 in order to utilize available DSP registers.
INFO: [HLS 200-486] Changing DSP latency (root=add_ln443_6530) to 3 in order to utilize available DSP registers.
INFO: [HLS 200-486] Changing DSP latency (root=add_ln443_6528) to 3 in order to utilize available DSP registers.
INFO: [HLS 200-486] Changing DSP latency (root=add_ln443_6527) to 3 in order to utilize available DSP registers.
INFO: [HLS 200-486] Changing DSP latency (root=add_ln443_6523) to 3 in order to utilize available DSP registers.
INFO: [HLS 200-486] Changing DSP latency (root=add_ln443_6522) to 3 in order to utilize available DSP registers.
INFO: [HLS 200-486] Changing DSP latency (root=add_ln443_6521) to 3 in order to utilize available DSP registers.
INFO: [HLS 200-486] Changing DSP latency (root=add_ln443_6519) to 3 in order to utilize available DSP registers.
INFO: [HLS 200-486] Changing DSP latency (root=add_ln443_6518) to 3 in order to utilize available DSP registers.
INFO: [HLS 200-486] Changing DSP latency (root=add_ln443_6515) to 3 in order to utilize available DSP registers.
INFO: [HLS 200-486] Changing DSP latency (root=add_ln443_6514) to 3 in order to utilize available DSP registers.
INFO: [HLS 200-486] Changing DSP latency (root=add_ln443_6513) to 3 in order to utilize available DSP registers.
INFO: [HLS 200-486] Changing DSP latency (root=add_ln443_6511) to 3 in order to utilize available DSP registers.
INFO: [HLS 200-486] Changing DSP latency (root=add_ln443_6510) to 3 in order to utilize available DSP registers.
INFO: [HLS 200-486] Changing DSP latency (root=add_ln443_6506) to 3 in order to utilize available DSP registers.
INFO: [HLS 200-486] Changing DSP latency (root=add_ln443_6505) to 3 in order to utilize available DSP registers.
INFO: [HLS 200-486] Changing DSP latency (root=add_ln443_6504) to 3 in order to utilize available DSP registers.
INFO: [HLS 200-486] Changing DSP latency (root=add_ln443_6502) to 3 in order to utilize available DSP registers.
INFO: [HLS 200-486] Changing DSP latency (root=add_ln443_6501) to 3 in order to utilize available DSP registers.
INFO: [HLS 200-486] Changing DSP latency (root=add_ln443_6498) to 3 in order to utilize available DSP registers.
INFO: [HLS 200-486] Changing DSP latency (root=add_ln443_6497) to 3 in order to utilize available DSP registers.
INFO: [HLS 200-486] Changing DSP latency (root=add_ln443_6496) to 3 in order to utilize available DSP registers.
INFO: [HLS 200-486] Changing DSP latency (root=add_ln443_6494) to 3 in order to utilize available DSP registers.
INFO: [HLS 200-486] Changing DSP latency (root=add_ln443_6493) to 3 in order to utilize available DSP registers.
INFO: [HLS 200-486] Changing DSP latency (root=add_ln443_6489) to 3 in order to utilize available DSP registers.
INFO: [HLS 200-486] Changing DSP latency (root=add_ln443_6488) to 3 in order to utilize available DSP registers.
INFO: [HLS 200-486] Changing DSP latency (root=add_ln443_6487) to 3 in order to utilize available DSP registers.
INFO: [HLS 200-486] Changing DSP latency (root=add_ln443_6485) to 3 in order to utilize available DSP registers.
INFO: [HLS 200-486] Changing DSP latency (root=add_ln443_6484) to 3 in order to utilize available DSP registers.
INFO: [HLS 200-486] Changing DSP latency (root=add_ln443_6481) to 3 in order to utilize available DSP registers.
INFO: [HLS 200-486] Changing DSP latency (root=add_ln443_6480) to 3 in order to utilize available DSP registers.
INFO: [HLS 200-486] Changing DSP latency (root=add_ln443_6479) to 3 in order to utilize available DSP registers.
INFO: [HLS 200-486] Changing DSP latency (root=add_ln443_6477) to 3 in order to utilize available DSP registers.
INFO: [HLS 200-486] Changing DSP latency (root=add_ln443_6476) to 3 in order to utilize available DSP registers.
INFO: [HLS 200-486] Changing DSP latency (root=add_ln443_6472) to 3 in order to utilize available DSP registers.
INFO: [HLS 200-486] Changing DSP latency (root=add_ln443_6471) to 3 in order to utilize available DSP registers.
INFO: [HLS 200-486] Changing DSP latency (root=add_ln443_6470) to 3 in order to utilize available DSP registers.
INFO: [HLS 200-486] Changing DSP latency (root=add_ln443_6468) to 3 in order to utilize available DSP registers.
INFO: [HLS 200-486] Changing DSP latency (root=add_ln443_6467) to 3 in order to utilize available DSP registers.
INFO: [HLS 200-486] Changing DSP latency (root=add_ln443_6464) to 3 in order to utilize available DSP registers.
INFO: [HLS 200-486] Changing DSP latency (root=add_ln443_6463) to 3 in order to utilize available DSP registers.
INFO: [HLS 200-486] Changing DSP latency (root=add_ln443_6462) to 3 in order to utilize available DSP registers.
INFO: [HLS 200-486] Changing DSP latency (root=add_ln443_6460) to 3 in order to utilize available DSP registers.
INFO: [HLS 200-486] Changing DSP latency (root=add_ln443_6459) to 3 in order to utilize available DSP registers.
INFO: [HLS 200-486] Changing DSP latency (root=add_ln443_6455) to 3 in order to utilize available DSP registers.
INFO: [HLS 200-486] Changing DSP latency (root=add_ln443_6454) to 3 in order to utilize available DSP registers.
INFO: [HLS 200-486] Changing DSP latency (root=add_ln443_6453) to 3 in order to utilize available DSP registers.
INFO: [HLS 200-486] Changing DSP latency (root=add_ln443_6451) to 3 in order to utilize available DSP registers.
INFO: [HLS 200-486] Changing DSP latency (root=add_ln443_6450) to 3 in order to utilize available DSP registers.
INFO: [HLS 200-486] Changing DSP latency (root=add_ln443_6447) to 3 in order to utilize available DSP registers.
INFO: [HLS 200-486] Changing DSP latency (root=add_ln443_6446) to 3 in order to utilize available DSP registers.
INFO: [HLS 200-486] Changing DSP latency (root=add_ln443_6445) to 3 in order to utilize available DSP registers.
INFO: [HLS 200-486] Changing DSP latency (root=add_ln443_6443) to 3 in order to utilize available DSP registers.
INFO: [HLS 200-486] Changing DSP latency (root=add_ln443_6442) to 3 in order to utilize available DSP registers.
INFO: [HLS 200-486] Changing DSP latency (root=add_ln443_6438) to 3 in order to utilize available DSP registers.
INFO: [HLS 200-486] Changing DSP latency (root=add_ln443_6437) to 3 in order to utilize available DSP registers.
INFO: [HLS 200-486] Changing DSP latency (root=add_ln443_6436) to 3 in order to utilize available DSP registers.
INFO: [HLS 200-486] Changing DSP latency (root=add_ln443_6434) to 3 in order to utilize available DSP registers.
INFO: [HLS 200-486] Changing DSP latency (root=add_ln443_6433) to 3 in order to utilize available DSP registers.
INFO: [HLS 200-486] Changing DSP latency (root=add_ln443_6430) to 3 in order to utilize available DSP registers.
INFO: [HLS 200-486] Changing DSP latency (root=add_ln443_6429) to 3 in order to utilize available DSP registers.
INFO: [HLS 200-486] Changing DSP latency (root=add_ln443_6428) to 3 in order to utilize available DSP registers.
INFO: [HLS 200-486] Changing DSP latency (root=add_ln443_6426) to 3 in order to utilize available DSP registers.
INFO: [HLS 200-486] Changing DSP latency (root=add_ln443_6425) to 3 in order to utilize available DSP registers.
INFO: [HLS 200-486] Changing DSP latency (root=add_ln443_6421) to 3 in order to utilize available DSP registers.
INFO: [HLS 200-486] Changing DSP latency (root=add_ln443_6420) to 3 in order to utilize available DSP registers.
INFO: [HLS 200-486] Changing DSP latency (root=add_ln443_6419) to 3 in order to utilize available DSP registers.
INFO: [HLS 200-486] Changing DSP latency (root=add_ln443_6417) to 3 in order to utilize available DSP registers.
INFO: [HLS 200-486] Changing DSP latency (root=add_ln443_6416) to 3 in order to utilize available DSP registers.
INFO: [HLS 200-486] Changing DSP latency (root=add_ln443_6413) to 3 in order to utilize available DSP registers.
INFO: [HLS 200-486] Changing DSP latency (root=add_ln443_6412) to 3 in order to utilize available DSP registers.
INFO: [HLS 200-486] Changing DSP latency (root=add_ln443_6411) to 3 in order to utilize available DSP registers.
INFO: [HLS 200-486] Changing DSP latency (root=add_ln443_6409) to 3 in order to utilize available DSP registers.
INFO: [HLS 200-486] Changing DSP latency (root=add_ln443_6408) to 3 in order to utilize available DSP registers.
INFO: [HLS 200-486] Changing DSP latency (root=add_ln443_6404) to 3 in order to utilize available DSP registers.
INFO: [HLS 200-486] Changing DSP latency (root=add_ln443_6403) to 3 in order to utilize available DSP registers.
INFO: [HLS 200-486] Changing DSP latency (root=add_ln443_6402) to 3 in order to utilize available DSP registers.
INFO: [HLS 200-486] Changing DSP latency (root=add_ln443_6400) to 3 in order to utilize available DSP registers.
INFO: [HLS 200-486] Changing DSP latency (root=add_ln443_6399) to 3 in order to utilize available DSP registers.
INFO: [HLS 200-486] Changing DSP latency (root=add_ln443_6396) to 3 in order to utilize available DSP registers.
INFO: [HLS 200-486] Changing DSP latency (root=add_ln443_6395) to 3 in order to utilize available DSP registers.
INFO: [HLS 200-486] Changing DSP latency (root=add_ln443_6394) to 3 in order to utilize available DSP registers.
INFO: [HLS 200-486] Changing DSP latency (root=add_ln443_6392) to 3 in order to utilize available DSP registers.
INFO: [HLS 200-486] Changing DSP latency (root=add_ln443_6391) to 3 in order to utilize available DSP registers.
INFO: [HLS 200-486] Changing DSP latency (root=add_ln443_6387) to 3 in order to utilize available DSP registers.
INFO: [HLS 200-486] Changing DSP latency (root=add_ln443_6386) to 3 in order to utilize available DSP registers.
INFO: [HLS 200-486] Changing DSP latency (root=add_ln443_6385) to 3 in order to utilize available DSP registers.
INFO: [HLS 200-486] Changing DSP latency (root=add_ln443_6383) to 3 in order to utilize available DSP registers.
INFO: [HLS 200-486] Changing DSP latency (root=add_ln443_6382) to 3 in order to utilize available DSP registers.
INFO: [HLS 200-486] Changing DSP latency (root=add_ln443_6379) to 3 in order to utilize available DSP registers.
INFO: [HLS 200-486] Changing DSP latency (root=add_ln443_6378) to 3 in order to utilize available DSP registers.
INFO: [HLS 200-486] Changing DSP latency (root=add_ln443_6377) to 3 in order to utilize available DSP registers.
INFO: [HLS 200-486] Changing DSP latency (root=add_ln443_6375) to 3 in order to utilize available DSP registers.
INFO: [HLS 200-486] Changing DSP latency (root=add_ln443_6374) to 3 in order to utilize available DSP registers.
INFO: [HLS 200-486] Changing DSP latency (root=add_ln443_6370) to 3 in order to utilize available DSP registers.
INFO: [HLS 200-486] Changing DSP latency (root=add_ln443_6369) to 3 in order to utilize available DSP registers.
INFO: [HLS 200-486] Changing DSP latency (root=add_ln443_6368) to 3 in order to utilize available DSP registers.
INFO: [HLS 200-486] Changing DSP latency (root=add_ln443_6366) to 3 in order to utilize available DSP registers.
INFO: [HLS 200-486] Changing DSP latency (root=add_ln443_6365) to 3 in order to utilize available DSP registers.
INFO: [HLS 200-486] Changing DSP latency (root=add_ln443_6362) to 3 in order to utilize available DSP registers.
INFO: [HLS 200-486] Changing DSP latency (root=add_ln443_6361) to 3 in order to utilize available DSP registers.
INFO: [HLS 200-486] Changing DSP latency (root=add_ln443_6360) to 3 in order to utilize available DSP registers.
INFO: [HLS 200-486] Changing DSP latency (root=add_ln443_6358) to 3 in order to utilize available DSP registers.
INFO: [HLS 200-486] Changing DSP latency (root=add_ln443_6357) to 3 in order to utilize available DSP registers.
INFO: [HLS 200-486] Changing DSP latency (root=add_ln443_6353) to 3 in order to utilize available DSP registers.
INFO: [HLS 200-486] Changing DSP latency (root=add_ln443_6352) to 3 in order to utilize available DSP registers.
INFO: [HLS 200-486] Changing DSP latency (root=add_ln443_6351) to 3 in order to utilize available DSP registers.
INFO: [HLS 200-486] Changing DSP latency (root=add_ln443_6349) to 3 in order to utilize available DSP registers.
INFO: [HLS 200-486] Changing DSP latency (root=add_ln443_6348) to 3 in order to utilize available DSP registers.
INFO: [HLS 200-486] Changing DSP latency (root=add_ln443_6345) to 3 in order to utilize available DSP registers.
INFO: [HLS 200-486] Changing DSP latency (root=add_ln443_6344) to 3 in order to utilize available DSP registers.
INFO: [HLS 200-486] Changing DSP latency (root=add_ln443_6343) to 3 in order to utilize available DSP registers.
INFO: [HLS 200-486] Changing DSP latency (root=add_ln443_6341) to 3 in order to utilize available DSP registers.
INFO: [HLS 200-486] Changing DSP latency (root=add_ln443_6340) to 3 in order to utilize available DSP registers.
INFO: [HLS 200-486] Changing DSP latency (root=add_ln443_6336) to 3 in order to utilize available DSP registers.
INFO: [HLS 200-486] Changing DSP latency (root=add_ln443_6335) to 3 in order to utilize available DSP registers.
INFO: [HLS 200-486] Changing DSP latency (root=add_ln443_6334) to 3 in order to utilize available DSP registers.
INFO: [HLS 200-486] Changing DSP latency (root=add_ln443_6332) to 3 in order to utilize available DSP registers.
INFO: [HLS 200-486] Changing DSP latency (root=add_ln443_6331) to 3 in order to utilize available DSP registers.
INFO: [HLS 200-486] Changing DSP latency (root=add_ln443_6328) to 3 in order to utilize available DSP registers.
INFO: [HLS 200-486] Changing DSP latency (root=add_ln443_6327) to 3 in order to utilize available DSP registers.
INFO: [HLS 200-486] Changing DSP latency (root=add_ln443_6326) to 3 in order to utilize available DSP registers.
INFO: [HLS 200-486] Changing DSP latency (root=add_ln443_6324) to 3 in order to utilize available DSP registers.
INFO: [HLS 200-486] Changing DSP latency (root=add_ln443_6323) to 3 in order to utilize available DSP registers.
INFO: [HLS 200-486] Changing DSP latency (root=add_ln443_6319) to 3 in order to utilize available DSP registers.
INFO: [HLS 200-486] Changing DSP latency (root=add_ln443_6318) to 3 in order to utilize available DSP registers.
INFO: [HLS 200-486] Changing DSP latency (root=add_ln443_6317) to 3 in order to utilize available DSP registers.
INFO: [HLS 200-486] Changing DSP latency (root=add_ln443_6315) to 3 in order to utilize available DSP registers.
INFO: [HLS 200-486] Changing DSP latency (root=add_ln443_6314) to 3 in order to utilize available DSP registers.
INFO: [HLS 200-486] Changing DSP latency (root=add_ln443_6311) to 3 in order to utilize available DSP registers.
INFO: [HLS 200-486] Changing DSP latency (root=add_ln443_6310) to 3 in order to utilize available DSP registers.
INFO: [HLS 200-486] Changing DSP latency (root=add_ln443_6309) to 3 in order to utilize available DSP registers.
INFO: [HLS 200-486] Changing DSP latency (root=add_ln443_6307) to 3 in order to utilize available DSP registers.
INFO: [HLS 200-486] Changing DSP latency (root=add_ln443_6306) to 3 in order to utilize available DSP registers.
INFO: [HLS 200-486] Changing DSP latency (root=add_ln443_6302) to 3 in order to utilize available DSP registers.
INFO: [HLS 200-486] Changing DSP latency (root=add_ln443_6301) to 3 in order to utilize available DSP registers.
INFO: [HLS 200-486] Changing DSP latency (root=add_ln443_6300) to 3 in order to utilize available DSP registers.
INFO: [HLS 200-486] Changing DSP latency (root=add_ln443_6298) to 3 in order to utilize available DSP registers.
INFO: [HLS 200-486] Changing DSP latency (root=add_ln443_6297) to 3 in order to utilize available DSP registers.
INFO: [HLS 200-486] Changing DSP latency (root=add_ln443_6294) to 3 in order to utilize available DSP registers.
INFO: [HLS 200-486] Changing DSP latency (root=add_ln443_6293) to 3 in order to utilize available DSP registers.
INFO: [HLS 200-486] Changing DSP latency (root=add_ln443_6292) to 3 in order to utilize available DSP registers.
INFO: [HLS 200-486] Changing DSP latency (root=add_ln443_6290) to 3 in order to utilize available DSP registers.
INFO: [HLS 200-486] Changing DSP latency (root=add_ln443_6289) to 3 in order to utilize available DSP registers.
INFO: [HLS 200-486] Changing DSP latency (root=add_ln443_6285) to 3 in order to utilize available DSP registers.
INFO: [HLS 200-486] Changing DSP latency (root=add_ln443_6284) to 3 in order to utilize available DSP registers.
INFO: [HLS 200-486] Changing DSP latency (root=add_ln443_6283) to 3 in order to utilize available DSP registers.
INFO: [HLS 200-486] Changing DSP latency (root=add_ln443_6281) to 3 in order to utilize available DSP registers.
INFO: [HLS 200-486] Changing DSP latency (root=add_ln443_6280) to 3 in order to utilize available DSP registers.
INFO: [HLS 200-486] Changing DSP latency (root=add_ln443_6277) to 3 in order to utilize available DSP registers.
INFO: [HLS 200-486] Changing DSP latency (root=add_ln443_6276) to 3 in order to utilize available DSP registers.
INFO: [HLS 200-486] Changing DSP latency (root=add_ln443_6275) to 3 in order to utilize available DSP registers.
INFO: [HLS 200-486] Changing DSP latency (root=add_ln443_6273) to 3 in order to utilize available DSP registers.
INFO: [HLS 200-486] Changing DSP latency (root=add_ln443_6272) to 3 in order to utilize available DSP registers.
INFO: [HLS 200-486] Changing DSP latency (root=add_ln443_6268) to 3 in order to utilize available DSP registers.
INFO: [HLS 200-486] Changing DSP latency (root=add_ln443_6267) to 3 in order to utilize available DSP registers.
INFO: [HLS 200-486] Changing DSP latency (root=add_ln443_6266) to 3 in order to utilize available DSP registers.
INFO: [HLS 200-486] Changing DSP latency (root=add_ln443_6264) to 3 in order to utilize available DSP registers.
INFO: [HLS 200-486] Changing DSP latency (root=add_ln443_6263) to 3 in order to utilize available DSP registers.
INFO: [HLS 200-486] Changing DSP latency (root=add_ln443_6260) to 3 in order to utilize available DSP registers.
INFO: [HLS 200-486] Changing DSP latency (root=add_ln443_6259) to 3 in order to utilize available DSP registers.
INFO: [HLS 200-486] Changing DSP latency (root=add_ln443_6258) to 3 in order to utilize available DSP registers.
INFO: [HLS 200-486] Changing DSP latency (root=add_ln443_6256) to 3 in order to utilize available DSP registers.
INFO: [HLS 200-486] Changing DSP latency (root=add_ln443_6255) to 3 in order to utilize available DSP registers.
INFO: [HLS 200-486] Changing DSP latency (root=add_ln443_6251) to 3 in order to utilize available DSP registers.
INFO: [HLS 200-486] Changing DSP latency (root=add_ln443_6250) to 3 in order to utilize available DSP registers.
INFO: [HLS 200-486] Changing DSP latency (root=add_ln443_6249) to 3 in order to utilize available DSP registers.
INFO: [HLS 200-486] Changing DSP latency (root=add_ln443_6247) to 3 in order to utilize available DSP registers.
INFO: [HLS 200-486] Changing DSP latency (root=add_ln443_6246) to 3 in order to utilize available DSP registers.
INFO: [HLS 200-486] Changing DSP latency (root=add_ln443_6243) to 3 in order to utilize available DSP registers.
INFO: [HLS 200-486] Changing DSP latency (root=add_ln443_6242) to 3 in order to utilize available DSP registers.
INFO: [HLS 200-486] Changing DSP latency (root=add_ln443_6241) to 3 in order to utilize available DSP registers.
INFO: [HLS 200-486] Changing DSP latency (root=add_ln443_6239) to 3 in order to utilize available DSP registers.
INFO: [HLS 200-486] Changing DSP latency (root=add_ln443_6238) to 3 in order to utilize available DSP registers.
INFO: [HLS 200-486] Changing DSP latency (root=add_ln443_6234) to 3 in order to utilize available DSP registers.
INFO: [HLS 200-486] Changing DSP latency (root=add_ln443_6233) to 3 in order to utilize available DSP registers.
INFO: [HLS 200-486] Changing DSP latency (root=add_ln443_6232) to 3 in order to utilize available DSP registers.
INFO: [HLS 200-486] Changing DSP latency (root=add_ln443_6230) to 3 in order to utilize available DSP registers.
INFO: [HLS 200-486] Changing DSP latency (root=add_ln443_6229) to 3 in order to utilize available DSP registers.
INFO: [HLS 200-486] Changing DSP latency (root=add_ln443_6226) to 3 in order to utilize available DSP registers.
INFO: [HLS 200-486] Changing DSP latency (root=add_ln443_6225) to 3 in order to utilize available DSP registers.
INFO: [HLS 200-486] Changing DSP latency (root=add_ln443_6224) to 3 in order to utilize available DSP registers.
INFO: [HLS 200-486] Changing DSP latency (root=add_ln443_6222) to 3 in order to utilize available DSP registers.
INFO: [HLS 200-486] Changing DSP latency (root=add_ln443_6221) to 3 in order to utilize available DSP registers.
INFO: [HLS 200-486] Changing DSP latency (root=add_ln443_6217) to 3 in order to utilize available DSP registers.
INFO: [HLS 200-486] Changing DSP latency (root=add_ln443_6216) to 3 in order to utilize available DSP registers.
INFO: [HLS 200-486] Changing DSP latency (root=add_ln443_6215) to 3 in order to utilize available DSP registers.
INFO: [HLS 200-486] Changing DSP latency (root=add_ln443_6213) to 3 in order to utilize available DSP registers.
INFO: [HLS 200-486] Changing DSP latency (root=add_ln443_6212) to 3 in order to utilize available DSP registers.
INFO: [HLS 200-486] Changing DSP latency (root=add_ln443_6209) to 3 in order to utilize available DSP registers.
INFO: [HLS 200-486] Changing DSP latency (root=add_ln443_6208) to 3 in order to utilize available DSP registers.
INFO: [HLS 200-486] Changing DSP latency (root=add_ln443_6207) to 3 in order to utilize available DSP registers.
INFO: [HLS 200-486] Changing DSP latency (root=add_ln443_6205) to 3 in order to utilize available DSP registers.
INFO: [HLS 200-486] Changing DSP latency (root=add_ln443_6204) to 3 in order to utilize available DSP registers.
INFO: [HLS 200-486] Changing DSP latency (root=add_ln443_6200) to 3 in order to utilize available DSP registers.
INFO: [HLS 200-486] Changing DSP latency (root=add_ln443_6199) to 3 in order to utilize available DSP registers.
INFO: [HLS 200-486] Changing DSP latency (root=add_ln443_6198) to 3 in order to utilize available DSP registers.
INFO: [HLS 200-486] Changing DSP latency (root=add_ln443_6196) to 3 in order to utilize available DSP registers.
INFO: [HLS 200-486] Changing DSP latency (root=add_ln443_6195) to 3 in order to utilize available DSP registers.
INFO: [HLS 200-486] Changing DSP latency (root=add_ln443_6192) to 3 in order to utilize available DSP registers.
INFO: [HLS 200-486] Changing DSP latency (root=add_ln443_6191) to 3 in order to utilize available DSP registers.
INFO: [HLS 200-486] Changing DSP latency (root=add_ln443_6190) to 3 in order to utilize available DSP registers.
INFO: [HLS 200-486] Changing DSP latency (root=add_ln443_6188) to 3 in order to utilize available DSP registers.
INFO: [HLS 200-486] Changing DSP latency (root=add_ln443_6187) to 3 in order to utilize available DSP registers.
INFO: [HLS 200-486] Changing DSP latency (root=add_ln443_6183) to 3 in order to utilize available DSP registers.
INFO: [HLS 200-486] Changing DSP latency (root=add_ln443_6182) to 3 in order to utilize available DSP registers.
INFO: [HLS 200-486] Changing DSP latency (root=add_ln443_6181) to 3 in order to utilize available DSP registers.
INFO: [HLS 200-486] Changing DSP latency (root=add_ln443_6179) to 3 in order to utilize available DSP registers.
INFO: [HLS 200-486] Changing DSP latency (root=add_ln443_6178) to 3 in order to utilize available DSP registers.
INFO: [HLS 200-486] Changing DSP latency (root=add_ln443_6175) to 3 in order to utilize available DSP registers.
INFO: [HLS 200-486] Changing DSP latency (root=add_ln443_6174) to 3 in order to utilize available DSP registers.
INFO: [HLS 200-486] Changing DSP latency (root=add_ln443_6173) to 3 in order to utilize available DSP registers.
INFO: [HLS 200-486] Changing DSP latency (root=add_ln443_6171) to 3 in order to utilize available DSP registers.
INFO: [HLS 200-486] Changing DSP latency (root=add_ln443_6170) to 3 in order to utilize available DSP registers.
INFO: [HLS 200-486] Changing DSP latency (root=add_ln443_6166) to 3 in order to utilize available DSP registers.
INFO: [HLS 200-486] Changing DSP latency (root=add_ln443_6165) to 3 in order to utilize available DSP registers.
INFO: [HLS 200-486] Changing DSP latency (root=add_ln443_6164) to 3 in order to utilize available DSP registers.
INFO: [HLS 200-486] Changing DSP latency (root=add_ln443_6162) to 3 in order to utilize available DSP registers.
INFO: [HLS 200-486] Changing DSP latency (root=add_ln443_6161) to 3 in order to utilize available DSP registers.
INFO: [HLS 200-486] Changing DSP latency (root=add_ln443_6158) to 3 in order to utilize available DSP registers.
INFO: [HLS 200-486] Changing DSP latency (root=add_ln443_6157) to 3 in order to utilize available DSP registers.
INFO: [HLS 200-486] Changing DSP latency (root=add_ln443_6156) to 3 in order to utilize available DSP registers.
INFO: [HLS 200-486] Changing DSP latency (root=add_ln443_6154) to 3 in order to utilize available DSP registers.
INFO: [HLS 200-486] Changing DSP latency (root=add_ln443_6153) to 3 in order to utilize available DSP registers.
INFO: [HLS 200-486] Changing DSP latency (root=add_ln443_6149) to 3 in order to utilize available DSP registers.
INFO: [HLS 200-486] Changing DSP latency (root=add_ln443_6148) to 3 in order to utilize available DSP registers.
INFO: [HLS 200-486] Changing DSP latency (root=add_ln443_6147) to 3 in order to utilize available DSP registers.
INFO: [HLS 200-486] Changing DSP latency (root=add_ln443_6145) to 3 in order to utilize available DSP registers.
INFO: [HLS 200-486] Changing DSP latency (root=add_ln443_6144) to 3 in order to utilize available DSP registers.
INFO: [HLS 200-486] Changing DSP latency (root=add_ln443_6141) to 3 in order to utilize available DSP registers.
INFO: [HLS 200-486] Changing DSP latency (root=add_ln443_6140) to 3 in order to utilize available DSP registers.
INFO: [HLS 200-486] Changing DSP latency (root=add_ln443_6139) to 3 in order to utilize available DSP registers.
INFO: [HLS 200-486] Changing DSP latency (root=add_ln443_6137) to 3 in order to utilize available DSP registers.
INFO: [HLS 200-486] Changing DSP latency (root=add_ln443_6136) to 3 in order to utilize available DSP registers.
INFO: [HLS 200-486] Changing DSP latency (root=add_ln443_6132) to 3 in order to utilize available DSP registers.
INFO: [HLS 200-486] Changing DSP latency (root=add_ln443_6131) to 3 in order to utilize available DSP registers.
INFO: [HLS 200-486] Changing DSP latency (root=add_ln443_6130) to 3 in order to utilize available DSP registers.
INFO: [HLS 200-486] Changing DSP latency (root=add_ln443_6128) to 3 in order to utilize available DSP registers.
INFO: [HLS 200-486] Changing DSP latency (root=add_ln443_6127) to 3 in order to utilize available DSP registers.
INFO: [HLS 200-486] Changing DSP latency (root=add_ln443_6124) to 3 in order to utilize available DSP registers.
INFO: [HLS 200-486] Changing DSP latency (root=add_ln443_6123) to 3 in order to utilize available DSP registers.
INFO: [HLS 200-486] Changing DSP latency (root=add_ln443_6122) to 3 in order to utilize available DSP registers.
INFO: [HLS 200-486] Changing DSP latency (root=add_ln443_6120) to 3 in order to utilize available DSP registers.
INFO: [HLS 200-486] Changing DSP latency (root=add_ln443_6119) to 3 in order to utilize available DSP registers.
INFO: [HLS 200-486] Changing DSP latency (root=add_ln443_6115) to 3 in order to utilize available DSP registers.
INFO: [HLS 200-486] Changing DSP latency (root=add_ln443_6114) to 3 in order to utilize available DSP registers.
INFO: [HLS 200-486] Changing DSP latency (root=add_ln443_6113) to 3 in order to utilize available DSP registers.
INFO: [HLS 200-486] Changing DSP latency (root=add_ln443_6111) to 3 in order to utilize available DSP registers.
INFO: [HLS 200-486] Changing DSP latency (root=add_ln443_6110) to 3 in order to utilize available DSP registers.
INFO: [HLS 200-486] Changing DSP latency (root=add_ln443_6107) to 3 in order to utilize available DSP registers.
INFO: [HLS 200-486] Changing DSP latency (root=add_ln443_6106) to 3 in order to utilize available DSP registers.
INFO: [HLS 200-486] Changing DSP latency (root=add_ln443_6105) to 3 in order to utilize available DSP registers.
INFO: [HLS 200-486] Changing DSP latency (root=add_ln443_6103) to 3 in order to utilize available DSP registers.
INFO: [HLS 200-486] Changing DSP latency (root=add_ln443_6102) to 3 in order to utilize available DSP registers.
INFO: [HLS 200-486] Changing DSP latency (root=add_ln443_6098) to 3 in order to utilize available DSP registers.
INFO: [HLS 200-486] Changing DSP latency (root=add_ln443_6097) to 3 in order to utilize available DSP registers.
INFO: [HLS 200-486] Changing DSP latency (root=add_ln443_6096) to 3 in order to utilize available DSP registers.
INFO: [HLS 200-486] Changing DSP latency (root=add_ln443_6094) to 3 in order to utilize available DSP registers.
INFO: [HLS 200-486] Changing DSP latency (root=add_ln443_6093) to 3 in order to utilize available DSP registers.
INFO: [HLS 200-486] Changing DSP latency (root=add_ln443_6090) to 3 in order to utilize available DSP registers.
INFO: [HLS 200-486] Changing DSP latency (root=add_ln443_6089) to 3 in order to utilize available DSP registers.
INFO: [HLS 200-486] Changing DSP latency (root=add_ln443_6088) to 3 in order to utilize available DSP registers.
INFO: [HLS 200-486] Changing DSP latency (root=add_ln443_6086) to 3 in order to utilize available DSP registers.
INFO: [HLS 200-486] Changing DSP latency (root=add_ln443_6085) to 3 in order to utilize available DSP registers.
INFO: [HLS 200-486] Changing DSP latency (root=add_ln443_6081) to 3 in order to utilize available DSP registers.
INFO: [HLS 200-486] Changing DSP latency (root=add_ln443_6080) to 3 in order to utilize available DSP registers.
INFO: [HLS 200-486] Changing DSP latency (root=add_ln443_6079) to 3 in order to utilize available DSP registers.
INFO: [HLS 200-486] Changing DSP latency (root=add_ln443_6077) to 3 in order to utilize available DSP registers.
INFO: [HLS 200-486] Changing DSP latency (root=add_ln443_6076) to 3 in order to utilize available DSP registers.
INFO: [HLS 200-486] Changing DSP latency (root=add_ln443_6073) to 3 in order to utilize available DSP registers.
INFO: [HLS 200-486] Changing DSP latency (root=add_ln443_6072) to 3 in order to utilize available DSP registers.
INFO: [HLS 200-486] Changing DSP latency (root=add_ln443_6071) to 3 in order to utilize available DSP registers.
INFO: [HLS 200-486] Changing DSP latency (root=add_ln443_6069) to 3 in order to utilize available DSP registers.
INFO: [HLS 200-486] Changing DSP latency (root=add_ln443_6068) to 3 in order to utilize available DSP registers.
INFO: [HLS 200-486] Changing DSP latency (root=add_ln443_6064) to 3 in order to utilize available DSP registers.
INFO: [HLS 200-486] Changing DSP latency (root=add_ln443_6063) to 3 in order to utilize available DSP registers.
INFO: [HLS 200-486] Changing DSP latency (root=add_ln443_6062) to 3 in order to utilize available DSP registers.
INFO: [HLS 200-486] Changing DSP latency (root=add_ln443_6060) to 3 in order to utilize available DSP registers.
INFO: [HLS 200-486] Changing DSP latency (root=add_ln443_6059) to 3 in order to utilize available DSP registers.
INFO: [HLS 200-486] Changing DSP latency (root=add_ln443_6056) to 3 in order to utilize available DSP registers.
INFO: [HLS 200-486] Changing DSP latency (root=add_ln443_6055) to 3 in order to utilize available DSP registers.
INFO: [HLS 200-486] Changing DSP latency (root=add_ln443_6054) to 3 in order to utilize available DSP registers.
INFO: [HLS 200-486] Changing DSP latency (root=add_ln443_6052) to 3 in order to utilize available DSP registers.
INFO: [HLS 200-486] Changing DSP latency (root=add_ln443_6051) to 3 in order to utilize available DSP registers.
INFO: [HLS 200-486] Changing DSP latency (root=add_ln443_6047) to 3 in order to utilize available DSP registers.
INFO: [HLS 200-486] Changing DSP latency (root=add_ln443_6046) to 3 in order to utilize available DSP registers.
INFO: [HLS 200-486] Changing DSP latency (root=add_ln443_6045) to 3 in order to utilize available DSP registers.
INFO: [HLS 200-486] Changing DSP latency (root=add_ln443_6043) to 3 in order to utilize available DSP registers.
INFO: [HLS 200-486] Changing DSP latency (root=add_ln443_6042) to 3 in order to utilize available DSP registers.
INFO: [HLS 200-486] Changing DSP latency (root=add_ln443_6039) to 3 in order to utilize available DSP registers.
INFO: [HLS 200-486] Changing DSP latency (root=add_ln443_6038) to 3 in order to utilize available DSP registers.
INFO: [HLS 200-486] Changing DSP latency (root=add_ln443_6037) to 3 in order to utilize available DSP registers.
INFO: [HLS 200-486] Changing DSP latency (root=add_ln443_6035) to 3 in order to utilize available DSP registers.
INFO: [HLS 200-486] Changing DSP latency (root=add_ln443_6034) to 3 in order to utilize available DSP registers.
INFO: [HLS 200-486] Changing DSP latency (root=add_ln443_6030) to 3 in order to utilize available DSP registers.
INFO: [HLS 200-486] Changing DSP latency (root=add_ln443_6029) to 3 in order to utilize available DSP registers.
INFO: [HLS 200-486] Changing DSP latency (root=add_ln443_6028) to 3 in order to utilize available DSP registers.
INFO: [HLS 200-486] Changing DSP latency (root=add_ln443_6026) to 3 in order to utilize available DSP registers.
INFO: [HLS 200-486] Changing DSP latency (root=add_ln443_6025) to 3 in order to utilize available DSP registers.
INFO: [HLS 200-486] Changing DSP latency (root=add_ln443_6022) to 3 in order to utilize available DSP registers.
INFO: [HLS 200-486] Changing DSP latency (root=add_ln443_6021) to 3 in order to utilize available DSP registers.
INFO: [HLS 200-486] Changing DSP latency (root=add_ln443_6020) to 3 in order to utilize available DSP registers.
INFO: [HLS 200-486] Changing DSP latency (root=add_ln443_6018) to 3 in order to utilize available DSP registers.
INFO: [HLS 200-486] Changing DSP latency (root=add_ln443_6017) to 3 in order to utilize available DSP registers.
INFO: [HLS 200-486] Changing DSP latency (root=add_ln443_6013) to 3 in order to utilize available DSP registers.
INFO: [HLS 200-486] Changing DSP latency (root=add_ln443_6012) to 3 in order to utilize available DSP registers.
INFO: [HLS 200-486] Changing DSP latency (root=add_ln443_6011) to 3 in order to utilize available DSP registers.
INFO: [HLS 200-486] Changing DSP latency (root=add_ln443_6009) to 3 in order to utilize available DSP registers.
INFO: [HLS 200-486] Changing DSP latency (root=add_ln443_6008) to 3 in order to utilize available DSP registers.
INFO: [HLS 200-486] Changing DSP latency (root=add_ln443_6005) to 3 in order to utilize available DSP registers.
INFO: [HLS 200-486] Changing DSP latency (root=add_ln443_6004) to 3 in order to utilize available DSP registers.
INFO: [HLS 200-486] Changing DSP latency (root=add_ln443_6003) to 3 in order to utilize available DSP registers.
INFO: [HLS 200-486] Changing DSP latency (root=add_ln443_6001) to 3 in order to utilize available DSP registers.
INFO: [HLS 200-486] Changing DSP latency (root=add_ln443_6000) to 3 in order to utilize available DSP registers.
INFO: [HLS 200-486] Changing DSP latency (root=add_ln443_5996) to 3 in order to utilize available DSP registers.
INFO: [HLS 200-486] Changing DSP latency (root=add_ln443_5995) to 3 in order to utilize available DSP registers.
INFO: [HLS 200-486] Changing DSP latency (root=add_ln443_5994) to 3 in order to utilize available DSP registers.
INFO: [HLS 200-486] Changing DSP latency (root=add_ln443_5992) to 3 in order to utilize available DSP registers.
INFO: [HLS 200-486] Changing DSP latency (root=add_ln443_5991) to 3 in order to utilize available DSP registers.
INFO: [HLS 200-486] Changing DSP latency (root=add_ln443_5988) to 3 in order to utilize available DSP registers.
INFO: [HLS 200-486] Changing DSP latency (root=add_ln443_5987) to 3 in order to utilize available DSP registers.
INFO: [HLS 200-486] Changing DSP latency (root=add_ln443_5986) to 3 in order to utilize available DSP registers.
INFO: [HLS 200-486] Changing DSP latency (root=add_ln443_5984) to 3 in order to utilize available DSP registers.
INFO: [HLS 200-486] Changing DSP latency (root=add_ln443_5983) to 3 in order to utilize available DSP registers.
INFO: [HLS 200-486] Changing DSP latency (root=add_ln443_5979) to 3 in order to utilize available DSP registers.
INFO: [HLS 200-486] Changing DSP latency (root=add_ln443_5978) to 3 in order to utilize available DSP registers.
INFO: [HLS 200-486] Changing DSP latency (root=add_ln443_5977) to 3 in order to utilize available DSP registers.
INFO: [HLS 200-486] Changing DSP latency (root=add_ln443_5975) to 3 in order to utilize available DSP registers.
INFO: [HLS 200-486] Changing DSP latency (root=add_ln443_5974) to 3 in order to utilize available DSP registers.
INFO: [HLS 200-486] Changing DSP latency (root=add_ln443_5971) to 3 in order to utilize available DSP registers.
INFO: [HLS 200-486] Changing DSP latency (root=add_ln443_5970) to 3 in order to utilize available DSP registers.
INFO: [HLS 200-486] Changing DSP latency (root=add_ln443_5969) to 3 in order to utilize available DSP registers.
INFO: [HLS 200-486] Changing DSP latency (root=add_ln443_5967) to 3 in order to utilize available DSP registers.
INFO: [HLS 200-486] Changing DSP latency (root=add_ln443_5966) to 3 in order to utilize available DSP registers.
INFO: [HLS 200-486] Changing DSP latency (root=add_ln443_5962) to 3 in order to utilize available DSP registers.
INFO: [HLS 200-486] Changing DSP latency (root=add_ln443_5961) to 3 in order to utilize available DSP registers.
INFO: [HLS 200-486] Changing DSP latency (root=add_ln443_5960) to 3 in order to utilize available DSP registers.
INFO: [HLS 200-486] Changing DSP latency (root=add_ln443_5958) to 3 in order to utilize available DSP registers.
INFO: [HLS 200-486] Changing DSP latency (root=add_ln443_5957) to 3 in order to utilize available DSP registers.
INFO: [HLS 200-486] Changing DSP latency (root=add_ln443_5954) to 3 in order to utilize available DSP registers.
INFO: [HLS 200-486] Changing DSP latency (root=add_ln443_5953) to 3 in order to utilize available DSP registers.
INFO: [HLS 200-486] Changing DSP latency (root=add_ln443_5952) to 3 in order to utilize available DSP registers.
INFO: [HLS 200-486] Changing DSP latency (root=add_ln443_5950) to 3 in order to utilize available DSP registers.
INFO: [HLS 200-486] Changing DSP latency (root=add_ln443_5949) to 3 in order to utilize available DSP registers.
INFO: [HLS 200-486] Changing DSP latency (root=add_ln443_5945) to 3 in order to utilize available DSP registers.
INFO: [HLS 200-486] Changing DSP latency (root=add_ln443_5944) to 3 in order to utilize available DSP registers.
INFO: [HLS 200-486] Changing DSP latency (root=add_ln443_5943) to 3 in order to utilize available DSP registers.
INFO: [HLS 200-486] Changing DSP latency (root=add_ln443_5941) to 3 in order to utilize available DSP registers.
INFO: [HLS 200-486] Changing DSP latency (root=add_ln443_5940) to 3 in order to utilize available DSP registers.
INFO: [HLS 200-486] Changing DSP latency (root=add_ln443_5937) to 3 in order to utilize available DSP registers.
INFO: [HLS 200-486] Changing DSP latency (root=add_ln443_5936) to 3 in order to utilize available DSP registers.
INFO: [HLS 200-486] Changing DSP latency (root=add_ln443_5935) to 3 in order to utilize available DSP registers.
INFO: [HLS 200-486] Changing DSP latency (root=add_ln443_5933) to 3 in order to utilize available DSP registers.
INFO: [HLS 200-486] Changing DSP latency (root=add_ln443_5932) to 3 in order to utilize available DSP registers.
INFO: [HLS 200-486] Changing DSP latency (root=add_ln443_5928) to 3 in order to utilize available DSP registers.
INFO: [HLS 200-486] Changing DSP latency (root=add_ln443_5927) to 3 in order to utilize available DSP registers.
INFO: [HLS 200-486] Changing DSP latency (root=add_ln443_5926) to 3 in order to utilize available DSP registers.
INFO: [HLS 200-486] Changing DSP latency (root=add_ln443_5924) to 3 in order to utilize available DSP registers.
INFO: [HLS 200-486] Changing DSP latency (root=add_ln443_5923) to 3 in order to utilize available DSP registers.
INFO: [HLS 200-486] Changing DSP latency (root=add_ln443_5920) to 3 in order to utilize available DSP registers.
INFO: [HLS 200-486] Changing DSP latency (root=add_ln443_5919) to 3 in order to utilize available DSP registers.
INFO: [HLS 200-486] Changing DSP latency (root=add_ln443_5918) to 3 in order to utilize available DSP registers.
INFO: [HLS 200-486] Changing DSP latency (root=add_ln443_5916) to 3 in order to utilize available DSP registers.
INFO: [HLS 200-486] Changing DSP latency (root=add_ln443_5915) to 3 in order to utilize available DSP registers.
INFO: [HLS 200-486] Changing DSP latency (root=add_ln443_5911) to 3 in order to utilize available DSP registers.
INFO: [HLS 200-486] Changing DSP latency (root=add_ln443_5910) to 3 in order to utilize available DSP registers.
INFO: [HLS 200-486] Changing DSP latency (root=add_ln443_5909) to 3 in order to utilize available DSP registers.
INFO: [HLS 200-486] Changing DSP latency (root=add_ln443_5907) to 3 in order to utilize available DSP registers.
INFO: [HLS 200-486] Changing DSP latency (root=add_ln443_5906) to 3 in order to utilize available DSP registers.
INFO: [HLS 200-486] Changing DSP latency (root=add_ln443_5903) to 3 in order to utilize available DSP registers.
INFO: [HLS 200-486] Changing DSP latency (root=add_ln443_5902) to 3 in order to utilize available DSP registers.
INFO: [HLS 200-486] Changing DSP latency (root=add_ln443_5901) to 3 in order to utilize available DSP registers.
INFO: [HLS 200-486] Changing DSP latency (root=add_ln443_5899) to 3 in order to utilize available DSP registers.
INFO: [HLS 200-486] Changing DSP latency (root=add_ln443_5898) to 3 in order to utilize available DSP registers.
INFO: [HLS 200-486] Changing DSP latency (root=add_ln443_5894) to 3 in order to utilize available DSP registers.
INFO: [HLS 200-486] Changing DSP latency (root=add_ln443_5893) to 3 in order to utilize available DSP registers.
INFO: [HLS 200-486] Changing DSP latency (root=add_ln443_5892) to 3 in order to utilize available DSP registers.
INFO: [HLS 200-486] Changing DSP latency (root=add_ln443_5890) to 3 in order to utilize available DSP registers.
INFO: [HLS 200-486] Changing DSP latency (root=add_ln443_5889) to 3 in order to utilize available DSP registers.
INFO: [HLS 200-486] Changing DSP latency (root=add_ln443_5886) to 3 in order to utilize available DSP registers.
INFO: [HLS 200-486] Changing DSP latency (root=add_ln443_5885) to 3 in order to utilize available DSP registers.
INFO: [HLS 200-486] Changing DSP latency (root=add_ln443_5884) to 3 in order to utilize available DSP registers.
INFO: [HLS 200-486] Changing DSP latency (root=add_ln443_5882) to 3 in order to utilize available DSP registers.
INFO: [HLS 200-486] Changing DSP latency (root=add_ln443_5881) to 3 in order to utilize available DSP registers.
INFO: [HLS 200-486] Changing DSP latency (root=add_ln443_5877) to 3 in order to utilize available DSP registers.
INFO: [HLS 200-486] Changing DSP latency (root=add_ln443_5876) to 3 in order to utilize available DSP registers.
INFO: [HLS 200-486] Changing DSP latency (root=add_ln443_5875) to 3 in order to utilize available DSP registers.
INFO: [HLS 200-486] Changing DSP latency (root=add_ln443_5873) to 3 in order to utilize available DSP registers.
INFO: [HLS 200-486] Changing DSP latency (root=add_ln443_5872) to 3 in order to utilize available DSP registers.
INFO: [HLS 200-486] Changing DSP latency (root=add_ln443_5869) to 3 in order to utilize available DSP registers.
INFO: [HLS 200-486] Changing DSP latency (root=add_ln443_5868) to 3 in order to utilize available DSP registers.
INFO: [HLS 200-486] Changing DSP latency (root=add_ln443_5867) to 3 in order to utilize available DSP registers.
INFO: [HLS 200-486] Changing DSP latency (root=add_ln443_5865) to 3 in order to utilize available DSP registers.
INFO: [HLS 200-486] Changing DSP latency (root=add_ln443_5864) to 3 in order to utilize available DSP registers.
INFO: [HLS 200-486] Changing DSP latency (root=add_ln443_5860) to 3 in order to utilize available DSP registers.
INFO: [HLS 200-486] Changing DSP latency (root=add_ln443_5859) to 3 in order to utilize available DSP registers.
INFO: [HLS 200-486] Changing DSP latency (root=add_ln443_5858) to 3 in order to utilize available DSP registers.
INFO: [HLS 200-486] Changing DSP latency (root=add_ln443_5856) to 3 in order to utilize available DSP registers.
INFO: [HLS 200-486] Changing DSP latency (root=add_ln443_5855) to 3 in order to utilize available DSP registers.
INFO: [HLS 200-486] Changing DSP latency (root=add_ln443_5852) to 3 in order to utilize available DSP registers.
INFO: [HLS 200-486] Changing DSP latency (root=add_ln443_5851) to 3 in order to utilize available DSP registers.
INFO: [HLS 200-486] Changing DSP latency (root=add_ln443_5850) to 3 in order to utilize available DSP registers.
INFO: [HLS 200-486] Changing DSP latency (root=add_ln443_5848) to 3 in order to utilize available DSP registers.
INFO: [HLS 200-486] Changing DSP latency (root=add_ln443_5847) to 3 in order to utilize available DSP registers.
INFO: [HLS 200-486] Changing DSP latency (root=add_ln443_5843) to 3 in order to utilize available DSP registers.
INFO: [HLS 200-486] Changing DSP latency (root=add_ln443_5842) to 3 in order to utilize available DSP registers.
INFO: [HLS 200-486] Changing DSP latency (root=add_ln443_5841) to 3 in order to utilize available DSP registers.
INFO: [HLS 200-486] Changing DSP latency (root=add_ln443_5839) to 3 in order to utilize available DSP registers.
INFO: [HLS 200-486] Changing DSP latency (root=add_ln443_5838) to 3 in order to utilize available DSP registers.
INFO: [HLS 200-486] Changing DSP latency (root=add_ln443_5835) to 3 in order to utilize available DSP registers.
INFO: [HLS 200-486] Changing DSP latency (root=add_ln443_5834) to 3 in order to utilize available DSP registers.
INFO: [HLS 200-486] Changing DSP latency (root=add_ln443_5833) to 3 in order to utilize available DSP registers.
INFO: [HLS 200-486] Changing DSP latency (root=add_ln443_5831) to 3 in order to utilize available DSP registers.
INFO: [HLS 200-486] Changing DSP latency (root=add_ln443_5830) to 3 in order to utilize available DSP registers.
INFO: [HLS 200-486] Changing DSP latency (root=add_ln443_5826) to 3 in order to utilize available DSP registers.
INFO: [HLS 200-486] Changing DSP latency (root=add_ln443_5825) to 3 in order to utilize available DSP registers.
INFO: [HLS 200-486] Changing DSP latency (root=add_ln443_5824) to 3 in order to utilize available DSP registers.
INFO: [HLS 200-486] Changing DSP latency (root=add_ln443_5822) to 3 in order to utilize available DSP registers.
INFO: [HLS 200-486] Changing DSP latency (root=add_ln443_5821) to 3 in order to utilize available DSP registers.
INFO: [HLS 200-486] Changing DSP latency (root=add_ln443_5818) to 3 in order to utilize available DSP registers.
INFO: [HLS 200-486] Changing DSP latency (root=add_ln443_5817) to 3 in order to utilize available DSP registers.
INFO: [HLS 200-486] Changing DSP latency (root=add_ln443_5816) to 3 in order to utilize available DSP registers.
INFO: [HLS 200-486] Changing DSP latency (root=add_ln443_5814) to 3 in order to utilize available DSP registers.
INFO: [HLS 200-486] Changing DSP latency (root=add_ln443_5813) to 3 in order to utilize available DSP registers.
INFO: [HLS 200-486] Changing DSP latency (root=add_ln443_5809) to 3 in order to utilize available DSP registers.
INFO: [HLS 200-486] Changing DSP latency (root=add_ln443_5808) to 3 in order to utilize available DSP registers.
INFO: [HLS 200-486] Changing DSP latency (root=add_ln443_5807) to 3 in order to utilize available DSP registers.
INFO: [HLS 200-486] Changing DSP latency (root=add_ln443_5805) to 3 in order to utilize available DSP registers.
INFO: [HLS 200-486] Changing DSP latency (root=add_ln443_5804) to 3 in order to utilize available DSP registers.
INFO: [HLS 200-486] Changing DSP latency (root=add_ln443_5801) to 3 in order to utilize available DSP registers.
INFO: [HLS 200-486] Changing DSP latency (root=add_ln443_5800) to 3 in order to utilize available DSP registers.
INFO: [HLS 200-486] Changing DSP latency (root=add_ln443_5799) to 3 in order to utilize available DSP registers.
INFO: [HLS 200-486] Changing DSP latency (root=add_ln443_5797) to 3 in order to utilize available DSP registers.
INFO: [HLS 200-486] Changing DSP latency (root=add_ln443_5796) to 3 in order to utilize available DSP registers.
INFO: [HLS 200-486] Changing DSP latency (root=add_ln443_5792) to 3 in order to utilize available DSP registers.
INFO: [HLS 200-486] Changing DSP latency (root=add_ln443_5791) to 3 in order to utilize available DSP registers.
INFO: [HLS 200-486] Changing DSP latency (root=add_ln443_5790) to 3 in order to utilize available DSP registers.
INFO: [HLS 200-486] Changing DSP latency (root=add_ln443_5788) to 3 in order to utilize available DSP registers.
INFO: [HLS 200-486] Changing DSP latency (root=add_ln443_5787) to 3 in order to utilize available DSP registers.
INFO: [HLS 200-486] Changing DSP latency (root=add_ln443_5784) to 3 in order to utilize available DSP registers.
INFO: [HLS 200-486] Changing DSP latency (root=add_ln443_5783) to 3 in order to utilize available DSP registers.
INFO: [HLS 200-486] Changing DSP latency (root=add_ln443_5782) to 3 in order to utilize available DSP registers.
INFO: [HLS 200-486] Changing DSP latency (root=add_ln443_5780) to 3 in order to utilize available DSP registers.
INFO: [HLS 200-486] Changing DSP latency (root=add_ln443_5779) to 3 in order to utilize available DSP registers.
INFO: [HLS 200-486] Changing DSP latency (root=add_ln443_5775) to 3 in order to utilize available DSP registers.
INFO: [HLS 200-486] Changing DSP latency (root=add_ln443_5774) to 3 in order to utilize available DSP registers.
INFO: [HLS 200-486] Changing DSP latency (root=add_ln443_5773) to 3 in order to utilize available DSP registers.
INFO: [HLS 200-486] Changing DSP latency (root=add_ln443_5771) to 3 in order to utilize available DSP registers.
INFO: [HLS 200-486] Changing DSP latency (root=add_ln443_5770) to 3 in order to utilize available DSP registers.
INFO: [HLS 200-486] Changing DSP latency (root=add_ln443_5767) to 3 in order to utilize available DSP registers.
INFO: [HLS 200-486] Changing DSP latency (root=add_ln443_5766) to 3 in order to utilize available DSP registers.
INFO: [HLS 200-486] Changing DSP latency (root=add_ln443_5765) to 3 in order to utilize available DSP registers.
INFO: [HLS 200-486] Changing DSP latency (root=add_ln443_5763) to 3 in order to utilize available DSP registers.
INFO: [HLS 200-486] Changing DSP latency (root=add_ln443_5762) to 3 in order to utilize available DSP registers.
INFO: [HLS 200-486] Changing DSP latency (root=add_ln443_5758) to 3 in order to utilize available DSP registers.
INFO: [HLS 200-486] Changing DSP latency (root=add_ln443_5757) to 3 in order to utilize available DSP registers.
INFO: [HLS 200-486] Changing DSP latency (root=add_ln443_5756) to 3 in order to utilize available DSP registers.
INFO: [HLS 200-486] Changing DSP latency (root=add_ln443_5754) to 3 in order to utilize available DSP registers.
INFO: [HLS 200-486] Changing DSP latency (root=add_ln443_5753) to 3 in order to utilize available DSP registers.
INFO: [HLS 200-486] Changing DSP latency (root=add_ln443_5750) to 3 in order to utilize available DSP registers.
INFO: [HLS 200-486] Changing DSP latency (root=add_ln443_5749) to 3 in order to utilize available DSP registers.
INFO: [HLS 200-486] Changing DSP latency (root=add_ln443_5748) to 3 in order to utilize available DSP registers.
INFO: [HLS 200-486] Changing DSP latency (root=add_ln443_5746) to 3 in order to utilize available DSP registers.
INFO: [HLS 200-486] Changing DSP latency (root=add_ln443_5745) to 3 in order to utilize available DSP registers.
INFO: [HLS 200-486] Changing DSP latency (root=add_ln443_5741) to 3 in order to utilize available DSP registers.
INFO: [HLS 200-486] Changing DSP latency (root=add_ln443_5740) to 3 in order to utilize available DSP registers.
INFO: [HLS 200-486] Changing DSP latency (root=add_ln443_5739) to 3 in order to utilize available DSP registers.
INFO: [HLS 200-486] Changing DSP latency (root=add_ln443_5737) to 3 in order to utilize available DSP registers.
INFO: [HLS 200-486] Changing DSP latency (root=add_ln443_5736) to 3 in order to utilize available DSP registers.
INFO: [HLS 200-486] Changing DSP latency (root=add_ln443_5733) to 3 in order to utilize available DSP registers.
INFO: [HLS 200-486] Changing DSP latency (root=add_ln443_5732) to 3 in order to utilize available DSP registers.
INFO: [HLS 200-486] Changing DSP latency (root=add_ln443_5731) to 3 in order to utilize available DSP registers.
INFO: [HLS 200-486] Changing DSP latency (root=add_ln443_5729) to 3 in order to utilize available DSP registers.
INFO: [HLS 200-486] Changing DSP latency (root=add_ln443_5728) to 3 in order to utilize available DSP registers.
INFO: [HLS 200-486] Changing DSP latency (root=add_ln443_5724) to 3 in order to utilize available DSP registers.
INFO: [HLS 200-486] Changing DSP latency (root=add_ln443_5723) to 3 in order to utilize available DSP registers.
INFO: [HLS 200-486] Changing DSP latency (root=add_ln443_5722) to 3 in order to utilize available DSP registers.
INFO: [HLS 200-486] Changing DSP latency (root=add_ln443_5720) to 3 in order to utilize available DSP registers.
INFO: [HLS 200-486] Changing DSP latency (root=add_ln443_5719) to 3 in order to utilize available DSP registers.
INFO: [HLS 200-486] Changing DSP latency (root=add_ln443_5716) to 3 in order to utilize available DSP registers.
INFO: [HLS 200-486] Changing DSP latency (root=add_ln443_5715) to 3 in order to utilize available DSP registers.
INFO: [HLS 200-486] Changing DSP latency (root=add_ln443_5714) to 3 in order to utilize available DSP registers.
INFO: [HLS 200-486] Changing DSP latency (root=add_ln443_5712) to 3 in order to utilize available DSP registers.
INFO: [HLS 200-486] Changing DSP latency (root=add_ln443_5711) to 3 in order to utilize available DSP registers.
INFO: [HLS 200-486] Changing DSP latency (root=add_ln443_5707) to 3 in order to utilize available DSP registers.
INFO: [HLS 200-486] Changing DSP latency (root=add_ln443_5706) to 3 in order to utilize available DSP registers.
INFO: [HLS 200-486] Changing DSP latency (root=add_ln443_5705) to 3 in order to utilize available DSP registers.
INFO: [HLS 200-486] Changing DSP latency (root=add_ln443_5703) to 3 in order to utilize available DSP registers.
INFO: [HLS 200-486] Changing DSP latency (root=add_ln443_5702) to 3 in order to utilize available DSP registers.
INFO: [HLS 200-486] Changing DSP latency (root=add_ln443_5699) to 3 in order to utilize available DSP registers.
INFO: [HLS 200-486] Changing DSP latency (root=add_ln443_5698) to 3 in order to utilize available DSP registers.
INFO: [HLS 200-486] Changing DSP latency (root=add_ln443_5697) to 3 in order to utilize available DSP registers.
INFO: [HLS 200-486] Changing DSP latency (root=add_ln443_5695) to 3 in order to utilize available DSP registers.
INFO: [HLS 200-486] Changing DSP latency (root=add_ln443_5694) to 3 in order to utilize available DSP registers.
INFO: [HLS 200-486] Changing DSP latency (root=add_ln443_5690) to 3 in order to utilize available DSP registers.
INFO: [HLS 200-486] Changing DSP latency (root=add_ln443_5689) to 3 in order to utilize available DSP registers.
INFO: [HLS 200-486] Changing DSP latency (root=add_ln443_5688) to 3 in order to utilize available DSP registers.
INFO: [HLS 200-486] Changing DSP latency (root=add_ln443_5686) to 3 in order to utilize available DSP registers.
INFO: [HLS 200-486] Changing DSP latency (root=add_ln443_5685) to 3 in order to utilize available DSP registers.
INFO: [HLS 200-486] Changing DSP latency (root=add_ln443_5682) to 3 in order to utilize available DSP registers.
INFO: [HLS 200-486] Changing DSP latency (root=add_ln443_5681) to 3 in order to utilize available DSP registers.
INFO: [HLS 200-486] Changing DSP latency (root=add_ln443_5680) to 3 in order to utilize available DSP registers.
INFO: [HLS 200-486] Changing DSP latency (root=add_ln443_5678) to 3 in order to utilize available DSP registers.
INFO: [HLS 200-486] Changing DSP latency (root=add_ln443_5677) to 3 in order to utilize available DSP registers.
INFO: [HLS 200-486] Changing DSP latency (root=add_ln443_5673) to 3 in order to utilize available DSP registers.
INFO: [HLS 200-486] Changing DSP latency (root=add_ln443_5672) to 3 in order to utilize available DSP registers.
INFO: [HLS 200-486] Changing DSP latency (root=add_ln443_5671) to 3 in order to utilize available DSP registers.
INFO: [HLS 200-486] Changing DSP latency (root=add_ln443_5669) to 3 in order to utilize available DSP registers.
INFO: [HLS 200-486] Changing DSP latency (root=add_ln443_5668) to 3 in order to utilize available DSP registers.
INFO: [HLS 200-486] Changing DSP latency (root=add_ln443_5665) to 3 in order to utilize available DSP registers.
INFO: [HLS 200-486] Changing DSP latency (root=add_ln443_5664) to 3 in order to utilize available DSP registers.
INFO: [HLS 200-486] Changing DSP latency (root=add_ln443_5663) to 3 in order to utilize available DSP registers.
INFO: [HLS 200-486] Changing DSP latency (root=add_ln443_5661) to 3 in order to utilize available DSP registers.
INFO: [HLS 200-486] Changing DSP latency (root=add_ln443_5660) to 3 in order to utilize available DSP registers.
INFO: [HLS 200-486] Changing DSP latency (root=add_ln443_5656) to 3 in order to utilize available DSP registers.
INFO: [HLS 200-486] Changing DSP latency (root=add_ln443_5655) to 3 in order to utilize available DSP registers.
INFO: [HLS 200-486] Changing DSP latency (root=add_ln443_5654) to 3 in order to utilize available DSP registers.
INFO: [HLS 200-486] Changing DSP latency (root=add_ln443_5652) to 3 in order to utilize available DSP registers.
INFO: [HLS 200-486] Changing DSP latency (root=add_ln443_5651) to 3 in order to utilize available DSP registers.
INFO: [HLS 200-486] Changing DSP latency (root=add_ln443_5648) to 3 in order to utilize available DSP registers.
INFO: [HLS 200-486] Changing DSP latency (root=add_ln443_5647) to 3 in order to utilize available DSP registers.
INFO: [HLS 200-486] Changing DSP latency (root=add_ln443_5646) to 3 in order to utilize available DSP registers.
INFO: [HLS 200-486] Changing DSP latency (root=add_ln443_5644) to 3 in order to utilize available DSP registers.
INFO: [HLS 200-486] Changing DSP latency (root=add_ln443_5643) to 3 in order to utilize available DSP registers.
INFO: [HLS 200-486] Changing DSP latency (root=add_ln443_5639) to 3 in order to utilize available DSP registers.
INFO: [HLS 200-486] Changing DSP latency (root=add_ln443_5638) to 3 in order to utilize available DSP registers.
INFO: [HLS 200-486] Changing DSP latency (root=add_ln443_5637) to 3 in order to utilize available DSP registers.
INFO: [HLS 200-486] Changing DSP latency (root=add_ln443_5635) to 3 in order to utilize available DSP registers.
INFO: [HLS 200-486] Changing DSP latency (root=add_ln443_5634) to 3 in order to utilize available DSP registers.
INFO: [HLS 200-486] Changing DSP latency (root=add_ln443_5631) to 3 in order to utilize available DSP registers.
INFO: [HLS 200-486] Changing DSP latency (root=add_ln443_5630) to 3 in order to utilize available DSP registers.
INFO: [HLS 200-486] Changing DSP latency (root=add_ln443_5629) to 3 in order to utilize available DSP registers.
INFO: [HLS 200-486] Changing DSP latency (root=add_ln443_5627) to 3 in order to utilize available DSP registers.
INFO: [HLS 200-486] Changing DSP latency (root=add_ln443_5626) to 3 in order to utilize available DSP registers.
INFO: [HLS 200-486] Changing DSP latency (root=add_ln443_5622) to 3 in order to utilize available DSP registers.
INFO: [HLS 200-486] Changing DSP latency (root=add_ln443_5621) to 3 in order to utilize available DSP registers.
INFO: [HLS 200-486] Changing DSP latency (root=add_ln443_5620) to 3 in order to utilize available DSP registers.
INFO: [HLS 200-486] Changing DSP latency (root=add_ln443_5618) to 3 in order to utilize available DSP registers.
INFO: [HLS 200-486] Changing DSP latency (root=add_ln443_5617) to 3 in order to utilize available DSP registers.
INFO: [HLS 200-486] Changing DSP latency (root=add_ln443_5614) to 3 in order to utilize available DSP registers.
INFO: [HLS 200-486] Changing DSP latency (root=add_ln443_5613) to 3 in order to utilize available DSP registers.
INFO: [HLS 200-486] Changing DSP latency (root=add_ln443_5612) to 3 in order to utilize available DSP registers.
INFO: [HLS 200-486] Changing DSP latency (root=add_ln443_5610) to 3 in order to utilize available DSP registers.
INFO: [HLS 200-486] Changing DSP latency (root=add_ln443_5609) to 3 in order to utilize available DSP registers.
INFO: [HLS 200-486] Changing DSP latency (root=add_ln443_5605) to 3 in order to utilize available DSP registers.
INFO: [HLS 200-486] Changing DSP latency (root=add_ln443_5604) to 3 in order to utilize available DSP registers.
INFO: [HLS 200-486] Changing DSP latency (root=add_ln443_5603) to 3 in order to utilize available DSP registers.
INFO: [HLS 200-486] Changing DSP latency (root=add_ln443_5601) to 3 in order to utilize available DSP registers.
INFO: [HLS 200-486] Changing DSP latency (root=add_ln443_5600) to 3 in order to utilize available DSP registers.
INFO: [HLS 200-486] Changing DSP latency (root=add_ln443_5597) to 3 in order to utilize available DSP registers.
INFO: [HLS 200-486] Changing DSP latency (root=add_ln443_5596) to 3 in order to utilize available DSP registers.
INFO: [HLS 200-486] Changing DSP latency (root=add_ln443_5595) to 3 in order to utilize available DSP registers.
INFO: [HLS 200-486] Changing DSP latency (root=add_ln443_5593) to 3 in order to utilize available DSP registers.
INFO: [HLS 200-486] Changing DSP latency (root=add_ln443_5592) to 3 in order to utilize available DSP registers.
INFO: [HLS 200-486] Changing DSP latency (root=add_ln443_5588) to 3 in order to utilize available DSP registers.
INFO: [HLS 200-486] Changing DSP latency (root=add_ln443_5587) to 3 in order to utilize available DSP registers.
INFO: [HLS 200-486] Changing DSP latency (root=add_ln443_5586) to 3 in order to utilize available DSP registers.
INFO: [HLS 200-486] Changing DSP latency (root=add_ln443_5584) to 3 in order to utilize available DSP registers.
INFO: [HLS 200-486] Changing DSP latency (root=add_ln443_5583) to 3 in order to utilize available DSP registers.
INFO: [HLS 200-486] Changing DSP latency (root=add_ln443_5580) to 3 in order to utilize available DSP registers.
INFO: [HLS 200-486] Changing DSP latency (root=add_ln443_5579) to 3 in order to utilize available DSP registers.
INFO: [HLS 200-486] Changing DSP latency (root=add_ln443_5578) to 3 in order to utilize available DSP registers.
INFO: [HLS 200-486] Changing DSP latency (root=add_ln443_5576) to 3 in order to utilize available DSP registers.
INFO: [HLS 200-486] Changing DSP latency (root=add_ln443_5575) to 3 in order to utilize available DSP registers.
INFO: [HLS 200-486] Changing DSP latency (root=add_ln443_5571) to 3 in order to utilize available DSP registers.
INFO: [HLS 200-486] Changing DSP latency (root=add_ln443_5570) to 3 in order to utilize available DSP registers.
INFO: [HLS 200-486] Changing DSP latency (root=add_ln443_5569) to 3 in order to utilize available DSP registers.
INFO: [HLS 200-486] Changing DSP latency (root=add_ln443_5567) to 3 in order to utilize available DSP registers.
INFO: [HLS 200-486] Changing DSP latency (root=add_ln443_5566) to 3 in order to utilize available DSP registers.
INFO: [HLS 200-486] Changing DSP latency (root=add_ln443_5563) to 3 in order to utilize available DSP registers.
INFO: [HLS 200-486] Changing DSP latency (root=add_ln443_5562) to 3 in order to utilize available DSP registers.
INFO: [HLS 200-486] Changing DSP latency (root=add_ln443_5561) to 3 in order to utilize available DSP registers.
INFO: [HLS 200-486] Changing DSP latency (root=add_ln443_5559) to 3 in order to utilize available DSP registers.
INFO: [HLS 200-486] Changing DSP latency (root=add_ln443_5558) to 3 in order to utilize available DSP registers.
INFO: [HLS 200-486] Changing DSP latency (root=add_ln443_5554) to 3 in order to utilize available DSP registers.
INFO: [HLS 200-486] Changing DSP latency (root=add_ln443_5553) to 3 in order to utilize available DSP registers.
INFO: [HLS 200-486] Changing DSP latency (root=add_ln443_5552) to 3 in order to utilize available DSP registers.
INFO: [HLS 200-486] Changing DSP latency (root=add_ln443_5550) to 3 in order to utilize available DSP registers.
INFO: [HLS 200-486] Changing DSP latency (root=add_ln443_5549) to 3 in order to utilize available DSP registers.
INFO: [HLS 200-486] Changing DSP latency (root=add_ln443_5546) to 3 in order to utilize available DSP registers.
INFO: [HLS 200-486] Changing DSP latency (root=add_ln443_5545) to 3 in order to utilize available DSP registers.
INFO: [HLS 200-486] Changing DSP latency (root=add_ln443_5544) to 3 in order to utilize available DSP registers.
INFO: [HLS 200-486] Changing DSP latency (root=add_ln443_5542) to 3 in order to utilize available DSP registers.
INFO: [HLS 200-486] Changing DSP latency (root=add_ln443_5541) to 3 in order to utilize available DSP registers.
INFO: [HLS 200-486] Changing DSP latency (root=add_ln443_5537) to 3 in order to utilize available DSP registers.
INFO: [HLS 200-486] Changing DSP latency (root=add_ln443_5536) to 3 in order to utilize available DSP registers.
INFO: [HLS 200-486] Changing DSP latency (root=add_ln443_5535) to 3 in order to utilize available DSP registers.
INFO: [HLS 200-486] Changing DSP latency (root=add_ln443_5533) to 3 in order to utilize available DSP registers.
INFO: [HLS 200-486] Changing DSP latency (root=add_ln443_5532) to 3 in order to utilize available DSP registers.
INFO: [HLS 200-486] Changing DSP latency (root=add_ln443_5529) to 3 in order to utilize available DSP registers.
INFO: [HLS 200-486] Changing DSP latency (root=add_ln443_5528) to 3 in order to utilize available DSP registers.
INFO: [HLS 200-486] Changing DSP latency (root=add_ln443_5527) to 3 in order to utilize available DSP registers.
INFO: [HLS 200-486] Changing DSP latency (root=add_ln443_5525) to 3 in order to utilize available DSP registers.
INFO: [HLS 200-486] Changing DSP latency (root=add_ln443_5524) to 3 in order to utilize available DSP registers.
INFO: [HLS 200-486] Changing DSP latency (root=add_ln443_5520) to 3 in order to utilize available DSP registers.
INFO: [HLS 200-486] Changing DSP latency (root=add_ln443_5519) to 3 in order to utilize available DSP registers.
INFO: [HLS 200-486] Changing DSP latency (root=add_ln443_5518) to 3 in order to utilize available DSP registers.
INFO: [HLS 200-486] Changing DSP latency (root=add_ln443_5516) to 3 in order to utilize available DSP registers.
INFO: [HLS 200-486] Changing DSP latency (root=add_ln443_5515) to 3 in order to utilize available DSP registers.
INFO: [HLS 200-486] Changing DSP latency (root=add_ln443_5512) to 3 in order to utilize available DSP registers.
INFO: [HLS 200-486] Changing DSP latency (root=add_ln443_5511) to 3 in order to utilize available DSP registers.
INFO: [HLS 200-486] Changing DSP latency (root=add_ln443_5510) to 3 in order to utilize available DSP registers.
INFO: [HLS 200-486] Changing DSP latency (root=add_ln443_5508) to 3 in order to utilize available DSP registers.
INFO: [HLS 200-486] Changing DSP latency (root=add_ln443_5507) to 3 in order to utilize available DSP registers.
INFO: [HLS 200-486] Changing DSP latency (root=add_ln443_5503) to 3 in order to utilize available DSP registers.
INFO: [HLS 200-486] Changing DSP latency (root=add_ln443_5502) to 3 in order to utilize available DSP registers.
INFO: [HLS 200-486] Changing DSP latency (root=add_ln443_5501) to 3 in order to utilize available DSP registers.
INFO: [HLS 200-486] Changing DSP latency (root=add_ln443_5499) to 3 in order to utilize available DSP registers.
INFO: [HLS 200-486] Changing DSP latency (root=add_ln443_5498) to 3 in order to utilize available DSP registers.
INFO: [HLS 200-486] Changing DSP latency (root=add_ln443_5495) to 3 in order to utilize available DSP registers.
INFO: [HLS 200-486] Changing DSP latency (root=add_ln443_5494) to 3 in order to utilize available DSP registers.
INFO: [HLS 200-486] Changing DSP latency (root=add_ln443_5493) to 3 in order to utilize available DSP registers.
INFO: [HLS 200-486] Changing DSP latency (root=add_ln443_5491) to 3 in order to utilize available DSP registers.
INFO: [HLS 200-486] Changing DSP latency (root=add_ln443_5490) to 3 in order to utilize available DSP registers.
INFO: [HLS 200-486] Changing DSP latency (root=add_ln443_5486) to 3 in order to utilize available DSP registers.
INFO: [HLS 200-486] Changing DSP latency (root=add_ln443_5485) to 3 in order to utilize available DSP registers.
INFO: [HLS 200-486] Changing DSP latency (root=add_ln443_5484) to 3 in order to utilize available DSP registers.
INFO: [HLS 200-486] Changing DSP latency (root=add_ln443_5482) to 3 in order to utilize available DSP registers.
INFO: [HLS 200-486] Changing DSP latency (root=add_ln443_5481) to 3 in order to utilize available DSP registers.
INFO: [HLS 200-486] Changing DSP latency (root=add_ln443_5478) to 3 in order to utilize available DSP registers.
INFO: [HLS 200-486] Changing DSP latency (root=add_ln443_5477) to 3 in order to utilize available DSP registers.
INFO: [HLS 200-486] Changing DSP latency (root=add_ln443_5476) to 3 in order to utilize available DSP registers.
INFO: [HLS 200-486] Changing DSP latency (root=add_ln443_5474) to 3 in order to utilize available DSP registers.
INFO: [HLS 200-486] Changing DSP latency (root=add_ln443_5473) to 3 in order to utilize available DSP registers.
INFO: [HLS 200-486] Changing DSP latency (root=add_ln443_5469) to 3 in order to utilize available DSP registers.
INFO: [HLS 200-486] Changing DSP latency (root=add_ln443_5468) to 3 in order to utilize available DSP registers.
INFO: [HLS 200-486] Changing DSP latency (root=add_ln443_5467) to 3 in order to utilize available DSP registers.
INFO: [HLS 200-486] Changing DSP latency (root=add_ln443_5465) to 3 in order to utilize available DSP registers.
INFO: [HLS 200-486] Changing DSP latency (root=add_ln443_5464) to 3 in order to utilize available DSP registers.
INFO: [HLS 200-486] Changing DSP latency (root=add_ln443_5461) to 3 in order to utilize available DSP registers.
INFO: [HLS 200-486] Changing DSP latency (root=add_ln443_5460) to 3 in order to utilize available DSP registers.
INFO: [HLS 200-486] Changing DSP latency (root=add_ln443_5459) to 3 in order to utilize available DSP registers.
INFO: [HLS 200-486] Changing DSP latency (root=add_ln443_5457) to 3 in order to utilize available DSP registers.
INFO: [HLS 200-486] Changing DSP latency (root=add_ln443_5456) to 3 in order to utilize available DSP registers.
INFO: [HLS 200-486] Changing DSP latency (root=add_ln443_5452) to 3 in order to utilize available DSP registers.
INFO: [HLS 200-486] Changing DSP latency (root=add_ln443_5451) to 3 in order to utilize available DSP registers.
INFO: [HLS 200-486] Changing DSP latency (root=add_ln443_5450) to 3 in order to utilize available DSP registers.
INFO: [HLS 200-486] Changing DSP latency (root=add_ln443_5448) to 3 in order to utilize available DSP registers.
INFO: [HLS 200-486] Changing DSP latency (root=add_ln443_5447) to 3 in order to utilize available DSP registers.
INFO: [HLS 200-486] Changing DSP latency (root=add_ln443_5444) to 3 in order to utilize available DSP registers.
INFO: [HLS 200-486] Changing DSP latency (root=add_ln443_5443) to 3 in order to utilize available DSP registers.
INFO: [HLS 200-486] Changing DSP latency (root=add_ln443_5442) to 3 in order to utilize available DSP registers.
INFO: [HLS 200-486] Changing DSP latency (root=add_ln443_5440) to 3 in order to utilize available DSP registers.
INFO: [HLS 200-486] Changing DSP latency (root=add_ln443_5439) to 3 in order to utilize available DSP registers.
INFO: [HLS 200-486] Changing DSP latency (root=add_ln443_5435) to 3 in order to utilize available DSP registers.
INFO: [HLS 200-486] Changing DSP latency (root=add_ln443_5434) to 3 in order to utilize available DSP registers.
INFO: [HLS 200-486] Changing DSP latency (root=add_ln443_5433) to 3 in order to utilize available DSP registers.
INFO: [HLS 200-486] Changing DSP latency (root=add_ln443_5431) to 3 in order to utilize available DSP registers.
INFO: [HLS 200-486] Changing DSP latency (root=add_ln443_5430) to 3 in order to utilize available DSP registers.
INFO: [HLS 200-486] Changing DSP latency (root=add_ln443_5427) to 3 in order to utilize available DSP registers.
INFO: [HLS 200-486] Changing DSP latency (root=add_ln443_5426) to 3 in order to utilize available DSP registers.
INFO: [HLS 200-486] Changing DSP latency (root=add_ln443_5425) to 3 in order to utilize available DSP registers.
INFO: [HLS 200-486] Changing DSP latency (root=add_ln443_5423) to 3 in order to utilize available DSP registers.
INFO: [HLS 200-486] Changing DSP latency (root=add_ln443_5422) to 3 in order to utilize available DSP registers.
INFO: [HLS 200-486] Changing DSP latency (root=add_ln443_5418) to 3 in order to utilize available DSP registers.
INFO: [HLS 200-486] Changing DSP latency (root=add_ln443_5417) to 3 in order to utilize available DSP registers.
INFO: [HLS 200-486] Changing DSP latency (root=add_ln443_5416) to 3 in order to utilize available DSP registers.
INFO: [HLS 200-486] Changing DSP latency (root=add_ln443_5414) to 3 in order to utilize available DSP registers.
INFO: [HLS 200-486] Changing DSP latency (root=add_ln443_5413) to 3 in order to utilize available DSP registers.
INFO: [HLS 200-486] Changing DSP latency (root=add_ln443_5410) to 3 in order to utilize available DSP registers.
INFO: [HLS 200-486] Changing DSP latency (root=add_ln443_5409) to 3 in order to utilize available DSP registers.
INFO: [HLS 200-486] Changing DSP latency (root=add_ln443_5408) to 3 in order to utilize available DSP registers.
INFO: [HLS 200-486] Changing DSP latency (root=add_ln443_5406) to 3 in order to utilize available DSP registers.
INFO: [HLS 200-486] Changing DSP latency (root=add_ln443_5405) to 3 in order to utilize available DSP registers.
INFO: [HLS 200-486] Changing DSP latency (root=add_ln443_5401) to 3 in order to utilize available DSP registers.
INFO: [HLS 200-486] Changing DSP latency (root=add_ln443_5400) to 3 in order to utilize available DSP registers.
INFO: [HLS 200-486] Changing DSP latency (root=add_ln443_5399) to 3 in order to utilize available DSP registers.
INFO: [HLS 200-486] Changing DSP latency (root=add_ln443_5397) to 3 in order to utilize available DSP registers.
INFO: [HLS 200-486] Changing DSP latency (root=add_ln443_5396) to 3 in order to utilize available DSP registers.
INFO: [HLS 200-486] Changing DSP latency (root=add_ln443_5393) to 3 in order to utilize available DSP registers.
INFO: [HLS 200-486] Changing DSP latency (root=add_ln443_5392) to 3 in order to utilize available DSP registers.
INFO: [HLS 200-486] Changing DSP latency (root=add_ln443_5391) to 3 in order to utilize available DSP registers.
INFO: [HLS 200-486] Changing DSP latency (root=add_ln443_5389) to 3 in order to utilize available DSP registers.
INFO: [HLS 200-486] Changing DSP latency (root=add_ln443_5388) to 3 in order to utilize available DSP registers.
INFO: [HLS 200-486] Changing DSP latency (root=add_ln443_5384) to 3 in order to utilize available DSP registers.
INFO: [HLS 200-486] Changing DSP latency (root=add_ln443_5383) to 3 in order to utilize available DSP registers.
INFO: [HLS 200-486] Changing DSP latency (root=add_ln443_5382) to 3 in order to utilize available DSP registers.
INFO: [HLS 200-486] Changing DSP latency (root=add_ln443_5380) to 3 in order to utilize available DSP registers.
INFO: [HLS 200-486] Changing DSP latency (root=add_ln443_5379) to 3 in order to utilize available DSP registers.
INFO: [HLS 200-486] Changing DSP latency (root=add_ln443_5376) to 3 in order to utilize available DSP registers.
INFO: [HLS 200-486] Changing DSP latency (root=add_ln443_5375) to 3 in order to utilize available DSP registers.
INFO: [HLS 200-486] Changing DSP latency (root=add_ln443_5374) to 3 in order to utilize available DSP registers.
INFO: [HLS 200-486] Changing DSP latency (root=add_ln443_5372) to 3 in order to utilize available DSP registers.
INFO: [HLS 200-486] Changing DSP latency (root=add_ln443_5371) to 3 in order to utilize available DSP registers.
INFO: [HLS 200-486] Changing DSP latency (root=add_ln443_5367) to 3 in order to utilize available DSP registers.
INFO: [HLS 200-486] Changing DSP latency (root=add_ln443_5366) to 3 in order to utilize available DSP registers.
INFO: [HLS 200-486] Changing DSP latency (root=add_ln443_5365) to 3 in order to utilize available DSP registers.
INFO: [HLS 200-486] Changing DSP latency (root=add_ln443_5363) to 3 in order to utilize available DSP registers.
INFO: [HLS 200-486] Changing DSP latency (root=add_ln443_5362) to 3 in order to utilize available DSP registers.
INFO: [HLS 200-486] Changing DSP latency (root=add_ln443_5359) to 3 in order to utilize available DSP registers.
INFO: [HLS 200-486] Changing DSP latency (root=add_ln443_5358) to 3 in order to utilize available DSP registers.
INFO: [HLS 200-486] Changing DSP latency (root=add_ln443_5357) to 3 in order to utilize available DSP registers.
INFO: [HLS 200-486] Changing DSP latency (root=add_ln443_5355) to 3 in order to utilize available DSP registers.
INFO: [HLS 200-486] Changing DSP latency (root=add_ln443_5354) to 3 in order to utilize available DSP registers.
INFO: [HLS 200-486] Changing DSP latency (root=add_ln443_5350) to 3 in order to utilize available DSP registers.
INFO: [HLS 200-486] Changing DSP latency (root=add_ln443_5349) to 3 in order to utilize available DSP registers.
INFO: [HLS 200-486] Changing DSP latency (root=add_ln443_5348) to 3 in order to utilize available DSP registers.
INFO: [HLS 200-486] Changing DSP latency (root=add_ln443_5346) to 3 in order to utilize available DSP registers.
INFO: [HLS 200-486] Changing DSP latency (root=add_ln443_5345) to 3 in order to utilize available DSP registers.
INFO: [HLS 200-486] Changing DSP latency (root=add_ln443_5342) to 3 in order to utilize available DSP registers.
INFO: [HLS 200-486] Changing DSP latency (root=add_ln443_5341) to 3 in order to utilize available DSP registers.
INFO: [HLS 200-486] Changing DSP latency (root=add_ln443_5340) to 3 in order to utilize available DSP registers.
INFO: [HLS 200-486] Changing DSP latency (root=add_ln443_5338) to 3 in order to utilize available DSP registers.
INFO: [HLS 200-486] Changing DSP latency (root=add_ln443_5337) to 3 in order to utilize available DSP registers.
INFO: [HLS 200-486] Changing DSP latency (root=add_ln443_5333) to 3 in order to utilize available DSP registers.
INFO: [HLS 200-486] Changing DSP latency (root=add_ln443_5332) to 3 in order to utilize available DSP registers.
INFO: [HLS 200-486] Changing DSP latency (root=add_ln443_5331) to 3 in order to utilize available DSP registers.
INFO: [HLS 200-486] Changing DSP latency (root=add_ln443_5329) to 3 in order to utilize available DSP registers.
INFO: [HLS 200-486] Changing DSP latency (root=add_ln443_5328) to 3 in order to utilize available DSP registers.
INFO: [HLS 200-486] Changing DSP latency (root=add_ln443_5325) to 3 in order to utilize available DSP registers.
INFO: [HLS 200-486] Changing DSP latency (root=add_ln443_5324) to 3 in order to utilize available DSP registers.
INFO: [HLS 200-486] Changing DSP latency (root=add_ln443_5323) to 3 in order to utilize available DSP registers.
INFO: [HLS 200-486] Changing DSP latency (root=add_ln443_5321) to 3 in order to utilize available DSP registers.
INFO: [HLS 200-486] Changing DSP latency (root=add_ln443_5320) to 3 in order to utilize available DSP registers.
INFO: [HLS 200-486] Changing DSP latency (root=add_ln443_5316) to 3 in order to utilize available DSP registers.
INFO: [HLS 200-486] Changing DSP latency (root=add_ln443_5315) to 3 in order to utilize available DSP registers.
INFO: [HLS 200-486] Changing DSP latency (root=add_ln443_5314) to 3 in order to utilize available DSP registers.
INFO: [HLS 200-486] Changing DSP latency (root=add_ln443_5312) to 3 in order to utilize available DSP registers.
INFO: [HLS 200-486] Changing DSP latency (root=add_ln443_5311) to 3 in order to utilize available DSP registers.
INFO: [HLS 200-486] Changing DSP latency (root=add_ln443_5308) to 3 in order to utilize available DSP registers.
INFO: [HLS 200-486] Changing DSP latency (root=add_ln443_5307) to 3 in order to utilize available DSP registers.
INFO: [HLS 200-486] Changing DSP latency (root=add_ln443_5306) to 3 in order to utilize available DSP registers.
INFO: [HLS 200-486] Changing DSP latency (root=add_ln443_5304) to 3 in order to utilize available DSP registers.
INFO: [HLS 200-486] Changing DSP latency (root=add_ln443_5303) to 3 in order to utilize available DSP registers.
INFO: [HLS 200-486] Changing DSP latency (root=add_ln443_5299) to 3 in order to utilize available DSP registers.
INFO: [HLS 200-486] Changing DSP latency (root=add_ln443_5298) to 3 in order to utilize available DSP registers.
INFO: [HLS 200-486] Changing DSP latency (root=add_ln443_5297) to 3 in order to utilize available DSP registers.
INFO: [HLS 200-486] Changing DSP latency (root=add_ln443_5295) to 3 in order to utilize available DSP registers.
INFO: [HLS 200-486] Changing DSP latency (root=add_ln443_5294) to 3 in order to utilize available DSP registers.
INFO: [HLS 200-486] Changing DSP latency (root=add_ln443_5291) to 3 in order to utilize available DSP registers.
INFO: [HLS 200-486] Changing DSP latency (root=add_ln443_5290) to 3 in order to utilize available DSP registers.
INFO: [HLS 200-486] Changing DSP latency (root=add_ln443_5289) to 3 in order to utilize available DSP registers.
INFO: [HLS 200-486] Changing DSP latency (root=add_ln443_5287) to 3 in order to utilize available DSP registers.
INFO: [HLS 200-486] Changing DSP latency (root=add_ln443_5286) to 3 in order to utilize available DSP registers.
INFO: [HLS 200-486] Changing DSP latency (root=add_ln443_5282) to 3 in order to utilize available DSP registers.
INFO: [HLS 200-486] Changing DSP latency (root=add_ln443_5281) to 3 in order to utilize available DSP registers.
INFO: [HLS 200-486] Changing DSP latency (root=add_ln443_5280) to 3 in order to utilize available DSP registers.
INFO: [HLS 200-486] Changing DSP latency (root=add_ln443_5278) to 3 in order to utilize available DSP registers.
INFO: [HLS 200-486] Changing DSP latency (root=add_ln443_5277) to 3 in order to utilize available DSP registers.
INFO: [HLS 200-486] Changing DSP latency (root=add_ln443_5274) to 3 in order to utilize available DSP registers.
INFO: [HLS 200-486] Changing DSP latency (root=add_ln443_5273) to 3 in order to utilize available DSP registers.
INFO: [HLS 200-486] Changing DSP latency (root=add_ln443_5272) to 3 in order to utilize available DSP registers.
INFO: [HLS 200-486] Changing DSP latency (root=add_ln443_5270) to 3 in order to utilize available DSP registers.
INFO: [HLS 200-486] Changing DSP latency (root=add_ln443_5269) to 3 in order to utilize available DSP registers.
INFO: [HLS 200-486] Changing DSP latency (root=add_ln443_5265) to 3 in order to utilize available DSP registers.
INFO: [HLS 200-486] Changing DSP latency (root=add_ln443_5264) to 3 in order to utilize available DSP registers.
INFO: [HLS 200-486] Changing DSP latency (root=add_ln443_5263) to 3 in order to utilize available DSP registers.
INFO: [HLS 200-486] Changing DSP latency (root=add_ln443_5261) to 3 in order to utilize available DSP registers.
INFO: [HLS 200-486] Changing DSP latency (root=add_ln443_5260) to 3 in order to utilize available DSP registers.
INFO: [HLS 200-486] Changing DSP latency (root=add_ln443_5257) to 3 in order to utilize available DSP registers.
INFO: [HLS 200-486] Changing DSP latency (root=add_ln443_5256) to 3 in order to utilize available DSP registers.
INFO: [HLS 200-486] Changing DSP latency (root=add_ln443_5255) to 3 in order to utilize available DSP registers.
INFO: [HLS 200-486] Changing DSP latency (root=add_ln443_5253) to 3 in order to utilize available DSP registers.
INFO: [HLS 200-486] Changing DSP latency (root=add_ln443_5252) to 3 in order to utilize available DSP registers.
INFO: [HLS 200-486] Changing DSP latency (root=add_ln443_5248) to 3 in order to utilize available DSP registers.
INFO: [HLS 200-486] Changing DSP latency (root=add_ln443_5247) to 3 in order to utilize available DSP registers.
INFO: [HLS 200-486] Changing DSP latency (root=add_ln443_5246) to 3 in order to utilize available DSP registers.
INFO: [HLS 200-486] Changing DSP latency (root=add_ln443_5244) to 3 in order to utilize available DSP registers.
INFO: [HLS 200-486] Changing DSP latency (root=add_ln443_5243) to 3 in order to utilize available DSP registers.
INFO: [HLS 200-486] Changing DSP latency (root=add_ln443_5240) to 3 in order to utilize available DSP registers.
INFO: [HLS 200-486] Changing DSP latency (root=add_ln443_5239) to 3 in order to utilize available DSP registers.
INFO: [HLS 200-486] Changing DSP latency (root=add_ln443_5238) to 3 in order to utilize available DSP registers.
INFO: [HLS 200-486] Changing DSP latency (root=add_ln443_5236) to 3 in order to utilize available DSP registers.
INFO: [HLS 200-486] Changing DSP latency (root=add_ln443_5235) to 3 in order to utilize available DSP registers.
INFO: [HLS 200-486] Changing DSP latency (root=add_ln443_5231) to 3 in order to utilize available DSP registers.
INFO: [HLS 200-486] Changing DSP latency (root=add_ln443_5230) to 3 in order to utilize available DSP registers.
INFO: [HLS 200-486] Changing DSP latency (root=add_ln443_5229) to 3 in order to utilize available DSP registers.
INFO: [HLS 200-486] Changing DSP latency (root=add_ln443_5227) to 3 in order to utilize available DSP registers.
INFO: [HLS 200-486] Changing DSP latency (root=add_ln443_5226) to 3 in order to utilize available DSP registers.
INFO: [HLS 200-486] Changing DSP latency (root=add_ln443_5223) to 3 in order to utilize available DSP registers.
INFO: [HLS 200-486] Changing DSP latency (root=add_ln443_5222) to 3 in order to utilize available DSP registers.
INFO: [HLS 200-486] Changing DSP latency (root=add_ln443_5221) to 3 in order to utilize available DSP registers.
INFO: [HLS 200-486] Changing DSP latency (root=add_ln443_5219) to 3 in order to utilize available DSP registers.
INFO: [HLS 200-486] Changing DSP latency (root=add_ln443_5218) to 3 in order to utilize available DSP registers.
INFO: [HLS 200-486] Changing DSP latency (root=add_ln443_5214) to 3 in order to utilize available DSP registers.
INFO: [HLS 200-486] Changing DSP latency (root=add_ln443_5213) to 3 in order to utilize available DSP registers.
INFO: [HLS 200-486] Changing DSP latency (root=add_ln443_5212) to 3 in order to utilize available DSP registers.
INFO: [HLS 200-486] Changing DSP latency (root=add_ln443_5210) to 3 in order to utilize available DSP registers.
INFO: [HLS 200-486] Changing DSP latency (root=add_ln443_5209) to 3 in order to utilize available DSP registers.
INFO: [HLS 200-486] Changing DSP latency (root=add_ln443_5206) to 3 in order to utilize available DSP registers.
INFO: [HLS 200-486] Changing DSP latency (root=add_ln443_5205) to 3 in order to utilize available DSP registers.
INFO: [HLS 200-486] Changing DSP latency (root=add_ln443_5204) to 3 in order to utilize available DSP registers.
INFO: [HLS 200-486] Changing DSP latency (root=add_ln443_5202) to 3 in order to utilize available DSP registers.
INFO: [HLS 200-486] Changing DSP latency (root=add_ln443_5201) to 3 in order to utilize available DSP registers.
INFO: [HLS 200-486] Changing DSP latency (root=add_ln443_5197) to 3 in order to utilize available DSP registers.
INFO: [HLS 200-486] Changing DSP latency (root=add_ln443_5196) to 3 in order to utilize available DSP registers.
INFO: [HLS 200-486] Changing DSP latency (root=add_ln443_5195) to 3 in order to utilize available DSP registers.
INFO: [HLS 200-486] Changing DSP latency (root=add_ln443_5193) to 3 in order to utilize available DSP registers.
INFO: [HLS 200-486] Changing DSP latency (root=add_ln443_5192) to 3 in order to utilize available DSP registers.
INFO: [HLS 200-486] Changing DSP latency (root=add_ln443_5189) to 3 in order to utilize available DSP registers.
INFO: [HLS 200-486] Changing DSP latency (root=add_ln443_5188) to 3 in order to utilize available DSP registers.
INFO: [HLS 200-486] Changing DSP latency (root=add_ln443_5187) to 3 in order to utilize available DSP registers.
INFO: [HLS 200-486] Changing DSP latency (root=add_ln443_5185) to 3 in order to utilize available DSP registers.
INFO: [HLS 200-486] Changing DSP latency (root=add_ln443_5184) to 3 in order to utilize available DSP registers.
INFO: [HLS 200-486] Changing DSP latency (root=add_ln443_5180) to 3 in order to utilize available DSP registers.
INFO: [HLS 200-486] Changing DSP latency (root=add_ln443_5179) to 3 in order to utilize available DSP registers.
INFO: [HLS 200-486] Changing DSP latency (root=add_ln443_5178) to 3 in order to utilize available DSP registers.
INFO: [HLS 200-486] Changing DSP latency (root=add_ln443_5176) to 3 in order to utilize available DSP registers.
INFO: [HLS 200-486] Changing DSP latency (root=add_ln443_5175) to 3 in order to utilize available DSP registers.
INFO: [HLS 200-486] Changing DSP latency (root=add_ln443_5172) to 3 in order to utilize available DSP registers.
INFO: [HLS 200-486] Changing DSP latency (root=add_ln443_5171) to 3 in order to utilize available DSP registers.
INFO: [HLS 200-486] Changing DSP latency (root=add_ln443_5170) to 3 in order to utilize available DSP registers.
INFO: [HLS 200-486] Changing DSP latency (root=add_ln443_5168) to 3 in order to utilize available DSP registers.
INFO: [HLS 200-486] Changing DSP latency (root=add_ln443_5167) to 3 in order to utilize available DSP registers.
INFO: [HLS 200-486] Changing DSP latency (root=add_ln443_5163) to 3 in order to utilize available DSP registers.
INFO: [HLS 200-486] Changing DSP latency (root=add_ln443_5162) to 3 in order to utilize available DSP registers.
INFO: [HLS 200-486] Changing DSP latency (root=add_ln443_5161) to 3 in order to utilize available DSP registers.
INFO: [HLS 200-486] Changing DSP latency (root=add_ln443_5159) to 3 in order to utilize available DSP registers.
INFO: [HLS 200-486] Changing DSP latency (root=add_ln443_5158) to 3 in order to utilize available DSP registers.
INFO: [HLS 200-486] Changing DSP latency (root=add_ln443_5155) to 3 in order to utilize available DSP registers.
INFO: [HLS 200-486] Changing DSP latency (root=add_ln443_5154) to 3 in order to utilize available DSP registers.
INFO: [HLS 200-486] Changing DSP latency (root=add_ln443_5153) to 3 in order to utilize available DSP registers.
INFO: [HLS 200-486] Changing DSP latency (root=add_ln443_5151) to 3 in order to utilize available DSP registers.
INFO: [HLS 200-486] Changing DSP latency (root=add_ln443_5150) to 3 in order to utilize available DSP registers.
INFO: [HLS 200-486] Changing DSP latency (root=add_ln443_5146) to 3 in order to utilize available DSP registers.
INFO: [HLS 200-486] Changing DSP latency (root=add_ln443_5145) to 3 in order to utilize available DSP registers.
INFO: [HLS 200-486] Changing DSP latency (root=add_ln443_5144) to 3 in order to utilize available DSP registers.
INFO: [HLS 200-486] Changing DSP latency (root=add_ln443_5142) to 3 in order to utilize available DSP registers.
INFO: [HLS 200-486] Changing DSP latency (root=add_ln443_5141) to 3 in order to utilize available DSP registers.
INFO: [HLS 200-486] Changing DSP latency (root=add_ln443_5138) to 3 in order to utilize available DSP registers.
INFO: [HLS 200-486] Changing DSP latency (root=add_ln443_5137) to 3 in order to utilize available DSP registers.
INFO: [HLS 200-486] Changing DSP latency (root=add_ln443_5136) to 3 in order to utilize available DSP registers.
INFO: [HLS 200-486] Changing DSP latency (root=add_ln443_5134) to 3 in order to utilize available DSP registers.
INFO: [HLS 200-486] Changing DSP latency (root=add_ln443_5133) to 3 in order to utilize available DSP registers.
INFO: [HLS 200-486] Changing DSP latency (root=add_ln443_5129) to 3 in order to utilize available DSP registers.
INFO: [HLS 200-486] Changing DSP latency (root=add_ln443_5128) to 3 in order to utilize available DSP registers.
INFO: [HLS 200-486] Changing DSP latency (root=add_ln443_5127) to 3 in order to utilize available DSP registers.
INFO: [HLS 200-486] Changing DSP latency (root=add_ln443_5125) to 3 in order to utilize available DSP registers.
INFO: [HLS 200-486] Changing DSP latency (root=add_ln443_5124) to 3 in order to utilize available DSP registers.
INFO: [HLS 200-486] Changing DSP latency (root=add_ln443_5121) to 3 in order to utilize available DSP registers.
INFO: [HLS 200-486] Changing DSP latency (root=add_ln443_5120) to 3 in order to utilize available DSP registers.
INFO: [HLS 200-486] Changing DSP latency (root=add_ln443_5119) to 3 in order to utilize available DSP registers.
INFO: [HLS 200-486] Changing DSP latency (root=add_ln443_5117) to 3 in order to utilize available DSP registers.
INFO: [HLS 200-486] Changing DSP latency (root=add_ln443_5116) to 3 in order to utilize available DSP registers.
INFO: [HLS 200-486] Changing DSP latency (root=add_ln443_5112) to 3 in order to utilize available DSP registers.
INFO: [HLS 200-486] Changing DSP latency (root=add_ln443_5111) to 3 in order to utilize available DSP registers.
INFO: [HLS 200-486] Changing DSP latency (root=add_ln443_5110) to 3 in order to utilize available DSP registers.
INFO: [HLS 200-486] Changing DSP latency (root=add_ln443_5108) to 3 in order to utilize available DSP registers.
INFO: [HLS 200-486] Changing DSP latency (root=add_ln443_5107) to 3 in order to utilize available DSP registers.
INFO: [HLS 200-486] Changing DSP latency (root=add_ln443_5104) to 3 in order to utilize available DSP registers.
INFO: [HLS 200-486] Changing DSP latency (root=add_ln443_5103) to 3 in order to utilize available DSP registers.
INFO: [HLS 200-486] Changing DSP latency (root=add_ln443_5102) to 3 in order to utilize available DSP registers.
INFO: [HLS 200-486] Changing DSP latency (root=add_ln443_5100) to 3 in order to utilize available DSP registers.
INFO: [HLS 200-486] Changing DSP latency (root=add_ln443_5099) to 3 in order to utilize available DSP registers.
INFO: [HLS 200-486] Changing DSP latency (root=add_ln443_5095) to 3 in order to utilize available DSP registers.
INFO: [HLS 200-486] Changing DSP latency (root=add_ln443_5094) to 3 in order to utilize available DSP registers.
INFO: [HLS 200-486] Changing DSP latency (root=add_ln443_5093) to 3 in order to utilize available DSP registers.
INFO: [HLS 200-486] Changing DSP latency (root=add_ln443_5091) to 3 in order to utilize available DSP registers.
INFO: [HLS 200-486] Changing DSP latency (root=add_ln443_5090) to 3 in order to utilize available DSP registers.
INFO: [HLS 200-486] Changing DSP latency (root=add_ln443_5087) to 3 in order to utilize available DSP registers.
INFO: [HLS 200-486] Changing DSP latency (root=add_ln443_5086) to 3 in order to utilize available DSP registers.
INFO: [HLS 200-486] Changing DSP latency (root=add_ln443_5085) to 3 in order to utilize available DSP registers.
INFO: [HLS 200-486] Changing DSP latency (root=add_ln443_5083) to 3 in order to utilize available DSP registers.
INFO: [HLS 200-486] Changing DSP latency (root=add_ln443_5082) to 3 in order to utilize available DSP registers.
INFO: [HLS 200-486] Changing DSP latency (root=add_ln443_5078) to 3 in order to utilize available DSP registers.
INFO: [HLS 200-486] Changing DSP latency (root=add_ln443_5077) to 3 in order to utilize available DSP registers.
INFO: [HLS 200-486] Changing DSP latency (root=add_ln443_5076) to 3 in order to utilize available DSP registers.
INFO: [HLS 200-486] Changing DSP latency (root=add_ln443_5074) to 3 in order to utilize available DSP registers.
INFO: [HLS 200-486] Changing DSP latency (root=add_ln443_5073) to 3 in order to utilize available DSP registers.
INFO: [HLS 200-486] Changing DSP latency (root=add_ln443_5070) to 3 in order to utilize available DSP registers.
INFO: [HLS 200-486] Changing DSP latency (root=add_ln443_5069) to 3 in order to utilize available DSP registers.
INFO: [HLS 200-486] Changing DSP latency (root=add_ln443_5068) to 3 in order to utilize available DSP registers.
INFO: [HLS 200-486] Changing DSP latency (root=add_ln443_5066) to 3 in order to utilize available DSP registers.
INFO: [HLS 200-486] Changing DSP latency (root=add_ln443_5065) to 3 in order to utilize available DSP registers.
INFO: [HLS 200-486] Changing DSP latency (root=add_ln443_5061) to 3 in order to utilize available DSP registers.
INFO: [HLS 200-486] Changing DSP latency (root=add_ln443_5060) to 3 in order to utilize available DSP registers.
INFO: [HLS 200-486] Changing DSP latency (root=add_ln443_5059) to 3 in order to utilize available DSP registers.
INFO: [HLS 200-486] Changing DSP latency (root=add_ln443_5057) to 3 in order to utilize available DSP registers.
INFO: [HLS 200-486] Changing DSP latency (root=add_ln443_5056) to 3 in order to utilize available DSP registers.
INFO: [HLS 200-486] Changing DSP latency (root=add_ln443_5053) to 3 in order to utilize available DSP registers.
INFO: [HLS 200-486] Changing DSP latency (root=add_ln443_5052) to 3 in order to utilize available DSP registers.
INFO: [HLS 200-486] Changing DSP latency (root=add_ln443_5051) to 3 in order to utilize available DSP registers.
INFO: [HLS 200-486] Changing DSP latency (root=add_ln443_5049) to 3 in order to utilize available DSP registers.
INFO: [HLS 200-486] Changing DSP latency (root=add_ln443_5048) to 3 in order to utilize available DSP registers.
INFO: [HLS 200-486] Changing DSP latency (root=add_ln443_5044) to 3 in order to utilize available DSP registers.
INFO: [HLS 200-486] Changing DSP latency (root=add_ln443_5043) to 3 in order to utilize available DSP registers.
INFO: [HLS 200-486] Changing DSP latency (root=add_ln443_5042) to 3 in order to utilize available DSP registers.
INFO: [HLS 200-486] Changing DSP latency (root=add_ln443_5040) to 3 in order to utilize available DSP registers.
INFO: [HLS 200-486] Changing DSP latency (root=add_ln443_5039) to 3 in order to utilize available DSP registers.
INFO: [HLS 200-486] Changing DSP latency (root=add_ln443_5036) to 3 in order to utilize available DSP registers.
INFO: [HLS 200-486] Changing DSP latency (root=add_ln443_5035) to 3 in order to utilize available DSP registers.
INFO: [HLS 200-486] Changing DSP latency (root=add_ln443_5034) to 3 in order to utilize available DSP registers.
INFO: [HLS 200-486] Changing DSP latency (root=add_ln443_5032) to 3 in order to utilize available DSP registers.
INFO: [HLS 200-486] Changing DSP latency (root=add_ln443_5031) to 3 in order to utilize available DSP registers.
INFO: [HLS 200-486] Changing DSP latency (root=add_ln443_5027) to 3 in order to utilize available DSP registers.
INFO: [HLS 200-486] Changing DSP latency (root=add_ln443_5026) to 3 in order to utilize available DSP registers.
INFO: [HLS 200-486] Changing DSP latency (root=add_ln443_5025) to 3 in order to utilize available DSP registers.
INFO: [HLS 200-486] Changing DSP latency (root=add_ln443_5023) to 3 in order to utilize available DSP registers.
INFO: [HLS 200-486] Changing DSP latency (root=add_ln443_5022) to 3 in order to utilize available DSP registers.
INFO: [HLS 200-486] Changing DSP latency (root=add_ln443_5019) to 3 in order to utilize available DSP registers.
INFO: [HLS 200-486] Changing DSP latency (root=add_ln443_5018) to 3 in order to utilize available DSP registers.
INFO: [HLS 200-486] Changing DSP latency (root=add_ln443_5017) to 3 in order to utilize available DSP registers.
INFO: [HLS 200-486] Changing DSP latency (root=add_ln443_5015) to 3 in order to utilize available DSP registers.
INFO: [HLS 200-486] Changing DSP latency (root=add_ln443_5014) to 3 in order to utilize available DSP registers.
INFO: [HLS 200-486] Changing DSP latency (root=add_ln443_5010) to 3 in order to utilize available DSP registers.
INFO: [HLS 200-486] Changing DSP latency (root=add_ln443_5009) to 3 in order to utilize available DSP registers.
INFO: [HLS 200-486] Changing DSP latency (root=add_ln443_5008) to 3 in order to utilize available DSP registers.
INFO: [HLS 200-486] Changing DSP latency (root=add_ln443_5006) to 3 in order to utilize available DSP registers.
INFO: [HLS 200-486] Changing DSP latency (root=add_ln443_5005) to 3 in order to utilize available DSP registers.
INFO: [HLS 200-486] Changing DSP latency (root=add_ln443_5002) to 3 in order to utilize available DSP registers.
INFO: [HLS 200-486] Changing DSP latency (root=add_ln443_5001) to 3 in order to utilize available DSP registers.
INFO: [HLS 200-486] Changing DSP latency (root=add_ln443_5000) to 3 in order to utilize available DSP registers.
INFO: [HLS 200-486] Changing DSP latency (root=add_ln443_4998) to 3 in order to utilize available DSP registers.
INFO: [HLS 200-486] Changing DSP latency (root=add_ln443_4997) to 3 in order to utilize available DSP registers.
INFO: [HLS 200-486] Changing DSP latency (root=add_ln443_4993) to 3 in order to utilize available DSP registers.
INFO: [HLS 200-486] Changing DSP latency (root=add_ln443_4992) to 3 in order to utilize available DSP registers.
INFO: [HLS 200-486] Changing DSP latency (root=add_ln443_4991) to 3 in order to utilize available DSP registers.
INFO: [HLS 200-486] Changing DSP latency (root=add_ln443_4989) to 3 in order to utilize available DSP registers.
INFO: [HLS 200-486] Changing DSP latency (root=add_ln443_4988) to 3 in order to utilize available DSP registers.
INFO: [HLS 200-486] Changing DSP latency (root=add_ln443_4985) to 3 in order to utilize available DSP registers.
INFO: [HLS 200-486] Changing DSP latency (root=add_ln443_4984) to 3 in order to utilize available DSP registers.
INFO: [HLS 200-486] Changing DSP latency (root=add_ln443_4983) to 3 in order to utilize available DSP registers.
INFO: [HLS 200-486] Changing DSP latency (root=add_ln443_4981) to 3 in order to utilize available DSP registers.
INFO: [HLS 200-486] Changing DSP latency (root=add_ln443_4980) to 3 in order to utilize available DSP registers.
INFO: [HLS 200-486] Changing DSP latency (root=add_ln443_4976) to 3 in order to utilize available DSP registers.
INFO: [HLS 200-486] Changing DSP latency (root=add_ln443_4975) to 3 in order to utilize available DSP registers.
INFO: [HLS 200-486] Changing DSP latency (root=add_ln443_4974) to 3 in order to utilize available DSP registers.
INFO: [HLS 200-486] Changing DSP latency (root=add_ln443_4972) to 3 in order to utilize available DSP registers.
INFO: [HLS 200-486] Changing DSP latency (root=add_ln443_4971) to 3 in order to utilize available DSP registers.
INFO: [HLS 200-486] Changing DSP latency (root=add_ln443_4968) to 3 in order to utilize available DSP registers.
INFO: [HLS 200-486] Changing DSP latency (root=add_ln443_4967) to 3 in order to utilize available DSP registers.
INFO: [HLS 200-486] Changing DSP latency (root=add_ln443_4966) to 3 in order to utilize available DSP registers.
INFO: [HLS 200-486] Changing DSP latency (root=add_ln443_4964) to 3 in order to utilize available DSP registers.
INFO: [HLS 200-486] Changing DSP latency (root=add_ln443_4963) to 3 in order to utilize available DSP registers.
INFO: [HLS 200-486] Changing DSP latency (root=add_ln443_4959) to 3 in order to utilize available DSP registers.
INFO: [HLS 200-486] Changing DSP latency (root=add_ln443_4958) to 3 in order to utilize available DSP registers.
INFO: [HLS 200-486] Changing DSP latency (root=add_ln443_4957) to 3 in order to utilize available DSP registers.
INFO: [HLS 200-486] Changing DSP latency (root=add_ln443_4955) to 3 in order to utilize available DSP registers.
INFO: [HLS 200-486] Changing DSP latency (root=add_ln443_4954) to 3 in order to utilize available DSP registers.
INFO: [HLS 200-486] Changing DSP latency (root=add_ln443_4951) to 3 in order to utilize available DSP registers.
INFO: [HLS 200-486] Changing DSP latency (root=add_ln443_4950) to 3 in order to utilize available DSP registers.
INFO: [HLS 200-486] Changing DSP latency (root=add_ln443_4949) to 3 in order to utilize available DSP registers.
INFO: [HLS 200-486] Changing DSP latency (root=add_ln443_4947) to 3 in order to utilize available DSP registers.
INFO: [HLS 200-486] Changing DSP latency (root=add_ln443_4946) to 3 in order to utilize available DSP registers.
INFO: [HLS 200-486] Changing DSP latency (root=add_ln443_4942) to 3 in order to utilize available DSP registers.
INFO: [HLS 200-486] Changing DSP latency (root=add_ln443_4941) to 3 in order to utilize available DSP registers.
INFO: [HLS 200-486] Changing DSP latency (root=add_ln443_4940) to 3 in order to utilize available DSP registers.
INFO: [HLS 200-486] Changing DSP latency (root=add_ln443_4938) to 3 in order to utilize available DSP registers.
INFO: [HLS 200-486] Changing DSP latency (root=add_ln443_4937) to 3 in order to utilize available DSP registers.
INFO: [HLS 200-486] Changing DSP latency (root=add_ln443_4934) to 3 in order to utilize available DSP registers.
INFO: [HLS 200-486] Changing DSP latency (root=add_ln443_4933) to 3 in order to utilize available DSP registers.
INFO: [HLS 200-486] Changing DSP latency (root=add_ln443_4932) to 3 in order to utilize available DSP registers.
INFO: [HLS 200-486] Changing DSP latency (root=add_ln443_4930) to 3 in order to utilize available DSP registers.
INFO: [HLS 200-486] Changing DSP latency (root=add_ln443_4929) to 3 in order to utilize available DSP registers.
INFO: [HLS 200-486] Changing DSP latency (root=add_ln443_4925) to 3 in order to utilize available DSP registers.
INFO: [HLS 200-486] Changing DSP latency (root=add_ln443_4924) to 3 in order to utilize available DSP registers.
INFO: [HLS 200-486] Changing DSP latency (root=add_ln443_4923) to 3 in order to utilize available DSP registers.
INFO: [HLS 200-486] Changing DSP latency (root=add_ln443_4921) to 3 in order to utilize available DSP registers.
INFO: [HLS 200-486] Changing DSP latency (root=add_ln443_4920) to 3 in order to utilize available DSP registers.
INFO: [HLS 200-486] Changing DSP latency (root=add_ln443_4917) to 3 in order to utilize available DSP registers.
INFO: [HLS 200-486] Changing DSP latency (root=add_ln443_4916) to 3 in order to utilize available DSP registers.
INFO: [HLS 200-486] Changing DSP latency (root=add_ln443_4915) to 3 in order to utilize available DSP registers.
INFO: [HLS 200-486] Changing DSP latency (root=add_ln443_4913) to 3 in order to utilize available DSP registers.
INFO: [HLS 200-486] Changing DSP latency (root=add_ln443_4912) to 3 in order to utilize available DSP registers.
INFO: [HLS 200-486] Changing DSP latency (root=add_ln443_4908) to 3 in order to utilize available DSP registers.
INFO: [HLS 200-486] Changing DSP latency (root=add_ln443_4907) to 3 in order to utilize available DSP registers.
INFO: [HLS 200-486] Changing DSP latency (root=add_ln443_4906) to 3 in order to utilize available DSP registers.
INFO: [HLS 200-486] Changing DSP latency (root=add_ln443_4904) to 3 in order to utilize available DSP registers.
INFO: [HLS 200-486] Changing DSP latency (root=add_ln443_4903) to 3 in order to utilize available DSP registers.
INFO: [HLS 200-486] Changing DSP latency (root=add_ln443_4900) to 3 in order to utilize available DSP registers.
INFO: [HLS 200-486] Changing DSP latency (root=add_ln443_4899) to 3 in order to utilize available DSP registers.
INFO: [HLS 200-486] Changing DSP latency (root=add_ln443_4898) to 3 in order to utilize available DSP registers.
INFO: [HLS 200-486] Changing DSP latency (root=add_ln443_4896) to 3 in order to utilize available DSP registers.
INFO: [HLS 200-486] Changing DSP latency (root=add_ln443_4895) to 3 in order to utilize available DSP registers.
INFO: [HLS 200-486] Changing DSP latency (root=add_ln443_4891) to 3 in order to utilize available DSP registers.
INFO: [HLS 200-486] Changing DSP latency (root=add_ln443_4890) to 3 in order to utilize available DSP registers.
INFO: [HLS 200-486] Changing DSP latency (root=add_ln443_4889) to 3 in order to utilize available DSP registers.
INFO: [HLS 200-486] Changing DSP latency (root=add_ln443_4887) to 3 in order to utilize available DSP registers.
INFO: [HLS 200-486] Changing DSP latency (root=add_ln443_4886) to 3 in order to utilize available DSP registers.
INFO: [HLS 200-486] Changing DSP latency (root=add_ln443_4883) to 3 in order to utilize available DSP registers.
INFO: [HLS 200-486] Changing DSP latency (root=add_ln443_4882) to 3 in order to utilize available DSP registers.
INFO: [HLS 200-486] Changing DSP latency (root=add_ln443_4881) to 3 in order to utilize available DSP registers.
INFO: [HLS 200-486] Changing DSP latency (root=add_ln443_4879) to 3 in order to utilize available DSP registers.
INFO: [HLS 200-486] Changing DSP latency (root=add_ln443_4878) to 3 in order to utilize available DSP registers.
INFO: [HLS 200-486] Changing DSP latency (root=add_ln443_4874) to 3 in order to utilize available DSP registers.
INFO: [HLS 200-486] Changing DSP latency (root=add_ln443_4873) to 3 in order to utilize available DSP registers.
INFO: [HLS 200-486] Changing DSP latency (root=add_ln443_4872) to 3 in order to utilize available DSP registers.
INFO: [HLS 200-486] Changing DSP latency (root=add_ln443_4870) to 3 in order to utilize available DSP registers.
INFO: [HLS 200-486] Changing DSP latency (root=add_ln443_4869) to 3 in order to utilize available DSP registers.
INFO: [HLS 200-486] Changing DSP latency (root=add_ln443_4866) to 3 in order to utilize available DSP registers.
INFO: [HLS 200-486] Changing DSP latency (root=add_ln443_4865) to 3 in order to utilize available DSP registers.
INFO: [HLS 200-486] Changing DSP latency (root=add_ln443_4864) to 3 in order to utilize available DSP registers.
INFO: [HLS 200-486] Changing DSP latency (root=add_ln443_4862) to 3 in order to utilize available DSP registers.
INFO: [HLS 200-486] Changing DSP latency (root=add_ln443_4861) to 3 in order to utilize available DSP registers.
INFO: [HLS 200-486] Changing DSP latency (root=add_ln443_4857) to 3 in order to utilize available DSP registers.
INFO: [HLS 200-486] Changing DSP latency (root=add_ln443_4856) to 3 in order to utilize available DSP registers.
INFO: [HLS 200-486] Changing DSP latency (root=add_ln443_4855) to 3 in order to utilize available DSP registers.
INFO: [HLS 200-486] Changing DSP latency (root=add_ln443_4853) to 3 in order to utilize available DSP registers.
INFO: [HLS 200-486] Changing DSP latency (root=add_ln443_4852) to 3 in order to utilize available DSP registers.
INFO: [HLS 200-486] Changing DSP latency (root=add_ln443_4849) to 3 in order to utilize available DSP registers.
INFO: [HLS 200-486] Changing DSP latency (root=add_ln443_4848) to 3 in order to utilize available DSP registers.
INFO: [HLS 200-486] Changing DSP latency (root=add_ln443_4847) to 3 in order to utilize available DSP registers.
INFO: [HLS 200-486] Changing DSP latency (root=add_ln443_4845) to 3 in order to utilize available DSP registers.
INFO: [HLS 200-486] Changing DSP latency (root=add_ln443_4844) to 3 in order to utilize available DSP registers.
INFO: [HLS 200-486] Changing DSP latency (root=add_ln443_4840) to 3 in order to utilize available DSP registers.
INFO: [HLS 200-486] Changing DSP latency (root=add_ln443_4839) to 3 in order to utilize available DSP registers.
INFO: [HLS 200-486] Changing DSP latency (root=add_ln443_4838) to 3 in order to utilize available DSP registers.
INFO: [HLS 200-486] Changing DSP latency (root=add_ln443_4836) to 3 in order to utilize available DSP registers.
INFO: [HLS 200-486] Changing DSP latency (root=add_ln443_4835) to 3 in order to utilize available DSP registers.
INFO: [HLS 200-486] Changing DSP latency (root=add_ln443_4832) to 3 in order to utilize available DSP registers.
INFO: [HLS 200-486] Changing DSP latency (root=add_ln443_4831) to 3 in order to utilize available DSP registers.
INFO: [HLS 200-486] Changing DSP latency (root=add_ln443_4830) to 3 in order to utilize available DSP registers.
INFO: [HLS 200-486] Changing DSP latency (root=add_ln443_4828) to 3 in order to utilize available DSP registers.
INFO: [HLS 200-486] Changing DSP latency (root=add_ln443_4827) to 3 in order to utilize available DSP registers.
INFO: [HLS 200-486] Changing DSP latency (root=add_ln443_4823) to 3 in order to utilize available DSP registers.
INFO: [HLS 200-486] Changing DSP latency (root=add_ln443_4822) to 3 in order to utilize available DSP registers.
INFO: [HLS 200-486] Changing DSP latency (root=add_ln443_4821) to 3 in order to utilize available DSP registers.
INFO: [HLS 200-486] Changing DSP latency (root=add_ln443_4819) to 3 in order to utilize available DSP registers.
INFO: [HLS 200-486] Changing DSP latency (root=add_ln443_4818) to 3 in order to utilize available DSP registers.
INFO: [HLS 200-486] Changing DSP latency (root=add_ln443_4815) to 3 in order to utilize available DSP registers.
INFO: [HLS 200-486] Changing DSP latency (root=add_ln443_4814) to 3 in order to utilize available DSP registers.
INFO: [HLS 200-486] Changing DSP latency (root=add_ln443_4813) to 3 in order to utilize available DSP registers.
INFO: [HLS 200-486] Changing DSP latency (root=add_ln443_4811) to 3 in order to utilize available DSP registers.
INFO: [HLS 200-486] Changing DSP latency (root=add_ln443_4810) to 3 in order to utilize available DSP registers.
INFO: [HLS 200-486] Changing DSP latency (root=add_ln443_4806) to 3 in order to utilize available DSP registers.
INFO: [HLS 200-486] Changing DSP latency (root=add_ln443_4805) to 3 in order to utilize available DSP registers.
INFO: [HLS 200-486] Changing DSP latency (root=add_ln443_4804) to 3 in order to utilize available DSP registers.
INFO: [HLS 200-486] Changing DSP latency (root=add_ln443_4802) to 3 in order to utilize available DSP registers.
INFO: [HLS 200-486] Changing DSP latency (root=add_ln443_4801) to 3 in order to utilize available DSP registers.
INFO: [HLS 200-486] Changing DSP latency (root=add_ln443_4798) to 3 in order to utilize available DSP registers.
INFO: [HLS 200-486] Changing DSP latency (root=add_ln443_4797) to 3 in order to utilize available DSP registers.
INFO: [HLS 200-486] Changing DSP latency (root=add_ln443_4796) to 3 in order to utilize available DSP registers.
INFO: [HLS 200-486] Changing DSP latency (root=add_ln443_4794) to 3 in order to utilize available DSP registers.
INFO: [HLS 200-486] Changing DSP latency (root=add_ln443_4793) to 3 in order to utilize available DSP registers.
INFO: [HLS 200-486] Changing DSP latency (root=add_ln443_4789) to 3 in order to utilize available DSP registers.
INFO: [HLS 200-486] Changing DSP latency (root=add_ln443_4788) to 3 in order to utilize available DSP registers.
INFO: [HLS 200-486] Changing DSP latency (root=add_ln443_4787) to 3 in order to utilize available DSP registers.
INFO: [HLS 200-486] Changing DSP latency (root=add_ln443_4785) to 3 in order to utilize available DSP registers.
INFO: [HLS 200-486] Changing DSP latency (root=add_ln443_4784) to 3 in order to utilize available DSP registers.
INFO: [HLS 200-486] Changing DSP latency (root=add_ln443_4781) to 3 in order to utilize available DSP registers.
INFO: [HLS 200-486] Changing DSP latency (root=add_ln443_4780) to 3 in order to utilize available DSP registers.
INFO: [HLS 200-486] Changing DSP latency (root=add_ln443_4779) to 3 in order to utilize available DSP registers.
INFO: [HLS 200-486] Changing DSP latency (root=add_ln443_4777) to 3 in order to utilize available DSP registers.
INFO: [HLS 200-486] Changing DSP latency (root=add_ln443_4776) to 3 in order to utilize available DSP registers.
INFO: [HLS 200-486] Changing DSP latency (root=add_ln443_4772) to 3 in order to utilize available DSP registers.
INFO: [HLS 200-486] Changing DSP latency (root=add_ln443_4771) to 3 in order to utilize available DSP registers.
INFO: [HLS 200-486] Changing DSP latency (root=add_ln443_4770) to 3 in order to utilize available DSP registers.
INFO: [HLS 200-486] Changing DSP latency (root=add_ln443_4768) to 3 in order to utilize available DSP registers.
INFO: [HLS 200-486] Changing DSP latency (root=add_ln443_4767) to 3 in order to utilize available DSP registers.
INFO: [HLS 200-486] Changing DSP latency (root=add_ln443_4764) to 3 in order to utilize available DSP registers.
INFO: [HLS 200-486] Changing DSP latency (root=add_ln443_4763) to 3 in order to utilize available DSP registers.
INFO: [HLS 200-486] Changing DSP latency (root=add_ln443_4762) to 3 in order to utilize available DSP registers.
INFO: [HLS 200-486] Changing DSP latency (root=add_ln443_4760) to 3 in order to utilize available DSP registers.
INFO: [HLS 200-486] Changing DSP latency (root=add_ln443_4759) to 3 in order to utilize available DSP registers.
INFO: [HLS 200-486] Changing DSP latency (root=add_ln443_4755) to 3 in order to utilize available DSP registers.
INFO: [HLS 200-486] Changing DSP latency (root=add_ln443_4754) to 3 in order to utilize available DSP registers.
INFO: [HLS 200-486] Changing DSP latency (root=add_ln443_4753) to 3 in order to utilize available DSP registers.
INFO: [HLS 200-486] Changing DSP latency (root=add_ln443_4751) to 3 in order to utilize available DSP registers.
INFO: [HLS 200-486] Changing DSP latency (root=add_ln443_4750) to 3 in order to utilize available DSP registers.
INFO: [HLS 200-486] Changing DSP latency (root=add_ln443_4747) to 3 in order to utilize available DSP registers.
INFO: [HLS 200-486] Changing DSP latency (root=add_ln443_4746) to 3 in order to utilize available DSP registers.
INFO: [HLS 200-486] Changing DSP latency (root=add_ln443_4745) to 3 in order to utilize available DSP registers.
INFO: [HLS 200-486] Changing DSP latency (root=add_ln443_4743) to 3 in order to utilize available DSP registers.
INFO: [HLS 200-486] Changing DSP latency (root=add_ln443_4742) to 3 in order to utilize available DSP registers.
INFO: [HLS 200-486] Changing DSP latency (root=add_ln443_4738) to 3 in order to utilize available DSP registers.
INFO: [HLS 200-486] Changing DSP latency (root=add_ln443_4737) to 3 in order to utilize available DSP registers.
INFO: [HLS 200-486] Changing DSP latency (root=add_ln443_4736) to 3 in order to utilize available DSP registers.
INFO: [HLS 200-486] Changing DSP latency (root=add_ln443_4734) to 3 in order to utilize available DSP registers.
INFO: [HLS 200-486] Changing DSP latency (root=add_ln443_4733) to 3 in order to utilize available DSP registers.
INFO: [HLS 200-486] Changing DSP latency (root=add_ln443_4730) to 3 in order to utilize available DSP registers.
INFO: [HLS 200-486] Changing DSP latency (root=add_ln443_4729) to 3 in order to utilize available DSP registers.
INFO: [HLS 200-486] Changing DSP latency (root=add_ln443_4728) to 3 in order to utilize available DSP registers.
INFO: [HLS 200-486] Changing DSP latency (root=add_ln443_4726) to 3 in order to utilize available DSP registers.
INFO: [HLS 200-486] Changing DSP latency (root=add_ln443_4725) to 3 in order to utilize available DSP registers.
INFO: [HLS 200-486] Changing DSP latency (root=add_ln443_4721) to 3 in order to utilize available DSP registers.
INFO: [HLS 200-486] Changing DSP latency (root=add_ln443_4720) to 3 in order to utilize available DSP registers.
INFO: [HLS 200-486] Changing DSP latency (root=add_ln443_4719) to 3 in order to utilize available DSP registers.
INFO: [HLS 200-486] Changing DSP latency (root=add_ln443_4717) to 3 in order to utilize available DSP registers.
INFO: [HLS 200-486] Changing DSP latency (root=add_ln443_4716) to 3 in order to utilize available DSP registers.
INFO: [HLS 200-486] Changing DSP latency (root=add_ln443_4713) to 3 in order to utilize available DSP registers.
INFO: [HLS 200-486] Changing DSP latency (root=add_ln443_4712) to 3 in order to utilize available DSP registers.
INFO: [HLS 200-486] Changing DSP latency (root=add_ln443_4711) to 3 in order to utilize available DSP registers.
INFO: [HLS 200-486] Changing DSP latency (root=add_ln443_4709) to 3 in order to utilize available DSP registers.
INFO: [HLS 200-486] Changing DSP latency (root=add_ln443_4708) to 3 in order to utilize available DSP registers.
INFO: [HLS 200-486] Changing DSP latency (root=add_ln443_4704) to 3 in order to utilize available DSP registers.
INFO: [HLS 200-486] Changing DSP latency (root=add_ln443_4703) to 3 in order to utilize available DSP registers.
INFO: [HLS 200-486] Changing DSP latency (root=add_ln443_4702) to 3 in order to utilize available DSP registers.
INFO: [HLS 200-486] Changing DSP latency (root=add_ln443_4700) to 3 in order to utilize available DSP registers.
INFO: [HLS 200-486] Changing DSP latency (root=add_ln443_4699) to 3 in order to utilize available DSP registers.
INFO: [HLS 200-486] Changing DSP latency (root=add_ln443_4696) to 3 in order to utilize available DSP registers.
INFO: [HLS 200-486] Changing DSP latency (root=add_ln443_4695) to 3 in order to utilize available DSP registers.
INFO: [HLS 200-486] Changing DSP latency (root=add_ln443_4694) to 3 in order to utilize available DSP registers.
INFO: [HLS 200-486] Changing DSP latency (root=add_ln443_4692) to 3 in order to utilize available DSP registers.
INFO: [HLS 200-486] Changing DSP latency (root=add_ln443_4691) to 3 in order to utilize available DSP registers.
INFO: [HLS 200-486] Changing DSP latency (root=add_ln443_4687) to 3 in order to utilize available DSP registers.
INFO: [HLS 200-486] Changing DSP latency (root=add_ln443_4686) to 3 in order to utilize available DSP registers.
INFO: [HLS 200-486] Changing DSP latency (root=add_ln443_4685) to 3 in order to utilize available DSP registers.
INFO: [HLS 200-486] Changing DSP latency (root=add_ln443_4683) to 3 in order to utilize available DSP registers.
INFO: [HLS 200-486] Changing DSP latency (root=add_ln443_4682) to 3 in order to utilize available DSP registers.
INFO: [HLS 200-486] Changing DSP latency (root=add_ln443_4679) to 3 in order to utilize available DSP registers.
INFO: [HLS 200-486] Changing DSP latency (root=add_ln443_4678) to 3 in order to utilize available DSP registers.
INFO: [HLS 200-486] Changing DSP latency (root=add_ln443_4677) to 3 in order to utilize available DSP registers.
INFO: [HLS 200-486] Changing DSP latency (root=add_ln443_4675) to 3 in order to utilize available DSP registers.
INFO: [HLS 200-486] Changing DSP latency (root=add_ln443_4674) to 3 in order to utilize available DSP registers.
INFO: [HLS 200-486] Changing DSP latency (root=add_ln443_4670) to 3 in order to utilize available DSP registers.
INFO: [HLS 200-486] Changing DSP latency (root=add_ln443_4669) to 3 in order to utilize available DSP registers.
INFO: [HLS 200-486] Changing DSP latency (root=add_ln443_4668) to 3 in order to utilize available DSP registers.
INFO: [HLS 200-486] Changing DSP latency (root=add_ln443_4666) to 3 in order to utilize available DSP registers.
INFO: [HLS 200-486] Changing DSP latency (root=add_ln443_4665) to 3 in order to utilize available DSP registers.
INFO: [HLS 200-486] Changing DSP latency (root=add_ln443_4662) to 3 in order to utilize available DSP registers.
INFO: [HLS 200-486] Changing DSP latency (root=add_ln443_4661) to 3 in order to utilize available DSP registers.
INFO: [HLS 200-486] Changing DSP latency (root=add_ln443_4660) to 3 in order to utilize available DSP registers.
INFO: [HLS 200-486] Changing DSP latency (root=add_ln443_4658) to 3 in order to utilize available DSP registers.
INFO: [HLS 200-486] Changing DSP latency (root=add_ln443_4657) to 3 in order to utilize available DSP registers.
INFO: [HLS 200-486] Changing DSP latency (root=add_ln443_4653) to 3 in order to utilize available DSP registers.
INFO: [HLS 200-486] Changing DSP latency (root=add_ln443_4652) to 3 in order to utilize available DSP registers.
INFO: [HLS 200-486] Changing DSP latency (root=add_ln443_4651) to 3 in order to utilize available DSP registers.
INFO: [HLS 200-486] Changing DSP latency (root=add_ln443_4649) to 3 in order to utilize available DSP registers.
INFO: [HLS 200-486] Changing DSP latency (root=add_ln443_4648) to 3 in order to utilize available DSP registers.
INFO: [HLS 200-486] Changing DSP latency (root=add_ln443_4645) to 3 in order to utilize available DSP registers.
INFO: [HLS 200-486] Changing DSP latency (root=add_ln443_4644) to 3 in order to utilize available DSP registers.
INFO: [HLS 200-486] Changing DSP latency (root=add_ln443_4643) to 3 in order to utilize available DSP registers.
INFO: [HLS 200-486] Changing DSP latency (root=add_ln443_4641) to 3 in order to utilize available DSP registers.
INFO: [HLS 200-486] Changing DSP latency (root=add_ln443_4640) to 3 in order to utilize available DSP registers.
INFO: [HLS 200-486] Changing DSP latency (root=add_ln443_4636) to 3 in order to utilize available DSP registers.
INFO: [HLS 200-486] Changing DSP latency (root=add_ln443_4635) to 3 in order to utilize available DSP registers.
INFO: [HLS 200-486] Changing DSP latency (root=add_ln443_4634) to 3 in order to utilize available DSP registers.
INFO: [HLS 200-486] Changing DSP latency (root=add_ln443_4632) to 3 in order to utilize available DSP registers.
INFO: [HLS 200-486] Changing DSP latency (root=add_ln443_4631) to 3 in order to utilize available DSP registers.
INFO: [HLS 200-486] Changing DSP latency (root=add_ln443_4628) to 3 in order to utilize available DSP registers.
INFO: [HLS 200-486] Changing DSP latency (root=add_ln443_4627) to 3 in order to utilize available DSP registers.
INFO: [HLS 200-486] Changing DSP latency (root=add_ln443_4626) to 3 in order to utilize available DSP registers.
INFO: [HLS 200-486] Changing DSP latency (root=add_ln443_4624) to 3 in order to utilize available DSP registers.
INFO: [HLS 200-486] Changing DSP latency (root=add_ln443_4623) to 3 in order to utilize available DSP registers.
INFO: [HLS 200-486] Changing DSP latency (root=add_ln443_4619) to 3 in order to utilize available DSP registers.
INFO: [HLS 200-486] Changing DSP latency (root=add_ln443_4618) to 3 in order to utilize available DSP registers.
INFO: [HLS 200-486] Changing DSP latency (root=add_ln443_4617) to 3 in order to utilize available DSP registers.
INFO: [HLS 200-486] Changing DSP latency (root=add_ln443_4615) to 3 in order to utilize available DSP registers.
INFO: [HLS 200-486] Changing DSP latency (root=add_ln443_4614) to 3 in order to utilize available DSP registers.
INFO: [HLS 200-486] Changing DSP latency (root=add_ln443_4611) to 3 in order to utilize available DSP registers.
INFO: [HLS 200-486] Changing DSP latency (root=add_ln443_4610) to 3 in order to utilize available DSP registers.
INFO: [HLS 200-486] Changing DSP latency (root=add_ln443_4609) to 3 in order to utilize available DSP registers.
INFO: [HLS 200-486] Changing DSP latency (root=add_ln443_4607) to 3 in order to utilize available DSP registers.
INFO: [HLS 200-486] Changing DSP latency (root=add_ln443) to 3 in order to utilize available DSP registers.
INFO: [SCHED 204-61] Pipelining function 'complete_frontend_domain<0, 8, 16, 24>'.
INFO: [HLS 200-1470] Pipelining result : Target II = 1, Final II = 1, Depth = 19, function 'complete_frontend_domain<0, 8, 16, 24>'
INFO: [SCHED 204-11] Finished scheduling.
INFO: [HLS 200-111] Finished Scheduling: CPU user time: 22.46 seconds. CPU system time: 0.12 seconds. Elapsed time: 23 seconds; current allocated memory: 1.488 GB.
INFO: [BIND 205-100] Starting micro-architecture generation ...
INFO: [BIND 205-101] Performing variable lifetime analysis.
INFO: [BIND 205-101] Exploring resource sharing.
INFO: [BIND 205-101] Binding ...
INFO: [BIND 205-100] Finished micro-architecture generation.
INFO: [HLS 200-111] Finished Binding: CPU user time: 5.27 seconds. CPU system time: 0.04 seconds. Elapsed time: 6.43 seconds; current allocated memory: 1.503 GB.
INFO: [HLS 200-10] ----------------------------------------------------------------
INFO: [HLS 200-42] -- Implementing module 'complete_frontend_domain_1_8_16_24_s' 
INFO: [HLS 200-10] ----------------------------------------------------------------
INFO: [SCHED 204-11] Starting scheduling ...
INFO: [HLS 200-486] Changing DSP latency (root=add_ln443_4603) to 3 in order to utilize available DSP registers.
INFO: [HLS 200-486] Changing DSP latency (root=add_ln443_4602) to 3 in order to utilize available DSP registers.
INFO: [HLS 200-486] Changing DSP latency (root=add_ln443_4601) to 3 in order to utilize available DSP registers.
INFO: [HLS 200-486] Changing DSP latency (root=add_ln443_4599) to 3 in order to utilize available DSP registers.
INFO: [HLS 200-486] Changing DSP latency (root=add_ln443_4598) to 3 in order to utilize available DSP registers.
INFO: [HLS 200-486] Changing DSP latency (root=add_ln443_4595) to 3 in order to utilize available DSP registers.
INFO: [HLS 200-486] Changing DSP latency (root=add_ln443_4594) to 3 in order to utilize available DSP registers.
INFO: [HLS 200-486] Changing DSP latency (root=add_ln443_4593) to 3 in order to utilize available DSP registers.
INFO: [HLS 200-486] Changing DSP latency (root=add_ln443_4591) to 3 in order to utilize available DSP registers.
INFO: [HLS 200-486] Changing DSP latency (root=add_ln443_4590) to 3 in order to utilize available DSP registers.
INFO: [HLS 200-486] Changing DSP latency (root=add_ln443_4586) to 3 in order to utilize available DSP registers.
INFO: [HLS 200-486] Changing DSP latency (root=add_ln443_4585) to 3 in order to utilize available DSP registers.
INFO: [HLS 200-486] Changing DSP latency (root=add_ln443_4584) to 3 in order to utilize available DSP registers.
INFO: [HLS 200-486] Changing DSP latency (root=add_ln443_4582) to 3 in order to utilize available DSP registers.
INFO: [HLS 200-486] Changing DSP latency (root=add_ln443_4581) to 3 in order to utilize available DSP registers.
INFO: [HLS 200-486] Changing DSP latency (root=add_ln443_4578) to 3 in order to utilize available DSP registers.
INFO: [HLS 200-486] Changing DSP latency (root=add_ln443_4577) to 3 in order to utilize available DSP registers.
INFO: [HLS 200-486] Changing DSP latency (root=add_ln443_4576) to 3 in order to utilize available DSP registers.
INFO: [HLS 200-486] Changing DSP latency (root=add_ln443_4574) to 3 in order to utilize available DSP registers.
INFO: [HLS 200-486] Changing DSP latency (root=add_ln443_4573) to 3 in order to utilize available DSP registers.
INFO: [HLS 200-486] Changing DSP latency (root=add_ln443_4569) to 3 in order to utilize available DSP registers.
INFO: [HLS 200-486] Changing DSP latency (root=add_ln443_4568) to 3 in order to utilize available DSP registers.
INFO: [HLS 200-486] Changing DSP latency (root=add_ln443_4567) to 3 in order to utilize available DSP registers.
INFO: [HLS 200-486] Changing DSP latency (root=add_ln443_4565) to 3 in order to utilize available DSP registers.
INFO: [HLS 200-486] Changing DSP latency (root=add_ln443_4564) to 3 in order to utilize available DSP registers.
INFO: [HLS 200-486] Changing DSP latency (root=add_ln443_4561) to 3 in order to utilize available DSP registers.
INFO: [HLS 200-486] Changing DSP latency (root=add_ln443_4560) to 3 in order to utilize available DSP registers.
INFO: [HLS 200-486] Changing DSP latency (root=add_ln443_4559) to 3 in order to utilize available DSP registers.
INFO: [HLS 200-486] Changing DSP latency (root=add_ln443_4557) to 3 in order to utilize available DSP registers.
INFO: [HLS 200-486] Changing DSP latency (root=add_ln443_4556) to 3 in order to utilize available DSP registers.
INFO: [HLS 200-486] Changing DSP latency (root=add_ln443_4552) to 3 in order to utilize available DSP registers.
INFO: [HLS 200-486] Changing DSP latency (root=add_ln443_4551) to 3 in order to utilize available DSP registers.
INFO: [HLS 200-486] Changing DSP latency (root=add_ln443_4550) to 3 in order to utilize available DSP registers.
INFO: [HLS 200-486] Changing DSP latency (root=add_ln443_4548) to 3 in order to utilize available DSP registers.
INFO: [HLS 200-486] Changing DSP latency (root=add_ln443_4547) to 3 in order to utilize available DSP registers.
INFO: [HLS 200-486] Changing DSP latency (root=add_ln443_4544) to 3 in order to utilize available DSP registers.
INFO: [HLS 200-486] Changing DSP latency (root=add_ln443_4543) to 3 in order to utilize available DSP registers.
INFO: [HLS 200-486] Changing DSP latency (root=add_ln443_4542) to 3 in order to utilize available DSP registers.
INFO: [HLS 200-486] Changing DSP latency (root=add_ln443_4540) to 3 in order to utilize available DSP registers.
INFO: [HLS 200-486] Changing DSP latency (root=add_ln443_4539) to 3 in order to utilize available DSP registers.
INFO: [HLS 200-486] Changing DSP latency (root=add_ln443_4535) to 3 in order to utilize available DSP registers.
INFO: [HLS 200-486] Changing DSP latency (root=add_ln443_4534) to 3 in order to utilize available DSP registers.
INFO: [HLS 200-486] Changing DSP latency (root=add_ln443_4533) to 3 in order to utilize available DSP registers.
INFO: [HLS 200-486] Changing DSP latency (root=add_ln443_4531) to 3 in order to utilize available DSP registers.
INFO: [HLS 200-486] Changing DSP latency (root=add_ln443_4530) to 3 in order to utilize available DSP registers.
INFO: [HLS 200-486] Changing DSP latency (root=add_ln443_4527) to 3 in order to utilize available DSP registers.
INFO: [HLS 200-486] Changing DSP latency (root=add_ln443_4526) to 3 in order to utilize available DSP registers.
INFO: [HLS 200-486] Changing DSP latency (root=add_ln443_4525) to 3 in order to utilize available DSP registers.
INFO: [HLS 200-486] Changing DSP latency (root=add_ln443_4523) to 3 in order to utilize available DSP registers.
INFO: [HLS 200-486] Changing DSP latency (root=add_ln443_4522) to 3 in order to utilize available DSP registers.
INFO: [HLS 200-486] Changing DSP latency (root=add_ln443_4518) to 3 in order to utilize available DSP registers.
INFO: [HLS 200-486] Changing DSP latency (root=add_ln443_4517) to 3 in order to utilize available DSP registers.
INFO: [HLS 200-486] Changing DSP latency (root=add_ln443_4516) to 3 in order to utilize available DSP registers.
INFO: [HLS 200-486] Changing DSP latency (root=add_ln443_4514) to 3 in order to utilize available DSP registers.
INFO: [HLS 200-486] Changing DSP latency (root=add_ln443_4513) to 3 in order to utilize available DSP registers.
INFO: [HLS 200-486] Changing DSP latency (root=add_ln443_4510) to 3 in order to utilize available DSP registers.
INFO: [HLS 200-486] Changing DSP latency (root=add_ln443_4509) to 3 in order to utilize available DSP registers.
INFO: [HLS 200-486] Changing DSP latency (root=add_ln443_4508) to 3 in order to utilize available DSP registers.
INFO: [HLS 200-486] Changing DSP latency (root=add_ln443_4506) to 3 in order to utilize available DSP registers.
INFO: [HLS 200-486] Changing DSP latency (root=add_ln443_4505) to 3 in order to utilize available DSP registers.
INFO: [HLS 200-486] Changing DSP latency (root=add_ln443_4501) to 3 in order to utilize available DSP registers.
INFO: [HLS 200-486] Changing DSP latency (root=add_ln443_4500) to 3 in order to utilize available DSP registers.
INFO: [HLS 200-486] Changing DSP latency (root=add_ln443_4499) to 3 in order to utilize available DSP registers.
INFO: [HLS 200-486] Changing DSP latency (root=add_ln443_4497) to 3 in order to utilize available DSP registers.
INFO: [HLS 200-486] Changing DSP latency (root=add_ln443_4496) to 3 in order to utilize available DSP registers.
INFO: [HLS 200-486] Changing DSP latency (root=add_ln443_4493) to 3 in order to utilize available DSP registers.
INFO: [HLS 200-486] Changing DSP latency (root=add_ln443_4492) to 3 in order to utilize available DSP registers.
INFO: [HLS 200-486] Changing DSP latency (root=add_ln443_4491) to 3 in order to utilize available DSP registers.
INFO: [HLS 200-486] Changing DSP latency (root=add_ln443_4489) to 3 in order to utilize available DSP registers.
INFO: [HLS 200-486] Changing DSP latency (root=add_ln443_4488) to 3 in order to utilize available DSP registers.
INFO: [HLS 200-486] Changing DSP latency (root=add_ln443_4484) to 3 in order to utilize available DSP registers.
INFO: [HLS 200-486] Changing DSP latency (root=add_ln443_4483) to 3 in order to utilize available DSP registers.
INFO: [HLS 200-486] Changing DSP latency (root=add_ln443_4482) to 3 in order to utilize available DSP registers.
INFO: [HLS 200-486] Changing DSP latency (root=add_ln443_4480) to 3 in order to utilize available DSP registers.
INFO: [HLS 200-486] Changing DSP latency (root=add_ln443_4479) to 3 in order to utilize available DSP registers.
INFO: [HLS 200-486] Changing DSP latency (root=add_ln443_4476) to 3 in order to utilize available DSP registers.
INFO: [HLS 200-486] Changing DSP latency (root=add_ln443_4475) to 3 in order to utilize available DSP registers.
INFO: [HLS 200-486] Changing DSP latency (root=add_ln443_4474) to 3 in order to utilize available DSP registers.
INFO: [HLS 200-486] Changing DSP latency (root=add_ln443_4472) to 3 in order to utilize available DSP registers.
INFO: [HLS 200-486] Changing DSP latency (root=add_ln443_4471) to 3 in order to utilize available DSP registers.
INFO: [HLS 200-486] Changing DSP latency (root=add_ln443_4467) to 3 in order to utilize available DSP registers.
INFO: [HLS 200-486] Changing DSP latency (root=add_ln443_4466) to 3 in order to utilize available DSP registers.
INFO: [HLS 200-486] Changing DSP latency (root=add_ln443_4465) to 3 in order to utilize available DSP registers.
INFO: [HLS 200-486] Changing DSP latency (root=add_ln443_4463) to 3 in order to utilize available DSP registers.
INFO: [HLS 200-486] Changing DSP latency (root=add_ln443_4462) to 3 in order to utilize available DSP registers.
INFO: [HLS 200-486] Changing DSP latency (root=add_ln443_4459) to 3 in order to utilize available DSP registers.
INFO: [HLS 200-486] Changing DSP latency (root=add_ln443_4458) to 3 in order to utilize available DSP registers.
INFO: [HLS 200-486] Changing DSP latency (root=add_ln443_4457) to 3 in order to utilize available DSP registers.
INFO: [HLS 200-486] Changing DSP latency (root=add_ln443_4455) to 3 in order to utilize available DSP registers.
INFO: [HLS 200-486] Changing DSP latency (root=add_ln443_4454) to 3 in order to utilize available DSP registers.
INFO: [HLS 200-486] Changing DSP latency (root=add_ln443_4450) to 3 in order to utilize available DSP registers.
INFO: [HLS 200-486] Changing DSP latency (root=add_ln443_4449) to 3 in order to utilize available DSP registers.
INFO: [HLS 200-486] Changing DSP latency (root=add_ln443_4448) to 3 in order to utilize available DSP registers.
INFO: [HLS 200-486] Changing DSP latency (root=add_ln443_4446) to 3 in order to utilize available DSP registers.
INFO: [HLS 200-486] Changing DSP latency (root=add_ln443_4445) to 3 in order to utilize available DSP registers.
INFO: [HLS 200-486] Changing DSP latency (root=add_ln443_4442) to 3 in order to utilize available DSP registers.
INFO: [HLS 200-486] Changing DSP latency (root=add_ln443_4441) to 3 in order to utilize available DSP registers.
INFO: [HLS 200-486] Changing DSP latency (root=add_ln443_4440) to 3 in order to utilize available DSP registers.
INFO: [HLS 200-486] Changing DSP latency (root=add_ln443_4438) to 3 in order to utilize available DSP registers.
INFO: [HLS 200-486] Changing DSP latency (root=add_ln443_4437) to 3 in order to utilize available DSP registers.
INFO: [HLS 200-486] Changing DSP latency (root=add_ln443_4433) to 3 in order to utilize available DSP registers.
INFO: [HLS 200-486] Changing DSP latency (root=add_ln443_4432) to 3 in order to utilize available DSP registers.
INFO: [HLS 200-486] Changing DSP latency (root=add_ln443_4431) to 3 in order to utilize available DSP registers.
INFO: [HLS 200-486] Changing DSP latency (root=add_ln443_4429) to 3 in order to utilize available DSP registers.
INFO: [HLS 200-486] Changing DSP latency (root=add_ln443_4428) to 3 in order to utilize available DSP registers.
INFO: [HLS 200-486] Changing DSP latency (root=add_ln443_4425) to 3 in order to utilize available DSP registers.
INFO: [HLS 200-486] Changing DSP latency (root=add_ln443_4424) to 3 in order to utilize available DSP registers.
INFO: [HLS 200-486] Changing DSP latency (root=add_ln443_4423) to 3 in order to utilize available DSP registers.
INFO: [HLS 200-486] Changing DSP latency (root=add_ln443_4421) to 3 in order to utilize available DSP registers.
INFO: [HLS 200-486] Changing DSP latency (root=add_ln443_4420) to 3 in order to utilize available DSP registers.
INFO: [HLS 200-486] Changing DSP latency (root=add_ln443_4416) to 3 in order to utilize available DSP registers.
INFO: [HLS 200-486] Changing DSP latency (root=add_ln443_4415) to 3 in order to utilize available DSP registers.
INFO: [HLS 200-486] Changing DSP latency (root=add_ln443_4414) to 3 in order to utilize available DSP registers.
INFO: [HLS 200-486] Changing DSP latency (root=add_ln443_4412) to 3 in order to utilize available DSP registers.
INFO: [HLS 200-486] Changing DSP latency (root=add_ln443_4411) to 3 in order to utilize available DSP registers.
INFO: [HLS 200-486] Changing DSP latency (root=add_ln443_4408) to 3 in order to utilize available DSP registers.
INFO: [HLS 200-486] Changing DSP latency (root=add_ln443_4407) to 3 in order to utilize available DSP registers.
INFO: [HLS 200-486] Changing DSP latency (root=add_ln443_4406) to 3 in order to utilize available DSP registers.
INFO: [HLS 200-486] Changing DSP latency (root=add_ln443_4404) to 3 in order to utilize available DSP registers.
INFO: [HLS 200-486] Changing DSP latency (root=add_ln443_4403) to 3 in order to utilize available DSP registers.
INFO: [HLS 200-486] Changing DSP latency (root=add_ln443_4399) to 3 in order to utilize available DSP registers.
INFO: [HLS 200-486] Changing DSP latency (root=add_ln443_4398) to 3 in order to utilize available DSP registers.
INFO: [HLS 200-486] Changing DSP latency (root=add_ln443_4397) to 3 in order to utilize available DSP registers.
INFO: [HLS 200-486] Changing DSP latency (root=add_ln443_4395) to 3 in order to utilize available DSP registers.
INFO: [HLS 200-486] Changing DSP latency (root=add_ln443_4394) to 3 in order to utilize available DSP registers.
INFO: [HLS 200-486] Changing DSP latency (root=add_ln443_4391) to 3 in order to utilize available DSP registers.
INFO: [HLS 200-486] Changing DSP latency (root=add_ln443_4390) to 3 in order to utilize available DSP registers.
INFO: [HLS 200-486] Changing DSP latency (root=add_ln443_4389) to 3 in order to utilize available DSP registers.
INFO: [HLS 200-486] Changing DSP latency (root=add_ln443_4387) to 3 in order to utilize available DSP registers.
INFO: [HLS 200-486] Changing DSP latency (root=add_ln443_4386) to 3 in order to utilize available DSP registers.
INFO: [HLS 200-486] Changing DSP latency (root=add_ln443_4382) to 3 in order to utilize available DSP registers.
INFO: [HLS 200-486] Changing DSP latency (root=add_ln443_4381) to 3 in order to utilize available DSP registers.
INFO: [HLS 200-486] Changing DSP latency (root=add_ln443_4380) to 3 in order to utilize available DSP registers.
INFO: [HLS 200-486] Changing DSP latency (root=add_ln443_4378) to 3 in order to utilize available DSP registers.
INFO: [HLS 200-486] Changing DSP latency (root=add_ln443_4377) to 3 in order to utilize available DSP registers.
INFO: [HLS 200-486] Changing DSP latency (root=add_ln443_4374) to 3 in order to utilize available DSP registers.
INFO: [HLS 200-486] Changing DSP latency (root=add_ln443_4373) to 3 in order to utilize available DSP registers.
INFO: [HLS 200-486] Changing DSP latency (root=add_ln443_4372) to 3 in order to utilize available DSP registers.
INFO: [HLS 200-486] Changing DSP latency (root=add_ln443_4370) to 3 in order to utilize available DSP registers.
INFO: [HLS 200-486] Changing DSP latency (root=add_ln443_4369) to 3 in order to utilize available DSP registers.
INFO: [HLS 200-486] Changing DSP latency (root=add_ln443_4365) to 3 in order to utilize available DSP registers.
INFO: [HLS 200-486] Changing DSP latency (root=add_ln443_4364) to 3 in order to utilize available DSP registers.
INFO: [HLS 200-486] Changing DSP latency (root=add_ln443_4363) to 3 in order to utilize available DSP registers.
INFO: [HLS 200-486] Changing DSP latency (root=add_ln443_4361) to 3 in order to utilize available DSP registers.
INFO: [HLS 200-486] Changing DSP latency (root=add_ln443_4360) to 3 in order to utilize available DSP registers.
INFO: [HLS 200-486] Changing DSP latency (root=add_ln443_4357) to 3 in order to utilize available DSP registers.
INFO: [HLS 200-486] Changing DSP latency (root=add_ln443_4356) to 3 in order to utilize available DSP registers.
INFO: [HLS 200-486] Changing DSP latency (root=add_ln443_4355) to 3 in order to utilize available DSP registers.
INFO: [HLS 200-486] Changing DSP latency (root=add_ln443_4353) to 3 in order to utilize available DSP registers.
INFO: [HLS 200-486] Changing DSP latency (root=add_ln443_4352) to 3 in order to utilize available DSP registers.
INFO: [HLS 200-486] Changing DSP latency (root=add_ln443_4348) to 3 in order to utilize available DSP registers.
INFO: [HLS 200-486] Changing DSP latency (root=add_ln443_4347) to 3 in order to utilize available DSP registers.
INFO: [HLS 200-486] Changing DSP latency (root=add_ln443_4346) to 3 in order to utilize available DSP registers.
INFO: [HLS 200-486] Changing DSP latency (root=add_ln443_4344) to 3 in order to utilize available DSP registers.
INFO: [HLS 200-486] Changing DSP latency (root=add_ln443_4343) to 3 in order to utilize available DSP registers.
INFO: [HLS 200-486] Changing DSP latency (root=add_ln443_4340) to 3 in order to utilize available DSP registers.
INFO: [HLS 200-486] Changing DSP latency (root=add_ln443_4339) to 3 in order to utilize available DSP registers.
INFO: [HLS 200-486] Changing DSP latency (root=add_ln443_4338) to 3 in order to utilize available DSP registers.
INFO: [HLS 200-486] Changing DSP latency (root=add_ln443_4336) to 3 in order to utilize available DSP registers.
INFO: [HLS 200-486] Changing DSP latency (root=add_ln443_4335) to 3 in order to utilize available DSP registers.
INFO: [HLS 200-486] Changing DSP latency (root=add_ln443_4331) to 3 in order to utilize available DSP registers.
INFO: [HLS 200-486] Changing DSP latency (root=add_ln443_4330) to 3 in order to utilize available DSP registers.
INFO: [HLS 200-486] Changing DSP latency (root=add_ln443_4329) to 3 in order to utilize available DSP registers.
INFO: [HLS 200-486] Changing DSP latency (root=add_ln443_4327) to 3 in order to utilize available DSP registers.
INFO: [HLS 200-486] Changing DSP latency (root=add_ln443_4326) to 3 in order to utilize available DSP registers.
INFO: [HLS 200-486] Changing DSP latency (root=add_ln443_4323) to 3 in order to utilize available DSP registers.
INFO: [HLS 200-486] Changing DSP latency (root=add_ln443_4322) to 3 in order to utilize available DSP registers.
INFO: [HLS 200-486] Changing DSP latency (root=add_ln443_4321) to 3 in order to utilize available DSP registers.
INFO: [HLS 200-486] Changing DSP latency (root=add_ln443_4319) to 3 in order to utilize available DSP registers.
INFO: [HLS 200-486] Changing DSP latency (root=add_ln443_4318) to 3 in order to utilize available DSP registers.
INFO: [HLS 200-486] Changing DSP latency (root=add_ln443_4314) to 3 in order to utilize available DSP registers.
INFO: [HLS 200-486] Changing DSP latency (root=add_ln443_4313) to 3 in order to utilize available DSP registers.
INFO: [HLS 200-486] Changing DSP latency (root=add_ln443_4312) to 3 in order to utilize available DSP registers.
INFO: [HLS 200-486] Changing DSP latency (root=add_ln443_4310) to 3 in order to utilize available DSP registers.
INFO: [HLS 200-486] Changing DSP latency (root=add_ln443_4309) to 3 in order to utilize available DSP registers.
INFO: [HLS 200-486] Changing DSP latency (root=add_ln443_4306) to 3 in order to utilize available DSP registers.
INFO: [HLS 200-486] Changing DSP latency (root=add_ln443_4305) to 3 in order to utilize available DSP registers.
INFO: [HLS 200-486] Changing DSP latency (root=add_ln443_4304) to 3 in order to utilize available DSP registers.
INFO: [HLS 200-486] Changing DSP latency (root=add_ln443_4302) to 3 in order to utilize available DSP registers.
INFO: [HLS 200-486] Changing DSP latency (root=add_ln443_4301) to 3 in order to utilize available DSP registers.
INFO: [HLS 200-486] Changing DSP latency (root=add_ln443_4297) to 3 in order to utilize available DSP registers.
INFO: [HLS 200-486] Changing DSP latency (root=add_ln443_4296) to 3 in order to utilize available DSP registers.
INFO: [HLS 200-486] Changing DSP latency (root=add_ln443_4295) to 3 in order to utilize available DSP registers.
INFO: [HLS 200-486] Changing DSP latency (root=add_ln443_4293) to 3 in order to utilize available DSP registers.
INFO: [HLS 200-486] Changing DSP latency (root=add_ln443_4292) to 3 in order to utilize available DSP registers.
INFO: [HLS 200-486] Changing DSP latency (root=add_ln443_4289) to 3 in order to utilize available DSP registers.
INFO: [HLS 200-486] Changing DSP latency (root=add_ln443_4288) to 3 in order to utilize available DSP registers.
INFO: [HLS 200-486] Changing DSP latency (root=add_ln443_4287) to 3 in order to utilize available DSP registers.
INFO: [HLS 200-486] Changing DSP latency (root=add_ln443_4285) to 3 in order to utilize available DSP registers.
INFO: [HLS 200-486] Changing DSP latency (root=add_ln443_4284) to 3 in order to utilize available DSP registers.
INFO: [HLS 200-486] Changing DSP latency (root=add_ln443_4280) to 3 in order to utilize available DSP registers.
INFO: [HLS 200-486] Changing DSP latency (root=add_ln443_4279) to 3 in order to utilize available DSP registers.
INFO: [HLS 200-486] Changing DSP latency (root=add_ln443_4278) to 3 in order to utilize available DSP registers.
INFO: [HLS 200-486] Changing DSP latency (root=add_ln443_4276) to 3 in order to utilize available DSP registers.
INFO: [HLS 200-486] Changing DSP latency (root=add_ln443_4275) to 3 in order to utilize available DSP registers.
INFO: [HLS 200-486] Changing DSP latency (root=add_ln443_4272) to 3 in order to utilize available DSP registers.
INFO: [HLS 200-486] Changing DSP latency (root=add_ln443_4271) to 3 in order to utilize available DSP registers.
INFO: [HLS 200-486] Changing DSP latency (root=add_ln443_4270) to 3 in order to utilize available DSP registers.
INFO: [HLS 200-486] Changing DSP latency (root=add_ln443_4268) to 3 in order to utilize available DSP registers.
INFO: [HLS 200-486] Changing DSP latency (root=add_ln443_4267) to 3 in order to utilize available DSP registers.
INFO: [HLS 200-486] Changing DSP latency (root=add_ln443_4263) to 3 in order to utilize available DSP registers.
INFO: [HLS 200-486] Changing DSP latency (root=add_ln443_4262) to 3 in order to utilize available DSP registers.
INFO: [HLS 200-486] Changing DSP latency (root=add_ln443_4261) to 3 in order to utilize available DSP registers.
INFO: [HLS 200-486] Changing DSP latency (root=add_ln443_4259) to 3 in order to utilize available DSP registers.
INFO: [HLS 200-486] Changing DSP latency (root=add_ln443_4258) to 3 in order to utilize available DSP registers.
INFO: [HLS 200-486] Changing DSP latency (root=add_ln443_4255) to 3 in order to utilize available DSP registers.
INFO: [HLS 200-486] Changing DSP latency (root=add_ln443_4254) to 3 in order to utilize available DSP registers.
INFO: [HLS 200-486] Changing DSP latency (root=add_ln443_4253) to 3 in order to utilize available DSP registers.
INFO: [HLS 200-486] Changing DSP latency (root=add_ln443_4251) to 3 in order to utilize available DSP registers.
INFO: [HLS 200-486] Changing DSP latency (root=add_ln443_4250) to 3 in order to utilize available DSP registers.
INFO: [HLS 200-486] Changing DSP latency (root=add_ln443_4246) to 3 in order to utilize available DSP registers.
INFO: [HLS 200-486] Changing DSP latency (root=add_ln443_4245) to 3 in order to utilize available DSP registers.
INFO: [HLS 200-486] Changing DSP latency (root=add_ln443_4244) to 3 in order to utilize available DSP registers.
INFO: [HLS 200-486] Changing DSP latency (root=add_ln443_4242) to 3 in order to utilize available DSP registers.
INFO: [HLS 200-486] Changing DSP latency (root=add_ln443_4241) to 3 in order to utilize available DSP registers.
INFO: [HLS 200-486] Changing DSP latency (root=add_ln443_4238) to 3 in order to utilize available DSP registers.
INFO: [HLS 200-486] Changing DSP latency (root=add_ln443_4237) to 3 in order to utilize available DSP registers.
INFO: [HLS 200-486] Changing DSP latency (root=add_ln443_4236) to 3 in order to utilize available DSP registers.
INFO: [HLS 200-486] Changing DSP latency (root=add_ln443_4234) to 3 in order to utilize available DSP registers.
INFO: [HLS 200-486] Changing DSP latency (root=add_ln443_4233) to 3 in order to utilize available DSP registers.
INFO: [HLS 200-486] Changing DSP latency (root=add_ln443_4229) to 3 in order to utilize available DSP registers.
INFO: [HLS 200-486] Changing DSP latency (root=add_ln443_4228) to 3 in order to utilize available DSP registers.
INFO: [HLS 200-486] Changing DSP latency (root=add_ln443_4227) to 3 in order to utilize available DSP registers.
INFO: [HLS 200-486] Changing DSP latency (root=add_ln443_4225) to 3 in order to utilize available DSP registers.
INFO: [HLS 200-486] Changing DSP latency (root=add_ln443_4224) to 3 in order to utilize available DSP registers.
INFO: [HLS 200-486] Changing DSP latency (root=add_ln443_4221) to 3 in order to utilize available DSP registers.
INFO: [HLS 200-486] Changing DSP latency (root=add_ln443_4220) to 3 in order to utilize available DSP registers.
INFO: [HLS 200-486] Changing DSP latency (root=add_ln443_4219) to 3 in order to utilize available DSP registers.
INFO: [HLS 200-486] Changing DSP latency (root=add_ln443_4217) to 3 in order to utilize available DSP registers.
INFO: [HLS 200-486] Changing DSP latency (root=add_ln443_4216) to 3 in order to utilize available DSP registers.
INFO: [HLS 200-486] Changing DSP latency (root=add_ln443_4212) to 3 in order to utilize available DSP registers.
INFO: [HLS 200-486] Changing DSP latency (root=add_ln443_4211) to 3 in order to utilize available DSP registers.
INFO: [HLS 200-486] Changing DSP latency (root=add_ln443_4210) to 3 in order to utilize available DSP registers.
INFO: [HLS 200-486] Changing DSP latency (root=add_ln443_4208) to 3 in order to utilize available DSP registers.
INFO: [HLS 200-486] Changing DSP latency (root=add_ln443_4207) to 3 in order to utilize available DSP registers.
INFO: [HLS 200-486] Changing DSP latency (root=add_ln443_4204) to 3 in order to utilize available DSP registers.
INFO: [HLS 200-486] Changing DSP latency (root=add_ln443_4203) to 3 in order to utilize available DSP registers.
INFO: [HLS 200-486] Changing DSP latency (root=add_ln443_4202) to 3 in order to utilize available DSP registers.
INFO: [HLS 200-486] Changing DSP latency (root=add_ln443_4200) to 3 in order to utilize available DSP registers.
INFO: [HLS 200-486] Changing DSP latency (root=add_ln443_4199) to 3 in order to utilize available DSP registers.
INFO: [HLS 200-486] Changing DSP latency (root=add_ln443_4195) to 3 in order to utilize available DSP registers.
INFO: [HLS 200-486] Changing DSP latency (root=add_ln443_4194) to 3 in order to utilize available DSP registers.
INFO: [HLS 200-486] Changing DSP latency (root=add_ln443_4193) to 3 in order to utilize available DSP registers.
INFO: [HLS 200-486] Changing DSP latency (root=add_ln443_4191) to 3 in order to utilize available DSP registers.
INFO: [HLS 200-486] Changing DSP latency (root=add_ln443_4190) to 3 in order to utilize available DSP registers.
INFO: [HLS 200-486] Changing DSP latency (root=add_ln443_4187) to 3 in order to utilize available DSP registers.
INFO: [HLS 200-486] Changing DSP latency (root=add_ln443_4186) to 3 in order to utilize available DSP registers.
INFO: [HLS 200-486] Changing DSP latency (root=add_ln443_4185) to 3 in order to utilize available DSP registers.
INFO: [HLS 200-486] Changing DSP latency (root=add_ln443_4183) to 3 in order to utilize available DSP registers.
INFO: [HLS 200-486] Changing DSP latency (root=add_ln443_4182) to 3 in order to utilize available DSP registers.
INFO: [HLS 200-486] Changing DSP latency (root=add_ln443_4178) to 3 in order to utilize available DSP registers.
INFO: [HLS 200-486] Changing DSP latency (root=add_ln443_4177) to 3 in order to utilize available DSP registers.
INFO: [HLS 200-486] Changing DSP latency (root=add_ln443_4176) to 3 in order to utilize available DSP registers.
INFO: [HLS 200-486] Changing DSP latency (root=add_ln443_4174) to 3 in order to utilize available DSP registers.
INFO: [HLS 200-486] Changing DSP latency (root=add_ln443_4173) to 3 in order to utilize available DSP registers.
INFO: [HLS 200-486] Changing DSP latency (root=add_ln443_4170) to 3 in order to utilize available DSP registers.
INFO: [HLS 200-486] Changing DSP latency (root=add_ln443_4169) to 3 in order to utilize available DSP registers.
INFO: [HLS 200-486] Changing DSP latency (root=add_ln443_4168) to 3 in order to utilize available DSP registers.
INFO: [HLS 200-486] Changing DSP latency (root=add_ln443_4166) to 3 in order to utilize available DSP registers.
INFO: [HLS 200-486] Changing DSP latency (root=add_ln443_4165) to 3 in order to utilize available DSP registers.
INFO: [HLS 200-486] Changing DSP latency (root=add_ln443_4161) to 3 in order to utilize available DSP registers.
INFO: [HLS 200-486] Changing DSP latency (root=add_ln443_4160) to 3 in order to utilize available DSP registers.
INFO: [HLS 200-486] Changing DSP latency (root=add_ln443_4159) to 3 in order to utilize available DSP registers.
INFO: [HLS 200-486] Changing DSP latency (root=add_ln443_4157) to 3 in order to utilize available DSP registers.
INFO: [HLS 200-486] Changing DSP latency (root=add_ln443_4156) to 3 in order to utilize available DSP registers.
INFO: [HLS 200-486] Changing DSP latency (root=add_ln443_4153) to 3 in order to utilize available DSP registers.
INFO: [HLS 200-486] Changing DSP latency (root=add_ln443_4152) to 3 in order to utilize available DSP registers.
INFO: [HLS 200-486] Changing DSP latency (root=add_ln443_4151) to 3 in order to utilize available DSP registers.
INFO: [HLS 200-486] Changing DSP latency (root=add_ln443_4149) to 3 in order to utilize available DSP registers.
INFO: [HLS 200-486] Changing DSP latency (root=add_ln443_4148) to 3 in order to utilize available DSP registers.
INFO: [HLS 200-486] Changing DSP latency (root=add_ln443_4144) to 3 in order to utilize available DSP registers.
INFO: [HLS 200-486] Changing DSP latency (root=add_ln443_4143) to 3 in order to utilize available DSP registers.
INFO: [HLS 200-486] Changing DSP latency (root=add_ln443_4142) to 3 in order to utilize available DSP registers.
INFO: [HLS 200-486] Changing DSP latency (root=add_ln443_4140) to 3 in order to utilize available DSP registers.
INFO: [HLS 200-486] Changing DSP latency (root=add_ln443_4139) to 3 in order to utilize available DSP registers.
INFO: [HLS 200-486] Changing DSP latency (root=add_ln443_4136) to 3 in order to utilize available DSP registers.
INFO: [HLS 200-486] Changing DSP latency (root=add_ln443_4135) to 3 in order to utilize available DSP registers.
INFO: [HLS 200-486] Changing DSP latency (root=add_ln443_4134) to 3 in order to utilize available DSP registers.
INFO: [HLS 200-486] Changing DSP latency (root=add_ln443_4132) to 3 in order to utilize available DSP registers.
INFO: [HLS 200-486] Changing DSP latency (root=add_ln443_4131) to 3 in order to utilize available DSP registers.
INFO: [HLS 200-486] Changing DSP latency (root=add_ln443_4127) to 3 in order to utilize available DSP registers.
INFO: [HLS 200-486] Changing DSP latency (root=add_ln443_4126) to 3 in order to utilize available DSP registers.
INFO: [HLS 200-486] Changing DSP latency (root=add_ln443_4125) to 3 in order to utilize available DSP registers.
INFO: [HLS 200-486] Changing DSP latency (root=add_ln443_4123) to 3 in order to utilize available DSP registers.
INFO: [HLS 200-486] Changing DSP latency (root=add_ln443_4122) to 3 in order to utilize available DSP registers.
INFO: [HLS 200-486] Changing DSP latency (root=add_ln443_4119) to 3 in order to utilize available DSP registers.
INFO: [HLS 200-486] Changing DSP latency (root=add_ln443_4118) to 3 in order to utilize available DSP registers.
INFO: [HLS 200-486] Changing DSP latency (root=add_ln443_4117) to 3 in order to utilize available DSP registers.
INFO: [HLS 200-486] Changing DSP latency (root=add_ln443_4115) to 3 in order to utilize available DSP registers.
INFO: [HLS 200-486] Changing DSP latency (root=add_ln443_4114) to 3 in order to utilize available DSP registers.
INFO: [HLS 200-486] Changing DSP latency (root=add_ln443_4110) to 3 in order to utilize available DSP registers.
INFO: [HLS 200-486] Changing DSP latency (root=add_ln443_4109) to 3 in order to utilize available DSP registers.
INFO: [HLS 200-486] Changing DSP latency (root=add_ln443_4108) to 3 in order to utilize available DSP registers.
INFO: [HLS 200-486] Changing DSP latency (root=add_ln443_4106) to 3 in order to utilize available DSP registers.
INFO: [HLS 200-486] Changing DSP latency (root=add_ln443_4105) to 3 in order to utilize available DSP registers.
INFO: [HLS 200-486] Changing DSP latency (root=add_ln443_4102) to 3 in order to utilize available DSP registers.
INFO: [HLS 200-486] Changing DSP latency (root=add_ln443_4101) to 3 in order to utilize available DSP registers.
INFO: [HLS 200-486] Changing DSP latency (root=add_ln443_4100) to 3 in order to utilize available DSP registers.
INFO: [HLS 200-486] Changing DSP latency (root=add_ln443_4098) to 3 in order to utilize available DSP registers.
INFO: [HLS 200-486] Changing DSP latency (root=add_ln443_4097) to 3 in order to utilize available DSP registers.
INFO: [HLS 200-486] Changing DSP latency (root=add_ln443_4093) to 3 in order to utilize available DSP registers.
INFO: [HLS 200-486] Changing DSP latency (root=add_ln443_4092) to 3 in order to utilize available DSP registers.
INFO: [HLS 200-486] Changing DSP latency (root=add_ln443_4091) to 3 in order to utilize available DSP registers.
INFO: [HLS 200-486] Changing DSP latency (root=add_ln443_4089) to 3 in order to utilize available DSP registers.
INFO: [HLS 200-486] Changing DSP latency (root=add_ln443_4088) to 3 in order to utilize available DSP registers.
INFO: [HLS 200-486] Changing DSP latency (root=add_ln443_4085) to 3 in order to utilize available DSP registers.
INFO: [HLS 200-486] Changing DSP latency (root=add_ln443_4084) to 3 in order to utilize available DSP registers.
INFO: [HLS 200-486] Changing DSP latency (root=add_ln443_4083) to 3 in order to utilize available DSP registers.
INFO: [HLS 200-486] Changing DSP latency (root=add_ln443_4081) to 3 in order to utilize available DSP registers.
INFO: [HLS 200-486] Changing DSP latency (root=add_ln443_4080) to 3 in order to utilize available DSP registers.
INFO: [HLS 200-486] Changing DSP latency (root=add_ln443_4076) to 3 in order to utilize available DSP registers.
INFO: [HLS 200-486] Changing DSP latency (root=add_ln443_4075) to 3 in order to utilize available DSP registers.
INFO: [HLS 200-486] Changing DSP latency (root=add_ln443_4074) to 3 in order to utilize available DSP registers.
INFO: [HLS 200-486] Changing DSP latency (root=add_ln443_4072) to 3 in order to utilize available DSP registers.
INFO: [HLS 200-486] Changing DSP latency (root=add_ln443_4071) to 3 in order to utilize available DSP registers.
INFO: [HLS 200-486] Changing DSP latency (root=add_ln443_4068) to 3 in order to utilize available DSP registers.
INFO: [HLS 200-486] Changing DSP latency (root=add_ln443_4067) to 3 in order to utilize available DSP registers.
INFO: [HLS 200-486] Changing DSP latency (root=add_ln443_4066) to 3 in order to utilize available DSP registers.
INFO: [HLS 200-486] Changing DSP latency (root=add_ln443_4064) to 3 in order to utilize available DSP registers.
INFO: [HLS 200-486] Changing DSP latency (root=add_ln443_4063) to 3 in order to utilize available DSP registers.
INFO: [HLS 200-486] Changing DSP latency (root=add_ln443_4059) to 3 in order to utilize available DSP registers.
INFO: [HLS 200-486] Changing DSP latency (root=add_ln443_4058) to 3 in order to utilize available DSP registers.
INFO: [HLS 200-486] Changing DSP latency (root=add_ln443_4057) to 3 in order to utilize available DSP registers.
INFO: [HLS 200-486] Changing DSP latency (root=add_ln443_4055) to 3 in order to utilize available DSP registers.
INFO: [HLS 200-486] Changing DSP latency (root=add_ln443_4054) to 3 in order to utilize available DSP registers.
INFO: [HLS 200-486] Changing DSP latency (root=add_ln443_4051) to 3 in order to utilize available DSP registers.
INFO: [HLS 200-486] Changing DSP latency (root=add_ln443_4050) to 3 in order to utilize available DSP registers.
INFO: [HLS 200-486] Changing DSP latency (root=add_ln443_4049) to 3 in order to utilize available DSP registers.
INFO: [HLS 200-486] Changing DSP latency (root=add_ln443_4047) to 3 in order to utilize available DSP registers.
INFO: [HLS 200-486] Changing DSP latency (root=add_ln443_4046) to 3 in order to utilize available DSP registers.
INFO: [HLS 200-486] Changing DSP latency (root=add_ln443_4042) to 3 in order to utilize available DSP registers.
INFO: [HLS 200-486] Changing DSP latency (root=add_ln443_4041) to 3 in order to utilize available DSP registers.
INFO: [HLS 200-486] Changing DSP latency (root=add_ln443_4040) to 3 in order to utilize available DSP registers.
INFO: [HLS 200-486] Changing DSP latency (root=add_ln443_4038) to 3 in order to utilize available DSP registers.
INFO: [HLS 200-486] Changing DSP latency (root=add_ln443_4037) to 3 in order to utilize available DSP registers.
INFO: [HLS 200-486] Changing DSP latency (root=add_ln443_4034) to 3 in order to utilize available DSP registers.
INFO: [HLS 200-486] Changing DSP latency (root=add_ln443_4033) to 3 in order to utilize available DSP registers.
INFO: [HLS 200-486] Changing DSP latency (root=add_ln443_4032) to 3 in order to utilize available DSP registers.
INFO: [HLS 200-486] Changing DSP latency (root=add_ln443_4030) to 3 in order to utilize available DSP registers.
INFO: [HLS 200-486] Changing DSP latency (root=add_ln443_4029) to 3 in order to utilize available DSP registers.
INFO: [HLS 200-486] Changing DSP latency (root=add_ln443_4025) to 3 in order to utilize available DSP registers.
INFO: [HLS 200-486] Changing DSP latency (root=add_ln443_4024) to 3 in order to utilize available DSP registers.
INFO: [HLS 200-486] Changing DSP latency (root=add_ln443_4023) to 3 in order to utilize available DSP registers.
INFO: [HLS 200-486] Changing DSP latency (root=add_ln443_4021) to 3 in order to utilize available DSP registers.
INFO: [HLS 200-486] Changing DSP latency (root=add_ln443_4020) to 3 in order to utilize available DSP registers.
INFO: [HLS 200-486] Changing DSP latency (root=add_ln443_4017) to 3 in order to utilize available DSP registers.
INFO: [HLS 200-486] Changing DSP latency (root=add_ln443_4016) to 3 in order to utilize available DSP registers.
INFO: [HLS 200-486] Changing DSP latency (root=add_ln443_4015) to 3 in order to utilize available DSP registers.
INFO: [HLS 200-486] Changing DSP latency (root=add_ln443_4013) to 3 in order to utilize available DSP registers.
INFO: [HLS 200-486] Changing DSP latency (root=add_ln443_4012) to 3 in order to utilize available DSP registers.
INFO: [HLS 200-486] Changing DSP latency (root=add_ln443_4008) to 3 in order to utilize available DSP registers.
INFO: [HLS 200-486] Changing DSP latency (root=add_ln443_4007) to 3 in order to utilize available DSP registers.
INFO: [HLS 200-486] Changing DSP latency (root=add_ln443_4006) to 3 in order to utilize available DSP registers.
INFO: [HLS 200-486] Changing DSP latency (root=add_ln443_4004) to 3 in order to utilize available DSP registers.
INFO: [HLS 200-486] Changing DSP latency (root=add_ln443_4003) to 3 in order to utilize available DSP registers.
INFO: [HLS 200-486] Changing DSP latency (root=add_ln443_4000) to 3 in order to utilize available DSP registers.
INFO: [HLS 200-486] Changing DSP latency (root=add_ln443_3999) to 3 in order to utilize available DSP registers.
INFO: [HLS 200-486] Changing DSP latency (root=add_ln443_3998) to 3 in order to utilize available DSP registers.
INFO: [HLS 200-486] Changing DSP latency (root=add_ln443_3996) to 3 in order to utilize available DSP registers.
INFO: [HLS 200-486] Changing DSP latency (root=add_ln443_3995) to 3 in order to utilize available DSP registers.
INFO: [HLS 200-486] Changing DSP latency (root=add_ln443_3991) to 3 in order to utilize available DSP registers.
INFO: [HLS 200-486] Changing DSP latency (root=add_ln443_3990) to 3 in order to utilize available DSP registers.
INFO: [HLS 200-486] Changing DSP latency (root=add_ln443_3989) to 3 in order to utilize available DSP registers.
INFO: [HLS 200-486] Changing DSP latency (root=add_ln443_3987) to 3 in order to utilize available DSP registers.
INFO: [HLS 200-486] Changing DSP latency (root=add_ln443_3986) to 3 in order to utilize available DSP registers.
INFO: [HLS 200-486] Changing DSP latency (root=add_ln443_3983) to 3 in order to utilize available DSP registers.
INFO: [HLS 200-486] Changing DSP latency (root=add_ln443_3982) to 3 in order to utilize available DSP registers.
INFO: [HLS 200-486] Changing DSP latency (root=add_ln443_3981) to 3 in order to utilize available DSP registers.
INFO: [HLS 200-486] Changing DSP latency (root=add_ln443_3979) to 3 in order to utilize available DSP registers.
INFO: [HLS 200-486] Changing DSP latency (root=add_ln443_3978) to 3 in order to utilize available DSP registers.
INFO: [HLS 200-486] Changing DSP latency (root=add_ln443_3974) to 3 in order to utilize available DSP registers.
INFO: [HLS 200-486] Changing DSP latency (root=add_ln443_3973) to 3 in order to utilize available DSP registers.
INFO: [HLS 200-486] Changing DSP latency (root=add_ln443_3972) to 3 in order to utilize available DSP registers.
INFO: [HLS 200-486] Changing DSP latency (root=add_ln443_3970) to 3 in order to utilize available DSP registers.
INFO: [HLS 200-486] Changing DSP latency (root=add_ln443_3969) to 3 in order to utilize available DSP registers.
INFO: [HLS 200-486] Changing DSP latency (root=add_ln443_3966) to 3 in order to utilize available DSP registers.
INFO: [HLS 200-486] Changing DSP latency (root=add_ln443_3965) to 3 in order to utilize available DSP registers.
INFO: [HLS 200-486] Changing DSP latency (root=add_ln443_3964) to 3 in order to utilize available DSP registers.
INFO: [HLS 200-486] Changing DSP latency (root=add_ln443_3962) to 3 in order to utilize available DSP registers.
INFO: [HLS 200-486] Changing DSP latency (root=add_ln443_3961) to 3 in order to utilize available DSP registers.
INFO: [HLS 200-486] Changing DSP latency (root=add_ln443_3957) to 3 in order to utilize available DSP registers.
INFO: [HLS 200-486] Changing DSP latency (root=add_ln443_3956) to 3 in order to utilize available DSP registers.
INFO: [HLS 200-486] Changing DSP latency (root=add_ln443_3955) to 3 in order to utilize available DSP registers.
INFO: [HLS 200-486] Changing DSP latency (root=add_ln443_3953) to 3 in order to utilize available DSP registers.
INFO: [HLS 200-486] Changing DSP latency (root=add_ln443_3952) to 3 in order to utilize available DSP registers.
INFO: [HLS 200-486] Changing DSP latency (root=add_ln443_3949) to 3 in order to utilize available DSP registers.
INFO: [HLS 200-486] Changing DSP latency (root=add_ln443_3948) to 3 in order to utilize available DSP registers.
INFO: [HLS 200-486] Changing DSP latency (root=add_ln443_3947) to 3 in order to utilize available DSP registers.
INFO: [HLS 200-486] Changing DSP latency (root=add_ln443_3945) to 3 in order to utilize available DSP registers.
INFO: [HLS 200-486] Changing DSP latency (root=add_ln443_3944) to 3 in order to utilize available DSP registers.
INFO: [HLS 200-486] Changing DSP latency (root=add_ln443_3940) to 3 in order to utilize available DSP registers.
INFO: [HLS 200-486] Changing DSP latency (root=add_ln443_3939) to 3 in order to utilize available DSP registers.
INFO: [HLS 200-486] Changing DSP latency (root=add_ln443_3938) to 3 in order to utilize available DSP registers.
INFO: [HLS 200-486] Changing DSP latency (root=add_ln443_3936) to 3 in order to utilize available DSP registers.
INFO: [HLS 200-486] Changing DSP latency (root=add_ln443_3935) to 3 in order to utilize available DSP registers.
INFO: [HLS 200-486] Changing DSP latency (root=add_ln443_3932) to 3 in order to utilize available DSP registers.
INFO: [HLS 200-486] Changing DSP latency (root=add_ln443_3931) to 3 in order to utilize available DSP registers.
INFO: [HLS 200-486] Changing DSP latency (root=add_ln443_3930) to 3 in order to utilize available DSP registers.
INFO: [HLS 200-486] Changing DSP latency (root=add_ln443_3928) to 3 in order to utilize available DSP registers.
INFO: [HLS 200-486] Changing DSP latency (root=add_ln443_3927) to 3 in order to utilize available DSP registers.
INFO: [HLS 200-486] Changing DSP latency (root=add_ln443_3923) to 3 in order to utilize available DSP registers.
INFO: [HLS 200-486] Changing DSP latency (root=add_ln443_3922) to 3 in order to utilize available DSP registers.
INFO: [HLS 200-486] Changing DSP latency (root=add_ln443_3921) to 3 in order to utilize available DSP registers.
INFO: [HLS 200-486] Changing DSP latency (root=add_ln443_3919) to 3 in order to utilize available DSP registers.
INFO: [HLS 200-486] Changing DSP latency (root=add_ln443_3918) to 3 in order to utilize available DSP registers.
INFO: [HLS 200-486] Changing DSP latency (root=add_ln443_3915) to 3 in order to utilize available DSP registers.
INFO: [HLS 200-486] Changing DSP latency (root=add_ln443_3914) to 3 in order to utilize available DSP registers.
INFO: [HLS 200-486] Changing DSP latency (root=add_ln443_3913) to 3 in order to utilize available DSP registers.
INFO: [HLS 200-486] Changing DSP latency (root=add_ln443_3911) to 3 in order to utilize available DSP registers.
INFO: [HLS 200-486] Changing DSP latency (root=add_ln443_3910) to 3 in order to utilize available DSP registers.
INFO: [HLS 200-486] Changing DSP latency (root=add_ln443_3906) to 3 in order to utilize available DSP registers.
INFO: [HLS 200-486] Changing DSP latency (root=add_ln443_3905) to 3 in order to utilize available DSP registers.
INFO: [HLS 200-486] Changing DSP latency (root=add_ln443_3904) to 3 in order to utilize available DSP registers.
INFO: [HLS 200-486] Changing DSP latency (root=add_ln443_3902) to 3 in order to utilize available DSP registers.
INFO: [HLS 200-486] Changing DSP latency (root=add_ln443_3901) to 3 in order to utilize available DSP registers.
INFO: [HLS 200-486] Changing DSP latency (root=add_ln443_3898) to 3 in order to utilize available DSP registers.
INFO: [HLS 200-486] Changing DSP latency (root=add_ln443_3897) to 3 in order to utilize available DSP registers.
INFO: [HLS 200-486] Changing DSP latency (root=add_ln443_3896) to 3 in order to utilize available DSP registers.
INFO: [HLS 200-486] Changing DSP latency (root=add_ln443_3894) to 3 in order to utilize available DSP registers.
INFO: [HLS 200-486] Changing DSP latency (root=add_ln443_3893) to 3 in order to utilize available DSP registers.
INFO: [HLS 200-486] Changing DSP latency (root=add_ln443_3889) to 3 in order to utilize available DSP registers.
INFO: [HLS 200-486] Changing DSP latency (root=add_ln443_3888) to 3 in order to utilize available DSP registers.
INFO: [HLS 200-486] Changing DSP latency (root=add_ln443_3887) to 3 in order to utilize available DSP registers.
INFO: [HLS 200-486] Changing DSP latency (root=add_ln443_3885) to 3 in order to utilize available DSP registers.
INFO: [HLS 200-486] Changing DSP latency (root=add_ln443_3884) to 3 in order to utilize available DSP registers.
INFO: [HLS 200-486] Changing DSP latency (root=add_ln443_3881) to 3 in order to utilize available DSP registers.
INFO: [HLS 200-486] Changing DSP latency (root=add_ln443_3880) to 3 in order to utilize available DSP registers.
INFO: [HLS 200-486] Changing DSP latency (root=add_ln443_3879) to 3 in order to utilize available DSP registers.
INFO: [HLS 200-486] Changing DSP latency (root=add_ln443_3877) to 3 in order to utilize available DSP registers.
INFO: [HLS 200-486] Changing DSP latency (root=add_ln443_3876) to 3 in order to utilize available DSP registers.
INFO: [HLS 200-486] Changing DSP latency (root=add_ln443_3872) to 3 in order to utilize available DSP registers.
INFO: [HLS 200-486] Changing DSP latency (root=add_ln443_3871) to 3 in order to utilize available DSP registers.
INFO: [HLS 200-486] Changing DSP latency (root=add_ln443_3870) to 3 in order to utilize available DSP registers.
INFO: [HLS 200-486] Changing DSP latency (root=add_ln443_3868) to 3 in order to utilize available DSP registers.
INFO: [HLS 200-486] Changing DSP latency (root=add_ln443_3867) to 3 in order to utilize available DSP registers.
INFO: [HLS 200-486] Changing DSP latency (root=add_ln443_3864) to 3 in order to utilize available DSP registers.
INFO: [HLS 200-486] Changing DSP latency (root=add_ln443_3863) to 3 in order to utilize available DSP registers.
INFO: [HLS 200-486] Changing DSP latency (root=add_ln443_3862) to 3 in order to utilize available DSP registers.
INFO: [HLS 200-486] Changing DSP latency (root=add_ln443_3860) to 3 in order to utilize available DSP registers.
INFO: [HLS 200-486] Changing DSP latency (root=add_ln443_3859) to 3 in order to utilize available DSP registers.
INFO: [HLS 200-486] Changing DSP latency (root=add_ln443_3855) to 3 in order to utilize available DSP registers.
INFO: [HLS 200-486] Changing DSP latency (root=add_ln443_3854) to 3 in order to utilize available DSP registers.
INFO: [HLS 200-486] Changing DSP latency (root=add_ln443_3853) to 3 in order to utilize available DSP registers.
INFO: [HLS 200-486] Changing DSP latency (root=add_ln443_3851) to 3 in order to utilize available DSP registers.
INFO: [HLS 200-486] Changing DSP latency (root=add_ln443_3850) to 3 in order to utilize available DSP registers.
INFO: [HLS 200-486] Changing DSP latency (root=add_ln443_3847) to 3 in order to utilize available DSP registers.
INFO: [HLS 200-486] Changing DSP latency (root=add_ln443_3846) to 3 in order to utilize available DSP registers.
INFO: [HLS 200-486] Changing DSP latency (root=add_ln443_3845) to 3 in order to utilize available DSP registers.
INFO: [HLS 200-486] Changing DSP latency (root=add_ln443_3843) to 3 in order to utilize available DSP registers.
INFO: [HLS 200-486] Changing DSP latency (root=add_ln443_3842) to 3 in order to utilize available DSP registers.
INFO: [HLS 200-486] Changing DSP latency (root=add_ln443_3838) to 3 in order to utilize available DSP registers.
INFO: [HLS 200-486] Changing DSP latency (root=add_ln443_3837) to 3 in order to utilize available DSP registers.
INFO: [HLS 200-486] Changing DSP latency (root=add_ln443_3836) to 3 in order to utilize available DSP registers.
INFO: [HLS 200-486] Changing DSP latency (root=add_ln443_3834) to 3 in order to utilize available DSP registers.
INFO: [HLS 200-486] Changing DSP latency (root=add_ln443_3833) to 3 in order to utilize available DSP registers.
INFO: [HLS 200-486] Changing DSP latency (root=add_ln443_3830) to 3 in order to utilize available DSP registers.
INFO: [HLS 200-486] Changing DSP latency (root=add_ln443_3829) to 3 in order to utilize available DSP registers.
INFO: [HLS 200-486] Changing DSP latency (root=add_ln443_3828) to 3 in order to utilize available DSP registers.
INFO: [HLS 200-486] Changing DSP latency (root=add_ln443_3826) to 3 in order to utilize available DSP registers.
INFO: [HLS 200-486] Changing DSP latency (root=add_ln443_3825) to 3 in order to utilize available DSP registers.
INFO: [HLS 200-486] Changing DSP latency (root=add_ln443_3821) to 3 in order to utilize available DSP registers.
INFO: [HLS 200-486] Changing DSP latency (root=add_ln443_3820) to 3 in order to utilize available DSP registers.
INFO: [HLS 200-486] Changing DSP latency (root=add_ln443_3819) to 3 in order to utilize available DSP registers.
INFO: [HLS 200-486] Changing DSP latency (root=add_ln443_3817) to 3 in order to utilize available DSP registers.
INFO: [HLS 200-486] Changing DSP latency (root=add_ln443_3816) to 3 in order to utilize available DSP registers.
INFO: [HLS 200-486] Changing DSP latency (root=add_ln443_3813) to 3 in order to utilize available DSP registers.
INFO: [HLS 200-486] Changing DSP latency (root=add_ln443_3812) to 3 in order to utilize available DSP registers.
INFO: [HLS 200-486] Changing DSP latency (root=add_ln443_3811) to 3 in order to utilize available DSP registers.
INFO: [HLS 200-486] Changing DSP latency (root=add_ln443_3809) to 3 in order to utilize available DSP registers.
INFO: [HLS 200-486] Changing DSP latency (root=add_ln443_3808) to 3 in order to utilize available DSP registers.
INFO: [HLS 200-486] Changing DSP latency (root=add_ln443_3804) to 3 in order to utilize available DSP registers.
INFO: [HLS 200-486] Changing DSP latency (root=add_ln443_3803) to 3 in order to utilize available DSP registers.
INFO: [HLS 200-486] Changing DSP latency (root=add_ln443_3802) to 3 in order to utilize available DSP registers.
INFO: [HLS 200-486] Changing DSP latency (root=add_ln443_3800) to 3 in order to utilize available DSP registers.
INFO: [HLS 200-486] Changing DSP latency (root=add_ln443_3799) to 3 in order to utilize available DSP registers.
INFO: [HLS 200-486] Changing DSP latency (root=add_ln443_3796) to 3 in order to utilize available DSP registers.
INFO: [HLS 200-486] Changing DSP latency (root=add_ln443_3795) to 3 in order to utilize available DSP registers.
INFO: [HLS 200-486] Changing DSP latency (root=add_ln443_3794) to 3 in order to utilize available DSP registers.
INFO: [HLS 200-486] Changing DSP latency (root=add_ln443_3792) to 3 in order to utilize available DSP registers.
INFO: [HLS 200-486] Changing DSP latency (root=add_ln443_3791) to 3 in order to utilize available DSP registers.
INFO: [HLS 200-486] Changing DSP latency (root=add_ln443_3787) to 3 in order to utilize available DSP registers.
INFO: [HLS 200-486] Changing DSP latency (root=add_ln443_3786) to 3 in order to utilize available DSP registers.
INFO: [HLS 200-486] Changing DSP latency (root=add_ln443_3785) to 3 in order to utilize available DSP registers.
INFO: [HLS 200-486] Changing DSP latency (root=add_ln443_3783) to 3 in order to utilize available DSP registers.
INFO: [HLS 200-486] Changing DSP latency (root=add_ln443_3782) to 3 in order to utilize available DSP registers.
INFO: [HLS 200-486] Changing DSP latency (root=add_ln443_3779) to 3 in order to utilize available DSP registers.
INFO: [HLS 200-486] Changing DSP latency (root=add_ln443_3778) to 3 in order to utilize available DSP registers.
INFO: [HLS 200-486] Changing DSP latency (root=add_ln443_3777) to 3 in order to utilize available DSP registers.
INFO: [HLS 200-486] Changing DSP latency (root=add_ln443_3775) to 3 in order to utilize available DSP registers.
INFO: [HLS 200-486] Changing DSP latency (root=add_ln443_3774) to 3 in order to utilize available DSP registers.
INFO: [HLS 200-486] Changing DSP latency (root=add_ln443_3770) to 3 in order to utilize available DSP registers.
INFO: [HLS 200-486] Changing DSP latency (root=add_ln443_3769) to 3 in order to utilize available DSP registers.
INFO: [HLS 200-486] Changing DSP latency (root=add_ln443_3768) to 3 in order to utilize available DSP registers.
INFO: [HLS 200-486] Changing DSP latency (root=add_ln443_3766) to 3 in order to utilize available DSP registers.
INFO: [HLS 200-486] Changing DSP latency (root=add_ln443_3765) to 3 in order to utilize available DSP registers.
INFO: [HLS 200-486] Changing DSP latency (root=add_ln443_3762) to 3 in order to utilize available DSP registers.
INFO: [HLS 200-486] Changing DSP latency (root=add_ln443_3761) to 3 in order to utilize available DSP registers.
INFO: [HLS 200-486] Changing DSP latency (root=add_ln443_3760) to 3 in order to utilize available DSP registers.
INFO: [HLS 200-486] Changing DSP latency (root=add_ln443_3758) to 3 in order to utilize available DSP registers.
INFO: [HLS 200-486] Changing DSP latency (root=add_ln443_3757) to 3 in order to utilize available DSP registers.
INFO: [HLS 200-486] Changing DSP latency (root=add_ln443_3753) to 3 in order to utilize available DSP registers.
INFO: [HLS 200-486] Changing DSP latency (root=add_ln443_3752) to 3 in order to utilize available DSP registers.
INFO: [HLS 200-486] Changing DSP latency (root=add_ln443_3751) to 3 in order to utilize available DSP registers.
INFO: [HLS 200-486] Changing DSP latency (root=add_ln443_3749) to 3 in order to utilize available DSP registers.
INFO: [HLS 200-486] Changing DSP latency (root=add_ln443_3748) to 3 in order to utilize available DSP registers.
INFO: [HLS 200-486] Changing DSP latency (root=add_ln443_3745) to 3 in order to utilize available DSP registers.
INFO: [HLS 200-486] Changing DSP latency (root=add_ln443_3744) to 3 in order to utilize available DSP registers.
INFO: [HLS 200-486] Changing DSP latency (root=add_ln443_3743) to 3 in order to utilize available DSP registers.
INFO: [HLS 200-486] Changing DSP latency (root=add_ln443_3741) to 3 in order to utilize available DSP registers.
INFO: [HLS 200-486] Changing DSP latency (root=add_ln443_3740) to 3 in order to utilize available DSP registers.
INFO: [HLS 200-486] Changing DSP latency (root=add_ln443_3736) to 3 in order to utilize available DSP registers.
INFO: [HLS 200-486] Changing DSP latency (root=add_ln443_3735) to 3 in order to utilize available DSP registers.
INFO: [HLS 200-486] Changing DSP latency (root=add_ln443_3734) to 3 in order to utilize available DSP registers.
INFO: [HLS 200-486] Changing DSP latency (root=add_ln443_3732) to 3 in order to utilize available DSP registers.
INFO: [HLS 200-486] Changing DSP latency (root=add_ln443_3731) to 3 in order to utilize available DSP registers.
INFO: [HLS 200-486] Changing DSP latency (root=add_ln443_3728) to 3 in order to utilize available DSP registers.
INFO: [HLS 200-486] Changing DSP latency (root=add_ln443_3727) to 3 in order to utilize available DSP registers.
INFO: [HLS 200-486] Changing DSP latency (root=add_ln443_3726) to 3 in order to utilize available DSP registers.
INFO: [HLS 200-486] Changing DSP latency (root=add_ln443_3724) to 3 in order to utilize available DSP registers.
INFO: [HLS 200-486] Changing DSP latency (root=add_ln443_3723) to 3 in order to utilize available DSP registers.
INFO: [HLS 200-486] Changing DSP latency (root=add_ln443_3719) to 3 in order to utilize available DSP registers.
INFO: [HLS 200-486] Changing DSP latency (root=add_ln443_3718) to 3 in order to utilize available DSP registers.
INFO: [HLS 200-486] Changing DSP latency (root=add_ln443_3717) to 3 in order to utilize available DSP registers.
INFO: [HLS 200-486] Changing DSP latency (root=add_ln443_3715) to 3 in order to utilize available DSP registers.
INFO: [HLS 200-486] Changing DSP latency (root=add_ln443_3714) to 3 in order to utilize available DSP registers.
INFO: [HLS 200-486] Changing DSP latency (root=add_ln443_3711) to 3 in order to utilize available DSP registers.
INFO: [HLS 200-486] Changing DSP latency (root=add_ln443_3710) to 3 in order to utilize available DSP registers.
INFO: [HLS 200-486] Changing DSP latency (root=add_ln443_3709) to 3 in order to utilize available DSP registers.
INFO: [HLS 200-486] Changing DSP latency (root=add_ln443_3707) to 3 in order to utilize available DSP registers.
INFO: [HLS 200-486] Changing DSP latency (root=add_ln443_3706) to 3 in order to utilize available DSP registers.
INFO: [HLS 200-486] Changing DSP latency (root=add_ln443_3702) to 3 in order to utilize available DSP registers.
INFO: [HLS 200-486] Changing DSP latency (root=add_ln443_3701) to 3 in order to utilize available DSP registers.
INFO: [HLS 200-486] Changing DSP latency (root=add_ln443_3700) to 3 in order to utilize available DSP registers.
INFO: [HLS 200-486] Changing DSP latency (root=add_ln443_3698) to 3 in order to utilize available DSP registers.
INFO: [HLS 200-486] Changing DSP latency (root=add_ln443_3697) to 3 in order to utilize available DSP registers.
INFO: [HLS 200-486] Changing DSP latency (root=add_ln443_3694) to 3 in order to utilize available DSP registers.
INFO: [HLS 200-486] Changing DSP latency (root=add_ln443_3693) to 3 in order to utilize available DSP registers.
INFO: [HLS 200-486] Changing DSP latency (root=add_ln443_3692) to 3 in order to utilize available DSP registers.
INFO: [HLS 200-486] Changing DSP latency (root=add_ln443_3690) to 3 in order to utilize available DSP registers.
INFO: [HLS 200-486] Changing DSP latency (root=add_ln443_3689) to 3 in order to utilize available DSP registers.
INFO: [HLS 200-486] Changing DSP latency (root=add_ln443_3685) to 3 in order to utilize available DSP registers.
INFO: [HLS 200-486] Changing DSP latency (root=add_ln443_3684) to 3 in order to utilize available DSP registers.
INFO: [HLS 200-486] Changing DSP latency (root=add_ln443_3683) to 3 in order to utilize available DSP registers.
INFO: [HLS 200-486] Changing DSP latency (root=add_ln443_3681) to 3 in order to utilize available DSP registers.
INFO: [HLS 200-486] Changing DSP latency (root=add_ln443_3680) to 3 in order to utilize available DSP registers.
INFO: [HLS 200-486] Changing DSP latency (root=add_ln443_3677) to 3 in order to utilize available DSP registers.
INFO: [HLS 200-486] Changing DSP latency (root=add_ln443_3676) to 3 in order to utilize available DSP registers.
INFO: [HLS 200-486] Changing DSP latency (root=add_ln443_3675) to 3 in order to utilize available DSP registers.
INFO: [HLS 200-486] Changing DSP latency (root=add_ln443_3673) to 3 in order to utilize available DSP registers.
INFO: [HLS 200-486] Changing DSP latency (root=add_ln443_3672) to 3 in order to utilize available DSP registers.
INFO: [HLS 200-486] Changing DSP latency (root=add_ln443_3668) to 3 in order to utilize available DSP registers.
INFO: [HLS 200-486] Changing DSP latency (root=add_ln443_3667) to 3 in order to utilize available DSP registers.
INFO: [HLS 200-486] Changing DSP latency (root=add_ln443_3666) to 3 in order to utilize available DSP registers.
INFO: [HLS 200-486] Changing DSP latency (root=add_ln443_3664) to 3 in order to utilize available DSP registers.
INFO: [HLS 200-486] Changing DSP latency (root=add_ln443_3663) to 3 in order to utilize available DSP registers.
INFO: [HLS 200-486] Changing DSP latency (root=add_ln443_3660) to 3 in order to utilize available DSP registers.
INFO: [HLS 200-486] Changing DSP latency (root=add_ln443_3659) to 3 in order to utilize available DSP registers.
INFO: [HLS 200-486] Changing DSP latency (root=add_ln443_3658) to 3 in order to utilize available DSP registers.
INFO: [HLS 200-486] Changing DSP latency (root=add_ln443_3656) to 3 in order to utilize available DSP registers.
INFO: [HLS 200-486] Changing DSP latency (root=add_ln443_3655) to 3 in order to utilize available DSP registers.
INFO: [HLS 200-486] Changing DSP latency (root=add_ln443_3651) to 3 in order to utilize available DSP registers.
INFO: [HLS 200-486] Changing DSP latency (root=add_ln443_3650) to 3 in order to utilize available DSP registers.
INFO: [HLS 200-486] Changing DSP latency (root=add_ln443_3649) to 3 in order to utilize available DSP registers.
INFO: [HLS 200-486] Changing DSP latency (root=add_ln443_3647) to 3 in order to utilize available DSP registers.
INFO: [HLS 200-486] Changing DSP latency (root=add_ln443_3646) to 3 in order to utilize available DSP registers.
INFO: [HLS 200-486] Changing DSP latency (root=add_ln443_3643) to 3 in order to utilize available DSP registers.
INFO: [HLS 200-486] Changing DSP latency (root=add_ln443_3642) to 3 in order to utilize available DSP registers.
INFO: [HLS 200-486] Changing DSP latency (root=add_ln443_3641) to 3 in order to utilize available DSP registers.
INFO: [HLS 200-486] Changing DSP latency (root=add_ln443_3639) to 3 in order to utilize available DSP registers.
INFO: [HLS 200-486] Changing DSP latency (root=add_ln443_3638) to 3 in order to utilize available DSP registers.
INFO: [HLS 200-486] Changing DSP latency (root=add_ln443_3634) to 3 in order to utilize available DSP registers.
INFO: [HLS 200-486] Changing DSP latency (root=add_ln443_3633) to 3 in order to utilize available DSP registers.
INFO: [HLS 200-486] Changing DSP latency (root=add_ln443_3632) to 3 in order to utilize available DSP registers.
INFO: [HLS 200-486] Changing DSP latency (root=add_ln443_3630) to 3 in order to utilize available DSP registers.
INFO: [HLS 200-486] Changing DSP latency (root=add_ln443_3629) to 3 in order to utilize available DSP registers.
INFO: [HLS 200-486] Changing DSP latency (root=add_ln443_3626) to 3 in order to utilize available DSP registers.
INFO: [HLS 200-486] Changing DSP latency (root=add_ln443_3625) to 3 in order to utilize available DSP registers.
INFO: [HLS 200-486] Changing DSP latency (root=add_ln443_3624) to 3 in order to utilize available DSP registers.
INFO: [HLS 200-486] Changing DSP latency (root=add_ln443_3622) to 3 in order to utilize available DSP registers.
INFO: [HLS 200-486] Changing DSP latency (root=add_ln443_3621) to 3 in order to utilize available DSP registers.
INFO: [HLS 200-486] Changing DSP latency (root=add_ln443_3617) to 3 in order to utilize available DSP registers.
INFO: [HLS 200-486] Changing DSP latency (root=add_ln443_3616) to 3 in order to utilize available DSP registers.
INFO: [HLS 200-486] Changing DSP latency (root=add_ln443_3615) to 3 in order to utilize available DSP registers.
INFO: [HLS 200-486] Changing DSP latency (root=add_ln443_3613) to 3 in order to utilize available DSP registers.
INFO: [HLS 200-486] Changing DSP latency (root=add_ln443_3612) to 3 in order to utilize available DSP registers.
INFO: [HLS 200-486] Changing DSP latency (root=add_ln443_3609) to 3 in order to utilize available DSP registers.
INFO: [HLS 200-486] Changing DSP latency (root=add_ln443_3608) to 3 in order to utilize available DSP registers.
INFO: [HLS 200-486] Changing DSP latency (root=add_ln443_3607) to 3 in order to utilize available DSP registers.
INFO: [HLS 200-486] Changing DSP latency (root=add_ln443_3605) to 3 in order to utilize available DSP registers.
INFO: [HLS 200-486] Changing DSP latency (root=add_ln443_3604) to 3 in order to utilize available DSP registers.
INFO: [HLS 200-486] Changing DSP latency (root=add_ln443_3600) to 3 in order to utilize available DSP registers.
INFO: [HLS 200-486] Changing DSP latency (root=add_ln443_3599) to 3 in order to utilize available DSP registers.
INFO: [HLS 200-486] Changing DSP latency (root=add_ln443_3598) to 3 in order to utilize available DSP registers.
INFO: [HLS 200-486] Changing DSP latency (root=add_ln443_3596) to 3 in order to utilize available DSP registers.
INFO: [HLS 200-486] Changing DSP latency (root=add_ln443_3595) to 3 in order to utilize available DSP registers.
INFO: [HLS 200-486] Changing DSP latency (root=add_ln443_3592) to 3 in order to utilize available DSP registers.
INFO: [HLS 200-486] Changing DSP latency (root=add_ln443_3591) to 3 in order to utilize available DSP registers.
INFO: [HLS 200-486] Changing DSP latency (root=add_ln443_3590) to 3 in order to utilize available DSP registers.
INFO: [HLS 200-486] Changing DSP latency (root=add_ln443_3588) to 3 in order to utilize available DSP registers.
INFO: [HLS 200-486] Changing DSP latency (root=add_ln443_3587) to 3 in order to utilize available DSP registers.
INFO: [HLS 200-486] Changing DSP latency (root=add_ln443_3583) to 3 in order to utilize available DSP registers.
INFO: [HLS 200-486] Changing DSP latency (root=add_ln443_3582) to 3 in order to utilize available DSP registers.
INFO: [HLS 200-486] Changing DSP latency (root=add_ln443_3581) to 3 in order to utilize available DSP registers.
INFO: [HLS 200-486] Changing DSP latency (root=add_ln443_3579) to 3 in order to utilize available DSP registers.
INFO: [HLS 200-486] Changing DSP latency (root=add_ln443_3578) to 3 in order to utilize available DSP registers.
INFO: [HLS 200-486] Changing DSP latency (root=add_ln443_3575) to 3 in order to utilize available DSP registers.
INFO: [HLS 200-486] Changing DSP latency (root=add_ln443_3574) to 3 in order to utilize available DSP registers.
INFO: [HLS 200-486] Changing DSP latency (root=add_ln443_3573) to 3 in order to utilize available DSP registers.
INFO: [HLS 200-486] Changing DSP latency (root=add_ln443_3571) to 3 in order to utilize available DSP registers.
INFO: [HLS 200-486] Changing DSP latency (root=add_ln443_3570) to 3 in order to utilize available DSP registers.
INFO: [HLS 200-486] Changing DSP latency (root=add_ln443_3566) to 3 in order to utilize available DSP registers.
INFO: [HLS 200-486] Changing DSP latency (root=add_ln443_3565) to 3 in order to utilize available DSP registers.
INFO: [HLS 200-486] Changing DSP latency (root=add_ln443_3564) to 3 in order to utilize available DSP registers.
INFO: [HLS 200-486] Changing DSP latency (root=add_ln443_3562) to 3 in order to utilize available DSP registers.
INFO: [HLS 200-486] Changing DSP latency (root=add_ln443_3561) to 3 in order to utilize available DSP registers.
INFO: [HLS 200-486] Changing DSP latency (root=add_ln443_3558) to 3 in order to utilize available DSP registers.
INFO: [HLS 200-486] Changing DSP latency (root=add_ln443_3557) to 3 in order to utilize available DSP registers.
INFO: [HLS 200-486] Changing DSP latency (root=add_ln443_3556) to 3 in order to utilize available DSP registers.
INFO: [HLS 200-486] Changing DSP latency (root=add_ln443_3554) to 3 in order to utilize available DSP registers.
INFO: [HLS 200-486] Changing DSP latency (root=add_ln443_3553) to 3 in order to utilize available DSP registers.
INFO: [HLS 200-486] Changing DSP latency (root=add_ln443_3549) to 3 in order to utilize available DSP registers.
INFO: [HLS 200-486] Changing DSP latency (root=add_ln443_3548) to 3 in order to utilize available DSP registers.
INFO: [HLS 200-486] Changing DSP latency (root=add_ln443_3547) to 3 in order to utilize available DSP registers.
INFO: [HLS 200-486] Changing DSP latency (root=add_ln443_3545) to 3 in order to utilize available DSP registers.
INFO: [HLS 200-486] Changing DSP latency (root=add_ln443_3544) to 3 in order to utilize available DSP registers.
INFO: [HLS 200-486] Changing DSP latency (root=add_ln443_3541) to 3 in order to utilize available DSP registers.
INFO: [HLS 200-486] Changing DSP latency (root=add_ln443_3540) to 3 in order to utilize available DSP registers.
INFO: [HLS 200-486] Changing DSP latency (root=add_ln443_3539) to 3 in order to utilize available DSP registers.
INFO: [HLS 200-486] Changing DSP latency (root=add_ln443_3537) to 3 in order to utilize available DSP registers.
INFO: [HLS 200-486] Changing DSP latency (root=add_ln443_3536) to 3 in order to utilize available DSP registers.
INFO: [HLS 200-486] Changing DSP latency (root=add_ln443_3532) to 3 in order to utilize available DSP registers.
INFO: [HLS 200-486] Changing DSP latency (root=add_ln443_3531) to 3 in order to utilize available DSP registers.
INFO: [HLS 200-486] Changing DSP latency (root=add_ln443_3530) to 3 in order to utilize available DSP registers.
INFO: [HLS 200-486] Changing DSP latency (root=add_ln443_3528) to 3 in order to utilize available DSP registers.
INFO: [HLS 200-486] Changing DSP latency (root=add_ln443_3527) to 3 in order to utilize available DSP registers.
INFO: [HLS 200-486] Changing DSP latency (root=add_ln443_3524) to 3 in order to utilize available DSP registers.
INFO: [HLS 200-486] Changing DSP latency (root=add_ln443_3523) to 3 in order to utilize available DSP registers.
INFO: [HLS 200-486] Changing DSP latency (root=add_ln443_3522) to 3 in order to utilize available DSP registers.
INFO: [HLS 200-486] Changing DSP latency (root=add_ln443_3520) to 3 in order to utilize available DSP registers.
INFO: [HLS 200-486] Changing DSP latency (root=add_ln443_3519) to 3 in order to utilize available DSP registers.
INFO: [HLS 200-486] Changing DSP latency (root=add_ln443_3515) to 3 in order to utilize available DSP registers.
INFO: [HLS 200-486] Changing DSP latency (root=add_ln443_3514) to 3 in order to utilize available DSP registers.
INFO: [HLS 200-486] Changing DSP latency (root=add_ln443_3513) to 3 in order to utilize available DSP registers.
INFO: [HLS 200-486] Changing DSP latency (root=add_ln443_3511) to 3 in order to utilize available DSP registers.
INFO: [HLS 200-486] Changing DSP latency (root=add_ln443_3510) to 3 in order to utilize available DSP registers.
INFO: [HLS 200-486] Changing DSP latency (root=add_ln443_3507) to 3 in order to utilize available DSP registers.
INFO: [HLS 200-486] Changing DSP latency (root=add_ln443_3506) to 3 in order to utilize available DSP registers.
INFO: [HLS 200-486] Changing DSP latency (root=add_ln443_3505) to 3 in order to utilize available DSP registers.
INFO: [HLS 200-486] Changing DSP latency (root=add_ln443_3503) to 3 in order to utilize available DSP registers.
INFO: [HLS 200-486] Changing DSP latency (root=add_ln443_3502) to 3 in order to utilize available DSP registers.
INFO: [HLS 200-486] Changing DSP latency (root=add_ln443_3498) to 3 in order to utilize available DSP registers.
INFO: [HLS 200-486] Changing DSP latency (root=add_ln443_3497) to 3 in order to utilize available DSP registers.
INFO: [HLS 200-486] Changing DSP latency (root=add_ln443_3496) to 3 in order to utilize available DSP registers.
INFO: [HLS 200-486] Changing DSP latency (root=add_ln443_3494) to 3 in order to utilize available DSP registers.
INFO: [HLS 200-486] Changing DSP latency (root=add_ln443_3493) to 3 in order to utilize available DSP registers.
INFO: [HLS 200-486] Changing DSP latency (root=add_ln443_3490) to 3 in order to utilize available DSP registers.
INFO: [HLS 200-486] Changing DSP latency (root=add_ln443_3489) to 3 in order to utilize available DSP registers.
INFO: [HLS 200-486] Changing DSP latency (root=add_ln443_3488) to 3 in order to utilize available DSP registers.
INFO: [HLS 200-486] Changing DSP latency (root=add_ln443_3486) to 3 in order to utilize available DSP registers.
INFO: [HLS 200-486] Changing DSP latency (root=add_ln443_3485) to 3 in order to utilize available DSP registers.
INFO: [HLS 200-486] Changing DSP latency (root=add_ln443_3481) to 3 in order to utilize available DSP registers.
INFO: [HLS 200-486] Changing DSP latency (root=add_ln443_3480) to 3 in order to utilize available DSP registers.
INFO: [HLS 200-486] Changing DSP latency (root=add_ln443_3479) to 3 in order to utilize available DSP registers.
INFO: [HLS 200-486] Changing DSP latency (root=add_ln443_3477) to 3 in order to utilize available DSP registers.
INFO: [HLS 200-486] Changing DSP latency (root=add_ln443_3476) to 3 in order to utilize available DSP registers.
INFO: [HLS 200-486] Changing DSP latency (root=add_ln443_3473) to 3 in order to utilize available DSP registers.
INFO: [HLS 200-486] Changing DSP latency (root=add_ln443_3472) to 3 in order to utilize available DSP registers.
INFO: [HLS 200-486] Changing DSP latency (root=add_ln443_3471) to 3 in order to utilize available DSP registers.
INFO: [HLS 200-486] Changing DSP latency (root=add_ln443_3469) to 3 in order to utilize available DSP registers.
INFO: [HLS 200-486] Changing DSP latency (root=add_ln443_3468) to 3 in order to utilize available DSP registers.
INFO: [HLS 200-486] Changing DSP latency (root=add_ln443_3464) to 3 in order to utilize available DSP registers.
INFO: [HLS 200-486] Changing DSP latency (root=add_ln443_3463) to 3 in order to utilize available DSP registers.
INFO: [HLS 200-486] Changing DSP latency (root=add_ln443_3462) to 3 in order to utilize available DSP registers.
INFO: [HLS 200-486] Changing DSP latency (root=add_ln443_3460) to 3 in order to utilize available DSP registers.
INFO: [HLS 200-486] Changing DSP latency (root=add_ln443_3459) to 3 in order to utilize available DSP registers.
INFO: [HLS 200-486] Changing DSP latency (root=add_ln443_3456) to 3 in order to utilize available DSP registers.
INFO: [HLS 200-486] Changing DSP latency (root=add_ln443_3455) to 3 in order to utilize available DSP registers.
INFO: [HLS 200-486] Changing DSP latency (root=add_ln443_3454) to 3 in order to utilize available DSP registers.
INFO: [HLS 200-486] Changing DSP latency (root=add_ln443_3452) to 3 in order to utilize available DSP registers.
INFO: [HLS 200-486] Changing DSP latency (root=add_ln443_3451) to 3 in order to utilize available DSP registers.
INFO: [HLS 200-486] Changing DSP latency (root=add_ln443_3447) to 3 in order to utilize available DSP registers.
INFO: [HLS 200-486] Changing DSP latency (root=add_ln443_3446) to 3 in order to utilize available DSP registers.
INFO: [HLS 200-486] Changing DSP latency (root=add_ln443_3445) to 3 in order to utilize available DSP registers.
INFO: [HLS 200-486] Changing DSP latency (root=add_ln443_3443) to 3 in order to utilize available DSP registers.
INFO: [HLS 200-486] Changing DSP latency (root=add_ln443_3442) to 3 in order to utilize available DSP registers.
INFO: [HLS 200-486] Changing DSP latency (root=add_ln443_3439) to 3 in order to utilize available DSP registers.
INFO: [HLS 200-486] Changing DSP latency (root=add_ln443_3438) to 3 in order to utilize available DSP registers.
INFO: [HLS 200-486] Changing DSP latency (root=add_ln443_3437) to 3 in order to utilize available DSP registers.
INFO: [HLS 200-486] Changing DSP latency (root=add_ln443_3435) to 3 in order to utilize available DSP registers.
INFO: [HLS 200-486] Changing DSP latency (root=add_ln443_3434) to 3 in order to utilize available DSP registers.
INFO: [HLS 200-486] Changing DSP latency (root=add_ln443_3430) to 3 in order to utilize available DSP registers.
INFO: [HLS 200-486] Changing DSP latency (root=add_ln443_3429) to 3 in order to utilize available DSP registers.
INFO: [HLS 200-486] Changing DSP latency (root=add_ln443_3428) to 3 in order to utilize available DSP registers.
INFO: [HLS 200-486] Changing DSP latency (root=add_ln443_3426) to 3 in order to utilize available DSP registers.
INFO: [HLS 200-486] Changing DSP latency (root=add_ln443_3425) to 3 in order to utilize available DSP registers.
INFO: [HLS 200-486] Changing DSP latency (root=add_ln443_3422) to 3 in order to utilize available DSP registers.
INFO: [HLS 200-486] Changing DSP latency (root=add_ln443_3421) to 3 in order to utilize available DSP registers.
INFO: [HLS 200-486] Changing DSP latency (root=add_ln443_3420) to 3 in order to utilize available DSP registers.
INFO: [HLS 200-486] Changing DSP latency (root=add_ln443_3418) to 3 in order to utilize available DSP registers.
INFO: [HLS 200-486] Changing DSP latency (root=add_ln443_3417) to 3 in order to utilize available DSP registers.
INFO: [HLS 200-486] Changing DSP latency (root=add_ln443_3413) to 3 in order to utilize available DSP registers.
INFO: [HLS 200-486] Changing DSP latency (root=add_ln443_3412) to 3 in order to utilize available DSP registers.
INFO: [HLS 200-486] Changing DSP latency (root=add_ln443_3411) to 3 in order to utilize available DSP registers.
INFO: [HLS 200-486] Changing DSP latency (root=add_ln443_3409) to 3 in order to utilize available DSP registers.
INFO: [HLS 200-486] Changing DSP latency (root=add_ln443_3408) to 3 in order to utilize available DSP registers.
INFO: [HLS 200-486] Changing DSP latency (root=add_ln443_3405) to 3 in order to utilize available DSP registers.
INFO: [HLS 200-486] Changing DSP latency (root=add_ln443_3404) to 3 in order to utilize available DSP registers.
INFO: [HLS 200-486] Changing DSP latency (root=add_ln443_3403) to 3 in order to utilize available DSP registers.
INFO: [HLS 200-486] Changing DSP latency (root=add_ln443_3401) to 3 in order to utilize available DSP registers.
INFO: [HLS 200-486] Changing DSP latency (root=add_ln443_3400) to 3 in order to utilize available DSP registers.
INFO: [HLS 200-486] Changing DSP latency (root=add_ln443_3396) to 3 in order to utilize available DSP registers.
INFO: [HLS 200-486] Changing DSP latency (root=add_ln443_3395) to 3 in order to utilize available DSP registers.
INFO: [HLS 200-486] Changing DSP latency (root=add_ln443_3394) to 3 in order to utilize available DSP registers.
INFO: [HLS 200-486] Changing DSP latency (root=add_ln443_3392) to 3 in order to utilize available DSP registers.
INFO: [HLS 200-486] Changing DSP latency (root=add_ln443_3391) to 3 in order to utilize available DSP registers.
INFO: [HLS 200-486] Changing DSP latency (root=add_ln443_3388) to 3 in order to utilize available DSP registers.
INFO: [HLS 200-486] Changing DSP latency (root=add_ln443_3387) to 3 in order to utilize available DSP registers.
INFO: [HLS 200-486] Changing DSP latency (root=add_ln443_3386) to 3 in order to utilize available DSP registers.
INFO: [HLS 200-486] Changing DSP latency (root=add_ln443_3384) to 3 in order to utilize available DSP registers.
INFO: [HLS 200-486] Changing DSP latency (root=add_ln443_3383) to 3 in order to utilize available DSP registers.
INFO: [HLS 200-486] Changing DSP latency (root=add_ln443_3379) to 3 in order to utilize available DSP registers.
INFO: [HLS 200-486] Changing DSP latency (root=add_ln443_3378) to 3 in order to utilize available DSP registers.
INFO: [HLS 200-486] Changing DSP latency (root=add_ln443_3377) to 3 in order to utilize available DSP registers.
INFO: [HLS 200-486] Changing DSP latency (root=add_ln443_3375) to 3 in order to utilize available DSP registers.
INFO: [HLS 200-486] Changing DSP latency (root=add_ln443_3374) to 3 in order to utilize available DSP registers.
INFO: [HLS 200-486] Changing DSP latency (root=add_ln443_3371) to 3 in order to utilize available DSP registers.
INFO: [HLS 200-486] Changing DSP latency (root=add_ln443_3370) to 3 in order to utilize available DSP registers.
INFO: [HLS 200-486] Changing DSP latency (root=add_ln443_3369) to 3 in order to utilize available DSP registers.
INFO: [HLS 200-486] Changing DSP latency (root=add_ln443_3367) to 3 in order to utilize available DSP registers.
INFO: [HLS 200-486] Changing DSP latency (root=add_ln443_3366) to 3 in order to utilize available DSP registers.
INFO: [HLS 200-486] Changing DSP latency (root=add_ln443_3362) to 3 in order to utilize available DSP registers.
INFO: [HLS 200-486] Changing DSP latency (root=add_ln443_3361) to 3 in order to utilize available DSP registers.
INFO: [HLS 200-486] Changing DSP latency (root=add_ln443_3360) to 3 in order to utilize available DSP registers.
INFO: [HLS 200-486] Changing DSP latency (root=add_ln443_3358) to 3 in order to utilize available DSP registers.
INFO: [HLS 200-486] Changing DSP latency (root=add_ln443_3357) to 3 in order to utilize available DSP registers.
INFO: [HLS 200-486] Changing DSP latency (root=add_ln443_3354) to 3 in order to utilize available DSP registers.
INFO: [HLS 200-486] Changing DSP latency (root=add_ln443_3353) to 3 in order to utilize available DSP registers.
INFO: [HLS 200-486] Changing DSP latency (root=add_ln443_3352) to 3 in order to utilize available DSP registers.
INFO: [HLS 200-486] Changing DSP latency (root=add_ln443_3350) to 3 in order to utilize available DSP registers.
INFO: [HLS 200-486] Changing DSP latency (root=add_ln443_3349) to 3 in order to utilize available DSP registers.
INFO: [HLS 200-486] Changing DSP latency (root=add_ln443_3345) to 3 in order to utilize available DSP registers.
INFO: [HLS 200-486] Changing DSP latency (root=add_ln443_3344) to 3 in order to utilize available DSP registers.
INFO: [HLS 200-486] Changing DSP latency (root=add_ln443_3343) to 3 in order to utilize available DSP registers.
INFO: [HLS 200-486] Changing DSP latency (root=add_ln443_3341) to 3 in order to utilize available DSP registers.
INFO: [HLS 200-486] Changing DSP latency (root=add_ln443_3340) to 3 in order to utilize available DSP registers.
INFO: [HLS 200-486] Changing DSP latency (root=add_ln443_3337) to 3 in order to utilize available DSP registers.
INFO: [HLS 200-486] Changing DSP latency (root=add_ln443_3336) to 3 in order to utilize available DSP registers.
INFO: [HLS 200-486] Changing DSP latency (root=add_ln443_3335) to 3 in order to utilize available DSP registers.
INFO: [HLS 200-486] Changing DSP latency (root=add_ln443_3333) to 3 in order to utilize available DSP registers.
INFO: [HLS 200-486] Changing DSP latency (root=add_ln443_3332) to 3 in order to utilize available DSP registers.
INFO: [HLS 200-486] Changing DSP latency (root=add_ln443_3328) to 3 in order to utilize available DSP registers.
INFO: [HLS 200-486] Changing DSP latency (root=add_ln443_3327) to 3 in order to utilize available DSP registers.
INFO: [HLS 200-486] Changing DSP latency (root=add_ln443_3326) to 3 in order to utilize available DSP registers.
INFO: [HLS 200-486] Changing DSP latency (root=add_ln443_3324) to 3 in order to utilize available DSP registers.
INFO: [HLS 200-486] Changing DSP latency (root=add_ln443_3323) to 3 in order to utilize available DSP registers.
INFO: [HLS 200-486] Changing DSP latency (root=add_ln443_3320) to 3 in order to utilize available DSP registers.
INFO: [HLS 200-486] Changing DSP latency (root=add_ln443_3319) to 3 in order to utilize available DSP registers.
INFO: [HLS 200-486] Changing DSP latency (root=add_ln443_3318) to 3 in order to utilize available DSP registers.
INFO: [HLS 200-486] Changing DSP latency (root=add_ln443_3316) to 3 in order to utilize available DSP registers.
INFO: [HLS 200-486] Changing DSP latency (root=add_ln443_3315) to 3 in order to utilize available DSP registers.
INFO: [HLS 200-486] Changing DSP latency (root=add_ln443_3311) to 3 in order to utilize available DSP registers.
INFO: [HLS 200-486] Changing DSP latency (root=add_ln443_3310) to 3 in order to utilize available DSP registers.
INFO: [HLS 200-486] Changing DSP latency (root=add_ln443_3309) to 3 in order to utilize available DSP registers.
INFO: [HLS 200-486] Changing DSP latency (root=add_ln443_3307) to 3 in order to utilize available DSP registers.
INFO: [HLS 200-486] Changing DSP latency (root=add_ln443_3306) to 3 in order to utilize available DSP registers.
INFO: [HLS 200-486] Changing DSP latency (root=add_ln443_3303) to 3 in order to utilize available DSP registers.
INFO: [HLS 200-486] Changing DSP latency (root=add_ln443_3302) to 3 in order to utilize available DSP registers.
INFO: [HLS 200-486] Changing DSP latency (root=add_ln443_3301) to 3 in order to utilize available DSP registers.
INFO: [HLS 200-486] Changing DSP latency (root=add_ln443_3299) to 3 in order to utilize available DSP registers.
INFO: [HLS 200-486] Changing DSP latency (root=add_ln443_3298) to 3 in order to utilize available DSP registers.
INFO: [HLS 200-486] Changing DSP latency (root=add_ln443_3294) to 3 in order to utilize available DSP registers.
INFO: [HLS 200-486] Changing DSP latency (root=add_ln443_3293) to 3 in order to utilize available DSP registers.
INFO: [HLS 200-486] Changing DSP latency (root=add_ln443_3292) to 3 in order to utilize available DSP registers.
INFO: [HLS 200-486] Changing DSP latency (root=add_ln443_3290) to 3 in order to utilize available DSP registers.
INFO: [HLS 200-486] Changing DSP latency (root=add_ln443_3289) to 3 in order to utilize available DSP registers.
INFO: [HLS 200-486] Changing DSP latency (root=add_ln443_3286) to 3 in order to utilize available DSP registers.
INFO: [HLS 200-486] Changing DSP latency (root=add_ln443_3285) to 3 in order to utilize available DSP registers.
INFO: [HLS 200-486] Changing DSP latency (root=add_ln443_3284) to 3 in order to utilize available DSP registers.
INFO: [HLS 200-486] Changing DSP latency (root=add_ln443_3282) to 3 in order to utilize available DSP registers.
INFO: [HLS 200-486] Changing DSP latency (root=add_ln443_3281) to 3 in order to utilize available DSP registers.
INFO: [HLS 200-486] Changing DSP latency (root=add_ln443_3277) to 3 in order to utilize available DSP registers.
INFO: [HLS 200-486] Changing DSP latency (root=add_ln443_3276) to 3 in order to utilize available DSP registers.
INFO: [HLS 200-486] Changing DSP latency (root=add_ln443_3275) to 3 in order to utilize available DSP registers.
INFO: [HLS 200-486] Changing DSP latency (root=add_ln443_3273) to 3 in order to utilize available DSP registers.
INFO: [HLS 200-486] Changing DSP latency (root=add_ln443_3272) to 3 in order to utilize available DSP registers.
INFO: [HLS 200-486] Changing DSP latency (root=add_ln443_3269) to 3 in order to utilize available DSP registers.
INFO: [HLS 200-486] Changing DSP latency (root=add_ln443_3268) to 3 in order to utilize available DSP registers.
INFO: [HLS 200-486] Changing DSP latency (root=add_ln443_3267) to 3 in order to utilize available DSP registers.
INFO: [HLS 200-486] Changing DSP latency (root=add_ln443_3265) to 3 in order to utilize available DSP registers.
INFO: [HLS 200-486] Changing DSP latency (root=add_ln443_3264) to 3 in order to utilize available DSP registers.
INFO: [HLS 200-486] Changing DSP latency (root=add_ln443_3260) to 3 in order to utilize available DSP registers.
INFO: [HLS 200-486] Changing DSP latency (root=add_ln443_3259) to 3 in order to utilize available DSP registers.
INFO: [HLS 200-486] Changing DSP latency (root=add_ln443_3258) to 3 in order to utilize available DSP registers.
INFO: [HLS 200-486] Changing DSP latency (root=add_ln443_3256) to 3 in order to utilize available DSP registers.
INFO: [HLS 200-486] Changing DSP latency (root=add_ln443_3255) to 3 in order to utilize available DSP registers.
INFO: [HLS 200-486] Changing DSP latency (root=add_ln443_3252) to 3 in order to utilize available DSP registers.
INFO: [HLS 200-486] Changing DSP latency (root=add_ln443_3251) to 3 in order to utilize available DSP registers.
INFO: [HLS 200-486] Changing DSP latency (root=add_ln443_3250) to 3 in order to utilize available DSP registers.
INFO: [HLS 200-486] Changing DSP latency (root=add_ln443_3248) to 3 in order to utilize available DSP registers.
INFO: [HLS 200-486] Changing DSP latency (root=add_ln443_3247) to 3 in order to utilize available DSP registers.
INFO: [HLS 200-486] Changing DSP latency (root=add_ln443_3243) to 3 in order to utilize available DSP registers.
INFO: [HLS 200-486] Changing DSP latency (root=add_ln443_3242) to 3 in order to utilize available DSP registers.
INFO: [HLS 200-486] Changing DSP latency (root=add_ln443_3241) to 3 in order to utilize available DSP registers.
INFO: [HLS 200-486] Changing DSP latency (root=add_ln443_3239) to 3 in order to utilize available DSP registers.
INFO: [HLS 200-486] Changing DSP latency (root=add_ln443_3238) to 3 in order to utilize available DSP registers.
INFO: [HLS 200-486] Changing DSP latency (root=add_ln443_3235) to 3 in order to utilize available DSP registers.
INFO: [HLS 200-486] Changing DSP latency (root=add_ln443_3234) to 3 in order to utilize available DSP registers.
INFO: [HLS 200-486] Changing DSP latency (root=add_ln443_3233) to 3 in order to utilize available DSP registers.
INFO: [HLS 200-486] Changing DSP latency (root=add_ln443_3231) to 3 in order to utilize available DSP registers.
INFO: [HLS 200-486] Changing DSP latency (root=add_ln443_3230) to 3 in order to utilize available DSP registers.
INFO: [HLS 200-486] Changing DSP latency (root=add_ln443_3226) to 3 in order to utilize available DSP registers.
INFO: [HLS 200-486] Changing DSP latency (root=add_ln443_3225) to 3 in order to utilize available DSP registers.
INFO: [HLS 200-486] Changing DSP latency (root=add_ln443_3224) to 3 in order to utilize available DSP registers.
INFO: [HLS 200-486] Changing DSP latency (root=add_ln443_3222) to 3 in order to utilize available DSP registers.
INFO: [HLS 200-486] Changing DSP latency (root=add_ln443_3221) to 3 in order to utilize available DSP registers.
INFO: [HLS 200-486] Changing DSP latency (root=add_ln443_3218) to 3 in order to utilize available DSP registers.
INFO: [HLS 200-486] Changing DSP latency (root=add_ln443_3217) to 3 in order to utilize available DSP registers.
INFO: [HLS 200-486] Changing DSP latency (root=add_ln443_3216) to 3 in order to utilize available DSP registers.
INFO: [HLS 200-486] Changing DSP latency (root=add_ln443_3214) to 3 in order to utilize available DSP registers.
INFO: [HLS 200-486] Changing DSP latency (root=add_ln443_3213) to 3 in order to utilize available DSP registers.
INFO: [HLS 200-486] Changing DSP latency (root=add_ln443_3209) to 3 in order to utilize available DSP registers.
INFO: [HLS 200-486] Changing DSP latency (root=add_ln443_3208) to 3 in order to utilize available DSP registers.
INFO: [HLS 200-486] Changing DSP latency (root=add_ln443_3207) to 3 in order to utilize available DSP registers.
INFO: [HLS 200-486] Changing DSP latency (root=add_ln443_3205) to 3 in order to utilize available DSP registers.
INFO: [HLS 200-486] Changing DSP latency (root=add_ln443_3204) to 3 in order to utilize available DSP registers.
INFO: [HLS 200-486] Changing DSP latency (root=add_ln443_3201) to 3 in order to utilize available DSP registers.
INFO: [HLS 200-486] Changing DSP latency (root=add_ln443_3200) to 3 in order to utilize available DSP registers.
INFO: [HLS 200-486] Changing DSP latency (root=add_ln443_3199) to 3 in order to utilize available DSP registers.
INFO: [HLS 200-486] Changing DSP latency (root=add_ln443_3197) to 3 in order to utilize available DSP registers.
INFO: [HLS 200-486] Changing DSP latency (root=add_ln443_3196) to 3 in order to utilize available DSP registers.
INFO: [HLS 200-486] Changing DSP latency (root=add_ln443_3192) to 3 in order to utilize available DSP registers.
INFO: [HLS 200-486] Changing DSP latency (root=add_ln443_3191) to 3 in order to utilize available DSP registers.
INFO: [HLS 200-486] Changing DSP latency (root=add_ln443_3190) to 3 in order to utilize available DSP registers.
INFO: [HLS 200-486] Changing DSP latency (root=add_ln443_3188) to 3 in order to utilize available DSP registers.
INFO: [HLS 200-486] Changing DSP latency (root=add_ln443_3187) to 3 in order to utilize available DSP registers.
INFO: [HLS 200-486] Changing DSP latency (root=add_ln443_3184) to 3 in order to utilize available DSP registers.
INFO: [HLS 200-486] Changing DSP latency (root=add_ln443_3183) to 3 in order to utilize available DSP registers.
INFO: [HLS 200-486] Changing DSP latency (root=add_ln443_3182) to 3 in order to utilize available DSP registers.
INFO: [HLS 200-486] Changing DSP latency (root=add_ln443_3180) to 3 in order to utilize available DSP registers.
INFO: [HLS 200-486] Changing DSP latency (root=add_ln443_3179) to 3 in order to utilize available DSP registers.
INFO: [HLS 200-486] Changing DSP latency (root=add_ln443_3175) to 3 in order to utilize available DSP registers.
INFO: [HLS 200-486] Changing DSP latency (root=add_ln443_3174) to 3 in order to utilize available DSP registers.
INFO: [HLS 200-486] Changing DSP latency (root=add_ln443_3173) to 3 in order to utilize available DSP registers.
INFO: [HLS 200-486] Changing DSP latency (root=add_ln443_3171) to 3 in order to utilize available DSP registers.
INFO: [HLS 200-486] Changing DSP latency (root=add_ln443_3170) to 3 in order to utilize available DSP registers.
INFO: [HLS 200-486] Changing DSP latency (root=add_ln443_3167) to 3 in order to utilize available DSP registers.
INFO: [HLS 200-486] Changing DSP latency (root=add_ln443_3166) to 3 in order to utilize available DSP registers.
INFO: [HLS 200-486] Changing DSP latency (root=add_ln443_3165) to 3 in order to utilize available DSP registers.
INFO: [HLS 200-486] Changing DSP latency (root=add_ln443_3163) to 3 in order to utilize available DSP registers.
INFO: [HLS 200-486] Changing DSP latency (root=add_ln443_3162) to 3 in order to utilize available DSP registers.
INFO: [HLS 200-486] Changing DSP latency (root=add_ln443_3158) to 3 in order to utilize available DSP registers.
INFO: [HLS 200-486] Changing DSP latency (root=add_ln443_3157) to 3 in order to utilize available DSP registers.
INFO: [HLS 200-486] Changing DSP latency (root=add_ln443_3156) to 3 in order to utilize available DSP registers.
INFO: [HLS 200-486] Changing DSP latency (root=add_ln443_3154) to 3 in order to utilize available DSP registers.
INFO: [HLS 200-486] Changing DSP latency (root=add_ln443_3153) to 3 in order to utilize available DSP registers.
INFO: [HLS 200-486] Changing DSP latency (root=add_ln443_3150) to 3 in order to utilize available DSP registers.
INFO: [HLS 200-486] Changing DSP latency (root=add_ln443_3149) to 3 in order to utilize available DSP registers.
INFO: [HLS 200-486] Changing DSP latency (root=add_ln443_3148) to 3 in order to utilize available DSP registers.
INFO: [HLS 200-486] Changing DSP latency (root=add_ln443_3146) to 3 in order to utilize available DSP registers.
INFO: [HLS 200-486] Changing DSP latency (root=add_ln443_3145) to 3 in order to utilize available DSP registers.
INFO: [HLS 200-486] Changing DSP latency (root=add_ln443_3141) to 3 in order to utilize available DSP registers.
INFO: [HLS 200-486] Changing DSP latency (root=add_ln443_3140) to 3 in order to utilize available DSP registers.
INFO: [HLS 200-486] Changing DSP latency (root=add_ln443_3139) to 3 in order to utilize available DSP registers.
INFO: [HLS 200-486] Changing DSP latency (root=add_ln443_3137) to 3 in order to utilize available DSP registers.
INFO: [HLS 200-486] Changing DSP latency (root=add_ln443_3136) to 3 in order to utilize available DSP registers.
INFO: [HLS 200-486] Changing DSP latency (root=add_ln443_3133) to 3 in order to utilize available DSP registers.
INFO: [HLS 200-486] Changing DSP latency (root=add_ln443_3132) to 3 in order to utilize available DSP registers.
INFO: [HLS 200-486] Changing DSP latency (root=add_ln443_3131) to 3 in order to utilize available DSP registers.
INFO: [HLS 200-486] Changing DSP latency (root=add_ln443_3129) to 3 in order to utilize available DSP registers.
INFO: [HLS 200-486] Changing DSP latency (root=add_ln443_3128) to 3 in order to utilize available DSP registers.
INFO: [HLS 200-486] Changing DSP latency (root=add_ln443_3124) to 3 in order to utilize available DSP registers.
INFO: [HLS 200-486] Changing DSP latency (root=add_ln443_3123) to 3 in order to utilize available DSP registers.
INFO: [HLS 200-486] Changing DSP latency (root=add_ln443_3122) to 3 in order to utilize available DSP registers.
INFO: [HLS 200-486] Changing DSP latency (root=add_ln443_3120) to 3 in order to utilize available DSP registers.
INFO: [HLS 200-486] Changing DSP latency (root=add_ln443_3119) to 3 in order to utilize available DSP registers.
INFO: [HLS 200-486] Changing DSP latency (root=add_ln443_3116) to 3 in order to utilize available DSP registers.
INFO: [HLS 200-486] Changing DSP latency (root=add_ln443_3115) to 3 in order to utilize available DSP registers.
INFO: [HLS 200-486] Changing DSP latency (root=add_ln443_3114) to 3 in order to utilize available DSP registers.
INFO: [HLS 200-486] Changing DSP latency (root=add_ln443_3112) to 3 in order to utilize available DSP registers.
INFO: [HLS 200-486] Changing DSP latency (root=add_ln443_3111) to 3 in order to utilize available DSP registers.
INFO: [HLS 200-486] Changing DSP latency (root=add_ln443_3107) to 3 in order to utilize available DSP registers.
INFO: [HLS 200-486] Changing DSP latency (root=add_ln443_3106) to 3 in order to utilize available DSP registers.
INFO: [HLS 200-486] Changing DSP latency (root=add_ln443_3105) to 3 in order to utilize available DSP registers.
INFO: [HLS 200-486] Changing DSP latency (root=add_ln443_3103) to 3 in order to utilize available DSP registers.
INFO: [HLS 200-486] Changing DSP latency (root=add_ln443_3102) to 3 in order to utilize available DSP registers.
INFO: [HLS 200-486] Changing DSP latency (root=add_ln443_3099) to 3 in order to utilize available DSP registers.
INFO: [HLS 200-486] Changing DSP latency (root=add_ln443_3098) to 3 in order to utilize available DSP registers.
INFO: [HLS 200-486] Changing DSP latency (root=add_ln443_3097) to 3 in order to utilize available DSP registers.
INFO: [HLS 200-486] Changing DSP latency (root=add_ln443_3095) to 3 in order to utilize available DSP registers.
INFO: [HLS 200-486] Changing DSP latency (root=add_ln443_3094) to 3 in order to utilize available DSP registers.
INFO: [HLS 200-486] Changing DSP latency (root=add_ln443_3090) to 3 in order to utilize available DSP registers.
INFO: [HLS 200-486] Changing DSP latency (root=add_ln443_3089) to 3 in order to utilize available DSP registers.
INFO: [HLS 200-486] Changing DSP latency (root=add_ln443_3088) to 3 in order to utilize available DSP registers.
INFO: [HLS 200-486] Changing DSP latency (root=add_ln443_3086) to 3 in order to utilize available DSP registers.
INFO: [HLS 200-486] Changing DSP latency (root=add_ln443_3085) to 3 in order to utilize available DSP registers.
INFO: [HLS 200-486] Changing DSP latency (root=add_ln443_3082) to 3 in order to utilize available DSP registers.
INFO: [HLS 200-486] Changing DSP latency (root=add_ln443_3081) to 3 in order to utilize available DSP registers.
INFO: [HLS 200-486] Changing DSP latency (root=add_ln443_3080) to 3 in order to utilize available DSP registers.
INFO: [HLS 200-486] Changing DSP latency (root=add_ln443_3078) to 3 in order to utilize available DSP registers.
INFO: [HLS 200-486] Changing DSP latency (root=add_ln443_3077) to 3 in order to utilize available DSP registers.
INFO: [HLS 200-486] Changing DSP latency (root=add_ln443_3073) to 3 in order to utilize available DSP registers.
INFO: [HLS 200-486] Changing DSP latency (root=add_ln443_3072) to 3 in order to utilize available DSP registers.
INFO: [HLS 200-486] Changing DSP latency (root=add_ln443_3071) to 3 in order to utilize available DSP registers.
INFO: [HLS 200-486] Changing DSP latency (root=add_ln443_3069) to 3 in order to utilize available DSP registers.
INFO: [HLS 200-486] Changing DSP latency (root=add_ln443_3068) to 3 in order to utilize available DSP registers.
INFO: [HLS 200-486] Changing DSP latency (root=add_ln443_3065) to 3 in order to utilize available DSP registers.
INFO: [HLS 200-486] Changing DSP latency (root=add_ln443_3064) to 3 in order to utilize available DSP registers.
INFO: [HLS 200-486] Changing DSP latency (root=add_ln443_3063) to 3 in order to utilize available DSP registers.
INFO: [HLS 200-486] Changing DSP latency (root=add_ln443_3061) to 3 in order to utilize available DSP registers.
INFO: [HLS 200-486] Changing DSP latency (root=add_ln443_3060) to 3 in order to utilize available DSP registers.
INFO: [HLS 200-486] Changing DSP latency (root=add_ln443_3056) to 3 in order to utilize available DSP registers.
INFO: [HLS 200-486] Changing DSP latency (root=add_ln443_3055) to 3 in order to utilize available DSP registers.
INFO: [HLS 200-486] Changing DSP latency (root=add_ln443_3054) to 3 in order to utilize available DSP registers.
INFO: [HLS 200-486] Changing DSP latency (root=add_ln443_3052) to 3 in order to utilize available DSP registers.
INFO: [HLS 200-486] Changing DSP latency (root=add_ln443_3051) to 3 in order to utilize available DSP registers.
INFO: [HLS 200-486] Changing DSP latency (root=add_ln443_3048) to 3 in order to utilize available DSP registers.
INFO: [HLS 200-486] Changing DSP latency (root=add_ln443_3047) to 3 in order to utilize available DSP registers.
INFO: [HLS 200-486] Changing DSP latency (root=add_ln443_3046) to 3 in order to utilize available DSP registers.
INFO: [HLS 200-486] Changing DSP latency (root=add_ln443_3044) to 3 in order to utilize available DSP registers.
INFO: [HLS 200-486] Changing DSP latency (root=add_ln443_3043) to 3 in order to utilize available DSP registers.
INFO: [HLS 200-486] Changing DSP latency (root=add_ln443_3039) to 3 in order to utilize available DSP registers.
INFO: [HLS 200-486] Changing DSP latency (root=add_ln443_3038) to 3 in order to utilize available DSP registers.
INFO: [HLS 200-486] Changing DSP latency (root=add_ln443_3037) to 3 in order to utilize available DSP registers.
INFO: [HLS 200-486] Changing DSP latency (root=add_ln443_3035) to 3 in order to utilize available DSP registers.
INFO: [HLS 200-486] Changing DSP latency (root=add_ln443_3034) to 3 in order to utilize available DSP registers.
INFO: [HLS 200-486] Changing DSP latency (root=add_ln443_3031) to 3 in order to utilize available DSP registers.
INFO: [HLS 200-486] Changing DSP latency (root=add_ln443_3030) to 3 in order to utilize available DSP registers.
INFO: [HLS 200-486] Changing DSP latency (root=add_ln443_3029) to 3 in order to utilize available DSP registers.
INFO: [HLS 200-486] Changing DSP latency (root=add_ln443_3027) to 3 in order to utilize available DSP registers.
INFO: [HLS 200-486] Changing DSP latency (root=add_ln443_3026) to 3 in order to utilize available DSP registers.
INFO: [HLS 200-486] Changing DSP latency (root=add_ln443_3022) to 3 in order to utilize available DSP registers.
INFO: [HLS 200-486] Changing DSP latency (root=add_ln443_3021) to 3 in order to utilize available DSP registers.
INFO: [HLS 200-486] Changing DSP latency (root=add_ln443_3020) to 3 in order to utilize available DSP registers.
INFO: [HLS 200-486] Changing DSP latency (root=add_ln443_3018) to 3 in order to utilize available DSP registers.
INFO: [HLS 200-486] Changing DSP latency (root=add_ln443_3017) to 3 in order to utilize available DSP registers.
INFO: [HLS 200-486] Changing DSP latency (root=add_ln443_3014) to 3 in order to utilize available DSP registers.
INFO: [HLS 200-486] Changing DSP latency (root=add_ln443_3013) to 3 in order to utilize available DSP registers.
INFO: [HLS 200-486] Changing DSP latency (root=add_ln443_3012) to 3 in order to utilize available DSP registers.
INFO: [HLS 200-486] Changing DSP latency (root=add_ln443_3010) to 3 in order to utilize available DSP registers.
INFO: [HLS 200-486] Changing DSP latency (root=add_ln443_3009) to 3 in order to utilize available DSP registers.
INFO: [HLS 200-486] Changing DSP latency (root=add_ln443_3005) to 3 in order to utilize available DSP registers.
INFO: [HLS 200-486] Changing DSP latency (root=add_ln443_3004) to 3 in order to utilize available DSP registers.
INFO: [HLS 200-486] Changing DSP latency (root=add_ln443_3003) to 3 in order to utilize available DSP registers.
INFO: [HLS 200-486] Changing DSP latency (root=add_ln443_3001) to 3 in order to utilize available DSP registers.
INFO: [HLS 200-486] Changing DSP latency (root=add_ln443_3000) to 3 in order to utilize available DSP registers.
INFO: [HLS 200-486] Changing DSP latency (root=add_ln443_2997) to 3 in order to utilize available DSP registers.
INFO: [HLS 200-486] Changing DSP latency (root=add_ln443_2996) to 3 in order to utilize available DSP registers.
INFO: [HLS 200-486] Changing DSP latency (root=add_ln443_2995) to 3 in order to utilize available DSP registers.
INFO: [HLS 200-486] Changing DSP latency (root=add_ln443_2993) to 3 in order to utilize available DSP registers.
INFO: [HLS 200-486] Changing DSP latency (root=add_ln443_2992) to 3 in order to utilize available DSP registers.
INFO: [HLS 200-486] Changing DSP latency (root=add_ln443_2988) to 3 in order to utilize available DSP registers.
INFO: [HLS 200-486] Changing DSP latency (root=add_ln443_2987) to 3 in order to utilize available DSP registers.
INFO: [HLS 200-486] Changing DSP latency (root=add_ln443_2986) to 3 in order to utilize available DSP registers.
INFO: [HLS 200-486] Changing DSP latency (root=add_ln443_2984) to 3 in order to utilize available DSP registers.
INFO: [HLS 200-486] Changing DSP latency (root=add_ln443_2983) to 3 in order to utilize available DSP registers.
INFO: [HLS 200-486] Changing DSP latency (root=add_ln443_2980) to 3 in order to utilize available DSP registers.
INFO: [HLS 200-486] Changing DSP latency (root=add_ln443_2979) to 3 in order to utilize available DSP registers.
INFO: [HLS 200-486] Changing DSP latency (root=add_ln443_2978) to 3 in order to utilize available DSP registers.
INFO: [HLS 200-486] Changing DSP latency (root=add_ln443_2976) to 3 in order to utilize available DSP registers.
INFO: [HLS 200-486] Changing DSP latency (root=add_ln443_2975) to 3 in order to utilize available DSP registers.
INFO: [HLS 200-486] Changing DSP latency (root=add_ln443_2971) to 3 in order to utilize available DSP registers.
INFO: [HLS 200-486] Changing DSP latency (root=add_ln443_2970) to 3 in order to utilize available DSP registers.
INFO: [HLS 200-486] Changing DSP latency (root=add_ln443_2969) to 3 in order to utilize available DSP registers.
INFO: [HLS 200-486] Changing DSP latency (root=add_ln443_2967) to 3 in order to utilize available DSP registers.
INFO: [HLS 200-486] Changing DSP latency (root=add_ln443_2966) to 3 in order to utilize available DSP registers.
INFO: [HLS 200-486] Changing DSP latency (root=add_ln443_2963) to 3 in order to utilize available DSP registers.
INFO: [HLS 200-486] Changing DSP latency (root=add_ln443_2962) to 3 in order to utilize available DSP registers.
INFO: [HLS 200-486] Changing DSP latency (root=add_ln443_2961) to 3 in order to utilize available DSP registers.
INFO: [HLS 200-486] Changing DSP latency (root=add_ln443_2959) to 3 in order to utilize available DSP registers.
INFO: [HLS 200-486] Changing DSP latency (root=add_ln443_2958) to 3 in order to utilize available DSP registers.
INFO: [HLS 200-486] Changing DSP latency (root=add_ln443_2954) to 3 in order to utilize available DSP registers.
INFO: [HLS 200-486] Changing DSP latency (root=add_ln443_2953) to 3 in order to utilize available DSP registers.
INFO: [HLS 200-486] Changing DSP latency (root=add_ln443_2952) to 3 in order to utilize available DSP registers.
INFO: [HLS 200-486] Changing DSP latency (root=add_ln443_2950) to 3 in order to utilize available DSP registers.
INFO: [HLS 200-486] Changing DSP latency (root=add_ln443_2949) to 3 in order to utilize available DSP registers.
INFO: [HLS 200-486] Changing DSP latency (root=add_ln443_2946) to 3 in order to utilize available DSP registers.
INFO: [HLS 200-486] Changing DSP latency (root=add_ln443_2945) to 3 in order to utilize available DSP registers.
INFO: [HLS 200-486] Changing DSP latency (root=add_ln443_2944) to 3 in order to utilize available DSP registers.
INFO: [HLS 200-486] Changing DSP latency (root=add_ln443_2942) to 3 in order to utilize available DSP registers.
INFO: [HLS 200-486] Changing DSP latency (root=add_ln443_2941) to 3 in order to utilize available DSP registers.
INFO: [HLS 200-486] Changing DSP latency (root=add_ln443_2937) to 3 in order to utilize available DSP registers.
INFO: [HLS 200-486] Changing DSP latency (root=add_ln443_2936) to 3 in order to utilize available DSP registers.
INFO: [HLS 200-486] Changing DSP latency (root=add_ln443_2935) to 3 in order to utilize available DSP registers.
INFO: [HLS 200-486] Changing DSP latency (root=add_ln443_2933) to 3 in order to utilize available DSP registers.
INFO: [HLS 200-486] Changing DSP latency (root=add_ln443_2932) to 3 in order to utilize available DSP registers.
INFO: [HLS 200-486] Changing DSP latency (root=add_ln443_2929) to 3 in order to utilize available DSP registers.
INFO: [HLS 200-486] Changing DSP latency (root=add_ln443_2928) to 3 in order to utilize available DSP registers.
INFO: [HLS 200-486] Changing DSP latency (root=add_ln443_2927) to 3 in order to utilize available DSP registers.
INFO: [HLS 200-486] Changing DSP latency (root=add_ln443_2925) to 3 in order to utilize available DSP registers.
INFO: [HLS 200-486] Changing DSP latency (root=add_ln443_2924) to 3 in order to utilize available DSP registers.
INFO: [HLS 200-486] Changing DSP latency (root=add_ln443_2920) to 3 in order to utilize available DSP registers.
INFO: [HLS 200-486] Changing DSP latency (root=add_ln443_2919) to 3 in order to utilize available DSP registers.
INFO: [HLS 200-486] Changing DSP latency (root=add_ln443_2918) to 3 in order to utilize available DSP registers.
INFO: [HLS 200-486] Changing DSP latency (root=add_ln443_2916) to 3 in order to utilize available DSP registers.
INFO: [HLS 200-486] Changing DSP latency (root=add_ln443_2915) to 3 in order to utilize available DSP registers.
INFO: [HLS 200-486] Changing DSP latency (root=add_ln443_2912) to 3 in order to utilize available DSP registers.
INFO: [HLS 200-486] Changing DSP latency (root=add_ln443_2911) to 3 in order to utilize available DSP registers.
INFO: [HLS 200-486] Changing DSP latency (root=add_ln443_2910) to 3 in order to utilize available DSP registers.
INFO: [HLS 200-486] Changing DSP latency (root=add_ln443_2908) to 3 in order to utilize available DSP registers.
INFO: [HLS 200-486] Changing DSP latency (root=add_ln443_2907) to 3 in order to utilize available DSP registers.
INFO: [HLS 200-486] Changing DSP latency (root=add_ln443_2903) to 3 in order to utilize available DSP registers.
INFO: [HLS 200-486] Changing DSP latency (root=add_ln443_2902) to 3 in order to utilize available DSP registers.
INFO: [HLS 200-486] Changing DSP latency (root=add_ln443_2901) to 3 in order to utilize available DSP registers.
INFO: [HLS 200-486] Changing DSP latency (root=add_ln443_2899) to 3 in order to utilize available DSP registers.
INFO: [HLS 200-486] Changing DSP latency (root=add_ln443_2898) to 3 in order to utilize available DSP registers.
INFO: [HLS 200-486] Changing DSP latency (root=add_ln443_2895) to 3 in order to utilize available DSP registers.
INFO: [HLS 200-486] Changing DSP latency (root=add_ln443_2894) to 3 in order to utilize available DSP registers.
INFO: [HLS 200-486] Changing DSP latency (root=add_ln443_2893) to 3 in order to utilize available DSP registers.
INFO: [HLS 200-486] Changing DSP latency (root=add_ln443_2891) to 3 in order to utilize available DSP registers.
INFO: [HLS 200-486] Changing DSP latency (root=add_ln443_2890) to 3 in order to utilize available DSP registers.
INFO: [HLS 200-486] Changing DSP latency (root=add_ln443_2886) to 3 in order to utilize available DSP registers.
INFO: [HLS 200-486] Changing DSP latency (root=add_ln443_2885) to 3 in order to utilize available DSP registers.
INFO: [HLS 200-486] Changing DSP latency (root=add_ln443_2884) to 3 in order to utilize available DSP registers.
INFO: [HLS 200-486] Changing DSP latency (root=add_ln443_2882) to 3 in order to utilize available DSP registers.
INFO: [HLS 200-486] Changing DSP latency (root=add_ln443_2881) to 3 in order to utilize available DSP registers.
INFO: [HLS 200-486] Changing DSP latency (root=add_ln443_2878) to 3 in order to utilize available DSP registers.
INFO: [HLS 200-486] Changing DSP latency (root=add_ln443_2877) to 3 in order to utilize available DSP registers.
INFO: [HLS 200-486] Changing DSP latency (root=add_ln443_2876) to 3 in order to utilize available DSP registers.
INFO: [HLS 200-486] Changing DSP latency (root=add_ln443_2874) to 3 in order to utilize available DSP registers.
INFO: [HLS 200-486] Changing DSP latency (root=add_ln443_2873) to 3 in order to utilize available DSP registers.
INFO: [HLS 200-486] Changing DSP latency (root=add_ln443_2869) to 3 in order to utilize available DSP registers.
INFO: [HLS 200-486] Changing DSP latency (root=add_ln443_2868) to 3 in order to utilize available DSP registers.
INFO: [HLS 200-486] Changing DSP latency (root=add_ln443_2867) to 3 in order to utilize available DSP registers.
INFO: [HLS 200-486] Changing DSP latency (root=add_ln443_2865) to 3 in order to utilize available DSP registers.
INFO: [HLS 200-486] Changing DSP latency (root=add_ln443_2864) to 3 in order to utilize available DSP registers.
INFO: [HLS 200-486] Changing DSP latency (root=add_ln443_2861) to 3 in order to utilize available DSP registers.
INFO: [HLS 200-486] Changing DSP latency (root=add_ln443_2860) to 3 in order to utilize available DSP registers.
INFO: [HLS 200-486] Changing DSP latency (root=add_ln443_2859) to 3 in order to utilize available DSP registers.
INFO: [HLS 200-486] Changing DSP latency (root=add_ln443_2857) to 3 in order to utilize available DSP registers.
INFO: [HLS 200-486] Changing DSP latency (root=add_ln443_2856) to 3 in order to utilize available DSP registers.
INFO: [HLS 200-486] Changing DSP latency (root=add_ln443_2852) to 3 in order to utilize available DSP registers.
INFO: [HLS 200-486] Changing DSP latency (root=add_ln443_2851) to 3 in order to utilize available DSP registers.
INFO: [HLS 200-486] Changing DSP latency (root=add_ln443_2850) to 3 in order to utilize available DSP registers.
INFO: [HLS 200-486] Changing DSP latency (root=add_ln443_2848) to 3 in order to utilize available DSP registers.
INFO: [HLS 200-486] Changing DSP latency (root=add_ln443_2847) to 3 in order to utilize available DSP registers.
INFO: [HLS 200-486] Changing DSP latency (root=add_ln443_2844) to 3 in order to utilize available DSP registers.
INFO: [HLS 200-486] Changing DSP latency (root=add_ln443_2843) to 3 in order to utilize available DSP registers.
INFO: [HLS 200-486] Changing DSP latency (root=add_ln443_2842) to 3 in order to utilize available DSP registers.
INFO: [HLS 200-486] Changing DSP latency (root=add_ln443_2840) to 3 in order to utilize available DSP registers.
INFO: [HLS 200-486] Changing DSP latency (root=add_ln443_2839) to 3 in order to utilize available DSP registers.
INFO: [HLS 200-486] Changing DSP latency (root=add_ln443_2835) to 3 in order to utilize available DSP registers.
INFO: [HLS 200-486] Changing DSP latency (root=add_ln443_2834) to 3 in order to utilize available DSP registers.
INFO: [HLS 200-486] Changing DSP latency (root=add_ln443_2833) to 3 in order to utilize available DSP registers.
INFO: [HLS 200-486] Changing DSP latency (root=add_ln443_2831) to 3 in order to utilize available DSP registers.
INFO: [HLS 200-486] Changing DSP latency (root=add_ln443_2830) to 3 in order to utilize available DSP registers.
INFO: [HLS 200-486] Changing DSP latency (root=add_ln443_2827) to 3 in order to utilize available DSP registers.
INFO: [HLS 200-486] Changing DSP latency (root=add_ln443_2826) to 3 in order to utilize available DSP registers.
INFO: [HLS 200-486] Changing DSP latency (root=add_ln443_2825) to 3 in order to utilize available DSP registers.
INFO: [HLS 200-486] Changing DSP latency (root=add_ln443_2823) to 3 in order to utilize available DSP registers.
INFO: [HLS 200-486] Changing DSP latency (root=add_ln443_2822) to 3 in order to utilize available DSP registers.
INFO: [HLS 200-486] Changing DSP latency (root=add_ln443_2818) to 3 in order to utilize available DSP registers.
INFO: [HLS 200-486] Changing DSP latency (root=add_ln443_2817) to 3 in order to utilize available DSP registers.
INFO: [HLS 200-486] Changing DSP latency (root=add_ln443_2816) to 3 in order to utilize available DSP registers.
INFO: [HLS 200-486] Changing DSP latency (root=add_ln443_2814) to 3 in order to utilize available DSP registers.
INFO: [HLS 200-486] Changing DSP latency (root=add_ln443_2813) to 3 in order to utilize available DSP registers.
INFO: [HLS 200-486] Changing DSP latency (root=add_ln443_2810) to 3 in order to utilize available DSP registers.
INFO: [HLS 200-486] Changing DSP latency (root=add_ln443_2809) to 3 in order to utilize available DSP registers.
INFO: [HLS 200-486] Changing DSP latency (root=add_ln443_2808) to 3 in order to utilize available DSP registers.
INFO: [HLS 200-486] Changing DSP latency (root=add_ln443_2806) to 3 in order to utilize available DSP registers.
INFO: [HLS 200-486] Changing DSP latency (root=add_ln443_2805) to 3 in order to utilize available DSP registers.
INFO: [HLS 200-486] Changing DSP latency (root=add_ln443_2801) to 3 in order to utilize available DSP registers.
INFO: [HLS 200-486] Changing DSP latency (root=add_ln443_2800) to 3 in order to utilize available DSP registers.
INFO: [HLS 200-486] Changing DSP latency (root=add_ln443_2799) to 3 in order to utilize available DSP registers.
INFO: [HLS 200-486] Changing DSP latency (root=add_ln443_2797) to 3 in order to utilize available DSP registers.
INFO: [HLS 200-486] Changing DSP latency (root=add_ln443_2796) to 3 in order to utilize available DSP registers.
INFO: [HLS 200-486] Changing DSP latency (root=add_ln443_2793) to 3 in order to utilize available DSP registers.
INFO: [HLS 200-486] Changing DSP latency (root=add_ln443_2792) to 3 in order to utilize available DSP registers.
INFO: [HLS 200-486] Changing DSP latency (root=add_ln443_2791) to 3 in order to utilize available DSP registers.
INFO: [HLS 200-486] Changing DSP latency (root=add_ln443_2789) to 3 in order to utilize available DSP registers.
INFO: [HLS 200-486] Changing DSP latency (root=add_ln443_2788) to 3 in order to utilize available DSP registers.
INFO: [HLS 200-486] Changing DSP latency (root=add_ln443_2784) to 3 in order to utilize available DSP registers.
INFO: [HLS 200-486] Changing DSP latency (root=add_ln443_2783) to 3 in order to utilize available DSP registers.
INFO: [HLS 200-486] Changing DSP latency (root=add_ln443_2782) to 3 in order to utilize available DSP registers.
INFO: [HLS 200-486] Changing DSP latency (root=add_ln443_2780) to 3 in order to utilize available DSP registers.
INFO: [HLS 200-486] Changing DSP latency (root=add_ln443_2779) to 3 in order to utilize available DSP registers.
INFO: [HLS 200-486] Changing DSP latency (root=add_ln443_2776) to 3 in order to utilize available DSP registers.
INFO: [HLS 200-486] Changing DSP latency (root=add_ln443_2775) to 3 in order to utilize available DSP registers.
INFO: [HLS 200-486] Changing DSP latency (root=add_ln443_2774) to 3 in order to utilize available DSP registers.
INFO: [HLS 200-486] Changing DSP latency (root=add_ln443_2772) to 3 in order to utilize available DSP registers.
INFO: [HLS 200-486] Changing DSP latency (root=add_ln443_2771) to 3 in order to utilize available DSP registers.
INFO: [HLS 200-486] Changing DSP latency (root=add_ln443_2767) to 3 in order to utilize available DSP registers.
INFO: [HLS 200-486] Changing DSP latency (root=add_ln443_2766) to 3 in order to utilize available DSP registers.
INFO: [HLS 200-486] Changing DSP latency (root=add_ln443_2765) to 3 in order to utilize available DSP registers.
INFO: [HLS 200-486] Changing DSP latency (root=add_ln443_2763) to 3 in order to utilize available DSP registers.
INFO: [HLS 200-486] Changing DSP latency (root=add_ln443_2762) to 3 in order to utilize available DSP registers.
INFO: [HLS 200-486] Changing DSP latency (root=add_ln443_2759) to 3 in order to utilize available DSP registers.
INFO: [HLS 200-486] Changing DSP latency (root=add_ln443_2758) to 3 in order to utilize available DSP registers.
INFO: [HLS 200-486] Changing DSP latency (root=add_ln443_2757) to 3 in order to utilize available DSP registers.
INFO: [HLS 200-486] Changing DSP latency (root=add_ln443_2755) to 3 in order to utilize available DSP registers.
INFO: [HLS 200-486] Changing DSP latency (root=add_ln443_2754) to 3 in order to utilize available DSP registers.
INFO: [HLS 200-486] Changing DSP latency (root=add_ln443_2750) to 3 in order to utilize available DSP registers.
INFO: [HLS 200-486] Changing DSP latency (root=add_ln443_2749) to 3 in order to utilize available DSP registers.
INFO: [HLS 200-486] Changing DSP latency (root=add_ln443_2748) to 3 in order to utilize available DSP registers.
INFO: [HLS 200-486] Changing DSP latency (root=add_ln443_2746) to 3 in order to utilize available DSP registers.
INFO: [HLS 200-486] Changing DSP latency (root=add_ln443_2745) to 3 in order to utilize available DSP registers.
INFO: [HLS 200-486] Changing DSP latency (root=add_ln443_2742) to 3 in order to utilize available DSP registers.
INFO: [HLS 200-486] Changing DSP latency (root=add_ln443_2741) to 3 in order to utilize available DSP registers.
INFO: [HLS 200-486] Changing DSP latency (root=add_ln443_2740) to 3 in order to utilize available DSP registers.
INFO: [HLS 200-486] Changing DSP latency (root=add_ln443_2738) to 3 in order to utilize available DSP registers.
INFO: [HLS 200-486] Changing DSP latency (root=add_ln443_2737) to 3 in order to utilize available DSP registers.
INFO: [HLS 200-486] Changing DSP latency (root=add_ln443_2733) to 3 in order to utilize available DSP registers.
INFO: [HLS 200-486] Changing DSP latency (root=add_ln443_2732) to 3 in order to utilize available DSP registers.
INFO: [HLS 200-486] Changing DSP latency (root=add_ln443_2731) to 3 in order to utilize available DSP registers.
INFO: [HLS 200-486] Changing DSP latency (root=add_ln443_2729) to 3 in order to utilize available DSP registers.
INFO: [HLS 200-486] Changing DSP latency (root=add_ln443_2728) to 3 in order to utilize available DSP registers.
INFO: [HLS 200-486] Changing DSP latency (root=add_ln443_2725) to 3 in order to utilize available DSP registers.
INFO: [HLS 200-486] Changing DSP latency (root=add_ln443_2724) to 3 in order to utilize available DSP registers.
INFO: [HLS 200-486] Changing DSP latency (root=add_ln443_2723) to 3 in order to utilize available DSP registers.
INFO: [HLS 200-486] Changing DSP latency (root=add_ln443_2721) to 3 in order to utilize available DSP registers.
INFO: [HLS 200-486] Changing DSP latency (root=add_ln443_2720) to 3 in order to utilize available DSP registers.
INFO: [HLS 200-486] Changing DSP latency (root=add_ln443_2716) to 3 in order to utilize available DSP registers.
INFO: [HLS 200-486] Changing DSP latency (root=add_ln443_2715) to 3 in order to utilize available DSP registers.
INFO: [HLS 200-486] Changing DSP latency (root=add_ln443_2714) to 3 in order to utilize available DSP registers.
INFO: [HLS 200-486] Changing DSP latency (root=add_ln443_2712) to 3 in order to utilize available DSP registers.
INFO: [HLS 200-486] Changing DSP latency (root=add_ln443_2711) to 3 in order to utilize available DSP registers.
INFO: [HLS 200-486] Changing DSP latency (root=add_ln443_2708) to 3 in order to utilize available DSP registers.
INFO: [HLS 200-486] Changing DSP latency (root=add_ln443_2707) to 3 in order to utilize available DSP registers.
INFO: [HLS 200-486] Changing DSP latency (root=add_ln443_2706) to 3 in order to utilize available DSP registers.
INFO: [HLS 200-486] Changing DSP latency (root=add_ln443_2704) to 3 in order to utilize available DSP registers.
INFO: [HLS 200-486] Changing DSP latency (root=add_ln443_2703) to 3 in order to utilize available DSP registers.
INFO: [HLS 200-486] Changing DSP latency (root=add_ln443_2699) to 3 in order to utilize available DSP registers.
INFO: [HLS 200-486] Changing DSP latency (root=add_ln443_2698) to 3 in order to utilize available DSP registers.
INFO: [HLS 200-486] Changing DSP latency (root=add_ln443_2697) to 3 in order to utilize available DSP registers.
INFO: [HLS 200-486] Changing DSP latency (root=add_ln443_2695) to 3 in order to utilize available DSP registers.
INFO: [HLS 200-486] Changing DSP latency (root=add_ln443_2694) to 3 in order to utilize available DSP registers.
INFO: [HLS 200-486] Changing DSP latency (root=add_ln443_2691) to 3 in order to utilize available DSP registers.
INFO: [HLS 200-486] Changing DSP latency (root=add_ln443_2690) to 3 in order to utilize available DSP registers.
INFO: [HLS 200-486] Changing DSP latency (root=add_ln443_2689) to 3 in order to utilize available DSP registers.
INFO: [HLS 200-486] Changing DSP latency (root=add_ln443_2687) to 3 in order to utilize available DSP registers.
INFO: [HLS 200-486] Changing DSP latency (root=add_ln443_2686) to 3 in order to utilize available DSP registers.
INFO: [HLS 200-486] Changing DSP latency (root=add_ln443_2682) to 3 in order to utilize available DSP registers.
INFO: [HLS 200-486] Changing DSP latency (root=add_ln443_2681) to 3 in order to utilize available DSP registers.
INFO: [HLS 200-486] Changing DSP latency (root=add_ln443_2680) to 3 in order to utilize available DSP registers.
INFO: [HLS 200-486] Changing DSP latency (root=add_ln443_2678) to 3 in order to utilize available DSP registers.
INFO: [HLS 200-486] Changing DSP latency (root=add_ln443_2677) to 3 in order to utilize available DSP registers.
INFO: [HLS 200-486] Changing DSP latency (root=add_ln443_2674) to 3 in order to utilize available DSP registers.
INFO: [HLS 200-486] Changing DSP latency (root=add_ln443_2673) to 3 in order to utilize available DSP registers.
INFO: [HLS 200-486] Changing DSP latency (root=add_ln443_2672) to 3 in order to utilize available DSP registers.
INFO: [HLS 200-486] Changing DSP latency (root=add_ln443_2670) to 3 in order to utilize available DSP registers.
INFO: [HLS 200-486] Changing DSP latency (root=add_ln443_2669) to 3 in order to utilize available DSP registers.
INFO: [HLS 200-486] Changing DSP latency (root=add_ln443_2665) to 3 in order to utilize available DSP registers.
INFO: [HLS 200-486] Changing DSP latency (root=add_ln443_2664) to 3 in order to utilize available DSP registers.
INFO: [HLS 200-486] Changing DSP latency (root=add_ln443_2663) to 3 in order to utilize available DSP registers.
INFO: [HLS 200-486] Changing DSP latency (root=add_ln443_2661) to 3 in order to utilize available DSP registers.
INFO: [HLS 200-486] Changing DSP latency (root=add_ln443_2660) to 3 in order to utilize available DSP registers.
INFO: [HLS 200-486] Changing DSP latency (root=add_ln443_2657) to 3 in order to utilize available DSP registers.
INFO: [HLS 200-486] Changing DSP latency (root=add_ln443_2656) to 3 in order to utilize available DSP registers.
INFO: [HLS 200-486] Changing DSP latency (root=add_ln443_2655) to 3 in order to utilize available DSP registers.
INFO: [HLS 200-486] Changing DSP latency (root=add_ln443_2653) to 3 in order to utilize available DSP registers.
INFO: [HLS 200-486] Changing DSP latency (root=add_ln443_2652) to 3 in order to utilize available DSP registers.
INFO: [HLS 200-486] Changing DSP latency (root=add_ln443_2648) to 3 in order to utilize available DSP registers.
INFO: [HLS 200-486] Changing DSP latency (root=add_ln443_2647) to 3 in order to utilize available DSP registers.
INFO: [HLS 200-486] Changing DSP latency (root=add_ln443_2646) to 3 in order to utilize available DSP registers.
INFO: [HLS 200-486] Changing DSP latency (root=add_ln443_2644) to 3 in order to utilize available DSP registers.
INFO: [HLS 200-486] Changing DSP latency (root=add_ln443_2643) to 3 in order to utilize available DSP registers.
INFO: [HLS 200-486] Changing DSP latency (root=add_ln443_2640) to 3 in order to utilize available DSP registers.
INFO: [HLS 200-486] Changing DSP latency (root=add_ln443_2639) to 3 in order to utilize available DSP registers.
INFO: [HLS 200-486] Changing DSP latency (root=add_ln443_2638) to 3 in order to utilize available DSP registers.
INFO: [HLS 200-486] Changing DSP latency (root=add_ln443_2636) to 3 in order to utilize available DSP registers.
INFO: [HLS 200-486] Changing DSP latency (root=add_ln443_2635) to 3 in order to utilize available DSP registers.
INFO: [HLS 200-486] Changing DSP latency (root=add_ln443_2631) to 3 in order to utilize available DSP registers.
INFO: [HLS 200-486] Changing DSP latency (root=add_ln443_2630) to 3 in order to utilize available DSP registers.
INFO: [HLS 200-486] Changing DSP latency (root=add_ln443_2629) to 3 in order to utilize available DSP registers.
INFO: [HLS 200-486] Changing DSP latency (root=add_ln443_2627) to 3 in order to utilize available DSP registers.
INFO: [HLS 200-486] Changing DSP latency (root=add_ln443_2626) to 3 in order to utilize available DSP registers.
INFO: [HLS 200-486] Changing DSP latency (root=add_ln443_2623) to 3 in order to utilize available DSP registers.
INFO: [HLS 200-486] Changing DSP latency (root=add_ln443_2622) to 3 in order to utilize available DSP registers.
INFO: [HLS 200-486] Changing DSP latency (root=add_ln443_2621) to 3 in order to utilize available DSP registers.
INFO: [HLS 200-486] Changing DSP latency (root=add_ln443_2619) to 3 in order to utilize available DSP registers.
INFO: [HLS 200-486] Changing DSP latency (root=add_ln443_2618) to 3 in order to utilize available DSP registers.
INFO: [HLS 200-486] Changing DSP latency (root=add_ln443_2614) to 3 in order to utilize available DSP registers.
INFO: [HLS 200-486] Changing DSP latency (root=add_ln443_2613) to 3 in order to utilize available DSP registers.
INFO: [HLS 200-486] Changing DSP latency (root=add_ln443_2612) to 3 in order to utilize available DSP registers.
INFO: [HLS 200-486] Changing DSP latency (root=add_ln443_2610) to 3 in order to utilize available DSP registers.
INFO: [HLS 200-486] Changing DSP latency (root=add_ln443_2609) to 3 in order to utilize available DSP registers.
INFO: [HLS 200-486] Changing DSP latency (root=add_ln443_2606) to 3 in order to utilize available DSP registers.
INFO: [HLS 200-486] Changing DSP latency (root=add_ln443_2605) to 3 in order to utilize available DSP registers.
INFO: [HLS 200-486] Changing DSP latency (root=add_ln443_2604) to 3 in order to utilize available DSP registers.
INFO: [HLS 200-486] Changing DSP latency (root=add_ln443_2602) to 3 in order to utilize available DSP registers.
INFO: [HLS 200-486] Changing DSP latency (root=add_ln443_2601) to 3 in order to utilize available DSP registers.
INFO: [HLS 200-486] Changing DSP latency (root=add_ln443_2597) to 3 in order to utilize available DSP registers.
INFO: [HLS 200-486] Changing DSP latency (root=add_ln443_2596) to 3 in order to utilize available DSP registers.
INFO: [HLS 200-486] Changing DSP latency (root=add_ln443_2595) to 3 in order to utilize available DSP registers.
INFO: [HLS 200-486] Changing DSP latency (root=add_ln443_2593) to 3 in order to utilize available DSP registers.
INFO: [HLS 200-486] Changing DSP latency (root=add_ln443_2592) to 3 in order to utilize available DSP registers.
INFO: [HLS 200-486] Changing DSP latency (root=add_ln443_2589) to 3 in order to utilize available DSP registers.
INFO: [HLS 200-486] Changing DSP latency (root=add_ln443_2588) to 3 in order to utilize available DSP registers.
INFO: [HLS 200-486] Changing DSP latency (root=add_ln443_2587) to 3 in order to utilize available DSP registers.
INFO: [HLS 200-486] Changing DSP latency (root=add_ln443_2585) to 3 in order to utilize available DSP registers.
INFO: [HLS 200-486] Changing DSP latency (root=add_ln443_2584) to 3 in order to utilize available DSP registers.
INFO: [HLS 200-486] Changing DSP latency (root=add_ln443_2580) to 3 in order to utilize available DSP registers.
INFO: [HLS 200-486] Changing DSP latency (root=add_ln443_2579) to 3 in order to utilize available DSP registers.
INFO: [HLS 200-486] Changing DSP latency (root=add_ln443_2578) to 3 in order to utilize available DSP registers.
INFO: [HLS 200-486] Changing DSP latency (root=add_ln443_2576) to 3 in order to utilize available DSP registers.
INFO: [HLS 200-486] Changing DSP latency (root=add_ln443_2575) to 3 in order to utilize available DSP registers.
INFO: [HLS 200-486] Changing DSP latency (root=add_ln443_2572) to 3 in order to utilize available DSP registers.
INFO: [HLS 200-486] Changing DSP latency (root=add_ln443_2571) to 3 in order to utilize available DSP registers.
INFO: [HLS 200-486] Changing DSP latency (root=add_ln443_2570) to 3 in order to utilize available DSP registers.
INFO: [HLS 200-486] Changing DSP latency (root=add_ln443_2568) to 3 in order to utilize available DSP registers.
INFO: [HLS 200-486] Changing DSP latency (root=add_ln443_2567) to 3 in order to utilize available DSP registers.
INFO: [HLS 200-486] Changing DSP latency (root=add_ln443_2563) to 3 in order to utilize available DSP registers.
INFO: [HLS 200-486] Changing DSP latency (root=add_ln443_2562) to 3 in order to utilize available DSP registers.
INFO: [HLS 200-486] Changing DSP latency (root=add_ln443_2561) to 3 in order to utilize available DSP registers.
INFO: [HLS 200-486] Changing DSP latency (root=add_ln443_2559) to 3 in order to utilize available DSP registers.
INFO: [HLS 200-486] Changing DSP latency (root=add_ln443_2558) to 3 in order to utilize available DSP registers.
INFO: [HLS 200-486] Changing DSP latency (root=add_ln443_2555) to 3 in order to utilize available DSP registers.
INFO: [HLS 200-486] Changing DSP latency (root=add_ln443_2554) to 3 in order to utilize available DSP registers.
INFO: [HLS 200-486] Changing DSP latency (root=add_ln443_2553) to 3 in order to utilize available DSP registers.
INFO: [HLS 200-486] Changing DSP latency (root=add_ln443_2551) to 3 in order to utilize available DSP registers.
INFO: [HLS 200-486] Changing DSP latency (root=add_ln443_2550) to 3 in order to utilize available DSP registers.
INFO: [HLS 200-486] Changing DSP latency (root=add_ln443_2546) to 3 in order to utilize available DSP registers.
INFO: [HLS 200-486] Changing DSP latency (root=add_ln443_2545) to 3 in order to utilize available DSP registers.
INFO: [HLS 200-486] Changing DSP latency (root=add_ln443_2544) to 3 in order to utilize available DSP registers.
INFO: [HLS 200-486] Changing DSP latency (root=add_ln443_2542) to 3 in order to utilize available DSP registers.
INFO: [HLS 200-486] Changing DSP latency (root=add_ln443_2541) to 3 in order to utilize available DSP registers.
INFO: [HLS 200-486] Changing DSP latency (root=add_ln443_2538) to 3 in order to utilize available DSP registers.
INFO: [HLS 200-486] Changing DSP latency (root=add_ln443_2537) to 3 in order to utilize available DSP registers.
INFO: [HLS 200-486] Changing DSP latency (root=add_ln443_2536) to 3 in order to utilize available DSP registers.
INFO: [HLS 200-486] Changing DSP latency (root=add_ln443_2534) to 3 in order to utilize available DSP registers.
INFO: [HLS 200-486] Changing DSP latency (root=add_ln443_2533) to 3 in order to utilize available DSP registers.
INFO: [HLS 200-486] Changing DSP latency (root=add_ln443_2529) to 3 in order to utilize available DSP registers.
INFO: [HLS 200-486] Changing DSP latency (root=add_ln443_2528) to 3 in order to utilize available DSP registers.
INFO: [HLS 200-486] Changing DSP latency (root=add_ln443_2527) to 3 in order to utilize available DSP registers.
INFO: [HLS 200-486] Changing DSP latency (root=add_ln443_2525) to 3 in order to utilize available DSP registers.
INFO: [HLS 200-486] Changing DSP latency (root=add_ln443_2524) to 3 in order to utilize available DSP registers.
INFO: [HLS 200-486] Changing DSP latency (root=add_ln443_2521) to 3 in order to utilize available DSP registers.
INFO: [HLS 200-486] Changing DSP latency (root=add_ln443_2520) to 3 in order to utilize available DSP registers.
INFO: [HLS 200-486] Changing DSP latency (root=add_ln443_2519) to 3 in order to utilize available DSP registers.
INFO: [HLS 200-486] Changing DSP latency (root=add_ln443_2517) to 3 in order to utilize available DSP registers.
INFO: [HLS 200-486] Changing DSP latency (root=add_ln443_2516) to 3 in order to utilize available DSP registers.
INFO: [HLS 200-486] Changing DSP latency (root=add_ln443_2512) to 3 in order to utilize available DSP registers.
INFO: [HLS 200-486] Changing DSP latency (root=add_ln443_2511) to 3 in order to utilize available DSP registers.
INFO: [HLS 200-486] Changing DSP latency (root=add_ln443_2510) to 3 in order to utilize available DSP registers.
INFO: [HLS 200-486] Changing DSP latency (root=add_ln443_2508) to 3 in order to utilize available DSP registers.
INFO: [HLS 200-486] Changing DSP latency (root=add_ln443_2507) to 3 in order to utilize available DSP registers.
INFO: [HLS 200-486] Changing DSP latency (root=add_ln443_2504) to 3 in order to utilize available DSP registers.
INFO: [HLS 200-486] Changing DSP latency (root=add_ln443_2503) to 3 in order to utilize available DSP registers.
INFO: [HLS 200-486] Changing DSP latency (root=add_ln443_2502) to 3 in order to utilize available DSP registers.
INFO: [HLS 200-486] Changing DSP latency (root=add_ln443_2500) to 3 in order to utilize available DSP registers.
INFO: [HLS 200-486] Changing DSP latency (root=add_ln443_2499) to 3 in order to utilize available DSP registers.
INFO: [HLS 200-486] Changing DSP latency (root=add_ln443_2495) to 3 in order to utilize available DSP registers.
INFO: [HLS 200-486] Changing DSP latency (root=add_ln443_2494) to 3 in order to utilize available DSP registers.
INFO: [HLS 200-486] Changing DSP latency (root=add_ln443_2493) to 3 in order to utilize available DSP registers.
INFO: [HLS 200-486] Changing DSP latency (root=add_ln443_2491) to 3 in order to utilize available DSP registers.
INFO: [HLS 200-486] Changing DSP latency (root=add_ln443_2490) to 3 in order to utilize available DSP registers.
INFO: [HLS 200-486] Changing DSP latency (root=add_ln443_2487) to 3 in order to utilize available DSP registers.
INFO: [HLS 200-486] Changing DSP latency (root=add_ln443_2486) to 3 in order to utilize available DSP registers.
INFO: [HLS 200-486] Changing DSP latency (root=add_ln443_2485) to 3 in order to utilize available DSP registers.
INFO: [HLS 200-486] Changing DSP latency (root=add_ln443_2483) to 3 in order to utilize available DSP registers.
INFO: [HLS 200-486] Changing DSP latency (root=add_ln443_2482) to 3 in order to utilize available DSP registers.
INFO: [HLS 200-486] Changing DSP latency (root=add_ln443_2478) to 3 in order to utilize available DSP registers.
INFO: [HLS 200-486] Changing DSP latency (root=add_ln443_2477) to 3 in order to utilize available DSP registers.
INFO: [HLS 200-486] Changing DSP latency (root=add_ln443_2476) to 3 in order to utilize available DSP registers.
INFO: [HLS 200-486] Changing DSP latency (root=add_ln443_2474) to 3 in order to utilize available DSP registers.
INFO: [HLS 200-486] Changing DSP latency (root=add_ln443_2473) to 3 in order to utilize available DSP registers.
INFO: [HLS 200-486] Changing DSP latency (root=add_ln443_2470) to 3 in order to utilize available DSP registers.
INFO: [HLS 200-486] Changing DSP latency (root=add_ln443_2469) to 3 in order to utilize available DSP registers.
INFO: [HLS 200-486] Changing DSP latency (root=add_ln443_2468) to 3 in order to utilize available DSP registers.
INFO: [HLS 200-486] Changing DSP latency (root=add_ln443_2466) to 3 in order to utilize available DSP registers.
INFO: [HLS 200-486] Changing DSP latency (root=add_ln443_2465) to 3 in order to utilize available DSP registers.
INFO: [HLS 200-486] Changing DSP latency (root=add_ln443_2461) to 3 in order to utilize available DSP registers.
INFO: [HLS 200-486] Changing DSP latency (root=add_ln443_2460) to 3 in order to utilize available DSP registers.
INFO: [HLS 200-486] Changing DSP latency (root=add_ln443_2459) to 3 in order to utilize available DSP registers.
INFO: [HLS 200-486] Changing DSP latency (root=add_ln443_2457) to 3 in order to utilize available DSP registers.
INFO: [HLS 200-486] Changing DSP latency (root=add_ln443_2456) to 3 in order to utilize available DSP registers.
INFO: [HLS 200-486] Changing DSP latency (root=add_ln443_2453) to 3 in order to utilize available DSP registers.
INFO: [HLS 200-486] Changing DSP latency (root=add_ln443_2452) to 3 in order to utilize available DSP registers.
INFO: [HLS 200-486] Changing DSP latency (root=add_ln443_2451) to 3 in order to utilize available DSP registers.
INFO: [HLS 200-486] Changing DSP latency (root=add_ln443_2449) to 3 in order to utilize available DSP registers.
INFO: [HLS 200-486] Changing DSP latency (root=add_ln443_2448) to 3 in order to utilize available DSP registers.
INFO: [HLS 200-486] Changing DSP latency (root=add_ln443_2444) to 3 in order to utilize available DSP registers.
INFO: [HLS 200-486] Changing DSP latency (root=add_ln443_2443) to 3 in order to utilize available DSP registers.
INFO: [HLS 200-486] Changing DSP latency (root=add_ln443_2442) to 3 in order to utilize available DSP registers.
INFO: [HLS 200-486] Changing DSP latency (root=add_ln443_2440) to 3 in order to utilize available DSP registers.
INFO: [HLS 200-486] Changing DSP latency (root=add_ln443_2439) to 3 in order to utilize available DSP registers.
INFO: [HLS 200-486] Changing DSP latency (root=add_ln443_2436) to 3 in order to utilize available DSP registers.
INFO: [HLS 200-486] Changing DSP latency (root=add_ln443_2435) to 3 in order to utilize available DSP registers.
INFO: [HLS 200-486] Changing DSP latency (root=add_ln443_2434) to 3 in order to utilize available DSP registers.
INFO: [HLS 200-486] Changing DSP latency (root=add_ln443_2432) to 3 in order to utilize available DSP registers.
INFO: [HLS 200-486] Changing DSP latency (root=add_ln443_2431) to 3 in order to utilize available DSP registers.
INFO: [HLS 200-486] Changing DSP latency (root=add_ln443_2427) to 3 in order to utilize available DSP registers.
INFO: [HLS 200-486] Changing DSP latency (root=add_ln443_2426) to 3 in order to utilize available DSP registers.
INFO: [HLS 200-486] Changing DSP latency (root=add_ln443_2425) to 3 in order to utilize available DSP registers.
INFO: [HLS 200-486] Changing DSP latency (root=add_ln443_2423) to 3 in order to utilize available DSP registers.
INFO: [HLS 200-486] Changing DSP latency (root=add_ln443_2422) to 3 in order to utilize available DSP registers.
INFO: [HLS 200-486] Changing DSP latency (root=add_ln443_2419) to 3 in order to utilize available DSP registers.
INFO: [HLS 200-486] Changing DSP latency (root=add_ln443_2418) to 3 in order to utilize available DSP registers.
INFO: [HLS 200-486] Changing DSP latency (root=add_ln443_2417) to 3 in order to utilize available DSP registers.
INFO: [HLS 200-486] Changing DSP latency (root=add_ln443_2415) to 3 in order to utilize available DSP registers.
INFO: [HLS 200-486] Changing DSP latency (root=add_ln443_2414) to 3 in order to utilize available DSP registers.
INFO: [HLS 200-486] Changing DSP latency (root=add_ln443_2410) to 3 in order to utilize available DSP registers.
INFO: [HLS 200-486] Changing DSP latency (root=add_ln443_2409) to 3 in order to utilize available DSP registers.
INFO: [HLS 200-486] Changing DSP latency (root=add_ln443_2408) to 3 in order to utilize available DSP registers.
INFO: [HLS 200-486] Changing DSP latency (root=add_ln443_2406) to 3 in order to utilize available DSP registers.
INFO: [HLS 200-486] Changing DSP latency (root=add_ln443_2405) to 3 in order to utilize available DSP registers.
INFO: [HLS 200-486] Changing DSP latency (root=add_ln443_2402) to 3 in order to utilize available DSP registers.
INFO: [HLS 200-486] Changing DSP latency (root=add_ln443_2401) to 3 in order to utilize available DSP registers.
INFO: [HLS 200-486] Changing DSP latency (root=add_ln443_2400) to 3 in order to utilize available DSP registers.
INFO: [HLS 200-486] Changing DSP latency (root=add_ln443_2398) to 3 in order to utilize available DSP registers.
INFO: [HLS 200-486] Changing DSP latency (root=add_ln443_2397) to 3 in order to utilize available DSP registers.
INFO: [HLS 200-486] Changing DSP latency (root=add_ln443_2393) to 3 in order to utilize available DSP registers.
INFO: [HLS 200-486] Changing DSP latency (root=add_ln443_2392) to 3 in order to utilize available DSP registers.
INFO: [HLS 200-486] Changing DSP latency (root=add_ln443_2391) to 3 in order to utilize available DSP registers.
INFO: [HLS 200-486] Changing DSP latency (root=add_ln443_2389) to 3 in order to utilize available DSP registers.
INFO: [HLS 200-486] Changing DSP latency (root=add_ln443_2388) to 3 in order to utilize available DSP registers.
INFO: [HLS 200-486] Changing DSP latency (root=add_ln443_2385) to 3 in order to utilize available DSP registers.
INFO: [HLS 200-486] Changing DSP latency (root=add_ln443_2384) to 3 in order to utilize available DSP registers.
INFO: [HLS 200-486] Changing DSP latency (root=add_ln443_2383) to 3 in order to utilize available DSP registers.
INFO: [HLS 200-486] Changing DSP latency (root=add_ln443_2381) to 3 in order to utilize available DSP registers.
INFO: [HLS 200-486] Changing DSP latency (root=add_ln443_2380) to 3 in order to utilize available DSP registers.
INFO: [HLS 200-486] Changing DSP latency (root=add_ln443_2376) to 3 in order to utilize available DSP registers.
INFO: [HLS 200-486] Changing DSP latency (root=add_ln443_2375) to 3 in order to utilize available DSP registers.
INFO: [HLS 200-486] Changing DSP latency (root=add_ln443_2374) to 3 in order to utilize available DSP registers.
INFO: [HLS 200-486] Changing DSP latency (root=add_ln443_2372) to 3 in order to utilize available DSP registers.
INFO: [HLS 200-486] Changing DSP latency (root=add_ln443_2371) to 3 in order to utilize available DSP registers.
INFO: [HLS 200-486] Changing DSP latency (root=add_ln443_2368) to 3 in order to utilize available DSP registers.
INFO: [HLS 200-486] Changing DSP latency (root=add_ln443_2367) to 3 in order to utilize available DSP registers.
INFO: [HLS 200-486] Changing DSP latency (root=add_ln443_2366) to 3 in order to utilize available DSP registers.
INFO: [HLS 200-486] Changing DSP latency (root=add_ln443_2364) to 3 in order to utilize available DSP registers.
INFO: [HLS 200-486] Changing DSP latency (root=add_ln443_2363) to 3 in order to utilize available DSP registers.
INFO: [HLS 200-486] Changing DSP latency (root=add_ln443_2359) to 3 in order to utilize available DSP registers.
INFO: [HLS 200-486] Changing DSP latency (root=add_ln443_2358) to 3 in order to utilize available DSP registers.
INFO: [HLS 200-486] Changing DSP latency (root=add_ln443_2357) to 3 in order to utilize available DSP registers.
INFO: [HLS 200-486] Changing DSP latency (root=add_ln443_2355) to 3 in order to utilize available DSP registers.
INFO: [HLS 200-486] Changing DSP latency (root=add_ln443_2354) to 3 in order to utilize available DSP registers.
INFO: [HLS 200-486] Changing DSP latency (root=add_ln443_2351) to 3 in order to utilize available DSP registers.
INFO: [HLS 200-486] Changing DSP latency (root=add_ln443_2350) to 3 in order to utilize available DSP registers.
INFO: [HLS 200-486] Changing DSP latency (root=add_ln443_2349) to 3 in order to utilize available DSP registers.
INFO: [HLS 200-486] Changing DSP latency (root=add_ln443_2347) to 3 in order to utilize available DSP registers.
INFO: [HLS 200-486] Changing DSP latency (root=add_ln443_2346) to 3 in order to utilize available DSP registers.
INFO: [HLS 200-486] Changing DSP latency (root=add_ln443_2342) to 3 in order to utilize available DSP registers.
INFO: [HLS 200-486] Changing DSP latency (root=add_ln443_2341) to 3 in order to utilize available DSP registers.
INFO: [HLS 200-486] Changing DSP latency (root=add_ln443_2340) to 3 in order to utilize available DSP registers.
INFO: [HLS 200-486] Changing DSP latency (root=add_ln443_2338) to 3 in order to utilize available DSP registers.
INFO: [HLS 200-486] Changing DSP latency (root=add_ln443_2337) to 3 in order to utilize available DSP registers.
INFO: [HLS 200-486] Changing DSP latency (root=add_ln443_2334) to 3 in order to utilize available DSP registers.
INFO: [HLS 200-486] Changing DSP latency (root=add_ln443_2333) to 3 in order to utilize available DSP registers.
INFO: [HLS 200-486] Changing DSP latency (root=add_ln443_2332) to 3 in order to utilize available DSP registers.
INFO: [HLS 200-486] Changing DSP latency (root=add_ln443_2330) to 3 in order to utilize available DSP registers.
INFO: [HLS 200-486] Changing DSP latency (root=add_ln443_2329) to 3 in order to utilize available DSP registers.
INFO: [HLS 200-486] Changing DSP latency (root=add_ln443_2325) to 3 in order to utilize available DSP registers.
INFO: [HLS 200-486] Changing DSP latency (root=add_ln443_2324) to 3 in order to utilize available DSP registers.
INFO: [HLS 200-486] Changing DSP latency (root=add_ln443_2323) to 3 in order to utilize available DSP registers.
INFO: [HLS 200-486] Changing DSP latency (root=add_ln443_2321) to 3 in order to utilize available DSP registers.
INFO: [HLS 200-486] Changing DSP latency (root=add_ln443_2320) to 3 in order to utilize available DSP registers.
INFO: [HLS 200-486] Changing DSP latency (root=add_ln443_2317) to 3 in order to utilize available DSP registers.
INFO: [HLS 200-486] Changing DSP latency (root=add_ln443_2316) to 3 in order to utilize available DSP registers.
INFO: [HLS 200-486] Changing DSP latency (root=add_ln443_2315) to 3 in order to utilize available DSP registers.
INFO: [HLS 200-486] Changing DSP latency (root=add_ln443_2313) to 3 in order to utilize available DSP registers.
INFO: [HLS 200-486] Changing DSP latency (root=add_ln443_2312) to 3 in order to utilize available DSP registers.
INFO: [HLS 200-486] Changing DSP latency (root=add_ln443_2308) to 3 in order to utilize available DSP registers.
INFO: [HLS 200-486] Changing DSP latency (root=add_ln443_2307) to 3 in order to utilize available DSP registers.
INFO: [HLS 200-486] Changing DSP latency (root=add_ln443_2306) to 3 in order to utilize available DSP registers.
INFO: [HLS 200-486] Changing DSP latency (root=add_ln443_2304) to 3 in order to utilize available DSP registers.
INFO: [HLS 200-486] Changing DSP latency (root=add_ln443_2303) to 3 in order to utilize available DSP registers.
INFO: [HLS 200-486] Changing DSP latency (root=add_ln443_2300) to 3 in order to utilize available DSP registers.
INFO: [HLS 200-486] Changing DSP latency (root=add_ln443_2299) to 3 in order to utilize available DSP registers.
INFO: [HLS 200-486] Changing DSP latency (root=add_ln443_2298) to 3 in order to utilize available DSP registers.
INFO: [HLS 200-486] Changing DSP latency (root=add_ln443_2296) to 3 in order to utilize available DSP registers.
INFO: [HLS 200-486] Changing DSP latency (root=add_ln443_2295) to 3 in order to utilize available DSP registers.
INFO: [HLS 200-486] Changing DSP latency (root=add_ln443_2291) to 3 in order to utilize available DSP registers.
INFO: [HLS 200-486] Changing DSP latency (root=add_ln443_2290) to 3 in order to utilize available DSP registers.
INFO: [HLS 200-486] Changing DSP latency (root=add_ln443_2289) to 3 in order to utilize available DSP registers.
INFO: [HLS 200-486] Changing DSP latency (root=add_ln443_2287) to 3 in order to utilize available DSP registers.
INFO: [HLS 200-486] Changing DSP latency (root=add_ln443_2286) to 3 in order to utilize available DSP registers.
INFO: [HLS 200-486] Changing DSP latency (root=add_ln443_2283) to 3 in order to utilize available DSP registers.
INFO: [HLS 200-486] Changing DSP latency (root=add_ln443_2282) to 3 in order to utilize available DSP registers.
INFO: [HLS 200-486] Changing DSP latency (root=add_ln443_2281) to 3 in order to utilize available DSP registers.
INFO: [HLS 200-486] Changing DSP latency (root=add_ln443_2279) to 3 in order to utilize available DSP registers.
INFO: [HLS 200-486] Changing DSP latency (root=add_ln443_2278) to 3 in order to utilize available DSP registers.
INFO: [HLS 200-486] Changing DSP latency (root=add_ln443_2274) to 3 in order to utilize available DSP registers.
INFO: [HLS 200-486] Changing DSP latency (root=add_ln443_2273) to 3 in order to utilize available DSP registers.
INFO: [HLS 200-486] Changing DSP latency (root=add_ln443_2272) to 3 in order to utilize available DSP registers.
INFO: [HLS 200-486] Changing DSP latency (root=add_ln443_2270) to 3 in order to utilize available DSP registers.
INFO: [HLS 200-486] Changing DSP latency (root=add_ln443_2269) to 3 in order to utilize available DSP registers.
INFO: [HLS 200-486] Changing DSP latency (root=add_ln443_2266) to 3 in order to utilize available DSP registers.
INFO: [HLS 200-486] Changing DSP latency (root=add_ln443_2265) to 3 in order to utilize available DSP registers.
INFO: [HLS 200-486] Changing DSP latency (root=add_ln443_2264) to 3 in order to utilize available DSP registers.
INFO: [HLS 200-486] Changing DSP latency (root=add_ln443_2262) to 3 in order to utilize available DSP registers.
INFO: [HLS 200-486] Changing DSP latency (root=add_ln443_2261) to 3 in order to utilize available DSP registers.
INFO: [HLS 200-486] Changing DSP latency (root=add_ln443_2257) to 3 in order to utilize available DSP registers.
INFO: [HLS 200-486] Changing DSP latency (root=add_ln443_2256) to 3 in order to utilize available DSP registers.
INFO: [HLS 200-486] Changing DSP latency (root=add_ln443_2255) to 3 in order to utilize available DSP registers.
INFO: [HLS 200-486] Changing DSP latency (root=add_ln443_2253) to 3 in order to utilize available DSP registers.
INFO: [HLS 200-486] Changing DSP latency (root=add_ln443_2252) to 3 in order to utilize available DSP registers.
INFO: [HLS 200-486] Changing DSP latency (root=add_ln443_2249) to 3 in order to utilize available DSP registers.
INFO: [HLS 200-486] Changing DSP latency (root=add_ln443_2248) to 3 in order to utilize available DSP registers.
INFO: [HLS 200-486] Changing DSP latency (root=add_ln443_2247) to 3 in order to utilize available DSP registers.
INFO: [HLS 200-486] Changing DSP latency (root=add_ln443_2245) to 3 in order to utilize available DSP registers.
INFO: [HLS 200-486] Changing DSP latency (root=add_ln443_2244) to 3 in order to utilize available DSP registers.
INFO: [HLS 200-486] Changing DSP latency (root=add_ln443_2240) to 3 in order to utilize available DSP registers.
INFO: [HLS 200-486] Changing DSP latency (root=add_ln443_2239) to 3 in order to utilize available DSP registers.
INFO: [HLS 200-486] Changing DSP latency (root=add_ln443_2238) to 3 in order to utilize available DSP registers.
INFO: [HLS 200-486] Changing DSP latency (root=add_ln443_2236) to 3 in order to utilize available DSP registers.
INFO: [HLS 200-486] Changing DSP latency (root=add_ln443_2235) to 3 in order to utilize available DSP registers.
INFO: [HLS 200-486] Changing DSP latency (root=add_ln443_2232) to 3 in order to utilize available DSP registers.
INFO: [HLS 200-486] Changing DSP latency (root=add_ln443_2231) to 3 in order to utilize available DSP registers.
INFO: [HLS 200-486] Changing DSP latency (root=add_ln443_2230) to 3 in order to utilize available DSP registers.
INFO: [HLS 200-486] Changing DSP latency (root=add_ln443_2228) to 3 in order to utilize available DSP registers.
INFO: [HLS 200-486] Changing DSP latency (root=add_ln443_2227) to 3 in order to utilize available DSP registers.
INFO: [HLS 200-486] Changing DSP latency (root=add_ln443_2223) to 3 in order to utilize available DSP registers.
INFO: [HLS 200-486] Changing DSP latency (root=add_ln443_2222) to 3 in order to utilize available DSP registers.
INFO: [HLS 200-486] Changing DSP latency (root=add_ln443_2221) to 3 in order to utilize available DSP registers.
INFO: [HLS 200-486] Changing DSP latency (root=add_ln443_2219) to 3 in order to utilize available DSP registers.
INFO: [HLS 200-486] Changing DSP latency (root=add_ln443_2218) to 3 in order to utilize available DSP registers.
INFO: [HLS 200-486] Changing DSP latency (root=add_ln443_2215) to 3 in order to utilize available DSP registers.
INFO: [HLS 200-486] Changing DSP latency (root=add_ln443_2214) to 3 in order to utilize available DSP registers.
INFO: [HLS 200-486] Changing DSP latency (root=add_ln443_2213) to 3 in order to utilize available DSP registers.
INFO: [HLS 200-486] Changing DSP latency (root=add_ln443_2211) to 3 in order to utilize available DSP registers.
INFO: [HLS 200-486] Changing DSP latency (root=add_ln443_2210) to 3 in order to utilize available DSP registers.
INFO: [HLS 200-486] Changing DSP latency (root=add_ln443_2206) to 3 in order to utilize available DSP registers.
INFO: [HLS 200-486] Changing DSP latency (root=add_ln443_2205) to 3 in order to utilize available DSP registers.
INFO: [HLS 200-486] Changing DSP latency (root=add_ln443_2204) to 3 in order to utilize available DSP registers.
INFO: [HLS 200-486] Changing DSP latency (root=add_ln443_2202) to 3 in order to utilize available DSP registers.
INFO: [HLS 200-486] Changing DSP latency (root=add_ln443_2201) to 3 in order to utilize available DSP registers.
INFO: [HLS 200-486] Changing DSP latency (root=add_ln443_2198) to 3 in order to utilize available DSP registers.
INFO: [HLS 200-486] Changing DSP latency (root=add_ln443_2197) to 3 in order to utilize available DSP registers.
INFO: [HLS 200-486] Changing DSP latency (root=add_ln443_2196) to 3 in order to utilize available DSP registers.
INFO: [HLS 200-486] Changing DSP latency (root=add_ln443_2194) to 3 in order to utilize available DSP registers.
INFO: [HLS 200-486] Changing DSP latency (root=add_ln443_2193) to 3 in order to utilize available DSP registers.
INFO: [HLS 200-486] Changing DSP latency (root=add_ln443_2189) to 3 in order to utilize available DSP registers.
INFO: [HLS 200-486] Changing DSP latency (root=add_ln443_2188) to 3 in order to utilize available DSP registers.
INFO: [HLS 200-486] Changing DSP latency (root=add_ln443_2187) to 3 in order to utilize available DSP registers.
INFO: [HLS 200-486] Changing DSP latency (root=add_ln443_2185) to 3 in order to utilize available DSP registers.
INFO: [HLS 200-486] Changing DSP latency (root=add_ln443_2184) to 3 in order to utilize available DSP registers.
INFO: [HLS 200-486] Changing DSP latency (root=add_ln443_2181) to 3 in order to utilize available DSP registers.
INFO: [HLS 200-486] Changing DSP latency (root=add_ln443_2180) to 3 in order to utilize available DSP registers.
INFO: [HLS 200-486] Changing DSP latency (root=add_ln443_2179) to 3 in order to utilize available DSP registers.
INFO: [HLS 200-486] Changing DSP latency (root=add_ln443_2177) to 3 in order to utilize available DSP registers.
INFO: [HLS 200-486] Changing DSP latency (root=add_ln443_2176) to 3 in order to utilize available DSP registers.
INFO: [HLS 200-486] Changing DSP latency (root=add_ln443_2172) to 3 in order to utilize available DSP registers.
INFO: [HLS 200-486] Changing DSP latency (root=add_ln443_2171) to 3 in order to utilize available DSP registers.
INFO: [HLS 200-486] Changing DSP latency (root=add_ln443_2170) to 3 in order to utilize available DSP registers.
INFO: [HLS 200-486] Changing DSP latency (root=add_ln443_2168) to 3 in order to utilize available DSP registers.
INFO: [HLS 200-486] Changing DSP latency (root=add_ln443_2167) to 3 in order to utilize available DSP registers.
INFO: [HLS 200-486] Changing DSP latency (root=add_ln443_2164) to 3 in order to utilize available DSP registers.
INFO: [HLS 200-486] Changing DSP latency (root=add_ln443_2163) to 3 in order to utilize available DSP registers.
INFO: [HLS 200-486] Changing DSP latency (root=add_ln443_2162) to 3 in order to utilize available DSP registers.
INFO: [HLS 200-486] Changing DSP latency (root=add_ln443_2160) to 3 in order to utilize available DSP registers.
INFO: [HLS 200-486] Changing DSP latency (root=add_ln443_2159) to 3 in order to utilize available DSP registers.
INFO: [HLS 200-486] Changing DSP latency (root=add_ln443_2155) to 3 in order to utilize available DSP registers.
INFO: [HLS 200-486] Changing DSP latency (root=add_ln443_2154) to 3 in order to utilize available DSP registers.
INFO: [HLS 200-486] Changing DSP latency (root=add_ln443_2153) to 3 in order to utilize available DSP registers.
INFO: [HLS 200-486] Changing DSP latency (root=add_ln443_2151) to 3 in order to utilize available DSP registers.
INFO: [HLS 200-486] Changing DSP latency (root=add_ln443_2150) to 3 in order to utilize available DSP registers.
INFO: [HLS 200-486] Changing DSP latency (root=add_ln443_2147) to 3 in order to utilize available DSP registers.
INFO: [HLS 200-486] Changing DSP latency (root=add_ln443_2146) to 3 in order to utilize available DSP registers.
INFO: [HLS 200-486] Changing DSP latency (root=add_ln443_2145) to 3 in order to utilize available DSP registers.
INFO: [HLS 200-486] Changing DSP latency (root=add_ln443_2143) to 3 in order to utilize available DSP registers.
INFO: [HLS 200-486] Changing DSP latency (root=add_ln443_2142) to 3 in order to utilize available DSP registers.
INFO: [HLS 200-486] Changing DSP latency (root=add_ln443_2138) to 3 in order to utilize available DSP registers.
INFO: [HLS 200-486] Changing DSP latency (root=add_ln443_2137) to 3 in order to utilize available DSP registers.
INFO: [HLS 200-486] Changing DSP latency (root=add_ln443_2136) to 3 in order to utilize available DSP registers.
INFO: [HLS 200-486] Changing DSP latency (root=add_ln443_2134) to 3 in order to utilize available DSP registers.
INFO: [HLS 200-486] Changing DSP latency (root=add_ln443_2133) to 3 in order to utilize available DSP registers.
INFO: [HLS 200-486] Changing DSP latency (root=add_ln443_2130) to 3 in order to utilize available DSP registers.
INFO: [HLS 200-486] Changing DSP latency (root=add_ln443_2129) to 3 in order to utilize available DSP registers.
INFO: [HLS 200-486] Changing DSP latency (root=add_ln443_2128) to 3 in order to utilize available DSP registers.
INFO: [HLS 200-486] Changing DSP latency (root=add_ln443_2126) to 3 in order to utilize available DSP registers.
INFO: [HLS 200-486] Changing DSP latency (root=add_ln443_2125) to 3 in order to utilize available DSP registers.
INFO: [HLS 200-486] Changing DSP latency (root=add_ln443_2121) to 3 in order to utilize available DSP registers.
INFO: [HLS 200-486] Changing DSP latency (root=add_ln443_2120) to 3 in order to utilize available DSP registers.
INFO: [HLS 200-486] Changing DSP latency (root=add_ln443_2119) to 3 in order to utilize available DSP registers.
INFO: [HLS 200-486] Changing DSP latency (root=add_ln443_2117) to 3 in order to utilize available DSP registers.
INFO: [HLS 200-486] Changing DSP latency (root=add_ln443_2116) to 3 in order to utilize available DSP registers.
INFO: [HLS 200-486] Changing DSP latency (root=add_ln443_2113) to 3 in order to utilize available DSP registers.
INFO: [HLS 200-486] Changing DSP latency (root=add_ln443_2112) to 3 in order to utilize available DSP registers.
INFO: [HLS 200-486] Changing DSP latency (root=add_ln443_2111) to 3 in order to utilize available DSP registers.
INFO: [HLS 200-486] Changing DSP latency (root=add_ln443_2109) to 3 in order to utilize available DSP registers.
INFO: [HLS 200-486] Changing DSP latency (root=add_ln443_2108) to 3 in order to utilize available DSP registers.
INFO: [HLS 200-486] Changing DSP latency (root=add_ln443_2104) to 3 in order to utilize available DSP registers.
INFO: [HLS 200-486] Changing DSP latency (root=add_ln443_2103) to 3 in order to utilize available DSP registers.
INFO: [HLS 200-486] Changing DSP latency (root=add_ln443_2102) to 3 in order to utilize available DSP registers.
INFO: [HLS 200-486] Changing DSP latency (root=add_ln443_2100) to 3 in order to utilize available DSP registers.
INFO: [HLS 200-486] Changing DSP latency (root=add_ln443_2099) to 3 in order to utilize available DSP registers.
INFO: [HLS 200-486] Changing DSP latency (root=add_ln443_2096) to 3 in order to utilize available DSP registers.
INFO: [HLS 200-486] Changing DSP latency (root=add_ln443_2095) to 3 in order to utilize available DSP registers.
INFO: [HLS 200-486] Changing DSP latency (root=add_ln443_2094) to 3 in order to utilize available DSP registers.
INFO: [HLS 200-486] Changing DSP latency (root=add_ln443_2092) to 3 in order to utilize available DSP registers.
INFO: [HLS 200-486] Changing DSP latency (root=add_ln443_2091) to 3 in order to utilize available DSP registers.
INFO: [HLS 200-486] Changing DSP latency (root=add_ln443_2087) to 3 in order to utilize available DSP registers.
INFO: [HLS 200-486] Changing DSP latency (root=add_ln443_2086) to 3 in order to utilize available DSP registers.
INFO: [HLS 200-486] Changing DSP latency (root=add_ln443_2085) to 3 in order to utilize available DSP registers.
INFO: [HLS 200-486] Changing DSP latency (root=add_ln443_2083) to 3 in order to utilize available DSP registers.
INFO: [HLS 200-486] Changing DSP latency (root=add_ln443_2082) to 3 in order to utilize available DSP registers.
INFO: [HLS 200-486] Changing DSP latency (root=add_ln443_2079) to 3 in order to utilize available DSP registers.
INFO: [HLS 200-486] Changing DSP latency (root=add_ln443_2078) to 3 in order to utilize available DSP registers.
INFO: [HLS 200-486] Changing DSP latency (root=add_ln443_2077) to 3 in order to utilize available DSP registers.
INFO: [HLS 200-486] Changing DSP latency (root=add_ln443_2075) to 3 in order to utilize available DSP registers.
INFO: [HLS 200-486] Changing DSP latency (root=add_ln443_2074) to 3 in order to utilize available DSP registers.
INFO: [HLS 200-486] Changing DSP latency (root=add_ln443_2070) to 3 in order to utilize available DSP registers.
INFO: [HLS 200-486] Changing DSP latency (root=add_ln443_2069) to 3 in order to utilize available DSP registers.
INFO: [HLS 200-486] Changing DSP latency (root=add_ln443_2068) to 3 in order to utilize available DSP registers.
INFO: [HLS 200-486] Changing DSP latency (root=add_ln443_2066) to 3 in order to utilize available DSP registers.
INFO: [HLS 200-486] Changing DSP latency (root=add_ln443_2065) to 3 in order to utilize available DSP registers.
INFO: [HLS 200-486] Changing DSP latency (root=add_ln443_2062) to 3 in order to utilize available DSP registers.
INFO: [HLS 200-486] Changing DSP latency (root=add_ln443_2061) to 3 in order to utilize available DSP registers.
INFO: [HLS 200-486] Changing DSP latency (root=add_ln443_2060) to 3 in order to utilize available DSP registers.
INFO: [HLS 200-486] Changing DSP latency (root=add_ln443_2058) to 3 in order to utilize available DSP registers.
INFO: [HLS 200-486] Changing DSP latency (root=add_ln443_2057) to 3 in order to utilize available DSP registers.
INFO: [HLS 200-486] Changing DSP latency (root=add_ln443_2053) to 3 in order to utilize available DSP registers.
INFO: [HLS 200-486] Changing DSP latency (root=add_ln443_2052) to 3 in order to utilize available DSP registers.
INFO: [HLS 200-486] Changing DSP latency (root=add_ln443_2051) to 3 in order to utilize available DSP registers.
INFO: [HLS 200-486] Changing DSP latency (root=add_ln443_2049) to 3 in order to utilize available DSP registers.
INFO: [HLS 200-486] Changing DSP latency (root=add_ln443_2048) to 3 in order to utilize available DSP registers.
INFO: [HLS 200-486] Changing DSP latency (root=add_ln443_2045) to 3 in order to utilize available DSP registers.
INFO: [HLS 200-486] Changing DSP latency (root=add_ln443_2044) to 3 in order to utilize available DSP registers.
INFO: [HLS 200-486] Changing DSP latency (root=add_ln443_2043) to 3 in order to utilize available DSP registers.
INFO: [HLS 200-486] Changing DSP latency (root=add_ln443_2041) to 3 in order to utilize available DSP registers.
INFO: [HLS 200-486] Changing DSP latency (root=add_ln443_2040) to 3 in order to utilize available DSP registers.
INFO: [HLS 200-486] Changing DSP latency (root=add_ln443_2036) to 3 in order to utilize available DSP registers.
INFO: [HLS 200-486] Changing DSP latency (root=add_ln443_2035) to 3 in order to utilize available DSP registers.
INFO: [HLS 200-486] Changing DSP latency (root=add_ln443_2034) to 3 in order to utilize available DSP registers.
INFO: [HLS 200-486] Changing DSP latency (root=add_ln443_2032) to 3 in order to utilize available DSP registers.
INFO: [HLS 200-486] Changing DSP latency (root=add_ln443_2031) to 3 in order to utilize available DSP registers.
INFO: [HLS 200-486] Changing DSP latency (root=add_ln443_2028) to 3 in order to utilize available DSP registers.
INFO: [HLS 200-486] Changing DSP latency (root=add_ln443_2027) to 3 in order to utilize available DSP registers.
INFO: [HLS 200-486] Changing DSP latency (root=add_ln443_2026) to 3 in order to utilize available DSP registers.
INFO: [HLS 200-486] Changing DSP latency (root=add_ln443_2024) to 3 in order to utilize available DSP registers.
INFO: [HLS 200-486] Changing DSP latency (root=add_ln443_2023) to 3 in order to utilize available DSP registers.
INFO: [HLS 200-486] Changing DSP latency (root=add_ln443_2019) to 3 in order to utilize available DSP registers.
INFO: [HLS 200-486] Changing DSP latency (root=add_ln443_2018) to 3 in order to utilize available DSP registers.
INFO: [HLS 200-486] Changing DSP latency (root=add_ln443_2017) to 3 in order to utilize available DSP registers.
INFO: [HLS 200-486] Changing DSP latency (root=add_ln443_2015) to 3 in order to utilize available DSP registers.
INFO: [HLS 200-486] Changing DSP latency (root=add_ln443_2014) to 3 in order to utilize available DSP registers.
INFO: [HLS 200-486] Changing DSP latency (root=add_ln443_2011) to 3 in order to utilize available DSP registers.
INFO: [HLS 200-486] Changing DSP latency (root=add_ln443_2010) to 3 in order to utilize available DSP registers.
INFO: [HLS 200-486] Changing DSP latency (root=add_ln443_2009) to 3 in order to utilize available DSP registers.
INFO: [HLS 200-486] Changing DSP latency (root=add_ln443_2007) to 3 in order to utilize available DSP registers.
INFO: [HLS 200-486] Changing DSP latency (root=add_ln443_2006) to 3 in order to utilize available DSP registers.
INFO: [HLS 200-486] Changing DSP latency (root=add_ln443_2002) to 3 in order to utilize available DSP registers.
INFO: [HLS 200-486] Changing DSP latency (root=add_ln443_2001) to 3 in order to utilize available DSP registers.
INFO: [HLS 200-486] Changing DSP latency (root=add_ln443_2000) to 3 in order to utilize available DSP registers.
INFO: [HLS 200-486] Changing DSP latency (root=add_ln443_1998) to 3 in order to utilize available DSP registers.
INFO: [HLS 200-486] Changing DSP latency (root=add_ln443_1997) to 3 in order to utilize available DSP registers.
INFO: [HLS 200-486] Changing DSP latency (root=add_ln443_1994) to 3 in order to utilize available DSP registers.
INFO: [HLS 200-486] Changing DSP latency (root=add_ln443_1993) to 3 in order to utilize available DSP registers.
INFO: [HLS 200-486] Changing DSP latency (root=add_ln443_1992) to 3 in order to utilize available DSP registers.
INFO: [HLS 200-486] Changing DSP latency (root=add_ln443_1990) to 3 in order to utilize available DSP registers.
INFO: [HLS 200-486] Changing DSP latency (root=add_ln443_1989) to 3 in order to utilize available DSP registers.
INFO: [HLS 200-486] Changing DSP latency (root=add_ln443_1985) to 3 in order to utilize available DSP registers.
INFO: [HLS 200-486] Changing DSP latency (root=add_ln443_1984) to 3 in order to utilize available DSP registers.
INFO: [HLS 200-486] Changing DSP latency (root=add_ln443_1983) to 3 in order to utilize available DSP registers.
INFO: [HLS 200-486] Changing DSP latency (root=add_ln443_1981) to 3 in order to utilize available DSP registers.
INFO: [HLS 200-486] Changing DSP latency (root=add_ln443_1980) to 3 in order to utilize available DSP registers.
INFO: [HLS 200-486] Changing DSP latency (root=add_ln443_1977) to 3 in order to utilize available DSP registers.
INFO: [HLS 200-486] Changing DSP latency (root=add_ln443_1976) to 3 in order to utilize available DSP registers.
INFO: [HLS 200-486] Changing DSP latency (root=add_ln443_1975) to 3 in order to utilize available DSP registers.
INFO: [HLS 200-486] Changing DSP latency (root=add_ln443_1973) to 3 in order to utilize available DSP registers.
INFO: [HLS 200-486] Changing DSP latency (root=add_ln443_1972) to 3 in order to utilize available DSP registers.
INFO: [HLS 200-486] Changing DSP latency (root=add_ln443_1968) to 3 in order to utilize available DSP registers.
INFO: [HLS 200-486] Changing DSP latency (root=add_ln443_1967) to 3 in order to utilize available DSP registers.
INFO: [HLS 200-486] Changing DSP latency (root=add_ln443_1966) to 3 in order to utilize available DSP registers.
INFO: [HLS 200-486] Changing DSP latency (root=add_ln443_1964) to 3 in order to utilize available DSP registers.
INFO: [HLS 200-486] Changing DSP latency (root=add_ln443_1963) to 3 in order to utilize available DSP registers.
INFO: [HLS 200-486] Changing DSP latency (root=add_ln443_1960) to 3 in order to utilize available DSP registers.
INFO: [HLS 200-486] Changing DSP latency (root=add_ln443_1959) to 3 in order to utilize available DSP registers.
INFO: [HLS 200-486] Changing DSP latency (root=add_ln443_1958) to 3 in order to utilize available DSP registers.
INFO: [HLS 200-486] Changing DSP latency (root=add_ln443_1956) to 3 in order to utilize available DSP registers.
INFO: [HLS 200-486] Changing DSP latency (root=add_ln443_1955) to 3 in order to utilize available DSP registers.
INFO: [HLS 200-486] Changing DSP latency (root=add_ln443_1951) to 3 in order to utilize available DSP registers.
INFO: [HLS 200-486] Changing DSP latency (root=add_ln443_1950) to 3 in order to utilize available DSP registers.
INFO: [HLS 200-486] Changing DSP latency (root=add_ln443_1949) to 3 in order to utilize available DSP registers.
INFO: [HLS 200-486] Changing DSP latency (root=add_ln443_1947) to 3 in order to utilize available DSP registers.
INFO: [HLS 200-486] Changing DSP latency (root=add_ln443_1946) to 3 in order to utilize available DSP registers.
INFO: [HLS 200-486] Changing DSP latency (root=add_ln443_1943) to 3 in order to utilize available DSP registers.
INFO: [HLS 200-486] Changing DSP latency (root=add_ln443_1942) to 3 in order to utilize available DSP registers.
INFO: [HLS 200-486] Changing DSP latency (root=add_ln443_1941) to 3 in order to utilize available DSP registers.
INFO: [HLS 200-486] Changing DSP latency (root=add_ln443_1939) to 3 in order to utilize available DSP registers.
INFO: [HLS 200-486] Changing DSP latency (root=add_ln443_1938) to 3 in order to utilize available DSP registers.
INFO: [HLS 200-486] Changing DSP latency (root=add_ln443_1934) to 3 in order to utilize available DSP registers.
INFO: [HLS 200-486] Changing DSP latency (root=add_ln443_1933) to 3 in order to utilize available DSP registers.
INFO: [HLS 200-486] Changing DSP latency (root=add_ln443_1932) to 3 in order to utilize available DSP registers.
INFO: [HLS 200-486] Changing DSP latency (root=add_ln443_1930) to 3 in order to utilize available DSP registers.
INFO: [HLS 200-486] Changing DSP latency (root=add_ln443_1929) to 3 in order to utilize available DSP registers.
INFO: [HLS 200-486] Changing DSP latency (root=add_ln443_1926) to 3 in order to utilize available DSP registers.
INFO: [HLS 200-486] Changing DSP latency (root=add_ln443_1925) to 3 in order to utilize available DSP registers.
INFO: [HLS 200-486] Changing DSP latency (root=add_ln443_1924) to 3 in order to utilize available DSP registers.
INFO: [HLS 200-486] Changing DSP latency (root=add_ln443_1922) to 3 in order to utilize available DSP registers.
INFO: [HLS 200-486] Changing DSP latency (root=add_ln443_1921) to 3 in order to utilize available DSP registers.
INFO: [HLS 200-486] Changing DSP latency (root=add_ln443_1917) to 3 in order to utilize available DSP registers.
INFO: [HLS 200-486] Changing DSP latency (root=add_ln443_1916) to 3 in order to utilize available DSP registers.
INFO: [HLS 200-486] Changing DSP latency (root=add_ln443_1915) to 3 in order to utilize available DSP registers.
INFO: [HLS 200-486] Changing DSP latency (root=add_ln443_1913) to 3 in order to utilize available DSP registers.
INFO: [HLS 200-486] Changing DSP latency (root=add_ln443_1912) to 3 in order to utilize available DSP registers.
INFO: [HLS 200-486] Changing DSP latency (root=add_ln443_1909) to 3 in order to utilize available DSP registers.
INFO: [HLS 200-486] Changing DSP latency (root=add_ln443_1908) to 3 in order to utilize available DSP registers.
INFO: [HLS 200-486] Changing DSP latency (root=add_ln443_1907) to 3 in order to utilize available DSP registers.
INFO: [HLS 200-486] Changing DSP latency (root=add_ln443_1905) to 3 in order to utilize available DSP registers.
INFO: [HLS 200-486] Changing DSP latency (root=add_ln443_1904) to 3 in order to utilize available DSP registers.
INFO: [HLS 200-486] Changing DSP latency (root=add_ln443_1900) to 3 in order to utilize available DSP registers.
INFO: [HLS 200-486] Changing DSP latency (root=add_ln443_1899) to 3 in order to utilize available DSP registers.
INFO: [HLS 200-486] Changing DSP latency (root=add_ln443_1898) to 3 in order to utilize available DSP registers.
INFO: [HLS 200-486] Changing DSP latency (root=add_ln443_1896) to 3 in order to utilize available DSP registers.
INFO: [HLS 200-486] Changing DSP latency (root=add_ln443_1895) to 3 in order to utilize available DSP registers.
INFO: [HLS 200-486] Changing DSP latency (root=add_ln443_1892) to 3 in order to utilize available DSP registers.
INFO: [HLS 200-486] Changing DSP latency (root=add_ln443_1891) to 3 in order to utilize available DSP registers.
INFO: [HLS 200-486] Changing DSP latency (root=add_ln443_1890) to 3 in order to utilize available DSP registers.
INFO: [HLS 200-486] Changing DSP latency (root=add_ln443_1888) to 3 in order to utilize available DSP registers.
INFO: [HLS 200-486] Changing DSP latency (root=add_ln443_1887) to 3 in order to utilize available DSP registers.
INFO: [HLS 200-486] Changing DSP latency (root=add_ln443_1883) to 3 in order to utilize available DSP registers.
INFO: [HLS 200-486] Changing DSP latency (root=add_ln443_1882) to 3 in order to utilize available DSP registers.
INFO: [HLS 200-486] Changing DSP latency (root=add_ln443_1881) to 3 in order to utilize available DSP registers.
INFO: [HLS 200-486] Changing DSP latency (root=add_ln443_1879) to 3 in order to utilize available DSP registers.
INFO: [HLS 200-486] Changing DSP latency (root=add_ln443_1878) to 3 in order to utilize available DSP registers.
INFO: [HLS 200-486] Changing DSP latency (root=add_ln443_1875) to 3 in order to utilize available DSP registers.
INFO: [HLS 200-486] Changing DSP latency (root=add_ln443_1874) to 3 in order to utilize available DSP registers.
INFO: [HLS 200-486] Changing DSP latency (root=add_ln443_1873) to 3 in order to utilize available DSP registers.
INFO: [HLS 200-486] Changing DSP latency (root=add_ln443_1871) to 3 in order to utilize available DSP registers.
INFO: [HLS 200-486] Changing DSP latency (root=add_ln443_1870) to 3 in order to utilize available DSP registers.
INFO: [HLS 200-486] Changing DSP latency (root=add_ln443_1866) to 3 in order to utilize available DSP registers.
INFO: [HLS 200-486] Changing DSP latency (root=add_ln443_1865) to 3 in order to utilize available DSP registers.
INFO: [HLS 200-486] Changing DSP latency (root=add_ln443_1864) to 3 in order to utilize available DSP registers.
INFO: [HLS 200-486] Changing DSP latency (root=add_ln443_1862) to 3 in order to utilize available DSP registers.
INFO: [HLS 200-486] Changing DSP latency (root=add_ln443_1861) to 3 in order to utilize available DSP registers.
INFO: [HLS 200-486] Changing DSP latency (root=add_ln443_1858) to 3 in order to utilize available DSP registers.
INFO: [HLS 200-486] Changing DSP latency (root=add_ln443_1857) to 3 in order to utilize available DSP registers.
INFO: [HLS 200-486] Changing DSP latency (root=add_ln443_1856) to 3 in order to utilize available DSP registers.
INFO: [HLS 200-486] Changing DSP latency (root=add_ln443_1854) to 3 in order to utilize available DSP registers.
INFO: [HLS 200-486] Changing DSP latency (root=add_ln443_1853) to 3 in order to utilize available DSP registers.
INFO: [HLS 200-486] Changing DSP latency (root=add_ln443_1849) to 3 in order to utilize available DSP registers.
INFO: [HLS 200-486] Changing DSP latency (root=add_ln443_1848) to 3 in order to utilize available DSP registers.
INFO: [HLS 200-486] Changing DSP latency (root=add_ln443_1847) to 3 in order to utilize available DSP registers.
INFO: [HLS 200-486] Changing DSP latency (root=add_ln443_1845) to 3 in order to utilize available DSP registers.
INFO: [HLS 200-486] Changing DSP latency (root=add_ln443_1844) to 3 in order to utilize available DSP registers.
INFO: [HLS 200-486] Changing DSP latency (root=add_ln443_1841) to 3 in order to utilize available DSP registers.
INFO: [HLS 200-486] Changing DSP latency (root=add_ln443_1840) to 3 in order to utilize available DSP registers.
INFO: [HLS 200-486] Changing DSP latency (root=add_ln443_1839) to 3 in order to utilize available DSP registers.
INFO: [HLS 200-486] Changing DSP latency (root=add_ln443_1837) to 3 in order to utilize available DSP registers.
INFO: [HLS 200-486] Changing DSP latency (root=add_ln443_1836) to 3 in order to utilize available DSP registers.
INFO: [HLS 200-486] Changing DSP latency (root=add_ln443_1832) to 3 in order to utilize available DSP registers.
INFO: [HLS 200-486] Changing DSP latency (root=add_ln443_1831) to 3 in order to utilize available DSP registers.
INFO: [HLS 200-486] Changing DSP latency (root=add_ln443_1830) to 3 in order to utilize available DSP registers.
INFO: [HLS 200-486] Changing DSP latency (root=add_ln443_1828) to 3 in order to utilize available DSP registers.
INFO: [HLS 200-486] Changing DSP latency (root=add_ln443_1827) to 3 in order to utilize available DSP registers.
INFO: [HLS 200-486] Changing DSP latency (root=add_ln443_1824) to 3 in order to utilize available DSP registers.
INFO: [HLS 200-486] Changing DSP latency (root=add_ln443_1823) to 3 in order to utilize available DSP registers.
INFO: [HLS 200-486] Changing DSP latency (root=add_ln443_1822) to 3 in order to utilize available DSP registers.
INFO: [HLS 200-486] Changing DSP latency (root=add_ln443_1820) to 3 in order to utilize available DSP registers.
INFO: [HLS 200-486] Changing DSP latency (root=add_ln443_1819) to 3 in order to utilize available DSP registers.
INFO: [HLS 200-486] Changing DSP latency (root=add_ln443_1815) to 3 in order to utilize available DSP registers.
INFO: [HLS 200-486] Changing DSP latency (root=add_ln443_1814) to 3 in order to utilize available DSP registers.
INFO: [HLS 200-486] Changing DSP latency (root=add_ln443_1813) to 3 in order to utilize available DSP registers.
INFO: [HLS 200-486] Changing DSP latency (root=add_ln443_1811) to 3 in order to utilize available DSP registers.
INFO: [HLS 200-486] Changing DSP latency (root=add_ln443_1810) to 3 in order to utilize available DSP registers.
INFO: [HLS 200-486] Changing DSP latency (root=add_ln443_1807) to 3 in order to utilize available DSP registers.
INFO: [HLS 200-486] Changing DSP latency (root=add_ln443_1806) to 3 in order to utilize available DSP registers.
INFO: [HLS 200-486] Changing DSP latency (root=add_ln443_1805) to 3 in order to utilize available DSP registers.
INFO: [HLS 200-486] Changing DSP latency (root=add_ln443_1803) to 3 in order to utilize available DSP registers.
INFO: [HLS 200-486] Changing DSP latency (root=add_ln443_1802) to 3 in order to utilize available DSP registers.
INFO: [HLS 200-486] Changing DSP latency (root=add_ln443_1798) to 3 in order to utilize available DSP registers.
INFO: [HLS 200-486] Changing DSP latency (root=add_ln443_1797) to 3 in order to utilize available DSP registers.
INFO: [HLS 200-486] Changing DSP latency (root=add_ln443_1796) to 3 in order to utilize available DSP registers.
INFO: [HLS 200-486] Changing DSP latency (root=add_ln443_1794) to 3 in order to utilize available DSP registers.
INFO: [HLS 200-486] Changing DSP latency (root=add_ln443_1793) to 3 in order to utilize available DSP registers.
INFO: [HLS 200-486] Changing DSP latency (root=add_ln443_1790) to 3 in order to utilize available DSP registers.
INFO: [HLS 200-486] Changing DSP latency (root=add_ln443_1789) to 3 in order to utilize available DSP registers.
INFO: [HLS 200-486] Changing DSP latency (root=add_ln443_1788) to 3 in order to utilize available DSP registers.
INFO: [HLS 200-486] Changing DSP latency (root=add_ln443_1786) to 3 in order to utilize available DSP registers.
INFO: [HLS 200-486] Changing DSP latency (root=add_ln443_1785) to 3 in order to utilize available DSP registers.
INFO: [HLS 200-486] Changing DSP latency (root=add_ln443_1781) to 3 in order to utilize available DSP registers.
INFO: [HLS 200-486] Changing DSP latency (root=add_ln443_1780) to 3 in order to utilize available DSP registers.
INFO: [HLS 200-486] Changing DSP latency (root=add_ln443_1779) to 3 in order to utilize available DSP registers.
INFO: [HLS 200-486] Changing DSP latency (root=add_ln443_1777) to 3 in order to utilize available DSP registers.
INFO: [HLS 200-486] Changing DSP latency (root=add_ln443_1776) to 3 in order to utilize available DSP registers.
INFO: [HLS 200-486] Changing DSP latency (root=add_ln443_1773) to 3 in order to utilize available DSP registers.
INFO: [HLS 200-486] Changing DSP latency (root=add_ln443_1772) to 3 in order to utilize available DSP registers.
INFO: [HLS 200-486] Changing DSP latency (root=add_ln443_1771) to 3 in order to utilize available DSP registers.
INFO: [HLS 200-486] Changing DSP latency (root=add_ln443_1769) to 3 in order to utilize available DSP registers.
INFO: [HLS 200-486] Changing DSP latency (root=add_ln443_1768) to 3 in order to utilize available DSP registers.
INFO: [HLS 200-486] Changing DSP latency (root=add_ln443_1764) to 3 in order to utilize available DSP registers.
INFO: [HLS 200-486] Changing DSP latency (root=add_ln443_1763) to 3 in order to utilize available DSP registers.
INFO: [HLS 200-486] Changing DSP latency (root=add_ln443_1762) to 3 in order to utilize available DSP registers.
INFO: [HLS 200-486] Changing DSP latency (root=add_ln443_1760) to 3 in order to utilize available DSP registers.
INFO: [HLS 200-486] Changing DSP latency (root=add_ln443_1759) to 3 in order to utilize available DSP registers.
INFO: [HLS 200-486] Changing DSP latency (root=add_ln443_1756) to 3 in order to utilize available DSP registers.
INFO: [HLS 200-486] Changing DSP latency (root=add_ln443_1755) to 3 in order to utilize available DSP registers.
INFO: [HLS 200-486] Changing DSP latency (root=add_ln443_1754) to 3 in order to utilize available DSP registers.
INFO: [HLS 200-486] Changing DSP latency (root=add_ln443_1752) to 3 in order to utilize available DSP registers.
INFO: [HLS 200-486] Changing DSP latency (root=add_ln443_1751) to 3 in order to utilize available DSP registers.
INFO: [HLS 200-486] Changing DSP latency (root=add_ln443_1747) to 3 in order to utilize available DSP registers.
INFO: [HLS 200-486] Changing DSP latency (root=add_ln443_1746) to 3 in order to utilize available DSP registers.
INFO: [HLS 200-486] Changing DSP latency (root=add_ln443_1745) to 3 in order to utilize available DSP registers.
INFO: [HLS 200-486] Changing DSP latency (root=add_ln443_1743) to 3 in order to utilize available DSP registers.
INFO: [HLS 200-486] Changing DSP latency (root=add_ln443_1742) to 3 in order to utilize available DSP registers.
INFO: [HLS 200-486] Changing DSP latency (root=add_ln443_1739) to 3 in order to utilize available DSP registers.
INFO: [HLS 200-486] Changing DSP latency (root=add_ln443_1738) to 3 in order to utilize available DSP registers.
INFO: [HLS 200-486] Changing DSP latency (root=add_ln443_1737) to 3 in order to utilize available DSP registers.
INFO: [HLS 200-486] Changing DSP latency (root=add_ln443_1735) to 3 in order to utilize available DSP registers.
INFO: [HLS 200-486] Changing DSP latency (root=add_ln443_1734) to 3 in order to utilize available DSP registers.
INFO: [HLS 200-486] Changing DSP latency (root=add_ln443_1730) to 3 in order to utilize available DSP registers.
INFO: [HLS 200-486] Changing DSP latency (root=add_ln443_1729) to 3 in order to utilize available DSP registers.
INFO: [HLS 200-486] Changing DSP latency (root=add_ln443_1728) to 3 in order to utilize available DSP registers.
INFO: [HLS 200-486] Changing DSP latency (root=add_ln443_1726) to 3 in order to utilize available DSP registers.
INFO: [HLS 200-486] Changing DSP latency (root=add_ln443_1725) to 3 in order to utilize available DSP registers.
INFO: [HLS 200-486] Changing DSP latency (root=add_ln443_1722) to 3 in order to utilize available DSP registers.
INFO: [HLS 200-486] Changing DSP latency (root=add_ln443_1721) to 3 in order to utilize available DSP registers.
INFO: [HLS 200-486] Changing DSP latency (root=add_ln443_1720) to 3 in order to utilize available DSP registers.
INFO: [HLS 200-486] Changing DSP latency (root=add_ln443_1718) to 3 in order to utilize available DSP registers.
INFO: [HLS 200-486] Changing DSP latency (root=add_ln443_1717) to 3 in order to utilize available DSP registers.
INFO: [HLS 200-486] Changing DSP latency (root=add_ln443_1713) to 3 in order to utilize available DSP registers.
INFO: [HLS 200-486] Changing DSP latency (root=add_ln443_1712) to 3 in order to utilize available DSP registers.
INFO: [HLS 200-486] Changing DSP latency (root=add_ln443_1711) to 3 in order to utilize available DSP registers.
INFO: [HLS 200-486] Changing DSP latency (root=add_ln443_1709) to 3 in order to utilize available DSP registers.
INFO: [HLS 200-486] Changing DSP latency (root=add_ln443_1708) to 3 in order to utilize available DSP registers.
INFO: [HLS 200-486] Changing DSP latency (root=add_ln443_1705) to 3 in order to utilize available DSP registers.
INFO: [HLS 200-486] Changing DSP latency (root=add_ln443_1704) to 3 in order to utilize available DSP registers.
INFO: [HLS 200-486] Changing DSP latency (root=add_ln443_1703) to 3 in order to utilize available DSP registers.
INFO: [HLS 200-486] Changing DSP latency (root=add_ln443_1701) to 3 in order to utilize available DSP registers.
INFO: [HLS 200-486] Changing DSP latency (root=add_ln443_1700) to 3 in order to utilize available DSP registers.
INFO: [HLS 200-486] Changing DSP latency (root=add_ln443_1696) to 3 in order to utilize available DSP registers.
INFO: [HLS 200-486] Changing DSP latency (root=add_ln443_1695) to 3 in order to utilize available DSP registers.
INFO: [HLS 200-486] Changing DSP latency (root=add_ln443_1694) to 3 in order to utilize available DSP registers.
INFO: [HLS 200-486] Changing DSP latency (root=add_ln443_1692) to 3 in order to utilize available DSP registers.
INFO: [HLS 200-486] Changing DSP latency (root=add_ln443_1691) to 3 in order to utilize available DSP registers.
INFO: [HLS 200-486] Changing DSP latency (root=add_ln443_1688) to 3 in order to utilize available DSP registers.
INFO: [HLS 200-486] Changing DSP latency (root=add_ln443_1687) to 3 in order to utilize available DSP registers.
INFO: [HLS 200-486] Changing DSP latency (root=add_ln443_1686) to 3 in order to utilize available DSP registers.
INFO: [HLS 200-486] Changing DSP latency (root=add_ln443_1684) to 3 in order to utilize available DSP registers.
INFO: [HLS 200-486] Changing DSP latency (root=add_ln443_1683) to 3 in order to utilize available DSP registers.
INFO: [HLS 200-486] Changing DSP latency (root=add_ln443_1679) to 3 in order to utilize available DSP registers.
INFO: [HLS 200-486] Changing DSP latency (root=add_ln443_1678) to 3 in order to utilize available DSP registers.
INFO: [HLS 200-486] Changing DSP latency (root=add_ln443_1677) to 3 in order to utilize available DSP registers.
INFO: [HLS 200-486] Changing DSP latency (root=add_ln443_1675) to 3 in order to utilize available DSP registers.
INFO: [HLS 200-486] Changing DSP latency (root=add_ln443_1674) to 3 in order to utilize available DSP registers.
INFO: [HLS 200-486] Changing DSP latency (root=add_ln443_1671) to 3 in order to utilize available DSP registers.
INFO: [HLS 200-486] Changing DSP latency (root=add_ln443_1670) to 3 in order to utilize available DSP registers.
INFO: [HLS 200-486] Changing DSP latency (root=add_ln443_1669) to 3 in order to utilize available DSP registers.
INFO: [HLS 200-486] Changing DSP latency (root=add_ln443_1667) to 3 in order to utilize available DSP registers.
INFO: [HLS 200-486] Changing DSP latency (root=add_ln443_1666) to 3 in order to utilize available DSP registers.
INFO: [HLS 200-486] Changing DSP latency (root=add_ln443_1662) to 3 in order to utilize available DSP registers.
INFO: [HLS 200-486] Changing DSP latency (root=add_ln443_1661) to 3 in order to utilize available DSP registers.
INFO: [HLS 200-486] Changing DSP latency (root=add_ln443_1660) to 3 in order to utilize available DSP registers.
INFO: [HLS 200-486] Changing DSP latency (root=add_ln443_1658) to 3 in order to utilize available DSP registers.
INFO: [HLS 200-486] Changing DSP latency (root=add_ln443_1657) to 3 in order to utilize available DSP registers.
INFO: [HLS 200-486] Changing DSP latency (root=add_ln443_1654) to 3 in order to utilize available DSP registers.
INFO: [HLS 200-486] Changing DSP latency (root=add_ln443_1653) to 3 in order to utilize available DSP registers.
INFO: [HLS 200-486] Changing DSP latency (root=add_ln443_1652) to 3 in order to utilize available DSP registers.
INFO: [HLS 200-486] Changing DSP latency (root=add_ln443_1650) to 3 in order to utilize available DSP registers.
INFO: [HLS 200-486] Changing DSP latency (root=add_ln443_1649) to 3 in order to utilize available DSP registers.
INFO: [HLS 200-486] Changing DSP latency (root=add_ln443_1645) to 3 in order to utilize available DSP registers.
INFO: [HLS 200-486] Changing DSP latency (root=add_ln443_1644) to 3 in order to utilize available DSP registers.
INFO: [HLS 200-486] Changing DSP latency (root=add_ln443_1643) to 3 in order to utilize available DSP registers.
INFO: [HLS 200-486] Changing DSP latency (root=add_ln443_1641) to 3 in order to utilize available DSP registers.
INFO: [HLS 200-486] Changing DSP latency (root=add_ln443_1640) to 3 in order to utilize available DSP registers.
INFO: [HLS 200-486] Changing DSP latency (root=add_ln443_1637) to 3 in order to utilize available DSP registers.
INFO: [HLS 200-486] Changing DSP latency (root=add_ln443_1636) to 3 in order to utilize available DSP registers.
INFO: [HLS 200-486] Changing DSP latency (root=add_ln443_1635) to 3 in order to utilize available DSP registers.
INFO: [HLS 200-486] Changing DSP latency (root=add_ln443_1633) to 3 in order to utilize available DSP registers.
INFO: [HLS 200-486] Changing DSP latency (root=add_ln443_1632) to 3 in order to utilize available DSP registers.
INFO: [HLS 200-486] Changing DSP latency (root=add_ln443_1628) to 3 in order to utilize available DSP registers.
INFO: [HLS 200-486] Changing DSP latency (root=add_ln443_1627) to 3 in order to utilize available DSP registers.
INFO: [HLS 200-486] Changing DSP latency (root=add_ln443_1626) to 3 in order to utilize available DSP registers.
INFO: [HLS 200-486] Changing DSP latency (root=add_ln443_1624) to 3 in order to utilize available DSP registers.
INFO: [HLS 200-486] Changing DSP latency (root=add_ln443_1623) to 3 in order to utilize available DSP registers.
INFO: [HLS 200-486] Changing DSP latency (root=add_ln443_1620) to 3 in order to utilize available DSP registers.
INFO: [HLS 200-486] Changing DSP latency (root=add_ln443_1619) to 3 in order to utilize available DSP registers.
INFO: [HLS 200-486] Changing DSP latency (root=add_ln443_1618) to 3 in order to utilize available DSP registers.
INFO: [HLS 200-486] Changing DSP latency (root=add_ln443_1616) to 3 in order to utilize available DSP registers.
INFO: [HLS 200-486] Changing DSP latency (root=add_ln443_1615) to 3 in order to utilize available DSP registers.
INFO: [HLS 200-486] Changing DSP latency (root=add_ln443_1611) to 3 in order to utilize available DSP registers.
INFO: [HLS 200-486] Changing DSP latency (root=add_ln443_1610) to 3 in order to utilize available DSP registers.
INFO: [HLS 200-486] Changing DSP latency (root=add_ln443_1609) to 3 in order to utilize available DSP registers.
INFO: [HLS 200-486] Changing DSP latency (root=add_ln443_1607) to 3 in order to utilize available DSP registers.
INFO: [HLS 200-486] Changing DSP latency (root=add_ln443_1606) to 3 in order to utilize available DSP registers.
INFO: [HLS 200-486] Changing DSP latency (root=add_ln443_1603) to 3 in order to utilize available DSP registers.
INFO: [HLS 200-486] Changing DSP latency (root=add_ln443_1602) to 3 in order to utilize available DSP registers.
INFO: [HLS 200-486] Changing DSP latency (root=add_ln443_1601) to 3 in order to utilize available DSP registers.
INFO: [HLS 200-486] Changing DSP latency (root=add_ln443_1599) to 3 in order to utilize available DSP registers.
INFO: [HLS 200-486] Changing DSP latency (root=add_ln443_1598) to 3 in order to utilize available DSP registers.
INFO: [HLS 200-486] Changing DSP latency (root=add_ln443_1594) to 3 in order to utilize available DSP registers.
INFO: [HLS 200-486] Changing DSP latency (root=add_ln443_1593) to 3 in order to utilize available DSP registers.
INFO: [HLS 200-486] Changing DSP latency (root=add_ln443_1592) to 3 in order to utilize available DSP registers.
INFO: [HLS 200-486] Changing DSP latency (root=add_ln443_1590) to 3 in order to utilize available DSP registers.
INFO: [HLS 200-486] Changing DSP latency (root=add_ln443_1589) to 3 in order to utilize available DSP registers.
INFO: [HLS 200-486] Changing DSP latency (root=add_ln443_1586) to 3 in order to utilize available DSP registers.
INFO: [HLS 200-486] Changing DSP latency (root=add_ln443_1585) to 3 in order to utilize available DSP registers.
INFO: [HLS 200-486] Changing DSP latency (root=add_ln443_1584) to 3 in order to utilize available DSP registers.
INFO: [HLS 200-486] Changing DSP latency (root=add_ln443_1582) to 3 in order to utilize available DSP registers.
INFO: [HLS 200-486] Changing DSP latency (root=add_ln443_1581) to 3 in order to utilize available DSP registers.
INFO: [HLS 200-486] Changing DSP latency (root=add_ln443_1577) to 3 in order to utilize available DSP registers.
INFO: [HLS 200-486] Changing DSP latency (root=add_ln443_1576) to 3 in order to utilize available DSP registers.
INFO: [HLS 200-486] Changing DSP latency (root=add_ln443_1575) to 3 in order to utilize available DSP registers.
INFO: [HLS 200-486] Changing DSP latency (root=add_ln443_1573) to 3 in order to utilize available DSP registers.
INFO: [HLS 200-486] Changing DSP latency (root=add_ln443_1572) to 3 in order to utilize available DSP registers.
INFO: [HLS 200-486] Changing DSP latency (root=add_ln443_1569) to 3 in order to utilize available DSP registers.
INFO: [HLS 200-486] Changing DSP latency (root=add_ln443_1568) to 3 in order to utilize available DSP registers.
INFO: [HLS 200-486] Changing DSP latency (root=add_ln443_1567) to 3 in order to utilize available DSP registers.
INFO: [HLS 200-486] Changing DSP latency (root=add_ln443_1565) to 3 in order to utilize available DSP registers.
INFO: [HLS 200-486] Changing DSP latency (root=add_ln443_1564) to 3 in order to utilize available DSP registers.
INFO: [HLS 200-486] Changing DSP latency (root=add_ln443_1560) to 3 in order to utilize available DSP registers.
INFO: [HLS 200-486] Changing DSP latency (root=add_ln443_1559) to 3 in order to utilize available DSP registers.
INFO: [HLS 200-486] Changing DSP latency (root=add_ln443_1558) to 3 in order to utilize available DSP registers.
INFO: [HLS 200-486] Changing DSP latency (root=add_ln443_1556) to 3 in order to utilize available DSP registers.
INFO: [HLS 200-486] Changing DSP latency (root=add_ln443_1555) to 3 in order to utilize available DSP registers.
INFO: [HLS 200-486] Changing DSP latency (root=add_ln443_1552) to 3 in order to utilize available DSP registers.
INFO: [HLS 200-486] Changing DSP latency (root=add_ln443_1551) to 3 in order to utilize available DSP registers.
INFO: [HLS 200-486] Changing DSP latency (root=add_ln443_1550) to 3 in order to utilize available DSP registers.
INFO: [HLS 200-486] Changing DSP latency (root=add_ln443_1548) to 3 in order to utilize available DSP registers.
INFO: [HLS 200-486] Changing DSP latency (root=add_ln443_1547) to 3 in order to utilize available DSP registers.
INFO: [HLS 200-486] Changing DSP latency (root=add_ln443_1543) to 3 in order to utilize available DSP registers.
INFO: [HLS 200-486] Changing DSP latency (root=add_ln443_1542) to 3 in order to utilize available DSP registers.
INFO: [HLS 200-486] Changing DSP latency (root=add_ln443_1541) to 3 in order to utilize available DSP registers.
INFO: [HLS 200-486] Changing DSP latency (root=add_ln443_1539) to 3 in order to utilize available DSP registers.
INFO: [HLS 200-486] Changing DSP latency (root=add_ln443_1538) to 3 in order to utilize available DSP registers.
INFO: [HLS 200-486] Changing DSP latency (root=add_ln443_1535) to 3 in order to utilize available DSP registers.
INFO: [HLS 200-486] Changing DSP latency (root=add_ln443_1534) to 3 in order to utilize available DSP registers.
INFO: [HLS 200-486] Changing DSP latency (root=add_ln443_1533) to 3 in order to utilize available DSP registers.
INFO: [HLS 200-486] Changing DSP latency (root=add_ln443_1531) to 3 in order to utilize available DSP registers.
INFO: [HLS 200-486] Changing DSP latency (root=add_ln443_1530) to 3 in order to utilize available DSP registers.
INFO: [HLS 200-486] Changing DSP latency (root=add_ln443_1526) to 3 in order to utilize available DSP registers.
INFO: [HLS 200-486] Changing DSP latency (root=add_ln443_1525) to 3 in order to utilize available DSP registers.
INFO: [HLS 200-486] Changing DSP latency (root=add_ln443_1524) to 3 in order to utilize available DSP registers.
INFO: [HLS 200-486] Changing DSP latency (root=add_ln443_1522) to 3 in order to utilize available DSP registers.
INFO: [HLS 200-486] Changing DSP latency (root=add_ln443_1521) to 3 in order to utilize available DSP registers.
INFO: [HLS 200-486] Changing DSP latency (root=add_ln443_1518) to 3 in order to utilize available DSP registers.
INFO: [HLS 200-486] Changing DSP latency (root=add_ln443_1517) to 3 in order to utilize available DSP registers.
INFO: [HLS 200-486] Changing DSP latency (root=add_ln443_1516) to 3 in order to utilize available DSP registers.
INFO: [HLS 200-486] Changing DSP latency (root=add_ln443_1514) to 3 in order to utilize available DSP registers.
INFO: [HLS 200-486] Changing DSP latency (root=add_ln443_1513) to 3 in order to utilize available DSP registers.
INFO: [HLS 200-486] Changing DSP latency (root=add_ln443_1509) to 3 in order to utilize available DSP registers.
INFO: [HLS 200-486] Changing DSP latency (root=add_ln443_1508) to 3 in order to utilize available DSP registers.
INFO: [HLS 200-486] Changing DSP latency (root=add_ln443_1507) to 3 in order to utilize available DSP registers.
INFO: [HLS 200-486] Changing DSP latency (root=add_ln443_1505) to 3 in order to utilize available DSP registers.
INFO: [HLS 200-486] Changing DSP latency (root=add_ln443_1504) to 3 in order to utilize available DSP registers.
INFO: [HLS 200-486] Changing DSP latency (root=add_ln443_1501) to 3 in order to utilize available DSP registers.
INFO: [HLS 200-486] Changing DSP latency (root=add_ln443_1500) to 3 in order to utilize available DSP registers.
INFO: [HLS 200-486] Changing DSP latency (root=add_ln443_1499) to 3 in order to utilize available DSP registers.
INFO: [HLS 200-486] Changing DSP latency (root=add_ln443_1497) to 3 in order to utilize available DSP registers.
INFO: [HLS 200-486] Changing DSP latency (root=add_ln443_1496) to 3 in order to utilize available DSP registers.
INFO: [HLS 200-486] Changing DSP latency (root=add_ln443_1492) to 3 in order to utilize available DSP registers.
INFO: [HLS 200-486] Changing DSP latency (root=add_ln443_1491) to 3 in order to utilize available DSP registers.
INFO: [HLS 200-486] Changing DSP latency (root=add_ln443_1490) to 3 in order to utilize available DSP registers.
INFO: [HLS 200-486] Changing DSP latency (root=add_ln443_1488) to 3 in order to utilize available DSP registers.
INFO: [HLS 200-486] Changing DSP latency (root=add_ln443_1487) to 3 in order to utilize available DSP registers.
INFO: [HLS 200-486] Changing DSP latency (root=add_ln443_1484) to 3 in order to utilize available DSP registers.
INFO: [HLS 200-486] Changing DSP latency (root=add_ln443_1483) to 3 in order to utilize available DSP registers.
INFO: [HLS 200-486] Changing DSP latency (root=add_ln443_1482) to 3 in order to utilize available DSP registers.
INFO: [HLS 200-486] Changing DSP latency (root=add_ln443_1480) to 3 in order to utilize available DSP registers.
INFO: [HLS 200-486] Changing DSP latency (root=add_ln443_1479) to 3 in order to utilize available DSP registers.
INFO: [HLS 200-486] Changing DSP latency (root=add_ln443_1475) to 3 in order to utilize available DSP registers.
INFO: [HLS 200-486] Changing DSP latency (root=add_ln443_1474) to 3 in order to utilize available DSP registers.
INFO: [HLS 200-486] Changing DSP latency (root=add_ln443_1473) to 3 in order to utilize available DSP registers.
INFO: [HLS 200-486] Changing DSP latency (root=add_ln443_1471) to 3 in order to utilize available DSP registers.
INFO: [HLS 200-486] Changing DSP latency (root=add_ln443_1470) to 3 in order to utilize available DSP registers.
INFO: [HLS 200-486] Changing DSP latency (root=add_ln443_1467) to 3 in order to utilize available DSP registers.
INFO: [HLS 200-486] Changing DSP latency (root=add_ln443_1466) to 3 in order to utilize available DSP registers.
INFO: [HLS 200-486] Changing DSP latency (root=add_ln443_1465) to 3 in order to utilize available DSP registers.
INFO: [HLS 200-486] Changing DSP latency (root=add_ln443_1463) to 3 in order to utilize available DSP registers.
INFO: [HLS 200-486] Changing DSP latency (root=add_ln443_1462) to 3 in order to utilize available DSP registers.
INFO: [HLS 200-486] Changing DSP latency (root=add_ln443_1458) to 3 in order to utilize available DSP registers.
INFO: [HLS 200-486] Changing DSP latency (root=add_ln443_1457) to 3 in order to utilize available DSP registers.
INFO: [HLS 200-486] Changing DSP latency (root=add_ln443_1456) to 3 in order to utilize available DSP registers.
INFO: [HLS 200-486] Changing DSP latency (root=add_ln443_1454) to 3 in order to utilize available DSP registers.
INFO: [HLS 200-486] Changing DSP latency (root=add_ln443_1453) to 3 in order to utilize available DSP registers.
INFO: [HLS 200-486] Changing DSP latency (root=add_ln443_1450) to 3 in order to utilize available DSP registers.
INFO: [HLS 200-486] Changing DSP latency (root=add_ln443_1449) to 3 in order to utilize available DSP registers.
INFO: [HLS 200-486] Changing DSP latency (root=add_ln443_1448) to 3 in order to utilize available DSP registers.
INFO: [HLS 200-486] Changing DSP latency (root=add_ln443_1446) to 3 in order to utilize available DSP registers.
INFO: [HLS 200-486] Changing DSP latency (root=add_ln443_1445) to 3 in order to utilize available DSP registers.
INFO: [HLS 200-486] Changing DSP latency (root=add_ln443_1441) to 3 in order to utilize available DSP registers.
INFO: [HLS 200-486] Changing DSP latency (root=add_ln443_1440) to 3 in order to utilize available DSP registers.
INFO: [HLS 200-486] Changing DSP latency (root=add_ln443_1439) to 3 in order to utilize available DSP registers.
INFO: [HLS 200-486] Changing DSP latency (root=add_ln443_1437) to 3 in order to utilize available DSP registers.
INFO: [HLS 200-486] Changing DSP latency (root=add_ln443_1436) to 3 in order to utilize available DSP registers.
INFO: [HLS 200-486] Changing DSP latency (root=add_ln443_1433) to 3 in order to utilize available DSP registers.
INFO: [HLS 200-486] Changing DSP latency (root=add_ln443_1432) to 3 in order to utilize available DSP registers.
INFO: [HLS 200-486] Changing DSP latency (root=add_ln443_1431) to 3 in order to utilize available DSP registers.
INFO: [HLS 200-486] Changing DSP latency (root=add_ln443_1429) to 3 in order to utilize available DSP registers.
INFO: [HLS 200-486] Changing DSP latency (root=add_ln443_1428) to 3 in order to utilize available DSP registers.
INFO: [HLS 200-486] Changing DSP latency (root=add_ln443_1424) to 3 in order to utilize available DSP registers.
INFO: [HLS 200-486] Changing DSP latency (root=add_ln443_1423) to 3 in order to utilize available DSP registers.
INFO: [HLS 200-486] Changing DSP latency (root=add_ln443_1422) to 3 in order to utilize available DSP registers.
INFO: [HLS 200-486] Changing DSP latency (root=add_ln443_1420) to 3 in order to utilize available DSP registers.
INFO: [HLS 200-486] Changing DSP latency (root=add_ln443_1419) to 3 in order to utilize available DSP registers.
INFO: [HLS 200-486] Changing DSP latency (root=add_ln443_1416) to 3 in order to utilize available DSP registers.
INFO: [HLS 200-486] Changing DSP latency (root=add_ln443_1415) to 3 in order to utilize available DSP registers.
INFO: [HLS 200-486] Changing DSP latency (root=add_ln443_1414) to 3 in order to utilize available DSP registers.
INFO: [HLS 200-486] Changing DSP latency (root=add_ln443_1412) to 3 in order to utilize available DSP registers.
INFO: [HLS 200-486] Changing DSP latency (root=add_ln443_1411) to 3 in order to utilize available DSP registers.
INFO: [HLS 200-486] Changing DSP latency (root=add_ln443_1407) to 3 in order to utilize available DSP registers.
INFO: [HLS 200-486] Changing DSP latency (root=add_ln443_1406) to 3 in order to utilize available DSP registers.
INFO: [HLS 200-486] Changing DSP latency (root=add_ln443_1405) to 3 in order to utilize available DSP registers.
INFO: [HLS 200-486] Changing DSP latency (root=add_ln443_1403) to 3 in order to utilize available DSP registers.
INFO: [HLS 200-486] Changing DSP latency (root=add_ln443_1402) to 3 in order to utilize available DSP registers.
INFO: [HLS 200-486] Changing DSP latency (root=add_ln443_1399) to 3 in order to utilize available DSP registers.
INFO: [HLS 200-486] Changing DSP latency (root=add_ln443_1398) to 3 in order to utilize available DSP registers.
INFO: [HLS 200-486] Changing DSP latency (root=add_ln443_1397) to 3 in order to utilize available DSP registers.
INFO: [HLS 200-486] Changing DSP latency (root=add_ln443_1395) to 3 in order to utilize available DSP registers.
INFO: [HLS 200-486] Changing DSP latency (root=add_ln443_1394) to 3 in order to utilize available DSP registers.
INFO: [HLS 200-486] Changing DSP latency (root=add_ln443_1390) to 3 in order to utilize available DSP registers.
INFO: [HLS 200-486] Changing DSP latency (root=add_ln443_1389) to 3 in order to utilize available DSP registers.
INFO: [HLS 200-486] Changing DSP latency (root=add_ln443_1388) to 3 in order to utilize available DSP registers.
INFO: [HLS 200-486] Changing DSP latency (root=add_ln443_1386) to 3 in order to utilize available DSP registers.
INFO: [HLS 200-486] Changing DSP latency (root=add_ln443_1385) to 3 in order to utilize available DSP registers.
INFO: [HLS 200-486] Changing DSP latency (root=add_ln443_1382) to 3 in order to utilize available DSP registers.
INFO: [HLS 200-486] Changing DSP latency (root=add_ln443_1381) to 3 in order to utilize available DSP registers.
INFO: [HLS 200-486] Changing DSP latency (root=add_ln443_1380) to 3 in order to utilize available DSP registers.
INFO: [HLS 200-486] Changing DSP latency (root=add_ln443_1378) to 3 in order to utilize available DSP registers.
INFO: [HLS 200-486] Changing DSP latency (root=add_ln443_1377) to 3 in order to utilize available DSP registers.
INFO: [HLS 200-486] Changing DSP latency (root=add_ln443_1373) to 3 in order to utilize available DSP registers.
INFO: [HLS 200-486] Changing DSP latency (root=add_ln443_1372) to 3 in order to utilize available DSP registers.
INFO: [HLS 200-486] Changing DSP latency (root=add_ln443_1371) to 3 in order to utilize available DSP registers.
INFO: [HLS 200-486] Changing DSP latency (root=add_ln443_1369) to 3 in order to utilize available DSP registers.
INFO: [HLS 200-486] Changing DSP latency (root=add_ln443_1368) to 3 in order to utilize available DSP registers.
INFO: [HLS 200-486] Changing DSP latency (root=add_ln443_1365) to 3 in order to utilize available DSP registers.
INFO: [HLS 200-486] Changing DSP latency (root=add_ln443_1364) to 3 in order to utilize available DSP registers.
INFO: [HLS 200-486] Changing DSP latency (root=add_ln443_1363) to 3 in order to utilize available DSP registers.
INFO: [HLS 200-486] Changing DSP latency (root=add_ln443_1361) to 3 in order to utilize available DSP registers.
INFO: [HLS 200-486] Changing DSP latency (root=add_ln443_1360) to 3 in order to utilize available DSP registers.
INFO: [HLS 200-486] Changing DSP latency (root=add_ln443_1356) to 3 in order to utilize available DSP registers.
INFO: [HLS 200-486] Changing DSP latency (root=add_ln443_1355) to 3 in order to utilize available DSP registers.
INFO: [HLS 200-486] Changing DSP latency (root=add_ln443_1354) to 3 in order to utilize available DSP registers.
INFO: [HLS 200-486] Changing DSP latency (root=add_ln443_1352) to 3 in order to utilize available DSP registers.
INFO: [HLS 200-486] Changing DSP latency (root=add_ln443_1351) to 3 in order to utilize available DSP registers.
INFO: [HLS 200-486] Changing DSP latency (root=add_ln443_1348) to 3 in order to utilize available DSP registers.
INFO: [HLS 200-486] Changing DSP latency (root=add_ln443_1347) to 3 in order to utilize available DSP registers.
INFO: [HLS 200-486] Changing DSP latency (root=add_ln443_1346) to 3 in order to utilize available DSP registers.
INFO: [HLS 200-486] Changing DSP latency (root=add_ln443_1344) to 3 in order to utilize available DSP registers.
INFO: [HLS 200-486] Changing DSP latency (root=add_ln443) to 3 in order to utilize available DSP registers.
INFO: [SCHED 204-61] Pipelining function 'complete_frontend_domain<1, 8, 16, 24>'.
INFO: [HLS 200-1470] Pipelining result : Target II = 1, Final II = 1, Depth = 19, function 'complete_frontend_domain<1, 8, 16, 24>'
INFO: [SCHED 204-11] Finished scheduling.
INFO: [HLS 200-111] Finished Scheduling: CPU user time: 15.5 seconds. CPU system time: 0.1 seconds. Elapsed time: 17.1 seconds; current allocated memory: 1.704 GB.
INFO: [BIND 205-100] Starting micro-architecture generation ...
INFO: [BIND 205-101] Performing variable lifetime analysis.
INFO: [BIND 205-101] Exploring resource sharing.
INFO: [BIND 205-101] Binding ...
INFO: [BIND 205-100] Finished micro-architecture generation.
INFO: [HLS 200-111] Finished Binding: CPU user time: 5.19 seconds. CPU system time: 0.04 seconds. Elapsed time: 6.34 seconds; current allocated memory: 1.720 GB.
INFO: [HLS 200-10] ----------------------------------------------------------------
INFO: [HLS 200-42] -- Implementing module 'aggregate2_local_group_0_2_8_24_s' 
INFO: [HLS 200-10] ----------------------------------------------------------------
INFO: [SCHED 204-11] Starting scheduling ...
INFO: [SCHED 204-61] Pipelining function 'aggregate2_local_group<0, 2, 8, 24>'.
INFO: [HLS 200-1470] Pipelining result : Target II = 1, Final II = 1, Depth = 8, function 'aggregate2_local_group<0, 2, 8, 24>'
INFO: [SCHED 204-11] Finished scheduling.
INFO: [HLS 200-111] Finished Scheduling: CPU user time: 3.17 seconds. CPU system time: 0.04 seconds. Elapsed time: 4.67 seconds; current allocated memory: 1.720 GB.
INFO: [BIND 205-100] Starting micro-architecture generation ...
INFO: [BIND 205-101] Performing variable lifetime analysis.
INFO: [BIND 205-101] Exploring resource sharing.
INFO: [BIND 205-101] Binding ...
INFO: [BIND 205-100] Finished micro-architecture generation.
INFO: [HLS 200-111] Finished Binding: CPU user time: 0.19 seconds. CPU system time: 0 seconds. Elapsed time: 0.37 seconds; current allocated memory: 1.720 GB.
INFO: [HLS 200-10] ----------------------------------------------------------------
INFO: [HLS 200-42] -- Implementing module 'aggregate2_local_group_2_2_8_24_s' 
INFO: [HLS 200-10] ----------------------------------------------------------------
INFO: [SCHED 204-11] Starting scheduling ...
INFO: [SCHED 204-61] Pipelining function 'aggregate2_local_group<2, 2, 8, 24>'.
INFO: [HLS 200-1470] Pipelining result : Target II = 1, Final II = 1, Depth = 8, function 'aggregate2_local_group<2, 2, 8, 24>'
INFO: [SCHED 204-11] Finished scheduling.
INFO: [HLS 200-111] Finished Scheduling: CPU user time: 1.15 seconds. CPU system time: 0.01 seconds. Elapsed time: 1.36 seconds; current allocated memory: 1.720 GB.
INFO: [BIND 205-100] Starting micro-architecture generation ...
INFO: [BIND 205-101] Performing variable lifetime analysis.
INFO: [BIND 205-101] Exploring resource sharing.
INFO: [BIND 205-101] Binding ...
INFO: [BIND 205-100] Finished micro-architecture generation.
INFO: [HLS 200-111] Finished Binding: CPU user time: 0.18 seconds. CPU system time: 0 seconds. Elapsed time: 0.34 seconds; current allocated memory: 1.720 GB.
INFO: [HLS 200-10] ----------------------------------------------------------------
INFO: [HLS 200-42] -- Implementing module 'aggregate2_local_group_4_2_8_24_s' 
INFO: [HLS 200-10] ----------------------------------------------------------------
INFO: [SCHED 204-11] Starting scheduling ...
INFO: [SCHED 204-61] Pipelining function 'aggregate2_local_group<4, 2, 8, 24>'.
INFO: [HLS 200-1470] Pipelining result : Target II = 1, Final II = 1, Depth = 8, function 'aggregate2_local_group<4, 2, 8, 24>'
INFO: [SCHED 204-11] Finished scheduling.
INFO: [HLS 200-111] Finished Scheduling: CPU user time: 1.16 seconds. CPU system time: 0.01 seconds. Elapsed time: 1.36 seconds; current allocated memory: 1.720 GB.
INFO: [BIND 205-100] Starting micro-architecture generation ...
INFO: [BIND 205-101] Performing variable lifetime analysis.
INFO: [BIND 205-101] Exploring resource sharing.
INFO: [BIND 205-101] Binding ...
INFO: [BIND 205-100] Finished micro-architecture generation.
INFO: [HLS 200-111] Finished Binding: CPU user time: 0.18 seconds. CPU system time: 0 seconds. Elapsed time: 0.34 seconds; current allocated memory: 1.720 GB.
INFO: [HLS 200-10] ----------------------------------------------------------------
INFO: [HLS 200-42] -- Implementing module 'aggregate2_local_group_6_2_8_24_s' 
INFO: [HLS 200-10] ----------------------------------------------------------------
INFO: [SCHED 204-11] Starting scheduling ...
INFO: [SCHED 204-61] Pipelining function 'aggregate2_local_group<6, 2, 8, 24>'.
INFO: [HLS 200-1470] Pipelining result : Target II = 1, Final II = 1, Depth = 8, function 'aggregate2_local_group<6, 2, 8, 24>'
INFO: [SCHED 204-11] Finished scheduling.
INFO: [HLS 200-111] Finished Scheduling: CPU user time: 1.14 seconds. CPU system time: 0.01 seconds. Elapsed time: 1.39 seconds; current allocated memory: 1.729 GB.
INFO: [BIND 205-100] Starting micro-architecture generation ...
INFO: [BIND 205-101] Performing variable lifetime analysis.
INFO: [BIND 205-101] Exploring resource sharing.
INFO: [BIND 205-101] Binding ...
INFO: [BIND 205-100] Finished micro-architecture generation.
INFO: [HLS 200-111] Finished Binding: CPU user time: 0.19 seconds. CPU system time: 0 seconds. Elapsed time: 0.36 seconds; current allocated memory: 1.729 GB.
INFO: [HLS 200-10] ----------------------------------------------------------------
INFO: [HLS 200-42] -- Implementing module 'graphsage_int8_po2' 
INFO: [HLS 200-10] ----------------------------------------------------------------
INFO: [SCHED 204-11] Starting scheduling ...
INFO: [HLS 200-486] Changing DSP latency (root=add_ln443_1339) to 3 in order to utilize available DSP registers.
INFO: [HLS 200-486] Changing DSP latency (root=add_ln443_1338) to 3 in order to utilize available DSP registers.
INFO: [HLS 200-486] Changing DSP latency (root=add_ln443_1337) to 3 in order to utilize available DSP registers.
INFO: [HLS 200-486] Changing DSP latency (root=add_ln443_1336) to 3 in order to utilize available DSP registers.
INFO: [HLS 200-486] Changing DSP latency (root=add_ln443_1334) to 3 in order to utilize available DSP registers.
INFO: [HLS 200-486] Changing DSP latency (root=add_ln443_1333) to 3 in order to utilize available DSP registers.
INFO: [HLS 200-486] Changing DSP latency (root=add_ln443_1332) to 3 in order to utilize available DSP registers.
INFO: [HLS 200-486] Changing DSP latency (root=add_ln443_1331) to 3 in order to utilize available DSP registers.
INFO: [HLS 200-486] Changing DSP latency (root=add_ln443_1328) to 3 in order to utilize available DSP registers.
INFO: [HLS 200-486] Changing DSP latency (root=add_ln443_1327) to 3 in order to utilize available DSP registers.
INFO: [HLS 200-486] Changing DSP latency (root=add_ln443_1326) to 3 in order to utilize available DSP registers.
INFO: [HLS 200-486] Changing DSP latency (root=add_ln443_1325) to 3 in order to utilize available DSP registers.
INFO: [HLS 200-486] Changing DSP latency (root=add_ln443_1323) to 3 in order to utilize available DSP registers.
INFO: [HLS 200-486] Changing DSP latency (root=add_ln443_1322) to 3 in order to utilize available DSP registers.
INFO: [HLS 200-486] Changing DSP latency (root=add_ln443_1320) to 3 in order to utilize available DSP registers.
INFO: [HLS 200-486] Changing DSP latency (root=add_ln443_1315) to 3 in order to utilize available DSP registers.
INFO: [HLS 200-486] Changing DSP latency (root=add_ln443_1314) to 3 in order to utilize available DSP registers.
INFO: [HLS 200-486] Changing DSP latency (root=add_ln443_1313) to 3 in order to utilize available DSP registers.
INFO: [HLS 200-486] Changing DSP latency (root=add_ln443_1312) to 3 in order to utilize available DSP registers.
INFO: [HLS 200-486] Changing DSP latency (root=add_ln443_1310) to 3 in order to utilize available DSP registers.
INFO: [HLS 200-486] Changing DSP latency (root=add_ln443_1309) to 3 in order to utilize available DSP registers.
INFO: [HLS 200-486] Changing DSP latency (root=add_ln443_1308) to 3 in order to utilize available DSP registers.
INFO: [HLS 200-486] Changing DSP latency (root=add_ln443_1307) to 3 in order to utilize available DSP registers.
INFO: [HLS 200-486] Changing DSP latency (root=add_ln443_1304) to 3 in order to utilize available DSP registers.
INFO: [HLS 200-486] Changing DSP latency (root=add_ln443_1303) to 3 in order to utilize available DSP registers.
INFO: [HLS 200-486] Changing DSP latency (root=add_ln443_1302) to 3 in order to utilize available DSP registers.
INFO: [HLS 200-486] Changing DSP latency (root=add_ln443_1301) to 3 in order to utilize available DSP registers.
INFO: [HLS 200-486] Changing DSP latency (root=add_ln443_1299) to 3 in order to utilize available DSP registers.
INFO: [HLS 200-486] Changing DSP latency (root=add_ln443_1298) to 3 in order to utilize available DSP registers.
INFO: [HLS 200-486] Changing DSP latency (root=add_ln443_1296) to 3 in order to utilize available DSP registers.
INFO: [HLS 200-486] Changing DSP latency (root=add_ln443_1291) to 3 in order to utilize available DSP registers.
INFO: [HLS 200-486] Changing DSP latency (root=add_ln443_1290) to 3 in order to utilize available DSP registers.
INFO: [HLS 200-486] Changing DSP latency (root=add_ln443_1289) to 3 in order to utilize available DSP registers.
INFO: [HLS 200-486] Changing DSP latency (root=add_ln443_1288) to 3 in order to utilize available DSP registers.
INFO: [HLS 200-486] Changing DSP latency (root=add_ln443_1286) to 3 in order to utilize available DSP registers.
INFO: [HLS 200-486] Changing DSP latency (root=add_ln443_1285) to 3 in order to utilize available DSP registers.
INFO: [HLS 200-486] Changing DSP latency (root=add_ln443_1284) to 3 in order to utilize available DSP registers.
INFO: [HLS 200-486] Changing DSP latency (root=add_ln443_1283) to 3 in order to utilize available DSP registers.
INFO: [HLS 200-486] Changing DSP latency (root=add_ln443_1280) to 3 in order to utilize available DSP registers.
INFO: [HLS 200-486] Changing DSP latency (root=add_ln443_1279) to 3 in order to utilize available DSP registers.
INFO: [HLS 200-486] Changing DSP latency (root=add_ln443_1278) to 3 in order to utilize available DSP registers.
INFO: [HLS 200-486] Changing DSP latency (root=add_ln443_1277) to 3 in order to utilize available DSP registers.
INFO: [HLS 200-486] Changing DSP latency (root=add_ln443_1275) to 3 in order to utilize available DSP registers.
INFO: [HLS 200-486] Changing DSP latency (root=add_ln443_1274) to 3 in order to utilize available DSP registers.
INFO: [HLS 200-486] Changing DSP latency (root=add_ln443_1272) to 3 in order to utilize available DSP registers.
INFO: [HLS 200-486] Changing DSP latency (root=add_ln443_1267) to 3 in order to utilize available DSP registers.
INFO: [HLS 200-486] Changing DSP latency (root=add_ln443_1266) to 3 in order to utilize available DSP registers.
INFO: [HLS 200-486] Changing DSP latency (root=add_ln443_1265) to 3 in order to utilize available DSP registers.
INFO: [HLS 200-486] Changing DSP latency (root=add_ln443_1264) to 3 in order to utilize available DSP registers.
INFO: [HLS 200-486] Changing DSP latency (root=add_ln443_1262) to 3 in order to utilize available DSP registers.
INFO: [HLS 200-486] Changing DSP latency (root=add_ln443_1261) to 3 in order to utilize available DSP registers.
INFO: [HLS 200-486] Changing DSP latency (root=add_ln443_1260) to 3 in order to utilize available DSP registers.
INFO: [HLS 200-486] Changing DSP latency (root=add_ln443_1259) to 3 in order to utilize available DSP registers.
INFO: [HLS 200-486] Changing DSP latency (root=add_ln443_1256) to 3 in order to utilize available DSP registers.
INFO: [HLS 200-486] Changing DSP latency (root=add_ln443_1255) to 3 in order to utilize available DSP registers.
INFO: [HLS 200-486] Changing DSP latency (root=add_ln443_1254) to 3 in order to utilize available DSP registers.
INFO: [HLS 200-486] Changing DSP latency (root=add_ln443_1253) to 3 in order to utilize available DSP registers.
INFO: [HLS 200-486] Changing DSP latency (root=add_ln443_1251) to 3 in order to utilize available DSP registers.
INFO: [HLS 200-486] Changing DSP latency (root=add_ln443_1250) to 3 in order to utilize available DSP registers.
INFO: [HLS 200-486] Changing DSP latency (root=add_ln443_1248) to 3 in order to utilize available DSP registers.
INFO: [HLS 200-486] Changing DSP latency (root=add_ln443_1243) to 3 in order to utilize available DSP registers.
INFO: [HLS 200-486] Changing DSP latency (root=add_ln443_1242) to 3 in order to utilize available DSP registers.
INFO: [HLS 200-486] Changing DSP latency (root=add_ln443_1241) to 3 in order to utilize available DSP registers.
INFO: [HLS 200-486] Changing DSP latency (root=add_ln443_1240) to 3 in order to utilize available DSP registers.
INFO: [HLS 200-486] Changing DSP latency (root=add_ln443_1238) to 3 in order to utilize available DSP registers.
INFO: [HLS 200-486] Changing DSP latency (root=add_ln443_1237) to 3 in order to utilize available DSP registers.
INFO: [HLS 200-486] Changing DSP latency (root=add_ln443_1236) to 3 in order to utilize available DSP registers.
INFO: [HLS 200-486] Changing DSP latency (root=add_ln443_1235) to 3 in order to utilize available DSP registers.
INFO: [HLS 200-486] Changing DSP latency (root=add_ln443_1232) to 3 in order to utilize available DSP registers.
INFO: [HLS 200-486] Changing DSP latency (root=add_ln443_1231) to 3 in order to utilize available DSP registers.
INFO: [HLS 200-486] Changing DSP latency (root=add_ln443_1230) to 3 in order to utilize available DSP registers.
INFO: [HLS 200-486] Changing DSP latency (root=add_ln443_1229) to 3 in order to utilize available DSP registers.
INFO: [HLS 200-486] Changing DSP latency (root=add_ln443_1227) to 3 in order to utilize available DSP registers.
INFO: [HLS 200-486] Changing DSP latency (root=add_ln443_1226) to 3 in order to utilize available DSP registers.
INFO: [HLS 200-486] Changing DSP latency (root=add_ln443_1224) to 3 in order to utilize available DSP registers.
INFO: [HLS 200-486] Changing DSP latency (root=add_ln443_1219) to 3 in order to utilize available DSP registers.
INFO: [HLS 200-486] Changing DSP latency (root=add_ln443_1218) to 3 in order to utilize available DSP registers.
INFO: [HLS 200-486] Changing DSP latency (root=add_ln443_1217) to 3 in order to utilize available DSP registers.
INFO: [HLS 200-486] Changing DSP latency (root=add_ln443_1216) to 3 in order to utilize available DSP registers.
INFO: [HLS 200-486] Changing DSP latency (root=add_ln443_1214) to 3 in order to utilize available DSP registers.
INFO: [HLS 200-486] Changing DSP latency (root=add_ln443_1213) to 3 in order to utilize available DSP registers.
INFO: [HLS 200-486] Changing DSP latency (root=add_ln443_1212) to 3 in order to utilize available DSP registers.
INFO: [HLS 200-486] Changing DSP latency (root=add_ln443_1211) to 3 in order to utilize available DSP registers.
INFO: [HLS 200-486] Changing DSP latency (root=add_ln443_1208) to 3 in order to utilize available DSP registers.
INFO: [HLS 200-486] Changing DSP latency (root=add_ln443_1207) to 3 in order to utilize available DSP registers.
INFO: [HLS 200-486] Changing DSP latency (root=add_ln443_1206) to 3 in order to utilize available DSP registers.
INFO: [HLS 200-486] Changing DSP latency (root=add_ln443_1205) to 3 in order to utilize available DSP registers.
INFO: [HLS 200-486] Changing DSP latency (root=add_ln443_1203) to 3 in order to utilize available DSP registers.
INFO: [HLS 200-486] Changing DSP latency (root=add_ln443_1202) to 3 in order to utilize available DSP registers.
INFO: [HLS 200-486] Changing DSP latency (root=add_ln443_1200) to 3 in order to utilize available DSP registers.
INFO: [HLS 200-486] Changing DSP latency (root=add_ln443_1195) to 3 in order to utilize available DSP registers.
INFO: [HLS 200-486] Changing DSP latency (root=add_ln443_1194) to 3 in order to utilize available DSP registers.
INFO: [HLS 200-486] Changing DSP latency (root=add_ln443_1193) to 3 in order to utilize available DSP registers.
INFO: [HLS 200-486] Changing DSP latency (root=add_ln443_1192) to 3 in order to utilize available DSP registers.
INFO: [HLS 200-486] Changing DSP latency (root=add_ln443_1190) to 3 in order to utilize available DSP registers.
INFO: [HLS 200-486] Changing DSP latency (root=add_ln443_1189) to 3 in order to utilize available DSP registers.
INFO: [HLS 200-486] Changing DSP latency (root=add_ln443_1188) to 3 in order to utilize available DSP registers.
INFO: [HLS 200-486] Changing DSP latency (root=add_ln443_1187) to 3 in order to utilize available DSP registers.
INFO: [HLS 200-486] Changing DSP latency (root=add_ln443_1184) to 3 in order to utilize available DSP registers.
INFO: [HLS 200-486] Changing DSP latency (root=add_ln443_1183) to 3 in order to utilize available DSP registers.
INFO: [HLS 200-486] Changing DSP latency (root=add_ln443_1182) to 3 in order to utilize available DSP registers.
INFO: [HLS 200-486] Changing DSP latency (root=add_ln443_1181) to 3 in order to utilize available DSP registers.
INFO: [HLS 200-486] Changing DSP latency (root=add_ln443_1179) to 3 in order to utilize available DSP registers.
INFO: [HLS 200-486] Changing DSP latency (root=add_ln443_1178) to 3 in order to utilize available DSP registers.
INFO: [HLS 200-486] Changing DSP latency (root=add_ln443_1176) to 3 in order to utilize available DSP registers.
INFO: [HLS 200-486] Changing DSP latency (root=add_ln443_1171) to 3 in order to utilize available DSP registers.
INFO: [HLS 200-486] Changing DSP latency (root=add_ln443_1170) to 3 in order to utilize available DSP registers.
INFO: [HLS 200-486] Changing DSP latency (root=add_ln443_1169) to 3 in order to utilize available DSP registers.
INFO: [HLS 200-486] Changing DSP latency (root=add_ln443_1168) to 3 in order to utilize available DSP registers.
INFO: [HLS 200-486] Changing DSP latency (root=add_ln443_1166) to 3 in order to utilize available DSP registers.
INFO: [HLS 200-486] Changing DSP latency (root=add_ln443_1165) to 3 in order to utilize available DSP registers.
INFO: [HLS 200-486] Changing DSP latency (root=add_ln443_1164) to 3 in order to utilize available DSP registers.
INFO: [HLS 200-486] Changing DSP latency (root=add_ln443_1163) to 3 in order to utilize available DSP registers.
INFO: [HLS 200-486] Changing DSP latency (root=add_ln443_1160) to 3 in order to utilize available DSP registers.
INFO: [HLS 200-486] Changing DSP latency (root=add_ln443_1159) to 3 in order to utilize available DSP registers.
INFO: [HLS 200-486] Changing DSP latency (root=add_ln443_1158) to 3 in order to utilize available DSP registers.
INFO: [HLS 200-486] Changing DSP latency (root=add_ln443_1157) to 3 in order to utilize available DSP registers.
INFO: [HLS 200-486] Changing DSP latency (root=add_ln443_1155) to 3 in order to utilize available DSP registers.
INFO: [HLS 200-486] Changing DSP latency (root=add_ln443_1154) to 3 in order to utilize available DSP registers.
INFO: [HLS 200-486] Changing DSP latency (root=add_ln443_1152) to 3 in order to utilize available DSP registers.
INFO: [HLS 200-486] Changing DSP latency (root=add_ln443_1147) to 3 in order to utilize available DSP registers.
INFO: [HLS 200-486] Changing DSP latency (root=add_ln443_1146) to 3 in order to utilize available DSP registers.
INFO: [HLS 200-486] Changing DSP latency (root=add_ln443_1145) to 3 in order to utilize available DSP registers.
INFO: [HLS 200-486] Changing DSP latency (root=add_ln443_1144) to 3 in order to utilize available DSP registers.
INFO: [HLS 200-486] Changing DSP latency (root=add_ln443_1142) to 3 in order to utilize available DSP registers.
INFO: [HLS 200-486] Changing DSP latency (root=add_ln443_1141) to 3 in order to utilize available DSP registers.
INFO: [HLS 200-486] Changing DSP latency (root=add_ln443_1140) to 3 in order to utilize available DSP registers.
INFO: [HLS 200-486] Changing DSP latency (root=add_ln443_1139) to 3 in order to utilize available DSP registers.
INFO: [HLS 200-486] Changing DSP latency (root=add_ln443_1136) to 3 in order to utilize available DSP registers.
INFO: [HLS 200-486] Changing DSP latency (root=add_ln443_1135) to 3 in order to utilize available DSP registers.
INFO: [HLS 200-486] Changing DSP latency (root=add_ln443_1134) to 3 in order to utilize available DSP registers.
INFO: [HLS 200-486] Changing DSP latency (root=add_ln443_1133) to 3 in order to utilize available DSP registers.
INFO: [HLS 200-486] Changing DSP latency (root=add_ln443_1131) to 3 in order to utilize available DSP registers.
INFO: [HLS 200-486] Changing DSP latency (root=add_ln443_1130) to 3 in order to utilize available DSP registers.
INFO: [HLS 200-486] Changing DSP latency (root=add_ln443_1128) to 3 in order to utilize available DSP registers.
INFO: [HLS 200-486] Changing DSP latency (root=add_ln443_1123) to 3 in order to utilize available DSP registers.
INFO: [HLS 200-486] Changing DSP latency (root=add_ln443_1122) to 3 in order to utilize available DSP registers.
INFO: [HLS 200-486] Changing DSP latency (root=add_ln443_1121) to 3 in order to utilize available DSP registers.
INFO: [HLS 200-486] Changing DSP latency (root=add_ln443_1120) to 3 in order to utilize available DSP registers.
INFO: [HLS 200-486] Changing DSP latency (root=add_ln443_1118) to 3 in order to utilize available DSP registers.
INFO: [HLS 200-486] Changing DSP latency (root=add_ln443_1117) to 3 in order to utilize available DSP registers.
INFO: [HLS 200-486] Changing DSP latency (root=add_ln443_1116) to 3 in order to utilize available DSP registers.
INFO: [HLS 200-486] Changing DSP latency (root=add_ln443_1115) to 3 in order to utilize available DSP registers.
INFO: [HLS 200-486] Changing DSP latency (root=add_ln443_1112) to 3 in order to utilize available DSP registers.
INFO: [HLS 200-486] Changing DSP latency (root=add_ln443_1111) to 3 in order to utilize available DSP registers.
INFO: [HLS 200-486] Changing DSP latency (root=add_ln443_1110) to 3 in order to utilize available DSP registers.
INFO: [HLS 200-486] Changing DSP latency (root=add_ln443_1109) to 3 in order to utilize available DSP registers.
INFO: [HLS 200-486] Changing DSP latency (root=add_ln443_1107) to 3 in order to utilize available DSP registers.
INFO: [HLS 200-486] Changing DSP latency (root=add_ln443_1106) to 3 in order to utilize available DSP registers.
INFO: [HLS 200-486] Changing DSP latency (root=add_ln443_1104) to 3 in order to utilize available DSP registers.
INFO: [HLS 200-486] Changing DSP latency (root=add_ln443_1099) to 3 in order to utilize available DSP registers.
INFO: [HLS 200-486] Changing DSP latency (root=add_ln443_1098) to 3 in order to utilize available DSP registers.
INFO: [HLS 200-486] Changing DSP latency (root=add_ln443_1097) to 3 in order to utilize available DSP registers.
INFO: [HLS 200-486] Changing DSP latency (root=add_ln443_1096) to 3 in order to utilize available DSP registers.
INFO: [HLS 200-486] Changing DSP latency (root=add_ln443_1094) to 3 in order to utilize available DSP registers.
INFO: [HLS 200-486] Changing DSP latency (root=add_ln443_1093) to 3 in order to utilize available DSP registers.
INFO: [HLS 200-486] Changing DSP latency (root=add_ln443_1092) to 3 in order to utilize available DSP registers.
INFO: [HLS 200-486] Changing DSP latency (root=add_ln443_1091) to 3 in order to utilize available DSP registers.
INFO: [HLS 200-486] Changing DSP latency (root=add_ln443_1088) to 3 in order to utilize available DSP registers.
INFO: [HLS 200-486] Changing DSP latency (root=add_ln443_1087) to 3 in order to utilize available DSP registers.
INFO: [HLS 200-486] Changing DSP latency (root=add_ln443_1086) to 3 in order to utilize available DSP registers.
INFO: [HLS 200-486] Changing DSP latency (root=add_ln443_1085) to 3 in order to utilize available DSP registers.
INFO: [HLS 200-486] Changing DSP latency (root=add_ln443_1083) to 3 in order to utilize available DSP registers.
INFO: [HLS 200-486] Changing DSP latency (root=add_ln443_1082) to 3 in order to utilize available DSP registers.
INFO: [HLS 200-486] Changing DSP latency (root=add_ln443_1080) to 3 in order to utilize available DSP registers.
INFO: [HLS 200-486] Changing DSP latency (root=add_ln443_1075) to 3 in order to utilize available DSP registers.
INFO: [HLS 200-486] Changing DSP latency (root=add_ln443_1074) to 3 in order to utilize available DSP registers.
INFO: [HLS 200-486] Changing DSP latency (root=add_ln443_1073) to 3 in order to utilize available DSP registers.
INFO: [HLS 200-486] Changing DSP latency (root=add_ln443_1072) to 3 in order to utilize available DSP registers.
INFO: [HLS 200-486] Changing DSP latency (root=add_ln443_1070) to 3 in order to utilize available DSP registers.
INFO: [HLS 200-486] Changing DSP latency (root=add_ln443_1069) to 3 in order to utilize available DSP registers.
INFO: [HLS 200-486] Changing DSP latency (root=add_ln443_1068) to 3 in order to utilize available DSP registers.
INFO: [HLS 200-486] Changing DSP latency (root=add_ln443_1067) to 3 in order to utilize available DSP registers.
INFO: [HLS 200-486] Changing DSP latency (root=add_ln443_1064) to 3 in order to utilize available DSP registers.
INFO: [HLS 200-486] Changing DSP latency (root=add_ln443_1063) to 3 in order to utilize available DSP registers.
INFO: [HLS 200-486] Changing DSP latency (root=add_ln443_1062) to 3 in order to utilize available DSP registers.
INFO: [HLS 200-486] Changing DSP latency (root=add_ln443_1061) to 3 in order to utilize available DSP registers.
INFO: [HLS 200-486] Changing DSP latency (root=add_ln443_1059) to 3 in order to utilize available DSP registers.
INFO: [HLS 200-486] Changing DSP latency (root=add_ln443_1058) to 3 in order to utilize available DSP registers.
INFO: [HLS 200-486] Changing DSP latency (root=add_ln443_1056) to 3 in order to utilize available DSP registers.
INFO: [HLS 200-486] Changing DSP latency (root=add_ln443_1051) to 3 in order to utilize available DSP registers.
INFO: [HLS 200-486] Changing DSP latency (root=add_ln443_1050) to 3 in order to utilize available DSP registers.
INFO: [HLS 200-486] Changing DSP latency (root=add_ln443_1049) to 3 in order to utilize available DSP registers.
INFO: [HLS 200-486] Changing DSP latency (root=add_ln443_1048) to 3 in order to utilize available DSP registers.
INFO: [HLS 200-486] Changing DSP latency (root=add_ln443_1046) to 3 in order to utilize available DSP registers.
INFO: [HLS 200-486] Changing DSP latency (root=add_ln443_1045) to 3 in order to utilize available DSP registers.
INFO: [HLS 200-486] Changing DSP latency (root=add_ln443_1044) to 3 in order to utilize available DSP registers.
INFO: [HLS 200-486] Changing DSP latency (root=add_ln443_1043) to 3 in order to utilize available DSP registers.
INFO: [HLS 200-486] Changing DSP latency (root=add_ln443_1040) to 3 in order to utilize available DSP registers.
INFO: [HLS 200-486] Changing DSP latency (root=add_ln443_1039) to 3 in order to utilize available DSP registers.
INFO: [HLS 200-486] Changing DSP latency (root=add_ln443_1038) to 3 in order to utilize available DSP registers.
INFO: [HLS 200-486] Changing DSP latency (root=add_ln443_1037) to 3 in order to utilize available DSP registers.
INFO: [HLS 200-486] Changing DSP latency (root=add_ln443_1035) to 3 in order to utilize available DSP registers.
INFO: [HLS 200-486] Changing DSP latency (root=add_ln443_1034) to 3 in order to utilize available DSP registers.
INFO: [HLS 200-486] Changing DSP latency (root=add_ln443_1032) to 3 in order to utilize available DSP registers.
INFO: [HLS 200-486] Changing DSP latency (root=add_ln443_1027) to 3 in order to utilize available DSP registers.
INFO: [HLS 200-486] Changing DSP latency (root=add_ln443_1026) to 3 in order to utilize available DSP registers.
INFO: [HLS 200-486] Changing DSP latency (root=add_ln443_1025) to 3 in order to utilize available DSP registers.
INFO: [HLS 200-486] Changing DSP latency (root=add_ln443_1024) to 3 in order to utilize available DSP registers.
INFO: [HLS 200-486] Changing DSP latency (root=add_ln443_1022) to 3 in order to utilize available DSP registers.
INFO: [HLS 200-486] Changing DSP latency (root=add_ln443_1021) to 3 in order to utilize available DSP registers.
INFO: [HLS 200-486] Changing DSP latency (root=add_ln443_1020) to 3 in order to utilize available DSP registers.
INFO: [HLS 200-486] Changing DSP latency (root=add_ln443_1019) to 3 in order to utilize available DSP registers.
INFO: [HLS 200-486] Changing DSP latency (root=add_ln443_1016) to 3 in order to utilize available DSP registers.
INFO: [HLS 200-486] Changing DSP latency (root=add_ln443_1015) to 3 in order to utilize available DSP registers.
INFO: [HLS 200-486] Changing DSP latency (root=add_ln443_1014) to 3 in order to utilize available DSP registers.
INFO: [HLS 200-486] Changing DSP latency (root=add_ln443_1013) to 3 in order to utilize available DSP registers.
INFO: [HLS 200-486] Changing DSP latency (root=add_ln443_1011) to 3 in order to utilize available DSP registers.
INFO: [HLS 200-486] Changing DSP latency (root=add_ln443_1010) to 3 in order to utilize available DSP registers.
INFO: [HLS 200-486] Changing DSP latency (root=add_ln443_1008) to 3 in order to utilize available DSP registers.
INFO: [HLS 200-486] Changing DSP latency (root=add_ln443_1003) to 3 in order to utilize available DSP registers.
INFO: [HLS 200-486] Changing DSP latency (root=add_ln443_1002) to 3 in order to utilize available DSP registers.
INFO: [HLS 200-486] Changing DSP latency (root=add_ln443_1001) to 3 in order to utilize available DSP registers.
INFO: [HLS 200-486] Changing DSP latency (root=add_ln443_1000) to 3 in order to utilize available DSP registers.
INFO: [HLS 200-486] Changing DSP latency (root=add_ln443_998) to 3 in order to utilize available DSP registers.
INFO: [HLS 200-486] Changing DSP latency (root=add_ln443_997) to 3 in order to utilize available DSP registers.
INFO: [HLS 200-486] Changing DSP latency (root=add_ln443_996) to 3 in order to utilize available DSP registers.
INFO: [HLS 200-486] Changing DSP latency (root=add_ln443_995) to 3 in order to utilize available DSP registers.
INFO: [HLS 200-486] Changing DSP latency (root=add_ln443_992) to 3 in order to utilize available DSP registers.
INFO: [HLS 200-486] Changing DSP latency (root=add_ln443_991) to 3 in order to utilize available DSP registers.
INFO: [HLS 200-486] Changing DSP latency (root=add_ln443_990) to 3 in order to utilize available DSP registers.
INFO: [HLS 200-486] Changing DSP latency (root=add_ln443_989) to 3 in order to utilize available DSP registers.
INFO: [HLS 200-486] Changing DSP latency (root=add_ln443_987) to 3 in order to utilize available DSP registers.
INFO: [HLS 200-486] Changing DSP latency (root=add_ln443_986) to 3 in order to utilize available DSP registers.
INFO: [HLS 200-486] Changing DSP latency (root=add_ln443_984) to 3 in order to utilize available DSP registers.
INFO: [HLS 200-486] Changing DSP latency (root=add_ln443_979) to 3 in order to utilize available DSP registers.
INFO: [HLS 200-486] Changing DSP latency (root=add_ln443_978) to 3 in order to utilize available DSP registers.
INFO: [HLS 200-486] Changing DSP latency (root=add_ln443_977) to 3 in order to utilize available DSP registers.
INFO: [HLS 200-486] Changing DSP latency (root=add_ln443_976) to 3 in order to utilize available DSP registers.
INFO: [HLS 200-486] Changing DSP latency (root=add_ln443_974) to 3 in order to utilize available DSP registers.
INFO: [HLS 200-486] Changing DSP latency (root=add_ln443_973) to 3 in order to utilize available DSP registers.
INFO: [HLS 200-486] Changing DSP latency (root=add_ln443_972) to 3 in order to utilize available DSP registers.
INFO: [HLS 200-486] Changing DSP latency (root=add_ln443_971) to 3 in order to utilize available DSP registers.
INFO: [HLS 200-486] Changing DSP latency (root=add_ln443_968) to 3 in order to utilize available DSP registers.
INFO: [HLS 200-486] Changing DSP latency (root=add_ln443_967) to 3 in order to utilize available DSP registers.
INFO: [HLS 200-486] Changing DSP latency (root=add_ln443_966) to 3 in order to utilize available DSP registers.
INFO: [HLS 200-486] Changing DSP latency (root=add_ln443_965) to 3 in order to utilize available DSP registers.
INFO: [HLS 200-486] Changing DSP latency (root=add_ln443_963) to 3 in order to utilize available DSP registers.
INFO: [HLS 200-486] Changing DSP latency (root=add_ln443_962) to 3 in order to utilize available DSP registers.
INFO: [HLS 200-486] Changing DSP latency (root=add_ln443_960) to 3 in order to utilize available DSP registers.
INFO: [HLS 200-486] Changing DSP latency (root=add_ln443_955) to 3 in order to utilize available DSP registers.
INFO: [HLS 200-486] Changing DSP latency (root=add_ln443_954) to 3 in order to utilize available DSP registers.
INFO: [HLS 200-486] Changing DSP latency (root=add_ln443_953) to 3 in order to utilize available DSP registers.
INFO: [HLS 200-486] Changing DSP latency (root=add_ln443_952) to 3 in order to utilize available DSP registers.
INFO: [HLS 200-486] Changing DSP latency (root=add_ln443_950) to 3 in order to utilize available DSP registers.
INFO: [HLS 200-486] Changing DSP latency (root=add_ln443_949) to 3 in order to utilize available DSP registers.
INFO: [HLS 200-486] Changing DSP latency (root=add_ln443_948) to 3 in order to utilize available DSP registers.
INFO: [HLS 200-486] Changing DSP latency (root=add_ln443_947) to 3 in order to utilize available DSP registers.
INFO: [HLS 200-486] Changing DSP latency (root=add_ln443_944) to 3 in order to utilize available DSP registers.
INFO: [HLS 200-486] Changing DSP latency (root=add_ln443_943) to 3 in order to utilize available DSP registers.
INFO: [HLS 200-486] Changing DSP latency (root=add_ln443_942) to 3 in order to utilize available DSP registers.
INFO: [HLS 200-486] Changing DSP latency (root=add_ln443_941) to 3 in order to utilize available DSP registers.
INFO: [HLS 200-486] Changing DSP latency (root=add_ln443_939) to 3 in order to utilize available DSP registers.
INFO: [HLS 200-486] Changing DSP latency (root=add_ln443_938) to 3 in order to utilize available DSP registers.
INFO: [HLS 200-486] Changing DSP latency (root=add_ln443_936) to 3 in order to utilize available DSP registers.
INFO: [HLS 200-486] Changing DSP latency (root=add_ln443_931) to 3 in order to utilize available DSP registers.
INFO: [HLS 200-486] Changing DSP latency (root=add_ln443_930) to 3 in order to utilize available DSP registers.
INFO: [HLS 200-486] Changing DSP latency (root=add_ln443_929) to 3 in order to utilize available DSP registers.
INFO: [HLS 200-486] Changing DSP latency (root=add_ln443_928) to 3 in order to utilize available DSP registers.
INFO: [HLS 200-486] Changing DSP latency (root=add_ln443_926) to 3 in order to utilize available DSP registers.
INFO: [HLS 200-486] Changing DSP latency (root=add_ln443_925) to 3 in order to utilize available DSP registers.
INFO: [HLS 200-486] Changing DSP latency (root=add_ln443_924) to 3 in order to utilize available DSP registers.
INFO: [HLS 200-486] Changing DSP latency (root=add_ln443_923) to 3 in order to utilize available DSP registers.
INFO: [HLS 200-486] Changing DSP latency (root=add_ln443_920) to 3 in order to utilize available DSP registers.
INFO: [HLS 200-486] Changing DSP latency (root=add_ln443_919) to 3 in order to utilize available DSP registers.
INFO: [HLS 200-486] Changing DSP latency (root=add_ln443_918) to 3 in order to utilize available DSP registers.
INFO: [HLS 200-486] Changing DSP latency (root=add_ln443_917) to 3 in order to utilize available DSP registers.
INFO: [HLS 200-486] Changing DSP latency (root=add_ln443_915) to 3 in order to utilize available DSP registers.
INFO: [HLS 200-486] Changing DSP latency (root=add_ln443_914) to 3 in order to utilize available DSP registers.
INFO: [HLS 200-486] Changing DSP latency (root=add_ln443_912) to 3 in order to utilize available DSP registers.
INFO: [HLS 200-486] Changing DSP latency (root=add_ln443_907) to 3 in order to utilize available DSP registers.
INFO: [HLS 200-486] Changing DSP latency (root=add_ln443_906) to 3 in order to utilize available DSP registers.
INFO: [HLS 200-486] Changing DSP latency (root=add_ln443_905) to 3 in order to utilize available DSP registers.
INFO: [HLS 200-486] Changing DSP latency (root=add_ln443_904) to 3 in order to utilize available DSP registers.
INFO: [HLS 200-486] Changing DSP latency (root=add_ln443_902) to 3 in order to utilize available DSP registers.
INFO: [HLS 200-486] Changing DSP latency (root=add_ln443_901) to 3 in order to utilize available DSP registers.
INFO: [HLS 200-486] Changing DSP latency (root=add_ln443_900) to 3 in order to utilize available DSP registers.
INFO: [HLS 200-486] Changing DSP latency (root=add_ln443_899) to 3 in order to utilize available DSP registers.
INFO: [HLS 200-486] Changing DSP latency (root=add_ln443_896) to 3 in order to utilize available DSP registers.
INFO: [HLS 200-486] Changing DSP latency (root=add_ln443_895) to 3 in order to utilize available DSP registers.
INFO: [HLS 200-486] Changing DSP latency (root=add_ln443_894) to 3 in order to utilize available DSP registers.
INFO: [HLS 200-486] Changing DSP latency (root=add_ln443_893) to 3 in order to utilize available DSP registers.
INFO: [HLS 200-486] Changing DSP latency (root=add_ln443_891) to 3 in order to utilize available DSP registers.
INFO: [HLS 200-486] Changing DSP latency (root=add_ln443_890) to 3 in order to utilize available DSP registers.
INFO: [HLS 200-486] Changing DSP latency (root=add_ln443_888) to 3 in order to utilize available DSP registers.
INFO: [HLS 200-486] Changing DSP latency (root=add_ln443_883) to 3 in order to utilize available DSP registers.
INFO: [HLS 200-486] Changing DSP latency (root=add_ln443_882) to 3 in order to utilize available DSP registers.
INFO: [HLS 200-486] Changing DSP latency (root=add_ln443_881) to 3 in order to utilize available DSP registers.
INFO: [HLS 200-486] Changing DSP latency (root=add_ln443_880) to 3 in order to utilize available DSP registers.
INFO: [HLS 200-486] Changing DSP latency (root=add_ln443_878) to 3 in order to utilize available DSP registers.
INFO: [HLS 200-486] Changing DSP latency (root=add_ln443_877) to 3 in order to utilize available DSP registers.
INFO: [HLS 200-486] Changing DSP latency (root=add_ln443_876) to 3 in order to utilize available DSP registers.
INFO: [HLS 200-486] Changing DSP latency (root=add_ln443_875) to 3 in order to utilize available DSP registers.
INFO: [HLS 200-486] Changing DSP latency (root=add_ln443_872) to 3 in order to utilize available DSP registers.
INFO: [HLS 200-486] Changing DSP latency (root=add_ln443_871) to 3 in order to utilize available DSP registers.
INFO: [HLS 200-486] Changing DSP latency (root=add_ln443_870) to 3 in order to utilize available DSP registers.
INFO: [HLS 200-486] Changing DSP latency (root=add_ln443_869) to 3 in order to utilize available DSP registers.
INFO: [HLS 200-486] Changing DSP latency (root=add_ln443_867) to 3 in order to utilize available DSP registers.
INFO: [HLS 200-486] Changing DSP latency (root=add_ln443_866) to 3 in order to utilize available DSP registers.
INFO: [HLS 200-486] Changing DSP latency (root=add_ln443_864) to 3 in order to utilize available DSP registers.
INFO: [HLS 200-486] Changing DSP latency (root=add_ln443_859) to 3 in order to utilize available DSP registers.
INFO: [HLS 200-486] Changing DSP latency (root=add_ln443_858) to 3 in order to utilize available DSP registers.
INFO: [HLS 200-486] Changing DSP latency (root=add_ln443_857) to 3 in order to utilize available DSP registers.
INFO: [HLS 200-486] Changing DSP latency (root=add_ln443_856) to 3 in order to utilize available DSP registers.
INFO: [HLS 200-486] Changing DSP latency (root=add_ln443_854) to 3 in order to utilize available DSP registers.
INFO: [HLS 200-486] Changing DSP latency (root=add_ln443_853) to 3 in order to utilize available DSP registers.
INFO: [HLS 200-486] Changing DSP latency (root=add_ln443_852) to 3 in order to utilize available DSP registers.
INFO: [HLS 200-486] Changing DSP latency (root=add_ln443_851) to 3 in order to utilize available DSP registers.
INFO: [HLS 200-486] Changing DSP latency (root=add_ln443_848) to 3 in order to utilize available DSP registers.
INFO: [HLS 200-486] Changing DSP latency (root=add_ln443_847) to 3 in order to utilize available DSP registers.
INFO: [HLS 200-486] Changing DSP latency (root=add_ln443_846) to 3 in order to utilize available DSP registers.
INFO: [HLS 200-486] Changing DSP latency (root=add_ln443_845) to 3 in order to utilize available DSP registers.
INFO: [HLS 200-486] Changing DSP latency (root=add_ln443_843) to 3 in order to utilize available DSP registers.
INFO: [HLS 200-486] Changing DSP latency (root=add_ln443_842) to 3 in order to utilize available DSP registers.
INFO: [HLS 200-486] Changing DSP latency (root=add_ln443_840) to 3 in order to utilize available DSP registers.
INFO: [HLS 200-486] Changing DSP latency (root=add_ln443_835) to 3 in order to utilize available DSP registers.
INFO: [HLS 200-486] Changing DSP latency (root=add_ln443_834) to 3 in order to utilize available DSP registers.
INFO: [HLS 200-486] Changing DSP latency (root=add_ln443_833) to 3 in order to utilize available DSP registers.
INFO: [HLS 200-486] Changing DSP latency (root=add_ln443_832) to 3 in order to utilize available DSP registers.
INFO: [HLS 200-486] Changing DSP latency (root=add_ln443_830) to 3 in order to utilize available DSP registers.
INFO: [HLS 200-486] Changing DSP latency (root=add_ln443_829) to 3 in order to utilize available DSP registers.
INFO: [HLS 200-486] Changing DSP latency (root=add_ln443_828) to 3 in order to utilize available DSP registers.
INFO: [HLS 200-486] Changing DSP latency (root=add_ln443_827) to 3 in order to utilize available DSP registers.
INFO: [HLS 200-486] Changing DSP latency (root=add_ln443_824) to 3 in order to utilize available DSP registers.
INFO: [HLS 200-486] Changing DSP latency (root=add_ln443_823) to 3 in order to utilize available DSP registers.
INFO: [HLS 200-486] Changing DSP latency (root=add_ln443_822) to 3 in order to utilize available DSP registers.
INFO: [HLS 200-486] Changing DSP latency (root=add_ln443_821) to 3 in order to utilize available DSP registers.
INFO: [HLS 200-486] Changing DSP latency (root=add_ln443_819) to 3 in order to utilize available DSP registers.
INFO: [HLS 200-486] Changing DSP latency (root=add_ln443_818) to 3 in order to utilize available DSP registers.
INFO: [HLS 200-486] Changing DSP latency (root=add_ln443_816) to 3 in order to utilize available DSP registers.
INFO: [HLS 200-486] Changing DSP latency (root=add_ln443_811) to 3 in order to utilize available DSP registers.
INFO: [HLS 200-486] Changing DSP latency (root=add_ln443_810) to 3 in order to utilize available DSP registers.
INFO: [HLS 200-486] Changing DSP latency (root=add_ln443_809) to 3 in order to utilize available DSP registers.
INFO: [HLS 200-486] Changing DSP latency (root=add_ln443_808) to 3 in order to utilize available DSP registers.
INFO: [HLS 200-486] Changing DSP latency (root=add_ln443_806) to 3 in order to utilize available DSP registers.
INFO: [HLS 200-486] Changing DSP latency (root=add_ln443_805) to 3 in order to utilize available DSP registers.
INFO: [HLS 200-486] Changing DSP latency (root=add_ln443_804) to 3 in order to utilize available DSP registers.
INFO: [HLS 200-486] Changing DSP latency (root=add_ln443_803) to 3 in order to utilize available DSP registers.
INFO: [HLS 200-486] Changing DSP latency (root=add_ln443_800) to 3 in order to utilize available DSP registers.
INFO: [HLS 200-486] Changing DSP latency (root=add_ln443_799) to 3 in order to utilize available DSP registers.
INFO: [HLS 200-486] Changing DSP latency (root=add_ln443_798) to 3 in order to utilize available DSP registers.
INFO: [HLS 200-486] Changing DSP latency (root=add_ln443_797) to 3 in order to utilize available DSP registers.
INFO: [HLS 200-486] Changing DSP latency (root=add_ln443_795) to 3 in order to utilize available DSP registers.
INFO: [HLS 200-486] Changing DSP latency (root=add_ln443_794) to 3 in order to utilize available DSP registers.
INFO: [HLS 200-486] Changing DSP latency (root=add_ln443_792) to 3 in order to utilize available DSP registers.
INFO: [HLS 200-486] Changing DSP latency (root=add_ln443_787) to 3 in order to utilize available DSP registers.
INFO: [HLS 200-486] Changing DSP latency (root=add_ln443_786) to 3 in order to utilize available DSP registers.
INFO: [HLS 200-486] Changing DSP latency (root=add_ln443_785) to 3 in order to utilize available DSP registers.
INFO: [HLS 200-486] Changing DSP latency (root=add_ln443_784) to 3 in order to utilize available DSP registers.
INFO: [HLS 200-486] Changing DSP latency (root=add_ln443_782) to 3 in order to utilize available DSP registers.
INFO: [HLS 200-486] Changing DSP latency (root=add_ln443_781) to 3 in order to utilize available DSP registers.
INFO: [HLS 200-486] Changing DSP latency (root=add_ln443_780) to 3 in order to utilize available DSP registers.
INFO: [HLS 200-486] Changing DSP latency (root=add_ln443_779) to 3 in order to utilize available DSP registers.
INFO: [HLS 200-486] Changing DSP latency (root=add_ln443_776) to 3 in order to utilize available DSP registers.
INFO: [HLS 200-486] Changing DSP latency (root=add_ln443_775) to 3 in order to utilize available DSP registers.
INFO: [HLS 200-486] Changing DSP latency (root=add_ln443_774) to 3 in order to utilize available DSP registers.
INFO: [HLS 200-486] Changing DSP latency (root=add_ln443_773) to 3 in order to utilize available DSP registers.
INFO: [HLS 200-486] Changing DSP latency (root=add_ln443_771) to 3 in order to utilize available DSP registers.
INFO: [HLS 200-486] Changing DSP latency (root=add_ln443_770) to 3 in order to utilize available DSP registers.
INFO: [HLS 200-486] Changing DSP latency (root=add_ln443_768) to 3 in order to utilize available DSP registers.
INFO: [HLS 200-486] Changing DSP latency (root=add_ln443_763) to 3 in order to utilize available DSP registers.
INFO: [HLS 200-486] Changing DSP latency (root=add_ln443_762) to 3 in order to utilize available DSP registers.
INFO: [HLS 200-486] Changing DSP latency (root=add_ln443_761) to 3 in order to utilize available DSP registers.
INFO: [HLS 200-486] Changing DSP latency (root=add_ln443_760) to 3 in order to utilize available DSP registers.
INFO: [HLS 200-486] Changing DSP latency (root=add_ln443_758) to 3 in order to utilize available DSP registers.
INFO: [HLS 200-486] Changing DSP latency (root=add_ln443_757) to 3 in order to utilize available DSP registers.
INFO: [HLS 200-486] Changing DSP latency (root=add_ln443_756) to 3 in order to utilize available DSP registers.
INFO: [HLS 200-486] Changing DSP latency (root=add_ln443_755) to 3 in order to utilize available DSP registers.
INFO: [HLS 200-486] Changing DSP latency (root=add_ln443_752) to 3 in order to utilize available DSP registers.
INFO: [HLS 200-486] Changing DSP latency (root=add_ln443_751) to 3 in order to utilize available DSP registers.
INFO: [HLS 200-486] Changing DSP latency (root=add_ln443_750) to 3 in order to utilize available DSP registers.
INFO: [HLS 200-486] Changing DSP latency (root=add_ln443_749) to 3 in order to utilize available DSP registers.
INFO: [HLS 200-486] Changing DSP latency (root=add_ln443_747) to 3 in order to utilize available DSP registers.
INFO: [HLS 200-486] Changing DSP latency (root=add_ln443_746) to 3 in order to utilize available DSP registers.
INFO: [HLS 200-486] Changing DSP latency (root=add_ln443_744) to 3 in order to utilize available DSP registers.
INFO: [HLS 200-486] Changing DSP latency (root=add_ln443_739) to 3 in order to utilize available DSP registers.
INFO: [HLS 200-486] Changing DSP latency (root=add_ln443_738) to 3 in order to utilize available DSP registers.
INFO: [HLS 200-486] Changing DSP latency (root=add_ln443_737) to 3 in order to utilize available DSP registers.
INFO: [HLS 200-486] Changing DSP latency (root=add_ln443_736) to 3 in order to utilize available DSP registers.
INFO: [HLS 200-486] Changing DSP latency (root=add_ln443_734) to 3 in order to utilize available DSP registers.
INFO: [HLS 200-486] Changing DSP latency (root=add_ln443_733) to 3 in order to utilize available DSP registers.
INFO: [HLS 200-486] Changing DSP latency (root=add_ln443_732) to 3 in order to utilize available DSP registers.
INFO: [HLS 200-486] Changing DSP latency (root=add_ln443_731) to 3 in order to utilize available DSP registers.
INFO: [HLS 200-486] Changing DSP latency (root=add_ln443_728) to 3 in order to utilize available DSP registers.
INFO: [HLS 200-486] Changing DSP latency (root=add_ln443_727) to 3 in order to utilize available DSP registers.
INFO: [HLS 200-486] Changing DSP latency (root=add_ln443_726) to 3 in order to utilize available DSP registers.
INFO: [HLS 200-486] Changing DSP latency (root=add_ln443_725) to 3 in order to utilize available DSP registers.
INFO: [HLS 200-486] Changing DSP latency (root=add_ln443_723) to 3 in order to utilize available DSP registers.
INFO: [HLS 200-486] Changing DSP latency (root=add_ln443_722) to 3 in order to utilize available DSP registers.
INFO: [HLS 200-486] Changing DSP latency (root=add_ln443_720) to 3 in order to utilize available DSP registers.
INFO: [HLS 200-486] Changing DSP latency (root=add_ln443_715) to 3 in order to utilize available DSP registers.
INFO: [HLS 200-486] Changing DSP latency (root=add_ln443_714) to 3 in order to utilize available DSP registers.
INFO: [HLS 200-486] Changing DSP latency (root=add_ln443_713) to 3 in order to utilize available DSP registers.
INFO: [HLS 200-486] Changing DSP latency (root=add_ln443_712) to 3 in order to utilize available DSP registers.
INFO: [HLS 200-486] Changing DSP latency (root=add_ln443_710) to 3 in order to utilize available DSP registers.
INFO: [HLS 200-486] Changing DSP latency (root=add_ln443_709) to 3 in order to utilize available DSP registers.
INFO: [HLS 200-486] Changing DSP latency (root=add_ln443_708) to 3 in order to utilize available DSP registers.
INFO: [HLS 200-486] Changing DSP latency (root=add_ln443_707) to 3 in order to utilize available DSP registers.
INFO: [HLS 200-486] Changing DSP latency (root=add_ln443_704) to 3 in order to utilize available DSP registers.
INFO: [HLS 200-486] Changing DSP latency (root=add_ln443_703) to 3 in order to utilize available DSP registers.
INFO: [HLS 200-486] Changing DSP latency (root=add_ln443_702) to 3 in order to utilize available DSP registers.
INFO: [HLS 200-486] Changing DSP latency (root=add_ln443_701) to 3 in order to utilize available DSP registers.
INFO: [HLS 200-486] Changing DSP latency (root=add_ln443_699) to 3 in order to utilize available DSP registers.
INFO: [HLS 200-486] Changing DSP latency (root=add_ln443_698) to 3 in order to utilize available DSP registers.
INFO: [HLS 200-486] Changing DSP latency (root=add_ln443_696) to 3 in order to utilize available DSP registers.
INFO: [HLS 200-486] Changing DSP latency (root=add_ln443_691) to 3 in order to utilize available DSP registers.
INFO: [HLS 200-486] Changing DSP latency (root=add_ln443_690) to 3 in order to utilize available DSP registers.
INFO: [HLS 200-486] Changing DSP latency (root=add_ln443_689) to 3 in order to utilize available DSP registers.
INFO: [HLS 200-486] Changing DSP latency (root=add_ln443_688) to 3 in order to utilize available DSP registers.
INFO: [HLS 200-486] Changing DSP latency (root=add_ln443_686) to 3 in order to utilize available DSP registers.
INFO: [HLS 200-486] Changing DSP latency (root=add_ln443_685) to 3 in order to utilize available DSP registers.
INFO: [HLS 200-486] Changing DSP latency (root=add_ln443_684) to 3 in order to utilize available DSP registers.
INFO: [HLS 200-486] Changing DSP latency (root=add_ln443_683) to 3 in order to utilize available DSP registers.
INFO: [HLS 200-486] Changing DSP latency (root=add_ln443_680) to 3 in order to utilize available DSP registers.
INFO: [HLS 200-486] Changing DSP latency (root=add_ln443_679) to 3 in order to utilize available DSP registers.
INFO: [HLS 200-486] Changing DSP latency (root=add_ln443_678) to 3 in order to utilize available DSP registers.
INFO: [HLS 200-486] Changing DSP latency (root=add_ln443_677) to 3 in order to utilize available DSP registers.
INFO: [HLS 200-486] Changing DSP latency (root=add_ln443_675) to 3 in order to utilize available DSP registers.
INFO: [HLS 200-486] Changing DSP latency (root=add_ln443_674) to 3 in order to utilize available DSP registers.
INFO: [HLS 200-486] Changing DSP latency (root=add_ln443_672) to 3 in order to utilize available DSP registers.
INFO: [HLS 200-486] Changing DSP latency (root=add_ln443_667) to 3 in order to utilize available DSP registers.
INFO: [HLS 200-486] Changing DSP latency (root=add_ln443_666) to 3 in order to utilize available DSP registers.
INFO: [HLS 200-486] Changing DSP latency (root=add_ln443_665) to 3 in order to utilize available DSP registers.
INFO: [HLS 200-486] Changing DSP latency (root=add_ln443_664) to 3 in order to utilize available DSP registers.
INFO: [HLS 200-486] Changing DSP latency (root=add_ln443_662) to 3 in order to utilize available DSP registers.
INFO: [HLS 200-486] Changing DSP latency (root=add_ln443_661) to 3 in order to utilize available DSP registers.
INFO: [HLS 200-486] Changing DSP latency (root=add_ln443_660) to 3 in order to utilize available DSP registers.
INFO: [HLS 200-486] Changing DSP latency (root=add_ln443_659) to 3 in order to utilize available DSP registers.
INFO: [HLS 200-486] Changing DSP latency (root=add_ln443_656) to 3 in order to utilize available DSP registers.
INFO: [HLS 200-486] Changing DSP latency (root=add_ln443_655) to 3 in order to utilize available DSP registers.
INFO: [HLS 200-486] Changing DSP latency (root=add_ln443_654) to 3 in order to utilize available DSP registers.
INFO: [HLS 200-486] Changing DSP latency (root=add_ln443_653) to 3 in order to utilize available DSP registers.
INFO: [HLS 200-486] Changing DSP latency (root=add_ln443_651) to 3 in order to utilize available DSP registers.
INFO: [HLS 200-486] Changing DSP latency (root=add_ln443_650) to 3 in order to utilize available DSP registers.
INFO: [HLS 200-486] Changing DSP latency (root=add_ln443_648) to 3 in order to utilize available DSP registers.
INFO: [HLS 200-486] Changing DSP latency (root=add_ln443_643) to 3 in order to utilize available DSP registers.
INFO: [HLS 200-486] Changing DSP latency (root=add_ln443_642) to 3 in order to utilize available DSP registers.
INFO: [HLS 200-486] Changing DSP latency (root=add_ln443_641) to 3 in order to utilize available DSP registers.
INFO: [HLS 200-486] Changing DSP latency (root=add_ln443_640) to 3 in order to utilize available DSP registers.
INFO: [HLS 200-486] Changing DSP latency (root=add_ln443_638) to 3 in order to utilize available DSP registers.
INFO: [HLS 200-486] Changing DSP latency (root=add_ln443_637) to 3 in order to utilize available DSP registers.
INFO: [HLS 200-486] Changing DSP latency (root=add_ln443_636) to 3 in order to utilize available DSP registers.
INFO: [HLS 200-486] Changing DSP latency (root=add_ln443_635) to 3 in order to utilize available DSP registers.
INFO: [HLS 200-486] Changing DSP latency (root=add_ln443_632) to 3 in order to utilize available DSP registers.
INFO: [HLS 200-486] Changing DSP latency (root=add_ln443_631) to 3 in order to utilize available DSP registers.
INFO: [HLS 200-486] Changing DSP latency (root=add_ln443_630) to 3 in order to utilize available DSP registers.
INFO: [HLS 200-486] Changing DSP latency (root=add_ln443_629) to 3 in order to utilize available DSP registers.
INFO: [HLS 200-486] Changing DSP latency (root=add_ln443_627) to 3 in order to utilize available DSP registers.
INFO: [HLS 200-486] Changing DSP latency (root=add_ln443_626) to 3 in order to utilize available DSP registers.
INFO: [HLS 200-486] Changing DSP latency (root=add_ln443_624) to 3 in order to utilize available DSP registers.
INFO: [HLS 200-486] Changing DSP latency (root=add_ln443_619) to 3 in order to utilize available DSP registers.
INFO: [HLS 200-486] Changing DSP latency (root=add_ln443_618) to 3 in order to utilize available DSP registers.
INFO: [HLS 200-486] Changing DSP latency (root=add_ln443_617) to 3 in order to utilize available DSP registers.
INFO: [HLS 200-486] Changing DSP latency (root=add_ln443_616) to 3 in order to utilize available DSP registers.
INFO: [HLS 200-486] Changing DSP latency (root=add_ln443_614) to 3 in order to utilize available DSP registers.
INFO: [HLS 200-486] Changing DSP latency (root=add_ln443_613) to 3 in order to utilize available DSP registers.
INFO: [HLS 200-486] Changing DSP latency (root=add_ln443_612) to 3 in order to utilize available DSP registers.
INFO: [HLS 200-486] Changing DSP latency (root=add_ln443_611) to 3 in order to utilize available DSP registers.
INFO: [HLS 200-486] Changing DSP latency (root=add_ln443_608) to 3 in order to utilize available DSP registers.
INFO: [HLS 200-486] Changing DSP latency (root=add_ln443_607) to 3 in order to utilize available DSP registers.
INFO: [HLS 200-486] Changing DSP latency (root=add_ln443_606) to 3 in order to utilize available DSP registers.
INFO: [HLS 200-486] Changing DSP latency (root=add_ln443_605) to 3 in order to utilize available DSP registers.
INFO: [HLS 200-486] Changing DSP latency (root=add_ln443_603) to 3 in order to utilize available DSP registers.
INFO: [HLS 200-486] Changing DSP latency (root=add_ln443_602) to 3 in order to utilize available DSP registers.
INFO: [HLS 200-486] Changing DSP latency (root=add_ln443_600) to 3 in order to utilize available DSP registers.
INFO: [HLS 200-486] Changing DSP latency (root=add_ln443_595) to 3 in order to utilize available DSP registers.
INFO: [HLS 200-486] Changing DSP latency (root=add_ln443_594) to 3 in order to utilize available DSP registers.
INFO: [HLS 200-486] Changing DSP latency (root=add_ln443_593) to 3 in order to utilize available DSP registers.
INFO: [HLS 200-486] Changing DSP latency (root=add_ln443_592) to 3 in order to utilize available DSP registers.
INFO: [HLS 200-486] Changing DSP latency (root=add_ln443_590) to 3 in order to utilize available DSP registers.
INFO: [HLS 200-486] Changing DSP latency (root=add_ln443_589) to 3 in order to utilize available DSP registers.
INFO: [HLS 200-486] Changing DSP latency (root=add_ln443_588) to 3 in order to utilize available DSP registers.
INFO: [HLS 200-486] Changing DSP latency (root=add_ln443_587) to 3 in order to utilize available DSP registers.
INFO: [HLS 200-486] Changing DSP latency (root=add_ln443_584) to 3 in order to utilize available DSP registers.
INFO: [HLS 200-486] Changing DSP latency (root=add_ln443_583) to 3 in order to utilize available DSP registers.
INFO: [HLS 200-486] Changing DSP latency (root=add_ln443_582) to 3 in order to utilize available DSP registers.
INFO: [HLS 200-486] Changing DSP latency (root=add_ln443_581) to 3 in order to utilize available DSP registers.
INFO: [HLS 200-486] Changing DSP latency (root=add_ln443_579) to 3 in order to utilize available DSP registers.
INFO: [HLS 200-486] Changing DSP latency (root=add_ln443_578) to 3 in order to utilize available DSP registers.
INFO: [HLS 200-486] Changing DSP latency (root=add_ln443_576) to 3 in order to utilize available DSP registers.
INFO: [HLS 200-486] Changing DSP latency (root=add_ln443_571) to 3 in order to utilize available DSP registers.
INFO: [HLS 200-486] Changing DSP latency (root=add_ln443_570) to 3 in order to utilize available DSP registers.
INFO: [HLS 200-486] Changing DSP latency (root=add_ln443_569) to 3 in order to utilize available DSP registers.
INFO: [HLS 200-486] Changing DSP latency (root=add_ln443_568) to 3 in order to utilize available DSP registers.
INFO: [HLS 200-486] Changing DSP latency (root=add_ln443_566) to 3 in order to utilize available DSP registers.
INFO: [HLS 200-486] Changing DSP latency (root=add_ln443_565) to 3 in order to utilize available DSP registers.
INFO: [HLS 200-486] Changing DSP latency (root=add_ln443_564) to 3 in order to utilize available DSP registers.
INFO: [HLS 200-486] Changing DSP latency (root=add_ln443_563) to 3 in order to utilize available DSP registers.
INFO: [HLS 200-486] Changing DSP latency (root=add_ln443_560) to 3 in order to utilize available DSP registers.
INFO: [HLS 200-486] Changing DSP latency (root=add_ln443_559) to 3 in order to utilize available DSP registers.
INFO: [HLS 200-486] Changing DSP latency (root=add_ln443_558) to 3 in order to utilize available DSP registers.
INFO: [HLS 200-486] Changing DSP latency (root=add_ln443_557) to 3 in order to utilize available DSP registers.
INFO: [HLS 200-486] Changing DSP latency (root=add_ln443_555) to 3 in order to utilize available DSP registers.
INFO: [HLS 200-486] Changing DSP latency (root=add_ln443_554) to 3 in order to utilize available DSP registers.
INFO: [HLS 200-486] Changing DSP latency (root=add_ln443_552) to 3 in order to utilize available DSP registers.
INFO: [HLS 200-486] Changing DSP latency (root=add_ln443_547) to 3 in order to utilize available DSP registers.
INFO: [HLS 200-486] Changing DSP latency (root=add_ln443_546) to 3 in order to utilize available DSP registers.
INFO: [HLS 200-486] Changing DSP latency (root=add_ln443_545) to 3 in order to utilize available DSP registers.
INFO: [HLS 200-486] Changing DSP latency (root=add_ln443_544) to 3 in order to utilize available DSP registers.
INFO: [HLS 200-486] Changing DSP latency (root=add_ln443_542) to 3 in order to utilize available DSP registers.
INFO: [HLS 200-486] Changing DSP latency (root=add_ln443_541) to 3 in order to utilize available DSP registers.
INFO: [HLS 200-486] Changing DSP latency (root=add_ln443_540) to 3 in order to utilize available DSP registers.
INFO: [HLS 200-486] Changing DSP latency (root=add_ln443_539) to 3 in order to utilize available DSP registers.
INFO: [HLS 200-486] Changing DSP latency (root=add_ln443_536) to 3 in order to utilize available DSP registers.
INFO: [HLS 200-486] Changing DSP latency (root=add_ln443_535) to 3 in order to utilize available DSP registers.
INFO: [HLS 200-486] Changing DSP latency (root=add_ln443_534) to 3 in order to utilize available DSP registers.
INFO: [HLS 200-486] Changing DSP latency (root=add_ln443_533) to 3 in order to utilize available DSP registers.
INFO: [HLS 200-486] Changing DSP latency (root=add_ln443_531) to 3 in order to utilize available DSP registers.
INFO: [HLS 200-486] Changing DSP latency (root=add_ln443_530) to 3 in order to utilize available DSP registers.
INFO: [HLS 200-486] Changing DSP latency (root=add_ln443_528) to 3 in order to utilize available DSP registers.
INFO: [HLS 200-486] Changing DSP latency (root=add_ln443_523) to 3 in order to utilize available DSP registers.
INFO: [HLS 200-486] Changing DSP latency (root=add_ln443_522) to 3 in order to utilize available DSP registers.
INFO: [HLS 200-486] Changing DSP latency (root=add_ln443_521) to 3 in order to utilize available DSP registers.
INFO: [HLS 200-486] Changing DSP latency (root=add_ln443_520) to 3 in order to utilize available DSP registers.
INFO: [HLS 200-486] Changing DSP latency (root=add_ln443_518) to 3 in order to utilize available DSP registers.
INFO: [HLS 200-486] Changing DSP latency (root=add_ln443_517) to 3 in order to utilize available DSP registers.
INFO: [HLS 200-486] Changing DSP latency (root=add_ln443_516) to 3 in order to utilize available DSP registers.
INFO: [HLS 200-486] Changing DSP latency (root=add_ln443_515) to 3 in order to utilize available DSP registers.
INFO: [HLS 200-486] Changing DSP latency (root=add_ln443_512) to 3 in order to utilize available DSP registers.
INFO: [HLS 200-486] Changing DSP latency (root=add_ln443_511) to 3 in order to utilize available DSP registers.
INFO: [HLS 200-486] Changing DSP latency (root=add_ln443_510) to 3 in order to utilize available DSP registers.
INFO: [HLS 200-486] Changing DSP latency (root=add_ln443_509) to 3 in order to utilize available DSP registers.
INFO: [HLS 200-486] Changing DSP latency (root=add_ln443_507) to 3 in order to utilize available DSP registers.
INFO: [HLS 200-486] Changing DSP latency (root=add_ln443_506) to 3 in order to utilize available DSP registers.
INFO: [HLS 200-486] Changing DSP latency (root=add_ln443_504) to 3 in order to utilize available DSP registers.
INFO: [HLS 200-486] Changing DSP latency (root=add_ln443_499) to 3 in order to utilize available DSP registers.
INFO: [HLS 200-486] Changing DSP latency (root=add_ln443_498) to 3 in order to utilize available DSP registers.
INFO: [HLS 200-486] Changing DSP latency (root=add_ln443_497) to 3 in order to utilize available DSP registers.
INFO: [HLS 200-486] Changing DSP latency (root=add_ln443_496) to 3 in order to utilize available DSP registers.
INFO: [HLS 200-486] Changing DSP latency (root=add_ln443_494) to 3 in order to utilize available DSP registers.
INFO: [HLS 200-486] Changing DSP latency (root=add_ln443_493) to 3 in order to utilize available DSP registers.
INFO: [HLS 200-486] Changing DSP latency (root=add_ln443_492) to 3 in order to utilize available DSP registers.
INFO: [HLS 200-486] Changing DSP latency (root=add_ln443_491) to 3 in order to utilize available DSP registers.
INFO: [HLS 200-486] Changing DSP latency (root=add_ln443_488) to 3 in order to utilize available DSP registers.
INFO: [HLS 200-486] Changing DSP latency (root=add_ln443_487) to 3 in order to utilize available DSP registers.
INFO: [HLS 200-486] Changing DSP latency (root=add_ln443_486) to 3 in order to utilize available DSP registers.
INFO: [HLS 200-486] Changing DSP latency (root=add_ln443_485) to 3 in order to utilize available DSP registers.
INFO: [HLS 200-486] Changing DSP latency (root=add_ln443_483) to 3 in order to utilize available DSP registers.
INFO: [HLS 200-486] Changing DSP latency (root=add_ln443_482) to 3 in order to utilize available DSP registers.
INFO: [HLS 200-486] Changing DSP latency (root=add_ln443_480) to 3 in order to utilize available DSP registers.
INFO: [HLS 200-486] Changing DSP latency (root=add_ln443_475) to 3 in order to utilize available DSP registers.
INFO: [HLS 200-486] Changing DSP latency (root=add_ln443_474) to 3 in order to utilize available DSP registers.
INFO: [HLS 200-486] Changing DSP latency (root=add_ln443_473) to 3 in order to utilize available DSP registers.
INFO: [HLS 200-486] Changing DSP latency (root=add_ln443_472) to 3 in order to utilize available DSP registers.
INFO: [HLS 200-486] Changing DSP latency (root=add_ln443_470) to 3 in order to utilize available DSP registers.
INFO: [HLS 200-486] Changing DSP latency (root=add_ln443_469) to 3 in order to utilize available DSP registers.
INFO: [HLS 200-486] Changing DSP latency (root=add_ln443_468) to 3 in order to utilize available DSP registers.
INFO: [HLS 200-486] Changing DSP latency (root=add_ln443_467) to 3 in order to utilize available DSP registers.
INFO: [HLS 200-486] Changing DSP latency (root=add_ln443_464) to 3 in order to utilize available DSP registers.
INFO: [HLS 200-486] Changing DSP latency (root=add_ln443_463) to 3 in order to utilize available DSP registers.
INFO: [HLS 200-486] Changing DSP latency (root=add_ln443_462) to 3 in order to utilize available DSP registers.
INFO: [HLS 200-486] Changing DSP latency (root=add_ln443_461) to 3 in order to utilize available DSP registers.
INFO: [HLS 200-486] Changing DSP latency (root=add_ln443_459) to 3 in order to utilize available DSP registers.
INFO: [HLS 200-486] Changing DSP latency (root=add_ln443_458) to 3 in order to utilize available DSP registers.
INFO: [HLS 200-486] Changing DSP latency (root=add_ln443_456) to 3 in order to utilize available DSP registers.
INFO: [HLS 200-486] Changing DSP latency (root=add_ln443_451) to 3 in order to utilize available DSP registers.
INFO: [HLS 200-486] Changing DSP latency (root=add_ln443_450) to 3 in order to utilize available DSP registers.
INFO: [HLS 200-486] Changing DSP latency (root=add_ln443_449) to 3 in order to utilize available DSP registers.
INFO: [HLS 200-486] Changing DSP latency (root=add_ln443_448) to 3 in order to utilize available DSP registers.
INFO: [HLS 200-486] Changing DSP latency (root=add_ln443_446) to 3 in order to utilize available DSP registers.
INFO: [HLS 200-486] Changing DSP latency (root=add_ln443_445) to 3 in order to utilize available DSP registers.
INFO: [HLS 200-486] Changing DSP latency (root=add_ln443_444) to 3 in order to utilize available DSP registers.
INFO: [HLS 200-486] Changing DSP latency (root=add_ln443_443) to 3 in order to utilize available DSP registers.
INFO: [HLS 200-486] Changing DSP latency (root=add_ln443_440) to 3 in order to utilize available DSP registers.
INFO: [HLS 200-486] Changing DSP latency (root=add_ln443_439) to 3 in order to utilize available DSP registers.
INFO: [HLS 200-486] Changing DSP latency (root=add_ln443_438) to 3 in order to utilize available DSP registers.
INFO: [HLS 200-486] Changing DSP latency (root=add_ln443_437) to 3 in order to utilize available DSP registers.
INFO: [HLS 200-486] Changing DSP latency (root=add_ln443_435) to 3 in order to utilize available DSP registers.
INFO: [HLS 200-486] Changing DSP latency (root=add_ln443_434) to 3 in order to utilize available DSP registers.
INFO: [HLS 200-486] Changing DSP latency (root=add_ln443_432) to 3 in order to utilize available DSP registers.
INFO: [HLS 200-486] Changing DSP latency (root=add_ln443_427) to 3 in order to utilize available DSP registers.
INFO: [HLS 200-486] Changing DSP latency (root=add_ln443_426) to 3 in order to utilize available DSP registers.
INFO: [HLS 200-486] Changing DSP latency (root=add_ln443_425) to 3 in order to utilize available DSP registers.
INFO: [HLS 200-486] Changing DSP latency (root=add_ln443_424) to 3 in order to utilize available DSP registers.
INFO: [HLS 200-486] Changing DSP latency (root=add_ln443_422) to 3 in order to utilize available DSP registers.
INFO: [HLS 200-486] Changing DSP latency (root=add_ln443_421) to 3 in order to utilize available DSP registers.
INFO: [HLS 200-486] Changing DSP latency (root=add_ln443_420) to 3 in order to utilize available DSP registers.
INFO: [HLS 200-486] Changing DSP latency (root=add_ln443_419) to 3 in order to utilize available DSP registers.
INFO: [HLS 200-486] Changing DSP latency (root=add_ln443_416) to 3 in order to utilize available DSP registers.
INFO: [HLS 200-486] Changing DSP latency (root=add_ln443_415) to 3 in order to utilize available DSP registers.
INFO: [HLS 200-486] Changing DSP latency (root=add_ln443_414) to 3 in order to utilize available DSP registers.
INFO: [HLS 200-486] Changing DSP latency (root=add_ln443_413) to 3 in order to utilize available DSP registers.
INFO: [HLS 200-486] Changing DSP latency (root=add_ln443_411) to 3 in order to utilize available DSP registers.
INFO: [HLS 200-486] Changing DSP latency (root=add_ln443_410) to 3 in order to utilize available DSP registers.
INFO: [HLS 200-486] Changing DSP latency (root=add_ln443_408) to 3 in order to utilize available DSP registers.
INFO: [HLS 200-486] Changing DSP latency (root=add_ln443_403) to 3 in order to utilize available DSP registers.
INFO: [HLS 200-486] Changing DSP latency (root=add_ln443_402) to 3 in order to utilize available DSP registers.
INFO: [HLS 200-486] Changing DSP latency (root=add_ln443_401) to 3 in order to utilize available DSP registers.
INFO: [HLS 200-486] Changing DSP latency (root=add_ln443_400) to 3 in order to utilize available DSP registers.
INFO: [HLS 200-486] Changing DSP latency (root=add_ln443_398) to 3 in order to utilize available DSP registers.
INFO: [HLS 200-486] Changing DSP latency (root=add_ln443_397) to 3 in order to utilize available DSP registers.
INFO: [HLS 200-486] Changing DSP latency (root=add_ln443_396) to 3 in order to utilize available DSP registers.
INFO: [HLS 200-486] Changing DSP latency (root=add_ln443_395) to 3 in order to utilize available DSP registers.
INFO: [HLS 200-486] Changing DSP latency (root=add_ln443_392) to 3 in order to utilize available DSP registers.
INFO: [HLS 200-486] Changing DSP latency (root=add_ln443_391) to 3 in order to utilize available DSP registers.
INFO: [HLS 200-486] Changing DSP latency (root=add_ln443_390) to 3 in order to utilize available DSP registers.
INFO: [HLS 200-486] Changing DSP latency (root=add_ln443_389) to 3 in order to utilize available DSP registers.
INFO: [HLS 200-486] Changing DSP latency (root=add_ln443_387) to 3 in order to utilize available DSP registers.
INFO: [HLS 200-486] Changing DSP latency (root=add_ln443_386) to 3 in order to utilize available DSP registers.
INFO: [HLS 200-486] Changing DSP latency (root=add_ln443_384) to 3 in order to utilize available DSP registers.
INFO: [HLS 200-486] Changing DSP latency (root=add_ln443_379) to 3 in order to utilize available DSP registers.
INFO: [HLS 200-486] Changing DSP latency (root=add_ln443_378) to 3 in order to utilize available DSP registers.
INFO: [HLS 200-486] Changing DSP latency (root=add_ln443_377) to 3 in order to utilize available DSP registers.
INFO: [HLS 200-486] Changing DSP latency (root=add_ln443_376) to 3 in order to utilize available DSP registers.
INFO: [HLS 200-486] Changing DSP latency (root=add_ln443_374) to 3 in order to utilize available DSP registers.
INFO: [HLS 200-486] Changing DSP latency (root=add_ln443_373) to 3 in order to utilize available DSP registers.
INFO: [HLS 200-486] Changing DSP latency (root=add_ln443_372) to 3 in order to utilize available DSP registers.
INFO: [HLS 200-486] Changing DSP latency (root=add_ln443_371) to 3 in order to utilize available DSP registers.
INFO: [HLS 200-486] Changing DSP latency (root=add_ln443_368) to 3 in order to utilize available DSP registers.
INFO: [HLS 200-486] Changing DSP latency (root=add_ln443_367) to 3 in order to utilize available DSP registers.
INFO: [HLS 200-486] Changing DSP latency (root=add_ln443_366) to 3 in order to utilize available DSP registers.
INFO: [HLS 200-486] Changing DSP latency (root=add_ln443_365) to 3 in order to utilize available DSP registers.
INFO: [HLS 200-486] Changing DSP latency (root=add_ln443_363) to 3 in order to utilize available DSP registers.
INFO: [HLS 200-486] Changing DSP latency (root=add_ln443_362) to 3 in order to utilize available DSP registers.
INFO: [HLS 200-486] Changing DSP latency (root=add_ln443_360) to 3 in order to utilize available DSP registers.
INFO: [HLS 200-486] Changing DSP latency (root=add_ln443_355) to 3 in order to utilize available DSP registers.
INFO: [HLS 200-486] Changing DSP latency (root=add_ln443_354) to 3 in order to utilize available DSP registers.
INFO: [HLS 200-486] Changing DSP latency (root=add_ln443_353) to 3 in order to utilize available DSP registers.
INFO: [HLS 200-486] Changing DSP latency (root=add_ln443_352) to 3 in order to utilize available DSP registers.
INFO: [HLS 200-486] Changing DSP latency (root=add_ln443_350) to 3 in order to utilize available DSP registers.
INFO: [HLS 200-486] Changing DSP latency (root=add_ln443_349) to 3 in order to utilize available DSP registers.
INFO: [HLS 200-486] Changing DSP latency (root=add_ln443_348) to 3 in order to utilize available DSP registers.
INFO: [HLS 200-486] Changing DSP latency (root=add_ln443_347) to 3 in order to utilize available DSP registers.
INFO: [HLS 200-486] Changing DSP latency (root=add_ln443_344) to 3 in order to utilize available DSP registers.
INFO: [HLS 200-486] Changing DSP latency (root=add_ln443_343) to 3 in order to utilize available DSP registers.
INFO: [HLS 200-486] Changing DSP latency (root=add_ln443_342) to 3 in order to utilize available DSP registers.
INFO: [HLS 200-486] Changing DSP latency (root=add_ln443_341) to 3 in order to utilize available DSP registers.
INFO: [HLS 200-486] Changing DSP latency (root=add_ln443_339) to 3 in order to utilize available DSP registers.
INFO: [HLS 200-486] Changing DSP latency (root=add_ln443_338) to 3 in order to utilize available DSP registers.
INFO: [HLS 200-486] Changing DSP latency (root=add_ln443_336) to 3 in order to utilize available DSP registers.
INFO: [HLS 200-486] Changing DSP latency (root=add_ln443_331) to 3 in order to utilize available DSP registers.
INFO: [HLS 200-486] Changing DSP latency (root=add_ln443_330) to 3 in order to utilize available DSP registers.
INFO: [HLS 200-486] Changing DSP latency (root=add_ln443_329) to 3 in order to utilize available DSP registers.
INFO: [HLS 200-486] Changing DSP latency (root=add_ln443_328) to 3 in order to utilize available DSP registers.
INFO: [HLS 200-486] Changing DSP latency (root=add_ln443_326) to 3 in order to utilize available DSP registers.
INFO: [HLS 200-486] Changing DSP latency (root=add_ln443_325) to 3 in order to utilize available DSP registers.
INFO: [HLS 200-486] Changing DSP latency (root=add_ln443_324) to 3 in order to utilize available DSP registers.
INFO: [HLS 200-486] Changing DSP latency (root=add_ln443_323) to 3 in order to utilize available DSP registers.
INFO: [HLS 200-486] Changing DSP latency (root=add_ln443_320) to 3 in order to utilize available DSP registers.
INFO: [HLS 200-486] Changing DSP latency (root=add_ln443_319) to 3 in order to utilize available DSP registers.
INFO: [HLS 200-486] Changing DSP latency (root=add_ln443_318) to 3 in order to utilize available DSP registers.
INFO: [HLS 200-486] Changing DSP latency (root=add_ln443_317) to 3 in order to utilize available DSP registers.
INFO: [HLS 200-486] Changing DSP latency (root=add_ln443_315) to 3 in order to utilize available DSP registers.
INFO: [HLS 200-486] Changing DSP latency (root=add_ln443_314) to 3 in order to utilize available DSP registers.
INFO: [HLS 200-486] Changing DSP latency (root=add_ln443_312) to 3 in order to utilize available DSP registers.
INFO: [HLS 200-486] Changing DSP latency (root=add_ln443_307) to 3 in order to utilize available DSP registers.
INFO: [HLS 200-486] Changing DSP latency (root=add_ln443_306) to 3 in order to utilize available DSP registers.
INFO: [HLS 200-486] Changing DSP latency (root=add_ln443_305) to 3 in order to utilize available DSP registers.
INFO: [HLS 200-486] Changing DSP latency (root=add_ln443_304) to 3 in order to utilize available DSP registers.
INFO: [HLS 200-486] Changing DSP latency (root=add_ln443_302) to 3 in order to utilize available DSP registers.
INFO: [HLS 200-486] Changing DSP latency (root=add_ln443_301) to 3 in order to utilize available DSP registers.
INFO: [HLS 200-486] Changing DSP latency (root=add_ln443_300) to 3 in order to utilize available DSP registers.
INFO: [HLS 200-486] Changing DSP latency (root=add_ln443_299) to 3 in order to utilize available DSP registers.
INFO: [HLS 200-486] Changing DSP latency (root=add_ln443_296) to 3 in order to utilize available DSP registers.
INFO: [HLS 200-486] Changing DSP latency (root=add_ln443_295) to 3 in order to utilize available DSP registers.
INFO: [HLS 200-486] Changing DSP latency (root=add_ln443_294) to 3 in order to utilize available DSP registers.
INFO: [HLS 200-486] Changing DSP latency (root=add_ln443_293) to 3 in order to utilize available DSP registers.
INFO: [HLS 200-486] Changing DSP latency (root=add_ln443_291) to 3 in order to utilize available DSP registers.
INFO: [HLS 200-486] Changing DSP latency (root=add_ln443_290) to 3 in order to utilize available DSP registers.
INFO: [HLS 200-486] Changing DSP latency (root=add_ln443_288) to 3 in order to utilize available DSP registers.
INFO: [HLS 200-486] Changing DSP latency (root=add_ln443_283) to 3 in order to utilize available DSP registers.
INFO: [HLS 200-486] Changing DSP latency (root=add_ln443_282) to 3 in order to utilize available DSP registers.
INFO: [HLS 200-486] Changing DSP latency (root=add_ln443_281) to 3 in order to utilize available DSP registers.
INFO: [HLS 200-486] Changing DSP latency (root=add_ln443_280) to 3 in order to utilize available DSP registers.
INFO: [HLS 200-486] Changing DSP latency (root=add_ln443_278) to 3 in order to utilize available DSP registers.
INFO: [HLS 200-486] Changing DSP latency (root=add_ln443_277) to 3 in order to utilize available DSP registers.
INFO: [HLS 200-486] Changing DSP latency (root=add_ln443_276) to 3 in order to utilize available DSP registers.
INFO: [HLS 200-486] Changing DSP latency (root=add_ln443_275) to 3 in order to utilize available DSP registers.
INFO: [HLS 200-486] Changing DSP latency (root=add_ln443_272) to 3 in order to utilize available DSP registers.
INFO: [HLS 200-486] Changing DSP latency (root=add_ln443_271) to 3 in order to utilize available DSP registers.
INFO: [HLS 200-486] Changing DSP latency (root=add_ln443_270) to 3 in order to utilize available DSP registers.
INFO: [HLS 200-486] Changing DSP latency (root=add_ln443_269) to 3 in order to utilize available DSP registers.
INFO: [HLS 200-486] Changing DSP latency (root=add_ln443_267) to 3 in order to utilize available DSP registers.
INFO: [HLS 200-486] Changing DSP latency (root=add_ln443_266) to 3 in order to utilize available DSP registers.
INFO: [HLS 200-486] Changing DSP latency (root=add_ln443_264) to 3 in order to utilize available DSP registers.
INFO: [HLS 200-486] Changing DSP latency (root=add_ln443_259) to 3 in order to utilize available DSP registers.
INFO: [HLS 200-486] Changing DSP latency (root=add_ln443_258) to 3 in order to utilize available DSP registers.
INFO: [HLS 200-486] Changing DSP latency (root=add_ln443_257) to 3 in order to utilize available DSP registers.
INFO: [HLS 200-486] Changing DSP latency (root=add_ln443_256) to 3 in order to utilize available DSP registers.
INFO: [HLS 200-486] Changing DSP latency (root=add_ln443_254) to 3 in order to utilize available DSP registers.
INFO: [HLS 200-486] Changing DSP latency (root=add_ln443_253) to 3 in order to utilize available DSP registers.
INFO: [HLS 200-486] Changing DSP latency (root=add_ln443_252) to 3 in order to utilize available DSP registers.
INFO: [HLS 200-486] Changing DSP latency (root=add_ln443_251) to 3 in order to utilize available DSP registers.
INFO: [HLS 200-486] Changing DSP latency (root=add_ln443_248) to 3 in order to utilize available DSP registers.
INFO: [HLS 200-486] Changing DSP latency (root=add_ln443_247) to 3 in order to utilize available DSP registers.
INFO: [HLS 200-486] Changing DSP latency (root=add_ln443_246) to 3 in order to utilize available DSP registers.
INFO: [HLS 200-486] Changing DSP latency (root=add_ln443_245) to 3 in order to utilize available DSP registers.
INFO: [HLS 200-486] Changing DSP latency (root=add_ln443_243) to 3 in order to utilize available DSP registers.
INFO: [HLS 200-486] Changing DSP latency (root=add_ln443_242) to 3 in order to utilize available DSP registers.
INFO: [HLS 200-486] Changing DSP latency (root=add_ln443_240) to 3 in order to utilize available DSP registers.
INFO: [HLS 200-486] Changing DSP latency (root=add_ln443_235) to 3 in order to utilize available DSP registers.
INFO: [HLS 200-486] Changing DSP latency (root=add_ln443_234) to 3 in order to utilize available DSP registers.
INFO: [HLS 200-486] Changing DSP latency (root=add_ln443_233) to 3 in order to utilize available DSP registers.
INFO: [HLS 200-486] Changing DSP latency (root=add_ln443_232) to 3 in order to utilize available DSP registers.
INFO: [HLS 200-486] Changing DSP latency (root=add_ln443_230) to 3 in order to utilize available DSP registers.
INFO: [HLS 200-486] Changing DSP latency (root=add_ln443_229) to 3 in order to utilize available DSP registers.
INFO: [HLS 200-486] Changing DSP latency (root=add_ln443_228) to 3 in order to utilize available DSP registers.
INFO: [HLS 200-486] Changing DSP latency (root=add_ln443_227) to 3 in order to utilize available DSP registers.
INFO: [HLS 200-486] Changing DSP latency (root=add_ln443_224) to 3 in order to utilize available DSP registers.
INFO: [HLS 200-486] Changing DSP latency (root=add_ln443_223) to 3 in order to utilize available DSP registers.
INFO: [HLS 200-486] Changing DSP latency (root=add_ln443_222) to 3 in order to utilize available DSP registers.
INFO: [HLS 200-486] Changing DSP latency (root=add_ln443_221) to 3 in order to utilize available DSP registers.
INFO: [HLS 200-486] Changing DSP latency (root=add_ln443_219) to 3 in order to utilize available DSP registers.
INFO: [HLS 200-486] Changing DSP latency (root=add_ln443_218) to 3 in order to utilize available DSP registers.
INFO: [HLS 200-486] Changing DSP latency (root=add_ln443_216) to 3 in order to utilize available DSP registers.
INFO: [HLS 200-486] Changing DSP latency (root=add_ln443_211) to 3 in order to utilize available DSP registers.
INFO: [HLS 200-486] Changing DSP latency (root=add_ln443_210) to 3 in order to utilize available DSP registers.
INFO: [HLS 200-486] Changing DSP latency (root=add_ln443_209) to 3 in order to utilize available DSP registers.
INFO: [HLS 200-486] Changing DSP latency (root=add_ln443_208) to 3 in order to utilize available DSP registers.
INFO: [HLS 200-486] Changing DSP latency (root=add_ln443_206) to 3 in order to utilize available DSP registers.
INFO: [HLS 200-486] Changing DSP latency (root=add_ln443_205) to 3 in order to utilize available DSP registers.
INFO: [HLS 200-486] Changing DSP latency (root=add_ln443_204) to 3 in order to utilize available DSP registers.
INFO: [HLS 200-486] Changing DSP latency (root=add_ln443_203) to 3 in order to utilize available DSP registers.
INFO: [HLS 200-486] Changing DSP latency (root=add_ln443_200) to 3 in order to utilize available DSP registers.
INFO: [HLS 200-486] Changing DSP latency (root=add_ln443_199) to 3 in order to utilize available DSP registers.
INFO: [HLS 200-486] Changing DSP latency (root=add_ln443_198) to 3 in order to utilize available DSP registers.
INFO: [HLS 200-486] Changing DSP latency (root=add_ln443_197) to 3 in order to utilize available DSP registers.
INFO: [HLS 200-486] Changing DSP latency (root=add_ln443_195) to 3 in order to utilize available DSP registers.
INFO: [HLS 200-486] Changing DSP latency (root=add_ln443_194) to 3 in order to utilize available DSP registers.
INFO: [HLS 200-486] Changing DSP latency (root=add_ln443_192) to 3 in order to utilize available DSP registers.
INFO: [HLS 200-486] Changing DSP latency (root=add_ln443_187) to 3 in order to utilize available DSP registers.
INFO: [HLS 200-486] Changing DSP latency (root=add_ln443_186) to 3 in order to utilize available DSP registers.
INFO: [HLS 200-486] Changing DSP latency (root=add_ln443_185) to 3 in order to utilize available DSP registers.
INFO: [HLS 200-486] Changing DSP latency (root=add_ln443_184) to 3 in order to utilize available DSP registers.
INFO: [HLS 200-486] Changing DSP latency (root=add_ln443_182) to 3 in order to utilize available DSP registers.
INFO: [HLS 200-486] Changing DSP latency (root=add_ln443_181) to 3 in order to utilize available DSP registers.
INFO: [HLS 200-486] Changing DSP latency (root=add_ln443_180) to 3 in order to utilize available DSP registers.
INFO: [HLS 200-486] Changing DSP latency (root=add_ln443_179) to 3 in order to utilize available DSP registers.
INFO: [HLS 200-486] Changing DSP latency (root=add_ln443_176) to 3 in order to utilize available DSP registers.
INFO: [HLS 200-486] Changing DSP latency (root=add_ln443_175) to 3 in order to utilize available DSP registers.
INFO: [HLS 200-486] Changing DSP latency (root=add_ln443_174) to 3 in order to utilize available DSP registers.
INFO: [HLS 200-486] Changing DSP latency (root=add_ln443_173) to 3 in order to utilize available DSP registers.
INFO: [HLS 200-486] Changing DSP latency (root=add_ln443_171) to 3 in order to utilize available DSP registers.
INFO: [HLS 200-486] Changing DSP latency (root=add_ln443_170) to 3 in order to utilize available DSP registers.
INFO: [HLS 200-486] Changing DSP latency (root=add_ln443_168) to 3 in order to utilize available DSP registers.
INFO: [HLS 200-486] Changing DSP latency (root=add_ln443_163) to 3 in order to utilize available DSP registers.
INFO: [HLS 200-486] Changing DSP latency (root=add_ln443_162) to 3 in order to utilize available DSP registers.
INFO: [HLS 200-486] Changing DSP latency (root=add_ln443_161) to 3 in order to utilize available DSP registers.
INFO: [HLS 200-486] Changing DSP latency (root=add_ln443_160) to 3 in order to utilize available DSP registers.
INFO: [HLS 200-486] Changing DSP latency (root=add_ln443_158) to 3 in order to utilize available DSP registers.
INFO: [HLS 200-486] Changing DSP latency (root=add_ln443_157) to 3 in order to utilize available DSP registers.
INFO: [HLS 200-486] Changing DSP latency (root=add_ln443_156) to 3 in order to utilize available DSP registers.
INFO: [HLS 200-486] Changing DSP latency (root=add_ln443_155) to 3 in order to utilize available DSP registers.
INFO: [HLS 200-486] Changing DSP latency (root=add_ln443_152) to 3 in order to utilize available DSP registers.
INFO: [HLS 200-486] Changing DSP latency (root=add_ln443_151) to 3 in order to utilize available DSP registers.
INFO: [HLS 200-486] Changing DSP latency (root=add_ln443_150) to 3 in order to utilize available DSP registers.
INFO: [HLS 200-486] Changing DSP latency (root=add_ln443_149) to 3 in order to utilize available DSP registers.
INFO: [HLS 200-486] Changing DSP latency (root=add_ln443_147) to 3 in order to utilize available DSP registers.
INFO: [HLS 200-486] Changing DSP latency (root=add_ln443_146) to 3 in order to utilize available DSP registers.
INFO: [HLS 200-486] Changing DSP latency (root=add_ln443_144) to 3 in order to utilize available DSP registers.
INFO: [HLS 200-486] Changing DSP latency (root=add_ln443_139) to 3 in order to utilize available DSP registers.
INFO: [HLS 200-486] Changing DSP latency (root=add_ln443_138) to 3 in order to utilize available DSP registers.
INFO: [HLS 200-486] Changing DSP latency (root=add_ln443_137) to 3 in order to utilize available DSP registers.
INFO: [HLS 200-486] Changing DSP latency (root=add_ln443_136) to 3 in order to utilize available DSP registers.
INFO: [HLS 200-486] Changing DSP latency (root=add_ln443_134) to 3 in order to utilize available DSP registers.
INFO: [HLS 200-486] Changing DSP latency (root=add_ln443_133) to 3 in order to utilize available DSP registers.
INFO: [HLS 200-486] Changing DSP latency (root=add_ln443_132) to 3 in order to utilize available DSP registers.
INFO: [HLS 200-486] Changing DSP latency (root=add_ln443_131) to 3 in order to utilize available DSP registers.
INFO: [HLS 200-486] Changing DSP latency (root=add_ln443_128) to 3 in order to utilize available DSP registers.
INFO: [HLS 200-486] Changing DSP latency (root=add_ln443_127) to 3 in order to utilize available DSP registers.
INFO: [HLS 200-486] Changing DSP latency (root=add_ln443_126) to 3 in order to utilize available DSP registers.
INFO: [HLS 200-486] Changing DSP latency (root=add_ln443_125) to 3 in order to utilize available DSP registers.
INFO: [HLS 200-486] Changing DSP latency (root=add_ln443_123) to 3 in order to utilize available DSP registers.
INFO: [HLS 200-486] Changing DSP latency (root=add_ln443_122) to 3 in order to utilize available DSP registers.
INFO: [HLS 200-486] Changing DSP latency (root=add_ln443_120) to 3 in order to utilize available DSP registers.
INFO: [HLS 200-486] Changing DSP latency (root=add_ln443_115) to 3 in order to utilize available DSP registers.
INFO: [HLS 200-486] Changing DSP latency (root=add_ln443_114) to 3 in order to utilize available DSP registers.
INFO: [HLS 200-486] Changing DSP latency (root=add_ln443_113) to 3 in order to utilize available DSP registers.
INFO: [HLS 200-486] Changing DSP latency (root=add_ln443_112) to 3 in order to utilize available DSP registers.
INFO: [HLS 200-486] Changing DSP latency (root=add_ln443_110) to 3 in order to utilize available DSP registers.
INFO: [HLS 200-486] Changing DSP latency (root=add_ln443_109) to 3 in order to utilize available DSP registers.
INFO: [HLS 200-486] Changing DSP latency (root=add_ln443_108) to 3 in order to utilize available DSP registers.
INFO: [HLS 200-486] Changing DSP latency (root=add_ln443_107) to 3 in order to utilize available DSP registers.
INFO: [HLS 200-486] Changing DSP latency (root=add_ln443_104) to 3 in order to utilize available DSP registers.
INFO: [HLS 200-486] Changing DSP latency (root=add_ln443_103) to 3 in order to utilize available DSP registers.
INFO: [HLS 200-486] Changing DSP latency (root=add_ln443_102) to 3 in order to utilize available DSP registers.
INFO: [HLS 200-486] Changing DSP latency (root=add_ln443_101) to 3 in order to utilize available DSP registers.
INFO: [HLS 200-486] Changing DSP latency (root=add_ln443_99) to 3 in order to utilize available DSP registers.
INFO: [HLS 200-486] Changing DSP latency (root=add_ln443_98) to 3 in order to utilize available DSP registers.
INFO: [HLS 200-486] Changing DSP latency (root=add_ln443_96) to 3 in order to utilize available DSP registers.
INFO: [HLS 200-486] Changing DSP latency (root=add_ln443_91) to 3 in order to utilize available DSP registers.
INFO: [HLS 200-486] Changing DSP latency (root=add_ln443_90) to 3 in order to utilize available DSP registers.
INFO: [HLS 200-486] Changing DSP latency (root=add_ln443_89) to 3 in order to utilize available DSP registers.
INFO: [HLS 200-486] Changing DSP latency (root=add_ln443_88) to 3 in order to utilize available DSP registers.
INFO: [HLS 200-486] Changing DSP latency (root=add_ln443_86) to 3 in order to utilize available DSP registers.
INFO: [HLS 200-486] Changing DSP latency (root=add_ln443_85) to 3 in order to utilize available DSP registers.
INFO: [HLS 200-486] Changing DSP latency (root=add_ln443_84) to 3 in order to utilize available DSP registers.
INFO: [HLS 200-486] Changing DSP latency (root=add_ln443_83) to 3 in order to utilize available DSP registers.
INFO: [HLS 200-486] Changing DSP latency (root=add_ln443_80) to 3 in order to utilize available DSP registers.
INFO: [HLS 200-486] Changing DSP latency (root=add_ln443_79) to 3 in order to utilize available DSP registers.
INFO: [HLS 200-486] Changing DSP latency (root=add_ln443_78) to 3 in order to utilize available DSP registers.
INFO: [HLS 200-486] Changing DSP latency (root=add_ln443_77) to 3 in order to utilize available DSP registers.
INFO: [HLS 200-486] Changing DSP latency (root=add_ln443_75) to 3 in order to utilize available DSP registers.
INFO: [HLS 200-486] Changing DSP latency (root=add_ln443_74) to 3 in order to utilize available DSP registers.
INFO: [HLS 200-486] Changing DSP latency (root=add_ln443_72) to 3 in order to utilize available DSP registers.
INFO: [HLS 200-486] Changing DSP latency (root=add_ln443_67) to 3 in order to utilize available DSP registers.
INFO: [HLS 200-486] Changing DSP latency (root=add_ln443_66) to 3 in order to utilize available DSP registers.
INFO: [HLS 200-486] Changing DSP latency (root=add_ln443_65) to 3 in order to utilize available DSP registers.
INFO: [HLS 200-486] Changing DSP latency (root=add_ln443_64) to 3 in order to utilize available DSP registers.
INFO: [HLS 200-486] Changing DSP latency (root=add_ln443_62) to 3 in order to utilize available DSP registers.
INFO: [HLS 200-486] Changing DSP latency (root=add_ln443_61) to 3 in order to utilize available DSP registers.
INFO: [HLS 200-486] Changing DSP latency (root=add_ln443_60) to 3 in order to utilize available DSP registers.
INFO: [HLS 200-486] Changing DSP latency (root=add_ln443_59) to 3 in order to utilize available DSP registers.
INFO: [HLS 200-486] Changing DSP latency (root=add_ln443_56) to 3 in order to utilize available DSP registers.
INFO: [HLS 200-486] Changing DSP latency (root=add_ln443_55) to 3 in order to utilize available DSP registers.
INFO: [HLS 200-486] Changing DSP latency (root=add_ln443_54) to 3 in order to utilize available DSP registers.
INFO: [HLS 200-486] Changing DSP latency (root=add_ln443_53) to 3 in order to utilize available DSP registers.
INFO: [HLS 200-486] Changing DSP latency (root=add_ln443_51) to 3 in order to utilize available DSP registers.
INFO: [HLS 200-486] Changing DSP latency (root=add_ln443_50) to 3 in order to utilize available DSP registers.
INFO: [HLS 200-486] Changing DSP latency (root=add_ln443_48) to 3 in order to utilize available DSP registers.
INFO: [HLS 200-486] Changing DSP latency (root=add_ln443_43) to 3 in order to utilize available DSP registers.
INFO: [HLS 200-486] Changing DSP latency (root=add_ln443_42) to 3 in order to utilize available DSP registers.
INFO: [HLS 200-486] Changing DSP latency (root=add_ln443_41) to 3 in order to utilize available DSP registers.
INFO: [HLS 200-486] Changing DSP latency (root=add_ln443_40) to 3 in order to utilize available DSP registers.
INFO: [HLS 200-486] Changing DSP latency (root=add_ln443_38) to 3 in order to utilize available DSP registers.
INFO: [HLS 200-486] Changing DSP latency (root=add_ln443_37) to 3 in order to utilize available DSP registers.
INFO: [HLS 200-486] Changing DSP latency (root=add_ln443_36) to 3 in order to utilize available DSP registers.
INFO: [HLS 200-486] Changing DSP latency (root=add_ln443_35) to 3 in order to utilize available DSP registers.
INFO: [HLS 200-486] Changing DSP latency (root=add_ln443_32) to 3 in order to utilize available DSP registers.
INFO: [HLS 200-486] Changing DSP latency (root=add_ln443_31) to 3 in order to utilize available DSP registers.
INFO: [HLS 200-486] Changing DSP latency (root=add_ln443_30) to 3 in order to utilize available DSP registers.
INFO: [HLS 200-486] Changing DSP latency (root=add_ln443_29) to 3 in order to utilize available DSP registers.
INFO: [HLS 200-486] Changing DSP latency (root=add_ln443_27) to 3 in order to utilize available DSP registers.
INFO: [HLS 200-486] Changing DSP latency (root=add_ln443_26) to 3 in order to utilize available DSP registers.
INFO: [HLS 200-486] Changing DSP latency (root=add_ln443_24) to 3 in order to utilize available DSP registers.
INFO: [HLS 200-486] Changing DSP latency (root=add_ln443_19) to 3 in order to utilize available DSP registers.
INFO: [HLS 200-486] Changing DSP latency (root=add_ln443_18) to 3 in order to utilize available DSP registers.
INFO: [HLS 200-486] Changing DSP latency (root=add_ln443_17) to 3 in order to utilize available DSP registers.
INFO: [HLS 200-486] Changing DSP latency (root=add_ln443_16) to 3 in order to utilize available DSP registers.
INFO: [HLS 200-486] Changing DSP latency (root=add_ln443_14) to 3 in order to utilize available DSP registers.
INFO: [HLS 200-486] Changing DSP latency (root=add_ln443_13) to 3 in order to utilize available DSP registers.
INFO: [HLS 200-486] Changing DSP latency (root=add_ln443_12) to 3 in order to utilize available DSP registers.
INFO: [HLS 200-486] Changing DSP latency (root=add_ln443_11) to 3 in order to utilize available DSP registers.
INFO: [HLS 200-486] Changing DSP latency (root=add_ln443_8) to 3 in order to utilize available DSP registers.
INFO: [HLS 200-486] Changing DSP latency (root=add_ln443_7) to 3 in order to utilize available DSP registers.
INFO: [HLS 200-486] Changing DSP latency (root=add_ln443_6) to 3 in order to utilize available DSP registers.
INFO: [HLS 200-486] Changing DSP latency (root=add_ln443_5) to 3 in order to utilize available DSP registers.
INFO: [HLS 200-486] Changing DSP latency (root=add_ln443_3) to 3 in order to utilize available DSP registers.
INFO: [HLS 200-486] Changing DSP latency (root=add_ln443_2) to 3 in order to utilize available DSP registers.
INFO: [HLS 200-486] Changing DSP latency (root=add_ln443) to 3 in order to utilize available DSP registers.
INFO: [SCHED 204-61] Pipelining function 'graphsage_int8_po2'.
INFO: [HLS 200-1470] Pipelining result : Target II = 1, Final II = 1, Depth = 42, function 'graphsage_int8_po2'
INFO: [SCHED 204-11] Finished scheduling.
INFO: [HLS 200-111] Finished Scheduling: CPU user time: 11.97 seconds. CPU system time: 0.03 seconds. Elapsed time: 12.25 seconds; current allocated memory: 1.818 GB.
INFO: [BIND 205-100] Starting micro-architecture generation ...
INFO: [BIND 205-101] Performing variable lifetime analysis.
INFO: [BIND 205-101] Exploring resource sharing.
INFO: [BIND 205-101] Binding ...
INFO: [BIND 205-100] Finished micro-architecture generation.
INFO: [HLS 200-111] Finished Binding: CPU user time: 1.6 seconds. CPU system time: 0.03 seconds. Elapsed time: 2.08 seconds; current allocated memory: 1.824 GB.
INFO: [HLS 200-10] ----------------------------------------------------------------
INFO: [HLS 200-10] -- Generating RTL for module 'complete_frontend_domain_0_8_16_24_s' 
INFO: [HLS 200-10] ----------------------------------------------------------------
INFO: [RTGEN 206-104] Estimated max fanout for 'complete_frontend_domain_0_8_16_24_s' is 150400 from HDL expression: ((1'b0 == ap_block_pp0_stage0_11001) & (1'b1 == ap_ce_reg))
INFO: [RTGEN 206-100] Generating core module 'mac_muladd_8s_5s_13s_14_4_0': 1344 instance(s).
INFO: [RTGEN 206-100] Generating core module 'mac_muladd_8s_5s_14s_14_4_0': 192 instance(s).
INFO: [RTGEN 206-100] Generating core module 'mac_muladd_8s_5s_22s_22_4_0': 192 instance(s).
INFO: [RTGEN 206-100] Generating core module 'mac_muladd_8s_5s_6ns_13_4_0': 192 instance(s).
INFO: [RTGEN 206-100] Generating core module 'mul_16s_8s_24_4_0': 1024 instance(s).
INFO: [RTGEN 206-100] Generating core module 'mul_8s_5s_13_4_0': 1152 instance(s).
INFO: [RTGEN 206-100] Finished creating RTL model for 'complete_frontend_domain_0_8_16_24_s'.
INFO: [HLS 200-111] Finished Creating RTL model: CPU user time: 51.74 seconds. CPU system time: 0.1 seconds. Elapsed time: 53.13 seconds; current allocated memory: 2.142 GB.
INFO: [HLS 200-10] ----------------------------------------------------------------
INFO: [HLS 200-10] -- Generating RTL for module 'complete_frontend_domain_1_8_16_24_s' 
INFO: [HLS 200-10] ----------------------------------------------------------------
INFO: [RTGEN 206-104] Estimated max fanout for 'complete_frontend_domain_1_8_16_24_s' is 150400 from HDL expression: ((1'b0 == ap_block_pp0_stage0_11001) & (1'b1 == ap_ce_reg))
INFO: [RTGEN 206-100] Generating core module 'mac_muladd_8s_5s_13s_14_4_0': 1344 instance(s).
INFO: [RTGEN 206-100] Generating core module 'mac_muladd_8s_5s_14s_14_4_0': 192 instance(s).
INFO: [RTGEN 206-100] Generating core module 'mac_muladd_8s_5s_22s_22_4_0': 192 instance(s).
INFO: [RTGEN 206-100] Generating core module 'mac_muladd_8s_5s_6ns_13_4_0': 192 instance(s).
INFO: [RTGEN 206-100] Generating core module 'mul_16s_8s_24_4_0': 1024 instance(s).
INFO: [RTGEN 206-100] Generating core module 'mul_8s_5s_13_4_0': 1152 instance(s).
INFO: [RTGEN 206-100] Finished creating RTL model for 'complete_frontend_domain_1_8_16_24_s'.
INFO: [HLS 200-111] Finished Creating RTL model: CPU user time: 70.46 seconds. CPU system time: 0.61 seconds. Elapsed time: 75.48 seconds; current allocated memory: 2.720 GB.
INFO: [HLS 200-10] ----------------------------------------------------------------
INFO: [HLS 200-10] -- Generating RTL for module 'aggregate2_local_group_0_2_8_24_s' 
INFO: [HLS 200-10] ----------------------------------------------------------------
INFO: [RTGEN 206-104] Estimated max fanout for 'aggregate2_local_group_0_2_8_24_s' is 16176 from HDL expression: ((1'b0 == ap_block_pp0_stage0_11001) & (1'b1 == ap_ce_reg))
INFO: [RTGEN 206-100] Generating core module 'mul_16s_8s_24_4_0': 384 instance(s).
INFO: [RTGEN 206-100] Finished creating RTL model for 'aggregate2_local_group_0_2_8_24_s'.
INFO: [HLS 200-111] Finished Creating RTL model: CPU user time: 21.57 seconds. CPU system time: 0.62 seconds. Elapsed time: 26.52 seconds; current allocated memory: 3.114 GB.
INFO: [HLS 200-10] ----------------------------------------------------------------
INFO: [HLS 200-10] -- Generating RTL for module 'aggregate2_local_group_2_2_8_24_s' 
INFO: [HLS 200-10] ----------------------------------------------------------------
INFO: [RTGEN 206-104] Estimated max fanout for 'aggregate2_local_group_2_2_8_24_s' is 16176 from HDL expression: ((1'b0 == ap_block_pp0_stage0_11001) & (1'b1 == ap_ce_reg))
INFO: [RTGEN 206-100] Generating core module 'mul_16s_8s_24_4_0': 384 instance(s).
INFO: [RTGEN 206-100] Finished creating RTL model for 'aggregate2_local_group_2_2_8_24_s'.
INFO: [HLS 200-111] Finished Creating RTL model: CPU user time: 1.9 seconds. CPU system time: 0.1 seconds. Elapsed time: 2.71 seconds; current allocated memory: 3.127 GB.
INFO: [HLS 200-10] ----------------------------------------------------------------
INFO: [HLS 200-10] -- Generating RTL for module 'aggregate2_local_group_4_2_8_24_s' 
INFO: [HLS 200-10] ----------------------------------------------------------------
INFO: [RTGEN 206-104] Estimated max fanout for 'aggregate2_local_group_4_2_8_24_s' is 16176 from HDL expression: ((1'b0 == ap_block_pp0_stage0_11001) & (1'b1 == ap_ce_reg))
INFO: [RTGEN 206-100] Generating core module 'mul_16s_8s_24_4_0': 384 instance(s).
INFO: [RTGEN 206-100] Finished creating RTL model for 'aggregate2_local_group_4_2_8_24_s'.
INFO: [HLS 200-111] Finished Creating RTL model: CPU user time: 1.96 seconds. CPU system time: 0.09 seconds. Elapsed time: 2.83 seconds; current allocated memory: 3.141 GB.
INFO: [HLS 200-10] ----------------------------------------------------------------
INFO: [HLS 200-10] -- Generating RTL for module 'aggregate2_local_group_6_2_8_24_s' 
INFO: [HLS 200-10] ----------------------------------------------------------------
INFO: [RTGEN 206-104] Estimated max fanout for 'aggregate2_local_group_6_2_8_24_s' is 16176 from HDL expression: ((1'b0 == ap_block_pp0_stage0_11001) & (1'b1 == ap_ce_reg))
INFO: [RTGEN 206-100] Generating core module 'mul_16s_8s_24_4_0': 384 instance(s).
INFO: [RTGEN 206-100] Finished creating RTL model for 'aggregate2_local_group_6_2_8_24_s'.
INFO: [HLS 200-111] Finished Creating RTL model: CPU user time: 1.93 seconds. CPU system time: 0.12 seconds. Elapsed time: 2.72 seconds; current allocated memory: 3.204 GB.
INFO: [HLS 200-10] ----------------------------------------------------------------
INFO: [HLS 200-10] -- Generating RTL for module 'graphsage_int8_po2' 
INFO: [HLS 200-10] ----------------------------------------------------------------
INFO: [RTGEN 206-500] Setting interface mode on port 'graphsage_int8_po2/adj_matrix_0_0' to 'ap_none'.
INFO: [RTGEN 206-500] Setting interface mode on port 'graphsage_int8_po2/adj_matrix_0_1' to 'ap_none'.
INFO: [RTGEN 206-500] Setting interface mode on port 'graphsage_int8_po2/adj_matrix_0_2' to 'ap_none'.
INFO: [RTGEN 206-500] Setting interface mode on port 'graphsage_int8_po2/adj_matrix_0_3' to 'ap_none'.
INFO: [RTGEN 206-500] Setting interface mode on port 'graphsage_int8_po2/adj_matrix_0_4' to 'ap_none'.
INFO: [RTGEN 206-500] Setting interface mode on port 'graphsage_int8_po2/adj_matrix_0_5' to 'ap_none'.
INFO: [RTGEN 206-500] Setting interface mode on port 'graphsage_int8_po2/adj_matrix_0_6' to 'ap_none'.
INFO: [RTGEN 206-500] Setting interface mode on port 'graphsage_int8_po2/adj_matrix_0_7' to 'ap_none'.
INFO: [RTGEN 206-500] Setting interface mode on port 'graphsage_int8_po2/adj_matrix_1_0' to 'ap_none'.
INFO: [RTGEN 206-500] Setting interface mode on port 'graphsage_int8_po2/adj_matrix_1_1' to 'ap_none'.
INFO: [RTGEN 206-500] Setting interface mode on port 'graphsage_int8_po2/adj_matrix_1_2' to 'ap_none'.
INFO: [RTGEN 206-500] Setting interface mode on port 'graphsage_int8_po2/adj_matrix_1_3' to 'ap_none'.
INFO: [RTGEN 206-500] Setting interface mode on port 'graphsage_int8_po2/adj_matrix_1_4' to 'ap_none'.
INFO: [RTGEN 206-500] Setting interface mode on port 'graphsage_int8_po2/adj_matrix_1_5' to 'ap_none'.
INFO: [RTGEN 206-500] Setting interface mode on port 'graphsage_int8_po2/adj_matrix_1_6' to 'ap_none'.
INFO: [RTGEN 206-500] Setting interface mode on port 'graphsage_int8_po2/adj_matrix_1_7' to 'ap_none'.
INFO: [RTGEN 206-500] Setting interface mode on port 'graphsage_int8_po2/adj_matrix_2_0' to 'ap_none'.
INFO: [RTGEN 206-500] Setting interface mode on port 'graphsage_int8_po2/adj_matrix_2_1' to 'ap_none'.
INFO: [RTGEN 206-500] Setting interface mode on port 'graphsage_int8_po2/adj_matrix_2_2' to 'ap_none'.
INFO: [RTGEN 206-500] Setting interface mode on port 'graphsage_int8_po2/adj_matrix_2_3' to 'ap_none'.
INFO: [RTGEN 206-500] Setting interface mode on port 'graphsage_int8_po2/adj_matrix_2_4' to 'ap_none'.
INFO: [RTGEN 206-500] Setting interface mode on port 'graphsage_int8_po2/adj_matrix_2_5' to 'ap_none'.
INFO: [RTGEN 206-500] Setting interface mode on port 'graphsage_int8_po2/adj_matrix_2_6' to 'ap_none'.
INFO: [RTGEN 206-500] Setting interface mode on port 'graphsage_int8_po2/adj_matrix_2_7' to 'ap_none'.
INFO: [RTGEN 206-500] Setting interface mode on port 'graphsage_int8_po2/adj_matrix_3_0' to 'ap_none'.
INFO: [RTGEN 206-500] Setting interface mode on port 'graphsage_int8_po2/adj_matrix_3_1' to 'ap_none'.
INFO: [RTGEN 206-500] Setting interface mode on port 'graphsage_int8_po2/adj_matrix_3_2' to 'ap_none'.
INFO: [RTGEN 206-500] Setting interface mode on port 'graphsage_int8_po2/adj_matrix_3_3' to 'ap_none'.
INFO: [RTGEN 206-500] Setting interface mode on port 'graphsage_int8_po2/adj_matrix_3_4' to 'ap_none'.
INFO: [RTGEN 206-500] Setting interface mode on port 'graphsage_int8_po2/adj_matrix_3_5' to 'ap_none'.
INFO: [RTGEN 206-500] Setting interface mode on port 'graphsage_int8_po2/adj_matrix_3_6' to 'ap_none'.
INFO: [RTGEN 206-500] Setting interface mode on port 'graphsage_int8_po2/adj_matrix_3_7' to 'ap_none'.
INFO: [RTGEN 206-500] Setting interface mode on port 'graphsage_int8_po2/adj_matrix_4_0' to 'ap_none'.
INFO: [RTGEN 206-500] Setting interface mode on port 'graphsage_int8_po2/adj_matrix_4_1' to 'ap_none'.
INFO: [RTGEN 206-500] Setting interface mode on port 'graphsage_int8_po2/adj_matrix_4_2' to 'ap_none'.
INFO: [RTGEN 206-500] Setting interface mode on port 'graphsage_int8_po2/adj_matrix_4_3' to 'ap_none'.
INFO: [RTGEN 206-500] Setting interface mode on port 'graphsage_int8_po2/adj_matrix_4_4' to 'ap_none'.
INFO: [RTGEN 206-500] Setting interface mode on port 'graphsage_int8_po2/adj_matrix_4_5' to 'ap_none'.
INFO: [RTGEN 206-500] Setting interface mode on port 'graphsage_int8_po2/adj_matrix_4_6' to 'ap_none'.
INFO: [RTGEN 206-500] Setting interface mode on port 'graphsage_int8_po2/adj_matrix_4_7' to 'ap_none'.
INFO: [RTGEN 206-500] Setting interface mode on port 'graphsage_int8_po2/adj_matrix_5_0' to 'ap_none'.
INFO: [RTGEN 206-500] Setting interface mode on port 'graphsage_int8_po2/adj_matrix_5_1' to 'ap_none'.
INFO: [RTGEN 206-500] Setting interface mode on port 'graphsage_int8_po2/adj_matrix_5_2' to 'ap_none'.
INFO: [RTGEN 206-500] Setting interface mode on port 'graphsage_int8_po2/adj_matrix_5_3' to 'ap_none'.
INFO: [RTGEN 206-500] Setting interface mode on port 'graphsage_int8_po2/adj_matrix_5_4' to 'ap_none'.
INFO: [RTGEN 206-500] Setting interface mode on port 'graphsage_int8_po2/adj_matrix_5_5' to 'ap_none'.
INFO: [RTGEN 206-500] Setting interface mode on port 'graphsage_int8_po2/adj_matrix_5_6' to 'ap_none'.
INFO: [RTGEN 206-500] Setting interface mode on port 'graphsage_int8_po2/adj_matrix_5_7' to 'ap_none'.
INFO: [RTGEN 206-500] Setting interface mode on port 'graphsage_int8_po2/adj_matrix_6_0' to 'ap_none'.
INFO: [RTGEN 206-500] Setting interface mode on port 'graphsage_int8_po2/adj_matrix_6_1' to 'ap_none'.
INFO: [RTGEN 206-500] Setting interface mode on port 'graphsage_int8_po2/adj_matrix_6_2' to 'ap_none'.
INFO: [RTGEN 206-500] Setting interface mode on port 'graphsage_int8_po2/adj_matrix_6_3' to 'ap_none'.
INFO: [RTGEN 206-500] Setting interface mode on port 'graphsage_int8_po2/adj_matrix_6_4' to 'ap_none'.
INFO: [RTGEN 206-500] Setting interface mode on port 'graphsage_int8_po2/adj_matrix_6_5' to 'ap_none'.
INFO: [RTGEN 206-500] Setting interface mode on port 'graphsage_int8_po2/adj_matrix_6_6' to 'ap_none'.
INFO: [RTGEN 206-500] Setting interface mode on port 'graphsage_int8_po2/adj_matrix_6_7' to 'ap_none'.
INFO: [RTGEN 206-500] Setting interface mode on port 'graphsage_int8_po2/adj_matrix_7_0' to 'ap_none'.
INFO: [RTGEN 206-500] Setting interface mode on port 'graphsage_int8_po2/adj_matrix_7_1' to 'ap_none'.
INFO: [RTGEN 206-500] Setting interface mode on port 'graphsage_int8_po2/adj_matrix_7_2' to 'ap_none'.
INFO: [RTGEN 206-500] Setting interface mode on port 'graphsage_int8_po2/adj_matrix_7_3' to 'ap_none'.
INFO: [RTGEN 206-500] Setting interface mode on port 'graphsage_int8_po2/adj_matrix_7_4' to 'ap_none'.
INFO: [RTGEN 206-500] Setting interface mode on port 'graphsage_int8_po2/adj_matrix_7_5' to 'ap_none'.
INFO: [RTGEN 206-500] Setting interface mode on port 'graphsage_int8_po2/adj_matrix_7_6' to 'ap_none'.
INFO: [RTGEN 206-500] Setting interface mode on port 'graphsage_int8_po2/adj_matrix_7_7' to 'ap_none'.
INFO: [RTGEN 206-500] Setting interface mode on port 'graphsage_int8_po2/input_0_0' to 'ap_none'.
INFO: [RTGEN 206-500] Setting interface mode on port 'graphsage_int8_po2/input_0_1' to 'ap_none'.
INFO: [RTGEN 206-500] Setting interface mode on port 'graphsage_int8_po2/input_0_2' to 'ap_none'.
INFO: [RTGEN 206-500] Setting interface mode on port 'graphsage_int8_po2/input_0_3' to 'ap_none'.
INFO: [RTGEN 206-500] Setting interface mode on port 'graphsage_int8_po2/input_0_4' to 'ap_none'.
INFO: [RTGEN 206-500] Setting interface mode on port 'graphsage_int8_po2/input_0_5' to 'ap_none'.
INFO: [RTGEN 206-500] Setting interface mode on port 'graphsage_int8_po2/input_0_6' to 'ap_none'.
INFO: [RTGEN 206-500] Setting interface mode on port 'graphsage_int8_po2/input_0_7' to 'ap_none'.
INFO: [RTGEN 206-500] Setting interface mode on port 'graphsage_int8_po2/input_0_8' to 'ap_none'.
INFO: [RTGEN 206-500] Setting interface mode on port 'graphsage_int8_po2/input_0_9' to 'ap_none'.
INFO: [RTGEN 206-500] Setting interface mode on port 'graphsage_int8_po2/input_0_10' to 'ap_none'.
INFO: [RTGEN 206-500] Setting interface mode on port 'graphsage_int8_po2/input_0_11' to 'ap_none'.
INFO: [RTGEN 206-500] Setting interface mode on port 'graphsage_int8_po2/input_0_12' to 'ap_none'.
INFO: [RTGEN 206-500] Setting interface mode on port 'graphsage_int8_po2/input_0_13' to 'ap_none'.
INFO: [RTGEN 206-500] Setting interface mode on port 'graphsage_int8_po2/input_0_14' to 'ap_none'.
INFO: [RTGEN 206-500] Setting interface mode on port 'graphsage_int8_po2/input_0_15' to 'ap_none'.
INFO: [RTGEN 206-500] Setting interface mode on port 'graphsage_int8_po2/input_1_0' to 'ap_none'.
INFO: [RTGEN 206-500] Setting interface mode on port 'graphsage_int8_po2/input_1_1' to 'ap_none'.
INFO: [RTGEN 206-500] Setting interface mode on port 'graphsage_int8_po2/input_1_2' to 'ap_none'.
INFO: [RTGEN 206-500] Setting interface mode on port 'graphsage_int8_po2/input_1_3' to 'ap_none'.
INFO: [RTGEN 206-500] Setting interface mode on port 'graphsage_int8_po2/input_1_4' to 'ap_none'.
INFO: [RTGEN 206-500] Setting interface mode on port 'graphsage_int8_po2/input_1_5' to 'ap_none'.
INFO: [RTGEN 206-500] Setting interface mode on port 'graphsage_int8_po2/input_1_6' to 'ap_none'.
INFO: [RTGEN 206-500] Setting interface mode on port 'graphsage_int8_po2/input_1_7' to 'ap_none'.
INFO: [RTGEN 206-500] Setting interface mode on port 'graphsage_int8_po2/input_1_8' to 'ap_none'.
INFO: [RTGEN 206-500] Setting interface mode on port 'graphsage_int8_po2/input_1_9' to 'ap_none'.
INFO: [RTGEN 206-500] Setting interface mode on port 'graphsage_int8_po2/input_1_10' to 'ap_none'.
INFO: [RTGEN 206-500] Setting interface mode on port 'graphsage_int8_po2/input_1_11' to 'ap_none'.
INFO: [RTGEN 206-500] Setting interface mode on port 'graphsage_int8_po2/input_1_12' to 'ap_none'.
INFO: [RTGEN 206-500] Setting interface mode on port 'graphsage_int8_po2/input_1_13' to 'ap_none'.
INFO: [RTGEN 206-500] Setting interface mode on port 'graphsage_int8_po2/input_1_14' to 'ap_none'.
INFO: [RTGEN 206-500] Setting interface mode on port 'graphsage_int8_po2/input_1_15' to 'ap_none'.
INFO: [RTGEN 206-500] Setting interface mode on port 'graphsage_int8_po2/input_2_0' to 'ap_none'.
INFO: [RTGEN 206-500] Setting interface mode on port 'graphsage_int8_po2/input_2_1' to 'ap_none'.
INFO: [RTGEN 206-500] Setting interface mode on port 'graphsage_int8_po2/input_2_2' to 'ap_none'.
INFO: [RTGEN 206-500] Setting interface mode on port 'graphsage_int8_po2/input_2_3' to 'ap_none'.
INFO: [RTGEN 206-500] Setting interface mode on port 'graphsage_int8_po2/input_2_4' to 'ap_none'.
INFO: [RTGEN 206-500] Setting interface mode on port 'graphsage_int8_po2/input_2_5' to 'ap_none'.
INFO: [RTGEN 206-500] Setting interface mode on port 'graphsage_int8_po2/input_2_6' to 'ap_none'.
INFO: [RTGEN 206-500] Setting interface mode on port 'graphsage_int8_po2/input_2_7' to 'ap_none'.
INFO: [RTGEN 206-500] Setting interface mode on port 'graphsage_int8_po2/input_2_8' to 'ap_none'.
INFO: [RTGEN 206-500] Setting interface mode on port 'graphsage_int8_po2/input_2_9' to 'ap_none'.
INFO: [RTGEN 206-500] Setting interface mode on port 'graphsage_int8_po2/input_2_10' to 'ap_none'.
INFO: [RTGEN 206-500] Setting interface mode on port 'graphsage_int8_po2/input_2_11' to 'ap_none'.
INFO: [RTGEN 206-500] Setting interface mode on port 'graphsage_int8_po2/input_2_12' to 'ap_none'.
INFO: [RTGEN 206-500] Setting interface mode on port 'graphsage_int8_po2/input_2_13' to 'ap_none'.
INFO: [RTGEN 206-500] Setting interface mode on port 'graphsage_int8_po2/input_2_14' to 'ap_none'.
INFO: [RTGEN 206-500] Setting interface mode on port 'graphsage_int8_po2/input_2_15' to 'ap_none'.
INFO: [RTGEN 206-500] Setting interface mode on port 'graphsage_int8_po2/input_3_0' to 'ap_none'.
INFO: [RTGEN 206-500] Setting interface mode on port 'graphsage_int8_po2/input_3_1' to 'ap_none'.
INFO: [RTGEN 206-500] Setting interface mode on port 'graphsage_int8_po2/input_3_2' to 'ap_none'.
INFO: [RTGEN 206-500] Setting interface mode on port 'graphsage_int8_po2/input_3_3' to 'ap_none'.
INFO: [RTGEN 206-500] Setting interface mode on port 'graphsage_int8_po2/input_3_4' to 'ap_none'.
INFO: [RTGEN 206-500] Setting interface mode on port 'graphsage_int8_po2/input_3_5' to 'ap_none'.
INFO: [RTGEN 206-500] Setting interface mode on port 'graphsage_int8_po2/input_3_6' to 'ap_none'.
INFO: [RTGEN 206-500] Setting interface mode on port 'graphsage_int8_po2/input_3_7' to 'ap_none'.
INFO: [RTGEN 206-500] Setting interface mode on port 'graphsage_int8_po2/input_3_8' to 'ap_none'.
INFO: [RTGEN 206-500] Setting interface mode on port 'graphsage_int8_po2/input_3_9' to 'ap_none'.
INFO: [RTGEN 206-500] Setting interface mode on port 'graphsage_int8_po2/input_3_10' to 'ap_none'.
INFO: [RTGEN 206-500] Setting interface mode on port 'graphsage_int8_po2/input_3_11' to 'ap_none'.
INFO: [RTGEN 206-500] Setting interface mode on port 'graphsage_int8_po2/input_3_12' to 'ap_none'.
INFO: [RTGEN 206-500] Setting interface mode on port 'graphsage_int8_po2/input_3_13' to 'ap_none'.
INFO: [RTGEN 206-500] Setting interface mode on port 'graphsage_int8_po2/input_3_14' to 'ap_none'.
INFO: [RTGEN 206-500] Setting interface mode on port 'graphsage_int8_po2/input_3_15' to 'ap_none'.
INFO: [RTGEN 206-500] Setting interface mode on port 'graphsage_int8_po2/input_4_0' to 'ap_none'.
INFO: [RTGEN 206-500] Setting interface mode on port 'graphsage_int8_po2/input_4_1' to 'ap_none'.
INFO: [RTGEN 206-500] Setting interface mode on port 'graphsage_int8_po2/input_4_2' to 'ap_none'.
INFO: [RTGEN 206-500] Setting interface mode on port 'graphsage_int8_po2/input_4_3' to 'ap_none'.
INFO: [RTGEN 206-500] Setting interface mode on port 'graphsage_int8_po2/input_4_4' to 'ap_none'.
INFO: [RTGEN 206-500] Setting interface mode on port 'graphsage_int8_po2/input_4_5' to 'ap_none'.
INFO: [RTGEN 206-500] Setting interface mode on port 'graphsage_int8_po2/input_4_6' to 'ap_none'.
INFO: [RTGEN 206-500] Setting interface mode on port 'graphsage_int8_po2/input_4_7' to 'ap_none'.
INFO: [RTGEN 206-500] Setting interface mode on port 'graphsage_int8_po2/input_4_8' to 'ap_none'.
INFO: [RTGEN 206-500] Setting interface mode on port 'graphsage_int8_po2/input_4_9' to 'ap_none'.
INFO: [RTGEN 206-500] Setting interface mode on port 'graphsage_int8_po2/input_4_10' to 'ap_none'.
INFO: [RTGEN 206-500] Setting interface mode on port 'graphsage_int8_po2/input_4_11' to 'ap_none'.
INFO: [RTGEN 206-500] Setting interface mode on port 'graphsage_int8_po2/input_4_12' to 'ap_none'.
INFO: [RTGEN 206-500] Setting interface mode on port 'graphsage_int8_po2/input_4_13' to 'ap_none'.
INFO: [RTGEN 206-500] Setting interface mode on port 'graphsage_int8_po2/input_4_14' to 'ap_none'.
INFO: [RTGEN 206-500] Setting interface mode on port 'graphsage_int8_po2/input_4_15' to 'ap_none'.
INFO: [RTGEN 206-500] Setting interface mode on port 'graphsage_int8_po2/input_5_0' to 'ap_none'.
INFO: [RTGEN 206-500] Setting interface mode on port 'graphsage_int8_po2/input_5_1' to 'ap_none'.
INFO: [RTGEN 206-500] Setting interface mode on port 'graphsage_int8_po2/input_5_2' to 'ap_none'.
INFO: [RTGEN 206-500] Setting interface mode on port 'graphsage_int8_po2/input_5_3' to 'ap_none'.
INFO: [RTGEN 206-500] Setting interface mode on port 'graphsage_int8_po2/input_5_4' to 'ap_none'.
INFO: [RTGEN 206-500] Setting interface mode on port 'graphsage_int8_po2/input_5_5' to 'ap_none'.
INFO: [RTGEN 206-500] Setting interface mode on port 'graphsage_int8_po2/input_5_6' to 'ap_none'.
INFO: [RTGEN 206-500] Setting interface mode on port 'graphsage_int8_po2/input_5_7' to 'ap_none'.
INFO: [RTGEN 206-500] Setting interface mode on port 'graphsage_int8_po2/input_5_8' to 'ap_none'.
INFO: [RTGEN 206-500] Setting interface mode on port 'graphsage_int8_po2/input_5_9' to 'ap_none'.
INFO: [RTGEN 206-500] Setting interface mode on port 'graphsage_int8_po2/input_5_10' to 'ap_none'.
INFO: [RTGEN 206-500] Setting interface mode on port 'graphsage_int8_po2/input_5_11' to 'ap_none'.
INFO: [RTGEN 206-500] Setting interface mode on port 'graphsage_int8_po2/input_5_12' to 'ap_none'.
INFO: [RTGEN 206-500] Setting interface mode on port 'graphsage_int8_po2/input_5_13' to 'ap_none'.
INFO: [RTGEN 206-500] Setting interface mode on port 'graphsage_int8_po2/input_5_14' to 'ap_none'.
INFO: [RTGEN 206-500] Setting interface mode on port 'graphsage_int8_po2/input_5_15' to 'ap_none'.
INFO: [RTGEN 206-500] Setting interface mode on port 'graphsage_int8_po2/input_6_0' to 'ap_none'.
INFO: [RTGEN 206-500] Setting interface mode on port 'graphsage_int8_po2/input_6_1' to 'ap_none'.
INFO: [RTGEN 206-500] Setting interface mode on port 'graphsage_int8_po2/input_6_2' to 'ap_none'.
INFO: [RTGEN 206-500] Setting interface mode on port 'graphsage_int8_po2/input_6_3' to 'ap_none'.
INFO: [RTGEN 206-500] Setting interface mode on port 'graphsage_int8_po2/input_6_4' to 'ap_none'.
INFO: [RTGEN 206-500] Setting interface mode on port 'graphsage_int8_po2/input_6_5' to 'ap_none'.
INFO: [RTGEN 206-500] Setting interface mode on port 'graphsage_int8_po2/input_6_6' to 'ap_none'.
INFO: [RTGEN 206-500] Setting interface mode on port 'graphsage_int8_po2/input_6_7' to 'ap_none'.
INFO: [RTGEN 206-500] Setting interface mode on port 'graphsage_int8_po2/input_6_8' to 'ap_none'.
INFO: [RTGEN 206-500] Setting interface mode on port 'graphsage_int8_po2/input_6_9' to 'ap_none'.
INFO: [RTGEN 206-500] Setting interface mode on port 'graphsage_int8_po2/input_6_10' to 'ap_none'.
INFO: [RTGEN 206-500] Setting interface mode on port 'graphsage_int8_po2/input_6_11' to 'ap_none'.
INFO: [RTGEN 206-500] Setting interface mode on port 'graphsage_int8_po2/input_6_12' to 'ap_none'.
INFO: [RTGEN 206-500] Setting interface mode on port 'graphsage_int8_po2/input_6_13' to 'ap_none'.
INFO: [RTGEN 206-500] Setting interface mode on port 'graphsage_int8_po2/input_6_14' to 'ap_none'.
INFO: [RTGEN 206-500] Setting interface mode on port 'graphsage_int8_po2/input_6_15' to 'ap_none'.
INFO: [RTGEN 206-500] Setting interface mode on port 'graphsage_int8_po2/input_7_0' to 'ap_none'.
INFO: [RTGEN 206-500] Setting interface mode on port 'graphsage_int8_po2/input_7_1' to 'ap_none'.
INFO: [RTGEN 206-500] Setting interface mode on port 'graphsage_int8_po2/input_7_2' to 'ap_none'.
INFO: [RTGEN 206-500] Setting interface mode on port 'graphsage_int8_po2/input_7_3' to 'ap_none'.
INFO: [RTGEN 206-500] Setting interface mode on port 'graphsage_int8_po2/input_7_4' to 'ap_none'.
INFO: [RTGEN 206-500] Setting interface mode on port 'graphsage_int8_po2/input_7_5' to 'ap_none'.
INFO: [RTGEN 206-500] Setting interface mode on port 'graphsage_int8_po2/input_7_6' to 'ap_none'.
INFO: [RTGEN 206-500] Setting interface mode on port 'graphsage_int8_po2/input_7_7' to 'ap_none'.
INFO: [RTGEN 206-500] Setting interface mode on port 'graphsage_int8_po2/input_7_8' to 'ap_none'.
INFO: [RTGEN 206-500] Setting interface mode on port 'graphsage_int8_po2/input_7_9' to 'ap_none'.
INFO: [RTGEN 206-500] Setting interface mode on port 'graphsage_int8_po2/input_7_10' to 'ap_none'.
INFO: [RTGEN 206-500] Setting interface mode on port 'graphsage_int8_po2/input_7_11' to 'ap_none'.
INFO: [RTGEN 206-500] Setting interface mode on port 'graphsage_int8_po2/input_7_12' to 'ap_none'.
INFO: [RTGEN 206-500] Setting interface mode on port 'graphsage_int8_po2/input_7_13' to 'ap_none'.
INFO: [RTGEN 206-500] Setting interface mode on port 'graphsage_int8_po2/input_7_14' to 'ap_none'.
INFO: [RTGEN 206-500] Setting interface mode on port 'graphsage_int8_po2/input_7_15' to 'ap_none'.
INFO: [RTGEN 206-500] Setting interface mode on port 'graphsage_int8_po2/weights1_0_0' to 'ap_none'.
INFO: [RTGEN 206-500] Setting interface mode on port 'graphsage_int8_po2/weights1_0_1' to 'ap_none'.
INFO: [RTGEN 206-500] Setting interface mode on port 'graphsage_int8_po2/weights1_0_2' to 'ap_none'.
INFO: [RTGEN 206-500] Setting interface mode on port 'graphsage_int8_po2/weights1_0_3' to 'ap_none'.
INFO: [RTGEN 206-500] Setting interface mode on port 'graphsage_int8_po2/weights1_0_4' to 'ap_none'.
INFO: [RTGEN 206-500] Setting interface mode on port 'graphsage_int8_po2/weights1_0_5' to 'ap_none'.
INFO: [RTGEN 206-500] Setting interface mode on port 'graphsage_int8_po2/weights1_0_6' to 'ap_none'.
INFO: [RTGEN 206-500] Setting interface mode on port 'graphsage_int8_po2/weights1_0_7' to 'ap_none'.
INFO: [RTGEN 206-500] Setting interface mode on port 'graphsage_int8_po2/weights1_0_8' to 'ap_none'.
INFO: [RTGEN 206-500] Setting interface mode on port 'graphsage_int8_po2/weights1_0_9' to 'ap_none'.
INFO: [RTGEN 206-500] Setting interface mode on port 'graphsage_int8_po2/weights1_0_10' to 'ap_none'.
INFO: [RTGEN 206-500] Setting interface mode on port 'graphsage_int8_po2/weights1_0_11' to 'ap_none'.
INFO: [RTGEN 206-500] Setting interface mode on port 'graphsage_int8_po2/weights1_0_12' to 'ap_none'.
INFO: [RTGEN 206-500] Setting interface mode on port 'graphsage_int8_po2/weights1_0_13' to 'ap_none'.
INFO: [RTGEN 206-500] Setting interface mode on port 'graphsage_int8_po2/weights1_0_14' to 'ap_none'.
INFO: [RTGEN 206-500] Setting interface mode on port 'graphsage_int8_po2/weights1_0_15' to 'ap_none'.
INFO: [RTGEN 206-500] Setting interface mode on port 'graphsage_int8_po2/weights1_1_0' to 'ap_none'.
INFO: [RTGEN 206-500] Setting interface mode on port 'graphsage_int8_po2/weights1_1_1' to 'ap_none'.
INFO: [RTGEN 206-500] Setting interface mode on port 'graphsage_int8_po2/weights1_1_2' to 'ap_none'.
INFO: [RTGEN 206-500] Setting interface mode on port 'graphsage_int8_po2/weights1_1_3' to 'ap_none'.
INFO: [RTGEN 206-500] Setting interface mode on port 'graphsage_int8_po2/weights1_1_4' to 'ap_none'.
INFO: [RTGEN 206-500] Setting interface mode on port 'graphsage_int8_po2/weights1_1_5' to 'ap_none'.
INFO: [RTGEN 206-500] Setting interface mode on port 'graphsage_int8_po2/weights1_1_6' to 'ap_none'.
INFO: [RTGEN 206-500] Setting interface mode on port 'graphsage_int8_po2/weights1_1_7' to 'ap_none'.
INFO: [RTGEN 206-500] Setting interface mode on port 'graphsage_int8_po2/weights1_1_8' to 'ap_none'.
INFO: [RTGEN 206-500] Setting interface mode on port 'graphsage_int8_po2/weights1_1_9' to 'ap_none'.
INFO: [RTGEN 206-500] Setting interface mode on port 'graphsage_int8_po2/weights1_1_10' to 'ap_none'.
INFO: [RTGEN 206-500] Setting interface mode on port 'graphsage_int8_po2/weights1_1_11' to 'ap_none'.
INFO: [RTGEN 206-500] Setting interface mode on port 'graphsage_int8_po2/weights1_1_12' to 'ap_none'.
INFO: [RTGEN 206-500] Setting interface mode on port 'graphsage_int8_po2/weights1_1_13' to 'ap_none'.
INFO: [RTGEN 206-500] Setting interface mode on port 'graphsage_int8_po2/weights1_1_14' to 'ap_none'.
INFO: [RTGEN 206-500] Setting interface mode on port 'graphsage_int8_po2/weights1_1_15' to 'ap_none'.
INFO: [RTGEN 206-500] Setting interface mode on port 'graphsage_int8_po2/weights1_2_0' to 'ap_none'.
INFO: [RTGEN 206-500] Setting interface mode on port 'graphsage_int8_po2/weights1_2_1' to 'ap_none'.
INFO: [RTGEN 206-500] Setting interface mode on port 'graphsage_int8_po2/weights1_2_2' to 'ap_none'.
INFO: [RTGEN 206-500] Setting interface mode on port 'graphsage_int8_po2/weights1_2_3' to 'ap_none'.
INFO: [RTGEN 206-500] Setting interface mode on port 'graphsage_int8_po2/weights1_2_4' to 'ap_none'.
INFO: [RTGEN 206-500] Setting interface mode on port 'graphsage_int8_po2/weights1_2_5' to 'ap_none'.
INFO: [RTGEN 206-500] Setting interface mode on port 'graphsage_int8_po2/weights1_2_6' to 'ap_none'.
INFO: [RTGEN 206-500] Setting interface mode on port 'graphsage_int8_po2/weights1_2_7' to 'ap_none'.
INFO: [RTGEN 206-500] Setting interface mode on port 'graphsage_int8_po2/weights1_2_8' to 'ap_none'.
INFO: [RTGEN 206-500] Setting interface mode on port 'graphsage_int8_po2/weights1_2_9' to 'ap_none'.
INFO: [RTGEN 206-500] Setting interface mode on port 'graphsage_int8_po2/weights1_2_10' to 'ap_none'.
INFO: [RTGEN 206-500] Setting interface mode on port 'graphsage_int8_po2/weights1_2_11' to 'ap_none'.
INFO: [RTGEN 206-500] Setting interface mode on port 'graphsage_int8_po2/weights1_2_12' to 'ap_none'.
INFO: [RTGEN 206-500] Setting interface mode on port 'graphsage_int8_po2/weights1_2_13' to 'ap_none'.
INFO: [RTGEN 206-500] Setting interface mode on port 'graphsage_int8_po2/weights1_2_14' to 'ap_none'.
INFO: [RTGEN 206-500] Setting interface mode on port 'graphsage_int8_po2/weights1_2_15' to 'ap_none'.
INFO: [RTGEN 206-500] Setting interface mode on port 'graphsage_int8_po2/weights1_3_0' to 'ap_none'.
INFO: [RTGEN 206-500] Setting interface mode on port 'graphsage_int8_po2/weights1_3_1' to 'ap_none'.
INFO: [RTGEN 206-500] Setting interface mode on port 'graphsage_int8_po2/weights1_3_2' to 'ap_none'.
INFO: [RTGEN 206-500] Setting interface mode on port 'graphsage_int8_po2/weights1_3_3' to 'ap_none'.
INFO: [RTGEN 206-500] Setting interface mode on port 'graphsage_int8_po2/weights1_3_4' to 'ap_none'.
INFO: [RTGEN 206-500] Setting interface mode on port 'graphsage_int8_po2/weights1_3_5' to 'ap_none'.
INFO: [RTGEN 206-500] Setting interface mode on port 'graphsage_int8_po2/weights1_3_6' to 'ap_none'.
INFO: [RTGEN 206-500] Setting interface mode on port 'graphsage_int8_po2/weights1_3_7' to 'ap_none'.
INFO: [RTGEN 206-500] Setting interface mode on port 'graphsage_int8_po2/weights1_3_8' to 'ap_none'.
INFO: [RTGEN 206-500] Setting interface mode on port 'graphsage_int8_po2/weights1_3_9' to 'ap_none'.
INFO: [RTGEN 206-500] Setting interface mode on port 'graphsage_int8_po2/weights1_3_10' to 'ap_none'.
INFO: [RTGEN 206-500] Setting interface mode on port 'graphsage_int8_po2/weights1_3_11' to 'ap_none'.
INFO: [RTGEN 206-500] Setting interface mode on port 'graphsage_int8_po2/weights1_3_12' to 'ap_none'.
INFO: [RTGEN 206-500] Setting interface mode on port 'graphsage_int8_po2/weights1_3_13' to 'ap_none'.
INFO: [RTGEN 206-500] Setting interface mode on port 'graphsage_int8_po2/weights1_3_14' to 'ap_none'.
INFO: [RTGEN 206-500] Setting interface mode on port 'graphsage_int8_po2/weights1_3_15' to 'ap_none'.
INFO: [RTGEN 206-500] Setting interface mode on port 'graphsage_int8_po2/weights1_4_0' to 'ap_none'.
INFO: [RTGEN 206-500] Setting interface mode on port 'graphsage_int8_po2/weights1_4_1' to 'ap_none'.
INFO: [RTGEN 206-500] Setting interface mode on port 'graphsage_int8_po2/weights1_4_2' to 'ap_none'.
INFO: [RTGEN 206-500] Setting interface mode on port 'graphsage_int8_po2/weights1_4_3' to 'ap_none'.
INFO: [RTGEN 206-500] Setting interface mode on port 'graphsage_int8_po2/weights1_4_4' to 'ap_none'.
INFO: [RTGEN 206-500] Setting interface mode on port 'graphsage_int8_po2/weights1_4_5' to 'ap_none'.
INFO: [RTGEN 206-500] Setting interface mode on port 'graphsage_int8_po2/weights1_4_6' to 'ap_none'.
INFO: [RTGEN 206-500] Setting interface mode on port 'graphsage_int8_po2/weights1_4_7' to 'ap_none'.
INFO: [RTGEN 206-500] Setting interface mode on port 'graphsage_int8_po2/weights1_4_8' to 'ap_none'.
INFO: [RTGEN 206-500] Setting interface mode on port 'graphsage_int8_po2/weights1_4_9' to 'ap_none'.
INFO: [RTGEN 206-500] Setting interface mode on port 'graphsage_int8_po2/weights1_4_10' to 'ap_none'.
INFO: [RTGEN 206-500] Setting interface mode on port 'graphsage_int8_po2/weights1_4_11' to 'ap_none'.
INFO: [RTGEN 206-500] Setting interface mode on port 'graphsage_int8_po2/weights1_4_12' to 'ap_none'.
INFO: [RTGEN 206-500] Setting interface mode on port 'graphsage_int8_po2/weights1_4_13' to 'ap_none'.
INFO: [RTGEN 206-500] Setting interface mode on port 'graphsage_int8_po2/weights1_4_14' to 'ap_none'.
INFO: [RTGEN 206-500] Setting interface mode on port 'graphsage_int8_po2/weights1_4_15' to 'ap_none'.
INFO: [RTGEN 206-500] Setting interface mode on port 'graphsage_int8_po2/weights1_5_0' to 'ap_none'.
INFO: [RTGEN 206-500] Setting interface mode on port 'graphsage_int8_po2/weights1_5_1' to 'ap_none'.
INFO: [RTGEN 206-500] Setting interface mode on port 'graphsage_int8_po2/weights1_5_2' to 'ap_none'.
INFO: [RTGEN 206-500] Setting interface mode on port 'graphsage_int8_po2/weights1_5_3' to 'ap_none'.
INFO: [RTGEN 206-500] Setting interface mode on port 'graphsage_int8_po2/weights1_5_4' to 'ap_none'.
INFO: [RTGEN 206-500] Setting interface mode on port 'graphsage_int8_po2/weights1_5_5' to 'ap_none'.
INFO: [RTGEN 206-500] Setting interface mode on port 'graphsage_int8_po2/weights1_5_6' to 'ap_none'.
INFO: [RTGEN 206-500] Setting interface mode on port 'graphsage_int8_po2/weights1_5_7' to 'ap_none'.
INFO: [RTGEN 206-500] Setting interface mode on port 'graphsage_int8_po2/weights1_5_8' to 'ap_none'.
INFO: [RTGEN 206-500] Setting interface mode on port 'graphsage_int8_po2/weights1_5_9' to 'ap_none'.
INFO: [RTGEN 206-500] Setting interface mode on port 'graphsage_int8_po2/weights1_5_10' to 'ap_none'.
INFO: [RTGEN 206-500] Setting interface mode on port 'graphsage_int8_po2/weights1_5_11' to 'ap_none'.
INFO: [RTGEN 206-500] Setting interface mode on port 'graphsage_int8_po2/weights1_5_12' to 'ap_none'.
INFO: [RTGEN 206-500] Setting interface mode on port 'graphsage_int8_po2/weights1_5_13' to 'ap_none'.
INFO: [RTGEN 206-500] Setting interface mode on port 'graphsage_int8_po2/weights1_5_14' to 'ap_none'.
INFO: [RTGEN 206-500] Setting interface mode on port 'graphsage_int8_po2/weights1_5_15' to 'ap_none'.
INFO: [RTGEN 206-500] Setting interface mode on port 'graphsage_int8_po2/weights1_6_0' to 'ap_none'.
INFO: [RTGEN 206-500] Setting interface mode on port 'graphsage_int8_po2/weights1_6_1' to 'ap_none'.
INFO: [RTGEN 206-500] Setting interface mode on port 'graphsage_int8_po2/weights1_6_2' to 'ap_none'.
INFO: [RTGEN 206-500] Setting interface mode on port 'graphsage_int8_po2/weights1_6_3' to 'ap_none'.
INFO: [RTGEN 206-500] Setting interface mode on port 'graphsage_int8_po2/weights1_6_4' to 'ap_none'.
INFO: [RTGEN 206-500] Setting interface mode on port 'graphsage_int8_po2/weights1_6_5' to 'ap_none'.
INFO: [RTGEN 206-500] Setting interface mode on port 'graphsage_int8_po2/weights1_6_6' to 'ap_none'.
INFO: [RTGEN 206-500] Setting interface mode on port 'graphsage_int8_po2/weights1_6_7' to 'ap_none'.
INFO: [RTGEN 206-500] Setting interface mode on port 'graphsage_int8_po2/weights1_6_8' to 'ap_none'.
INFO: [RTGEN 206-500] Setting interface mode on port 'graphsage_int8_po2/weights1_6_9' to 'ap_none'.
INFO: [RTGEN 206-500] Setting interface mode on port 'graphsage_int8_po2/weights1_6_10' to 'ap_none'.
INFO: [RTGEN 206-500] Setting interface mode on port 'graphsage_int8_po2/weights1_6_11' to 'ap_none'.
INFO: [RTGEN 206-500] Setting interface mode on port 'graphsage_int8_po2/weights1_6_12' to 'ap_none'.
INFO: [RTGEN 206-500] Setting interface mode on port 'graphsage_int8_po2/weights1_6_13' to 'ap_none'.
INFO: [RTGEN 206-500] Setting interface mode on port 'graphsage_int8_po2/weights1_6_14' to 'ap_none'.
INFO: [RTGEN 206-500] Setting interface mode on port 'graphsage_int8_po2/weights1_6_15' to 'ap_none'.
INFO: [RTGEN 206-500] Setting interface mode on port 'graphsage_int8_po2/weights1_7_0' to 'ap_none'.
INFO: [RTGEN 206-500] Setting interface mode on port 'graphsage_int8_po2/weights1_7_1' to 'ap_none'.
INFO: [RTGEN 206-500] Setting interface mode on port 'graphsage_int8_po2/weights1_7_2' to 'ap_none'.
INFO: [RTGEN 206-500] Setting interface mode on port 'graphsage_int8_po2/weights1_7_3' to 'ap_none'.
INFO: [RTGEN 206-500] Setting interface mode on port 'graphsage_int8_po2/weights1_7_4' to 'ap_none'.
INFO: [RTGEN 206-500] Setting interface mode on port 'graphsage_int8_po2/weights1_7_5' to 'ap_none'.
INFO: [RTGEN 206-500] Setting interface mode on port 'graphsage_int8_po2/weights1_7_6' to 'ap_none'.
INFO: [RTGEN 206-500] Setting interface mode on port 'graphsage_int8_po2/weights1_7_7' to 'ap_none'.
INFO: [RTGEN 206-500] Setting interface mode on port 'graphsage_int8_po2/weights1_7_8' to 'ap_none'.
INFO: [RTGEN 206-500] Setting interface mode on port 'graphsage_int8_po2/weights1_7_9' to 'ap_none'.
INFO: [RTGEN 206-500] Setting interface mode on port 'graphsage_int8_po2/weights1_7_10' to 'ap_none'.
INFO: [RTGEN 206-500] Setting interface mode on port 'graphsage_int8_po2/weights1_7_11' to 'ap_none'.
INFO: [RTGEN 206-500] Setting interface mode on port 'graphsage_int8_po2/weights1_7_12' to 'ap_none'.
INFO: [RTGEN 206-500] Setting interface mode on port 'graphsage_int8_po2/weights1_7_13' to 'ap_none'.
INFO: [RTGEN 206-500] Setting interface mode on port 'graphsage_int8_po2/weights1_7_14' to 'ap_none'.
INFO: [RTGEN 206-500] Setting interface mode on port 'graphsage_int8_po2/weights1_7_15' to 'ap_none'.
INFO: [RTGEN 206-500] Setting interface mode on port 'graphsage_int8_po2/weights1_8_0' to 'ap_none'.
INFO: [RTGEN 206-500] Setting interface mode on port 'graphsage_int8_po2/weights1_8_1' to 'ap_none'.
INFO: [RTGEN 206-500] Setting interface mode on port 'graphsage_int8_po2/weights1_8_2' to 'ap_none'.
INFO: [RTGEN 206-500] Setting interface mode on port 'graphsage_int8_po2/weights1_8_3' to 'ap_none'.
INFO: [RTGEN 206-500] Setting interface mode on port 'graphsage_int8_po2/weights1_8_4' to 'ap_none'.
INFO: [RTGEN 206-500] Setting interface mode on port 'graphsage_int8_po2/weights1_8_5' to 'ap_none'.
INFO: [RTGEN 206-500] Setting interface mode on port 'graphsage_int8_po2/weights1_8_6' to 'ap_none'.
INFO: [RTGEN 206-500] Setting interface mode on port 'graphsage_int8_po2/weights1_8_7' to 'ap_none'.
INFO: [RTGEN 206-500] Setting interface mode on port 'graphsage_int8_po2/weights1_8_8' to 'ap_none'.
INFO: [RTGEN 206-500] Setting interface mode on port 'graphsage_int8_po2/weights1_8_9' to 'ap_none'.
INFO: [RTGEN 206-500] Setting interface mode on port 'graphsage_int8_po2/weights1_8_10' to 'ap_none'.
INFO: [RTGEN 206-500] Setting interface mode on port 'graphsage_int8_po2/weights1_8_11' to 'ap_none'.
INFO: [RTGEN 206-500] Setting interface mode on port 'graphsage_int8_po2/weights1_8_12' to 'ap_none'.
INFO: [RTGEN 206-500] Setting interface mode on port 'graphsage_int8_po2/weights1_8_13' to 'ap_none'.
INFO: [RTGEN 206-500] Setting interface mode on port 'graphsage_int8_po2/weights1_8_14' to 'ap_none'.
INFO: [RTGEN 206-500] Setting interface mode on port 'graphsage_int8_po2/weights1_8_15' to 'ap_none'.
INFO: [RTGEN 206-500] Setting interface mode on port 'graphsage_int8_po2/weights1_9_0' to 'ap_none'.
INFO: [RTGEN 206-500] Setting interface mode on port 'graphsage_int8_po2/weights1_9_1' to 'ap_none'.
INFO: [RTGEN 206-500] Setting interface mode on port 'graphsage_int8_po2/weights1_9_2' to 'ap_none'.
INFO: [RTGEN 206-500] Setting interface mode on port 'graphsage_int8_po2/weights1_9_3' to 'ap_none'.
INFO: [RTGEN 206-500] Setting interface mode on port 'graphsage_int8_po2/weights1_9_4' to 'ap_none'.
INFO: [RTGEN 206-500] Setting interface mode on port 'graphsage_int8_po2/weights1_9_5' to 'ap_none'.
INFO: [RTGEN 206-500] Setting interface mode on port 'graphsage_int8_po2/weights1_9_6' to 'ap_none'.
INFO: [RTGEN 206-500] Setting interface mode on port 'graphsage_int8_po2/weights1_9_7' to 'ap_none'.
INFO: [RTGEN 206-500] Setting interface mode on port 'graphsage_int8_po2/weights1_9_8' to 'ap_none'.
INFO: [RTGEN 206-500] Setting interface mode on port 'graphsage_int8_po2/weights1_9_9' to 'ap_none'.
INFO: [RTGEN 206-500] Setting interface mode on port 'graphsage_int8_po2/weights1_9_10' to 'ap_none'.
INFO: [RTGEN 206-500] Setting interface mode on port 'graphsage_int8_po2/weights1_9_11' to 'ap_none'.
INFO: [RTGEN 206-500] Setting interface mode on port 'graphsage_int8_po2/weights1_9_12' to 'ap_none'.
INFO: [RTGEN 206-500] Setting interface mode on port 'graphsage_int8_po2/weights1_9_13' to 'ap_none'.
INFO: [RTGEN 206-500] Setting interface mode on port 'graphsage_int8_po2/weights1_9_14' to 'ap_none'.
INFO: [RTGEN 206-500] Setting interface mode on port 'graphsage_int8_po2/weights1_9_15' to 'ap_none'.
INFO: [RTGEN 206-500] Setting interface mode on port 'graphsage_int8_po2/weights1_10_0' to 'ap_none'.
INFO: [RTGEN 206-500] Setting interface mode on port 'graphsage_int8_po2/weights1_10_1' to 'ap_none'.
INFO: [RTGEN 206-500] Setting interface mode on port 'graphsage_int8_po2/weights1_10_2' to 'ap_none'.
INFO: [RTGEN 206-500] Setting interface mode on port 'graphsage_int8_po2/weights1_10_3' to 'ap_none'.
INFO: [RTGEN 206-500] Setting interface mode on port 'graphsage_int8_po2/weights1_10_4' to 'ap_none'.
INFO: [RTGEN 206-500] Setting interface mode on port 'graphsage_int8_po2/weights1_10_5' to 'ap_none'.
INFO: [RTGEN 206-500] Setting interface mode on port 'graphsage_int8_po2/weights1_10_6' to 'ap_none'.
INFO: [RTGEN 206-500] Setting interface mode on port 'graphsage_int8_po2/weights1_10_7' to 'ap_none'.
INFO: [RTGEN 206-500] Setting interface mode on port 'graphsage_int8_po2/weights1_10_8' to 'ap_none'.
INFO: [RTGEN 206-500] Setting interface mode on port 'graphsage_int8_po2/weights1_10_9' to 'ap_none'.
INFO: [RTGEN 206-500] Setting interface mode on port 'graphsage_int8_po2/weights1_10_10' to 'ap_none'.
INFO: [RTGEN 206-500] Setting interface mode on port 'graphsage_int8_po2/weights1_10_11' to 'ap_none'.
INFO: [RTGEN 206-500] Setting interface mode on port 'graphsage_int8_po2/weights1_10_12' to 'ap_none'.
INFO: [RTGEN 206-500] Setting interface mode on port 'graphsage_int8_po2/weights1_10_13' to 'ap_none'.
INFO: [RTGEN 206-500] Setting interface mode on port 'graphsage_int8_po2/weights1_10_14' to 'ap_none'.
INFO: [RTGEN 206-500] Setting interface mode on port 'graphsage_int8_po2/weights1_10_15' to 'ap_none'.
INFO: [RTGEN 206-500] Setting interface mode on port 'graphsage_int8_po2/weights1_11_0' to 'ap_none'.
INFO: [RTGEN 206-500] Setting interface mode on port 'graphsage_int8_po2/weights1_11_1' to 'ap_none'.
INFO: [RTGEN 206-500] Setting interface mode on port 'graphsage_int8_po2/weights1_11_2' to 'ap_none'.
INFO: [RTGEN 206-500] Setting interface mode on port 'graphsage_int8_po2/weights1_11_3' to 'ap_none'.
INFO: [RTGEN 206-500] Setting interface mode on port 'graphsage_int8_po2/weights1_11_4' to 'ap_none'.
INFO: [RTGEN 206-500] Setting interface mode on port 'graphsage_int8_po2/weights1_11_5' to 'ap_none'.
INFO: [RTGEN 206-500] Setting interface mode on port 'graphsage_int8_po2/weights1_11_6' to 'ap_none'.
INFO: [RTGEN 206-500] Setting interface mode on port 'graphsage_int8_po2/weights1_11_7' to 'ap_none'.
INFO: [RTGEN 206-500] Setting interface mode on port 'graphsage_int8_po2/weights1_11_8' to 'ap_none'.
INFO: [RTGEN 206-500] Setting interface mode on port 'graphsage_int8_po2/weights1_11_9' to 'ap_none'.
INFO: [RTGEN 206-500] Setting interface mode on port 'graphsage_int8_po2/weights1_11_10' to 'ap_none'.
INFO: [RTGEN 206-500] Setting interface mode on port 'graphsage_int8_po2/weights1_11_11' to 'ap_none'.
INFO: [RTGEN 206-500] Setting interface mode on port 'graphsage_int8_po2/weights1_11_12' to 'ap_none'.
INFO: [RTGEN 206-500] Setting interface mode on port 'graphsage_int8_po2/weights1_11_13' to 'ap_none'.
INFO: [RTGEN 206-500] Setting interface mode on port 'graphsage_int8_po2/weights1_11_14' to 'ap_none'.
INFO: [RTGEN 206-500] Setting interface mode on port 'graphsage_int8_po2/weights1_11_15' to 'ap_none'.
INFO: [RTGEN 206-500] Setting interface mode on port 'graphsage_int8_po2/weights1_12_0' to 'ap_none'.
INFO: [RTGEN 206-500] Setting interface mode on port 'graphsage_int8_po2/weights1_12_1' to 'ap_none'.
INFO: [RTGEN 206-500] Setting interface mode on port 'graphsage_int8_po2/weights1_12_2' to 'ap_none'.
INFO: [RTGEN 206-500] Setting interface mode on port 'graphsage_int8_po2/weights1_12_3' to 'ap_none'.
INFO: [RTGEN 206-500] Setting interface mode on port 'graphsage_int8_po2/weights1_12_4' to 'ap_none'.
INFO: [RTGEN 206-500] Setting interface mode on port 'graphsage_int8_po2/weights1_12_5' to 'ap_none'.
INFO: [RTGEN 206-500] Setting interface mode on port 'graphsage_int8_po2/weights1_12_6' to 'ap_none'.
INFO: [RTGEN 206-500] Setting interface mode on port 'graphsage_int8_po2/weights1_12_7' to 'ap_none'.
INFO: [RTGEN 206-500] Setting interface mode on port 'graphsage_int8_po2/weights1_12_8' to 'ap_none'.
INFO: [RTGEN 206-500] Setting interface mode on port 'graphsage_int8_po2/weights1_12_9' to 'ap_none'.
INFO: [RTGEN 206-500] Setting interface mode on port 'graphsage_int8_po2/weights1_12_10' to 'ap_none'.
INFO: [RTGEN 206-500] Setting interface mode on port 'graphsage_int8_po2/weights1_12_11' to 'ap_none'.
INFO: [RTGEN 206-500] Setting interface mode on port 'graphsage_int8_po2/weights1_12_12' to 'ap_none'.
INFO: [RTGEN 206-500] Setting interface mode on port 'graphsage_int8_po2/weights1_12_13' to 'ap_none'.
INFO: [RTGEN 206-500] Setting interface mode on port 'graphsage_int8_po2/weights1_12_14' to 'ap_none'.
INFO: [RTGEN 206-500] Setting interface mode on port 'graphsage_int8_po2/weights1_12_15' to 'ap_none'.
INFO: [RTGEN 206-500] Setting interface mode on port 'graphsage_int8_po2/weights1_13_0' to 'ap_none'.
INFO: [RTGEN 206-500] Setting interface mode on port 'graphsage_int8_po2/weights1_13_1' to 'ap_none'.
INFO: [RTGEN 206-500] Setting interface mode on port 'graphsage_int8_po2/weights1_13_2' to 'ap_none'.
INFO: [RTGEN 206-500] Setting interface mode on port 'graphsage_int8_po2/weights1_13_3' to 'ap_none'.
INFO: [RTGEN 206-500] Setting interface mode on port 'graphsage_int8_po2/weights1_13_4' to 'ap_none'.
INFO: [RTGEN 206-500] Setting interface mode on port 'graphsage_int8_po2/weights1_13_5' to 'ap_none'.
INFO: [RTGEN 206-500] Setting interface mode on port 'graphsage_int8_po2/weights1_13_6' to 'ap_none'.
INFO: [RTGEN 206-500] Setting interface mode on port 'graphsage_int8_po2/weights1_13_7' to 'ap_none'.
INFO: [RTGEN 206-500] Setting interface mode on port 'graphsage_int8_po2/weights1_13_8' to 'ap_none'.
INFO: [RTGEN 206-500] Setting interface mode on port 'graphsage_int8_po2/weights1_13_9' to 'ap_none'.
INFO: [RTGEN 206-500] Setting interface mode on port 'graphsage_int8_po2/weights1_13_10' to 'ap_none'.
INFO: [RTGEN 206-500] Setting interface mode on port 'graphsage_int8_po2/weights1_13_11' to 'ap_none'.
INFO: [RTGEN 206-500] Setting interface mode on port 'graphsage_int8_po2/weights1_13_12' to 'ap_none'.
INFO: [RTGEN 206-500] Setting interface mode on port 'graphsage_int8_po2/weights1_13_13' to 'ap_none'.
INFO: [RTGEN 206-500] Setting interface mode on port 'graphsage_int8_po2/weights1_13_14' to 'ap_none'.
INFO: [RTGEN 206-500] Setting interface mode on port 'graphsage_int8_po2/weights1_13_15' to 'ap_none'.
INFO: [RTGEN 206-500] Setting interface mode on port 'graphsage_int8_po2/weights1_14_0' to 'ap_none'.
INFO: [RTGEN 206-500] Setting interface mode on port 'graphsage_int8_po2/weights1_14_1' to 'ap_none'.
INFO: [RTGEN 206-500] Setting interface mode on port 'graphsage_int8_po2/weights1_14_2' to 'ap_none'.
INFO: [RTGEN 206-500] Setting interface mode on port 'graphsage_int8_po2/weights1_14_3' to 'ap_none'.
INFO: [RTGEN 206-500] Setting interface mode on port 'graphsage_int8_po2/weights1_14_4' to 'ap_none'.
INFO: [RTGEN 206-500] Setting interface mode on port 'graphsage_int8_po2/weights1_14_5' to 'ap_none'.
INFO: [RTGEN 206-500] Setting interface mode on port 'graphsage_int8_po2/weights1_14_6' to 'ap_none'.
INFO: [RTGEN 206-500] Setting interface mode on port 'graphsage_int8_po2/weights1_14_7' to 'ap_none'.
INFO: [RTGEN 206-500] Setting interface mode on port 'graphsage_int8_po2/weights1_14_8' to 'ap_none'.
INFO: [RTGEN 206-500] Setting interface mode on port 'graphsage_int8_po2/weights1_14_9' to 'ap_none'.
INFO: [RTGEN 206-500] Setting interface mode on port 'graphsage_int8_po2/weights1_14_10' to 'ap_none'.
INFO: [RTGEN 206-500] Setting interface mode on port 'graphsage_int8_po2/weights1_14_11' to 'ap_none'.
INFO: [RTGEN 206-500] Setting interface mode on port 'graphsage_int8_po2/weights1_14_12' to 'ap_none'.
INFO: [RTGEN 206-500] Setting interface mode on port 'graphsage_int8_po2/weights1_14_13' to 'ap_none'.
INFO: [RTGEN 206-500] Setting interface mode on port 'graphsage_int8_po2/weights1_14_14' to 'ap_none'.
INFO: [RTGEN 206-500] Setting interface mode on port 'graphsage_int8_po2/weights1_14_15' to 'ap_none'.
INFO: [RTGEN 206-500] Setting interface mode on port 'graphsage_int8_po2/weights1_15_0' to 'ap_none'.
INFO: [RTGEN 206-500] Setting interface mode on port 'graphsage_int8_po2/weights1_15_1' to 'ap_none'.
INFO: [RTGEN 206-500] Setting interface mode on port 'graphsage_int8_po2/weights1_15_2' to 'ap_none'.
INFO: [RTGEN 206-500] Setting interface mode on port 'graphsage_int8_po2/weights1_15_3' to 'ap_none'.
INFO: [RTGEN 206-500] Setting interface mode on port 'graphsage_int8_po2/weights1_15_4' to 'ap_none'.
INFO: [RTGEN 206-500] Setting interface mode on port 'graphsage_int8_po2/weights1_15_5' to 'ap_none'.
INFO: [RTGEN 206-500] Setting interface mode on port 'graphsage_int8_po2/weights1_15_6' to 'ap_none'.
INFO: [RTGEN 206-500] Setting interface mode on port 'graphsage_int8_po2/weights1_15_7' to 'ap_none'.
INFO: [RTGEN 206-500] Setting interface mode on port 'graphsage_int8_po2/weights1_15_8' to 'ap_none'.
INFO: [RTGEN 206-500] Setting interface mode on port 'graphsage_int8_po2/weights1_15_9' to 'ap_none'.
INFO: [RTGEN 206-500] Setting interface mode on port 'graphsage_int8_po2/weights1_15_10' to 'ap_none'.
INFO: [RTGEN 206-500] Setting interface mode on port 'graphsage_int8_po2/weights1_15_11' to 'ap_none'.
INFO: [RTGEN 206-500] Setting interface mode on port 'graphsage_int8_po2/weights1_15_12' to 'ap_none'.
INFO: [RTGEN 206-500] Setting interface mode on port 'graphsage_int8_po2/weights1_15_13' to 'ap_none'.
INFO: [RTGEN 206-500] Setting interface mode on port 'graphsage_int8_po2/weights1_15_14' to 'ap_none'.
INFO: [RTGEN 206-500] Setting interface mode on port 'graphsage_int8_po2/weights1_15_15' to 'ap_none'.
INFO: [RTGEN 206-500] Setting interface mode on port 'graphsage_int8_po2/weights1_16_0' to 'ap_none'.
INFO: [RTGEN 206-500] Setting interface mode on port 'graphsage_int8_po2/weights1_16_1' to 'ap_none'.
INFO: [RTGEN 206-500] Setting interface mode on port 'graphsage_int8_po2/weights1_16_2' to 'ap_none'.
INFO: [RTGEN 206-500] Setting interface mode on port 'graphsage_int8_po2/weights1_16_3' to 'ap_none'.
INFO: [RTGEN 206-500] Setting interface mode on port 'graphsage_int8_po2/weights1_16_4' to 'ap_none'.
INFO: [RTGEN 206-500] Setting interface mode on port 'graphsage_int8_po2/weights1_16_5' to 'ap_none'.
INFO: [RTGEN 206-500] Setting interface mode on port 'graphsage_int8_po2/weights1_16_6' to 'ap_none'.
INFO: [RTGEN 206-500] Setting interface mode on port 'graphsage_int8_po2/weights1_16_7' to 'ap_none'.
INFO: [RTGEN 206-500] Setting interface mode on port 'graphsage_int8_po2/weights1_16_8' to 'ap_none'.
INFO: [RTGEN 206-500] Setting interface mode on port 'graphsage_int8_po2/weights1_16_9' to 'ap_none'.
INFO: [RTGEN 206-500] Setting interface mode on port 'graphsage_int8_po2/weights1_16_10' to 'ap_none'.
INFO: [RTGEN 206-500] Setting interface mode on port 'graphsage_int8_po2/weights1_16_11' to 'ap_none'.
INFO: [RTGEN 206-500] Setting interface mode on port 'graphsage_int8_po2/weights1_16_12' to 'ap_none'.
INFO: [RTGEN 206-500] Setting interface mode on port 'graphsage_int8_po2/weights1_16_13' to 'ap_none'.
INFO: [RTGEN 206-500] Setting interface mode on port 'graphsage_int8_po2/weights1_16_14' to 'ap_none'.
INFO: [RTGEN 206-500] Setting interface mode on port 'graphsage_int8_po2/weights1_16_15' to 'ap_none'.
INFO: [RTGEN 206-500] Setting interface mode on port 'graphsage_int8_po2/weights1_17_0' to 'ap_none'.
INFO: [RTGEN 206-500] Setting interface mode on port 'graphsage_int8_po2/weights1_17_1' to 'ap_none'.
INFO: [RTGEN 206-500] Setting interface mode on port 'graphsage_int8_po2/weights1_17_2' to 'ap_none'.
INFO: [RTGEN 206-500] Setting interface mode on port 'graphsage_int8_po2/weights1_17_3' to 'ap_none'.
INFO: [RTGEN 206-500] Setting interface mode on port 'graphsage_int8_po2/weights1_17_4' to 'ap_none'.
INFO: [RTGEN 206-500] Setting interface mode on port 'graphsage_int8_po2/weights1_17_5' to 'ap_none'.
INFO: [RTGEN 206-500] Setting interface mode on port 'graphsage_int8_po2/weights1_17_6' to 'ap_none'.
INFO: [RTGEN 206-500] Setting interface mode on port 'graphsage_int8_po2/weights1_17_7' to 'ap_none'.
INFO: [RTGEN 206-500] Setting interface mode on port 'graphsage_int8_po2/weights1_17_8' to 'ap_none'.
INFO: [RTGEN 206-500] Setting interface mode on port 'graphsage_int8_po2/weights1_17_9' to 'ap_none'.
INFO: [RTGEN 206-500] Setting interface mode on port 'graphsage_int8_po2/weights1_17_10' to 'ap_none'.
INFO: [RTGEN 206-500] Setting interface mode on port 'graphsage_int8_po2/weights1_17_11' to 'ap_none'.
INFO: [RTGEN 206-500] Setting interface mode on port 'graphsage_int8_po2/weights1_17_12' to 'ap_none'.
INFO: [RTGEN 206-500] Setting interface mode on port 'graphsage_int8_po2/weights1_17_13' to 'ap_none'.
INFO: [RTGEN 206-500] Setting interface mode on port 'graphsage_int8_po2/weights1_17_14' to 'ap_none'.
INFO: [RTGEN 206-500] Setting interface mode on port 'graphsage_int8_po2/weights1_17_15' to 'ap_none'.
INFO: [RTGEN 206-500] Setting interface mode on port 'graphsage_int8_po2/weights1_18_0' to 'ap_none'.
INFO: [RTGEN 206-500] Setting interface mode on port 'graphsage_int8_po2/weights1_18_1' to 'ap_none'.
INFO: [RTGEN 206-500] Setting interface mode on port 'graphsage_int8_po2/weights1_18_2' to 'ap_none'.
INFO: [RTGEN 206-500] Setting interface mode on port 'graphsage_int8_po2/weights1_18_3' to 'ap_none'.
INFO: [RTGEN 206-500] Setting interface mode on port 'graphsage_int8_po2/weights1_18_4' to 'ap_none'.
INFO: [RTGEN 206-500] Setting interface mode on port 'graphsage_int8_po2/weights1_18_5' to 'ap_none'.
INFO: [RTGEN 206-500] Setting interface mode on port 'graphsage_int8_po2/weights1_18_6' to 'ap_none'.
INFO: [RTGEN 206-500] Setting interface mode on port 'graphsage_int8_po2/weights1_18_7' to 'ap_none'.
INFO: [RTGEN 206-500] Setting interface mode on port 'graphsage_int8_po2/weights1_18_8' to 'ap_none'.
INFO: [RTGEN 206-500] Setting interface mode on port 'graphsage_int8_po2/weights1_18_9' to 'ap_none'.
INFO: [RTGEN 206-500] Setting interface mode on port 'graphsage_int8_po2/weights1_18_10' to 'ap_none'.
INFO: [RTGEN 206-500] Setting interface mode on port 'graphsage_int8_po2/weights1_18_11' to 'ap_none'.
INFO: [RTGEN 206-500] Setting interface mode on port 'graphsage_int8_po2/weights1_18_12' to 'ap_none'.
INFO: [RTGEN 206-500] Setting interface mode on port 'graphsage_int8_po2/weights1_18_13' to 'ap_none'.
INFO: [RTGEN 206-500] Setting interface mode on port 'graphsage_int8_po2/weights1_18_14' to 'ap_none'.
INFO: [RTGEN 206-500] Setting interface mode on port 'graphsage_int8_po2/weights1_18_15' to 'ap_none'.
INFO: [RTGEN 206-500] Setting interface mode on port 'graphsage_int8_po2/weights1_19_0' to 'ap_none'.
INFO: [RTGEN 206-500] Setting interface mode on port 'graphsage_int8_po2/weights1_19_1' to 'ap_none'.
INFO: [RTGEN 206-500] Setting interface mode on port 'graphsage_int8_po2/weights1_19_2' to 'ap_none'.
INFO: [RTGEN 206-500] Setting interface mode on port 'graphsage_int8_po2/weights1_19_3' to 'ap_none'.
INFO: [RTGEN 206-500] Setting interface mode on port 'graphsage_int8_po2/weights1_19_4' to 'ap_none'.
INFO: [RTGEN 206-500] Setting interface mode on port 'graphsage_int8_po2/weights1_19_5' to 'ap_none'.
INFO: [RTGEN 206-500] Setting interface mode on port 'graphsage_int8_po2/weights1_19_6' to 'ap_none'.
INFO: [RTGEN 206-500] Setting interface mode on port 'graphsage_int8_po2/weights1_19_7' to 'ap_none'.
INFO: [RTGEN 206-500] Setting interface mode on port 'graphsage_int8_po2/weights1_19_8' to 'ap_none'.
INFO: [RTGEN 206-500] Setting interface mode on port 'graphsage_int8_po2/weights1_19_9' to 'ap_none'.
INFO: [RTGEN 206-500] Setting interface mode on port 'graphsage_int8_po2/weights1_19_10' to 'ap_none'.
INFO: [RTGEN 206-500] Setting interface mode on port 'graphsage_int8_po2/weights1_19_11' to 'ap_none'.
INFO: [RTGEN 206-500] Setting interface mode on port 'graphsage_int8_po2/weights1_19_12' to 'ap_none'.
INFO: [RTGEN 206-500] Setting interface mode on port 'graphsage_int8_po2/weights1_19_13' to 'ap_none'.
INFO: [RTGEN 206-500] Setting interface mode on port 'graphsage_int8_po2/weights1_19_14' to 'ap_none'.
INFO: [RTGEN 206-500] Setting interface mode on port 'graphsage_int8_po2/weights1_19_15' to 'ap_none'.
INFO: [RTGEN 206-500] Setting interface mode on port 'graphsage_int8_po2/weights1_20_0' to 'ap_none'.
INFO: [RTGEN 206-500] Setting interface mode on port 'graphsage_int8_po2/weights1_20_1' to 'ap_none'.
INFO: [RTGEN 206-500] Setting interface mode on port 'graphsage_int8_po2/weights1_20_2' to 'ap_none'.
INFO: [RTGEN 206-500] Setting interface mode on port 'graphsage_int8_po2/weights1_20_3' to 'ap_none'.
INFO: [RTGEN 206-500] Setting interface mode on port 'graphsage_int8_po2/weights1_20_4' to 'ap_none'.
INFO: [RTGEN 206-500] Setting interface mode on port 'graphsage_int8_po2/weights1_20_5' to 'ap_none'.
INFO: [RTGEN 206-500] Setting interface mode on port 'graphsage_int8_po2/weights1_20_6' to 'ap_none'.
INFO: [RTGEN 206-500] Setting interface mode on port 'graphsage_int8_po2/weights1_20_7' to 'ap_none'.
INFO: [RTGEN 206-500] Setting interface mode on port 'graphsage_int8_po2/weights1_20_8' to 'ap_none'.
INFO: [RTGEN 206-500] Setting interface mode on port 'graphsage_int8_po2/weights1_20_9' to 'ap_none'.
INFO: [RTGEN 206-500] Setting interface mode on port 'graphsage_int8_po2/weights1_20_10' to 'ap_none'.
INFO: [RTGEN 206-500] Setting interface mode on port 'graphsage_int8_po2/weights1_20_11' to 'ap_none'.
INFO: [RTGEN 206-500] Setting interface mode on port 'graphsage_int8_po2/weights1_20_12' to 'ap_none'.
INFO: [RTGEN 206-500] Setting interface mode on port 'graphsage_int8_po2/weights1_20_13' to 'ap_none'.
INFO: [RTGEN 206-500] Setting interface mode on port 'graphsage_int8_po2/weights1_20_14' to 'ap_none'.
INFO: [RTGEN 206-500] Setting interface mode on port 'graphsage_int8_po2/weights1_20_15' to 'ap_none'.
INFO: [RTGEN 206-500] Setting interface mode on port 'graphsage_int8_po2/weights1_21_0' to 'ap_none'.
INFO: [RTGEN 206-500] Setting interface mode on port 'graphsage_int8_po2/weights1_21_1' to 'ap_none'.
INFO: [RTGEN 206-500] Setting interface mode on port 'graphsage_int8_po2/weights1_21_2' to 'ap_none'.
INFO: [RTGEN 206-500] Setting interface mode on port 'graphsage_int8_po2/weights1_21_3' to 'ap_none'.
INFO: [RTGEN 206-500] Setting interface mode on port 'graphsage_int8_po2/weights1_21_4' to 'ap_none'.
INFO: [RTGEN 206-500] Setting interface mode on port 'graphsage_int8_po2/weights1_21_5' to 'ap_none'.
INFO: [RTGEN 206-500] Setting interface mode on port 'graphsage_int8_po2/weights1_21_6' to 'ap_none'.
INFO: [RTGEN 206-500] Setting interface mode on port 'graphsage_int8_po2/weights1_21_7' to 'ap_none'.
INFO: [RTGEN 206-500] Setting interface mode on port 'graphsage_int8_po2/weights1_21_8' to 'ap_none'.
INFO: [RTGEN 206-500] Setting interface mode on port 'graphsage_int8_po2/weights1_21_9' to 'ap_none'.
INFO: [RTGEN 206-500] Setting interface mode on port 'graphsage_int8_po2/weights1_21_10' to 'ap_none'.
INFO: [RTGEN 206-500] Setting interface mode on port 'graphsage_int8_po2/weights1_21_11' to 'ap_none'.
INFO: [RTGEN 206-500] Setting interface mode on port 'graphsage_int8_po2/weights1_21_12' to 'ap_none'.
INFO: [RTGEN 206-500] Setting interface mode on port 'graphsage_int8_po2/weights1_21_13' to 'ap_none'.
INFO: [RTGEN 206-500] Setting interface mode on port 'graphsage_int8_po2/weights1_21_14' to 'ap_none'.
INFO: [RTGEN 206-500] Setting interface mode on port 'graphsage_int8_po2/weights1_21_15' to 'ap_none'.
INFO: [RTGEN 206-500] Setting interface mode on port 'graphsage_int8_po2/weights1_22_0' to 'ap_none'.
INFO: [RTGEN 206-500] Setting interface mode on port 'graphsage_int8_po2/weights1_22_1' to 'ap_none'.
INFO: [RTGEN 206-500] Setting interface mode on port 'graphsage_int8_po2/weights1_22_2' to 'ap_none'.
INFO: [RTGEN 206-500] Setting interface mode on port 'graphsage_int8_po2/weights1_22_3' to 'ap_none'.
INFO: [RTGEN 206-500] Setting interface mode on port 'graphsage_int8_po2/weights1_22_4' to 'ap_none'.
INFO: [RTGEN 206-500] Setting interface mode on port 'graphsage_int8_po2/weights1_22_5' to 'ap_none'.
INFO: [RTGEN 206-500] Setting interface mode on port 'graphsage_int8_po2/weights1_22_6' to 'ap_none'.
INFO: [RTGEN 206-500] Setting interface mode on port 'graphsage_int8_po2/weights1_22_7' to 'ap_none'.
INFO: [RTGEN 206-500] Setting interface mode on port 'graphsage_int8_po2/weights1_22_8' to 'ap_none'.
INFO: [RTGEN 206-500] Setting interface mode on port 'graphsage_int8_po2/weights1_22_9' to 'ap_none'.
INFO: [RTGEN 206-500] Setting interface mode on port 'graphsage_int8_po2/weights1_22_10' to 'ap_none'.
INFO: [RTGEN 206-500] Setting interface mode on port 'graphsage_int8_po2/weights1_22_11' to 'ap_none'.
INFO: [RTGEN 206-500] Setting interface mode on port 'graphsage_int8_po2/weights1_22_12' to 'ap_none'.
INFO: [RTGEN 206-500] Setting interface mode on port 'graphsage_int8_po2/weights1_22_13' to 'ap_none'.
INFO: [RTGEN 206-500] Setting interface mode on port 'graphsage_int8_po2/weights1_22_14' to 'ap_none'.
INFO: [RTGEN 206-500] Setting interface mode on port 'graphsage_int8_po2/weights1_22_15' to 'ap_none'.
INFO: [RTGEN 206-500] Setting interface mode on port 'graphsage_int8_po2/weights1_23_0' to 'ap_none'.
INFO: [RTGEN 206-500] Setting interface mode on port 'graphsage_int8_po2/weights1_23_1' to 'ap_none'.
INFO: [RTGEN 206-500] Setting interface mode on port 'graphsage_int8_po2/weights1_23_2' to 'ap_none'.
INFO: [RTGEN 206-500] Setting interface mode on port 'graphsage_int8_po2/weights1_23_3' to 'ap_none'.
INFO: [RTGEN 206-500] Setting interface mode on port 'graphsage_int8_po2/weights1_23_4' to 'ap_none'.
INFO: [RTGEN 206-500] Setting interface mode on port 'graphsage_int8_po2/weights1_23_5' to 'ap_none'.
INFO: [RTGEN 206-500] Setting interface mode on port 'graphsage_int8_po2/weights1_23_6' to 'ap_none'.
INFO: [RTGEN 206-500] Setting interface mode on port 'graphsage_int8_po2/weights1_23_7' to 'ap_none'.
INFO: [RTGEN 206-500] Setting interface mode on port 'graphsage_int8_po2/weights1_23_8' to 'ap_none'.
INFO: [RTGEN 206-500] Setting interface mode on port 'graphsage_int8_po2/weights1_23_9' to 'ap_none'.
INFO: [RTGEN 206-500] Setting interface mode on port 'graphsage_int8_po2/weights1_23_10' to 'ap_none'.
INFO: [RTGEN 206-500] Setting interface mode on port 'graphsage_int8_po2/weights1_23_11' to 'ap_none'.
INFO: [RTGEN 206-500] Setting interface mode on port 'graphsage_int8_po2/weights1_23_12' to 'ap_none'.
INFO: [RTGEN 206-500] Setting interface mode on port 'graphsage_int8_po2/weights1_23_13' to 'ap_none'.
INFO: [RTGEN 206-500] Setting interface mode on port 'graphsage_int8_po2/weights1_23_14' to 'ap_none'.
INFO: [RTGEN 206-500] Setting interface mode on port 'graphsage_int8_po2/weights1_23_15' to 'ap_none'.
INFO: [RTGEN 206-500] Setting interface mode on port 'graphsage_int8_po2/bias1_0' to 'ap_none'.
INFO: [RTGEN 206-500] Setting interface mode on port 'graphsage_int8_po2/bias1_1' to 'ap_none'.
INFO: [RTGEN 206-500] Setting interface mode on port 'graphsage_int8_po2/bias1_2' to 'ap_none'.
INFO: [RTGEN 206-500] Setting interface mode on port 'graphsage_int8_po2/bias1_3' to 'ap_none'.
INFO: [RTGEN 206-500] Setting interface mode on port 'graphsage_int8_po2/bias1_4' to 'ap_none'.
INFO: [RTGEN 206-500] Setting interface mode on port 'graphsage_int8_po2/bias1_5' to 'ap_none'.
INFO: [RTGEN 206-500] Setting interface mode on port 'graphsage_int8_po2/bias1_6' to 'ap_none'.
INFO: [RTGEN 206-500] Setting interface mode on port 'graphsage_int8_po2/bias1_7' to 'ap_none'.
INFO: [RTGEN 206-500] Setting interface mode on port 'graphsage_int8_po2/bias1_8' to 'ap_none'.
INFO: [RTGEN 206-500] Setting interface mode on port 'graphsage_int8_po2/bias1_9' to 'ap_none'.
INFO: [RTGEN 206-500] Setting interface mode on port 'graphsage_int8_po2/bias1_10' to 'ap_none'.
INFO: [RTGEN 206-500] Setting interface mode on port 'graphsage_int8_po2/bias1_11' to 'ap_none'.
INFO: [RTGEN 206-500] Setting interface mode on port 'graphsage_int8_po2/bias1_12' to 'ap_none'.
INFO: [RTGEN 206-500] Setting interface mode on port 'graphsage_int8_po2/bias1_13' to 'ap_none'.
INFO: [RTGEN 206-500] Setting interface mode on port 'graphsage_int8_po2/bias1_14' to 'ap_none'.
INFO: [RTGEN 206-500] Setting interface mode on port 'graphsage_int8_po2/bias1_15' to 'ap_none'.
INFO: [RTGEN 206-500] Setting interface mode on port 'graphsage_int8_po2/bias1_16' to 'ap_none'.
INFO: [RTGEN 206-500] Setting interface mode on port 'graphsage_int8_po2/bias1_17' to 'ap_none'.
INFO: [RTGEN 206-500] Setting interface mode on port 'graphsage_int8_po2/bias1_18' to 'ap_none'.
INFO: [RTGEN 206-500] Setting interface mode on port 'graphsage_int8_po2/bias1_19' to 'ap_none'.
INFO: [RTGEN 206-500] Setting interface mode on port 'graphsage_int8_po2/bias1_20' to 'ap_none'.
INFO: [RTGEN 206-500] Setting interface mode on port 'graphsage_int8_po2/bias1_21' to 'ap_none'.
INFO: [RTGEN 206-500] Setting interface mode on port 'graphsage_int8_po2/bias1_22' to 'ap_none'.
INFO: [RTGEN 206-500] Setting interface mode on port 'graphsage_int8_po2/bias1_23' to 'ap_none'.
INFO: [RTGEN 206-500] Setting interface mode on port 'graphsage_int8_po2/weights2_0_0' to 'ap_none'.
INFO: [RTGEN 206-500] Setting interface mode on port 'graphsage_int8_po2/weights2_0_1' to 'ap_none'.
INFO: [RTGEN 206-500] Setting interface mode on port 'graphsage_int8_po2/weights2_0_2' to 'ap_none'.
INFO: [RTGEN 206-500] Setting interface mode on port 'graphsage_int8_po2/weights2_0_3' to 'ap_none'.
INFO: [RTGEN 206-500] Setting interface mode on port 'graphsage_int8_po2/weights2_0_4' to 'ap_none'.
INFO: [RTGEN 206-500] Setting interface mode on port 'graphsage_int8_po2/weights2_0_5' to 'ap_none'.
INFO: [RTGEN 206-500] Setting interface mode on port 'graphsage_int8_po2/weights2_0_6' to 'ap_none'.
INFO: [RTGEN 206-500] Setting interface mode on port 'graphsage_int8_po2/weights2_0_7' to 'ap_none'.
INFO: [RTGEN 206-500] Setting interface mode on port 'graphsage_int8_po2/weights2_0_8' to 'ap_none'.
INFO: [RTGEN 206-500] Setting interface mode on port 'graphsage_int8_po2/weights2_0_9' to 'ap_none'.
INFO: [RTGEN 206-500] Setting interface mode on port 'graphsage_int8_po2/weights2_0_10' to 'ap_none'.
INFO: [RTGEN 206-500] Setting interface mode on port 'graphsage_int8_po2/weights2_0_11' to 'ap_none'.
INFO: [RTGEN 206-500] Setting interface mode on port 'graphsage_int8_po2/weights2_0_12' to 'ap_none'.
INFO: [RTGEN 206-500] Setting interface mode on port 'graphsage_int8_po2/weights2_0_13' to 'ap_none'.
INFO: [RTGEN 206-500] Setting interface mode on port 'graphsage_int8_po2/weights2_0_14' to 'ap_none'.
INFO: [RTGEN 206-500] Setting interface mode on port 'graphsage_int8_po2/weights2_0_15' to 'ap_none'.
INFO: [RTGEN 206-500] Setting interface mode on port 'graphsage_int8_po2/weights2_0_16' to 'ap_none'.
INFO: [RTGEN 206-500] Setting interface mode on port 'graphsage_int8_po2/weights2_0_17' to 'ap_none'.
INFO: [RTGEN 206-500] Setting interface mode on port 'graphsage_int8_po2/weights2_0_18' to 'ap_none'.
INFO: [RTGEN 206-500] Setting interface mode on port 'graphsage_int8_po2/weights2_0_19' to 'ap_none'.
INFO: [RTGEN 206-500] Setting interface mode on port 'graphsage_int8_po2/weights2_0_20' to 'ap_none'.
INFO: [RTGEN 206-500] Setting interface mode on port 'graphsage_int8_po2/weights2_0_21' to 'ap_none'.
INFO: [RTGEN 206-500] Setting interface mode on port 'graphsage_int8_po2/weights2_0_22' to 'ap_none'.
INFO: [RTGEN 206-500] Setting interface mode on port 'graphsage_int8_po2/weights2_0_23' to 'ap_none'.
INFO: [RTGEN 206-500] Setting interface mode on port 'graphsage_int8_po2/weights2_1_0' to 'ap_none'.
INFO: [RTGEN 206-500] Setting interface mode on port 'graphsage_int8_po2/weights2_1_1' to 'ap_none'.
INFO: [RTGEN 206-500] Setting interface mode on port 'graphsage_int8_po2/weights2_1_2' to 'ap_none'.
INFO: [RTGEN 206-500] Setting interface mode on port 'graphsage_int8_po2/weights2_1_3' to 'ap_none'.
INFO: [RTGEN 206-500] Setting interface mode on port 'graphsage_int8_po2/weights2_1_4' to 'ap_none'.
INFO: [RTGEN 206-500] Setting interface mode on port 'graphsage_int8_po2/weights2_1_5' to 'ap_none'.
INFO: [RTGEN 206-500] Setting interface mode on port 'graphsage_int8_po2/weights2_1_6' to 'ap_none'.
INFO: [RTGEN 206-500] Setting interface mode on port 'graphsage_int8_po2/weights2_1_7' to 'ap_none'.
INFO: [RTGEN 206-500] Setting interface mode on port 'graphsage_int8_po2/weights2_1_8' to 'ap_none'.
INFO: [RTGEN 206-500] Setting interface mode on port 'graphsage_int8_po2/weights2_1_9' to 'ap_none'.
INFO: [RTGEN 206-500] Setting interface mode on port 'graphsage_int8_po2/weights2_1_10' to 'ap_none'.
INFO: [RTGEN 206-500] Setting interface mode on port 'graphsage_int8_po2/weights2_1_11' to 'ap_none'.
INFO: [RTGEN 206-500] Setting interface mode on port 'graphsage_int8_po2/weights2_1_12' to 'ap_none'.
INFO: [RTGEN 206-500] Setting interface mode on port 'graphsage_int8_po2/weights2_1_13' to 'ap_none'.
INFO: [RTGEN 206-500] Setting interface mode on port 'graphsage_int8_po2/weights2_1_14' to 'ap_none'.
INFO: [RTGEN 206-500] Setting interface mode on port 'graphsage_int8_po2/weights2_1_15' to 'ap_none'.
INFO: [RTGEN 206-500] Setting interface mode on port 'graphsage_int8_po2/weights2_1_16' to 'ap_none'.
INFO: [RTGEN 206-500] Setting interface mode on port 'graphsage_int8_po2/weights2_1_17' to 'ap_none'.
INFO: [RTGEN 206-500] Setting interface mode on port 'graphsage_int8_po2/weights2_1_18' to 'ap_none'.
INFO: [RTGEN 206-500] Setting interface mode on port 'graphsage_int8_po2/weights2_1_19' to 'ap_none'.
INFO: [RTGEN 206-500] Setting interface mode on port 'graphsage_int8_po2/weights2_1_20' to 'ap_none'.
INFO: [RTGEN 206-500] Setting interface mode on port 'graphsage_int8_po2/weights2_1_21' to 'ap_none'.
INFO: [RTGEN 206-500] Setting interface mode on port 'graphsage_int8_po2/weights2_1_22' to 'ap_none'.
INFO: [RTGEN 206-500] Setting interface mode on port 'graphsage_int8_po2/weights2_1_23' to 'ap_none'.
INFO: [RTGEN 206-500] Setting interface mode on port 'graphsage_int8_po2/weights2_2_0' to 'ap_none'.
INFO: [RTGEN 206-500] Setting interface mode on port 'graphsage_int8_po2/weights2_2_1' to 'ap_none'.
INFO: [RTGEN 206-500] Setting interface mode on port 'graphsage_int8_po2/weights2_2_2' to 'ap_none'.
INFO: [RTGEN 206-500] Setting interface mode on port 'graphsage_int8_po2/weights2_2_3' to 'ap_none'.
INFO: [RTGEN 206-500] Setting interface mode on port 'graphsage_int8_po2/weights2_2_4' to 'ap_none'.
INFO: [RTGEN 206-500] Setting interface mode on port 'graphsage_int8_po2/weights2_2_5' to 'ap_none'.
INFO: [RTGEN 206-500] Setting interface mode on port 'graphsage_int8_po2/weights2_2_6' to 'ap_none'.
INFO: [RTGEN 206-500] Setting interface mode on port 'graphsage_int8_po2/weights2_2_7' to 'ap_none'.
INFO: [RTGEN 206-500] Setting interface mode on port 'graphsage_int8_po2/weights2_2_8' to 'ap_none'.
INFO: [RTGEN 206-500] Setting interface mode on port 'graphsage_int8_po2/weights2_2_9' to 'ap_none'.
INFO: [RTGEN 206-500] Setting interface mode on port 'graphsage_int8_po2/weights2_2_10' to 'ap_none'.
INFO: [RTGEN 206-500] Setting interface mode on port 'graphsage_int8_po2/weights2_2_11' to 'ap_none'.
INFO: [RTGEN 206-500] Setting interface mode on port 'graphsage_int8_po2/weights2_2_12' to 'ap_none'.
INFO: [RTGEN 206-500] Setting interface mode on port 'graphsage_int8_po2/weights2_2_13' to 'ap_none'.
INFO: [RTGEN 206-500] Setting interface mode on port 'graphsage_int8_po2/weights2_2_14' to 'ap_none'.
INFO: [RTGEN 206-500] Setting interface mode on port 'graphsage_int8_po2/weights2_2_15' to 'ap_none'.
INFO: [RTGEN 206-500] Setting interface mode on port 'graphsage_int8_po2/weights2_2_16' to 'ap_none'.
INFO: [RTGEN 206-500] Setting interface mode on port 'graphsage_int8_po2/weights2_2_17' to 'ap_none'.
INFO: [RTGEN 206-500] Setting interface mode on port 'graphsage_int8_po2/weights2_2_18' to 'ap_none'.
INFO: [RTGEN 206-500] Setting interface mode on port 'graphsage_int8_po2/weights2_2_19' to 'ap_none'.
INFO: [RTGEN 206-500] Setting interface mode on port 'graphsage_int8_po2/weights2_2_20' to 'ap_none'.
INFO: [RTGEN 206-500] Setting interface mode on port 'graphsage_int8_po2/weights2_2_21' to 'ap_none'.
INFO: [RTGEN 206-500] Setting interface mode on port 'graphsage_int8_po2/weights2_2_22' to 'ap_none'.
INFO: [RTGEN 206-500] Setting interface mode on port 'graphsage_int8_po2/weights2_2_23' to 'ap_none'.
INFO: [RTGEN 206-500] Setting interface mode on port 'graphsage_int8_po2/weights2_3_0' to 'ap_none'.
INFO: [RTGEN 206-500] Setting interface mode on port 'graphsage_int8_po2/weights2_3_1' to 'ap_none'.
INFO: [RTGEN 206-500] Setting interface mode on port 'graphsage_int8_po2/weights2_3_2' to 'ap_none'.
INFO: [RTGEN 206-500] Setting interface mode on port 'graphsage_int8_po2/weights2_3_3' to 'ap_none'.
INFO: [RTGEN 206-500] Setting interface mode on port 'graphsage_int8_po2/weights2_3_4' to 'ap_none'.
INFO: [RTGEN 206-500] Setting interface mode on port 'graphsage_int8_po2/weights2_3_5' to 'ap_none'.
INFO: [RTGEN 206-500] Setting interface mode on port 'graphsage_int8_po2/weights2_3_6' to 'ap_none'.
INFO: [RTGEN 206-500] Setting interface mode on port 'graphsage_int8_po2/weights2_3_7' to 'ap_none'.
INFO: [RTGEN 206-500] Setting interface mode on port 'graphsage_int8_po2/weights2_3_8' to 'ap_none'.
INFO: [RTGEN 206-500] Setting interface mode on port 'graphsage_int8_po2/weights2_3_9' to 'ap_none'.
INFO: [RTGEN 206-500] Setting interface mode on port 'graphsage_int8_po2/weights2_3_10' to 'ap_none'.
INFO: [RTGEN 206-500] Setting interface mode on port 'graphsage_int8_po2/weights2_3_11' to 'ap_none'.
INFO: [RTGEN 206-500] Setting interface mode on port 'graphsage_int8_po2/weights2_3_12' to 'ap_none'.
INFO: [RTGEN 206-500] Setting interface mode on port 'graphsage_int8_po2/weights2_3_13' to 'ap_none'.
INFO: [RTGEN 206-500] Setting interface mode on port 'graphsage_int8_po2/weights2_3_14' to 'ap_none'.
INFO: [RTGEN 206-500] Setting interface mode on port 'graphsage_int8_po2/weights2_3_15' to 'ap_none'.
INFO: [RTGEN 206-500] Setting interface mode on port 'graphsage_int8_po2/weights2_3_16' to 'ap_none'.
INFO: [RTGEN 206-500] Setting interface mode on port 'graphsage_int8_po2/weights2_3_17' to 'ap_none'.
INFO: [RTGEN 206-500] Setting interface mode on port 'graphsage_int8_po2/weights2_3_18' to 'ap_none'.
INFO: [RTGEN 206-500] Setting interface mode on port 'graphsage_int8_po2/weights2_3_19' to 'ap_none'.
INFO: [RTGEN 206-500] Setting interface mode on port 'graphsage_int8_po2/weights2_3_20' to 'ap_none'.
INFO: [RTGEN 206-500] Setting interface mode on port 'graphsage_int8_po2/weights2_3_21' to 'ap_none'.
INFO: [RTGEN 206-500] Setting interface mode on port 'graphsage_int8_po2/weights2_3_22' to 'ap_none'.
INFO: [RTGEN 206-500] Setting interface mode on port 'graphsage_int8_po2/weights2_3_23' to 'ap_none'.
INFO: [RTGEN 206-500] Setting interface mode on port 'graphsage_int8_po2/weights2_4_0' to 'ap_none'.
INFO: [RTGEN 206-500] Setting interface mode on port 'graphsage_int8_po2/weights2_4_1' to 'ap_none'.
INFO: [RTGEN 206-500] Setting interface mode on port 'graphsage_int8_po2/weights2_4_2' to 'ap_none'.
INFO: [RTGEN 206-500] Setting interface mode on port 'graphsage_int8_po2/weights2_4_3' to 'ap_none'.
INFO: [RTGEN 206-500] Setting interface mode on port 'graphsage_int8_po2/weights2_4_4' to 'ap_none'.
INFO: [RTGEN 206-500] Setting interface mode on port 'graphsage_int8_po2/weights2_4_5' to 'ap_none'.
INFO: [RTGEN 206-500] Setting interface mode on port 'graphsage_int8_po2/weights2_4_6' to 'ap_none'.
INFO: [RTGEN 206-500] Setting interface mode on port 'graphsage_int8_po2/weights2_4_7' to 'ap_none'.
INFO: [RTGEN 206-500] Setting interface mode on port 'graphsage_int8_po2/weights2_4_8' to 'ap_none'.
INFO: [RTGEN 206-500] Setting interface mode on port 'graphsage_int8_po2/weights2_4_9' to 'ap_none'.
INFO: [RTGEN 206-500] Setting interface mode on port 'graphsage_int8_po2/weights2_4_10' to 'ap_none'.
INFO: [RTGEN 206-500] Setting interface mode on port 'graphsage_int8_po2/weights2_4_11' to 'ap_none'.
INFO: [RTGEN 206-500] Setting interface mode on port 'graphsage_int8_po2/weights2_4_12' to 'ap_none'.
INFO: [RTGEN 206-500] Setting interface mode on port 'graphsage_int8_po2/weights2_4_13' to 'ap_none'.
INFO: [RTGEN 206-500] Setting interface mode on port 'graphsage_int8_po2/weights2_4_14' to 'ap_none'.
INFO: [RTGEN 206-500] Setting interface mode on port 'graphsage_int8_po2/weights2_4_15' to 'ap_none'.
INFO: [RTGEN 206-500] Setting interface mode on port 'graphsage_int8_po2/weights2_4_16' to 'ap_none'.
INFO: [RTGEN 206-500] Setting interface mode on port 'graphsage_int8_po2/weights2_4_17' to 'ap_none'.
INFO: [RTGEN 206-500] Setting interface mode on port 'graphsage_int8_po2/weights2_4_18' to 'ap_none'.
INFO: [RTGEN 206-500] Setting interface mode on port 'graphsage_int8_po2/weights2_4_19' to 'ap_none'.
INFO: [RTGEN 206-500] Setting interface mode on port 'graphsage_int8_po2/weights2_4_20' to 'ap_none'.
INFO: [RTGEN 206-500] Setting interface mode on port 'graphsage_int8_po2/weights2_4_21' to 'ap_none'.
INFO: [RTGEN 206-500] Setting interface mode on port 'graphsage_int8_po2/weights2_4_22' to 'ap_none'.
INFO: [RTGEN 206-500] Setting interface mode on port 'graphsage_int8_po2/weights2_4_23' to 'ap_none'.
INFO: [RTGEN 206-500] Setting interface mode on port 'graphsage_int8_po2/weights2_5_0' to 'ap_none'.
INFO: [RTGEN 206-500] Setting interface mode on port 'graphsage_int8_po2/weights2_5_1' to 'ap_none'.
INFO: [RTGEN 206-500] Setting interface mode on port 'graphsage_int8_po2/weights2_5_2' to 'ap_none'.
INFO: [RTGEN 206-500] Setting interface mode on port 'graphsage_int8_po2/weights2_5_3' to 'ap_none'.
INFO: [RTGEN 206-500] Setting interface mode on port 'graphsage_int8_po2/weights2_5_4' to 'ap_none'.
INFO: [RTGEN 206-500] Setting interface mode on port 'graphsage_int8_po2/weights2_5_5' to 'ap_none'.
INFO: [RTGEN 206-500] Setting interface mode on port 'graphsage_int8_po2/weights2_5_6' to 'ap_none'.
INFO: [RTGEN 206-500] Setting interface mode on port 'graphsage_int8_po2/weights2_5_7' to 'ap_none'.
INFO: [RTGEN 206-500] Setting interface mode on port 'graphsage_int8_po2/weights2_5_8' to 'ap_none'.
INFO: [RTGEN 206-500] Setting interface mode on port 'graphsage_int8_po2/weights2_5_9' to 'ap_none'.
INFO: [RTGEN 206-500] Setting interface mode on port 'graphsage_int8_po2/weights2_5_10' to 'ap_none'.
INFO: [RTGEN 206-500] Setting interface mode on port 'graphsage_int8_po2/weights2_5_11' to 'ap_none'.
INFO: [RTGEN 206-500] Setting interface mode on port 'graphsage_int8_po2/weights2_5_12' to 'ap_none'.
INFO: [RTGEN 206-500] Setting interface mode on port 'graphsage_int8_po2/weights2_5_13' to 'ap_none'.
INFO: [RTGEN 206-500] Setting interface mode on port 'graphsage_int8_po2/weights2_5_14' to 'ap_none'.
INFO: [RTGEN 206-500] Setting interface mode on port 'graphsage_int8_po2/weights2_5_15' to 'ap_none'.
INFO: [RTGEN 206-500] Setting interface mode on port 'graphsage_int8_po2/weights2_5_16' to 'ap_none'.
INFO: [RTGEN 206-500] Setting interface mode on port 'graphsage_int8_po2/weights2_5_17' to 'ap_none'.
INFO: [RTGEN 206-500] Setting interface mode on port 'graphsage_int8_po2/weights2_5_18' to 'ap_none'.
INFO: [RTGEN 206-500] Setting interface mode on port 'graphsage_int8_po2/weights2_5_19' to 'ap_none'.
INFO: [RTGEN 206-500] Setting interface mode on port 'graphsage_int8_po2/weights2_5_20' to 'ap_none'.
INFO: [RTGEN 206-500] Setting interface mode on port 'graphsage_int8_po2/weights2_5_21' to 'ap_none'.
INFO: [RTGEN 206-500] Setting interface mode on port 'graphsage_int8_po2/weights2_5_22' to 'ap_none'.
INFO: [RTGEN 206-500] Setting interface mode on port 'graphsage_int8_po2/weights2_5_23' to 'ap_none'.
INFO: [RTGEN 206-500] Setting interface mode on port 'graphsage_int8_po2/weights2_6_0' to 'ap_none'.
INFO: [RTGEN 206-500] Setting interface mode on port 'graphsage_int8_po2/weights2_6_1' to 'ap_none'.
INFO: [RTGEN 206-500] Setting interface mode on port 'graphsage_int8_po2/weights2_6_2' to 'ap_none'.
INFO: [RTGEN 206-500] Setting interface mode on port 'graphsage_int8_po2/weights2_6_3' to 'ap_none'.
INFO: [RTGEN 206-500] Setting interface mode on port 'graphsage_int8_po2/weights2_6_4' to 'ap_none'.
INFO: [RTGEN 206-500] Setting interface mode on port 'graphsage_int8_po2/weights2_6_5' to 'ap_none'.
INFO: [RTGEN 206-500] Setting interface mode on port 'graphsage_int8_po2/weights2_6_6' to 'ap_none'.
INFO: [RTGEN 206-500] Setting interface mode on port 'graphsage_int8_po2/weights2_6_7' to 'ap_none'.
INFO: [RTGEN 206-500] Setting interface mode on port 'graphsage_int8_po2/weights2_6_8' to 'ap_none'.
INFO: [RTGEN 206-500] Setting interface mode on port 'graphsage_int8_po2/weights2_6_9' to 'ap_none'.
INFO: [RTGEN 206-500] Setting interface mode on port 'graphsage_int8_po2/weights2_6_10' to 'ap_none'.
INFO: [RTGEN 206-500] Setting interface mode on port 'graphsage_int8_po2/weights2_6_11' to 'ap_none'.
INFO: [RTGEN 206-500] Setting interface mode on port 'graphsage_int8_po2/weights2_6_12' to 'ap_none'.
INFO: [RTGEN 206-500] Setting interface mode on port 'graphsage_int8_po2/weights2_6_13' to 'ap_none'.
INFO: [RTGEN 206-500] Setting interface mode on port 'graphsage_int8_po2/weights2_6_14' to 'ap_none'.
INFO: [RTGEN 206-500] Setting interface mode on port 'graphsage_int8_po2/weights2_6_15' to 'ap_none'.
INFO: [RTGEN 206-500] Setting interface mode on port 'graphsage_int8_po2/weights2_6_16' to 'ap_none'.
INFO: [RTGEN 206-500] Setting interface mode on port 'graphsage_int8_po2/weights2_6_17' to 'ap_none'.
INFO: [RTGEN 206-500] Setting interface mode on port 'graphsage_int8_po2/weights2_6_18' to 'ap_none'.
INFO: [RTGEN 206-500] Setting interface mode on port 'graphsage_int8_po2/weights2_6_19' to 'ap_none'.
INFO: [RTGEN 206-500] Setting interface mode on port 'graphsage_int8_po2/weights2_6_20' to 'ap_none'.
INFO: [RTGEN 206-500] Setting interface mode on port 'graphsage_int8_po2/weights2_6_21' to 'ap_none'.
INFO: [RTGEN 206-500] Setting interface mode on port 'graphsage_int8_po2/weights2_6_22' to 'ap_none'.
INFO: [RTGEN 206-500] Setting interface mode on port 'graphsage_int8_po2/weights2_6_23' to 'ap_none'.
INFO: [RTGEN 206-500] Setting interface mode on port 'graphsage_int8_po2/bias2_0' to 'ap_none'.
INFO: [RTGEN 206-500] Setting interface mode on port 'graphsage_int8_po2/bias2_1' to 'ap_none'.
INFO: [RTGEN 206-500] Setting interface mode on port 'graphsage_int8_po2/bias2_2' to 'ap_none'.
INFO: [RTGEN 206-500] Setting interface mode on port 'graphsage_int8_po2/bias2_3' to 'ap_none'.
INFO: [RTGEN 206-500] Setting interface mode on port 'graphsage_int8_po2/bias2_4' to 'ap_none'.
INFO: [RTGEN 206-500] Setting interface mode on port 'graphsage_int8_po2/bias2_5' to 'ap_none'.
INFO: [RTGEN 206-500] Setting interface mode on port 'graphsage_int8_po2/bias2_6' to 'ap_none'.
INFO: [RTGEN 206-500] Setting interface mode on port 'graphsage_int8_po2/output_0_0' to 'ap_none'.
WARNING: [RTGEN 206-101] Port 'output_0_0' with mode 'ap_none' may require an associated data valid signal to correctly communicate with other blocks or a test bench; automatic C/RTL co-simulation may not be able to verify such a port.
INFO: [RTGEN 206-500] Setting interface mode on port 'graphsage_int8_po2/output_0_1' to 'ap_none'.
WARNING: [RTGEN 206-101] Port 'output_0_1' with mode 'ap_none' may require an associated data valid signal to correctly communicate with other blocks or a test bench; automatic C/RTL co-simulation may not be able to verify such a port.
INFO: [RTGEN 206-500] Setting interface mode on port 'graphsage_int8_po2/output_0_2' to 'ap_none'.
WARNING: [RTGEN 206-101] Port 'output_0_2' with mode 'ap_none' may require an associated data valid signal to correctly communicate with other blocks or a test bench; automatic C/RTL co-simulation may not be able to verify such a port.
INFO: [RTGEN 206-500] Setting interface mode on port 'graphsage_int8_po2/output_0_3' to 'ap_none'.
WARNING: [RTGEN 206-101] Port 'output_0_3' with mode 'ap_none' may require an associated data valid signal to correctly communicate with other blocks or a test bench; automatic C/RTL co-simulation may not be able to verify such a port.
INFO: [RTGEN 206-500] Setting interface mode on port 'graphsage_int8_po2/output_0_4' to 'ap_none'.
WARNING: [RTGEN 206-101] Port 'output_0_4' with mode 'ap_none' may require an associated data valid signal to correctly communicate with other blocks or a test bench; automatic C/RTL co-simulation may not be able to verify such a port.
INFO: [RTGEN 206-500] Setting interface mode on port 'graphsage_int8_po2/output_0_5' to 'ap_none'.
WARNING: [RTGEN 206-101] Port 'output_0_5' with mode 'ap_none' may require an associated data valid signal to correctly communicate with other blocks or a test bench; automatic C/RTL co-simulation may not be able to verify such a port.
INFO: [RTGEN 206-500] Setting interface mode on port 'graphsage_int8_po2/output_0_6' to 'ap_none'.
WARNING: [RTGEN 206-101] Port 'output_0_6' with mode 'ap_none' may require an associated data valid signal to correctly communicate with other blocks or a test bench; automatic C/RTL co-simulation may not be able to verify such a port.
INFO: [RTGEN 206-500] Setting interface mode on port 'graphsage_int8_po2/output_1_0' to 'ap_none'.
WARNING: [RTGEN 206-101] Port 'output_1_0' with mode 'ap_none' may require an associated data valid signal to correctly communicate with other blocks or a test bench; automatic C/RTL co-simulation may not be able to verify such a port.
INFO: [RTGEN 206-500] Setting interface mode on port 'graphsage_int8_po2/output_1_1' to 'ap_none'.
WARNING: [RTGEN 206-101] Port 'output_1_1' with mode 'ap_none' may require an associated data valid signal to correctly communicate with other blocks or a test bench; automatic C/RTL co-simulation may not be able to verify such a port.
INFO: [RTGEN 206-500] Setting interface mode on port 'graphsage_int8_po2/output_1_2' to 'ap_none'.
WARNING: [RTGEN 206-101] Port 'output_1_2' with mode 'ap_none' may require an associated data valid signal to correctly communicate with other blocks or a test bench; automatic C/RTL co-simulation may not be able to verify such a port.
INFO: [RTGEN 206-500] Setting interface mode on port 'graphsage_int8_po2/output_1_3' to 'ap_none'.
WARNING: [RTGEN 206-101] Port 'output_1_3' with mode 'ap_none' may require an associated data valid signal to correctly communicate with other blocks or a test bench; automatic C/RTL co-simulation may not be able to verify such a port.
INFO: [RTGEN 206-500] Setting interface mode on port 'graphsage_int8_po2/output_1_4' to 'ap_none'.
WARNING: [RTGEN 206-101] Port 'output_1_4' with mode 'ap_none' may require an associated data valid signal to correctly communicate with other blocks or a test bench; automatic C/RTL co-simulation may not be able to verify such a port.
INFO: [RTGEN 206-500] Setting interface mode on port 'graphsage_int8_po2/output_1_5' to 'ap_none'.
WARNING: [RTGEN 206-101] Port 'output_1_5' with mode 'ap_none' may require an associated data valid signal to correctly communicate with other blocks or a test bench; automatic C/RTL co-simulation may not be able to verify such a port.
INFO: [RTGEN 206-500] Setting interface mode on port 'graphsage_int8_po2/output_1_6' to 'ap_none'.
WARNING: [RTGEN 206-101] Port 'output_1_6' with mode 'ap_none' may require an associated data valid signal to correctly communicate with other blocks or a test bench; automatic C/RTL co-simulation may not be able to verify such a port.
INFO: [RTGEN 206-500] Setting interface mode on port 'graphsage_int8_po2/output_2_0' to 'ap_none'.
WARNING: [RTGEN 206-101] Port 'output_2_0' with mode 'ap_none' may require an associated data valid signal to correctly communicate with other blocks or a test bench; automatic C/RTL co-simulation may not be able to verify such a port.
INFO: [RTGEN 206-500] Setting interface mode on port 'graphsage_int8_po2/output_2_1' to 'ap_none'.
WARNING: [RTGEN 206-101] Port 'output_2_1' with mode 'ap_none' may require an associated data valid signal to correctly communicate with other blocks or a test bench; automatic C/RTL co-simulation may not be able to verify such a port.
INFO: [RTGEN 206-500] Setting interface mode on port 'graphsage_int8_po2/output_2_2' to 'ap_none'.
WARNING: [RTGEN 206-101] Port 'output_2_2' with mode 'ap_none' may require an associated data valid signal to correctly communicate with other blocks or a test bench; automatic C/RTL co-simulation may not be able to verify such a port.
INFO: [RTGEN 206-500] Setting interface mode on port 'graphsage_int8_po2/output_2_3' to 'ap_none'.
WARNING: [RTGEN 206-101] Port 'output_2_3' with mode 'ap_none' may require an associated data valid signal to correctly communicate with other blocks or a test bench; automatic C/RTL co-simulation may not be able to verify such a port.
INFO: [RTGEN 206-500] Setting interface mode on port 'graphsage_int8_po2/output_2_4' to 'ap_none'.
WARNING: [RTGEN 206-101] Port 'output_2_4' with mode 'ap_none' may require an associated data valid signal to correctly communicate with other blocks or a test bench; automatic C/RTL co-simulation may not be able to verify such a port.
INFO: [RTGEN 206-500] Setting interface mode on port 'graphsage_int8_po2/output_2_5' to 'ap_none'.
WARNING: [RTGEN 206-101] Port 'output_2_5' with mode 'ap_none' may require an associated data valid signal to correctly communicate with other blocks or a test bench; automatic C/RTL co-simulation may not be able to verify such a port.
INFO: [RTGEN 206-500] Setting interface mode on port 'graphsage_int8_po2/output_2_6' to 'ap_none'.
WARNING: [RTGEN 206-101] Port 'output_2_6' with mode 'ap_none' may require an associated data valid signal to correctly communicate with other blocks or a test bench; automatic C/RTL co-simulation may not be able to verify such a port.
INFO: [RTGEN 206-500] Setting interface mode on port 'graphsage_int8_po2/output_3_0' to 'ap_none'.
WARNING: [RTGEN 206-101] Port 'output_3_0' with mode 'ap_none' may require an associated data valid signal to correctly communicate with other blocks or a test bench; automatic C/RTL co-simulation may not be able to verify such a port.
INFO: [RTGEN 206-500] Setting interface mode on port 'graphsage_int8_po2/output_3_1' to 'ap_none'.
WARNING: [RTGEN 206-101] Port 'output_3_1' with mode 'ap_none' may require an associated data valid signal to correctly communicate with other blocks or a test bench; automatic C/RTL co-simulation may not be able to verify such a port.
INFO: [RTGEN 206-500] Setting interface mode on port 'graphsage_int8_po2/output_3_2' to 'ap_none'.
WARNING: [RTGEN 206-101] Port 'output_3_2' with mode 'ap_none' may require an associated data valid signal to correctly communicate with other blocks or a test bench; automatic C/RTL co-simulation may not be able to verify such a port.
INFO: [RTGEN 206-500] Setting interface mode on port 'graphsage_int8_po2/output_3_3' to 'ap_none'.
WARNING: [RTGEN 206-101] Port 'output_3_3' with mode 'ap_none' may require an associated data valid signal to correctly communicate with other blocks or a test bench; automatic C/RTL co-simulation may not be able to verify such a port.
INFO: [RTGEN 206-500] Setting interface mode on port 'graphsage_int8_po2/output_3_4' to 'ap_none'.
WARNING: [RTGEN 206-101] Port 'output_3_4' with mode 'ap_none' may require an associated data valid signal to correctly communicate with other blocks or a test bench; automatic C/RTL co-simulation may not be able to verify such a port.
INFO: [RTGEN 206-500] Setting interface mode on port 'graphsage_int8_po2/output_3_5' to 'ap_none'.
WARNING: [RTGEN 206-101] Port 'output_3_5' with mode 'ap_none' may require an associated data valid signal to correctly communicate with other blocks or a test bench; automatic C/RTL co-simulation may not be able to verify such a port.
INFO: [RTGEN 206-500] Setting interface mode on port 'graphsage_int8_po2/output_3_6' to 'ap_none'.
WARNING: [RTGEN 206-101] Port 'output_3_6' with mode 'ap_none' may require an associated data valid signal to correctly communicate with other blocks or a test bench; automatic C/RTL co-simulation may not be able to verify such a port.
INFO: [RTGEN 206-500] Setting interface mode on port 'graphsage_int8_po2/output_4_0' to 'ap_none'.
WARNING: [RTGEN 206-101] Port 'output_4_0' with mode 'ap_none' may require an associated data valid signal to correctly communicate with other blocks or a test bench; automatic C/RTL co-simulation may not be able to verify such a port.
INFO: [RTGEN 206-500] Setting interface mode on port 'graphsage_int8_po2/output_4_1' to 'ap_none'.
WARNING: [RTGEN 206-101] Port 'output_4_1' with mode 'ap_none' may require an associated data valid signal to correctly communicate with other blocks or a test bench; automatic C/RTL co-simulation may not be able to verify such a port.
INFO: [RTGEN 206-500] Setting interface mode on port 'graphsage_int8_po2/output_4_2' to 'ap_none'.
WARNING: [RTGEN 206-101] Port 'output_4_2' with mode 'ap_none' may require an associated data valid signal to correctly communicate with other blocks or a test bench; automatic C/RTL co-simulation may not be able to verify such a port.
INFO: [RTGEN 206-500] Setting interface mode on port 'graphsage_int8_po2/output_4_3' to 'ap_none'.
WARNING: [RTGEN 206-101] Port 'output_4_3' with mode 'ap_none' may require an associated data valid signal to correctly communicate with other blocks or a test bench; automatic C/RTL co-simulation may not be able to verify such a port.
INFO: [RTGEN 206-500] Setting interface mode on port 'graphsage_int8_po2/output_4_4' to 'ap_none'.
WARNING: [RTGEN 206-101] Port 'output_4_4' with mode 'ap_none' may require an associated data valid signal to correctly communicate with other blocks or a test bench; automatic C/RTL co-simulation may not be able to verify such a port.
INFO: [RTGEN 206-500] Setting interface mode on port 'graphsage_int8_po2/output_4_5' to 'ap_none'.
WARNING: [RTGEN 206-101] Port 'output_4_5' with mode 'ap_none' may require an associated data valid signal to correctly communicate with other blocks or a test bench; automatic C/RTL co-simulation may not be able to verify such a port.
INFO: [RTGEN 206-500] Setting interface mode on port 'graphsage_int8_po2/output_4_6' to 'ap_none'.
WARNING: [RTGEN 206-101] Port 'output_4_6' with mode 'ap_none' may require an associated data valid signal to correctly communicate with other blocks or a test bench; automatic C/RTL co-simulation may not be able to verify such a port.
INFO: [RTGEN 206-500] Setting interface mode on port 'graphsage_int8_po2/output_5_0' to 'ap_none'.
WARNING: [RTGEN 206-101] Port 'output_5_0' with mode 'ap_none' may require an associated data valid signal to correctly communicate with other blocks or a test bench; automatic C/RTL co-simulation may not be able to verify such a port.
INFO: [RTGEN 206-500] Setting interface mode on port 'graphsage_int8_po2/output_5_1' to 'ap_none'.
WARNING: [RTGEN 206-101] Port 'output_5_1' with mode 'ap_none' may require an associated data valid signal to correctly communicate with other blocks or a test bench; automatic C/RTL co-simulation may not be able to verify such a port.
INFO: [RTGEN 206-500] Setting interface mode on port 'graphsage_int8_po2/output_5_2' to 'ap_none'.
WARNING: [RTGEN 206-101] Port 'output_5_2' with mode 'ap_none' may require an associated data valid signal to correctly communicate with other blocks or a test bench; automatic C/RTL co-simulation may not be able to verify such a port.
INFO: [RTGEN 206-500] Setting interface mode on port 'graphsage_int8_po2/output_5_3' to 'ap_none'.
WARNING: [RTGEN 206-101] Port 'output_5_3' with mode 'ap_none' may require an associated data valid signal to correctly communicate with other blocks or a test bench; automatic C/RTL co-simulation may not be able to verify such a port.
INFO: [RTGEN 206-500] Setting interface mode on port 'graphsage_int8_po2/output_5_4' to 'ap_none'.
WARNING: [RTGEN 206-101] Port 'output_5_4' with mode 'ap_none' may require an associated data valid signal to correctly communicate with other blocks or a test bench; automatic C/RTL co-simulation may not be able to verify such a port.
INFO: [RTGEN 206-500] Setting interface mode on port 'graphsage_int8_po2/output_5_5' to 'ap_none'.
WARNING: [RTGEN 206-101] Port 'output_5_5' with mode 'ap_none' may require an associated data valid signal to correctly communicate with other blocks or a test bench; automatic C/RTL co-simulation may not be able to verify such a port.
INFO: [RTGEN 206-500] Setting interface mode on port 'graphsage_int8_po2/output_5_6' to 'ap_none'.
WARNING: [RTGEN 206-101] Port 'output_5_6' with mode 'ap_none' may require an associated data valid signal to correctly communicate with other blocks or a test bench; automatic C/RTL co-simulation may not be able to verify such a port.
INFO: [RTGEN 206-500] Setting interface mode on port 'graphsage_int8_po2/output_6_0' to 'ap_none'.
WARNING: [RTGEN 206-101] Port 'output_6_0' with mode 'ap_none' may require an associated data valid signal to correctly communicate with other blocks or a test bench; automatic C/RTL co-simulation may not be able to verify such a port.
INFO: [RTGEN 206-500] Setting interface mode on port 'graphsage_int8_po2/output_6_1' to 'ap_none'.
WARNING: [RTGEN 206-101] Port 'output_6_1' with mode 'ap_none' may require an associated data valid signal to correctly communicate with other blocks or a test bench; automatic C/RTL co-simulation may not be able to verify such a port.
INFO: [RTGEN 206-500] Setting interface mode on port 'graphsage_int8_po2/output_6_2' to 'ap_none'.
WARNING: [RTGEN 206-101] Port 'output_6_2' with mode 'ap_none' may require an associated data valid signal to correctly communicate with other blocks or a test bench; automatic C/RTL co-simulation may not be able to verify such a port.
INFO: [RTGEN 206-500] Setting interface mode on port 'graphsage_int8_po2/output_6_3' to 'ap_none'.
WARNING: [RTGEN 206-101] Port 'output_6_3' with mode 'ap_none' may require an associated data valid signal to correctly communicate with other blocks or a test bench; automatic C/RTL co-simulation may not be able to verify such a port.
INFO: [RTGEN 206-500] Setting interface mode on port 'graphsage_int8_po2/output_6_4' to 'ap_none'.
WARNING: [RTGEN 206-101] Port 'output_6_4' with mode 'ap_none' may require an associated data valid signal to correctly communicate with other blocks or a test bench; automatic C/RTL co-simulation may not be able to verify such a port.
INFO: [RTGEN 206-500] Setting interface mode on port 'graphsage_int8_po2/output_6_5' to 'ap_none'.
WARNING: [RTGEN 206-101] Port 'output_6_5' with mode 'ap_none' may require an associated data valid signal to correctly communicate with other blocks or a test bench; automatic C/RTL co-simulation may not be able to verify such a port.
INFO: [RTGEN 206-500] Setting interface mode on port 'graphsage_int8_po2/output_6_6' to 'ap_none'.
WARNING: [RTGEN 206-101] Port 'output_6_6' with mode 'ap_none' may require an associated data valid signal to correctly communicate with other blocks or a test bench; automatic C/RTL co-simulation may not be able to verify such a port.
INFO: [RTGEN 206-500] Setting interface mode on port 'graphsage_int8_po2/output_7_0' to 'ap_none'.
WARNING: [RTGEN 206-101] Port 'output_7_0' with mode 'ap_none' may require an associated data valid signal to correctly communicate with other blocks or a test bench; automatic C/RTL co-simulation may not be able to verify such a port.
INFO: [RTGEN 206-500] Setting interface mode on port 'graphsage_int8_po2/output_7_1' to 'ap_none'.
WARNING: [RTGEN 206-101] Port 'output_7_1' with mode 'ap_none' may require an associated data valid signal to correctly communicate with other blocks or a test bench; automatic C/RTL co-simulation may not be able to verify such a port.
INFO: [RTGEN 206-500] Setting interface mode on port 'graphsage_int8_po2/output_7_2' to 'ap_none'.
WARNING: [RTGEN 206-101] Port 'output_7_2' with mode 'ap_none' may require an associated data valid signal to correctly communicate with other blocks or a test bench; automatic C/RTL co-simulation may not be able to verify such a port.
INFO: [RTGEN 206-500] Setting interface mode on port 'graphsage_int8_po2/output_7_3' to 'ap_none'.
WARNING: [RTGEN 206-101] Port 'output_7_3' with mode 'ap_none' may require an associated data valid signal to correctly communicate with other blocks or a test bench; automatic C/RTL co-simulation may not be able to verify such a port.
INFO: [RTGEN 206-500] Setting interface mode on port 'graphsage_int8_po2/output_7_4' to 'ap_none'.
WARNING: [RTGEN 206-101] Port 'output_7_4' with mode 'ap_none' may require an associated data valid signal to correctly communicate with other blocks or a test bench; automatic C/RTL co-simulation may not be able to verify such a port.
INFO: [RTGEN 206-500] Setting interface mode on port 'graphsage_int8_po2/output_7_5' to 'ap_none'.
WARNING: [RTGEN 206-101] Port 'output_7_5' with mode 'ap_none' may require an associated data valid signal to correctly communicate with other blocks or a test bench; automatic C/RTL co-simulation may not be able to verify such a port.
INFO: [RTGEN 206-500] Setting interface mode on port 'graphsage_int8_po2/output_7_6' to 'ap_none'.
WARNING: [RTGEN 206-101] Port 'output_7_6' with mode 'ap_none' may require an associated data valid signal to correctly communicate with other blocks or a test bench; automatic C/RTL co-simulation may not be able to verify such a port.
INFO: [RTGEN 206-500] Setting interface mode on function 'graphsage_int8_po2' to 'ap_ctrl_hs'.
INFO: [HLS 200-1030] Apply Unified Pipeline Control on module 'graphsage_int8_po2' pipeline 'graphsage_int8_po2' pipeline type 'function pipeline'
INFO: [RTGEN 206-104] Estimated max fanout for 'graphsage_int8_po2' is 160656, found 2 HDL expressions with this fanout: ((1'b1 == ap_CS_fsm_pp0_stage0) & (1'b0 == ap_block_pp0_stage0_11001_ignoreCallOp818)), ((1'b1 == ap_CS_fsm_pp0_stage0) & (1'b0 == ap_block_pp0_stage0_11001_ignoreCallOp819))
INFO: [RTGEN 206-100] Generating core module 'mac_muladd_8s_8s_16s_17_4_1': 504 instance(s).
INFO: [RTGEN 206-100] Generating core module 'mac_muladd_8s_8s_17s_17_4_1': 336 instance(s).
INFO: [RTGEN 206-100] Generating core module 'mul_8s_8s_16_4_1': 504 instance(s).
INFO: [RTGEN 206-100] Finished creating RTL model for 'graphsage_int8_po2'.
INFO: [HLS 200-111] Finished Creating RTL model: CPU user time: 7.05 seconds. CPU system time: 0.16 seconds. Elapsed time: 8.12 seconds; current allocated memory: 3.515 GB.
INFO: [HLS 200-111] Finished Generating all RTL models: CPU user time: 7.01 seconds. CPU system time: 0.31 seconds. Elapsed time: 14.04 seconds; current allocated memory: 3.627 GB.
INFO: [HLS 200-2225] Wrote inferred directives to file /mnt_pool/c3_users/user/pleguina/graphsage_vivado_2024_1_sweep/build/experiments/exp5_two_complete_domains/hls/solution1/syn/inferred_directives.ini
INFO: [HLS 200-111] Finished Updating report files: CPU user time: 7.2 seconds. CPU system time: 0.11 seconds. Elapsed time: 8.16 seconds; current allocated memory: 4.068 GB.
INFO: [VHDL 208-304] Generating VHDL RTL for graphsage_int8_po2.
INFO: [VLOG 209-307] Generating Verilog RTL for graphsage_int8_po2.
INFO: [HLS 200-789] **** Estimated Fmax: 749.91 MHz
INFO: [HLS 200-2161] Finished Command csynth_design Elapsed time: 00:14:27; Allocated memory: 3.472 GB.
HLS_EXPERIMENT_COMPLETE=exp5_two_complete_domains
INFO: [HLS 200-1510] Running: close_project 
INFO: [HLS 200-112] Total CPU user time: 804.15 seconds. Total CPU system time: 4.91 seconds. Total elapsed time: 967.24 seconds; peak allocated memory: 4.068 GB.
INFO: [vitis-run 60-791] Total elapsed time: 0h 16m 9s
INFO: [vitis-run 60-1662] Stopping dispatch session having empty uuid.
HLS_ONLY_COMPLETE=exp5_two_complete_domains
