
****** Vivado v2025.2 (64-bit)
  **** SW Build 6299465 on Fri Nov 14 12:34:56 MST 2025
  **** IP Build 6300035 on Fri Nov 14 10:48:45 MST 2025
  **** SharedData Build 6298862 on Thu Nov 13 04:50:51 MST 2025
  **** Start of session at: Wed Aug 19 07:14:21 2026
    ** Copyright 1986-2022 Xilinx, Inc. All Rights Reserved.
    ** Copyright 2022-2025 Advanced Micro Devices, Inc. All Rights Reserved.

source hls/run_vivado_fanout_replication.tcl
# foreach required_env {FORCE_MAX_FANOUT} {
#     if {![info exists ::env($required_env)] || $::env($required_env) eq ""} {
#         error "Missing required environment variable $required_env"
#     }
# }
# set target_fanout $::env(FORCE_MAX_FANOUT)
# if {![string is integer -strict $target_fanout] || $target_fanout < 2} {
#     error "FORCE_MAX_FANOUT must be an integer greater than one"
# }
# set script_dir [file dirname [file normalize [info script]]]
# set repo_root [file normalize [file join $script_dir ..]]
# set sweep_dir [file join $repo_root build vivado_sweep]
# set source_checkpoint [file join $sweep_dir screen_ssi_spread_high post_place.dcp]
# set run_name fanout_$target_fanout
# set output_dir [file join $sweep_dir $run_name]
# set reports_dir [file join $output_dir reports]
# set start_time [clock seconds]
# if {![file exists $source_checkpoint]} {
#     error "Missing winning post-place checkpoint: $source_checkpoint"
# }
# file mkdir $output_dir
# file mkdir $reports_dir
# set vivado_threads [expr {
#     [info exists ::env(SLURM_CPUS_PER_TASK)]
#         ? $::env(SLURM_CPUS_PER_TASK)
#         : 8
# }]
# set_param general.maxThreads $vivado_threads
# proc internal_wns {} {
#     set paths [get_timing_paths \
#         -from [all_registers] \
#         -to [all_registers] \
#         -delay_type max \
#         -max_paths 1 \
#         -quiet]
#     if {[llength $paths] == 0} {
#         return "NA"
#     }
#     return [get_property SLACK [lindex $paths 0]]
# }
# proc sink_pins {net} {
#     return [get_pins -quiet -leaf -of_objects $net -filter {DIRECTION == IN}]
# }
# proc dsp_sink_pins {net} {
#     set result {}
#     foreach pin [sink_pins $net] {
#         set cell [get_cells -quiet -of_objects $pin]
#         if {[llength $cell] == 0} {
#             continue
#         }
#         set ref_name [get_property REF_NAME [lindex $cell 0]]
#         if {[string match "DSP*" $ref_name]} {
#             lappend result $pin
#         }
#     }
#     return $result
# }
# proc critical_source_nets {} {
#     set result {}
#     foreach cell [get_cells -quiet -hier -regexp {.*trunc_ln269_.*reg.*}] {
#         foreach pin [get_pins -quiet -of_objects $cell -filter {REF_PIN_NAME == Q}] {
#             foreach net [get_nets -quiet -of_objects $pin] {
#                 if {[llength [dsp_sink_pins $net]] > 0} {
#                     lappend result $net
#                 }
#             }
#         }
#     }
#     return [lsort -unique $result]
# }
# proc object_clock_regions {objects} {
#     set regions {}
#     foreach cell [get_cells -quiet -of_objects $objects] {
#         foreach region [get_clock_regions -quiet -of_objects $cell] {
#             lappend regions [get_property NAME $region]
#         }
#     }
#     if {[llength $regions] == 0} {
#         return "NA"
#     }
#     return [join [lsort -unique $regions] ","]
# }
# proc write_net_topology {path nets} {
#     set output [open $path w]
#     puts $output [join [list \
#         net source source_loc source_clock_regions fanout dsp_sinks \
#         sink_clock_regions] "\t"]
#     foreach net [lsort -dictionary $nets] {
#         set driver [lindex [get_pins -quiet -leaf -of_objects $net \
#             -filter {DIRECTION == OUT}] 0]
#         set driver_cell [get_cells -quiet -of_objects $driver]
#         set source_loc "NA"
#         if {[llength $driver_cell] > 0} {
#             set source_loc [get_property LOC [lindex $driver_cell 0]]
#             if {$source_loc eq ""} {
#                 set source_loc "UNPLACED"
#             }
#         }
#         set sinks [sink_pins $net]
#         set dsp_sinks [dsp_sink_pins $net]
#         puts $output [join [list \
#             $net \
#             $driver \
#             $source_loc \
#             [object_clock_regions $driver] \
#             [llength $sinks] \
#             [llength $dsp_sinks] \
#             [object_clock_regions $dsp_sinks]] "\t"]
#     }
#     close $output
# }
# proc report_internal_timing {reports_dir stage summary} {
#     set wns [internal_wns]
#     puts $summary "${stage}_internal_setup_wns_ns=$wns"
#     puts "${stage}_INTERNAL_SETUP_WNS_NS=$wns"
#     report_timing \
#         -from [all_registers] \
#         -to [all_registers] \
#         -delay_type max \
#         -max_paths 20 \
#         -path_type full_clock_expanded \
#         -file [file join $reports_dir internal_top20_${stage}.rpt]
# }
# puts "FORCE_MAX_FANOUT=$target_fanout"
FORCE_MAX_FANOUT=32
# puts "SOURCE_CHECKPOINT=$source_checkpoint"
SOURCE_CHECKPOINT=/mnt_pool/c3_users/user/pleguina/graphsage_vivado_2024_1_sweep/build/vivado_sweep/screen_ssi_spread_high/post_place.dcp
# puts "VIVADO_MAX_THREADS=$vivado_threads"
VIVADO_MAX_THREADS=32
# open_checkpoint $source_checkpoint
Command: open_checkpoint /mnt_pool/c3_users/user/pleguina/graphsage_vivado_2024_1_sweep/build/vivado_sweep/screen_ssi_spread_high/post_place.dcp

Starting open_checkpoint Task

Time (s): cpu = 00:00:00.03 ; elapsed = 00:00:00.03 . Memory (MB): peak = 1545.352 ; gain = 0.000 ; free physical = 239840 ; free virtual = 253535
INFO: [Device 21-403] Loading part xcvu13p-fsga2577-1-e
Netlist sorting complete. Time (s): cpu = 00:00:05 ; elapsed = 00:00:05 . Memory (MB): peak = 3842.258 ; gain = 22.031 ; free physical = 237576 ; free virtual = 251271
INFO: [Netlist 29-17] Analyzing 37864 Unisim elements for replacement
INFO: [Netlist 29-28] Unisim Transformation completed in 24 CPU seconds
INFO: [Project 1-479] Netlist was created with Vivado 2025.2
INFO: [Project 1-570] Preparing netlist for logic optimization
Read ShapeDB Complete: Time (s): cpu = 00:00:01 ; elapsed = 00:00:01 . Memory (MB): peak = 5215.242 ; gain = 136.266 ; free physical = 236205 ; free virtual = 249900
INFO: [Timing 38-478] Restoring timing data from binary archive.
INFO: [Timing 38-479] Binary timing data restore complete.
INFO: [Project 1-856] Restoring constraints from binary archive.
INFO: [Project 1-853] Binary constraint restore complete.
INFO: [Designutils 20-5722] Start Reading Physical Databases.
Reading placement.
Read Netlist Cache: Time (s): cpu = 00:00:01 ; elapsed = 00:00:01 . Memory (MB): peak = 9115.223 ; gain = 0.000 ; free physical = 232588 ; free virtual = 246283
Reading placer database...
Read Device Cache: Time (s): cpu = 00:00:00.02 ; elapsed = 00:00:00.01 . Memory (MB): peak = 9115.223 ; gain = 0.000 ; free physical = 232588 ; free virtual = 246283
Read PlaceDB: Time (s): cpu = 00:00:25 ; elapsed = 00:00:25 . Memory (MB): peak = 9545.957 ; gain = 430.734 ; free physical = 232161 ; free virtual = 245856
Read PulsedLatchDB: Time (s): cpu = 00:00:00 ; elapsed = 00:00:00 . Memory (MB): peak = 9545.957 ; gain = 0.000 ; free physical = 232161 ; free virtual = 245856
Reading routing.
Read RouteStorage: Time (s): cpu = 00:00:05 ; elapsed = 00:00:05 . Memory (MB): peak = 9840.949 ; gain = 294.992 ; free physical = 231868 ; free virtual = 245562
Read Physdb Files: Time (s): cpu = 00:00:31 ; elapsed = 00:00:32 . Memory (MB): peak = 9840.949 ; gain = 725.727 ; free physical = 231868 ; free virtual = 245562
Restored from archive | CPU: 31.860000 secs | Memory: 1070.992050 MB |
Finished XDEF File Restore: Time (s): cpu = 00:00:32 ; elapsed = 00:00:32 . Memory (MB): peak = 9840.949 ; gain = 725.727 ; free physical = 231868 ; free virtual = 245562
Netlist sorting complete. Time (s): cpu = 00:00:00.12 ; elapsed = 00:00:00.12 . Memory (MB): peak = 9840.949 ; gain = 0.000 ; free physical = 231867 ; free virtual = 245562
INFO: [Project 1-111] Unisim Transformation Summary:
  A total of 4370 instances were transformed.
  DSP48E2 => DSP48E2 (DSP_ALU, DSP_A_B_DATA, DSP_C_DATA, DSP_MULTIPLIER, DSP_M_DATA, DSP_OUTPUT, DSP_PREADD, DSP_PREADD_DATA): 4216 instances
  SRLC32E => SRL16E: 154 instances

INFO: [Project 1-604] Checkpoint was created with Vivado v2025.2 (64-bit) build 6299465
open_checkpoint: Time (s): cpu = 00:04:31 ; elapsed = 00:02:57 . Memory (MB): peak = 9840.984 ; gain = 8295.633 ; free physical = 231866 ; free virtual = 245560
# set summary [open [file join $reports_dir timing_stages.txt] w]
# report_internal_timing $reports_dir post_place $summary
post_place_INTERNAL_SETUP_WNS_NS=-1.030
CRITICAL WARNING: [Vivado 12-4439] The number of objects collected by the 'to' option of 'report_timing' is very large: 317438. This may lead to serious performance issues and out-of-memory conditions in handling the results.
Resolution: Further filtering of the command results, or narrowing the scope of the command is recommended.
CRITICAL WARNING: [Vivado 12-4439] The number of objects collected by the 'from' option of 'report_timing' is very large: 317438. This may lead to serious performance issues and out-of-memory conditions in handling the results.
Resolution: Further filtering of the command results, or narrowing the scope of the command is recommended.
INFO: [Timing 38-78] ReportTimingParams: -from_pins  -to_pins  -max_paths 20 -nworst 1 -delay_type max -sort_by slack.
report_timing: Time (s): cpu = 00:05:25 ; elapsed = 00:00:34 . Memory (MB): peak = 12951.332 ; gain = 212.000 ; free physical = 228794 ; free virtual = 242489
# set source_nets [critical_source_nets]
# if {[llength $source_nets] == 0} {
#     error "No trunc_ln269 register nets with DSP sinks were found"
# }
# write_net_topology [file join $reports_dir topology_before.tsv] $source_nets
# set selected_nets {}
# foreach net $source_nets {
#     if {[llength [sink_pins $net]] > $target_fanout} {
#         lappend selected_nets $net
#     }
# }
# if {[llength $selected_nets] == 0} {
#     error "No critical nets exceed FORCE_MAX_FANOUT=$target_fanout"
# }
# puts "CRITICAL_SOURCE_NETS=[llength $source_nets]"
CRITICAL_SOURCE_NETS=200
# puts "SELECTED_REPLICATION_NETS=[llength $selected_nets]"
SELECTED_REPLICATION_NETS=40
# set_property FORCE_MAX_FANOUT $target_fanout $selected_nets
# phys_opt_design -force_replication_on_nets $selected_nets
Command: phys_opt_design -force_replication_on_nets {{trunc_ln269_103_reg_164600[4]} {trunc_ln269_105_reg_164610[4]} {trunc_ln269_107_reg_164620[4]} {trunc_ln269_112_reg_164645_pp0_iter7_reg[4]} {trunc_ln269_114_reg_164655_pp0_iter7_reg[4]} {trunc_ln269_119_reg_164680[4]} {trunc_ln269_11_reg_164140[4]} {trunc_ln269_121_reg_164690[4]} {trunc_ln269_123_reg_164700[4]} {trunc_ln269_16_reg_164165_pp0_iter7_reg[4]} {trunc_ln269_18_reg_164175_pp0_iter7_reg[4]} {trunc_ln269_1_reg_164085_pp0_iter7_reg[4]} {trunc_ln269_23_reg_164200[4]} {trunc_ln269_25_reg_164210[4]} {trunc_ln269_27_reg_164220[4]} {trunc_ln269_32_reg_164245_pp0_iter7_reg[4]} {trunc_ln269_34_reg_164255_pp0_iter7_reg[4]} {trunc_ln269_39_reg_164280[4]} {trunc_ln269_3_reg_164095_pp0_iter7_reg[4]} {trunc_ln269_41_reg_164290[4]} {trunc_ln269_43_reg_164300[4]} {trunc_ln269_48_reg_164325_pp0_iter7_reg[4]} {trunc_ln269_50_reg_164335_pp0_iter7_reg[4]} {trunc_ln269_55_reg_164360[4]} {trunc_ln269_57_reg_164370[4]} {trunc_ln269_59_reg_164380[4]} {trunc_ln269_64_reg_164405_pp0_iter7_reg[4]} {trunc_ln269_66_reg_164415_pp0_iter7_reg[4]} {trunc_ln269_71_reg_164440[4]} {trunc_ln269_73_reg_164450[4]} {trunc_ln269_75_reg_164460[4]} {trunc_ln269_80_reg_164485_pp0_iter7_reg[4]} {trunc_ln269_82_reg_164495_pp0_iter7_reg[4]} {trunc_ln269_87_reg_164520[4]} {trunc_ln269_89_reg_164530[4]} {trunc_ln269_8_reg_164120[4]} {trunc_ln269_91_reg_164540[4]} {trunc_ln269_96_reg_164565_pp0_iter7_reg[4]} {trunc_ln269_98_reg_164575_pp0_iter7_reg[4]} {trunc_ln269_s_reg_164130[4]}}
Attempting to get a license for feature 'Implementation' and/or device 'xcvu13p'
INFO: [Common 17-349] Got license for feature 'Implementation' and/or device 'xcvu13p'
INFO: [Common 17-1540] The version limit for your license is '2026.02' and has expired for new software. A version limit expiration means that, although you may be able to continue to use the current version of tools or IP with this license, you will not be eligible for new releases.

Starting Initial Update Timing Task

Time (s): cpu = 00:03:16 ; elapsed = 00:00:21 . Memory (MB): peak = 12959.336 ; gain = 0.000 ; free physical = 228793 ; free virtual = 242488
INFO: [Vivado_Tcl 4-1435] PhysOpt_Tcl_Interface Runtime Before Starting Physical Synthesis Task | CPU: 233.60s |  WALL: 50.19s
Netlist sorting complete. Time (s): cpu = 00:00:00.13 ; elapsed = 00:00:00.15 . Memory (MB): peak = 12959.336 ; gain = 0.000 ; free physical = 228793 ; free virtual = 242488

Starting Physical Synthesis Task

Phase 1 Physical Synthesis Initialization
INFO: [Physopt 32-721] Multithreading enabled for phys_opt_design using a maximum of 32 CPUs
INFO: [Physopt 32-619] Estimated Timing Summary | WNS=-1.330 | TNS=-7080.874 |
Phase 1 Physical Synthesis Initialization | Checksum: 10bc0bb5c

Time (s): cpu = 00:03:21 ; elapsed = 00:01:24 . Memory (MB): peak = 14991.496 ; gain = 2032.160 ; free physical = 227255 ; free virtual = 240950
INFO: [Physopt 32-619] Estimated Timing Summary | WNS=0.000 | TNS=0.000 |

Phase 2 Fanout Optimization
INFO: [Physopt 32-76] Pass 1. Identified 40 candidate nets for fanout optimization.
INFO: [Physopt 32-1353] Created trunc_ln269_103_reg_164600_reg[4]_replica_1 due to FORCE_MAX_FANOUT/MAX_FANOUT_MODE. 
INFO: [Physopt 32-1353] Created trunc_ln269_103_reg_164600_reg[4]_replica_3 due to FORCE_MAX_FANOUT/MAX_FANOUT_MODE. 
INFO: [Physopt 32-1353] Created trunc_ln269_103_reg_164600_reg[4]_replica_5 due to FORCE_MAX_FANOUT/MAX_FANOUT_MODE. 
INFO: [Physopt 32-1353] Created trunc_ln269_103_reg_164600_reg[4]_replica_7 due to FORCE_MAX_FANOUT/MAX_FANOUT_MODE. 
INFO: [Physopt 32-81] Processed net trunc_ln269_103_reg_164600[4]. Replicated 8 times.
INFO: [Physopt 32-1353] Created trunc_ln269_105_reg_164610_reg[4]_replica due to FORCE_MAX_FANOUT/MAX_FANOUT_MODE. 
INFO: [Physopt 32-1353] Created trunc_ln269_105_reg_164610_reg[4]_replica_1 due to FORCE_MAX_FANOUT/MAX_FANOUT_MODE. 
INFO: [Physopt 32-1353] Created trunc_ln269_105_reg_164610_reg[4]_replica_2 due to FORCE_MAX_FANOUT/MAX_FANOUT_MODE. 
INFO: [Physopt 32-1353] Created trunc_ln269_105_reg_164610_reg[4]_replica_3 due to FORCE_MAX_FANOUT/MAX_FANOUT_MODE. 
INFO: [Physopt 32-1353] Created trunc_ln269_105_reg_164610_reg[4]_replica_4 due to FORCE_MAX_FANOUT/MAX_FANOUT_MODE. 
INFO: [Physopt 32-1353] Created trunc_ln269_105_reg_164610_reg[4]_replica_5 due to FORCE_MAX_FANOUT/MAX_FANOUT_MODE. 
INFO: [Physopt 32-1353] Created trunc_ln269_105_reg_164610_reg[4]_replica_6 due to FORCE_MAX_FANOUT/MAX_FANOUT_MODE. 
INFO: [Physopt 32-1353] Created trunc_ln269_105_reg_164610_reg[4]_replica_7 due to FORCE_MAX_FANOUT/MAX_FANOUT_MODE. 
INFO: [Physopt 32-1353] Created trunc_ln269_105_reg_164610_reg[4]_replica_8 due to FORCE_MAX_FANOUT/MAX_FANOUT_MODE. 
INFO: [Physopt 32-81] Processed net trunc_ln269_105_reg_164610[4]. Replicated 9 times.
INFO: [Physopt 32-1353] Created trunc_ln269_107_reg_164620_reg[4]_replica due to FORCE_MAX_FANOUT/MAX_FANOUT_MODE. 
INFO: [Physopt 32-1353] Created trunc_ln269_107_reg_164620_reg[4]_replica_1 due to FORCE_MAX_FANOUT/MAX_FANOUT_MODE. 
INFO: [Physopt 32-1353] Created trunc_ln269_107_reg_164620_reg[4]_replica_2 due to FORCE_MAX_FANOUT/MAX_FANOUT_MODE. 
INFO: [Physopt 32-1353] Created trunc_ln269_107_reg_164620_reg[4]_replica_3 due to FORCE_MAX_FANOUT/MAX_FANOUT_MODE. 
INFO: [Physopt 32-1353] Created trunc_ln269_107_reg_164620_reg[4]_replica_4 due to FORCE_MAX_FANOUT/MAX_FANOUT_MODE. 
INFO: [Physopt 32-1353] Created trunc_ln269_107_reg_164620_reg[4]_replica_5 due to FORCE_MAX_FANOUT/MAX_FANOUT_MODE. 
INFO: [Physopt 32-1353] Created trunc_ln269_107_reg_164620_reg[4]_replica_6 due to FORCE_MAX_FANOUT/MAX_FANOUT_MODE. 
INFO: [Physopt 32-1353] Created trunc_ln269_107_reg_164620_reg[4]_replica_7 due to FORCE_MAX_FANOUT/MAX_FANOUT_MODE. 
INFO: [Physopt 32-1353] Created trunc_ln269_107_reg_164620_reg[4]_replica_8 due to FORCE_MAX_FANOUT/MAX_FANOUT_MODE. 
INFO: [Physopt 32-81] Processed net trunc_ln269_107_reg_164620[4]. Replicated 9 times.
INFO: [Physopt 32-1353] Created trunc_ln269_112_reg_164645_pp0_iter7_reg_reg[4]_replica due to FORCE_MAX_FANOUT/MAX_FANOUT_MODE. 
INFO: [Physopt 32-1353] Created trunc_ln269_112_reg_164645_pp0_iter7_reg_reg[4]_replica_1 due to FORCE_MAX_FANOUT/MAX_FANOUT_MODE. 
INFO: [Physopt 32-1353] Created trunc_ln269_112_reg_164645_pp0_iter7_reg_reg[4]_replica_2 due to FORCE_MAX_FANOUT/MAX_FANOUT_MODE. 
INFO: [Physopt 32-1353] Created trunc_ln269_112_reg_164645_pp0_iter7_reg_reg[4]_replica_3 due to FORCE_MAX_FANOUT/MAX_FANOUT_MODE. 
INFO: [Physopt 32-1353] Created trunc_ln269_112_reg_164645_pp0_iter7_reg_reg[4]_replica_4 due to FORCE_MAX_FANOUT/MAX_FANOUT_MODE. 
INFO: [Physopt 32-1353] Created trunc_ln269_112_reg_164645_pp0_iter7_reg_reg[4]_replica_5 due to FORCE_MAX_FANOUT/MAX_FANOUT_MODE. 
INFO: [Physopt 32-1353] Created trunc_ln269_112_reg_164645_pp0_iter7_reg_reg[4]_replica_6 due to FORCE_MAX_FANOUT/MAX_FANOUT_MODE. 
INFO: [Physopt 32-1353] Created trunc_ln269_112_reg_164645_pp0_iter7_reg_reg[4]_replica_7 due to FORCE_MAX_FANOUT/MAX_FANOUT_MODE. 
INFO: [Physopt 32-1353] Created trunc_ln269_112_reg_164645_pp0_iter7_reg_reg[4]_replica_8 due to FORCE_MAX_FANOUT/MAX_FANOUT_MODE. 
INFO: [Physopt 32-81] Processed net trunc_ln269_112_reg_164645_pp0_iter7_reg[4]. Replicated 9 times.
INFO: [Physopt 32-1353] Created trunc_ln269_114_reg_164655_pp0_iter7_reg_reg[4]_replica due to FORCE_MAX_FANOUT/MAX_FANOUT_MODE. 
INFO: [Physopt 32-1353] Created trunc_ln269_114_reg_164655_pp0_iter7_reg_reg[4]_replica_1 due to FORCE_MAX_FANOUT/MAX_FANOUT_MODE. 
INFO: [Physopt 32-1353] Created trunc_ln269_114_reg_164655_pp0_iter7_reg_reg[4]_replica_2 due to FORCE_MAX_FANOUT/MAX_FANOUT_MODE. 
INFO: [Physopt 32-1353] Created trunc_ln269_114_reg_164655_pp0_iter7_reg_reg[4]_replica_3 due to FORCE_MAX_FANOUT/MAX_FANOUT_MODE. 
INFO: [Physopt 32-1353] Created trunc_ln269_114_reg_164655_pp0_iter7_reg_reg[4]_replica_4 due to FORCE_MAX_FANOUT/MAX_FANOUT_MODE. 
INFO: [Physopt 32-1353] Created trunc_ln269_114_reg_164655_pp0_iter7_reg_reg[4]_replica_5 due to FORCE_MAX_FANOUT/MAX_FANOUT_MODE. 
INFO: [Physopt 32-1353] Created trunc_ln269_114_reg_164655_pp0_iter7_reg_reg[4]_replica_6 due to FORCE_MAX_FANOUT/MAX_FANOUT_MODE. 
INFO: [Physopt 32-1353] Created trunc_ln269_114_reg_164655_pp0_iter7_reg_reg[4]_replica_7 due to FORCE_MAX_FANOUT/MAX_FANOUT_MODE. 
INFO: [Physopt 32-1353] Created trunc_ln269_114_reg_164655_pp0_iter7_reg_reg[4]_replica_8 due to FORCE_MAX_FANOUT/MAX_FANOUT_MODE. 
INFO: [Physopt 32-81] Processed net trunc_ln269_114_reg_164655_pp0_iter7_reg[4]. Replicated 9 times.
INFO: [Physopt 32-1353] Created trunc_ln269_119_reg_164680_reg[4]_replica_3 due to FORCE_MAX_FANOUT/MAX_FANOUT_MODE. 
INFO: [Physopt 32-1353] Created trunc_ln269_119_reg_164680_reg[4]_replica_7 due to FORCE_MAX_FANOUT/MAX_FANOUT_MODE. 
INFO: [Physopt 32-81] Processed net trunc_ln269_119_reg_164680[4]. Replicated 9 times.
INFO: [Physopt 32-1353] Created trunc_ln269_11_reg_164140_reg[4]_replica_7 due to FORCE_MAX_FANOUT/MAX_FANOUT_MODE. 
INFO: [Physopt 32-81] Processed net trunc_ln269_11_reg_164140[4]. Replicated 8 times.
INFO: [Physopt 32-1353] Created trunc_ln269_121_reg_164690_reg[4]_replica_7 due to FORCE_MAX_FANOUT/MAX_FANOUT_MODE. 
INFO: [Physopt 32-81] Processed net trunc_ln269_121_reg_164690[4]. Replicated 9 times.
INFO: [Physopt 32-1353] Created trunc_ln269_123_reg_164700_reg[4]_replica due to FORCE_MAX_FANOUT/MAX_FANOUT_MODE. 
INFO: [Physopt 32-1353] Created trunc_ln269_123_reg_164700_reg[4]_replica_1 due to FORCE_MAX_FANOUT/MAX_FANOUT_MODE. 
INFO: [Physopt 32-1353] Created trunc_ln269_123_reg_164700_reg[4]_replica_2 due to FORCE_MAX_FANOUT/MAX_FANOUT_MODE. 
INFO: [Physopt 32-1353] Created trunc_ln269_123_reg_164700_reg[4]_replica_3 due to FORCE_MAX_FANOUT/MAX_FANOUT_MODE. 
INFO: [Physopt 32-1353] Created trunc_ln269_123_reg_164700_reg[4]_replica_4 due to FORCE_MAX_FANOUT/MAX_FANOUT_MODE. 
INFO: [Physopt 32-1353] Created trunc_ln269_123_reg_164700_reg[4]_replica_5 due to FORCE_MAX_FANOUT/MAX_FANOUT_MODE. 
INFO: [Physopt 32-1353] Created trunc_ln269_123_reg_164700_reg[4]_replica_6 due to FORCE_MAX_FANOUT/MAX_FANOUT_MODE. 
INFO: [Physopt 32-1353] Created trunc_ln269_123_reg_164700_reg[4]_replica_7 due to FORCE_MAX_FANOUT/MAX_FANOUT_MODE. 
INFO: [Physopt 32-1353] Created trunc_ln269_123_reg_164700_reg[4]_replica_8 due to FORCE_MAX_FANOUT/MAX_FANOUT_MODE. 
INFO: [Physopt 32-81] Processed net trunc_ln269_123_reg_164700[4]. Replicated 9 times.
INFO: [Physopt 32-1353] Created trunc_ln269_16_reg_164165_pp0_iter7_reg_reg[4]_replica due to FORCE_MAX_FANOUT/MAX_FANOUT_MODE. 
INFO: [Physopt 32-1353] Created trunc_ln269_16_reg_164165_pp0_iter7_reg_reg[4]_replica_1 due to FORCE_MAX_FANOUT/MAX_FANOUT_MODE. 
INFO: [Physopt 32-1353] Created trunc_ln269_16_reg_164165_pp0_iter7_reg_reg[4]_replica_2 due to FORCE_MAX_FANOUT/MAX_FANOUT_MODE. 
INFO: [Physopt 32-1353] Created trunc_ln269_16_reg_164165_pp0_iter7_reg_reg[4]_replica_3 due to FORCE_MAX_FANOUT/MAX_FANOUT_MODE. 
INFO: [Physopt 32-1353] Created trunc_ln269_16_reg_164165_pp0_iter7_reg_reg[4]_replica_4 due to FORCE_MAX_FANOUT/MAX_FANOUT_MODE. 
INFO: [Physopt 32-1353] Created trunc_ln269_16_reg_164165_pp0_iter7_reg_reg[4]_replica_5 due to FORCE_MAX_FANOUT/MAX_FANOUT_MODE. 
INFO: [Physopt 32-1353] Created trunc_ln269_16_reg_164165_pp0_iter7_reg_reg[4]_replica_6 due to FORCE_MAX_FANOUT/MAX_FANOUT_MODE. 
INFO: [Physopt 32-1353] Created trunc_ln269_16_reg_164165_pp0_iter7_reg_reg[4]_replica_7 due to FORCE_MAX_FANOUT/MAX_FANOUT_MODE. 
INFO: [Physopt 32-1353] Created trunc_ln269_16_reg_164165_pp0_iter7_reg_reg[4]_replica_8 due to FORCE_MAX_FANOUT/MAX_FANOUT_MODE. 
INFO: [Physopt 32-81] Processed net trunc_ln269_16_reg_164165_pp0_iter7_reg[4]. Replicated 9 times.
INFO: [Physopt 32-1353] Created trunc_ln269_18_reg_164175_pp0_iter7_reg_reg[4]_replica_1 due to FORCE_MAX_FANOUT/MAX_FANOUT_MODE. 
INFO: [Physopt 32-1353] Created trunc_ln269_18_reg_164175_pp0_iter7_reg_reg[4]_replica_3 due to FORCE_MAX_FANOUT/MAX_FANOUT_MODE. 
INFO: [Physopt 32-1353] Created trunc_ln269_18_reg_164175_pp0_iter7_reg_reg[4]_replica_5 due to FORCE_MAX_FANOUT/MAX_FANOUT_MODE. 
INFO: [Physopt 32-1353] Created trunc_ln269_18_reg_164175_pp0_iter7_reg_reg[4]_replica_7 due to FORCE_MAX_FANOUT/MAX_FANOUT_MODE. 
INFO: [Physopt 32-81] Processed net trunc_ln269_18_reg_164175_pp0_iter7_reg[4]. Replicated 9 times.
INFO: [Physopt 32-1353] Created trunc_ln269_1_reg_164085_pp0_iter7_reg_reg[4]_replica due to FORCE_MAX_FANOUT/MAX_FANOUT_MODE. 
INFO: [Physopt 32-1353] Created trunc_ln269_1_reg_164085_pp0_iter7_reg_reg[4]_replica_1 due to FORCE_MAX_FANOUT/MAX_FANOUT_MODE. 
INFO: [Physopt 32-1353] Created trunc_ln269_1_reg_164085_pp0_iter7_reg_reg[4]_replica_2 due to FORCE_MAX_FANOUT/MAX_FANOUT_MODE. 
INFO: [Physopt 32-1353] Created trunc_ln269_1_reg_164085_pp0_iter7_reg_reg[4]_replica_3 due to FORCE_MAX_FANOUT/MAX_FANOUT_MODE. 
INFO: [Physopt 32-1353] Created trunc_ln269_1_reg_164085_pp0_iter7_reg_reg[4]_replica_4 due to FORCE_MAX_FANOUT/MAX_FANOUT_MODE. 
INFO: [Physopt 32-1353] Created trunc_ln269_1_reg_164085_pp0_iter7_reg_reg[4]_replica_5 due to FORCE_MAX_FANOUT/MAX_FANOUT_MODE. 
INFO: [Physopt 32-1353] Created trunc_ln269_1_reg_164085_pp0_iter7_reg_reg[4]_replica_6 due to FORCE_MAX_FANOUT/MAX_FANOUT_MODE. 
INFO: [Physopt 32-1353] Created trunc_ln269_1_reg_164085_pp0_iter7_reg_reg[4]_replica_7 due to FORCE_MAX_FANOUT/MAX_FANOUT_MODE. 
INFO: [Physopt 32-1353] Created trunc_ln269_1_reg_164085_pp0_iter7_reg_reg[4]_replica_8 due to FORCE_MAX_FANOUT/MAX_FANOUT_MODE. 
INFO: [Physopt 32-81] Processed net trunc_ln269_1_reg_164085_pp0_iter7_reg[4]. Replicated 9 times.
INFO: [Physopt 32-1353] Created trunc_ln269_23_reg_164200_reg[4]_replica_1 due to FORCE_MAX_FANOUT/MAX_FANOUT_MODE. 
INFO: [Physopt 32-1353] Created trunc_ln269_23_reg_164200_reg[4]_replica_3 due to FORCE_MAX_FANOUT/MAX_FANOUT_MODE. 
INFO: [Physopt 32-1353] Created trunc_ln269_23_reg_164200_reg[4]_replica_5 due to FORCE_MAX_FANOUT/MAX_FANOUT_MODE. 
INFO: [Physopt 32-1353] Created trunc_ln269_23_reg_164200_reg[4]_replica_7 due to FORCE_MAX_FANOUT/MAX_FANOUT_MODE. 
INFO: [Physopt 32-81] Processed net trunc_ln269_23_reg_164200[4]. Replicated 9 times.
INFO: [Physopt 32-1353] Created trunc_ln269_25_reg_164210_reg[4]_replica_7 due to FORCE_MAX_FANOUT/MAX_FANOUT_MODE. 
INFO: [Physopt 32-81] Processed net trunc_ln269_25_reg_164210[4]. Replicated 9 times.
INFO: [Physopt 32-1353] Created trunc_ln269_27_reg_164220_reg[4]_replica_1 due to FORCE_MAX_FANOUT/MAX_FANOUT_MODE. 
INFO: [Physopt 32-1353] Created trunc_ln269_27_reg_164220_reg[4]_replica_3 due to FORCE_MAX_FANOUT/MAX_FANOUT_MODE. 
INFO: [Physopt 32-1353] Created trunc_ln269_27_reg_164220_reg[4]_replica_5 due to FORCE_MAX_FANOUT/MAX_FANOUT_MODE. 
INFO: [Physopt 32-1353] Created trunc_ln269_27_reg_164220_reg[4]_replica_7 due to FORCE_MAX_FANOUT/MAX_FANOUT_MODE. 
INFO: [Physopt 32-81] Processed net trunc_ln269_27_reg_164220[4]. Replicated 9 times.
INFO: [Physopt 32-1353] Created trunc_ln269_32_reg_164245_pp0_iter7_reg_reg[4]_replica due to FORCE_MAX_FANOUT/MAX_FANOUT_MODE. 
INFO: [Physopt 32-1353] Created trunc_ln269_32_reg_164245_pp0_iter7_reg_reg[4]_replica_1 due to FORCE_MAX_FANOUT/MAX_FANOUT_MODE. 
INFO: [Physopt 32-1353] Created trunc_ln269_32_reg_164245_pp0_iter7_reg_reg[4]_replica_2 due to FORCE_MAX_FANOUT/MAX_FANOUT_MODE. 
INFO: [Physopt 32-1353] Created trunc_ln269_32_reg_164245_pp0_iter7_reg_reg[4]_replica_3 due to FORCE_MAX_FANOUT/MAX_FANOUT_MODE. 
INFO: [Physopt 32-1353] Created trunc_ln269_32_reg_164245_pp0_iter7_reg_reg[4]_replica_4 due to FORCE_MAX_FANOUT/MAX_FANOUT_MODE. 
INFO: [Physopt 32-1353] Created trunc_ln269_32_reg_164245_pp0_iter7_reg_reg[4]_replica_5 due to FORCE_MAX_FANOUT/MAX_FANOUT_MODE. 
INFO: [Physopt 32-1353] Created trunc_ln269_32_reg_164245_pp0_iter7_reg_reg[4]_replica_6 due to FORCE_MAX_FANOUT/MAX_FANOUT_MODE. 
INFO: [Physopt 32-1353] Created trunc_ln269_32_reg_164245_pp0_iter7_reg_reg[4]_replica_7 due to FORCE_MAX_FANOUT/MAX_FANOUT_MODE. 
INFO: [Physopt 32-1353] Created trunc_ln269_32_reg_164245_pp0_iter7_reg_reg[4]_replica_8 due to FORCE_MAX_FANOUT/MAX_FANOUT_MODE. 
INFO: [Physopt 32-81] Processed net trunc_ln269_32_reg_164245_pp0_iter7_reg[4]. Replicated 9 times.
INFO: [Physopt 32-1353] Created trunc_ln269_34_reg_164255_pp0_iter7_reg_reg[4]_replica due to FORCE_MAX_FANOUT/MAX_FANOUT_MODE. 
INFO: [Physopt 32-1353] Created trunc_ln269_34_reg_164255_pp0_iter7_reg_reg[4]_replica_1 due to FORCE_MAX_FANOUT/MAX_FANOUT_MODE. 
INFO: [Physopt 32-1353] Created trunc_ln269_34_reg_164255_pp0_iter7_reg_reg[4]_replica_2 due to FORCE_MAX_FANOUT/MAX_FANOUT_MODE. 
INFO: [Physopt 32-1353] Created trunc_ln269_34_reg_164255_pp0_iter7_reg_reg[4]_replica_3 due to FORCE_MAX_FANOUT/MAX_FANOUT_MODE. 
INFO: [Physopt 32-1353] Created trunc_ln269_34_reg_164255_pp0_iter7_reg_reg[4]_replica_4 due to FORCE_MAX_FANOUT/MAX_FANOUT_MODE. 
INFO: [Physopt 32-1353] Created trunc_ln269_34_reg_164255_pp0_iter7_reg_reg[4]_replica_5 due to FORCE_MAX_FANOUT/MAX_FANOUT_MODE. 
INFO: [Physopt 32-1353] Created trunc_ln269_34_reg_164255_pp0_iter7_reg_reg[4]_replica_6 due to FORCE_MAX_FANOUT/MAX_FANOUT_MODE. 
INFO: [Common 17-14] Message 'Physopt 32-1353' appears 100 times and further instances of the messages will be disabled. Use the Tcl command set_msg_config to change the current settings.
INFO: [Physopt 32-81] Processed net trunc_ln269_34_reg_164255_pp0_iter7_reg[4]. Replicated 9 times.
INFO: [Physopt 32-81] Processed net trunc_ln269_39_reg_164280[4]. Replicated 9 times.
INFO: [Physopt 32-81] Processed net trunc_ln269_3_reg_164095_pp0_iter7_reg[4]. Replicated 9 times.
INFO: [Physopt 32-81] Processed net trunc_ln269_41_reg_164290[4]. Replicated 9 times.
INFO: [Physopt 32-81] Processed net trunc_ln269_43_reg_164300[4]. Replicated 9 times.
INFO: [Physopt 32-81] Processed net trunc_ln269_48_reg_164325_pp0_iter7_reg[4]. Replicated 9 times.
INFO: [Physopt 32-81] Processed net trunc_ln269_50_reg_164335_pp0_iter7_reg[4]. Replicated 9 times.
INFO: [Physopt 32-81] Processed net trunc_ln269_55_reg_164360[4]. Replicated 9 times.
INFO: [Physopt 32-81] Processed net trunc_ln269_57_reg_164370[4]. Replicated 9 times.
INFO: [Physopt 32-81] Processed net trunc_ln269_59_reg_164380[4]. Replicated 9 times.
INFO: [Physopt 32-81] Processed net trunc_ln269_64_reg_164405_pp0_iter7_reg[4]. Replicated 9 times.
INFO: [Physopt 32-81] Processed net trunc_ln269_66_reg_164415_pp0_iter7_reg[4]. Replicated 9 times.
INFO: [Physopt 32-81] Processed net trunc_ln269_71_reg_164440[4]. Replicated 8 times.
INFO: [Physopt 32-81] Processed net trunc_ln269_73_reg_164450[4]. Replicated 9 times.
INFO: [Physopt 32-81] Processed net trunc_ln269_75_reg_164460[4]. Replicated 9 times.
INFO: [Physopt 32-81] Processed net trunc_ln269_80_reg_164485_pp0_iter7_reg[4]. Replicated 9 times.
INFO: [Physopt 32-81] Processed net trunc_ln269_82_reg_164495_pp0_iter7_reg[4]. Replicated 9 times.
INFO: [Physopt 32-81] Processed net trunc_ln269_87_reg_164520[4]. Replicated 9 times.
INFO: [Physopt 32-81] Processed net trunc_ln269_89_reg_164530[4]. Replicated 9 times.
INFO: [Physopt 32-81] Processed net trunc_ln269_8_reg_164120[4]. Replicated 9 times.
INFO: [Physopt 32-81] Processed net trunc_ln269_91_reg_164540[4]. Replicated 9 times.
INFO: [Physopt 32-81] Processed net trunc_ln269_96_reg_164565_pp0_iter7_reg[4]. Replicated 9 times.
INFO: [Physopt 32-81] Processed net trunc_ln269_98_reg_164575_pp0_iter7_reg[4]. Replicated 9 times.
INFO: [Physopt 32-81] Processed net trunc_ln269_s_reg_164130[4]. Replicated 9 times.
INFO: [Physopt 32-232] Optimized 40 nets. Created 357 new instances.
INFO: [Physopt 32-775] End 1 Pass. Optimized 40 nets or cells. Created 357 new cells, deleted 0 existing cell and moved 0 existing cell
INFO: [Physopt 32-619] Estimated Timing Summary | WNS=0.000 | TNS=0.000 |
Netlist sorting complete. Time (s): cpu = 00:00:03 ; elapsed = 00:00:03 . Memory (MB): peak = 14991.496 ; gain = 0.000 ; free physical = 227235 ; free virtual = 240931
Phase 2 Fanout Optimization | Checksum: 102e1a3d0

Time (s): cpu = 06:19:53 ; elapsed = 00:48:03 . Memory (MB): peak = 14991.496 ; gain = 2032.160 ; free physical = 227235 ; free virtual = 240931
Netlist sorting complete. Time (s): cpu = 00:00:00.12 ; elapsed = 00:00:00.12 . Memory (MB): peak = 14991.496 ; gain = 0.000 ; free physical = 227235 ; free virtual = 240931
Netlist sorting complete. Time (s): cpu = 00:00:00.12 ; elapsed = 00:00:00.12 . Memory (MB): peak = 14991.496 ; gain = 0.000 ; free physical = 227235 ; free virtual = 240931
INFO: [Physopt 32-603] Post Physical Optimization Timing Summary | WNS=-1.330 | TNS=-6651.221 |

Summary of Physical Synthesis Optimizations
============================================


------------------------------------------------------------------------------------------------------------------------------------------------------------
|  Optimization  |  WNS Gain (ns)  |  TNS Gain (ns)  |  Added Cells  |  Removed Cells  |  Optimized Cells/Nets  |  Dont Touch  |  Iterations  |  Elapsed   |
------------------------------------------------------------------------------------------------------------------------------------------------------------
|  Fanout        |          0.000  |          0.000  |          357  |              0  |                    40  |           0  |           1  |  00:46:29  |
|  Total         |          0.000  |          0.000  |          357  |              0  |                    40  |           0  |           1  |  00:46:29  |
------------------------------------------------------------------------------------------------------------------------------------------------------------


Netlist sorting complete. Time (s): cpu = 00:00:00.12 ; elapsed = 00:00:00.12 . Memory (MB): peak = 14991.496 ; gain = 0.000 ; free physical = 227234 ; free virtual = 240930
Ending Physical Synthesis Task | Checksum: 12bfae506

Time (s): cpu = 06:22:05 ; elapsed = 00:48:25 . Memory (MB): peak = 14991.496 ; gain = 2032.160 ; free physical = 227234 ; free virtual = 240930
INFO: [Common 17-83] Releasing license: Implementation
153 Infos, 0 Warnings, 0 Critical Warnings and 0 Errors encountered.
phys_opt_design completed successfully
phys_opt_design: Time (s): cpu = 06:25:32 ; elapsed = 00:49:17 . Memory (MB): peak = 14991.496 ; gain = 2040.164 ; free physical = 227224 ; free virtual = 240920
# set replicated_nets [get_nets -quiet -hier -regexp {.*trunc_ln269_.*}]
# write_net_topology [file join $reports_dir topology_after_replication.tsv] $replicated_nets
# write_checkpoint -force [file join $output_dir post_replication.dcp]
INFO: [Timing 38-480] Writing timing data to binary archive.
Write ShapeDB Complete: Time (s): cpu = 00:00:02 ; elapsed = 00:00:00.35 . Memory (MB): peak = 14991.496 ; gain = 0.000 ; free physical = 227203 ; free virtual = 240926
Wrote PlaceDB: Time (s): cpu = 00:01:11 ; elapsed = 00:00:30 . Memory (MB): peak = 14991.496 ; gain = 0.000 ; free physical = 226123 ; free virtual = 240907
Wrote PulsedLatchDB: Time (s): cpu = 00:00:00 ; elapsed = 00:00:00 . Memory (MB): peak = 14991.496 ; gain = 0.000 ; free physical = 226136 ; free virtual = 240920
Writing XDEF routing.
Writing XDEF routing logical nets.
Writing XDEF routing special nets.
Wrote RouteStorage: Time (s): cpu = 00:00:03 ; elapsed = 00:00:03 . Memory (MB): peak = 14991.496 ; gain = 0.000 ; free physical = 226134 ; free virtual = 240920
Wrote Netlist Cache: Time (s): cpu = 00:00:00.93 ; elapsed = 00:00:00.98 . Memory (MB): peak = 14991.496 ; gain = 0.000 ; free physical = 226022 ; free virtual = 240919
Wrote Device Cache: Time (s): cpu = 00:00:00.01 ; elapsed = 00:00:00 . Memory (MB): peak = 14991.496 ; gain = 0.000 ; free physical = 226016 ; free virtual = 240916
Write Physdb Complete: Time (s): cpu = 00:01:15 ; elapsed = 00:00:52 . Memory (MB): peak = 14991.496 ; gain = 0.000 ; free physical = 226018 ; free virtual = 240918
INFO: [Common 17-1381] The checkpoint '/mnt_pool/c3_users/user/pleguina/graphsage_vivado_2024_1_sweep/build/vivado_sweep/fanout_32/post_replication.dcp' has been generated.
write_checkpoint: Time (s): cpu = 00:01:32 ; elapsed = 00:01:11 . Memory (MB): peak = 14991.496 ; gain = 0.000 ; free physical = 226883 ; free virtual = 240804
# report_internal_timing $reports_dir post_replication $summary
post_replication_INTERNAL_SETUP_WNS_NS=-1.272
CRITICAL WARNING: [Vivado 12-4439] The number of objects collected by the 'to' option of 'report_timing' is very large: 317795. This may lead to serious performance issues and out-of-memory conditions in handling the results.
Resolution: Further filtering of the command results, or narrowing the scope of the command is recommended.
CRITICAL WARNING: [Vivado 12-4439] The number of objects collected by the 'from' option of 'report_timing' is very large: 317795. This may lead to serious performance issues and out-of-memory conditions in handling the results.
Resolution: Further filtering of the command results, or narrowing the scope of the command is recommended.
INFO: [Timing 38-78] ReportTimingParams: -from_pins  -to_pins  -max_paths 20 -nworst 1 -delay_type max -sort_by slack.
report_timing: Time (s): cpu = 00:05:27 ; elapsed = 00:00:33 . Memory (MB): peak = 14991.496 ; gain = 0.000 ; free physical = 226910 ; free virtual = 240831
# route_design -directive Default
Command: route_design -directive Default
Attempting to get a license for feature 'Implementation' and/or device 'xcvu13p'
INFO: [Common 17-349] Got license for feature 'Implementation' and/or device 'xcvu13p'
INFO: [Common 17-1540] The version limit for your license is '2026.02' and has expired for new software. A version limit expiration means that, although you may be able to continue to use the current version of tools or IP with this license, you will not be eligible for new releases.
INFO: [DRC 23-27] Running DRC with 32 threads
WARNING: [DRC 23-814] Not all possible (connectivity based) DRCs may have been run because this design is seen as Out of Context.
INFO: [Vivado_Tcl 4-198] DRC finished with 0 Errors
INFO: [Vivado_Tcl 4-199] Please refer to the DRC report (report_drc) for more information.


Starting Routing Task
INFO: [Route 35-270] Using Router directive 'Default'.
INFO: [Route 35-254] Multithreading enabled for route_design using a maximum of 32 CPUs

Phase 1 Build RT Design
Checksum: PlaceDB: 1a359ea8 ConstDB: 0 ShapeSum: 2ee33075 RouteDB: 5d004bb1
Nodegraph reading from file.  Time (s): cpu = 00:00:01 ; elapsed = 00:00:02 . Memory (MB): peak = 14991.496 ; gain = 0.000 ; free physical = 226923 ; free virtual = 240844
WARNING: [Route 35-198] Port "adj_matrix_5_7[5]" does not have an associated HD.PARTPIN_LOCS, which will prevent the partial routing of the signal "adj_matrix_5_7[5]". Without this partial route, timing analysis to/from this port will not be accurate, and no routing information for this port can be exported.
WARNING: [Route 35-198] Port "adj_matrix_5_7[4]" does not have an associated HD.PARTPIN_LOCS, which will prevent the partial routing of the signal "adj_matrix_5_7[4]". Without this partial route, timing analysis to/from this port will not be accurate, and no routing information for this port can be exported.
WARNING: [Route 35-198] Port "adj_matrix_7_6[11]" does not have an associated HD.PARTPIN_LOCS, which will prevent the partial routing of the signal "adj_matrix_7_6[11]". Without this partial route, timing analysis to/from this port will not be accurate, and no routing information for this port can be exported.
WARNING: [Route 35-198] Port "adj_matrix_7_6[7]" does not have an associated HD.PARTPIN_LOCS, which will prevent the partial routing of the signal "adj_matrix_7_6[7]". Without this partial route, timing analysis to/from this port will not be accurate, and no routing information for this port can be exported.
WARNING: [Route 35-198] Port "adj_matrix_7_6[15]" does not have an associated HD.PARTPIN_LOCS, which will prevent the partial routing of the signal "adj_matrix_7_6[15]". Without this partial route, timing analysis to/from this port will not be accurate, and no routing information for this port can be exported.
WARNING: [Route 35-198] Port "adj_matrix_7_4[4]" does not have an associated HD.PARTPIN_LOCS, which will prevent the partial routing of the signal "adj_matrix_7_4[4]". Without this partial route, timing analysis to/from this port will not be accurate, and no routing information for this port can be exported.
WARNING: [Route 35-198] Port "adj_matrix_7_6[5]" does not have an associated HD.PARTPIN_LOCS, which will prevent the partial routing of the signal "adj_matrix_7_6[5]". Without this partial route, timing analysis to/from this port will not be accurate, and no routing information for this port can be exported.
WARNING: [Route 35-198] Port "adj_matrix_5_5[2]" does not have an associated HD.PARTPIN_LOCS, which will prevent the partial routing of the signal "adj_matrix_5_5[2]". Without this partial route, timing analysis to/from this port will not be accurate, and no routing information for this port can be exported.
WARNING: [Route 35-198] Port "adj_matrix_7_6[10]" does not have an associated HD.PARTPIN_LOCS, which will prevent the partial routing of the signal "adj_matrix_7_6[10]". Without this partial route, timing analysis to/from this port will not be accurate, and no routing information for this port can be exported.
WARNING: [Route 35-198] Port "adj_matrix_7_6[3]" does not have an associated HD.PARTPIN_LOCS, which will prevent the partial routing of the signal "adj_matrix_7_6[3]". Without this partial route, timing analysis to/from this port will not be accurate, and no routing information for this port can be exported.
WARNING: [Route 35-198] Port "adj_matrix_5_6[1]" does not have an associated HD.PARTPIN_LOCS, which will prevent the partial routing of the signal "adj_matrix_5_6[1]". Without this partial route, timing analysis to/from this port will not be accurate, and no routing information for this port can be exported.
WARNING: [Route 35-198] Port "adj_matrix_7_6[14]" does not have an associated HD.PARTPIN_LOCS, which will prevent the partial routing of the signal "adj_matrix_7_6[14]". Without this partial route, timing analysis to/from this port will not be accurate, and no routing information for this port can be exported.
WARNING: [Route 35-198] Port "adj_matrix_7_6[1]" does not have an associated HD.PARTPIN_LOCS, which will prevent the partial routing of the signal "adj_matrix_7_6[1]". Without this partial route, timing analysis to/from this port will not be accurate, and no routing information for this port can be exported.
WARNING: [Route 35-198] Port "adj_matrix_7_6[12]" does not have an associated HD.PARTPIN_LOCS, which will prevent the partial routing of the signal "adj_matrix_7_6[12]". Without this partial route, timing analysis to/from this port will not be accurate, and no routing information for this port can be exported.
WARNING: [Route 35-198] Port "adj_matrix_7_6[9]" does not have an associated HD.PARTPIN_LOCS, which will prevent the partial routing of the signal "adj_matrix_7_6[9]". Without this partial route, timing analysis to/from this port will not be accurate, and no routing information for this port can be exported.
WARNING: [Route 35-198] Port "adj_matrix_5_4[14]" does not have an associated HD.PARTPIN_LOCS, which will prevent the partial routing of the signal "adj_matrix_5_4[14]". Without this partial route, timing analysis to/from this port will not be accurate, and no routing information for this port can be exported.
WARNING: [Route 35-198] Port "adj_matrix_5_6[0]" does not have an associated HD.PARTPIN_LOCS, which will prevent the partial routing of the signal "adj_matrix_5_6[0]". Without this partial route, timing analysis to/from this port will not be accurate, and no routing information for this port can be exported.
WARNING: [Route 35-198] Port "adj_matrix_7_6[13]" does not have an associated HD.PARTPIN_LOCS, which will prevent the partial routing of the signal "adj_matrix_7_6[13]". Without this partial route, timing analysis to/from this port will not be accurate, and no routing information for this port can be exported.
WARNING: [Route 35-198] Port "adj_matrix_5_7[1]" does not have an associated HD.PARTPIN_LOCS, which will prevent the partial routing of the signal "adj_matrix_5_7[1]". Without this partial route, timing analysis to/from this port will not be accurate, and no routing information for this port can be exported.
WARNING: [Route 35-198] Port "adj_matrix_5_4[6]" does not have an associated HD.PARTPIN_LOCS, which will prevent the partial routing of the signal "adj_matrix_5_4[6]". Without this partial route, timing analysis to/from this port will not be accurate, and no routing information for this port can be exported.
WARNING: [Route 35-198] Port "adj_matrix_5_4[8]" does not have an associated HD.PARTPIN_LOCS, which will prevent the partial routing of the signal "adj_matrix_5_4[8]". Without this partial route, timing analysis to/from this port will not be accurate, and no routing information for this port can be exported.
WARNING: [Route 35-198] Port "adj_matrix_5_6[5]" does not have an associated HD.PARTPIN_LOCS, which will prevent the partial routing of the signal "adj_matrix_5_6[5]". Without this partial route, timing analysis to/from this port will not be accurate, and no routing information for this port can be exported.
WARNING: [Route 35-198] Port "adj_matrix_5_5[5]" does not have an associated HD.PARTPIN_LOCS, which will prevent the partial routing of the signal "adj_matrix_5_5[5]". Without this partial route, timing analysis to/from this port will not be accurate, and no routing information for this port can be exported.
WARNING: [Route 35-198] Port "adj_matrix_7_6[6]" does not have an associated HD.PARTPIN_LOCS, which will prevent the partial routing of the signal "adj_matrix_7_6[6]". Without this partial route, timing analysis to/from this port will not be accurate, and no routing information for this port can be exported.
WARNING: [Route 35-198] Port "adj_matrix_7_7[10]" does not have an associated HD.PARTPIN_LOCS, which will prevent the partial routing of the signal "adj_matrix_7_7[10]". Without this partial route, timing analysis to/from this port will not be accurate, and no routing information for this port can be exported.
WARNING: [Route 35-198] Port "adj_matrix_7_7[3]" does not have an associated HD.PARTPIN_LOCS, which will prevent the partial routing of the signal "adj_matrix_7_7[3]". Without this partial route, timing analysis to/from this port will not be accurate, and no routing information for this port can be exported.
WARNING: [Route 35-198] Port "adj_matrix_7_6[8]" does not have an associated HD.PARTPIN_LOCS, which will prevent the partial routing of the signal "adj_matrix_7_6[8]". Without this partial route, timing analysis to/from this port will not be accurate, and no routing information for this port can be exported.
WARNING: [Route 35-198] Port "adj_matrix_7_6[0]" does not have an associated HD.PARTPIN_LOCS, which will prevent the partial routing of the signal "adj_matrix_7_6[0]". Without this partial route, timing analysis to/from this port will not be accurate, and no routing information for this port can be exported.
WARNING: [Route 35-198] Port "adj_matrix_5_6[2]" does not have an associated HD.PARTPIN_LOCS, which will prevent the partial routing of the signal "adj_matrix_5_6[2]". Without this partial route, timing analysis to/from this port will not be accurate, and no routing information for this port can be exported.
WARNING: [Route 35-198] Port "adj_matrix_5_7[0]" does not have an associated HD.PARTPIN_LOCS, which will prevent the partial routing of the signal "adj_matrix_5_7[0]". Without this partial route, timing analysis to/from this port will not be accurate, and no routing information for this port can be exported.
WARNING: [Route 35-198] Port "adj_matrix_7_7[9]" does not have an associated HD.PARTPIN_LOCS, which will prevent the partial routing of the signal "adj_matrix_7_7[9]". Without this partial route, timing analysis to/from this port will not be accurate, and no routing information for this port can be exported.
WARNING: [Route 35-198] Port "adj_matrix_7_7[1]" does not have an associated HD.PARTPIN_LOCS, which will prevent the partial routing of the signal "adj_matrix_7_7[1]". Without this partial route, timing analysis to/from this port will not be accurate, and no routing information for this port can be exported.
WARNING: [Route 35-198] Port "adj_matrix_7_6[4]" does not have an associated HD.PARTPIN_LOCS, which will prevent the partial routing of the signal "adj_matrix_7_6[4]". Without this partial route, timing analysis to/from this port will not be accurate, and no routing information for this port can be exported.
WARNING: [Route 35-198] Port "adj_matrix_7_6[2]" does not have an associated HD.PARTPIN_LOCS, which will prevent the partial routing of the signal "adj_matrix_7_6[2]". Without this partial route, timing analysis to/from this port will not be accurate, and no routing information for this port can be exported.
WARNING: [Route 35-198] Port "adj_matrix_5_4[4]" does not have an associated HD.PARTPIN_LOCS, which will prevent the partial routing of the signal "adj_matrix_5_4[4]". Without this partial route, timing analysis to/from this port will not be accurate, and no routing information for this port can be exported.
WARNING: [Route 35-198] Port "adj_matrix_7_7[13]" does not have an associated HD.PARTPIN_LOCS, which will prevent the partial routing of the signal "adj_matrix_7_7[13]". Without this partial route, timing analysis to/from this port will not be accurate, and no routing information for this port can be exported.
WARNING: [Route 35-198] Port "adj_matrix_5_0[1]" does not have an associated HD.PARTPIN_LOCS, which will prevent the partial routing of the signal "adj_matrix_5_0[1]". Without this partial route, timing analysis to/from this port will not be accurate, and no routing information for this port can be exported.
WARNING: [Route 35-198] Port "adj_matrix_5_5[4]" does not have an associated HD.PARTPIN_LOCS, which will prevent the partial routing of the signal "adj_matrix_5_5[4]". Without this partial route, timing analysis to/from this port will not be accurate, and no routing information for this port can be exported.
WARNING: [Route 35-198] Port "adj_matrix_5_4[3]" does not have an associated HD.PARTPIN_LOCS, which will prevent the partial routing of the signal "adj_matrix_5_4[3]". Without this partial route, timing analysis to/from this port will not be accurate, and no routing information for this port can be exported.
WARNING: [Route 35-198] Port "adj_matrix_5_6[9]" does not have an associated HD.PARTPIN_LOCS, which will prevent the partial routing of the signal "adj_matrix_5_6[9]". Without this partial route, timing analysis to/from this port will not be accurate, and no routing information for this port can be exported.
WARNING: [Route 35-198] Port "adj_matrix_5_5[11]" does not have an associated HD.PARTPIN_LOCS, which will prevent the partial routing of the signal "adj_matrix_5_5[11]". Without this partial route, timing analysis to/from this port will not be accurate, and no routing information for this port can be exported.
WARNING: [Route 35-198] Port "adj_matrix_7_7[14]" does not have an associated HD.PARTPIN_LOCS, which will prevent the partial routing of the signal "adj_matrix_7_7[14]". Without this partial route, timing analysis to/from this port will not be accurate, and no routing information for this port can be exported.
WARNING: [Route 35-198] Port "adj_matrix_7_7[8]" does not have an associated HD.PARTPIN_LOCS, which will prevent the partial routing of the signal "adj_matrix_7_7[8]". Without this partial route, timing analysis to/from this port will not be accurate, and no routing information for this port can be exported.
WARNING: [Route 35-198] Port "adj_matrix_7_7[5]" does not have an associated HD.PARTPIN_LOCS, which will prevent the partial routing of the signal "adj_matrix_7_7[5]". Without this partial route, timing analysis to/from this port will not be accurate, and no routing information for this port can be exported.
WARNING: [Route 35-198] Port "adj_matrix_7_7[4]" does not have an associated HD.PARTPIN_LOCS, which will prevent the partial routing of the signal "adj_matrix_7_7[4]". Without this partial route, timing analysis to/from this port will not be accurate, and no routing information for this port can be exported.
WARNING: [Route 35-198] Port "adj_matrix_1_2[5]" does not have an associated HD.PARTPIN_LOCS, which will prevent the partial routing of the signal "adj_matrix_1_2[5]". Without this partial route, timing analysis to/from this port will not be accurate, and no routing information for this port can be exported.
WARNING: [Route 35-198] Port "adj_matrix_5_0[0]" does not have an associated HD.PARTPIN_LOCS, which will prevent the partial routing of the signal "adj_matrix_5_0[0]". Without this partial route, timing analysis to/from this port will not be accurate, and no routing information for this port can be exported.
WARNING: [Route 35-198] Port "adj_matrix_5_4[12]" does not have an associated HD.PARTPIN_LOCS, which will prevent the partial routing of the signal "adj_matrix_5_4[12]". Without this partial route, timing analysis to/from this port will not be accurate, and no routing information for this port can be exported.
WARNING: [Route 35-198] Port "adj_matrix_5_6[12]" does not have an associated HD.PARTPIN_LOCS, which will prevent the partial routing of the signal "adj_matrix_5_6[12]". Without this partial route, timing analysis to/from this port will not be accurate, and no routing information for this port can be exported.
WARNING: [Route 35-198] Port "adj_matrix_5_6[4]" does not have an associated HD.PARTPIN_LOCS, which will prevent the partial routing of the signal "adj_matrix_5_6[4]". Without this partial route, timing analysis to/from this port will not be accurate, and no routing information for this port can be exported.
WARNING: [Route 35-198] Port "adj_matrix_5_7[9]" does not have an associated HD.PARTPIN_LOCS, which will prevent the partial routing of the signal "adj_matrix_5_7[9]". Without this partial route, timing analysis to/from this port will not be accurate, and no routing information for this port can be exported.
WARNING: [Route 35-198] Port "adj_matrix_7_5[7]" does not have an associated HD.PARTPIN_LOCS, which will prevent the partial routing of the signal "adj_matrix_7_5[7]". Without this partial route, timing analysis to/from this port will not be accurate, and no routing information for this port can be exported.
WARNING: [Route 35-198] Port "adj_matrix_5_0[5]" does not have an associated HD.PARTPIN_LOCS, which will prevent the partial routing of the signal "adj_matrix_5_0[5]". Without this partial route, timing analysis to/from this port will not be accurate, and no routing information for this port can be exported.
WARNING: [Route 35-198] Port "adj_matrix_5_1[6]" does not have an associated HD.PARTPIN_LOCS, which will prevent the partial routing of the signal "adj_matrix_5_1[6]". Without this partial route, timing analysis to/from this port will not be accurate, and no routing information for this port can be exported.
WARNING: [Route 35-198] Port "adj_matrix_5_7[15]" does not have an associated HD.PARTPIN_LOCS, which will prevent the partial routing of the signal "adj_matrix_5_7[15]". Without this partial route, timing analysis to/from this port will not be accurate, and no routing information for this port can be exported.
WARNING: [Route 35-198] Port "adj_matrix_3_3[14]" does not have an associated HD.PARTPIN_LOCS, which will prevent the partial routing of the signal "adj_matrix_3_3[14]". Without this partial route, timing analysis to/from this port will not be accurate, and no routing information for this port can be exported.
WARNING: [Route 35-198] Port "adj_matrix_7_0[6]" does not have an associated HD.PARTPIN_LOCS, which will prevent the partial routing of the signal "adj_matrix_7_0[6]". Without this partial route, timing analysis to/from this port will not be accurate, and no routing information for this port can be exported.
WARNING: [Route 35-198] Port "adj_matrix_7_4[15]" does not have an associated HD.PARTPIN_LOCS, which will prevent the partial routing of the signal "adj_matrix_7_4[15]". Without this partial route, timing analysis to/from this port will not be accurate, and no routing information for this port can be exported.
WARNING: [Route 35-198] Port "adj_matrix_7_7[0]" does not have an associated HD.PARTPIN_LOCS, which will prevent the partial routing of the signal "adj_matrix_7_7[0]". Without this partial route, timing analysis to/from this port will not be accurate, and no routing information for this port can be exported.
WARNING: [Route 35-198] Port "adj_matrix_0_4[15]" does not have an associated HD.PARTPIN_LOCS, which will prevent the partial routing of the signal "adj_matrix_0_4[15]". Without this partial route, timing analysis to/from this port will not be accurate, and no routing information for this port can be exported.
WARNING: [Route 35-198] Port "adj_matrix_5_6[6]" does not have an associated HD.PARTPIN_LOCS, which will prevent the partial routing of the signal "adj_matrix_5_6[6]". Without this partial route, timing analysis to/from this port will not be accurate, and no routing information for this port can be exported.
WARNING: [Route 35-198] Port "adj_matrix_7_0[13]" does not have an associated HD.PARTPIN_LOCS, which will prevent the partial routing of the signal "adj_matrix_7_0[13]". Without this partial route, timing analysis to/from this port will not be accurate, and no routing information for this port can be exported.
WARNING: [Route 35-198] Port "adj_matrix_7_4[6]" does not have an associated HD.PARTPIN_LOCS, which will prevent the partial routing of the signal "adj_matrix_7_4[6]". Without this partial route, timing analysis to/from this port will not be accurate, and no routing information for this port can be exported.
WARNING: [Route 35-198] Port "adj_matrix_7_7[2]" does not have an associated HD.PARTPIN_LOCS, which will prevent the partial routing of the signal "adj_matrix_7_7[2]". Without this partial route, timing analysis to/from this port will not be accurate, and no routing information for this port can be exported.
WARNING: [Route 35-198] Port "adj_matrix_7_2[1]" does not have an associated HD.PARTPIN_LOCS, which will prevent the partial routing of the signal "adj_matrix_7_2[1]". Without this partial route, timing analysis to/from this port will not be accurate, and no routing information for this port can be exported.
WARNING: [Route 35-198] Port "adj_matrix_5_1[11]" does not have an associated HD.PARTPIN_LOCS, which will prevent the partial routing of the signal "adj_matrix_5_1[11]". Without this partial route, timing analysis to/from this port will not be accurate, and no routing information for this port can be exported.
WARNING: [Route 35-198] Port "adj_matrix_0_0[9]" does not have an associated HD.PARTPIN_LOCS, which will prevent the partial routing of the signal "adj_matrix_0_0[9]". Without this partial route, timing analysis to/from this port will not be accurate, and no routing information for this port can be exported.
WARNING: [Route 35-198] Port "adj_matrix_5_6[10]" does not have an associated HD.PARTPIN_LOCS, which will prevent the partial routing of the signal "adj_matrix_5_6[10]". Without this partial route, timing analysis to/from this port will not be accurate, and no routing information for this port can be exported.
WARNING: [Route 35-198] Port "adj_matrix_7_5[5]" does not have an associated HD.PARTPIN_LOCS, which will prevent the partial routing of the signal "adj_matrix_7_5[5]". Without this partial route, timing analysis to/from this port will not be accurate, and no routing information for this port can be exported.
WARNING: [Route 35-198] Port "adj_matrix_7_5[0]" does not have an associated HD.PARTPIN_LOCS, which will prevent the partial routing of the signal "adj_matrix_7_5[0]". Without this partial route, timing analysis to/from this port will not be accurate, and no routing information for this port can be exported.
WARNING: [Route 35-198] Port "adj_matrix_7_4[13]" does not have an associated HD.PARTPIN_LOCS, which will prevent the partial routing of the signal "adj_matrix_7_4[13]". Without this partial route, timing analysis to/from this port will not be accurate, and no routing information for this port can be exported.
WARNING: [Route 35-198] Port "adj_matrix_5_4[15]" does not have an associated HD.PARTPIN_LOCS, which will prevent the partial routing of the signal "adj_matrix_5_4[15]". Without this partial route, timing analysis to/from this port will not be accurate, and no routing information for this port can be exported.
WARNING: [Route 35-198] Port "adj_matrix_4_6[6]" does not have an associated HD.PARTPIN_LOCS, which will prevent the partial routing of the signal "adj_matrix_4_6[6]". Without this partial route, timing analysis to/from this port will not be accurate, and no routing information for this port can be exported.
WARNING: [Route 35-198] Port "adj_matrix_7_5[4]" does not have an associated HD.PARTPIN_LOCS, which will prevent the partial routing of the signal "adj_matrix_7_5[4]". Without this partial route, timing analysis to/from this port will not be accurate, and no routing information for this port can be exported.
WARNING: [Route 35-198] Port "adj_matrix_7_1[1]" does not have an associated HD.PARTPIN_LOCS, which will prevent the partial routing of the signal "adj_matrix_7_1[1]". Without this partial route, timing analysis to/from this port will not be accurate, and no routing information for this port can be exported.
WARNING: [Route 35-198] Port "adj_matrix_5_5[10]" does not have an associated HD.PARTPIN_LOCS, which will prevent the partial routing of the signal "adj_matrix_5_5[10]". Without this partial route, timing analysis to/from this port will not be accurate, and no routing information for this port can be exported.
WARNING: [Route 35-198] Port "adj_matrix_0_3[2]" does not have an associated HD.PARTPIN_LOCS, which will prevent the partial routing of the signal "adj_matrix_0_3[2]". Without this partial route, timing analysis to/from this port will not be accurate, and no routing information for this port can be exported.
WARNING: [Route 35-198] Port "adj_matrix_5_6[11]" does not have an associated HD.PARTPIN_LOCS, which will prevent the partial routing of the signal "adj_matrix_5_6[11]". Without this partial route, timing analysis to/from this port will not be accurate, and no routing information for this port can be exported.
WARNING: [Route 35-198] Port "adj_matrix_7_5[14]" does not have an associated HD.PARTPIN_LOCS, which will prevent the partial routing of the signal "adj_matrix_7_5[14]". Without this partial route, timing analysis to/from this port will not be accurate, and no routing information for this port can be exported.
WARNING: [Route 35-198] Port "adj_matrix_7_5[6]" does not have an associated HD.PARTPIN_LOCS, which will prevent the partial routing of the signal "adj_matrix_7_5[6]". Without this partial route, timing analysis to/from this port will not be accurate, and no routing information for this port can be exported.
WARNING: [Route 35-198] Port "adj_matrix_7_5[2]" does not have an associated HD.PARTPIN_LOCS, which will prevent the partial routing of the signal "adj_matrix_7_5[2]". Without this partial route, timing analysis to/from this port will not be accurate, and no routing information for this port can be exported.
WARNING: [Route 35-198] Port "adj_matrix_7_2[11]" does not have an associated HD.PARTPIN_LOCS, which will prevent the partial routing of the signal "adj_matrix_7_2[11]". Without this partial route, timing analysis to/from this port will not be accurate, and no routing information for this port can be exported.
WARNING: [Route 35-198] Port "adj_matrix_7_4[10]" does not have an associated HD.PARTPIN_LOCS, which will prevent the partial routing of the signal "adj_matrix_7_4[10]". Without this partial route, timing analysis to/from this port will not be accurate, and no routing information for this port can be exported.
WARNING: [Route 35-198] Port "adj_matrix_7_4[5]" does not have an associated HD.PARTPIN_LOCS, which will prevent the partial routing of the signal "adj_matrix_7_4[5]". Without this partial route, timing analysis to/from this port will not be accurate, and no routing information for this port can be exported.
WARNING: [Route 35-198] Port "adj_matrix_7_2[15]" does not have an associated HD.PARTPIN_LOCS, which will prevent the partial routing of the signal "adj_matrix_7_2[15]". Without this partial route, timing analysis to/from this port will not be accurate, and no routing information for this port can be exported.
WARNING: [Route 35-198] Port "adj_matrix_1_5[2]" does not have an associated HD.PARTPIN_LOCS, which will prevent the partial routing of the signal "adj_matrix_1_5[2]". Without this partial route, timing analysis to/from this port will not be accurate, and no routing information for this port can be exported.
WARNING: [Route 35-198] Port "adj_matrix_5_1[10]" does not have an associated HD.PARTPIN_LOCS, which will prevent the partial routing of the signal "adj_matrix_5_1[10]". Without this partial route, timing analysis to/from this port will not be accurate, and no routing information for this port can be exported.
WARNING: [Route 35-198] Port "adj_matrix_5_5[14]" does not have an associated HD.PARTPIN_LOCS, which will prevent the partial routing of the signal "adj_matrix_5_5[14]". Without this partial route, timing analysis to/from this port will not be accurate, and no routing information for this port can be exported.
WARNING: [Route 35-198] Port "adj_matrix_5_5[13]" does not have an associated HD.PARTPIN_LOCS, which will prevent the partial routing of the signal "adj_matrix_5_5[13]". Without this partial route, timing analysis to/from this port will not be accurate, and no routing information for this port can be exported.
WARNING: [Route 35-198] Port "adj_matrix_5_5[9]" does not have an associated HD.PARTPIN_LOCS, which will prevent the partial routing of the signal "adj_matrix_5_5[9]". Without this partial route, timing analysis to/from this port will not be accurate, and no routing information for this port can be exported.
WARNING: [Route 35-198] Port "adj_matrix_7_7[12]" does not have an associated HD.PARTPIN_LOCS, which will prevent the partial routing of the signal "adj_matrix_7_7[12]". Without this partial route, timing analysis to/from this port will not be accurate, and no routing information for this port can be exported.
WARNING: [Route 35-198] Port "adj_matrix_7_4[7]" does not have an associated HD.PARTPIN_LOCS, which will prevent the partial routing of the signal "adj_matrix_7_4[7]". Without this partial route, timing analysis to/from this port will not be accurate, and no routing information for this port can be exported.
WARNING: [Route 35-198] Port "adj_matrix_5_1[12]" does not have an associated HD.PARTPIN_LOCS, which will prevent the partial routing of the signal "adj_matrix_5_1[12]". Without this partial route, timing analysis to/from this port will not be accurate, and no routing information for this port can be exported.
WARNING: [Route 35-198] Port "adj_matrix_5_6[7]" does not have an associated HD.PARTPIN_LOCS, which will prevent the partial routing of the signal "adj_matrix_5_6[7]". Without this partial route, timing analysis to/from this port will not be accurate, and no routing information for this port can be exported.
WARNING: [Route 35-198] Port "adj_matrix_4_3[14]" does not have an associated HD.PARTPIN_LOCS, which will prevent the partial routing of the signal "adj_matrix_4_3[14]". Without this partial route, timing analysis to/from this port will not be accurate, and no routing information for this port can be exported.
WARNING: [Route 35-198] Port "adj_matrix_5_4[11]" does not have an associated HD.PARTPIN_LOCS, which will prevent the partial routing of the signal "adj_matrix_5_4[11]". Without this partial route, timing analysis to/from this port will not be accurate, and no routing information for this port can be exported.
WARNING: [Route 35-198] Port "adj_matrix_1_0[8]" does not have an associated HD.PARTPIN_LOCS, which will prevent the partial routing of the signal "adj_matrix_1_0[8]". Without this partial route, timing analysis to/from this port will not be accurate, and no routing information for this port can be exported.
WARNING: [Route 35-198] Port "adj_matrix_7_5[15]" does not have an associated HD.PARTPIN_LOCS, which will prevent the partial routing of the signal "adj_matrix_7_5[15]". Without this partial route, timing analysis to/from this port will not be accurate, and no routing information for this port can be exported.
WARNING: [Route 35-198] Port "adj_matrix_7_5[11]" does not have an associated HD.PARTPIN_LOCS, which will prevent the partial routing of the signal "adj_matrix_7_5[11]". Without this partial route, timing analysis to/from this port will not be accurate, and no routing information for this port can be exported.
WARNING: [Route 35-198] Port "adj_matrix_7_2[9]" does not have an associated HD.PARTPIN_LOCS, which will prevent the partial routing of the signal "adj_matrix_7_2[9]". Without this partial route, timing analysis to/from this port will not be accurate, and no routing information for this port can be exported.
INFO: [Common 17-14] Message 'Route 35-198' appears 100 times and further instances of the messages will be disabled. Use the Tcl command set_msg_config to change the current settings.
Post Restoration Checksum: NetGraph: cd035c4c | NumContArr: 2ae951e1 | Constraints: c2a8fa9d | Timing: c2a8fa9d
Phase 1 Build RT Design | Checksum: 27d3ea367

Time (s): cpu = 00:07:07 ; elapsed = 00:00:38 . Memory (MB): peak = 14991.496 ; gain = 0.000 ; free physical = 226930 ; free virtual = 240851

Phase 2 Router Initialization

Phase 2.1 Fix Topology Constraints
Phase 2.1 Fix Topology Constraints | Checksum: 27d3ea367

Time (s): cpu = 00:07:14 ; elapsed = 00:00:39 . Memory (MB): peak = 14991.496 ; gain = 0.000 ; free physical = 226930 ; free virtual = 240851

Phase 2.2 Pre Route Cleanup
Phase 2.2 Pre Route Cleanup | Checksum: 27d3ea367

Time (s): cpu = 00:07:19 ; elapsed = 00:00:39 . Memory (MB): peak = 14991.496 ; gain = 0.000 ; free physical = 226930 ; free virtual = 240851

Phase 2.3 Global Clock Net Routing
Phase 2.3 Global Clock Net Routing | Checksum: 27d3ea367

Time (s): cpu = 00:08:01 ; elapsed = 00:00:45 . Memory (MB): peak = 16959.211 ; gain = 1967.715 ; free physical = 224731 ; free virtual = 238652

Phase 2.4 Update Timing
Phase 2.4 Update Timing | Checksum: 1e6c61c09

Time (s): cpu = 00:17:08 ; elapsed = 00:04:42 . Memory (MB): peak = 16967.211 ; gain = 1975.715 ; free physical = 224761 ; free virtual = 238682
INFO: [Route 35-416] Intermediate Timing Summary | WNS=-1.332 | TNS=-5111.415| WHS=-1.432 | THS=-65429.257|


Phase 2.5 Soft Constraint Pins - Fast Budgeting
Phase 2.5 Soft Constraint Pins - Fast Budgeting | Checksum: 34ea66ba9

Time (s): cpu = 00:27:04 ; elapsed = 00:05:39 . Memory (MB): peak = 16967.211 ; gain = 1975.715 ; free physical = 224756 ; free virtual = 238677

Router Utilization Summary
  Global Vertical Routing Utilization    = 0 %
  Global Horizontal Routing Utilization  = 0 %
  Routable Net Status*
  *Does not include unroutable nets such as driverless and loadless.
  Run report_route_status for detailed report.
  Number of Failed Nets               = 531913
    (Failed Nets is the sum of unrouted and partially routed nets)
  Number of Unrouted Nets             = 465091
  Number of Partially Routed Nets     = 66822
  Number of Node Overlaps             = 0

Phase 2 Router Initialization | Checksum: 2df1afaca

Time (s): cpu = 00:27:47 ; elapsed = 00:05:45 . Memory (MB): peak = 17760.609 ; gain = 2769.113 ; free physical = 223960 ; free virtual = 237881

Phase 3 Global Routing

Phase 3.1 SLL Assignment
Number SLLs per Column: 1440
Estimated SLL Demand Per Column: 
  SLR [2-3]        0 (  0%)   180 ( 12%)   408 ( 28%)   481 ( 33%)   473 ( 33%)   496 ( 34%)   460 ( 32%)   750 ( 52%)   977 ( 68%)  1006 ( 70%)   564 ( 39%)   729 ( 51%)   262 ( 18%)   319 ( 22%)    13 (  1%)     2 (  0%)  Demand:  7120 Available: 23040 Utilization(%): 30.90
  SLR [1-2]        3 (  0%)   115 (  8%)   316 ( 22%)  1153 ( 80%)  1813 (126%)  1702 (118%)  1180 ( 82%)  1640 (114%)   428 ( 30%)   183 ( 13%)    26 (  2%)     3 (  0%)     0 (  0%)     0 (  0%)     0 (  0%)     0 (  0%)  Demand:  8562 Available: 23040 Utilization(%): 37.16
  SLR [0-1]        0 (  0%)     0 (  0%)     0 (  0%)     0 (  0%)    20 (  1%)    26 (  2%)    30 (  2%)    40 (  3%)    10 (  1%)     0 (  0%)     0 (  0%)     0 (  0%)     0 (  0%)     0 (  0%)     0 (  0%)     0 (  0%)  Demand:   126 Available: 23040 Utilization(%): 0.55
WARNING: [Route 35-3311] The design has high localized SLL routing demand.Router might not be able to find a suitable solution to route all SLR crossing nets.Use SSI placer directives or location constraints that reduce localized SLL routing congestion.
Phase 3.1 SLL Assignment | Checksum: 13909a490

Time (s): cpu = 00:28:19 ; elapsed = 00:06:13 . Memory (MB): peak = 17760.609 ; gain = 2769.113 ; free physical = 223964 ; free virtual = 237886
Phase 3 Global Routing | Checksum: 13909a490

Time (s): cpu = 00:28:20 ; elapsed = 00:06:13 . Memory (MB): peak = 17760.609 ; gain = 2769.113 ; free physical = 223965 ; free virtual = 237886

Phase 4 Initial Routing

Phase 4.1 Initial Net Routing Pass
Phase 4.1 Initial Net Routing Pass | Checksum: 18b152989

Time (s): cpu = 00:32:45 ; elapsed = 00:07:16 . Memory (MB): peak = 17760.609 ; gain = 2769.113 ; free physical = 223960 ; free virtual = 237881
Phase 4 Initial Routing | Checksum: 202814116

Time (s): cpu = 00:33:03 ; elapsed = 00:07:17 . Memory (MB): peak = 17760.609 ; gain = 2769.113 ; free physical = 223961 ; free virtual = 237882

INFO: [Route 35-449] Initial Estimated Congestion
 ________________________________________________________________________
|           | Global Congestion | Long Congestion   | Short Congestion  |
|           |___________________|___________________|___________________|
| Direction | Size   | % Tiles  | Size   | % Tiles  | Size   | % Tiles  |
|___________|________|__________|________|__________|________|__________|
|      NORTH|     2x2|      0.06|     4x4|      0.97|     4x4|      0.04|
|___________|________|__________|________|__________|________|__________|
|      SOUTH|   16x16|      1.13| 128x128|      4.38|     2x2|      0.04|
|___________|________|__________|________|__________|________|__________|
|       EAST|     2x2|      0.04|     2x2|      0.51|     2x2|      0.09|
|___________|________|__________|________|__________|________|__________|
|       WEST|     2x2|      0.03|     4x4|      0.38|     2x2|      0.07|
|___________|________|__________|________|__________|________|__________|
Congestion Report
GLOBAL Congestion bounded by tiles (Lower Left Tile -> Upper Right Tile):
SOUTH
	INT_X67Y520->INT_X70Y647 (CLEM_X67Y520->CLEL_R_X70Y647)
	INT_X40Y576->INT_X47Y583 (CLEM_X40Y576->CLEL_R_X47Y583)
	INT_X40Y575->INT_X47Y582 (CLEM_X40Y575->CLEL_R_X47Y582)
	INT_X40Y574->INT_X47Y581 (CLEM_X40Y574->CLEL_R_X47Y581)
	INT_X40Y573->INT_X47Y580 (CLEM_X40Y573->CLEL_R_X47Y580)
LONG Congestion bounded by tiles (Lower Left Tile -> Upper Right Tile):
SOUTH
	INT_X15Y508->INT_X78Y667 (CLEL_L_X15Y508->CLEL_R_X78Y667)
	INT_X4Y553->INT_X67Y616 (CLEM_X4Y553->DSP_X67Y615)
	INT_X4Y552->INT_X67Y615 (CLEM_X4Y552->DSP_X67Y615)
	INT_X4Y551->INT_X67Y614 (CLEM_X4Y551->DSP_X67Y610)
	INT_X4Y550->INT_X67Y613 (CLEM_X4Y550->DSP_X67Y610)

INFO: [Route 35-581] Estimated Timing congestion is level 7 (128x128). Congestion levels of 5 and greater may impact timing closure.
INFO: [Route 35-580] Design has 8600 pins with tight setup and hold constraints.

The top 5 pins with tight setup and hold constraints:

+====================+===================+=====================================+
| Launch Setup Clock | Launch Hold Clock | Pin                                 |
+====================+===================+=====================================+
| ap_clk             | ap_clk            | add_ln343_354_reg_191777_reg[7]/D   |
| ap_clk             | ap_clk            | add_ln343_2458_reg_195492_reg[13]/D |
| ap_clk             | ap_clk            | add_ln343_2458_reg_195492_reg[12]/D |
| ap_clk             | ap_clk            | add_ln343_422_reg_191897_reg[7]/D   |
| ap_clk             | ap_clk            | add_ln343_2458_reg_195492_reg[11]/D |
+--------------------+-------------------+-------------------------------------+

File with complete list of pins: tight_setup_hold_pins.txt


Phase 5 Rip-up And Reroute

Phase 5.1 Global Iteration 0
 Number of Nodes with overlaps = 68411
 Number of Nodes with overlaps = 4323
 Number of Nodes with overlaps = 310
 Number of Nodes with overlaps = 31
 Number of Nodes with overlaps = 6
 Number of Nodes with overlaps = 2
 Number of Nodes with overlaps = 1
 Number of Nodes with overlaps = 0
INFO: [Route 35-416] Intermediate Timing Summary | WNS=-1.565 | TNS=-45376.489| WHS=-2.501 | THS=-121471.601|

Phase 5.1 Global Iteration 0 | Checksum: 1c550d91d

Time (s): cpu = 01:01:13 ; elapsed = 00:16:16 . Memory (MB): peak = 17760.609 ; gain = 2769.113 ; free physical = 223939 ; free virtual = 237861

Phase 5.2 Global Iteration 1
 Number of Nodes with overlaps = 64
 Number of Nodes with overlaps = 7
 Number of Nodes with overlaps = 3
 Number of Nodes with overlaps = 0
INFO: [Route 35-416] Intermediate Timing Summary | WNS=-1.491 | TNS=-45373.100| WHS=N/A    | THS=N/A    |

Phase 5.2 Global Iteration 1 | Checksum: 10c638ef7

Time (s): cpu = 01:04:18 ; elapsed = 00:17:20 . Memory (MB): peak = 17760.609 ; gain = 2769.113 ; free physical = 223934 ; free virtual = 237855

Phase 5.3 Global Iteration 2
 Number of Nodes with overlaps = 10
 Number of Nodes with overlaps = 3
 Number of Nodes with overlaps = 1
 Number of Nodes with overlaps = 1
 Number of Nodes with overlaps = 1
 Number of Nodes with overlaps = 0
INFO: [Route 35-416] Intermediate Timing Summary | WNS=-1.491 | TNS=-45368.873| WHS=N/A    | THS=N/A    |

Phase 5.3 Global Iteration 2 | Checksum: 12b2974a0

Time (s): cpu = 01:06:20 ; elapsed = 00:18:26 . Memory (MB): peak = 17760.609 ; gain = 2769.113 ; free physical = 223936 ; free virtual = 237857
Phase 5 Rip-up And Reroute | Checksum: 12b2974a0

Time (s): cpu = 01:06:23 ; elapsed = 00:18:26 . Memory (MB): peak = 17760.609 ; gain = 2769.113 ; free physical = 223936 ; free virtual = 237857

Phase 6 Delay and Skew Optimization

Phase 6.1 Delay CleanUp
INFO: [Route 35-416] Intermediate Timing Summary | WNS=-1.491 | TNS=-45368.873| WHS=-2.501 | THS=-121466.386|

INFO: [Route 35-416] Intermediate Timing Summary | WNS=-1.491 | TNS=-45368.873| WHS=-2.501 | THS=-121466.386|

 Number of Nodes with overlaps = 0
Phase 6.1 Delay CleanUp | Checksum: 156c12352

Time (s): cpu = 01:15:40 ; elapsed = 00:22:08 . Memory (MB): peak = 17760.609 ; gain = 2769.113 ; free physical = 223930 ; free virtual = 237851

Phase 6.2 Clock Skew Optimization
Phase 6.2 Clock Skew Optimization | Checksum: 156c12352

Time (s): cpu = 01:15:42 ; elapsed = 00:22:08 . Memory (MB): peak = 17760.609 ; gain = 2769.113 ; free physical = 223930 ; free virtual = 237851
Phase 6 Delay and Skew Optimization | Checksum: 156c12352

Time (s): cpu = 01:15:45 ; elapsed = 00:22:08 . Memory (MB): peak = 17760.609 ; gain = 2769.113 ; free physical = 223930 ; free virtual = 237851

Phase 7 Post Hold Fix

Phase 7.1 Hold Fix Iter
INFO: [Route 35-416] Intermediate Timing Summary | WNS=-1.491 | TNS=-45091.340| WHS=-2.501 | THS=-121466.386|

Phase 7.1 Hold Fix Iter | Checksum: 1d6b98a5a

Time (s): cpu = 01:22:47 ; elapsed = 00:25:33 . Memory (MB): peak = 17760.609 ; gain = 2769.113 ; free physical = 223932 ; free virtual = 237853

Phase 7.2 Non Free Resource Hold Fix Iter
Phase 7.2 Non Free Resource Hold Fix Iter | Checksum: 1c758c134

Time (s): cpu = 01:22:51 ; elapsed = 00:25:33 . Memory (MB): peak = 17760.609 ; gain = 2769.113 ; free physical = 223932 ; free virtual = 237853
Phase 7 Post Hold Fix | Checksum: 1c758c134

Time (s): cpu = 01:22:53 ; elapsed = 00:25:33 . Memory (MB): peak = 17760.609 ; gain = 2769.113 ; free physical = 223932 ; free virtual = 237853

Phase 8 Route finalize

Router Utilization Summary
  Global Vertical Routing Utilization    = 7.35992 %
  Global Horizontal Routing Utilization  = 6.62933 %
  Routable Net Status*
  *Does not include unroutable nets such as driverless and loadless.
  Run report_route_status for detailed report.
  Number of Failed Nets               = 0
    (Failed Nets is the sum of unrouted and partially routed nets)
  Number of Unrouted Nets             = 0
  Number of Partially Routed Nets     = 0
  Number of Node Overlaps             = 0


--GLOBAL Congestion:
Utilization threshold used for congestion level computation: 0.85
Congestion Report
North Dir 1x1 Area, Max Cong = 77.9343%, No Congested Regions.
South Dir 1x1 Area, Max Cong = 88.1517%, Congestion bounded by tiles (Lower Left Tile -> Upper Right Tile):
   INT_X70Y659 -> INT_X70Y659
   INT_X54Y636 -> INT_X54Y636
   INT_X53Y631 -> INT_X53Y631
   INT_X68Y631 -> INT_X68Y631
   INT_X53Y628 -> INT_X53Y628
East Dir 1x1 Area, Max Cong = 80.7692%, No Congested Regions.
West Dir 1x1 Area, Max Cong = 82.6923%, No Congested Regions.

------------------------------
Reporting congestion hotspots
------------------------------
Direction: North
----------------
Congested clusters found at Level 0
Effective congestion level: 0 Aspect Ratio: 1 Sparse Ratio: 0
Direction: South
----------------
Congested clusters found at Level 0
Effective congestion level: 2 Aspect Ratio: 0.222222 Sparse Ratio: 0.6875
Direction: East
----------------
Congested clusters found at Level 0
Effective congestion level: 0 Aspect Ratio: 1 Sparse Ratio: 0
Direction: West
----------------
Congested clusters found at Level 0
Effective congestion level: 0 Aspect Ratio: 1 Sparse Ratio: 0

Phase 8 Route finalize | Checksum: 206b85a03

Time (s): cpu = 01:23:14 ; elapsed = 00:25:36 . Memory (MB): peak = 17760.609 ; gain = 2769.113 ; free physical = 223938 ; free virtual = 237859

Phase 9 Verifying routed nets

 Verification completed successfully
Phase 9 Verifying routed nets | Checksum: 206b85a03

Time (s): cpu = 01:23:17 ; elapsed = 00:25:36 . Memory (MB): peak = 17760.609 ; gain = 2769.113 ; free physical = 223937 ; free virtual = 237859

Phase 10 Depositing Routes
Phase 10 Depositing Routes | Checksum: 206b85a03

Time (s): cpu = 01:24:17 ; elapsed = 00:26:03 . Memory (MB): peak = 17760.609 ; gain = 2769.113 ; free physical = 223938 ; free virtual = 237859

Phase 11 Resolve XTalk
Phase 11 Resolve XTalk | Checksum: 206b85a03

Time (s): cpu = 01:24:21 ; elapsed = 00:26:04 . Memory (MB): peak = 17760.609 ; gain = 2769.113 ; free physical = 223938 ; free virtual = 237859

Phase 12 Post Process Routing
Common:
   
SLR0

Initial Estimated Congestion
 ________________________________________________________________________
|           | Global Congestion | Long Congestion   | Short Congestion  |
|           |___________________|___________________|___________________|
| Direction | Size   | % Tiles  | Size   | % Tiles  | Size   | % Tiles  |
|___________|________|__________|________|__________|________|__________|
|      NORTH|     1x1|      0.00|     1x1|      0.00|     1x1|      0.00|
|___________|________|__________|________|__________|________|__________|
|      SOUTH|     1x1|      0.00|     1x1|      0.00|     1x1|      0.00|
|___________|________|__________|________|__________|________|__________|
|       EAST|     1x1|      0.00|     1x1|      0.00|     1x1|      0.00|
|___________|________|__________|________|__________|________|__________|
|       WEST|     1x1|      0.00|     1x1|      0.00|     1x1|      0.01|
|___________|________|__________|________|__________|________|__________|

SLR1

Initial Estimated Congestion
 ________________________________________________________________________
|           | Global Congestion | Long Congestion   | Short Congestion  |
|           |___________________|___________________|___________________|
| Direction | Size   | % Tiles  | Size   | % Tiles  | Size   | % Tiles  |
|___________|________|__________|________|__________|________|__________|
|      NORTH|     1x1|      0.00|     1x1|      0.00|     1x1|      0.01|
|___________|________|__________|________|__________|________|__________|
|      SOUTH|     4x4|      0.23|   16x16|      1.50|     1x1|      0.02|
|___________|________|__________|________|__________|________|__________|
|       EAST|     1x1|      0.00|     1x1|      0.02|     1x1|      0.01|
|___________|________|__________|________|__________|________|__________|
|       WEST|     2x2|      0.02|     2x2|      0.35|     2x2|      0.07|
|___________|________|__________|________|__________|________|__________|

SLR2

Initial Estimated Congestion
 ________________________________________________________________________
|           | Global Congestion | Long Congestion   | Short Congestion  |
|           |___________________|___________________|___________________|
| Direction | Size   | % Tiles  | Size   | % Tiles  | Size   | % Tiles  |
|___________|________|__________|________|__________|________|__________|
|      NORTH|     2x2|      0.20|     4x4|      3.40|     4x4|      0.10|
|___________|________|__________|________|__________|________|__________|
|      SOUTH|   16x16|      4.27| 128x128|     15.14|     2x2|      0.13|
|___________|________|__________|________|__________|________|__________|
|       EAST|     2x2|      0.13|     2x2|      1.33|     2x2|      0.32|
|___________|________|__________|________|__________|________|__________|
|       WEST|     2x2|      0.11|     4x4|      0.94|     2x2|      0.21|
|___________|________|__________|________|__________|________|__________|

SLR3

Initial Estimated Congestion
 ________________________________________________________________________
|           | Global Congestion | Long Congestion   | Short Congestion  |
|           |___________________|___________________|___________________|
| Direction | Size   | % Tiles  | Size   | % Tiles  | Size   | % Tiles  |
|___________|________|__________|________|__________|________|__________|
|      NORTH|     2x2|      0.03|     2x2|      0.46|     2x2|      0.05|
|___________|________|__________|________|__________|________|__________|
|      SOUTH|     2x2|      0.02|     4x4|      0.91|     1x1|      0.00|
|___________|________|__________|________|__________|________|__________|
|       EAST|     1x1|      0.03|     2x2|      0.69|     2x2|      0.03|
|___________|________|__________|________|__________|________|__________|
|       WEST|     1x1|      0.00|     2x2|      0.21|     1x1|      0.01|
|___________|________|__________|________|__________|________|__________|


WARNING: [Route 35-426]  Router was unable to fix hold violation on pins with fixed or dedicated routing. The router cannot add routing detours to improve hold time because the pins fall under one or more of the listed categories: partition pins, fixed routes and intra-site connections.
Resolution: Run report_timing_summary to analyze the hold violations.
Phase 12 Post Process Routing | Checksum: 28c603864

Time (s): cpu = 01:24:32 ; elapsed = 00:26:07 . Memory (MB): peak = 17760.609 ; gain = 2769.113 ; free physical = 223936 ; free virtual = 237858

Phase 13 Post Router Timing

Phase 13.1 Update Timing
Phase 13.1 Update Timing | Checksum: 28c603864

Time (s): cpu = 01:33:14 ; elapsed = 00:29:52 . Memory (MB): peak = 17760.609 ; gain = 2769.113 ; free physical = 223934 ; free virtual = 237856
INFO: [Route 35-57] Estimated Timing Summary | WNS=-1.491 | TNS=-45091.340| WHS=-2.501 | THS=-121466.386|

WARNING: [Route 35-328] Router estimated timing not met.
Resolution: For a complete and accurate timing signoff, report_timing_summary must be run after route_design. Alternatively, route_design can be run with the -timing_summary option to enable a complete timing signoff at the end of route_design.
Phase 13 Post Router Timing | Checksum: 28c603864

Time (s): cpu = 01:33:17 ; elapsed = 00:29:52 . Memory (MB): peak = 17760.609 ; gain = 2769.113 ; free physical = 223934 ; free virtual = 237856
Found no candidate nets for laguna hold fix
Time taken to check if laguna hold fix is required (in secs): 0.76

Phase 14 Physical Synthesis in Router

Phase 14.1 Physical Synthesis Initialization
INFO: [Physopt 32-668] Current Timing Summary | WNS=-1.487 | TNS=-44762.808 | WHS=-2.501 | THS=-120877.281 |
Phase 14.1 Physical Synthesis Initialization | Checksum: 28c603864

Time (s): cpu = 01:46:50 ; elapsed = 00:34:19 . Memory (MB): peak = 17760.609 ; gain = 2769.113 ; free physical = 223935 ; free virtual = 237856
WARNING: [Physopt 32-745] Physical Optimization has determined that the magnitude of the negative slack is too large and it is highly unlikely that slack will be improved. Post-Route Physical Optimization is most effective when WNS is above -0.5ns

Phase 14.2 Critical Path Optimization
INFO: [Physopt 32-668] Current Timing Summary | WNS=-1.487 | TNS=-44762.808 | WHS=-2.501 | THS=-120877.281 |
INFO: [Physopt 32-953] Path group WNS did not improve. Path group: ap_clk. Processed net: trunc_ln269_34_reg_164255_pp0_iter7_reg[4]_repN_2.
INFO: [Physopt 32-953] Path group WNS did not improve. Path group: ap_clk. Processed net: trunc_ln269_34_reg_164255[4].
INFO: [Physopt 32-668] Current Timing Summary | WNS=-1.487 | TNS=-44762.808 | WHS=-2.501 | THS=-120877.281 |
Netlist sorting complete. Time (s): cpu = 00:00:00.11 ; elapsed = 00:00:00.12 . Memory (MB): peak = 17760.609 ; gain = 0.000 ; free physical = 223938 ; free virtual = 237860
Phase 14.2 Critical Path Optimization | Checksum: b3f873db

Time (s): cpu = 01:49:36 ; elapsed = 00:34:32 . Memory (MB): peak = 17760.609 ; gain = 2769.113 ; free physical = 223938 ; free virtual = 237860
Netlist sorting complete. Time (s): cpu = 00:00:00.12 ; elapsed = 00:00:00.12 . Memory (MB): peak = 17760.609 ; gain = 0.000 ; free physical = 223944 ; free virtual = 237865
INFO: [Physopt 32-669] Post Physical Optimization Timing Summary | WNS=-1.487 | TNS=-44762.808 | WHS=-2.501 | THS=-120877.281 |
Phase 14 Physical Synthesis in Router | Checksum: b3f873db

Time (s): cpu = 01:49:50 ; elapsed = 00:34:40 . Memory (MB): peak = 17760.609 ; gain = 2769.113 ; free physical = 223944 ; free virtual = 237865
Total Elapsed time in route_design: 2079.64 secs

Phase 15 Post-Route Event Processing
Phase 15 Post-Route Event Processing | Checksum: 157326518

Time (s): cpu = 01:49:57 ; elapsed = 00:34:42 . Memory (MB): peak = 17760.609 ; gain = 2769.113 ; free physical = 223944 ; free virtual = 237866
INFO: [Route 35-16] Router Completed Successfully
Ending Routing Task | Checksum: 157326518

Time (s): cpu = 01:50:10 ; elapsed = 00:34:45 . Memory (MB): peak = 17760.609 ; gain = 2769.113 ; free physical = 223944 ; free virtual = 237866

Routing Is Done.
INFO: [Common 17-83] Releasing license: Implementation
27 Infos, 105 Warnings, 0 Critical Warnings and 0 Errors encountered.
route_design completed successfully
route_design: Time (s): cpu = 01:51:36 ; elapsed = 00:35:15 . Memory (MB): peak = 17760.609 ; gain = 2769.113 ; free physical = 223944 ; free virtual = 237866
# write_checkpoint -force [file join $output_dir post_route.dcp]
INFO: [Timing 38-480] Writing timing data to binary archive.
Write ShapeDB Complete: Time (s): cpu = 00:00:02 ; elapsed = 00:00:00.34 . Memory (MB): peak = 17760.609 ; gain = 0.000 ; free physical = 223912 ; free virtual = 237864
Wrote PlaceDB: Time (s): cpu = 00:01:11 ; elapsed = 00:00:30 . Memory (MB): peak = 17760.609 ; gain = 0.000 ; free physical = 222838 ; free virtual = 237847
Wrote PulsedLatchDB: Time (s): cpu = 00:00:00 ; elapsed = 00:00:00 . Memory (MB): peak = 17760.609 ; gain = 0.000 ; free physical = 222857 ; free virtual = 237866
Writing XDEF routing.
Writing XDEF routing logical nets.
Writing XDEF routing special nets.
Wrote RouteStorage: Time (s): cpu = 00:00:08 ; elapsed = 00:00:05 . Memory (MB): peak = 17760.609 ; gain = 0.000 ; free physical = 222754 ; free virtual = 237869
Wrote Netlist Cache: Time (s): cpu = 00:00:00.91 ; elapsed = 00:00:00.97 . Memory (MB): peak = 17760.609 ; gain = 0.000 ; free physical = 222639 ; free virtual = 237865
Wrote Device Cache: Time (s): cpu = 00:00:00.01 ; elapsed = 00:00:00.01 . Memory (MB): peak = 17760.609 ; gain = 0.000 ; free physical = 222637 ; free virtual = 237865
Write Physdb Complete: Time (s): cpu = 00:01:20 ; elapsed = 00:00:55 . Memory (MB): peak = 17760.609 ; gain = 0.000 ; free physical = 222639 ; free virtual = 237867
INFO: [Common 17-1381] The checkpoint '/mnt_pool/c3_users/user/pleguina/graphsage_vivado_2024_1_sweep/build/vivado_sweep/fanout_32/post_route.dcp' has been generated.
write_checkpoint: Time (s): cpu = 00:01:39 ; elapsed = 00:01:18 . Memory (MB): peak = 17760.609 ; gain = 0.000 ; free physical = 223544 ; free virtual = 237737
# report_internal_timing $reports_dir post_route $summary
post_route_INTERNAL_SETUP_WNS_NS=-1.487
CRITICAL WARNING: [Vivado 12-4439] The number of objects collected by the 'to' option of 'report_timing' is very large: 317795. This may lead to serious performance issues and out-of-memory conditions in handling the results.
Resolution: Further filtering of the command results, or narrowing the scope of the command is recommended.
CRITICAL WARNING: [Vivado 12-4439] The number of objects collected by the 'from' option of 'report_timing' is very large: 317795. This may lead to serious performance issues and out-of-memory conditions in handling the results.
Resolution: Further filtering of the command results, or narrowing the scope of the command is recommended.
INFO: [Timing 38-78] ReportTimingParams: -from_pins  -to_pins  -max_paths 20 -nworst 1 -delay_type max -sort_by slack.
report_timing: Time (s): cpu = 00:05:12 ; elapsed = 00:00:32 . Memory (MB): peak = 17760.609 ; gain = 0.000 ; free physical = 223430 ; free virtual = 237623
# report_route_status -file [file join $reports_dir route_status.rpt]
report_route_status: Time (s): cpu = 00:02:05 ; elapsed = 00:00:29 . Memory (MB): peak = 17768.609 ; gain = 8.000 ; free physical = 223407 ; free virtual = 237600
# report_design_analysis -congestion -file [file join $reports_dir congestion.rpt]
report_design_analysis: Time (s): cpu = 00:00:13 ; elapsed = 00:00:13 . Memory (MB): peak = 17768.609 ; gain = 0.000 ; free physical = 223416 ; free virtual = 237609
# phys_opt_design
Command: phys_opt_design
Attempting to get a license for feature 'Implementation' and/or device 'xcvu13p'
INFO: [Common 17-349] Got license for feature 'Implementation' and/or device 'xcvu13p'
INFO: [Common 17-1540] The version limit for your license is '2026.02' and has expired for new software. A version limit expiration means that, although you may be able to continue to use the current version of tools or IP with this license, you will not be eligible for new releases.
INFO: [Vivado_Tcl 4-241] Physical synthesis in post route mode 

Starting Initial Update Timing Task

Time (s): cpu = 00:03:07 ; elapsed = 00:00:21 . Memory (MB): peak = 17768.609 ; gain = 0.000 ; free physical = 223413 ; free virtual = 237606
INFO: [Vivado_Tcl 4-1435] PhysOpt_Tcl_Interface Runtime Before Starting Physical Synthesis Task | CPU: 241.60s |  WALL: 63.82s
INFO: [DRC 23-27] Running DRC with 32 threads
WARNING: [DRC 23-814] Not all possible (connectivity based) DRCs may have been run because this design is seen as Out of Context.
INFO: [Vivado_Tcl 4-198] DRC finished with 0 Errors
INFO: [Vivado_Tcl 4-199] Please refer to the DRC report (report_drc) for more information.
Netlist sorting complete. Time (s): cpu = 00:00:00.12 ; elapsed = 00:00:00.12 . Memory (MB): peak = 17768.609 ; gain = 0.000 ; free physical = 223418 ; free virtual = 237611

Starting Physical Synthesis Task

Phase 1 Physical Synthesis Initialization
INFO: [Physopt 32-721] Multithreading enabled for phys_opt_design using a maximum of 32 CPUs
INFO: [Place 30-3164] Check ILP status : ILP-based clock placer is skipped.
INFO: [Physopt 32-668] Current Timing Summary | WNS=-1.487 | TNS=-44762.808 | WHS=-2.501 | THS=-120877.281 |
Phase 1 Physical Synthesis Initialization | Checksum: 1f5d36b21

Time (s): cpu = 00:02:09 ; elapsed = 00:02:00 . Memory (MB): peak = 18836.492 ; gain = 1067.883 ; free physical = 222576 ; free virtual = 236769
WARNING: [Physopt 32-745] Physical Optimization has determined that the magnitude of the negative slack is too large and it is highly unlikely that slack will be improved. Post-Route Physical Optimization is most effective when WNS is above -0.5ns

Phase 2 Critical Path Optimization
INFO: [Physopt 32-668] Current Timing Summary | WNS=-1.487 | TNS=-44762.808 | WHS=-2.501 | THS=-120877.281 |
INFO: [Physopt 32-953] Path group WNS did not improve. Path group: ap_clk. Processed net: trunc_ln269_34_reg_164255_pp0_iter7_reg[4]_repN_2.
INFO: [Physopt 32-953] Path group WNS did not improve. Path group: ap_clk. Processed net: trunc_ln269_34_reg_164255[4].
INFO: [Physopt 32-953] Path group WNS did not improve. Path group: ap_clk. Processed net: trunc_ln269_34_reg_164255_pp0_iter7_reg[4]_repN_2.
INFO: [Physopt 32-953] Path group WNS did not improve. Path group: ap_clk. Processed net: trunc_ln269_34_reg_164255[4].
INFO: [Physopt 32-668] Current Timing Summary | WNS=-1.487 | TNS=-44762.808 | WHS=-2.501 | THS=-120877.281 |
Netlist sorting complete. Time (s): cpu = 00:00:00.12 ; elapsed = 00:00:00.12 . Memory (MB): peak = 18836.492 ; gain = 0.000 ; free physical = 222559 ; free virtual = 236752
Phase 2 Critical Path Optimization | Checksum: 1f5d36b21

Time (s): cpu = 00:04:53 ; elapsed = 00:02:15 . Memory (MB): peak = 18836.492 ; gain = 1067.883 ; free physical = 222559 ; free virtual = 236752
INFO: [Physopt 32-715] Performed route finalization on the design.
Netlist sorting complete. Time (s): cpu = 00:00:00.13 ; elapsed = 00:00:00.12 . Memory (MB): peak = 18836.492 ; gain = 0.000 ; free physical = 222565 ; free virtual = 236759
INFO: [Physopt 32-669] Post Physical Optimization Timing Summary | WNS=-1.487 | TNS=-44762.808 | WHS=-2.501 | THS=-120877.281 |

Summary of Physical Synthesis Optimizations
============================================


-------------------------------------------------------------------------------------------------------------------------------------------------------------
|  Optimization   |  WNS Gain (ns)  |  TNS Gain (ns)  |  Added Cells  |  Removed Cells  |  Optimized Cells/Nets  |  Dont Touch  |  Iterations  |  Elapsed   |
-------------------------------------------------------------------------------------------------------------------------------------------------------------
|  Critical Path  |          0.000  |          0.000  |            0  |              0  |                     0  |           0  |           1  |  00:00:10  |
-------------------------------------------------------------------------------------------------------------------------------------------------------------


Netlist sorting complete. Time (s): cpu = 00:00:00.12 ; elapsed = 00:00:00.12 . Memory (MB): peak = 18836.492 ; gain = 0.000 ; free physical = 222565 ; free virtual = 236759
Ending Physical Synthesis Task | Checksum: 1f5d36b21

Time (s): cpu = 00:05:21 ; elapsed = 00:02:25 . Memory (MB): peak = 18836.492 ; gain = 1067.883 ; free physical = 222566 ; free virtual = 236759
INFO: [Common 17-83] Releasing license: Implementation
19 Infos, 2 Warnings, 0 Critical Warnings and 0 Errors encountered.
phys_opt_design completed successfully
phys_opt_design: Time (s): cpu = 00:10:05 ; elapsed = 00:03:38 . Memory (MB): peak = 18836.492 ; gain = 1067.883 ; free physical = 222562 ; free virtual = 236755
# write_checkpoint -force [file join $output_dir final.dcp]
INFO: [Timing 38-480] Writing timing data to binary archive.
Write ShapeDB Complete: Time (s): cpu = 00:00:02 ; elapsed = 00:00:00.33 . Memory (MB): peak = 18836.492 ; gain = 0.000 ; free physical = 222540 ; free virtual = 236757
Wrote PlaceDB: Time (s): cpu = 00:01:11 ; elapsed = 00:00:30 . Memory (MB): peak = 18836.492 ; gain = 0.000 ; free physical = 221464 ; free virtual = 236744
Wrote PulsedLatchDB: Time (s): cpu = 00:00:00 ; elapsed = 00:00:00 . Memory (MB): peak = 18836.492 ; gain = 0.000 ; free physical = 221477 ; free virtual = 236757
Writing XDEF routing.
Writing XDEF routing logical nets.
Writing XDEF routing special nets.
Wrote RouteStorage: Time (s): cpu = 00:00:08 ; elapsed = 00:00:05 . Memory (MB): peak = 18836.492 ; gain = 0.000 ; free physical = 221383 ; free virtual = 236769
Wrote Netlist Cache: Time (s): cpu = 00:00:00.94 ; elapsed = 00:00:01 . Memory (MB): peak = 18836.492 ; gain = 0.000 ; free physical = 221268 ; free virtual = 236766
Wrote Device Cache: Time (s): cpu = 00:00:00.01 ; elapsed = 00:00:00.01 . Memory (MB): peak = 18836.492 ; gain = 0.000 ; free physical = 221267 ; free virtual = 236766
Write Physdb Complete: Time (s): cpu = 00:01:20 ; elapsed = 00:00:53 . Memory (MB): peak = 18836.492 ; gain = 0.000 ; free physical = 221269 ; free virtual = 236768
INFO: [Common 17-1381] The checkpoint '/mnt_pool/c3_users/user/pleguina/graphsage_vivado_2024_1_sweep/build/vivado_sweep/fanout_32/final.dcp' has been generated.
write_checkpoint: Time (s): cpu = 00:01:39 ; elapsed = 00:01:16 . Memory (MB): peak = 18836.492 ; gain = 0.000 ; free physical = 222182 ; free virtual = 236646
# report_internal_timing $reports_dir post_route_physopt $summary
post_route_physopt_INTERNAL_SETUP_WNS_NS=-1.487
CRITICAL WARNING: [Vivado 12-4439] The number of objects collected by the 'to' option of 'report_timing' is very large: 317795. This may lead to serious performance issues and out-of-memory conditions in handling the results.
Resolution: Further filtering of the command results, or narrowing the scope of the command is recommended.
CRITICAL WARNING: [Vivado 12-4439] The number of objects collected by the 'from' option of 'report_timing' is very large: 317795. This may lead to serious performance issues and out-of-memory conditions in handling the results.
Resolution: Further filtering of the command results, or narrowing the scope of the command is recommended.
INFO: [Timing 38-78] ReportTimingParams: -from_pins  -to_pins  -max_paths 20 -nworst 1 -delay_type max -sort_by slack.
report_timing: Time (s): cpu = 00:05:12 ; elapsed = 00:00:32 . Memory (MB): peak = 18836.492 ; gain = 0.000 ; free physical = 222201 ; free virtual = 236665
# report_utilization -file [file join $reports_dir utilization.rpt]
report_utilization: Time (s): cpu = 00:00:26 ; elapsed = 00:00:26 . Memory (MB): peak = 18836.492 ; gain = 0.000 ; free physical = 222207 ; free virtual = 236671
# report_utilization -slr -file [file join $reports_dir utilization_slr.rpt]
report_utilization: Time (s): cpu = 00:00:46 ; elapsed = 00:00:46 . Memory (MB): peak = 18836.492 ; gain = 0.000 ; free physical = 222207 ; free virtual = 236672
# close $summary
# set metadata [open [file join $output_dir metadata.txt] w]
# puts $metadata "run_name=$run_name"
# puts $metadata "source_checkpoint=$source_checkpoint"
# puts $metadata "force_max_fanout=$target_fanout"
# puts $metadata "selected_replication_nets=[llength $selected_nets]"
# puts $metadata "route_directive=Default"
# puts $metadata "runtime_seconds=[expr {[clock seconds] - $start_time}]"
# puts $metadata "status=implementation_complete"
# close $metadata
# puts "FANOUT_REPLICATION_COMPLETE=$target_fanout"
FANOUT_REPLICATION_COMPLETE=32
# close_design
close_design: Time (s): cpu = 00:00:11 ; elapsed = 00:00:12 . Memory (MB): peak = 18836.492 ; gain = 0.000 ; free physical = 222185 ; free virtual = 236650
# exit 0
INFO: [Common 17-206] Exiting Vivado at Wed Aug 19 09:01:22 2026...
