
****** vitis-run v2025.2 (64-bit)
  **** SW Build 6295257 on 2025-11-13-01:29:13
  **** Start of session at: Thu Aug 20 18:34:54 2026
    ** Copyright 1986-2022 Xilinx, Inc. All Rights Reserved.
    ** Copyright 2022-2025 Advanced Micro Devices, Inc. All Rights Reserved.

  **** HLS Build v2025.2 6295257
Sourcing Tcl script '/mnt_pool/c3_users/user/pleguina/graphsage_vivado_2024_1_sweep/hls/build_graphsage_19c_ladder.tcl'
EXPERIMENT_NAME=19c_a_balanced
HLS_PROJECT_DIR=/mnt_pool/c3_users/user/pleguina/graphsage_vivado_2024_1_sweep/build/experiments_19c/19c_a_balanced/hls
HLS_CLOCK_PERIOD_NS=2.77
HLS_CFLAGS=-I/mnt_pool/c3_users/user/pleguina/graphsage_vivado_2024_1_sweep/hls -DGRAPHSAGE_19C=1 -DM_BITS=24 -DBETA1_SHIFT=17 -DBETA2_SHIFT=12 -DEFF_SCALE1_SHIFT=6 -DEFF_SCALE2_SHIFT=6 -DDSE_TOP_II=1 -DDSE_AGG_REGISTER_CUT=0 -DDSE_AGG_FEATURE_FOLD=1
INFO: [HLS 200-1510] Running: open_project -reset /mnt_pool/c3_users/user/pleguina/graphsage_vivado_2024_1_sweep/build/experiments_19c/19c_a_balanced/hls 
WARNING: [HLS 200-2182] The 'hls' project will not automatically appear within Vitis IDE workspaces and is meant only for TCL batch use.  Please use open_component instead of open_project/open_solution to generate Vitis IDE compatible component files and directory structure.
Resolution: For help on HLS 200-2182 see docs.amd.com/access/sources/dita/topic?Doc_Version=2025.2%20English&url=ug1448-hls-guidance&resourceid=200-2182.html
INFO: [HLS 200-10] Creating and opening solution '/mnt_pool/c3_users/user/pleguina/graphsage_vivado_2024_1_sweep/build/experiments_19c/19c_a_balanced/hls'.
INFO: [HLS 200-1510] Running: set_top graphsage_int8_po2 
INFO: [HLS 200-1510] Running: add_files /mnt_pool/c3_users/user/pleguina/graphsage_vivado_2024_1_sweep/hls/graphsage_layer_int8_po2.cpp -cflags -I/mnt_pool/c3_users/user/pleguina/graphsage_vivado_2024_1_sweep/hls -DGRAPHSAGE_19C=1 -DM_BITS=24 -DBETA1_SHIFT=17 -DBETA2_SHIFT=12 -DEFF_SCALE1_SHIFT=6 -DEFF_SCALE2_SHIFT=6 -DDSE_TOP_II=1 -DDSE_AGG_REGISTER_CUT=0 -DDSE_AGG_FEATURE_FOLD=1 
INFO: [HLS 200-10] Adding design file '/mnt_pool/c3_users/user/pleguina/graphsage_vivado_2024_1_sweep/hls/graphsage_layer_int8_po2.cpp' to the project
INFO: [HLS 200-1510] Running: add_files /mnt_pool/c3_users/user/pleguina/graphsage_vivado_2024_1_sweep/hls/graphsage_layer_int8_po2_19c.h -cflags -I/mnt_pool/c3_users/user/pleguina/graphsage_vivado_2024_1_sweep/hls -DGRAPHSAGE_19C=1 -DM_BITS=24 -DBETA1_SHIFT=17 -DBETA2_SHIFT=12 -DEFF_SCALE1_SHIFT=6 -DEFF_SCALE2_SHIFT=6 -DDSE_TOP_II=1 -DDSE_AGG_REGISTER_CUT=0 -DDSE_AGG_FEATURE_FOLD=1 
INFO: [HLS 200-10] Adding design file '/mnt_pool/c3_users/user/pleguina/graphsage_vivado_2024_1_sweep/hls/graphsage_layer_int8_po2_19c.h' to the project
INFO: [HLS 200-1510] Running: open_solution -reset solution1 -flow_target vivado 
INFO: [HLS 200-10] Creating and opening solution '/mnt_pool/c3_users/user/pleguina/graphsage_vivado_2024_1_sweep/build/experiments_19c/19c_a_balanced/hls/solution1'.
INFO: [HLS 200-10] Cleaning up the solution database.
INFO: [HLS 200-1505] Using flow_target 'vivado'
Resolution: For help on HLS 200-1505 see docs.amd.com/access/sources/dita/topic?Doc_Version=2025.2%20English&url=ug1448-hls-guidance&resourceid=200-1505.html
INFO: [HLS 200-1510] Running: set_part xcvu13p-fsga2577-1-e 
INFO: [HLS 200-1611] Setting target device to 'xcvu13p-fsga2577-1-e'
INFO: [HLS 200-1510] Running: create_clock -period 2.77 -name default 
INFO: [SYN 201-201] Setting up clock 'default' with a period of 2.77ns.
INFO: [HLS 200-1510] Running: csynth_design 
INFO: [HLS 200-111] Finished File checks and directory preparation: CPU user time: 0.48 seconds. CPU system time: 0.07 seconds. Elapsed time: 10.96 seconds; current allocated memory: 609.812 MB.
INFO: [HLS 200-2191] C-Synthesis will use clang-16 as the compiler
INFO: [HLS 200-10] Analyzing design file '/mnt_pool/c3_users/user/pleguina/graphsage_vivado_2024_1_sweep/hls/graphsage_layer_int8_po2.cpp' ... 
INFO: [HLS 200-111] Finished Source Code Analysis and Preprocessing: CPU user time: 3.14 seconds. CPU system time: 0.36 seconds. Elapsed time: 21.34 seconds; current allocated memory: 611.918 MB.
INFO: [HLS 200-777] Using interface defaults for 'Vivado' flow target.
INFO: [HLS 200-1995] There were 4,877 instructions in the design after the 'Compile/Link' phase of compilation. See the Design Size Report for more details (/mnt_pool/c3_users/user/pleguina/graphsage_vivado_2024_1_sweep/build/experiments_19c/19c_a_balanced/hls/solution1/syn/report/csynth_design_size.rpt:2)
WARNING: [HLS 200-1995] There were 138,250 instructions in the design after the 'Unroll/Inline' phase of compilation. See the Design Size Report for more details (/mnt_pool/c3_users/user/pleguina/graphsage_vivado_2024_1_sweep/build/experiments_19c/19c_a_balanced/hls/solution1/syn/report/csynth_design_size.rpt:2)
INFO: [HLS 200-1995] There were 85,931 instructions in the design after the 'Unroll/Inline (step 2)' phase of compilation. See the Design Size Report for more details (/mnt_pool/c3_users/user/pleguina/graphsage_vivado_2024_1_sweep/build/experiments_19c/19c_a_balanced/hls/solution1/syn/report/csynth_design_size.rpt:2)
INFO: [HLS 200-1995] There were 85,163 instructions in the design after the 'Unroll/Inline (step 3)' phase of compilation. See the Design Size Report for more details (/mnt_pool/c3_users/user/pleguina/graphsage_vivado_2024_1_sweep/build/experiments_19c/19c_a_balanced/hls/solution1/syn/report/csynth_design_size.rpt:2)
INFO: [HLS 200-1995] There were 85,163 instructions in the design after the 'Unroll/Inline (step 4)' phase of compilation. See the Design Size Report for more details (/mnt_pool/c3_users/user/pleguina/graphsage_vivado_2024_1_sweep/build/experiments_19c/19c_a_balanced/hls/solution1/syn/report/csynth_design_size.rpt:2)
WARNING: [HLS 200-1995] There were 278,113 instructions in the design after the 'Array/Struct (step 1)' phase of compilation. See the Design Size Report for more details (/mnt_pool/c3_users/user/pleguina/graphsage_vivado_2024_1_sweep/build/experiments_19c/19c_a_balanced/hls/solution1/syn/report/csynth_design_size.rpt:2)
INFO: [HLS 200-1995] There were 69,969 instructions in the design after the 'Array/Struct (step 2)' phase of compilation. See the Design Size Report for more details (/mnt_pool/c3_users/user/pleguina/graphsage_vivado_2024_1_sweep/build/experiments_19c/19c_a_balanced/hls/solution1/syn/report/csynth_design_size.rpt:2)
INFO: [HLS 200-1995] There were 70,769 instructions in the design after the 'Array/Struct (step 3)' phase of compilation. See the Design Size Report for more details (/mnt_pool/c3_users/user/pleguina/graphsage_vivado_2024_1_sweep/build/experiments_19c/19c_a_balanced/hls/solution1/syn/report/csynth_design_size.rpt:2)
INFO: [HLS 200-1995] There were 70,769 instructions in the design after the 'Array/Struct (step 4)' phase of compilation. See the Design Size Report for more details (/mnt_pool/c3_users/user/pleguina/graphsage_vivado_2024_1_sweep/build/experiments_19c/19c_a_balanced/hls/solution1/syn/report/csynth_design_size.rpt:2)
INFO: [HLS 200-1995] There were 70,769 instructions in the design after the 'Array/Struct (step 5)' phase of compilation. See the Design Size Report for more details (/mnt_pool/c3_users/user/pleguina/graphsage_vivado_2024_1_sweep/build/experiments_19c/19c_a_balanced/hls/solution1/syn/report/csynth_design_size.rpt:2)
INFO: [HLS 200-1995] There were 69,169 instructions in the design after the 'Performance' phase of compilation. See the Design Size Report for more details (/mnt_pool/c3_users/user/pleguina/graphsage_vivado_2024_1_sweep/build/experiments_19c/19c_a_balanced/hls/solution1/syn/report/csynth_design_size.rpt:2)
INFO: [HLS 200-1995] There were 69,167 instructions in the design after the 'Performance (step 2)' phase of compilation. See the Design Size Report for more details (/mnt_pool/c3_users/user/pleguina/graphsage_vivado_2024_1_sweep/build/experiments_19c/19c_a_balanced/hls/solution1/syn/report/csynth_design_size.rpt:2)
INFO: [HLS 200-1995] There were 69,167 instructions in the design after the 'Performance (step 3)' phase of compilation. See the Design Size Report for more details (/mnt_pool/c3_users/user/pleguina/graphsage_vivado_2024_1_sweep/build/experiments_19c/19c_a_balanced/hls/solution1/syn/report/csynth_design_size.rpt:2)
INFO: [HLS 200-1995] There were 69,167 instructions in the design after the 'Performance (step 4)' phase of compilation. See the Design Size Report for more details (/mnt_pool/c3_users/user/pleguina/graphsage_vivado_2024_1_sweep/build/experiments_19c/19c_a_balanced/hls/solution1/syn/report/csynth_design_size.rpt:2)
INFO: [HLS 200-1995] There were 69,998 instructions in the design after the 'HW Transforms' phase of compilation. See the Design Size Report for more details (/mnt_pool/c3_users/user/pleguina/graphsage_vivado_2024_1_sweep/build/experiments_19c/19c_a_balanced/hls/solution1/syn/report/csynth_design_size.rpt:2)
INFO: [HLS 200-1995] There were 70,001 instructions in the design after the 'HW Transforms (step 2)' phase of compilation. See the Design Size Report for more details (/mnt_pool/c3_users/user/pleguina/graphsage_vivado_2024_1_sweep/build/experiments_19c/19c_a_balanced/hls/solution1/syn/report/csynth_design_size.rpt:2)
INFO: [HLS 214-131] Inlining function 'int8_clamp(ap_int<22>)' into 'void aggregate_int8_po2<8, 16, 17>(ap_int<16> const (*) [8], ap_int<8> const (*) [16], ap_int<8> (*) [16])' (hls/graphsage_layer_int8_po2_19c.h:309:33)
INFO: [HLS 214-131] Inlining function 'void aggregate_reduce_lower<16>(ap_int<24> const*, ap_int<25>*)' into 'void aggregate_int8_po2<8, 16, 17>(ap_int<16> const (*) [8], ap_int<8> const (*) [16], ap_int<8> (*) [16])' (hls/graphsage_layer_int8_po2_19c.h:300:17)
INFO: [HLS 214-131] Inlining function 'int8_clamp(ap_int<22>)' into 'void linear_int8_po2<8, 16, 24, 6>(ap_int<8> const (*) [16], ap_int<8> const (*) [16], ap_int<22> const*, ap_int<8> (*) [24])' (hls/graphsage_layer_int8_po2_19c.h:385:28)
INFO: [HLS 214-131] Inlining function 'int8_clamp(ap_int<22>)' into 'void aggregate_int8_po2<8, 24, 12>(ap_int<16> const (*) [8], ap_int<8> const (*) [24], ap_int<8> (*) [24])' (hls/graphsage_layer_int8_po2_19c.h:309:33)
INFO: [HLS 214-131] Inlining function 'void aggregate_reduce_lower<24>(ap_int<24> const*, ap_int<25>*)' into 'void aggregate_int8_po2<8, 24, 12>(ap_int<16> const (*) [8], ap_int<8> const (*) [24], ap_int<8> (*) [24])' (hls/graphsage_layer_int8_po2_19c.h:300:17)
INFO: [HLS 214-131] Inlining function 'int8_clamp(ap_int<22>)' into 'void linear_int8_po2<8, 24, 7, 6>(ap_int<8> const (*) [24], ap_int<8> const (*) [24], ap_int<22> const*, ap_int<8> (*) [7])' (hls/graphsage_layer_int8_po2_19c.h:385:28)
INFO: [HLS 214-131] Inlining function 'void aggregate_int8_po2<8, 16, 17>(ap_int<16> const (*) [8], ap_int<8> const (*) [16], ap_int<8> (*) [16])' into 'void graphsage_int8_po2_template<8, 16, 24, 7>(ap_int<16> const (*) [8], ap_int<8> const (*) [16], ap_int<8> const (*) [16], ap_int<22> const*, ap_int<8> const (*) [24], ap_int<22> const*, ap_int<8> (*) [7])' (hls/graphsage_layer_int8_po2_19c.h:451:5)
INFO: [HLS 214-131] Inlining function 'void linear_int8_po2<8, 24, 7, 6>(ap_int<8> const (*) [24], ap_int<8> const (*) [24], ap_int<22> const*, ap_int<8> (*) [7])' into 'void graphsage_int8_po2_template<8, 16, 24, 7>(ap_int<16> const (*) [8], ap_int<8> const (*) [16], ap_int<8> const (*) [16], ap_int<22> const*, ap_int<8> const (*) [24], ap_int<22> const*, ap_int<8> (*) [7])' (hls/graphsage_layer_int8_po2_19c.h:477:5)
INFO: [HLS 214-131] Inlining function 'void aggregate_int8_po2<8, 24, 12>(ap_int<16> const (*) [8], ap_int<8> const (*) [24], ap_int<8> (*) [24])' into 'void graphsage_int8_po2_template<8, 16, 24, 7>(ap_int<16> const (*) [8], ap_int<8> const (*) [16], ap_int<8> const (*) [16], ap_int<22> const*, ap_int<8> const (*) [24], ap_int<22> const*, ap_int<8> (*) [7])' (hls/graphsage_layer_int8_po2_19c.h:469:5)
INFO: [HLS 214-131] Inlining function 'void relu_int8<8, 24>(ap_int<8> (*) [24])' into 'void graphsage_int8_po2_template<8, 16, 24, 7>(ap_int<16> const (*) [8], ap_int<8> const (*) [16], ap_int<8> const (*) [16], ap_int<22> const*, ap_int<8> const (*) [24], ap_int<22> const*, ap_int<8> (*) [7])' (hls/graphsage_layer_int8_po2_19c.h:462:5)
INFO: [HLS 214-131] Inlining function 'void linear_int8_po2<8, 16, 24, 6>(ap_int<8> const (*) [16], ap_int<8> const (*) [16], ap_int<22> const*, ap_int<8> (*) [24])' into 'void graphsage_int8_po2_template<8, 16, 24, 7>(ap_int<16> const (*) [8], ap_int<8> const (*) [16], ap_int<8> const (*) [16], ap_int<22> const*, ap_int<8> const (*) [24], ap_int<22> const*, ap_int<8> (*) [7])' (hls/graphsage_layer_int8_po2_19c.h:459:5)
INFO: [HLS 214-291] Loop 'LIN_N' is marked as complete unroll implied by the pipeline pragma (hls/graphsage_layer_int8_po2_19c.h:344:5)
INFO: [HLS 214-291] Loop 'LIN_O' is marked as complete unroll implied by the pipeline pragma (hls/graphsage_layer_int8_po2_19c.h:351:9)
INFO: [HLS 214-291] Loop 'LIN_F' is marked as complete unroll implied by the pipeline pragma (hls/graphsage_layer_int8_po2_19c.h:364:13)
INFO: [HLS 214-291] Loop 'AGG_I' is marked as complete unroll implied by the pipeline pragma (hls/graphsage_layer_int8_po2_19c.h:272:5)
INFO: [HLS 214-291] Loop 'AGG_FOLD' is marked as complete unroll implied by the pipeline pragma (hls/graphsage_layer_int8_po2_19c.h:279:9)
INFO: [HLS 214-291] Loop 'AGG_F' is marked as complete unroll implied by the pipeline pragma (hls/graphsage_layer_int8_po2_19c.h:281:13)
INFO: [HLS 214-291] Loop 'AGG_J' is marked as complete unroll implied by the pipeline pragma (hls/graphsage_layer_int8_po2_19c.h:290:17)
INFO: [HLS 214-291] Loop 'RELU_N' is marked as complete unroll implied by the pipeline pragma (hls/graphsage_layer_int8_po2_19c.h:406:5)
INFO: [HLS 214-291] Loop 'RELU_F' is marked as complete unroll implied by the pipeline pragma (hls/graphsage_layer_int8_po2_19c.h:413:9)
INFO: [HLS 214-186] Unrolling loop 'LIN_N' (hls/graphsage_layer_int8_po2_19c.h:344:5) in function 'graphsage_int8_po2_template<8, 16, 24, 7>' completely with a factor of 8 (hls/graphsage_layer_int8_po2_19c.h:439:0)
INFO: [HLS 214-186] Unrolling loop 'LIN_O' (hls/graphsage_layer_int8_po2_19c.h:351:9) in function 'graphsage_int8_po2_template<8, 16, 24, 7>' completely with a factor of 7 (hls/graphsage_layer_int8_po2_19c.h:439:0)
WARNING: [HLS 214-189] Pipeline directive for loop 'LIN_O' (hls/graphsage_layer_int8_po2_19c.h:351:9) in function 'graphsage_int8_po2_template<8, 16, 24, 7>' has been removed because the loop is unrolled completely (hls/graphsage_layer_int8_po2_19c.h:357:1)
INFO: [HLS 214-186] Unrolling loop 'LIN_F' (hls/graphsage_layer_int8_po2_19c.h:364:13) in function 'graphsage_int8_po2_template<8, 16, 24, 7>' completely with a factor of 24 (hls/graphsage_layer_int8_po2_19c.h:439:0)
INFO: [HLS 214-186] Unrolling loop 'AGG_I' (hls/graphsage_layer_int8_po2_19c.h:272:5) in function 'graphsage_int8_po2_template<8, 16, 24, 7>' completely with a factor of 8 (hls/graphsage_layer_int8_po2_19c.h:439:0)
INFO: [HLS 214-186] Unrolling loop 'AGG_FOLD' (hls/graphsage_layer_int8_po2_19c.h:279:9) in function 'graphsage_int8_po2_template<8, 16, 24, 7>' completely with a factor of 1 (hls/graphsage_layer_int8_po2_19c.h:439:0)
INFO: [HLS 214-186] Unrolling loop 'AGG_F' (hls/graphsage_layer_int8_po2_19c.h:281:13) in function 'graphsage_int8_po2_template<8, 16, 24, 7>' completely with a factor of 24 (hls/graphsage_layer_int8_po2_19c.h:439:0)
INFO: [HLS 214-186] Unrolling loop 'AGG_J' (hls/graphsage_layer_int8_po2_19c.h:290:17) in function 'graphsage_int8_po2_template<8, 16, 24, 7>' completely with a factor of 8 (hls/graphsage_layer_int8_po2_19c.h:439:0)
INFO: [HLS 214-186] Unrolling loop 'RELU_N' (hls/graphsage_layer_int8_po2_19c.h:406:5) in function 'graphsage_int8_po2_template<8, 16, 24, 7>' completely with a factor of 8 (hls/graphsage_layer_int8_po2_19c.h:439:0)
INFO: [HLS 214-186] Unrolling loop 'RELU_F' (hls/graphsage_layer_int8_po2_19c.h:413:9) in function 'graphsage_int8_po2_template<8, 16, 24, 7>' completely with a factor of 24 (hls/graphsage_layer_int8_po2_19c.h:439:0)
INFO: [HLS 214-186] Unrolling loop 'LIN_O' (hls/graphsage_layer_int8_po2_19c.h:351:9) in function 'graphsage_int8_po2_template<8, 16, 24, 7>' completely with a factor of 24 (hls/graphsage_layer_int8_po2_19c.h:439:0)
INFO: [HLS 214-186] Unrolling loop 'LIN_F' (hls/graphsage_layer_int8_po2_19c.h:364:13) in function 'graphsage_int8_po2_template<8, 16, 24, 7>' completely with a factor of 16 (hls/graphsage_layer_int8_po2_19c.h:439:0)
INFO: [HLS 214-186] Unrolling loop 'AGG_F' (hls/graphsage_layer_int8_po2_19c.h:281:13) in function 'graphsage_int8_po2_template<8, 16, 24, 7>' completely with a factor of 16 (hls/graphsage_layer_int8_po2_19c.h:439:0)
INFO: [HLS 214-248] Applying array_partition to 'adj_matrix': Complete partitioning on dimension 1. Complete partitioning on dimension 2. (hls/graphsage_layer_int8_po2.cpp:38:0)
INFO: [HLS 214-248] Applying array_partition to 'input': Complete partitioning on dimension 1. Complete partitioning on dimension 2. (hls/graphsage_layer_int8_po2.cpp:38:0)
INFO: [HLS 214-248] Applying array_partition to 'weights1': Complete partitioning on dimension 1. Complete partitioning on dimension 2. (hls/graphsage_layer_int8_po2.cpp:38:0)
INFO: [HLS 214-248] Applying array_partition to 'bias1': Complete partitioning on dimension 1. (hls/graphsage_layer_int8_po2.cpp:38:0)
INFO: [HLS 214-248] Applying array_partition to 'weights2': Complete partitioning on dimension 1. Complete partitioning on dimension 2. (hls/graphsage_layer_int8_po2.cpp:38:0)
INFO: [HLS 214-248] Applying array_partition to 'bias2': Complete partitioning on dimension 1. (hls/graphsage_layer_int8_po2.cpp:38:0)
INFO: [HLS 214-248] Applying array_partition to 'output': Complete partitioning on dimension 1. Complete partitioning on dimension 2. (hls/graphsage_layer_int8_po2.cpp:38:0)
INFO: [HLS 214-241] Aggregating scalar variable 'output_7_6' with compact=bit mode in 8-bits (hls/graphsage_layer_int8_po2.cpp:38:0)
INFO: [HLS 214-241] Aggregating scalar variable 'output_7_5' with compact=bit mode in 8-bits (hls/graphsage_layer_int8_po2.cpp:38:0)
INFO: [HLS 214-241] Aggregating scalar variable 'output_7_4' with compact=bit mode in 8-bits (hls/graphsage_layer_int8_po2.cpp:38:0)
INFO: [HLS 214-241] Aggregating scalar variable 'output_7_3' with compact=bit mode in 8-bits (hls/graphsage_layer_int8_po2.cpp:38:0)
INFO: [HLS 214-241] Aggregating scalar variable 'output_7_2' with compact=bit mode in 8-bits (hls/graphsage_layer_int8_po2.cpp:38:0)
INFO: [HLS 214-241] Aggregating scalar variable 'output_7_1' with compact=bit mode in 8-bits (hls/graphsage_layer_int8_po2.cpp:38:0)
INFO: [HLS 214-241] Aggregating scalar variable 'output_7_0' with compact=bit mode in 8-bits (hls/graphsage_layer_int8_po2.cpp:38:0)
INFO: [HLS 214-241] Aggregating scalar variable 'output_6_6' with compact=bit mode in 8-bits (hls/graphsage_layer_int8_po2.cpp:38:0)
INFO: [HLS 214-241] Aggregating scalar variable 'output_6_5' with compact=bit mode in 8-bits (hls/graphsage_layer_int8_po2.cpp:38:0)
INFO: [HLS 214-241] Aggregating scalar variable 'output_6_4' with compact=bit mode in 8-bits (hls/graphsage_layer_int8_po2.cpp:38:0)
INFO: [HLS 214-241] Aggregating scalar variable 'output_6_3' with compact=bit mode in 8-bits (hls/graphsage_layer_int8_po2.cpp:38:0)
INFO: [HLS 214-241] Aggregating scalar variable 'output_6_2' with compact=bit mode in 8-bits (hls/graphsage_layer_int8_po2.cpp:38:0)
INFO: [HLS 214-241] Aggregating scalar variable 'output_6_1' with compact=bit mode in 8-bits (hls/graphsage_layer_int8_po2.cpp:38:0)
INFO: [HLS 214-241] Aggregating scalar variable 'output_6_0' with compact=bit mode in 8-bits (hls/graphsage_layer_int8_po2.cpp:38:0)
INFO: [HLS 214-241] Aggregating scalar variable 'output_5_6' with compact=bit mode in 8-bits (hls/graphsage_layer_int8_po2.cpp:38:0)
INFO: [HLS 214-241] Aggregating scalar variable 'output_5_5' with compact=bit mode in 8-bits (hls/graphsage_layer_int8_po2.cpp:38:0)
INFO: [HLS 214-241] Aggregating scalar variable 'output_5_4' with compact=bit mode in 8-bits (hls/graphsage_layer_int8_po2.cpp:38:0)
INFO: [HLS 214-241] Aggregating scalar variable 'output_5_3' with compact=bit mode in 8-bits (hls/graphsage_layer_int8_po2.cpp:38:0)
INFO: [HLS 214-241] Aggregating scalar variable 'output_5_2' with compact=bit mode in 8-bits (hls/graphsage_layer_int8_po2.cpp:38:0)
INFO: [HLS 214-241] Aggregating scalar variable 'output_5_1' with compact=bit mode in 8-bits (hls/graphsage_layer_int8_po2.cpp:38:0)
INFO: [HLS 214-241] Aggregating scalar variable 'output_5_0' with compact=bit mode in 8-bits (hls/graphsage_layer_int8_po2.cpp:38:0)
INFO: [HLS 214-241] Aggregating scalar variable 'output_4_6' with compact=bit mode in 8-bits (hls/graphsage_layer_int8_po2.cpp:38:0)
INFO: [HLS 214-241] Aggregating scalar variable 'output_4_5' with compact=bit mode in 8-bits (hls/graphsage_layer_int8_po2.cpp:38:0)
INFO: [HLS 214-241] Aggregating scalar variable 'output_4_4' with compact=bit mode in 8-bits (hls/graphsage_layer_int8_po2.cpp:38:0)
INFO: [HLS 214-241] Aggregating scalar variable 'output_4_3' with compact=bit mode in 8-bits (hls/graphsage_layer_int8_po2.cpp:38:0)
INFO: [HLS 214-241] Aggregating scalar variable 'output_4_2' with compact=bit mode in 8-bits (hls/graphsage_layer_int8_po2.cpp:38:0)
INFO: [HLS 214-241] Aggregating scalar variable 'output_4_1' with compact=bit mode in 8-bits (hls/graphsage_layer_int8_po2.cpp:38:0)
INFO: [HLS 214-241] Aggregating scalar variable 'output_4_0' with compact=bit mode in 8-bits (hls/graphsage_layer_int8_po2.cpp:38:0)
INFO: [HLS 214-241] Aggregating scalar variable 'output_3_6' with compact=bit mode in 8-bits (hls/graphsage_layer_int8_po2.cpp:38:0)
INFO: [HLS 214-241] Aggregating scalar variable 'output_3_5' with compact=bit mode in 8-bits (hls/graphsage_layer_int8_po2.cpp:38:0)
INFO: [HLS 214-241] Aggregating scalar variable 'output_3_4' with compact=bit mode in 8-bits (hls/graphsage_layer_int8_po2.cpp:38:0)
INFO: [HLS 214-241] Aggregating scalar variable 'output_3_3' with compact=bit mode in 8-bits (hls/graphsage_layer_int8_po2.cpp:38:0)
INFO: [HLS 214-241] Aggregating scalar variable 'output_3_2' with compact=bit mode in 8-bits (hls/graphsage_layer_int8_po2.cpp:38:0)
INFO: [HLS 214-241] Aggregating scalar variable 'output_3_1' with compact=bit mode in 8-bits (hls/graphsage_layer_int8_po2.cpp:38:0)
INFO: [HLS 214-241] Aggregating scalar variable 'output_3_0' with compact=bit mode in 8-bits (hls/graphsage_layer_int8_po2.cpp:38:0)
INFO: [HLS 214-241] Aggregating scalar variable 'output_2_6' with compact=bit mode in 8-bits (hls/graphsage_layer_int8_po2.cpp:38:0)
INFO: [HLS 214-241] Aggregating scalar variable 'output_2_5' with compact=bit mode in 8-bits (hls/graphsage_layer_int8_po2.cpp:38:0)
INFO: [HLS 214-241] Aggregating scalar variable 'output_2_4' with compact=bit mode in 8-bits (hls/graphsage_layer_int8_po2.cpp:38:0)
INFO: [HLS 214-241] Aggregating scalar variable 'output_2_3' with compact=bit mode in 8-bits (hls/graphsage_layer_int8_po2.cpp:38:0)
INFO: [HLS 214-241] Aggregating scalar variable 'output_2_2' with compact=bit mode in 8-bits (hls/graphsage_layer_int8_po2.cpp:38:0)
INFO: [HLS 214-241] Aggregating scalar variable 'output_2_1' with compact=bit mode in 8-bits (hls/graphsage_layer_int8_po2.cpp:38:0)
INFO: [HLS 214-241] Aggregating scalar variable 'output_2_0' with compact=bit mode in 8-bits (hls/graphsage_layer_int8_po2.cpp:38:0)
INFO: [HLS 214-241] Aggregating scalar variable 'output_1_6' with compact=bit mode in 8-bits (hls/graphsage_layer_int8_po2.cpp:38:0)
INFO: [HLS 214-241] Aggregating scalar variable 'output_1_5' with compact=bit mode in 8-bits (hls/graphsage_layer_int8_po2.cpp:38:0)
INFO: [HLS 214-241] Aggregating scalar variable 'output_1_4' with compact=bit mode in 8-bits (hls/graphsage_layer_int8_po2.cpp:38:0)
INFO: [HLS 214-241] Aggregating scalar variable 'output_1_3' with compact=bit mode in 8-bits (hls/graphsage_layer_int8_po2.cpp:38:0)
INFO: [HLS 214-241] Aggregating scalar variable 'output_1_2' with compact=bit mode in 8-bits (hls/graphsage_layer_int8_po2.cpp:38:0)
INFO: [HLS 214-241] Aggregating scalar variable 'output_1_1' with compact=bit mode in 8-bits (hls/graphsage_layer_int8_po2.cpp:38:0)
INFO: [HLS 214-241] Aggregating scalar variable 'output_1_0' with compact=bit mode in 8-bits (hls/graphsage_layer_int8_po2.cpp:38:0)
INFO: [HLS 214-241] Aggregating scalar variable 'output_0_6' with compact=bit mode in 8-bits (hls/graphsage_layer_int8_po2.cpp:38:0)
INFO: [HLS 214-241] Aggregating scalar variable 'output_0_5' with compact=bit mode in 8-bits (hls/graphsage_layer_int8_po2.cpp:38:0)
INFO: [HLS 214-241] Aggregating scalar variable 'output_0_4' with compact=bit mode in 8-bits (hls/graphsage_layer_int8_po2.cpp:38:0)
INFO: [HLS 214-241] Aggregating scalar variable 'output_0_3' with compact=bit mode in 8-bits (hls/graphsage_layer_int8_po2.cpp:38:0)
INFO: [HLS 214-241] Aggregating scalar variable 'output_0_2' with compact=bit mode in 8-bits (hls/graphsage_layer_int8_po2.cpp:38:0)
INFO: [HLS 214-241] Aggregating scalar variable 'output_0_1' with compact=bit mode in 8-bits (hls/graphsage_layer_int8_po2.cpp:38:0)
INFO: [HLS 214-241] Aggregating scalar variable 'output_0_0' with compact=bit mode in 8-bits (hls/graphsage_layer_int8_po2.cpp:38:0)
INFO: [HLS 214-241] Aggregating scalar variable 'weights2_6_23' with compact=bit mode in 8-bits (hls/graphsage_layer_int8_po2.cpp:38:0)
INFO: [HLS 214-241] Aggregating scalar variable 'weights2_6_22' with compact=bit mode in 8-bits (hls/graphsage_layer_int8_po2.cpp:38:0)
INFO: [HLS 214-241] Aggregating scalar variable 'weights2_6_21' with compact=bit mode in 8-bits (hls/graphsage_layer_int8_po2.cpp:38:0)
INFO: [HLS 214-241] Aggregating scalar variable 'weights2_6_20' with compact=bit mode in 8-bits (hls/graphsage_layer_int8_po2.cpp:38:0)
INFO: [HLS 214-241] Aggregating scalar variable 'weights2_6_19' with compact=bit mode in 8-bits (hls/graphsage_layer_int8_po2.cpp:38:0)
INFO: [HLS 214-241] Aggregating scalar variable 'weights2_6_18' with compact=bit mode in 8-bits (hls/graphsage_layer_int8_po2.cpp:38:0)
INFO: [HLS 214-241] Aggregating scalar variable 'weights2_6_17' with compact=bit mode in 8-bits (hls/graphsage_layer_int8_po2.cpp:38:0)
INFO: [HLS 214-241] Aggregating scalar variable 'weights2_6_16' with compact=bit mode in 8-bits (hls/graphsage_layer_int8_po2.cpp:38:0)
INFO: [HLS 214-241] Aggregating scalar variable 'weights2_6_15' with compact=bit mode in 8-bits (hls/graphsage_layer_int8_po2.cpp:38:0)
INFO: [HLS 214-241] Aggregating scalar variable 'weights2_6_14' with compact=bit mode in 8-bits (hls/graphsage_layer_int8_po2.cpp:38:0)
INFO: [HLS 214-241] Aggregating scalar variable 'weights2_6_13' with compact=bit mode in 8-bits (hls/graphsage_layer_int8_po2.cpp:38:0)
INFO: [HLS 214-241] Aggregating scalar variable 'weights2_6_12' with compact=bit mode in 8-bits (hls/graphsage_layer_int8_po2.cpp:38:0)
INFO: [HLS 214-241] Aggregating scalar variable 'weights2_6_11' with compact=bit mode in 8-bits (hls/graphsage_layer_int8_po2.cpp:38:0)
INFO: [HLS 214-241] Aggregating scalar variable 'weights2_6_10' with compact=bit mode in 8-bits (hls/graphsage_layer_int8_po2.cpp:38:0)
INFO: [HLS 214-241] Aggregating scalar variable 'weights2_6_9' with compact=bit mode in 8-bits (hls/graphsage_layer_int8_po2.cpp:38:0)
INFO: [HLS 214-241] Aggregating scalar variable 'weights2_6_8' with compact=bit mode in 8-bits (hls/graphsage_layer_int8_po2.cpp:38:0)
INFO: [HLS 214-241] Aggregating scalar variable 'weights2_6_7' with compact=bit mode in 8-bits (hls/graphsage_layer_int8_po2.cpp:38:0)
INFO: [HLS 214-241] Aggregating scalar variable 'weights2_6_6' with compact=bit mode in 8-bits (hls/graphsage_layer_int8_po2.cpp:38:0)
INFO: [HLS 214-241] Aggregating scalar variable 'weights2_6_5' with compact=bit mode in 8-bits (hls/graphsage_layer_int8_po2.cpp:38:0)
INFO: [HLS 214-241] Aggregating scalar variable 'weights2_6_4' with compact=bit mode in 8-bits (hls/graphsage_layer_int8_po2.cpp:38:0)
INFO: [HLS 214-241] Aggregating scalar variable 'weights2_6_3' with compact=bit mode in 8-bits (hls/graphsage_layer_int8_po2.cpp:38:0)
INFO: [HLS 214-241] Aggregating scalar variable 'weights2_6_2' with compact=bit mode in 8-bits (hls/graphsage_layer_int8_po2.cpp:38:0)
INFO: [HLS 214-241] Aggregating scalar variable 'weights2_6_1' with compact=bit mode in 8-bits (hls/graphsage_layer_int8_po2.cpp:38:0)
INFO: [HLS 214-241] Aggregating scalar variable 'weights2_6_0' with compact=bit mode in 8-bits (hls/graphsage_layer_int8_po2.cpp:38:0)
INFO: [HLS 214-241] Aggregating scalar variable 'weights2_5_23' with compact=bit mode in 8-bits (hls/graphsage_layer_int8_po2.cpp:38:0)
INFO: [HLS 214-241] Aggregating scalar variable 'weights2_5_22' with compact=bit mode in 8-bits (hls/graphsage_layer_int8_po2.cpp:38:0)
INFO: [HLS 214-241] Aggregating scalar variable 'weights2_5_21' with compact=bit mode in 8-bits (hls/graphsage_layer_int8_po2.cpp:38:0)
INFO: [HLS 214-241] Aggregating scalar variable 'weights2_5_20' with compact=bit mode in 8-bits (hls/graphsage_layer_int8_po2.cpp:38:0)
INFO: [HLS 214-241] Aggregating scalar variable 'weights2_5_19' with compact=bit mode in 8-bits (hls/graphsage_layer_int8_po2.cpp:38:0)
INFO: [HLS 214-241] Aggregating scalar variable 'weights2_5_18' with compact=bit mode in 8-bits (hls/graphsage_layer_int8_po2.cpp:38:0)
INFO: [HLS 214-241] Aggregating scalar variable 'weights2_5_17' with compact=bit mode in 8-bits (hls/graphsage_layer_int8_po2.cpp:38:0)
INFO: [HLS 214-241] Aggregating scalar variable 'weights2_5_16' with compact=bit mode in 8-bits (hls/graphsage_layer_int8_po2.cpp:38:0)
INFO: [HLS 214-241] Aggregating scalar variable 'weights2_5_15' with compact=bit mode in 8-bits (hls/graphsage_layer_int8_po2.cpp:38:0)
INFO: [HLS 214-241] Aggregating scalar variable 'weights2_5_14' with compact=bit mode in 8-bits (hls/graphsage_layer_int8_po2.cpp:38:0)
INFO: [HLS 214-241] Aggregating scalar variable 'weights2_5_13' with compact=bit mode in 8-bits (hls/graphsage_layer_int8_po2.cpp:38:0)
INFO: [HLS 214-241] Aggregating scalar variable 'weights2_5_12' with compact=bit mode in 8-bits (hls/graphsage_layer_int8_po2.cpp:38:0)
INFO: [HLS 214-241] Aggregating scalar variable 'weights2_5_11' with compact=bit mode in 8-bits (hls/graphsage_layer_int8_po2.cpp:38:0)
INFO: [HLS 214-241] Aggregating scalar variable 'weights2_5_10' with compact=bit mode in 8-bits (hls/graphsage_layer_int8_po2.cpp:38:0)
INFO: [HLS 214-241] Aggregating scalar variable 'weights2_5_9' with compact=bit mode in 8-bits (hls/graphsage_layer_int8_po2.cpp:38:0)
INFO: [HLS 214-241] Aggregating scalar variable 'weights2_5_8' with compact=bit mode in 8-bits (hls/graphsage_layer_int8_po2.cpp:38:0)
INFO: [HLS 214-241] Aggregating scalar variable 'weights2_5_7' with compact=bit mode in 8-bits (hls/graphsage_layer_int8_po2.cpp:38:0)
INFO: [HLS 214-241] Aggregating scalar variable 'weights2_5_6' with compact=bit mode in 8-bits (hls/graphsage_layer_int8_po2.cpp:38:0)
INFO: [HLS 214-241] Aggregating scalar variable 'weights2_5_5' with compact=bit mode in 8-bits (hls/graphsage_layer_int8_po2.cpp:38:0)
INFO: [HLS 214-241] Aggregating scalar variable 'weights2_5_4' with compact=bit mode in 8-bits (hls/graphsage_layer_int8_po2.cpp:38:0)
INFO: [HLS 214-241] Aggregating scalar variable 'weights2_5_3' with compact=bit mode in 8-bits (hls/graphsage_layer_int8_po2.cpp:38:0)
INFO: [HLS 214-241] Aggregating scalar variable 'weights2_5_2' with compact=bit mode in 8-bits (hls/graphsage_layer_int8_po2.cpp:38:0)
INFO: [HLS 214-241] Aggregating scalar variable 'weights2_5_1' with compact=bit mode in 8-bits (hls/graphsage_layer_int8_po2.cpp:38:0)
INFO: [HLS 214-241] Aggregating scalar variable 'weights2_5_0' with compact=bit mode in 8-bits (hls/graphsage_layer_int8_po2.cpp:38:0)
INFO: [HLS 214-241] Aggregating scalar variable 'weights2_4_23' with compact=bit mode in 8-bits (hls/graphsage_layer_int8_po2.cpp:38:0)
INFO: [HLS 214-241] Aggregating scalar variable 'weights2_4_22' with compact=bit mode in 8-bits (hls/graphsage_layer_int8_po2.cpp:38:0)
INFO: [HLS 214-241] Aggregating scalar variable 'weights2_4_21' with compact=bit mode in 8-bits (hls/graphsage_layer_int8_po2.cpp:38:0)
INFO: [HLS 214-241] Aggregating scalar variable 'weights2_4_20' with compact=bit mode in 8-bits (hls/graphsage_layer_int8_po2.cpp:38:0)
INFO: [HLS 214-241] Aggregating scalar variable 'weights2_4_19' with compact=bit mode in 8-bits (hls/graphsage_layer_int8_po2.cpp:38:0)
INFO: [HLS 214-241] Aggregating scalar variable 'weights2_4_18' with compact=bit mode in 8-bits (hls/graphsage_layer_int8_po2.cpp:38:0)
INFO: [HLS 214-241] Aggregating scalar variable 'weights2_4_17' with compact=bit mode in 8-bits (hls/graphsage_layer_int8_po2.cpp:38:0)
INFO: [HLS 214-241] Aggregating scalar variable 'weights2_4_16' with compact=bit mode in 8-bits (hls/graphsage_layer_int8_po2.cpp:38:0)
INFO: [HLS 214-241] Aggregating scalar variable 'weights2_4_15' with compact=bit mode in 8-bits (hls/graphsage_layer_int8_po2.cpp:38:0)
INFO: [HLS 214-241] Aggregating scalar variable 'weights2_4_14' with compact=bit mode in 8-bits (hls/graphsage_layer_int8_po2.cpp:38:0)
INFO: [HLS 214-241] Aggregating scalar variable 'weights2_4_13' with compact=bit mode in 8-bits (hls/graphsage_layer_int8_po2.cpp:38:0)
INFO: [HLS 214-241] Aggregating scalar variable 'weights2_4_12' with compact=bit mode in 8-bits (hls/graphsage_layer_int8_po2.cpp:38:0)
INFO: [HLS 214-241] Aggregating scalar variable 'weights2_4_11' with compact=bit mode in 8-bits (hls/graphsage_layer_int8_po2.cpp:38:0)
INFO: [HLS 214-241] Aggregating scalar variable 'weights2_4_10' with compact=bit mode in 8-bits (hls/graphsage_layer_int8_po2.cpp:38:0)
INFO: [HLS 214-241] Aggregating scalar variable 'weights2_4_9' with compact=bit mode in 8-bits (hls/graphsage_layer_int8_po2.cpp:38:0)
INFO: [HLS 214-241] Aggregating scalar variable 'weights2_4_8' with compact=bit mode in 8-bits (hls/graphsage_layer_int8_po2.cpp:38:0)
INFO: [HLS 214-241] Aggregating scalar variable 'weights2_4_7' with compact=bit mode in 8-bits (hls/graphsage_layer_int8_po2.cpp:38:0)
INFO: [HLS 214-241] Aggregating scalar variable 'weights2_4_6' with compact=bit mode in 8-bits (hls/graphsage_layer_int8_po2.cpp:38:0)
INFO: [HLS 214-241] Aggregating scalar variable 'weights2_4_5' with compact=bit mode in 8-bits (hls/graphsage_layer_int8_po2.cpp:38:0)
INFO: [HLS 214-241] Aggregating scalar variable 'weights2_4_4' with compact=bit mode in 8-bits (hls/graphsage_layer_int8_po2.cpp:38:0)
INFO: [HLS 214-241] Aggregating scalar variable 'weights2_4_3' with compact=bit mode in 8-bits (hls/graphsage_layer_int8_po2.cpp:38:0)
INFO: [HLS 214-241] Aggregating scalar variable 'weights2_4_2' with compact=bit mode in 8-bits (hls/graphsage_layer_int8_po2.cpp:38:0)
INFO: [HLS 214-241] Aggregating scalar variable 'weights2_4_1' with compact=bit mode in 8-bits (hls/graphsage_layer_int8_po2.cpp:38:0)
INFO: [HLS 214-241] Aggregating scalar variable 'weights2_4_0' with compact=bit mode in 8-bits (hls/graphsage_layer_int8_po2.cpp:38:0)
INFO: [HLS 214-241] Aggregating scalar variable 'weights2_3_23' with compact=bit mode in 8-bits (hls/graphsage_layer_int8_po2.cpp:38:0)
INFO: [HLS 214-241] Aggregating scalar variable 'weights2_3_22' with compact=bit mode in 8-bits (hls/graphsage_layer_int8_po2.cpp:38:0)
INFO: [HLS 214-241] Aggregating scalar variable 'weights2_3_21' with compact=bit mode in 8-bits (hls/graphsage_layer_int8_po2.cpp:38:0)
INFO: [HLS 214-241] Aggregating scalar variable 'weights2_3_20' with compact=bit mode in 8-bits (hls/graphsage_layer_int8_po2.cpp:38:0)
INFO: [HLS 214-241] Aggregating scalar variable 'weights2_3_19' with compact=bit mode in 8-bits (hls/graphsage_layer_int8_po2.cpp:38:0)
INFO: [HLS 214-241] Aggregating scalar variable 'weights2_3_18' with compact=bit mode in 8-bits (hls/graphsage_layer_int8_po2.cpp:38:0)
INFO: [HLS 214-241] Aggregating scalar variable 'weights2_3_17' with compact=bit mode in 8-bits (hls/graphsage_layer_int8_po2.cpp:38:0)
INFO: [HLS 214-241] Aggregating scalar variable 'weights2_3_16' with compact=bit mode in 8-bits (hls/graphsage_layer_int8_po2.cpp:38:0)
INFO: [HLS 214-241] Aggregating scalar variable 'weights2_3_15' with compact=bit mode in 8-bits (hls/graphsage_layer_int8_po2.cpp:38:0)
INFO: [HLS 214-241] Aggregating scalar variable 'weights2_3_14' with compact=bit mode in 8-bits (hls/graphsage_layer_int8_po2.cpp:38:0)
INFO: [HLS 214-241] Aggregating scalar variable 'weights2_3_13' with compact=bit mode in 8-bits (hls/graphsage_layer_int8_po2.cpp:38:0)
INFO: [HLS 214-241] Aggregating scalar variable 'weights2_3_12' with compact=bit mode in 8-bits (hls/graphsage_layer_int8_po2.cpp:38:0)
INFO: [HLS 214-241] Aggregating scalar variable 'weights2_3_11' with compact=bit mode in 8-bits (hls/graphsage_layer_int8_po2.cpp:38:0)
INFO: [HLS 214-241] Aggregating scalar variable 'weights2_3_10' with compact=bit mode in 8-bits (hls/graphsage_layer_int8_po2.cpp:38:0)
INFO: [HLS 214-241] Aggregating scalar variable 'weights2_3_9' with compact=bit mode in 8-bits (hls/graphsage_layer_int8_po2.cpp:38:0)
INFO: [HLS 214-241] Aggregating scalar variable 'weights2_3_8' with compact=bit mode in 8-bits (hls/graphsage_layer_int8_po2.cpp:38:0)
INFO: [HLS 214-241] Aggregating scalar variable 'weights2_3_7' with compact=bit mode in 8-bits (hls/graphsage_layer_int8_po2.cpp:38:0)
INFO: [HLS 214-241] Aggregating scalar variable 'weights2_3_6' with compact=bit mode in 8-bits (hls/graphsage_layer_int8_po2.cpp:38:0)
INFO: [HLS 214-241] Aggregating scalar variable 'weights2_3_5' with compact=bit mode in 8-bits (hls/graphsage_layer_int8_po2.cpp:38:0)
INFO: [HLS 214-241] Aggregating scalar variable 'weights2_3_4' with compact=bit mode in 8-bits (hls/graphsage_layer_int8_po2.cpp:38:0)
INFO: [HLS 214-241] Aggregating scalar variable 'weights2_3_3' with compact=bit mode in 8-bits (hls/graphsage_layer_int8_po2.cpp:38:0)
INFO: [HLS 214-241] Aggregating scalar variable 'weights2_3_2' with compact=bit mode in 8-bits (hls/graphsage_layer_int8_po2.cpp:38:0)
INFO: [HLS 214-241] Aggregating scalar variable 'weights2_3_1' with compact=bit mode in 8-bits (hls/graphsage_layer_int8_po2.cpp:38:0)
INFO: [HLS 214-241] Aggregating scalar variable 'weights2_3_0' with compact=bit mode in 8-bits (hls/graphsage_layer_int8_po2.cpp:38:0)
INFO: [HLS 214-241] Aggregating scalar variable 'weights2_2_23' with compact=bit mode in 8-bits (hls/graphsage_layer_int8_po2.cpp:38:0)
INFO: [HLS 214-241] Aggregating scalar variable 'weights2_2_22' with compact=bit mode in 8-bits (hls/graphsage_layer_int8_po2.cpp:38:0)
INFO: [HLS 214-241] Aggregating scalar variable 'weights2_2_21' with compact=bit mode in 8-bits (hls/graphsage_layer_int8_po2.cpp:38:0)
INFO: [HLS 214-241] Aggregating scalar variable 'weights2_2_20' with compact=bit mode in 8-bits (hls/graphsage_layer_int8_po2.cpp:38:0)
INFO: [HLS 214-241] Aggregating scalar variable 'weights2_2_19' with compact=bit mode in 8-bits (hls/graphsage_layer_int8_po2.cpp:38:0)
INFO: [HLS 214-241] Aggregating scalar variable 'weights2_2_18' with compact=bit mode in 8-bits (hls/graphsage_layer_int8_po2.cpp:38:0)
INFO: [HLS 214-241] Aggregating scalar variable 'weights2_2_17' with compact=bit mode in 8-bits (hls/graphsage_layer_int8_po2.cpp:38:0)
INFO: [HLS 214-241] Aggregating scalar variable 'weights2_2_16' with compact=bit mode in 8-bits (hls/graphsage_layer_int8_po2.cpp:38:0)
INFO: [HLS 214-241] Aggregating scalar variable 'weights2_2_15' with compact=bit mode in 8-bits (hls/graphsage_layer_int8_po2.cpp:38:0)
INFO: [HLS 214-241] Aggregating scalar variable 'weights2_2_14' with compact=bit mode in 8-bits (hls/graphsage_layer_int8_po2.cpp:38:0)
INFO: [HLS 214-241] Aggregating scalar variable 'weights2_2_13' with compact=bit mode in 8-bits (hls/graphsage_layer_int8_po2.cpp:38:0)
INFO: [HLS 214-241] Aggregating scalar variable 'weights2_2_12' with compact=bit mode in 8-bits (hls/graphsage_layer_int8_po2.cpp:38:0)
INFO: [HLS 214-241] Aggregating scalar variable 'weights2_2_11' with compact=bit mode in 8-bits (hls/graphsage_layer_int8_po2.cpp:38:0)
INFO: [HLS 214-241] Aggregating scalar variable 'weights2_2_10' with compact=bit mode in 8-bits (hls/graphsage_layer_int8_po2.cpp:38:0)
INFO: [HLS 214-241] Aggregating scalar variable 'weights2_2_9' with compact=bit mode in 8-bits (hls/graphsage_layer_int8_po2.cpp:38:0)
INFO: [HLS 214-241] Aggregating scalar variable 'weights2_2_8' with compact=bit mode in 8-bits (hls/graphsage_layer_int8_po2.cpp:38:0)
INFO: [HLS 214-241] Aggregating scalar variable 'weights2_2_7' with compact=bit mode in 8-bits (hls/graphsage_layer_int8_po2.cpp:38:0)
INFO: [HLS 214-241] Aggregating scalar variable 'weights2_2_6' with compact=bit mode in 8-bits (hls/graphsage_layer_int8_po2.cpp:38:0)
INFO: [HLS 214-241] Aggregating scalar variable 'weights2_2_5' with compact=bit mode in 8-bits (hls/graphsage_layer_int8_po2.cpp:38:0)
INFO: [HLS 214-241] Aggregating scalar variable 'weights2_2_4' with compact=bit mode in 8-bits (hls/graphsage_layer_int8_po2.cpp:38:0)
INFO: [HLS 214-241] Aggregating scalar variable 'weights2_2_3' with compact=bit mode in 8-bits (hls/graphsage_layer_int8_po2.cpp:38:0)
INFO: [HLS 214-241] Aggregating scalar variable 'weights2_2_2' with compact=bit mode in 8-bits (hls/graphsage_layer_int8_po2.cpp:38:0)
INFO: [HLS 214-241] Aggregating scalar variable 'weights2_2_1' with compact=bit mode in 8-bits (hls/graphsage_layer_int8_po2.cpp:38:0)
INFO: [HLS 214-241] Aggregating scalar variable 'weights2_2_0' with compact=bit mode in 8-bits (hls/graphsage_layer_int8_po2.cpp:38:0)
INFO: [HLS 214-241] Aggregating scalar variable 'weights2_1_23' with compact=bit mode in 8-bits (hls/graphsage_layer_int8_po2.cpp:38:0)
INFO: [HLS 214-241] Aggregating scalar variable 'weights2_1_22' with compact=bit mode in 8-bits (hls/graphsage_layer_int8_po2.cpp:38:0)
INFO: [HLS 214-241] Aggregating scalar variable 'weights2_1_21' with compact=bit mode in 8-bits (hls/graphsage_layer_int8_po2.cpp:38:0)
INFO: [HLS 214-241] Aggregating scalar variable 'weights2_1_20' with compact=bit mode in 8-bits (hls/graphsage_layer_int8_po2.cpp:38:0)
INFO: [HLS 214-241] Aggregating scalar variable 'weights2_1_19' with compact=bit mode in 8-bits (hls/graphsage_layer_int8_po2.cpp:38:0)
INFO: [HLS 214-241] Aggregating scalar variable 'weights2_1_18' with compact=bit mode in 8-bits (hls/graphsage_layer_int8_po2.cpp:38:0)
INFO: [HLS 214-241] Aggregating scalar variable 'weights2_1_17' with compact=bit mode in 8-bits (hls/graphsage_layer_int8_po2.cpp:38:0)
INFO: [HLS 214-241] Aggregating scalar variable 'weights2_1_16' with compact=bit mode in 8-bits (hls/graphsage_layer_int8_po2.cpp:38:0)
INFO: [HLS 214-241] Aggregating scalar variable 'weights2_1_15' with compact=bit mode in 8-bits (hls/graphsage_layer_int8_po2.cpp:38:0)
INFO: [HLS 214-241] Aggregating scalar variable 'weights2_1_14' with compact=bit mode in 8-bits (hls/graphsage_layer_int8_po2.cpp:38:0)
INFO: [HLS 214-241] Aggregating scalar variable 'weights2_1_13' with compact=bit mode in 8-bits (hls/graphsage_layer_int8_po2.cpp:38:0)
INFO: [HLS 214-241] Aggregating scalar variable 'weights2_1_12' with compact=bit mode in 8-bits (hls/graphsage_layer_int8_po2.cpp:38:0)
INFO: [HLS 214-241] Aggregating scalar variable 'weights2_1_11' with compact=bit mode in 8-bits (hls/graphsage_layer_int8_po2.cpp:38:0)
INFO: [HLS 214-241] Aggregating scalar variable 'weights2_1_10' with compact=bit mode in 8-bits (hls/graphsage_layer_int8_po2.cpp:38:0)
INFO: [HLS 214-241] Aggregating scalar variable 'weights2_1_9' with compact=bit mode in 8-bits (hls/graphsage_layer_int8_po2.cpp:38:0)
INFO: [HLS 214-241] Aggregating scalar variable 'weights2_1_8' with compact=bit mode in 8-bits (hls/graphsage_layer_int8_po2.cpp:38:0)
INFO: [HLS 214-241] Aggregating scalar variable 'weights2_1_7' with compact=bit mode in 8-bits (hls/graphsage_layer_int8_po2.cpp:38:0)
INFO: [HLS 214-241] Aggregating scalar variable 'weights2_1_6' with compact=bit mode in 8-bits (hls/graphsage_layer_int8_po2.cpp:38:0)
INFO: [HLS 214-241] Aggregating scalar variable 'weights2_1_5' with compact=bit mode in 8-bits (hls/graphsage_layer_int8_po2.cpp:38:0)
INFO: [HLS 214-241] Aggregating scalar variable 'weights2_1_4' with compact=bit mode in 8-bits (hls/graphsage_layer_int8_po2.cpp:38:0)
INFO: [HLS 214-241] Aggregating scalar variable 'weights2_1_3' with compact=bit mode in 8-bits (hls/graphsage_layer_int8_po2.cpp:38:0)
INFO: [HLS 214-241] Aggregating scalar variable 'weights2_1_2' with compact=bit mode in 8-bits (hls/graphsage_layer_int8_po2.cpp:38:0)
INFO: [HLS 214-241] Aggregating scalar variable 'weights2_1_1' with compact=bit mode in 8-bits (hls/graphsage_layer_int8_po2.cpp:38:0)
INFO: [HLS 214-241] Aggregating scalar variable 'weights2_1_0' with compact=bit mode in 8-bits (hls/graphsage_layer_int8_po2.cpp:38:0)
INFO: [HLS 214-241] Aggregating scalar variable 'weights2_0_23' with compact=bit mode in 8-bits (hls/graphsage_layer_int8_po2.cpp:38:0)
INFO: [HLS 214-241] Aggregating scalar variable 'weights2_0_22' with compact=bit mode in 8-bits (hls/graphsage_layer_int8_po2.cpp:38:0)
INFO: [HLS 214-241] Aggregating scalar variable 'weights2_0_21' with compact=bit mode in 8-bits (hls/graphsage_layer_int8_po2.cpp:38:0)
INFO: [HLS 214-241] Aggregating scalar variable 'weights2_0_20' with compact=bit mode in 8-bits (hls/graphsage_layer_int8_po2.cpp:38:0)
INFO: [HLS 214-241] Aggregating scalar variable 'weights2_0_19' with compact=bit mode in 8-bits (hls/graphsage_layer_int8_po2.cpp:38:0)
INFO: [HLS 214-241] Aggregating scalar variable 'weights2_0_18' with compact=bit mode in 8-bits (hls/graphsage_layer_int8_po2.cpp:38:0)
INFO: [HLS 214-241] Aggregating scalar variable 'weights2_0_17' with compact=bit mode in 8-bits (hls/graphsage_layer_int8_po2.cpp:38:0)
INFO: [HLS 214-241] Aggregating scalar variable 'weights2_0_16' with compact=bit mode in 8-bits (hls/graphsage_layer_int8_po2.cpp:38:0)
INFO: [HLS 214-241] Aggregating scalar variable 'weights2_0_15' with compact=bit mode in 8-bits (hls/graphsage_layer_int8_po2.cpp:38:0)
INFO: [HLS 214-241] Aggregating scalar variable 'weights2_0_14' with compact=bit mode in 8-bits (hls/graphsage_layer_int8_po2.cpp:38:0)
INFO: [HLS 214-241] Aggregating scalar variable 'weights2_0_13' with compact=bit mode in 8-bits (hls/graphsage_layer_int8_po2.cpp:38:0)
INFO: [HLS 214-241] Aggregating scalar variable 'weights2_0_12' with compact=bit mode in 8-bits (hls/graphsage_layer_int8_po2.cpp:38:0)
INFO: [HLS 214-241] Aggregating scalar variable 'weights2_0_11' with compact=bit mode in 8-bits (hls/graphsage_layer_int8_po2.cpp:38:0)
INFO: [HLS 214-241] Aggregating scalar variable 'weights2_0_10' with compact=bit mode in 8-bits (hls/graphsage_layer_int8_po2.cpp:38:0)
INFO: [HLS 214-241] Aggregating scalar variable 'weights2_0_9' with compact=bit mode in 8-bits (hls/graphsage_layer_int8_po2.cpp:38:0)
INFO: [HLS 214-241] Aggregating scalar variable 'weights2_0_8' with compact=bit mode in 8-bits (hls/graphsage_layer_int8_po2.cpp:38:0)
INFO: [HLS 214-241] Aggregating scalar variable 'weights2_0_7' with compact=bit mode in 8-bits (hls/graphsage_layer_int8_po2.cpp:38:0)
INFO: [HLS 214-241] Aggregating scalar variable 'weights2_0_6' with compact=bit mode in 8-bits (hls/graphsage_layer_int8_po2.cpp:38:0)
INFO: [HLS 214-241] Aggregating scalar variable 'weights2_0_5' with compact=bit mode in 8-bits (hls/graphsage_layer_int8_po2.cpp:38:0)
INFO: [HLS 214-241] Aggregating scalar variable 'weights2_0_4' with compact=bit mode in 8-bits (hls/graphsage_layer_int8_po2.cpp:38:0)
INFO: [HLS 214-241] Aggregating scalar variable 'weights2_0_3' with compact=bit mode in 8-bits (hls/graphsage_layer_int8_po2.cpp:38:0)
INFO: [HLS 214-241] Aggregating scalar variable 'weights2_0_2' with compact=bit mode in 8-bits (hls/graphsage_layer_int8_po2.cpp:38:0)
INFO: [HLS 214-241] Aggregating scalar variable 'weights2_0_1' with compact=bit mode in 8-bits (hls/graphsage_layer_int8_po2.cpp:38:0)
INFO: [HLS 214-241] Aggregating scalar variable 'weights2_0_0' with compact=bit mode in 8-bits (hls/graphsage_layer_int8_po2.cpp:38:0)
INFO: [HLS 214-241] Aggregating scalar variable 'weights1_23_15' with compact=bit mode in 8-bits (hls/graphsage_layer_int8_po2.cpp:38:0)
INFO: [HLS 214-241] Aggregating scalar variable 'weights1_23_14' with compact=bit mode in 8-bits (hls/graphsage_layer_int8_po2.cpp:38:0)
INFO: [HLS 214-241] Aggregating scalar variable 'weights1_23_13' with compact=bit mode in 8-bits (hls/graphsage_layer_int8_po2.cpp:38:0)
INFO: [HLS 214-241] Aggregating scalar variable 'weights1_23_12' with compact=bit mode in 8-bits (hls/graphsage_layer_int8_po2.cpp:38:0)
INFO: [HLS 214-241] Aggregating scalar variable 'weights1_23_11' with compact=bit mode in 8-bits (hls/graphsage_layer_int8_po2.cpp:38:0)
INFO: [HLS 214-241] Aggregating scalar variable 'weights1_23_10' with compact=bit mode in 8-bits (hls/graphsage_layer_int8_po2.cpp:38:0)
INFO: [HLS 214-241] Aggregating scalar variable 'weights1_23_9' with compact=bit mode in 8-bits (hls/graphsage_layer_int8_po2.cpp:38:0)
INFO: [HLS 214-241] Aggregating scalar variable 'weights1_23_8' with compact=bit mode in 8-bits (hls/graphsage_layer_int8_po2.cpp:38:0)
INFO: [HLS 214-241] Aggregating scalar variable 'weights1_23_7' with compact=bit mode in 8-bits (hls/graphsage_layer_int8_po2.cpp:38:0)
INFO: [HLS 214-241] Aggregating scalar variable 'weights1_23_6' with compact=bit mode in 8-bits (hls/graphsage_layer_int8_po2.cpp:38:0)
INFO: [HLS 214-241] Aggregating scalar variable 'weights1_23_5' with compact=bit mode in 8-bits (hls/graphsage_layer_int8_po2.cpp:38:0)
INFO: [HLS 214-241] Aggregating scalar variable 'weights1_23_4' with compact=bit mode in 8-bits (hls/graphsage_layer_int8_po2.cpp:38:0)
INFO: [HLS 214-241] Aggregating scalar variable 'weights1_23_3' with compact=bit mode in 8-bits (hls/graphsage_layer_int8_po2.cpp:38:0)
INFO: [HLS 214-241] Aggregating scalar variable 'weights1_23_2' with compact=bit mode in 8-bits (hls/graphsage_layer_int8_po2.cpp:38:0)
INFO: [HLS 214-241] Aggregating scalar variable 'weights1_23_1' with compact=bit mode in 8-bits (hls/graphsage_layer_int8_po2.cpp:38:0)
INFO: [HLS 214-241] Aggregating scalar variable 'weights1_23_0' with compact=bit mode in 8-bits (hls/graphsage_layer_int8_po2.cpp:38:0)
INFO: [HLS 214-241] Aggregating scalar variable 'weights1_22_15' with compact=bit mode in 8-bits (hls/graphsage_layer_int8_po2.cpp:38:0)
INFO: [HLS 214-241] Aggregating scalar variable 'weights1_22_14' with compact=bit mode in 8-bits (hls/graphsage_layer_int8_po2.cpp:38:0)
INFO: [HLS 214-241] Aggregating scalar variable 'weights1_22_13' with compact=bit mode in 8-bits (hls/graphsage_layer_int8_po2.cpp:38:0)
INFO: [HLS 214-241] Aggregating scalar variable 'weights1_22_12' with compact=bit mode in 8-bits (hls/graphsage_layer_int8_po2.cpp:38:0)
INFO: [HLS 214-241] Aggregating scalar variable 'weights1_22_11' with compact=bit mode in 8-bits (hls/graphsage_layer_int8_po2.cpp:38:0)
INFO: [HLS 214-241] Aggregating scalar variable 'weights1_22_10' with compact=bit mode in 8-bits (hls/graphsage_layer_int8_po2.cpp:38:0)
INFO: [HLS 214-241] Aggregating scalar variable 'weights1_22_9' with compact=bit mode in 8-bits (hls/graphsage_layer_int8_po2.cpp:38:0)
INFO: [HLS 214-241] Aggregating scalar variable 'weights1_22_8' with compact=bit mode in 8-bits (hls/graphsage_layer_int8_po2.cpp:38:0)
INFO: [HLS 214-241] Aggregating scalar variable 'weights1_22_7' with compact=bit mode in 8-bits (hls/graphsage_layer_int8_po2.cpp:38:0)
INFO: [HLS 214-241] Aggregating scalar variable 'weights1_22_6' with compact=bit mode in 8-bits (hls/graphsage_layer_int8_po2.cpp:38:0)
INFO: [HLS 214-241] Aggregating scalar variable 'weights1_22_5' with compact=bit mode in 8-bits (hls/graphsage_layer_int8_po2.cpp:38:0)
INFO: [HLS 214-241] Aggregating scalar variable 'weights1_22_4' with compact=bit mode in 8-bits (hls/graphsage_layer_int8_po2.cpp:38:0)
INFO: [HLS 214-241] Aggregating scalar variable 'weights1_22_3' with compact=bit mode in 8-bits (hls/graphsage_layer_int8_po2.cpp:38:0)
INFO: [HLS 214-241] Aggregating scalar variable 'weights1_22_2' with compact=bit mode in 8-bits (hls/graphsage_layer_int8_po2.cpp:38:0)
INFO: [HLS 214-241] Aggregating scalar variable 'weights1_22_1' with compact=bit mode in 8-bits (hls/graphsage_layer_int8_po2.cpp:38:0)
INFO: [HLS 214-241] Aggregating scalar variable 'weights1_22_0' with compact=bit mode in 8-bits (hls/graphsage_layer_int8_po2.cpp:38:0)
INFO: [HLS 214-241] Aggregating scalar variable 'weights1_21_15' with compact=bit mode in 8-bits (hls/graphsage_layer_int8_po2.cpp:38:0)
INFO: [HLS 214-241] Aggregating scalar variable 'weights1_21_14' with compact=bit mode in 8-bits (hls/graphsage_layer_int8_po2.cpp:38:0)
INFO: [HLS 214-241] Aggregating scalar variable 'weights1_21_13' with compact=bit mode in 8-bits (hls/graphsage_layer_int8_po2.cpp:38:0)
INFO: [HLS 214-241] Aggregating scalar variable 'weights1_21_12' with compact=bit mode in 8-bits (hls/graphsage_layer_int8_po2.cpp:38:0)
INFO: [HLS 214-241] Aggregating scalar variable 'weights1_21_11' with compact=bit mode in 8-bits (hls/graphsage_layer_int8_po2.cpp:38:0)
INFO: [HLS 214-241] Aggregating scalar variable 'weights1_21_10' with compact=bit mode in 8-bits (hls/graphsage_layer_int8_po2.cpp:38:0)
INFO: [HLS 214-241] Aggregating scalar variable 'weights1_21_9' with compact=bit mode in 8-bits (hls/graphsage_layer_int8_po2.cpp:38:0)
INFO: [HLS 214-241] Aggregating scalar variable 'weights1_21_8' with compact=bit mode in 8-bits (hls/graphsage_layer_int8_po2.cpp:38:0)
INFO: [HLS 214-241] Aggregating scalar variable 'weights1_21_7' with compact=bit mode in 8-bits (hls/graphsage_layer_int8_po2.cpp:38:0)
INFO: [HLS 214-241] Aggregating scalar variable 'weights1_21_6' with compact=bit mode in 8-bits (hls/graphsage_layer_int8_po2.cpp:38:0)
INFO: [HLS 214-241] Aggregating scalar variable 'weights1_21_5' with compact=bit mode in 8-bits (hls/graphsage_layer_int8_po2.cpp:38:0)
INFO: [HLS 214-241] Aggregating scalar variable 'weights1_21_4' with compact=bit mode in 8-bits (hls/graphsage_layer_int8_po2.cpp:38:0)
INFO: [HLS 214-241] Aggregating scalar variable 'weights1_21_3' with compact=bit mode in 8-bits (hls/graphsage_layer_int8_po2.cpp:38:0)
INFO: [HLS 214-241] Aggregating scalar variable 'weights1_21_2' with compact=bit mode in 8-bits (hls/graphsage_layer_int8_po2.cpp:38:0)
INFO: [HLS 214-241] Aggregating scalar variable 'weights1_21_1' with compact=bit mode in 8-bits (hls/graphsage_layer_int8_po2.cpp:38:0)
INFO: [HLS 214-241] Aggregating scalar variable 'weights1_21_0' with compact=bit mode in 8-bits (hls/graphsage_layer_int8_po2.cpp:38:0)
INFO: [HLS 214-241] Aggregating scalar variable 'weights1_20_15' with compact=bit mode in 8-bits (hls/graphsage_layer_int8_po2.cpp:38:0)
INFO: [HLS 214-241] Aggregating scalar variable 'weights1_20_14' with compact=bit mode in 8-bits (hls/graphsage_layer_int8_po2.cpp:38:0)
INFO: [HLS 214-241] Aggregating scalar variable 'weights1_20_13' with compact=bit mode in 8-bits (hls/graphsage_layer_int8_po2.cpp:38:0)
INFO: [HLS 214-241] Aggregating scalar variable 'weights1_20_12' with compact=bit mode in 8-bits (hls/graphsage_layer_int8_po2.cpp:38:0)
INFO: [HLS 214-241] Aggregating scalar variable 'weights1_20_11' with compact=bit mode in 8-bits (hls/graphsage_layer_int8_po2.cpp:38:0)
INFO: [HLS 214-241] Aggregating scalar variable 'weights1_20_10' with compact=bit mode in 8-bits (hls/graphsage_layer_int8_po2.cpp:38:0)
INFO: [HLS 214-241] Aggregating scalar variable 'weights1_20_9' with compact=bit mode in 8-bits (hls/graphsage_layer_int8_po2.cpp:38:0)
INFO: [HLS 214-241] Aggregating scalar variable 'weights1_20_8' with compact=bit mode in 8-bits (hls/graphsage_layer_int8_po2.cpp:38:0)
INFO: [HLS 214-241] Aggregating scalar variable 'weights1_20_7' with compact=bit mode in 8-bits (hls/graphsage_layer_int8_po2.cpp:38:0)
INFO: [HLS 214-241] Aggregating scalar variable 'weights1_20_6' with compact=bit mode in 8-bits (hls/graphsage_layer_int8_po2.cpp:38:0)
INFO: [HLS 214-241] Aggregating scalar variable 'weights1_20_5' with compact=bit mode in 8-bits (hls/graphsage_layer_int8_po2.cpp:38:0)
INFO: [HLS 214-241] Aggregating scalar variable 'weights1_20_4' with compact=bit mode in 8-bits (hls/graphsage_layer_int8_po2.cpp:38:0)
INFO: [HLS 214-241] Aggregating scalar variable 'weights1_20_3' with compact=bit mode in 8-bits (hls/graphsage_layer_int8_po2.cpp:38:0)
INFO: [HLS 214-241] Aggregating scalar variable 'weights1_20_2' with compact=bit mode in 8-bits (hls/graphsage_layer_int8_po2.cpp:38:0)
INFO: [HLS 214-241] Aggregating scalar variable 'weights1_20_1' with compact=bit mode in 8-bits (hls/graphsage_layer_int8_po2.cpp:38:0)
INFO: [HLS 214-241] Aggregating scalar variable 'weights1_20_0' with compact=bit mode in 8-bits (hls/graphsage_layer_int8_po2.cpp:38:0)
INFO: [HLS 214-241] Aggregating scalar variable 'weights1_19_15' with compact=bit mode in 8-bits (hls/graphsage_layer_int8_po2.cpp:38:0)
INFO: [HLS 214-241] Aggregating scalar variable 'weights1_19_14' with compact=bit mode in 8-bits (hls/graphsage_layer_int8_po2.cpp:38:0)
INFO: [HLS 214-241] Aggregating scalar variable 'weights1_19_13' with compact=bit mode in 8-bits (hls/graphsage_layer_int8_po2.cpp:38:0)
INFO: [HLS 214-241] Aggregating scalar variable 'weights1_19_12' with compact=bit mode in 8-bits (hls/graphsage_layer_int8_po2.cpp:38:0)
INFO: [HLS 214-241] Aggregating scalar variable 'weights1_19_11' with compact=bit mode in 8-bits (hls/graphsage_layer_int8_po2.cpp:38:0)
INFO: [HLS 214-241] Aggregating scalar variable 'weights1_19_10' with compact=bit mode in 8-bits (hls/graphsage_layer_int8_po2.cpp:38:0)
INFO: [HLS 214-241] Aggregating scalar variable 'weights1_19_9' with compact=bit mode in 8-bits (hls/graphsage_layer_int8_po2.cpp:38:0)
INFO: [HLS 214-241] Aggregating scalar variable 'weights1_19_8' with compact=bit mode in 8-bits (hls/graphsage_layer_int8_po2.cpp:38:0)
INFO: [HLS 214-241] Aggregating scalar variable 'weights1_19_7' with compact=bit mode in 8-bits (hls/graphsage_layer_int8_po2.cpp:38:0)
INFO: [HLS 214-241] Aggregating scalar variable 'weights1_19_6' with compact=bit mode in 8-bits (hls/graphsage_layer_int8_po2.cpp:38:0)
INFO: [HLS 214-241] Aggregating scalar variable 'weights1_19_5' with compact=bit mode in 8-bits (hls/graphsage_layer_int8_po2.cpp:38:0)
INFO: [HLS 214-241] Aggregating scalar variable 'weights1_19_4' with compact=bit mode in 8-bits (hls/graphsage_layer_int8_po2.cpp:38:0)
INFO: [HLS 214-241] Aggregating scalar variable 'weights1_19_3' with compact=bit mode in 8-bits (hls/graphsage_layer_int8_po2.cpp:38:0)
INFO: [HLS 214-241] Aggregating scalar variable 'weights1_19_2' with compact=bit mode in 8-bits (hls/graphsage_layer_int8_po2.cpp:38:0)
INFO: [HLS 214-241] Aggregating scalar variable 'weights1_19_1' with compact=bit mode in 8-bits (hls/graphsage_layer_int8_po2.cpp:38:0)
INFO: [HLS 214-241] Aggregating scalar variable 'weights1_19_0' with compact=bit mode in 8-bits (hls/graphsage_layer_int8_po2.cpp:38:0)
INFO: [HLS 214-241] Aggregating scalar variable 'weights1_18_15' with compact=bit mode in 8-bits (hls/graphsage_layer_int8_po2.cpp:38:0)
INFO: [HLS 214-241] Aggregating scalar variable 'weights1_18_14' with compact=bit mode in 8-bits (hls/graphsage_layer_int8_po2.cpp:38:0)
INFO: [HLS 214-241] Aggregating scalar variable 'weights1_18_13' with compact=bit mode in 8-bits (hls/graphsage_layer_int8_po2.cpp:38:0)
INFO: [HLS 214-241] Aggregating scalar variable 'weights1_18_12' with compact=bit mode in 8-bits (hls/graphsage_layer_int8_po2.cpp:38:0)
INFO: [HLS 214-241] Aggregating scalar variable 'weights1_18_11' with compact=bit mode in 8-bits (hls/graphsage_layer_int8_po2.cpp:38:0)
INFO: [HLS 214-241] Aggregating scalar variable 'weights1_18_10' with compact=bit mode in 8-bits (hls/graphsage_layer_int8_po2.cpp:38:0)
INFO: [HLS 214-241] Aggregating scalar variable 'weights1_18_9' with compact=bit mode in 8-bits (hls/graphsage_layer_int8_po2.cpp:38:0)
INFO: [HLS 214-241] Aggregating scalar variable 'weights1_18_8' with compact=bit mode in 8-bits (hls/graphsage_layer_int8_po2.cpp:38:0)
INFO: [HLS 214-241] Aggregating scalar variable 'weights1_18_7' with compact=bit mode in 8-bits (hls/graphsage_layer_int8_po2.cpp:38:0)
INFO: [HLS 214-241] Aggregating scalar variable 'weights1_18_6' with compact=bit mode in 8-bits (hls/graphsage_layer_int8_po2.cpp:38:0)
INFO: [HLS 214-241] Aggregating scalar variable 'weights1_18_5' with compact=bit mode in 8-bits (hls/graphsage_layer_int8_po2.cpp:38:0)
INFO: [HLS 214-241] Aggregating scalar variable 'weights1_18_4' with compact=bit mode in 8-bits (hls/graphsage_layer_int8_po2.cpp:38:0)
INFO: [HLS 214-241] Aggregating scalar variable 'weights1_18_3' with compact=bit mode in 8-bits (hls/graphsage_layer_int8_po2.cpp:38:0)
INFO: [HLS 214-241] Aggregating scalar variable 'weights1_18_2' with compact=bit mode in 8-bits (hls/graphsage_layer_int8_po2.cpp:38:0)
INFO: [HLS 214-241] Aggregating scalar variable 'weights1_18_1' with compact=bit mode in 8-bits (hls/graphsage_layer_int8_po2.cpp:38:0)
INFO: [HLS 214-241] Aggregating scalar variable 'weights1_18_0' with compact=bit mode in 8-bits (hls/graphsage_layer_int8_po2.cpp:38:0)
INFO: [HLS 214-241] Aggregating scalar variable 'weights1_17_15' with compact=bit mode in 8-bits (hls/graphsage_layer_int8_po2.cpp:38:0)
INFO: [HLS 214-241] Aggregating scalar variable 'weights1_17_14' with compact=bit mode in 8-bits (hls/graphsage_layer_int8_po2.cpp:38:0)
INFO: [HLS 214-241] Aggregating scalar variable 'weights1_17_13' with compact=bit mode in 8-bits (hls/graphsage_layer_int8_po2.cpp:38:0)
INFO: [HLS 214-241] Aggregating scalar variable 'weights1_17_12' with compact=bit mode in 8-bits (hls/graphsage_layer_int8_po2.cpp:38:0)
INFO: [HLS 214-241] Aggregating scalar variable 'weights1_17_11' with compact=bit mode in 8-bits (hls/graphsage_layer_int8_po2.cpp:38:0)
INFO: [HLS 214-241] Aggregating scalar variable 'weights1_17_10' with compact=bit mode in 8-bits (hls/graphsage_layer_int8_po2.cpp:38:0)
INFO: [HLS 214-241] Aggregating scalar variable 'weights1_17_9' with compact=bit mode in 8-bits (hls/graphsage_layer_int8_po2.cpp:38:0)
INFO: [HLS 214-241] Aggregating scalar variable 'weights1_17_8' with compact=bit mode in 8-bits (hls/graphsage_layer_int8_po2.cpp:38:0)
INFO: [HLS 214-241] Aggregating scalar variable 'weights1_17_7' with compact=bit mode in 8-bits (hls/graphsage_layer_int8_po2.cpp:38:0)
INFO: [HLS 214-241] Aggregating scalar variable 'weights1_17_6' with compact=bit mode in 8-bits (hls/graphsage_layer_int8_po2.cpp:38:0)
INFO: [HLS 214-241] Aggregating scalar variable 'weights1_17_5' with compact=bit mode in 8-bits (hls/graphsage_layer_int8_po2.cpp:38:0)
INFO: [HLS 214-241] Aggregating scalar variable 'weights1_17_4' with compact=bit mode in 8-bits (hls/graphsage_layer_int8_po2.cpp:38:0)
INFO: [HLS 214-241] Aggregating scalar variable 'weights1_17_3' with compact=bit mode in 8-bits (hls/graphsage_layer_int8_po2.cpp:38:0)
INFO: [HLS 214-241] Aggregating scalar variable 'weights1_17_2' with compact=bit mode in 8-bits (hls/graphsage_layer_int8_po2.cpp:38:0)
INFO: [HLS 214-241] Aggregating scalar variable 'weights1_17_1' with compact=bit mode in 8-bits (hls/graphsage_layer_int8_po2.cpp:38:0)
INFO: [HLS 214-241] Aggregating scalar variable 'weights1_17_0' with compact=bit mode in 8-bits (hls/graphsage_layer_int8_po2.cpp:38:0)
INFO: [HLS 214-241] Aggregating scalar variable 'weights1_16_15' with compact=bit mode in 8-bits (hls/graphsage_layer_int8_po2.cpp:38:0)
INFO: [HLS 214-241] Aggregating scalar variable 'weights1_16_14' with compact=bit mode in 8-bits (hls/graphsage_layer_int8_po2.cpp:38:0)
INFO: [HLS 214-241] Aggregating scalar variable 'weights1_16_13' with compact=bit mode in 8-bits (hls/graphsage_layer_int8_po2.cpp:38:0)
INFO: [HLS 214-241] Aggregating scalar variable 'weights1_16_12' with compact=bit mode in 8-bits (hls/graphsage_layer_int8_po2.cpp:38:0)
INFO: [HLS 214-241] Aggregating scalar variable 'weights1_16_11' with compact=bit mode in 8-bits (hls/graphsage_layer_int8_po2.cpp:38:0)
INFO: [HLS 214-241] Aggregating scalar variable 'weights1_16_10' with compact=bit mode in 8-bits (hls/graphsage_layer_int8_po2.cpp:38:0)
INFO: [HLS 214-241] Aggregating scalar variable 'weights1_16_9' with compact=bit mode in 8-bits (hls/graphsage_layer_int8_po2.cpp:38:0)
INFO: [HLS 214-241] Aggregating scalar variable 'weights1_16_8' with compact=bit mode in 8-bits (hls/graphsage_layer_int8_po2.cpp:38:0)
INFO: [HLS 214-241] Aggregating scalar variable 'weights1_16_7' with compact=bit mode in 8-bits (hls/graphsage_layer_int8_po2.cpp:38:0)
INFO: [HLS 214-241] Aggregating scalar variable 'weights1_16_6' with compact=bit mode in 8-bits (hls/graphsage_layer_int8_po2.cpp:38:0)
INFO: [HLS 214-241] Aggregating scalar variable 'weights1_16_5' with compact=bit mode in 8-bits (hls/graphsage_layer_int8_po2.cpp:38:0)
INFO: [HLS 214-241] Aggregating scalar variable 'weights1_16_4' with compact=bit mode in 8-bits (hls/graphsage_layer_int8_po2.cpp:38:0)
INFO: [HLS 214-241] Aggregating scalar variable 'weights1_16_3' with compact=bit mode in 8-bits (hls/graphsage_layer_int8_po2.cpp:38:0)
INFO: [HLS 214-241] Aggregating scalar variable 'weights1_16_2' with compact=bit mode in 8-bits (hls/graphsage_layer_int8_po2.cpp:38:0)
INFO: [HLS 214-241] Aggregating scalar variable 'weights1_16_1' with compact=bit mode in 8-bits (hls/graphsage_layer_int8_po2.cpp:38:0)
INFO: [HLS 214-241] Aggregating scalar variable 'weights1_16_0' with compact=bit mode in 8-bits (hls/graphsage_layer_int8_po2.cpp:38:0)
INFO: [HLS 214-241] Aggregating scalar variable 'weights1_15_15' with compact=bit mode in 8-bits (hls/graphsage_layer_int8_po2.cpp:38:0)
INFO: [HLS 214-241] Aggregating scalar variable 'weights1_15_14' with compact=bit mode in 8-bits (hls/graphsage_layer_int8_po2.cpp:38:0)
INFO: [HLS 214-241] Aggregating scalar variable 'weights1_15_13' with compact=bit mode in 8-bits (hls/graphsage_layer_int8_po2.cpp:38:0)
INFO: [HLS 214-241] Aggregating scalar variable 'weights1_15_12' with compact=bit mode in 8-bits (hls/graphsage_layer_int8_po2.cpp:38:0)
INFO: [HLS 214-241] Aggregating scalar variable 'weights1_15_11' with compact=bit mode in 8-bits (hls/graphsage_layer_int8_po2.cpp:38:0)
INFO: [HLS 214-241] Aggregating scalar variable 'weights1_15_10' with compact=bit mode in 8-bits (hls/graphsage_layer_int8_po2.cpp:38:0)
INFO: [HLS 214-241] Aggregating scalar variable 'weights1_15_9' with compact=bit mode in 8-bits (hls/graphsage_layer_int8_po2.cpp:38:0)
INFO: [HLS 214-241] Aggregating scalar variable 'weights1_15_8' with compact=bit mode in 8-bits (hls/graphsage_layer_int8_po2.cpp:38:0)
INFO: [HLS 214-241] Aggregating scalar variable 'weights1_15_7' with compact=bit mode in 8-bits (hls/graphsage_layer_int8_po2.cpp:38:0)
INFO: [HLS 214-241] Aggregating scalar variable 'weights1_15_6' with compact=bit mode in 8-bits (hls/graphsage_layer_int8_po2.cpp:38:0)
INFO: [HLS 214-241] Aggregating scalar variable 'weights1_15_5' with compact=bit mode in 8-bits (hls/graphsage_layer_int8_po2.cpp:38:0)
INFO: [HLS 214-241] Aggregating scalar variable 'weights1_15_4' with compact=bit mode in 8-bits (hls/graphsage_layer_int8_po2.cpp:38:0)
INFO: [HLS 214-241] Aggregating scalar variable 'weights1_15_3' with compact=bit mode in 8-bits (hls/graphsage_layer_int8_po2.cpp:38:0)
INFO: [HLS 214-241] Aggregating scalar variable 'weights1_15_2' with compact=bit mode in 8-bits (hls/graphsage_layer_int8_po2.cpp:38:0)
INFO: [HLS 214-241] Aggregating scalar variable 'weights1_15_1' with compact=bit mode in 8-bits (hls/graphsage_layer_int8_po2.cpp:38:0)
INFO: [HLS 214-241] Aggregating scalar variable 'weights1_15_0' with compact=bit mode in 8-bits (hls/graphsage_layer_int8_po2.cpp:38:0)
INFO: [HLS 214-241] Aggregating scalar variable 'weights1_14_15' with compact=bit mode in 8-bits (hls/graphsage_layer_int8_po2.cpp:38:0)
INFO: [HLS 214-241] Aggregating scalar variable 'weights1_14_14' with compact=bit mode in 8-bits (hls/graphsage_layer_int8_po2.cpp:38:0)
INFO: [HLS 214-241] Aggregating scalar variable 'weights1_14_13' with compact=bit mode in 8-bits (hls/graphsage_layer_int8_po2.cpp:38:0)
INFO: [HLS 214-241] Aggregating scalar variable 'weights1_14_12' with compact=bit mode in 8-bits (hls/graphsage_layer_int8_po2.cpp:38:0)
INFO: [HLS 214-241] Aggregating scalar variable 'weights1_14_11' with compact=bit mode in 8-bits (hls/graphsage_layer_int8_po2.cpp:38:0)
INFO: [HLS 214-241] Aggregating scalar variable 'weights1_14_10' with compact=bit mode in 8-bits (hls/graphsage_layer_int8_po2.cpp:38:0)
INFO: [HLS 214-241] Aggregating scalar variable 'weights1_14_9' with compact=bit mode in 8-bits (hls/graphsage_layer_int8_po2.cpp:38:0)
INFO: [HLS 214-241] Aggregating scalar variable 'weights1_14_8' with compact=bit mode in 8-bits (hls/graphsage_layer_int8_po2.cpp:38:0)
INFO: [HLS 214-241] Aggregating scalar variable 'weights1_14_7' with compact=bit mode in 8-bits (hls/graphsage_layer_int8_po2.cpp:38:0)
INFO: [HLS 214-241] Aggregating scalar variable 'weights1_14_6' with compact=bit mode in 8-bits (hls/graphsage_layer_int8_po2.cpp:38:0)
INFO: [HLS 214-241] Aggregating scalar variable 'weights1_14_5' with compact=bit mode in 8-bits (hls/graphsage_layer_int8_po2.cpp:38:0)
INFO: [HLS 214-241] Aggregating scalar variable 'weights1_14_4' with compact=bit mode in 8-bits (hls/graphsage_layer_int8_po2.cpp:38:0)
INFO: [HLS 214-241] Aggregating scalar variable 'weights1_14_3' with compact=bit mode in 8-bits (hls/graphsage_layer_int8_po2.cpp:38:0)
INFO: [HLS 214-241] Aggregating scalar variable 'weights1_14_2' with compact=bit mode in 8-bits (hls/graphsage_layer_int8_po2.cpp:38:0)
INFO: [HLS 214-241] Aggregating scalar variable 'weights1_14_1' with compact=bit mode in 8-bits (hls/graphsage_layer_int8_po2.cpp:38:0)
INFO: [HLS 214-241] Aggregating scalar variable 'weights1_14_0' with compact=bit mode in 8-bits (hls/graphsage_layer_int8_po2.cpp:38:0)
INFO: [HLS 214-241] Aggregating scalar variable 'weights1_13_15' with compact=bit mode in 8-bits (hls/graphsage_layer_int8_po2.cpp:38:0)
INFO: [HLS 214-241] Aggregating scalar variable 'weights1_13_14' with compact=bit mode in 8-bits (hls/graphsage_layer_int8_po2.cpp:38:0)
INFO: [HLS 214-241] Aggregating scalar variable 'weights1_13_13' with compact=bit mode in 8-bits (hls/graphsage_layer_int8_po2.cpp:38:0)
INFO: [HLS 214-241] Aggregating scalar variable 'weights1_13_12' with compact=bit mode in 8-bits (hls/graphsage_layer_int8_po2.cpp:38:0)
INFO: [HLS 214-241] Aggregating scalar variable 'weights1_13_11' with compact=bit mode in 8-bits (hls/graphsage_layer_int8_po2.cpp:38:0)
INFO: [HLS 214-241] Aggregating scalar variable 'weights1_13_10' with compact=bit mode in 8-bits (hls/graphsage_layer_int8_po2.cpp:38:0)
INFO: [HLS 214-241] Aggregating scalar variable 'weights1_13_9' with compact=bit mode in 8-bits (hls/graphsage_layer_int8_po2.cpp:38:0)
INFO: [HLS 214-241] Aggregating scalar variable 'weights1_13_8' with compact=bit mode in 8-bits (hls/graphsage_layer_int8_po2.cpp:38:0)
INFO: [HLS 214-241] Aggregating scalar variable 'weights1_13_7' with compact=bit mode in 8-bits (hls/graphsage_layer_int8_po2.cpp:38:0)
INFO: [HLS 214-241] Aggregating scalar variable 'weights1_13_6' with compact=bit mode in 8-bits (hls/graphsage_layer_int8_po2.cpp:38:0)
INFO: [HLS 214-241] Aggregating scalar variable 'weights1_13_5' with compact=bit mode in 8-bits (hls/graphsage_layer_int8_po2.cpp:38:0)
INFO: [HLS 214-241] Aggregating scalar variable 'weights1_13_4' with compact=bit mode in 8-bits (hls/graphsage_layer_int8_po2.cpp:38:0)
INFO: [HLS 214-241] Aggregating scalar variable 'weights1_13_3' with compact=bit mode in 8-bits (hls/graphsage_layer_int8_po2.cpp:38:0)
INFO: [HLS 214-241] Aggregating scalar variable 'weights1_13_2' with compact=bit mode in 8-bits (hls/graphsage_layer_int8_po2.cpp:38:0)
INFO: [HLS 214-241] Aggregating scalar variable 'weights1_13_1' with compact=bit mode in 8-bits (hls/graphsage_layer_int8_po2.cpp:38:0)
INFO: [HLS 214-241] Aggregating scalar variable 'weights1_13_0' with compact=bit mode in 8-bits (hls/graphsage_layer_int8_po2.cpp:38:0)
INFO: [HLS 214-241] Aggregating scalar variable 'weights1_12_15' with compact=bit mode in 8-bits (hls/graphsage_layer_int8_po2.cpp:38:0)
INFO: [HLS 214-241] Aggregating scalar variable 'weights1_12_14' with compact=bit mode in 8-bits (hls/graphsage_layer_int8_po2.cpp:38:0)
INFO: [HLS 214-241] Aggregating scalar variable 'weights1_12_13' with compact=bit mode in 8-bits (hls/graphsage_layer_int8_po2.cpp:38:0)
INFO: [HLS 214-241] Aggregating scalar variable 'weights1_12_12' with compact=bit mode in 8-bits (hls/graphsage_layer_int8_po2.cpp:38:0)
INFO: [HLS 214-241] Aggregating scalar variable 'weights1_12_11' with compact=bit mode in 8-bits (hls/graphsage_layer_int8_po2.cpp:38:0)
INFO: [HLS 214-241] Aggregating scalar variable 'weights1_12_10' with compact=bit mode in 8-bits (hls/graphsage_layer_int8_po2.cpp:38:0)
INFO: [HLS 214-241] Aggregating scalar variable 'weights1_12_9' with compact=bit mode in 8-bits (hls/graphsage_layer_int8_po2.cpp:38:0)
INFO: [HLS 214-241] Aggregating scalar variable 'weights1_12_8' with compact=bit mode in 8-bits (hls/graphsage_layer_int8_po2.cpp:38:0)
INFO: [HLS 214-241] Aggregating scalar variable 'weights1_12_7' with compact=bit mode in 8-bits (hls/graphsage_layer_int8_po2.cpp:38:0)
INFO: [HLS 214-241] Aggregating scalar variable 'weights1_12_6' with compact=bit mode in 8-bits (hls/graphsage_layer_int8_po2.cpp:38:0)
INFO: [HLS 214-241] Aggregating scalar variable 'weights1_12_5' with compact=bit mode in 8-bits (hls/graphsage_layer_int8_po2.cpp:38:0)
INFO: [HLS 214-241] Aggregating scalar variable 'weights1_12_4' with compact=bit mode in 8-bits (hls/graphsage_layer_int8_po2.cpp:38:0)
INFO: [HLS 214-241] Aggregating scalar variable 'weights1_12_3' with compact=bit mode in 8-bits (hls/graphsage_layer_int8_po2.cpp:38:0)
INFO: [HLS 214-241] Aggregating scalar variable 'weights1_12_2' with compact=bit mode in 8-bits (hls/graphsage_layer_int8_po2.cpp:38:0)
INFO: [HLS 214-241] Aggregating scalar variable 'weights1_12_1' with compact=bit mode in 8-bits (hls/graphsage_layer_int8_po2.cpp:38:0)
INFO: [HLS 214-241] Aggregating scalar variable 'weights1_12_0' with compact=bit mode in 8-bits (hls/graphsage_layer_int8_po2.cpp:38:0)
INFO: [HLS 214-241] Aggregating scalar variable 'weights1_11_15' with compact=bit mode in 8-bits (hls/graphsage_layer_int8_po2.cpp:38:0)
INFO: [HLS 214-241] Aggregating scalar variable 'weights1_11_14' with compact=bit mode in 8-bits (hls/graphsage_layer_int8_po2.cpp:38:0)
INFO: [HLS 214-241] Aggregating scalar variable 'weights1_11_13' with compact=bit mode in 8-bits (hls/graphsage_layer_int8_po2.cpp:38:0)
INFO: [HLS 214-241] Aggregating scalar variable 'weights1_11_12' with compact=bit mode in 8-bits (hls/graphsage_layer_int8_po2.cpp:38:0)
INFO: [HLS 214-241] Aggregating scalar variable 'weights1_11_11' with compact=bit mode in 8-bits (hls/graphsage_layer_int8_po2.cpp:38:0)
INFO: [HLS 214-241] Aggregating scalar variable 'weights1_11_10' with compact=bit mode in 8-bits (hls/graphsage_layer_int8_po2.cpp:38:0)
INFO: [HLS 214-241] Aggregating scalar variable 'weights1_11_9' with compact=bit mode in 8-bits (hls/graphsage_layer_int8_po2.cpp:38:0)
INFO: [HLS 214-241] Aggregating scalar variable 'weights1_11_8' with compact=bit mode in 8-bits (hls/graphsage_layer_int8_po2.cpp:38:0)
INFO: [HLS 214-241] Aggregating scalar variable 'weights1_11_7' with compact=bit mode in 8-bits (hls/graphsage_layer_int8_po2.cpp:38:0)
INFO: [HLS 214-241] Aggregating scalar variable 'weights1_11_6' with compact=bit mode in 8-bits (hls/graphsage_layer_int8_po2.cpp:38:0)
INFO: [HLS 214-241] Aggregating scalar variable 'weights1_11_5' with compact=bit mode in 8-bits (hls/graphsage_layer_int8_po2.cpp:38:0)
INFO: [HLS 214-241] Aggregating scalar variable 'weights1_11_4' with compact=bit mode in 8-bits (hls/graphsage_layer_int8_po2.cpp:38:0)
INFO: [HLS 214-241] Aggregating scalar variable 'weights1_11_3' with compact=bit mode in 8-bits (hls/graphsage_layer_int8_po2.cpp:38:0)
INFO: [HLS 214-241] Aggregating scalar variable 'weights1_11_2' with compact=bit mode in 8-bits (hls/graphsage_layer_int8_po2.cpp:38:0)
INFO: [HLS 214-241] Aggregating scalar variable 'weights1_11_1' with compact=bit mode in 8-bits (hls/graphsage_layer_int8_po2.cpp:38:0)
INFO: [HLS 214-241] Aggregating scalar variable 'weights1_11_0' with compact=bit mode in 8-bits (hls/graphsage_layer_int8_po2.cpp:38:0)
INFO: [HLS 214-241] Aggregating scalar variable 'weights1_10_15' with compact=bit mode in 8-bits (hls/graphsage_layer_int8_po2.cpp:38:0)
INFO: [HLS 214-241] Aggregating scalar variable 'weights1_10_14' with compact=bit mode in 8-bits (hls/graphsage_layer_int8_po2.cpp:38:0)
INFO: [HLS 214-241] Aggregating scalar variable 'weights1_10_13' with compact=bit mode in 8-bits (hls/graphsage_layer_int8_po2.cpp:38:0)
INFO: [HLS 214-241] Aggregating scalar variable 'weights1_10_12' with compact=bit mode in 8-bits (hls/graphsage_layer_int8_po2.cpp:38:0)
INFO: [HLS 214-241] Aggregating scalar variable 'weights1_10_11' with compact=bit mode in 8-bits (hls/graphsage_layer_int8_po2.cpp:38:0)
INFO: [HLS 214-241] Aggregating scalar variable 'weights1_10_10' with compact=bit mode in 8-bits (hls/graphsage_layer_int8_po2.cpp:38:0)
INFO: [HLS 214-241] Aggregating scalar variable 'weights1_10_9' with compact=bit mode in 8-bits (hls/graphsage_layer_int8_po2.cpp:38:0)
INFO: [HLS 214-241] Aggregating scalar variable 'weights1_10_8' with compact=bit mode in 8-bits (hls/graphsage_layer_int8_po2.cpp:38:0)
INFO: [HLS 214-241] Aggregating scalar variable 'weights1_10_7' with compact=bit mode in 8-bits (hls/graphsage_layer_int8_po2.cpp:38:0)
INFO: [HLS 214-241] Aggregating scalar variable 'weights1_10_6' with compact=bit mode in 8-bits (hls/graphsage_layer_int8_po2.cpp:38:0)
INFO: [HLS 214-241] Aggregating scalar variable 'weights1_10_5' with compact=bit mode in 8-bits (hls/graphsage_layer_int8_po2.cpp:38:0)
INFO: [HLS 214-241] Aggregating scalar variable 'weights1_10_4' with compact=bit mode in 8-bits (hls/graphsage_layer_int8_po2.cpp:38:0)
INFO: [HLS 214-241] Aggregating scalar variable 'weights1_10_3' with compact=bit mode in 8-bits (hls/graphsage_layer_int8_po2.cpp:38:0)
INFO: [HLS 214-241] Aggregating scalar variable 'weights1_10_2' with compact=bit mode in 8-bits (hls/graphsage_layer_int8_po2.cpp:38:0)
INFO: [HLS 214-241] Aggregating scalar variable 'weights1_10_1' with compact=bit mode in 8-bits (hls/graphsage_layer_int8_po2.cpp:38:0)
INFO: [HLS 214-241] Aggregating scalar variable 'weights1_10_0' with compact=bit mode in 8-bits (hls/graphsage_layer_int8_po2.cpp:38:0)
INFO: [HLS 214-241] Aggregating scalar variable 'weights1_9_15' with compact=bit mode in 8-bits (hls/graphsage_layer_int8_po2.cpp:38:0)
INFO: [HLS 214-241] Aggregating scalar variable 'weights1_9_14' with compact=bit mode in 8-bits (hls/graphsage_layer_int8_po2.cpp:38:0)
INFO: [HLS 214-241] Aggregating scalar variable 'weights1_9_13' with compact=bit mode in 8-bits (hls/graphsage_layer_int8_po2.cpp:38:0)
INFO: [HLS 214-241] Aggregating scalar variable 'weights1_9_12' with compact=bit mode in 8-bits (hls/graphsage_layer_int8_po2.cpp:38:0)
INFO: [HLS 214-241] Aggregating scalar variable 'weights1_9_11' with compact=bit mode in 8-bits (hls/graphsage_layer_int8_po2.cpp:38:0)
INFO: [HLS 214-241] Aggregating scalar variable 'weights1_9_10' with compact=bit mode in 8-bits (hls/graphsage_layer_int8_po2.cpp:38:0)
INFO: [HLS 214-241] Aggregating scalar variable 'weights1_9_9' with compact=bit mode in 8-bits (hls/graphsage_layer_int8_po2.cpp:38:0)
INFO: [HLS 214-241] Aggregating scalar variable 'weights1_9_8' with compact=bit mode in 8-bits (hls/graphsage_layer_int8_po2.cpp:38:0)
INFO: [HLS 214-241] Aggregating scalar variable 'weights1_9_7' with compact=bit mode in 8-bits (hls/graphsage_layer_int8_po2.cpp:38:0)
INFO: [HLS 214-241] Aggregating scalar variable 'weights1_9_6' with compact=bit mode in 8-bits (hls/graphsage_layer_int8_po2.cpp:38:0)
INFO: [HLS 214-241] Aggregating scalar variable 'weights1_9_5' with compact=bit mode in 8-bits (hls/graphsage_layer_int8_po2.cpp:38:0)
INFO: [HLS 214-241] Aggregating scalar variable 'weights1_9_4' with compact=bit mode in 8-bits (hls/graphsage_layer_int8_po2.cpp:38:0)
INFO: [HLS 214-241] Aggregating scalar variable 'weights1_9_3' with compact=bit mode in 8-bits (hls/graphsage_layer_int8_po2.cpp:38:0)
INFO: [HLS 214-241] Aggregating scalar variable 'weights1_9_2' with compact=bit mode in 8-bits (hls/graphsage_layer_int8_po2.cpp:38:0)
INFO: [HLS 214-241] Aggregating scalar variable 'weights1_9_1' with compact=bit mode in 8-bits (hls/graphsage_layer_int8_po2.cpp:38:0)
INFO: [HLS 214-241] Aggregating scalar variable 'weights1_9_0' with compact=bit mode in 8-bits (hls/graphsage_layer_int8_po2.cpp:38:0)
INFO: [HLS 214-241] Aggregating scalar variable 'weights1_8_15' with compact=bit mode in 8-bits (hls/graphsage_layer_int8_po2.cpp:38:0)
INFO: [HLS 214-241] Aggregating scalar variable 'weights1_8_14' with compact=bit mode in 8-bits (hls/graphsage_layer_int8_po2.cpp:38:0)
INFO: [HLS 214-241] Aggregating scalar variable 'weights1_8_13' with compact=bit mode in 8-bits (hls/graphsage_layer_int8_po2.cpp:38:0)
INFO: [HLS 214-241] Aggregating scalar variable 'weights1_8_12' with compact=bit mode in 8-bits (hls/graphsage_layer_int8_po2.cpp:38:0)
INFO: [HLS 214-241] Aggregating scalar variable 'weights1_8_11' with compact=bit mode in 8-bits (hls/graphsage_layer_int8_po2.cpp:38:0)
INFO: [HLS 214-241] Aggregating scalar variable 'weights1_8_10' with compact=bit mode in 8-bits (hls/graphsage_layer_int8_po2.cpp:38:0)
INFO: [HLS 214-241] Aggregating scalar variable 'weights1_8_9' with compact=bit mode in 8-bits (hls/graphsage_layer_int8_po2.cpp:38:0)
INFO: [HLS 214-241] Aggregating scalar variable 'weights1_8_8' with compact=bit mode in 8-bits (hls/graphsage_layer_int8_po2.cpp:38:0)
INFO: [HLS 214-241] Aggregating scalar variable 'weights1_8_7' with compact=bit mode in 8-bits (hls/graphsage_layer_int8_po2.cpp:38:0)
INFO: [HLS 214-241] Aggregating scalar variable 'weights1_8_6' with compact=bit mode in 8-bits (hls/graphsage_layer_int8_po2.cpp:38:0)
INFO: [HLS 214-241] Aggregating scalar variable 'weights1_8_5' with compact=bit mode in 8-bits (hls/graphsage_layer_int8_po2.cpp:38:0)
INFO: [HLS 214-241] Aggregating scalar variable 'weights1_8_4' with compact=bit mode in 8-bits (hls/graphsage_layer_int8_po2.cpp:38:0)
INFO: [HLS 214-241] Aggregating scalar variable 'weights1_8_3' with compact=bit mode in 8-bits (hls/graphsage_layer_int8_po2.cpp:38:0)
INFO: [HLS 214-241] Aggregating scalar variable 'weights1_8_2' with compact=bit mode in 8-bits (hls/graphsage_layer_int8_po2.cpp:38:0)
INFO: [HLS 214-241] Aggregating scalar variable 'weights1_8_1' with compact=bit mode in 8-bits (hls/graphsage_layer_int8_po2.cpp:38:0)
INFO: [HLS 214-241] Aggregating scalar variable 'weights1_8_0' with compact=bit mode in 8-bits (hls/graphsage_layer_int8_po2.cpp:38:0)
INFO: [HLS 214-241] Aggregating scalar variable 'weights1_7_15' with compact=bit mode in 8-bits (hls/graphsage_layer_int8_po2.cpp:38:0)
INFO: [HLS 214-241] Aggregating scalar variable 'weights1_7_14' with compact=bit mode in 8-bits (hls/graphsage_layer_int8_po2.cpp:38:0)
INFO: [HLS 214-241] Aggregating scalar variable 'weights1_7_13' with compact=bit mode in 8-bits (hls/graphsage_layer_int8_po2.cpp:38:0)
INFO: [HLS 214-241] Aggregating scalar variable 'weights1_7_12' with compact=bit mode in 8-bits (hls/graphsage_layer_int8_po2.cpp:38:0)
INFO: [HLS 214-241] Aggregating scalar variable 'weights1_7_11' with compact=bit mode in 8-bits (hls/graphsage_layer_int8_po2.cpp:38:0)
INFO: [HLS 214-241] Aggregating scalar variable 'weights1_7_10' with compact=bit mode in 8-bits (hls/graphsage_layer_int8_po2.cpp:38:0)
INFO: [HLS 214-241] Aggregating scalar variable 'weights1_7_9' with compact=bit mode in 8-bits (hls/graphsage_layer_int8_po2.cpp:38:0)
INFO: [HLS 214-241] Aggregating scalar variable 'weights1_7_8' with compact=bit mode in 8-bits (hls/graphsage_layer_int8_po2.cpp:38:0)
INFO: [HLS 214-241] Aggregating scalar variable 'weights1_7_7' with compact=bit mode in 8-bits (hls/graphsage_layer_int8_po2.cpp:38:0)
INFO: [HLS 214-241] Aggregating scalar variable 'weights1_7_6' with compact=bit mode in 8-bits (hls/graphsage_layer_int8_po2.cpp:38:0)
INFO: [HLS 214-241] Aggregating scalar variable 'weights1_7_5' with compact=bit mode in 8-bits (hls/graphsage_layer_int8_po2.cpp:38:0)
INFO: [HLS 214-241] Aggregating scalar variable 'weights1_7_4' with compact=bit mode in 8-bits (hls/graphsage_layer_int8_po2.cpp:38:0)
INFO: [HLS 214-241] Aggregating scalar variable 'weights1_7_3' with compact=bit mode in 8-bits (hls/graphsage_layer_int8_po2.cpp:38:0)
INFO: [HLS 214-241] Aggregating scalar variable 'weights1_7_2' with compact=bit mode in 8-bits (hls/graphsage_layer_int8_po2.cpp:38:0)
INFO: [HLS 214-241] Aggregating scalar variable 'weights1_7_1' with compact=bit mode in 8-bits (hls/graphsage_layer_int8_po2.cpp:38:0)
INFO: [HLS 214-241] Aggregating scalar variable 'weights1_7_0' with compact=bit mode in 8-bits (hls/graphsage_layer_int8_po2.cpp:38:0)
INFO: [HLS 214-241] Aggregating scalar variable 'weights1_6_15' with compact=bit mode in 8-bits (hls/graphsage_layer_int8_po2.cpp:38:0)
INFO: [HLS 214-241] Aggregating scalar variable 'weights1_6_14' with compact=bit mode in 8-bits (hls/graphsage_layer_int8_po2.cpp:38:0)
INFO: [HLS 214-241] Aggregating scalar variable 'weights1_6_13' with compact=bit mode in 8-bits (hls/graphsage_layer_int8_po2.cpp:38:0)
INFO: [HLS 214-241] Aggregating scalar variable 'weights1_6_12' with compact=bit mode in 8-bits (hls/graphsage_layer_int8_po2.cpp:38:0)
INFO: [HLS 214-241] Aggregating scalar variable 'weights1_6_11' with compact=bit mode in 8-bits (hls/graphsage_layer_int8_po2.cpp:38:0)
INFO: [HLS 214-241] Aggregating scalar variable 'weights1_6_10' with compact=bit mode in 8-bits (hls/graphsage_layer_int8_po2.cpp:38:0)
INFO: [HLS 214-241] Aggregating scalar variable 'weights1_6_9' with compact=bit mode in 8-bits (hls/graphsage_layer_int8_po2.cpp:38:0)
INFO: [HLS 214-241] Aggregating scalar variable 'weights1_6_8' with compact=bit mode in 8-bits (hls/graphsage_layer_int8_po2.cpp:38:0)
INFO: [HLS 214-241] Aggregating scalar variable 'weights1_6_7' with compact=bit mode in 8-bits (hls/graphsage_layer_int8_po2.cpp:38:0)
INFO: [HLS 214-241] Aggregating scalar variable 'weights1_6_6' with compact=bit mode in 8-bits (hls/graphsage_layer_int8_po2.cpp:38:0)
INFO: [HLS 214-241] Aggregating scalar variable 'weights1_6_5' with compact=bit mode in 8-bits (hls/graphsage_layer_int8_po2.cpp:38:0)
INFO: [HLS 214-241] Aggregating scalar variable 'weights1_6_4' with compact=bit mode in 8-bits (hls/graphsage_layer_int8_po2.cpp:38:0)
INFO: [HLS 214-241] Aggregating scalar variable 'weights1_6_3' with compact=bit mode in 8-bits (hls/graphsage_layer_int8_po2.cpp:38:0)
INFO: [HLS 214-241] Aggregating scalar variable 'weights1_6_2' with compact=bit mode in 8-bits (hls/graphsage_layer_int8_po2.cpp:38:0)
INFO: [HLS 214-241] Aggregating scalar variable 'weights1_6_1' with compact=bit mode in 8-bits (hls/graphsage_layer_int8_po2.cpp:38:0)
INFO: [HLS 214-241] Aggregating scalar variable 'weights1_6_0' with compact=bit mode in 8-bits (hls/graphsage_layer_int8_po2.cpp:38:0)
INFO: [HLS 214-241] Aggregating scalar variable 'weights1_5_15' with compact=bit mode in 8-bits (hls/graphsage_layer_int8_po2.cpp:38:0)
INFO: [HLS 214-241] Aggregating scalar variable 'weights1_5_14' with compact=bit mode in 8-bits (hls/graphsage_layer_int8_po2.cpp:38:0)
INFO: [HLS 214-241] Aggregating scalar variable 'weights1_5_13' with compact=bit mode in 8-bits (hls/graphsage_layer_int8_po2.cpp:38:0)
INFO: [HLS 214-241] Aggregating scalar variable 'weights1_5_12' with compact=bit mode in 8-bits (hls/graphsage_layer_int8_po2.cpp:38:0)
INFO: [HLS 214-241] Aggregating scalar variable 'weights1_5_11' with compact=bit mode in 8-bits (hls/graphsage_layer_int8_po2.cpp:38:0)
INFO: [HLS 214-241] Aggregating scalar variable 'weights1_5_10' with compact=bit mode in 8-bits (hls/graphsage_layer_int8_po2.cpp:38:0)
INFO: [HLS 214-241] Aggregating scalar variable 'weights1_5_9' with compact=bit mode in 8-bits (hls/graphsage_layer_int8_po2.cpp:38:0)
INFO: [HLS 214-241] Aggregating scalar variable 'weights1_5_8' with compact=bit mode in 8-bits (hls/graphsage_layer_int8_po2.cpp:38:0)
INFO: [HLS 214-241] Aggregating scalar variable 'weights1_5_7' with compact=bit mode in 8-bits (hls/graphsage_layer_int8_po2.cpp:38:0)
INFO: [HLS 214-241] Aggregating scalar variable 'weights1_5_6' with compact=bit mode in 8-bits (hls/graphsage_layer_int8_po2.cpp:38:0)
INFO: [HLS 214-241] Aggregating scalar variable 'weights1_5_5' with compact=bit mode in 8-bits (hls/graphsage_layer_int8_po2.cpp:38:0)
INFO: [HLS 214-241] Aggregating scalar variable 'weights1_5_4' with compact=bit mode in 8-bits (hls/graphsage_layer_int8_po2.cpp:38:0)
INFO: [HLS 214-241] Aggregating scalar variable 'weights1_5_3' with compact=bit mode in 8-bits (hls/graphsage_layer_int8_po2.cpp:38:0)
INFO: [HLS 214-241] Aggregating scalar variable 'weights1_5_2' with compact=bit mode in 8-bits (hls/graphsage_layer_int8_po2.cpp:38:0)
INFO: [HLS 214-241] Aggregating scalar variable 'weights1_5_1' with compact=bit mode in 8-bits (hls/graphsage_layer_int8_po2.cpp:38:0)
INFO: [HLS 214-241] Aggregating scalar variable 'weights1_5_0' with compact=bit mode in 8-bits (hls/graphsage_layer_int8_po2.cpp:38:0)
INFO: [HLS 214-241] Aggregating scalar variable 'weights1_4_15' with compact=bit mode in 8-bits (hls/graphsage_layer_int8_po2.cpp:38:0)
INFO: [HLS 214-241] Aggregating scalar variable 'weights1_4_14' with compact=bit mode in 8-bits (hls/graphsage_layer_int8_po2.cpp:38:0)
INFO: [HLS 214-241] Aggregating scalar variable 'weights1_4_13' with compact=bit mode in 8-bits (hls/graphsage_layer_int8_po2.cpp:38:0)
INFO: [HLS 214-241] Aggregating scalar variable 'weights1_4_12' with compact=bit mode in 8-bits (hls/graphsage_layer_int8_po2.cpp:38:0)
INFO: [HLS 214-241] Aggregating scalar variable 'weights1_4_11' with compact=bit mode in 8-bits (hls/graphsage_layer_int8_po2.cpp:38:0)
INFO: [HLS 214-241] Aggregating scalar variable 'weights1_4_10' with compact=bit mode in 8-bits (hls/graphsage_layer_int8_po2.cpp:38:0)
INFO: [HLS 214-241] Aggregating scalar variable 'weights1_4_9' with compact=bit mode in 8-bits (hls/graphsage_layer_int8_po2.cpp:38:0)
INFO: [HLS 214-241] Aggregating scalar variable 'weights1_4_8' with compact=bit mode in 8-bits (hls/graphsage_layer_int8_po2.cpp:38:0)
INFO: [HLS 214-241] Aggregating scalar variable 'weights1_4_7' with compact=bit mode in 8-bits (hls/graphsage_layer_int8_po2.cpp:38:0)
INFO: [HLS 214-241] Aggregating scalar variable 'weights1_4_6' with compact=bit mode in 8-bits (hls/graphsage_layer_int8_po2.cpp:38:0)
INFO: [HLS 214-241] Aggregating scalar variable 'weights1_4_5' with compact=bit mode in 8-bits (hls/graphsage_layer_int8_po2.cpp:38:0)
INFO: [HLS 214-241] Aggregating scalar variable 'weights1_4_4' with compact=bit mode in 8-bits (hls/graphsage_layer_int8_po2.cpp:38:0)
INFO: [HLS 214-241] Aggregating scalar variable 'weights1_4_3' with compact=bit mode in 8-bits (hls/graphsage_layer_int8_po2.cpp:38:0)
INFO: [HLS 214-241] Aggregating scalar variable 'weights1_4_2' with compact=bit mode in 8-bits (hls/graphsage_layer_int8_po2.cpp:38:0)
INFO: [HLS 214-241] Aggregating scalar variable 'weights1_4_1' with compact=bit mode in 8-bits (hls/graphsage_layer_int8_po2.cpp:38:0)
INFO: [HLS 214-241] Aggregating scalar variable 'weights1_4_0' with compact=bit mode in 8-bits (hls/graphsage_layer_int8_po2.cpp:38:0)
INFO: [HLS 214-241] Aggregating scalar variable 'weights1_3_15' with compact=bit mode in 8-bits (hls/graphsage_layer_int8_po2.cpp:38:0)
INFO: [HLS 214-241] Aggregating scalar variable 'weights1_3_14' with compact=bit mode in 8-bits (hls/graphsage_layer_int8_po2.cpp:38:0)
INFO: [HLS 214-241] Aggregating scalar variable 'weights1_3_13' with compact=bit mode in 8-bits (hls/graphsage_layer_int8_po2.cpp:38:0)
INFO: [HLS 214-241] Aggregating scalar variable 'weights1_3_12' with compact=bit mode in 8-bits (hls/graphsage_layer_int8_po2.cpp:38:0)
INFO: [HLS 214-241] Aggregating scalar variable 'weights1_3_11' with compact=bit mode in 8-bits (hls/graphsage_layer_int8_po2.cpp:38:0)
INFO: [HLS 214-241] Aggregating scalar variable 'weights1_3_10' with compact=bit mode in 8-bits (hls/graphsage_layer_int8_po2.cpp:38:0)
INFO: [HLS 214-241] Aggregating scalar variable 'weights1_3_9' with compact=bit mode in 8-bits (hls/graphsage_layer_int8_po2.cpp:38:0)
INFO: [HLS 214-241] Aggregating scalar variable 'weights1_3_8' with compact=bit mode in 8-bits (hls/graphsage_layer_int8_po2.cpp:38:0)
INFO: [HLS 214-241] Aggregating scalar variable 'weights1_3_7' with compact=bit mode in 8-bits (hls/graphsage_layer_int8_po2.cpp:38:0)
INFO: [HLS 214-241] Aggregating scalar variable 'weights1_3_6' with compact=bit mode in 8-bits (hls/graphsage_layer_int8_po2.cpp:38:0)
INFO: [HLS 214-241] Aggregating scalar variable 'weights1_3_5' with compact=bit mode in 8-bits (hls/graphsage_layer_int8_po2.cpp:38:0)
INFO: [HLS 214-241] Aggregating scalar variable 'weights1_3_4' with compact=bit mode in 8-bits (hls/graphsage_layer_int8_po2.cpp:38:0)
INFO: [HLS 214-241] Aggregating scalar variable 'weights1_3_3' with compact=bit mode in 8-bits (hls/graphsage_layer_int8_po2.cpp:38:0)
INFO: [HLS 214-241] Aggregating scalar variable 'weights1_3_2' with compact=bit mode in 8-bits (hls/graphsage_layer_int8_po2.cpp:38:0)
INFO: [HLS 214-241] Aggregating scalar variable 'weights1_3_1' with compact=bit mode in 8-bits (hls/graphsage_layer_int8_po2.cpp:38:0)
INFO: [HLS 214-241] Aggregating scalar variable 'weights1_3_0' with compact=bit mode in 8-bits (hls/graphsage_layer_int8_po2.cpp:38:0)
INFO: [HLS 214-241] Aggregating scalar variable 'weights1_2_15' with compact=bit mode in 8-bits (hls/graphsage_layer_int8_po2.cpp:38:0)
INFO: [HLS 214-241] Aggregating scalar variable 'weights1_2_14' with compact=bit mode in 8-bits (hls/graphsage_layer_int8_po2.cpp:38:0)
INFO: [HLS 214-241] Aggregating scalar variable 'weights1_2_13' with compact=bit mode in 8-bits (hls/graphsage_layer_int8_po2.cpp:38:0)
INFO: [HLS 214-241] Aggregating scalar variable 'weights1_2_12' with compact=bit mode in 8-bits (hls/graphsage_layer_int8_po2.cpp:38:0)
INFO: [HLS 214-241] Aggregating scalar variable 'weights1_2_11' with compact=bit mode in 8-bits (hls/graphsage_layer_int8_po2.cpp:38:0)
INFO: [HLS 214-241] Aggregating scalar variable 'weights1_2_10' with compact=bit mode in 8-bits (hls/graphsage_layer_int8_po2.cpp:38:0)
INFO: [HLS 214-241] Aggregating scalar variable 'weights1_2_9' with compact=bit mode in 8-bits (hls/graphsage_layer_int8_po2.cpp:38:0)
INFO: [HLS 214-241] Aggregating scalar variable 'weights1_2_8' with compact=bit mode in 8-bits (hls/graphsage_layer_int8_po2.cpp:38:0)
INFO: [HLS 214-241] Aggregating scalar variable 'weights1_2_7' with compact=bit mode in 8-bits (hls/graphsage_layer_int8_po2.cpp:38:0)
INFO: [HLS 214-241] Aggregating scalar variable 'weights1_2_6' with compact=bit mode in 8-bits (hls/graphsage_layer_int8_po2.cpp:38:0)
INFO: [HLS 214-241] Aggregating scalar variable 'weights1_2_5' with compact=bit mode in 8-bits (hls/graphsage_layer_int8_po2.cpp:38:0)
INFO: [HLS 214-241] Aggregating scalar variable 'weights1_2_4' with compact=bit mode in 8-bits (hls/graphsage_layer_int8_po2.cpp:38:0)
INFO: [HLS 214-241] Aggregating scalar variable 'weights1_2_3' with compact=bit mode in 8-bits (hls/graphsage_layer_int8_po2.cpp:38:0)
INFO: [HLS 214-241] Aggregating scalar variable 'weights1_2_2' with compact=bit mode in 8-bits (hls/graphsage_layer_int8_po2.cpp:38:0)
INFO: [HLS 214-241] Aggregating scalar variable 'weights1_2_1' with compact=bit mode in 8-bits (hls/graphsage_layer_int8_po2.cpp:38:0)
INFO: [HLS 214-241] Aggregating scalar variable 'weights1_2_0' with compact=bit mode in 8-bits (hls/graphsage_layer_int8_po2.cpp:38:0)
INFO: [HLS 214-241] Aggregating scalar variable 'weights1_1_15' with compact=bit mode in 8-bits (hls/graphsage_layer_int8_po2.cpp:38:0)
INFO: [HLS 214-241] Aggregating scalar variable 'weights1_1_14' with compact=bit mode in 8-bits (hls/graphsage_layer_int8_po2.cpp:38:0)
INFO: [HLS 214-241] Aggregating scalar variable 'weights1_1_13' with compact=bit mode in 8-bits (hls/graphsage_layer_int8_po2.cpp:38:0)
INFO: [HLS 214-241] Aggregating scalar variable 'weights1_1_12' with compact=bit mode in 8-bits (hls/graphsage_layer_int8_po2.cpp:38:0)
INFO: [HLS 214-241] Aggregating scalar variable 'weights1_1_11' with compact=bit mode in 8-bits (hls/graphsage_layer_int8_po2.cpp:38:0)
INFO: [HLS 214-241] Aggregating scalar variable 'weights1_1_10' with compact=bit mode in 8-bits (hls/graphsage_layer_int8_po2.cpp:38:0)
INFO: [HLS 214-241] Aggregating scalar variable 'weights1_1_9' with compact=bit mode in 8-bits (hls/graphsage_layer_int8_po2.cpp:38:0)
INFO: [HLS 214-241] Aggregating scalar variable 'weights1_1_8' with compact=bit mode in 8-bits (hls/graphsage_layer_int8_po2.cpp:38:0)
INFO: [HLS 214-241] Aggregating scalar variable 'weights1_1_7' with compact=bit mode in 8-bits (hls/graphsage_layer_int8_po2.cpp:38:0)
INFO: [HLS 214-241] Aggregating scalar variable 'weights1_1_6' with compact=bit mode in 8-bits (hls/graphsage_layer_int8_po2.cpp:38:0)
INFO: [HLS 214-241] Aggregating scalar variable 'weights1_1_5' with compact=bit mode in 8-bits (hls/graphsage_layer_int8_po2.cpp:38:0)
INFO: [HLS 214-241] Aggregating scalar variable 'weights1_1_4' with compact=bit mode in 8-bits (hls/graphsage_layer_int8_po2.cpp:38:0)
INFO: [HLS 214-241] Aggregating scalar variable 'weights1_1_3' with compact=bit mode in 8-bits (hls/graphsage_layer_int8_po2.cpp:38:0)
INFO: [HLS 214-241] Aggregating scalar variable 'weights1_1_2' with compact=bit mode in 8-bits (hls/graphsage_layer_int8_po2.cpp:38:0)
INFO: [HLS 214-241] Aggregating scalar variable 'weights1_1_1' with compact=bit mode in 8-bits (hls/graphsage_layer_int8_po2.cpp:38:0)
INFO: [HLS 214-241] Aggregating scalar variable 'weights1_1_0' with compact=bit mode in 8-bits (hls/graphsage_layer_int8_po2.cpp:38:0)
INFO: [HLS 214-241] Aggregating scalar variable 'weights1_0_15' with compact=bit mode in 8-bits (hls/graphsage_layer_int8_po2.cpp:38:0)
INFO: [HLS 214-241] Aggregating scalar variable 'weights1_0_14' with compact=bit mode in 8-bits (hls/graphsage_layer_int8_po2.cpp:38:0)
INFO: [HLS 214-241] Aggregating scalar variable 'weights1_0_13' with compact=bit mode in 8-bits (hls/graphsage_layer_int8_po2.cpp:38:0)
INFO: [HLS 214-241] Aggregating scalar variable 'weights1_0_12' with compact=bit mode in 8-bits (hls/graphsage_layer_int8_po2.cpp:38:0)
INFO: [HLS 214-241] Aggregating scalar variable 'weights1_0_11' with compact=bit mode in 8-bits (hls/graphsage_layer_int8_po2.cpp:38:0)
INFO: [HLS 214-241] Aggregating scalar variable 'weights1_0_10' with compact=bit mode in 8-bits (hls/graphsage_layer_int8_po2.cpp:38:0)
INFO: [HLS 214-241] Aggregating scalar variable 'weights1_0_9' with compact=bit mode in 8-bits (hls/graphsage_layer_int8_po2.cpp:38:0)
INFO: [HLS 214-241] Aggregating scalar variable 'weights1_0_8' with compact=bit mode in 8-bits (hls/graphsage_layer_int8_po2.cpp:38:0)
INFO: [HLS 214-241] Aggregating scalar variable 'weights1_0_7' with compact=bit mode in 8-bits (hls/graphsage_layer_int8_po2.cpp:38:0)
INFO: [HLS 214-241] Aggregating scalar variable 'weights1_0_6' with compact=bit mode in 8-bits (hls/graphsage_layer_int8_po2.cpp:38:0)
INFO: [HLS 214-241] Aggregating scalar variable 'weights1_0_5' with compact=bit mode in 8-bits (hls/graphsage_layer_int8_po2.cpp:38:0)
INFO: [HLS 214-241] Aggregating scalar variable 'weights1_0_4' with compact=bit mode in 8-bits (hls/graphsage_layer_int8_po2.cpp:38:0)
INFO: [HLS 214-241] Aggregating scalar variable 'weights1_0_3' with compact=bit mode in 8-bits (hls/graphsage_layer_int8_po2.cpp:38:0)
INFO: [HLS 214-241] Aggregating scalar variable 'weights1_0_2' with compact=bit mode in 8-bits (hls/graphsage_layer_int8_po2.cpp:38:0)
INFO: [HLS 214-241] Aggregating scalar variable 'weights1_0_1' with compact=bit mode in 8-bits (hls/graphsage_layer_int8_po2.cpp:38:0)
INFO: [HLS 214-241] Aggregating scalar variable 'weights1_0_0' with compact=bit mode in 8-bits (hls/graphsage_layer_int8_po2.cpp:38:0)
INFO: [HLS 214-241] Aggregating scalar variable 'input_7_15' with compact=bit mode in 8-bits (hls/graphsage_layer_int8_po2.cpp:38:0)
INFO: [HLS 214-241] Aggregating scalar variable 'input_7_14' with compact=bit mode in 8-bits (hls/graphsage_layer_int8_po2.cpp:38:0)
INFO: [HLS 214-241] Aggregating scalar variable 'input_7_13' with compact=bit mode in 8-bits (hls/graphsage_layer_int8_po2.cpp:38:0)
INFO: [HLS 214-241] Aggregating scalar variable 'input_7_12' with compact=bit mode in 8-bits (hls/graphsage_layer_int8_po2.cpp:38:0)
INFO: [HLS 214-241] Aggregating scalar variable 'input_7_11' with compact=bit mode in 8-bits (hls/graphsage_layer_int8_po2.cpp:38:0)
INFO: [HLS 214-241] Aggregating scalar variable 'input_7_10' with compact=bit mode in 8-bits (hls/graphsage_layer_int8_po2.cpp:38:0)
INFO: [HLS 214-241] Aggregating scalar variable 'input_7_9' with compact=bit mode in 8-bits (hls/graphsage_layer_int8_po2.cpp:38:0)
INFO: [HLS 214-241] Aggregating scalar variable 'input_7_8' with compact=bit mode in 8-bits (hls/graphsage_layer_int8_po2.cpp:38:0)
INFO: [HLS 214-241] Aggregating scalar variable 'input_7_7' with compact=bit mode in 8-bits (hls/graphsage_layer_int8_po2.cpp:38:0)
INFO: [HLS 214-241] Aggregating scalar variable 'input_7_6' with compact=bit mode in 8-bits (hls/graphsage_layer_int8_po2.cpp:38:0)
INFO: [HLS 214-241] Aggregating scalar variable 'input_7_5' with compact=bit mode in 8-bits (hls/graphsage_layer_int8_po2.cpp:38:0)
INFO: [HLS 214-241] Aggregating scalar variable 'input_7_4' with compact=bit mode in 8-bits (hls/graphsage_layer_int8_po2.cpp:38:0)
INFO: [HLS 214-241] Aggregating scalar variable 'input_7_3' with compact=bit mode in 8-bits (hls/graphsage_layer_int8_po2.cpp:38:0)
INFO: [HLS 214-241] Aggregating scalar variable 'input_7_2' with compact=bit mode in 8-bits (hls/graphsage_layer_int8_po2.cpp:38:0)
INFO: [HLS 214-241] Aggregating scalar variable 'input_7_1' with compact=bit mode in 8-bits (hls/graphsage_layer_int8_po2.cpp:38:0)
INFO: [HLS 214-241] Aggregating scalar variable 'input_7_0' with compact=bit mode in 8-bits (hls/graphsage_layer_int8_po2.cpp:38:0)
INFO: [HLS 214-241] Aggregating scalar variable 'input_6_15' with compact=bit mode in 8-bits (hls/graphsage_layer_int8_po2.cpp:38:0)
INFO: [HLS 214-241] Aggregating scalar variable 'input_6_14' with compact=bit mode in 8-bits (hls/graphsage_layer_int8_po2.cpp:38:0)
INFO: [HLS 214-241] Aggregating scalar variable 'input_6_13' with compact=bit mode in 8-bits (hls/graphsage_layer_int8_po2.cpp:38:0)
INFO: [HLS 214-241] Aggregating scalar variable 'input_6_12' with compact=bit mode in 8-bits (hls/graphsage_layer_int8_po2.cpp:38:0)
INFO: [HLS 214-241] Aggregating scalar variable 'input_6_11' with compact=bit mode in 8-bits (hls/graphsage_layer_int8_po2.cpp:38:0)
INFO: [HLS 214-241] Aggregating scalar variable 'input_6_10' with compact=bit mode in 8-bits (hls/graphsage_layer_int8_po2.cpp:38:0)
INFO: [HLS 214-241] Aggregating scalar variable 'input_6_9' with compact=bit mode in 8-bits (hls/graphsage_layer_int8_po2.cpp:38:0)
INFO: [HLS 214-241] Aggregating scalar variable 'input_6_8' with compact=bit mode in 8-bits (hls/graphsage_layer_int8_po2.cpp:38:0)
INFO: [HLS 214-241] Aggregating scalar variable 'input_6_7' with compact=bit mode in 8-bits (hls/graphsage_layer_int8_po2.cpp:38:0)
INFO: [HLS 214-241] Aggregating scalar variable 'input_6_6' with compact=bit mode in 8-bits (hls/graphsage_layer_int8_po2.cpp:38:0)
INFO: [HLS 214-241] Aggregating scalar variable 'input_6_5' with compact=bit mode in 8-bits (hls/graphsage_layer_int8_po2.cpp:38:0)
INFO: [HLS 214-241] Aggregating scalar variable 'input_6_4' with compact=bit mode in 8-bits (hls/graphsage_layer_int8_po2.cpp:38:0)
INFO: [HLS 214-241] Aggregating scalar variable 'input_6_3' with compact=bit mode in 8-bits (hls/graphsage_layer_int8_po2.cpp:38:0)
INFO: [HLS 214-241] Aggregating scalar variable 'input_6_2' with compact=bit mode in 8-bits (hls/graphsage_layer_int8_po2.cpp:38:0)
INFO: [HLS 214-241] Aggregating scalar variable 'input_6_1' with compact=bit mode in 8-bits (hls/graphsage_layer_int8_po2.cpp:38:0)
INFO: [HLS 214-241] Aggregating scalar variable 'input_6_0' with compact=bit mode in 8-bits (hls/graphsage_layer_int8_po2.cpp:38:0)
INFO: [HLS 214-241] Aggregating scalar variable 'input_5_15' with compact=bit mode in 8-bits (hls/graphsage_layer_int8_po2.cpp:38:0)
INFO: [HLS 214-241] Aggregating scalar variable 'input_5_14' with compact=bit mode in 8-bits (hls/graphsage_layer_int8_po2.cpp:38:0)
INFO: [HLS 214-241] Aggregating scalar variable 'input_5_13' with compact=bit mode in 8-bits (hls/graphsage_layer_int8_po2.cpp:38:0)
INFO: [HLS 214-241] Aggregating scalar variable 'input_5_12' with compact=bit mode in 8-bits (hls/graphsage_layer_int8_po2.cpp:38:0)
INFO: [HLS 214-241] Aggregating scalar variable 'input_5_11' with compact=bit mode in 8-bits (hls/graphsage_layer_int8_po2.cpp:38:0)
INFO: [HLS 214-241] Aggregating scalar variable 'input_5_10' with compact=bit mode in 8-bits (hls/graphsage_layer_int8_po2.cpp:38:0)
INFO: [HLS 214-241] Aggregating scalar variable 'input_5_9' with compact=bit mode in 8-bits (hls/graphsage_layer_int8_po2.cpp:38:0)
INFO: [HLS 214-241] Aggregating scalar variable 'input_5_8' with compact=bit mode in 8-bits (hls/graphsage_layer_int8_po2.cpp:38:0)
INFO: [HLS 214-241] Aggregating scalar variable 'input_5_7' with compact=bit mode in 8-bits (hls/graphsage_layer_int8_po2.cpp:38:0)
INFO: [HLS 214-241] Aggregating scalar variable 'input_5_6' with compact=bit mode in 8-bits (hls/graphsage_layer_int8_po2.cpp:38:0)
INFO: [HLS 214-241] Aggregating scalar variable 'input_5_5' with compact=bit mode in 8-bits (hls/graphsage_layer_int8_po2.cpp:38:0)
INFO: [HLS 214-241] Aggregating scalar variable 'input_5_4' with compact=bit mode in 8-bits (hls/graphsage_layer_int8_po2.cpp:38:0)
INFO: [HLS 214-241] Aggregating scalar variable 'input_5_3' with compact=bit mode in 8-bits (hls/graphsage_layer_int8_po2.cpp:38:0)
INFO: [HLS 214-241] Aggregating scalar variable 'input_5_2' with compact=bit mode in 8-bits (hls/graphsage_layer_int8_po2.cpp:38:0)
INFO: [HLS 214-241] Aggregating scalar variable 'input_5_1' with compact=bit mode in 8-bits (hls/graphsage_layer_int8_po2.cpp:38:0)
INFO: [HLS 214-241] Aggregating scalar variable 'input_5_0' with compact=bit mode in 8-bits (hls/graphsage_layer_int8_po2.cpp:38:0)
INFO: [HLS 214-241] Aggregating scalar variable 'input_4_15' with compact=bit mode in 8-bits (hls/graphsage_layer_int8_po2.cpp:38:0)
INFO: [HLS 214-241] Aggregating scalar variable 'input_4_14' with compact=bit mode in 8-bits (hls/graphsage_layer_int8_po2.cpp:38:0)
INFO: [HLS 214-241] Aggregating scalar variable 'input_4_13' with compact=bit mode in 8-bits (hls/graphsage_layer_int8_po2.cpp:38:0)
INFO: [HLS 214-241] Aggregating scalar variable 'input_4_12' with compact=bit mode in 8-bits (hls/graphsage_layer_int8_po2.cpp:38:0)
INFO: [HLS 214-241] Aggregating scalar variable 'input_4_11' with compact=bit mode in 8-bits (hls/graphsage_layer_int8_po2.cpp:38:0)
INFO: [HLS 214-241] Aggregating scalar variable 'input_4_10' with compact=bit mode in 8-bits (hls/graphsage_layer_int8_po2.cpp:38:0)
INFO: [HLS 214-241] Aggregating scalar variable 'input_4_9' with compact=bit mode in 8-bits (hls/graphsage_layer_int8_po2.cpp:38:0)
INFO: [HLS 214-241] Aggregating scalar variable 'input_4_8' with compact=bit mode in 8-bits (hls/graphsage_layer_int8_po2.cpp:38:0)
INFO: [HLS 214-241] Aggregating scalar variable 'input_4_7' with compact=bit mode in 8-bits (hls/graphsage_layer_int8_po2.cpp:38:0)
INFO: [HLS 214-241] Aggregating scalar variable 'input_4_6' with compact=bit mode in 8-bits (hls/graphsage_layer_int8_po2.cpp:38:0)
INFO: [HLS 214-241] Aggregating scalar variable 'input_4_5' with compact=bit mode in 8-bits (hls/graphsage_layer_int8_po2.cpp:38:0)
INFO: [HLS 214-241] Aggregating scalar variable 'input_4_4' with compact=bit mode in 8-bits (hls/graphsage_layer_int8_po2.cpp:38:0)
INFO: [HLS 214-241] Aggregating scalar variable 'input_4_3' with compact=bit mode in 8-bits (hls/graphsage_layer_int8_po2.cpp:38:0)
INFO: [HLS 214-241] Aggregating scalar variable 'input_4_2' with compact=bit mode in 8-bits (hls/graphsage_layer_int8_po2.cpp:38:0)
INFO: [HLS 214-241] Aggregating scalar variable 'input_4_1' with compact=bit mode in 8-bits (hls/graphsage_layer_int8_po2.cpp:38:0)
INFO: [HLS 214-241] Aggregating scalar variable 'input_4_0' with compact=bit mode in 8-bits (hls/graphsage_layer_int8_po2.cpp:38:0)
INFO: [HLS 214-241] Aggregating scalar variable 'input_3_15' with compact=bit mode in 8-bits (hls/graphsage_layer_int8_po2.cpp:38:0)
INFO: [HLS 214-241] Aggregating scalar variable 'input_3_14' with compact=bit mode in 8-bits (hls/graphsage_layer_int8_po2.cpp:38:0)
INFO: [HLS 214-241] Aggregating scalar variable 'input_3_13' with compact=bit mode in 8-bits (hls/graphsage_layer_int8_po2.cpp:38:0)
INFO: [HLS 214-241] Aggregating scalar variable 'input_3_12' with compact=bit mode in 8-bits (hls/graphsage_layer_int8_po2.cpp:38:0)
INFO: [HLS 214-241] Aggregating scalar variable 'input_3_11' with compact=bit mode in 8-bits (hls/graphsage_layer_int8_po2.cpp:38:0)
INFO: [HLS 214-241] Aggregating scalar variable 'input_3_10' with compact=bit mode in 8-bits (hls/graphsage_layer_int8_po2.cpp:38:0)
INFO: [HLS 214-241] Aggregating scalar variable 'input_3_9' with compact=bit mode in 8-bits (hls/graphsage_layer_int8_po2.cpp:38:0)
INFO: [HLS 214-241] Aggregating scalar variable 'input_3_8' with compact=bit mode in 8-bits (hls/graphsage_layer_int8_po2.cpp:38:0)
INFO: [HLS 214-241] Aggregating scalar variable 'input_3_7' with compact=bit mode in 8-bits (hls/graphsage_layer_int8_po2.cpp:38:0)
INFO: [HLS 214-241] Aggregating scalar variable 'input_3_6' with compact=bit mode in 8-bits (hls/graphsage_layer_int8_po2.cpp:38:0)
INFO: [HLS 214-241] Aggregating scalar variable 'input_3_5' with compact=bit mode in 8-bits (hls/graphsage_layer_int8_po2.cpp:38:0)
INFO: [HLS 214-241] Aggregating scalar variable 'input_3_4' with compact=bit mode in 8-bits (hls/graphsage_layer_int8_po2.cpp:38:0)
INFO: [HLS 214-241] Aggregating scalar variable 'input_3_3' with compact=bit mode in 8-bits (hls/graphsage_layer_int8_po2.cpp:38:0)
INFO: [HLS 214-241] Aggregating scalar variable 'input_3_2' with compact=bit mode in 8-bits (hls/graphsage_layer_int8_po2.cpp:38:0)
INFO: [HLS 214-241] Aggregating scalar variable 'input_3_1' with compact=bit mode in 8-bits (hls/graphsage_layer_int8_po2.cpp:38:0)
INFO: [HLS 214-241] Aggregating scalar variable 'input_3_0' with compact=bit mode in 8-bits (hls/graphsage_layer_int8_po2.cpp:38:0)
INFO: [HLS 214-241] Aggregating scalar variable 'input_2_15' with compact=bit mode in 8-bits (hls/graphsage_layer_int8_po2.cpp:38:0)
INFO: [HLS 214-241] Aggregating scalar variable 'input_2_14' with compact=bit mode in 8-bits (hls/graphsage_layer_int8_po2.cpp:38:0)
INFO: [HLS 214-241] Aggregating scalar variable 'input_2_13' with compact=bit mode in 8-bits (hls/graphsage_layer_int8_po2.cpp:38:0)
INFO: [HLS 214-241] Aggregating scalar variable 'input_2_12' with compact=bit mode in 8-bits (hls/graphsage_layer_int8_po2.cpp:38:0)
INFO: [HLS 214-241] Aggregating scalar variable 'input_2_11' with compact=bit mode in 8-bits (hls/graphsage_layer_int8_po2.cpp:38:0)
INFO: [HLS 214-241] Aggregating scalar variable 'input_2_10' with compact=bit mode in 8-bits (hls/graphsage_layer_int8_po2.cpp:38:0)
INFO: [HLS 214-241] Aggregating scalar variable 'input_2_9' with compact=bit mode in 8-bits (hls/graphsage_layer_int8_po2.cpp:38:0)
INFO: [HLS 214-241] Aggregating scalar variable 'input_2_8' with compact=bit mode in 8-bits (hls/graphsage_layer_int8_po2.cpp:38:0)
INFO: [HLS 214-241] Aggregating scalar variable 'input_2_7' with compact=bit mode in 8-bits (hls/graphsage_layer_int8_po2.cpp:38:0)
INFO: [HLS 214-241] Aggregating scalar variable 'input_2_6' with compact=bit mode in 8-bits (hls/graphsage_layer_int8_po2.cpp:38:0)
INFO: [HLS 214-241] Aggregating scalar variable 'input_2_5' with compact=bit mode in 8-bits (hls/graphsage_layer_int8_po2.cpp:38:0)
INFO: [HLS 214-241] Aggregating scalar variable 'input_2_4' with compact=bit mode in 8-bits (hls/graphsage_layer_int8_po2.cpp:38:0)
INFO: [HLS 214-241] Aggregating scalar variable 'input_2_3' with compact=bit mode in 8-bits (hls/graphsage_layer_int8_po2.cpp:38:0)
INFO: [HLS 214-241] Aggregating scalar variable 'input_2_2' with compact=bit mode in 8-bits (hls/graphsage_layer_int8_po2.cpp:38:0)
INFO: [HLS 214-241] Aggregating scalar variable 'input_2_1' with compact=bit mode in 8-bits (hls/graphsage_layer_int8_po2.cpp:38:0)
INFO: [HLS 214-241] Aggregating scalar variable 'input_2_0' with compact=bit mode in 8-bits (hls/graphsage_layer_int8_po2.cpp:38:0)
INFO: [HLS 214-241] Aggregating scalar variable 'input_1_15' with compact=bit mode in 8-bits (hls/graphsage_layer_int8_po2.cpp:38:0)
INFO: [HLS 214-241] Aggregating scalar variable 'input_1_14' with compact=bit mode in 8-bits (hls/graphsage_layer_int8_po2.cpp:38:0)
INFO: [HLS 214-241] Aggregating scalar variable 'input_1_13' with compact=bit mode in 8-bits (hls/graphsage_layer_int8_po2.cpp:38:0)
INFO: [HLS 214-241] Aggregating scalar variable 'input_1_12' with compact=bit mode in 8-bits (hls/graphsage_layer_int8_po2.cpp:38:0)
INFO: [HLS 214-241] Aggregating scalar variable 'input_1_11' with compact=bit mode in 8-bits (hls/graphsage_layer_int8_po2.cpp:38:0)
INFO: [HLS 214-241] Aggregating scalar variable 'input_1_10' with compact=bit mode in 8-bits (hls/graphsage_layer_int8_po2.cpp:38:0)
INFO: [HLS 214-241] Aggregating scalar variable 'input_1_9' with compact=bit mode in 8-bits (hls/graphsage_layer_int8_po2.cpp:38:0)
INFO: [HLS 214-241] Aggregating scalar variable 'input_1_8' with compact=bit mode in 8-bits (hls/graphsage_layer_int8_po2.cpp:38:0)
INFO: [HLS 214-241] Aggregating scalar variable 'input_1_7' with compact=bit mode in 8-bits (hls/graphsage_layer_int8_po2.cpp:38:0)
INFO: [HLS 214-241] Aggregating scalar variable 'input_1_6' with compact=bit mode in 8-bits (hls/graphsage_layer_int8_po2.cpp:38:0)
INFO: [HLS 214-241] Aggregating scalar variable 'input_1_5' with compact=bit mode in 8-bits (hls/graphsage_layer_int8_po2.cpp:38:0)
INFO: [HLS 214-241] Aggregating scalar variable 'input_1_4' with compact=bit mode in 8-bits (hls/graphsage_layer_int8_po2.cpp:38:0)
INFO: [HLS 214-241] Aggregating scalar variable 'input_1_3' with compact=bit mode in 8-bits (hls/graphsage_layer_int8_po2.cpp:38:0)
INFO: [HLS 214-241] Aggregating scalar variable 'input_1_2' with compact=bit mode in 8-bits (hls/graphsage_layer_int8_po2.cpp:38:0)
INFO: [HLS 214-241] Aggregating scalar variable 'input_1_1' with compact=bit mode in 8-bits (hls/graphsage_layer_int8_po2.cpp:38:0)
INFO: [HLS 214-241] Aggregating scalar variable 'input_1_0' with compact=bit mode in 8-bits (hls/graphsage_layer_int8_po2.cpp:38:0)
INFO: [HLS 214-241] Aggregating scalar variable 'input_0_15' with compact=bit mode in 8-bits (hls/graphsage_layer_int8_po2.cpp:38:0)
INFO: [HLS 214-241] Aggregating scalar variable 'input_0_14' with compact=bit mode in 8-bits (hls/graphsage_layer_int8_po2.cpp:38:0)
INFO: [HLS 214-241] Aggregating scalar variable 'input_0_13' with compact=bit mode in 8-bits (hls/graphsage_layer_int8_po2.cpp:38:0)
INFO: [HLS 214-241] Aggregating scalar variable 'input_0_12' with compact=bit mode in 8-bits (hls/graphsage_layer_int8_po2.cpp:38:0)
INFO: [HLS 214-241] Aggregating scalar variable 'input_0_11' with compact=bit mode in 8-bits (hls/graphsage_layer_int8_po2.cpp:38:0)
INFO: [HLS 214-241] Aggregating scalar variable 'input_0_10' with compact=bit mode in 8-bits (hls/graphsage_layer_int8_po2.cpp:38:0)
INFO: [HLS 214-241] Aggregating scalar variable 'input_0_9' with compact=bit mode in 8-bits (hls/graphsage_layer_int8_po2.cpp:38:0)
INFO: [HLS 214-241] Aggregating scalar variable 'input_0_8' with compact=bit mode in 8-bits (hls/graphsage_layer_int8_po2.cpp:38:0)
INFO: [HLS 214-241] Aggregating scalar variable 'input_0_7' with compact=bit mode in 8-bits (hls/graphsage_layer_int8_po2.cpp:38:0)
INFO: [HLS 214-241] Aggregating scalar variable 'input_0_6' with compact=bit mode in 8-bits (hls/graphsage_layer_int8_po2.cpp:38:0)
INFO: [HLS 214-241] Aggregating scalar variable 'input_0_5' with compact=bit mode in 8-bits (hls/graphsage_layer_int8_po2.cpp:38:0)
INFO: [HLS 214-241] Aggregating scalar variable 'input_0_4' with compact=bit mode in 8-bits (hls/graphsage_layer_int8_po2.cpp:38:0)
INFO: [HLS 214-241] Aggregating scalar variable 'input_0_3' with compact=bit mode in 8-bits (hls/graphsage_layer_int8_po2.cpp:38:0)
INFO: [HLS 214-241] Aggregating scalar variable 'input_0_2' with compact=bit mode in 8-bits (hls/graphsage_layer_int8_po2.cpp:38:0)
INFO: [HLS 214-241] Aggregating scalar variable 'input_0_1' with compact=bit mode in 8-bits (hls/graphsage_layer_int8_po2.cpp:38:0)
INFO: [HLS 214-241] Aggregating scalar variable 'input_0_0' with compact=bit mode in 8-bits (hls/graphsage_layer_int8_po2.cpp:38:0)
INFO: [HLS 214-241] Aggregating scalar variable 'adj_matrix_7_7' with compact=bit mode in 16-bits (hls/graphsage_layer_int8_po2.cpp:38:0)
INFO: [HLS 214-241] Aggregating scalar variable 'adj_matrix_7_6' with compact=bit mode in 16-bits (hls/graphsage_layer_int8_po2.cpp:38:0)
INFO: [HLS 214-241] Aggregating scalar variable 'adj_matrix_7_5' with compact=bit mode in 16-bits (hls/graphsage_layer_int8_po2.cpp:38:0)
INFO: [HLS 214-241] Aggregating scalar variable 'adj_matrix_7_4' with compact=bit mode in 16-bits (hls/graphsage_layer_int8_po2.cpp:38:0)
INFO: [HLS 214-241] Aggregating scalar variable 'adj_matrix_7_3' with compact=bit mode in 16-bits (hls/graphsage_layer_int8_po2.cpp:38:0)
INFO: [HLS 214-241] Aggregating scalar variable 'adj_matrix_7_2' with compact=bit mode in 16-bits (hls/graphsage_layer_int8_po2.cpp:38:0)
INFO: [HLS 214-241] Aggregating scalar variable 'adj_matrix_7_1' with compact=bit mode in 16-bits (hls/graphsage_layer_int8_po2.cpp:38:0)
INFO: [HLS 214-241] Aggregating scalar variable 'adj_matrix_7_0' with compact=bit mode in 16-bits (hls/graphsage_layer_int8_po2.cpp:38:0)
INFO: [HLS 214-241] Aggregating scalar variable 'adj_matrix_6_7' with compact=bit mode in 16-bits (hls/graphsage_layer_int8_po2.cpp:38:0)
INFO: [HLS 214-241] Aggregating scalar variable 'adj_matrix_6_6' with compact=bit mode in 16-bits (hls/graphsage_layer_int8_po2.cpp:38:0)
INFO: [HLS 214-241] Aggregating scalar variable 'adj_matrix_6_5' with compact=bit mode in 16-bits (hls/graphsage_layer_int8_po2.cpp:38:0)
INFO: [HLS 214-241] Aggregating scalar variable 'adj_matrix_6_4' with compact=bit mode in 16-bits (hls/graphsage_layer_int8_po2.cpp:38:0)
INFO: [HLS 214-241] Aggregating scalar variable 'adj_matrix_6_3' with compact=bit mode in 16-bits (hls/graphsage_layer_int8_po2.cpp:38:0)
INFO: [HLS 214-241] Aggregating scalar variable 'adj_matrix_6_2' with compact=bit mode in 16-bits (hls/graphsage_layer_int8_po2.cpp:38:0)
INFO: [HLS 214-241] Aggregating scalar variable 'adj_matrix_6_1' with compact=bit mode in 16-bits (hls/graphsage_layer_int8_po2.cpp:38:0)
INFO: [HLS 214-241] Aggregating scalar variable 'adj_matrix_6_0' with compact=bit mode in 16-bits (hls/graphsage_layer_int8_po2.cpp:38:0)
INFO: [HLS 214-241] Aggregating scalar variable 'adj_matrix_5_7' with compact=bit mode in 16-bits (hls/graphsage_layer_int8_po2.cpp:38:0)
INFO: [HLS 214-241] Aggregating scalar variable 'adj_matrix_5_6' with compact=bit mode in 16-bits (hls/graphsage_layer_int8_po2.cpp:38:0)
INFO: [HLS 214-241] Aggregating scalar variable 'adj_matrix_5_5' with compact=bit mode in 16-bits (hls/graphsage_layer_int8_po2.cpp:38:0)
INFO: [HLS 214-241] Aggregating scalar variable 'adj_matrix_5_4' with compact=bit mode in 16-bits (hls/graphsage_layer_int8_po2.cpp:38:0)
INFO: [HLS 214-241] Aggregating scalar variable 'adj_matrix_5_3' with compact=bit mode in 16-bits (hls/graphsage_layer_int8_po2.cpp:38:0)
INFO: [HLS 214-241] Aggregating scalar variable 'adj_matrix_5_2' with compact=bit mode in 16-bits (hls/graphsage_layer_int8_po2.cpp:38:0)
INFO: [HLS 214-241] Aggregating scalar variable 'adj_matrix_5_1' with compact=bit mode in 16-bits (hls/graphsage_layer_int8_po2.cpp:38:0)
INFO: [HLS 214-241] Aggregating scalar variable 'adj_matrix_5_0' with compact=bit mode in 16-bits (hls/graphsage_layer_int8_po2.cpp:38:0)
INFO: [HLS 214-241] Aggregating scalar variable 'adj_matrix_4_7' with compact=bit mode in 16-bits (hls/graphsage_layer_int8_po2.cpp:38:0)
INFO: [HLS 214-241] Aggregating scalar variable 'adj_matrix_4_6' with compact=bit mode in 16-bits (hls/graphsage_layer_int8_po2.cpp:38:0)
INFO: [HLS 214-241] Aggregating scalar variable 'adj_matrix_4_5' with compact=bit mode in 16-bits (hls/graphsage_layer_int8_po2.cpp:38:0)
INFO: [HLS 214-241] Aggregating scalar variable 'adj_matrix_4_4' with compact=bit mode in 16-bits (hls/graphsage_layer_int8_po2.cpp:38:0)
INFO: [HLS 214-241] Aggregating scalar variable 'adj_matrix_4_3' with compact=bit mode in 16-bits (hls/graphsage_layer_int8_po2.cpp:38:0)
INFO: [HLS 214-241] Aggregating scalar variable 'adj_matrix_4_2' with compact=bit mode in 16-bits (hls/graphsage_layer_int8_po2.cpp:38:0)
INFO: [HLS 214-241] Aggregating scalar variable 'adj_matrix_4_1' with compact=bit mode in 16-bits (hls/graphsage_layer_int8_po2.cpp:38:0)
INFO: [HLS 214-241] Aggregating scalar variable 'adj_matrix_4_0' with compact=bit mode in 16-bits (hls/graphsage_layer_int8_po2.cpp:38:0)
INFO: [HLS 214-241] Aggregating scalar variable 'adj_matrix_3_7' with compact=bit mode in 16-bits (hls/graphsage_layer_int8_po2.cpp:38:0)
INFO: [HLS 214-241] Aggregating scalar variable 'adj_matrix_3_6' with compact=bit mode in 16-bits (hls/graphsage_layer_int8_po2.cpp:38:0)
INFO: [HLS 214-241] Aggregating scalar variable 'adj_matrix_3_5' with compact=bit mode in 16-bits (hls/graphsage_layer_int8_po2.cpp:38:0)
INFO: [HLS 214-241] Aggregating scalar variable 'adj_matrix_3_4' with compact=bit mode in 16-bits (hls/graphsage_layer_int8_po2.cpp:38:0)
INFO: [HLS 214-241] Aggregating scalar variable 'adj_matrix_3_3' with compact=bit mode in 16-bits (hls/graphsage_layer_int8_po2.cpp:38:0)
INFO: [HLS 214-241] Aggregating scalar variable 'adj_matrix_3_2' with compact=bit mode in 16-bits (hls/graphsage_layer_int8_po2.cpp:38:0)
INFO: [HLS 214-241] Aggregating scalar variable 'adj_matrix_3_1' with compact=bit mode in 16-bits (hls/graphsage_layer_int8_po2.cpp:38:0)
INFO: [HLS 214-241] Aggregating scalar variable 'adj_matrix_3_0' with compact=bit mode in 16-bits (hls/graphsage_layer_int8_po2.cpp:38:0)
INFO: [HLS 214-241] Aggregating scalar variable 'adj_matrix_2_7' with compact=bit mode in 16-bits (hls/graphsage_layer_int8_po2.cpp:38:0)
INFO: [HLS 214-241] Aggregating scalar variable 'adj_matrix_2_6' with compact=bit mode in 16-bits (hls/graphsage_layer_int8_po2.cpp:38:0)
INFO: [HLS 214-241] Aggregating scalar variable 'adj_matrix_2_5' with compact=bit mode in 16-bits (hls/graphsage_layer_int8_po2.cpp:38:0)
INFO: [HLS 214-241] Aggregating scalar variable 'adj_matrix_2_4' with compact=bit mode in 16-bits (hls/graphsage_layer_int8_po2.cpp:38:0)
INFO: [HLS 214-241] Aggregating scalar variable 'adj_matrix_2_3' with compact=bit mode in 16-bits (hls/graphsage_layer_int8_po2.cpp:38:0)
INFO: [HLS 214-241] Aggregating scalar variable 'adj_matrix_2_2' with compact=bit mode in 16-bits (hls/graphsage_layer_int8_po2.cpp:38:0)
INFO: [HLS 214-241] Aggregating scalar variable 'adj_matrix_2_1' with compact=bit mode in 16-bits (hls/graphsage_layer_int8_po2.cpp:38:0)
INFO: [HLS 214-241] Aggregating scalar variable 'adj_matrix_2_0' with compact=bit mode in 16-bits (hls/graphsage_layer_int8_po2.cpp:38:0)
INFO: [HLS 214-241] Aggregating scalar variable 'adj_matrix_1_7' with compact=bit mode in 16-bits (hls/graphsage_layer_int8_po2.cpp:38:0)
INFO: [HLS 214-241] Aggregating scalar variable 'adj_matrix_1_6' with compact=bit mode in 16-bits (hls/graphsage_layer_int8_po2.cpp:38:0)
INFO: [HLS 214-241] Aggregating scalar variable 'adj_matrix_1_5' with compact=bit mode in 16-bits (hls/graphsage_layer_int8_po2.cpp:38:0)
INFO: [HLS 214-241] Aggregating scalar variable 'adj_matrix_1_4' with compact=bit mode in 16-bits (hls/graphsage_layer_int8_po2.cpp:38:0)
INFO: [HLS 214-241] Aggregating scalar variable 'adj_matrix_1_3' with compact=bit mode in 16-bits (hls/graphsage_layer_int8_po2.cpp:38:0)
INFO: [HLS 214-241] Aggregating scalar variable 'adj_matrix_1_2' with compact=bit mode in 16-bits (hls/graphsage_layer_int8_po2.cpp:38:0)
INFO: [HLS 214-241] Aggregating scalar variable 'adj_matrix_1_1' with compact=bit mode in 16-bits (hls/graphsage_layer_int8_po2.cpp:38:0)
INFO: [HLS 214-241] Aggregating scalar variable 'adj_matrix_1_0' with compact=bit mode in 16-bits (hls/graphsage_layer_int8_po2.cpp:38:0)
INFO: [HLS 214-241] Aggregating scalar variable 'adj_matrix_0_7' with compact=bit mode in 16-bits (hls/graphsage_layer_int8_po2.cpp:38:0)
INFO: [HLS 214-241] Aggregating scalar variable 'adj_matrix_0_6' with compact=bit mode in 16-bits (hls/graphsage_layer_int8_po2.cpp:38:0)
INFO: [HLS 214-241] Aggregating scalar variable 'adj_matrix_0_5' with compact=bit mode in 16-bits (hls/graphsage_layer_int8_po2.cpp:38:0)
INFO: [HLS 214-241] Aggregating scalar variable 'adj_matrix_0_4' with compact=bit mode in 16-bits (hls/graphsage_layer_int8_po2.cpp:38:0)
INFO: [HLS 214-241] Aggregating scalar variable 'adj_matrix_0_3' with compact=bit mode in 16-bits (hls/graphsage_layer_int8_po2.cpp:38:0)
INFO: [HLS 214-241] Aggregating scalar variable 'adj_matrix_0_2' with compact=bit mode in 16-bits (hls/graphsage_layer_int8_po2.cpp:38:0)
INFO: [HLS 214-241] Aggregating scalar variable 'adj_matrix_0_1' with compact=bit mode in 16-bits (hls/graphsage_layer_int8_po2.cpp:38:0)
INFO: [HLS 214-241] Aggregating scalar variable 'adj_matrix_0_0' with compact=bit mode in 16-bits (hls/graphsage_layer_int8_po2.cpp:38:0)
INFO: [HLS 214-364] Automatically inlining function 'void graphsage_int8_po2_template<8, 16, 24, 7>(ap_int<16> const (*) [8], ap_int<8> const (*) [16], ap_int<8> const (*) [16], ap_int<22> const*, ap_int<8> const (*) [24], ap_int<22> const*, ap_int<8> (*) [7])' to improve effectiveness of pipeline pragma in function 'graphsage_int8_po2(ap_int<16> const (*) [8], ap_int<8> const (*) [16], ap_int<8> const (*) [16], ap_int<22> const*, ap_int<8> const (*) [24], ap_int<22> const*, ap_int<8> (*) [7])' (hls/graphsage_layer_int8_po2.cpp:67:5)
INFO: [HLS 200-111] Finished Compiling Optimization and Transform: CPU user time: 86.97 seconds. CPU system time: 0.44 seconds. Elapsed time: 107.54 seconds; current allocated memory: 643.289 MB.
INFO: [HLS 200-111] Finished Checking Pragmas: CPU user time: 0 seconds. CPU system time: 0 seconds. Elapsed time: 0.02 seconds; current allocated memory: 643.289 MB.
INFO: [HLS 200-10] Starting code transformations ...
INFO: [HLS 200-111] Finished Standard Transforms: CPU user time: 11.14 seconds. CPU system time: 0.03 seconds. Elapsed time: 13.75 seconds; current allocated memory: 749.492 MB.
INFO: [HLS 200-10] Checking synthesizability ...
INFO: [HLS 200-111] Finished Checking Synthesizability: CPU user time: 19.5 seconds. CPU system time: 0.03 seconds. Elapsed time: 20.54 seconds; current allocated memory: 770.273 MB.
INFO: [XFORM 203-11] Balancing expressions in function 'graphsage_int8_po2' (hls/graphsage_layer_int8_po2_19c.h:30:1)...5944 expression(s) balanced.
INFO: [HLS 200-111] Finished Loop, function and other optimizations: CPU user time: 71.6 seconds. CPU system time: 0.06 seconds. Elapsed time: 73.33 seconds; current allocated memory: 1.082 GB.
INFO: [HLS 200-111] Finished Architecture Synthesis: CPU user time: 82.13 seconds. CPU system time: 0.05 seconds. Elapsed time: 84.96 seconds; current allocated memory: 1.127 GB.
INFO: [HLS 200-10] Starting hardware synthesis ...
INFO: [HLS 200-10] Synthesizing 'graphsage_int8_po2' ...
INFO: [HLS 200-10] ----------------------------------------------------------------
INFO: [HLS 200-42] -- Implementing module 'graphsage_int8_po2' 
INFO: [HLS 200-10] ----------------------------------------------------------------
INFO: [SCHED 204-11] Starting scheduling ...
INFO: [HLS 200-486] Changing DSP latency (root=add_ln254_319) to 3 in order to utilize available DSP registers.
INFO: [HLS 200-486] Changing DSP latency (root=add_ln253_319) to 3 in order to utilize available DSP registers.
INFO: [HLS 200-486] Changing DSP latency (root=add_ln252_319) to 3 in order to utilize available DSP registers.
INFO: [HLS 200-486] Changing DSP latency (root=add_ln251_319) to 3 in order to utilize available DSP registers.
INFO: [HLS 200-486] Changing DSP latency (root=add_ln254_318) to 3 in order to utilize available DSP registers.
INFO: [HLS 200-486] Changing DSP latency (root=add_ln253_318) to 3 in order to utilize available DSP registers.
INFO: [HLS 200-486] Changing DSP latency (root=add_ln252_318) to 3 in order to utilize available DSP registers.
INFO: [HLS 200-486] Changing DSP latency (root=add_ln251_318) to 3 in order to utilize available DSP registers.
INFO: [HLS 200-486] Changing DSP latency (root=add_ln254_317) to 3 in order to utilize available DSP registers.
INFO: [HLS 200-486] Changing DSP latency (root=add_ln253_317) to 3 in order to utilize available DSP registers.
INFO: [HLS 200-486] Changing DSP latency (root=add_ln252_317) to 3 in order to utilize available DSP registers.
INFO: [HLS 200-486] Changing DSP latency (root=add_ln251_317) to 3 in order to utilize available DSP registers.
INFO: [HLS 200-486] Changing DSP latency (root=add_ln254_316) to 3 in order to utilize available DSP registers.
INFO: [HLS 200-486] Changing DSP latency (root=add_ln253_316) to 3 in order to utilize available DSP registers.
INFO: [HLS 200-486] Changing DSP latency (root=add_ln252_316) to 3 in order to utilize available DSP registers.
INFO: [HLS 200-486] Changing DSP latency (root=add_ln251_316) to 3 in order to utilize available DSP registers.
INFO: [HLS 200-486] Changing DSP latency (root=add_ln254_315) to 3 in order to utilize available DSP registers.
INFO: [HLS 200-486] Changing DSP latency (root=add_ln253_315) to 3 in order to utilize available DSP registers.
INFO: [HLS 200-486] Changing DSP latency (root=add_ln252_315) to 3 in order to utilize available DSP registers.
INFO: [HLS 200-486] Changing DSP latency (root=add_ln251_315) to 3 in order to utilize available DSP registers.
INFO: [HLS 200-486] Changing DSP latency (root=add_ln254_314) to 3 in order to utilize available DSP registers.
INFO: [HLS 200-486] Changing DSP latency (root=add_ln253_314) to 3 in order to utilize available DSP registers.
INFO: [HLS 200-486] Changing DSP latency (root=add_ln252_314) to 3 in order to utilize available DSP registers.
INFO: [HLS 200-486] Changing DSP latency (root=add_ln251_314) to 3 in order to utilize available DSP registers.
INFO: [HLS 200-486] Changing DSP latency (root=add_ln254_313) to 3 in order to utilize available DSP registers.
INFO: [HLS 200-486] Changing DSP latency (root=add_ln253_313) to 3 in order to utilize available DSP registers.
INFO: [HLS 200-486] Changing DSP latency (root=add_ln252_313) to 3 in order to utilize available DSP registers.
INFO: [HLS 200-486] Changing DSP latency (root=add_ln251_313) to 3 in order to utilize available DSP registers.
INFO: [HLS 200-486] Changing DSP latency (root=add_ln254_312) to 3 in order to utilize available DSP registers.
INFO: [HLS 200-486] Changing DSP latency (root=add_ln253_312) to 3 in order to utilize available DSP registers.
INFO: [HLS 200-486] Changing DSP latency (root=add_ln252_312) to 3 in order to utilize available DSP registers.
INFO: [HLS 200-486] Changing DSP latency (root=add_ln251_312) to 3 in order to utilize available DSP registers.
INFO: [HLS 200-486] Changing DSP latency (root=add_ln254_311) to 3 in order to utilize available DSP registers.
INFO: [HLS 200-486] Changing DSP latency (root=add_ln253_311) to 3 in order to utilize available DSP registers.
INFO: [HLS 200-486] Changing DSP latency (root=add_ln252_311) to 3 in order to utilize available DSP registers.
INFO: [HLS 200-486] Changing DSP latency (root=add_ln251_311) to 3 in order to utilize available DSP registers.
INFO: [HLS 200-486] Changing DSP latency (root=add_ln254_310) to 3 in order to utilize available DSP registers.
INFO: [HLS 200-486] Changing DSP latency (root=add_ln253_310) to 3 in order to utilize available DSP registers.
INFO: [HLS 200-486] Changing DSP latency (root=add_ln252_310) to 3 in order to utilize available DSP registers.
INFO: [HLS 200-486] Changing DSP latency (root=add_ln251_310) to 3 in order to utilize available DSP registers.
INFO: [HLS 200-486] Changing DSP latency (root=add_ln254_309) to 3 in order to utilize available DSP registers.
INFO: [HLS 200-486] Changing DSP latency (root=add_ln253_309) to 3 in order to utilize available DSP registers.
INFO: [HLS 200-486] Changing DSP latency (root=add_ln252_309) to 3 in order to utilize available DSP registers.
INFO: [HLS 200-486] Changing DSP latency (root=add_ln251_309) to 3 in order to utilize available DSP registers.
INFO: [HLS 200-486] Changing DSP latency (root=add_ln254_308) to 3 in order to utilize available DSP registers.
INFO: [HLS 200-486] Changing DSP latency (root=add_ln253_308) to 3 in order to utilize available DSP registers.
INFO: [HLS 200-486] Changing DSP latency (root=add_ln252_308) to 3 in order to utilize available DSP registers.
INFO: [HLS 200-486] Changing DSP latency (root=add_ln251_308) to 3 in order to utilize available DSP registers.
INFO: [HLS 200-486] Changing DSP latency (root=add_ln254_307) to 3 in order to utilize available DSP registers.
INFO: [HLS 200-486] Changing DSP latency (root=add_ln253_307) to 3 in order to utilize available DSP registers.
INFO: [HLS 200-486] Changing DSP latency (root=add_ln252_307) to 3 in order to utilize available DSP registers.
INFO: [HLS 200-486] Changing DSP latency (root=add_ln251_307) to 3 in order to utilize available DSP registers.
INFO: [HLS 200-486] Changing DSP latency (root=add_ln254_306) to 3 in order to utilize available DSP registers.
INFO: [HLS 200-486] Changing DSP latency (root=add_ln253_306) to 3 in order to utilize available DSP registers.
INFO: [HLS 200-486] Changing DSP latency (root=add_ln252_306) to 3 in order to utilize available DSP registers.
INFO: [HLS 200-486] Changing DSP latency (root=add_ln251_306) to 3 in order to utilize available DSP registers.
INFO: [HLS 200-486] Changing DSP latency (root=add_ln254_305) to 3 in order to utilize available DSP registers.
INFO: [HLS 200-486] Changing DSP latency (root=add_ln253_305) to 3 in order to utilize available DSP registers.
INFO: [HLS 200-486] Changing DSP latency (root=add_ln252_305) to 3 in order to utilize available DSP registers.
INFO: [HLS 200-486] Changing DSP latency (root=add_ln251_305) to 3 in order to utilize available DSP registers.
INFO: [HLS 200-486] Changing DSP latency (root=add_ln254_304) to 3 in order to utilize available DSP registers.
INFO: [HLS 200-486] Changing DSP latency (root=add_ln253_304) to 3 in order to utilize available DSP registers.
INFO: [HLS 200-486] Changing DSP latency (root=add_ln252_304) to 3 in order to utilize available DSP registers.
INFO: [HLS 200-486] Changing DSP latency (root=add_ln251_304) to 3 in order to utilize available DSP registers.
INFO: [HLS 200-486] Changing DSP latency (root=add_ln254_303) to 3 in order to utilize available DSP registers.
INFO: [HLS 200-486] Changing DSP latency (root=add_ln253_303) to 3 in order to utilize available DSP registers.
INFO: [HLS 200-486] Changing DSP latency (root=add_ln252_303) to 3 in order to utilize available DSP registers.
INFO: [HLS 200-486] Changing DSP latency (root=add_ln251_303) to 3 in order to utilize available DSP registers.
INFO: [HLS 200-486] Changing DSP latency (root=add_ln254_302) to 3 in order to utilize available DSP registers.
INFO: [HLS 200-486] Changing DSP latency (root=add_ln253_302) to 3 in order to utilize available DSP registers.
INFO: [HLS 200-486] Changing DSP latency (root=add_ln252_302) to 3 in order to utilize available DSP registers.
INFO: [HLS 200-486] Changing DSP latency (root=add_ln251_302) to 3 in order to utilize available DSP registers.
INFO: [HLS 200-486] Changing DSP latency (root=add_ln254_301) to 3 in order to utilize available DSP registers.
INFO: [HLS 200-486] Changing DSP latency (root=add_ln253_301) to 3 in order to utilize available DSP registers.
INFO: [HLS 200-486] Changing DSP latency (root=add_ln252_301) to 3 in order to utilize available DSP registers.
INFO: [HLS 200-486] Changing DSP latency (root=add_ln251_301) to 3 in order to utilize available DSP registers.
INFO: [HLS 200-486] Changing DSP latency (root=add_ln254_300) to 3 in order to utilize available DSP registers.
INFO: [HLS 200-486] Changing DSP latency (root=add_ln253_300) to 3 in order to utilize available DSP registers.
INFO: [HLS 200-486] Changing DSP latency (root=add_ln252_300) to 3 in order to utilize available DSP registers.
INFO: [HLS 200-486] Changing DSP latency (root=add_ln251_300) to 3 in order to utilize available DSP registers.
INFO: [HLS 200-486] Changing DSP latency (root=add_ln254_299) to 3 in order to utilize available DSP registers.
INFO: [HLS 200-486] Changing DSP latency (root=add_ln253_299) to 3 in order to utilize available DSP registers.
INFO: [HLS 200-486] Changing DSP latency (root=add_ln252_299) to 3 in order to utilize available DSP registers.
INFO: [HLS 200-486] Changing DSP latency (root=add_ln251_299) to 3 in order to utilize available DSP registers.
INFO: [HLS 200-486] Changing DSP latency (root=add_ln254_298) to 3 in order to utilize available DSP registers.
INFO: [HLS 200-486] Changing DSP latency (root=add_ln253_298) to 3 in order to utilize available DSP registers.
INFO: [HLS 200-486] Changing DSP latency (root=add_ln252_298) to 3 in order to utilize available DSP registers.
INFO: [HLS 200-486] Changing DSP latency (root=add_ln251_298) to 3 in order to utilize available DSP registers.
INFO: [HLS 200-486] Changing DSP latency (root=add_ln254_297) to 3 in order to utilize available DSP registers.
INFO: [HLS 200-486] Changing DSP latency (root=add_ln253_297) to 3 in order to utilize available DSP registers.
INFO: [HLS 200-486] Changing DSP latency (root=add_ln252_297) to 3 in order to utilize available DSP registers.
INFO: [HLS 200-486] Changing DSP latency (root=add_ln251_297) to 3 in order to utilize available DSP registers.
INFO: [HLS 200-486] Changing DSP latency (root=add_ln254_296) to 3 in order to utilize available DSP registers.
INFO: [HLS 200-486] Changing DSP latency (root=add_ln253_296) to 3 in order to utilize available DSP registers.
INFO: [HLS 200-486] Changing DSP latency (root=add_ln252_296) to 3 in order to utilize available DSP registers.
INFO: [HLS 200-486] Changing DSP latency (root=add_ln251_296) to 3 in order to utilize available DSP registers.
INFO: [HLS 200-486] Changing DSP latency (root=add_ln254_295) to 3 in order to utilize available DSP registers.
INFO: [HLS 200-486] Changing DSP latency (root=add_ln253_295) to 3 in order to utilize available DSP registers.
INFO: [HLS 200-486] Changing DSP latency (root=add_ln252_295) to 3 in order to utilize available DSP registers.
INFO: [HLS 200-486] Changing DSP latency (root=add_ln251_295) to 3 in order to utilize available DSP registers.
INFO: [HLS 200-486] Changing DSP latency (root=add_ln254_294) to 3 in order to utilize available DSP registers.
INFO: [HLS 200-486] Changing DSP latency (root=add_ln253_294) to 3 in order to utilize available DSP registers.
INFO: [HLS 200-486] Changing DSP latency (root=add_ln252_294) to 3 in order to utilize available DSP registers.
INFO: [HLS 200-486] Changing DSP latency (root=add_ln251_294) to 3 in order to utilize available DSP registers.
INFO: [HLS 200-486] Changing DSP latency (root=add_ln254_293) to 3 in order to utilize available DSP registers.
INFO: [HLS 200-486] Changing DSP latency (root=add_ln253_293) to 3 in order to utilize available DSP registers.
INFO: [HLS 200-486] Changing DSP latency (root=add_ln252_293) to 3 in order to utilize available DSP registers.
INFO: [HLS 200-486] Changing DSP latency (root=add_ln251_293) to 3 in order to utilize available DSP registers.
INFO: [HLS 200-486] Changing DSP latency (root=add_ln254_292) to 3 in order to utilize available DSP registers.
INFO: [HLS 200-486] Changing DSP latency (root=add_ln253_292) to 3 in order to utilize available DSP registers.
INFO: [HLS 200-486] Changing DSP latency (root=add_ln252_292) to 3 in order to utilize available DSP registers.
INFO: [HLS 200-486] Changing DSP latency (root=add_ln251_292) to 3 in order to utilize available DSP registers.
INFO: [HLS 200-486] Changing DSP latency (root=add_ln254_291) to 3 in order to utilize available DSP registers.
INFO: [HLS 200-486] Changing DSP latency (root=add_ln253_291) to 3 in order to utilize available DSP registers.
INFO: [HLS 200-486] Changing DSP latency (root=add_ln252_291) to 3 in order to utilize available DSP registers.
INFO: [HLS 200-486] Changing DSP latency (root=add_ln251_291) to 3 in order to utilize available DSP registers.
INFO: [HLS 200-486] Changing DSP latency (root=add_ln254_290) to 3 in order to utilize available DSP registers.
INFO: [HLS 200-486] Changing DSP latency (root=add_ln253_290) to 3 in order to utilize available DSP registers.
INFO: [HLS 200-486] Changing DSP latency (root=add_ln252_290) to 3 in order to utilize available DSP registers.
INFO: [HLS 200-486] Changing DSP latency (root=add_ln251_290) to 3 in order to utilize available DSP registers.
INFO: [HLS 200-486] Changing DSP latency (root=add_ln254_289) to 3 in order to utilize available DSP registers.
INFO: [HLS 200-486] Changing DSP latency (root=add_ln253_289) to 3 in order to utilize available DSP registers.
INFO: [HLS 200-486] Changing DSP latency (root=add_ln252_289) to 3 in order to utilize available DSP registers.
INFO: [HLS 200-486] Changing DSP latency (root=add_ln251_289) to 3 in order to utilize available DSP registers.
INFO: [HLS 200-486] Changing DSP latency (root=add_ln254_288) to 3 in order to utilize available DSP registers.
INFO: [HLS 200-486] Changing DSP latency (root=add_ln253_288) to 3 in order to utilize available DSP registers.
INFO: [HLS 200-486] Changing DSP latency (root=add_ln252_288) to 3 in order to utilize available DSP registers.
INFO: [HLS 200-486] Changing DSP latency (root=add_ln251_288) to 3 in order to utilize available DSP registers.
INFO: [HLS 200-486] Changing DSP latency (root=add_ln254_287) to 3 in order to utilize available DSP registers.
INFO: [HLS 200-486] Changing DSP latency (root=add_ln253_287) to 3 in order to utilize available DSP registers.
INFO: [HLS 200-486] Changing DSP latency (root=add_ln252_287) to 3 in order to utilize available DSP registers.
INFO: [HLS 200-486] Changing DSP latency (root=add_ln251_287) to 3 in order to utilize available DSP registers.
INFO: [HLS 200-486] Changing DSP latency (root=add_ln254_286) to 3 in order to utilize available DSP registers.
INFO: [HLS 200-486] Changing DSP latency (root=add_ln253_286) to 3 in order to utilize available DSP registers.
INFO: [HLS 200-486] Changing DSP latency (root=add_ln252_286) to 3 in order to utilize available DSP registers.
INFO: [HLS 200-486] Changing DSP latency (root=add_ln251_286) to 3 in order to utilize available DSP registers.
INFO: [HLS 200-486] Changing DSP latency (root=add_ln254_285) to 3 in order to utilize available DSP registers.
INFO: [HLS 200-486] Changing DSP latency (root=add_ln253_285) to 3 in order to utilize available DSP registers.
INFO: [HLS 200-486] Changing DSP latency (root=add_ln252_285) to 3 in order to utilize available DSP registers.
INFO: [HLS 200-486] Changing DSP latency (root=add_ln251_285) to 3 in order to utilize available DSP registers.
INFO: [HLS 200-486] Changing DSP latency (root=add_ln254_284) to 3 in order to utilize available DSP registers.
INFO: [HLS 200-486] Changing DSP latency (root=add_ln253_284) to 3 in order to utilize available DSP registers.
INFO: [HLS 200-486] Changing DSP latency (root=add_ln252_284) to 3 in order to utilize available DSP registers.
INFO: [HLS 200-486] Changing DSP latency (root=add_ln251_284) to 3 in order to utilize available DSP registers.
INFO: [HLS 200-486] Changing DSP latency (root=add_ln254_283) to 3 in order to utilize available DSP registers.
INFO: [HLS 200-486] Changing DSP latency (root=add_ln253_283) to 3 in order to utilize available DSP registers.
INFO: [HLS 200-486] Changing DSP latency (root=add_ln252_283) to 3 in order to utilize available DSP registers.
INFO: [HLS 200-486] Changing DSP latency (root=add_ln251_283) to 3 in order to utilize available DSP registers.
INFO: [HLS 200-486] Changing DSP latency (root=add_ln254_282) to 3 in order to utilize available DSP registers.
INFO: [HLS 200-486] Changing DSP latency (root=add_ln253_282) to 3 in order to utilize available DSP registers.
INFO: [HLS 200-486] Changing DSP latency (root=add_ln252_282) to 3 in order to utilize available DSP registers.
INFO: [HLS 200-486] Changing DSP latency (root=add_ln251_282) to 3 in order to utilize available DSP registers.
INFO: [HLS 200-486] Changing DSP latency (root=add_ln254_281) to 3 in order to utilize available DSP registers.
INFO: [HLS 200-486] Changing DSP latency (root=add_ln253_281) to 3 in order to utilize available DSP registers.
INFO: [HLS 200-486] Changing DSP latency (root=add_ln252_281) to 3 in order to utilize available DSP registers.
INFO: [HLS 200-486] Changing DSP latency (root=add_ln251_281) to 3 in order to utilize available DSP registers.
INFO: [HLS 200-486] Changing DSP latency (root=add_ln254_280) to 3 in order to utilize available DSP registers.
INFO: [HLS 200-486] Changing DSP latency (root=add_ln253_280) to 3 in order to utilize available DSP registers.
INFO: [HLS 200-486] Changing DSP latency (root=add_ln252_280) to 3 in order to utilize available DSP registers.
INFO: [HLS 200-486] Changing DSP latency (root=add_ln251_280) to 3 in order to utilize available DSP registers.
INFO: [HLS 200-486] Changing DSP latency (root=add_ln254_279) to 3 in order to utilize available DSP registers.
INFO: [HLS 200-486] Changing DSP latency (root=add_ln253_279) to 3 in order to utilize available DSP registers.
INFO: [HLS 200-486] Changing DSP latency (root=add_ln252_279) to 3 in order to utilize available DSP registers.
INFO: [HLS 200-486] Changing DSP latency (root=add_ln251_279) to 3 in order to utilize available DSP registers.
INFO: [HLS 200-486] Changing DSP latency (root=add_ln254_278) to 3 in order to utilize available DSP registers.
INFO: [HLS 200-486] Changing DSP latency (root=add_ln253_278) to 3 in order to utilize available DSP registers.
INFO: [HLS 200-486] Changing DSP latency (root=add_ln252_278) to 3 in order to utilize available DSP registers.
INFO: [HLS 200-486] Changing DSP latency (root=add_ln251_278) to 3 in order to utilize available DSP registers.
INFO: [HLS 200-486] Changing DSP latency (root=add_ln254_277) to 3 in order to utilize available DSP registers.
INFO: [HLS 200-486] Changing DSP latency (root=add_ln253_277) to 3 in order to utilize available DSP registers.
INFO: [HLS 200-486] Changing DSP latency (root=add_ln252_277) to 3 in order to utilize available DSP registers.
INFO: [HLS 200-486] Changing DSP latency (root=add_ln251_277) to 3 in order to utilize available DSP registers.
INFO: [HLS 200-486] Changing DSP latency (root=add_ln254_276) to 3 in order to utilize available DSP registers.
INFO: [HLS 200-486] Changing DSP latency (root=add_ln253_276) to 3 in order to utilize available DSP registers.
INFO: [HLS 200-486] Changing DSP latency (root=add_ln252_276) to 3 in order to utilize available DSP registers.
INFO: [HLS 200-486] Changing DSP latency (root=add_ln251_276) to 3 in order to utilize available DSP registers.
INFO: [HLS 200-486] Changing DSP latency (root=add_ln254_275) to 3 in order to utilize available DSP registers.
INFO: [HLS 200-486] Changing DSP latency (root=add_ln253_275) to 3 in order to utilize available DSP registers.
INFO: [HLS 200-486] Changing DSP latency (root=add_ln252_275) to 3 in order to utilize available DSP registers.
INFO: [HLS 200-486] Changing DSP latency (root=add_ln251_275) to 3 in order to utilize available DSP registers.
INFO: [HLS 200-486] Changing DSP latency (root=add_ln254_274) to 3 in order to utilize available DSP registers.
INFO: [HLS 200-486] Changing DSP latency (root=add_ln253_274) to 3 in order to utilize available DSP registers.
INFO: [HLS 200-486] Changing DSP latency (root=add_ln252_274) to 3 in order to utilize available DSP registers.
INFO: [HLS 200-486] Changing DSP latency (root=add_ln251_274) to 3 in order to utilize available DSP registers.
INFO: [HLS 200-486] Changing DSP latency (root=add_ln254_273) to 3 in order to utilize available DSP registers.
INFO: [HLS 200-486] Changing DSP latency (root=add_ln253_273) to 3 in order to utilize available DSP registers.
INFO: [HLS 200-486] Changing DSP latency (root=add_ln252_273) to 3 in order to utilize available DSP registers.
INFO: [HLS 200-486] Changing DSP latency (root=add_ln251_273) to 3 in order to utilize available DSP registers.
INFO: [HLS 200-486] Changing DSP latency (root=add_ln254_272) to 3 in order to utilize available DSP registers.
INFO: [HLS 200-486] Changing DSP latency (root=add_ln253_272) to 3 in order to utilize available DSP registers.
INFO: [HLS 200-486] Changing DSP latency (root=add_ln252_272) to 3 in order to utilize available DSP registers.
INFO: [HLS 200-486] Changing DSP latency (root=add_ln251_272) to 3 in order to utilize available DSP registers.
INFO: [HLS 200-486] Changing DSP latency (root=add_ln254_271) to 3 in order to utilize available DSP registers.
INFO: [HLS 200-486] Changing DSP latency (root=add_ln253_271) to 3 in order to utilize available DSP registers.
INFO: [HLS 200-486] Changing DSP latency (root=add_ln252_271) to 3 in order to utilize available DSP registers.
INFO: [HLS 200-486] Changing DSP latency (root=add_ln251_271) to 3 in order to utilize available DSP registers.
INFO: [HLS 200-486] Changing DSP latency (root=add_ln254_270) to 3 in order to utilize available DSP registers.
INFO: [HLS 200-486] Changing DSP latency (root=add_ln253_270) to 3 in order to utilize available DSP registers.
INFO: [HLS 200-486] Changing DSP latency (root=add_ln252_270) to 3 in order to utilize available DSP registers.
INFO: [HLS 200-486] Changing DSP latency (root=add_ln251_270) to 3 in order to utilize available DSP registers.
INFO: [HLS 200-486] Changing DSP latency (root=add_ln254_269) to 3 in order to utilize available DSP registers.
INFO: [HLS 200-486] Changing DSP latency (root=add_ln253_269) to 3 in order to utilize available DSP registers.
INFO: [HLS 200-486] Changing DSP latency (root=add_ln252_269) to 3 in order to utilize available DSP registers.
INFO: [HLS 200-486] Changing DSP latency (root=add_ln251_269) to 3 in order to utilize available DSP registers.
INFO: [HLS 200-486] Changing DSP latency (root=add_ln254_268) to 3 in order to utilize available DSP registers.
INFO: [HLS 200-486] Changing DSP latency (root=add_ln253_268) to 3 in order to utilize available DSP registers.
INFO: [HLS 200-486] Changing DSP latency (root=add_ln252_268) to 3 in order to utilize available DSP registers.
INFO: [HLS 200-486] Changing DSP latency (root=add_ln251_268) to 3 in order to utilize available DSP registers.
INFO: [HLS 200-486] Changing DSP latency (root=add_ln254_267) to 3 in order to utilize available DSP registers.
INFO: [HLS 200-486] Changing DSP latency (root=add_ln253_267) to 3 in order to utilize available DSP registers.
INFO: [HLS 200-486] Changing DSP latency (root=add_ln252_267) to 3 in order to utilize available DSP registers.
INFO: [HLS 200-486] Changing DSP latency (root=add_ln251_267) to 3 in order to utilize available DSP registers.
INFO: [HLS 200-486] Changing DSP latency (root=add_ln254_266) to 3 in order to utilize available DSP registers.
INFO: [HLS 200-486] Changing DSP latency (root=add_ln253_266) to 3 in order to utilize available DSP registers.
INFO: [HLS 200-486] Changing DSP latency (root=add_ln252_266) to 3 in order to utilize available DSP registers.
INFO: [HLS 200-486] Changing DSP latency (root=add_ln251_266) to 3 in order to utilize available DSP registers.
INFO: [HLS 200-486] Changing DSP latency (root=add_ln254_265) to 3 in order to utilize available DSP registers.
INFO: [HLS 200-486] Changing DSP latency (root=add_ln253_265) to 3 in order to utilize available DSP registers.
INFO: [HLS 200-486] Changing DSP latency (root=add_ln252_265) to 3 in order to utilize available DSP registers.
INFO: [HLS 200-486] Changing DSP latency (root=add_ln251_265) to 3 in order to utilize available DSP registers.
INFO: [HLS 200-486] Changing DSP latency (root=add_ln254_264) to 3 in order to utilize available DSP registers.
INFO: [HLS 200-486] Changing DSP latency (root=add_ln253_264) to 3 in order to utilize available DSP registers.
INFO: [HLS 200-486] Changing DSP latency (root=add_ln252_264) to 3 in order to utilize available DSP registers.
INFO: [HLS 200-486] Changing DSP latency (root=add_ln251_264) to 3 in order to utilize available DSP registers.
INFO: [HLS 200-486] Changing DSP latency (root=add_ln254_263) to 3 in order to utilize available DSP registers.
INFO: [HLS 200-486] Changing DSP latency (root=add_ln253_263) to 3 in order to utilize available DSP registers.
INFO: [HLS 200-486] Changing DSP latency (root=add_ln252_263) to 3 in order to utilize available DSP registers.
INFO: [HLS 200-486] Changing DSP latency (root=add_ln251_263) to 3 in order to utilize available DSP registers.
INFO: [HLS 200-486] Changing DSP latency (root=add_ln254_262) to 3 in order to utilize available DSP registers.
INFO: [HLS 200-486] Changing DSP latency (root=add_ln253_262) to 3 in order to utilize available DSP registers.
INFO: [HLS 200-486] Changing DSP latency (root=add_ln252_262) to 3 in order to utilize available DSP registers.
INFO: [HLS 200-486] Changing DSP latency (root=add_ln251_262) to 3 in order to utilize available DSP registers.
INFO: [HLS 200-486] Changing DSP latency (root=add_ln254_261) to 3 in order to utilize available DSP registers.
INFO: [HLS 200-486] Changing DSP latency (root=add_ln253_261) to 3 in order to utilize available DSP registers.
INFO: [HLS 200-486] Changing DSP latency (root=add_ln252_261) to 3 in order to utilize available DSP registers.
INFO: [HLS 200-486] Changing DSP latency (root=add_ln251_261) to 3 in order to utilize available DSP registers.
INFO: [HLS 200-486] Changing DSP latency (root=add_ln254_260) to 3 in order to utilize available DSP registers.
INFO: [HLS 200-486] Changing DSP latency (root=add_ln253_260) to 3 in order to utilize available DSP registers.
INFO: [HLS 200-486] Changing DSP latency (root=add_ln252_260) to 3 in order to utilize available DSP registers.
INFO: [HLS 200-486] Changing DSP latency (root=add_ln251_260) to 3 in order to utilize available DSP registers.
INFO: [HLS 200-486] Changing DSP latency (root=add_ln254_259) to 3 in order to utilize available DSP registers.
INFO: [HLS 200-486] Changing DSP latency (root=add_ln253_259) to 3 in order to utilize available DSP registers.
INFO: [HLS 200-486] Changing DSP latency (root=add_ln252_259) to 3 in order to utilize available DSP registers.
INFO: [HLS 200-486] Changing DSP latency (root=add_ln251_259) to 3 in order to utilize available DSP registers.
INFO: [HLS 200-486] Changing DSP latency (root=add_ln254_258) to 3 in order to utilize available DSP registers.
INFO: [HLS 200-486] Changing DSP latency (root=add_ln253_258) to 3 in order to utilize available DSP registers.
INFO: [HLS 200-486] Changing DSP latency (root=add_ln252_258) to 3 in order to utilize available DSP registers.
INFO: [HLS 200-486] Changing DSP latency (root=add_ln251_258) to 3 in order to utilize available DSP registers.
INFO: [HLS 200-486] Changing DSP latency (root=add_ln254_257) to 3 in order to utilize available DSP registers.
INFO: [HLS 200-486] Changing DSP latency (root=add_ln253_257) to 3 in order to utilize available DSP registers.
INFO: [HLS 200-486] Changing DSP latency (root=add_ln252_257) to 3 in order to utilize available DSP registers.
INFO: [HLS 200-486] Changing DSP latency (root=add_ln251_257) to 3 in order to utilize available DSP registers.
INFO: [HLS 200-486] Changing DSP latency (root=add_ln254_256) to 3 in order to utilize available DSP registers.
INFO: [HLS 200-486] Changing DSP latency (root=add_ln253_256) to 3 in order to utilize available DSP registers.
INFO: [HLS 200-486] Changing DSP latency (root=add_ln252_256) to 3 in order to utilize available DSP registers.
INFO: [HLS 200-486] Changing DSP latency (root=add_ln251_256) to 3 in order to utilize available DSP registers.
INFO: [HLS 200-486] Changing DSP latency (root=add_ln254_255) to 3 in order to utilize available DSP registers.
INFO: [HLS 200-486] Changing DSP latency (root=add_ln253_255) to 3 in order to utilize available DSP registers.
INFO: [HLS 200-486] Changing DSP latency (root=add_ln252_255) to 3 in order to utilize available DSP registers.
INFO: [HLS 200-486] Changing DSP latency (root=add_ln251_255) to 3 in order to utilize available DSP registers.
INFO: [HLS 200-486] Changing DSP latency (root=add_ln254_254) to 3 in order to utilize available DSP registers.
INFO: [HLS 200-486] Changing DSP latency (root=add_ln253_254) to 3 in order to utilize available DSP registers.
INFO: [HLS 200-486] Changing DSP latency (root=add_ln252_254) to 3 in order to utilize available DSP registers.
INFO: [HLS 200-486] Changing DSP latency (root=add_ln251_254) to 3 in order to utilize available DSP registers.
INFO: [HLS 200-486] Changing DSP latency (root=add_ln254_253) to 3 in order to utilize available DSP registers.
INFO: [HLS 200-486] Changing DSP latency (root=add_ln253_253) to 3 in order to utilize available DSP registers.
INFO: [HLS 200-486] Changing DSP latency (root=add_ln252_253) to 3 in order to utilize available DSP registers.
INFO: [HLS 200-486] Changing DSP latency (root=add_ln251_253) to 3 in order to utilize available DSP registers.
INFO: [HLS 200-486] Changing DSP latency (root=add_ln254_252) to 3 in order to utilize available DSP registers.
INFO: [HLS 200-486] Changing DSP latency (root=add_ln253_252) to 3 in order to utilize available DSP registers.
INFO: [HLS 200-486] Changing DSP latency (root=add_ln252_252) to 3 in order to utilize available DSP registers.
INFO: [HLS 200-486] Changing DSP latency (root=add_ln251_252) to 3 in order to utilize available DSP registers.
INFO: [HLS 200-486] Changing DSP latency (root=add_ln254_251) to 3 in order to utilize available DSP registers.
INFO: [HLS 200-486] Changing DSP latency (root=add_ln253_251) to 3 in order to utilize available DSP registers.
INFO: [HLS 200-486] Changing DSP latency (root=add_ln252_251) to 3 in order to utilize available DSP registers.
INFO: [HLS 200-486] Changing DSP latency (root=add_ln251_251) to 3 in order to utilize available DSP registers.
INFO: [HLS 200-486] Changing DSP latency (root=add_ln254_250) to 3 in order to utilize available DSP registers.
INFO: [HLS 200-486] Changing DSP latency (root=add_ln253_250) to 3 in order to utilize available DSP registers.
INFO: [HLS 200-486] Changing DSP latency (root=add_ln252_250) to 3 in order to utilize available DSP registers.
INFO: [HLS 200-486] Changing DSP latency (root=add_ln251_250) to 3 in order to utilize available DSP registers.
INFO: [HLS 200-486] Changing DSP latency (root=add_ln254_249) to 3 in order to utilize available DSP registers.
INFO: [HLS 200-486] Changing DSP latency (root=add_ln253_249) to 3 in order to utilize available DSP registers.
INFO: [HLS 200-486] Changing DSP latency (root=add_ln252_249) to 3 in order to utilize available DSP registers.
INFO: [HLS 200-486] Changing DSP latency (root=add_ln251_249) to 3 in order to utilize available DSP registers.
INFO: [HLS 200-486] Changing DSP latency (root=add_ln254_248) to 3 in order to utilize available DSP registers.
INFO: [HLS 200-486] Changing DSP latency (root=add_ln253_248) to 3 in order to utilize available DSP registers.
INFO: [HLS 200-486] Changing DSP latency (root=add_ln252_248) to 3 in order to utilize available DSP registers.
INFO: [HLS 200-486] Changing DSP latency (root=add_ln251_248) to 3 in order to utilize available DSP registers.
INFO: [HLS 200-486] Changing DSP latency (root=add_ln254_247) to 3 in order to utilize available DSP registers.
INFO: [HLS 200-486] Changing DSP latency (root=add_ln253_247) to 3 in order to utilize available DSP registers.
INFO: [HLS 200-486] Changing DSP latency (root=add_ln252_247) to 3 in order to utilize available DSP registers.
INFO: [HLS 200-486] Changing DSP latency (root=add_ln251_247) to 3 in order to utilize available DSP registers.
INFO: [HLS 200-486] Changing DSP latency (root=add_ln254_246) to 3 in order to utilize available DSP registers.
INFO: [HLS 200-486] Changing DSP latency (root=add_ln253_246) to 3 in order to utilize available DSP registers.
INFO: [HLS 200-486] Changing DSP latency (root=add_ln252_246) to 3 in order to utilize available DSP registers.
INFO: [HLS 200-486] Changing DSP latency (root=add_ln251_246) to 3 in order to utilize available DSP registers.
INFO: [HLS 200-486] Changing DSP latency (root=add_ln254_245) to 3 in order to utilize available DSP registers.
INFO: [HLS 200-486] Changing DSP latency (root=add_ln253_245) to 3 in order to utilize available DSP registers.
INFO: [HLS 200-486] Changing DSP latency (root=add_ln252_245) to 3 in order to utilize available DSP registers.
INFO: [HLS 200-486] Changing DSP latency (root=add_ln251_245) to 3 in order to utilize available DSP registers.
INFO: [HLS 200-486] Changing DSP latency (root=add_ln254_244) to 3 in order to utilize available DSP registers.
INFO: [HLS 200-486] Changing DSP latency (root=add_ln253_244) to 3 in order to utilize available DSP registers.
INFO: [HLS 200-486] Changing DSP latency (root=add_ln252_244) to 3 in order to utilize available DSP registers.
INFO: [HLS 200-486] Changing DSP latency (root=add_ln251_244) to 3 in order to utilize available DSP registers.
INFO: [HLS 200-486] Changing DSP latency (root=add_ln254_243) to 3 in order to utilize available DSP registers.
INFO: [HLS 200-486] Changing DSP latency (root=add_ln253_243) to 3 in order to utilize available DSP registers.
INFO: [HLS 200-486] Changing DSP latency (root=add_ln252_243) to 3 in order to utilize available DSP registers.
INFO: [HLS 200-486] Changing DSP latency (root=add_ln251_243) to 3 in order to utilize available DSP registers.
INFO: [HLS 200-486] Changing DSP latency (root=add_ln254_242) to 3 in order to utilize available DSP registers.
INFO: [HLS 200-486] Changing DSP latency (root=add_ln253_242) to 3 in order to utilize available DSP registers.
INFO: [HLS 200-486] Changing DSP latency (root=add_ln252_242) to 3 in order to utilize available DSP registers.
INFO: [HLS 200-486] Changing DSP latency (root=add_ln251_242) to 3 in order to utilize available DSP registers.
INFO: [HLS 200-486] Changing DSP latency (root=add_ln254_241) to 3 in order to utilize available DSP registers.
INFO: [HLS 200-486] Changing DSP latency (root=add_ln253_241) to 3 in order to utilize available DSP registers.
INFO: [HLS 200-486] Changing DSP latency (root=add_ln252_241) to 3 in order to utilize available DSP registers.
INFO: [HLS 200-486] Changing DSP latency (root=add_ln251_241) to 3 in order to utilize available DSP registers.
INFO: [HLS 200-486] Changing DSP latency (root=add_ln254_240) to 3 in order to utilize available DSP registers.
INFO: [HLS 200-486] Changing DSP latency (root=add_ln253_240) to 3 in order to utilize available DSP registers.
INFO: [HLS 200-486] Changing DSP latency (root=add_ln252_240) to 3 in order to utilize available DSP registers.
INFO: [HLS 200-486] Changing DSP latency (root=add_ln251_240) to 3 in order to utilize available DSP registers.
INFO: [HLS 200-486] Changing DSP latency (root=add_ln254_239) to 3 in order to utilize available DSP registers.
INFO: [HLS 200-486] Changing DSP latency (root=add_ln253_239) to 3 in order to utilize available DSP registers.
INFO: [HLS 200-486] Changing DSP latency (root=add_ln252_239) to 3 in order to utilize available DSP registers.
INFO: [HLS 200-486] Changing DSP latency (root=add_ln251_239) to 3 in order to utilize available DSP registers.
INFO: [HLS 200-486] Changing DSP latency (root=add_ln254_238) to 3 in order to utilize available DSP registers.
INFO: [HLS 200-486] Changing DSP latency (root=add_ln253_238) to 3 in order to utilize available DSP registers.
INFO: [HLS 200-486] Changing DSP latency (root=add_ln252_238) to 3 in order to utilize available DSP registers.
INFO: [HLS 200-486] Changing DSP latency (root=add_ln251_238) to 3 in order to utilize available DSP registers.
INFO: [HLS 200-486] Changing DSP latency (root=add_ln254_237) to 3 in order to utilize available DSP registers.
INFO: [HLS 200-486] Changing DSP latency (root=add_ln253_237) to 3 in order to utilize available DSP registers.
INFO: [HLS 200-486] Changing DSP latency (root=add_ln252_237) to 3 in order to utilize available DSP registers.
INFO: [HLS 200-486] Changing DSP latency (root=add_ln251_237) to 3 in order to utilize available DSP registers.
INFO: [HLS 200-486] Changing DSP latency (root=add_ln254_236) to 3 in order to utilize available DSP registers.
INFO: [HLS 200-486] Changing DSP latency (root=add_ln253_236) to 3 in order to utilize available DSP registers.
INFO: [HLS 200-486] Changing DSP latency (root=add_ln252_236) to 3 in order to utilize available DSP registers.
INFO: [HLS 200-486] Changing DSP latency (root=add_ln251_236) to 3 in order to utilize available DSP registers.
INFO: [HLS 200-486] Changing DSP latency (root=add_ln254_235) to 3 in order to utilize available DSP registers.
INFO: [HLS 200-486] Changing DSP latency (root=add_ln253_235) to 3 in order to utilize available DSP registers.
INFO: [HLS 200-486] Changing DSP latency (root=add_ln252_235) to 3 in order to utilize available DSP registers.
INFO: [HLS 200-486] Changing DSP latency (root=add_ln251_235) to 3 in order to utilize available DSP registers.
INFO: [HLS 200-486] Changing DSP latency (root=add_ln254_234) to 3 in order to utilize available DSP registers.
INFO: [HLS 200-486] Changing DSP latency (root=add_ln253_234) to 3 in order to utilize available DSP registers.
INFO: [HLS 200-486] Changing DSP latency (root=add_ln252_234) to 3 in order to utilize available DSP registers.
INFO: [HLS 200-486] Changing DSP latency (root=add_ln251_234) to 3 in order to utilize available DSP registers.
INFO: [HLS 200-486] Changing DSP latency (root=add_ln254_233) to 3 in order to utilize available DSP registers.
INFO: [HLS 200-486] Changing DSP latency (root=add_ln253_233) to 3 in order to utilize available DSP registers.
INFO: [HLS 200-486] Changing DSP latency (root=add_ln252_233) to 3 in order to utilize available DSP registers.
INFO: [HLS 200-486] Changing DSP latency (root=add_ln251_233) to 3 in order to utilize available DSP registers.
INFO: [HLS 200-486] Changing DSP latency (root=add_ln254_232) to 3 in order to utilize available DSP registers.
INFO: [HLS 200-486] Changing DSP latency (root=add_ln253_232) to 3 in order to utilize available DSP registers.
INFO: [HLS 200-486] Changing DSP latency (root=add_ln252_232) to 3 in order to utilize available DSP registers.
INFO: [HLS 200-486] Changing DSP latency (root=add_ln251_232) to 3 in order to utilize available DSP registers.
INFO: [HLS 200-486] Changing DSP latency (root=add_ln254_231) to 3 in order to utilize available DSP registers.
INFO: [HLS 200-486] Changing DSP latency (root=add_ln253_231) to 3 in order to utilize available DSP registers.
INFO: [HLS 200-486] Changing DSP latency (root=add_ln252_231) to 3 in order to utilize available DSP registers.
INFO: [HLS 200-486] Changing DSP latency (root=add_ln251_231) to 3 in order to utilize available DSP registers.
INFO: [HLS 200-486] Changing DSP latency (root=add_ln254_230) to 3 in order to utilize available DSP registers.
INFO: [HLS 200-486] Changing DSP latency (root=add_ln253_230) to 3 in order to utilize available DSP registers.
INFO: [HLS 200-486] Changing DSP latency (root=add_ln252_230) to 3 in order to utilize available DSP registers.
INFO: [HLS 200-486] Changing DSP latency (root=add_ln251_230) to 3 in order to utilize available DSP registers.
INFO: [HLS 200-486] Changing DSP latency (root=add_ln254_229) to 3 in order to utilize available DSP registers.
INFO: [HLS 200-486] Changing DSP latency (root=add_ln253_229) to 3 in order to utilize available DSP registers.
INFO: [HLS 200-486] Changing DSP latency (root=add_ln252_229) to 3 in order to utilize available DSP registers.
INFO: [HLS 200-486] Changing DSP latency (root=add_ln251_229) to 3 in order to utilize available DSP registers.
INFO: [HLS 200-486] Changing DSP latency (root=add_ln254_228) to 3 in order to utilize available DSP registers.
INFO: [HLS 200-486] Changing DSP latency (root=add_ln253_228) to 3 in order to utilize available DSP registers.
INFO: [HLS 200-486] Changing DSP latency (root=add_ln252_228) to 3 in order to utilize available DSP registers.
INFO: [HLS 200-486] Changing DSP latency (root=add_ln251_228) to 3 in order to utilize available DSP registers.
INFO: [HLS 200-486] Changing DSP latency (root=add_ln254_227) to 3 in order to utilize available DSP registers.
INFO: [HLS 200-486] Changing DSP latency (root=add_ln253_227) to 3 in order to utilize available DSP registers.
INFO: [HLS 200-486] Changing DSP latency (root=add_ln252_227) to 3 in order to utilize available DSP registers.
INFO: [HLS 200-486] Changing DSP latency (root=add_ln251_227) to 3 in order to utilize available DSP registers.
INFO: [HLS 200-486] Changing DSP latency (root=add_ln254_226) to 3 in order to utilize available DSP registers.
INFO: [HLS 200-486] Changing DSP latency (root=add_ln253_226) to 3 in order to utilize available DSP registers.
INFO: [HLS 200-486] Changing DSP latency (root=add_ln252_226) to 3 in order to utilize available DSP registers.
INFO: [HLS 200-486] Changing DSP latency (root=add_ln251_226) to 3 in order to utilize available DSP registers.
INFO: [HLS 200-486] Changing DSP latency (root=add_ln254_225) to 3 in order to utilize available DSP registers.
INFO: [HLS 200-486] Changing DSP latency (root=add_ln253_225) to 3 in order to utilize available DSP registers.
INFO: [HLS 200-486] Changing DSP latency (root=add_ln252_225) to 3 in order to utilize available DSP registers.
INFO: [HLS 200-486] Changing DSP latency (root=add_ln251_225) to 3 in order to utilize available DSP registers.
INFO: [HLS 200-486] Changing DSP latency (root=add_ln254_224) to 3 in order to utilize available DSP registers.
INFO: [HLS 200-486] Changing DSP latency (root=add_ln253_224) to 3 in order to utilize available DSP registers.
INFO: [HLS 200-486] Changing DSP latency (root=add_ln252_224) to 3 in order to utilize available DSP registers.
INFO: [HLS 200-486] Changing DSP latency (root=add_ln251_224) to 3 in order to utilize available DSP registers.
INFO: [HLS 200-486] Changing DSP latency (root=add_ln254_223) to 3 in order to utilize available DSP registers.
INFO: [HLS 200-486] Changing DSP latency (root=add_ln253_223) to 3 in order to utilize available DSP registers.
INFO: [HLS 200-486] Changing DSP latency (root=add_ln252_223) to 3 in order to utilize available DSP registers.
INFO: [HLS 200-486] Changing DSP latency (root=add_ln251_223) to 3 in order to utilize available DSP registers.
INFO: [HLS 200-486] Changing DSP latency (root=add_ln254_222) to 3 in order to utilize available DSP registers.
INFO: [HLS 200-486] Changing DSP latency (root=add_ln253_222) to 3 in order to utilize available DSP registers.
INFO: [HLS 200-486] Changing DSP latency (root=add_ln252_222) to 3 in order to utilize available DSP registers.
INFO: [HLS 200-486] Changing DSP latency (root=add_ln251_222) to 3 in order to utilize available DSP registers.
INFO: [HLS 200-486] Changing DSP latency (root=add_ln254_221) to 3 in order to utilize available DSP registers.
INFO: [HLS 200-486] Changing DSP latency (root=add_ln253_221) to 3 in order to utilize available DSP registers.
INFO: [HLS 200-486] Changing DSP latency (root=add_ln252_221) to 3 in order to utilize available DSP registers.
INFO: [HLS 200-486] Changing DSP latency (root=add_ln251_221) to 3 in order to utilize available DSP registers.
INFO: [HLS 200-486] Changing DSP latency (root=add_ln254_220) to 3 in order to utilize available DSP registers.
INFO: [HLS 200-486] Changing DSP latency (root=add_ln253_220) to 3 in order to utilize available DSP registers.
INFO: [HLS 200-486] Changing DSP latency (root=add_ln252_220) to 3 in order to utilize available DSP registers.
INFO: [HLS 200-486] Changing DSP latency (root=add_ln251_220) to 3 in order to utilize available DSP registers.
INFO: [HLS 200-486] Changing DSP latency (root=add_ln254_219) to 3 in order to utilize available DSP registers.
INFO: [HLS 200-486] Changing DSP latency (root=add_ln253_219) to 3 in order to utilize available DSP registers.
INFO: [HLS 200-486] Changing DSP latency (root=add_ln252_219) to 3 in order to utilize available DSP registers.
INFO: [HLS 200-486] Changing DSP latency (root=add_ln251_219) to 3 in order to utilize available DSP registers.
INFO: [HLS 200-486] Changing DSP latency (root=add_ln254_218) to 3 in order to utilize available DSP registers.
INFO: [HLS 200-486] Changing DSP latency (root=add_ln253_218) to 3 in order to utilize available DSP registers.
INFO: [HLS 200-486] Changing DSP latency (root=add_ln252_218) to 3 in order to utilize available DSP registers.
INFO: [HLS 200-486] Changing DSP latency (root=add_ln251_218) to 3 in order to utilize available DSP registers.
INFO: [HLS 200-486] Changing DSP latency (root=add_ln254_217) to 3 in order to utilize available DSP registers.
INFO: [HLS 200-486] Changing DSP latency (root=add_ln253_217) to 3 in order to utilize available DSP registers.
INFO: [HLS 200-486] Changing DSP latency (root=add_ln252_217) to 3 in order to utilize available DSP registers.
INFO: [HLS 200-486] Changing DSP latency (root=add_ln251_217) to 3 in order to utilize available DSP registers.
INFO: [HLS 200-486] Changing DSP latency (root=add_ln254_216) to 3 in order to utilize available DSP registers.
INFO: [HLS 200-486] Changing DSP latency (root=add_ln253_216) to 3 in order to utilize available DSP registers.
INFO: [HLS 200-486] Changing DSP latency (root=add_ln252_216) to 3 in order to utilize available DSP registers.
INFO: [HLS 200-486] Changing DSP latency (root=add_ln251_216) to 3 in order to utilize available DSP registers.
INFO: [HLS 200-486] Changing DSP latency (root=add_ln254_215) to 3 in order to utilize available DSP registers.
INFO: [HLS 200-486] Changing DSP latency (root=add_ln253_215) to 3 in order to utilize available DSP registers.
INFO: [HLS 200-486] Changing DSP latency (root=add_ln252_215) to 3 in order to utilize available DSP registers.
INFO: [HLS 200-486] Changing DSP latency (root=add_ln251_215) to 3 in order to utilize available DSP registers.
INFO: [HLS 200-486] Changing DSP latency (root=add_ln254_214) to 3 in order to utilize available DSP registers.
INFO: [HLS 200-486] Changing DSP latency (root=add_ln253_214) to 3 in order to utilize available DSP registers.
INFO: [HLS 200-486] Changing DSP latency (root=add_ln252_214) to 3 in order to utilize available DSP registers.
INFO: [HLS 200-486] Changing DSP latency (root=add_ln251_214) to 3 in order to utilize available DSP registers.
INFO: [HLS 200-486] Changing DSP latency (root=add_ln254_213) to 3 in order to utilize available DSP registers.
INFO: [HLS 200-486] Changing DSP latency (root=add_ln253_213) to 3 in order to utilize available DSP registers.
INFO: [HLS 200-486] Changing DSP latency (root=add_ln252_213) to 3 in order to utilize available DSP registers.
INFO: [HLS 200-486] Changing DSP latency (root=add_ln251_213) to 3 in order to utilize available DSP registers.
INFO: [HLS 200-486] Changing DSP latency (root=add_ln254_212) to 3 in order to utilize available DSP registers.
INFO: [HLS 200-486] Changing DSP latency (root=add_ln253_212) to 3 in order to utilize available DSP registers.
INFO: [HLS 200-486] Changing DSP latency (root=add_ln252_212) to 3 in order to utilize available DSP registers.
INFO: [HLS 200-486] Changing DSP latency (root=add_ln251_212) to 3 in order to utilize available DSP registers.
INFO: [HLS 200-486] Changing DSP latency (root=add_ln254_211) to 3 in order to utilize available DSP registers.
INFO: [HLS 200-486] Changing DSP latency (root=add_ln253_211) to 3 in order to utilize available DSP registers.
INFO: [HLS 200-486] Changing DSP latency (root=add_ln252_211) to 3 in order to utilize available DSP registers.
INFO: [HLS 200-486] Changing DSP latency (root=add_ln251_211) to 3 in order to utilize available DSP registers.
INFO: [HLS 200-486] Changing DSP latency (root=add_ln254_210) to 3 in order to utilize available DSP registers.
INFO: [HLS 200-486] Changing DSP latency (root=add_ln253_210) to 3 in order to utilize available DSP registers.
INFO: [HLS 200-486] Changing DSP latency (root=add_ln252_210) to 3 in order to utilize available DSP registers.
INFO: [HLS 200-486] Changing DSP latency (root=add_ln251_210) to 3 in order to utilize available DSP registers.
INFO: [HLS 200-486] Changing DSP latency (root=add_ln254_209) to 3 in order to utilize available DSP registers.
INFO: [HLS 200-486] Changing DSP latency (root=add_ln253_209) to 3 in order to utilize available DSP registers.
INFO: [HLS 200-486] Changing DSP latency (root=add_ln252_209) to 3 in order to utilize available DSP registers.
INFO: [HLS 200-486] Changing DSP latency (root=add_ln251_209) to 3 in order to utilize available DSP registers.
INFO: [HLS 200-486] Changing DSP latency (root=add_ln254_208) to 3 in order to utilize available DSP registers.
INFO: [HLS 200-486] Changing DSP latency (root=add_ln253_208) to 3 in order to utilize available DSP registers.
INFO: [HLS 200-486] Changing DSP latency (root=add_ln252_208) to 3 in order to utilize available DSP registers.
INFO: [HLS 200-486] Changing DSP latency (root=add_ln251_208) to 3 in order to utilize available DSP registers.
INFO: [HLS 200-486] Changing DSP latency (root=add_ln254_207) to 3 in order to utilize available DSP registers.
INFO: [HLS 200-486] Changing DSP latency (root=add_ln253_207) to 3 in order to utilize available DSP registers.
INFO: [HLS 200-486] Changing DSP latency (root=add_ln252_207) to 3 in order to utilize available DSP registers.
INFO: [HLS 200-486] Changing DSP latency (root=add_ln251_207) to 3 in order to utilize available DSP registers.
INFO: [HLS 200-486] Changing DSP latency (root=add_ln254_206) to 3 in order to utilize available DSP registers.
INFO: [HLS 200-486] Changing DSP latency (root=add_ln253_206) to 3 in order to utilize available DSP registers.
INFO: [HLS 200-486] Changing DSP latency (root=add_ln252_206) to 3 in order to utilize available DSP registers.
INFO: [HLS 200-486] Changing DSP latency (root=add_ln251_206) to 3 in order to utilize available DSP registers.
INFO: [HLS 200-486] Changing DSP latency (root=add_ln254_205) to 3 in order to utilize available DSP registers.
INFO: [HLS 200-486] Changing DSP latency (root=add_ln253_205) to 3 in order to utilize available DSP registers.
INFO: [HLS 200-486] Changing DSP latency (root=add_ln252_205) to 3 in order to utilize available DSP registers.
INFO: [HLS 200-486] Changing DSP latency (root=add_ln251_205) to 3 in order to utilize available DSP registers.
INFO: [HLS 200-486] Changing DSP latency (root=add_ln254_204) to 3 in order to utilize available DSP registers.
INFO: [HLS 200-486] Changing DSP latency (root=add_ln253_204) to 3 in order to utilize available DSP registers.
INFO: [HLS 200-486] Changing DSP latency (root=add_ln252_204) to 3 in order to utilize available DSP registers.
INFO: [HLS 200-486] Changing DSP latency (root=add_ln251_204) to 3 in order to utilize available DSP registers.
INFO: [HLS 200-486] Changing DSP latency (root=add_ln254_203) to 3 in order to utilize available DSP registers.
INFO: [HLS 200-486] Changing DSP latency (root=add_ln253_203) to 3 in order to utilize available DSP registers.
INFO: [HLS 200-486] Changing DSP latency (root=add_ln252_203) to 3 in order to utilize available DSP registers.
INFO: [HLS 200-486] Changing DSP latency (root=add_ln251_203) to 3 in order to utilize available DSP registers.
INFO: [HLS 200-486] Changing DSP latency (root=add_ln254_202) to 3 in order to utilize available DSP registers.
INFO: [HLS 200-486] Changing DSP latency (root=add_ln253_202) to 3 in order to utilize available DSP registers.
INFO: [HLS 200-486] Changing DSP latency (root=add_ln252_202) to 3 in order to utilize available DSP registers.
INFO: [HLS 200-486] Changing DSP latency (root=add_ln251_202) to 3 in order to utilize available DSP registers.
INFO: [HLS 200-486] Changing DSP latency (root=add_ln254_201) to 3 in order to utilize available DSP registers.
INFO: [HLS 200-486] Changing DSP latency (root=add_ln253_201) to 3 in order to utilize available DSP registers.
INFO: [HLS 200-486] Changing DSP latency (root=add_ln252_201) to 3 in order to utilize available DSP registers.
INFO: [HLS 200-486] Changing DSP latency (root=add_ln251_201) to 3 in order to utilize available DSP registers.
INFO: [HLS 200-486] Changing DSP latency (root=add_ln254_200) to 3 in order to utilize available DSP registers.
INFO: [HLS 200-486] Changing DSP latency (root=add_ln253_200) to 3 in order to utilize available DSP registers.
INFO: [HLS 200-486] Changing DSP latency (root=add_ln252_200) to 3 in order to utilize available DSP registers.
INFO: [HLS 200-486] Changing DSP latency (root=add_ln251_200) to 3 in order to utilize available DSP registers.
INFO: [HLS 200-486] Changing DSP latency (root=add_ln254_199) to 3 in order to utilize available DSP registers.
INFO: [HLS 200-486] Changing DSP latency (root=add_ln253_199) to 3 in order to utilize available DSP registers.
INFO: [HLS 200-486] Changing DSP latency (root=add_ln252_199) to 3 in order to utilize available DSP registers.
INFO: [HLS 200-486] Changing DSP latency (root=add_ln251_199) to 3 in order to utilize available DSP registers.
INFO: [HLS 200-486] Changing DSP latency (root=add_ln254_198) to 3 in order to utilize available DSP registers.
INFO: [HLS 200-486] Changing DSP latency (root=add_ln253_198) to 3 in order to utilize available DSP registers.
INFO: [HLS 200-486] Changing DSP latency (root=add_ln252_198) to 3 in order to utilize available DSP registers.
INFO: [HLS 200-486] Changing DSP latency (root=add_ln251_198) to 3 in order to utilize available DSP registers.
INFO: [HLS 200-486] Changing DSP latency (root=add_ln254_197) to 3 in order to utilize available DSP registers.
INFO: [HLS 200-486] Changing DSP latency (root=add_ln253_197) to 3 in order to utilize available DSP registers.
INFO: [HLS 200-486] Changing DSP latency (root=add_ln252_197) to 3 in order to utilize available DSP registers.
INFO: [HLS 200-486] Changing DSP latency (root=add_ln251_197) to 3 in order to utilize available DSP registers.
INFO: [HLS 200-486] Changing DSP latency (root=add_ln254_196) to 3 in order to utilize available DSP registers.
INFO: [HLS 200-486] Changing DSP latency (root=add_ln253_196) to 3 in order to utilize available DSP registers.
INFO: [HLS 200-486] Changing DSP latency (root=add_ln252_196) to 3 in order to utilize available DSP registers.
INFO: [HLS 200-486] Changing DSP latency (root=add_ln251_196) to 3 in order to utilize available DSP registers.
INFO: [HLS 200-486] Changing DSP latency (root=add_ln254_195) to 3 in order to utilize available DSP registers.
INFO: [HLS 200-486] Changing DSP latency (root=add_ln253_195) to 3 in order to utilize available DSP registers.
INFO: [HLS 200-486] Changing DSP latency (root=add_ln252_195) to 3 in order to utilize available DSP registers.
INFO: [HLS 200-486] Changing DSP latency (root=add_ln251_195) to 3 in order to utilize available DSP registers.
INFO: [HLS 200-486] Changing DSP latency (root=add_ln254_194) to 3 in order to utilize available DSP registers.
INFO: [HLS 200-486] Changing DSP latency (root=add_ln253_194) to 3 in order to utilize available DSP registers.
INFO: [HLS 200-486] Changing DSP latency (root=add_ln252_194) to 3 in order to utilize available DSP registers.
INFO: [HLS 200-486] Changing DSP latency (root=add_ln251_194) to 3 in order to utilize available DSP registers.
INFO: [HLS 200-486] Changing DSP latency (root=add_ln254_193) to 3 in order to utilize available DSP registers.
INFO: [HLS 200-486] Changing DSP latency (root=add_ln253_193) to 3 in order to utilize available DSP registers.
INFO: [HLS 200-486] Changing DSP latency (root=add_ln252_193) to 3 in order to utilize available DSP registers.
INFO: [HLS 200-486] Changing DSP latency (root=add_ln251_193) to 3 in order to utilize available DSP registers.
INFO: [HLS 200-486] Changing DSP latency (root=add_ln254_192) to 3 in order to utilize available DSP registers.
INFO: [HLS 200-486] Changing DSP latency (root=add_ln253_192) to 3 in order to utilize available DSP registers.
INFO: [HLS 200-486] Changing DSP latency (root=add_ln252_192) to 3 in order to utilize available DSP registers.
INFO: [HLS 200-486] Changing DSP latency (root=add_ln251_192) to 3 in order to utilize available DSP registers.
INFO: [HLS 200-486] Changing DSP latency (root=add_ln254_191) to 3 in order to utilize available DSP registers.
INFO: [HLS 200-486] Changing DSP latency (root=add_ln253_191) to 3 in order to utilize available DSP registers.
INFO: [HLS 200-486] Changing DSP latency (root=add_ln252_191) to 3 in order to utilize available DSP registers.
INFO: [HLS 200-486] Changing DSP latency (root=add_ln251_191) to 3 in order to utilize available DSP registers.
INFO: [HLS 200-486] Changing DSP latency (root=add_ln254_190) to 3 in order to utilize available DSP registers.
INFO: [HLS 200-486] Changing DSP latency (root=add_ln253_190) to 3 in order to utilize available DSP registers.
INFO: [HLS 200-486] Changing DSP latency (root=add_ln252_190) to 3 in order to utilize available DSP registers.
INFO: [HLS 200-486] Changing DSP latency (root=add_ln251_190) to 3 in order to utilize available DSP registers.
INFO: [HLS 200-486] Changing DSP latency (root=add_ln254_189) to 3 in order to utilize available DSP registers.
INFO: [HLS 200-486] Changing DSP latency (root=add_ln253_189) to 3 in order to utilize available DSP registers.
INFO: [HLS 200-486] Changing DSP latency (root=add_ln252_189) to 3 in order to utilize available DSP registers.
INFO: [HLS 200-486] Changing DSP latency (root=add_ln251_189) to 3 in order to utilize available DSP registers.
INFO: [HLS 200-486] Changing DSP latency (root=add_ln254_188) to 3 in order to utilize available DSP registers.
INFO: [HLS 200-486] Changing DSP latency (root=add_ln253_188) to 3 in order to utilize available DSP registers.
INFO: [HLS 200-486] Changing DSP latency (root=add_ln252_188) to 3 in order to utilize available DSP registers.
INFO: [HLS 200-486] Changing DSP latency (root=add_ln251_188) to 3 in order to utilize available DSP registers.
INFO: [HLS 200-486] Changing DSP latency (root=add_ln254_187) to 3 in order to utilize available DSP registers.
INFO: [HLS 200-486] Changing DSP latency (root=add_ln253_187) to 3 in order to utilize available DSP registers.
INFO: [HLS 200-486] Changing DSP latency (root=add_ln252_187) to 3 in order to utilize available DSP registers.
INFO: [HLS 200-486] Changing DSP latency (root=add_ln251_187) to 3 in order to utilize available DSP registers.
INFO: [HLS 200-486] Changing DSP latency (root=add_ln254_186) to 3 in order to utilize available DSP registers.
INFO: [HLS 200-486] Changing DSP latency (root=add_ln253_186) to 3 in order to utilize available DSP registers.
INFO: [HLS 200-486] Changing DSP latency (root=add_ln252_186) to 3 in order to utilize available DSP registers.
INFO: [HLS 200-486] Changing DSP latency (root=add_ln251_186) to 3 in order to utilize available DSP registers.
INFO: [HLS 200-486] Changing DSP latency (root=add_ln254_185) to 3 in order to utilize available DSP registers.
INFO: [HLS 200-486] Changing DSP latency (root=add_ln253_185) to 3 in order to utilize available DSP registers.
INFO: [HLS 200-486] Changing DSP latency (root=add_ln252_185) to 3 in order to utilize available DSP registers.
INFO: [HLS 200-486] Changing DSP latency (root=add_ln251_185) to 3 in order to utilize available DSP registers.
INFO: [HLS 200-486] Changing DSP latency (root=add_ln254_184) to 3 in order to utilize available DSP registers.
INFO: [HLS 200-486] Changing DSP latency (root=add_ln253_184) to 3 in order to utilize available DSP registers.
INFO: [HLS 200-486] Changing DSP latency (root=add_ln252_184) to 3 in order to utilize available DSP registers.
INFO: [HLS 200-486] Changing DSP latency (root=add_ln251_184) to 3 in order to utilize available DSP registers.
INFO: [HLS 200-486] Changing DSP latency (root=add_ln254_183) to 3 in order to utilize available DSP registers.
INFO: [HLS 200-486] Changing DSP latency (root=add_ln253_183) to 3 in order to utilize available DSP registers.
INFO: [HLS 200-486] Changing DSP latency (root=add_ln252_183) to 3 in order to utilize available DSP registers.
INFO: [HLS 200-486] Changing DSP latency (root=add_ln251_183) to 3 in order to utilize available DSP registers.
INFO: [HLS 200-486] Changing DSP latency (root=add_ln254_182) to 3 in order to utilize available DSP registers.
INFO: [HLS 200-486] Changing DSP latency (root=add_ln253_182) to 3 in order to utilize available DSP registers.
INFO: [HLS 200-486] Changing DSP latency (root=add_ln252_182) to 3 in order to utilize available DSP registers.
INFO: [HLS 200-486] Changing DSP latency (root=add_ln251_182) to 3 in order to utilize available DSP registers.
INFO: [HLS 200-486] Changing DSP latency (root=add_ln254_181) to 3 in order to utilize available DSP registers.
INFO: [HLS 200-486] Changing DSP latency (root=add_ln253_181) to 3 in order to utilize available DSP registers.
INFO: [HLS 200-486] Changing DSP latency (root=add_ln252_181) to 3 in order to utilize available DSP registers.
INFO: [HLS 200-486] Changing DSP latency (root=add_ln251_181) to 3 in order to utilize available DSP registers.
INFO: [HLS 200-486] Changing DSP latency (root=add_ln254_180) to 3 in order to utilize available DSP registers.
INFO: [HLS 200-486] Changing DSP latency (root=add_ln253_180) to 3 in order to utilize available DSP registers.
INFO: [HLS 200-486] Changing DSP latency (root=add_ln252_180) to 3 in order to utilize available DSP registers.
INFO: [HLS 200-486] Changing DSP latency (root=add_ln251_180) to 3 in order to utilize available DSP registers.
INFO: [HLS 200-486] Changing DSP latency (root=add_ln254_179) to 3 in order to utilize available DSP registers.
INFO: [HLS 200-486] Changing DSP latency (root=add_ln253_179) to 3 in order to utilize available DSP registers.
INFO: [HLS 200-486] Changing DSP latency (root=add_ln252_179) to 3 in order to utilize available DSP registers.
INFO: [HLS 200-486] Changing DSP latency (root=add_ln251_179) to 3 in order to utilize available DSP registers.
INFO: [HLS 200-486] Changing DSP latency (root=add_ln254_178) to 3 in order to utilize available DSP registers.
INFO: [HLS 200-486] Changing DSP latency (root=add_ln253_178) to 3 in order to utilize available DSP registers.
INFO: [HLS 200-486] Changing DSP latency (root=add_ln252_178) to 3 in order to utilize available DSP registers.
INFO: [HLS 200-486] Changing DSP latency (root=add_ln251_178) to 3 in order to utilize available DSP registers.
INFO: [HLS 200-486] Changing DSP latency (root=add_ln254_177) to 3 in order to utilize available DSP registers.
INFO: [HLS 200-486] Changing DSP latency (root=add_ln253_177) to 3 in order to utilize available DSP registers.
INFO: [HLS 200-486] Changing DSP latency (root=add_ln252_177) to 3 in order to utilize available DSP registers.
INFO: [HLS 200-486] Changing DSP latency (root=add_ln251_177) to 3 in order to utilize available DSP registers.
INFO: [HLS 200-486] Changing DSP latency (root=add_ln254_176) to 3 in order to utilize available DSP registers.
INFO: [HLS 200-486] Changing DSP latency (root=add_ln253_176) to 3 in order to utilize available DSP registers.
INFO: [HLS 200-486] Changing DSP latency (root=add_ln252_176) to 3 in order to utilize available DSP registers.
INFO: [HLS 200-486] Changing DSP latency (root=add_ln251_176) to 3 in order to utilize available DSP registers.
INFO: [HLS 200-486] Changing DSP latency (root=add_ln254_175) to 3 in order to utilize available DSP registers.
INFO: [HLS 200-486] Changing DSP latency (root=add_ln253_175) to 3 in order to utilize available DSP registers.
INFO: [HLS 200-486] Changing DSP latency (root=add_ln252_175) to 3 in order to utilize available DSP registers.
INFO: [HLS 200-486] Changing DSP latency (root=add_ln251_175) to 3 in order to utilize available DSP registers.
INFO: [HLS 200-486] Changing DSP latency (root=add_ln254_174) to 3 in order to utilize available DSP registers.
INFO: [HLS 200-486] Changing DSP latency (root=add_ln253_174) to 3 in order to utilize available DSP registers.
INFO: [HLS 200-486] Changing DSP latency (root=add_ln252_174) to 3 in order to utilize available DSP registers.
INFO: [HLS 200-486] Changing DSP latency (root=add_ln251_174) to 3 in order to utilize available DSP registers.
INFO: [HLS 200-486] Changing DSP latency (root=add_ln254_173) to 3 in order to utilize available DSP registers.
INFO: [HLS 200-486] Changing DSP latency (root=add_ln253_173) to 3 in order to utilize available DSP registers.
INFO: [HLS 200-486] Changing DSP latency (root=add_ln252_173) to 3 in order to utilize available DSP registers.
INFO: [HLS 200-486] Changing DSP latency (root=add_ln251_173) to 3 in order to utilize available DSP registers.
INFO: [HLS 200-486] Changing DSP latency (root=add_ln254_172) to 3 in order to utilize available DSP registers.
INFO: [HLS 200-486] Changing DSP latency (root=add_ln253_172) to 3 in order to utilize available DSP registers.
INFO: [HLS 200-486] Changing DSP latency (root=add_ln252_172) to 3 in order to utilize available DSP registers.
INFO: [HLS 200-486] Changing DSP latency (root=add_ln251_172) to 3 in order to utilize available DSP registers.
INFO: [HLS 200-486] Changing DSP latency (root=add_ln254_171) to 3 in order to utilize available DSP registers.
INFO: [HLS 200-486] Changing DSP latency (root=add_ln253_171) to 3 in order to utilize available DSP registers.
INFO: [HLS 200-486] Changing DSP latency (root=add_ln252_171) to 3 in order to utilize available DSP registers.
INFO: [HLS 200-486] Changing DSP latency (root=add_ln251_171) to 3 in order to utilize available DSP registers.
INFO: [HLS 200-486] Changing DSP latency (root=add_ln254_170) to 3 in order to utilize available DSP registers.
INFO: [HLS 200-486] Changing DSP latency (root=add_ln253_170) to 3 in order to utilize available DSP registers.
INFO: [HLS 200-486] Changing DSP latency (root=add_ln252_170) to 3 in order to utilize available DSP registers.
INFO: [HLS 200-486] Changing DSP latency (root=add_ln251_170) to 3 in order to utilize available DSP registers.
INFO: [HLS 200-486] Changing DSP latency (root=add_ln254_169) to 3 in order to utilize available DSP registers.
INFO: [HLS 200-486] Changing DSP latency (root=add_ln253_169) to 3 in order to utilize available DSP registers.
INFO: [HLS 200-486] Changing DSP latency (root=add_ln252_169) to 3 in order to utilize available DSP registers.
INFO: [HLS 200-486] Changing DSP latency (root=add_ln251_169) to 3 in order to utilize available DSP registers.
INFO: [HLS 200-486] Changing DSP latency (root=add_ln254_168) to 3 in order to utilize available DSP registers.
INFO: [HLS 200-486] Changing DSP latency (root=add_ln253_168) to 3 in order to utilize available DSP registers.
INFO: [HLS 200-486] Changing DSP latency (root=add_ln252_168) to 3 in order to utilize available DSP registers.
INFO: [HLS 200-486] Changing DSP latency (root=add_ln251_168) to 3 in order to utilize available DSP registers.
INFO: [HLS 200-486] Changing DSP latency (root=add_ln254_167) to 3 in order to utilize available DSP registers.
INFO: [HLS 200-486] Changing DSP latency (root=add_ln253_167) to 3 in order to utilize available DSP registers.
INFO: [HLS 200-486] Changing DSP latency (root=add_ln252_167) to 3 in order to utilize available DSP registers.
INFO: [HLS 200-486] Changing DSP latency (root=add_ln251_167) to 3 in order to utilize available DSP registers.
INFO: [HLS 200-486] Changing DSP latency (root=add_ln254_166) to 3 in order to utilize available DSP registers.
INFO: [HLS 200-486] Changing DSP latency (root=add_ln253_166) to 3 in order to utilize available DSP registers.
INFO: [HLS 200-486] Changing DSP latency (root=add_ln252_166) to 3 in order to utilize available DSP registers.
INFO: [HLS 200-486] Changing DSP latency (root=add_ln251_166) to 3 in order to utilize available DSP registers.
INFO: [HLS 200-486] Changing DSP latency (root=add_ln254_165) to 3 in order to utilize available DSP registers.
INFO: [HLS 200-486] Changing DSP latency (root=add_ln253_165) to 3 in order to utilize available DSP registers.
INFO: [HLS 200-486] Changing DSP latency (root=add_ln252_165) to 3 in order to utilize available DSP registers.
INFO: [HLS 200-486] Changing DSP latency (root=add_ln251_165) to 3 in order to utilize available DSP registers.
INFO: [HLS 200-486] Changing DSP latency (root=add_ln254_164) to 3 in order to utilize available DSP registers.
INFO: [HLS 200-486] Changing DSP latency (root=add_ln253_164) to 3 in order to utilize available DSP registers.
INFO: [HLS 200-486] Changing DSP latency (root=add_ln252_164) to 3 in order to utilize available DSP registers.
INFO: [HLS 200-486] Changing DSP latency (root=add_ln251_164) to 3 in order to utilize available DSP registers.
INFO: [HLS 200-486] Changing DSP latency (root=add_ln254_163) to 3 in order to utilize available DSP registers.
INFO: [HLS 200-486] Changing DSP latency (root=add_ln253_163) to 3 in order to utilize available DSP registers.
INFO: [HLS 200-486] Changing DSP latency (root=add_ln252_163) to 3 in order to utilize available DSP registers.
INFO: [HLS 200-486] Changing DSP latency (root=add_ln251_163) to 3 in order to utilize available DSP registers.
INFO: [HLS 200-486] Changing DSP latency (root=add_ln254_162) to 3 in order to utilize available DSP registers.
INFO: [HLS 200-486] Changing DSP latency (root=add_ln253_162) to 3 in order to utilize available DSP registers.
INFO: [HLS 200-486] Changing DSP latency (root=add_ln252_162) to 3 in order to utilize available DSP registers.
INFO: [HLS 200-486] Changing DSP latency (root=add_ln251_162) to 3 in order to utilize available DSP registers.
INFO: [HLS 200-486] Changing DSP latency (root=add_ln254_161) to 3 in order to utilize available DSP registers.
INFO: [HLS 200-486] Changing DSP latency (root=add_ln253_161) to 3 in order to utilize available DSP registers.
INFO: [HLS 200-486] Changing DSP latency (root=add_ln252_161) to 3 in order to utilize available DSP registers.
INFO: [HLS 200-486] Changing DSP latency (root=add_ln251_161) to 3 in order to utilize available DSP registers.
INFO: [HLS 200-486] Changing DSP latency (root=add_ln254_160) to 3 in order to utilize available DSP registers.
INFO: [HLS 200-486] Changing DSP latency (root=add_ln253_160) to 3 in order to utilize available DSP registers.
INFO: [HLS 200-486] Changing DSP latency (root=add_ln252_160) to 3 in order to utilize available DSP registers.
INFO: [HLS 200-486] Changing DSP latency (root=add_ln251_160) to 3 in order to utilize available DSP registers.
INFO: [HLS 200-486] Changing DSP latency (root=add_ln254_159) to 3 in order to utilize available DSP registers.
INFO: [HLS 200-486] Changing DSP latency (root=add_ln253_159) to 3 in order to utilize available DSP registers.
INFO: [HLS 200-486] Changing DSP latency (root=add_ln252_159) to 3 in order to utilize available DSP registers.
INFO: [HLS 200-486] Changing DSP latency (root=add_ln251_159) to 3 in order to utilize available DSP registers.
INFO: [HLS 200-486] Changing DSP latency (root=add_ln254_158) to 3 in order to utilize available DSP registers.
INFO: [HLS 200-486] Changing DSP latency (root=add_ln253_158) to 3 in order to utilize available DSP registers.
INFO: [HLS 200-486] Changing DSP latency (root=add_ln252_158) to 3 in order to utilize available DSP registers.
INFO: [HLS 200-486] Changing DSP latency (root=add_ln251_158) to 3 in order to utilize available DSP registers.
INFO: [HLS 200-486] Changing DSP latency (root=add_ln254_157) to 3 in order to utilize available DSP registers.
INFO: [HLS 200-486] Changing DSP latency (root=add_ln253_157) to 3 in order to utilize available DSP registers.
INFO: [HLS 200-486] Changing DSP latency (root=add_ln252_157) to 3 in order to utilize available DSP registers.
INFO: [HLS 200-486] Changing DSP latency (root=add_ln251_157) to 3 in order to utilize available DSP registers.
INFO: [HLS 200-486] Changing DSP latency (root=add_ln254_156) to 3 in order to utilize available DSP registers.
INFO: [HLS 200-486] Changing DSP latency (root=add_ln253_156) to 3 in order to utilize available DSP registers.
INFO: [HLS 200-486] Changing DSP latency (root=add_ln252_156) to 3 in order to utilize available DSP registers.
INFO: [HLS 200-486] Changing DSP latency (root=add_ln251_156) to 3 in order to utilize available DSP registers.
INFO: [HLS 200-486] Changing DSP latency (root=add_ln254_155) to 3 in order to utilize available DSP registers.
INFO: [HLS 200-486] Changing DSP latency (root=add_ln253_155) to 3 in order to utilize available DSP registers.
INFO: [HLS 200-486] Changing DSP latency (root=add_ln252_155) to 3 in order to utilize available DSP registers.
INFO: [HLS 200-486] Changing DSP latency (root=add_ln251_155) to 3 in order to utilize available DSP registers.
INFO: [HLS 200-486] Changing DSP latency (root=add_ln254_154) to 3 in order to utilize available DSP registers.
INFO: [HLS 200-486] Changing DSP latency (root=add_ln253_154) to 3 in order to utilize available DSP registers.
INFO: [HLS 200-486] Changing DSP latency (root=add_ln252_154) to 3 in order to utilize available DSP registers.
INFO: [HLS 200-486] Changing DSP latency (root=add_ln251_154) to 3 in order to utilize available DSP registers.
INFO: [HLS 200-486] Changing DSP latency (root=add_ln254_153) to 3 in order to utilize available DSP registers.
INFO: [HLS 200-486] Changing DSP latency (root=add_ln253_153) to 3 in order to utilize available DSP registers.
INFO: [HLS 200-486] Changing DSP latency (root=add_ln252_153) to 3 in order to utilize available DSP registers.
INFO: [HLS 200-486] Changing DSP latency (root=add_ln251_153) to 3 in order to utilize available DSP registers.
INFO: [HLS 200-486] Changing DSP latency (root=add_ln254_152) to 3 in order to utilize available DSP registers.
INFO: [HLS 200-486] Changing DSP latency (root=add_ln253_152) to 3 in order to utilize available DSP registers.
INFO: [HLS 200-486] Changing DSP latency (root=add_ln252_152) to 3 in order to utilize available DSP registers.
INFO: [HLS 200-486] Changing DSP latency (root=add_ln251_152) to 3 in order to utilize available DSP registers.
INFO: [HLS 200-486] Changing DSP latency (root=add_ln254_151) to 3 in order to utilize available DSP registers.
INFO: [HLS 200-486] Changing DSP latency (root=add_ln253_151) to 3 in order to utilize available DSP registers.
INFO: [HLS 200-486] Changing DSP latency (root=add_ln252_151) to 3 in order to utilize available DSP registers.
INFO: [HLS 200-486] Changing DSP latency (root=add_ln251_151) to 3 in order to utilize available DSP registers.
INFO: [HLS 200-486] Changing DSP latency (root=add_ln254_150) to 3 in order to utilize available DSP registers.
INFO: [HLS 200-486] Changing DSP latency (root=add_ln253_150) to 3 in order to utilize available DSP registers.
INFO: [HLS 200-486] Changing DSP latency (root=add_ln252_150) to 3 in order to utilize available DSP registers.
INFO: [HLS 200-486] Changing DSP latency (root=add_ln251_150) to 3 in order to utilize available DSP registers.
INFO: [HLS 200-486] Changing DSP latency (root=add_ln254_149) to 3 in order to utilize available DSP registers.
INFO: [HLS 200-486] Changing DSP latency (root=add_ln253_149) to 3 in order to utilize available DSP registers.
INFO: [HLS 200-486] Changing DSP latency (root=add_ln252_149) to 3 in order to utilize available DSP registers.
INFO: [HLS 200-486] Changing DSP latency (root=add_ln251_149) to 3 in order to utilize available DSP registers.
INFO: [HLS 200-486] Changing DSP latency (root=add_ln254_148) to 3 in order to utilize available DSP registers.
INFO: [HLS 200-486] Changing DSP latency (root=add_ln253_148) to 3 in order to utilize available DSP registers.
INFO: [HLS 200-486] Changing DSP latency (root=add_ln252_148) to 3 in order to utilize available DSP registers.
INFO: [HLS 200-486] Changing DSP latency (root=add_ln251_148) to 3 in order to utilize available DSP registers.
INFO: [HLS 200-486] Changing DSP latency (root=add_ln254_147) to 3 in order to utilize available DSP registers.
INFO: [HLS 200-486] Changing DSP latency (root=add_ln253_147) to 3 in order to utilize available DSP registers.
INFO: [HLS 200-486] Changing DSP latency (root=add_ln252_147) to 3 in order to utilize available DSP registers.
INFO: [HLS 200-486] Changing DSP latency (root=add_ln251_147) to 3 in order to utilize available DSP registers.
INFO: [HLS 200-486] Changing DSP latency (root=add_ln254_146) to 3 in order to utilize available DSP registers.
INFO: [HLS 200-486] Changing DSP latency (root=add_ln253_146) to 3 in order to utilize available DSP registers.
INFO: [HLS 200-486] Changing DSP latency (root=add_ln252_146) to 3 in order to utilize available DSP registers.
INFO: [HLS 200-486] Changing DSP latency (root=add_ln251_146) to 3 in order to utilize available DSP registers.
INFO: [HLS 200-486] Changing DSP latency (root=add_ln254_145) to 3 in order to utilize available DSP registers.
INFO: [HLS 200-486] Changing DSP latency (root=add_ln253_145) to 3 in order to utilize available DSP registers.
INFO: [HLS 200-486] Changing DSP latency (root=add_ln252_145) to 3 in order to utilize available DSP registers.
INFO: [HLS 200-486] Changing DSP latency (root=add_ln251_145) to 3 in order to utilize available DSP registers.
INFO: [HLS 200-486] Changing DSP latency (root=add_ln254_144) to 3 in order to utilize available DSP registers.
INFO: [HLS 200-486] Changing DSP latency (root=add_ln253_144) to 3 in order to utilize available DSP registers.
INFO: [HLS 200-486] Changing DSP latency (root=add_ln252_144) to 3 in order to utilize available DSP registers.
INFO: [HLS 200-486] Changing DSP latency (root=add_ln251_144) to 3 in order to utilize available DSP registers.
INFO: [HLS 200-486] Changing DSP latency (root=add_ln254_143) to 3 in order to utilize available DSP registers.
INFO: [HLS 200-486] Changing DSP latency (root=add_ln253_143) to 3 in order to utilize available DSP registers.
INFO: [HLS 200-486] Changing DSP latency (root=add_ln252_143) to 3 in order to utilize available DSP registers.
INFO: [HLS 200-486] Changing DSP latency (root=add_ln251_143) to 3 in order to utilize available DSP registers.
INFO: [HLS 200-486] Changing DSP latency (root=add_ln254_142) to 3 in order to utilize available DSP registers.
INFO: [HLS 200-486] Changing DSP latency (root=add_ln253_142) to 3 in order to utilize available DSP registers.
INFO: [HLS 200-486] Changing DSP latency (root=add_ln252_142) to 3 in order to utilize available DSP registers.
INFO: [HLS 200-486] Changing DSP latency (root=add_ln251_142) to 3 in order to utilize available DSP registers.
INFO: [HLS 200-486] Changing DSP latency (root=add_ln254_141) to 3 in order to utilize available DSP registers.
INFO: [HLS 200-486] Changing DSP latency (root=add_ln253_141) to 3 in order to utilize available DSP registers.
INFO: [HLS 200-486] Changing DSP latency (root=add_ln252_141) to 3 in order to utilize available DSP registers.
INFO: [HLS 200-486] Changing DSP latency (root=add_ln251_141) to 3 in order to utilize available DSP registers.
INFO: [HLS 200-486] Changing DSP latency (root=add_ln254_140) to 3 in order to utilize available DSP registers.
INFO: [HLS 200-486] Changing DSP latency (root=add_ln253_140) to 3 in order to utilize available DSP registers.
INFO: [HLS 200-486] Changing DSP latency (root=add_ln252_140) to 3 in order to utilize available DSP registers.
INFO: [HLS 200-486] Changing DSP latency (root=add_ln251_140) to 3 in order to utilize available DSP registers.
INFO: [HLS 200-486] Changing DSP latency (root=add_ln254_139) to 3 in order to utilize available DSP registers.
INFO: [HLS 200-486] Changing DSP latency (root=add_ln253_139) to 3 in order to utilize available DSP registers.
INFO: [HLS 200-486] Changing DSP latency (root=add_ln252_139) to 3 in order to utilize available DSP registers.
INFO: [HLS 200-486] Changing DSP latency (root=add_ln251_139) to 3 in order to utilize available DSP registers.
INFO: [HLS 200-486] Changing DSP latency (root=add_ln254_138) to 3 in order to utilize available DSP registers.
INFO: [HLS 200-486] Changing DSP latency (root=add_ln253_138) to 3 in order to utilize available DSP registers.
INFO: [HLS 200-486] Changing DSP latency (root=add_ln252_138) to 3 in order to utilize available DSP registers.
INFO: [HLS 200-486] Changing DSP latency (root=add_ln251_138) to 3 in order to utilize available DSP registers.
INFO: [HLS 200-486] Changing DSP latency (root=add_ln254_137) to 3 in order to utilize available DSP registers.
INFO: [HLS 200-486] Changing DSP latency (root=add_ln253_137) to 3 in order to utilize available DSP registers.
INFO: [HLS 200-486] Changing DSP latency (root=add_ln252_137) to 3 in order to utilize available DSP registers.
INFO: [HLS 200-486] Changing DSP latency (root=add_ln251_137) to 3 in order to utilize available DSP registers.
INFO: [HLS 200-486] Changing DSP latency (root=add_ln254_136) to 3 in order to utilize available DSP registers.
INFO: [HLS 200-486] Changing DSP latency (root=add_ln253_136) to 3 in order to utilize available DSP registers.
INFO: [HLS 200-486] Changing DSP latency (root=add_ln252_136) to 3 in order to utilize available DSP registers.
INFO: [HLS 200-486] Changing DSP latency (root=add_ln251_136) to 3 in order to utilize available DSP registers.
INFO: [HLS 200-486] Changing DSP latency (root=add_ln254_135) to 3 in order to utilize available DSP registers.
INFO: [HLS 200-486] Changing DSP latency (root=add_ln253_135) to 3 in order to utilize available DSP registers.
INFO: [HLS 200-486] Changing DSP latency (root=add_ln252_135) to 3 in order to utilize available DSP registers.
INFO: [HLS 200-486] Changing DSP latency (root=add_ln251_135) to 3 in order to utilize available DSP registers.
INFO: [HLS 200-486] Changing DSP latency (root=add_ln254_134) to 3 in order to utilize available DSP registers.
INFO: [HLS 200-486] Changing DSP latency (root=add_ln253_134) to 3 in order to utilize available DSP registers.
INFO: [HLS 200-486] Changing DSP latency (root=add_ln252_134) to 3 in order to utilize available DSP registers.
INFO: [HLS 200-486] Changing DSP latency (root=add_ln251_134) to 3 in order to utilize available DSP registers.
INFO: [HLS 200-486] Changing DSP latency (root=add_ln254_133) to 3 in order to utilize available DSP registers.
INFO: [HLS 200-486] Changing DSP latency (root=add_ln253_133) to 3 in order to utilize available DSP registers.
INFO: [HLS 200-486] Changing DSP latency (root=add_ln252_133) to 3 in order to utilize available DSP registers.
INFO: [HLS 200-486] Changing DSP latency (root=add_ln251_133) to 3 in order to utilize available DSP registers.
INFO: [HLS 200-486] Changing DSP latency (root=add_ln254_132) to 3 in order to utilize available DSP registers.
INFO: [HLS 200-486] Changing DSP latency (root=add_ln253_132) to 3 in order to utilize available DSP registers.
INFO: [HLS 200-486] Changing DSP latency (root=add_ln252_132) to 3 in order to utilize available DSP registers.
INFO: [HLS 200-486] Changing DSP latency (root=add_ln251_132) to 3 in order to utilize available DSP registers.
INFO: [HLS 200-486] Changing DSP latency (root=add_ln254_131) to 3 in order to utilize available DSP registers.
INFO: [HLS 200-486] Changing DSP latency (root=add_ln253_131) to 3 in order to utilize available DSP registers.
INFO: [HLS 200-486] Changing DSP latency (root=add_ln252_131) to 3 in order to utilize available DSP registers.
INFO: [HLS 200-486] Changing DSP latency (root=add_ln251_131) to 3 in order to utilize available DSP registers.
INFO: [HLS 200-486] Changing DSP latency (root=add_ln254_130) to 3 in order to utilize available DSP registers.
INFO: [HLS 200-486] Changing DSP latency (root=add_ln253_130) to 3 in order to utilize available DSP registers.
INFO: [HLS 200-486] Changing DSP latency (root=add_ln252_130) to 3 in order to utilize available DSP registers.
INFO: [HLS 200-486] Changing DSP latency (root=add_ln251_130) to 3 in order to utilize available DSP registers.
INFO: [HLS 200-486] Changing DSP latency (root=add_ln254_129) to 3 in order to utilize available DSP registers.
INFO: [HLS 200-486] Changing DSP latency (root=add_ln253_129) to 3 in order to utilize available DSP registers.
INFO: [HLS 200-486] Changing DSP latency (root=add_ln252_129) to 3 in order to utilize available DSP registers.
INFO: [HLS 200-486] Changing DSP latency (root=add_ln251_129) to 3 in order to utilize available DSP registers.
INFO: [HLS 200-486] Changing DSP latency (root=add_ln254_128) to 3 in order to utilize available DSP registers.
INFO: [HLS 200-486] Changing DSP latency (root=add_ln253_128) to 3 in order to utilize available DSP registers.
INFO: [HLS 200-486] Changing DSP latency (root=add_ln252_128) to 3 in order to utilize available DSP registers.
INFO: [HLS 200-486] Changing DSP latency (root=add_ln251_128) to 3 in order to utilize available DSP registers.
INFO: [HLS 200-486] Changing DSP latency (root=add_ln254_127) to 3 in order to utilize available DSP registers.
INFO: [HLS 200-486] Changing DSP latency (root=add_ln253_127) to 3 in order to utilize available DSP registers.
INFO: [HLS 200-486] Changing DSP latency (root=add_ln252_127) to 3 in order to utilize available DSP registers.
INFO: [HLS 200-486] Changing DSP latency (root=add_ln251_127) to 3 in order to utilize available DSP registers.
INFO: [HLS 200-486] Changing DSP latency (root=add_ln254_126) to 3 in order to utilize available DSP registers.
INFO: [HLS 200-486] Changing DSP latency (root=add_ln253_126) to 3 in order to utilize available DSP registers.
INFO: [HLS 200-486] Changing DSP latency (root=add_ln252_126) to 3 in order to utilize available DSP registers.
INFO: [HLS 200-486] Changing DSP latency (root=add_ln251_126) to 3 in order to utilize available DSP registers.
INFO: [HLS 200-486] Changing DSP latency (root=add_ln254_125) to 3 in order to utilize available DSP registers.
INFO: [HLS 200-486] Changing DSP latency (root=add_ln253_125) to 3 in order to utilize available DSP registers.
INFO: [HLS 200-486] Changing DSP latency (root=add_ln252_125) to 3 in order to utilize available DSP registers.
INFO: [HLS 200-486] Changing DSP latency (root=add_ln251_125) to 3 in order to utilize available DSP registers.
INFO: [HLS 200-486] Changing DSP latency (root=add_ln254_124) to 3 in order to utilize available DSP registers.
INFO: [HLS 200-486] Changing DSP latency (root=add_ln253_124) to 3 in order to utilize available DSP registers.
INFO: [HLS 200-486] Changing DSP latency (root=add_ln252_124) to 3 in order to utilize available DSP registers.
INFO: [HLS 200-486] Changing DSP latency (root=add_ln251_124) to 3 in order to utilize available DSP registers.
INFO: [HLS 200-486] Changing DSP latency (root=add_ln254_123) to 3 in order to utilize available DSP registers.
INFO: [HLS 200-486] Changing DSP latency (root=add_ln253_123) to 3 in order to utilize available DSP registers.
INFO: [HLS 200-486] Changing DSP latency (root=add_ln252_123) to 3 in order to utilize available DSP registers.
INFO: [HLS 200-486] Changing DSP latency (root=add_ln251_123) to 3 in order to utilize available DSP registers.
INFO: [HLS 200-486] Changing DSP latency (root=add_ln254_122) to 3 in order to utilize available DSP registers.
INFO: [HLS 200-486] Changing DSP latency (root=add_ln253_122) to 3 in order to utilize available DSP registers.
INFO: [HLS 200-486] Changing DSP latency (root=add_ln252_122) to 3 in order to utilize available DSP registers.
INFO: [HLS 200-486] Changing DSP latency (root=add_ln251_122) to 3 in order to utilize available DSP registers.
INFO: [HLS 200-486] Changing DSP latency (root=add_ln254_121) to 3 in order to utilize available DSP registers.
INFO: [HLS 200-486] Changing DSP latency (root=add_ln253_121) to 3 in order to utilize available DSP registers.
INFO: [HLS 200-486] Changing DSP latency (root=add_ln252_121) to 3 in order to utilize available DSP registers.
INFO: [HLS 200-486] Changing DSP latency (root=add_ln251_121) to 3 in order to utilize available DSP registers.
INFO: [HLS 200-486] Changing DSP latency (root=add_ln254_120) to 3 in order to utilize available DSP registers.
INFO: [HLS 200-486] Changing DSP latency (root=add_ln253_120) to 3 in order to utilize available DSP registers.
INFO: [HLS 200-486] Changing DSP latency (root=add_ln252_120) to 3 in order to utilize available DSP registers.
INFO: [HLS 200-486] Changing DSP latency (root=add_ln251_120) to 3 in order to utilize available DSP registers.
INFO: [HLS 200-486] Changing DSP latency (root=add_ln254_119) to 3 in order to utilize available DSP registers.
INFO: [HLS 200-486] Changing DSP latency (root=add_ln253_119) to 3 in order to utilize available DSP registers.
INFO: [HLS 200-486] Changing DSP latency (root=add_ln252_119) to 3 in order to utilize available DSP registers.
INFO: [HLS 200-486] Changing DSP latency (root=add_ln251_119) to 3 in order to utilize available DSP registers.
INFO: [HLS 200-486] Changing DSP latency (root=add_ln254_118) to 3 in order to utilize available DSP registers.
INFO: [HLS 200-486] Changing DSP latency (root=add_ln253_118) to 3 in order to utilize available DSP registers.
INFO: [HLS 200-486] Changing DSP latency (root=add_ln252_118) to 3 in order to utilize available DSP registers.
INFO: [HLS 200-486] Changing DSP latency (root=add_ln251_118) to 3 in order to utilize available DSP registers.
INFO: [HLS 200-486] Changing DSP latency (root=add_ln254_117) to 3 in order to utilize available DSP registers.
INFO: [HLS 200-486] Changing DSP latency (root=add_ln253_117) to 3 in order to utilize available DSP registers.
INFO: [HLS 200-486] Changing DSP latency (root=add_ln252_117) to 3 in order to utilize available DSP registers.
INFO: [HLS 200-486] Changing DSP latency (root=add_ln251_117) to 3 in order to utilize available DSP registers.
INFO: [HLS 200-486] Changing DSP latency (root=add_ln254_116) to 3 in order to utilize available DSP registers.
INFO: [HLS 200-486] Changing DSP latency (root=add_ln253_116) to 3 in order to utilize available DSP registers.
INFO: [HLS 200-486] Changing DSP latency (root=add_ln252_116) to 3 in order to utilize available DSP registers.
INFO: [HLS 200-486] Changing DSP latency (root=add_ln251_116) to 3 in order to utilize available DSP registers.
INFO: [HLS 200-486] Changing DSP latency (root=add_ln254_115) to 3 in order to utilize available DSP registers.
INFO: [HLS 200-486] Changing DSP latency (root=add_ln253_115) to 3 in order to utilize available DSP registers.
INFO: [HLS 200-486] Changing DSP latency (root=add_ln252_115) to 3 in order to utilize available DSP registers.
INFO: [HLS 200-486] Changing DSP latency (root=add_ln251_115) to 3 in order to utilize available DSP registers.
INFO: [HLS 200-486] Changing DSP latency (root=add_ln254_114) to 3 in order to utilize available DSP registers.
INFO: [HLS 200-486] Changing DSP latency (root=add_ln253_114) to 3 in order to utilize available DSP registers.
INFO: [HLS 200-486] Changing DSP latency (root=add_ln252_114) to 3 in order to utilize available DSP registers.
INFO: [HLS 200-486] Changing DSP latency (root=add_ln251_114) to 3 in order to utilize available DSP registers.
INFO: [HLS 200-486] Changing DSP latency (root=add_ln254_113) to 3 in order to utilize available DSP registers.
INFO: [HLS 200-486] Changing DSP latency (root=add_ln253_113) to 3 in order to utilize available DSP registers.
INFO: [HLS 200-486] Changing DSP latency (root=add_ln252_113) to 3 in order to utilize available DSP registers.
INFO: [HLS 200-486] Changing DSP latency (root=add_ln251_113) to 3 in order to utilize available DSP registers.
INFO: [HLS 200-486] Changing DSP latency (root=add_ln254_112) to 3 in order to utilize available DSP registers.
INFO: [HLS 200-486] Changing DSP latency (root=add_ln253_112) to 3 in order to utilize available DSP registers.
INFO: [HLS 200-486] Changing DSP latency (root=add_ln252_112) to 3 in order to utilize available DSP registers.
INFO: [HLS 200-486] Changing DSP latency (root=add_ln251_112) to 3 in order to utilize available DSP registers.
INFO: [HLS 200-486] Changing DSP latency (root=add_ln254_111) to 3 in order to utilize available DSP registers.
INFO: [HLS 200-486] Changing DSP latency (root=add_ln253_111) to 3 in order to utilize available DSP registers.
INFO: [HLS 200-486] Changing DSP latency (root=add_ln252_111) to 3 in order to utilize available DSP registers.
INFO: [HLS 200-486] Changing DSP latency (root=add_ln251_111) to 3 in order to utilize available DSP registers.
INFO: [HLS 200-486] Changing DSP latency (root=add_ln254_110) to 3 in order to utilize available DSP registers.
INFO: [HLS 200-486] Changing DSP latency (root=add_ln253_110) to 3 in order to utilize available DSP registers.
INFO: [HLS 200-486] Changing DSP latency (root=add_ln252_110) to 3 in order to utilize available DSP registers.
INFO: [HLS 200-486] Changing DSP latency (root=add_ln251_110) to 3 in order to utilize available DSP registers.
INFO: [HLS 200-486] Changing DSP latency (root=add_ln254_109) to 3 in order to utilize available DSP registers.
INFO: [HLS 200-486] Changing DSP latency (root=add_ln253_109) to 3 in order to utilize available DSP registers.
INFO: [HLS 200-486] Changing DSP latency (root=add_ln252_109) to 3 in order to utilize available DSP registers.
INFO: [HLS 200-486] Changing DSP latency (root=add_ln251_109) to 3 in order to utilize available DSP registers.
INFO: [HLS 200-486] Changing DSP latency (root=add_ln254_108) to 3 in order to utilize available DSP registers.
INFO: [HLS 200-486] Changing DSP latency (root=add_ln253_108) to 3 in order to utilize available DSP registers.
INFO: [HLS 200-486] Changing DSP latency (root=add_ln252_108) to 3 in order to utilize available DSP registers.
INFO: [HLS 200-486] Changing DSP latency (root=add_ln251_108) to 3 in order to utilize available DSP registers.
INFO: [HLS 200-486] Changing DSP latency (root=add_ln254_107) to 3 in order to utilize available DSP registers.
INFO: [HLS 200-486] Changing DSP latency (root=add_ln253_107) to 3 in order to utilize available DSP registers.
INFO: [HLS 200-486] Changing DSP latency (root=add_ln252_107) to 3 in order to utilize available DSP registers.
INFO: [HLS 200-486] Changing DSP latency (root=add_ln251_107) to 3 in order to utilize available DSP registers.
INFO: [HLS 200-486] Changing DSP latency (root=add_ln254_106) to 3 in order to utilize available DSP registers.
INFO: [HLS 200-486] Changing DSP latency (root=add_ln253_106) to 3 in order to utilize available DSP registers.
INFO: [HLS 200-486] Changing DSP latency (root=add_ln252_106) to 3 in order to utilize available DSP registers.
INFO: [HLS 200-486] Changing DSP latency (root=add_ln251_106) to 3 in order to utilize available DSP registers.
INFO: [HLS 200-486] Changing DSP latency (root=add_ln254_105) to 3 in order to utilize available DSP registers.
INFO: [HLS 200-486] Changing DSP latency (root=add_ln253_105) to 3 in order to utilize available DSP registers.
INFO: [HLS 200-486] Changing DSP latency (root=add_ln252_105) to 3 in order to utilize available DSP registers.
INFO: [HLS 200-486] Changing DSP latency (root=add_ln251_105) to 3 in order to utilize available DSP registers.
INFO: [HLS 200-486] Changing DSP latency (root=add_ln254_104) to 3 in order to utilize available DSP registers.
INFO: [HLS 200-486] Changing DSP latency (root=add_ln253_104) to 3 in order to utilize available DSP registers.
INFO: [HLS 200-486] Changing DSP latency (root=add_ln252_104) to 3 in order to utilize available DSP registers.
INFO: [HLS 200-486] Changing DSP latency (root=add_ln251_104) to 3 in order to utilize available DSP registers.
INFO: [HLS 200-486] Changing DSP latency (root=add_ln254_103) to 3 in order to utilize available DSP registers.
INFO: [HLS 200-486] Changing DSP latency (root=add_ln253_103) to 3 in order to utilize available DSP registers.
INFO: [HLS 200-486] Changing DSP latency (root=add_ln252_103) to 3 in order to utilize available DSP registers.
INFO: [HLS 200-486] Changing DSP latency (root=add_ln251_103) to 3 in order to utilize available DSP registers.
INFO: [HLS 200-486] Changing DSP latency (root=add_ln254_102) to 3 in order to utilize available DSP registers.
INFO: [HLS 200-486] Changing DSP latency (root=add_ln253_102) to 3 in order to utilize available DSP registers.
INFO: [HLS 200-486] Changing DSP latency (root=add_ln252_102) to 3 in order to utilize available DSP registers.
INFO: [HLS 200-486] Changing DSP latency (root=add_ln251_102) to 3 in order to utilize available DSP registers.
INFO: [HLS 200-486] Changing DSP latency (root=add_ln254_101) to 3 in order to utilize available DSP registers.
INFO: [HLS 200-486] Changing DSP latency (root=add_ln253_101) to 3 in order to utilize available DSP registers.
INFO: [HLS 200-486] Changing DSP latency (root=add_ln252_101) to 3 in order to utilize available DSP registers.
INFO: [HLS 200-486] Changing DSP latency (root=add_ln251_101) to 3 in order to utilize available DSP registers.
INFO: [HLS 200-486] Changing DSP latency (root=add_ln254_100) to 3 in order to utilize available DSP registers.
INFO: [HLS 200-486] Changing DSP latency (root=add_ln253_100) to 3 in order to utilize available DSP registers.
INFO: [HLS 200-486] Changing DSP latency (root=add_ln252_100) to 3 in order to utilize available DSP registers.
INFO: [HLS 200-486] Changing DSP latency (root=add_ln251_100) to 3 in order to utilize available DSP registers.
INFO: [HLS 200-486] Changing DSP latency (root=add_ln254_99) to 3 in order to utilize available DSP registers.
INFO: [HLS 200-486] Changing DSP latency (root=add_ln253_99) to 3 in order to utilize available DSP registers.
INFO: [HLS 200-486] Changing DSP latency (root=add_ln252_99) to 3 in order to utilize available DSP registers.
INFO: [HLS 200-486] Changing DSP latency (root=add_ln251_99) to 3 in order to utilize available DSP registers.
INFO: [HLS 200-486] Changing DSP latency (root=add_ln254_98) to 3 in order to utilize available DSP registers.
INFO: [HLS 200-486] Changing DSP latency (root=add_ln253_98) to 3 in order to utilize available DSP registers.
INFO: [HLS 200-486] Changing DSP latency (root=add_ln252_98) to 3 in order to utilize available DSP registers.
INFO: [HLS 200-486] Changing DSP latency (root=add_ln251_98) to 3 in order to utilize available DSP registers.
INFO: [HLS 200-486] Changing DSP latency (root=add_ln254_97) to 3 in order to utilize available DSP registers.
INFO: [HLS 200-486] Changing DSP latency (root=add_ln253_97) to 3 in order to utilize available DSP registers.
INFO: [HLS 200-486] Changing DSP latency (root=add_ln252_97) to 3 in order to utilize available DSP registers.
INFO: [HLS 200-486] Changing DSP latency (root=add_ln251_97) to 3 in order to utilize available DSP registers.
INFO: [HLS 200-486] Changing DSP latency (root=add_ln254_96) to 3 in order to utilize available DSP registers.
INFO: [HLS 200-486] Changing DSP latency (root=add_ln253_96) to 3 in order to utilize available DSP registers.
INFO: [HLS 200-486] Changing DSP latency (root=add_ln252_96) to 3 in order to utilize available DSP registers.
INFO: [HLS 200-486] Changing DSP latency (root=add_ln251_96) to 3 in order to utilize available DSP registers.
INFO: [HLS 200-486] Changing DSP latency (root=add_ln254_95) to 3 in order to utilize available DSP registers.
INFO: [HLS 200-486] Changing DSP latency (root=add_ln253_95) to 3 in order to utilize available DSP registers.
INFO: [HLS 200-486] Changing DSP latency (root=add_ln252_95) to 3 in order to utilize available DSP registers.
INFO: [HLS 200-486] Changing DSP latency (root=add_ln251_95) to 3 in order to utilize available DSP registers.
INFO: [HLS 200-486] Changing DSP latency (root=add_ln254_94) to 3 in order to utilize available DSP registers.
INFO: [HLS 200-486] Changing DSP latency (root=add_ln253_94) to 3 in order to utilize available DSP registers.
INFO: [HLS 200-486] Changing DSP latency (root=add_ln252_94) to 3 in order to utilize available DSP registers.
INFO: [HLS 200-486] Changing DSP latency (root=add_ln251_94) to 3 in order to utilize available DSP registers.
INFO: [HLS 200-486] Changing DSP latency (root=add_ln254_93) to 3 in order to utilize available DSP registers.
INFO: [HLS 200-486] Changing DSP latency (root=add_ln253_93) to 3 in order to utilize available DSP registers.
INFO: [HLS 200-486] Changing DSP latency (root=add_ln252_93) to 3 in order to utilize available DSP registers.
INFO: [HLS 200-486] Changing DSP latency (root=add_ln251_93) to 3 in order to utilize available DSP registers.
INFO: [HLS 200-486] Changing DSP latency (root=add_ln254_92) to 3 in order to utilize available DSP registers.
INFO: [HLS 200-486] Changing DSP latency (root=add_ln253_92) to 3 in order to utilize available DSP registers.
INFO: [HLS 200-486] Changing DSP latency (root=add_ln252_92) to 3 in order to utilize available DSP registers.
INFO: [HLS 200-486] Changing DSP latency (root=add_ln251_92) to 3 in order to utilize available DSP registers.
INFO: [HLS 200-486] Changing DSP latency (root=add_ln254_91) to 3 in order to utilize available DSP registers.
INFO: [HLS 200-486] Changing DSP latency (root=add_ln253_91) to 3 in order to utilize available DSP registers.
INFO: [HLS 200-486] Changing DSP latency (root=add_ln252_91) to 3 in order to utilize available DSP registers.
INFO: [HLS 200-486] Changing DSP latency (root=add_ln251_91) to 3 in order to utilize available DSP registers.
INFO: [HLS 200-486] Changing DSP latency (root=add_ln254_90) to 3 in order to utilize available DSP registers.
INFO: [HLS 200-486] Changing DSP latency (root=add_ln253_90) to 3 in order to utilize available DSP registers.
INFO: [HLS 200-486] Changing DSP latency (root=add_ln252_90) to 3 in order to utilize available DSP registers.
INFO: [HLS 200-486] Changing DSP latency (root=add_ln251_90) to 3 in order to utilize available DSP registers.
INFO: [HLS 200-486] Changing DSP latency (root=add_ln254_89) to 3 in order to utilize available DSP registers.
INFO: [HLS 200-486] Changing DSP latency (root=add_ln253_89) to 3 in order to utilize available DSP registers.
INFO: [HLS 200-486] Changing DSP latency (root=add_ln252_89) to 3 in order to utilize available DSP registers.
INFO: [HLS 200-486] Changing DSP latency (root=add_ln251_89) to 3 in order to utilize available DSP registers.
INFO: [HLS 200-486] Changing DSP latency (root=add_ln254_88) to 3 in order to utilize available DSP registers.
INFO: [HLS 200-486] Changing DSP latency (root=add_ln253_88) to 3 in order to utilize available DSP registers.
INFO: [HLS 200-486] Changing DSP latency (root=add_ln252_88) to 3 in order to utilize available DSP registers.
INFO: [HLS 200-486] Changing DSP latency (root=add_ln251_88) to 3 in order to utilize available DSP registers.
INFO: [HLS 200-486] Changing DSP latency (root=add_ln254_87) to 3 in order to utilize available DSP registers.
INFO: [HLS 200-486] Changing DSP latency (root=add_ln253_87) to 3 in order to utilize available DSP registers.
INFO: [HLS 200-486] Changing DSP latency (root=add_ln252_87) to 3 in order to utilize available DSP registers.
INFO: [HLS 200-486] Changing DSP latency (root=add_ln251_87) to 3 in order to utilize available DSP registers.
INFO: [HLS 200-486] Changing DSP latency (root=add_ln254_86) to 3 in order to utilize available DSP registers.
INFO: [HLS 200-486] Changing DSP latency (root=add_ln253_86) to 3 in order to utilize available DSP registers.
INFO: [HLS 200-486] Changing DSP latency (root=add_ln252_86) to 3 in order to utilize available DSP registers.
INFO: [HLS 200-486] Changing DSP latency (root=add_ln251_86) to 3 in order to utilize available DSP registers.
INFO: [HLS 200-486] Changing DSP latency (root=add_ln254_85) to 3 in order to utilize available DSP registers.
INFO: [HLS 200-486] Changing DSP latency (root=add_ln253_85) to 3 in order to utilize available DSP registers.
INFO: [HLS 200-486] Changing DSP latency (root=add_ln252_85) to 3 in order to utilize available DSP registers.
INFO: [HLS 200-486] Changing DSP latency (root=add_ln251_85) to 3 in order to utilize available DSP registers.
INFO: [HLS 200-486] Changing DSP latency (root=add_ln254_84) to 3 in order to utilize available DSP registers.
INFO: [HLS 200-486] Changing DSP latency (root=add_ln253_84) to 3 in order to utilize available DSP registers.
INFO: [HLS 200-486] Changing DSP latency (root=add_ln252_84) to 3 in order to utilize available DSP registers.
INFO: [HLS 200-486] Changing DSP latency (root=add_ln251_84) to 3 in order to utilize available DSP registers.
INFO: [HLS 200-486] Changing DSP latency (root=add_ln254_83) to 3 in order to utilize available DSP registers.
INFO: [HLS 200-486] Changing DSP latency (root=add_ln253_83) to 3 in order to utilize available DSP registers.
INFO: [HLS 200-486] Changing DSP latency (root=add_ln252_83) to 3 in order to utilize available DSP registers.
INFO: [HLS 200-486] Changing DSP latency (root=add_ln251_83) to 3 in order to utilize available DSP registers.
INFO: [HLS 200-486] Changing DSP latency (root=add_ln254_82) to 3 in order to utilize available DSP registers.
INFO: [HLS 200-486] Changing DSP latency (root=add_ln253_82) to 3 in order to utilize available DSP registers.
INFO: [HLS 200-486] Changing DSP latency (root=add_ln252_82) to 3 in order to utilize available DSP registers.
INFO: [HLS 200-486] Changing DSP latency (root=add_ln251_82) to 3 in order to utilize available DSP registers.
INFO: [HLS 200-486] Changing DSP latency (root=add_ln254_81) to 3 in order to utilize available DSP registers.
INFO: [HLS 200-486] Changing DSP latency (root=add_ln253_81) to 3 in order to utilize available DSP registers.
INFO: [HLS 200-486] Changing DSP latency (root=add_ln252_81) to 3 in order to utilize available DSP registers.
INFO: [HLS 200-486] Changing DSP latency (root=add_ln251_81) to 3 in order to utilize available DSP registers.
INFO: [HLS 200-486] Changing DSP latency (root=add_ln254_80) to 3 in order to utilize available DSP registers.
INFO: [HLS 200-486] Changing DSP latency (root=add_ln253_80) to 3 in order to utilize available DSP registers.
INFO: [HLS 200-486] Changing DSP latency (root=add_ln252_80) to 3 in order to utilize available DSP registers.
INFO: [HLS 200-486] Changing DSP latency (root=add_ln251_80) to 3 in order to utilize available DSP registers.
INFO: [HLS 200-486] Changing DSP latency (root=add_ln254_79) to 3 in order to utilize available DSP registers.
INFO: [HLS 200-486] Changing DSP latency (root=add_ln253_79) to 3 in order to utilize available DSP registers.
INFO: [HLS 200-486] Changing DSP latency (root=add_ln252_79) to 3 in order to utilize available DSP registers.
INFO: [HLS 200-486] Changing DSP latency (root=add_ln251_79) to 3 in order to utilize available DSP registers.
INFO: [HLS 200-486] Changing DSP latency (root=add_ln254_78) to 3 in order to utilize available DSP registers.
INFO: [HLS 200-486] Changing DSP latency (root=add_ln253_78) to 3 in order to utilize available DSP registers.
INFO: [HLS 200-486] Changing DSP latency (root=add_ln252_78) to 3 in order to utilize available DSP registers.
INFO: [HLS 200-486] Changing DSP latency (root=add_ln251_78) to 3 in order to utilize available DSP registers.
INFO: [HLS 200-486] Changing DSP latency (root=add_ln254_77) to 3 in order to utilize available DSP registers.
INFO: [HLS 200-486] Changing DSP latency (root=add_ln253_77) to 3 in order to utilize available DSP registers.
INFO: [HLS 200-486] Changing DSP latency (root=add_ln252_77) to 3 in order to utilize available DSP registers.
INFO: [HLS 200-486] Changing DSP latency (root=add_ln251_77) to 3 in order to utilize available DSP registers.
INFO: [HLS 200-486] Changing DSP latency (root=add_ln254_76) to 3 in order to utilize available DSP registers.
INFO: [HLS 200-486] Changing DSP latency (root=add_ln253_76) to 3 in order to utilize available DSP registers.
INFO: [HLS 200-486] Changing DSP latency (root=add_ln252_76) to 3 in order to utilize available DSP registers.
INFO: [HLS 200-486] Changing DSP latency (root=add_ln251_76) to 3 in order to utilize available DSP registers.
INFO: [HLS 200-486] Changing DSP latency (root=add_ln254_75) to 3 in order to utilize available DSP registers.
INFO: [HLS 200-486] Changing DSP latency (root=add_ln253_75) to 3 in order to utilize available DSP registers.
INFO: [HLS 200-486] Changing DSP latency (root=add_ln252_75) to 3 in order to utilize available DSP registers.
INFO: [HLS 200-486] Changing DSP latency (root=add_ln251_75) to 3 in order to utilize available DSP registers.
INFO: [HLS 200-486] Changing DSP latency (root=add_ln254_74) to 3 in order to utilize available DSP registers.
INFO: [HLS 200-486] Changing DSP latency (root=add_ln253_74) to 3 in order to utilize available DSP registers.
INFO: [HLS 200-486] Changing DSP latency (root=add_ln252_74) to 3 in order to utilize available DSP registers.
INFO: [HLS 200-486] Changing DSP latency (root=add_ln251_74) to 3 in order to utilize available DSP registers.
INFO: [HLS 200-486] Changing DSP latency (root=add_ln254_73) to 3 in order to utilize available DSP registers.
INFO: [HLS 200-486] Changing DSP latency (root=add_ln253_73) to 3 in order to utilize available DSP registers.
INFO: [HLS 200-486] Changing DSP latency (root=add_ln252_73) to 3 in order to utilize available DSP registers.
INFO: [HLS 200-486] Changing DSP latency (root=add_ln251_73) to 3 in order to utilize available DSP registers.
INFO: [HLS 200-486] Changing DSP latency (root=add_ln254_72) to 3 in order to utilize available DSP registers.
INFO: [HLS 200-486] Changing DSP latency (root=add_ln253_72) to 3 in order to utilize available DSP registers.
INFO: [HLS 200-486] Changing DSP latency (root=add_ln252_72) to 3 in order to utilize available DSP registers.
INFO: [HLS 200-486] Changing DSP latency (root=add_ln251_72) to 3 in order to utilize available DSP registers.
INFO: [HLS 200-486] Changing DSP latency (root=add_ln254_71) to 3 in order to utilize available DSP registers.
INFO: [HLS 200-486] Changing DSP latency (root=add_ln253_71) to 3 in order to utilize available DSP registers.
INFO: [HLS 200-486] Changing DSP latency (root=add_ln252_71) to 3 in order to utilize available DSP registers.
INFO: [HLS 200-486] Changing DSP latency (root=add_ln251_71) to 3 in order to utilize available DSP registers.
INFO: [HLS 200-486] Changing DSP latency (root=add_ln254_70) to 3 in order to utilize available DSP registers.
INFO: [HLS 200-486] Changing DSP latency (root=add_ln253_70) to 3 in order to utilize available DSP registers.
INFO: [HLS 200-486] Changing DSP latency (root=add_ln252_70) to 3 in order to utilize available DSP registers.
INFO: [HLS 200-486] Changing DSP latency (root=add_ln251_70) to 3 in order to utilize available DSP registers.
INFO: [HLS 200-486] Changing DSP latency (root=add_ln254_69) to 3 in order to utilize available DSP registers.
INFO: [HLS 200-486] Changing DSP latency (root=add_ln253_69) to 3 in order to utilize available DSP registers.
INFO: [HLS 200-486] Changing DSP latency (root=add_ln252_69) to 3 in order to utilize available DSP registers.
INFO: [HLS 200-486] Changing DSP latency (root=add_ln251_69) to 3 in order to utilize available DSP registers.
INFO: [HLS 200-486] Changing DSP latency (root=add_ln254_68) to 3 in order to utilize available DSP registers.
INFO: [HLS 200-486] Changing DSP latency (root=add_ln253_68) to 3 in order to utilize available DSP registers.
INFO: [HLS 200-486] Changing DSP latency (root=add_ln252_68) to 3 in order to utilize available DSP registers.
INFO: [HLS 200-486] Changing DSP latency (root=add_ln251_68) to 3 in order to utilize available DSP registers.
INFO: [HLS 200-486] Changing DSP latency (root=add_ln254_67) to 3 in order to utilize available DSP registers.
INFO: [HLS 200-486] Changing DSP latency (root=add_ln253_67) to 3 in order to utilize available DSP registers.
INFO: [HLS 200-486] Changing DSP latency (root=add_ln252_67) to 3 in order to utilize available DSP registers.
INFO: [HLS 200-486] Changing DSP latency (root=add_ln251_67) to 3 in order to utilize available DSP registers.
INFO: [HLS 200-486] Changing DSP latency (root=add_ln254_66) to 3 in order to utilize available DSP registers.
INFO: [HLS 200-486] Changing DSP latency (root=add_ln253_66) to 3 in order to utilize available DSP registers.
INFO: [HLS 200-486] Changing DSP latency (root=add_ln252_66) to 3 in order to utilize available DSP registers.
INFO: [HLS 200-486] Changing DSP latency (root=add_ln251_66) to 3 in order to utilize available DSP registers.
INFO: [HLS 200-486] Changing DSP latency (root=add_ln254_65) to 3 in order to utilize available DSP registers.
INFO: [HLS 200-486] Changing DSP latency (root=add_ln253_65) to 3 in order to utilize available DSP registers.
INFO: [HLS 200-486] Changing DSP latency (root=add_ln252_65) to 3 in order to utilize available DSP registers.
INFO: [HLS 200-486] Changing DSP latency (root=add_ln251_65) to 3 in order to utilize available DSP registers.
INFO: [HLS 200-486] Changing DSP latency (root=add_ln254_64) to 3 in order to utilize available DSP registers.
INFO: [HLS 200-486] Changing DSP latency (root=add_ln253_64) to 3 in order to utilize available DSP registers.
INFO: [HLS 200-486] Changing DSP latency (root=add_ln252_64) to 3 in order to utilize available DSP registers.
INFO: [HLS 200-486] Changing DSP latency (root=add_ln251_64) to 3 in order to utilize available DSP registers.
INFO: [HLS 200-486] Changing DSP latency (root=add_ln254_63) to 3 in order to utilize available DSP registers.
INFO: [HLS 200-486] Changing DSP latency (root=add_ln253_63) to 3 in order to utilize available DSP registers.
INFO: [HLS 200-486] Changing DSP latency (root=add_ln252_63) to 3 in order to utilize available DSP registers.
INFO: [HLS 200-486] Changing DSP latency (root=add_ln251_63) to 3 in order to utilize available DSP registers.
INFO: [HLS 200-486] Changing DSP latency (root=add_ln254_62) to 3 in order to utilize available DSP registers.
INFO: [HLS 200-486] Changing DSP latency (root=add_ln253_62) to 3 in order to utilize available DSP registers.
INFO: [HLS 200-486] Changing DSP latency (root=add_ln252_62) to 3 in order to utilize available DSP registers.
INFO: [HLS 200-486] Changing DSP latency (root=add_ln251_62) to 3 in order to utilize available DSP registers.
INFO: [HLS 200-486] Changing DSP latency (root=add_ln254_61) to 3 in order to utilize available DSP registers.
INFO: [HLS 200-486] Changing DSP latency (root=add_ln253_61) to 3 in order to utilize available DSP registers.
INFO: [HLS 200-486] Changing DSP latency (root=add_ln252_61) to 3 in order to utilize available DSP registers.
INFO: [HLS 200-486] Changing DSP latency (root=add_ln251_61) to 3 in order to utilize available DSP registers.
INFO: [HLS 200-486] Changing DSP latency (root=add_ln254_60) to 3 in order to utilize available DSP registers.
INFO: [HLS 200-486] Changing DSP latency (root=add_ln253_60) to 3 in order to utilize available DSP registers.
INFO: [HLS 200-486] Changing DSP latency (root=add_ln252_60) to 3 in order to utilize available DSP registers.
INFO: [HLS 200-486] Changing DSP latency (root=add_ln251_60) to 3 in order to utilize available DSP registers.
INFO: [HLS 200-486] Changing DSP latency (root=add_ln254_59) to 3 in order to utilize available DSP registers.
INFO: [HLS 200-486] Changing DSP latency (root=add_ln253_59) to 3 in order to utilize available DSP registers.
INFO: [HLS 200-486] Changing DSP latency (root=add_ln252_59) to 3 in order to utilize available DSP registers.
INFO: [HLS 200-486] Changing DSP latency (root=add_ln251_59) to 3 in order to utilize available DSP registers.
INFO: [HLS 200-486] Changing DSP latency (root=add_ln254_58) to 3 in order to utilize available DSP registers.
INFO: [HLS 200-486] Changing DSP latency (root=add_ln253_58) to 3 in order to utilize available DSP registers.
INFO: [HLS 200-486] Changing DSP latency (root=add_ln252_58) to 3 in order to utilize available DSP registers.
INFO: [HLS 200-486] Changing DSP latency (root=add_ln251_58) to 3 in order to utilize available DSP registers.
INFO: [HLS 200-486] Changing DSP latency (root=add_ln254_57) to 3 in order to utilize available DSP registers.
INFO: [HLS 200-486] Changing DSP latency (root=add_ln253_57) to 3 in order to utilize available DSP registers.
INFO: [HLS 200-486] Changing DSP latency (root=add_ln252_57) to 3 in order to utilize available DSP registers.
INFO: [HLS 200-486] Changing DSP latency (root=add_ln251_57) to 3 in order to utilize available DSP registers.
INFO: [HLS 200-486] Changing DSP latency (root=add_ln254_56) to 3 in order to utilize available DSP registers.
INFO: [HLS 200-486] Changing DSP latency (root=add_ln253_56) to 3 in order to utilize available DSP registers.
INFO: [HLS 200-486] Changing DSP latency (root=add_ln252_56) to 3 in order to utilize available DSP registers.
INFO: [HLS 200-486] Changing DSP latency (root=add_ln251_56) to 3 in order to utilize available DSP registers.
INFO: [HLS 200-486] Changing DSP latency (root=add_ln254_55) to 3 in order to utilize available DSP registers.
INFO: [HLS 200-486] Changing DSP latency (root=add_ln253_55) to 3 in order to utilize available DSP registers.
INFO: [HLS 200-486] Changing DSP latency (root=add_ln252_55) to 3 in order to utilize available DSP registers.
INFO: [HLS 200-486] Changing DSP latency (root=add_ln251_55) to 3 in order to utilize available DSP registers.
INFO: [HLS 200-486] Changing DSP latency (root=add_ln254_54) to 3 in order to utilize available DSP registers.
INFO: [HLS 200-486] Changing DSP latency (root=add_ln253_54) to 3 in order to utilize available DSP registers.
INFO: [HLS 200-486] Changing DSP latency (root=add_ln252_54) to 3 in order to utilize available DSP registers.
INFO: [HLS 200-486] Changing DSP latency (root=add_ln251_54) to 3 in order to utilize available DSP registers.
INFO: [HLS 200-486] Changing DSP latency (root=add_ln254_53) to 3 in order to utilize available DSP registers.
INFO: [HLS 200-486] Changing DSP latency (root=add_ln253_53) to 3 in order to utilize available DSP registers.
INFO: [HLS 200-486] Changing DSP latency (root=add_ln252_53) to 3 in order to utilize available DSP registers.
INFO: [HLS 200-486] Changing DSP latency (root=add_ln251_53) to 3 in order to utilize available DSP registers.
INFO: [HLS 200-486] Changing DSP latency (root=add_ln254_52) to 3 in order to utilize available DSP registers.
INFO: [HLS 200-486] Changing DSP latency (root=add_ln253_52) to 3 in order to utilize available DSP registers.
INFO: [HLS 200-486] Changing DSP latency (root=add_ln252_52) to 3 in order to utilize available DSP registers.
INFO: [HLS 200-486] Changing DSP latency (root=add_ln251_52) to 3 in order to utilize available DSP registers.
INFO: [HLS 200-486] Changing DSP latency (root=add_ln254_51) to 3 in order to utilize available DSP registers.
INFO: [HLS 200-486] Changing DSP latency (root=add_ln253_51) to 3 in order to utilize available DSP registers.
INFO: [HLS 200-486] Changing DSP latency (root=add_ln252_51) to 3 in order to utilize available DSP registers.
INFO: [HLS 200-486] Changing DSP latency (root=add_ln251_51) to 3 in order to utilize available DSP registers.
INFO: [HLS 200-486] Changing DSP latency (root=add_ln254_50) to 3 in order to utilize available DSP registers.
INFO: [HLS 200-486] Changing DSP latency (root=add_ln253_50) to 3 in order to utilize available DSP registers.
INFO: [HLS 200-486] Changing DSP latency (root=add_ln252_50) to 3 in order to utilize available DSP registers.
INFO: [HLS 200-486] Changing DSP latency (root=add_ln251_50) to 3 in order to utilize available DSP registers.
INFO: [HLS 200-486] Changing DSP latency (root=add_ln254_49) to 3 in order to utilize available DSP registers.
INFO: [HLS 200-486] Changing DSP latency (root=add_ln253_49) to 3 in order to utilize available DSP registers.
INFO: [HLS 200-486] Changing DSP latency (root=add_ln252_49) to 3 in order to utilize available DSP registers.
INFO: [HLS 200-486] Changing DSP latency (root=add_ln251_49) to 3 in order to utilize available DSP registers.
INFO: [HLS 200-486] Changing DSP latency (root=add_ln254_48) to 3 in order to utilize available DSP registers.
INFO: [HLS 200-486] Changing DSP latency (root=add_ln253_48) to 3 in order to utilize available DSP registers.
INFO: [HLS 200-486] Changing DSP latency (root=add_ln252_48) to 3 in order to utilize available DSP registers.
INFO: [HLS 200-486] Changing DSP latency (root=add_ln251_48) to 3 in order to utilize available DSP registers.
INFO: [HLS 200-486] Changing DSP latency (root=add_ln254_47) to 3 in order to utilize available DSP registers.
INFO: [HLS 200-486] Changing DSP latency (root=add_ln253_47) to 3 in order to utilize available DSP registers.
INFO: [HLS 200-486] Changing DSP latency (root=add_ln252_47) to 3 in order to utilize available DSP registers.
INFO: [HLS 200-486] Changing DSP latency (root=add_ln251_47) to 3 in order to utilize available DSP registers.
INFO: [HLS 200-486] Changing DSP latency (root=add_ln254_46) to 3 in order to utilize available DSP registers.
INFO: [HLS 200-486] Changing DSP latency (root=add_ln253_46) to 3 in order to utilize available DSP registers.
INFO: [HLS 200-486] Changing DSP latency (root=add_ln252_46) to 3 in order to utilize available DSP registers.
INFO: [HLS 200-486] Changing DSP latency (root=add_ln251_46) to 3 in order to utilize available DSP registers.
INFO: [HLS 200-486] Changing DSP latency (root=add_ln254_45) to 3 in order to utilize available DSP registers.
INFO: [HLS 200-486] Changing DSP latency (root=add_ln253_45) to 3 in order to utilize available DSP registers.
INFO: [HLS 200-486] Changing DSP latency (root=add_ln252_45) to 3 in order to utilize available DSP registers.
INFO: [HLS 200-486] Changing DSP latency (root=add_ln251_45) to 3 in order to utilize available DSP registers.
INFO: [HLS 200-486] Changing DSP latency (root=add_ln254_44) to 3 in order to utilize available DSP registers.
INFO: [HLS 200-486] Changing DSP latency (root=add_ln253_44) to 3 in order to utilize available DSP registers.
INFO: [HLS 200-486] Changing DSP latency (root=add_ln252_44) to 3 in order to utilize available DSP registers.
INFO: [HLS 200-486] Changing DSP latency (root=add_ln251_44) to 3 in order to utilize available DSP registers.
INFO: [HLS 200-486] Changing DSP latency (root=add_ln254_43) to 3 in order to utilize available DSP registers.
INFO: [HLS 200-486] Changing DSP latency (root=add_ln253_43) to 3 in order to utilize available DSP registers.
INFO: [HLS 200-486] Changing DSP latency (root=add_ln252_43) to 3 in order to utilize available DSP registers.
INFO: [HLS 200-486] Changing DSP latency (root=add_ln251_43) to 3 in order to utilize available DSP registers.
INFO: [HLS 200-486] Changing DSP latency (root=add_ln254_42) to 3 in order to utilize available DSP registers.
INFO: [HLS 200-486] Changing DSP latency (root=add_ln253_42) to 3 in order to utilize available DSP registers.
INFO: [HLS 200-486] Changing DSP latency (root=add_ln252_42) to 3 in order to utilize available DSP registers.
INFO: [HLS 200-486] Changing DSP latency (root=add_ln251_42) to 3 in order to utilize available DSP registers.
INFO: [HLS 200-486] Changing DSP latency (root=add_ln254_41) to 3 in order to utilize available DSP registers.
INFO: [HLS 200-486] Changing DSP latency (root=add_ln253_41) to 3 in order to utilize available DSP registers.
INFO: [HLS 200-486] Changing DSP latency (root=add_ln252_41) to 3 in order to utilize available DSP registers.
INFO: [HLS 200-486] Changing DSP latency (root=add_ln251_41) to 3 in order to utilize available DSP registers.
INFO: [HLS 200-486] Changing DSP latency (root=add_ln254_40) to 3 in order to utilize available DSP registers.
INFO: [HLS 200-486] Changing DSP latency (root=add_ln253_40) to 3 in order to utilize available DSP registers.
INFO: [HLS 200-486] Changing DSP latency (root=add_ln252_40) to 3 in order to utilize available DSP registers.
INFO: [HLS 200-486] Changing DSP latency (root=add_ln251_40) to 3 in order to utilize available DSP registers.
INFO: [HLS 200-486] Changing DSP latency (root=add_ln254_39) to 3 in order to utilize available DSP registers.
INFO: [HLS 200-486] Changing DSP latency (root=add_ln253_39) to 3 in order to utilize available DSP registers.
INFO: [HLS 200-486] Changing DSP latency (root=add_ln252_39) to 3 in order to utilize available DSP registers.
INFO: [HLS 200-486] Changing DSP latency (root=add_ln251_39) to 3 in order to utilize available DSP registers.
INFO: [HLS 200-486] Changing DSP latency (root=add_ln254_38) to 3 in order to utilize available DSP registers.
INFO: [HLS 200-486] Changing DSP latency (root=add_ln253_38) to 3 in order to utilize available DSP registers.
INFO: [HLS 200-486] Changing DSP latency (root=add_ln252_38) to 3 in order to utilize available DSP registers.
INFO: [HLS 200-486] Changing DSP latency (root=add_ln251_38) to 3 in order to utilize available DSP registers.
INFO: [HLS 200-486] Changing DSP latency (root=add_ln254_37) to 3 in order to utilize available DSP registers.
INFO: [HLS 200-486] Changing DSP latency (root=add_ln253_37) to 3 in order to utilize available DSP registers.
INFO: [HLS 200-486] Changing DSP latency (root=add_ln252_37) to 3 in order to utilize available DSP registers.
INFO: [HLS 200-486] Changing DSP latency (root=add_ln251_37) to 3 in order to utilize available DSP registers.
INFO: [HLS 200-486] Changing DSP latency (root=add_ln254_36) to 3 in order to utilize available DSP registers.
INFO: [HLS 200-486] Changing DSP latency (root=add_ln253_36) to 3 in order to utilize available DSP registers.
INFO: [HLS 200-486] Changing DSP latency (root=add_ln252_36) to 3 in order to utilize available DSP registers.
INFO: [HLS 200-486] Changing DSP latency (root=add_ln251_36) to 3 in order to utilize available DSP registers.
INFO: [HLS 200-486] Changing DSP latency (root=add_ln254_35) to 3 in order to utilize available DSP registers.
INFO: [HLS 200-486] Changing DSP latency (root=add_ln253_35) to 3 in order to utilize available DSP registers.
INFO: [HLS 200-486] Changing DSP latency (root=add_ln252_35) to 3 in order to utilize available DSP registers.
INFO: [HLS 200-486] Changing DSP latency (root=add_ln251_35) to 3 in order to utilize available DSP registers.
INFO: [HLS 200-486] Changing DSP latency (root=add_ln254_34) to 3 in order to utilize available DSP registers.
INFO: [HLS 200-486] Changing DSP latency (root=add_ln253_34) to 3 in order to utilize available DSP registers.
INFO: [HLS 200-486] Changing DSP latency (root=add_ln252_34) to 3 in order to utilize available DSP registers.
INFO: [HLS 200-486] Changing DSP latency (root=add_ln251_34) to 3 in order to utilize available DSP registers.
INFO: [HLS 200-486] Changing DSP latency (root=add_ln254_33) to 3 in order to utilize available DSP registers.
INFO: [HLS 200-486] Changing DSP latency (root=add_ln253_33) to 3 in order to utilize available DSP registers.
INFO: [HLS 200-486] Changing DSP latency (root=add_ln252_33) to 3 in order to utilize available DSP registers.
INFO: [HLS 200-486] Changing DSP latency (root=add_ln251_33) to 3 in order to utilize available DSP registers.
INFO: [HLS 200-486] Changing DSP latency (root=add_ln254_32) to 3 in order to utilize available DSP registers.
INFO: [HLS 200-486] Changing DSP latency (root=add_ln253_32) to 3 in order to utilize available DSP registers.
INFO: [HLS 200-486] Changing DSP latency (root=add_ln252_32) to 3 in order to utilize available DSP registers.
INFO: [HLS 200-486] Changing DSP latency (root=add_ln251_32) to 3 in order to utilize available DSP registers.
INFO: [HLS 200-486] Changing DSP latency (root=add_ln254_31) to 3 in order to utilize available DSP registers.
INFO: [HLS 200-486] Changing DSP latency (root=add_ln253_31) to 3 in order to utilize available DSP registers.
INFO: [HLS 200-486] Changing DSP latency (root=add_ln252_31) to 3 in order to utilize available DSP registers.
INFO: [HLS 200-486] Changing DSP latency (root=add_ln251_31) to 3 in order to utilize available DSP registers.
INFO: [HLS 200-486] Changing DSP latency (root=add_ln254_30) to 3 in order to utilize available DSP registers.
INFO: [HLS 200-486] Changing DSP latency (root=add_ln253_30) to 3 in order to utilize available DSP registers.
INFO: [HLS 200-486] Changing DSP latency (root=add_ln252_30) to 3 in order to utilize available DSP registers.
INFO: [HLS 200-486] Changing DSP latency (root=add_ln251_30) to 3 in order to utilize available DSP registers.
INFO: [HLS 200-486] Changing DSP latency (root=add_ln254_29) to 3 in order to utilize available DSP registers.
INFO: [HLS 200-486] Changing DSP latency (root=add_ln253_29) to 3 in order to utilize available DSP registers.
INFO: [HLS 200-486] Changing DSP latency (root=add_ln252_29) to 3 in order to utilize available DSP registers.
INFO: [HLS 200-486] Changing DSP latency (root=add_ln251_29) to 3 in order to utilize available DSP registers.
INFO: [HLS 200-486] Changing DSP latency (root=add_ln254_28) to 3 in order to utilize available DSP registers.
INFO: [HLS 200-486] Changing DSP latency (root=add_ln253_28) to 3 in order to utilize available DSP registers.
INFO: [HLS 200-486] Changing DSP latency (root=add_ln252_28) to 3 in order to utilize available DSP registers.
INFO: [HLS 200-486] Changing DSP latency (root=add_ln251_28) to 3 in order to utilize available DSP registers.
INFO: [HLS 200-486] Changing DSP latency (root=add_ln254_27) to 3 in order to utilize available DSP registers.
INFO: [HLS 200-486] Changing DSP latency (root=add_ln253_27) to 3 in order to utilize available DSP registers.
INFO: [HLS 200-486] Changing DSP latency (root=add_ln252_27) to 3 in order to utilize available DSP registers.
INFO: [HLS 200-486] Changing DSP latency (root=add_ln251_27) to 3 in order to utilize available DSP registers.
INFO: [HLS 200-486] Changing DSP latency (root=add_ln254_26) to 3 in order to utilize available DSP registers.
INFO: [HLS 200-486] Changing DSP latency (root=add_ln253_26) to 3 in order to utilize available DSP registers.
INFO: [HLS 200-486] Changing DSP latency (root=add_ln252_26) to 3 in order to utilize available DSP registers.
INFO: [HLS 200-486] Changing DSP latency (root=add_ln251_26) to 3 in order to utilize available DSP registers.
INFO: [HLS 200-486] Changing DSP latency (root=add_ln254_25) to 3 in order to utilize available DSP registers.
INFO: [HLS 200-486] Changing DSP latency (root=add_ln253_25) to 3 in order to utilize available DSP registers.
INFO: [HLS 200-486] Changing DSP latency (root=add_ln252_25) to 3 in order to utilize available DSP registers.
INFO: [HLS 200-486] Changing DSP latency (root=add_ln251_25) to 3 in order to utilize available DSP registers.
INFO: [HLS 200-486] Changing DSP latency (root=add_ln254_24) to 3 in order to utilize available DSP registers.
INFO: [HLS 200-486] Changing DSP latency (root=add_ln253_24) to 3 in order to utilize available DSP registers.
INFO: [HLS 200-486] Changing DSP latency (root=add_ln252_24) to 3 in order to utilize available DSP registers.
INFO: [HLS 200-486] Changing DSP latency (root=add_ln251_24) to 3 in order to utilize available DSP registers.
INFO: [HLS 200-486] Changing DSP latency (root=add_ln254_23) to 3 in order to utilize available DSP registers.
INFO: [HLS 200-486] Changing DSP latency (root=add_ln253_23) to 3 in order to utilize available DSP registers.
INFO: [HLS 200-486] Changing DSP latency (root=add_ln252_23) to 3 in order to utilize available DSP registers.
INFO: [HLS 200-486] Changing DSP latency (root=add_ln251_23) to 3 in order to utilize available DSP registers.
INFO: [HLS 200-486] Changing DSP latency (root=add_ln254_22) to 3 in order to utilize available DSP registers.
INFO: [HLS 200-486] Changing DSP latency (root=add_ln253_22) to 3 in order to utilize available DSP registers.
INFO: [HLS 200-486] Changing DSP latency (root=add_ln252_22) to 3 in order to utilize available DSP registers.
INFO: [HLS 200-486] Changing DSP latency (root=add_ln251_22) to 3 in order to utilize available DSP registers.
INFO: [HLS 200-486] Changing DSP latency (root=add_ln254_21) to 3 in order to utilize available DSP registers.
INFO: [HLS 200-486] Changing DSP latency (root=add_ln253_21) to 3 in order to utilize available DSP registers.
INFO: [HLS 200-486] Changing DSP latency (root=add_ln252_21) to 3 in order to utilize available DSP registers.
INFO: [HLS 200-486] Changing DSP latency (root=add_ln251_21) to 3 in order to utilize available DSP registers.
INFO: [HLS 200-486] Changing DSP latency (root=add_ln254_20) to 3 in order to utilize available DSP registers.
INFO: [HLS 200-486] Changing DSP latency (root=add_ln253_20) to 3 in order to utilize available DSP registers.
INFO: [HLS 200-486] Changing DSP latency (root=add_ln252_20) to 3 in order to utilize available DSP registers.
INFO: [HLS 200-486] Changing DSP latency (root=add_ln251_20) to 3 in order to utilize available DSP registers.
INFO: [HLS 200-486] Changing DSP latency (root=add_ln254_19) to 3 in order to utilize available DSP registers.
INFO: [HLS 200-486] Changing DSP latency (root=add_ln253_19) to 3 in order to utilize available DSP registers.
INFO: [HLS 200-486] Changing DSP latency (root=add_ln252_19) to 3 in order to utilize available DSP registers.
INFO: [HLS 200-486] Changing DSP latency (root=add_ln251_19) to 3 in order to utilize available DSP registers.
INFO: [HLS 200-486] Changing DSP latency (root=add_ln254_18) to 3 in order to utilize available DSP registers.
INFO: [HLS 200-486] Changing DSP latency (root=add_ln253_18) to 3 in order to utilize available DSP registers.
INFO: [HLS 200-486] Changing DSP latency (root=add_ln252_18) to 3 in order to utilize available DSP registers.
INFO: [HLS 200-486] Changing DSP latency (root=add_ln251_18) to 3 in order to utilize available DSP registers.
INFO: [HLS 200-486] Changing DSP latency (root=add_ln254_17) to 3 in order to utilize available DSP registers.
INFO: [HLS 200-486] Changing DSP latency (root=add_ln253_17) to 3 in order to utilize available DSP registers.
INFO: [HLS 200-486] Changing DSP latency (root=add_ln252_17) to 3 in order to utilize available DSP registers.
INFO: [HLS 200-486] Changing DSP latency (root=add_ln251_17) to 3 in order to utilize available DSP registers.
INFO: [HLS 200-486] Changing DSP latency (root=add_ln254_16) to 3 in order to utilize available DSP registers.
INFO: [HLS 200-486] Changing DSP latency (root=add_ln253_16) to 3 in order to utilize available DSP registers.
INFO: [HLS 200-486] Changing DSP latency (root=add_ln252_16) to 3 in order to utilize available DSP registers.
INFO: [HLS 200-486] Changing DSP latency (root=add_ln251_16) to 3 in order to utilize available DSP registers.
INFO: [HLS 200-486] Changing DSP latency (root=add_ln254_15) to 3 in order to utilize available DSP registers.
INFO: [HLS 200-486] Changing DSP latency (root=add_ln253_15) to 3 in order to utilize available DSP registers.
INFO: [HLS 200-486] Changing DSP latency (root=add_ln252_15) to 3 in order to utilize available DSP registers.
INFO: [HLS 200-486] Changing DSP latency (root=add_ln251_15) to 3 in order to utilize available DSP registers.
INFO: [HLS 200-486] Changing DSP latency (root=add_ln254_14) to 3 in order to utilize available DSP registers.
INFO: [HLS 200-486] Changing DSP latency (root=add_ln253_14) to 3 in order to utilize available DSP registers.
INFO: [HLS 200-486] Changing DSP latency (root=add_ln252_14) to 3 in order to utilize available DSP registers.
INFO: [HLS 200-486] Changing DSP latency (root=add_ln251_14) to 3 in order to utilize available DSP registers.
INFO: [HLS 200-486] Changing DSP latency (root=add_ln254_13) to 3 in order to utilize available DSP registers.
INFO: [HLS 200-486] Changing DSP latency (root=add_ln253_13) to 3 in order to utilize available DSP registers.
INFO: [HLS 200-486] Changing DSP latency (root=add_ln252_13) to 3 in order to utilize available DSP registers.
INFO: [HLS 200-486] Changing DSP latency (root=add_ln251_13) to 3 in order to utilize available DSP registers.
INFO: [HLS 200-486] Changing DSP latency (root=add_ln254_12) to 3 in order to utilize available DSP registers.
INFO: [HLS 200-486] Changing DSP latency (root=add_ln253_12) to 3 in order to utilize available DSP registers.
INFO: [HLS 200-486] Changing DSP latency (root=add_ln252_12) to 3 in order to utilize available DSP registers.
INFO: [HLS 200-486] Changing DSP latency (root=add_ln251_12) to 3 in order to utilize available DSP registers.
INFO: [HLS 200-486] Changing DSP latency (root=add_ln254_11) to 3 in order to utilize available DSP registers.
INFO: [HLS 200-486] Changing DSP latency (root=add_ln253_11) to 3 in order to utilize available DSP registers.
INFO: [HLS 200-486] Changing DSP latency (root=add_ln252_11) to 3 in order to utilize available DSP registers.
INFO: [HLS 200-486] Changing DSP latency (root=add_ln251_11) to 3 in order to utilize available DSP registers.
INFO: [HLS 200-486] Changing DSP latency (root=add_ln254_10) to 3 in order to utilize available DSP registers.
INFO: [HLS 200-486] Changing DSP latency (root=add_ln253_10) to 3 in order to utilize available DSP registers.
INFO: [HLS 200-486] Changing DSP latency (root=add_ln252_10) to 3 in order to utilize available DSP registers.
INFO: [HLS 200-486] Changing DSP latency (root=add_ln251_10) to 3 in order to utilize available DSP registers.
INFO: [HLS 200-486] Changing DSP latency (root=add_ln254_9) to 3 in order to utilize available DSP registers.
INFO: [HLS 200-486] Changing DSP latency (root=add_ln253_9) to 3 in order to utilize available DSP registers.
INFO: [HLS 200-486] Changing DSP latency (root=add_ln252_9) to 3 in order to utilize available DSP registers.
INFO: [HLS 200-486] Changing DSP latency (root=add_ln251_9) to 3 in order to utilize available DSP registers.
INFO: [HLS 200-486] Changing DSP latency (root=add_ln254_8) to 3 in order to utilize available DSP registers.
INFO: [HLS 200-486] Changing DSP latency (root=add_ln253_8) to 3 in order to utilize available DSP registers.
INFO: [HLS 200-486] Changing DSP latency (root=add_ln252_8) to 3 in order to utilize available DSP registers.
INFO: [HLS 200-486] Changing DSP latency (root=add_ln251_8) to 3 in order to utilize available DSP registers.
INFO: [HLS 200-486] Changing DSP latency (root=add_ln254_7) to 3 in order to utilize available DSP registers.
INFO: [HLS 200-486] Changing DSP latency (root=add_ln253_7) to 3 in order to utilize available DSP registers.
INFO: [HLS 200-486] Changing DSP latency (root=add_ln252_7) to 3 in order to utilize available DSP registers.
INFO: [HLS 200-486] Changing DSP latency (root=add_ln251_7) to 3 in order to utilize available DSP registers.
INFO: [HLS 200-486] Changing DSP latency (root=add_ln254_6) to 3 in order to utilize available DSP registers.
INFO: [HLS 200-486] Changing DSP latency (root=add_ln253_6) to 3 in order to utilize available DSP registers.
INFO: [HLS 200-486] Changing DSP latency (root=add_ln252_6) to 3 in order to utilize available DSP registers.
INFO: [HLS 200-486] Changing DSP latency (root=add_ln251_6) to 3 in order to utilize available DSP registers.
INFO: [HLS 200-486] Changing DSP latency (root=add_ln254_5) to 3 in order to utilize available DSP registers.
INFO: [HLS 200-486] Changing DSP latency (root=add_ln253_5) to 3 in order to utilize available DSP registers.
INFO: [HLS 200-486] Changing DSP latency (root=add_ln252_5) to 3 in order to utilize available DSP registers.
INFO: [HLS 200-486] Changing DSP latency (root=add_ln251_5) to 3 in order to utilize available DSP registers.
INFO: [HLS 200-486] Changing DSP latency (root=add_ln254_4) to 3 in order to utilize available DSP registers.
INFO: [HLS 200-486] Changing DSP latency (root=add_ln253_4) to 3 in order to utilize available DSP registers.
INFO: [HLS 200-486] Changing DSP latency (root=add_ln252_4) to 3 in order to utilize available DSP registers.
INFO: [HLS 200-486] Changing DSP latency (root=add_ln251_4) to 3 in order to utilize available DSP registers.
INFO: [HLS 200-486] Changing DSP latency (root=add_ln254_3) to 3 in order to utilize available DSP registers.
INFO: [HLS 200-486] Changing DSP latency (root=add_ln253_3) to 3 in order to utilize available DSP registers.
INFO: [HLS 200-486] Changing DSP latency (root=add_ln252_3) to 3 in order to utilize available DSP registers.
INFO: [HLS 200-486] Changing DSP latency (root=add_ln251_3) to 3 in order to utilize available DSP registers.
INFO: [HLS 200-486] Changing DSP latency (root=add_ln254_2) to 3 in order to utilize available DSP registers.
INFO: [HLS 200-486] Changing DSP latency (root=add_ln253_2) to 3 in order to utilize available DSP registers.
INFO: [HLS 200-486] Changing DSP latency (root=add_ln252_2) to 3 in order to utilize available DSP registers.
INFO: [HLS 200-486] Changing DSP latency (root=add_ln251_2) to 3 in order to utilize available DSP registers.
INFO: [HLS 200-486] Changing DSP latency (root=add_ln254_1) to 3 in order to utilize available DSP registers.
INFO: [HLS 200-486] Changing DSP latency (root=add_ln253_1) to 3 in order to utilize available DSP registers.
INFO: [HLS 200-486] Changing DSP latency (root=add_ln252_1) to 3 in order to utilize available DSP registers.
INFO: [HLS 200-486] Changing DSP latency (root=add_ln251_1) to 3 in order to utilize available DSP registers.
INFO: [HLS 200-486] Changing DSP latency (root=add_ln254) to 3 in order to utilize available DSP registers.
INFO: [HLS 200-486] Changing DSP latency (root=add_ln253) to 3 in order to utilize available DSP registers.
INFO: [HLS 200-486] Changing DSP latency (root=add_ln252) to 3 in order to utilize available DSP registers.
INFO: [HLS 200-486] Changing DSP latency (root=add_ln251) to 3 in order to utilize available DSP registers.
INFO: [SCHED 204-61] Pipelining function 'graphsage_int8_po2'.
INFO: [HLS 200-1470] Pipelining result : Target II = 1, Final II = 1, Depth = 27, function 'graphsage_int8_po2'
INFO: [SCHED 204-11] Finished scheduling.
INFO: [HLS 200-111] Finished Scheduling: CPU user time: 45.09 seconds. CPU system time: 0.18 seconds. Elapsed time: 47.79 seconds; current allocated memory: 1.599 GB.
INFO: [BIND 205-100] Starting micro-architecture generation ...
INFO: [BIND 205-101] Performing variable lifetime analysis.
INFO: [BIND 205-101] Exploring resource sharing.
INFO: [BIND 205-101] Binding ...
INFO: [BIND 205-100] Finished micro-architecture generation.
INFO: [HLS 200-111] Finished Binding: CPU user time: 20.14 seconds. CPU system time: 0.08 seconds. Elapsed time: 84.58 seconds; current allocated memory: 1.599 GB.
INFO: [HLS 200-10] ----------------------------------------------------------------
INFO: [HLS 200-10] -- Generating RTL for module 'graphsage_int8_po2' 
INFO: [HLS 200-10] ----------------------------------------------------------------
INFO: [RTGEN 206-500] Setting interface mode on port 'graphsage_int8_po2/adj_matrix_0_0' to 'ap_none'.
INFO: [RTGEN 206-500] Setting interface mode on port 'graphsage_int8_po2/adj_matrix_0_1' to 'ap_none'.
INFO: [RTGEN 206-500] Setting interface mode on port 'graphsage_int8_po2/adj_matrix_0_2' to 'ap_none'.
INFO: [RTGEN 206-500] Setting interface mode on port 'graphsage_int8_po2/adj_matrix_0_3' to 'ap_none'.
INFO: [RTGEN 206-500] Setting interface mode on port 'graphsage_int8_po2/adj_matrix_0_4' to 'ap_none'.
INFO: [RTGEN 206-500] Setting interface mode on port 'graphsage_int8_po2/adj_matrix_0_5' to 'ap_none'.
INFO: [RTGEN 206-500] Setting interface mode on port 'graphsage_int8_po2/adj_matrix_0_6' to 'ap_none'.
INFO: [RTGEN 206-500] Setting interface mode on port 'graphsage_int8_po2/adj_matrix_0_7' to 'ap_none'.
INFO: [RTGEN 206-500] Setting interface mode on port 'graphsage_int8_po2/adj_matrix_1_0' to 'ap_none'.
INFO: [RTGEN 206-500] Setting interface mode on port 'graphsage_int8_po2/adj_matrix_1_1' to 'ap_none'.
INFO: [RTGEN 206-500] Setting interface mode on port 'graphsage_int8_po2/adj_matrix_1_2' to 'ap_none'.
INFO: [RTGEN 206-500] Setting interface mode on port 'graphsage_int8_po2/adj_matrix_1_3' to 'ap_none'.
INFO: [RTGEN 206-500] Setting interface mode on port 'graphsage_int8_po2/adj_matrix_1_4' to 'ap_none'.
INFO: [RTGEN 206-500] Setting interface mode on port 'graphsage_int8_po2/adj_matrix_1_5' to 'ap_none'.
INFO: [RTGEN 206-500] Setting interface mode on port 'graphsage_int8_po2/adj_matrix_1_6' to 'ap_none'.
INFO: [RTGEN 206-500] Setting interface mode on port 'graphsage_int8_po2/adj_matrix_1_7' to 'ap_none'.
INFO: [RTGEN 206-500] Setting interface mode on port 'graphsage_int8_po2/adj_matrix_2_0' to 'ap_none'.
INFO: [RTGEN 206-500] Setting interface mode on port 'graphsage_int8_po2/adj_matrix_2_1' to 'ap_none'.
INFO: [RTGEN 206-500] Setting interface mode on port 'graphsage_int8_po2/adj_matrix_2_2' to 'ap_none'.
INFO: [RTGEN 206-500] Setting interface mode on port 'graphsage_int8_po2/adj_matrix_2_3' to 'ap_none'.
INFO: [RTGEN 206-500] Setting interface mode on port 'graphsage_int8_po2/adj_matrix_2_4' to 'ap_none'.
INFO: [RTGEN 206-500] Setting interface mode on port 'graphsage_int8_po2/adj_matrix_2_5' to 'ap_none'.
INFO: [RTGEN 206-500] Setting interface mode on port 'graphsage_int8_po2/adj_matrix_2_6' to 'ap_none'.
INFO: [RTGEN 206-500] Setting interface mode on port 'graphsage_int8_po2/adj_matrix_2_7' to 'ap_none'.
INFO: [RTGEN 206-500] Setting interface mode on port 'graphsage_int8_po2/adj_matrix_3_0' to 'ap_none'.
INFO: [RTGEN 206-500] Setting interface mode on port 'graphsage_int8_po2/adj_matrix_3_1' to 'ap_none'.
INFO: [RTGEN 206-500] Setting interface mode on port 'graphsage_int8_po2/adj_matrix_3_2' to 'ap_none'.
INFO: [RTGEN 206-500] Setting interface mode on port 'graphsage_int8_po2/adj_matrix_3_3' to 'ap_none'.
INFO: [RTGEN 206-500] Setting interface mode on port 'graphsage_int8_po2/adj_matrix_3_4' to 'ap_none'.
INFO: [RTGEN 206-500] Setting interface mode on port 'graphsage_int8_po2/adj_matrix_3_5' to 'ap_none'.
INFO: [RTGEN 206-500] Setting interface mode on port 'graphsage_int8_po2/adj_matrix_3_6' to 'ap_none'.
INFO: [RTGEN 206-500] Setting interface mode on port 'graphsage_int8_po2/adj_matrix_3_7' to 'ap_none'.
INFO: [RTGEN 206-500] Setting interface mode on port 'graphsage_int8_po2/adj_matrix_4_0' to 'ap_none'.
INFO: [RTGEN 206-500] Setting interface mode on port 'graphsage_int8_po2/adj_matrix_4_1' to 'ap_none'.
INFO: [RTGEN 206-500] Setting interface mode on port 'graphsage_int8_po2/adj_matrix_4_2' to 'ap_none'.
INFO: [RTGEN 206-500] Setting interface mode on port 'graphsage_int8_po2/adj_matrix_4_3' to 'ap_none'.
INFO: [RTGEN 206-500] Setting interface mode on port 'graphsage_int8_po2/adj_matrix_4_4' to 'ap_none'.
INFO: [RTGEN 206-500] Setting interface mode on port 'graphsage_int8_po2/adj_matrix_4_5' to 'ap_none'.
INFO: [RTGEN 206-500] Setting interface mode on port 'graphsage_int8_po2/adj_matrix_4_6' to 'ap_none'.
INFO: [RTGEN 206-500] Setting interface mode on port 'graphsage_int8_po2/adj_matrix_4_7' to 'ap_none'.
INFO: [RTGEN 206-500] Setting interface mode on port 'graphsage_int8_po2/adj_matrix_5_0' to 'ap_none'.
INFO: [RTGEN 206-500] Setting interface mode on port 'graphsage_int8_po2/adj_matrix_5_1' to 'ap_none'.
INFO: [RTGEN 206-500] Setting interface mode on port 'graphsage_int8_po2/adj_matrix_5_2' to 'ap_none'.
INFO: [RTGEN 206-500] Setting interface mode on port 'graphsage_int8_po2/adj_matrix_5_3' to 'ap_none'.
INFO: [RTGEN 206-500] Setting interface mode on port 'graphsage_int8_po2/adj_matrix_5_4' to 'ap_none'.
INFO: [RTGEN 206-500] Setting interface mode on port 'graphsage_int8_po2/adj_matrix_5_5' to 'ap_none'.
INFO: [RTGEN 206-500] Setting interface mode on port 'graphsage_int8_po2/adj_matrix_5_6' to 'ap_none'.
INFO: [RTGEN 206-500] Setting interface mode on port 'graphsage_int8_po2/adj_matrix_5_7' to 'ap_none'.
INFO: [RTGEN 206-500] Setting interface mode on port 'graphsage_int8_po2/adj_matrix_6_0' to 'ap_none'.
INFO: [RTGEN 206-500] Setting interface mode on port 'graphsage_int8_po2/adj_matrix_6_1' to 'ap_none'.
INFO: [RTGEN 206-500] Setting interface mode on port 'graphsage_int8_po2/adj_matrix_6_2' to 'ap_none'.
INFO: [RTGEN 206-500] Setting interface mode on port 'graphsage_int8_po2/adj_matrix_6_3' to 'ap_none'.
INFO: [RTGEN 206-500] Setting interface mode on port 'graphsage_int8_po2/adj_matrix_6_4' to 'ap_none'.
INFO: [RTGEN 206-500] Setting interface mode on port 'graphsage_int8_po2/adj_matrix_6_5' to 'ap_none'.
INFO: [RTGEN 206-500] Setting interface mode on port 'graphsage_int8_po2/adj_matrix_6_6' to 'ap_none'.
INFO: [RTGEN 206-500] Setting interface mode on port 'graphsage_int8_po2/adj_matrix_6_7' to 'ap_none'.
INFO: [RTGEN 206-500] Setting interface mode on port 'graphsage_int8_po2/adj_matrix_7_0' to 'ap_none'.
INFO: [RTGEN 206-500] Setting interface mode on port 'graphsage_int8_po2/adj_matrix_7_1' to 'ap_none'.
INFO: [RTGEN 206-500] Setting interface mode on port 'graphsage_int8_po2/adj_matrix_7_2' to 'ap_none'.
INFO: [RTGEN 206-500] Setting interface mode on port 'graphsage_int8_po2/adj_matrix_7_3' to 'ap_none'.
INFO: [RTGEN 206-500] Setting interface mode on port 'graphsage_int8_po2/adj_matrix_7_4' to 'ap_none'.
INFO: [RTGEN 206-500] Setting interface mode on port 'graphsage_int8_po2/adj_matrix_7_5' to 'ap_none'.
INFO: [RTGEN 206-500] Setting interface mode on port 'graphsage_int8_po2/adj_matrix_7_6' to 'ap_none'.
INFO: [RTGEN 206-500] Setting interface mode on port 'graphsage_int8_po2/adj_matrix_7_7' to 'ap_none'.
INFO: [RTGEN 206-500] Setting interface mode on port 'graphsage_int8_po2/input_0_0' to 'ap_none'.
INFO: [RTGEN 206-500] Setting interface mode on port 'graphsage_int8_po2/input_0_1' to 'ap_none'.
INFO: [RTGEN 206-500] Setting interface mode on port 'graphsage_int8_po2/input_0_2' to 'ap_none'.
INFO: [RTGEN 206-500] Setting interface mode on port 'graphsage_int8_po2/input_0_3' to 'ap_none'.
INFO: [RTGEN 206-500] Setting interface mode on port 'graphsage_int8_po2/input_0_4' to 'ap_none'.
INFO: [RTGEN 206-500] Setting interface mode on port 'graphsage_int8_po2/input_0_5' to 'ap_none'.
INFO: [RTGEN 206-500] Setting interface mode on port 'graphsage_int8_po2/input_0_6' to 'ap_none'.
INFO: [RTGEN 206-500] Setting interface mode on port 'graphsage_int8_po2/input_0_7' to 'ap_none'.
INFO: [RTGEN 206-500] Setting interface mode on port 'graphsage_int8_po2/input_0_8' to 'ap_none'.
INFO: [RTGEN 206-500] Setting interface mode on port 'graphsage_int8_po2/input_0_9' to 'ap_none'.
INFO: [RTGEN 206-500] Setting interface mode on port 'graphsage_int8_po2/input_0_10' to 'ap_none'.
INFO: [RTGEN 206-500] Setting interface mode on port 'graphsage_int8_po2/input_0_11' to 'ap_none'.
INFO: [RTGEN 206-500] Setting interface mode on port 'graphsage_int8_po2/input_0_12' to 'ap_none'.
INFO: [RTGEN 206-500] Setting interface mode on port 'graphsage_int8_po2/input_0_13' to 'ap_none'.
INFO: [RTGEN 206-500] Setting interface mode on port 'graphsage_int8_po2/input_0_14' to 'ap_none'.
INFO: [RTGEN 206-500] Setting interface mode on port 'graphsage_int8_po2/input_0_15' to 'ap_none'.
INFO: [RTGEN 206-500] Setting interface mode on port 'graphsage_int8_po2/input_1_0' to 'ap_none'.
INFO: [RTGEN 206-500] Setting interface mode on port 'graphsage_int8_po2/input_1_1' to 'ap_none'.
INFO: [RTGEN 206-500] Setting interface mode on port 'graphsage_int8_po2/input_1_2' to 'ap_none'.
INFO: [RTGEN 206-500] Setting interface mode on port 'graphsage_int8_po2/input_1_3' to 'ap_none'.
INFO: [RTGEN 206-500] Setting interface mode on port 'graphsage_int8_po2/input_1_4' to 'ap_none'.
INFO: [RTGEN 206-500] Setting interface mode on port 'graphsage_int8_po2/input_1_5' to 'ap_none'.
INFO: [RTGEN 206-500] Setting interface mode on port 'graphsage_int8_po2/input_1_6' to 'ap_none'.
INFO: [RTGEN 206-500] Setting interface mode on port 'graphsage_int8_po2/input_1_7' to 'ap_none'.
INFO: [RTGEN 206-500] Setting interface mode on port 'graphsage_int8_po2/input_1_8' to 'ap_none'.
INFO: [RTGEN 206-500] Setting interface mode on port 'graphsage_int8_po2/input_1_9' to 'ap_none'.
INFO: [RTGEN 206-500] Setting interface mode on port 'graphsage_int8_po2/input_1_10' to 'ap_none'.
INFO: [RTGEN 206-500] Setting interface mode on port 'graphsage_int8_po2/input_1_11' to 'ap_none'.
INFO: [RTGEN 206-500] Setting interface mode on port 'graphsage_int8_po2/input_1_12' to 'ap_none'.
INFO: [RTGEN 206-500] Setting interface mode on port 'graphsage_int8_po2/input_1_13' to 'ap_none'.
INFO: [RTGEN 206-500] Setting interface mode on port 'graphsage_int8_po2/input_1_14' to 'ap_none'.
INFO: [RTGEN 206-500] Setting interface mode on port 'graphsage_int8_po2/input_1_15' to 'ap_none'.
INFO: [RTGEN 206-500] Setting interface mode on port 'graphsage_int8_po2/input_2_0' to 'ap_none'.
INFO: [RTGEN 206-500] Setting interface mode on port 'graphsage_int8_po2/input_2_1' to 'ap_none'.
INFO: [RTGEN 206-500] Setting interface mode on port 'graphsage_int8_po2/input_2_2' to 'ap_none'.
INFO: [RTGEN 206-500] Setting interface mode on port 'graphsage_int8_po2/input_2_3' to 'ap_none'.
INFO: [RTGEN 206-500] Setting interface mode on port 'graphsage_int8_po2/input_2_4' to 'ap_none'.
INFO: [RTGEN 206-500] Setting interface mode on port 'graphsage_int8_po2/input_2_5' to 'ap_none'.
INFO: [RTGEN 206-500] Setting interface mode on port 'graphsage_int8_po2/input_2_6' to 'ap_none'.
INFO: [RTGEN 206-500] Setting interface mode on port 'graphsage_int8_po2/input_2_7' to 'ap_none'.
INFO: [RTGEN 206-500] Setting interface mode on port 'graphsage_int8_po2/input_2_8' to 'ap_none'.
INFO: [RTGEN 206-500] Setting interface mode on port 'graphsage_int8_po2/input_2_9' to 'ap_none'.
INFO: [RTGEN 206-500] Setting interface mode on port 'graphsage_int8_po2/input_2_10' to 'ap_none'.
INFO: [RTGEN 206-500] Setting interface mode on port 'graphsage_int8_po2/input_2_11' to 'ap_none'.
INFO: [RTGEN 206-500] Setting interface mode on port 'graphsage_int8_po2/input_2_12' to 'ap_none'.
INFO: [RTGEN 206-500] Setting interface mode on port 'graphsage_int8_po2/input_2_13' to 'ap_none'.
INFO: [RTGEN 206-500] Setting interface mode on port 'graphsage_int8_po2/input_2_14' to 'ap_none'.
INFO: [RTGEN 206-500] Setting interface mode on port 'graphsage_int8_po2/input_2_15' to 'ap_none'.
INFO: [RTGEN 206-500] Setting interface mode on port 'graphsage_int8_po2/input_3_0' to 'ap_none'.
INFO: [RTGEN 206-500] Setting interface mode on port 'graphsage_int8_po2/input_3_1' to 'ap_none'.
INFO: [RTGEN 206-500] Setting interface mode on port 'graphsage_int8_po2/input_3_2' to 'ap_none'.
INFO: [RTGEN 206-500] Setting interface mode on port 'graphsage_int8_po2/input_3_3' to 'ap_none'.
INFO: [RTGEN 206-500] Setting interface mode on port 'graphsage_int8_po2/input_3_4' to 'ap_none'.
INFO: [RTGEN 206-500] Setting interface mode on port 'graphsage_int8_po2/input_3_5' to 'ap_none'.
INFO: [RTGEN 206-500] Setting interface mode on port 'graphsage_int8_po2/input_3_6' to 'ap_none'.
INFO: [RTGEN 206-500] Setting interface mode on port 'graphsage_int8_po2/input_3_7' to 'ap_none'.
INFO: [RTGEN 206-500] Setting interface mode on port 'graphsage_int8_po2/input_3_8' to 'ap_none'.
INFO: [RTGEN 206-500] Setting interface mode on port 'graphsage_int8_po2/input_3_9' to 'ap_none'.
INFO: [RTGEN 206-500] Setting interface mode on port 'graphsage_int8_po2/input_3_10' to 'ap_none'.
INFO: [RTGEN 206-500] Setting interface mode on port 'graphsage_int8_po2/input_3_11' to 'ap_none'.
INFO: [RTGEN 206-500] Setting interface mode on port 'graphsage_int8_po2/input_3_12' to 'ap_none'.
INFO: [RTGEN 206-500] Setting interface mode on port 'graphsage_int8_po2/input_3_13' to 'ap_none'.
INFO: [RTGEN 206-500] Setting interface mode on port 'graphsage_int8_po2/input_3_14' to 'ap_none'.
INFO: [RTGEN 206-500] Setting interface mode on port 'graphsage_int8_po2/input_3_15' to 'ap_none'.
INFO: [RTGEN 206-500] Setting interface mode on port 'graphsage_int8_po2/input_4_0' to 'ap_none'.
INFO: [RTGEN 206-500] Setting interface mode on port 'graphsage_int8_po2/input_4_1' to 'ap_none'.
INFO: [RTGEN 206-500] Setting interface mode on port 'graphsage_int8_po2/input_4_2' to 'ap_none'.
INFO: [RTGEN 206-500] Setting interface mode on port 'graphsage_int8_po2/input_4_3' to 'ap_none'.
INFO: [RTGEN 206-500] Setting interface mode on port 'graphsage_int8_po2/input_4_4' to 'ap_none'.
INFO: [RTGEN 206-500] Setting interface mode on port 'graphsage_int8_po2/input_4_5' to 'ap_none'.
INFO: [RTGEN 206-500] Setting interface mode on port 'graphsage_int8_po2/input_4_6' to 'ap_none'.
INFO: [RTGEN 206-500] Setting interface mode on port 'graphsage_int8_po2/input_4_7' to 'ap_none'.
INFO: [RTGEN 206-500] Setting interface mode on port 'graphsage_int8_po2/input_4_8' to 'ap_none'.
INFO: [RTGEN 206-500] Setting interface mode on port 'graphsage_int8_po2/input_4_9' to 'ap_none'.
INFO: [RTGEN 206-500] Setting interface mode on port 'graphsage_int8_po2/input_4_10' to 'ap_none'.
INFO: [RTGEN 206-500] Setting interface mode on port 'graphsage_int8_po2/input_4_11' to 'ap_none'.
INFO: [RTGEN 206-500] Setting interface mode on port 'graphsage_int8_po2/input_4_12' to 'ap_none'.
INFO: [RTGEN 206-500] Setting interface mode on port 'graphsage_int8_po2/input_4_13' to 'ap_none'.
INFO: [RTGEN 206-500] Setting interface mode on port 'graphsage_int8_po2/input_4_14' to 'ap_none'.
INFO: [RTGEN 206-500] Setting interface mode on port 'graphsage_int8_po2/input_4_15' to 'ap_none'.
INFO: [RTGEN 206-500] Setting interface mode on port 'graphsage_int8_po2/input_5_0' to 'ap_none'.
INFO: [RTGEN 206-500] Setting interface mode on port 'graphsage_int8_po2/input_5_1' to 'ap_none'.
INFO: [RTGEN 206-500] Setting interface mode on port 'graphsage_int8_po2/input_5_2' to 'ap_none'.
INFO: [RTGEN 206-500] Setting interface mode on port 'graphsage_int8_po2/input_5_3' to 'ap_none'.
INFO: [RTGEN 206-500] Setting interface mode on port 'graphsage_int8_po2/input_5_4' to 'ap_none'.
INFO: [RTGEN 206-500] Setting interface mode on port 'graphsage_int8_po2/input_5_5' to 'ap_none'.
INFO: [RTGEN 206-500] Setting interface mode on port 'graphsage_int8_po2/input_5_6' to 'ap_none'.
INFO: [RTGEN 206-500] Setting interface mode on port 'graphsage_int8_po2/input_5_7' to 'ap_none'.
INFO: [RTGEN 206-500] Setting interface mode on port 'graphsage_int8_po2/input_5_8' to 'ap_none'.
INFO: [RTGEN 206-500] Setting interface mode on port 'graphsage_int8_po2/input_5_9' to 'ap_none'.
INFO: [RTGEN 206-500] Setting interface mode on port 'graphsage_int8_po2/input_5_10' to 'ap_none'.
INFO: [RTGEN 206-500] Setting interface mode on port 'graphsage_int8_po2/input_5_11' to 'ap_none'.
INFO: [RTGEN 206-500] Setting interface mode on port 'graphsage_int8_po2/input_5_12' to 'ap_none'.
INFO: [RTGEN 206-500] Setting interface mode on port 'graphsage_int8_po2/input_5_13' to 'ap_none'.
INFO: [RTGEN 206-500] Setting interface mode on port 'graphsage_int8_po2/input_5_14' to 'ap_none'.
INFO: [RTGEN 206-500] Setting interface mode on port 'graphsage_int8_po2/input_5_15' to 'ap_none'.
INFO: [RTGEN 206-500] Setting interface mode on port 'graphsage_int8_po2/input_6_0' to 'ap_none'.
INFO: [RTGEN 206-500] Setting interface mode on port 'graphsage_int8_po2/input_6_1' to 'ap_none'.
INFO: [RTGEN 206-500] Setting interface mode on port 'graphsage_int8_po2/input_6_2' to 'ap_none'.
INFO: [RTGEN 206-500] Setting interface mode on port 'graphsage_int8_po2/input_6_3' to 'ap_none'.
INFO: [RTGEN 206-500] Setting interface mode on port 'graphsage_int8_po2/input_6_4' to 'ap_none'.
INFO: [RTGEN 206-500] Setting interface mode on port 'graphsage_int8_po2/input_6_5' to 'ap_none'.
INFO: [RTGEN 206-500] Setting interface mode on port 'graphsage_int8_po2/input_6_6' to 'ap_none'.
INFO: [RTGEN 206-500] Setting interface mode on port 'graphsage_int8_po2/input_6_7' to 'ap_none'.
INFO: [RTGEN 206-500] Setting interface mode on port 'graphsage_int8_po2/input_6_8' to 'ap_none'.
INFO: [RTGEN 206-500] Setting interface mode on port 'graphsage_int8_po2/input_6_9' to 'ap_none'.
INFO: [RTGEN 206-500] Setting interface mode on port 'graphsage_int8_po2/input_6_10' to 'ap_none'.
INFO: [RTGEN 206-500] Setting interface mode on port 'graphsage_int8_po2/input_6_11' to 'ap_none'.
INFO: [RTGEN 206-500] Setting interface mode on port 'graphsage_int8_po2/input_6_12' to 'ap_none'.
INFO: [RTGEN 206-500] Setting interface mode on port 'graphsage_int8_po2/input_6_13' to 'ap_none'.
INFO: [RTGEN 206-500] Setting interface mode on port 'graphsage_int8_po2/input_6_14' to 'ap_none'.
INFO: [RTGEN 206-500] Setting interface mode on port 'graphsage_int8_po2/input_6_15' to 'ap_none'.
INFO: [RTGEN 206-500] Setting interface mode on port 'graphsage_int8_po2/input_7_0' to 'ap_none'.
INFO: [RTGEN 206-500] Setting interface mode on port 'graphsage_int8_po2/input_7_1' to 'ap_none'.
INFO: [RTGEN 206-500] Setting interface mode on port 'graphsage_int8_po2/input_7_2' to 'ap_none'.
INFO: [RTGEN 206-500] Setting interface mode on port 'graphsage_int8_po2/input_7_3' to 'ap_none'.
INFO: [RTGEN 206-500] Setting interface mode on port 'graphsage_int8_po2/input_7_4' to 'ap_none'.
INFO: [RTGEN 206-500] Setting interface mode on port 'graphsage_int8_po2/input_7_5' to 'ap_none'.
INFO: [RTGEN 206-500] Setting interface mode on port 'graphsage_int8_po2/input_7_6' to 'ap_none'.
INFO: [RTGEN 206-500] Setting interface mode on port 'graphsage_int8_po2/input_7_7' to 'ap_none'.
INFO: [RTGEN 206-500] Setting interface mode on port 'graphsage_int8_po2/input_7_8' to 'ap_none'.
INFO: [RTGEN 206-500] Setting interface mode on port 'graphsage_int8_po2/input_7_9' to 'ap_none'.
INFO: [RTGEN 206-500] Setting interface mode on port 'graphsage_int8_po2/input_7_10' to 'ap_none'.
INFO: [RTGEN 206-500] Setting interface mode on port 'graphsage_int8_po2/input_7_11' to 'ap_none'.
INFO: [RTGEN 206-500] Setting interface mode on port 'graphsage_int8_po2/input_7_12' to 'ap_none'.
INFO: [RTGEN 206-500] Setting interface mode on port 'graphsage_int8_po2/input_7_13' to 'ap_none'.
INFO: [RTGEN 206-500] Setting interface mode on port 'graphsage_int8_po2/input_7_14' to 'ap_none'.
INFO: [RTGEN 206-500] Setting interface mode on port 'graphsage_int8_po2/input_7_15' to 'ap_none'.
INFO: [RTGEN 206-500] Setting interface mode on port 'graphsage_int8_po2/weights1_0_0' to 'ap_none'.
INFO: [RTGEN 206-500] Setting interface mode on port 'graphsage_int8_po2/weights1_0_1' to 'ap_none'.
INFO: [RTGEN 206-500] Setting interface mode on port 'graphsage_int8_po2/weights1_0_2' to 'ap_none'.
INFO: [RTGEN 206-500] Setting interface mode on port 'graphsage_int8_po2/weights1_0_3' to 'ap_none'.
INFO: [RTGEN 206-500] Setting interface mode on port 'graphsage_int8_po2/weights1_0_4' to 'ap_none'.
INFO: [RTGEN 206-500] Setting interface mode on port 'graphsage_int8_po2/weights1_0_5' to 'ap_none'.
INFO: [RTGEN 206-500] Setting interface mode on port 'graphsage_int8_po2/weights1_0_6' to 'ap_none'.
INFO: [RTGEN 206-500] Setting interface mode on port 'graphsage_int8_po2/weights1_0_7' to 'ap_none'.
INFO: [RTGEN 206-500] Setting interface mode on port 'graphsage_int8_po2/weights1_0_8' to 'ap_none'.
INFO: [RTGEN 206-500] Setting interface mode on port 'graphsage_int8_po2/weights1_0_9' to 'ap_none'.
INFO: [RTGEN 206-500] Setting interface mode on port 'graphsage_int8_po2/weights1_0_10' to 'ap_none'.
INFO: [RTGEN 206-500] Setting interface mode on port 'graphsage_int8_po2/weights1_0_11' to 'ap_none'.
INFO: [RTGEN 206-500] Setting interface mode on port 'graphsage_int8_po2/weights1_0_12' to 'ap_none'.
INFO: [RTGEN 206-500] Setting interface mode on port 'graphsage_int8_po2/weights1_0_13' to 'ap_none'.
INFO: [RTGEN 206-500] Setting interface mode on port 'graphsage_int8_po2/weights1_0_14' to 'ap_none'.
INFO: [RTGEN 206-500] Setting interface mode on port 'graphsage_int8_po2/weights1_0_15' to 'ap_none'.
INFO: [RTGEN 206-500] Setting interface mode on port 'graphsage_int8_po2/weights1_1_0' to 'ap_none'.
INFO: [RTGEN 206-500] Setting interface mode on port 'graphsage_int8_po2/weights1_1_1' to 'ap_none'.
INFO: [RTGEN 206-500] Setting interface mode on port 'graphsage_int8_po2/weights1_1_2' to 'ap_none'.
INFO: [RTGEN 206-500] Setting interface mode on port 'graphsage_int8_po2/weights1_1_3' to 'ap_none'.
INFO: [RTGEN 206-500] Setting interface mode on port 'graphsage_int8_po2/weights1_1_4' to 'ap_none'.
INFO: [RTGEN 206-500] Setting interface mode on port 'graphsage_int8_po2/weights1_1_5' to 'ap_none'.
INFO: [RTGEN 206-500] Setting interface mode on port 'graphsage_int8_po2/weights1_1_6' to 'ap_none'.
INFO: [RTGEN 206-500] Setting interface mode on port 'graphsage_int8_po2/weights1_1_7' to 'ap_none'.
INFO: [RTGEN 206-500] Setting interface mode on port 'graphsage_int8_po2/weights1_1_8' to 'ap_none'.
INFO: [RTGEN 206-500] Setting interface mode on port 'graphsage_int8_po2/weights1_1_9' to 'ap_none'.
INFO: [RTGEN 206-500] Setting interface mode on port 'graphsage_int8_po2/weights1_1_10' to 'ap_none'.
INFO: [RTGEN 206-500] Setting interface mode on port 'graphsage_int8_po2/weights1_1_11' to 'ap_none'.
INFO: [RTGEN 206-500] Setting interface mode on port 'graphsage_int8_po2/weights1_1_12' to 'ap_none'.
INFO: [RTGEN 206-500] Setting interface mode on port 'graphsage_int8_po2/weights1_1_13' to 'ap_none'.
INFO: [RTGEN 206-500] Setting interface mode on port 'graphsage_int8_po2/weights1_1_14' to 'ap_none'.
INFO: [RTGEN 206-500] Setting interface mode on port 'graphsage_int8_po2/weights1_1_15' to 'ap_none'.
INFO: [RTGEN 206-500] Setting interface mode on port 'graphsage_int8_po2/weights1_2_0' to 'ap_none'.
INFO: [RTGEN 206-500] Setting interface mode on port 'graphsage_int8_po2/weights1_2_1' to 'ap_none'.
INFO: [RTGEN 206-500] Setting interface mode on port 'graphsage_int8_po2/weights1_2_2' to 'ap_none'.
INFO: [RTGEN 206-500] Setting interface mode on port 'graphsage_int8_po2/weights1_2_3' to 'ap_none'.
INFO: [RTGEN 206-500] Setting interface mode on port 'graphsage_int8_po2/weights1_2_4' to 'ap_none'.
INFO: [RTGEN 206-500] Setting interface mode on port 'graphsage_int8_po2/weights1_2_5' to 'ap_none'.
INFO: [RTGEN 206-500] Setting interface mode on port 'graphsage_int8_po2/weights1_2_6' to 'ap_none'.
INFO: [RTGEN 206-500] Setting interface mode on port 'graphsage_int8_po2/weights1_2_7' to 'ap_none'.
INFO: [RTGEN 206-500] Setting interface mode on port 'graphsage_int8_po2/weights1_2_8' to 'ap_none'.
INFO: [RTGEN 206-500] Setting interface mode on port 'graphsage_int8_po2/weights1_2_9' to 'ap_none'.
INFO: [RTGEN 206-500] Setting interface mode on port 'graphsage_int8_po2/weights1_2_10' to 'ap_none'.
INFO: [RTGEN 206-500] Setting interface mode on port 'graphsage_int8_po2/weights1_2_11' to 'ap_none'.
INFO: [RTGEN 206-500] Setting interface mode on port 'graphsage_int8_po2/weights1_2_12' to 'ap_none'.
INFO: [RTGEN 206-500] Setting interface mode on port 'graphsage_int8_po2/weights1_2_13' to 'ap_none'.
INFO: [RTGEN 206-500] Setting interface mode on port 'graphsage_int8_po2/weights1_2_14' to 'ap_none'.
INFO: [RTGEN 206-500] Setting interface mode on port 'graphsage_int8_po2/weights1_2_15' to 'ap_none'.
INFO: [RTGEN 206-500] Setting interface mode on port 'graphsage_int8_po2/weights1_3_0' to 'ap_none'.
INFO: [RTGEN 206-500] Setting interface mode on port 'graphsage_int8_po2/weights1_3_1' to 'ap_none'.
INFO: [RTGEN 206-500] Setting interface mode on port 'graphsage_int8_po2/weights1_3_2' to 'ap_none'.
INFO: [RTGEN 206-500] Setting interface mode on port 'graphsage_int8_po2/weights1_3_3' to 'ap_none'.
INFO: [RTGEN 206-500] Setting interface mode on port 'graphsage_int8_po2/weights1_3_4' to 'ap_none'.
INFO: [RTGEN 206-500] Setting interface mode on port 'graphsage_int8_po2/weights1_3_5' to 'ap_none'.
INFO: [RTGEN 206-500] Setting interface mode on port 'graphsage_int8_po2/weights1_3_6' to 'ap_none'.
INFO: [RTGEN 206-500] Setting interface mode on port 'graphsage_int8_po2/weights1_3_7' to 'ap_none'.
INFO: [RTGEN 206-500] Setting interface mode on port 'graphsage_int8_po2/weights1_3_8' to 'ap_none'.
INFO: [RTGEN 206-500] Setting interface mode on port 'graphsage_int8_po2/weights1_3_9' to 'ap_none'.
INFO: [RTGEN 206-500] Setting interface mode on port 'graphsage_int8_po2/weights1_3_10' to 'ap_none'.
INFO: [RTGEN 206-500] Setting interface mode on port 'graphsage_int8_po2/weights1_3_11' to 'ap_none'.
INFO: [RTGEN 206-500] Setting interface mode on port 'graphsage_int8_po2/weights1_3_12' to 'ap_none'.
INFO: [RTGEN 206-500] Setting interface mode on port 'graphsage_int8_po2/weights1_3_13' to 'ap_none'.
INFO: [RTGEN 206-500] Setting interface mode on port 'graphsage_int8_po2/weights1_3_14' to 'ap_none'.
INFO: [RTGEN 206-500] Setting interface mode on port 'graphsage_int8_po2/weights1_3_15' to 'ap_none'.
INFO: [RTGEN 206-500] Setting interface mode on port 'graphsage_int8_po2/weights1_4_0' to 'ap_none'.
INFO: [RTGEN 206-500] Setting interface mode on port 'graphsage_int8_po2/weights1_4_1' to 'ap_none'.
INFO: [RTGEN 206-500] Setting interface mode on port 'graphsage_int8_po2/weights1_4_2' to 'ap_none'.
INFO: [RTGEN 206-500] Setting interface mode on port 'graphsage_int8_po2/weights1_4_3' to 'ap_none'.
INFO: [RTGEN 206-500] Setting interface mode on port 'graphsage_int8_po2/weights1_4_4' to 'ap_none'.
INFO: [RTGEN 206-500] Setting interface mode on port 'graphsage_int8_po2/weights1_4_5' to 'ap_none'.
INFO: [RTGEN 206-500] Setting interface mode on port 'graphsage_int8_po2/weights1_4_6' to 'ap_none'.
INFO: [RTGEN 206-500] Setting interface mode on port 'graphsage_int8_po2/weights1_4_7' to 'ap_none'.
INFO: [RTGEN 206-500] Setting interface mode on port 'graphsage_int8_po2/weights1_4_8' to 'ap_none'.
INFO: [RTGEN 206-500] Setting interface mode on port 'graphsage_int8_po2/weights1_4_9' to 'ap_none'.
INFO: [RTGEN 206-500] Setting interface mode on port 'graphsage_int8_po2/weights1_4_10' to 'ap_none'.
INFO: [RTGEN 206-500] Setting interface mode on port 'graphsage_int8_po2/weights1_4_11' to 'ap_none'.
INFO: [RTGEN 206-500] Setting interface mode on port 'graphsage_int8_po2/weights1_4_12' to 'ap_none'.
INFO: [RTGEN 206-500] Setting interface mode on port 'graphsage_int8_po2/weights1_4_13' to 'ap_none'.
INFO: [RTGEN 206-500] Setting interface mode on port 'graphsage_int8_po2/weights1_4_14' to 'ap_none'.
INFO: [RTGEN 206-500] Setting interface mode on port 'graphsage_int8_po2/weights1_4_15' to 'ap_none'.
INFO: [RTGEN 206-500] Setting interface mode on port 'graphsage_int8_po2/weights1_5_0' to 'ap_none'.
INFO: [RTGEN 206-500] Setting interface mode on port 'graphsage_int8_po2/weights1_5_1' to 'ap_none'.
INFO: [RTGEN 206-500] Setting interface mode on port 'graphsage_int8_po2/weights1_5_2' to 'ap_none'.
INFO: [RTGEN 206-500] Setting interface mode on port 'graphsage_int8_po2/weights1_5_3' to 'ap_none'.
INFO: [RTGEN 206-500] Setting interface mode on port 'graphsage_int8_po2/weights1_5_4' to 'ap_none'.
INFO: [RTGEN 206-500] Setting interface mode on port 'graphsage_int8_po2/weights1_5_5' to 'ap_none'.
INFO: [RTGEN 206-500] Setting interface mode on port 'graphsage_int8_po2/weights1_5_6' to 'ap_none'.
INFO: [RTGEN 206-500] Setting interface mode on port 'graphsage_int8_po2/weights1_5_7' to 'ap_none'.
INFO: [RTGEN 206-500] Setting interface mode on port 'graphsage_int8_po2/weights1_5_8' to 'ap_none'.
INFO: [RTGEN 206-500] Setting interface mode on port 'graphsage_int8_po2/weights1_5_9' to 'ap_none'.
INFO: [RTGEN 206-500] Setting interface mode on port 'graphsage_int8_po2/weights1_5_10' to 'ap_none'.
INFO: [RTGEN 206-500] Setting interface mode on port 'graphsage_int8_po2/weights1_5_11' to 'ap_none'.
INFO: [RTGEN 206-500] Setting interface mode on port 'graphsage_int8_po2/weights1_5_12' to 'ap_none'.
INFO: [RTGEN 206-500] Setting interface mode on port 'graphsage_int8_po2/weights1_5_13' to 'ap_none'.
INFO: [RTGEN 206-500] Setting interface mode on port 'graphsage_int8_po2/weights1_5_14' to 'ap_none'.
INFO: [RTGEN 206-500] Setting interface mode on port 'graphsage_int8_po2/weights1_5_15' to 'ap_none'.
INFO: [RTGEN 206-500] Setting interface mode on port 'graphsage_int8_po2/weights1_6_0' to 'ap_none'.
INFO: [RTGEN 206-500] Setting interface mode on port 'graphsage_int8_po2/weights1_6_1' to 'ap_none'.
INFO: [RTGEN 206-500] Setting interface mode on port 'graphsage_int8_po2/weights1_6_2' to 'ap_none'.
INFO: [RTGEN 206-500] Setting interface mode on port 'graphsage_int8_po2/weights1_6_3' to 'ap_none'.
INFO: [RTGEN 206-500] Setting interface mode on port 'graphsage_int8_po2/weights1_6_4' to 'ap_none'.
INFO: [RTGEN 206-500] Setting interface mode on port 'graphsage_int8_po2/weights1_6_5' to 'ap_none'.
INFO: [RTGEN 206-500] Setting interface mode on port 'graphsage_int8_po2/weights1_6_6' to 'ap_none'.
INFO: [RTGEN 206-500] Setting interface mode on port 'graphsage_int8_po2/weights1_6_7' to 'ap_none'.
INFO: [RTGEN 206-500] Setting interface mode on port 'graphsage_int8_po2/weights1_6_8' to 'ap_none'.
INFO: [RTGEN 206-500] Setting interface mode on port 'graphsage_int8_po2/weights1_6_9' to 'ap_none'.
INFO: [RTGEN 206-500] Setting interface mode on port 'graphsage_int8_po2/weights1_6_10' to 'ap_none'.
INFO: [RTGEN 206-500] Setting interface mode on port 'graphsage_int8_po2/weights1_6_11' to 'ap_none'.
INFO: [RTGEN 206-500] Setting interface mode on port 'graphsage_int8_po2/weights1_6_12' to 'ap_none'.
INFO: [RTGEN 206-500] Setting interface mode on port 'graphsage_int8_po2/weights1_6_13' to 'ap_none'.
INFO: [RTGEN 206-500] Setting interface mode on port 'graphsage_int8_po2/weights1_6_14' to 'ap_none'.
INFO: [RTGEN 206-500] Setting interface mode on port 'graphsage_int8_po2/weights1_6_15' to 'ap_none'.
INFO: [RTGEN 206-500] Setting interface mode on port 'graphsage_int8_po2/weights1_7_0' to 'ap_none'.
INFO: [RTGEN 206-500] Setting interface mode on port 'graphsage_int8_po2/weights1_7_1' to 'ap_none'.
INFO: [RTGEN 206-500] Setting interface mode on port 'graphsage_int8_po2/weights1_7_2' to 'ap_none'.
INFO: [RTGEN 206-500] Setting interface mode on port 'graphsage_int8_po2/weights1_7_3' to 'ap_none'.
INFO: [RTGEN 206-500] Setting interface mode on port 'graphsage_int8_po2/weights1_7_4' to 'ap_none'.
INFO: [RTGEN 206-500] Setting interface mode on port 'graphsage_int8_po2/weights1_7_5' to 'ap_none'.
INFO: [RTGEN 206-500] Setting interface mode on port 'graphsage_int8_po2/weights1_7_6' to 'ap_none'.
INFO: [RTGEN 206-500] Setting interface mode on port 'graphsage_int8_po2/weights1_7_7' to 'ap_none'.
INFO: [RTGEN 206-500] Setting interface mode on port 'graphsage_int8_po2/weights1_7_8' to 'ap_none'.
INFO: [RTGEN 206-500] Setting interface mode on port 'graphsage_int8_po2/weights1_7_9' to 'ap_none'.
INFO: [RTGEN 206-500] Setting interface mode on port 'graphsage_int8_po2/weights1_7_10' to 'ap_none'.
INFO: [RTGEN 206-500] Setting interface mode on port 'graphsage_int8_po2/weights1_7_11' to 'ap_none'.
INFO: [RTGEN 206-500] Setting interface mode on port 'graphsage_int8_po2/weights1_7_12' to 'ap_none'.
INFO: [RTGEN 206-500] Setting interface mode on port 'graphsage_int8_po2/weights1_7_13' to 'ap_none'.
INFO: [RTGEN 206-500] Setting interface mode on port 'graphsage_int8_po2/weights1_7_14' to 'ap_none'.
INFO: [RTGEN 206-500] Setting interface mode on port 'graphsage_int8_po2/weights1_7_15' to 'ap_none'.
INFO: [RTGEN 206-500] Setting interface mode on port 'graphsage_int8_po2/weights1_8_0' to 'ap_none'.
INFO: [RTGEN 206-500] Setting interface mode on port 'graphsage_int8_po2/weights1_8_1' to 'ap_none'.
INFO: [RTGEN 206-500] Setting interface mode on port 'graphsage_int8_po2/weights1_8_2' to 'ap_none'.
INFO: [RTGEN 206-500] Setting interface mode on port 'graphsage_int8_po2/weights1_8_3' to 'ap_none'.
INFO: [RTGEN 206-500] Setting interface mode on port 'graphsage_int8_po2/weights1_8_4' to 'ap_none'.
INFO: [RTGEN 206-500] Setting interface mode on port 'graphsage_int8_po2/weights1_8_5' to 'ap_none'.
INFO: [RTGEN 206-500] Setting interface mode on port 'graphsage_int8_po2/weights1_8_6' to 'ap_none'.
INFO: [RTGEN 206-500] Setting interface mode on port 'graphsage_int8_po2/weights1_8_7' to 'ap_none'.
INFO: [RTGEN 206-500] Setting interface mode on port 'graphsage_int8_po2/weights1_8_8' to 'ap_none'.
INFO: [RTGEN 206-500] Setting interface mode on port 'graphsage_int8_po2/weights1_8_9' to 'ap_none'.
INFO: [RTGEN 206-500] Setting interface mode on port 'graphsage_int8_po2/weights1_8_10' to 'ap_none'.
INFO: [RTGEN 206-500] Setting interface mode on port 'graphsage_int8_po2/weights1_8_11' to 'ap_none'.
INFO: [RTGEN 206-500] Setting interface mode on port 'graphsage_int8_po2/weights1_8_12' to 'ap_none'.
INFO: [RTGEN 206-500] Setting interface mode on port 'graphsage_int8_po2/weights1_8_13' to 'ap_none'.
INFO: [RTGEN 206-500] Setting interface mode on port 'graphsage_int8_po2/weights1_8_14' to 'ap_none'.
INFO: [RTGEN 206-500] Setting interface mode on port 'graphsage_int8_po2/weights1_8_15' to 'ap_none'.
INFO: [RTGEN 206-500] Setting interface mode on port 'graphsage_int8_po2/weights1_9_0' to 'ap_none'.
INFO: [RTGEN 206-500] Setting interface mode on port 'graphsage_int8_po2/weights1_9_1' to 'ap_none'.
INFO: [RTGEN 206-500] Setting interface mode on port 'graphsage_int8_po2/weights1_9_2' to 'ap_none'.
INFO: [RTGEN 206-500] Setting interface mode on port 'graphsage_int8_po2/weights1_9_3' to 'ap_none'.
INFO: [RTGEN 206-500] Setting interface mode on port 'graphsage_int8_po2/weights1_9_4' to 'ap_none'.
INFO: [RTGEN 206-500] Setting interface mode on port 'graphsage_int8_po2/weights1_9_5' to 'ap_none'.
INFO: [RTGEN 206-500] Setting interface mode on port 'graphsage_int8_po2/weights1_9_6' to 'ap_none'.
INFO: [RTGEN 206-500] Setting interface mode on port 'graphsage_int8_po2/weights1_9_7' to 'ap_none'.
INFO: [RTGEN 206-500] Setting interface mode on port 'graphsage_int8_po2/weights1_9_8' to 'ap_none'.
INFO: [RTGEN 206-500] Setting interface mode on port 'graphsage_int8_po2/weights1_9_9' to 'ap_none'.
INFO: [RTGEN 206-500] Setting interface mode on port 'graphsage_int8_po2/weights1_9_10' to 'ap_none'.
INFO: [RTGEN 206-500] Setting interface mode on port 'graphsage_int8_po2/weights1_9_11' to 'ap_none'.
INFO: [RTGEN 206-500] Setting interface mode on port 'graphsage_int8_po2/weights1_9_12' to 'ap_none'.
INFO: [RTGEN 206-500] Setting interface mode on port 'graphsage_int8_po2/weights1_9_13' to 'ap_none'.
INFO: [RTGEN 206-500] Setting interface mode on port 'graphsage_int8_po2/weights1_9_14' to 'ap_none'.
INFO: [RTGEN 206-500] Setting interface mode on port 'graphsage_int8_po2/weights1_9_15' to 'ap_none'.
INFO: [RTGEN 206-500] Setting interface mode on port 'graphsage_int8_po2/weights1_10_0' to 'ap_none'.
INFO: [RTGEN 206-500] Setting interface mode on port 'graphsage_int8_po2/weights1_10_1' to 'ap_none'.
INFO: [RTGEN 206-500] Setting interface mode on port 'graphsage_int8_po2/weights1_10_2' to 'ap_none'.
INFO: [RTGEN 206-500] Setting interface mode on port 'graphsage_int8_po2/weights1_10_3' to 'ap_none'.
INFO: [RTGEN 206-500] Setting interface mode on port 'graphsage_int8_po2/weights1_10_4' to 'ap_none'.
INFO: [RTGEN 206-500] Setting interface mode on port 'graphsage_int8_po2/weights1_10_5' to 'ap_none'.
INFO: [RTGEN 206-500] Setting interface mode on port 'graphsage_int8_po2/weights1_10_6' to 'ap_none'.
INFO: [RTGEN 206-500] Setting interface mode on port 'graphsage_int8_po2/weights1_10_7' to 'ap_none'.
INFO: [RTGEN 206-500] Setting interface mode on port 'graphsage_int8_po2/weights1_10_8' to 'ap_none'.
INFO: [RTGEN 206-500] Setting interface mode on port 'graphsage_int8_po2/weights1_10_9' to 'ap_none'.
INFO: [RTGEN 206-500] Setting interface mode on port 'graphsage_int8_po2/weights1_10_10' to 'ap_none'.
INFO: [RTGEN 206-500] Setting interface mode on port 'graphsage_int8_po2/weights1_10_11' to 'ap_none'.
INFO: [RTGEN 206-500] Setting interface mode on port 'graphsage_int8_po2/weights1_10_12' to 'ap_none'.
INFO: [RTGEN 206-500] Setting interface mode on port 'graphsage_int8_po2/weights1_10_13' to 'ap_none'.
INFO: [RTGEN 206-500] Setting interface mode on port 'graphsage_int8_po2/weights1_10_14' to 'ap_none'.
INFO: [RTGEN 206-500] Setting interface mode on port 'graphsage_int8_po2/weights1_10_15' to 'ap_none'.
INFO: [RTGEN 206-500] Setting interface mode on port 'graphsage_int8_po2/weights1_11_0' to 'ap_none'.
INFO: [RTGEN 206-500] Setting interface mode on port 'graphsage_int8_po2/weights1_11_1' to 'ap_none'.
INFO: [RTGEN 206-500] Setting interface mode on port 'graphsage_int8_po2/weights1_11_2' to 'ap_none'.
INFO: [RTGEN 206-500] Setting interface mode on port 'graphsage_int8_po2/weights1_11_3' to 'ap_none'.
INFO: [RTGEN 206-500] Setting interface mode on port 'graphsage_int8_po2/weights1_11_4' to 'ap_none'.
INFO: [RTGEN 206-500] Setting interface mode on port 'graphsage_int8_po2/weights1_11_5' to 'ap_none'.
INFO: [RTGEN 206-500] Setting interface mode on port 'graphsage_int8_po2/weights1_11_6' to 'ap_none'.
INFO: [RTGEN 206-500] Setting interface mode on port 'graphsage_int8_po2/weights1_11_7' to 'ap_none'.
INFO: [RTGEN 206-500] Setting interface mode on port 'graphsage_int8_po2/weights1_11_8' to 'ap_none'.
INFO: [RTGEN 206-500] Setting interface mode on port 'graphsage_int8_po2/weights1_11_9' to 'ap_none'.
INFO: [RTGEN 206-500] Setting interface mode on port 'graphsage_int8_po2/weights1_11_10' to 'ap_none'.
INFO: [RTGEN 206-500] Setting interface mode on port 'graphsage_int8_po2/weights1_11_11' to 'ap_none'.
INFO: [RTGEN 206-500] Setting interface mode on port 'graphsage_int8_po2/weights1_11_12' to 'ap_none'.
INFO: [RTGEN 206-500] Setting interface mode on port 'graphsage_int8_po2/weights1_11_13' to 'ap_none'.
INFO: [RTGEN 206-500] Setting interface mode on port 'graphsage_int8_po2/weights1_11_14' to 'ap_none'.
INFO: [RTGEN 206-500] Setting interface mode on port 'graphsage_int8_po2/weights1_11_15' to 'ap_none'.
INFO: [RTGEN 206-500] Setting interface mode on port 'graphsage_int8_po2/weights1_12_0' to 'ap_none'.
INFO: [RTGEN 206-500] Setting interface mode on port 'graphsage_int8_po2/weights1_12_1' to 'ap_none'.
INFO: [RTGEN 206-500] Setting interface mode on port 'graphsage_int8_po2/weights1_12_2' to 'ap_none'.
INFO: [RTGEN 206-500] Setting interface mode on port 'graphsage_int8_po2/weights1_12_3' to 'ap_none'.
INFO: [RTGEN 206-500] Setting interface mode on port 'graphsage_int8_po2/weights1_12_4' to 'ap_none'.
INFO: [RTGEN 206-500] Setting interface mode on port 'graphsage_int8_po2/weights1_12_5' to 'ap_none'.
INFO: [RTGEN 206-500] Setting interface mode on port 'graphsage_int8_po2/weights1_12_6' to 'ap_none'.
INFO: [RTGEN 206-500] Setting interface mode on port 'graphsage_int8_po2/weights1_12_7' to 'ap_none'.
INFO: [RTGEN 206-500] Setting interface mode on port 'graphsage_int8_po2/weights1_12_8' to 'ap_none'.
INFO: [RTGEN 206-500] Setting interface mode on port 'graphsage_int8_po2/weights1_12_9' to 'ap_none'.
INFO: [RTGEN 206-500] Setting interface mode on port 'graphsage_int8_po2/weights1_12_10' to 'ap_none'.
INFO: [RTGEN 206-500] Setting interface mode on port 'graphsage_int8_po2/weights1_12_11' to 'ap_none'.
INFO: [RTGEN 206-500] Setting interface mode on port 'graphsage_int8_po2/weights1_12_12' to 'ap_none'.
INFO: [RTGEN 206-500] Setting interface mode on port 'graphsage_int8_po2/weights1_12_13' to 'ap_none'.
INFO: [RTGEN 206-500] Setting interface mode on port 'graphsage_int8_po2/weights1_12_14' to 'ap_none'.
INFO: [RTGEN 206-500] Setting interface mode on port 'graphsage_int8_po2/weights1_12_15' to 'ap_none'.
INFO: [RTGEN 206-500] Setting interface mode on port 'graphsage_int8_po2/weights1_13_0' to 'ap_none'.
INFO: [RTGEN 206-500] Setting interface mode on port 'graphsage_int8_po2/weights1_13_1' to 'ap_none'.
INFO: [RTGEN 206-500] Setting interface mode on port 'graphsage_int8_po2/weights1_13_2' to 'ap_none'.
INFO: [RTGEN 206-500] Setting interface mode on port 'graphsage_int8_po2/weights1_13_3' to 'ap_none'.
INFO: [RTGEN 206-500] Setting interface mode on port 'graphsage_int8_po2/weights1_13_4' to 'ap_none'.
INFO: [RTGEN 206-500] Setting interface mode on port 'graphsage_int8_po2/weights1_13_5' to 'ap_none'.
INFO: [RTGEN 206-500] Setting interface mode on port 'graphsage_int8_po2/weights1_13_6' to 'ap_none'.
INFO: [RTGEN 206-500] Setting interface mode on port 'graphsage_int8_po2/weights1_13_7' to 'ap_none'.
INFO: [RTGEN 206-500] Setting interface mode on port 'graphsage_int8_po2/weights1_13_8' to 'ap_none'.
INFO: [RTGEN 206-500] Setting interface mode on port 'graphsage_int8_po2/weights1_13_9' to 'ap_none'.
INFO: [RTGEN 206-500] Setting interface mode on port 'graphsage_int8_po2/weights1_13_10' to 'ap_none'.
INFO: [RTGEN 206-500] Setting interface mode on port 'graphsage_int8_po2/weights1_13_11' to 'ap_none'.
INFO: [RTGEN 206-500] Setting interface mode on port 'graphsage_int8_po2/weights1_13_12' to 'ap_none'.
INFO: [RTGEN 206-500] Setting interface mode on port 'graphsage_int8_po2/weights1_13_13' to 'ap_none'.
INFO: [RTGEN 206-500] Setting interface mode on port 'graphsage_int8_po2/weights1_13_14' to 'ap_none'.
INFO: [RTGEN 206-500] Setting interface mode on port 'graphsage_int8_po2/weights1_13_15' to 'ap_none'.
INFO: [RTGEN 206-500] Setting interface mode on port 'graphsage_int8_po2/weights1_14_0' to 'ap_none'.
INFO: [RTGEN 206-500] Setting interface mode on port 'graphsage_int8_po2/weights1_14_1' to 'ap_none'.
INFO: [RTGEN 206-500] Setting interface mode on port 'graphsage_int8_po2/weights1_14_2' to 'ap_none'.
INFO: [RTGEN 206-500] Setting interface mode on port 'graphsage_int8_po2/weights1_14_3' to 'ap_none'.
INFO: [RTGEN 206-500] Setting interface mode on port 'graphsage_int8_po2/weights1_14_4' to 'ap_none'.
INFO: [RTGEN 206-500] Setting interface mode on port 'graphsage_int8_po2/weights1_14_5' to 'ap_none'.
INFO: [RTGEN 206-500] Setting interface mode on port 'graphsage_int8_po2/weights1_14_6' to 'ap_none'.
INFO: [RTGEN 206-500] Setting interface mode on port 'graphsage_int8_po2/weights1_14_7' to 'ap_none'.
INFO: [RTGEN 206-500] Setting interface mode on port 'graphsage_int8_po2/weights1_14_8' to 'ap_none'.
INFO: [RTGEN 206-500] Setting interface mode on port 'graphsage_int8_po2/weights1_14_9' to 'ap_none'.
INFO: [RTGEN 206-500] Setting interface mode on port 'graphsage_int8_po2/weights1_14_10' to 'ap_none'.
INFO: [RTGEN 206-500] Setting interface mode on port 'graphsage_int8_po2/weights1_14_11' to 'ap_none'.
INFO: [RTGEN 206-500] Setting interface mode on port 'graphsage_int8_po2/weights1_14_12' to 'ap_none'.
INFO: [RTGEN 206-500] Setting interface mode on port 'graphsage_int8_po2/weights1_14_13' to 'ap_none'.
INFO: [RTGEN 206-500] Setting interface mode on port 'graphsage_int8_po2/weights1_14_14' to 'ap_none'.
INFO: [RTGEN 206-500] Setting interface mode on port 'graphsage_int8_po2/weights1_14_15' to 'ap_none'.
INFO: [RTGEN 206-500] Setting interface mode on port 'graphsage_int8_po2/weights1_15_0' to 'ap_none'.
INFO: [RTGEN 206-500] Setting interface mode on port 'graphsage_int8_po2/weights1_15_1' to 'ap_none'.
INFO: [RTGEN 206-500] Setting interface mode on port 'graphsage_int8_po2/weights1_15_2' to 'ap_none'.
INFO: [RTGEN 206-500] Setting interface mode on port 'graphsage_int8_po2/weights1_15_3' to 'ap_none'.
INFO: [RTGEN 206-500] Setting interface mode on port 'graphsage_int8_po2/weights1_15_4' to 'ap_none'.
INFO: [RTGEN 206-500] Setting interface mode on port 'graphsage_int8_po2/weights1_15_5' to 'ap_none'.
INFO: [RTGEN 206-500] Setting interface mode on port 'graphsage_int8_po2/weights1_15_6' to 'ap_none'.
INFO: [RTGEN 206-500] Setting interface mode on port 'graphsage_int8_po2/weights1_15_7' to 'ap_none'.
INFO: [RTGEN 206-500] Setting interface mode on port 'graphsage_int8_po2/weights1_15_8' to 'ap_none'.
INFO: [RTGEN 206-500] Setting interface mode on port 'graphsage_int8_po2/weights1_15_9' to 'ap_none'.
INFO: [RTGEN 206-500] Setting interface mode on port 'graphsage_int8_po2/weights1_15_10' to 'ap_none'.
INFO: [RTGEN 206-500] Setting interface mode on port 'graphsage_int8_po2/weights1_15_11' to 'ap_none'.
INFO: [RTGEN 206-500] Setting interface mode on port 'graphsage_int8_po2/weights1_15_12' to 'ap_none'.
INFO: [RTGEN 206-500] Setting interface mode on port 'graphsage_int8_po2/weights1_15_13' to 'ap_none'.
INFO: [RTGEN 206-500] Setting interface mode on port 'graphsage_int8_po2/weights1_15_14' to 'ap_none'.
INFO: [RTGEN 206-500] Setting interface mode on port 'graphsage_int8_po2/weights1_15_15' to 'ap_none'.
INFO: [RTGEN 206-500] Setting interface mode on port 'graphsage_int8_po2/weights1_16_0' to 'ap_none'.
INFO: [RTGEN 206-500] Setting interface mode on port 'graphsage_int8_po2/weights1_16_1' to 'ap_none'.
INFO: [RTGEN 206-500] Setting interface mode on port 'graphsage_int8_po2/weights1_16_2' to 'ap_none'.
INFO: [RTGEN 206-500] Setting interface mode on port 'graphsage_int8_po2/weights1_16_3' to 'ap_none'.
INFO: [RTGEN 206-500] Setting interface mode on port 'graphsage_int8_po2/weights1_16_4' to 'ap_none'.
INFO: [RTGEN 206-500] Setting interface mode on port 'graphsage_int8_po2/weights1_16_5' to 'ap_none'.
INFO: [RTGEN 206-500] Setting interface mode on port 'graphsage_int8_po2/weights1_16_6' to 'ap_none'.
INFO: [RTGEN 206-500] Setting interface mode on port 'graphsage_int8_po2/weights1_16_7' to 'ap_none'.
INFO: [RTGEN 206-500] Setting interface mode on port 'graphsage_int8_po2/weights1_16_8' to 'ap_none'.
INFO: [RTGEN 206-500] Setting interface mode on port 'graphsage_int8_po2/weights1_16_9' to 'ap_none'.
INFO: [RTGEN 206-500] Setting interface mode on port 'graphsage_int8_po2/weights1_16_10' to 'ap_none'.
INFO: [RTGEN 206-500] Setting interface mode on port 'graphsage_int8_po2/weights1_16_11' to 'ap_none'.
INFO: [RTGEN 206-500] Setting interface mode on port 'graphsage_int8_po2/weights1_16_12' to 'ap_none'.
INFO: [RTGEN 206-500] Setting interface mode on port 'graphsage_int8_po2/weights1_16_13' to 'ap_none'.
INFO: [RTGEN 206-500] Setting interface mode on port 'graphsage_int8_po2/weights1_16_14' to 'ap_none'.
INFO: [RTGEN 206-500] Setting interface mode on port 'graphsage_int8_po2/weights1_16_15' to 'ap_none'.
INFO: [RTGEN 206-500] Setting interface mode on port 'graphsage_int8_po2/weights1_17_0' to 'ap_none'.
INFO: [RTGEN 206-500] Setting interface mode on port 'graphsage_int8_po2/weights1_17_1' to 'ap_none'.
INFO: [RTGEN 206-500] Setting interface mode on port 'graphsage_int8_po2/weights1_17_2' to 'ap_none'.
INFO: [RTGEN 206-500] Setting interface mode on port 'graphsage_int8_po2/weights1_17_3' to 'ap_none'.
INFO: [RTGEN 206-500] Setting interface mode on port 'graphsage_int8_po2/weights1_17_4' to 'ap_none'.
INFO: [RTGEN 206-500] Setting interface mode on port 'graphsage_int8_po2/weights1_17_5' to 'ap_none'.
INFO: [RTGEN 206-500] Setting interface mode on port 'graphsage_int8_po2/weights1_17_6' to 'ap_none'.
INFO: [RTGEN 206-500] Setting interface mode on port 'graphsage_int8_po2/weights1_17_7' to 'ap_none'.
INFO: [RTGEN 206-500] Setting interface mode on port 'graphsage_int8_po2/weights1_17_8' to 'ap_none'.
INFO: [RTGEN 206-500] Setting interface mode on port 'graphsage_int8_po2/weights1_17_9' to 'ap_none'.
INFO: [RTGEN 206-500] Setting interface mode on port 'graphsage_int8_po2/weights1_17_10' to 'ap_none'.
INFO: [RTGEN 206-500] Setting interface mode on port 'graphsage_int8_po2/weights1_17_11' to 'ap_none'.
INFO: [RTGEN 206-500] Setting interface mode on port 'graphsage_int8_po2/weights1_17_12' to 'ap_none'.
INFO: [RTGEN 206-500] Setting interface mode on port 'graphsage_int8_po2/weights1_17_13' to 'ap_none'.
INFO: [RTGEN 206-500] Setting interface mode on port 'graphsage_int8_po2/weights1_17_14' to 'ap_none'.
INFO: [RTGEN 206-500] Setting interface mode on port 'graphsage_int8_po2/weights1_17_15' to 'ap_none'.
INFO: [RTGEN 206-500] Setting interface mode on port 'graphsage_int8_po2/weights1_18_0' to 'ap_none'.
INFO: [RTGEN 206-500] Setting interface mode on port 'graphsage_int8_po2/weights1_18_1' to 'ap_none'.
INFO: [RTGEN 206-500] Setting interface mode on port 'graphsage_int8_po2/weights1_18_2' to 'ap_none'.
INFO: [RTGEN 206-500] Setting interface mode on port 'graphsage_int8_po2/weights1_18_3' to 'ap_none'.
INFO: [RTGEN 206-500] Setting interface mode on port 'graphsage_int8_po2/weights1_18_4' to 'ap_none'.
INFO: [RTGEN 206-500] Setting interface mode on port 'graphsage_int8_po2/weights1_18_5' to 'ap_none'.
INFO: [RTGEN 206-500] Setting interface mode on port 'graphsage_int8_po2/weights1_18_6' to 'ap_none'.
INFO: [RTGEN 206-500] Setting interface mode on port 'graphsage_int8_po2/weights1_18_7' to 'ap_none'.
INFO: [RTGEN 206-500] Setting interface mode on port 'graphsage_int8_po2/weights1_18_8' to 'ap_none'.
INFO: [RTGEN 206-500] Setting interface mode on port 'graphsage_int8_po2/weights1_18_9' to 'ap_none'.
INFO: [RTGEN 206-500] Setting interface mode on port 'graphsage_int8_po2/weights1_18_10' to 'ap_none'.
INFO: [RTGEN 206-500] Setting interface mode on port 'graphsage_int8_po2/weights1_18_11' to 'ap_none'.
INFO: [RTGEN 206-500] Setting interface mode on port 'graphsage_int8_po2/weights1_18_12' to 'ap_none'.
INFO: [RTGEN 206-500] Setting interface mode on port 'graphsage_int8_po2/weights1_18_13' to 'ap_none'.
INFO: [RTGEN 206-500] Setting interface mode on port 'graphsage_int8_po2/weights1_18_14' to 'ap_none'.
INFO: [RTGEN 206-500] Setting interface mode on port 'graphsage_int8_po2/weights1_18_15' to 'ap_none'.
INFO: [RTGEN 206-500] Setting interface mode on port 'graphsage_int8_po2/weights1_19_0' to 'ap_none'.
INFO: [RTGEN 206-500] Setting interface mode on port 'graphsage_int8_po2/weights1_19_1' to 'ap_none'.
INFO: [RTGEN 206-500] Setting interface mode on port 'graphsage_int8_po2/weights1_19_2' to 'ap_none'.
INFO: [RTGEN 206-500] Setting interface mode on port 'graphsage_int8_po2/weights1_19_3' to 'ap_none'.
INFO: [RTGEN 206-500] Setting interface mode on port 'graphsage_int8_po2/weights1_19_4' to 'ap_none'.
INFO: [RTGEN 206-500] Setting interface mode on port 'graphsage_int8_po2/weights1_19_5' to 'ap_none'.
INFO: [RTGEN 206-500] Setting interface mode on port 'graphsage_int8_po2/weights1_19_6' to 'ap_none'.
INFO: [RTGEN 206-500] Setting interface mode on port 'graphsage_int8_po2/weights1_19_7' to 'ap_none'.
INFO: [RTGEN 206-500] Setting interface mode on port 'graphsage_int8_po2/weights1_19_8' to 'ap_none'.
INFO: [RTGEN 206-500] Setting interface mode on port 'graphsage_int8_po2/weights1_19_9' to 'ap_none'.
INFO: [RTGEN 206-500] Setting interface mode on port 'graphsage_int8_po2/weights1_19_10' to 'ap_none'.
INFO: [RTGEN 206-500] Setting interface mode on port 'graphsage_int8_po2/weights1_19_11' to 'ap_none'.
INFO: [RTGEN 206-500] Setting interface mode on port 'graphsage_int8_po2/weights1_19_12' to 'ap_none'.
INFO: [RTGEN 206-500] Setting interface mode on port 'graphsage_int8_po2/weights1_19_13' to 'ap_none'.
INFO: [RTGEN 206-500] Setting interface mode on port 'graphsage_int8_po2/weights1_19_14' to 'ap_none'.
INFO: [RTGEN 206-500] Setting interface mode on port 'graphsage_int8_po2/weights1_19_15' to 'ap_none'.
INFO: [RTGEN 206-500] Setting interface mode on port 'graphsage_int8_po2/weights1_20_0' to 'ap_none'.
INFO: [RTGEN 206-500] Setting interface mode on port 'graphsage_int8_po2/weights1_20_1' to 'ap_none'.
INFO: [RTGEN 206-500] Setting interface mode on port 'graphsage_int8_po2/weights1_20_2' to 'ap_none'.
INFO: [RTGEN 206-500] Setting interface mode on port 'graphsage_int8_po2/weights1_20_3' to 'ap_none'.
INFO: [RTGEN 206-500] Setting interface mode on port 'graphsage_int8_po2/weights1_20_4' to 'ap_none'.
INFO: [RTGEN 206-500] Setting interface mode on port 'graphsage_int8_po2/weights1_20_5' to 'ap_none'.
INFO: [RTGEN 206-500] Setting interface mode on port 'graphsage_int8_po2/weights1_20_6' to 'ap_none'.
INFO: [RTGEN 206-500] Setting interface mode on port 'graphsage_int8_po2/weights1_20_7' to 'ap_none'.
INFO: [RTGEN 206-500] Setting interface mode on port 'graphsage_int8_po2/weights1_20_8' to 'ap_none'.
INFO: [RTGEN 206-500] Setting interface mode on port 'graphsage_int8_po2/weights1_20_9' to 'ap_none'.
INFO: [RTGEN 206-500] Setting interface mode on port 'graphsage_int8_po2/weights1_20_10' to 'ap_none'.
INFO: [RTGEN 206-500] Setting interface mode on port 'graphsage_int8_po2/weights1_20_11' to 'ap_none'.
INFO: [RTGEN 206-500] Setting interface mode on port 'graphsage_int8_po2/weights1_20_12' to 'ap_none'.
INFO: [RTGEN 206-500] Setting interface mode on port 'graphsage_int8_po2/weights1_20_13' to 'ap_none'.
INFO: [RTGEN 206-500] Setting interface mode on port 'graphsage_int8_po2/weights1_20_14' to 'ap_none'.
INFO: [RTGEN 206-500] Setting interface mode on port 'graphsage_int8_po2/weights1_20_15' to 'ap_none'.
INFO: [RTGEN 206-500] Setting interface mode on port 'graphsage_int8_po2/weights1_21_0' to 'ap_none'.
INFO: [RTGEN 206-500] Setting interface mode on port 'graphsage_int8_po2/weights1_21_1' to 'ap_none'.
INFO: [RTGEN 206-500] Setting interface mode on port 'graphsage_int8_po2/weights1_21_2' to 'ap_none'.
INFO: [RTGEN 206-500] Setting interface mode on port 'graphsage_int8_po2/weights1_21_3' to 'ap_none'.
INFO: [RTGEN 206-500] Setting interface mode on port 'graphsage_int8_po2/weights1_21_4' to 'ap_none'.
INFO: [RTGEN 206-500] Setting interface mode on port 'graphsage_int8_po2/weights1_21_5' to 'ap_none'.
INFO: [RTGEN 206-500] Setting interface mode on port 'graphsage_int8_po2/weights1_21_6' to 'ap_none'.
INFO: [RTGEN 206-500] Setting interface mode on port 'graphsage_int8_po2/weights1_21_7' to 'ap_none'.
INFO: [RTGEN 206-500] Setting interface mode on port 'graphsage_int8_po2/weights1_21_8' to 'ap_none'.
INFO: [RTGEN 206-500] Setting interface mode on port 'graphsage_int8_po2/weights1_21_9' to 'ap_none'.
INFO: [RTGEN 206-500] Setting interface mode on port 'graphsage_int8_po2/weights1_21_10' to 'ap_none'.
INFO: [RTGEN 206-500] Setting interface mode on port 'graphsage_int8_po2/weights1_21_11' to 'ap_none'.
INFO: [RTGEN 206-500] Setting interface mode on port 'graphsage_int8_po2/weights1_21_12' to 'ap_none'.
INFO: [RTGEN 206-500] Setting interface mode on port 'graphsage_int8_po2/weights1_21_13' to 'ap_none'.
INFO: [RTGEN 206-500] Setting interface mode on port 'graphsage_int8_po2/weights1_21_14' to 'ap_none'.
INFO: [RTGEN 206-500] Setting interface mode on port 'graphsage_int8_po2/weights1_21_15' to 'ap_none'.
INFO: [RTGEN 206-500] Setting interface mode on port 'graphsage_int8_po2/weights1_22_0' to 'ap_none'.
INFO: [RTGEN 206-500] Setting interface mode on port 'graphsage_int8_po2/weights1_22_1' to 'ap_none'.
INFO: [RTGEN 206-500] Setting interface mode on port 'graphsage_int8_po2/weights1_22_2' to 'ap_none'.
INFO: [RTGEN 206-500] Setting interface mode on port 'graphsage_int8_po2/weights1_22_3' to 'ap_none'.
INFO: [RTGEN 206-500] Setting interface mode on port 'graphsage_int8_po2/weights1_22_4' to 'ap_none'.
INFO: [RTGEN 206-500] Setting interface mode on port 'graphsage_int8_po2/weights1_22_5' to 'ap_none'.
INFO: [RTGEN 206-500] Setting interface mode on port 'graphsage_int8_po2/weights1_22_6' to 'ap_none'.
INFO: [RTGEN 206-500] Setting interface mode on port 'graphsage_int8_po2/weights1_22_7' to 'ap_none'.
INFO: [RTGEN 206-500] Setting interface mode on port 'graphsage_int8_po2/weights1_22_8' to 'ap_none'.
INFO: [RTGEN 206-500] Setting interface mode on port 'graphsage_int8_po2/weights1_22_9' to 'ap_none'.
INFO: [RTGEN 206-500] Setting interface mode on port 'graphsage_int8_po2/weights1_22_10' to 'ap_none'.
INFO: [RTGEN 206-500] Setting interface mode on port 'graphsage_int8_po2/weights1_22_11' to 'ap_none'.
INFO: [RTGEN 206-500] Setting interface mode on port 'graphsage_int8_po2/weights1_22_12' to 'ap_none'.
INFO: [RTGEN 206-500] Setting interface mode on port 'graphsage_int8_po2/weights1_22_13' to 'ap_none'.
INFO: [RTGEN 206-500] Setting interface mode on port 'graphsage_int8_po2/weights1_22_14' to 'ap_none'.
INFO: [RTGEN 206-500] Setting interface mode on port 'graphsage_int8_po2/weights1_22_15' to 'ap_none'.
INFO: [RTGEN 206-500] Setting interface mode on port 'graphsage_int8_po2/weights1_23_0' to 'ap_none'.
INFO: [RTGEN 206-500] Setting interface mode on port 'graphsage_int8_po2/weights1_23_1' to 'ap_none'.
INFO: [RTGEN 206-500] Setting interface mode on port 'graphsage_int8_po2/weights1_23_2' to 'ap_none'.
INFO: [RTGEN 206-500] Setting interface mode on port 'graphsage_int8_po2/weights1_23_3' to 'ap_none'.
INFO: [RTGEN 206-500] Setting interface mode on port 'graphsage_int8_po2/weights1_23_4' to 'ap_none'.
INFO: [RTGEN 206-500] Setting interface mode on port 'graphsage_int8_po2/weights1_23_5' to 'ap_none'.
INFO: [RTGEN 206-500] Setting interface mode on port 'graphsage_int8_po2/weights1_23_6' to 'ap_none'.
INFO: [RTGEN 206-500] Setting interface mode on port 'graphsage_int8_po2/weights1_23_7' to 'ap_none'.
INFO: [RTGEN 206-500] Setting interface mode on port 'graphsage_int8_po2/weights1_23_8' to 'ap_none'.
INFO: [RTGEN 206-500] Setting interface mode on port 'graphsage_int8_po2/weights1_23_9' to 'ap_none'.
INFO: [RTGEN 206-500] Setting interface mode on port 'graphsage_int8_po2/weights1_23_10' to 'ap_none'.
INFO: [RTGEN 206-500] Setting interface mode on port 'graphsage_int8_po2/weights1_23_11' to 'ap_none'.
INFO: [RTGEN 206-500] Setting interface mode on port 'graphsage_int8_po2/weights1_23_12' to 'ap_none'.
INFO: [RTGEN 206-500] Setting interface mode on port 'graphsage_int8_po2/weights1_23_13' to 'ap_none'.
INFO: [RTGEN 206-500] Setting interface mode on port 'graphsage_int8_po2/weights1_23_14' to 'ap_none'.
INFO: [RTGEN 206-500] Setting interface mode on port 'graphsage_int8_po2/weights1_23_15' to 'ap_none'.
INFO: [RTGEN 206-500] Setting interface mode on port 'graphsage_int8_po2/bias1_0' to 'ap_none'.
INFO: [RTGEN 206-500] Setting interface mode on port 'graphsage_int8_po2/bias1_1' to 'ap_none'.
INFO: [RTGEN 206-500] Setting interface mode on port 'graphsage_int8_po2/bias1_2' to 'ap_none'.
INFO: [RTGEN 206-500] Setting interface mode on port 'graphsage_int8_po2/bias1_3' to 'ap_none'.
INFO: [RTGEN 206-500] Setting interface mode on port 'graphsage_int8_po2/bias1_4' to 'ap_none'.
INFO: [RTGEN 206-500] Setting interface mode on port 'graphsage_int8_po2/bias1_5' to 'ap_none'.
INFO: [RTGEN 206-500] Setting interface mode on port 'graphsage_int8_po2/bias1_6' to 'ap_none'.
INFO: [RTGEN 206-500] Setting interface mode on port 'graphsage_int8_po2/bias1_7' to 'ap_none'.
INFO: [RTGEN 206-500] Setting interface mode on port 'graphsage_int8_po2/bias1_8' to 'ap_none'.
INFO: [RTGEN 206-500] Setting interface mode on port 'graphsage_int8_po2/bias1_9' to 'ap_none'.
INFO: [RTGEN 206-500] Setting interface mode on port 'graphsage_int8_po2/bias1_10' to 'ap_none'.
INFO: [RTGEN 206-500] Setting interface mode on port 'graphsage_int8_po2/bias1_11' to 'ap_none'.
INFO: [RTGEN 206-500] Setting interface mode on port 'graphsage_int8_po2/bias1_12' to 'ap_none'.
INFO: [RTGEN 206-500] Setting interface mode on port 'graphsage_int8_po2/bias1_13' to 'ap_none'.
INFO: [RTGEN 206-500] Setting interface mode on port 'graphsage_int8_po2/bias1_14' to 'ap_none'.
INFO: [RTGEN 206-500] Setting interface mode on port 'graphsage_int8_po2/bias1_15' to 'ap_none'.
INFO: [RTGEN 206-500] Setting interface mode on port 'graphsage_int8_po2/bias1_16' to 'ap_none'.
INFO: [RTGEN 206-500] Setting interface mode on port 'graphsage_int8_po2/bias1_17' to 'ap_none'.
INFO: [RTGEN 206-500] Setting interface mode on port 'graphsage_int8_po2/bias1_18' to 'ap_none'.
INFO: [RTGEN 206-500] Setting interface mode on port 'graphsage_int8_po2/bias1_19' to 'ap_none'.
INFO: [RTGEN 206-500] Setting interface mode on port 'graphsage_int8_po2/bias1_20' to 'ap_none'.
INFO: [RTGEN 206-500] Setting interface mode on port 'graphsage_int8_po2/bias1_21' to 'ap_none'.
INFO: [RTGEN 206-500] Setting interface mode on port 'graphsage_int8_po2/bias1_22' to 'ap_none'.
INFO: [RTGEN 206-500] Setting interface mode on port 'graphsage_int8_po2/bias1_23' to 'ap_none'.
INFO: [RTGEN 206-500] Setting interface mode on port 'graphsage_int8_po2/weights2_0_0' to 'ap_none'.
INFO: [RTGEN 206-500] Setting interface mode on port 'graphsage_int8_po2/weights2_0_1' to 'ap_none'.
INFO: [RTGEN 206-500] Setting interface mode on port 'graphsage_int8_po2/weights2_0_2' to 'ap_none'.
INFO: [RTGEN 206-500] Setting interface mode on port 'graphsage_int8_po2/weights2_0_3' to 'ap_none'.
INFO: [RTGEN 206-500] Setting interface mode on port 'graphsage_int8_po2/weights2_0_4' to 'ap_none'.
INFO: [RTGEN 206-500] Setting interface mode on port 'graphsage_int8_po2/weights2_0_5' to 'ap_none'.
INFO: [RTGEN 206-500] Setting interface mode on port 'graphsage_int8_po2/weights2_0_6' to 'ap_none'.
INFO: [RTGEN 206-500] Setting interface mode on port 'graphsage_int8_po2/weights2_0_7' to 'ap_none'.
INFO: [RTGEN 206-500] Setting interface mode on port 'graphsage_int8_po2/weights2_0_8' to 'ap_none'.
INFO: [RTGEN 206-500] Setting interface mode on port 'graphsage_int8_po2/weights2_0_9' to 'ap_none'.
INFO: [RTGEN 206-500] Setting interface mode on port 'graphsage_int8_po2/weights2_0_10' to 'ap_none'.
INFO: [RTGEN 206-500] Setting interface mode on port 'graphsage_int8_po2/weights2_0_11' to 'ap_none'.
INFO: [RTGEN 206-500] Setting interface mode on port 'graphsage_int8_po2/weights2_0_12' to 'ap_none'.
INFO: [RTGEN 206-500] Setting interface mode on port 'graphsage_int8_po2/weights2_0_13' to 'ap_none'.
INFO: [RTGEN 206-500] Setting interface mode on port 'graphsage_int8_po2/weights2_0_14' to 'ap_none'.
INFO: [RTGEN 206-500] Setting interface mode on port 'graphsage_int8_po2/weights2_0_15' to 'ap_none'.
INFO: [RTGEN 206-500] Setting interface mode on port 'graphsage_int8_po2/weights2_0_16' to 'ap_none'.
INFO: [RTGEN 206-500] Setting interface mode on port 'graphsage_int8_po2/weights2_0_17' to 'ap_none'.
INFO: [RTGEN 206-500] Setting interface mode on port 'graphsage_int8_po2/weights2_0_18' to 'ap_none'.
INFO: [RTGEN 206-500] Setting interface mode on port 'graphsage_int8_po2/weights2_0_19' to 'ap_none'.
INFO: [RTGEN 206-500] Setting interface mode on port 'graphsage_int8_po2/weights2_0_20' to 'ap_none'.
INFO: [RTGEN 206-500] Setting interface mode on port 'graphsage_int8_po2/weights2_0_21' to 'ap_none'.
INFO: [RTGEN 206-500] Setting interface mode on port 'graphsage_int8_po2/weights2_0_22' to 'ap_none'.
INFO: [RTGEN 206-500] Setting interface mode on port 'graphsage_int8_po2/weights2_0_23' to 'ap_none'.
INFO: [RTGEN 206-500] Setting interface mode on port 'graphsage_int8_po2/weights2_1_0' to 'ap_none'.
INFO: [RTGEN 206-500] Setting interface mode on port 'graphsage_int8_po2/weights2_1_1' to 'ap_none'.
INFO: [RTGEN 206-500] Setting interface mode on port 'graphsage_int8_po2/weights2_1_2' to 'ap_none'.
INFO: [RTGEN 206-500] Setting interface mode on port 'graphsage_int8_po2/weights2_1_3' to 'ap_none'.
INFO: [RTGEN 206-500] Setting interface mode on port 'graphsage_int8_po2/weights2_1_4' to 'ap_none'.
INFO: [RTGEN 206-500] Setting interface mode on port 'graphsage_int8_po2/weights2_1_5' to 'ap_none'.
INFO: [RTGEN 206-500] Setting interface mode on port 'graphsage_int8_po2/weights2_1_6' to 'ap_none'.
INFO: [RTGEN 206-500] Setting interface mode on port 'graphsage_int8_po2/weights2_1_7' to 'ap_none'.
INFO: [RTGEN 206-500] Setting interface mode on port 'graphsage_int8_po2/weights2_1_8' to 'ap_none'.
INFO: [RTGEN 206-500] Setting interface mode on port 'graphsage_int8_po2/weights2_1_9' to 'ap_none'.
INFO: [RTGEN 206-500] Setting interface mode on port 'graphsage_int8_po2/weights2_1_10' to 'ap_none'.
INFO: [RTGEN 206-500] Setting interface mode on port 'graphsage_int8_po2/weights2_1_11' to 'ap_none'.
INFO: [RTGEN 206-500] Setting interface mode on port 'graphsage_int8_po2/weights2_1_12' to 'ap_none'.
INFO: [RTGEN 206-500] Setting interface mode on port 'graphsage_int8_po2/weights2_1_13' to 'ap_none'.
INFO: [RTGEN 206-500] Setting interface mode on port 'graphsage_int8_po2/weights2_1_14' to 'ap_none'.
INFO: [RTGEN 206-500] Setting interface mode on port 'graphsage_int8_po2/weights2_1_15' to 'ap_none'.
INFO: [RTGEN 206-500] Setting interface mode on port 'graphsage_int8_po2/weights2_1_16' to 'ap_none'.
INFO: [RTGEN 206-500] Setting interface mode on port 'graphsage_int8_po2/weights2_1_17' to 'ap_none'.
INFO: [RTGEN 206-500] Setting interface mode on port 'graphsage_int8_po2/weights2_1_18' to 'ap_none'.
INFO: [RTGEN 206-500] Setting interface mode on port 'graphsage_int8_po2/weights2_1_19' to 'ap_none'.
INFO: [RTGEN 206-500] Setting interface mode on port 'graphsage_int8_po2/weights2_1_20' to 'ap_none'.
INFO: [RTGEN 206-500] Setting interface mode on port 'graphsage_int8_po2/weights2_1_21' to 'ap_none'.
INFO: [RTGEN 206-500] Setting interface mode on port 'graphsage_int8_po2/weights2_1_22' to 'ap_none'.
INFO: [RTGEN 206-500] Setting interface mode on port 'graphsage_int8_po2/weights2_1_23' to 'ap_none'.
INFO: [RTGEN 206-500] Setting interface mode on port 'graphsage_int8_po2/weights2_2_0' to 'ap_none'.
INFO: [RTGEN 206-500] Setting interface mode on port 'graphsage_int8_po2/weights2_2_1' to 'ap_none'.
INFO: [RTGEN 206-500] Setting interface mode on port 'graphsage_int8_po2/weights2_2_2' to 'ap_none'.
INFO: [RTGEN 206-500] Setting interface mode on port 'graphsage_int8_po2/weights2_2_3' to 'ap_none'.
INFO: [RTGEN 206-500] Setting interface mode on port 'graphsage_int8_po2/weights2_2_4' to 'ap_none'.
INFO: [RTGEN 206-500] Setting interface mode on port 'graphsage_int8_po2/weights2_2_5' to 'ap_none'.
INFO: [RTGEN 206-500] Setting interface mode on port 'graphsage_int8_po2/weights2_2_6' to 'ap_none'.
INFO: [RTGEN 206-500] Setting interface mode on port 'graphsage_int8_po2/weights2_2_7' to 'ap_none'.
INFO: [RTGEN 206-500] Setting interface mode on port 'graphsage_int8_po2/weights2_2_8' to 'ap_none'.
INFO: [RTGEN 206-500] Setting interface mode on port 'graphsage_int8_po2/weights2_2_9' to 'ap_none'.
INFO: [RTGEN 206-500] Setting interface mode on port 'graphsage_int8_po2/weights2_2_10' to 'ap_none'.
INFO: [RTGEN 206-500] Setting interface mode on port 'graphsage_int8_po2/weights2_2_11' to 'ap_none'.
INFO: [RTGEN 206-500] Setting interface mode on port 'graphsage_int8_po2/weights2_2_12' to 'ap_none'.
INFO: [RTGEN 206-500] Setting interface mode on port 'graphsage_int8_po2/weights2_2_13' to 'ap_none'.
INFO: [RTGEN 206-500] Setting interface mode on port 'graphsage_int8_po2/weights2_2_14' to 'ap_none'.
INFO: [RTGEN 206-500] Setting interface mode on port 'graphsage_int8_po2/weights2_2_15' to 'ap_none'.
INFO: [RTGEN 206-500] Setting interface mode on port 'graphsage_int8_po2/weights2_2_16' to 'ap_none'.
INFO: [RTGEN 206-500] Setting interface mode on port 'graphsage_int8_po2/weights2_2_17' to 'ap_none'.
INFO: [RTGEN 206-500] Setting interface mode on port 'graphsage_int8_po2/weights2_2_18' to 'ap_none'.
INFO: [RTGEN 206-500] Setting interface mode on port 'graphsage_int8_po2/weights2_2_19' to 'ap_none'.
INFO: [RTGEN 206-500] Setting interface mode on port 'graphsage_int8_po2/weights2_2_20' to 'ap_none'.
INFO: [RTGEN 206-500] Setting interface mode on port 'graphsage_int8_po2/weights2_2_21' to 'ap_none'.
INFO: [RTGEN 206-500] Setting interface mode on port 'graphsage_int8_po2/weights2_2_22' to 'ap_none'.
INFO: [RTGEN 206-500] Setting interface mode on port 'graphsage_int8_po2/weights2_2_23' to 'ap_none'.
INFO: [RTGEN 206-500] Setting interface mode on port 'graphsage_int8_po2/weights2_3_0' to 'ap_none'.
INFO: [RTGEN 206-500] Setting interface mode on port 'graphsage_int8_po2/weights2_3_1' to 'ap_none'.
INFO: [RTGEN 206-500] Setting interface mode on port 'graphsage_int8_po2/weights2_3_2' to 'ap_none'.
INFO: [RTGEN 206-500] Setting interface mode on port 'graphsage_int8_po2/weights2_3_3' to 'ap_none'.
INFO: [RTGEN 206-500] Setting interface mode on port 'graphsage_int8_po2/weights2_3_4' to 'ap_none'.
INFO: [RTGEN 206-500] Setting interface mode on port 'graphsage_int8_po2/weights2_3_5' to 'ap_none'.
INFO: [RTGEN 206-500] Setting interface mode on port 'graphsage_int8_po2/weights2_3_6' to 'ap_none'.
INFO: [RTGEN 206-500] Setting interface mode on port 'graphsage_int8_po2/weights2_3_7' to 'ap_none'.
INFO: [RTGEN 206-500] Setting interface mode on port 'graphsage_int8_po2/weights2_3_8' to 'ap_none'.
INFO: [RTGEN 206-500] Setting interface mode on port 'graphsage_int8_po2/weights2_3_9' to 'ap_none'.
INFO: [RTGEN 206-500] Setting interface mode on port 'graphsage_int8_po2/weights2_3_10' to 'ap_none'.
INFO: [RTGEN 206-500] Setting interface mode on port 'graphsage_int8_po2/weights2_3_11' to 'ap_none'.
INFO: [RTGEN 206-500] Setting interface mode on port 'graphsage_int8_po2/weights2_3_12' to 'ap_none'.
INFO: [RTGEN 206-500] Setting interface mode on port 'graphsage_int8_po2/weights2_3_13' to 'ap_none'.
INFO: [RTGEN 206-500] Setting interface mode on port 'graphsage_int8_po2/weights2_3_14' to 'ap_none'.
INFO: [RTGEN 206-500] Setting interface mode on port 'graphsage_int8_po2/weights2_3_15' to 'ap_none'.
INFO: [RTGEN 206-500] Setting interface mode on port 'graphsage_int8_po2/weights2_3_16' to 'ap_none'.
INFO: [RTGEN 206-500] Setting interface mode on port 'graphsage_int8_po2/weights2_3_17' to 'ap_none'.
INFO: [RTGEN 206-500] Setting interface mode on port 'graphsage_int8_po2/weights2_3_18' to 'ap_none'.
INFO: [RTGEN 206-500] Setting interface mode on port 'graphsage_int8_po2/weights2_3_19' to 'ap_none'.
INFO: [RTGEN 206-500] Setting interface mode on port 'graphsage_int8_po2/weights2_3_20' to 'ap_none'.
INFO: [RTGEN 206-500] Setting interface mode on port 'graphsage_int8_po2/weights2_3_21' to 'ap_none'.
INFO: [RTGEN 206-500] Setting interface mode on port 'graphsage_int8_po2/weights2_3_22' to 'ap_none'.
INFO: [RTGEN 206-500] Setting interface mode on port 'graphsage_int8_po2/weights2_3_23' to 'ap_none'.
INFO: [RTGEN 206-500] Setting interface mode on port 'graphsage_int8_po2/weights2_4_0' to 'ap_none'.
INFO: [RTGEN 206-500] Setting interface mode on port 'graphsage_int8_po2/weights2_4_1' to 'ap_none'.
INFO: [RTGEN 206-500] Setting interface mode on port 'graphsage_int8_po2/weights2_4_2' to 'ap_none'.
INFO: [RTGEN 206-500] Setting interface mode on port 'graphsage_int8_po2/weights2_4_3' to 'ap_none'.
INFO: [RTGEN 206-500] Setting interface mode on port 'graphsage_int8_po2/weights2_4_4' to 'ap_none'.
INFO: [RTGEN 206-500] Setting interface mode on port 'graphsage_int8_po2/weights2_4_5' to 'ap_none'.
INFO: [RTGEN 206-500] Setting interface mode on port 'graphsage_int8_po2/weights2_4_6' to 'ap_none'.
INFO: [RTGEN 206-500] Setting interface mode on port 'graphsage_int8_po2/weights2_4_7' to 'ap_none'.
INFO: [RTGEN 206-500] Setting interface mode on port 'graphsage_int8_po2/weights2_4_8' to 'ap_none'.
INFO: [RTGEN 206-500] Setting interface mode on port 'graphsage_int8_po2/weights2_4_9' to 'ap_none'.
INFO: [RTGEN 206-500] Setting interface mode on port 'graphsage_int8_po2/weights2_4_10' to 'ap_none'.
INFO: [RTGEN 206-500] Setting interface mode on port 'graphsage_int8_po2/weights2_4_11' to 'ap_none'.
INFO: [RTGEN 206-500] Setting interface mode on port 'graphsage_int8_po2/weights2_4_12' to 'ap_none'.
INFO: [RTGEN 206-500] Setting interface mode on port 'graphsage_int8_po2/weights2_4_13' to 'ap_none'.
INFO: [RTGEN 206-500] Setting interface mode on port 'graphsage_int8_po2/weights2_4_14' to 'ap_none'.
INFO: [RTGEN 206-500] Setting interface mode on port 'graphsage_int8_po2/weights2_4_15' to 'ap_none'.
INFO: [RTGEN 206-500] Setting interface mode on port 'graphsage_int8_po2/weights2_4_16' to 'ap_none'.
INFO: [RTGEN 206-500] Setting interface mode on port 'graphsage_int8_po2/weights2_4_17' to 'ap_none'.
INFO: [RTGEN 206-500] Setting interface mode on port 'graphsage_int8_po2/weights2_4_18' to 'ap_none'.
INFO: [RTGEN 206-500] Setting interface mode on port 'graphsage_int8_po2/weights2_4_19' to 'ap_none'.
INFO: [RTGEN 206-500] Setting interface mode on port 'graphsage_int8_po2/weights2_4_20' to 'ap_none'.
INFO: [RTGEN 206-500] Setting interface mode on port 'graphsage_int8_po2/weights2_4_21' to 'ap_none'.
INFO: [RTGEN 206-500] Setting interface mode on port 'graphsage_int8_po2/weights2_4_22' to 'ap_none'.
INFO: [RTGEN 206-500] Setting interface mode on port 'graphsage_int8_po2/weights2_4_23' to 'ap_none'.
INFO: [RTGEN 206-500] Setting interface mode on port 'graphsage_int8_po2/weights2_5_0' to 'ap_none'.
INFO: [RTGEN 206-500] Setting interface mode on port 'graphsage_int8_po2/weights2_5_1' to 'ap_none'.
INFO: [RTGEN 206-500] Setting interface mode on port 'graphsage_int8_po2/weights2_5_2' to 'ap_none'.
INFO: [RTGEN 206-500] Setting interface mode on port 'graphsage_int8_po2/weights2_5_3' to 'ap_none'.
INFO: [RTGEN 206-500] Setting interface mode on port 'graphsage_int8_po2/weights2_5_4' to 'ap_none'.
INFO: [RTGEN 206-500] Setting interface mode on port 'graphsage_int8_po2/weights2_5_5' to 'ap_none'.
INFO: [RTGEN 206-500] Setting interface mode on port 'graphsage_int8_po2/weights2_5_6' to 'ap_none'.
INFO: [RTGEN 206-500] Setting interface mode on port 'graphsage_int8_po2/weights2_5_7' to 'ap_none'.
INFO: [RTGEN 206-500] Setting interface mode on port 'graphsage_int8_po2/weights2_5_8' to 'ap_none'.
INFO: [RTGEN 206-500] Setting interface mode on port 'graphsage_int8_po2/weights2_5_9' to 'ap_none'.
INFO: [RTGEN 206-500] Setting interface mode on port 'graphsage_int8_po2/weights2_5_10' to 'ap_none'.
INFO: [RTGEN 206-500] Setting interface mode on port 'graphsage_int8_po2/weights2_5_11' to 'ap_none'.
INFO: [RTGEN 206-500] Setting interface mode on port 'graphsage_int8_po2/weights2_5_12' to 'ap_none'.
INFO: [RTGEN 206-500] Setting interface mode on port 'graphsage_int8_po2/weights2_5_13' to 'ap_none'.
INFO: [RTGEN 206-500] Setting interface mode on port 'graphsage_int8_po2/weights2_5_14' to 'ap_none'.
INFO: [RTGEN 206-500] Setting interface mode on port 'graphsage_int8_po2/weights2_5_15' to 'ap_none'.
INFO: [RTGEN 206-500] Setting interface mode on port 'graphsage_int8_po2/weights2_5_16' to 'ap_none'.
INFO: [RTGEN 206-500] Setting interface mode on port 'graphsage_int8_po2/weights2_5_17' to 'ap_none'.
INFO: [RTGEN 206-500] Setting interface mode on port 'graphsage_int8_po2/weights2_5_18' to 'ap_none'.
INFO: [RTGEN 206-500] Setting interface mode on port 'graphsage_int8_po2/weights2_5_19' to 'ap_none'.
INFO: [RTGEN 206-500] Setting interface mode on port 'graphsage_int8_po2/weights2_5_20' to 'ap_none'.
INFO: [RTGEN 206-500] Setting interface mode on port 'graphsage_int8_po2/weights2_5_21' to 'ap_none'.
INFO: [RTGEN 206-500] Setting interface mode on port 'graphsage_int8_po2/weights2_5_22' to 'ap_none'.
INFO: [RTGEN 206-500] Setting interface mode on port 'graphsage_int8_po2/weights2_5_23' to 'ap_none'.
INFO: [RTGEN 206-500] Setting interface mode on port 'graphsage_int8_po2/weights2_6_0' to 'ap_none'.
INFO: [RTGEN 206-500] Setting interface mode on port 'graphsage_int8_po2/weights2_6_1' to 'ap_none'.
INFO: [RTGEN 206-500] Setting interface mode on port 'graphsage_int8_po2/weights2_6_2' to 'ap_none'.
INFO: [RTGEN 206-500] Setting interface mode on port 'graphsage_int8_po2/weights2_6_3' to 'ap_none'.
INFO: [RTGEN 206-500] Setting interface mode on port 'graphsage_int8_po2/weights2_6_4' to 'ap_none'.
INFO: [RTGEN 206-500] Setting interface mode on port 'graphsage_int8_po2/weights2_6_5' to 'ap_none'.
INFO: [RTGEN 206-500] Setting interface mode on port 'graphsage_int8_po2/weights2_6_6' to 'ap_none'.
INFO: [RTGEN 206-500] Setting interface mode on port 'graphsage_int8_po2/weights2_6_7' to 'ap_none'.
INFO: [RTGEN 206-500] Setting interface mode on port 'graphsage_int8_po2/weights2_6_8' to 'ap_none'.
INFO: [RTGEN 206-500] Setting interface mode on port 'graphsage_int8_po2/weights2_6_9' to 'ap_none'.
INFO: [RTGEN 206-500] Setting interface mode on port 'graphsage_int8_po2/weights2_6_10' to 'ap_none'.
INFO: [RTGEN 206-500] Setting interface mode on port 'graphsage_int8_po2/weights2_6_11' to 'ap_none'.
INFO: [RTGEN 206-500] Setting interface mode on port 'graphsage_int8_po2/weights2_6_12' to 'ap_none'.
INFO: [RTGEN 206-500] Setting interface mode on port 'graphsage_int8_po2/weights2_6_13' to 'ap_none'.
INFO: [RTGEN 206-500] Setting interface mode on port 'graphsage_int8_po2/weights2_6_14' to 'ap_none'.
INFO: [RTGEN 206-500] Setting interface mode on port 'graphsage_int8_po2/weights2_6_15' to 'ap_none'.
INFO: [RTGEN 206-500] Setting interface mode on port 'graphsage_int8_po2/weights2_6_16' to 'ap_none'.
INFO: [RTGEN 206-500] Setting interface mode on port 'graphsage_int8_po2/weights2_6_17' to 'ap_none'.
INFO: [RTGEN 206-500] Setting interface mode on port 'graphsage_int8_po2/weights2_6_18' to 'ap_none'.
INFO: [RTGEN 206-500] Setting interface mode on port 'graphsage_int8_po2/weights2_6_19' to 'ap_none'.
INFO: [RTGEN 206-500] Setting interface mode on port 'graphsage_int8_po2/weights2_6_20' to 'ap_none'.
INFO: [RTGEN 206-500] Setting interface mode on port 'graphsage_int8_po2/weights2_6_21' to 'ap_none'.
INFO: [RTGEN 206-500] Setting interface mode on port 'graphsage_int8_po2/weights2_6_22' to 'ap_none'.
INFO: [RTGEN 206-500] Setting interface mode on port 'graphsage_int8_po2/weights2_6_23' to 'ap_none'.
INFO: [RTGEN 206-500] Setting interface mode on port 'graphsage_int8_po2/bias2_0' to 'ap_none'.
INFO: [RTGEN 206-500] Setting interface mode on port 'graphsage_int8_po2/bias2_1' to 'ap_none'.
INFO: [RTGEN 206-500] Setting interface mode on port 'graphsage_int8_po2/bias2_2' to 'ap_none'.
INFO: [RTGEN 206-500] Setting interface mode on port 'graphsage_int8_po2/bias2_3' to 'ap_none'.
INFO: [RTGEN 206-500] Setting interface mode on port 'graphsage_int8_po2/bias2_4' to 'ap_none'.
INFO: [RTGEN 206-500] Setting interface mode on port 'graphsage_int8_po2/bias2_5' to 'ap_none'.
INFO: [RTGEN 206-500] Setting interface mode on port 'graphsage_int8_po2/bias2_6' to 'ap_none'.
INFO: [RTGEN 206-500] Setting interface mode on port 'graphsage_int8_po2/output_0_0' to 'ap_none'.
WARNING: [RTGEN 206-101] Port 'output_0_0' with mode 'ap_none' may require an associated data valid signal to correctly communicate with other blocks or a test bench; automatic C/RTL co-simulation may not be able to verify such a port.
INFO: [RTGEN 206-500] Setting interface mode on port 'graphsage_int8_po2/output_0_1' to 'ap_none'.
WARNING: [RTGEN 206-101] Port 'output_0_1' with mode 'ap_none' may require an associated data valid signal to correctly communicate with other blocks or a test bench; automatic C/RTL co-simulation may not be able to verify such a port.
INFO: [RTGEN 206-500] Setting interface mode on port 'graphsage_int8_po2/output_0_2' to 'ap_none'.
WARNING: [RTGEN 206-101] Port 'output_0_2' with mode 'ap_none' may require an associated data valid signal to correctly communicate with other blocks or a test bench; automatic C/RTL co-simulation may not be able to verify such a port.
INFO: [RTGEN 206-500] Setting interface mode on port 'graphsage_int8_po2/output_0_3' to 'ap_none'.
WARNING: [RTGEN 206-101] Port 'output_0_3' with mode 'ap_none' may require an associated data valid signal to correctly communicate with other blocks or a test bench; automatic C/RTL co-simulation may not be able to verify such a port.
INFO: [RTGEN 206-500] Setting interface mode on port 'graphsage_int8_po2/output_0_4' to 'ap_none'.
WARNING: [RTGEN 206-101] Port 'output_0_4' with mode 'ap_none' may require an associated data valid signal to correctly communicate with other blocks or a test bench; automatic C/RTL co-simulation may not be able to verify such a port.
INFO: [RTGEN 206-500] Setting interface mode on port 'graphsage_int8_po2/output_0_5' to 'ap_none'.
WARNING: [RTGEN 206-101] Port 'output_0_5' with mode 'ap_none' may require an associated data valid signal to correctly communicate with other blocks or a test bench; automatic C/RTL co-simulation may not be able to verify such a port.
INFO: [RTGEN 206-500] Setting interface mode on port 'graphsage_int8_po2/output_0_6' to 'ap_none'.
WARNING: [RTGEN 206-101] Port 'output_0_6' with mode 'ap_none' may require an associated data valid signal to correctly communicate with other blocks or a test bench; automatic C/RTL co-simulation may not be able to verify such a port.
INFO: [RTGEN 206-500] Setting interface mode on port 'graphsage_int8_po2/output_1_0' to 'ap_none'.
WARNING: [RTGEN 206-101] Port 'output_1_0' with mode 'ap_none' may require an associated data valid signal to correctly communicate with other blocks or a test bench; automatic C/RTL co-simulation may not be able to verify such a port.
INFO: [RTGEN 206-500] Setting interface mode on port 'graphsage_int8_po2/output_1_1' to 'ap_none'.
WARNING: [RTGEN 206-101] Port 'output_1_1' with mode 'ap_none' may require an associated data valid signal to correctly communicate with other blocks or a test bench; automatic C/RTL co-simulation may not be able to verify such a port.
INFO: [RTGEN 206-500] Setting interface mode on port 'graphsage_int8_po2/output_1_2' to 'ap_none'.
WARNING: [RTGEN 206-101] Port 'output_1_2' with mode 'ap_none' may require an associated data valid signal to correctly communicate with other blocks or a test bench; automatic C/RTL co-simulation may not be able to verify such a port.
INFO: [RTGEN 206-500] Setting interface mode on port 'graphsage_int8_po2/output_1_3' to 'ap_none'.
WARNING: [RTGEN 206-101] Port 'output_1_3' with mode 'ap_none' may require an associated data valid signal to correctly communicate with other blocks or a test bench; automatic C/RTL co-simulation may not be able to verify such a port.
INFO: [RTGEN 206-500] Setting interface mode on port 'graphsage_int8_po2/output_1_4' to 'ap_none'.
WARNING: [RTGEN 206-101] Port 'output_1_4' with mode 'ap_none' may require an associated data valid signal to correctly communicate with other blocks or a test bench; automatic C/RTL co-simulation may not be able to verify such a port.
INFO: [RTGEN 206-500] Setting interface mode on port 'graphsage_int8_po2/output_1_5' to 'ap_none'.
WARNING: [RTGEN 206-101] Port 'output_1_5' with mode 'ap_none' may require an associated data valid signal to correctly communicate with other blocks or a test bench; automatic C/RTL co-simulation may not be able to verify such a port.
INFO: [RTGEN 206-500] Setting interface mode on port 'graphsage_int8_po2/output_1_6' to 'ap_none'.
WARNING: [RTGEN 206-101] Port 'output_1_6' with mode 'ap_none' may require an associated data valid signal to correctly communicate with other blocks or a test bench; automatic C/RTL co-simulation may not be able to verify such a port.
INFO: [RTGEN 206-500] Setting interface mode on port 'graphsage_int8_po2/output_2_0' to 'ap_none'.
WARNING: [RTGEN 206-101] Port 'output_2_0' with mode 'ap_none' may require an associated data valid signal to correctly communicate with other blocks or a test bench; automatic C/RTL co-simulation may not be able to verify such a port.
INFO: [RTGEN 206-500] Setting interface mode on port 'graphsage_int8_po2/output_2_1' to 'ap_none'.
WARNING: [RTGEN 206-101] Port 'output_2_1' with mode 'ap_none' may require an associated data valid signal to correctly communicate with other blocks or a test bench; automatic C/RTL co-simulation may not be able to verify such a port.
INFO: [RTGEN 206-500] Setting interface mode on port 'graphsage_int8_po2/output_2_2' to 'ap_none'.
WARNING: [RTGEN 206-101] Port 'output_2_2' with mode 'ap_none' may require an associated data valid signal to correctly communicate with other blocks or a test bench; automatic C/RTL co-simulation may not be able to verify such a port.
INFO: [RTGEN 206-500] Setting interface mode on port 'graphsage_int8_po2/output_2_3' to 'ap_none'.
WARNING: [RTGEN 206-101] Port 'output_2_3' with mode 'ap_none' may require an associated data valid signal to correctly communicate with other blocks or a test bench; automatic C/RTL co-simulation may not be able to verify such a port.
INFO: [RTGEN 206-500] Setting interface mode on port 'graphsage_int8_po2/output_2_4' to 'ap_none'.
WARNING: [RTGEN 206-101] Port 'output_2_4' with mode 'ap_none' may require an associated data valid signal to correctly communicate with other blocks or a test bench; automatic C/RTL co-simulation may not be able to verify such a port.
INFO: [RTGEN 206-500] Setting interface mode on port 'graphsage_int8_po2/output_2_5' to 'ap_none'.
WARNING: [RTGEN 206-101] Port 'output_2_5' with mode 'ap_none' may require an associated data valid signal to correctly communicate with other blocks or a test bench; automatic C/RTL co-simulation may not be able to verify such a port.
INFO: [RTGEN 206-500] Setting interface mode on port 'graphsage_int8_po2/output_2_6' to 'ap_none'.
WARNING: [RTGEN 206-101] Port 'output_2_6' with mode 'ap_none' may require an associated data valid signal to correctly communicate with other blocks or a test bench; automatic C/RTL co-simulation may not be able to verify such a port.
INFO: [RTGEN 206-500] Setting interface mode on port 'graphsage_int8_po2/output_3_0' to 'ap_none'.
WARNING: [RTGEN 206-101] Port 'output_3_0' with mode 'ap_none' may require an associated data valid signal to correctly communicate with other blocks or a test bench; automatic C/RTL co-simulation may not be able to verify such a port.
INFO: [RTGEN 206-500] Setting interface mode on port 'graphsage_int8_po2/output_3_1' to 'ap_none'.
WARNING: [RTGEN 206-101] Port 'output_3_1' with mode 'ap_none' may require an associated data valid signal to correctly communicate with other blocks or a test bench; automatic C/RTL co-simulation may not be able to verify such a port.
INFO: [RTGEN 206-500] Setting interface mode on port 'graphsage_int8_po2/output_3_2' to 'ap_none'.
WARNING: [RTGEN 206-101] Port 'output_3_2' with mode 'ap_none' may require an associated data valid signal to correctly communicate with other blocks or a test bench; automatic C/RTL co-simulation may not be able to verify such a port.
INFO: [RTGEN 206-500] Setting interface mode on port 'graphsage_int8_po2/output_3_3' to 'ap_none'.
WARNING: [RTGEN 206-101] Port 'output_3_3' with mode 'ap_none' may require an associated data valid signal to correctly communicate with other blocks or a test bench; automatic C/RTL co-simulation may not be able to verify such a port.
INFO: [RTGEN 206-500] Setting interface mode on port 'graphsage_int8_po2/output_3_4' to 'ap_none'.
WARNING: [RTGEN 206-101] Port 'output_3_4' with mode 'ap_none' may require an associated data valid signal to correctly communicate with other blocks or a test bench; automatic C/RTL co-simulation may not be able to verify such a port.
INFO: [RTGEN 206-500] Setting interface mode on port 'graphsage_int8_po2/output_3_5' to 'ap_none'.
WARNING: [RTGEN 206-101] Port 'output_3_5' with mode 'ap_none' may require an associated data valid signal to correctly communicate with other blocks or a test bench; automatic C/RTL co-simulation may not be able to verify such a port.
INFO: [RTGEN 206-500] Setting interface mode on port 'graphsage_int8_po2/output_3_6' to 'ap_none'.
WARNING: [RTGEN 206-101] Port 'output_3_6' with mode 'ap_none' may require an associated data valid signal to correctly communicate with other blocks or a test bench; automatic C/RTL co-simulation may not be able to verify such a port.
INFO: [RTGEN 206-500] Setting interface mode on port 'graphsage_int8_po2/output_4_0' to 'ap_none'.
WARNING: [RTGEN 206-101] Port 'output_4_0' with mode 'ap_none' may require an associated data valid signal to correctly communicate with other blocks or a test bench; automatic C/RTL co-simulation may not be able to verify such a port.
INFO: [RTGEN 206-500] Setting interface mode on port 'graphsage_int8_po2/output_4_1' to 'ap_none'.
WARNING: [RTGEN 206-101] Port 'output_4_1' with mode 'ap_none' may require an associated data valid signal to correctly communicate with other blocks or a test bench; automatic C/RTL co-simulation may not be able to verify such a port.
INFO: [RTGEN 206-500] Setting interface mode on port 'graphsage_int8_po2/output_4_2' to 'ap_none'.
WARNING: [RTGEN 206-101] Port 'output_4_2' with mode 'ap_none' may require an associated data valid signal to correctly communicate with other blocks or a test bench; automatic C/RTL co-simulation may not be able to verify such a port.
INFO: [RTGEN 206-500] Setting interface mode on port 'graphsage_int8_po2/output_4_3' to 'ap_none'.
WARNING: [RTGEN 206-101] Port 'output_4_3' with mode 'ap_none' may require an associated data valid signal to correctly communicate with other blocks or a test bench; automatic C/RTL co-simulation may not be able to verify such a port.
INFO: [RTGEN 206-500] Setting interface mode on port 'graphsage_int8_po2/output_4_4' to 'ap_none'.
WARNING: [RTGEN 206-101] Port 'output_4_4' with mode 'ap_none' may require an associated data valid signal to correctly communicate with other blocks or a test bench; automatic C/RTL co-simulation may not be able to verify such a port.
INFO: [RTGEN 206-500] Setting interface mode on port 'graphsage_int8_po2/output_4_5' to 'ap_none'.
WARNING: [RTGEN 206-101] Port 'output_4_5' with mode 'ap_none' may require an associated data valid signal to correctly communicate with other blocks or a test bench; automatic C/RTL co-simulation may not be able to verify such a port.
INFO: [RTGEN 206-500] Setting interface mode on port 'graphsage_int8_po2/output_4_6' to 'ap_none'.
WARNING: [RTGEN 206-101] Port 'output_4_6' with mode 'ap_none' may require an associated data valid signal to correctly communicate with other blocks or a test bench; automatic C/RTL co-simulation may not be able to verify such a port.
INFO: [RTGEN 206-500] Setting interface mode on port 'graphsage_int8_po2/output_5_0' to 'ap_none'.
WARNING: [RTGEN 206-101] Port 'output_5_0' with mode 'ap_none' may require an associated data valid signal to correctly communicate with other blocks or a test bench; automatic C/RTL co-simulation may not be able to verify such a port.
INFO: [RTGEN 206-500] Setting interface mode on port 'graphsage_int8_po2/output_5_1' to 'ap_none'.
WARNING: [RTGEN 206-101] Port 'output_5_1' with mode 'ap_none' may require an associated data valid signal to correctly communicate with other blocks or a test bench; automatic C/RTL co-simulation may not be able to verify such a port.
INFO: [RTGEN 206-500] Setting interface mode on port 'graphsage_int8_po2/output_5_2' to 'ap_none'.
WARNING: [RTGEN 206-101] Port 'output_5_2' with mode 'ap_none' may require an associated data valid signal to correctly communicate with other blocks or a test bench; automatic C/RTL co-simulation may not be able to verify such a port.
INFO: [RTGEN 206-500] Setting interface mode on port 'graphsage_int8_po2/output_5_3' to 'ap_none'.
WARNING: [RTGEN 206-101] Port 'output_5_3' with mode 'ap_none' may require an associated data valid signal to correctly communicate with other blocks or a test bench; automatic C/RTL co-simulation may not be able to verify such a port.
INFO: [RTGEN 206-500] Setting interface mode on port 'graphsage_int8_po2/output_5_4' to 'ap_none'.
WARNING: [RTGEN 206-101] Port 'output_5_4' with mode 'ap_none' may require an associated data valid signal to correctly communicate with other blocks or a test bench; automatic C/RTL co-simulation may not be able to verify such a port.
INFO: [RTGEN 206-500] Setting interface mode on port 'graphsage_int8_po2/output_5_5' to 'ap_none'.
WARNING: [RTGEN 206-101] Port 'output_5_5' with mode 'ap_none' may require an associated data valid signal to correctly communicate with other blocks or a test bench; automatic C/RTL co-simulation may not be able to verify such a port.
INFO: [RTGEN 206-500] Setting interface mode on port 'graphsage_int8_po2/output_5_6' to 'ap_none'.
WARNING: [RTGEN 206-101] Port 'output_5_6' with mode 'ap_none' may require an associated data valid signal to correctly communicate with other blocks or a test bench; automatic C/RTL co-simulation may not be able to verify such a port.
INFO: [RTGEN 206-500] Setting interface mode on port 'graphsage_int8_po2/output_6_0' to 'ap_none'.
WARNING: [RTGEN 206-101] Port 'output_6_0' with mode 'ap_none' may require an associated data valid signal to correctly communicate with other blocks or a test bench; automatic C/RTL co-simulation may not be able to verify such a port.
INFO: [RTGEN 206-500] Setting interface mode on port 'graphsage_int8_po2/output_6_1' to 'ap_none'.
WARNING: [RTGEN 206-101] Port 'output_6_1' with mode 'ap_none' may require an associated data valid signal to correctly communicate with other blocks or a test bench; automatic C/RTL co-simulation may not be able to verify such a port.
INFO: [RTGEN 206-500] Setting interface mode on port 'graphsage_int8_po2/output_6_2' to 'ap_none'.
WARNING: [RTGEN 206-101] Port 'output_6_2' with mode 'ap_none' may require an associated data valid signal to correctly communicate with other blocks or a test bench; automatic C/RTL co-simulation may not be able to verify such a port.
INFO: [RTGEN 206-500] Setting interface mode on port 'graphsage_int8_po2/output_6_3' to 'ap_none'.
WARNING: [RTGEN 206-101] Port 'output_6_3' with mode 'ap_none' may require an associated data valid signal to correctly communicate with other blocks or a test bench; automatic C/RTL co-simulation may not be able to verify such a port.
INFO: [RTGEN 206-500] Setting interface mode on port 'graphsage_int8_po2/output_6_4' to 'ap_none'.
WARNING: [RTGEN 206-101] Port 'output_6_4' with mode 'ap_none' may require an associated data valid signal to correctly communicate with other blocks or a test bench; automatic C/RTL co-simulation may not be able to verify such a port.
INFO: [RTGEN 206-500] Setting interface mode on port 'graphsage_int8_po2/output_6_5' to 'ap_none'.
WARNING: [RTGEN 206-101] Port 'output_6_5' with mode 'ap_none' may require an associated data valid signal to correctly communicate with other blocks or a test bench; automatic C/RTL co-simulation may not be able to verify such a port.
INFO: [RTGEN 206-500] Setting interface mode on port 'graphsage_int8_po2/output_6_6' to 'ap_none'.
WARNING: [RTGEN 206-101] Port 'output_6_6' with mode 'ap_none' may require an associated data valid signal to correctly communicate with other blocks or a test bench; automatic C/RTL co-simulation may not be able to verify such a port.
INFO: [RTGEN 206-500] Setting interface mode on port 'graphsage_int8_po2/output_7_0' to 'ap_none'.
WARNING: [RTGEN 206-101] Port 'output_7_0' with mode 'ap_none' may require an associated data valid signal to correctly communicate with other blocks or a test bench; automatic C/RTL co-simulation may not be able to verify such a port.
INFO: [RTGEN 206-500] Setting interface mode on port 'graphsage_int8_po2/output_7_1' to 'ap_none'.
WARNING: [RTGEN 206-101] Port 'output_7_1' with mode 'ap_none' may require an associated data valid signal to correctly communicate with other blocks or a test bench; automatic C/RTL co-simulation may not be able to verify such a port.
INFO: [RTGEN 206-500] Setting interface mode on port 'graphsage_int8_po2/output_7_2' to 'ap_none'.
WARNING: [RTGEN 206-101] Port 'output_7_2' with mode 'ap_none' may require an associated data valid signal to correctly communicate with other blocks or a test bench; automatic C/RTL co-simulation may not be able to verify such a port.
INFO: [RTGEN 206-500] Setting interface mode on port 'graphsage_int8_po2/output_7_3' to 'ap_none'.
WARNING: [RTGEN 206-101] Port 'output_7_3' with mode 'ap_none' may require an associated data valid signal to correctly communicate with other blocks or a test bench; automatic C/RTL co-simulation may not be able to verify such a port.
INFO: [RTGEN 206-500] Setting interface mode on port 'graphsage_int8_po2/output_7_4' to 'ap_none'.
WARNING: [RTGEN 206-101] Port 'output_7_4' with mode 'ap_none' may require an associated data valid signal to correctly communicate with other blocks or a test bench; automatic C/RTL co-simulation may not be able to verify such a port.
INFO: [RTGEN 206-500] Setting interface mode on port 'graphsage_int8_po2/output_7_5' to 'ap_none'.
WARNING: [RTGEN 206-101] Port 'output_7_5' with mode 'ap_none' may require an associated data valid signal to correctly communicate with other blocks or a test bench; automatic C/RTL co-simulation may not be able to verify such a port.
INFO: [RTGEN 206-500] Setting interface mode on port 'graphsage_int8_po2/output_7_6' to 'ap_none'.
WARNING: [RTGEN 206-101] Port 'output_7_6' with mode 'ap_none' may require an associated data valid signal to correctly communicate with other blocks or a test bench; automatic C/RTL co-simulation may not be able to verify such a port.
INFO: [RTGEN 206-500] Setting interface mode on function 'graphsage_int8_po2' to 'ap_ctrl_hs'.
INFO: [HLS 200-1030] Apply Unified Pipeline Control on module 'graphsage_int8_po2' pipeline 'graphsage_int8_po2' pipeline type 'function pipeline'
INFO: [RTGEN 206-104] Estimated max fanout for 'graphsage_int8_po2' is 290436 from HDL expression: (1'b0 == ap_block_pp0_stage0_11001)
INFO: [RTGEN 206-100] Generating core module 'mac_muladd_16s_7ns_23s_24_4_1': 768 instance(s).
INFO: [RTGEN 206-100] Generating core module 'mac_muladd_16s_8s_24s_25_4_1': 512 instance(s).
INFO: [RTGEN 206-100] Generating core module 'mul_16s_7ns_23_2_1': 768 instance(s).
INFO: [RTGEN 206-100] Generating core module 'mul_16s_8s_24_2_1': 512 instance(s).
INFO: [RTGEN 206-100] Generating core module 'mul_8s_8s_16_1_1': 4416 instance(s).
INFO: [RTGEN 206-100] Finished creating RTL model for 'graphsage_int8_po2'.
INFO: [HLS 200-111] Finished Creating RTL model: CPU user time: 16.7 seconds. CPU system time: 0.11 seconds. Elapsed time: 119.76 seconds; current allocated memory: 1.669 GB.
INFO: [HLS 200-111] Finished Generating all RTL models: CPU user time: 66.74 seconds. CPU system time: 1.08 seconds. Elapsed time: 165.99 seconds; current allocated memory: 2.339 GB.
INFO: [HLS 200-2225] Wrote inferred directives to file /mnt_pool/c3_users/user/pleguina/graphsage_vivado_2024_1_sweep/build/experiments_19c/19c_a_balanced/hls/solution1/syn/inferred_directives.ini
INFO: [HLS 200-111] Finished Updating report files: CPU user time: 5.5 seconds. CPU system time: 0.09 seconds. Elapsed time: 9.36 seconds; current allocated memory: 2.563 GB.
INFO: [VHDL 208-304] Generating VHDL RTL for graphsage_int8_po2.
INFO: [VLOG 209-307] Generating Verilog RTL for graphsage_int8_po2.
INFO: [HLS 200-789] **** Estimated Fmax: 502.94 MHz
INFO: [HLS 200-2161] Finished Command csynth_design Elapsed time: 00:12:40; Allocated memory: 1.967 GB.
HLS_19C_LADDER_COMPLETE=19c_a_balanced
INFO: [HLS 200-1510] Running: close_project 
INFO: [HLS 200-112] Total CPU user time: 431.73 seconds. Total CPU system time: 3.35 seconds. Total elapsed time: 915.51 seconds; peak allocated memory: 2.563 GB.
INFO: [vitis-run 60-791] Total elapsed time: 0h 15m 18s
INFO: [vitis-run 60-1662] Stopping dispatch session having empty uuid.
