
****** Vivado v2025.2 (64-bit)
  **** SW Build 6299465 on Fri Nov 14 12:34:56 MST 2025
  **** IP Build 6300035 on Fri Nov 14 10:48:45 MST 2025
  **** SharedData Build 6298862 on Thu Nov 13 04:50:51 MST 2025
  **** Start of session at: Sat Aug 29 00:56:28 2026
    ** Copyright 1986-2022 Xilinx, Inc. All Rights Reserved.
    ** Copyright 2022-2025 Advanced Micro Devices, Inc. All Rights Reserved.

INFO: [Common 17-1239] XILINX_LOCAL_USER_DATA is set to '/tmp/pleguina/xilinx_user_data'.
source hls/run_vivado_int8_po2_strategy.tcl
# set script_dir [file dirname [file normalize [info script]]]
# set repo_root [file normalize [file join $script_dir ..]]
# set sweep_dir [file join $repo_root build vivado_sweep]
# foreach required_env {RUN_NAME PLACE_DIRECTIVE} {
#     if {![info exists ::env($required_env)] || $::env($required_env) eq ""} {
#         error "Missing required environment variable $required_env"
#     }
# }
# set run_name $::env(RUN_NAME)
# set place_directive $::env(PLACE_DIRECTIVE)
# set clock_period [expr {
#     [info exists ::env(CLOCK_PERIOD_NS)]
#         ? $::env(CLOCK_PERIOD_NS)
#         : 2.77
# }]
# set xdc_file [file join $script_dir graphsage_int8_po2_ooc.xdc]
# set input_checkpoint [expr {
#     [info exists ::env(INPUT_CHECKPOINT)]
#         ? [file normalize $::env(INPUT_CHECKPOINT)]
#         : [file join $sweep_dir baseline_post_synth.dcp]
# }]
# set route_directive [expr {
#     [info exists ::env(ROUTE_DIRECTIVE)]
#         ? $::env(ROUTE_DIRECTIVE)
#         : "Default"
# }]
# set screen_only [expr {
#     [info exists ::env(SCREEN_ONLY)]
#         ? $::env(SCREEN_ONLY)
#         : 1
# }]
# set use_tns_cleanup [expr {
#     [info exists ::env(USE_TNS_CLEANUP)]
#         ? $::env(USE_TNS_CLEANUP)
#         : 1
# }]
# set use_post_phys [expr {
#     [info exists ::env(USE_POST_PHYS)]
#         ? $::env(USE_POST_PHYS)
#         : 1
# }]
# set post_place_phys_directive [expr {
#     [info exists ::env(POST_PLACE_PHYS_DIRECTIVE)]
#         ? $::env(POST_PLACE_PHYS_DIRECTIVE)
#         : ""
# }]
# set use_retime [expr {
#     [info exists ::env(USE_RETIME)]
#         ? $::env(USE_RETIME)
#         : 0
# }]
# set output_dir [file join $sweep_dir $run_name]
# set reports_dir [file join $output_dir reports]
# set start_time [clock seconds]
# file mkdir $output_dir
# file mkdir $reports_dir
# set vivado_threads [expr {
#     [info exists ::env(SLURM_CPUS_PER_TASK)]
#         ? $::env(SLURM_CPUS_PER_TASK)
#         : 4
# }]
# set_param general.maxThreads $vivado_threads
# puts "============================================================"
============================================================
# puts "RUN_NAME=$run_name"
RUN_NAME=qat_dsp_seed42_common_ssi_retime_route
# puts "INPUT_CHECKPOINT=$input_checkpoint"
INPUT_CHECKPOINT=/mnt_pool/c3_users/user/pleguina/graphsage_vivado_2024_1_sweep/build/vivado_sweep/qat_dsp_seed42_common_post_synth.dcp
# puts "PLACE_DIRECTIVE=$place_directive"
PLACE_DIRECTIVE=SSI_SpreadLogic_high
# puts "ROUTE_DIRECTIVE=$route_directive"
ROUTE_DIRECTIVE=Default
# puts "SCREEN_ONLY=$screen_only"
SCREEN_ONLY=0
# puts "USE_TNS_CLEANUP=$use_tns_cleanup"
USE_TNS_CLEANUP=1
# puts "USE_POST_PHYS=$use_post_phys"
USE_POST_PHYS=1
# puts "POST_PLACE_PHYS_DIRECTIVE=$post_place_phys_directive"
POST_PLACE_PHYS_DIRECTIVE=
# puts "VIVADO_MAX_THREADS=$vivado_threads"
VIVADO_MAX_THREADS=32
# puts "============================================================"
============================================================
# proc timing_slack {delay_type} {
# 
#     set paths [
#         get_timing_paths \
#             -delay_type $delay_type \
#             -max_paths 1 \
#             -quiet
#     ]
# 
#     if {[llength $paths] == 0} {
#         return "NA"
#     }
# 
#     return [get_property SLACK [lindex $paths 0]]
# }
# proc report_internal_timing {reports_dir stage} {
#     set registers [all_registers]
# 
#     report_timing \
#         -from $registers \
#         -to $registers \
#         -delay_type max \
#         -max_paths 100 \
#         -path_type full_clock_expanded \
#         -file [file join $reports_dir timing_internal_setup_${stage}.rpt]
# 
#     report_timing \
#         -from $registers \
#         -to $registers \
#         -delay_type min \
#         -max_paths 100 \
#         -path_type full_clock_expanded \
#         -file [file join $reports_dir timing_internal_hold_${stage}.rpt]
# }
# proc write_metadata {
#     path
#     status
#     run_name
#     place_directive
#     route_directive
#     screen_only
#     use_tns_cleanup
#     use_post_phys
#     post_place_phys_directive
#     start_time
#     clock_period_ns
# } {
# 
#     set metadata [open $path w]
# 
#     puts $metadata "run_name=$run_name"
#     puts $metadata "place_directive=$place_directive"
#     puts $metadata "route_directive=$route_directive"
#     puts $metadata "screen_only=$screen_only"
#     puts $metadata "tns_cleanup=$use_tns_cleanup"
#     puts $metadata "postroute_physopt=$use_post_phys"
#     puts $metadata "post_place_phys_directive=$post_place_phys_directive"
# 
#     puts $metadata "clock_period_ns=$clock_period_ns"
# 
#     puts $metadata \
#         "post_stage_setup_wns_ns=[timing_slack max]"
# 
#     puts $metadata \
#         "post_stage_hold_wns_ns=[timing_slack min]"
# 
#     puts $metadata \
#         "runtime_seconds=[expr {[clock seconds] - $start_time}]"
# 
#     puts $metadata "status=$status"
# 
#     close $metadata
# }
# if {![file exists $input_checkpoint]} {
#     error "Missing input checkpoint: $input_checkpoint"
# }
# open_checkpoint $input_checkpoint
Command: open_checkpoint /mnt_pool/c3_users/user/pleguina/graphsage_vivado_2024_1_sweep/build/vivado_sweep/qat_dsp_seed42_common_post_synth.dcp

Starting open_checkpoint Task

Time (s): cpu = 00:00:00.03 ; elapsed = 00:00:00.03 . Memory (MB): peak = 1545.355 ; gain = 0.000 ; free physical = 17998 ; free virtual = 102007
INFO: [Device 21-403] Loading part xcvu13p-fsga2577-1-e
Netlist sorting complete. Time (s): cpu = 00:00:05 ; elapsed = 00:00:05 . Memory (MB): peak = 3729.551 ; gain = 28.867 ; free physical = 15146 ; free virtual = 99865
INFO: [Netlist 29-17] Analyzing 49531 Unisim elements for replacement
INFO: [Netlist 29-28] Unisim Transformation completed in 2 CPU seconds
INFO: [Project 1-479] Netlist was created with Vivado 2025.2
INFO: [Project 1-570] Preparing netlist for logic optimization
Read ShapeDB Complete: Time (s): cpu = 00:00:02 ; elapsed = 00:00:02 . Memory (MB): peak = 4296.129 ; gain = 192.531 ; free physical = 14035 ; free virtual = 99285
INFO: [Timing 38-478] Restoring timing data from binary archive.
INFO: [Timing 38-479] Binary timing data restore complete.
INFO: [Project 1-856] Restoring constraints from binary archive.
INFO: [Project 1-853] Binary constraint restore complete.
Netlist sorting complete. Time (s): cpu = 00:00:00.13 ; elapsed = 00:00:00.14 . Memory (MB): peak = 6169.516 ; gain = 0.000 ; free physical = 11849 ; free virtual = 97623
INFO: [Project 1-111] Unisim Transformation Summary:
  A total of 432 instances were transformed.
  DSP48E2 => DSP48E2 (DSP_ALU, DSP_A_B_DATA, DSP_C_DATA, DSP_MULTIPLIER, DSP_M_DATA, DSP_OUTPUT, DSP_PREADD, DSP_PREADD_DATA): 432 instances

INFO: [Project 1-604] Checkpoint was created with Vivado v2025.2 (64-bit) build 6299465
open_checkpoint: Time (s): cpu = 00:01:58 ; elapsed = 00:01:49 . Memory (MB): peak = 6169.551 ; gain = 4624.195 ; free physical = 11848 ; free virtual = 97622
# if {[llength [get_clocks -quiet ap_clk]] == 0} {
#     puts "LOADING_MISSING_TIMING_CONSTRAINTS=$xdc_file"
#     read_xdc $xdc_file
# }
# if {[llength [get_clocks -quiet ap_clk]] != 1} {
#     error "Expected exactly one ap_clk timing clock after loading $input_checkpoint"
# }
# if {[info exists ::env(CLOCK_PERIOD_NS)]} {
#     puts "OVERRIDING_CLOCK_PERIOD_NS=$clock_period"
#     create_clock -name ap_clk -period $clock_period [get_ports ap_clk]
# }
# report_property \
#     [get_ports ap_clk] \
#     -file [
#         file join \
#             $reports_dir \
#             ap_clk_properties.rpt
#     ]
# opt_design -directive Explore
Command: opt_design -directive Explore
INFO: [Vivado_Tcl 4-136] Directive used for opt_design is: Explore
Attempting to get a license for feature 'Implementation' and/or device 'xcvu13p'
INFO: [Common 17-349] Got license for feature 'Implementation' and/or device 'xcvu13p'
INFO: [Common 17-1540] The version limit for your license is '2026.02' and has expired for new software. A version limit expiration means that, although you may be able to continue to use the current version of tools or IP with this license, you will not be eligible for new releases.
Running DRC as a precondition to command opt_design

Starting DRC Task
INFO: [DRC 23-27] Running DRC with 32 threads
WARNING: [DRC 23-814] Not all possible (connectivity based) DRCs may have been run because this design is seen as Out of Context.
INFO: [Project 1-461] DRC finished with 0 Errors
INFO: [Project 1-462] Please refer to the DRC report (report_drc) for more information.

Time (s): cpu = 00:00:13 ; elapsed = 00:00:03 . Memory (MB): peak = 6583.770 ; gain = 406.250 ; free physical = 11376 ; free virtual = 97431

Starting Logic Optimization Task

Phase 1 Initialization

Phase 1.1 Core Generation And Design Setup
Phase 1.1 Core Generation And Design Setup | Checksum: 156bacec0

Time (s): cpu = 00:00:00.69 ; elapsed = 00:00:00.7 . Memory (MB): peak = 6591.770 ; gain = 0.000 ; free physical = 11221 ; free virtual = 97276

Phase 1.2 Setup Constraints And Sort Netlist
Phase 1.2 Setup Constraints And Sort Netlist | Checksum: 156bacec0

Time (s): cpu = 00:00:00.97 ; elapsed = 00:00:00.98 . Memory (MB): peak = 6591.770 ; gain = 0.000 ; free physical = 11221 ; free virtual = 97276
Phase 1 Initialization | Checksum: 156bacec0

Time (s): cpu = 00:00:01 ; elapsed = 00:00:01 . Memory (MB): peak = 6591.770 ; gain = 0.000 ; free physical = 11221 ; free virtual = 97276

Phase 2 Timer Update And Timing Data Collection

Phase 2.1 Detect if minReqCache needed
Phase 2.1 Detect if minReqCache needed | Checksum: 156bacec0

Time (s): cpu = 00:00:03 ; elapsed = 00:00:03 . Memory (MB): peak = 6783.770 ; gain = 192.000 ; free physical = 11020 ; free virtual = 97075

Phase 2.2 Timer Update
Phase 2.2 Timer Update | Checksum: 156bacec0

Time (s): cpu = 00:00:05 ; elapsed = 00:00:05 . Memory (MB): peak = 6783.770 ; gain = 192.000 ; free physical = 10953 ; free virtual = 97063
Phase 2 Timer Update And Timing Data Collection | Checksum: 156bacec0

Time (s): cpu = 00:00:05 ; elapsed = 00:00:05 . Memory (MB): peak = 6783.770 ; gain = 192.000 ; free physical = 10946 ; free virtual = 97062

Phase 3 Retarget
INFO: [Opt 31-1851] Number of loadless carry chains removed were: 0
INFO: [Opt 31-1834] Total Chains To Be Transformed Were: 0 AND Number of Transformed insts Created are: 0
INFO: [Opt 31-138] Pushed 104 inverter(s) to 424 load pin(s).
INFO: [Opt 31-49] Retargeted 0 cell(s).
Phase 3 Retarget | Checksum: 14bcca2e8

Time (s): cpu = 00:00:18 ; elapsed = 00:00:18 . Memory (MB): peak = 7031.891 ; gain = 440.121 ; free physical = 10973 ; free virtual = 97037
Retarget | Checksum: 14bcca2e8
INFO: [Opt 31-389] Phase Retarget created 76 cells and removed 180 cells

Phase 4 Constant propagation
INFO: [Opt 31-138] Pushed 0 inverter(s) to 0 load pin(s).
Phase 4 Constant propagation | Checksum: 14537d243

Time (s): cpu = 00:00:24 ; elapsed = 00:00:24 . Memory (MB): peak = 7031.891 ; gain = 440.121 ; free physical = 10828 ; free virtual = 97029
Constant propagation | Checksum: 14537d243
INFO: [Opt 31-389] Phase Constant propagation created 104 cells and removed 106 cells

Phase 5 Sweep
INFO: [Constraints 18-11670] Building netlist checker database with flags, 0x8
Done building netlist checker database: Time (s): cpu = 00:00:00.21 ; elapsed = 00:00:00.22 . Memory (MB): peak = 7031.891 ; gain = 0.000 ; free physical = 10897 ; free virtual = 97030
INFO: [Constraints 18-11670] Building netlist checker database with flags, 0x8
Done building netlist checker database: Time (s): cpu = 00:00:00.18 ; elapsed = 00:00:00.2 . Memory (MB): peak = 7031.891 ; gain = 0.000 ; free physical = 10755 ; free virtual = 97020
Phase 5 Sweep | Checksum: 1247709e3

Time (s): cpu = 00:00:36 ; elapsed = 00:00:36 . Memory (MB): peak = 7031.891 ; gain = 440.121 ; free physical = 10641 ; free virtual = 97014
Sweep | Checksum: 1247709e3
INFO: [Opt 31-389] Phase Sweep created 0 cells and removed 52 cells

Phase 6 BUFG optimization
INFO: [Opt 31-1077] Phase BUFG optimization inserted 0 global clock buffer(s) for CLOCK_LOW_FANOUT.
Phase 6 BUFG optimization | Checksum: 1247709e3

Time (s): cpu = 00:00:40 ; elapsed = 00:00:40 . Memory (MB): peak = 7063.906 ; gain = 472.137 ; free physical = 10703 ; free virtual = 97015
BUFG optimization | Checksum: 1247709e3
INFO: [Opt 31-662] Phase BUFG optimization created 0 cells of which 0 are BUFGs and removed 0 cells.

Phase 7 Shift Register Optimization
INFO: [Opt 31-1064] SRL Remap converted 0 SRLs to 0 registers and converted 0 registers of register chains to 0 SRLs
Phase 7 Shift Register Optimization | Checksum: 1247709e3

Time (s): cpu = 00:00:40 ; elapsed = 00:00:40 . Memory (MB): peak = 7063.906 ; gain = 472.137 ; free physical = 10654 ; free virtual = 97014
Shift Register Optimization | Checksum: 1247709e3
INFO: [Opt 31-389] Phase Shift Register Optimization created 0 cells and removed 0 cells
INFO: [Opt 31-1555] control_set_opt supports Versal devices only, and device xcvu13p is unsupported

Phase 8 Post Processing Netlist
Phase 8 Post Processing Netlist | Checksum: 1247709e3

Time (s): cpu = 00:00:43 ; elapsed = 00:00:43 . Memory (MB): peak = 7063.906 ; gain = 472.137 ; free physical = 10690 ; free virtual = 97013
Post Processing Netlist | Checksum: 1247709e3
INFO: [Opt 31-389] Phase Post Processing Netlist created 0 cells and removed 0 cells

Phase 9 Finalization

Phase 9.1 Finalizing Design Cores and Updating Shapes
Phase 9.1 Finalizing Design Cores and Updating Shapes | Checksum: 197bf2352

Time (s): cpu = 00:01:27 ; elapsed = 00:01:21 . Memory (MB): peak = 7063.906 ; gain = 472.137 ; free physical = 10016 ; free virtual = 96994

Phase 9.2 Verifying Netlist Connectivity

Starting Connectivity Check Task

Time (s): cpu = 00:00:00.92 ; elapsed = 00:00:00.93 . Memory (MB): peak = 7063.906 ; gain = 0.000 ; free physical = 9969 ; free virtual = 96992
Phase 9.2 Verifying Netlist Connectivity | Checksum: 197bf2352

Time (s): cpu = 00:01:28 ; elapsed = 00:01:22 . Memory (MB): peak = 7063.906 ; gain = 472.137 ; free physical = 10034 ; free virtual = 96995
Phase 9 Finalization | Checksum: 197bf2352

Time (s): cpu = 00:01:28 ; elapsed = 00:01:22 . Memory (MB): peak = 7063.906 ; gain = 472.137 ; free physical = 10139 ; free virtual = 97001
Opt_design Change Summary
=========================


-------------------------------------------------------------------------------------------------------------------------
|  Phase                        |  #Cells created  |  #Cells Removed  |  #Constrained objects preventing optimizations  |
-------------------------------------------------------------------------------------------------------------------------
|  Retarget                     |              76  |             180  |                                              0  |
|  Constant propagation         |             104  |             106  |                                              0  |
|  Sweep                        |               0  |              52  |                                              0  |
|  BUFG optimization            |               0  |               0  |                                              0  |
|  Shift Register Optimization  |               0  |               0  |                                              0  |
|  Post Processing Netlist      |               0  |               0  |                                              0  |
-------------------------------------------------------------------------------------------------------------------------


Ending Logic Optimization Task | Checksum: 197bf2352

Time (s): cpu = 00:01:28 ; elapsed = 00:01:22 . Memory (MB): peak = 7063.906 ; gain = 472.137 ; free physical = 10131 ; free virtual = 97001
Netlist sorting complete. Time (s): cpu = 00:00:00.15 ; elapsed = 00:00:00.15 . Memory (MB): peak = 7063.906 ; gain = 0.000 ; free physical = 10031 ; free virtual = 96991
INFO: [Common 17-83] Releasing license: Implementation
23 Infos, 1 Warnings, 0 Critical Warnings and 0 Errors encountered.
opt_design completed successfully
opt_design: Time (s): cpu = 00:01:44 ; elapsed = 00:01:49 . Memory (MB): peak = 7063.906 ; gain = 894.355 ; free physical = 10029 ; free virtual = 96991
# if {[info exists ::env(PRE_PLACE_TCL)] && $::env(PRE_PLACE_TCL) ne ""} {
#     set pre_place_tcl [file normalize $::env(PRE_PLACE_TCL)]
#     if {![file exists $pre_place_tcl]} {
#         error "Missing PRE_PLACE_TCL hook: $pre_place_tcl"
#     }
#     puts "SOURCING_PRE_PLACE_TCL=$pre_place_tcl"
#     source $pre_place_tcl
# }
# write_checkpoint \
#     -force \
#     [
#         file join \
#             $output_dir \
#             post_opt.dcp
#     ]
INFO: [Timing 38-35] Done setting XDC timing constraints.
INFO: [Timing 38-480] Writing timing data to binary archive.
Write ShapeDB Complete: Time (s): cpu = 00:00:05 ; elapsed = 00:00:01 . Memory (MB): peak = 7063.906 ; gain = 0.000 ; free physical = 9280 ; free virtual = 96898
INFO: [Common 17-1381] The checkpoint '/mnt_pool/c3_users/user/pleguina/graphsage_vivado_2024_1_sweep/build/vivado_sweep/qat_dsp_seed42_common_ssi_retime_route/post_opt.dcp' has been generated.
write_checkpoint: Time (s): cpu = 00:02:32 ; elapsed = 00:00:48 . Memory (MB): peak = 7063.906 ; gain = 0.000 ; free physical = 8755 ; free virtual = 96800
# puts "============================================================"
============================================================
# puts "STARTING_PLACEMENT=$place_directive"
STARTING_PLACEMENT=SSI_SpreadLogic_high
# puts "============================================================"
============================================================
# place_design \
#     -directive $place_directive \
#     -timing_summary
Command: place_design -directive SSI_SpreadLogic_high -timing_summary
Attempting to get a license for feature 'Implementation' and/or device 'xcvu13p'
INFO: [Common 17-349] Got license for feature 'Implementation' and/or device 'xcvu13p'
INFO: [Common 17-1540] The version limit for your license is '2026.02' and has expired for new software. A version limit expiration means that, although you may be able to continue to use the current version of tools or IP with this license, you will not be eligible for new releases.
INFO: [Common 17-83] Releasing license: Implementation
INFO: [DRC 23-27] Running DRC with 32 threads
WARNING: [DRC 23-814] Not all possible (connectivity based) DRCs may have been run because this design is seen as Out of Context.
INFO: [Vivado_Tcl 4-198] DRC finished with 0 Errors
INFO: [Vivado_Tcl 4-199] Please refer to the DRC report (report_drc) for more information.
INFO: [Vivado_Tcl 4-2302] The placer was invoked with the 'SSI_SpreadLogic_high' directive.
Running DRC as a precondition to command place_design
INFO: [DRC 23-27] Running DRC with 32 threads
WARNING: [DRC 23-814] Not all possible (connectivity based) DRCs may have been run because this design is seen as Out of Context.
INFO: [Vivado_Tcl 4-198] DRC finished with 0 Errors
INFO: [Vivado_Tcl 4-199] Please refer to the DRC report (report_drc) for more information.
INFO: [Place 30-611] Multithreading enabled for place_design using a maximum of 32 CPUs

Starting Placer Task

Phase 1 Placer Initialization

Phase 1.1 Placer Initialization Netlist Sorting
Netlist sorting complete. Time (s): cpu = 00:00:00.14 ; elapsed = 00:00:00.16 . Memory (MB): peak = 7125.211 ; gain = 0.000 ; free physical = 8327 ; free virtual = 96793
Phase 1.1 Placer Initialization Netlist Sorting | Checksum: af780353

Time (s): cpu = 00:00:00.26 ; elapsed = 00:00:00.29 . Memory (MB): peak = 7125.211 ; gain = 0.000 ; free physical = 8327 ; free virtual = 96793
Netlist sorting complete. Time (s): cpu = 00:00:00.14 ; elapsed = 00:00:00.14 . Memory (MB): peak = 7125.211 ; gain = 0.000 ; free physical = 8327 ; free virtual = 96793

Phase 1.2 IO Placement/ Clock Placement/ Build Placer Device
Phase 1.2 IO Placement/ Clock Placement/ Build Placer Device | Checksum: 907cf9a8

Time (s): cpu = 00:00:53 ; elapsed = 00:00:38 . Memory (MB): peak = 7328.586 ; gain = 203.375 ; free physical = 7705 ; free virtual = 96412

Phase 1.3 Build Placer Netlist Model
Phase 1.3 Build Placer Netlist Model | Checksum: a7e092e8

Time (s): cpu = 00:06:34 ; elapsed = 00:02:09 . Memory (MB): peak = 9709.426 ; gain = 2584.215 ; free physical = 3790 ; free virtual = 93927

Phase 1.4 Constrain Clocks/Macros
Phase 1.4 Constrain Clocks/Macros | Checksum: a7e092e8

Time (s): cpu = 00:06:34 ; elapsed = 00:02:09 . Memory (MB): peak = 9709.426 ; gain = 2584.215 ; free physical = 3790 ; free virtual = 93927
Phase 1 Placer Initialization | Checksum: a7e092e8

Time (s): cpu = 00:06:36 ; elapsed = 00:02:11 . Memory (MB): peak = 9709.426 ; gain = 2584.215 ; free physical = 3715 ; free virtual = 93922

Phase 2 Global Placement

Phase 2.1 Floorplanning

Phase 2.1.1 Partition Driven Placement

Phase 2.1.1.1 PBP: Partition Driven Placement
Phase 2.1.1.1 PBP: Partition Driven Placement | Checksum: 96048009

Time (s): cpu = 00:11:16 ; elapsed = 00:03:58 . Memory (MB): peak = 9981.559 ; gain = 2856.348 ; free physical = 2669 ; free virtual = 93828

Phase 2.1.1.2 PBP: Clock Region Placement
INFO: [Place 30-3164] Check ILP status : ILP-based clock placer is skipped.
Phase 2.1.1.2 PBP: Clock Region Placement | Checksum: 96048009

Time (s): cpu = 00:11:18 ; elapsed = 00:04:00 . Memory (MB): peak = 9981.559 ; gain = 2856.348 ; free physical = 2759 ; free virtual = 93837

Phase 2.1.1.3 PBP: Compute Congestion
Phase 2.1.1.3 PBP: Compute Congestion | Checksum: 96048009

Time (s): cpu = 00:12:23 ; elapsed = 00:04:17 . Memory (MB): peak = 10210.691 ; gain = 3085.480 ; free physical = 2606 ; free virtual = 93607

Phase 2.1.1.4 PBP: UpdateTiming
Phase 2.1.1.4 PBP: UpdateTiming | Checksum: 105b3fd7b

Time (s): cpu = 00:13:22 ; elapsed = 00:04:32 . Memory (MB): peak = 10402.785 ; gain = 3277.574 ; free physical = 2670 ; free virtual = 93620

Phase 2.1.1.5 PBP: Add part constraints
Phase 2.1.1.5 PBP: Add part constraints | Checksum: 105b3fd7b

Time (s): cpu = 00:13:26 ; elapsed = 00:04:36 . Memory (MB): peak = 10402.785 ; gain = 3277.574 ; free physical = 2659 ; free virtual = 93621
Phase 2.1.1 Partition Driven Placement | Checksum: 105b3fd7b

Time (s): cpu = 00:13:26 ; elapsed = 00:04:36 . Memory (MB): peak = 10402.785 ; gain = 3277.574 ; free physical = 2646 ; free virtual = 93621
Phase 2.1 Floorplanning | Checksum: 105b3fd7b

Time (s): cpu = 00:13:26 ; elapsed = 00:04:36 . Memory (MB): peak = 10402.785 ; gain = 3277.574 ; free physical = 2638 ; free virtual = 93620

Phase 2.2 Physical Synthesis After Floorplan
INFO: [Physopt 32-775] End 1 Pass. Optimized 0 net or cell. Created 0 new cell, deleted 0 existing cell and moved 0 existing cell
Netlist sorting complete. Time (s): cpu = 00:00:00.14 ; elapsed = 00:00:00.15 . Memory (MB): peak = 10402.785 ; gain = 0.000 ; free physical = 2598 ; free virtual = 93618

Summary of Physical Synthesis Optimizations
============================================


-----------------------------------------------------------------------------------------------------------------------------------------------
|  Optimization                         |  Added Cells  |  Removed Cells  |  Optimized Cells/Nets  |  Dont Touch  |  Iterations  |  Elapsed   |
-----------------------------------------------------------------------------------------------------------------------------------------------
|  PSIP Post Floorplan SLR Replication  |            0  |              0  |                     0  |           0  |           1  |  00:00:05  |
|  Total                                |            0  |              0  |                     0  |           0  |           1  |  00:00:05  |
-----------------------------------------------------------------------------------------------------------------------------------------------


Phase 2.2 Physical Synthesis After Floorplan | Checksum: 105b3fd7b

Time (s): cpu = 00:13:32 ; elapsed = 00:04:42 . Memory (MB): peak = 10402.785 ; gain = 3277.574 ; free physical = 2598 ; free virtual = 93618

Phase 2.3 Update Timing before SLR Path Opt
Phase 2.3 Update Timing before SLR Path Opt | Checksum: 105b3fd7b

Time (s): cpu = 00:13:33 ; elapsed = 00:04:42 . Memory (MB): peak = 10402.785 ; gain = 3277.574 ; free physical = 2597 ; free virtual = 93618

Phase 2.4 Post-Processing in Floorplanning
Phase 2.4 Post-Processing in Floorplanning | Checksum: 123b7792e

Time (s): cpu = 00:13:34 ; elapsed = 00:04:44 . Memory (MB): peak = 10402.785 ; gain = 3277.574 ; free physical = 2579 ; free virtual = 93614

Phase 2.5 Global Place Phase1
Phase 2.5 Global Place Phase1 | Checksum: bc094a83

Time (s): cpu = 00:24:08 ; elapsed = 00:08:12 . Memory (MB): peak = 11501.590 ; gain = 4376.379 ; free physical = 2519 ; free virtual = 92638

Phase 2.6 Global Place Phase2

Phase 2.6.1 UpdateTiming Before Physical Synthesis
Phase 2.6.1 UpdateTiming Before Physical Synthesis | Checksum: 15d6d0c0a

Time (s): cpu = 00:26:26 ; elapsed = 00:08:22 . Memory (MB): peak = 11501.590 ; gain = 4376.379 ; free physical = 2527 ; free virtual = 92608

Phase 2.6.2 Physical Synthesis In Placer
INFO: [Physopt 32-1035] Found 9 LUTNM shape to break, 6278 LUT instances to create LUTNM shape
INFO: [Physopt 32-1044] Break lutnm for timing: one critical 9, two critical 0, total 4, new lutff created 0
INFO: [Physopt 32-1138] End 1 Pass. Optimized 2856 nets or LUTs. Breaked 4 LUTs, combined 2852 existing LUTs and moved 0 existing LUT
INFO: [Physopt 32-1030] Pass 1. Identified 200 candidate driver sets for equivalent driver rewiring.
INFO: [Physopt 32-661] Optimized 155 nets.  Re-placed 367 instances.
INFO: [Physopt 32-775] End 1 Pass. Optimized 155 nets or cells. Created 0 new cell, deleted 0 existing cell and moved 367 existing cells
Netlist sorting complete. Time (s): cpu = 00:00:02 ; elapsed = 00:00:02 . Memory (MB): peak = 11501.590 ; gain = 0.000 ; free physical = 2643 ; free virtual = 92603
INFO: [Physopt 32-65] No nets found for high-fanout optimization.
INFO: [Physopt 32-232] Optimized 0 net. Created 0 new instance.
INFO: [Physopt 32-775] End 1 Pass. Optimized 0 net or cell. Created 0 new cell, deleted 0 existing cell and moved 0 existing cell
INFO: [Physopt 32-76] Pass 1. Identified 29 candidate nets for fanout optimization.
INFO: [Physopt 32-81] Processed net grp_l1_neighbor_channel_false_22_true_s_fu_8090/mul_8s_8ns_16_4_0_U9760/din0_reg_reg[0]_0. Replicated 5 times.
INFO: [Physopt 32-81] Processed net grp_l1_neighbor_channel_false_22_true_s_fu_8090/aggregate_input_7_6_val_read_reg_3766_reg[7]_0[7]. Replicated 7 times.
INFO: [Physopt 32-81] Processed net grp_l1_neighbor_channel_false_22_true_s_fu_8090/mul_8s_8ns_16_4_0_U9760/din0_reg_reg[1]_0. Replicated 6 times.
INFO: [Physopt 32-81] Processed net grp_l1_neighbor_channel_false_22_true_s_fu_8090/mul_8s_8ns_16_4_0_U9760/din0_reg_reg[5]_0. Replicated 8 times.
INFO: [Physopt 32-81] Processed net grp_l1_neighbor_channel_false_22_true_s_fu_8090/mul_8s_8ns_16_4_0_U9760/din0_reg_reg[4]_0. Replicated 7 times.
INFO: [Physopt 32-81] Processed net grp_l1_neighbor_channel_false_22_true_s_fu_8090/mul_8s_8ns_16_4_0_U9760/din0_reg_reg[6]_0. Replicated 9 times.
INFO: [Physopt 32-81] Processed net grp_l1_neighbor_channel_false_22_true_s_fu_8090/mul_8s_8ns_16_4_0_U9760/din0_reg_reg[2]_0. Replicated 6 times.
INFO: [Physopt 32-81] Processed net grp_l1_neighbor_channel_false_23_true_s_fu_8214/mul_8s_7ns_15_4_0_U10071/din0_reg_reg[1]_0. Replicated 7 times.
INFO: [Physopt 32-81] Processed net grp_l1_neighbor_channel_false_22_true_s_fu_8090/mul_8s_8ns_16_4_0_U9767/din0_reg_reg[4]_0. Replicated 8 times.
INFO: [Physopt 32-81] Processed net grp_l1_neighbor_channel_false_23_true_s_fu_8214/mul_8s_7ns_15_4_0_U10071/din0_reg_reg[4]_0. Replicated 8 times.
INFO: [Physopt 32-81] Processed net grp_l1_neighbor_channel_false_23_true_s_fu_8214/mul_8s_7ns_15_4_0_U10035/din0_reg_reg[2]_0. Replicated 6 times.
INFO: [Physopt 32-81] Processed net grp_l1_neighbor_channel_false_23_true_s_fu_8214/mul_8s_7ns_15_4_0_U10071/din0_reg_reg[3]_0. Replicated 8 times.
INFO: [Physopt 32-81] Processed net grp_l1_neighbor_channel_false_23_true_s_fu_8214/mul_8s_7ns_15_4_0_U10071/din0_reg_reg[0]_0. Replicated 7 times.
INFO: [Physopt 32-81] Processed net grp_l1_neighbor_channel_false_22_true_s_fu_8090/mul_8s_8ns_16_4_0_U9767/din0_reg_reg[6]_0. Replicated 8 times.
INFO: [Physopt 32-81] Processed net grp_l1_neighbor_channel_false_23_true_s_fu_8214/aggregate_input_5_6_val_read_reg_3677_reg[7]_0[4]. Replicated 5 times.
INFO: [Physopt 32-81] Processed net grp_l1_neighbor_channel_false_22_true_s_fu_8090/aggregate_input_3_6_val_read_reg_3926_reg[7]_0[4]. Replicated 5 times.
INFO: [Physopt 32-81] Processed net grp_l1_neighbor_channel_false_23_true_s_fu_8214/aggregate_input_5_6_val_read_reg_3677_reg[7]_0[3]. Replicated 5 times.
INFO: [Physopt 32-81] Processed net grp_l1_neighbor_channel_false_23_true_s_fu_8214/mul_8s_7ns_15_4_0_U10071/DI[1]. Replicated 9 times.
INFO: [Physopt 32-81] Processed net grp_l1_neighbor_channel_false_22_true_s_fu_8090/aggregate_input_4_6_val_read_reg_3886_reg[7]_0[2]. Replicated 5 times.
INFO: [Physopt 32-81] Processed net grp_l1_neighbor_channel_false_23_true_s_fu_8214/mul_8s_7ns_15_4_0_U10035/din0_reg_reg[1]_0. Replicated 7 times.
INFO: [Physopt 32-81] Processed net grp_l1_neighbor_channel_false_23_true_s_fu_8214/mul_8s_7ns_15_4_0_U10071/din0_reg_reg[2]_0. Replicated 7 times.
INFO: [Physopt 32-81] Processed net grp_l1_neighbor_channel_false_23_true_s_fu_8214/mul_8s_7ns_15_4_0_U10035/din0_reg_reg[3]_0. Replicated 8 times.
INFO: [Physopt 32-81] Processed net grp_l1_neighbor_channel_false_22_true_s_fu_8090/mul_8s_8ns_16_4_0_U9760/din0_reg_reg[3]_0. Replicated 8 times.
INFO: [Physopt 32-81] Processed net grp_l1_neighbor_channel_false_22_true_s_fu_8090/aggregate_input_3_6_val_read_reg_3926_reg[7]_0[2]. Replicated 5 times.
INFO: [Physopt 32-81] Processed net grp_l1_neighbor_channel_false_22_true_s_fu_8090/mul_8s_8ns_16_4_0_U9767/din0_reg_reg[3]_0. Replicated 9 times.
INFO: [Physopt 32-81] Processed net grp_l1_neighbor_channel_false_23_true_s_fu_8214/mul_8s_7ns_15_4_0_U10035/din0_reg_reg[4]_0. Replicated 4 times.
INFO: [Physopt 32-81] Processed net grp_l1_neighbor_channel_false_22_true_s_fu_8090/aggregate_input_3_6_val_read_reg_3926_reg[7]_0[3]. Replicated 5 times.
INFO: [Physopt 32-81] Processed net grp_l1_neighbor_channel_false_22_true_s_fu_8090/aggregate_input_3_6_val_read_reg_3926_reg[7]_0[1]. Replicated 5 times.
INFO: [Physopt 32-81] Processed net grp_l1_neighbor_channel_false_22_true_s_fu_8090/aggregate_input_3_6_val_read_reg_3926_reg[7]_0[5]. Replicated 6 times.
INFO: [Physopt 32-232] Optimized 29 nets. Created 193 new instances.
INFO: [Physopt 32-775] End 1 Pass. Optimized 29 nets or cells. Created 193 new cells, deleted 0 existing cell and moved 0 existing cell
Netlist sorting complete. Time (s): cpu = 00:00:02 ; elapsed = 00:00:02 . Memory (MB): peak = 11501.590 ; gain = 0.000 ; free physical = 2717 ; free virtual = 92607
INFO: [Physopt 32-456] No candidate cells for DSP register optimization found in the design.
INFO: [Physopt 32-775] End 2 Pass. Optimized 0 net or cell. Created 0 new cell, deleted 0 existing cell and moved 0 existing cell
INFO: [Physopt 32-1123] No candidate cells found for Shift Register to Pipeline optimization
INFO: [Physopt 32-775] End 2 Pass. Optimized 0 net or cell. Created 0 new cell, deleted 0 existing cell and moved 0 existing cell
INFO: [Physopt 32-1402] Pass 1: Identified 91 candidate cells for Shift Register optimization.
INFO: [Physopt 32-775] End 1 Pass. Optimized 88 nets or cells. Created 92 new cells, deleted 0 existing cell and moved 0 existing cell
Netlist sorting complete. Time (s): cpu = 00:00:00.4 ; elapsed = 00:00:00.4 . Memory (MB): peak = 11501.590 ; gain = 0.000 ; free physical = 2697 ; free virtual = 92608
INFO: [Physopt 32-526] No candidate cells for BRAM register optimization found in the design
INFO: [Physopt 32-775] End 1 Pass. Optimized 0 net or cell. Created 0 new cell, deleted 0 existing cell and moved 0 existing cell
INFO: [Physopt 32-846] No candidate cells for URAM register optimization found in the design
INFO: [Physopt 32-775] End 1 Pass. Optimized 0 net or cell. Created 0 new cell, deleted 0 existing cell and moved 0 existing cell
INFO: [Physopt 32-846] No candidate cells for URAM register optimization found in the design
INFO: [Physopt 32-775] End 1 Pass. Optimized 0 net or cell. Created 0 new cell, deleted 0 existing cell and moved 0 existing cell
INFO: [Physopt 32-949] No candidate nets found for dynamic/static region interface net replication
INFO: [Physopt 32-775] End 1 Pass. Optimized 0 net or cell. Created 0 new cell, deleted 0 existing cell and moved 0 existing cell
Netlist sorting complete. Time (s): cpu = 00:00:00.14 ; elapsed = 00:00:00.14 . Memory (MB): peak = 11501.590 ; gain = 0.000 ; free physical = 2750 ; free virtual = 92609

Summary of Physical Synthesis Optimizations
============================================


-----------------------------------------------------------------------------------------------------------------------------------------------------------
|  Optimization                                     |  Added Cells  |  Removed Cells  |  Optimized Cells/Nets  |  Dont Touch  |  Iterations  |  Elapsed   |
-----------------------------------------------------------------------------------------------------------------------------------------------------------
|  LUT Combining                                    |            4  |           2852  |                  2856  |           0  |           1  |  00:00:05  |
|  Retime                                           |            0  |              0  |                     0  |           0  |           1  |  00:00:00  |
|  Equivalent Driver Rewiring                       |            0  |              0  |                   155  |           0  |           1  |  00:00:08  |
|  Very High Fanout                                 |            0  |              0  |                     0  |           0  |           1  |  00:00:01  |
|  Fanout                                           |          193  |              0  |                    29  |           0  |           1  |  00:00:06  |
|  DSP Register                                     |            0  |              0  |                     0  |           0  |           1  |  00:00:00  |
|  Shift Register to Pipeline                       |            0  |              0  |                     0  |           0  |           1  |  00:00:00  |
|  Shift Register                                   |           92  |              0  |                    88  |           0  |           1  |  00:00:02  |
|  BRAM Register                                    |            0  |              0  |                     0  |           0  |           1  |  00:00:00  |
|  URAM Register                                    |            0  |              0  |                     0  |           0  |           1  |  00:00:01  |
|  Dynamic/Static Region Interface Net Replication  |            0  |              0  |                     0  |           0  |           1  |  00:00:00  |
|  Total                                            |          289  |           2852  |                  3128  |           0  |          11  |  00:00:23  |
-----------------------------------------------------------------------------------------------------------------------------------------------------------


Phase 2.6.2 Physical Synthesis In Placer | Checksum: 16f70edd7

Time (s): cpu = 00:28:32 ; elapsed = 00:09:09 . Memory (MB): peak = 11501.590 ; gain = 4376.379 ; free physical = 2629 ; free virtual = 92592
Phase 2.6 Global Place Phase2 | Checksum: e07d686c

Time (s): cpu = 00:31:54 ; elapsed = 00:10:06 . Memory (MB): peak = 11501.590 ; gain = 4376.379 ; free physical = 2597 ; free virtual = 92600
Phase 2 Global Placement | Checksum: e07d686c

Time (s): cpu = 00:31:55 ; elapsed = 00:10:06 . Memory (MB): peak = 11501.590 ; gain = 4376.379 ; free physical = 2597 ; free virtual = 92600

Phase 3 Detail Placement

Phase 3.1 Commit Multi Column Macros
Phase 3.1 Commit Multi Column Macros | Checksum: 19e2bd5a4

Time (s): cpu = 00:33:07 ; elapsed = 00:10:25 . Memory (MB): peak = 11501.590 ; gain = 4376.379 ; free physical = 2582 ; free virtual = 92579

Phase 3.2 Commit Most Macros & LUTRAMs
Phase 3.2 Commit Most Macros & LUTRAMs | Checksum: 1527b6d40

Time (s): cpu = 00:35:02 ; elapsed = 00:11:10 . Memory (MB): peak = 11501.590 ; gain = 4376.379 ; free physical = 2521 ; free virtual = 92479

Phase 3.3 Small Shape DP

Phase 3.3.1 Small Shape Clustering
Phase 3.3.1 Small Shape Clustering | Checksum: 1b689e651

Time (s): cpu = 00:40:51 ; elapsed = 00:12:19 . Memory (MB): peak = 11501.590 ; gain = 4376.379 ; free physical = 2530 ; free virtual = 92488

Phase 3.3.2 Slice Area Swap

Phase 3.3.2.1 Slice Area Swap Initial
Phase 3.3.2.1 Slice Area Swap Initial | Checksum: 1d65920a9

Time (s): cpu = 00:41:14 ; elapsed = 00:12:32 . Memory (MB): peak = 11501.590 ; gain = 4376.379 ; free physical = 2700 ; free virtual = 92496
Phase 3.3.2 Slice Area Swap | Checksum: 196f0f322

Time (s): cpu = 00:41:26 ; elapsed = 00:12:41 . Memory (MB): peak = 11501.590 ; gain = 4376.379 ; free physical = 2528 ; free virtual = 92491
Phase 3.3 Small Shape DP | Checksum: 1d1fa116d

Time (s): cpu = 00:42:19 ; elapsed = 00:12:58 . Memory (MB): peak = 11501.590 ; gain = 4376.379 ; free physical = 2658 ; free virtual = 92486

Phase 3.4 Re-assign LUT pins
Phase 3.4 Re-assign LUT pins | Checksum: 21efa0450

Time (s): cpu = 00:42:47 ; elapsed = 00:13:22 . Memory (MB): peak = 11501.590 ; gain = 4376.379 ; free physical = 2536 ; free virtual = 92513

Phase 3.5 Pipeline Register Optimization
Phase 3.5 Pipeline Register Optimization | Checksum: 149ba2860

Time (s): cpu = 00:43:01 ; elapsed = 00:13:33 . Memory (MB): peak = 11501.590 ; gain = 4376.379 ; free physical = 2541 ; free virtual = 92509

Phase 3.6 Fast Optimization
Phase 3.6 Fast Optimization | Checksum: 102a0a5a9

Time (s): cpu = 00:49:18 ; elapsed = 00:14:15 . Memory (MB): peak = 11501.590 ; gain = 4376.379 ; free physical = 2537 ; free virtual = 92463
Phase 3 Detail Placement | Checksum: 102a0a5a9

Time (s): cpu = 00:49:22 ; elapsed = 00:14:16 . Memory (MB): peak = 11501.590 ; gain = 4376.379 ; free physical = 2513 ; free virtual = 92463

Phase 4 Post Placement Optimization and Clean-Up

Phase 4.1 Post Commit Optimization
INFO: [Timing 38-35] Done setting XDC timing constraints.

Phase 4.1.1 Post Placement Optimization
Post Placement Optimization Initialization | Checksum: 1e0ba50be

Phase 4.1.1.1 BUFG Insertion

Starting Physical Synthesis Task

Phase 1 Physical Synthesis Initialization
INFO: [Physopt 32-721] Multithreading enabled for phys_opt_design using a maximum of 32 CPUs
INFO: [Physopt 32-619] Estimated Timing Summary | WNS=-0.253 | TNS=-6.615 |
Phase 1 Physical Synthesis Initialization | Checksum: 1c792d5a6

Time (s): cpu = 00:00:41 ; elapsed = 00:00:04 . Memory (MB): peak = 11573.379 ; gain = 0.000 ; free physical = 2657 ; free virtual = 92294
INFO: [Place 46-56] BUFG insertion identified 0 candidate nets. Inserted BUFG: 0, Replicated BUFG Driver: 0, Skipped due to Placement/Routing Conflicts: 0, Skipped due to Timing Degradation: 0, Skipped due to netlist editing failed: 0.
Ending Physical Synthesis Task | Checksum: 17c618340

Time (s): cpu = 00:00:47 ; elapsed = 00:00:06 . Memory (MB): peak = 11573.379 ; gain = 0.000 ; free physical = 2553 ; free virtual = 92285
Phase 4.1.1.1 BUFG Insertion | Checksum: 1e0ba50be

Time (s): cpu = 00:58:13 ; elapsed = 00:15:36 . Memory (MB): peak = 11573.379 ; gain = 4448.168 ; free physical = 2553 ; free virtual = 92285

Phase 4.1.1.2 BUFG Replication
INFO: [Place 46-63] BUFG replication identified 0 candidate nets: Replicated nets: 0, Replicated BUFGs: 0, Replicated BUFG Driver: 0, moved BUFGs: 0, Skipped due to Placement / Routing Conflict: 0, Skipped due to Timing: 0, Skipped due to constraints: 0
Phase 4.1.1.2 BUFG Replication | Checksum: 1e0ba50be

Time (s): cpu = 00:58:18 ; elapsed = 00:15:37 . Memory (MB): peak = 11573.379 ; gain = 4448.168 ; free physical = 2553 ; free virtual = 92285

Phase 4.1.1.3 Post Placement Timing Optimization
Phase 4.1.1.3 Post Placement Timing Optimization | Checksum: 2113e048a

Time (s): cpu = 01:03:31 ; elapsed = 00:19:28 . Memory (MB): peak = 11573.379 ; gain = 4448.168 ; free physical = 2458 ; free virtual = 92267

Phase 4.1.1.4 Replication
Phase 4.1.1.4 Replication | Checksum: 1df4e4fc3

Time (s): cpu = 01:05:18 ; elapsed = 00:20:10 . Memory (MB): peak = 11573.379 ; gain = 4448.168 ; free physical = 2564 ; free virtual = 92246

Time (s): cpu = 01:05:18 ; elapsed = 00:20:10 . Memory (MB): peak = 11573.379 ; gain = 4448.168 ; free physical = 2564 ; free virtual = 92246
Phase 4.1 Post Commit Optimization | Checksum: 1df4e4fc3

Time (s): cpu = 01:05:22 ; elapsed = 00:20:11 . Memory (MB): peak = 11573.379 ; gain = 4448.168 ; free physical = 2564 ; free virtual = 92246

Phase 4.2 Post Placement Cleanup
Phase 4.2 Post Placement Cleanup | Checksum: 1df4e4fc3

Time (s): cpu = 01:07:19 ; elapsed = 00:21:10 . Memory (MB): peak = 12293.355 ; gain = 5168.145 ; free physical = 2701 ; free virtual = 91588

Phase 4.3 Placer Reporting

Phase 4.3.1 Dump Critical Paths 
Phase 4.3.1 Dump Critical Paths  | Checksum: 1df4e4fc3

Time (s): cpu = 01:07:29 ; elapsed = 00:21:13 . Memory (MB): peak = 12293.355 ; gain = 5168.145 ; free physical = 2569 ; free virtual = 91577

Phase 4.3.2 Print Final WNS
INFO: [Place 30-100] Post Placement Timing Summary | WNS=0.083  | TNS=0.000  |

Phase 4.3.2 Print Final WNS | Checksum: 1df4e4fc3

Time (s): cpu = 01:12:46 ; elapsed = 00:21:43 . Memory (MB): peak = 12293.355 ; gain = 5168.145 ; free physical = 2788 ; free virtual = 91618

Phase 4.3.3 Print Estimated Congestion
INFO: [Place 30-612] Post-Placement Estimated Congestion 
 ________________________________________________________________________
|           | Global Congestion | Long Congestion   | Short Congestion  |
| Direction | Region Size       | Region Size       | Region Size       |
|___________|___________________|___________________|___________________|
|      North|                1x1|                1x1|                2x2|
|___________|___________________|___________________|___________________|
|      South|                1x1|                1x1|                1x1|
|___________|___________________|___________________|___________________|
|       East|                1x1|              16x16|                2x2|
|___________|___________________|___________________|___________________|
|       West|                1x1|                1x1|                1x1|
|___________|___________________|___________________|___________________|

SLR0:
 ________________________________________________________________________
|           | Global Congestion | Long Congestion   | Short Congestion  |
| Direction | Region Size       | Region Size       | Region Size       |
|___________|___________________|___________________|___________________|
|      North|                1x1|                1x1|                1x1|
|___________|___________________|___________________|___________________|
|      South|                1x1|                1x1|                1x1|
|___________|___________________|___________________|___________________|
|       East|                1x1|                1x1|                1x1|
|___________|___________________|___________________|___________________|
|       West|                1x1|                1x1|                1x1|
|___________|___________________|___________________|___________________|

SLR1:
 ________________________________________________________________________
|           | Global Congestion | Long Congestion   | Short Congestion  |
| Direction | Region Size       | Region Size       | Region Size       |
|___________|___________________|___________________|___________________|
|      North|                1x1|                1x1|                1x1|
|___________|___________________|___________________|___________________|
|      South|                1x1|                1x1|                1x1|
|___________|___________________|___________________|___________________|
|       East|                1x1|                1x1|                1x1|
|___________|___________________|___________________|___________________|
|       West|                1x1|                1x1|                1x1|
|___________|___________________|___________________|___________________|

SLR2:
 ________________________________________________________________________
|           | Global Congestion | Long Congestion   | Short Congestion  |
| Direction | Region Size       | Region Size       | Region Size       |
|___________|___________________|___________________|___________________|
|      North|                1x1|                1x1|                2x2|
|___________|___________________|___________________|___________________|
|      South|                1x1|                1x1|                1x1|
|___________|___________________|___________________|___________________|
|       East|                1x1|              16x16|                2x2|
|___________|___________________|___________________|___________________|
|       West|                1x1|                1x1|                1x1|
|___________|___________________|___________________|___________________|

SLR3:
 ________________________________________________________________________
|           | Global Congestion | Long Congestion   | Short Congestion  |
| Direction | Region Size       | Region Size       | Region Size       |
|___________|___________________|___________________|___________________|
|      North|                1x1|                1x1|                1x1|
|___________|___________________|___________________|___________________|
|      South|                1x1|                1x1|                1x1|
|___________|___________________|___________________|___________________|
|       East|                1x1|                1x1|                1x1|
|___________|___________________|___________________|___________________|
|       West|                1x1|                1x1|                1x1|
|___________|___________________|___________________|___________________|

Phase 4.3.3 Print Estimated Congestion | Checksum: 1a7e74192

Time (s): cpu = 01:13:18 ; elapsed = 00:21:46 . Memory (MB): peak = 12293.355 ; gain = 5168.145 ; free physical = 2644 ; free virtual = 91596
Phase 4.3 Placer Reporting | Checksum: 1a7e74192

Time (s): cpu = 01:13:23 ; elapsed = 00:21:47 . Memory (MB): peak = 12293.355 ; gain = 5168.145 ; free physical = 2621 ; free virtual = 91594

Phase 4.4 Final Placement Cleanup
Netlist sorting complete. Time (s): cpu = 00:00:02 ; elapsed = 00:00:02 . Memory (MB): peak = 12293.355 ; gain = 0.000 ; free physical = 2569 ; free virtual = 91590

Time (s): cpu = 01:13:25 ; elapsed = 00:21:49 . Memory (MB): peak = 12293.355 ; gain = 5168.145 ; free physical = 2569 ; free virtual = 91590
Phase 4 Post Placement Optimization and Clean-Up | Checksum: 1b8909ab6

Time (s): cpu = 01:13:29 ; elapsed = 00:21:49 . Memory (MB): peak = 12293.355 ; gain = 5168.145 ; free physical = 2537 ; free virtual = 91605
Ending Placer Task | Checksum: 1833a6ecd

Time (s): cpu = 01:13:34 ; elapsed = 00:21:50 . Memory (MB): peak = 12293.355 ; gain = 5168.145 ; free physical = 2522 ; free virtual = 91601
75 Infos, 2 Warnings, 0 Critical Warnings and 0 Errors encountered.
place_design completed successfully
place_design: Time (s): cpu = 01:14:29 ; elapsed = 00:22:37 . Memory (MB): peak = 12293.355 ; gain = 5229.449 ; free physical = 2482 ; free virtual = 91598
# write_checkpoint \
#     -force \
#     [
#         file join \
#             $output_dir \
#             post_place.dcp
#     ]
INFO: [Timing 38-480] Writing timing data to binary archive.
Write ShapeDB Complete: Time (s): cpu = 00:00:07 ; elapsed = 00:00:02 . Memory (MB): peak = 12293.355 ; gain = 0.000 ; free physical = 2596 ; free virtual = 91588
Wrote PlaceDB: Time (s): cpu = 00:01:06 ; elapsed = 00:00:25 . Memory (MB): peak = 12293.355 ; gain = 0.000 ; free physical = 2554 ; free virtual = 91561
Wrote PulsedLatchDB: Time (s): cpu = 00:00:00 ; elapsed = 00:00:00 . Memory (MB): peak = 12293.355 ; gain = 0.000 ; free physical = 2564 ; free virtual = 91571
Writing XDEF routing.
Writing XDEF routing logical nets.
Writing XDEF routing special nets.
Wrote RouteStorage: Time (s): cpu = 00:00:00.06 ; elapsed = 00:00:00.08 . Memory (MB): peak = 12293.355 ; gain = 0.000 ; free physical = 2565 ; free virtual = 91572
Wrote Netlist Cache: Time (s): cpu = 00:00:00.79 ; elapsed = 00:00:00.87 . Memory (MB): peak = 12293.355 ; gain = 0.000 ; free physical = 2593 ; free virtual = 91575
Wrote Device Cache: Time (s): cpu = 00:00:00.01 ; elapsed = 00:00:00.01 . Memory (MB): peak = 12293.355 ; gain = 0.000 ; free physical = 2532 ; free virtual = 91576
Write Physdb Complete: Time (s): cpu = 00:01:07 ; elapsed = 00:00:29 . Memory (MB): peak = 12293.355 ; gain = 0.000 ; free physical = 2527 ; free virtual = 91575
INFO: [Common 17-1381] The checkpoint '/mnt_pool/c3_users/user/pleguina/graphsage_vivado_2024_1_sweep/build/vivado_sweep/qat_dsp_seed42_common_ssi_retime_route/post_place.dcp' has been generated.
write_checkpoint: Time (s): cpu = 00:01:24 ; elapsed = 00:00:49 . Memory (MB): peak = 12293.355 ; gain = 0.000 ; free physical = 3300 ; free virtual = 91597
# report_timing_summary \
#     -delay_type min_max \
#     -max_paths 100 \
#     -file [
#         file join \
#             $reports_dir \
#             timing_post_place.rpt
#     ]
INFO: [Timing 38-91] UpdateTimingParams: Speed grade: -1, Temperature grade: E, Delay Type: min_max.
INFO: [Timing 38-191] Multithreading enabled for timing update using a maximum of 32 CPUs
report_timing_summary: Time (s): cpu = 00:02:20 ; elapsed = 00:00:26 . Memory (MB): peak = 12293.355 ; gain = 0.000 ; free physical = 2609 ; free virtual = 91616
# report_internal_timing $reports_dir post_place
CRITICAL WARNING: [Vivado 12-4439] The number of objects collected by the 'to' option of 'report_timing' is very large: 424090. This may lead to serious performance issues and out-of-memory conditions in handling the results.
Resolution: Further filtering of the command results, or narrowing the scope of the command is recommended.
CRITICAL WARNING: [Vivado 12-4439] The number of objects collected by the 'from' option of 'report_timing' is very large: 424090. This may lead to serious performance issues and out-of-memory conditions in handling the results.
Resolution: Further filtering of the command results, or narrowing the scope of the command is recommended.
INFO: [Timing 38-91] UpdateTimingParams: Speed grade: -1, Temperature grade: E, Delay Type: max.
INFO: [Timing 38-191] Multithreading enabled for timing update using a maximum of 32 CPUs
INFO: [Timing 38-78] ReportTimingParams: -from_pins  -to_pins  -max_paths 100 -nworst 1 -delay_type max -sort_by slack.
report_timing: Time (s): cpu = 00:00:53 ; elapsed = 00:00:07 . Memory (MB): peak = 12293.355 ; gain = 0.000 ; free physical = 2731 ; free virtual = 91606
CRITICAL WARNING: [Vivado 12-4439] The number of objects collected by the 'to' option of 'report_timing' is very large: 424090. This may lead to serious performance issues and out-of-memory conditions in handling the results.
Resolution: Further filtering of the command results, or narrowing the scope of the command is recommended.
CRITICAL WARNING: [Vivado 12-4439] The number of objects collected by the 'from' option of 'report_timing' is very large: 424090. This may lead to serious performance issues and out-of-memory conditions in handling the results.
Resolution: Further filtering of the command results, or narrowing the scope of the command is recommended.
INFO: [Timing 38-91] UpdateTimingParams: Speed grade: -1, Temperature grade: E, Delay Type: min.
INFO: [Timing 38-191] Multithreading enabled for timing update using a maximum of 32 CPUs
INFO: [Timing 38-78] ReportTimingParams: -from_pins  -to_pins  -max_paths 100 -nworst 1 -delay_type min -sort_by slack.
report_timing: Time (s): cpu = 00:01:37 ; elapsed = 00:00:12 . Memory (MB): peak = 12293.355 ; gain = 0.000 ; free physical = 2584 ; free virtual = 91566
# report_design_analysis \
#     -congestion \
#     -file [
#         file join \
#             $reports_dir \
#             congestion_post_place.rpt
#     ]
# report_utilization \
#     -slr \
#     -file [
#         file join \
#             $reports_dir \
#             utilization_slr_post_place.rpt
#     ]
report_utilization: Time (s): cpu = 00:00:30 ; elapsed = 00:00:30 . Memory (MB): peak = 12293.355 ; gain = 0.000 ; free physical = 2471 ; free virtual = 91558
# report_high_fanout_nets \
#     -file [
#         file join \
#             $reports_dir \
#             high_fanout_post_place.rpt
#     ]
report_high_fanout_nets: Time (s): cpu = 00:00:20 ; elapsed = 00:00:20 . Memory (MB): peak = 12293.355 ; gain = 0.000 ; free physical = 2519 ; free virtual = 91441
# if {$screen_only} {
# 
#     puts "============================================================"
#     puts "SCREEN_ONLY=1"
#     puts "STOPPING_AFTER_PLACEMENT"
#     puts "PLACEMENT_SCREEN_COMPLETE=$run_name"
#     puts "============================================================"
# 
#     write_metadata \
#         [file join $output_dir metadata.txt] \
#         "placement_complete" \
#         $run_name \
#         $place_directive \
#         $route_directive \
#         $screen_only \
#         $use_tns_cleanup \
#         $use_post_phys \
#         $post_place_phys_directive \
#         $start_time \
#         $clock_period
# 
#     exit 0
# }
# puts "============================================================"
============================================================
# puts "STARTING_POST_PLACE_PHYS_OPT=$post_place_phys_directive"
STARTING_POST_PLACE_PHYS_OPT=
# puts "============================================================"
============================================================
# if {$post_place_phys_directive eq ""} {
#     phys_opt_design
# } else {
#     phys_opt_design -directive $post_place_phys_directive
# }
Command: phys_opt_design
Attempting to get a license for feature 'Implementation' and/or device 'xcvu13p'
INFO: [Common 17-349] Got license for feature 'Implementation' and/or device 'xcvu13p'
INFO: [Common 17-1540] The version limit for your license is '2026.02' and has expired for new software. A version limit expiration means that, although you may be able to continue to use the current version of tools or IP with this license, you will not be eligible for new releases.

Starting Initial Update Timing Task

Time (s): cpu = 00:01:06 ; elapsed = 00:00:09 . Memory (MB): peak = 12293.355 ; gain = 0.000 ; free physical = 2811 ; free virtual = 91357
INFO: [Vivado_Tcl 4-2279] Estimated Timing Summary | WNS= 0.083 | TNS= 0.000 | 
INFO: [Vivado_Tcl 4-383] Design worst setup slack (WNS) is greater than or equal to 0.000 ns. All physical synthesis setup optimizations will be skipped.
INFO: [Vivado_Tcl 4-232] No setup violation found. The netlist was not modified.
INFO: [Common 17-83] Releasing license: Implementation
6 Infos, 0 Warnings, 0 Critical Warnings and 0 Errors encountered.
phys_opt_design completed successfully
phys_opt_design: Time (s): cpu = 00:01:16 ; elapsed = 00:00:39 . Memory (MB): peak = 12293.355 ; gain = 0.000 ; free physical = 2811 ; free virtual = 91357
# write_checkpoint \
#     -force \
#     [
#         file join \
#             $output_dir \
#             post_place_physopt.dcp
#     ]
INFO: [Timing 38-480] Writing timing data to binary archive.
Write ShapeDB Complete: Time (s): cpu = 00:00:07 ; elapsed = 00:00:02 . Memory (MB): peak = 12293.355 ; gain = 0.000 ; free physical = 2644 ; free virtual = 91350
Wrote PlaceDB: Time (s): cpu = 00:01:05 ; elapsed = 00:00:25 . Memory (MB): peak = 12293.355 ; gain = 0.000 ; free physical = 3034 ; free virtual = 91326
Wrote PulsedLatchDB: Time (s): cpu = 00:00:00 ; elapsed = 00:00:00 . Memory (MB): peak = 12293.355 ; gain = 0.000 ; free physical = 2920 ; free virtual = 91320
Writing XDEF routing.
Writing XDEF routing logical nets.
Writing XDEF routing special nets.
Wrote RouteStorage: Time (s): cpu = 00:00:00.02 ; elapsed = 00:00:00.04 . Memory (MB): peak = 12293.355 ; gain = 0.000 ; free physical = 2920 ; free virtual = 91320
Wrote Netlist Cache: Time (s): cpu = 00:00:00.79 ; elapsed = 00:00:00.85 . Memory (MB): peak = 12293.355 ; gain = 0.000 ; free physical = 2835 ; free virtual = 91318
Wrote Device Cache: Time (s): cpu = 00:00:00 ; elapsed = 00:00:00.01 . Memory (MB): peak = 12293.355 ; gain = 0.000 ; free physical = 2833 ; free virtual = 91318
Write Physdb Complete: Time (s): cpu = 00:01:07 ; elapsed = 00:00:30 . Memory (MB): peak = 12293.355 ; gain = 0.000 ; free physical = 2834 ; free virtual = 91320
INFO: [Common 17-1381] The checkpoint '/mnt_pool/c3_users/user/pleguina/graphsage_vivado_2024_1_sweep/build/vivado_sweep/qat_dsp_seed42_common_ssi_retime_route/post_place_physopt.dcp' has been generated.
write_checkpoint: Time (s): cpu = 00:01:24 ; elapsed = 00:00:49 . Memory (MB): peak = 12293.355 ; gain = 0.000 ; free physical = 14791 ; free virtual = 91582
# report_timing_summary \
#     -delay_type min_max \
#     -max_paths 100 \
#     -file [
#         file join \
#             $reports_dir \
#             timing_post_place_physopt.rpt
#     ]
INFO: [Timing 38-91] UpdateTimingParams: Speed grade: -1, Temperature grade: E, Delay Type: min_max.
INFO: [Timing 38-191] Multithreading enabled for timing update using a maximum of 32 CPUs
report_timing_summary: Time (s): cpu = 00:02:17 ; elapsed = 00:00:25 . Memory (MB): peak = 12293.355 ; gain = 0.000 ; free physical = 14069 ; free virtual = 91542
# report_design_analysis \
#     -congestion \
#     -file [
#         file join \
#             $reports_dir \
#             congestion_post_place_physopt.rpt
#     ]
# report_utilization \
#     -slr \
#     -file [
#         file join \
#             $reports_dir \
#             utilization_slr_post_place_physopt.rpt
#     ]
report_utilization: Time (s): cpu = 00:00:30 ; elapsed = 00:00:30 . Memory (MB): peak = 12293.355 ; gain = 0.000 ; free physical = 12661 ; free virtual = 91605
# puts "============================================================"
============================================================
# puts "STARTING_ROUTING=$route_directive"
STARTING_ROUTING=Default
# puts "TNS_CLEANUP=$use_tns_cleanup"
TNS_CLEANUP=1
# puts "============================================================"
============================================================
# if {$use_tns_cleanup} {
# 
#     route_design \
#         -directive $route_directive \
#         -tns_cleanup
# 
# } else {
# 
#     route_design \
#         -directive $route_directive
# }
Command: route_design -directive Default -tns_cleanup
Attempting to get a license for feature 'Implementation' and/or device 'xcvu13p'
INFO: [Common 17-349] Got license for feature 'Implementation' and/or device 'xcvu13p'
INFO: [Common 17-1540] The version limit for your license is '2026.02' and has expired for new software. A version limit expiration means that, although you may be able to continue to use the current version of tools or IP with this license, you will not be eligible for new releases.


Starting Routing Task
INFO: [Route 35-270] Using Router directive 'Default'.
INFO: [Route 35-254] Multithreading enabled for route_design using a maximum of 32 CPUs

Phase 1 Build RT Design
Checksum: PlaceDB: 69581e38 ConstDB: 0 ShapeSum: e530c1be RouteDB: 34b18ed7
Nodegraph reading from file.  Time (s): cpu = 00:00:02 ; elapsed = 00:00:02 . Memory (MB): peak = 12293.355 ; gain = 0.000 ; free physical = 40280 ; free virtual = 92514
WARNING: [Route 35-197] Clock port "ap_clk" does not have an associated HD.CLK_SRC. Without this constraint, timing analysis may not be accurate and upstream checks cannot be done to ensure correct clock placement.
WARNING: [Route 35-198] Port "input_1_9[0]" does not have an associated HD.PARTPIN_LOCS, which will prevent the partial routing of the signal "input_1_9[0]". Without this partial route, timing analysis to/from this port will not be accurate, and no routing information for this port can be exported.
WARNING: [Route 35-198] Port "input_3_2[4]" does not have an associated HD.PARTPIN_LOCS, which will prevent the partial routing of the signal "input_3_2[4]". Without this partial route, timing analysis to/from this port will not be accurate, and no routing information for this port can be exported.
WARNING: [Route 35-198] Port "input_1_9[4]" does not have an associated HD.PARTPIN_LOCS, which will prevent the partial routing of the signal "input_1_9[4]". Without this partial route, timing analysis to/from this port will not be accurate, and no routing information for this port can be exported.
WARNING: [Route 35-198] Port "input_1_9[7]" does not have an associated HD.PARTPIN_LOCS, which will prevent the partial routing of the signal "input_1_9[7]". Without this partial route, timing analysis to/from this port will not be accurate, and no routing information for this port can be exported.
WARNING: [Route 35-198] Port "input_1_5[7]" does not have an associated HD.PARTPIN_LOCS, which will prevent the partial routing of the signal "input_1_5[7]". Without this partial route, timing analysis to/from this port will not be accurate, and no routing information for this port can be exported.
WARNING: [Route 35-198] Port "input_1_5[2]" does not have an associated HD.PARTPIN_LOCS, which will prevent the partial routing of the signal "input_1_5[2]". Without this partial route, timing analysis to/from this port will not be accurate, and no routing information for this port can be exported.
WARNING: [Route 35-198] Port "input_1_5[6]" does not have an associated HD.PARTPIN_LOCS, which will prevent the partial routing of the signal "input_1_5[6]". Without this partial route, timing analysis to/from this port will not be accurate, and no routing information for this port can be exported.
WARNING: [Route 35-198] Port "input_1_5[4]" does not have an associated HD.PARTPIN_LOCS, which will prevent the partial routing of the signal "input_1_5[4]". Without this partial route, timing analysis to/from this port will not be accurate, and no routing information for this port can be exported.
WARNING: [Route 35-198] Port "input_1_5[3]" does not have an associated HD.PARTPIN_LOCS, which will prevent the partial routing of the signal "input_1_5[3]". Without this partial route, timing analysis to/from this port will not be accurate, and no routing information for this port can be exported.
WARNING: [Route 35-198] Port "input_1_5[1]" does not have an associated HD.PARTPIN_LOCS, which will prevent the partial routing of the signal "input_1_5[1]". Without this partial route, timing analysis to/from this port will not be accurate, and no routing information for this port can be exported.
WARNING: [Route 35-198] Port "input_1_9[2]" does not have an associated HD.PARTPIN_LOCS, which will prevent the partial routing of the signal "input_1_9[2]". Without this partial route, timing analysis to/from this port will not be accurate, and no routing information for this port can be exported.
WARNING: [Route 35-198] Port "input_1_12[5]" does not have an associated HD.PARTPIN_LOCS, which will prevent the partial routing of the signal "input_1_12[5]". Without this partial route, timing analysis to/from this port will not be accurate, and no routing information for this port can be exported.
WARNING: [Route 35-198] Port "input_1_12[3]" does not have an associated HD.PARTPIN_LOCS, which will prevent the partial routing of the signal "input_1_12[3]". Without this partial route, timing analysis to/from this port will not be accurate, and no routing information for this port can be exported.
WARNING: [Route 35-198] Port "input_1_12[0]" does not have an associated HD.PARTPIN_LOCS, which will prevent the partial routing of the signal "input_1_12[0]". Without this partial route, timing analysis to/from this port will not be accurate, and no routing information for this port can be exported.
WARNING: [Route 35-198] Port "input_1_7[0]" does not have an associated HD.PARTPIN_LOCS, which will prevent the partial routing of the signal "input_1_7[0]". Without this partial route, timing analysis to/from this port will not be accurate, and no routing information for this port can be exported.
WARNING: [Route 35-198] Port "input_1_5[0]" does not have an associated HD.PARTPIN_LOCS, which will prevent the partial routing of the signal "input_1_5[0]". Without this partial route, timing analysis to/from this port will not be accurate, and no routing information for this port can be exported.
WARNING: [Route 35-198] Port "input_1_2[6]" does not have an associated HD.PARTPIN_LOCS, which will prevent the partial routing of the signal "input_1_2[6]". Without this partial route, timing analysis to/from this port will not be accurate, and no routing information for this port can be exported.
WARNING: [Route 35-198] Port "input_1_12[7]" does not have an associated HD.PARTPIN_LOCS, which will prevent the partial routing of the signal "input_1_12[7]". Without this partial route, timing analysis to/from this port will not be accurate, and no routing information for this port can be exported.
WARNING: [Route 35-198] Port "input_1_12[2]" does not have an associated HD.PARTPIN_LOCS, which will prevent the partial routing of the signal "input_1_12[2]". Without this partial route, timing analysis to/from this port will not be accurate, and no routing information for this port can be exported.
WARNING: [Route 35-198] Port "input_1_5[5]" does not have an associated HD.PARTPIN_LOCS, which will prevent the partial routing of the signal "input_1_5[5]". Without this partial route, timing analysis to/from this port will not be accurate, and no routing information for this port can be exported.
WARNING: [Route 35-198] Port "input_1_12[6]" does not have an associated HD.PARTPIN_LOCS, which will prevent the partial routing of the signal "input_1_12[6]". Without this partial route, timing analysis to/from this port will not be accurate, and no routing information for this port can be exported.
WARNING: [Route 35-198] Port "input_1_12[4]" does not have an associated HD.PARTPIN_LOCS, which will prevent the partial routing of the signal "input_1_12[4]". Without this partial route, timing analysis to/from this port will not be accurate, and no routing information for this port can be exported.
WARNING: [Route 35-198] Port "input_1_12[1]" does not have an associated HD.PARTPIN_LOCS, which will prevent the partial routing of the signal "input_1_12[1]". Without this partial route, timing analysis to/from this port will not be accurate, and no routing information for this port can be exported.
WARNING: [Route 35-198] Port "input_0_5[3]" does not have an associated HD.PARTPIN_LOCS, which will prevent the partial routing of the signal "input_0_5[3]". Without this partial route, timing analysis to/from this port will not be accurate, and no routing information for this port can be exported.
WARNING: [Route 35-198] Port "input_0_5[1]" does not have an associated HD.PARTPIN_LOCS, which will prevent the partial routing of the signal "input_0_5[1]". Without this partial route, timing analysis to/from this port will not be accurate, and no routing information for this port can be exported.
WARNING: [Route 35-198] Port "input_1_7[6]" does not have an associated HD.PARTPIN_LOCS, which will prevent the partial routing of the signal "input_1_7[6]". Without this partial route, timing analysis to/from this port will not be accurate, and no routing information for this port can be exported.
WARNING: [Route 35-198] Port "input_1_7[4]" does not have an associated HD.PARTPIN_LOCS, which will prevent the partial routing of the signal "input_1_7[4]". Without this partial route, timing analysis to/from this port will not be accurate, and no routing information for this port can be exported.
WARNING: [Route 35-198] Port "input_0_5[5]" does not have an associated HD.PARTPIN_LOCS, which will prevent the partial routing of the signal "input_0_5[5]". Without this partial route, timing analysis to/from this port will not be accurate, and no routing information for this port can be exported.
WARNING: [Route 35-198] Port "input_0_5[0]" does not have an associated HD.PARTPIN_LOCS, which will prevent the partial routing of the signal "input_0_5[0]". Without this partial route, timing analysis to/from this port will not be accurate, and no routing information for this port can be exported.
WARNING: [Route 35-198] Port "input_1_2[4]" does not have an associated HD.PARTPIN_LOCS, which will prevent the partial routing of the signal "input_1_2[4]". Without this partial route, timing analysis to/from this port will not be accurate, and no routing information for this port can be exported.
WARNING: [Route 35-198] Port "input_0_5[7]" does not have an associated HD.PARTPIN_LOCS, which will prevent the partial routing of the signal "input_0_5[7]". Without this partial route, timing analysis to/from this port will not be accurate, and no routing information for this port can be exported.
WARNING: [Route 35-198] Port "input_0_5[6]" does not have an associated HD.PARTPIN_LOCS, which will prevent the partial routing of the signal "input_0_5[6]". Without this partial route, timing analysis to/from this port will not be accurate, and no routing information for this port can be exported.
WARNING: [Route 35-198] Port "input_0_5[4]" does not have an associated HD.PARTPIN_LOCS, which will prevent the partial routing of the signal "input_0_5[4]". Without this partial route, timing analysis to/from this port will not be accurate, and no routing information for this port can be exported.
WARNING: [Route 35-198] Port "input_0_5[2]" does not have an associated HD.PARTPIN_LOCS, which will prevent the partial routing of the signal "input_0_5[2]". Without this partial route, timing analysis to/from this port will not be accurate, and no routing information for this port can be exported.
WARNING: [Route 35-198] Port "input_1_2[7]" does not have an associated HD.PARTPIN_LOCS, which will prevent the partial routing of the signal "input_1_2[7]". Without this partial route, timing analysis to/from this port will not be accurate, and no routing information for this port can be exported.
WARNING: [Route 35-198] Port "input_1_4[4]" does not have an associated HD.PARTPIN_LOCS, which will prevent the partial routing of the signal "input_1_4[4]". Without this partial route, timing analysis to/from this port will not be accurate, and no routing information for this port can be exported.
WARNING: [Route 35-198] Port "input_0_6[4]" does not have an associated HD.PARTPIN_LOCS, which will prevent the partial routing of the signal "input_0_6[4]". Without this partial route, timing analysis to/from this port will not be accurate, and no routing information for this port can be exported.
WARNING: [Route 35-198] Port "input_0_7[7]" does not have an associated HD.PARTPIN_LOCS, which will prevent the partial routing of the signal "input_0_7[7]". Without this partial route, timing analysis to/from this port will not be accurate, and no routing information for this port can be exported.
WARNING: [Route 35-198] Port "input_0_7[1]" does not have an associated HD.PARTPIN_LOCS, which will prevent the partial routing of the signal "input_0_7[1]". Without this partial route, timing analysis to/from this port will not be accurate, and no routing information for this port can be exported.
WARNING: [Route 35-198] Port "input_1_7[5]" does not have an associated HD.PARTPIN_LOCS, which will prevent the partial routing of the signal "input_1_7[5]". Without this partial route, timing analysis to/from this port will not be accurate, and no routing information for this port can be exported.
WARNING: [Route 35-198] Port "input_1_6[5]" does not have an associated HD.PARTPIN_LOCS, which will prevent the partial routing of the signal "input_1_6[5]". Without this partial route, timing analysis to/from this port will not be accurate, and no routing information for this port can be exported.
WARNING: [Route 35-198] Port "input_0_6[0]" does not have an associated HD.PARTPIN_LOCS, which will prevent the partial routing of the signal "input_0_6[0]". Without this partial route, timing analysis to/from this port will not be accurate, and no routing information for this port can be exported.
WARNING: [Route 35-198] Port "input_1_1[7]" does not have an associated HD.PARTPIN_LOCS, which will prevent the partial routing of the signal "input_1_1[7]". Without this partial route, timing analysis to/from this port will not be accurate, and no routing information for this port can be exported.
WARNING: [Route 35-198] Port "input_1_8[7]" does not have an associated HD.PARTPIN_LOCS, which will prevent the partial routing of the signal "input_1_8[7]". Without this partial route, timing analysis to/from this port will not be accurate, and no routing information for this port can be exported.
WARNING: [Route 35-198] Port "input_1_6[4]" does not have an associated HD.PARTPIN_LOCS, which will prevent the partial routing of the signal "input_1_6[4]". Without this partial route, timing analysis to/from this port will not be accurate, and no routing information for this port can be exported.
WARNING: [Route 35-198] Port "input_0_6[3]" does not have an associated HD.PARTPIN_LOCS, which will prevent the partial routing of the signal "input_0_6[3]". Without this partial route, timing analysis to/from this port will not be accurate, and no routing information for this port can be exported.
WARNING: [Route 35-198] Port "input_1_8[5]" does not have an associated HD.PARTPIN_LOCS, which will prevent the partial routing of the signal "input_1_8[5]". Without this partial route, timing analysis to/from this port will not be accurate, and no routing information for this port can be exported.
WARNING: [Route 35-198] Port "input_1_8[4]" does not have an associated HD.PARTPIN_LOCS, which will prevent the partial routing of the signal "input_1_8[4]". Without this partial route, timing analysis to/from this port will not be accurate, and no routing information for this port can be exported.
WARNING: [Route 35-198] Port "input_0_7[5]" does not have an associated HD.PARTPIN_LOCS, which will prevent the partial routing of the signal "input_0_7[5]". Without this partial route, timing analysis to/from this port will not be accurate, and no routing information for this port can be exported.
WARNING: [Route 35-198] Port "input_0_7[4]" does not have an associated HD.PARTPIN_LOCS, which will prevent the partial routing of the signal "input_0_7[4]". Without this partial route, timing analysis to/from this port will not be accurate, and no routing information for this port can be exported.
WARNING: [Route 35-198] Port "input_0_7[3]" does not have an associated HD.PARTPIN_LOCS, which will prevent the partial routing of the signal "input_0_7[3]". Without this partial route, timing analysis to/from this port will not be accurate, and no routing information for this port can be exported.
WARNING: [Route 35-198] Port "input_0_7[2]" does not have an associated HD.PARTPIN_LOCS, which will prevent the partial routing of the signal "input_0_7[2]". Without this partial route, timing analysis to/from this port will not be accurate, and no routing information for this port can be exported.
WARNING: [Route 35-198] Port "input_1_7[3]" does not have an associated HD.PARTPIN_LOCS, which will prevent the partial routing of the signal "input_1_7[3]". Without this partial route, timing analysis to/from this port will not be accurate, and no routing information for this port can be exported.
WARNING: [Route 35-198] Port "input_1_7[2]" does not have an associated HD.PARTPIN_LOCS, which will prevent the partial routing of the signal "input_1_7[2]". Without this partial route, timing analysis to/from this port will not be accurate, and no routing information for this port can be exported.
WARNING: [Route 35-198] Port "input_2_6[6]" does not have an associated HD.PARTPIN_LOCS, which will prevent the partial routing of the signal "input_2_6[6]". Without this partial route, timing analysis to/from this port will not be accurate, and no routing information for this port can be exported.
WARNING: [Route 35-198] Port "input_0_6[2]" does not have an associated HD.PARTPIN_LOCS, which will prevent the partial routing of the signal "input_0_6[2]". Without this partial route, timing analysis to/from this port will not be accurate, and no routing information for this port can be exported.
WARNING: [Route 35-198] Port "input_0_6[1]" does not have an associated HD.PARTPIN_LOCS, which will prevent the partial routing of the signal "input_0_6[1]". Without this partial route, timing analysis to/from this port will not be accurate, and no routing information for this port can be exported.
WARNING: [Route 35-198] Port "input_1_1[4]" does not have an associated HD.PARTPIN_LOCS, which will prevent the partial routing of the signal "input_1_1[4]". Without this partial route, timing analysis to/from this port will not be accurate, and no routing information for this port can be exported.
WARNING: [Route 35-198] Port "input_1_4[7]" does not have an associated HD.PARTPIN_LOCS, which will prevent the partial routing of the signal "input_1_4[7]". Without this partial route, timing analysis to/from this port will not be accurate, and no routing information for this port can be exported.
WARNING: [Route 35-198] Port "input_1_4[1]" does not have an associated HD.PARTPIN_LOCS, which will prevent the partial routing of the signal "input_1_4[1]". Without this partial route, timing analysis to/from this port will not be accurate, and no routing information for this port can be exported.
WARNING: [Route 35-198] Port "input_1_8[6]" does not have an associated HD.PARTPIN_LOCS, which will prevent the partial routing of the signal "input_1_8[6]". Without this partial route, timing analysis to/from this port will not be accurate, and no routing information for this port can be exported.
WARNING: [Route 35-198] Port "input_2_7[5]" does not have an associated HD.PARTPIN_LOCS, which will prevent the partial routing of the signal "input_2_7[5]". Without this partial route, timing analysis to/from this port will not be accurate, and no routing information for this port can be exported.
WARNING: [Route 35-198] Port "input_2_7[4]" does not have an associated HD.PARTPIN_LOCS, which will prevent the partial routing of the signal "input_2_7[4]". Without this partial route, timing analysis to/from this port will not be accurate, and no routing information for this port can be exported.
WARNING: [Route 35-198] Port "input_2_7[2]" does not have an associated HD.PARTPIN_LOCS, which will prevent the partial routing of the signal "input_2_7[2]". Without this partial route, timing analysis to/from this port will not be accurate, and no routing information for this port can be exported.
WARNING: [Route 35-198] Port "input_1_2[3]" does not have an associated HD.PARTPIN_LOCS, which will prevent the partial routing of the signal "input_1_2[3]". Without this partial route, timing analysis to/from this port will not be accurate, and no routing information for this port can be exported.
WARNING: [Route 35-198] Port "input_2_7[3]" does not have an associated HD.PARTPIN_LOCS, which will prevent the partial routing of the signal "input_2_7[3]". Without this partial route, timing analysis to/from this port will not be accurate, and no routing information for this port can be exported.
WARNING: [Route 35-198] Port "input_2_6[7]" does not have an associated HD.PARTPIN_LOCS, which will prevent the partial routing of the signal "input_2_6[7]". Without this partial route, timing analysis to/from this port will not be accurate, and no routing information for this port can be exported.
WARNING: [Route 35-198] Port "input_2_5[3]" does not have an associated HD.PARTPIN_LOCS, which will prevent the partial routing of the signal "input_2_5[3]". Without this partial route, timing analysis to/from this port will not be accurate, and no routing information for this port can be exported.
WARNING: [Route 35-198] Port "input_2_6[5]" does not have an associated HD.PARTPIN_LOCS, which will prevent the partial routing of the signal "input_2_6[5]". Without this partial route, timing analysis to/from this port will not be accurate, and no routing information for this port can be exported.
WARNING: [Route 35-198] Port "input_1_6[6]" does not have an associated HD.PARTPIN_LOCS, which will prevent the partial routing of the signal "input_1_6[6]". Without this partial route, timing analysis to/from this port will not be accurate, and no routing information for this port can be exported.
WARNING: [Route 35-198] Port "input_0_6[7]" does not have an associated HD.PARTPIN_LOCS, which will prevent the partial routing of the signal "input_0_6[7]". Without this partial route, timing analysis to/from this port will not be accurate, and no routing information for this port can be exported.
WARNING: [Route 35-198] Port "input_0_6[5]" does not have an associated HD.PARTPIN_LOCS, which will prevent the partial routing of the signal "input_0_6[5]". Without this partial route, timing analysis to/from this port will not be accurate, and no routing information for this port can be exported.
WARNING: [Route 35-198] Port "input_1_2[5]" does not have an associated HD.PARTPIN_LOCS, which will prevent the partial routing of the signal "input_1_2[5]". Without this partial route, timing analysis to/from this port will not be accurate, and no routing information for this port can be exported.
WARNING: [Route 35-198] Port "input_1_2[1]" does not have an associated HD.PARTPIN_LOCS, which will prevent the partial routing of the signal "input_1_2[1]". Without this partial route, timing analysis to/from this port will not be accurate, and no routing information for this port can be exported.
WARNING: [Route 35-198] Port "input_1_2[0]" does not have an associated HD.PARTPIN_LOCS, which will prevent the partial routing of the signal "input_1_2[0]". Without this partial route, timing analysis to/from this port will not be accurate, and no routing information for this port can be exported.
WARNING: [Route 35-198] Port "input_2_5[2]" does not have an associated HD.PARTPIN_LOCS, which will prevent the partial routing of the signal "input_2_5[2]". Without this partial route, timing analysis to/from this port will not be accurate, and no routing information for this port can be exported.
WARNING: [Route 35-198] Port "input_2_5[0]" does not have an associated HD.PARTPIN_LOCS, which will prevent the partial routing of the signal "input_2_5[0]". Without this partial route, timing analysis to/from this port will not be accurate, and no routing information for this port can be exported.
WARNING: [Route 35-198] Port "input_0_6[6]" does not have an associated HD.PARTPIN_LOCS, which will prevent the partial routing of the signal "input_0_6[6]". Without this partial route, timing analysis to/from this port will not be accurate, and no routing information for this port can be exported.
WARNING: [Route 35-198] Port "input_2_6[3]" does not have an associated HD.PARTPIN_LOCS, which will prevent the partial routing of the signal "input_2_6[3]". Without this partial route, timing analysis to/from this port will not be accurate, and no routing information for this port can be exported.
WARNING: [Route 35-198] Port "input_2_6[2]" does not have an associated HD.PARTPIN_LOCS, which will prevent the partial routing of the signal "input_2_6[2]". Without this partial route, timing analysis to/from this port will not be accurate, and no routing information for this port can be exported.
WARNING: [Route 35-198] Port "input_2_6[1]" does not have an associated HD.PARTPIN_LOCS, which will prevent the partial routing of the signal "input_2_6[1]". Without this partial route, timing analysis to/from this port will not be accurate, and no routing information for this port can be exported.
WARNING: [Route 35-198] Port "input_2_6[0]" does not have an associated HD.PARTPIN_LOCS, which will prevent the partial routing of the signal "input_2_6[0]". Without this partial route, timing analysis to/from this port will not be accurate, and no routing information for this port can be exported.
WARNING: [Route 35-198] Port "input_2_6[4]" does not have an associated HD.PARTPIN_LOCS, which will prevent the partial routing of the signal "input_2_6[4]". Without this partial route, timing analysis to/from this port will not be accurate, and no routing information for this port can be exported.
WARNING: [Route 35-198] Port "input_1_0[2]" does not have an associated HD.PARTPIN_LOCS, which will prevent the partial routing of the signal "input_1_0[2]". Without this partial route, timing analysis to/from this port will not be accurate, and no routing information for this port can be exported.
WARNING: [Route 35-198] Port "input_1_8[0]" does not have an associated HD.PARTPIN_LOCS, which will prevent the partial routing of the signal "input_1_8[0]". Without this partial route, timing analysis to/from this port will not be accurate, and no routing information for this port can be exported.
WARNING: [Route 35-198] Port "input_0_7[6]" does not have an associated HD.PARTPIN_LOCS, which will prevent the partial routing of the signal "input_0_7[6]". Without this partial route, timing analysis to/from this port will not be accurate, and no routing information for this port can be exported.
WARNING: [Route 35-198] Port "input_0_7[0]" does not have an associated HD.PARTPIN_LOCS, which will prevent the partial routing of the signal "input_0_7[0]". Without this partial route, timing analysis to/from this port will not be accurate, and no routing information for this port can be exported.
WARNING: [Route 35-198] Port "input_2_7[6]" does not have an associated HD.PARTPIN_LOCS, which will prevent the partial routing of the signal "input_2_7[6]". Without this partial route, timing analysis to/from this port will not be accurate, and no routing information for this port can be exported.
WARNING: [Route 35-198] Port "input_2_5[7]" does not have an associated HD.PARTPIN_LOCS, which will prevent the partial routing of the signal "input_2_5[7]". Without this partial route, timing analysis to/from this port will not be accurate, and no routing information for this port can be exported.
WARNING: [Route 35-198] Port "input_2_5[6]" does not have an associated HD.PARTPIN_LOCS, which will prevent the partial routing of the signal "input_2_5[6]". Without this partial route, timing analysis to/from this port will not be accurate, and no routing information for this port can be exported.
WARNING: [Route 35-198] Port "input_2_5[5]" does not have an associated HD.PARTPIN_LOCS, which will prevent the partial routing of the signal "input_2_5[5]". Without this partial route, timing analysis to/from this port will not be accurate, and no routing information for this port can be exported.
WARNING: [Route 35-198] Port "input_2_5[1]" does not have an associated HD.PARTPIN_LOCS, which will prevent the partial routing of the signal "input_2_5[1]". Without this partial route, timing analysis to/from this port will not be accurate, and no routing information for this port can be exported.
WARNING: [Route 35-198] Port "input_0_12[7]" does not have an associated HD.PARTPIN_LOCS, which will prevent the partial routing of the signal "input_0_12[7]". Without this partial route, timing analysis to/from this port will not be accurate, and no routing information for this port can be exported.
WARNING: [Route 35-198] Port "input_0_12[6]" does not have an associated HD.PARTPIN_LOCS, which will prevent the partial routing of the signal "input_0_12[6]". Without this partial route, timing analysis to/from this port will not be accurate, and no routing information for this port can be exported.
WARNING: [Route 35-198] Port "input_0_12[5]" does not have an associated HD.PARTPIN_LOCS, which will prevent the partial routing of the signal "input_0_12[5]". Without this partial route, timing analysis to/from this port will not be accurate, and no routing information for this port can be exported.
WARNING: [Route 35-198] Port "input_1_3[6]" does not have an associated HD.PARTPIN_LOCS, which will prevent the partial routing of the signal "input_1_3[6]". Without this partial route, timing analysis to/from this port will not be accurate, and no routing information for this port can be exported.
WARNING: [Route 35-198] Port "input_1_14[5]" does not have an associated HD.PARTPIN_LOCS, which will prevent the partial routing of the signal "input_1_14[5]". Without this partial route, timing analysis to/from this port will not be accurate, and no routing information for this port can be exported.
WARNING: [Route 35-198] Port "input_1_14[0]" does not have an associated HD.PARTPIN_LOCS, which will prevent the partial routing of the signal "input_1_14[0]". Without this partial route, timing analysis to/from this port will not be accurate, and no routing information for this port can be exported.
WARNING: [Route 35-198] Port "input_0_2[7]" does not have an associated HD.PARTPIN_LOCS, which will prevent the partial routing of the signal "input_0_2[7]". Without this partial route, timing analysis to/from this port will not be accurate, and no routing information for this port can be exported.
WARNING: [Route 35-198] Port "input_0_2[6]" does not have an associated HD.PARTPIN_LOCS, which will prevent the partial routing of the signal "input_0_2[6]". Without this partial route, timing analysis to/from this port will not be accurate, and no routing information for this port can be exported.
INFO: [Common 17-14] Message 'Route 35-198' appears 100 times and further instances of the messages will be disabled. Use the Tcl command set_msg_config to change the current settings.
Post Restoration Checksum: NetGraph: 3dd1785f | NumContArr: 799550d | Constraints: c2a8fa9d | Timing: c2a8fa9d
Phase 1 Build RT Design | Checksum: 1cabcc2a6

Time (s): cpu = 00:06:14 ; elapsed = 00:00:33 . Memory (MB): peak = 12293.355 ; gain = 0.000 ; free physical = 39058 ; free virtual = 92451

Phase 2 Router Initialization

Phase 2.1 Fix Topology Constraints
Phase 2.1 Fix Topology Constraints | Checksum: 1cabcc2a6

Time (s): cpu = 00:06:22 ; elapsed = 00:00:34 . Memory (MB): peak = 12293.355 ; gain = 0.000 ; free physical = 38998 ; free virtual = 92451

Phase 2.2 Pre Route Cleanup
Phase 2.2 Pre Route Cleanup | Checksum: 1cabcc2a6

Time (s): cpu = 00:06:27 ; elapsed = 00:00:34 . Memory (MB): peak = 12293.355 ; gain = 0.000 ; free physical = 38971 ; free virtual = 92451

Phase 2.3 Global Clock Net Routing
Phase 2.3 Global Clock Net Routing | Checksum: 1cabcc2a6

Time (s): cpu = 00:07:15 ; elapsed = 00:00:40 . Memory (MB): peak = 12815.191 ; gain = 521.836 ; free physical = 38309 ; free virtual = 91891

Phase 2.4 Update Timing
Phase 2.4 Update Timing | Checksum: 1787bf41d

Time (s): cpu = 00:10:10 ; elapsed = 00:00:57 . Memory (MB): peak = 12815.191 ; gain = 521.836 ; free physical = 37895 ; free virtual = 92005
INFO: [Route 35-416] Intermediate Timing Summary | WNS=0.096  | TNS=0.000  | WHS=0.018  | THS=0.000  |


Phase 2.5 Soft Constraint Pins - Fast Budgeting
Phase 2.5 Soft Constraint Pins - Fast Budgeting | Checksum: 20b411e7b

Time (s): cpu = 00:14:41 ; elapsed = 00:01:32 . Memory (MB): peak = 12815.191 ; gain = 521.836 ; free physical = 36272 ; free virtual = 91946

Router Utilization Summary
  Global Vertical Routing Utilization    = 0 %
  Global Horizontal Routing Utilization  = 0 %
  Routable Net Status*
  *Does not include unroutable nets such as driverless and loadless.
  Run report_route_status for detailed report.
  Number of Failed Nets               = 585271
    (Failed Nets is the sum of unrouted and partially routed nets)
  Number of Unrouted Nets             = 544925
  Number of Partially Routed Nets     = 40346
  Number of Node Overlaps             = 0

Phase 2 Router Initialization | Checksum: 15085ab21

Time (s): cpu = 00:15:33 ; elapsed = 00:01:39 . Memory (MB): peak = 12994.223 ; gain = 700.867 ; free physical = 35801 ; free virtual = 91804

Phase 3 Global Routing

Phase 3.1 SLL Assignment
Number SLLs per Column: 1440
Estimated SLL Demand Per Column: 
  SLR [2-3]       18 (  1%)    18 (  1%)    38 (  3%)   186 ( 13%)   185 ( 13%)   329 ( 23%)   259 ( 18%)   177 ( 12%)   140 ( 10%)   231 ( 16%)   219 ( 15%)   122 (  8%)   193 ( 13%)   198 ( 14%)     0 (  0%)     0 (  0%)  Demand:  2313 Available: 23040 Utilization(%): 10.04
  SLR [1-2]        0 (  0%)     0 (  0%)     0 (  0%)     0 (  0%)     9 (  1%)    99 (  7%)    78 (  5%)   383 ( 27%)   264 ( 18%)   387 ( 27%)   239 ( 17%)   294 ( 20%)    22 (  2%)   111 (  8%)    21 (  1%)     9 (  1%)  Demand:  1916 Available: 23040 Utilization(%): 8.32
  SLR [0-1]        0 (  0%)     0 (  0%)     0 (  0%)     0 (  0%)     0 (  0%)     0 (  0%)     0 (  0%)     0 (  0%)     0 (  0%)     0 (  0%)     0 (  0%)     0 (  0%)     0 (  0%)     0 (  0%)     0 (  0%)     0 (  0%)  Demand:     0 Available: 23040 Utilization(%): 0.00
Phase 3.1 SLL Assignment | Checksum: 1ccbe5431

Time (s): cpu = 00:15:42 ; elapsed = 00:01:45 . Memory (MB): peak = 12994.223 ; gain = 700.867 ; free physical = 35700 ; free virtual = 91804
Phase 3 Global Routing | Checksum: 1ccbe5431

Time (s): cpu = 00:15:44 ; elapsed = 00:01:46 . Memory (MB): peak = 12994.223 ; gain = 700.867 ; free physical = 35697 ; free virtual = 91804

Phase 4 Initial Routing

Phase 4.1 Initial Net Routing Pass
Phase 4.1 Initial Net Routing Pass | Checksum: 257ff0d12

Time (s): cpu = 00:18:32 ; elapsed = 00:02:18 . Memory (MB): peak = 12994.223 ; gain = 700.867 ; free physical = 34313 ; free virtual = 91774
Phase 4 Initial Routing | Checksum: 236e74692

Time (s): cpu = 00:18:48 ; elapsed = 00:02:19 . Memory (MB): peak = 12994.223 ; gain = 700.867 ; free physical = 34129 ; free virtual = 91773

INFO: [Route 35-449] Initial Estimated Congestion
 ________________________________________________________________________
|           | Global Congestion | Long Congestion   | Short Congestion  |
|           |___________________|___________________|___________________|
| Direction | Size   | % Tiles  | Size   | % Tiles  | Size   | % Tiles  |
|___________|________|__________|________|__________|________|__________|
|      NORTH|     2x2|      0.03|     4x4|      0.35|     4x4|      0.03|
|___________|________|__________|________|__________|________|__________|
|      SOUTH|     1x1|      0.00|     2x2|      0.04|     1x1|      0.00|
|___________|________|__________|________|__________|________|__________|
|       EAST|     2x2|      0.03|   32x32|      0.59|     1x1|      0.01|
|___________|________|__________|________|__________|________|__________|
|       WEST|     1x1|      0.00|     2x2|      0.09|     1x1|      0.00|
|___________|________|__________|________|__________|________|__________|
Congestion Report
LONG Congestion bounded by tiles (Lower Left Tile -> Upper Right Tile):
EAST
	INT_X89Y675->INT_X112Y706 (CLEM_X89Y675->CLEL_R_X112Y706)
	INT_X83Y672->INT_X98Y687 (CLEM_X83Y672->URAM_URAM_FT_X98Y675)
	INT_X83Y671->INT_X98Y686 (CLEM_X83Y671->URAM_URAM_FT_X98Y675)
	INT_X83Y670->INT_X98Y685 (CLEM_X83Y670->URAM_URAM_FT_X98Y675)
	INT_X83Y695->INT_X98Y710 (CLEM_X83Y695->URAM_URAM_DELAY_FT_X98Y705)

INFO: [Route 35-581] Estimated Timing congestion is level 5 (32x32). Congestion levels of 5 and greater may impact timing closure.

Phase 5 Rip-up And Reroute

Phase 5.1 Global Iteration 0
 Number of Nodes with overlaps = 35235
 Number of Nodes with overlaps = 2955
 Number of Nodes with overlaps = 334
 Number of Nodes with overlaps = 65
 Number of Nodes with overlaps = 20
 Number of Nodes with overlaps = 8
 Number of Nodes with overlaps = 3
 Number of Nodes with overlaps = 1
 Number of Nodes with overlaps = 0
INFO: [Route 35-416] Intermediate Timing Summary | WNS=-0.205 | TNS=-3.517 | WHS=0.026  | THS=0.000  |

Phase 5.1 Global Iteration 0 | Checksum: 1b798fd4a

Time (s): cpu = 00:34:55 ; elapsed = 00:05:42 . Memory (MB): peak = 12994.223 ; gain = 700.867 ; free physical = 31275 ; free virtual = 91867

Phase 5.2 Global Iteration 1
 Number of Nodes with overlaps = 23
 Number of Nodes with overlaps = 1
 Number of Nodes with overlaps = 1
 Number of Nodes with overlaps = 1
 Number of Nodes with overlaps = 0
INFO: [Route 35-416] Intermediate Timing Summary | WNS=-0.049 | TNS=-0.442 | WHS=N/A    | THS=N/A    |

Phase 5.2 Global Iteration 1 | Checksum: 20f4eefdb

Time (s): cpu = 00:37:10 ; elapsed = 00:06:33 . Memory (MB): peak = 12994.223 ; gain = 700.867 ; free physical = 30594 ; free virtual = 91924

Phase 5.3 Global Iteration 2
 Number of Nodes with overlaps = 301
 Number of Nodes with overlaps = 62
 Number of Nodes with overlaps = 15
 Number of Nodes with overlaps = 7
 Number of Nodes with overlaps = 0
INFO: [Route 35-416] Intermediate Timing Summary | WNS=-0.008 | TNS=-0.008 | WHS=N/A    | THS=N/A    |

Phase 5.3 Global Iteration 2 | Checksum: 1ea7c916d

Time (s): cpu = 00:39:58 ; elapsed = 00:07:30 . Memory (MB): peak = 12994.223 ; gain = 700.867 ; free physical = 30157 ; free virtual = 91955

Phase 5.4 Global Iteration 3
 Number of Nodes with overlaps = 702
 Number of Nodes with overlaps = 164
 Number of Nodes with overlaps = 26
 Number of Nodes with overlaps = 15
 Number of Nodes with overlaps = 6
 Number of Nodes with overlaps = 1
 Number of Nodes with overlaps = 1
 Number of Nodes with overlaps = 0
INFO: [Route 35-416] Intermediate Timing Summary | WNS=0.006  | TNS=0.000  | WHS=N/A    | THS=N/A    |

Phase 5.4 Global Iteration 3 | Checksum: 121641a5b

Time (s): cpu = 00:42:36 ; elapsed = 00:08:43 . Memory (MB): peak = 12994.223 ; gain = 700.867 ; free physical = 29234 ; free virtual = 92003
Phase 5 Rip-up And Reroute | Checksum: 121641a5b

Time (s): cpu = 00:42:38 ; elapsed = 00:08:43 . Memory (MB): peak = 12994.223 ; gain = 700.867 ; free physical = 29234 ; free virtual = 92003

Phase 6 Delay and Skew Optimization

Phase 6.1 TNS Cleanup

Phase 6.1.1 Delay CleanUp
Phase 6.1.1 Delay CleanUp | Checksum: 121641a5b

Time (s): cpu = 00:42:46 ; elapsed = 00:08:44 . Memory (MB): peak = 12994.223 ; gain = 700.867 ; free physical = 29212 ; free virtual = 92003
Phase 6.1 TNS Cleanup | Checksum: 121641a5b

Time (s): cpu = 00:42:49 ; elapsed = 00:08:44 . Memory (MB): peak = 12994.223 ; gain = 700.867 ; free physical = 29189 ; free virtual = 92004

Phase 6.2 Clock Skew Optimization
Phase 6.2 Clock Skew Optimization | Checksum: 121641a5b

Time (s): cpu = 00:42:51 ; elapsed = 00:08:44 . Memory (MB): peak = 12994.223 ; gain = 700.867 ; free physical = 29162 ; free virtual = 92004
Phase 6 Delay and Skew Optimization | Checksum: 121641a5b

Time (s): cpu = 00:42:53 ; elapsed = 00:08:44 . Memory (MB): peak = 12994.223 ; gain = 700.867 ; free physical = 29137 ; free virtual = 92003

Phase 7 Post Hold Fix

Phase 7.1 Hold Fix Iter
INFO: [Route 35-416] Intermediate Timing Summary | WNS=0.006  | TNS=0.000  | WHS=0.026  | THS=0.000  |

Phase 7.1 Hold Fix Iter | Checksum: 130366985

Time (s): cpu = 00:46:26 ; elapsed = 00:08:58 . Memory (MB): peak = 12994.223 ; gain = 700.867 ; free physical = 29192 ; free virtual = 92055
Phase 7 Post Hold Fix | Checksum: 130366985

Time (s): cpu = 00:46:28 ; elapsed = 00:08:58 . Memory (MB): peak = 12994.223 ; gain = 700.867 ; free physical = 29191 ; free virtual = 92055

Phase 8 Route finalize

Router Utilization Summary
  Global Vertical Routing Utilization    = 4.04384 %
  Global Horizontal Routing Utilization  = 4.31439 %
  Routable Net Status*
  *Does not include unroutable nets such as driverless and loadless.
  Run report_route_status for detailed report.
  Number of Failed Nets               = 0
    (Failed Nets is the sum of unrouted and partially routed nets)
  Number of Unrouted Nets             = 0
  Number of Partially Routed Nets     = 0
  Number of Node Overlaps             = 0

Phase 8 Route finalize | Checksum: 130366985

Time (s): cpu = 00:46:47 ; elapsed = 00:09:00 . Memory (MB): peak = 12994.223 ; gain = 700.867 ; free physical = 29231 ; free virtual = 92050

Phase 9 Verifying routed nets

 Verification completed successfully
Phase 9 Verifying routed nets | Checksum: 130366985

Time (s): cpu = 00:46:50 ; elapsed = 00:09:01 . Memory (MB): peak = 12994.223 ; gain = 700.867 ; free physical = 29182 ; free virtual = 92050

Phase 10 Depositing Routes
Phase 10 Depositing Routes | Checksum: 130366985

Time (s): cpu = 00:47:53 ; elapsed = 00:09:32 . Memory (MB): peak = 12994.223 ; gain = 700.867 ; free physical = 28994 ; free virtual = 92031

Phase 11 Resolve XTalk
Phase 11 Resolve XTalk | Checksum: 130366985

Time (s): cpu = 00:47:56 ; elapsed = 00:09:33 . Memory (MB): peak = 12994.223 ; gain = 700.867 ; free physical = 29028 ; free virtual = 92032

Phase 12 Post Process Routing
Common:
   
SLR0

Initial Estimated Congestion
 ________________________________________________________________________
|           | Global Congestion | Long Congestion   | Short Congestion  |
|           |___________________|___________________|___________________|
| Direction | Size   | % Tiles  | Size   | % Tiles  | Size   | % Tiles  |
|___________|________|__________|________|__________|________|__________|
|      NORTH|     1x1|      0.00|     1x1|      0.00|     1x1|      0.00|
|___________|________|__________|________|__________|________|__________|
|      SOUTH|     1x1|      0.00|     1x1|      0.00|     1x1|      0.00|
|___________|________|__________|________|__________|________|__________|
|       EAST|     1x1|      0.00|     1x1|      0.00|     1x1|      0.00|
|___________|________|__________|________|__________|________|__________|
|       WEST|     1x1|      0.00|     1x1|      0.00|     1x1|      0.00|
|___________|________|__________|________|__________|________|__________|

SLR1

Initial Estimated Congestion
 ________________________________________________________________________
|           | Global Congestion | Long Congestion   | Short Congestion  |
|           |___________________|___________________|___________________|
| Direction | Size   | % Tiles  | Size   | % Tiles  | Size   | % Tiles  |
|___________|________|__________|________|__________|________|__________|
|      NORTH|     1x1|      0.00|     2x2|      0.13|     1x1|      0.00|
|___________|________|__________|________|__________|________|__________|
|      SOUTH|     1x1|      0.00|     2x2|      0.03|     1x1|      0.00|
|___________|________|__________|________|__________|________|__________|
|       EAST|     1x1|      0.00|     2x2|      0.01|     1x1|      0.00|
|___________|________|__________|________|__________|________|__________|
|       WEST|     1x1|      0.00|     2x2|      0.01|     1x1|      0.00|
|___________|________|__________|________|__________|________|__________|

SLR2

Initial Estimated Congestion
 ________________________________________________________________________
|           | Global Congestion | Long Congestion   | Short Congestion  |
|           |___________________|___________________|___________________|
| Direction | Size   | % Tiles  | Size   | % Tiles  | Size   | % Tiles  |
|___________|________|__________|________|__________|________|__________|
|      NORTH|     2x2|      0.09|     4x4|      0.97|     4x4|      0.13|
|___________|________|__________|________|__________|________|__________|
|      SOUTH|     1x1|      0.00|     2x2|      0.06|     1x1|      0.00|
|___________|________|__________|________|__________|________|__________|
|       EAST|     2x2|      0.11|   32x32|      2.32|     1x1|      0.03|
|___________|________|__________|________|__________|________|__________|
|       WEST|     1x1|      0.00|     2x2|      0.26|     1x1|      0.01|
|___________|________|__________|________|__________|________|__________|

SLR3

Initial Estimated Congestion
 ________________________________________________________________________
|           | Global Congestion | Long Congestion   | Short Congestion  |
|           |___________________|___________________|___________________|
| Direction | Size   | % Tiles  | Size   | % Tiles  | Size   | % Tiles  |
|___________|________|__________|________|__________|________|__________|
|      NORTH|     1x1|      0.01|     2x2|      0.31|     1x1|      0.00|
|___________|________|__________|________|__________|________|__________|
|      SOUTH|     1x1|      0.00|     2x2|      0.05|     1x1|      0.00|
|___________|________|__________|________|__________|________|__________|
|       EAST|     1x1|      0.00|     2x2|      0.02|     1x1|      0.00|
|___________|________|__________|________|__________|________|__________|
|       WEST|     1x1|      0.00|     1x1|      0.08|     1x1|      0.00|
|___________|________|__________|________|__________|________|__________|


Phase 12 Post Process Routing | Checksum: 130366985

Time (s): cpu = 00:48:05 ; elapsed = 00:09:35 . Memory (MB): peak = 12994.223 ; gain = 700.867 ; free physical = 28905 ; free virtual = 92031

Phase 13 Post Router Timing
INFO: [Route 35-57] Estimated Timing Summary | WNS=0.006  | TNS=0.000  | WHS=0.026  | THS=0.000  |

INFO: [Route 35-327] The final timing numbers are based on the router estimated timing analysis. For a complete and accurate timing signoff, please run report_timing_summary.
Phase 13 Post Router Timing | Checksum: 130366985

Time (s): cpu = 00:48:07 ; elapsed = 00:09:36 . Memory (MB): peak = 12994.223 ; gain = 700.867 ; free physical = 28873 ; free virtual = 92031
Total Elapsed time in route_design: 575.35 secs

Phase 14 Post-Route Event Processing
Phase 14 Post-Route Event Processing | Checksum: 17af0f9cb

Time (s): cpu = 00:48:14 ; elapsed = 00:09:37 . Memory (MB): peak = 12994.223 ; gain = 700.867 ; free physical = 28771 ; free virtual = 92030
INFO: [Route 35-16] Router Completed Successfully
Ending Routing Task | Checksum: 17af0f9cb

Time (s): cpu = 00:48:24 ; elapsed = 00:09:39 . Memory (MB): peak = 12994.223 ; gain = 700.867 ; free physical = 28863 ; free virtual = 92033

Routing Is Done.
INFO: [Common 17-83] Releasing license: Implementation
17 Infos, 101 Warnings, 0 Critical Warnings and 0 Errors encountered.
route_design completed successfully
route_design: Time (s): cpu = 00:48:31 ; elapsed = 00:10:06 . Memory (MB): peak = 12994.223 ; gain = 700.867 ; free physical = 28798 ; free virtual = 92032
# write_checkpoint \
#     -force \
#     [
#         file join \
#             $output_dir \
#             post_route_before_physopt.dcp
#     ]
INFO: [Timing 38-480] Writing timing data to binary archive.
Write ShapeDB Complete: Time (s): cpu = 00:00:07 ; elapsed = 00:00:02 . Memory (MB): peak = 12994.223 ; gain = 0.000 ; free physical = 28725 ; free virtual = 92029
Wrote PlaceDB: Time (s): cpu = 00:01:05 ; elapsed = 00:00:25 . Memory (MB): peak = 12994.223 ; gain = 0.000 ; free physical = 27865 ; free virtual = 92063
Wrote PulsedLatchDB: Time (s): cpu = 00:00:00 ; elapsed = 00:00:00 . Memory (MB): peak = 12994.223 ; gain = 0.000 ; free physical = 27949 ; free virtual = 92053
Writing XDEF routing.
Writing XDEF routing logical nets.
Writing XDEF routing special nets.
Wrote RouteStorage: Time (s): cpu = 00:00:07 ; elapsed = 00:00:03 . Memory (MB): peak = 12994.223 ; gain = 0.000 ; free physical = 27644 ; free virtual = 92050
Wrote Netlist Cache: Time (s): cpu = 00:00:00.79 ; elapsed = 00:00:00.85 . Memory (MB): peak = 12994.223 ; gain = 0.000 ; free physical = 27571 ; free virtual = 92050
Wrote Device Cache: Time (s): cpu = 00:00:00.01 ; elapsed = 00:00:00.01 . Memory (MB): peak = 12994.223 ; gain = 0.000 ; free physical = 27468 ; free virtual = 92050
Write Physdb Complete: Time (s): cpu = 00:01:14 ; elapsed = 00:00:33 . Memory (MB): peak = 12994.223 ; gain = 0.000 ; free physical = 27445 ; free virtual = 92053
INFO: [Common 17-1381] The checkpoint '/mnt_pool/c3_users/user/pleguina/graphsage_vivado_2024_1_sweep/build/vivado_sweep/qat_dsp_seed42_common_ssi_retime_route/post_route_before_physopt.dcp' has been generated.
write_checkpoint: Time (s): cpu = 00:01:50 ; elapsed = 00:00:54 . Memory (MB): peak = 12994.223 ; gain = 0.000 ; free physical = 27830 ; free virtual = 91970
# report_timing_summary \
#     -delay_type min_max \
#     -max_paths 100 \
#     -file [
#         file join \
#             $reports_dir \
#             timing_post_route_before_physopt.rpt
#     ]
INFO: [Timing 38-91] UpdateTimingParams: Speed grade: -1, Temperature grade: E, Delay Type: min_max.
INFO: [Timing 38-191] Multithreading enabled for timing update using a maximum of 32 CPUs
WARNING: [Timing 38-242] The property HD.CLK_SRC of clock port "ap_clk" is not set. In out-of-context mode, this prevents timing estimation for clock delay/skew
Resolution: Set the HD.CLK_SRC property of the out-of-context port to the location of the clock buffer instance in the top-level design
report_timing_summary: Time (s): cpu = 00:06:23 ; elapsed = 00:00:49 . Memory (MB): peak = 12994.223 ; gain = 0.000 ; free physical = 27351 ; free virtual = 92068
# report_route_status \
#     -file [
#         file join \
#             $reports_dir \
#             route_status_before_physopt.rpt
#     ]
report_route_status: Time (s): cpu = 00:01:54 ; elapsed = 00:00:18 . Memory (MB): peak = 13002.223 ; gain = 8.000 ; free physical = 27694 ; free virtual = 92060
# if {$use_post_phys} {
# 
#     puts "============================================================"
#     puts "STARTING_DEFAULT_POST_ROUTE_PHYS_OPT"
#     puts "USE_RETIME=$use_retime"
#     puts "============================================================"
# 
#     if {$use_retime} {
#         phys_opt_design -retime
#     } else {
#         phys_opt_design
#     }
# }
============================================================
STARTING_DEFAULT_POST_ROUTE_PHYS_OPT
USE_RETIME=1
============================================================
Command: phys_opt_design -retime
Attempting to get a license for feature 'Implementation' and/or device 'xcvu13p'
INFO: [Common 17-349] Got license for feature 'Implementation' and/or device 'xcvu13p'
INFO: [Common 17-1540] The version limit for your license is '2026.02' and has expired for new software. A version limit expiration means that, although you may be able to continue to use the current version of tools or IP with this license, you will not be eligible for new releases.
INFO: [Vivado_Tcl 4-241] Physical synthesis in post route mode 
INFO: [Vivado_Tcl 4-2279] Estimated Timing Summary | WNS= 0.007 | TNS= 0.000 | 
INFO: [Vivado_Tcl 4-383] Design worst setup slack (WNS) is greater than or equal to 0.000 ns. All physical synthesis setup optimizations will be skipped.
INFO: [Vivado_Tcl 4-232] No setup violation found. The netlist was not modified.
INFO: [Common 17-83] Releasing license: Implementation
7 Infos, 0 Warnings, 0 Critical Warnings and 0 Errors encountered.
phys_opt_design completed successfully
phys_opt_design: Time (s): cpu = 00:00:21 ; elapsed = 00:00:42 . Memory (MB): peak = 13002.223 ; gain = 0.000 ; free physical = 26846 ; free virtual = 92038
# write_checkpoint \
#     -force \
#     [
#         file join \
#             $output_dir \
#             final.dcp
#     ]
INFO: [Timing 38-480] Writing timing data to binary archive.
Write ShapeDB Complete: Time (s): cpu = 00:00:08 ; elapsed = 00:00:02 . Memory (MB): peak = 13002.223 ; gain = 0.000 ; free physical = 26975 ; free virtual = 92055
Wrote PlaceDB: Time (s): cpu = 00:01:05 ; elapsed = 00:00:25 . Memory (MB): peak = 13002.223 ; gain = 0.000 ; free physical = 25797 ; free virtual = 92005
Wrote PulsedLatchDB: Time (s): cpu = 00:00:00 ; elapsed = 00:00:00 . Memory (MB): peak = 13002.223 ; gain = 0.000 ; free physical = 25775 ; free virtual = 92009
Writing XDEF routing.
Writing XDEF routing logical nets.
Writing XDEF routing special nets.
Wrote RouteStorage: Time (s): cpu = 00:00:08 ; elapsed = 00:00:04 . Memory (MB): peak = 13002.223 ; gain = 0.000 ; free physical = 25684 ; free virtual = 91998
Wrote Netlist Cache: Time (s): cpu = 00:00:00.79 ; elapsed = 00:00:00.83 . Memory (MB): peak = 13002.223 ; gain = 0.000 ; free physical = 25954 ; free virtual = 91993
Wrote Device Cache: Time (s): cpu = 00:00:00.01 ; elapsed = 00:00:00.01 . Memory (MB): peak = 13002.223 ; gain = 0.000 ; free physical = 25889 ; free virtual = 91995
Write Physdb Complete: Time (s): cpu = 00:01:14 ; elapsed = 00:00:34 . Memory (MB): peak = 13002.223 ; gain = 0.000 ; free physical = 25876 ; free virtual = 91998
INFO: [Common 17-1381] The checkpoint '/mnt_pool/c3_users/user/pleguina/graphsage_vivado_2024_1_sweep/build/vivado_sweep/qat_dsp_seed42_common_ssi_retime_route/final.dcp' has been generated.
write_checkpoint: Time (s): cpu = 00:01:33 ; elapsed = 00:00:54 . Memory (MB): peak = 13002.223 ; gain = 0.000 ; free physical = 26266 ; free virtual = 91948
# report_timing_summary \
#     -delay_type min_max \
#     -max_paths 100 \
#     -report_unconstrained \
#     -check_timing_verbose \
#     -file [
#         file join \
#             $reports_dir \
#             timing_final.rpt
#     ]
INFO: [Timing 38-91] UpdateTimingParams: Speed grade: -1, Temperature grade: E, Delay Type: min_max.
INFO: [Timing 38-191] Multithreading enabled for timing update using a maximum of 32 CPUs
report_timing_summary: Time (s): cpu = 00:00:44 ; elapsed = 00:00:16 . Memory (MB): peak = 13002.223 ; gain = 0.000 ; free physical = 26087 ; free virtual = 92022
# report_internal_timing $reports_dir final
CRITICAL WARNING: [Vivado 12-4439] The number of objects collected by the 'to' option of 'report_timing' is very large: 424090. This may lead to serious performance issues and out-of-memory conditions in handling the results.
Resolution: Further filtering of the command results, or narrowing the scope of the command is recommended.
CRITICAL WARNING: [Vivado 12-4439] The number of objects collected by the 'from' option of 'report_timing' is very large: 424090. This may lead to serious performance issues and out-of-memory conditions in handling the results.
Resolution: Further filtering of the command results, or narrowing the scope of the command is recommended.
INFO: [Timing 38-91] UpdateTimingParams: Speed grade: -1, Temperature grade: E, Delay Type: max.
INFO: [Timing 38-191] Multithreading enabled for timing update using a maximum of 32 CPUs
INFO: [Timing 38-78] ReportTimingParams: -from_pins  -to_pins  -max_paths 100 -nworst 1 -delay_type max -sort_by slack.
report_timing: Time (s): cpu = 00:00:53 ; elapsed = 00:00:07 . Memory (MB): peak = 13002.223 ; gain = 0.000 ; free physical = 26284 ; free virtual = 92017
CRITICAL WARNING: [Vivado 12-4439] The number of objects collected by the 'to' option of 'report_timing' is very large: 424090. This may lead to serious performance issues and out-of-memory conditions in handling the results.
Resolution: Further filtering of the command results, or narrowing the scope of the command is recommended.
CRITICAL WARNING: [Vivado 12-4439] The number of objects collected by the 'from' option of 'report_timing' is very large: 424090. This may lead to serious performance issues and out-of-memory conditions in handling the results.
Resolution: Further filtering of the command results, or narrowing the scope of the command is recommended.
INFO: [Timing 38-91] UpdateTimingParams: Speed grade: -1, Temperature grade: E, Delay Type: min.
INFO: [Timing 38-191] Multithreading enabled for timing update using a maximum of 32 CPUs
INFO: [Timing 38-78] ReportTimingParams: -from_pins  -to_pins  -max_paths 100 -nworst 1 -delay_type min -sort_by slack.
report_timing: Time (s): cpu = 00:01:37 ; elapsed = 00:00:12 . Memory (MB): peak = 13002.223 ; gain = 0.000 ; free physical = 25865 ; free virtual = 92020
# report_timing \
#     -delay_type max \
#     -max_paths 100 \
#     -file [
#         file join \
#             $reports_dir \
#             worst_setup_paths.rpt
#     ]
INFO: [Timing 38-91] UpdateTimingParams: Speed grade: -1, Temperature grade: E, Delay Type: max.
INFO: [Timing 38-191] Multithreading enabled for timing update using a maximum of 32 CPUs
INFO: [Timing 38-78] ReportTimingParams: -max_paths 100 -nworst 1 -delay_type max -sort_by slack.
report_timing: Time (s): cpu = 00:00:52 ; elapsed = 00:00:06 . Memory (MB): peak = 13002.223 ; gain = 0.000 ; free physical = 25585 ; free virtual = 92012
# report_route_status \
#     -file [
#         file join \
#             $reports_dir \
#             route_status.rpt
#     ]
# report_design_analysis \
#     -congestion \
#     -file [
#         file join \
#             $reports_dir \
#             congestion_final.rpt
#     ]
# report_design_analysis \
#     -complexity \
#     -hierarchical_depth 4 \
#     -file [
#         file join \
#             $reports_dir \
#             complexity_final.rpt
#     ]
report_design_analysis: Time (s): cpu = 00:00:08 ; elapsed = 00:00:11 . Memory (MB): peak = 13002.223 ; gain = 0.000 ; free physical = 25390 ; free virtual = 91935
# report_utilization \
#     -file [
#         file join \
#             $reports_dir \
#             utilization_final.rpt
#     ]
report_utilization: Time (s): cpu = 00:00:25 ; elapsed = 00:00:26 . Memory (MB): peak = 13002.223 ; gain = 0.000 ; free physical = 25147 ; free virtual = 91918
# report_utilization \
#     -hierarchical \
#     -file [
#         file join \
#             $reports_dir \
#             utilization_hier_final.rpt
#     ]
report_utilization: Time (s): cpu = 00:00:42 ; elapsed = 00:00:42 . Memory (MB): peak = 13002.223 ; gain = 0.000 ; free physical = 24577 ; free virtual = 91895
# report_utilization \
#     -slr \
#     -file [
#         file join \
#             $reports_dir \
#             utilization_slr_final.rpt
#     ]
report_utilization: Time (s): cpu = 00:00:43 ; elapsed = 00:00:44 . Memory (MB): peak = 13002.223 ; gain = 0.000 ; free physical = 24276 ; free virtual = 91931
# report_high_fanout_nets \
#     -file [
#         file join \
#             $reports_dir \
#             high_fanout_final.rpt
#     ]
report_high_fanout_nets: Time (s): cpu = 00:00:19 ; elapsed = 00:00:19 . Memory (MB): peak = 13002.223 ; gain = 0.000 ; free physical = 24232 ; free virtual = 91824
# report_methodology \
#     -file [
#         file join \
#             $reports_dir \
#             methodology_final.rpt
#     ]
Command: report_methodology -file /mnt_pool/c3_users/user/pleguina/graphsage_vivado_2024_1_sweep/build/vivado_sweep/qat_dsp_seed42_common_ssi_retime_route/reports/methodology_final.rpt
INFO: [Timing 38-35] Done setting XDC timing constraints.
INFO: [DRC 23-133] Running Methodology with 32 threads
WARNING: [DRC 23-814] Not all possible (connectivity based) DRCs may have been run because this design is seen as Out of Context.
INFO: [Vivado_Tcl 2-1520] The results of Report Methodology are in file /mnt_pool/c3_users/user/pleguina/graphsage_vivado_2024_1_sweep/build/vivado_sweep/qat_dsp_seed42_common_ssi_retime_route/reports/methodology_final.rpt.
report_methodology completed successfully
report_methodology: Time (s): cpu = 00:05:52 ; elapsed = 00:00:35 . Memory (MB): peak = 13002.223 ; gain = 0.000 ; free physical = 23617 ; free virtual = 91793
# report_qor_suggestions \
#     -file [
#         file join \
#             $reports_dir \
#             qor_suggestions_final.rpt
#     ]
Command: report_qor_suggestions -file /mnt_pool/c3_users/user/pleguina/graphsage_vivado_2024_1_sweep/build/vivado_sweep/qat_dsp_seed42_common_ssi_retime_route/reports/qor_suggestions_final.rpt
Congestion Prediction Time (s): cpu = 00:00:22 ; elapsed = 00:00:22 . Memory (MB): peak = 13482.457 ; gain = 0.000 ; free physical = 22512 ; free virtual = 91786
INFO: [Implflow 47-1309] PredResultString: 1:49.06:50.94
INFO: [Implflow 47-1276] The design is not compatible for suggesting strategy, as it was not run using vivado implementation default or vivado implementation explore strategy.
report_qor_suggestions completed successfully
report_qor_suggestions: Time (s): cpu = 00:08:14 ; elapsed = 00:02:29 . Memory (MB): peak = 13482.457 ; gain = 480.234 ; free physical = 22407 ; free virtual = 91762
# report_clocks \
#     -file [
#         file join \
#             $reports_dir \
#             clocks_final.rpt
#     ]
# report_clock_utilization \
#     -file [
#         file join \
#             $reports_dir \
#             clock_utilization_final.rpt
#     ]
report_clock_utilization: Time (s): cpu = 00:00:29 ; elapsed = 00:00:30 . Memory (MB): peak = 13482.457 ; gain = 0.000 ; free physical = 21969 ; free virtual = 91771
# report_drc \
#     -file [
#         file join \
#             $reports_dir \
#             drc_final.rpt
#     ]
Command: report_drc -file /mnt_pool/c3_users/user/pleguina/graphsage_vivado_2024_1_sweep/build/vivado_sweep/qat_dsp_seed42_common_ssi_retime_route/reports/drc_final.rpt
INFO: [IP_Flow 19-234] Refreshing IP repositories
INFO: [IP_Flow 19-1704] No user IP repositories specified
INFO: [IP_Flow 19-2313] Loaded Vivado IP repository '/mnt_pool/c3_users/vivado/2025.2/data/ip'.
INFO: [DRC 23-27] Running DRC with 32 threads
WARNING: [DRC 23-814] Not all possible (connectivity based) DRCs may have been run because this design is seen as Out of Context.
INFO: [Vivado_Tcl 2-168] The results of DRC are in file /mnt_pool/c3_users/user/pleguina/graphsage_vivado_2024_1_sweep/build/vivado_sweep/qat_dsp_seed42_common_ssi_retime_route/reports/drc_final.rpt.
report_drc completed successfully
report_drc: Time (s): cpu = 00:02:58 ; elapsed = 00:00:49 . Memory (MB): peak = 13482.457 ; gain = 0.000 ; free physical = 21503 ; free virtual = 91664
# set setup_wns [timing_slack max]
# set timing_met [
#     expr {
#         $setup_wns ne "NA"
#         && $setup_wns >= 0.0
#     }
# ]
# write_metadata \
#     [file join $output_dir metadata.txt] \
#     [expr {
#         $timing_met
#             ? "timing_met"
#             : "timing_failed"
#     }] \
#     $run_name \
#     $place_directive \
#     $route_directive \
#     $screen_only \
#     $use_tns_cleanup \
#     $use_post_phys \
#     $post_place_phys_directive \
#     $start_time \
#     $clock_period
# puts "============================================================"
============================================================
# puts "RUN_COMPLETE=$run_name"
RUN_COMPLETE=qat_dsp_seed42_common_ssi_retime_route
# puts "SETUP_WNS_NS=$setup_wns"
SETUP_WNS_NS=0.007
# puts "TIMING_MET=$timing_met"
TIMING_MET=1
# puts "============================================================"
============================================================
# exit [expr {$timing_met ? 0 : 2}]
INFO: [Common 17-206] Exiting Vivado at Sat Aug 29 01:49:43 2026...
