
****** Vivado v2025.2 (64-bit)
  **** SW Build 6299465 on Fri Nov 14 12:34:56 MST 2025
  **** IP Build 6300035 on Fri Nov 14 10:48:45 MST 2025
  **** SharedData Build 6298862 on Thu Nov 13 04:50:51 MST 2025
  **** Start of session at: Fri Aug 21 08:19:25 2026
    ** Copyright 1986-2022 Xilinx, Inc. All Rights Reserved.
    ** Copyright 2022-2025 Advanced Micro Devices, Inc. All Rights Reserved.

source hls/build_vivado_graphsage_19c_const_checkpoint.tcl
# set script_dir [file dirname [file normalize [info script]]]
# set repo_root [file normalize [file join $script_dir ..]]
# set rtl_dir [file join $repo_root build hls graphsage_int8_po2_19c_const_params solution1 syn verilog]
# set xdc_file [file join $script_dir graphsage_int8_po2_ooc.xdc]
# set build_name [expr {
#     [info exists ::env(CONST_BUILD_NAME)]
#         ? $::env(CONST_BUILD_NAME)
#         : "graphsage_19c_const_build"
# }]
# set checkpoint_name [expr {
#     [info exists ::env(CONST_CHECKPOINT_NAME)]
#         ? $::env(CONST_CHECKPOINT_NAME)
#         : "graphsage_19c_const_post_synth.dcp"
# }]
# set output_dir [file join $repo_root build vivado_sweep $build_name]
# set output_checkpoint [file join $repo_root build vivado_sweep $checkpoint_name]
# set top_function graphsage_int8_po2
# set part_name xcvu13p-fsga2577-1-e
# set clock_period 2.77
# set io_delay [expr {$clock_period * 0.20}]
# set rtl_files [glob -nocomplain [file join $rtl_dir *.v]]
# if {[llength $rtl_files] == 0} {
#     error "No constant-parameter HLS RTL found in $rtl_dir"
# }
# if {![file exists $xdc_file]} {
#     error "Missing OOC constraints: $xdc_file"
# }
# file mkdir $output_dir
# set vivado_threads [expr {
#     [info exists ::env(SLURM_CPUS_PER_TASK)] ? $::env(SLURM_CPUS_PER_TASK) : 4
# }]
# set_param general.maxThreads $vivado_threads
# puts "GRAPHSAGE_19C_CONST_RTL_DIR=$rtl_dir"
GRAPHSAGE_19C_CONST_RTL_DIR=/mnt_pool/c3_users/user/pleguina/graphsage_vivado_2024_1_sweep/build/hls/graphsage_int8_po2_19c_const_params/solution1/syn/verilog
# puts "GRAPHSAGE_19C_CONST_RTL_FILES=[llength $rtl_files]"
GRAPHSAGE_19C_CONST_RTL_FILES=17
# puts "GRAPHSAGE_19C_CONST_OUTPUT_CHECKPOINT=$output_checkpoint"
GRAPHSAGE_19C_CONST_OUTPUT_CHECKPOINT=/mnt_pool/c3_users/user/pleguina/graphsage_vivado_2024_1_sweep/build/vivado_sweep/graphsage_19c_const_freerun_post_synth.dcp
# read_verilog $rtl_files
read_verilog: Time (s): cpu = 00:00:06 ; elapsed = 00:00:07 . Memory (MB): peak = 2154.453 ; gain = 487.148 ; free physical = 378553 ; free virtual = 446765
# read_xdc $xdc_file
# synth_design \
#     -top $top_function \
#     -part $part_name \
#     -mode out_of_context \
#     -flatten_hierarchy rebuilt
Command: synth_design -top graphsage_int8_po2 -part xcvu13p-fsga2577-1-e -mode out_of_context -flatten_hierarchy rebuilt
Starting synth_design
Attempting to get a license for feature 'Synthesis' and/or device 'xcvu13p'
INFO: [Common 17-349] Got license for feature 'Synthesis' and/or device 'xcvu13p'
INFO: [Common 17-1540] The version limit for your license is '2026.02' and has expired for new software. A version limit expiration means that, although you may be able to continue to use the current version of tools or IP with this license, you will not be eligible for new releases.
INFO: [Device 21-403] Loading part xcvu13p-fsga2577-1-e
INFO: [Synth 8-7079] Multithreading enabled for synth_design using a maximum of 7 processes.
INFO: [Synth 8-7078] Launching helper process for spawning children vivado processes
INFO: [Synth 8-7075] Helper process launched with PID 1475711
---------------------------------------------------------------------------------
Starting RTL Elaboration : Time (s): cpu = 00:00:03 ; elapsed = 00:00:04 . Memory (MB): peak = 3401.891 ; gain = 352.688 ; free physical = 376841 ; free virtual = 445101
---------------------------------------------------------------------------------
INFO: [Synth 8-6157] synthesizing module 'graphsage_int8_po2' [/mnt_pool/c3_users/user/pleguina/graphsage_vivado_2024_1_sweep/build/hls/graphsage_int8_po2_19c_const_params/solution1/syn/verilog/graphsage_int8_po2.v:9]
INFO: [Synth 8-6157] synthesizing module 'graphsage_int8_po2_mul_4s_8ns_12_4_1' [/mnt_pool/c3_users/user/pleguina/graphsage_vivado_2024_1_sweep/build/hls/graphsage_int8_po2_19c_const_params/solution1/syn/verilog/graphsage_int8_po2_mul_4s_8ns_12_4_1.v:5]
	Parameter ID bound to: 1 - type: integer 
	Parameter NUM_STAGE bound to: 4 - type: integer 
	Parameter din0_WIDTH bound to: 4 - type: integer 
	Parameter din1_WIDTH bound to: 8 - type: integer 
	Parameter dout_WIDTH bound to: 12 - type: integer 
INFO: [Synth 8-6155] done synthesizing module 'graphsage_int8_po2_mul_4s_8ns_12_4_1' (0#1) [/mnt_pool/c3_users/user/pleguina/graphsage_vivado_2024_1_sweep/build/hls/graphsage_int8_po2_19c_const_params/solution1/syn/verilog/graphsage_int8_po2_mul_4s_8ns_12_4_1.v:5]
INFO: [Synth 8-6157] synthesizing module 'graphsage_int8_po2_mul_4s_6s_10_4_1' [/mnt_pool/c3_users/user/pleguina/graphsage_vivado_2024_1_sweep/build/hls/graphsage_int8_po2_19c_const_params/solution1/syn/verilog/graphsage_int8_po2_mul_4s_6s_10_4_1.v:5]
	Parameter ID bound to: 1 - type: integer 
	Parameter NUM_STAGE bound to: 4 - type: integer 
	Parameter din0_WIDTH bound to: 4 - type: integer 
	Parameter din1_WIDTH bound to: 6 - type: integer 
	Parameter dout_WIDTH bound to: 10 - type: integer 
INFO: [Synth 8-6155] done synthesizing module 'graphsage_int8_po2_mul_4s_6s_10_4_1' (0#1) [/mnt_pool/c3_users/user/pleguina/graphsage_vivado_2024_1_sweep/build/hls/graphsage_int8_po2_19c_const_params/solution1/syn/verilog/graphsage_int8_po2_mul_4s_6s_10_4_1.v:5]
INFO: [Synth 8-6157] synthesizing module 'graphsage_int8_po2_mul_4s_7ns_11_4_1' [/mnt_pool/c3_users/user/pleguina/graphsage_vivado_2024_1_sweep/build/hls/graphsage_int8_po2_19c_const_params/solution1/syn/verilog/graphsage_int8_po2_mul_4s_7ns_11_4_1.v:5]
	Parameter ID bound to: 1 - type: integer 
	Parameter NUM_STAGE bound to: 4 - type: integer 
	Parameter din0_WIDTH bound to: 4 - type: integer 
	Parameter din1_WIDTH bound to: 7 - type: integer 
	Parameter dout_WIDTH bound to: 11 - type: integer 
INFO: [Synth 8-6155] done synthesizing module 'graphsage_int8_po2_mul_4s_7ns_11_4_1' (0#1) [/mnt_pool/c3_users/user/pleguina/graphsage_vivado_2024_1_sweep/build/hls/graphsage_int8_po2_19c_const_params/solution1/syn/verilog/graphsage_int8_po2_mul_4s_7ns_11_4_1.v:5]
INFO: [Synth 8-6157] synthesizing module 'graphsage_int8_po2_mul_4s_8s_12_4_1' [/mnt_pool/c3_users/user/pleguina/graphsage_vivado_2024_1_sweep/build/hls/graphsage_int8_po2_19c_const_params/solution1/syn/verilog/graphsage_int8_po2_mul_4s_8s_12_4_1.v:5]
	Parameter ID bound to: 1 - type: integer 
	Parameter NUM_STAGE bound to: 4 - type: integer 
	Parameter din0_WIDTH bound to: 4 - type: integer 
	Parameter din1_WIDTH bound to: 8 - type: integer 
	Parameter dout_WIDTH bound to: 12 - type: integer 
INFO: [Synth 8-6155] done synthesizing module 'graphsage_int8_po2_mul_4s_8s_12_4_1' (0#1) [/mnt_pool/c3_users/user/pleguina/graphsage_vivado_2024_1_sweep/build/hls/graphsage_int8_po2_19c_const_params/solution1/syn/verilog/graphsage_int8_po2_mul_4s_8s_12_4_1.v:5]
INFO: [Synth 8-6157] synthesizing module 'graphsage_int8_po2_mul_4s_6ns_10_4_1' [/mnt_pool/c3_users/user/pleguina/graphsage_vivado_2024_1_sweep/build/hls/graphsage_int8_po2_19c_const_params/solution1/syn/verilog/graphsage_int8_po2_mul_4s_6ns_10_4_1.v:5]
	Parameter ID bound to: 1 - type: integer 
	Parameter NUM_STAGE bound to: 4 - type: integer 
	Parameter din0_WIDTH bound to: 4 - type: integer 
	Parameter din1_WIDTH bound to: 6 - type: integer 
	Parameter dout_WIDTH bound to: 10 - type: integer 
INFO: [Synth 8-6155] done synthesizing module 'graphsage_int8_po2_mul_4s_6ns_10_4_1' (0#1) [/mnt_pool/c3_users/user/pleguina/graphsage_vivado_2024_1_sweep/build/hls/graphsage_int8_po2_19c_const_params/solution1/syn/verilog/graphsage_int8_po2_mul_4s_6ns_10_4_1.v:5]
INFO: [Synth 8-6157] synthesizing module 'graphsage_int8_po2_mul_4s_7s_11_4_1' [/mnt_pool/c3_users/user/pleguina/graphsage_vivado_2024_1_sweep/build/hls/graphsage_int8_po2_19c_const_params/solution1/syn/verilog/graphsage_int8_po2_mul_4s_7s_11_4_1.v:5]
	Parameter ID bound to: 1 - type: integer 
	Parameter NUM_STAGE bound to: 4 - type: integer 
	Parameter din0_WIDTH bound to: 4 - type: integer 
	Parameter din1_WIDTH bound to: 7 - type: integer 
	Parameter dout_WIDTH bound to: 11 - type: integer 
INFO: [Synth 8-6155] done synthesizing module 'graphsage_int8_po2_mul_4s_7s_11_4_1' (0#1) [/mnt_pool/c3_users/user/pleguina/graphsage_vivado_2024_1_sweep/build/hls/graphsage_int8_po2_19c_const_params/solution1/syn/verilog/graphsage_int8_po2_mul_4s_7s_11_4_1.v:5]
INFO: [Synth 8-6157] synthesizing module 'graphsage_int8_po2_mul_4s_5ns_9_4_1' [/mnt_pool/c3_users/user/pleguina/graphsage_vivado_2024_1_sweep/build/hls/graphsage_int8_po2_19c_const_params/solution1/syn/verilog/graphsage_int8_po2_mul_4s_5ns_9_4_1.v:5]
	Parameter ID bound to: 1 - type: integer 
	Parameter NUM_STAGE bound to: 4 - type: integer 
	Parameter din0_WIDTH bound to: 4 - type: integer 
	Parameter din1_WIDTH bound to: 5 - type: integer 
	Parameter dout_WIDTH bound to: 9 - type: integer 
INFO: [Synth 8-6155] done synthesizing module 'graphsage_int8_po2_mul_4s_5ns_9_4_1' (0#1) [/mnt_pool/c3_users/user/pleguina/graphsage_vivado_2024_1_sweep/build/hls/graphsage_int8_po2_19c_const_params/solution1/syn/verilog/graphsage_int8_po2_mul_4s_5ns_9_4_1.v:5]
INFO: [Synth 8-6157] synthesizing module 'graphsage_int8_po2_mul_4s_3s_7_4_1' [/mnt_pool/c3_users/user/pleguina/graphsage_vivado_2024_1_sweep/build/hls/graphsage_int8_po2_19c_const_params/solution1/syn/verilog/graphsage_int8_po2_mul_4s_3s_7_4_1.v:5]
	Parameter ID bound to: 1 - type: integer 
	Parameter NUM_STAGE bound to: 4 - type: integer 
	Parameter din0_WIDTH bound to: 4 - type: integer 
	Parameter din1_WIDTH bound to: 3 - type: integer 
	Parameter dout_WIDTH bound to: 7 - type: integer 
INFO: [Synth 8-6155] done synthesizing module 'graphsage_int8_po2_mul_4s_3s_7_4_1' (0#1) [/mnt_pool/c3_users/user/pleguina/graphsage_vivado_2024_1_sweep/build/hls/graphsage_int8_po2_19c_const_params/solution1/syn/verilog/graphsage_int8_po2_mul_4s_3s_7_4_1.v:5]
INFO: [Synth 8-6157] synthesizing module 'graphsage_int8_po2_mul_4s_4ns_8_4_1' [/mnt_pool/c3_users/user/pleguina/graphsage_vivado_2024_1_sweep/build/hls/graphsage_int8_po2_19c_const_params/solution1/syn/verilog/graphsage_int8_po2_mul_4s_4ns_8_4_1.v:5]
	Parameter ID bound to: 1 - type: integer 
	Parameter NUM_STAGE bound to: 4 - type: integer 
	Parameter din0_WIDTH bound to: 4 - type: integer 
	Parameter din1_WIDTH bound to: 4 - type: integer 
	Parameter dout_WIDTH bound to: 8 - type: integer 
INFO: [Synth 8-6155] done synthesizing module 'graphsage_int8_po2_mul_4s_4ns_8_4_1' (0#1) [/mnt_pool/c3_users/user/pleguina/graphsage_vivado_2024_1_sweep/build/hls/graphsage_int8_po2_19c_const_params/solution1/syn/verilog/graphsage_int8_po2_mul_4s_4ns_8_4_1.v:5]
INFO: [Synth 8-6157] synthesizing module 'graphsage_int8_po2_mul_4s_5s_9_4_1' [/mnt_pool/c3_users/user/pleguina/graphsage_vivado_2024_1_sweep/build/hls/graphsage_int8_po2_19c_const_params/solution1/syn/verilog/graphsage_int8_po2_mul_4s_5s_9_4_1.v:5]
	Parameter ID bound to: 1 - type: integer 
	Parameter NUM_STAGE bound to: 4 - type: integer 
	Parameter din0_WIDTH bound to: 4 - type: integer 
	Parameter din1_WIDTH bound to: 5 - type: integer 
	Parameter dout_WIDTH bound to: 9 - type: integer 
INFO: [Synth 8-6155] done synthesizing module 'graphsage_int8_po2_mul_4s_5s_9_4_1' (0#1) [/mnt_pool/c3_users/user/pleguina/graphsage_vivado_2024_1_sweep/build/hls/graphsage_int8_po2_19c_const_params/solution1/syn/verilog/graphsage_int8_po2_mul_4s_5s_9_4_1.v:5]
INFO: [Synth 8-6157] synthesizing module 'graphsage_int8_po2_mul_4s_4s_8_4_1' [/mnt_pool/c3_users/user/pleguina/graphsage_vivado_2024_1_sweep/build/hls/graphsage_int8_po2_19c_const_params/solution1/syn/verilog/graphsage_int8_po2_mul_4s_4s_8_4_1.v:5]
	Parameter ID bound to: 1 - type: integer 
	Parameter NUM_STAGE bound to: 4 - type: integer 
	Parameter din0_WIDTH bound to: 4 - type: integer 
	Parameter din1_WIDTH bound to: 4 - type: integer 
	Parameter dout_WIDTH bound to: 8 - type: integer 
INFO: [Synth 8-6155] done synthesizing module 'graphsage_int8_po2_mul_4s_4s_8_4_1' (0#1) [/mnt_pool/c3_users/user/pleguina/graphsage_vivado_2024_1_sweep/build/hls/graphsage_int8_po2_19c_const_params/solution1/syn/verilog/graphsage_int8_po2_mul_4s_4s_8_4_1.v:5]
INFO: [Synth 8-6157] synthesizing module 'graphsage_int8_po2_mul_7ns_7s_14_4_1' [/mnt_pool/c3_users/user/pleguina/graphsage_vivado_2024_1_sweep/build/hls/graphsage_int8_po2_19c_const_params/solution1/syn/verilog/graphsage_int8_po2_mul_7ns_7s_14_4_1.v:5]
	Parameter ID bound to: 1 - type: integer 
	Parameter NUM_STAGE bound to: 4 - type: integer 
	Parameter din0_WIDTH bound to: 7 - type: integer 
	Parameter din1_WIDTH bound to: 7 - type: integer 
	Parameter dout_WIDTH bound to: 14 - type: integer 
INFO: [Synth 8-6155] done synthesizing module 'graphsage_int8_po2_mul_7ns_7s_14_4_1' (0#1) [/mnt_pool/c3_users/user/pleguina/graphsage_vivado_2024_1_sweep/build/hls/graphsage_int8_po2_19c_const_params/solution1/syn/verilog/graphsage_int8_po2_mul_7ns_7s_14_4_1.v:5]
INFO: [Synth 8-6157] synthesizing module 'graphsage_int8_po2_mul_7ns_8s_15_4_1' [/mnt_pool/c3_users/user/pleguina/graphsage_vivado_2024_1_sweep/build/hls/graphsage_int8_po2_19c_const_params/solution1/syn/verilog/graphsage_int8_po2_mul_7ns_8s_15_4_1.v:5]
	Parameter ID bound to: 1 - type: integer 
	Parameter NUM_STAGE bound to: 4 - type: integer 
	Parameter din0_WIDTH bound to: 7 - type: integer 
	Parameter din1_WIDTH bound to: 8 - type: integer 
	Parameter dout_WIDTH bound to: 15 - type: integer 
INFO: [Synth 8-6155] done synthesizing module 'graphsage_int8_po2_mul_7ns_8s_15_4_1' (0#1) [/mnt_pool/c3_users/user/pleguina/graphsage_vivado_2024_1_sweep/build/hls/graphsage_int8_po2_19c_const_params/solution1/syn/verilog/graphsage_int8_po2_mul_7ns_8s_15_4_1.v:5]
INFO: [Synth 8-6157] synthesizing module 'graphsage_int8_po2_mul_7ns_6s_13_4_1' [/mnt_pool/c3_users/user/pleguina/graphsage_vivado_2024_1_sweep/build/hls/graphsage_int8_po2_19c_const_params/solution1/syn/verilog/graphsage_int8_po2_mul_7ns_6s_13_4_1.v:5]
	Parameter ID bound to: 1 - type: integer 
	Parameter NUM_STAGE bound to: 4 - type: integer 
	Parameter din0_WIDTH bound to: 7 - type: integer 
	Parameter din1_WIDTH bound to: 6 - type: integer 
	Parameter dout_WIDTH bound to: 13 - type: integer 
INFO: [Synth 8-6155] done synthesizing module 'graphsage_int8_po2_mul_7ns_6s_13_4_1' (0#1) [/mnt_pool/c3_users/user/pleguina/graphsage_vivado_2024_1_sweep/build/hls/graphsage_int8_po2_19c_const_params/solution1/syn/verilog/graphsage_int8_po2_mul_7ns_6s_13_4_1.v:5]
INFO: [Synth 8-6157] synthesizing module 'graphsage_int8_po2_ama_addmuladd_9s_8s_11ns_17ns_21_4_1' [/mnt_pool/c3_users/user/pleguina/graphsage_vivado_2024_1_sweep/build/hls/graphsage_int8_po2_19c_const_params/solution1/syn/verilog/graphsage_int8_po2_ama_addmuladd_9s_8s_11ns_17ns_21_4_1.v:51]
	Parameter ID bound to: 1 - type: integer 
	Parameter NUM_STAGE bound to: 4 - type: integer 
	Parameter din0_WIDTH bound to: 9 - type: integer 
	Parameter din1_WIDTH bound to: 8 - type: integer 
	Parameter din2_WIDTH bound to: 11 - type: integer 
	Parameter din3_WIDTH bound to: 17 - type: integer 
	Parameter dout_WIDTH bound to: 21 - type: integer 
INFO: [Synth 8-6157] synthesizing module 'graphsage_int8_po2_ama_addmuladd_9s_8s_11ns_17ns_21_4_1_DSP48_0' [/mnt_pool/c3_users/user/pleguina/graphsage_vivado_2024_1_sweep/build/hls/graphsage_int8_po2_19c_const_params/solution1/syn/verilog/graphsage_int8_po2_ama_addmuladd_9s_8s_11ns_17ns_21_4_1.v:7]
INFO: [Synth 8-6155] done synthesizing module 'graphsage_int8_po2_ama_addmuladd_9s_8s_11ns_17ns_21_4_1_DSP48_0' (0#1) [/mnt_pool/c3_users/user/pleguina/graphsage_vivado_2024_1_sweep/build/hls/graphsage_int8_po2_19c_const_params/solution1/syn/verilog/graphsage_int8_po2_ama_addmuladd_9s_8s_11ns_17ns_21_4_1.v:7]
INFO: [Synth 8-6155] done synthesizing module 'graphsage_int8_po2_ama_addmuladd_9s_8s_11ns_17ns_21_4_1' (0#1) [/mnt_pool/c3_users/user/pleguina/graphsage_vivado_2024_1_sweep/build/hls/graphsage_int8_po2_19c_const_params/solution1/syn/verilog/graphsage_int8_po2_ama_addmuladd_9s_8s_11ns_17ns_21_4_1.v:51]
INFO: [Synth 8-6157] synthesizing module 'graphsage_int8_po2_ama_addmuladd_8ns_7ns_11ns_12ns_19_4_1' [/mnt_pool/c3_users/user/pleguina/graphsage_vivado_2024_1_sweep/build/hls/graphsage_int8_po2_19c_const_params/solution1/syn/verilog/graphsage_int8_po2_ama_addmuladd_8ns_7ns_11ns_12ns_19_4_1.v:51]
	Parameter ID bound to: 1 - type: integer 
	Parameter NUM_STAGE bound to: 4 - type: integer 
	Parameter din0_WIDTH bound to: 8 - type: integer 
	Parameter din1_WIDTH bound to: 7 - type: integer 
	Parameter din2_WIDTH bound to: 11 - type: integer 
	Parameter din3_WIDTH bound to: 12 - type: integer 
	Parameter dout_WIDTH bound to: 19 - type: integer 
INFO: [Synth 8-6157] synthesizing module 'graphsage_int8_po2_ama_addmuladd_8ns_7ns_11ns_12ns_19_4_1_DSP48_0' [/mnt_pool/c3_users/user/pleguina/graphsage_vivado_2024_1_sweep/build/hls/graphsage_int8_po2_19c_const_params/solution1/syn/verilog/graphsage_int8_po2_ama_addmuladd_8ns_7ns_11ns_12ns_19_4_1.v:7]
INFO: [Synth 8-6155] done synthesizing module 'graphsage_int8_po2_ama_addmuladd_8ns_7ns_11ns_12ns_19_4_1_DSP48_0' (0#1) [/mnt_pool/c3_users/user/pleguina/graphsage_vivado_2024_1_sweep/build/hls/graphsage_int8_po2_19c_const_params/solution1/syn/verilog/graphsage_int8_po2_ama_addmuladd_8ns_7ns_11ns_12ns_19_4_1.v:7]
INFO: [Synth 8-6155] done synthesizing module 'graphsage_int8_po2_ama_addmuladd_8ns_7ns_11ns_12ns_19_4_1' (0#1) [/mnt_pool/c3_users/user/pleguina/graphsage_vivado_2024_1_sweep/build/hls/graphsage_int8_po2_19c_const_params/solution1/syn/verilog/graphsage_int8_po2_ama_addmuladd_8ns_7ns_11ns_12ns_19_4_1.v:51]
INFO: [Synth 8-6155] done synthesizing module 'graphsage_int8_po2' (0#1) [/mnt_pool/c3_users/user/pleguina/graphsage_vivado_2024_1_sweep/build/hls/graphsage_int8_po2_19c_const_params/solution1/syn/verilog/graphsage_int8_po2.v:9]
INFO: [Synth 8-6014] Unused sequential element ap_enable_reg_pp0_iter26_reg was removed.  [/mnt_pool/c3_users/user/pleguina/graphsage_vivado_2024_1_sweep/build/hls/graphsage_int8_po2_19c_const_params/solution1/syn/verilog/graphsage_int8_po2.v:18302]
INFO: [Synth 8-7129] Port rst in module graphsage_int8_po2_ama_addmuladd_8ns_7ns_11ns_12ns_19_4_1_DSP48_0 is either unconnected or has no load
INFO: [Synth 8-7129] Port rst in module graphsage_int8_po2_ama_addmuladd_9s_8s_11ns_17ns_21_4_1_DSP48_0 is either unconnected or has no load
INFO: [Synth 8-7129] Port reset in module graphsage_int8_po2_mul_7ns_8s_15_4_1 is either unconnected or has no load
INFO: [Synth 8-7129] Port reset in module graphsage_int8_po2_mul_7ns_6s_13_4_1 is either unconnected or has no load
INFO: [Synth 8-7129] Port reset in module graphsage_int8_po2_mul_7ns_7s_14_4_1 is either unconnected or has no load
INFO: [Synth 8-7129] Port reset in module graphsage_int8_po2_mul_4s_5ns_9_4_1 is either unconnected or has no load
INFO: [Synth 8-7129] Port reset in module graphsage_int8_po2_mul_4s_7ns_11_4_1 is either unconnected or has no load
INFO: [Synth 8-7129] Port reset in module graphsage_int8_po2_mul_4s_4s_8_4_1 is either unconnected or has no load
INFO: [Synth 8-7129] Port reset in module graphsage_int8_po2_mul_4s_8ns_12_4_1 is either unconnected or has no load
INFO: [Synth 8-7129] Port reset in module graphsage_int8_po2_mul_4s_5s_9_4_1 is either unconnected or has no load
INFO: [Synth 8-7129] Port reset in module graphsage_int8_po2_mul_4s_8s_12_4_1 is either unconnected or has no load
INFO: [Synth 8-7129] Port reset in module graphsage_int8_po2_mul_4s_7s_11_4_1 is either unconnected or has no load
INFO: [Synth 8-7129] Port reset in module graphsage_int8_po2_mul_4s_6s_10_4_1 is either unconnected or has no load
INFO: [Synth 8-7129] Port reset in module graphsage_int8_po2_mul_4s_4ns_8_4_1 is either unconnected or has no load
INFO: [Synth 8-7129] Port reset in module graphsage_int8_po2_mul_4s_3s_7_4_1 is either unconnected or has no load
INFO: [Synth 8-7129] Port reset in module graphsage_int8_po2_mul_4s_6ns_10_4_1 is either unconnected or has no load
---------------------------------------------------------------------------------
Finished RTL Elaboration : Time (s): cpu = 00:00:05 ; elapsed = 00:00:08 . Memory (MB): peak = 3618.828 ; gain = 569.625 ; free physical = 376599 ; free virtual = 444863
---------------------------------------------------------------------------------
---------------------------------------------------------------------------------
Start Handling Custom Attributes
---------------------------------------------------------------------------------
---------------------------------------------------------------------------------
Finished Handling Custom Attributes : Time (s): cpu = 00:00:05 ; elapsed = 00:00:08 . Memory (MB): peak = 3618.828 ; gain = 569.625 ; free physical = 376599 ; free virtual = 444862
---------------------------------------------------------------------------------
---------------------------------------------------------------------------------
Finished RTL Optimization Phase 1 : Time (s): cpu = 00:00:05 ; elapsed = 00:00:08 . Memory (MB): peak = 3618.828 ; gain = 569.625 ; free physical = 376599 ; free virtual = 444862
---------------------------------------------------------------------------------
Netlist sorting complete. Time (s): cpu = 00:00:00.23 ; elapsed = 00:00:00.24 . Memory (MB): peak = 3618.828 ; gain = 0.000 ; free physical = 376599 ; free virtual = 444863
INFO: [Project 1-570] Preparing netlist for logic optimization

Processing XDC Constraints
Initializing timing engine
Parsing XDC File [/mnt_pool/c3_users/user/pleguina/graphsage_vivado_2024_1_sweep/hls/graphsage_int8_po2_ooc.xdc]
Finished Parsing XDC File [/mnt_pool/c3_users/user/pleguina/graphsage_vivado_2024_1_sweep/hls/graphsage_int8_po2_ooc.xdc]
INFO: [Project 1-236] Implementation specific constraints were found while reading constraint file [/mnt_pool/c3_users/user/pleguina/graphsage_vivado_2024_1_sweep/hls/graphsage_int8_po2_ooc.xdc]. These constraints will be ignored for synthesis but will be used in implementation. Impacted constraints are listed in the file [.Xil/graphsage_int8_po2_propImpl.xdc].
Resolution: To avoid this warning, move constraints listed in [.Xil/graphsage_int8_po2_propImpl.xdc] to another XDC file and exclude this new file from synthesis with the used_in_synthesis property (File Properties dialog in GUI) and re-run elaboration/synthesis.
Completed Processing XDC Constraints

Netlist sorting complete. Time (s): cpu = 00:00:00.01 ; elapsed = 00:00:00.01 . Memory (MB): peak = 3923.656 ; gain = 0.000 ; free physical = 376544 ; free virtual = 444830
INFO: [Project 1-111] Unisim Transformation Summary:
No Unisim elements were transformed.

Constraint Validation Runtime : Time (s): cpu = 00:00:00.09 ; elapsed = 00:00:00.1 . Memory (MB): peak = 3923.691 ; gain = 0.000 ; free physical = 376540 ; free virtual = 444826
---------------------------------------------------------------------------------
Finished Constraint Validation : Time (s): cpu = 00:00:17 ; elapsed = 00:00:23 . Memory (MB): peak = 3923.691 ; gain = 874.488 ; free physical = 376534 ; free virtual = 444820
---------------------------------------------------------------------------------
---------------------------------------------------------------------------------
Start Loading Part and Timing Information
---------------------------------------------------------------------------------
Loading part: xcvu13p-fsga2577-1-e
INFO: [Synth 8-6742] Reading net delay rules and data
---------------------------------------------------------------------------------
Finished Loading Part and Timing Information : Time (s): cpu = 00:00:17 ; elapsed = 00:00:23 . Memory (MB): peak = 3931.660 ; gain = 882.457 ; free physical = 376534 ; free virtual = 444820
---------------------------------------------------------------------------------
---------------------------------------------------------------------------------
Start Applying 'set_property' XDC Constraints
---------------------------------------------------------------------------------
---------------------------------------------------------------------------------
Finished applying 'set_property' XDC Constraints : Time (s): cpu = 00:00:17 ; elapsed = 00:00:23 . Memory (MB): peak = 3931.660 ; gain = 882.457 ; free physical = 376534 ; free virtual = 444820
---------------------------------------------------------------------------------
---------------------------------------------------------------------------------
Finished RTL Optimization Phase 2 : Time (s): cpu = 00:00:19 ; elapsed = 00:00:25 . Memory (MB): peak = 3931.660 ; gain = 882.457 ; free physical = 376527 ; free virtual = 444816
---------------------------------------------------------------------------------
---------------------------------------------------------------------------------
Start RTL Component Statistics 
---------------------------------------------------------------------------------
Detailed RTL Component Info : 
+---Adders : 
	   3 Input   16 Bit       Adders := 16    
	   2 Input   16 Bit       Adders := 24    
	   3 Input   15 Bit       Adders := 28    
	   2 Input   15 Bit       Adders := 24    
	   2 Input   14 Bit       Adders := 20    
	   3 Input   14 Bit       Adders := 8     
	   2 Input   13 Bit       Adders := 32    
	   3 Input   13 Bit       Adders := 16    
	   2 Input   12 Bit       Adders := 64    
	   3 Input   12 Bit       Adders := 40    
	   2 Input   11 Bit       Adders := 144   
	   3 Input   11 Bit       Adders := 8     
	   2 Input   10 Bit       Adders := 72    
	   3 Input    9 Bit       Adders := 4     
	   2 Input    9 Bit       Adders := 136   
	   2 Input    8 Bit       Adders := 28    
	   3 Input    8 Bit       Adders := 4     
+---Registers : 
	               16 Bit    Registers := 24    
	               15 Bit    Registers := 180   
	               14 Bit    Registers := 42    
	               13 Bit    Registers := 88    
	               12 Bit    Registers := 518   
	               11 Bit    Registers := 743   
	               10 Bit    Registers := 272   
	                9 Bit    Registers := 288   
	                8 Bit    Registers := 590   
	                7 Bit    Registers := 348   
	                6 Bit    Registers := 72    
	                5 Bit    Registers := 56    
	                4 Bit    Registers := 853   
	                3 Bit    Registers := 8     
	                1 Bit    Registers := 62    
+---Multipliers : 
	                8x8  Multipliers := 48    
	                7x8  Multipliers := 8     
	                6x8  Multipliers := 8     
	                4x9  Multipliers := 120   
	                4x8  Multipliers := 168   
	                4x7  Multipliers := 72    
	                4x6  Multipliers := 96    
	                4x5  Multipliers := 32    
	                4x4  Multipliers := 8     
	                3x4  Multipliers := 8     
+---Muxes : 
	   2 Input    8 Bit        Muxes := 16    
	   2 Input    7 Bit        Muxes := 8     
---------------------------------------------------------------------------------
Finished RTL Component Statistics 
---------------------------------------------------------------------------------
---------------------------------------------------------------------------------
Start Part Resource Summary
---------------------------------------------------------------------------------
Part Resources:
DSPs: 12288 (col length:96)
BRAMs: 5376 (col length: RAMB18 384 RAMB36 192)
---------------------------------------------------------------------------------
Finished Part Resource Summary
---------------------------------------------------------------------------------
---------------------------------------------------------------------------------
Start Cross Boundary and Area Optimization
---------------------------------------------------------------------------------
INFO: [Synth 8-4471] merging register 'ama_addmuladd_8ns_7ns_11ns_12ns_19_4_1_U640/graphsage_int8_po2_ama_addmuladd_8ns_7ns_11ns_12ns_19_4_1_DSP48_0_U/b_reg_reg[17:0]' into 'ama_addmuladd_8ns_7ns_11ns_12ns_19_4_1_U644/graphsage_int8_po2_ama_addmuladd_8ns_7ns_11ns_12ns_19_4_1_DSP48_0_U/b_reg_reg[17:0]' [/mnt_pool/c3_users/user/pleguina/graphsage_vivado_2024_1_sweep/build/hls/graphsage_int8_po2_19c_const_params/solution1/syn/verilog/graphsage_int8_po2_ama_addmuladd_8ns_7ns_11ns_12ns_19_4_1.v:36]
INFO: [Synth 8-3936] Found unconnected internal register 'ama_addmuladd_8ns_7ns_11ns_12ns_19_4_1_U644/graphsage_int8_po2_ama_addmuladd_8ns_7ns_11ns_12ns_19_4_1_DSP48_0_U/p_reg_reg' and it is trimmed from '46' to '19' bits. [/mnt_pool/c3_users/user/pleguina/graphsage_vivado_2024_1_sweep/build/hls/graphsage_int8_po2_19c_const_params/solution1/syn/verilog/graphsage_int8_po2_ama_addmuladd_8ns_7ns_11ns_12ns_19_4_1.v:43]
INFO: [Synth 8-3936] Found unconnected internal register 'ama_addmuladd_8ns_7ns_11ns_12ns_19_4_1_U644/graphsage_int8_po2_ama_addmuladd_8ns_7ns_11ns_12ns_19_4_1_DSP48_0_U/m_reg_reg' and it is trimmed from '45' to '19' bits. [/mnt_pool/c3_users/user/pleguina/graphsage_vivado_2024_1_sweep/build/hls/graphsage_int8_po2_19c_const_params/solution1/syn/verilog/graphsage_int8_po2_ama_addmuladd_8ns_7ns_11ns_12ns_19_4_1.v:37]
INFO: [Synth 8-3936] Found unconnected internal register 'ama_addmuladd_8ns_7ns_11ns_12ns_19_4_1_U640/graphsage_int8_po2_ama_addmuladd_8ns_7ns_11ns_12ns_19_4_1_DSP48_0_U/p_reg_reg' and it is trimmed from '46' to '19' bits. [/mnt_pool/c3_users/user/pleguina/graphsage_vivado_2024_1_sweep/build/hls/graphsage_int8_po2_19c_const_params/solution1/syn/verilog/graphsage_int8_po2_ama_addmuladd_8ns_7ns_11ns_12ns_19_4_1.v:43]
INFO: [Synth 8-3936] Found unconnected internal register 'ama_addmuladd_8ns_7ns_11ns_12ns_19_4_1_U640/graphsage_int8_po2_ama_addmuladd_8ns_7ns_11ns_12ns_19_4_1_DSP48_0_U/m_reg_reg' and it is trimmed from '45' to '19' bits. [/mnt_pool/c3_users/user/pleguina/graphsage_vivado_2024_1_sweep/build/hls/graphsage_int8_po2_19c_const_params/solution1/syn/verilog/graphsage_int8_po2_ama_addmuladd_8ns_7ns_11ns_12ns_19_4_1.v:37]
DSP Report: Generating DSP ama_addmuladd_8ns_7ns_11ns_12ns_19_4_1_U644/graphsage_int8_po2_ama_addmuladd_8ns_7ns_11ns_12ns_19_4_1_DSP48_0_U/p_reg_reg, operation Mode is: (C:0x800)+((D'+A2)*(B:0x555)')'.
DSP Report: register ama_addmuladd_8ns_7ns_11ns_12ns_19_4_1_U644/graphsage_int8_po2_ama_addmuladd_8ns_7ns_11ns_12ns_19_4_1_DSP48_0_U/p_reg_reg is absorbed into DSP ama_addmuladd_8ns_7ns_11ns_12ns_19_4_1_U644/graphsage_int8_po2_ama_addmuladd_8ns_7ns_11ns_12ns_19_4_1_DSP48_0_U/p_reg_reg.
DSP Report: register ama_addmuladd_8ns_7ns_11ns_12ns_19_4_1_U644/graphsage_int8_po2_ama_addmuladd_8ns_7ns_11ns_12ns_19_4_1_DSP48_0_U/b_reg_reg is absorbed into DSP ama_addmuladd_8ns_7ns_11ns_12ns_19_4_1_U644/graphsage_int8_po2_ama_addmuladd_8ns_7ns_11ns_12ns_19_4_1_DSP48_0_U/p_reg_reg.
DSP Report: register ama_addmuladd_8ns_7ns_11ns_12ns_19_4_1_U644/graphsage_int8_po2_ama_addmuladd_8ns_7ns_11ns_12ns_19_4_1_DSP48_0_U/p_reg_reg is absorbed into DSP ama_addmuladd_8ns_7ns_11ns_12ns_19_4_1_U644/graphsage_int8_po2_ama_addmuladd_8ns_7ns_11ns_12ns_19_4_1_DSP48_0_U/p_reg_reg.
DSP Report: register ama_addmuladd_8ns_7ns_11ns_12ns_19_4_1_U644/graphsage_int8_po2_ama_addmuladd_8ns_7ns_11ns_12ns_19_4_1_DSP48_0_U/p_reg_reg is absorbed into DSP ama_addmuladd_8ns_7ns_11ns_12ns_19_4_1_U644/graphsage_int8_po2_ama_addmuladd_8ns_7ns_11ns_12ns_19_4_1_DSP48_0_U/p_reg_reg.
DSP Report: register ama_addmuladd_8ns_7ns_11ns_12ns_19_4_1_U644/graphsage_int8_po2_ama_addmuladd_8ns_7ns_11ns_12ns_19_4_1_DSP48_0_U/m_reg_reg is absorbed into DSP ama_addmuladd_8ns_7ns_11ns_12ns_19_4_1_U644/graphsage_int8_po2_ama_addmuladd_8ns_7ns_11ns_12ns_19_4_1_DSP48_0_U/p_reg_reg.
DSP Report: register ama_addmuladd_8ns_7ns_11ns_12ns_19_4_1_U644/graphsage_int8_po2_ama_addmuladd_8ns_7ns_11ns_12ns_19_4_1_DSP48_0_U/ad_reg_reg is absorbed into DSP ama_addmuladd_8ns_7ns_11ns_12ns_19_4_1_U644/graphsage_int8_po2_ama_addmuladd_8ns_7ns_11ns_12ns_19_4_1_DSP48_0_U/p_reg_reg.
DSP Report: operator ama_addmuladd_8ns_7ns_11ns_12ns_19_4_1_U644/graphsage_int8_po2_ama_addmuladd_8ns_7ns_11ns_12ns_19_4_1_DSP48_0_U/p is absorbed into DSP ama_addmuladd_8ns_7ns_11ns_12ns_19_4_1_U644/graphsage_int8_po2_ama_addmuladd_8ns_7ns_11ns_12ns_19_4_1_DSP48_0_U/p_reg_reg.
DSP Report: operator ama_addmuladd_8ns_7ns_11ns_12ns_19_4_1_U644/graphsage_int8_po2_ama_addmuladd_8ns_7ns_11ns_12ns_19_4_1_DSP48_0_U/m is absorbed into DSP ama_addmuladd_8ns_7ns_11ns_12ns_19_4_1_U644/graphsage_int8_po2_ama_addmuladd_8ns_7ns_11ns_12ns_19_4_1_DSP48_0_U/p_reg_reg.
DSP Report: operator ama_addmuladd_8ns_7ns_11ns_12ns_19_4_1_U644/graphsage_int8_po2_ama_addmuladd_8ns_7ns_11ns_12ns_19_4_1_DSP48_0_U/ad is absorbed into DSP ama_addmuladd_8ns_7ns_11ns_12ns_19_4_1_U644/graphsage_int8_po2_ama_addmuladd_8ns_7ns_11ns_12ns_19_4_1_DSP48_0_U/p_reg_reg.
DSP Report: Generating DSP ama_addmuladd_8ns_7ns_11ns_12ns_19_4_1_U640/graphsage_int8_po2_ama_addmuladd_8ns_7ns_11ns_12ns_19_4_1_DSP48_0_U/p_reg_reg, operation Mode is: (C:0x800)+((D'+A)*(B:0x555)')'.
DSP Report: register ama_addmuladd_8ns_7ns_11ns_12ns_19_4_1_U644/graphsage_int8_po2_ama_addmuladd_8ns_7ns_11ns_12ns_19_4_1_DSP48_0_U/b_reg_reg is absorbed into DSP ama_addmuladd_8ns_7ns_11ns_12ns_19_4_1_U640/graphsage_int8_po2_ama_addmuladd_8ns_7ns_11ns_12ns_19_4_1_DSP48_0_U/p_reg_reg.
DSP Report: register ama_addmuladd_8ns_7ns_11ns_12ns_19_4_1_U640/graphsage_int8_po2_ama_addmuladd_8ns_7ns_11ns_12ns_19_4_1_DSP48_0_U/p_reg_reg is absorbed into DSP ama_addmuladd_8ns_7ns_11ns_12ns_19_4_1_U640/graphsage_int8_po2_ama_addmuladd_8ns_7ns_11ns_12ns_19_4_1_DSP48_0_U/p_reg_reg.
DSP Report: register ama_addmuladd_8ns_7ns_11ns_12ns_19_4_1_U640/graphsage_int8_po2_ama_addmuladd_8ns_7ns_11ns_12ns_19_4_1_DSP48_0_U/p_reg_reg is absorbed into DSP ama_addmuladd_8ns_7ns_11ns_12ns_19_4_1_U640/graphsage_int8_po2_ama_addmuladd_8ns_7ns_11ns_12ns_19_4_1_DSP48_0_U/p_reg_reg.
DSP Report: register ama_addmuladd_8ns_7ns_11ns_12ns_19_4_1_U640/graphsage_int8_po2_ama_addmuladd_8ns_7ns_11ns_12ns_19_4_1_DSP48_0_U/m_reg_reg is absorbed into DSP ama_addmuladd_8ns_7ns_11ns_12ns_19_4_1_U640/graphsage_int8_po2_ama_addmuladd_8ns_7ns_11ns_12ns_19_4_1_DSP48_0_U/p_reg_reg.
DSP Report: register ama_addmuladd_8ns_7ns_11ns_12ns_19_4_1_U640/graphsage_int8_po2_ama_addmuladd_8ns_7ns_11ns_12ns_19_4_1_DSP48_0_U/ad_reg_reg is absorbed into DSP ama_addmuladd_8ns_7ns_11ns_12ns_19_4_1_U640/graphsage_int8_po2_ama_addmuladd_8ns_7ns_11ns_12ns_19_4_1_DSP48_0_U/p_reg_reg.
DSP Report: operator ama_addmuladd_8ns_7ns_11ns_12ns_19_4_1_U640/graphsage_int8_po2_ama_addmuladd_8ns_7ns_11ns_12ns_19_4_1_DSP48_0_U/p is absorbed into DSP ama_addmuladd_8ns_7ns_11ns_12ns_19_4_1_U640/graphsage_int8_po2_ama_addmuladd_8ns_7ns_11ns_12ns_19_4_1_DSP48_0_U/p_reg_reg.
DSP Report: operator ama_addmuladd_8ns_7ns_11ns_12ns_19_4_1_U640/graphsage_int8_po2_ama_addmuladd_8ns_7ns_11ns_12ns_19_4_1_DSP48_0_U/m is absorbed into DSP ama_addmuladd_8ns_7ns_11ns_12ns_19_4_1_U640/graphsage_int8_po2_ama_addmuladd_8ns_7ns_11ns_12ns_19_4_1_DSP48_0_U/p_reg_reg.
DSP Report: operator ama_addmuladd_8ns_7ns_11ns_12ns_19_4_1_U640/graphsage_int8_po2_ama_addmuladd_8ns_7ns_11ns_12ns_19_4_1_DSP48_0_U/ad is absorbed into DSP ama_addmuladd_8ns_7ns_11ns_12ns_19_4_1_U640/graphsage_int8_po2_ama_addmuladd_8ns_7ns_11ns_12ns_19_4_1_DSP48_0_U/p_reg_reg.
INFO: [Synth 8-7129] Port reset in module graphsage_int8_po2_mul_4s_8ns_12_4_1__25 is either unconnected or has no load
INFO: [Synth 8-7129] Port reset in module graphsage_int8_po2_mul_4s_5ns_9_4_1__9 is either unconnected or has no load
INFO: [Synth 8-7129] Port reset in module graphsage_int8_po2_mul_4s_4s_8_4_1__2 is either unconnected or has no load
INFO: [Synth 8-7129] Port reset in module graphsage_int8_po2_mul_4s_7ns_11_4_1__28 is either unconnected or has no load
INFO: [Synth 8-7129] Port reset in module graphsage_int8_po2_mul_4s_7ns_11_4_1__27 is either unconnected or has no load
INFO: [Synth 8-7129] Port reset in module graphsage_int8_po2_mul_4s_8ns_12_4_1__24 is either unconnected or has no load
INFO: [Synth 8-7129] Port reset in module graphsage_int8_po2_mul_4s_5s_9_4_1__4 is either unconnected or has no load
INFO: [Synth 8-7129] Port reset in module graphsage_int8_po2_mul_4s_7ns_11_4_1__26 is either unconnected or has no load
INFO: [Synth 8-7129] Port reset in module graphsage_int8_po2_mul_4s_8ns_12_4_1__23 is either unconnected or has no load
INFO: [Synth 8-7129] Port reset in module graphsage_int8_po2_mul_4s_5s_9_4_1__3 is either unconnected or has no load
INFO: [Synth 8-7129] Port reset in module graphsage_int8_po2_mul_4s_8s_12_4_1__10 is either unconnected or has no load
INFO: [Synth 8-7129] Port reset in module graphsage_int8_po2_mul_4s_7ns_11_4_1__25 is either unconnected or has no load
INFO: [Synth 8-7129] Port reset in module graphsage_int8_po2_mul_4s_8s_12_4_1__9 is either unconnected or has no load
INFO: [Synth 8-7129] Port reset in module graphsage_int8_po2_mul_4s_7ns_11_4_1__24 is either unconnected or has no load
INFO: [Synth 8-7129] Port reset in module graphsage_int8_po2_mul_4s_8ns_12_4_1__22 is either unconnected or has no load
INFO: [Synth 8-7129] Port reset in module graphsage_int8_po2_mul_4s_8ns_12_4_1__21 is either unconnected or has no load
INFO: [Synth 8-7129] Port reset in module graphsage_int8_po2_mul_4s_8ns_12_4_1__20 is either unconnected or has no load
INFO: [Synth 8-7129] Port reset in module graphsage_int8_po2_mul_4s_7s_11_4_1__19 is either unconnected or has no load
INFO: [Synth 8-7129] Port reset in module graphsage_int8_po2_mul_4s_8ns_12_4_1__19 is either unconnected or has no load
INFO: [Synth 8-7129] Port reset in module graphsage_int8_po2_mul_4s_8ns_12_4_1__18 is either unconnected or has no load
INFO: [Synth 8-7129] Port reset in module graphsage_int8_po2_mul_4s_8s_12_4_1__8 is either unconnected or has no load
INFO: [Synth 8-7129] Port reset in module graphsage_int8_po2_mul_4s_6s_10_4_1__14 is either unconnected or has no load
INFO: [Synth 8-7129] Port reset in module graphsage_int8_po2_mul_4s_5s_9_4_1__2 is either unconnected or has no load
INFO: [Synth 8-7129] Port reset in module graphsage_int8_po2_mul_4s_8ns_12_4_1__17 is either unconnected or has no load
INFO: [Synth 8-7129] Port reset in module graphsage_int8_po2_mul_4s_8ns_12_4_1__16 is either unconnected or has no load
INFO: [Synth 8-7129] Port reset in module graphsage_int8_po2_mul_4s_5ns_9_4_1__8 is either unconnected or has no load
INFO: [Synth 8-7129] Port reset in module graphsage_int8_po2_mul_4s_5ns_9_4_1__7 is either unconnected or has no load
INFO: [Synth 8-7129] Port reset in module graphsage_int8_po2_mul_4s_7ns_11_4_1__23 is either unconnected or has no load
INFO: [Synth 8-7129] Port reset in module graphsage_int8_po2_mul_4s_8ns_12_4_1__15 is either unconnected or has no load
INFO: [Synth 8-7129] Port reset in module graphsage_int8_po2_mul_4s_4ns_8_4_1__3 is either unconnected or has no load
INFO: [Synth 8-7129] Port reset in module graphsage_int8_po2_mul_4s_7ns_11_4_1__22 is either unconnected or has no load
INFO: [Synth 8-7129] Port reset in module graphsage_int8_po2_mul_4s_6s_10_4_1__13 is either unconnected or has no load
INFO: [Synth 8-7129] Port reset in module graphsage_int8_po2_mul_4s_7ns_11_4_1__21 is either unconnected or has no load
INFO: [Synth 8-7129] Port reset in module graphsage_int8_po2_mul_4s_7ns_11_4_1__20 is either unconnected or has no load
INFO: [Synth 8-7129] Port reset in module graphsage_int8_po2_mul_4s_7s_11_4_1__18 is either unconnected or has no load
INFO: [Synth 8-7129] Port reset in module graphsage_int8_po2_mul_4s_8s_12_4_1__7 is either unconnected or has no load
INFO: [Synth 8-7129] Port reset in module graphsage_int8_po2_mul_4s_8ns_12_4_1__14 is either unconnected or has no load
INFO: [Synth 8-7129] Port reset in module graphsage_int8_po2_mul_4s_4ns_8_4_1__2 is either unconnected or has no load
INFO: [Synth 8-7129] Port reset in module graphsage_int8_po2_mul_4s_7ns_11_4_1__19 is either unconnected or has no load
INFO: [Synth 8-7129] Port reset in module graphsage_int8_po2_mul_4s_8s_12_4_1__6 is either unconnected or has no load
INFO: [Synth 8-7129] Port reset in module graphsage_int8_po2_mul_4s_5ns_9_4_1__6 is either unconnected or has no load
INFO: [Synth 8-7129] Port reset in module graphsage_int8_po2_mul_4s_5ns_9_4_1__5 is either unconnected or has no load
INFO: [Synth 8-7129] Port reset in module graphsage_int8_po2_mul_4s_5ns_9_4_1__4 is either unconnected or has no load
INFO: [Synth 8-7129] Port reset in module graphsage_int8_po2_mul_4s_4s_8_4_1__1 is either unconnected or has no load
INFO: [Synth 8-7129] Port reset in module graphsage_int8_po2_mul_4s_7s_11_4_1__17 is either unconnected or has no load
INFO: [Synth 8-7129] Port reset in module graphsage_int8_po2_mul_4s_8ns_12_4_1__13 is either unconnected or has no load
INFO: [Synth 8-7129] Port reset in module graphsage_int8_po2_mul_4s_7ns_11_4_1__18 is either unconnected or has no load
INFO: [Synth 8-7129] Port reset in module graphsage_int8_po2_mul_4s_7s_11_4_1__16 is either unconnected or has no load
INFO: [Synth 8-7129] Port reset in module graphsage_int8_po2_mul_4s_6s_10_4_1__12 is either unconnected or has no load
INFO: [Synth 8-7129] Port reset in module graphsage_int8_po2_mul_4s_7ns_11_4_1__17 is either unconnected or has no load
INFO: [Synth 8-7129] Port reset in module graphsage_int8_po2_mul_4s_6s_10_4_1__11 is either unconnected or has no load
INFO: [Synth 8-7129] Port reset in module graphsage_int8_po2_mul_4s_6s_10_4_1__10 is either unconnected or has no load
INFO: [Synth 8-7129] Port reset in module graphsage_int8_po2_mul_4s_7ns_11_4_1__16 is either unconnected or has no load
INFO: [Synth 8-7129] Port reset in module graphsage_int8_po2_mul_4s_7s_11_4_1__15 is either unconnected or has no load
INFO: [Synth 8-7129] Port reset in module graphsage_int8_po2_mul_4s_8ns_12_4_1__12 is either unconnected or has no load
INFO: [Synth 8-7129] Port reset in module graphsage_int8_po2_mul_4s_7s_11_4_1__14 is either unconnected or has no load
INFO: [Synth 8-7129] Port reset in module graphsage_int8_po2_mul_4s_7s_11_4_1__13 is either unconnected or has no load
INFO: [Synth 8-7129] Port reset in module graphsage_int8_po2_mul_4s_3s_7_4_1__2 is either unconnected or has no load
INFO: [Synth 8-7129] Port reset in module graphsage_int8_po2_mul_4s_5ns_9_4_1__3 is either unconnected or has no load
INFO: [Synth 8-7129] Port reset in module graphsage_int8_po2_mul_4s_7s_11_4_1__12 is either unconnected or has no load
INFO: [Synth 8-7129] Port reset in module graphsage_int8_po2_mul_4s_6s_10_4_1__9 is either unconnected or has no load
INFO: [Synth 8-7129] Port reset in module graphsage_int8_po2_mul_4s_6ns_10_4_1__3 is either unconnected or has no load
INFO: [Synth 8-7129] Port reset in module graphsage_int8_po2_mul_4s_8s_12_4_1__5 is either unconnected or has no load
INFO: [Synth 8-7129] Port reset in module graphsage_int8_po2_mul_4s_7ns_11_4_1__15 is either unconnected or has no load
INFO: [Synth 8-7129] Port reset in module graphsage_int8_po2_mul_4s_8ns_12_4_1__11 is either unconnected or has no load
INFO: [Synth 8-7129] Port reset in module graphsage_int8_po2_mul_4s_7ns_11_4_1__14 is either unconnected or has no load
INFO: [Synth 8-7129] Port reset in module graphsage_int8_po2_mul_4s_7ns_11_4_1__13 is either unconnected or has no load
INFO: [Synth 8-7129] Port reset in module graphsage_int8_po2_mul_4s_6s_10_4_1__8 is either unconnected or has no load
INFO: [Synth 8-7129] Port reset in module graphsage_int8_po2_mul_4s_8ns_12_4_1__10 is either unconnected or has no load
INFO: [Synth 8-7129] Port reset in module graphsage_int8_po2_mul_4s_8s_12_4_1__4 is either unconnected or has no load
INFO: [Synth 8-7129] Port reset in module graphsage_int8_po2_mul_4s_7ns_11_4_1__12 is either unconnected or has no load
INFO: [Synth 8-7129] Port reset in module graphsage_int8_po2_mul_4s_8ns_12_4_1__9 is either unconnected or has no load
INFO: [Synth 8-7129] Port reset in module graphsage_int8_po2_mul_4s_7s_11_4_1__11 is either unconnected or has no load
INFO: [Synth 8-7129] Port reset in module graphsage_int8_po2_mul_4s_8ns_12_4_1__8 is either unconnected or has no load
INFO: [Synth 8-7129] Port reset in module graphsage_int8_po2_mul_4s_6s_10_4_1__7 is either unconnected or has no load
INFO: [Synth 8-7129] Port reset in module graphsage_int8_po2_mul_4s_5s_9_4_1__1 is either unconnected or has no load
INFO: [Synth 8-7129] Port reset in module graphsage_int8_po2_mul_4s_5ns_9_4_1__2 is either unconnected or has no load
INFO: [Synth 8-7129] Port reset in module graphsage_int8_po2_mul_4s_7ns_11_4_1__11 is either unconnected or has no load
INFO: [Synth 8-7129] Port reset in module graphsage_int8_po2_mul_4s_4ns_8_4_1__1 is either unconnected or has no load
INFO: [Synth 8-7129] Port reset in module graphsage_int8_po2_mul_4s_7ns_11_4_1__10 is either unconnected or has no load
INFO: [Synth 8-7129] Port reset in module graphsage_int8_po2_mul_4s_8s_12_4_1__3 is either unconnected or has no load
INFO: [Synth 8-7129] Port reset in module graphsage_int8_po2_mul_4s_8ns_12_4_1__7 is either unconnected or has no load
INFO: [Synth 8-7129] Port reset in module graphsage_int8_po2_mul_4s_7ns_11_4_1__9 is either unconnected or has no load
INFO: [Synth 8-7129] Port reset in module graphsage_int8_po2_mul_4s_8s_12_4_1__2 is either unconnected or has no load
INFO: [Common 17-14] Message 'Synth 8-7129' appears 100 times and further instances of the messages will be disabled. Use the Tcl command set_msg_config to change the current settings.
INFO: [Common 17-14] Message 'Synth 8-7129' appears 100 times and further instances of the messages will be disabled. Use the Tcl command set_msg_config to change the current settings.
INFO: [Synth 8-3886] merging instance 'mul_4s_6s_10_4_1_U43/din1_reg_reg[0]' (FDE) to 'mul_4s_6s_10_4_1_U43/din1_reg_reg[3]'
INFO: [Synth 8-3886] merging instance 'mul_4s_6s_10_4_1_U43/din1_reg_reg[1]' (FDE) to 'mul_4s_6s_10_4_1_U43/din1_reg_reg[2]'
INFO: [Synth 8-3886] merging instance 'mul_4s_6s_10_4_1_U43/din1_reg_reg[2]' (FDE) to 'mul_4s_6s_10_4_1_U43/din1_reg_reg[4]'
INFO: [Synth 8-3886] merging instance 'mul_4s_6s_10_4_1_U43/din1_reg_reg[3]' (FDE) to 'mul_4s_6s_10_4_1_U43/din1_reg_reg[5]'
INFO: [Synth 8-3333] propagating constant 1 across sequential element (mul_4s_6s_10_4_1_U43/\din1_reg_reg[5] )
INFO: [Synth 8-3333] propagating constant 0 across sequential element (mul_4s_6s_10_4_1_U43/\din1_reg_reg[4] )
INFO: [Synth 8-3886] merging instance 'mul_4s_6s_10_4_1_U44/din1_reg_reg[0]' (FDE) to 'mul_4s_6s_10_4_1_U44/din1_reg_reg[2]'
INFO: [Synth 8-3886] merging instance 'mul_4s_6s_10_4_1_U44/din1_reg_reg[1]' (FDE) to 'mul_4s_6s_10_4_1_U44/din1_reg_reg[3]'
INFO: [Synth 8-3886] merging instance 'mul_4s_6s_10_4_1_U44/din1_reg_reg[2]' (FDE) to 'mul_4s_6s_10_4_1_U44/din1_reg_reg[5]'
INFO: [Synth 8-3886] merging instance 'mul_4s_6s_10_4_1_U44/din1_reg_reg[3]' (FDE) to 'mul_4s_6s_10_4_1_U44/din1_reg_reg[4]'
INFO: [Synth 8-3333] propagating constant 1 across sequential element (mul_4s_6s_10_4_1_U44/\din1_reg_reg[5] )
INFO: [Synth 8-3333] propagating constant 0 across sequential element (mul_4s_6s_10_4_1_U44/\din1_reg_reg[4] )
INFO: [Synth 8-3886] merging instance 'mul_4s_7ns_11_4_1_U42/din1_reg_reg[6]' (FDE) to 'mul_4s_7ns_11_4_1_U42/din1_reg_reg[3]'
INFO: [Synth 8-3886] merging instance 'mul_4s_7ns_11_4_1_U42/din1_reg_reg[0]' (FDE) to 'mul_4s_7ns_11_4_1_U42/din1_reg_reg[1]'
INFO: [Synth 8-3886] merging instance 'mul_4s_7ns_11_4_1_U42/din1_reg_reg[1]' (FDE) to 'mul_4s_7ns_11_4_1_U42/din1_reg_reg[2]'
INFO: [Synth 8-3886] merging instance 'mul_4s_7ns_11_4_1_U42/din1_reg_reg[2]' (FDE) to 'mul_4s_7ns_11_4_1_U42/din1_reg_reg[5]'
INFO: [Synth 8-3333] propagating constant 1 across sequential element (mul_4s_7ns_11_4_1_U42/\din1_reg_reg[5] )
INFO: [Synth 8-3886] merging instance 'mul_4s_7ns_11_4_1_U42/din1_reg_reg[4]' (FDE) to 'mul_4s_7ns_11_4_1_U42/din1_reg_reg[3]'
INFO: [Synth 8-3333] propagating constant 0 across sequential element (mul_4s_7ns_11_4_1_U42/\din1_reg_reg[3] )
INFO: [Synth 8-3886] merging instance 'mul_4s_7s_11_4_1_U41/din1_reg_reg[0]' (FDE) to 'mul_4s_7s_11_4_1_U41/din1_reg_reg[2]'
INFO: [Synth 8-3886] merging instance 'mul_4s_7s_11_4_1_U41/din1_reg_reg[1]' (FDE) to 'mul_4s_7s_11_4_1_U41/din1_reg_reg[5]'
INFO: [Synth 8-3886] merging instance 'mul_4s_7s_11_4_1_U41/din1_reg_reg[2]' (FDE) to 'mul_4s_7s_11_4_1_U41/din1_reg_reg[3]'
INFO: [Synth 8-3886] merging instance 'mul_4s_7s_11_4_1_U41/din1_reg_reg[3]' (FDE) to 'mul_4s_7s_11_4_1_U41/din1_reg_reg[4]'
INFO: [Synth 8-3886] merging instance 'mul_4s_7s_11_4_1_U41/din1_reg_reg[4]' (FDE) to 'mul_4s_7s_11_4_1_U41/din1_reg_reg[6]'
INFO: [Synth 8-3333] propagating constant 1 across sequential element (mul_4s_7s_11_4_1_U41/\din1_reg_reg[6] )
INFO: [Synth 8-3333] propagating constant 0 across sequential element (mul_4s_7s_11_4_1_U41/\din1_reg_reg[5] )
INFO: [Synth 8-3886] merging instance 'mul_4s_8ns_12_4_1_U40/din1_reg_reg[7]' (FDE) to 'mul_4s_8ns_12_4_1_U40/din1_reg_reg[0]'
INFO: [Synth 8-3886] merging instance 'mul_4s_8ns_12_4_1_U40/din1_reg_reg[0]' (FDE) to 'mul_4s_8ns_12_4_1_U40/din1_reg_reg[1]'
INFO: [Synth 8-3886] merging instance 'mul_4s_8ns_12_4_1_U40/din1_reg_reg[1]' (FDE) to 'mul_4s_8ns_12_4_1_U40/din1_reg_reg[2]'
INFO: [Synth 8-3886] merging instance 'mul_4s_8ns_12_4_1_U40/din1_reg_reg[2]' (FDE) to 'mul_4s_8ns_12_4_1_U40/din1_reg_reg[3]'
INFO: [Synth 8-3886] merging instance 'mul_4s_8ns_12_4_1_U40/din1_reg_reg[3]' (FDE) to 'mul_4s_8ns_12_4_1_U40/din1_reg_reg[5]'
INFO: [Synth 8-3886] merging instance 'mul_4s_8ns_12_4_1_U40/din1_reg_reg[6]' (FDE) to 'mul_4s_8ns_12_4_1_U40/din1_reg_reg[4]'
INFO: [Synth 8-3333] propagating constant 0 across sequential element (mul_4s_8ns_12_4_1_U40/\din1_reg_reg[5] )
INFO: [Synth 8-3333] propagating constant 1 across sequential element (mul_4s_8ns_12_4_1_U40/\din1_reg_reg[4] )
INFO: [Synth 8-3886] merging instance 'mul_4s_3s_7_4_1_U37/din1_reg_reg[0]' (FDE) to 'mul_4s_3s_7_4_1_U37/din1_reg_reg[1]'
INFO: [Synth 8-3333] propagating constant 1 across sequential element (mul_4s_3s_7_4_1_U37/\din1_reg_reg[2] )
INFO: [Synth 8-3333] propagating constant 0 across sequential element (mul_4s_3s_7_4_1_U37/\din1_reg_reg[1] )
INFO: [Synth 8-3886] merging instance 'mul_4s_5ns_9_4_1_U36/din1_reg_reg[0]' (FDE) to 'mul_4s_5ns_9_4_1_U36/din1_reg_reg[3]'
INFO: [Synth 8-3886] merging instance 'mul_4s_5ns_9_4_1_U36/din1_reg_reg[1]' (FDE) to 'mul_4s_5ns_9_4_1_U36/din1_reg_reg[2]'
INFO: [Synth 8-3886] merging instance 'mul_4s_5ns_9_4_1_U36/din1_reg_reg[2]' (FDE) to 'mul_4s_5ns_9_4_1_U36/din1_reg_reg[4]'
INFO: [Synth 8-3333] propagating constant 1 across sequential element (mul_4s_5ns_9_4_1_U36/\din1_reg_reg[3] )
INFO: [Synth 8-3333] propagating constant 0 across sequential element (mul_4s_5ns_9_4_1_U36/\din1_reg_reg[4] )
INFO: [Synth 8-3886] merging instance 'mul_4s_7s_11_4_1_U38/din1_reg_reg[0]' (FDE) to 'mul_4s_7s_11_4_1_U38/din1_reg_reg[1]'
INFO: [Synth 8-3886] merging instance 'mul_4s_7s_11_4_1_U38/din1_reg_reg[1]' (FDE) to 'mul_4s_7s_11_4_1_U38/din1_reg_reg[6]'
INFO: [Synth 8-3886] merging instance 'mul_4s_7s_11_4_1_U38/din1_reg_reg[2]' (FDE) to 'mul_4s_7s_11_4_1_U38/din1_reg_reg[3]'
INFO: [Synth 8-3886] merging instance 'mul_4s_7s_11_4_1_U38/din1_reg_reg[3]' (FDE) to 'mul_4s_7s_11_4_1_U38/din1_reg_reg[4]'
INFO: [Synth 8-3886] merging instance 'mul_4s_7s_11_4_1_U38/din1_reg_reg[4]' (FDE) to 'mul_4s_7s_11_4_1_U38/din1_reg_reg[5]'
INFO: [Synth 8-3333] propagating constant 1 across sequential element (mul_4s_7s_11_4_1_U38/\din1_reg_reg[6] )
INFO: [Synth 8-3333] propagating constant 0 across sequential element (mul_4s_7s_11_4_1_U38/\din1_reg_reg[5] )
INFO: [Synth 8-3886] merging instance 'mul_4s_7s_11_4_1_U39/din1_reg_reg[0]' (FDE) to 'mul_4s_7s_11_4_1_U39/din1_reg_reg[4]'
INFO: [Synth 8-3886] merging instance 'mul_4s_7s_11_4_1_U39/din1_reg_reg[1]' (FDE) to 'mul_4s_7s_11_4_1_U39/din1_reg_reg[2]'
INFO: [Synth 8-3886] merging instance 'mul_4s_7s_11_4_1_U39/din1_reg_reg[2]' (FDE) to 'mul_4s_7s_11_4_1_U39/din1_reg_reg[3]'
INFO: [Synth 8-3886] merging instance 'mul_4s_7s_11_4_1_U39/din1_reg_reg[3]' (FDE) to 'mul_4s_7s_11_4_1_U39/din1_reg_reg[6]'
INFO: [Synth 8-3886] merging instance 'mul_4s_7s_11_4_1_U39/din1_reg_reg[4]' (FDE) to 'mul_4s_7s_11_4_1_U39/din1_reg_reg[5]'
INFO: [Synth 8-3333] propagating constant 1 across sequential element (mul_4s_7s_11_4_1_U39/\din1_reg_reg[6] )
INFO: [Synth 8-3333] propagating constant 0 across sequential element (mul_4s_7s_11_4_1_U39/\din1_reg_reg[5] )
INFO: [Synth 8-3886] merging instance 'mul_4s_7s_11_4_1_U35/din1_reg_reg[0]' (FDE) to 'mul_4s_7s_11_4_1_U35/din1_reg_reg[1]'
INFO: [Synth 8-3886] merging instance 'mul_4s_7s_11_4_1_U35/din1_reg_reg[1]' (FDE) to 'mul_4s_7s_11_4_1_U35/din1_reg_reg[4]'
INFO: [Synth 8-3886] merging instance 'mul_4s_7s_11_4_1_U35/din1_reg_reg[2]' (FDE) to 'mul_4s_7s_11_4_1_U35/din1_reg_reg[3]'
INFO: [Synth 8-3886] merging instance 'mul_4s_7s_11_4_1_U35/din1_reg_reg[3]' (FDE) to 'mul_4s_7s_11_4_1_U35/din1_reg_reg[5]'
INFO: [Synth 8-3886] merging instance 'mul_4s_7s_11_4_1_U35/din1_reg_reg[6]' (FDE) to 'mul_4s_7s_11_4_1_U35/din1_reg_reg[4]'
INFO: [Synth 8-3333] propagating constant 0 across sequential element (mul_4s_7s_11_4_1_U35/\din1_reg_reg[5] )
INFO: [Synth 8-3333] propagating constant 1 across sequential element (mul_4s_7s_11_4_1_U35/\din1_reg_reg[4] )
INFO: [Synth 8-3886] merging instance 'mul_4s_6s_10_4_1_U34/din1_reg_reg[0]' (FDE) to 'mul_4s_6s_10_4_1_U34/din1_reg_reg[2]'
INFO: [Synth 8-3886] merging instance 'mul_4s_6s_10_4_1_U34/din1_reg_reg[1]' (FDE) to 'mul_4s_6s_10_4_1_U34/din1_reg_reg[3]'
INFO: [Synth 8-3886] merging instance 'mul_4s_6s_10_4_1_U34/din1_reg_reg[2]' (FDE) to 'mul_4s_6s_10_4_1_U34/din1_reg_reg[5]'
INFO: [Synth 8-3886] merging instance 'mul_4s_6s_10_4_1_U34/din1_reg_reg[3]' (FDE) to 'mul_4s_6s_10_4_1_U34/din1_reg_reg[4]'
INFO: [Synth 8-3333] propagating constant 1 across sequential element (mul_4s_6s_10_4_1_U34/\din1_reg_reg[5] )
INFO: [Synth 8-3333] propagating constant 0 across sequential element (mul_4s_6s_10_4_1_U34/\din1_reg_reg[4] )
INFO: [Synth 8-3886] merging instance 'mul_4s_6ns_10_4_1_U33/din1_reg_reg[0]' (FDE) to 'mul_4s_6ns_10_4_1_U33/din1_reg_reg[1]'
INFO: [Synth 8-3886] merging instance 'mul_4s_6ns_10_4_1_U33/din1_reg_reg[1]' (FDE) to 'mul_4s_6ns_10_4_1_U33/din1_reg_reg[5]'
INFO: [Synth 8-3886] merging instance 'mul_4s_6ns_10_4_1_U33/din1_reg_reg[2]' (FDE) to 'mul_4s_6ns_10_4_1_U33/din1_reg_reg[3]'
INFO: [Synth 8-3886] merging instance 'mul_4s_6ns_10_4_1_U33/din1_reg_reg[3]' (FDE) to 'mul_4s_6ns_10_4_1_U33/din1_reg_reg[4]'
INFO: [Synth 8-3333] propagating constant 1 across sequential element (mul_4s_6ns_10_4_1_U33/\din1_reg_reg[4] )
INFO: [Synth 8-3333] propagating constant 0 across sequential element (mul_4s_6ns_10_4_1_U33/\din1_reg_reg[5] )
INFO: [Synth 8-3886] merging instance 'mul_4s_6s_10_4_1_U155/din1_reg_reg[0]' (FDE) to 'mul_4s_6s_10_4_1_U155/din1_reg_reg[1]'
INFO: [Synth 8-3886] merging instance 'mul_4s_6s_10_4_1_U155/din1_reg_reg[1]' (FDE) to 'mul_4s_6s_10_4_1_U155/din1_reg_reg[2]'
INFO: [Synth 8-3886] merging instance 'mul_4s_6s_10_4_1_U155/din1_reg_reg[2]' (FDE) to 'mul_4s_6s_10_4_1_U155/din1_reg_reg[5]'
INFO: [Synth 8-3886] merging instance 'mul_4s_6s_10_4_1_U155/din1_reg_reg[3]' (FDE) to 'mul_4s_6s_10_4_1_U155/din1_reg_reg[4]'
INFO: [Synth 8-3333] propagating constant 1 across sequential element (mul_4s_6s_10_4_1_U155/\din1_reg_reg[5] )
INFO: [Synth 8-3333] propagating constant 0 across sequential element (mul_4s_6s_10_4_1_U155/\din1_reg_reg[4] )
INFO: [Synth 8-3886] merging instance 'mul_4s_5s_9_4_1_U154/din1_reg_reg[0]' (FDE) to 'mul_4s_5s_9_4_1_U154/din1_reg_reg[1]'
INFO: [Synth 8-3886] merging instance 'mul_4s_5s_9_4_1_U154/din1_reg_reg[1]' (FDE) to 'mul_4s_5s_9_4_1_U154/din1_reg_reg[2]'
INFO: [Synth 8-3886] merging instance 'mul_4s_5s_9_4_1_U154/din1_reg_reg[2]' (FDE) to 'mul_4s_5s_9_4_1_U154/din1_reg_reg[4]'
INFO: [Synth 8-3333] propagating constant 1 across sequential element (mul_4s_5s_9_4_1_U154/\din1_reg_reg[4] )
INFO: [Synth 8-3333] propagating constant 0 across sequential element (mul_4s_5s_9_4_1_U154/\din1_reg_reg[3] )
INFO: [Synth 8-3886] merging instance 'mul_4s_7s_11_4_1_U50/din1_reg_reg[0]' (FDE) to 'mul_4s_7s_11_4_1_U50/din1_reg_reg[1]'
INFO: [Synth 8-3886] merging instance 'mul_4s_7s_11_4_1_U50/din1_reg_reg[1]' (FDE) to 'mul_4s_7s_11_4_1_U50/din1_reg_reg[2]'
INFO: [Synth 8-3886] merging instance 'mul_4s_7s_11_4_1_U50/din1_reg_reg[2]' (FDE) to 'mul_4s_7s_11_4_1_U50/din1_reg_reg[4]'
INFO: [Synth 8-3886] merging instance 'mul_4s_7s_11_4_1_U50/din1_reg_reg[3]' (FDE) to 'mul_4s_7s_11_4_1_U50/din1_reg_reg[5]'
INFO: [Synth 8-3886] merging instance 'mul_4s_7s_11_4_1_U50/din1_reg_reg[4]' (FDE) to 'mul_4s_7s_11_4_1_U50/din1_reg_reg[6]'
INFO: [Synth 8-3333] propagating constant 1 across sequential element (mul_4s_7s_11_4_1_U50/\din1_reg_reg[6] )
INFO: [Synth 8-3333] propagating constant 0 across sequential element (mul_4s_7s_11_4_1_U50/\din1_reg_reg[5] )
INFO: [Synth 8-3886] merging instance 'mul_4s_8ns_12_4_1_U49/din1_reg_reg[7]' (FDE) to 'mul_4s_8ns_12_4_1_U49/din1_reg_reg[0]'
INFO: [Synth 8-3886] merging instance 'mul_4s_8ns_12_4_1_U49/din1_reg_reg[0]' (FDE) to 'mul_4s_8ns_12_4_1_U49/din1_reg_reg[1]'
INFO: [Synth 8-3886] merging instance 'mul_4s_8ns_12_4_1_U49/din1_reg_reg[1]' (FDE) to 'mul_4s_8ns_12_4_1_U49/din1_reg_reg[4]'
INFO: [Synth 8-3886] merging instance 'mul_4s_8ns_12_4_1_U49/din1_reg_reg[2]' (FDE) to 'mul_4s_8ns_12_4_1_U49/din1_reg_reg[3]'
INFO: [Synth 8-3886] merging instance 'mul_4s_8ns_12_4_1_U49/din1_reg_reg[3]' (FDE) to 'mul_4s_8ns_12_4_1_U49/din1_reg_reg[6]'
INFO: [Synth 8-3333] propagating constant 1 across sequential element (mul_4s_8ns_12_4_1_U49/\din1_reg_reg[6] )
INFO: [Synth 8-3886] merging instance 'mul_4s_8ns_12_4_1_U49/din1_reg_reg[5]' (FDE) to 'mul_4s_8ns_12_4_1_U49/din1_reg_reg[4]'
INFO: [Synth 8-3333] propagating constant 0 across sequential element (mul_4s_8ns_12_4_1_U49/\din1_reg_reg[4] )
INFO: [Synth 8-3886] merging instance 'mul_4s_7ns_11_4_1_U48/din1_reg_reg[0]' (FDE) to 'mul_4s_7ns_11_4_1_U48/din1_reg_reg[1]'
INFO: [Synth 8-3886] merging instance 'mul_4s_7ns_11_4_1_U48/din1_reg_reg[1]' (FDE) to 'mul_4s_7ns_11_4_1_U48/din1_reg_reg[6]'
INFO: [Synth 8-3886] merging instance 'mul_4s_7ns_11_4_1_U48/din1_reg_reg[2]' (FDE) to 'mul_4s_7ns_11_4_1_U48/din1_reg_reg[3]'
INFO: [Synth 8-3886] merging instance 'mul_4s_7ns_11_4_1_U48/din1_reg_reg[3]' (FDE) to 'mul_4s_7ns_11_4_1_U48/din1_reg_reg[4]'
INFO: [Synth 8-3886] merging instance 'mul_4s_7ns_11_4_1_U48/din1_reg_reg[4]' (FDE) to 'mul_4s_7ns_11_4_1_U48/din1_reg_reg[5]'
INFO: [Synth 8-3333] propagating constant 0 across sequential element (mul_4s_7ns_11_4_1_U48/\din1_reg_reg[6] )
INFO: [Synth 8-3333] propagating constant 1 across sequential element (mul_4s_7ns_11_4_1_U48/\din1_reg_reg[5] )
INFO: [Synth 8-3886] merging instance 'mul_4s_7s_11_4_1_U47/din1_reg_reg[0]' (FDE) to 'mul_4s_7s_11_4_1_U47/din1_reg_reg[3]'
INFO: [Synth 8-3886] merging instance 'mul_4s_7s_11_4_1_U47/din1_reg_reg[1]' (FDE) to 'mul_4s_7s_11_4_1_U47/din1_reg_reg[2]'
INFO: [Synth 8-3886] merging instance 'mul_4s_7s_11_4_1_U47/din1_reg_reg[2]' (FDE) to 'mul_4s_7s_11_4_1_U47/din1_reg_reg[4]'
INFO: [Synth 8-3886] merging instance 'mul_4s_7s_11_4_1_U47/din1_reg_reg[3]' (FDE) to 'mul_4s_7s_11_4_1_U47/din1_reg_reg[6]'
INFO: [Synth 8-3886] merging instance 'mul_4s_7s_11_4_1_U47/din1_reg_reg[4]' (FDE) to 'mul_4s_7s_11_4_1_U47/din1_reg_reg[5]'
INFO: [Synth 8-3333] propagating constant 1 across sequential element (mul_4s_7s_11_4_1_U47/\din1_reg_reg[6] )
INFO: [Synth 8-3333] propagating constant 0 across sequential element (mul_4s_7s_11_4_1_U47/\din1_reg_reg[5] )
INFO: [Synth 8-3886] merging instance 'mul_4s_6s_10_4_1_U46/din1_reg_reg[0]' (FDE) to 'mul_4s_6s_10_4_1_U46/din1_reg_reg[1]'
INFO: [Synth 8-3886] merging instance 'mul_4s_6s_10_4_1_U46/din1_reg_reg[1]' (FDE) to 'mul_4s_6s_10_4_1_U46/din1_reg_reg[2]'
INFO: [Synth 8-3886] merging instance 'mul_4s_6s_10_4_1_U46/din1_reg_reg[2]' (FDE) to 'mul_4s_6s_10_4_1_U46/din1_reg_reg[4]'
INFO: [Synth 8-3886] merging instance 'mul_4s_6s_10_4_1_U46/din1_reg_reg[3]' (FDE) to 'mul_4s_6s_10_4_1_U46/din1_reg_reg[5]'
INFO: [Synth 8-3333] propagating constant 1 across sequential element (mul_4s_6s_10_4_1_U46/\din1_reg_reg[5] )
INFO: [Synth 8-3333] propagating constant 0 across sequential element (mul_4s_6s_10_4_1_U46/\din1_reg_reg[4] )
INFO: [Synth 8-3886] merging instance 'mul_4s_7ns_11_4_1_U45/din1_reg_reg[0]' (FDE) to 'mul_4s_7ns_11_4_1_U45/din1_reg_reg[1]'
INFO: [Synth 8-3886] merging instance 'mul_4s_7ns_11_4_1_U45/din1_reg_reg[1]' (FDE) to 'mul_4s_7ns_11_4_1_U45/din1_reg_reg[4]'
INFO: [Synth 8-3886] merging instance 'mul_4s_7ns_11_4_1_U45/din1_reg_reg[2]' (FDE) to 'mul_4s_7ns_11_4_1_U45/din1_reg_reg[3]'
INFO: [Synth 8-3886] merging instance 'mul_4s_7ns_11_4_1_U45/din1_reg_reg[3]' (FDE) to 'mul_4s_7ns_11_4_1_U45/din1_reg_reg[6]'
INFO: [Synth 8-3886] merging instance 'mul_4s_7ns_11_4_1_U45/din1_reg_reg[4]' (FDE) to 'mul_4s_7ns_11_4_1_U45/din1_reg_reg[5]'
INFO: [Synth 8-3333] propagating constant 0 across sequential element (mul_4s_7ns_11_4_1_U45/\din1_reg_reg[6] )
INFO: [Synth 8-3333] propagating constant 1 across sequential element (mul_4s_7ns_11_4_1_U45/\din1_reg_reg[5] )
INFO: [Synth 8-3886] merging instance 'mul_4s_4ns_8_4_1_U147/din1_reg_reg[0]' (FDE) to 'mul_4s_4ns_8_4_1_U147/din1_reg_reg[1]'
INFO: [Synth 8-3886] merging instance 'mul_4s_4ns_8_4_1_U147/din1_reg_reg[1]' (FDE) to 'mul_4s_4ns_8_4_1_U147/din1_reg_reg[2]'
INFO: [Synth 8-3333] propagating constant 1 across sequential element (mul_4s_4ns_8_4_1_U147/\din1_reg_reg[2] )
INFO: [Synth 8-3333] propagating constant 0 across sequential element (mul_4s_4ns_8_4_1_U147/\din1_reg_reg[3] )
INFO: [Synth 8-3886] merging instance 'mul_4s_4s_8_4_1_U290/din1_reg_reg[0]' (FDE) to 'mul_4s_4s_8_4_1_U290/din1_reg_reg[1]'
INFO: [Synth 8-3886] merging instance 'mul_4s_4s_8_4_1_U290/din1_reg_reg[1]' (FDE) to 'mul_4s_4s_8_4_1_U290/din1_reg_reg[2]'
INFO: [Synth 8-3333] propagating constant 0 across sequential element (mul_4s_4s_8_4_1_U290/\din1_reg_reg[2] )
INFO: [Synth 8-3333] propagating constant 1 across sequential element (mul_4s_4s_8_4_1_U290/\din1_reg_reg[3] )
INFO: [Synth 8-3886] merging instance 'mul_4s_8ns_12_4_1_U162/din1_reg_reg[0]' (FDE) to 'mul_4s_8ns_12_4_1_U162/din1_reg_reg[2]'
INFO: [Synth 8-3886] merging instance 'mul_4s_8ns_12_4_1_U162/din1_reg_reg[1]' (FDE) to 'mul_4s_8ns_12_4_1_U162/din1_reg_reg[3]'
INFO: [Synth 8-3886] merging instance 'mul_4s_8ns_12_4_1_U162/din1_reg_reg[2]' (FDE) to 'mul_4s_8ns_12_4_1_U162/din1_reg_reg[4]'
INFO: [Synth 8-3886] merging instance 'mul_4s_8ns_12_4_1_U162/din1_reg_reg[3]' (FDE) to 'mul_4s_8ns_12_4_1_U162/din1_reg_reg[6]'
INFO: [Synth 8-3886] merging instance 'mul_4s_8ns_12_4_1_U162/din1_reg_reg[4]' (FDE) to 'mul_4s_8ns_12_4_1_U162/din1_reg_reg[5]'
INFO: [Synth 8-3886] merging instance 'mul_4s_8ns_12_4_1_U162/din1_reg_reg[5]' (FDE) to 'mul_4s_8ns_12_4_1_U162/din1_reg_reg[7]'
INFO: [Synth 8-3333] propagating constant 0 across sequential element (mul_4s_8ns_12_4_1_U162/\din1_reg_reg[7] )
INFO: [Synth 8-3333] propagating constant 1 across sequential element (mul_4s_8ns_12_4_1_U162/\din1_reg_reg[6] )
INFO: [Synth 8-3886] merging instance 'mul_4s_7ns_11_4_1_U163/din1_reg_reg[0]' (FDE) to 'mul_4s_7ns_11_4_1_U163/din1_reg_reg[2]'
INFO: [Synth 8-3886] merging instance 'mul_4s_7ns_11_4_1_U163/din1_reg_reg[1]' (FDE) to 'mul_4s_7ns_11_4_1_U163/din1_reg_reg[3]'
INFO: [Common 17-14] Message 'Synth 8-3886' appears 100 times and further instances of the messages will be disabled. Use the Tcl command set_msg_config to change the current settings.
INFO: [Common 17-14] Message 'Synth 8-3886' appears 100 times and further instances of the messages will be disabled. Use the Tcl command set_msg_config to change the current settings.
INFO: [Synth 8-3333] propagating constant 1 across sequential element (mul_4s_7ns_11_4_1_U163/\din1_reg_reg[5] )
INFO: [Synth 8-3333] propagating constant 0 across sequential element (mul_4s_7ns_11_4_1_U163/\din1_reg_reg[6] )
INFO: [Synth 8-3333] propagating constant 1 across sequential element (mul_4s_3s_7_4_1_U274/\din1_reg_reg[2] )
INFO: [Synth 8-3333] propagating constant 0 across sequential element (mul_4s_3s_7_4_1_U274/\din1_reg_reg[1] )
INFO: [Synth 8-3333] propagating constant 1 across sequential element (mul_4s_5ns_9_4_1_U273/\din1_reg_reg[3] )
INFO: [Synth 8-3333] propagating constant 0 across sequential element (mul_4s_5ns_9_4_1_U273/\din1_reg_reg[4] )
INFO: [Synth 8-3333] propagating constant 1 across sequential element (mul_4s_7s_11_4_1_U275/\din1_reg_reg[6] )
INFO: [Synth 8-3333] propagating constant 0 across sequential element (mul_4s_7s_11_4_1_U275/\din1_reg_reg[5] )
INFO: [Synth 8-3333] propagating constant 1 across sequential element (mul_4s_7s_11_4_1_U276/\din1_reg_reg[6] )
INFO: [Synth 8-3333] propagating constant 0 across sequential element (mul_4s_7s_11_4_1_U276/\din1_reg_reg[5] )
INFO: [Synth 8-3333] propagating constant 0 across sequential element (mul_4s_7s_11_4_1_U272/\din1_reg_reg[5] )
INFO: [Synth 8-3333] propagating constant 1 across sequential element (mul_4s_7s_11_4_1_U272/\din1_reg_reg[4] )
INFO: [Synth 8-3333] propagating constant 1 across sequential element (mul_4s_6s_10_4_1_U271/\din1_reg_reg[5] )
INFO: [Synth 8-3333] propagating constant 0 across sequential element (mul_4s_6s_10_4_1_U271/\din1_reg_reg[4] )
INFO: [Synth 8-3333] propagating constant 1 across sequential element (mul_4s_6ns_10_4_1_U270/\din1_reg_reg[4] )
INFO: [Synth 8-3333] propagating constant 0 across sequential element (mul_4s_6ns_10_4_1_U270/\din1_reg_reg[5] )
INFO: [Synth 8-3333] propagating constant 0 across sequential element (mul_4s_8s_12_4_1_U32/\din1_reg_reg[6] )
INFO: [Synth 8-3333] propagating constant 1 across sequential element (mul_4s_8s_12_4_1_U32/\din1_reg_reg[5] )
INFO: [Synth 8-3333] propagating constant 1 across sequential element (mul_4s_8ns_12_4_1_U30/\din1_reg_reg[6] )
INFO: [Synth 8-3333] propagating constant 0 across sequential element (mul_4s_8ns_12_4_1_U30/\din1_reg_reg[4] )
INFO: [Synth 8-3333] propagating constant 0 across sequential element (mul_4s_7ns_11_4_1_U31/\din1_reg_reg[4] )
INFO: [Synth 8-3333] propagating constant 1 across sequential element (mul_4s_7ns_11_4_1_U31/\din1_reg_reg[3] )
INFO: [Synth 8-3333] propagating constant 0 across sequential element (mul_4s_7ns_11_4_1_U28/\din1_reg_reg[6] )
INFO: [Synth 8-3333] propagating constant 1 across sequential element (mul_4s_7ns_11_4_1_U28/\din1_reg_reg[5] )
INFO: [Synth 8-3333] propagating constant 0 across sequential element (mul_4s_7ns_11_4_1_U29/\din1_reg_reg[6] )
INFO: [Synth 8-3333] propagating constant 1 across sequential element (mul_4s_7ns_11_4_1_U29/\din1_reg_reg[5] )
INFO: [Synth 8-3333] propagating constant 1 across sequential element (mul_4s_6s_10_4_1_U27/\din1_reg_reg[5] )
INFO: [Synth 8-3333] propagating constant 0 across sequential element (mul_4s_6s_10_4_1_U27/\din1_reg_reg[4] )
INFO: [Synth 8-3333] propagating constant 1 across sequential element (mul_4s_8ns_12_4_1_U26/\din1_reg_reg[6] )
INFO: [Synth 8-3333] propagating constant 0 across sequential element (mul_4s_8ns_12_4_1_U26/\din1_reg_reg[4] )
INFO: [Synth 8-3333] propagating constant 1 across sequential element (mul_4s_6s_10_4_1_U280/\din1_reg_reg[5] )
INFO: [Synth 8-3333] propagating constant 0 across sequential element (mul_4s_6s_10_4_1_U280/\din1_reg_reg[4] )
INFO: [Synth 8-3333] propagating constant 1 across sequential element (mul_4s_6s_10_4_1_U281/\din1_reg_reg[5] )
INFO: [Synth 8-3333] propagating constant 0 across sequential element (mul_4s_6s_10_4_1_U281/\din1_reg_reg[4] )
INFO: [Synth 8-3333] propagating constant 1 across sequential element (mul_4s_7ns_11_4_1_U279/\din1_reg_reg[5] )
INFO: [Synth 8-3333] propagating constant 0 across sequential element (mul_4s_7ns_11_4_1_U279/\din1_reg_reg[3] )
INFO: [Synth 8-3333] propagating constant 1 across sequential element (mul_4s_7s_11_4_1_U278/\din1_reg_reg[6] )
INFO: [Synth 8-3333] propagating constant 0 across sequential element (mul_4s_7s_11_4_1_U278/\din1_reg_reg[5] )
INFO: [Synth 8-3333] propagating constant 0 across sequential element (mul_4s_8ns_12_4_1_U277/\din1_reg_reg[5] )
INFO: [Synth 8-3333] propagating constant 1 across sequential element (mul_4s_8ns_12_4_1_U277/\din1_reg_reg[4] )
INFO: [Synth 8-3333] propagating constant 1 across sequential element (mul_4s_7s_11_4_1_U287/\din1_reg_reg[6] )
INFO: [Synth 8-3333] propagating constant 0 across sequential element (mul_4s_7s_11_4_1_U287/\din1_reg_reg[5] )
INFO: [Synth 8-3333] propagating constant 1 across sequential element (mul_4s_8ns_12_4_1_U286/\din1_reg_reg[6] )
INFO: [Synth 8-3333] propagating constant 0 across sequential element (mul_4s_8ns_12_4_1_U286/\din1_reg_reg[4] )
INFO: [Synth 8-3333] propagating constant 0 across sequential element (mul_4s_7ns_11_4_1_U285/\din1_reg_reg[6] )
INFO: [Synth 8-3333] propagating constant 1 across sequential element (mul_4s_7ns_11_4_1_U285/\din1_reg_reg[5] )
INFO: [Synth 8-3333] propagating constant 1 across sequential element (mul_4s_7s_11_4_1_U284/\din1_reg_reg[6] )
INFO: [Synth 8-3333] propagating constant 0 across sequential element (mul_4s_7s_11_4_1_U284/\din1_reg_reg[5] )
INFO: [Synth 8-3333] propagating constant 1 across sequential element (mul_4s_6s_10_4_1_U283/\din1_reg_reg[5] )
INFO: [Synth 8-3333] propagating constant 0 across sequential element (mul_4s_6s_10_4_1_U283/\din1_reg_reg[4] )
INFO: [Synth 8-3333] propagating constant 0 across sequential element (mul_4s_7ns_11_4_1_U282/\din1_reg_reg[6] )
INFO: [Synth 8-3333] propagating constant 1 across sequential element (mul_4s_7ns_11_4_1_U282/\din1_reg_reg[5] )
INFO: [Synth 8-3333] propagating constant 1 across sequential element (mul_4s_7s_11_4_1_U91/\din1_reg_reg[6] )
INFO: [Synth 8-3333] propagating constant 0 across sequential element (mul_4s_7s_11_4_1_U91/\din1_reg_reg[5] )
INFO: [Common 17-14] Message 'Synth 8-3333' appears 100 times and further instances of the messages will be disabled. Use the Tcl command set_msg_config to change the current settings.
INFO: [Common 17-14] Message 'Synth 8-3333' appears 100 times and further instances of the messages will be disabled. Use the Tcl command set_msg_config to change the current settings.
INFO: [Synth 8-4471] merging register 'ama_addmuladd_9s_8s_11ns_17ns_21_4_1_U572/graphsage_int8_po2_ama_addmuladd_9s_8s_11ns_17ns_21_4_1_DSP48_0_U/b_reg_reg[17:0]' into 'ama_addmuladd_9s_8s_11ns_17ns_21_4_1_U569/graphsage_int8_po2_ama_addmuladd_9s_8s_11ns_17ns_21_4_1_DSP48_0_U/b_reg_reg[17:0]' [/mnt_pool/c3_users/user/pleguina/graphsage_vivado_2024_1_sweep/build/hls/graphsage_int8_po2_19c_const_params/solution1/syn/verilog/graphsage_int8_po2_ama_addmuladd_9s_8s_11ns_17ns_21_4_1.v:36]
INFO: [Synth 8-4471] merging register 'ama_addmuladd_9s_8s_11ns_17ns_21_4_1_U582/graphsage_int8_po2_ama_addmuladd_9s_8s_11ns_17ns_21_4_1_DSP48_0_U/b_reg_reg[17:0]' into 'ama_addmuladd_9s_8s_11ns_17ns_21_4_1_U569/graphsage_int8_po2_ama_addmuladd_9s_8s_11ns_17ns_21_4_1_DSP48_0_U/b_reg_reg[17:0]' [/mnt_pool/c3_users/user/pleguina/graphsage_vivado_2024_1_sweep/build/hls/graphsage_int8_po2_19c_const_params/solution1/syn/verilog/graphsage_int8_po2_ama_addmuladd_9s_8s_11ns_17ns_21_4_1.v:36]
INFO: [Synth 8-4471] merging register 'ama_addmuladd_9s_8s_11ns_17ns_21_4_1_U585/graphsage_int8_po2_ama_addmuladd_9s_8s_11ns_17ns_21_4_1_DSP48_0_U/b_reg_reg[17:0]' into 'ama_addmuladd_9s_8s_11ns_17ns_21_4_1_U569/graphsage_int8_po2_ama_addmuladd_9s_8s_11ns_17ns_21_4_1_DSP48_0_U/b_reg_reg[17:0]' [/mnt_pool/c3_users/user/pleguina/graphsage_vivado_2024_1_sweep/build/hls/graphsage_int8_po2_19c_const_params/solution1/syn/verilog/graphsage_int8_po2_ama_addmuladd_9s_8s_11ns_17ns_21_4_1.v:36]
INFO: [Synth 8-4471] merging register 'ama_addmuladd_9s_8s_11ns_17ns_21_4_1_U588/graphsage_int8_po2_ama_addmuladd_9s_8s_11ns_17ns_21_4_1_DSP48_0_U/b_reg_reg[17:0]' into 'ama_addmuladd_9s_8s_11ns_17ns_21_4_1_U569/graphsage_int8_po2_ama_addmuladd_9s_8s_11ns_17ns_21_4_1_DSP48_0_U/b_reg_reg[17:0]' [/mnt_pool/c3_users/user/pleguina/graphsage_vivado_2024_1_sweep/build/hls/graphsage_int8_po2_19c_const_params/solution1/syn/verilog/graphsage_int8_po2_ama_addmuladd_9s_8s_11ns_17ns_21_4_1.v:36]
INFO: [Synth 8-4471] merging register 'ama_addmuladd_9s_8s_11ns_17ns_21_4_1_U598/graphsage_int8_po2_ama_addmuladd_9s_8s_11ns_17ns_21_4_1_DSP48_0_U/b_reg_reg[17:0]' into 'ama_addmuladd_9s_8s_11ns_17ns_21_4_1_U569/graphsage_int8_po2_ama_addmuladd_9s_8s_11ns_17ns_21_4_1_DSP48_0_U/b_reg_reg[17:0]' [/mnt_pool/c3_users/user/pleguina/graphsage_vivado_2024_1_sweep/build/hls/graphsage_int8_po2_19c_const_params/solution1/syn/verilog/graphsage_int8_po2_ama_addmuladd_9s_8s_11ns_17ns_21_4_1.v:36]
INFO: [Synth 8-4471] merging register 'ama_addmuladd_9s_8s_11ns_17ns_21_4_1_U601/graphsage_int8_po2_ama_addmuladd_9s_8s_11ns_17ns_21_4_1_DSP48_0_U/b_reg_reg[17:0]' into 'ama_addmuladd_9s_8s_11ns_17ns_21_4_1_U569/graphsage_int8_po2_ama_addmuladd_9s_8s_11ns_17ns_21_4_1_DSP48_0_U/b_reg_reg[17:0]' [/mnt_pool/c3_users/user/pleguina/graphsage_vivado_2024_1_sweep/build/hls/graphsage_int8_po2_19c_const_params/solution1/syn/verilog/graphsage_int8_po2_ama_addmuladd_9s_8s_11ns_17ns_21_4_1.v:36]
INFO: [Synth 8-4471] merging register 'ama_addmuladd_9s_8s_11ns_17ns_21_4_1_U604/graphsage_int8_po2_ama_addmuladd_9s_8s_11ns_17ns_21_4_1_DSP48_0_U/b_reg_reg[17:0]' into 'ama_addmuladd_9s_8s_11ns_17ns_21_4_1_U569/graphsage_int8_po2_ama_addmuladd_9s_8s_11ns_17ns_21_4_1_DSP48_0_U/b_reg_reg[17:0]' [/mnt_pool/c3_users/user/pleguina/graphsage_vivado_2024_1_sweep/build/hls/graphsage_int8_po2_19c_const_params/solution1/syn/verilog/graphsage_int8_po2_ama_addmuladd_9s_8s_11ns_17ns_21_4_1.v:36]
INFO: [Synth 8-4471] merging register 'ama_addmuladd_9s_8s_11ns_17ns_21_4_1_U614/graphsage_int8_po2_ama_addmuladd_9s_8s_11ns_17ns_21_4_1_DSP48_0_U/b_reg_reg[17:0]' into 'ama_addmuladd_9s_8s_11ns_17ns_21_4_1_U569/graphsage_int8_po2_ama_addmuladd_9s_8s_11ns_17ns_21_4_1_DSP48_0_U/b_reg_reg[17:0]' [/mnt_pool/c3_users/user/pleguina/graphsage_vivado_2024_1_sweep/build/hls/graphsage_int8_po2_19c_const_params/solution1/syn/verilog/graphsage_int8_po2_ama_addmuladd_9s_8s_11ns_17ns_21_4_1.v:36]
INFO: [Synth 8-4471] merging register 'ama_addmuladd_8ns_7ns_11ns_12ns_19_4_1_U637/graphsage_int8_po2_ama_addmuladd_8ns_7ns_11ns_12ns_19_4_1_DSP48_0_U/b_reg_reg[17:0]' into 'ama_addmuladd_9s_8s_11ns_17ns_21_4_1_U569/graphsage_int8_po2_ama_addmuladd_9s_8s_11ns_17ns_21_4_1_DSP48_0_U/b_reg_reg[17:0]' [/mnt_pool/c3_users/user/pleguina/graphsage_vivado_2024_1_sweep/build/hls/graphsage_int8_po2_19c_const_params/solution1/syn/verilog/graphsage_int8_po2_ama_addmuladd_8ns_7ns_11ns_12ns_19_4_1.v:36]
INFO: [Synth 8-4471] merging register 'ama_addmuladd_8ns_7ns_11ns_12ns_19_4_1_U638/graphsage_int8_po2_ama_addmuladd_8ns_7ns_11ns_12ns_19_4_1_DSP48_0_U/b_reg_reg[17:0]' into 'ama_addmuladd_9s_8s_11ns_17ns_21_4_1_U569/graphsage_int8_po2_ama_addmuladd_9s_8s_11ns_17ns_21_4_1_DSP48_0_U/b_reg_reg[17:0]' [/mnt_pool/c3_users/user/pleguina/graphsage_vivado_2024_1_sweep/build/hls/graphsage_int8_po2_19c_const_params/solution1/syn/verilog/graphsage_int8_po2_ama_addmuladd_8ns_7ns_11ns_12ns_19_4_1.v:36]
INFO: [Synth 8-4471] merging register 'ama_addmuladd_8ns_7ns_11ns_12ns_19_4_1_U639/graphsage_int8_po2_ama_addmuladd_8ns_7ns_11ns_12ns_19_4_1_DSP48_0_U/b_reg_reg[17:0]' into 'ama_addmuladd_9s_8s_11ns_17ns_21_4_1_U569/graphsage_int8_po2_ama_addmuladd_9s_8s_11ns_17ns_21_4_1_DSP48_0_U/b_reg_reg[17:0]' [/mnt_pool/c3_users/user/pleguina/graphsage_vivado_2024_1_sweep/build/hls/graphsage_int8_po2_19c_const_params/solution1/syn/verilog/graphsage_int8_po2_ama_addmuladd_8ns_7ns_11ns_12ns_19_4_1.v:36]
INFO: [Synth 8-4471] merging register 'ama_addmuladd_8ns_7ns_11ns_12ns_19_4_1_U641/graphsage_int8_po2_ama_addmuladd_8ns_7ns_11ns_12ns_19_4_1_DSP48_0_U/b_reg_reg[17:0]' into 'ama_addmuladd_9s_8s_11ns_17ns_21_4_1_U569/graphsage_int8_po2_ama_addmuladd_9s_8s_11ns_17ns_21_4_1_DSP48_0_U/b_reg_reg[17:0]' [/mnt_pool/c3_users/user/pleguina/graphsage_vivado_2024_1_sweep/build/hls/graphsage_int8_po2_19c_const_params/solution1/syn/verilog/graphsage_int8_po2_ama_addmuladd_8ns_7ns_11ns_12ns_19_4_1.v:36]
INFO: [Synth 8-4471] merging register 'ama_addmuladd_8ns_7ns_11ns_12ns_19_4_1_U642/graphsage_int8_po2_ama_addmuladd_8ns_7ns_11ns_12ns_19_4_1_DSP48_0_U/b_reg_reg[17:0]' into 'ama_addmuladd_9s_8s_11ns_17ns_21_4_1_U569/graphsage_int8_po2_ama_addmuladd_9s_8s_11ns_17ns_21_4_1_DSP48_0_U/b_reg_reg[17:0]' [/mnt_pool/c3_users/user/pleguina/graphsage_vivado_2024_1_sweep/build/hls/graphsage_int8_po2_19c_const_params/solution1/syn/verilog/graphsage_int8_po2_ama_addmuladd_8ns_7ns_11ns_12ns_19_4_1.v:36]
INFO: [Synth 8-4471] merging register 'ama_addmuladd_8ns_7ns_11ns_12ns_19_4_1_U643/graphsage_int8_po2_ama_addmuladd_8ns_7ns_11ns_12ns_19_4_1_DSP48_0_U/b_reg_reg[17:0]' into 'ama_addmuladd_9s_8s_11ns_17ns_21_4_1_U569/graphsage_int8_po2_ama_addmuladd_9s_8s_11ns_17ns_21_4_1_DSP48_0_U/b_reg_reg[17:0]' [/mnt_pool/c3_users/user/pleguina/graphsage_vivado_2024_1_sweep/build/hls/graphsage_int8_po2_19c_const_params/solution1/syn/verilog/graphsage_int8_po2_ama_addmuladd_8ns_7ns_11ns_12ns_19_4_1.v:36]
INFO: [Synth 8-3936] Found unconnected internal register 'ama_addmuladd_8ns_7ns_11ns_12ns_19_4_1_U642/graphsage_int8_po2_ama_addmuladd_8ns_7ns_11ns_12ns_19_4_1_DSP48_0_U/p_reg_reg' and it is trimmed from '46' to '19' bits. [/mnt_pool/c3_users/user/pleguina/graphsage_vivado_2024_1_sweep/build/hls/graphsage_int8_po2_19c_const_params/solution1/syn/verilog/graphsage_int8_po2_ama_addmuladd_8ns_7ns_11ns_12ns_19_4_1.v:43]
INFO: [Synth 8-3936] Found unconnected internal register 'ama_addmuladd_8ns_7ns_11ns_12ns_19_4_1_U642/graphsage_int8_po2_ama_addmuladd_8ns_7ns_11ns_12ns_19_4_1_DSP48_0_U/m_reg_reg' and it is trimmed from '45' to '19' bits. [/mnt_pool/c3_users/user/pleguina/graphsage_vivado_2024_1_sweep/build/hls/graphsage_int8_po2_19c_const_params/solution1/syn/verilog/graphsage_int8_po2_ama_addmuladd_8ns_7ns_11ns_12ns_19_4_1.v:37]
INFO: [Synth 8-3936] Found unconnected internal register 'ama_addmuladd_8ns_7ns_11ns_12ns_19_4_1_U638/graphsage_int8_po2_ama_addmuladd_8ns_7ns_11ns_12ns_19_4_1_DSP48_0_U/p_reg_reg' and it is trimmed from '46' to '19' bits. [/mnt_pool/c3_users/user/pleguina/graphsage_vivado_2024_1_sweep/build/hls/graphsage_int8_po2_19c_const_params/solution1/syn/verilog/graphsage_int8_po2_ama_addmuladd_8ns_7ns_11ns_12ns_19_4_1.v:43]
INFO: [Synth 8-3936] Found unconnected internal register 'ama_addmuladd_8ns_7ns_11ns_12ns_19_4_1_U638/graphsage_int8_po2_ama_addmuladd_8ns_7ns_11ns_12ns_19_4_1_DSP48_0_U/m_reg_reg' and it is trimmed from '45' to '19' bits. [/mnt_pool/c3_users/user/pleguina/graphsage_vivado_2024_1_sweep/build/hls/graphsage_int8_po2_19c_const_params/solution1/syn/verilog/graphsage_int8_po2_ama_addmuladd_8ns_7ns_11ns_12ns_19_4_1.v:37]
INFO: [Synth 8-3936] Found unconnected internal register 'ama_addmuladd_8ns_7ns_11ns_12ns_19_4_1_U643/graphsage_int8_po2_ama_addmuladd_8ns_7ns_11ns_12ns_19_4_1_DSP48_0_U/p_reg_reg' and it is trimmed from '46' to '19' bits. [/mnt_pool/c3_users/user/pleguina/graphsage_vivado_2024_1_sweep/build/hls/graphsage_int8_po2_19c_const_params/solution1/syn/verilog/graphsage_int8_po2_ama_addmuladd_8ns_7ns_11ns_12ns_19_4_1.v:43]
INFO: [Synth 8-3936] Found unconnected internal register 'ama_addmuladd_8ns_7ns_11ns_12ns_19_4_1_U643/graphsage_int8_po2_ama_addmuladd_8ns_7ns_11ns_12ns_19_4_1_DSP48_0_U/m_reg_reg' and it is trimmed from '45' to '19' bits. [/mnt_pool/c3_users/user/pleguina/graphsage_vivado_2024_1_sweep/build/hls/graphsage_int8_po2_19c_const_params/solution1/syn/verilog/graphsage_int8_po2_ama_addmuladd_8ns_7ns_11ns_12ns_19_4_1.v:37]
INFO: [Synth 8-3936] Found unconnected internal register 'ama_addmuladd_8ns_7ns_11ns_12ns_19_4_1_U641/graphsage_int8_po2_ama_addmuladd_8ns_7ns_11ns_12ns_19_4_1_DSP48_0_U/p_reg_reg' and it is trimmed from '46' to '19' bits. [/mnt_pool/c3_users/user/pleguina/graphsage_vivado_2024_1_sweep/build/hls/graphsage_int8_po2_19c_const_params/solution1/syn/verilog/graphsage_int8_po2_ama_addmuladd_8ns_7ns_11ns_12ns_19_4_1.v:43]
INFO: [Synth 8-3936] Found unconnected internal register 'ama_addmuladd_8ns_7ns_11ns_12ns_19_4_1_U641/graphsage_int8_po2_ama_addmuladd_8ns_7ns_11ns_12ns_19_4_1_DSP48_0_U/m_reg_reg' and it is trimmed from '45' to '19' bits. [/mnt_pool/c3_users/user/pleguina/graphsage_vivado_2024_1_sweep/build/hls/graphsage_int8_po2_19c_const_params/solution1/syn/verilog/graphsage_int8_po2_ama_addmuladd_8ns_7ns_11ns_12ns_19_4_1.v:37]
INFO: [Synth 8-3936] Found unconnected internal register 'ama_addmuladd_8ns_7ns_11ns_12ns_19_4_1_U637/graphsage_int8_po2_ama_addmuladd_8ns_7ns_11ns_12ns_19_4_1_DSP48_0_U/p_reg_reg' and it is trimmed from '46' to '19' bits. [/mnt_pool/c3_users/user/pleguina/graphsage_vivado_2024_1_sweep/build/hls/graphsage_int8_po2_19c_const_params/solution1/syn/verilog/graphsage_int8_po2_ama_addmuladd_8ns_7ns_11ns_12ns_19_4_1.v:43]
INFO: [Synth 8-3936] Found unconnected internal register 'ama_addmuladd_8ns_7ns_11ns_12ns_19_4_1_U637/graphsage_int8_po2_ama_addmuladd_8ns_7ns_11ns_12ns_19_4_1_DSP48_0_U/m_reg_reg' and it is trimmed from '45' to '19' bits. [/mnt_pool/c3_users/user/pleguina/graphsage_vivado_2024_1_sweep/build/hls/graphsage_int8_po2_19c_const_params/solution1/syn/verilog/graphsage_int8_po2_ama_addmuladd_8ns_7ns_11ns_12ns_19_4_1.v:37]
INFO: [Synth 8-3936] Found unconnected internal register 'ama_addmuladd_8ns_7ns_11ns_12ns_19_4_1_U639/graphsage_int8_po2_ama_addmuladd_8ns_7ns_11ns_12ns_19_4_1_DSP48_0_U/p_reg_reg' and it is trimmed from '46' to '19' bits. [/mnt_pool/c3_users/user/pleguina/graphsage_vivado_2024_1_sweep/build/hls/graphsage_int8_po2_19c_const_params/solution1/syn/verilog/graphsage_int8_po2_ama_addmuladd_8ns_7ns_11ns_12ns_19_4_1.v:43]
INFO: [Synth 8-3936] Found unconnected internal register 'ama_addmuladd_8ns_7ns_11ns_12ns_19_4_1_U639/graphsage_int8_po2_ama_addmuladd_8ns_7ns_11ns_12ns_19_4_1_DSP48_0_U/m_reg_reg' and it is trimmed from '45' to '19' bits. [/mnt_pool/c3_users/user/pleguina/graphsage_vivado_2024_1_sweep/build/hls/graphsage_int8_po2_19c_const_params/solution1/syn/verilog/graphsage_int8_po2_ama_addmuladd_8ns_7ns_11ns_12ns_19_4_1.v:37]
INFO: [Synth 8-3936] Found unconnected internal register 'ama_addmuladd_9s_8s_11ns_17ns_21_4_1_U614/graphsage_int8_po2_ama_addmuladd_9s_8s_11ns_17ns_21_4_1_DSP48_0_U/p_reg_reg' and it is trimmed from '46' to '21' bits. [/mnt_pool/c3_users/user/pleguina/graphsage_vivado_2024_1_sweep/build/hls/graphsage_int8_po2_19c_const_params/solution1/syn/verilog/graphsage_int8_po2_ama_addmuladd_9s_8s_11ns_17ns_21_4_1.v:43]
INFO: [Synth 8-3936] Found unconnected internal register 'ama_addmuladd_9s_8s_11ns_17ns_21_4_1_U614/graphsage_int8_po2_ama_addmuladd_9s_8s_11ns_17ns_21_4_1_DSP48_0_U/m_reg_reg' and it is trimmed from '45' to '21' bits. [/mnt_pool/c3_users/user/pleguina/graphsage_vivado_2024_1_sweep/build/hls/graphsage_int8_po2_19c_const_params/solution1/syn/verilog/graphsage_int8_po2_ama_addmuladd_9s_8s_11ns_17ns_21_4_1.v:37]
INFO: [Synth 8-3936] Found unconnected internal register 'ama_addmuladd_9s_8s_11ns_17ns_21_4_1_U604/graphsage_int8_po2_ama_addmuladd_9s_8s_11ns_17ns_21_4_1_DSP48_0_U/p_reg_reg' and it is trimmed from '46' to '21' bits. [/mnt_pool/c3_users/user/pleguina/graphsage_vivado_2024_1_sweep/build/hls/graphsage_int8_po2_19c_const_params/solution1/syn/verilog/graphsage_int8_po2_ama_addmuladd_9s_8s_11ns_17ns_21_4_1.v:43]
INFO: [Synth 8-3936] Found unconnected internal register 'ama_addmuladd_9s_8s_11ns_17ns_21_4_1_U604/graphsage_int8_po2_ama_addmuladd_9s_8s_11ns_17ns_21_4_1_DSP48_0_U/m_reg_reg' and it is trimmed from '45' to '21' bits. [/mnt_pool/c3_users/user/pleguina/graphsage_vivado_2024_1_sweep/build/hls/graphsage_int8_po2_19c_const_params/solution1/syn/verilog/graphsage_int8_po2_ama_addmuladd_9s_8s_11ns_17ns_21_4_1.v:37]
INFO: [Synth 8-3936] Found unconnected internal register 'ama_addmuladd_9s_8s_11ns_17ns_21_4_1_U601/graphsage_int8_po2_ama_addmuladd_9s_8s_11ns_17ns_21_4_1_DSP48_0_U/p_reg_reg' and it is trimmed from '46' to '21' bits. [/mnt_pool/c3_users/user/pleguina/graphsage_vivado_2024_1_sweep/build/hls/graphsage_int8_po2_19c_const_params/solution1/syn/verilog/graphsage_int8_po2_ama_addmuladd_9s_8s_11ns_17ns_21_4_1.v:43]
INFO: [Synth 8-3936] Found unconnected internal register 'ama_addmuladd_9s_8s_11ns_17ns_21_4_1_U601/graphsage_int8_po2_ama_addmuladd_9s_8s_11ns_17ns_21_4_1_DSP48_0_U/m_reg_reg' and it is trimmed from '45' to '21' bits. [/mnt_pool/c3_users/user/pleguina/graphsage_vivado_2024_1_sweep/build/hls/graphsage_int8_po2_19c_const_params/solution1/syn/verilog/graphsage_int8_po2_ama_addmuladd_9s_8s_11ns_17ns_21_4_1.v:37]
INFO: [Synth 8-3936] Found unconnected internal register 'ama_addmuladd_9s_8s_11ns_17ns_21_4_1_U598/graphsage_int8_po2_ama_addmuladd_9s_8s_11ns_17ns_21_4_1_DSP48_0_U/p_reg_reg' and it is trimmed from '46' to '21' bits. [/mnt_pool/c3_users/user/pleguina/graphsage_vivado_2024_1_sweep/build/hls/graphsage_int8_po2_19c_const_params/solution1/syn/verilog/graphsage_int8_po2_ama_addmuladd_9s_8s_11ns_17ns_21_4_1.v:43]
INFO: [Synth 8-3936] Found unconnected internal register 'ama_addmuladd_9s_8s_11ns_17ns_21_4_1_U598/graphsage_int8_po2_ama_addmuladd_9s_8s_11ns_17ns_21_4_1_DSP48_0_U/m_reg_reg' and it is trimmed from '45' to '21' bits. [/mnt_pool/c3_users/user/pleguina/graphsage_vivado_2024_1_sweep/build/hls/graphsage_int8_po2_19c_const_params/solution1/syn/verilog/graphsage_int8_po2_ama_addmuladd_9s_8s_11ns_17ns_21_4_1.v:37]
INFO: [Synth 8-3936] Found unconnected internal register 'ama_addmuladd_9s_8s_11ns_17ns_21_4_1_U588/graphsage_int8_po2_ama_addmuladd_9s_8s_11ns_17ns_21_4_1_DSP48_0_U/p_reg_reg' and it is trimmed from '46' to '21' bits. [/mnt_pool/c3_users/user/pleguina/graphsage_vivado_2024_1_sweep/build/hls/graphsage_int8_po2_19c_const_params/solution1/syn/verilog/graphsage_int8_po2_ama_addmuladd_9s_8s_11ns_17ns_21_4_1.v:43]
INFO: [Synth 8-3936] Found unconnected internal register 'ama_addmuladd_9s_8s_11ns_17ns_21_4_1_U588/graphsage_int8_po2_ama_addmuladd_9s_8s_11ns_17ns_21_4_1_DSP48_0_U/m_reg_reg' and it is trimmed from '45' to '21' bits. [/mnt_pool/c3_users/user/pleguina/graphsage_vivado_2024_1_sweep/build/hls/graphsage_int8_po2_19c_const_params/solution1/syn/verilog/graphsage_int8_po2_ama_addmuladd_9s_8s_11ns_17ns_21_4_1.v:37]
INFO: [Synth 8-3936] Found unconnected internal register 'ama_addmuladd_9s_8s_11ns_17ns_21_4_1_U585/graphsage_int8_po2_ama_addmuladd_9s_8s_11ns_17ns_21_4_1_DSP48_0_U/p_reg_reg' and it is trimmed from '46' to '21' bits. [/mnt_pool/c3_users/user/pleguina/graphsage_vivado_2024_1_sweep/build/hls/graphsage_int8_po2_19c_const_params/solution1/syn/verilog/graphsage_int8_po2_ama_addmuladd_9s_8s_11ns_17ns_21_4_1.v:43]
INFO: [Synth 8-3936] Found unconnected internal register 'ama_addmuladd_9s_8s_11ns_17ns_21_4_1_U585/graphsage_int8_po2_ama_addmuladd_9s_8s_11ns_17ns_21_4_1_DSP48_0_U/m_reg_reg' and it is trimmed from '45' to '21' bits. [/mnt_pool/c3_users/user/pleguina/graphsage_vivado_2024_1_sweep/build/hls/graphsage_int8_po2_19c_const_params/solution1/syn/verilog/graphsage_int8_po2_ama_addmuladd_9s_8s_11ns_17ns_21_4_1.v:37]
INFO: [Synth 8-3936] Found unconnected internal register 'ama_addmuladd_9s_8s_11ns_17ns_21_4_1_U582/graphsage_int8_po2_ama_addmuladd_9s_8s_11ns_17ns_21_4_1_DSP48_0_U/p_reg_reg' and it is trimmed from '46' to '21' bits. [/mnt_pool/c3_users/user/pleguina/graphsage_vivado_2024_1_sweep/build/hls/graphsage_int8_po2_19c_const_params/solution1/syn/verilog/graphsage_int8_po2_ama_addmuladd_9s_8s_11ns_17ns_21_4_1.v:43]
INFO: [Synth 8-3936] Found unconnected internal register 'ama_addmuladd_9s_8s_11ns_17ns_21_4_1_U582/graphsage_int8_po2_ama_addmuladd_9s_8s_11ns_17ns_21_4_1_DSP48_0_U/m_reg_reg' and it is trimmed from '45' to '21' bits. [/mnt_pool/c3_users/user/pleguina/graphsage_vivado_2024_1_sweep/build/hls/graphsage_int8_po2_19c_const_params/solution1/syn/verilog/graphsage_int8_po2_ama_addmuladd_9s_8s_11ns_17ns_21_4_1.v:37]
INFO: [Synth 8-3936] Found unconnected internal register 'ama_addmuladd_9s_8s_11ns_17ns_21_4_1_U572/graphsage_int8_po2_ama_addmuladd_9s_8s_11ns_17ns_21_4_1_DSP48_0_U/p_reg_reg' and it is trimmed from '46' to '21' bits. [/mnt_pool/c3_users/user/pleguina/graphsage_vivado_2024_1_sweep/build/hls/graphsage_int8_po2_19c_const_params/solution1/syn/verilog/graphsage_int8_po2_ama_addmuladd_9s_8s_11ns_17ns_21_4_1.v:43]
INFO: [Synth 8-3936] Found unconnected internal register 'ama_addmuladd_9s_8s_11ns_17ns_21_4_1_U572/graphsage_int8_po2_ama_addmuladd_9s_8s_11ns_17ns_21_4_1_DSP48_0_U/m_reg_reg' and it is trimmed from '45' to '21' bits. [/mnt_pool/c3_users/user/pleguina/graphsage_vivado_2024_1_sweep/build/hls/graphsage_int8_po2_19c_const_params/solution1/syn/verilog/graphsage_int8_po2_ama_addmuladd_9s_8s_11ns_17ns_21_4_1.v:37]
INFO: [Synth 8-3936] Found unconnected internal register 'ama_addmuladd_9s_8s_11ns_17ns_21_4_1_U569/graphsage_int8_po2_ama_addmuladd_9s_8s_11ns_17ns_21_4_1_DSP48_0_U/p_reg_reg' and it is trimmed from '46' to '21' bits. [/mnt_pool/c3_users/user/pleguina/graphsage_vivado_2024_1_sweep/build/hls/graphsage_int8_po2_19c_const_params/solution1/syn/verilog/graphsage_int8_po2_ama_addmuladd_9s_8s_11ns_17ns_21_4_1.v:43]
INFO: [Synth 8-3936] Found unconnected internal register 'ama_addmuladd_9s_8s_11ns_17ns_21_4_1_U569/graphsage_int8_po2_ama_addmuladd_9s_8s_11ns_17ns_21_4_1_DSP48_0_U/m_reg_reg' and it is trimmed from '45' to '21' bits. [/mnt_pool/c3_users/user/pleguina/graphsage_vivado_2024_1_sweep/build/hls/graphsage_int8_po2_19c_const_params/solution1/syn/verilog/graphsage_int8_po2_ama_addmuladd_9s_8s_11ns_17ns_21_4_1.v:37]
DSP Report: Generating DSP ama_addmuladd_9s_8s_11ns_17ns_21_4_1_U572/graphsage_int8_po2_ama_addmuladd_9s_8s_11ns_17ns_21_4_1_DSP48_0_U/p_reg_reg, operation Mode is: (C:0x10000)+((D'+A2)*(B:0x555)')'.
DSP Report: register registered_input_115_reg_22770_reg is absorbed into DSP ama_addmuladd_9s_8s_11ns_17ns_21_4_1_U572/graphsage_int8_po2_ama_addmuladd_9s_8s_11ns_17ns_21_4_1_DSP48_0_U/p_reg_reg.
DSP Report: register ama_addmuladd_9s_8s_11ns_17ns_21_4_1_U569/graphsage_int8_po2_ama_addmuladd_9s_8s_11ns_17ns_21_4_1_DSP48_0_U/b_reg_reg is absorbed into DSP ama_addmuladd_9s_8s_11ns_17ns_21_4_1_U572/graphsage_int8_po2_ama_addmuladd_9s_8s_11ns_17ns_21_4_1_DSP48_0_U/p_reg_reg.
DSP Report: register neighbor_sum_10_reg_22850_reg is absorbed into DSP ama_addmuladd_9s_8s_11ns_17ns_21_4_1_U572/graphsage_int8_po2_ama_addmuladd_9s_8s_11ns_17ns_21_4_1_DSP48_0_U/p_reg_reg.
DSP Report: register ama_addmuladd_9s_8s_11ns_17ns_21_4_1_U572/graphsage_int8_po2_ama_addmuladd_9s_8s_11ns_17ns_21_4_1_DSP48_0_U/p_reg_reg is absorbed into DSP ama_addmuladd_9s_8s_11ns_17ns_21_4_1_U572/graphsage_int8_po2_ama_addmuladd_9s_8s_11ns_17ns_21_4_1_DSP48_0_U/p_reg_reg.
DSP Report: register ama_addmuladd_9s_8s_11ns_17ns_21_4_1_U572/graphsage_int8_po2_ama_addmuladd_9s_8s_11ns_17ns_21_4_1_DSP48_0_U/m_reg_reg is absorbed into DSP ama_addmuladd_9s_8s_11ns_17ns_21_4_1_U572/graphsage_int8_po2_ama_addmuladd_9s_8s_11ns_17ns_21_4_1_DSP48_0_U/p_reg_reg.
DSP Report: register ama_addmuladd_9s_8s_11ns_17ns_21_4_1_U572/graphsage_int8_po2_ama_addmuladd_9s_8s_11ns_17ns_21_4_1_DSP48_0_U/ad_reg_reg is absorbed into DSP ama_addmuladd_9s_8s_11ns_17ns_21_4_1_U572/graphsage_int8_po2_ama_addmuladd_9s_8s_11ns_17ns_21_4_1_DSP48_0_U/p_reg_reg.
DSP Report: operator ama_addmuladd_9s_8s_11ns_17ns_21_4_1_U572/graphsage_int8_po2_ama_addmuladd_9s_8s_11ns_17ns_21_4_1_DSP48_0_U/p is absorbed into DSP ama_addmuladd_9s_8s_11ns_17ns_21_4_1_U572/graphsage_int8_po2_ama_addmuladd_9s_8s_11ns_17ns_21_4_1_DSP48_0_U/p_reg_reg.
DSP Report: operator ama_addmuladd_9s_8s_11ns_17ns_21_4_1_U572/graphsage_int8_po2_ama_addmuladd_9s_8s_11ns_17ns_21_4_1_DSP48_0_U/m is absorbed into DSP ama_addmuladd_9s_8s_11ns_17ns_21_4_1_U572/graphsage_int8_po2_ama_addmuladd_9s_8s_11ns_17ns_21_4_1_DSP48_0_U/p_reg_reg.
DSP Report: operator ama_addmuladd_9s_8s_11ns_17ns_21_4_1_U572/graphsage_int8_po2_ama_addmuladd_9s_8s_11ns_17ns_21_4_1_DSP48_0_U/ad is absorbed into DSP ama_addmuladd_9s_8s_11ns_17ns_21_4_1_U572/graphsage_int8_po2_ama_addmuladd_9s_8s_11ns_17ns_21_4_1_DSP48_0_U/p_reg_reg.
DSP Report: Generating DSP ama_addmuladd_9s_8s_11ns_17ns_21_4_1_U585/graphsage_int8_po2_ama_addmuladd_9s_8s_11ns_17ns_21_4_1_DSP48_0_U/p_reg_reg, operation Mode is: (C:0x10000)+((D'+A2)*(B:0x555)')'.
DSP Report: register registered_input_64_reg_22595_reg is absorbed into DSP ama_addmuladd_9s_8s_11ns_17ns_21_4_1_U585/graphsage_int8_po2_ama_addmuladd_9s_8s_11ns_17ns_21_4_1_DSP48_0_U/p_reg_reg.
DSP Report: register add_ln32_reg_22915_reg is absorbed into DSP ama_addmuladd_9s_8s_11ns_17ns_21_4_1_U585/graphsage_int8_po2_ama_addmuladd_9s_8s_11ns_17ns_21_4_1_DSP48_0_U/p_reg_reg.
DSP Report: register ama_addmuladd_9s_8s_11ns_17ns_21_4_1_U569/graphsage_int8_po2_ama_addmuladd_9s_8s_11ns_17ns_21_4_1_DSP48_0_U/b_reg_reg is absorbed into DSP ama_addmuladd_9s_8s_11ns_17ns_21_4_1_U585/graphsage_int8_po2_ama_addmuladd_9s_8s_11ns_17ns_21_4_1_DSP48_0_U/p_reg_reg.
DSP Report: register ama_addmuladd_9s_8s_11ns_17ns_21_4_1_U585/graphsage_int8_po2_ama_addmuladd_9s_8s_11ns_17ns_21_4_1_DSP48_0_U/p_reg_reg is absorbed into DSP ama_addmuladd_9s_8s_11ns_17ns_21_4_1_U585/graphsage_int8_po2_ama_addmuladd_9s_8s_11ns_17ns_21_4_1_DSP48_0_U/p_reg_reg.
DSP Report: register ama_addmuladd_9s_8s_11ns_17ns_21_4_1_U585/graphsage_int8_po2_ama_addmuladd_9s_8s_11ns_17ns_21_4_1_DSP48_0_U/m_reg_reg is absorbed into DSP ama_addmuladd_9s_8s_11ns_17ns_21_4_1_U585/graphsage_int8_po2_ama_addmuladd_9s_8s_11ns_17ns_21_4_1_DSP48_0_U/p_reg_reg.
DSP Report: register ama_addmuladd_9s_8s_11ns_17ns_21_4_1_U585/graphsage_int8_po2_ama_addmuladd_9s_8s_11ns_17ns_21_4_1_DSP48_0_U/ad_reg_reg is absorbed into DSP ama_addmuladd_9s_8s_11ns_17ns_21_4_1_U585/graphsage_int8_po2_ama_addmuladd_9s_8s_11ns_17ns_21_4_1_DSP48_0_U/p_reg_reg.
DSP Report: operator ama_addmuladd_9s_8s_11ns_17ns_21_4_1_U585/graphsage_int8_po2_ama_addmuladd_9s_8s_11ns_17ns_21_4_1_DSP48_0_U/p is absorbed into DSP ama_addmuladd_9s_8s_11ns_17ns_21_4_1_U585/graphsage_int8_po2_ama_addmuladd_9s_8s_11ns_17ns_21_4_1_DSP48_0_U/p_reg_reg.
DSP Report: operator ama_addmuladd_9s_8s_11ns_17ns_21_4_1_U585/graphsage_int8_po2_ama_addmuladd_9s_8s_11ns_17ns_21_4_1_DSP48_0_U/m is absorbed into DSP ama_addmuladd_9s_8s_11ns_17ns_21_4_1_U585/graphsage_int8_po2_ama_addmuladd_9s_8s_11ns_17ns_21_4_1_DSP48_0_U/p_reg_reg.
DSP Report: operator ama_addmuladd_9s_8s_11ns_17ns_21_4_1_U585/graphsage_int8_po2_ama_addmuladd_9s_8s_11ns_17ns_21_4_1_DSP48_0_U/ad is absorbed into DSP ama_addmuladd_9s_8s_11ns_17ns_21_4_1_U585/graphsage_int8_po2_ama_addmuladd_9s_8s_11ns_17ns_21_4_1_DSP48_0_U/p_reg_reg.
DSP Report: Generating DSP ama_addmuladd_9s_8s_11ns_17ns_21_4_1_U588/graphsage_int8_po2_ama_addmuladd_9s_8s_11ns_17ns_21_4_1_DSP48_0_U/p_reg_reg, operation Mode is: (C:0x10000)+((D'+A2)*(B:0x555)')'.
DSP Report: register registered_input_67_reg_22610_reg is absorbed into DSP ama_addmuladd_9s_8s_11ns_17ns_21_4_1_U588/graphsage_int8_po2_ama_addmuladd_9s_8s_11ns_17ns_21_4_1_DSP48_0_U/p_reg_reg.
DSP Report: register add_ln32_6_reg_22930_reg is absorbed into DSP ama_addmuladd_9s_8s_11ns_17ns_21_4_1_U588/graphsage_int8_po2_ama_addmuladd_9s_8s_11ns_17ns_21_4_1_DSP48_0_U/p_reg_reg.
DSP Report: register ama_addmuladd_9s_8s_11ns_17ns_21_4_1_U569/graphsage_int8_po2_ama_addmuladd_9s_8s_11ns_17ns_21_4_1_DSP48_0_U/b_reg_reg is absorbed into DSP ama_addmuladd_9s_8s_11ns_17ns_21_4_1_U588/graphsage_int8_po2_ama_addmuladd_9s_8s_11ns_17ns_21_4_1_DSP48_0_U/p_reg_reg.
DSP Report: register ama_addmuladd_9s_8s_11ns_17ns_21_4_1_U588/graphsage_int8_po2_ama_addmuladd_9s_8s_11ns_17ns_21_4_1_DSP48_0_U/p_reg_reg is absorbed into DSP ama_addmuladd_9s_8s_11ns_17ns_21_4_1_U588/graphsage_int8_po2_ama_addmuladd_9s_8s_11ns_17ns_21_4_1_DSP48_0_U/p_reg_reg.
DSP Report: register ama_addmuladd_9s_8s_11ns_17ns_21_4_1_U588/graphsage_int8_po2_ama_addmuladd_9s_8s_11ns_17ns_21_4_1_DSP48_0_U/m_reg_reg is absorbed into DSP ama_addmuladd_9s_8s_11ns_17ns_21_4_1_U588/graphsage_int8_po2_ama_addmuladd_9s_8s_11ns_17ns_21_4_1_DSP48_0_U/p_reg_reg.
DSP Report: register ama_addmuladd_9s_8s_11ns_17ns_21_4_1_U588/graphsage_int8_po2_ama_addmuladd_9s_8s_11ns_17ns_21_4_1_DSP48_0_U/ad_reg_reg is absorbed into DSP ama_addmuladd_9s_8s_11ns_17ns_21_4_1_U588/graphsage_int8_po2_ama_addmuladd_9s_8s_11ns_17ns_21_4_1_DSP48_0_U/p_reg_reg.
DSP Report: operator ama_addmuladd_9s_8s_11ns_17ns_21_4_1_U588/graphsage_int8_po2_ama_addmuladd_9s_8s_11ns_17ns_21_4_1_DSP48_0_U/p is absorbed into DSP ama_addmuladd_9s_8s_11ns_17ns_21_4_1_U588/graphsage_int8_po2_ama_addmuladd_9s_8s_11ns_17ns_21_4_1_DSP48_0_U/p_reg_reg.
DSP Report: operator ama_addmuladd_9s_8s_11ns_17ns_21_4_1_U588/graphsage_int8_po2_ama_addmuladd_9s_8s_11ns_17ns_21_4_1_DSP48_0_U/m is absorbed into DSP ama_addmuladd_9s_8s_11ns_17ns_21_4_1_U588/graphsage_int8_po2_ama_addmuladd_9s_8s_11ns_17ns_21_4_1_DSP48_0_U/p_reg_reg.
DSP Report: operator ama_addmuladd_9s_8s_11ns_17ns_21_4_1_U588/graphsage_int8_po2_ama_addmuladd_9s_8s_11ns_17ns_21_4_1_DSP48_0_U/ad is absorbed into DSP ama_addmuladd_9s_8s_11ns_17ns_21_4_1_U588/graphsage_int8_po2_ama_addmuladd_9s_8s_11ns_17ns_21_4_1_DSP48_0_U/p_reg_reg.
DSP Report: Generating DSP ama_addmuladd_9s_8s_11ns_17ns_21_4_1_U601/graphsage_int8_po2_ama_addmuladd_9s_8s_11ns_17ns_21_4_1_DSP48_0_U/p_reg_reg, operation Mode is: (C:0x10000)+((D'+A2)*(B:0x555)')'.
DSP Report: register registered_input_96_reg_22675_reg is absorbed into DSP ama_addmuladd_9s_8s_11ns_17ns_21_4_1_U601/graphsage_int8_po2_ama_addmuladd_9s_8s_11ns_17ns_21_4_1_DSP48_0_U/p_reg_reg.
DSP Report: register neighbor_sum_1_reg_22835_reg is absorbed into DSP ama_addmuladd_9s_8s_11ns_17ns_21_4_1_U601/graphsage_int8_po2_ama_addmuladd_9s_8s_11ns_17ns_21_4_1_DSP48_0_U/p_reg_reg.
DSP Report: register ama_addmuladd_9s_8s_11ns_17ns_21_4_1_U569/graphsage_int8_po2_ama_addmuladd_9s_8s_11ns_17ns_21_4_1_DSP48_0_U/b_reg_reg is absorbed into DSP ama_addmuladd_9s_8s_11ns_17ns_21_4_1_U601/graphsage_int8_po2_ama_addmuladd_9s_8s_11ns_17ns_21_4_1_DSP48_0_U/p_reg_reg.
DSP Report: register ama_addmuladd_9s_8s_11ns_17ns_21_4_1_U601/graphsage_int8_po2_ama_addmuladd_9s_8s_11ns_17ns_21_4_1_DSP48_0_U/p_reg_reg is absorbed into DSP ama_addmuladd_9s_8s_11ns_17ns_21_4_1_U601/graphsage_int8_po2_ama_addmuladd_9s_8s_11ns_17ns_21_4_1_DSP48_0_U/p_reg_reg.
DSP Report: register ama_addmuladd_9s_8s_11ns_17ns_21_4_1_U601/graphsage_int8_po2_ama_addmuladd_9s_8s_11ns_17ns_21_4_1_DSP48_0_U/m_reg_reg is absorbed into DSP ama_addmuladd_9s_8s_11ns_17ns_21_4_1_U601/graphsage_int8_po2_ama_addmuladd_9s_8s_11ns_17ns_21_4_1_DSP48_0_U/p_reg_reg.
DSP Report: register ama_addmuladd_9s_8s_11ns_17ns_21_4_1_U601/graphsage_int8_po2_ama_addmuladd_9s_8s_11ns_17ns_21_4_1_DSP48_0_U/ad_reg_reg is absorbed into DSP ama_addmuladd_9s_8s_11ns_17ns_21_4_1_U601/graphsage_int8_po2_ama_addmuladd_9s_8s_11ns_17ns_21_4_1_DSP48_0_U/p_reg_reg.
DSP Report: operator ama_addmuladd_9s_8s_11ns_17ns_21_4_1_U601/graphsage_int8_po2_ama_addmuladd_9s_8s_11ns_17ns_21_4_1_DSP48_0_U/p is absorbed into DSP ama_addmuladd_9s_8s_11ns_17ns_21_4_1_U601/graphsage_int8_po2_ama_addmuladd_9s_8s_11ns_17ns_21_4_1_DSP48_0_U/p_reg_reg.
DSP Report: operator ama_addmuladd_9s_8s_11ns_17ns_21_4_1_U601/graphsage_int8_po2_ama_addmuladd_9s_8s_11ns_17ns_21_4_1_DSP48_0_U/m is absorbed into DSP ama_addmuladd_9s_8s_11ns_17ns_21_4_1_U601/graphsage_int8_po2_ama_addmuladd_9s_8s_11ns_17ns_21_4_1_DSP48_0_U/p_reg_reg.
DSP Report: operator ama_addmuladd_9s_8s_11ns_17ns_21_4_1_U601/graphsage_int8_po2_ama_addmuladd_9s_8s_11ns_17ns_21_4_1_DSP48_0_U/ad is absorbed into DSP ama_addmuladd_9s_8s_11ns_17ns_21_4_1_U601/graphsage_int8_po2_ama_addmuladd_9s_8s_11ns_17ns_21_4_1_DSP48_0_U/p_reg_reg.
DSP Report: Generating DSP ama_addmuladd_9s_8s_11ns_17ns_21_4_1_U604/graphsage_int8_po2_ama_addmuladd_9s_8s_11ns_17ns_21_4_1_DSP48_0_U/p_reg_reg, operation Mode is: (C:0x10000)+((D'+A2)*(B:0x555)')'.
DSP Report: register ama_addmuladd_9s_8s_11ns_17ns_21_4_1_U569/graphsage_int8_po2_ama_addmuladd_9s_8s_11ns_17ns_21_4_1_DSP48_0_U/b_reg_reg is absorbed into DSP ama_addmuladd_9s_8s_11ns_17ns_21_4_1_U604/graphsage_int8_po2_ama_addmuladd_9s_8s_11ns_17ns_21_4_1_DSP48_0_U/p_reg_reg.
DSP Report: register neighbor_sum_10_reg_22850_reg is absorbed into DSP ama_addmuladd_9s_8s_11ns_17ns_21_4_1_U604/graphsage_int8_po2_ama_addmuladd_9s_8s_11ns_17ns_21_4_1_DSP48_0_U/p_reg_reg.
DSP Report: register registered_input_99_reg_22690_reg is absorbed into DSP ama_addmuladd_9s_8s_11ns_17ns_21_4_1_U604/graphsage_int8_po2_ama_addmuladd_9s_8s_11ns_17ns_21_4_1_DSP48_0_U/p_reg_reg.
DSP Report: register ama_addmuladd_9s_8s_11ns_17ns_21_4_1_U604/graphsage_int8_po2_ama_addmuladd_9s_8s_11ns_17ns_21_4_1_DSP48_0_U/p_reg_reg is absorbed into DSP ama_addmuladd_9s_8s_11ns_17ns_21_4_1_U604/graphsage_int8_po2_ama_addmuladd_9s_8s_11ns_17ns_21_4_1_DSP48_0_U/p_reg_reg.
DSP Report: register ama_addmuladd_9s_8s_11ns_17ns_21_4_1_U604/graphsage_int8_po2_ama_addmuladd_9s_8s_11ns_17ns_21_4_1_DSP48_0_U/m_reg_reg is absorbed into DSP ama_addmuladd_9s_8s_11ns_17ns_21_4_1_U604/graphsage_int8_po2_ama_addmuladd_9s_8s_11ns_17ns_21_4_1_DSP48_0_U/p_reg_reg.
DSP Report: register ama_addmuladd_9s_8s_11ns_17ns_21_4_1_U604/graphsage_int8_po2_ama_addmuladd_9s_8s_11ns_17ns_21_4_1_DSP48_0_U/ad_reg_reg is absorbed into DSP ama_addmuladd_9s_8s_11ns_17ns_21_4_1_U604/graphsage_int8_po2_ama_addmuladd_9s_8s_11ns_17ns_21_4_1_DSP48_0_U/p_reg_reg.
DSP Report: operator ama_addmuladd_9s_8s_11ns_17ns_21_4_1_U604/graphsage_int8_po2_ama_addmuladd_9s_8s_11ns_17ns_21_4_1_DSP48_0_U/p is absorbed into DSP ama_addmuladd_9s_8s_11ns_17ns_21_4_1_U604/graphsage_int8_po2_ama_addmuladd_9s_8s_11ns_17ns_21_4_1_DSP48_0_U/p_reg_reg.
DSP Report: operator ama_addmuladd_9s_8s_11ns_17ns_21_4_1_U604/graphsage_int8_po2_ama_addmuladd_9s_8s_11ns_17ns_21_4_1_DSP48_0_U/m is absorbed into DSP ama_addmuladd_9s_8s_11ns_17ns_21_4_1_U604/graphsage_int8_po2_ama_addmuladd_9s_8s_11ns_17ns_21_4_1_DSP48_0_U/p_reg_reg.
DSP Report: operator ama_addmuladd_9s_8s_11ns_17ns_21_4_1_U604/graphsage_int8_po2_ama_addmuladd_9s_8s_11ns_17ns_21_4_1_DSP48_0_U/ad is absorbed into DSP ama_addmuladd_9s_8s_11ns_17ns_21_4_1_U604/graphsage_int8_po2_ama_addmuladd_9s_8s_11ns_17ns_21_4_1_DSP48_0_U/p_reg_reg.
DSP Report: Generating DSP ama_addmuladd_9s_8s_11ns_17ns_21_4_1_U614/graphsage_int8_po2_ama_addmuladd_9s_8s_11ns_17ns_21_4_1_DSP48_0_U/p_reg_reg, operation Mode is: (C:0x10000)+((D'+A2)*(B:0x555)')'.
DSP Report: register registered_input_109_reg_22740_reg is absorbed into DSP ama_addmuladd_9s_8s_11ns_17ns_21_4_1_U614/graphsage_int8_po2_ama_addmuladd_9s_8s_11ns_17ns_21_4_1_DSP48_0_U/p_reg_reg.
DSP Report: register neighbor_sum_40_reg_22900_reg is absorbed into DSP ama_addmuladd_9s_8s_11ns_17ns_21_4_1_U614/graphsage_int8_po2_ama_addmuladd_9s_8s_11ns_17ns_21_4_1_DSP48_0_U/p_reg_reg.
DSP Report: register ama_addmuladd_9s_8s_11ns_17ns_21_4_1_U569/graphsage_int8_po2_ama_addmuladd_9s_8s_11ns_17ns_21_4_1_DSP48_0_U/b_reg_reg is absorbed into DSP ama_addmuladd_9s_8s_11ns_17ns_21_4_1_U614/graphsage_int8_po2_ama_addmuladd_9s_8s_11ns_17ns_21_4_1_DSP48_0_U/p_reg_reg.
DSP Report: register ama_addmuladd_9s_8s_11ns_17ns_21_4_1_U614/graphsage_int8_po2_ama_addmuladd_9s_8s_11ns_17ns_21_4_1_DSP48_0_U/p_reg_reg is absorbed into DSP ama_addmuladd_9s_8s_11ns_17ns_21_4_1_U614/graphsage_int8_po2_ama_addmuladd_9s_8s_11ns_17ns_21_4_1_DSP48_0_U/p_reg_reg.
DSP Report: register ama_addmuladd_9s_8s_11ns_17ns_21_4_1_U614/graphsage_int8_po2_ama_addmuladd_9s_8s_11ns_17ns_21_4_1_DSP48_0_U/m_reg_reg is absorbed into DSP ama_addmuladd_9s_8s_11ns_17ns_21_4_1_U614/graphsage_int8_po2_ama_addmuladd_9s_8s_11ns_17ns_21_4_1_DSP48_0_U/p_reg_reg.
DSP Report: register ama_addmuladd_9s_8s_11ns_17ns_21_4_1_U614/graphsage_int8_po2_ama_addmuladd_9s_8s_11ns_17ns_21_4_1_DSP48_0_U/ad_reg_reg is absorbed into DSP ama_addmuladd_9s_8s_11ns_17ns_21_4_1_U614/graphsage_int8_po2_ama_addmuladd_9s_8s_11ns_17ns_21_4_1_DSP48_0_U/p_reg_reg.
DSP Report: operator ama_addmuladd_9s_8s_11ns_17ns_21_4_1_U614/graphsage_int8_po2_ama_addmuladd_9s_8s_11ns_17ns_21_4_1_DSP48_0_U/p is absorbed into DSP ama_addmuladd_9s_8s_11ns_17ns_21_4_1_U614/graphsage_int8_po2_ama_addmuladd_9s_8s_11ns_17ns_21_4_1_DSP48_0_U/p_reg_reg.
DSP Report: operator ama_addmuladd_9s_8s_11ns_17ns_21_4_1_U614/graphsage_int8_po2_ama_addmuladd_9s_8s_11ns_17ns_21_4_1_DSP48_0_U/m is absorbed into DSP ama_addmuladd_9s_8s_11ns_17ns_21_4_1_U614/graphsage_int8_po2_ama_addmuladd_9s_8s_11ns_17ns_21_4_1_DSP48_0_U/p_reg_reg.
DSP Report: operator ama_addmuladd_9s_8s_11ns_17ns_21_4_1_U614/graphsage_int8_po2_ama_addmuladd_9s_8s_11ns_17ns_21_4_1_DSP48_0_U/ad is absorbed into DSP ama_addmuladd_9s_8s_11ns_17ns_21_4_1_U614/graphsage_int8_po2_ama_addmuladd_9s_8s_11ns_17ns_21_4_1_DSP48_0_U/p_reg_reg.
DSP Report: Generating DSP ama_addmuladd_8ns_7ns_11ns_12ns_19_4_1_U637/graphsage_int8_po2_ama_addmuladd_8ns_7ns_11ns_12ns_19_4_1_DSP48_0_U/p_reg_reg, operation Mode is: (C:0x800)+((D'+A)*(B:0x555)')'.
DSP Report: register ama_addmuladd_8ns_7ns_11ns_12ns_19_4_1_U637/graphsage_int8_po2_ama_addmuladd_8ns_7ns_11ns_12ns_19_4_1_DSP48_0_U/p_reg_reg is absorbed into DSP ama_addmuladd_8ns_7ns_11ns_12ns_19_4_1_U637/graphsage_int8_po2_ama_addmuladd_8ns_7ns_11ns_12ns_19_4_1_DSP48_0_U/p_reg_reg.
DSP Report: register ama_addmuladd_9s_8s_11ns_17ns_21_4_1_U569/graphsage_int8_po2_ama_addmuladd_9s_8s_11ns_17ns_21_4_1_DSP48_0_U/b_reg_reg is absorbed into DSP ama_addmuladd_8ns_7ns_11ns_12ns_19_4_1_U637/graphsage_int8_po2_ama_addmuladd_8ns_7ns_11ns_12ns_19_4_1_DSP48_0_U/p_reg_reg.
DSP Report: register ama_addmuladd_8ns_7ns_11ns_12ns_19_4_1_U637/graphsage_int8_po2_ama_addmuladd_8ns_7ns_11ns_12ns_19_4_1_DSP48_0_U/p_reg_reg is absorbed into DSP ama_addmuladd_8ns_7ns_11ns_12ns_19_4_1_U637/graphsage_int8_po2_ama_addmuladd_8ns_7ns_11ns_12ns_19_4_1_DSP48_0_U/p_reg_reg.
DSP Report: register ama_addmuladd_8ns_7ns_11ns_12ns_19_4_1_U637/graphsage_int8_po2_ama_addmuladd_8ns_7ns_11ns_12ns_19_4_1_DSP48_0_U/m_reg_reg is absorbed into DSP ama_addmuladd_8ns_7ns_11ns_12ns_19_4_1_U637/graphsage_int8_po2_ama_addmuladd_8ns_7ns_11ns_12ns_19_4_1_DSP48_0_U/p_reg_reg.
DSP Report: register ama_addmuladd_8ns_7ns_11ns_12ns_19_4_1_U637/graphsage_int8_po2_ama_addmuladd_8ns_7ns_11ns_12ns_19_4_1_DSP48_0_U/ad_reg_reg is absorbed into DSP ama_addmuladd_8ns_7ns_11ns_12ns_19_4_1_U637/graphsage_int8_po2_ama_addmuladd_8ns_7ns_11ns_12ns_19_4_1_DSP48_0_U/p_reg_reg.
DSP Report: operator ama_addmuladd_8ns_7ns_11ns_12ns_19_4_1_U637/graphsage_int8_po2_ama_addmuladd_8ns_7ns_11ns_12ns_19_4_1_DSP48_0_U/p is absorbed into DSP ama_addmuladd_8ns_7ns_11ns_12ns_19_4_1_U637/graphsage_int8_po2_ama_addmuladd_8ns_7ns_11ns_12ns_19_4_1_DSP48_0_U/p_reg_reg.
DSP Report: operator ama_addmuladd_8ns_7ns_11ns_12ns_19_4_1_U637/graphsage_int8_po2_ama_addmuladd_8ns_7ns_11ns_12ns_19_4_1_DSP48_0_U/m is absorbed into DSP ama_addmuladd_8ns_7ns_11ns_12ns_19_4_1_U637/graphsage_int8_po2_ama_addmuladd_8ns_7ns_11ns_12ns_19_4_1_DSP48_0_U/p_reg_reg.
DSP Report: operator ama_addmuladd_8ns_7ns_11ns_12ns_19_4_1_U637/graphsage_int8_po2_ama_addmuladd_8ns_7ns_11ns_12ns_19_4_1_DSP48_0_U/ad is absorbed into DSP ama_addmuladd_8ns_7ns_11ns_12ns_19_4_1_U637/graphsage_int8_po2_ama_addmuladd_8ns_7ns_11ns_12ns_19_4_1_DSP48_0_U/p_reg_reg.
DSP Report: Generating DSP ama_addmuladd_8ns_7ns_11ns_12ns_19_4_1_U638/graphsage_int8_po2_ama_addmuladd_8ns_7ns_11ns_12ns_19_4_1_DSP48_0_U/p_reg_reg, operation Mode is: (C:0x800)+((D'+A)*(B:0x555)')'.
DSP Report: register ama_addmuladd_8ns_7ns_11ns_12ns_19_4_1_U638/graphsage_int8_po2_ama_addmuladd_8ns_7ns_11ns_12ns_19_4_1_DSP48_0_U/p_reg_reg is absorbed into DSP ama_addmuladd_8ns_7ns_11ns_12ns_19_4_1_U638/graphsage_int8_po2_ama_addmuladd_8ns_7ns_11ns_12ns_19_4_1_DSP48_0_U/p_reg_reg.
DSP Report: register ama_addmuladd_9s_8s_11ns_17ns_21_4_1_U569/graphsage_int8_po2_ama_addmuladd_9s_8s_11ns_17ns_21_4_1_DSP48_0_U/b_reg_reg is absorbed into DSP ama_addmuladd_8ns_7ns_11ns_12ns_19_4_1_U638/graphsage_int8_po2_ama_addmuladd_8ns_7ns_11ns_12ns_19_4_1_DSP48_0_U/p_reg_reg.
DSP Report: register ama_addmuladd_8ns_7ns_11ns_12ns_19_4_1_U638/graphsage_int8_po2_ama_addmuladd_8ns_7ns_11ns_12ns_19_4_1_DSP48_0_U/p_reg_reg is absorbed into DSP ama_addmuladd_8ns_7ns_11ns_12ns_19_4_1_U638/graphsage_int8_po2_ama_addmuladd_8ns_7ns_11ns_12ns_19_4_1_DSP48_0_U/p_reg_reg.
DSP Report: register ama_addmuladd_8ns_7ns_11ns_12ns_19_4_1_U638/graphsage_int8_po2_ama_addmuladd_8ns_7ns_11ns_12ns_19_4_1_DSP48_0_U/m_reg_reg is absorbed into DSP ama_addmuladd_8ns_7ns_11ns_12ns_19_4_1_U638/graphsage_int8_po2_ama_addmuladd_8ns_7ns_11ns_12ns_19_4_1_DSP48_0_U/p_reg_reg.
DSP Report: register ama_addmuladd_8ns_7ns_11ns_12ns_19_4_1_U638/graphsage_int8_po2_ama_addmuladd_8ns_7ns_11ns_12ns_19_4_1_DSP48_0_U/ad_reg_reg is absorbed into DSP ama_addmuladd_8ns_7ns_11ns_12ns_19_4_1_U638/graphsage_int8_po2_ama_addmuladd_8ns_7ns_11ns_12ns_19_4_1_DSP48_0_U/p_reg_reg.
DSP Report: operator ama_addmuladd_8ns_7ns_11ns_12ns_19_4_1_U638/graphsage_int8_po2_ama_addmuladd_8ns_7ns_11ns_12ns_19_4_1_DSP48_0_U/p is absorbed into DSP ama_addmuladd_8ns_7ns_11ns_12ns_19_4_1_U638/graphsage_int8_po2_ama_addmuladd_8ns_7ns_11ns_12ns_19_4_1_DSP48_0_U/p_reg_reg.
DSP Report: operator ama_addmuladd_8ns_7ns_11ns_12ns_19_4_1_U638/graphsage_int8_po2_ama_addmuladd_8ns_7ns_11ns_12ns_19_4_1_DSP48_0_U/m is absorbed into DSP ama_addmuladd_8ns_7ns_11ns_12ns_19_4_1_U638/graphsage_int8_po2_ama_addmuladd_8ns_7ns_11ns_12ns_19_4_1_DSP48_0_U/p_reg_reg.
DSP Report: operator ama_addmuladd_8ns_7ns_11ns_12ns_19_4_1_U638/graphsage_int8_po2_ama_addmuladd_8ns_7ns_11ns_12ns_19_4_1_DSP48_0_U/ad is absorbed into DSP ama_addmuladd_8ns_7ns_11ns_12ns_19_4_1_U638/graphsage_int8_po2_ama_addmuladd_8ns_7ns_11ns_12ns_19_4_1_DSP48_0_U/p_reg_reg.
DSP Report: Generating DSP ama_addmuladd_8ns_7ns_11ns_12ns_19_4_1_U639/graphsage_int8_po2_ama_addmuladd_8ns_7ns_11ns_12ns_19_4_1_DSP48_0_U/p_reg_reg, operation Mode is: (C:0x800)+((D'+A)*(B:0x555)')'.
DSP Report: register ama_addmuladd_8ns_7ns_11ns_12ns_19_4_1_U639/graphsage_int8_po2_ama_addmuladd_8ns_7ns_11ns_12ns_19_4_1_DSP48_0_U/p_reg_reg is absorbed into DSP ama_addmuladd_8ns_7ns_11ns_12ns_19_4_1_U639/graphsage_int8_po2_ama_addmuladd_8ns_7ns_11ns_12ns_19_4_1_DSP48_0_U/p_reg_reg.
DSP Report: register ama_addmuladd_9s_8s_11ns_17ns_21_4_1_U569/graphsage_int8_po2_ama_addmuladd_9s_8s_11ns_17ns_21_4_1_DSP48_0_U/b_reg_reg is absorbed into DSP ama_addmuladd_8ns_7ns_11ns_12ns_19_4_1_U639/graphsage_int8_po2_ama_addmuladd_8ns_7ns_11ns_12ns_19_4_1_DSP48_0_U/p_reg_reg.
DSP Report: register ama_addmuladd_8ns_7ns_11ns_12ns_19_4_1_U639/graphsage_int8_po2_ama_addmuladd_8ns_7ns_11ns_12ns_19_4_1_DSP48_0_U/p_reg_reg is absorbed into DSP ama_addmuladd_8ns_7ns_11ns_12ns_19_4_1_U639/graphsage_int8_po2_ama_addmuladd_8ns_7ns_11ns_12ns_19_4_1_DSP48_0_U/p_reg_reg.
DSP Report: register ama_addmuladd_8ns_7ns_11ns_12ns_19_4_1_U639/graphsage_int8_po2_ama_addmuladd_8ns_7ns_11ns_12ns_19_4_1_DSP48_0_U/m_reg_reg is absorbed into DSP ama_addmuladd_8ns_7ns_11ns_12ns_19_4_1_U639/graphsage_int8_po2_ama_addmuladd_8ns_7ns_11ns_12ns_19_4_1_DSP48_0_U/p_reg_reg.
DSP Report: register ama_addmuladd_8ns_7ns_11ns_12ns_19_4_1_U639/graphsage_int8_po2_ama_addmuladd_8ns_7ns_11ns_12ns_19_4_1_DSP48_0_U/ad_reg_reg is absorbed into DSP ama_addmuladd_8ns_7ns_11ns_12ns_19_4_1_U639/graphsage_int8_po2_ama_addmuladd_8ns_7ns_11ns_12ns_19_4_1_DSP48_0_U/p_reg_reg.
DSP Report: operator ama_addmuladd_8ns_7ns_11ns_12ns_19_4_1_U639/graphsage_int8_po2_ama_addmuladd_8ns_7ns_11ns_12ns_19_4_1_DSP48_0_U/p is absorbed into DSP ama_addmuladd_8ns_7ns_11ns_12ns_19_4_1_U639/graphsage_int8_po2_ama_addmuladd_8ns_7ns_11ns_12ns_19_4_1_DSP48_0_U/p_reg_reg.
DSP Report: operator ama_addmuladd_8ns_7ns_11ns_12ns_19_4_1_U639/graphsage_int8_po2_ama_addmuladd_8ns_7ns_11ns_12ns_19_4_1_DSP48_0_U/m is absorbed into DSP ama_addmuladd_8ns_7ns_11ns_12ns_19_4_1_U639/graphsage_int8_po2_ama_addmuladd_8ns_7ns_11ns_12ns_19_4_1_DSP48_0_U/p_reg_reg.
DSP Report: operator ama_addmuladd_8ns_7ns_11ns_12ns_19_4_1_U639/graphsage_int8_po2_ama_addmuladd_8ns_7ns_11ns_12ns_19_4_1_DSP48_0_U/ad is absorbed into DSP ama_addmuladd_8ns_7ns_11ns_12ns_19_4_1_U639/graphsage_int8_po2_ama_addmuladd_8ns_7ns_11ns_12ns_19_4_1_DSP48_0_U/p_reg_reg.
DSP Report: Generating DSP ama_addmuladd_8ns_7ns_11ns_12ns_19_4_1_U641/graphsage_int8_po2_ama_addmuladd_8ns_7ns_11ns_12ns_19_4_1_DSP48_0_U/p_reg_reg, operation Mode is: (C:0x800)+((D+A2)*(B:0x555)')'.
DSP Report: register ama_addmuladd_8ns_7ns_11ns_12ns_19_4_1_U641/graphsage_int8_po2_ama_addmuladd_8ns_7ns_11ns_12ns_19_4_1_DSP48_0_U/p_reg_reg is absorbed into DSP ama_addmuladd_8ns_7ns_11ns_12ns_19_4_1_U641/graphsage_int8_po2_ama_addmuladd_8ns_7ns_11ns_12ns_19_4_1_DSP48_0_U/p_reg_reg.
DSP Report: register ama_addmuladd_9s_8s_11ns_17ns_21_4_1_U569/graphsage_int8_po2_ama_addmuladd_9s_8s_11ns_17ns_21_4_1_DSP48_0_U/b_reg_reg is absorbed into DSP ama_addmuladd_8ns_7ns_11ns_12ns_19_4_1_U641/graphsage_int8_po2_ama_addmuladd_8ns_7ns_11ns_12ns_19_4_1_DSP48_0_U/p_reg_reg.
DSP Report: register ama_addmuladd_8ns_7ns_11ns_12ns_19_4_1_U641/graphsage_int8_po2_ama_addmuladd_8ns_7ns_11ns_12ns_19_4_1_DSP48_0_U/p_reg_reg is absorbed into DSP ama_addmuladd_8ns_7ns_11ns_12ns_19_4_1_U641/graphsage_int8_po2_ama_addmuladd_8ns_7ns_11ns_12ns_19_4_1_DSP48_0_U/p_reg_reg.
DSP Report: register ama_addmuladd_8ns_7ns_11ns_12ns_19_4_1_U641/graphsage_int8_po2_ama_addmuladd_8ns_7ns_11ns_12ns_19_4_1_DSP48_0_U/m_reg_reg is absorbed into DSP ama_addmuladd_8ns_7ns_11ns_12ns_19_4_1_U641/graphsage_int8_po2_ama_addmuladd_8ns_7ns_11ns_12ns_19_4_1_DSP48_0_U/p_reg_reg.
DSP Report: register ama_addmuladd_8ns_7ns_11ns_12ns_19_4_1_U641/graphsage_int8_po2_ama_addmuladd_8ns_7ns_11ns_12ns_19_4_1_DSP48_0_U/ad_reg_reg is absorbed into DSP ama_addmuladd_8ns_7ns_11ns_12ns_19_4_1_U641/graphsage_int8_po2_ama_addmuladd_8ns_7ns_11ns_12ns_19_4_1_DSP48_0_U/p_reg_reg.
DSP Report: operator ama_addmuladd_8ns_7ns_11ns_12ns_19_4_1_U641/graphsage_int8_po2_ama_addmuladd_8ns_7ns_11ns_12ns_19_4_1_DSP48_0_U/p is absorbed into DSP ama_addmuladd_8ns_7ns_11ns_12ns_19_4_1_U641/graphsage_int8_po2_ama_addmuladd_8ns_7ns_11ns_12ns_19_4_1_DSP48_0_U/p_reg_reg.
DSP Report: operator ama_addmuladd_8ns_7ns_11ns_12ns_19_4_1_U641/graphsage_int8_po2_ama_addmuladd_8ns_7ns_11ns_12ns_19_4_1_DSP48_0_U/m is absorbed into DSP ama_addmuladd_8ns_7ns_11ns_12ns_19_4_1_U641/graphsage_int8_po2_ama_addmuladd_8ns_7ns_11ns_12ns_19_4_1_DSP48_0_U/p_reg_reg.
DSP Report: operator ama_addmuladd_8ns_7ns_11ns_12ns_19_4_1_U641/graphsage_int8_po2_ama_addmuladd_8ns_7ns_11ns_12ns_19_4_1_DSP48_0_U/ad is absorbed into DSP ama_addmuladd_8ns_7ns_11ns_12ns_19_4_1_U641/graphsage_int8_po2_ama_addmuladd_8ns_7ns_11ns_12ns_19_4_1_DSP48_0_U/p_reg_reg.
DSP Report: Generating DSP ama_addmuladd_8ns_7ns_11ns_12ns_19_4_1_U642/graphsage_int8_po2_ama_addmuladd_8ns_7ns_11ns_12ns_19_4_1_DSP48_0_U/p_reg_reg, operation Mode is: (C:0x800)+((D'+A'')*(B:0x555)')'.
DSP Report: register ama_addmuladd_8ns_7ns_11ns_12ns_19_4_1_U642/graphsage_int8_po2_ama_addmuladd_8ns_7ns_11ns_12ns_19_4_1_DSP48_0_U/p_reg_reg is absorbed into DSP ama_addmuladd_8ns_7ns_11ns_12ns_19_4_1_U642/graphsage_int8_po2_ama_addmuladd_8ns_7ns_11ns_12ns_19_4_1_DSP48_0_U/p_reg_reg.
DSP Report: register ama_addmuladd_8ns_7ns_11ns_12ns_19_4_1_U642/graphsage_int8_po2_ama_addmuladd_8ns_7ns_11ns_12ns_19_4_1_DSP48_0_U/p_reg_reg is absorbed into DSP ama_addmuladd_8ns_7ns_11ns_12ns_19_4_1_U642/graphsage_int8_po2_ama_addmuladd_8ns_7ns_11ns_12ns_19_4_1_DSP48_0_U/p_reg_reg.
DSP Report: register ama_addmuladd_8ns_7ns_11ns_12ns_19_4_1_U642/graphsage_int8_po2_ama_addmuladd_8ns_7ns_11ns_12ns_19_4_1_DSP48_0_U/p_reg_reg is absorbed into DSP ama_addmuladd_8ns_7ns_11ns_12ns_19_4_1_U642/graphsage_int8_po2_ama_addmuladd_8ns_7ns_11ns_12ns_19_4_1_DSP48_0_U/p_reg_reg.
DSP Report: register ama_addmuladd_9s_8s_11ns_17ns_21_4_1_U569/graphsage_int8_po2_ama_addmuladd_9s_8s_11ns_17ns_21_4_1_DSP48_0_U/b_reg_reg is absorbed into DSP ama_addmuladd_8ns_7ns_11ns_12ns_19_4_1_U642/graphsage_int8_po2_ama_addmuladd_8ns_7ns_11ns_12ns_19_4_1_DSP48_0_U/p_reg_reg.
DSP Report: register ama_addmuladd_8ns_7ns_11ns_12ns_19_4_1_U642/graphsage_int8_po2_ama_addmuladd_8ns_7ns_11ns_12ns_19_4_1_DSP48_0_U/p_reg_reg is absorbed into DSP ama_addmuladd_8ns_7ns_11ns_12ns_19_4_1_U642/graphsage_int8_po2_ama_addmuladd_8ns_7ns_11ns_12ns_19_4_1_DSP48_0_U/p_reg_reg.
DSP Report: register ama_addmuladd_8ns_7ns_11ns_12ns_19_4_1_U642/graphsage_int8_po2_ama_addmuladd_8ns_7ns_11ns_12ns_19_4_1_DSP48_0_U/m_reg_reg is absorbed into DSP ama_addmuladd_8ns_7ns_11ns_12ns_19_4_1_U642/graphsage_int8_po2_ama_addmuladd_8ns_7ns_11ns_12ns_19_4_1_DSP48_0_U/p_reg_reg.
DSP Report: register ama_addmuladd_8ns_7ns_11ns_12ns_19_4_1_U642/graphsage_int8_po2_ama_addmuladd_8ns_7ns_11ns_12ns_19_4_1_DSP48_0_U/ad_reg_reg is absorbed into DSP ama_addmuladd_8ns_7ns_11ns_12ns_19_4_1_U642/graphsage_int8_po2_ama_addmuladd_8ns_7ns_11ns_12ns_19_4_1_DSP48_0_U/p_reg_reg.
DSP Report: operator ama_addmuladd_8ns_7ns_11ns_12ns_19_4_1_U642/graphsage_int8_po2_ama_addmuladd_8ns_7ns_11ns_12ns_19_4_1_DSP48_0_U/p is absorbed into DSP ama_addmuladd_8ns_7ns_11ns_12ns_19_4_1_U642/graphsage_int8_po2_ama_addmuladd_8ns_7ns_11ns_12ns_19_4_1_DSP48_0_U/p_reg_reg.
DSP Report: operator ama_addmuladd_8ns_7ns_11ns_12ns_19_4_1_U642/graphsage_int8_po2_ama_addmuladd_8ns_7ns_11ns_12ns_19_4_1_DSP48_0_U/m is absorbed into DSP ama_addmuladd_8ns_7ns_11ns_12ns_19_4_1_U642/graphsage_int8_po2_ama_addmuladd_8ns_7ns_11ns_12ns_19_4_1_DSP48_0_U/p_reg_reg.
DSP Report: operator ama_addmuladd_8ns_7ns_11ns_12ns_19_4_1_U642/graphsage_int8_po2_ama_addmuladd_8ns_7ns_11ns_12ns_19_4_1_DSP48_0_U/ad is absorbed into DSP ama_addmuladd_8ns_7ns_11ns_12ns_19_4_1_U642/graphsage_int8_po2_ama_addmuladd_8ns_7ns_11ns_12ns_19_4_1_DSP48_0_U/p_reg_reg.
DSP Report: Generating DSP ama_addmuladd_8ns_7ns_11ns_12ns_19_4_1_U643/graphsage_int8_po2_ama_addmuladd_8ns_7ns_11ns_12ns_19_4_1_DSP48_0_U/p_reg_reg, operation Mode is: (C:0x800)+((D'+A2)*(B:0x555)')'.
DSP Report: register ama_addmuladd_8ns_7ns_11ns_12ns_19_4_1_U643/graphsage_int8_po2_ama_addmuladd_8ns_7ns_11ns_12ns_19_4_1_DSP48_0_U/p_reg_reg is absorbed into DSP ama_addmuladd_8ns_7ns_11ns_12ns_19_4_1_U643/graphsage_int8_po2_ama_addmuladd_8ns_7ns_11ns_12ns_19_4_1_DSP48_0_U/p_reg_reg.
DSP Report: register ama_addmuladd_8ns_7ns_11ns_12ns_19_4_1_U643/graphsage_int8_po2_ama_addmuladd_8ns_7ns_11ns_12ns_19_4_1_DSP48_0_U/p_reg_reg is absorbed into DSP ama_addmuladd_8ns_7ns_11ns_12ns_19_4_1_U643/graphsage_int8_po2_ama_addmuladd_8ns_7ns_11ns_12ns_19_4_1_DSP48_0_U/p_reg_reg.
DSP Report: register ama_addmuladd_9s_8s_11ns_17ns_21_4_1_U569/graphsage_int8_po2_ama_addmuladd_9s_8s_11ns_17ns_21_4_1_DSP48_0_U/b_reg_reg is absorbed into DSP ama_addmuladd_8ns_7ns_11ns_12ns_19_4_1_U643/graphsage_int8_po2_ama_addmuladd_8ns_7ns_11ns_12ns_19_4_1_DSP48_0_U/p_reg_reg.
DSP Report: register ama_addmuladd_8ns_7ns_11ns_12ns_19_4_1_U643/graphsage_int8_po2_ama_addmuladd_8ns_7ns_11ns_12ns_19_4_1_DSP48_0_U/p_reg_reg is absorbed into DSP ama_addmuladd_8ns_7ns_11ns_12ns_19_4_1_U643/graphsage_int8_po2_ama_addmuladd_8ns_7ns_11ns_12ns_19_4_1_DSP48_0_U/p_reg_reg.
DSP Report: register ama_addmuladd_8ns_7ns_11ns_12ns_19_4_1_U643/graphsage_int8_po2_ama_addmuladd_8ns_7ns_11ns_12ns_19_4_1_DSP48_0_U/m_reg_reg is absorbed into DSP ama_addmuladd_8ns_7ns_11ns_12ns_19_4_1_U643/graphsage_int8_po2_ama_addmuladd_8ns_7ns_11ns_12ns_19_4_1_DSP48_0_U/p_reg_reg.
DSP Report: register ama_addmuladd_8ns_7ns_11ns_12ns_19_4_1_U643/graphsage_int8_po2_ama_addmuladd_8ns_7ns_11ns_12ns_19_4_1_DSP48_0_U/ad_reg_reg is absorbed into DSP ama_addmuladd_8ns_7ns_11ns_12ns_19_4_1_U643/graphsage_int8_po2_ama_addmuladd_8ns_7ns_11ns_12ns_19_4_1_DSP48_0_U/p_reg_reg.
DSP Report: operator ama_addmuladd_8ns_7ns_11ns_12ns_19_4_1_U643/graphsage_int8_po2_ama_addmuladd_8ns_7ns_11ns_12ns_19_4_1_DSP48_0_U/p is absorbed into DSP ama_addmuladd_8ns_7ns_11ns_12ns_19_4_1_U643/graphsage_int8_po2_ama_addmuladd_8ns_7ns_11ns_12ns_19_4_1_DSP48_0_U/p_reg_reg.
DSP Report: operator ama_addmuladd_8ns_7ns_11ns_12ns_19_4_1_U643/graphsage_int8_po2_ama_addmuladd_8ns_7ns_11ns_12ns_19_4_1_DSP48_0_U/m is absorbed into DSP ama_addmuladd_8ns_7ns_11ns_12ns_19_4_1_U643/graphsage_int8_po2_ama_addmuladd_8ns_7ns_11ns_12ns_19_4_1_DSP48_0_U/p_reg_reg.
DSP Report: operator ama_addmuladd_8ns_7ns_11ns_12ns_19_4_1_U643/graphsage_int8_po2_ama_addmuladd_8ns_7ns_11ns_12ns_19_4_1_DSP48_0_U/ad is absorbed into DSP ama_addmuladd_8ns_7ns_11ns_12ns_19_4_1_U643/graphsage_int8_po2_ama_addmuladd_8ns_7ns_11ns_12ns_19_4_1_DSP48_0_U/p_reg_reg.
DSP Report: Generating DSP ama_addmuladd_9s_8s_11ns_17ns_21_4_1_U569/graphsage_int8_po2_ama_addmuladd_9s_8s_11ns_17ns_21_4_1_DSP48_0_U/p_reg_reg, operation Mode is: (C:0x10000)+((D'+A2)*(B:0x555)')'.
DSP Report: register neighbor_sum_1_reg_22835_reg is absorbed into DSP ama_addmuladd_9s_8s_11ns_17ns_21_4_1_U569/graphsage_int8_po2_ama_addmuladd_9s_8s_11ns_17ns_21_4_1_DSP48_0_U/p_reg_reg.
DSP Report: register registered_input_112_reg_22755_reg is absorbed into DSP ama_addmuladd_9s_8s_11ns_17ns_21_4_1_U569/graphsage_int8_po2_ama_addmuladd_9s_8s_11ns_17ns_21_4_1_DSP48_0_U/p_reg_reg.
DSP Report: register ama_addmuladd_9s_8s_11ns_17ns_21_4_1_U569/graphsage_int8_po2_ama_addmuladd_9s_8s_11ns_17ns_21_4_1_DSP48_0_U/b_reg_reg is absorbed into DSP ama_addmuladd_9s_8s_11ns_17ns_21_4_1_U569/graphsage_int8_po2_ama_addmuladd_9s_8s_11ns_17ns_21_4_1_DSP48_0_U/p_reg_reg.
DSP Report: register ama_addmuladd_9s_8s_11ns_17ns_21_4_1_U569/graphsage_int8_po2_ama_addmuladd_9s_8s_11ns_17ns_21_4_1_DSP48_0_U/p_reg_reg is absorbed into DSP ama_addmuladd_9s_8s_11ns_17ns_21_4_1_U569/graphsage_int8_po2_ama_addmuladd_9s_8s_11ns_17ns_21_4_1_DSP48_0_U/p_reg_reg.
DSP Report: register ama_addmuladd_9s_8s_11ns_17ns_21_4_1_U569/graphsage_int8_po2_ama_addmuladd_9s_8s_11ns_17ns_21_4_1_DSP48_0_U/m_reg_reg is absorbed into DSP ama_addmuladd_9s_8s_11ns_17ns_21_4_1_U569/graphsage_int8_po2_ama_addmuladd_9s_8s_11ns_17ns_21_4_1_DSP48_0_U/p_reg_reg.
DSP Report: register ama_addmuladd_9s_8s_11ns_17ns_21_4_1_U569/graphsage_int8_po2_ama_addmuladd_9s_8s_11ns_17ns_21_4_1_DSP48_0_U/ad_reg_reg is absorbed into DSP ama_addmuladd_9s_8s_11ns_17ns_21_4_1_U569/graphsage_int8_po2_ama_addmuladd_9s_8s_11ns_17ns_21_4_1_DSP48_0_U/p_reg_reg.
DSP Report: operator ama_addmuladd_9s_8s_11ns_17ns_21_4_1_U569/graphsage_int8_po2_ama_addmuladd_9s_8s_11ns_17ns_21_4_1_DSP48_0_U/p is absorbed into DSP ama_addmuladd_9s_8s_11ns_17ns_21_4_1_U569/graphsage_int8_po2_ama_addmuladd_9s_8s_11ns_17ns_21_4_1_DSP48_0_U/p_reg_reg.
DSP Report: operator ama_addmuladd_9s_8s_11ns_17ns_21_4_1_U569/graphsage_int8_po2_ama_addmuladd_9s_8s_11ns_17ns_21_4_1_DSP48_0_U/m is absorbed into DSP ama_addmuladd_9s_8s_11ns_17ns_21_4_1_U569/graphsage_int8_po2_ama_addmuladd_9s_8s_11ns_17ns_21_4_1_DSP48_0_U/p_reg_reg.
DSP Report: operator ama_addmuladd_9s_8s_11ns_17ns_21_4_1_U569/graphsage_int8_po2_ama_addmuladd_9s_8s_11ns_17ns_21_4_1_DSP48_0_U/ad is absorbed into DSP ama_addmuladd_9s_8s_11ns_17ns_21_4_1_U569/graphsage_int8_po2_ama_addmuladd_9s_8s_11ns_17ns_21_4_1_DSP48_0_U/p_reg_reg.
DSP Report: Generating DSP ama_addmuladd_9s_8s_11ns_17ns_21_4_1_U582/graphsage_int8_po2_ama_addmuladd_9s_8s_11ns_17ns_21_4_1_DSP48_0_U/p_reg_reg, operation Mode is: (C:0x10000)+((D'+A2)*(B:0x555)')'.
DSP Report: register neighbor_sum_40_reg_22900_reg is absorbed into DSP ama_addmuladd_9s_8s_11ns_17ns_21_4_1_U582/graphsage_int8_po2_ama_addmuladd_9s_8s_11ns_17ns_21_4_1_DSP48_0_U/p_reg_reg.
DSP Report: register registered_input_125_reg_22820_reg is absorbed into DSP ama_addmuladd_9s_8s_11ns_17ns_21_4_1_U582/graphsage_int8_po2_ama_addmuladd_9s_8s_11ns_17ns_21_4_1_DSP48_0_U/p_reg_reg.
DSP Report: register ama_addmuladd_9s_8s_11ns_17ns_21_4_1_U569/graphsage_int8_po2_ama_addmuladd_9s_8s_11ns_17ns_21_4_1_DSP48_0_U/b_reg_reg is absorbed into DSP ama_addmuladd_9s_8s_11ns_17ns_21_4_1_U582/graphsage_int8_po2_ama_addmuladd_9s_8s_11ns_17ns_21_4_1_DSP48_0_U/p_reg_reg.
DSP Report: register ama_addmuladd_9s_8s_11ns_17ns_21_4_1_U582/graphsage_int8_po2_ama_addmuladd_9s_8s_11ns_17ns_21_4_1_DSP48_0_U/p_reg_reg is absorbed into DSP ama_addmuladd_9s_8s_11ns_17ns_21_4_1_U582/graphsage_int8_po2_ama_addmuladd_9s_8s_11ns_17ns_21_4_1_DSP48_0_U/p_reg_reg.
DSP Report: register ama_addmuladd_9s_8s_11ns_17ns_21_4_1_U582/graphsage_int8_po2_ama_addmuladd_9s_8s_11ns_17ns_21_4_1_DSP48_0_U/m_reg_reg is absorbed into DSP ama_addmuladd_9s_8s_11ns_17ns_21_4_1_U582/graphsage_int8_po2_ama_addmuladd_9s_8s_11ns_17ns_21_4_1_DSP48_0_U/p_reg_reg.
DSP Report: register ama_addmuladd_9s_8s_11ns_17ns_21_4_1_U582/graphsage_int8_po2_ama_addmuladd_9s_8s_11ns_17ns_21_4_1_DSP48_0_U/ad_reg_reg is absorbed into DSP ama_addmuladd_9s_8s_11ns_17ns_21_4_1_U582/graphsage_int8_po2_ama_addmuladd_9s_8s_11ns_17ns_21_4_1_DSP48_0_U/p_reg_reg.
DSP Report: operator ama_addmuladd_9s_8s_11ns_17ns_21_4_1_U582/graphsage_int8_po2_ama_addmuladd_9s_8s_11ns_17ns_21_4_1_DSP48_0_U/p is absorbed into DSP ama_addmuladd_9s_8s_11ns_17ns_21_4_1_U582/graphsage_int8_po2_ama_addmuladd_9s_8s_11ns_17ns_21_4_1_DSP48_0_U/p_reg_reg.
DSP Report: operator ama_addmuladd_9s_8s_11ns_17ns_21_4_1_U582/graphsage_int8_po2_ama_addmuladd_9s_8s_11ns_17ns_21_4_1_DSP48_0_U/m is absorbed into DSP ama_addmuladd_9s_8s_11ns_17ns_21_4_1_U582/graphsage_int8_po2_ama_addmuladd_9s_8s_11ns_17ns_21_4_1_DSP48_0_U/p_reg_reg.
DSP Report: operator ama_addmuladd_9s_8s_11ns_17ns_21_4_1_U582/graphsage_int8_po2_ama_addmuladd_9s_8s_11ns_17ns_21_4_1_DSP48_0_U/ad is absorbed into DSP ama_addmuladd_9s_8s_11ns_17ns_21_4_1_U582/graphsage_int8_po2_ama_addmuladd_9s_8s_11ns_17ns_21_4_1_DSP48_0_U/p_reg_reg.
DSP Report: Generating DSP ama_addmuladd_9s_8s_11ns_17ns_21_4_1_U598/graphsage_int8_po2_ama_addmuladd_9s_8s_11ns_17ns_21_4_1_DSP48_0_U/p_reg_reg, operation Mode is: (C:0x10000)+((D'+A2)*(B:0x555)')'.
DSP Report: register registered_input_77_reg_22660_reg is absorbed into DSP ama_addmuladd_9s_8s_11ns_17ns_21_4_1_U598/graphsage_int8_po2_ama_addmuladd_9s_8s_11ns_17ns_21_4_1_DSP48_0_U/p_reg_reg.
DSP Report: register add_ln32_26_reg_22980_reg is absorbed into DSP ama_addmuladd_9s_8s_11ns_17ns_21_4_1_U598/graphsage_int8_po2_ama_addmuladd_9s_8s_11ns_17ns_21_4_1_DSP48_0_U/p_reg_reg.
DSP Report: register ama_addmuladd_9s_8s_11ns_17ns_21_4_1_U569/graphsage_int8_po2_ama_addmuladd_9s_8s_11ns_17ns_21_4_1_DSP48_0_U/b_reg_reg is absorbed into DSP ama_addmuladd_9s_8s_11ns_17ns_21_4_1_U598/graphsage_int8_po2_ama_addmuladd_9s_8s_11ns_17ns_21_4_1_DSP48_0_U/p_reg_reg.
DSP Report: register ama_addmuladd_9s_8s_11ns_17ns_21_4_1_U598/graphsage_int8_po2_ama_addmuladd_9s_8s_11ns_17ns_21_4_1_DSP48_0_U/p_reg_reg is absorbed into DSP ama_addmuladd_9s_8s_11ns_17ns_21_4_1_U598/graphsage_int8_po2_ama_addmuladd_9s_8s_11ns_17ns_21_4_1_DSP48_0_U/p_reg_reg.
DSP Report: register ama_addmuladd_9s_8s_11ns_17ns_21_4_1_U598/graphsage_int8_po2_ama_addmuladd_9s_8s_11ns_17ns_21_4_1_DSP48_0_U/m_reg_reg is absorbed into DSP ama_addmuladd_9s_8s_11ns_17ns_21_4_1_U598/graphsage_int8_po2_ama_addmuladd_9s_8s_11ns_17ns_21_4_1_DSP48_0_U/p_reg_reg.
DSP Report: register ama_addmuladd_9s_8s_11ns_17ns_21_4_1_U598/graphsage_int8_po2_ama_addmuladd_9s_8s_11ns_17ns_21_4_1_DSP48_0_U/ad_reg_reg is absorbed into DSP ama_addmuladd_9s_8s_11ns_17ns_21_4_1_U598/graphsage_int8_po2_ama_addmuladd_9s_8s_11ns_17ns_21_4_1_DSP48_0_U/p_reg_reg.
DSP Report: operator ama_addmuladd_9s_8s_11ns_17ns_21_4_1_U598/graphsage_int8_po2_ama_addmuladd_9s_8s_11ns_17ns_21_4_1_DSP48_0_U/p is absorbed into DSP ama_addmuladd_9s_8s_11ns_17ns_21_4_1_U598/graphsage_int8_po2_ama_addmuladd_9s_8s_11ns_17ns_21_4_1_DSP48_0_U/p_reg_reg.
DSP Report: operator ama_addmuladd_9s_8s_11ns_17ns_21_4_1_U598/graphsage_int8_po2_ama_addmuladd_9s_8s_11ns_17ns_21_4_1_DSP48_0_U/m is absorbed into DSP ama_addmuladd_9s_8s_11ns_17ns_21_4_1_U598/graphsage_int8_po2_ama_addmuladd_9s_8s_11ns_17ns_21_4_1_DSP48_0_U/p_reg_reg.
DSP Report: operator ama_addmuladd_9s_8s_11ns_17ns_21_4_1_U598/graphsage_int8_po2_ama_addmuladd_9s_8s_11ns_17ns_21_4_1_DSP48_0_U/ad is absorbed into DSP ama_addmuladd_9s_8s_11ns_17ns_21_4_1_U598/graphsage_int8_po2_ama_addmuladd_9s_8s_11ns_17ns_21_4_1_DSP48_0_U/p_reg_reg.
INFO: [Common 17-14] Message 'Synth 8-3886' appears 100 times and further instances of the messages will be disabled. Use the Tcl command set_msg_config to change the current settings.
INFO: [Common 17-14] Message 'Synth 8-3333' appears 100 times and further instances of the messages will be disabled. Use the Tcl command set_msg_config to change the current settings.
INFO: [Synth 8-4471] merging register 'ama_addmuladd_8ns_7ns_11ns_12ns_19_4_1_U647/graphsage_int8_po2_ama_addmuladd_8ns_7ns_11ns_12ns_19_4_1_DSP48_0_U/b_reg_reg[17:0]' into 'ama_addmuladd_8ns_7ns_11ns_12ns_19_4_1_U648/graphsage_int8_po2_ama_addmuladd_8ns_7ns_11ns_12ns_19_4_1_DSP48_0_U/b_reg_reg[17:0]' [/mnt_pool/c3_users/user/pleguina/graphsage_vivado_2024_1_sweep/build/hls/graphsage_int8_po2_19c_const_params/solution1/syn/verilog/graphsage_int8_po2_ama_addmuladd_8ns_7ns_11ns_12ns_19_4_1.v:36]
INFO: [Synth 8-4471] merging register 'ama_addmuladd_8ns_7ns_11ns_12ns_19_4_1_U646/graphsage_int8_po2_ama_addmuladd_8ns_7ns_11ns_12ns_19_4_1_DSP48_0_U/b_reg_reg[17:0]' into 'ama_addmuladd_8ns_7ns_11ns_12ns_19_4_1_U648/graphsage_int8_po2_ama_addmuladd_8ns_7ns_11ns_12ns_19_4_1_DSP48_0_U/b_reg_reg[17:0]' [/mnt_pool/c3_users/user/pleguina/graphsage_vivado_2024_1_sweep/build/hls/graphsage_int8_po2_19c_const_params/solution1/syn/verilog/graphsage_int8_po2_ama_addmuladd_8ns_7ns_11ns_12ns_19_4_1.v:36]
INFO: [Synth 8-4471] merging register 'ama_addmuladd_8ns_7ns_11ns_12ns_19_4_1_U645/graphsage_int8_po2_ama_addmuladd_8ns_7ns_11ns_12ns_19_4_1_DSP48_0_U/b_reg_reg[17:0]' into 'ama_addmuladd_8ns_7ns_11ns_12ns_19_4_1_U648/graphsage_int8_po2_ama_addmuladd_8ns_7ns_11ns_12ns_19_4_1_DSP48_0_U/b_reg_reg[17:0]' [/mnt_pool/c3_users/user/pleguina/graphsage_vivado_2024_1_sweep/build/hls/graphsage_int8_po2_19c_const_params/solution1/syn/verilog/graphsage_int8_po2_ama_addmuladd_8ns_7ns_11ns_12ns_19_4_1.v:36]
INFO: [Synth 8-3936] Found unconnected internal register 'ama_addmuladd_8ns_7ns_11ns_12ns_19_4_1_U645/graphsage_int8_po2_ama_addmuladd_8ns_7ns_11ns_12ns_19_4_1_DSP48_0_U/p_reg_reg' and it is trimmed from '46' to '19' bits. [/mnt_pool/c3_users/user/pleguina/graphsage_vivado_2024_1_sweep/build/hls/graphsage_int8_po2_19c_const_params/solution1/syn/verilog/graphsage_int8_po2_ama_addmuladd_8ns_7ns_11ns_12ns_19_4_1.v:43]
INFO: [Synth 8-3936] Found unconnected internal register 'ama_addmuladd_8ns_7ns_11ns_12ns_19_4_1_U645/graphsage_int8_po2_ama_addmuladd_8ns_7ns_11ns_12ns_19_4_1_DSP48_0_U/m_reg_reg' and it is trimmed from '45' to '19' bits. [/mnt_pool/c3_users/user/pleguina/graphsage_vivado_2024_1_sweep/build/hls/graphsage_int8_po2_19c_const_params/solution1/syn/verilog/graphsage_int8_po2_ama_addmuladd_8ns_7ns_11ns_12ns_19_4_1.v:37]
INFO: [Synth 8-3936] Found unconnected internal register 'ama_addmuladd_8ns_7ns_11ns_12ns_19_4_1_U647/graphsage_int8_po2_ama_addmuladd_8ns_7ns_11ns_12ns_19_4_1_DSP48_0_U/p_reg_reg' and it is trimmed from '46' to '19' bits. [/mnt_pool/c3_users/user/pleguina/graphsage_vivado_2024_1_sweep/build/hls/graphsage_int8_po2_19c_const_params/solution1/syn/verilog/graphsage_int8_po2_ama_addmuladd_8ns_7ns_11ns_12ns_19_4_1.v:43]
INFO: [Synth 8-3936] Found unconnected internal register 'ama_addmuladd_8ns_7ns_11ns_12ns_19_4_1_U647/graphsage_int8_po2_ama_addmuladd_8ns_7ns_11ns_12ns_19_4_1_DSP48_0_U/m_reg_reg' and it is trimmed from '45' to '19' bits. [/mnt_pool/c3_users/user/pleguina/graphsage_vivado_2024_1_sweep/build/hls/graphsage_int8_po2_19c_const_params/solution1/syn/verilog/graphsage_int8_po2_ama_addmuladd_8ns_7ns_11ns_12ns_19_4_1.v:37]
INFO: [Synth 8-3936] Found unconnected internal register 'ama_addmuladd_8ns_7ns_11ns_12ns_19_4_1_U648/graphsage_int8_po2_ama_addmuladd_8ns_7ns_11ns_12ns_19_4_1_DSP48_0_U/p_reg_reg' and it is trimmed from '46' to '19' bits. [/mnt_pool/c3_users/user/pleguina/graphsage_vivado_2024_1_sweep/build/hls/graphsage_int8_po2_19c_const_params/solution1/syn/verilog/graphsage_int8_po2_ama_addmuladd_8ns_7ns_11ns_12ns_19_4_1.v:43]
INFO: [Synth 8-3936] Found unconnected internal register 'ama_addmuladd_8ns_7ns_11ns_12ns_19_4_1_U648/graphsage_int8_po2_ama_addmuladd_8ns_7ns_11ns_12ns_19_4_1_DSP48_0_U/m_reg_reg' and it is trimmed from '45' to '19' bits. [/mnt_pool/c3_users/user/pleguina/graphsage_vivado_2024_1_sweep/build/hls/graphsage_int8_po2_19c_const_params/solution1/syn/verilog/graphsage_int8_po2_ama_addmuladd_8ns_7ns_11ns_12ns_19_4_1.v:37]
INFO: [Synth 8-3936] Found unconnected internal register 'ama_addmuladd_8ns_7ns_11ns_12ns_19_4_1_U646/graphsage_int8_po2_ama_addmuladd_8ns_7ns_11ns_12ns_19_4_1_DSP48_0_U/p_reg_reg' and it is trimmed from '46' to '19' bits. [/mnt_pool/c3_users/user/pleguina/graphsage_vivado_2024_1_sweep/build/hls/graphsage_int8_po2_19c_const_params/solution1/syn/verilog/graphsage_int8_po2_ama_addmuladd_8ns_7ns_11ns_12ns_19_4_1.v:43]
INFO: [Synth 8-3936] Found unconnected internal register 'ama_addmuladd_8ns_7ns_11ns_12ns_19_4_1_U646/graphsage_int8_po2_ama_addmuladd_8ns_7ns_11ns_12ns_19_4_1_DSP48_0_U/m_reg_reg' and it is trimmed from '45' to '19' bits. [/mnt_pool/c3_users/user/pleguina/graphsage_vivado_2024_1_sweep/build/hls/graphsage_int8_po2_19c_const_params/solution1/syn/verilog/graphsage_int8_po2_ama_addmuladd_8ns_7ns_11ns_12ns_19_4_1.v:37]
DSP Report: Generating DSP ama_addmuladd_8ns_7ns_11ns_12ns_19_4_1_U648/graphsage_int8_po2_ama_addmuladd_8ns_7ns_11ns_12ns_19_4_1_DSP48_0_U/p_reg_reg, operation Mode is: (C:0x800)+((D'+A2)*(B:0x555)')'.
DSP Report: register ama_addmuladd_8ns_7ns_11ns_12ns_19_4_1_U648/graphsage_int8_po2_ama_addmuladd_8ns_7ns_11ns_12ns_19_4_1_DSP48_0_U/p_reg_reg is absorbed into DSP ama_addmuladd_8ns_7ns_11ns_12ns_19_4_1_U648/graphsage_int8_po2_ama_addmuladd_8ns_7ns_11ns_12ns_19_4_1_DSP48_0_U/p_reg_reg.
DSP Report: register ama_addmuladd_8ns_7ns_11ns_12ns_19_4_1_U648/graphsage_int8_po2_ama_addmuladd_8ns_7ns_11ns_12ns_19_4_1_DSP48_0_U/b_reg_reg is absorbed into DSP ama_addmuladd_8ns_7ns_11ns_12ns_19_4_1_U648/graphsage_int8_po2_ama_addmuladd_8ns_7ns_11ns_12ns_19_4_1_DSP48_0_U/p_reg_reg.
DSP Report: register ama_addmuladd_8ns_7ns_11ns_12ns_19_4_1_U648/graphsage_int8_po2_ama_addmuladd_8ns_7ns_11ns_12ns_19_4_1_DSP48_0_U/p_reg_reg is absorbed into DSP ama_addmuladd_8ns_7ns_11ns_12ns_19_4_1_U648/graphsage_int8_po2_ama_addmuladd_8ns_7ns_11ns_12ns_19_4_1_DSP48_0_U/p_reg_reg.
DSP Report: register ama_addmuladd_8ns_7ns_11ns_12ns_19_4_1_U648/graphsage_int8_po2_ama_addmuladd_8ns_7ns_11ns_12ns_19_4_1_DSP48_0_U/p_reg_reg is absorbed into DSP ama_addmuladd_8ns_7ns_11ns_12ns_19_4_1_U648/graphsage_int8_po2_ama_addmuladd_8ns_7ns_11ns_12ns_19_4_1_DSP48_0_U/p_reg_reg.
DSP Report: register ama_addmuladd_8ns_7ns_11ns_12ns_19_4_1_U648/graphsage_int8_po2_ama_addmuladd_8ns_7ns_11ns_12ns_19_4_1_DSP48_0_U/m_reg_reg is absorbed into DSP ama_addmuladd_8ns_7ns_11ns_12ns_19_4_1_U648/graphsage_int8_po2_ama_addmuladd_8ns_7ns_11ns_12ns_19_4_1_DSP48_0_U/p_reg_reg.
DSP Report: register ama_addmuladd_8ns_7ns_11ns_12ns_19_4_1_U648/graphsage_int8_po2_ama_addmuladd_8ns_7ns_11ns_12ns_19_4_1_DSP48_0_U/ad_reg_reg is absorbed into DSP ama_addmuladd_8ns_7ns_11ns_12ns_19_4_1_U648/graphsage_int8_po2_ama_addmuladd_8ns_7ns_11ns_12ns_19_4_1_DSP48_0_U/p_reg_reg.
DSP Report: operator ama_addmuladd_8ns_7ns_11ns_12ns_19_4_1_U648/graphsage_int8_po2_ama_addmuladd_8ns_7ns_11ns_12ns_19_4_1_DSP48_0_U/p is absorbed into DSP ama_addmuladd_8ns_7ns_11ns_12ns_19_4_1_U648/graphsage_int8_po2_ama_addmuladd_8ns_7ns_11ns_12ns_19_4_1_DSP48_0_U/p_reg_reg.
DSP Report: operator ama_addmuladd_8ns_7ns_11ns_12ns_19_4_1_U648/graphsage_int8_po2_ama_addmuladd_8ns_7ns_11ns_12ns_19_4_1_DSP48_0_U/m is absorbed into DSP ama_addmuladd_8ns_7ns_11ns_12ns_19_4_1_U648/graphsage_int8_po2_ama_addmuladd_8ns_7ns_11ns_12ns_19_4_1_DSP48_0_U/p_reg_reg.
DSP Report: operator ama_addmuladd_8ns_7ns_11ns_12ns_19_4_1_U648/graphsage_int8_po2_ama_addmuladd_8ns_7ns_11ns_12ns_19_4_1_DSP48_0_U/ad is absorbed into DSP ama_addmuladd_8ns_7ns_11ns_12ns_19_4_1_U648/graphsage_int8_po2_ama_addmuladd_8ns_7ns_11ns_12ns_19_4_1_DSP48_0_U/p_reg_reg.
DSP Report: Generating DSP ama_addmuladd_8ns_7ns_11ns_12ns_19_4_1_U647/graphsage_int8_po2_ama_addmuladd_8ns_7ns_11ns_12ns_19_4_1_DSP48_0_U/p_reg_reg, operation Mode is: (C:0x800)+((D'+A2)*(B:0x555)')'.
DSP Report: register ama_addmuladd_8ns_7ns_11ns_12ns_19_4_1_U647/graphsage_int8_po2_ama_addmuladd_8ns_7ns_11ns_12ns_19_4_1_DSP48_0_U/p_reg_reg is absorbed into DSP ama_addmuladd_8ns_7ns_11ns_12ns_19_4_1_U647/graphsage_int8_po2_ama_addmuladd_8ns_7ns_11ns_12ns_19_4_1_DSP48_0_U/p_reg_reg.
DSP Report: register ama_addmuladd_8ns_7ns_11ns_12ns_19_4_1_U648/graphsage_int8_po2_ama_addmuladd_8ns_7ns_11ns_12ns_19_4_1_DSP48_0_U/b_reg_reg is absorbed into DSP ama_addmuladd_8ns_7ns_11ns_12ns_19_4_1_U647/graphsage_int8_po2_ama_addmuladd_8ns_7ns_11ns_12ns_19_4_1_DSP48_0_U/p_reg_reg.
DSP Report: register ama_addmuladd_8ns_7ns_11ns_12ns_19_4_1_U647/graphsage_int8_po2_ama_addmuladd_8ns_7ns_11ns_12ns_19_4_1_DSP48_0_U/p_reg_reg is absorbed into DSP ama_addmuladd_8ns_7ns_11ns_12ns_19_4_1_U647/graphsage_int8_po2_ama_addmuladd_8ns_7ns_11ns_12ns_19_4_1_DSP48_0_U/p_reg_reg.
DSP Report: register ama_addmuladd_8ns_7ns_11ns_12ns_19_4_1_U647/graphsage_int8_po2_ama_addmuladd_8ns_7ns_11ns_12ns_19_4_1_DSP48_0_U/p_reg_reg is absorbed into DSP ama_addmuladd_8ns_7ns_11ns_12ns_19_4_1_U647/graphsage_int8_po2_ama_addmuladd_8ns_7ns_11ns_12ns_19_4_1_DSP48_0_U/p_reg_reg.
DSP Report: register ama_addmuladd_8ns_7ns_11ns_12ns_19_4_1_U647/graphsage_int8_po2_ama_addmuladd_8ns_7ns_11ns_12ns_19_4_1_DSP48_0_U/m_reg_reg is absorbed into DSP ama_addmuladd_8ns_7ns_11ns_12ns_19_4_1_U647/graphsage_int8_po2_ama_addmuladd_8ns_7ns_11ns_12ns_19_4_1_DSP48_0_U/p_reg_reg.
DSP Report: register ama_addmuladd_8ns_7ns_11ns_12ns_19_4_1_U647/graphsage_int8_po2_ama_addmuladd_8ns_7ns_11ns_12ns_19_4_1_DSP48_0_U/ad_reg_reg is absorbed into DSP ama_addmuladd_8ns_7ns_11ns_12ns_19_4_1_U647/graphsage_int8_po2_ama_addmuladd_8ns_7ns_11ns_12ns_19_4_1_DSP48_0_U/p_reg_reg.
DSP Report: operator ama_addmuladd_8ns_7ns_11ns_12ns_19_4_1_U647/graphsage_int8_po2_ama_addmuladd_8ns_7ns_11ns_12ns_19_4_1_DSP48_0_U/p is absorbed into DSP ama_addmuladd_8ns_7ns_11ns_12ns_19_4_1_U647/graphsage_int8_po2_ama_addmuladd_8ns_7ns_11ns_12ns_19_4_1_DSP48_0_U/p_reg_reg.
DSP Report: operator ama_addmuladd_8ns_7ns_11ns_12ns_19_4_1_U647/graphsage_int8_po2_ama_addmuladd_8ns_7ns_11ns_12ns_19_4_1_DSP48_0_U/m is absorbed into DSP ama_addmuladd_8ns_7ns_11ns_12ns_19_4_1_U647/graphsage_int8_po2_ama_addmuladd_8ns_7ns_11ns_12ns_19_4_1_DSP48_0_U/p_reg_reg.
DSP Report: operator ama_addmuladd_8ns_7ns_11ns_12ns_19_4_1_U647/graphsage_int8_po2_ama_addmuladd_8ns_7ns_11ns_12ns_19_4_1_DSP48_0_U/ad is absorbed into DSP ama_addmuladd_8ns_7ns_11ns_12ns_19_4_1_U647/graphsage_int8_po2_ama_addmuladd_8ns_7ns_11ns_12ns_19_4_1_DSP48_0_U/p_reg_reg.
DSP Report: Generating DSP ama_addmuladd_8ns_7ns_11ns_12ns_19_4_1_U646/graphsage_int8_po2_ama_addmuladd_8ns_7ns_11ns_12ns_19_4_1_DSP48_0_U/p_reg_reg, operation Mode is: (C:0x800)+((D'+A2)*(B:0x555)')'.
DSP Report: register ama_addmuladd_8ns_7ns_11ns_12ns_19_4_1_U646/graphsage_int8_po2_ama_addmuladd_8ns_7ns_11ns_12ns_19_4_1_DSP48_0_U/p_reg_reg is absorbed into DSP ama_addmuladd_8ns_7ns_11ns_12ns_19_4_1_U646/graphsage_int8_po2_ama_addmuladd_8ns_7ns_11ns_12ns_19_4_1_DSP48_0_U/p_reg_reg.
DSP Report: register ama_addmuladd_8ns_7ns_11ns_12ns_19_4_1_U646/graphsage_int8_po2_ama_addmuladd_8ns_7ns_11ns_12ns_19_4_1_DSP48_0_U/p_reg_reg is absorbed into DSP ama_addmuladd_8ns_7ns_11ns_12ns_19_4_1_U646/graphsage_int8_po2_ama_addmuladd_8ns_7ns_11ns_12ns_19_4_1_DSP48_0_U/p_reg_reg.
DSP Report: register ama_addmuladd_8ns_7ns_11ns_12ns_19_4_1_U648/graphsage_int8_po2_ama_addmuladd_8ns_7ns_11ns_12ns_19_4_1_DSP48_0_U/b_reg_reg is absorbed into DSP ama_addmuladd_8ns_7ns_11ns_12ns_19_4_1_U646/graphsage_int8_po2_ama_addmuladd_8ns_7ns_11ns_12ns_19_4_1_DSP48_0_U/p_reg_reg.
DSP Report: register ama_addmuladd_8ns_7ns_11ns_12ns_19_4_1_U646/graphsage_int8_po2_ama_addmuladd_8ns_7ns_11ns_12ns_19_4_1_DSP48_0_U/p_reg_reg is absorbed into DSP ama_addmuladd_8ns_7ns_11ns_12ns_19_4_1_U646/graphsage_int8_po2_ama_addmuladd_8ns_7ns_11ns_12ns_19_4_1_DSP48_0_U/p_reg_reg.
DSP Report: register ama_addmuladd_8ns_7ns_11ns_12ns_19_4_1_U646/graphsage_int8_po2_ama_addmuladd_8ns_7ns_11ns_12ns_19_4_1_DSP48_0_U/m_reg_reg is absorbed into DSP ama_addmuladd_8ns_7ns_11ns_12ns_19_4_1_U646/graphsage_int8_po2_ama_addmuladd_8ns_7ns_11ns_12ns_19_4_1_DSP48_0_U/p_reg_reg.
DSP Report: register ama_addmuladd_8ns_7ns_11ns_12ns_19_4_1_U646/graphsage_int8_po2_ama_addmuladd_8ns_7ns_11ns_12ns_19_4_1_DSP48_0_U/ad_reg_reg is absorbed into DSP ama_addmuladd_8ns_7ns_11ns_12ns_19_4_1_U646/graphsage_int8_po2_ama_addmuladd_8ns_7ns_11ns_12ns_19_4_1_DSP48_0_U/p_reg_reg.
DSP Report: operator ama_addmuladd_8ns_7ns_11ns_12ns_19_4_1_U646/graphsage_int8_po2_ama_addmuladd_8ns_7ns_11ns_12ns_19_4_1_DSP48_0_U/p is absorbed into DSP ama_addmuladd_8ns_7ns_11ns_12ns_19_4_1_U646/graphsage_int8_po2_ama_addmuladd_8ns_7ns_11ns_12ns_19_4_1_DSP48_0_U/p_reg_reg.
DSP Report: operator ama_addmuladd_8ns_7ns_11ns_12ns_19_4_1_U646/graphsage_int8_po2_ama_addmuladd_8ns_7ns_11ns_12ns_19_4_1_DSP48_0_U/m is absorbed into DSP ama_addmuladd_8ns_7ns_11ns_12ns_19_4_1_U646/graphsage_int8_po2_ama_addmuladd_8ns_7ns_11ns_12ns_19_4_1_DSP48_0_U/p_reg_reg.
DSP Report: operator ama_addmuladd_8ns_7ns_11ns_12ns_19_4_1_U646/graphsage_int8_po2_ama_addmuladd_8ns_7ns_11ns_12ns_19_4_1_DSP48_0_U/ad is absorbed into DSP ama_addmuladd_8ns_7ns_11ns_12ns_19_4_1_U646/graphsage_int8_po2_ama_addmuladd_8ns_7ns_11ns_12ns_19_4_1_DSP48_0_U/p_reg_reg.
DSP Report: Generating DSP ama_addmuladd_8ns_7ns_11ns_12ns_19_4_1_U645/graphsage_int8_po2_ama_addmuladd_8ns_7ns_11ns_12ns_19_4_1_DSP48_0_U/p_reg_reg, operation Mode is: (C:0x800)+((D'+A2)*(B:0x555)')'.
DSP Report: register ama_addmuladd_8ns_7ns_11ns_12ns_19_4_1_U645/graphsage_int8_po2_ama_addmuladd_8ns_7ns_11ns_12ns_19_4_1_DSP48_0_U/p_reg_reg is absorbed into DSP ama_addmuladd_8ns_7ns_11ns_12ns_19_4_1_U645/graphsage_int8_po2_ama_addmuladd_8ns_7ns_11ns_12ns_19_4_1_DSP48_0_U/p_reg_reg.
DSP Report: register ama_addmuladd_8ns_7ns_11ns_12ns_19_4_1_U645/graphsage_int8_po2_ama_addmuladd_8ns_7ns_11ns_12ns_19_4_1_DSP48_0_U/p_reg_reg is absorbed into DSP ama_addmuladd_8ns_7ns_11ns_12ns_19_4_1_U645/graphsage_int8_po2_ama_addmuladd_8ns_7ns_11ns_12ns_19_4_1_DSP48_0_U/p_reg_reg.
DSP Report: register ama_addmuladd_8ns_7ns_11ns_12ns_19_4_1_U648/graphsage_int8_po2_ama_addmuladd_8ns_7ns_11ns_12ns_19_4_1_DSP48_0_U/b_reg_reg is absorbed into DSP ama_addmuladd_8ns_7ns_11ns_12ns_19_4_1_U645/graphsage_int8_po2_ama_addmuladd_8ns_7ns_11ns_12ns_19_4_1_DSP48_0_U/p_reg_reg.
DSP Report: register ama_addmuladd_8ns_7ns_11ns_12ns_19_4_1_U645/graphsage_int8_po2_ama_addmuladd_8ns_7ns_11ns_12ns_19_4_1_DSP48_0_U/p_reg_reg is absorbed into DSP ama_addmuladd_8ns_7ns_11ns_12ns_19_4_1_U645/graphsage_int8_po2_ama_addmuladd_8ns_7ns_11ns_12ns_19_4_1_DSP48_0_U/p_reg_reg.
DSP Report: register ama_addmuladd_8ns_7ns_11ns_12ns_19_4_1_U645/graphsage_int8_po2_ama_addmuladd_8ns_7ns_11ns_12ns_19_4_1_DSP48_0_U/m_reg_reg is absorbed into DSP ama_addmuladd_8ns_7ns_11ns_12ns_19_4_1_U645/graphsage_int8_po2_ama_addmuladd_8ns_7ns_11ns_12ns_19_4_1_DSP48_0_U/p_reg_reg.
DSP Report: register ama_addmuladd_8ns_7ns_11ns_12ns_19_4_1_U645/graphsage_int8_po2_ama_addmuladd_8ns_7ns_11ns_12ns_19_4_1_DSP48_0_U/ad_reg_reg is absorbed into DSP ama_addmuladd_8ns_7ns_11ns_12ns_19_4_1_U645/graphsage_int8_po2_ama_addmuladd_8ns_7ns_11ns_12ns_19_4_1_DSP48_0_U/p_reg_reg.
DSP Report: operator ama_addmuladd_8ns_7ns_11ns_12ns_19_4_1_U645/graphsage_int8_po2_ama_addmuladd_8ns_7ns_11ns_12ns_19_4_1_DSP48_0_U/p is absorbed into DSP ama_addmuladd_8ns_7ns_11ns_12ns_19_4_1_U645/graphsage_int8_po2_ama_addmuladd_8ns_7ns_11ns_12ns_19_4_1_DSP48_0_U/p_reg_reg.
DSP Report: operator ama_addmuladd_8ns_7ns_11ns_12ns_19_4_1_U645/graphsage_int8_po2_ama_addmuladd_8ns_7ns_11ns_12ns_19_4_1_DSP48_0_U/m is absorbed into DSP ama_addmuladd_8ns_7ns_11ns_12ns_19_4_1_U645/graphsage_int8_po2_ama_addmuladd_8ns_7ns_11ns_12ns_19_4_1_DSP48_0_U/p_reg_reg.
DSP Report: operator ama_addmuladd_8ns_7ns_11ns_12ns_19_4_1_U645/graphsage_int8_po2_ama_addmuladd_8ns_7ns_11ns_12ns_19_4_1_DSP48_0_U/ad is absorbed into DSP ama_addmuladd_8ns_7ns_11ns_12ns_19_4_1_U645/graphsage_int8_po2_ama_addmuladd_8ns_7ns_11ns_12ns_19_4_1_DSP48_0_U/p_reg_reg.
INFO: [Common 17-14] Message 'Synth 8-3886' appears 100 times and further instances of the messages will be disabled. Use the Tcl command set_msg_config to change the current settings.
INFO: [Common 17-14] Message 'Synth 8-3333' appears 100 times and further instances of the messages will be disabled. Use the Tcl command set_msg_config to change the current settings.
INFO: [Synth 8-4471] merging register 'ama_addmuladd_9s_8s_11ns_17ns_21_4_1_U615/graphsage_int8_po2_ama_addmuladd_9s_8s_11ns_17ns_21_4_1_DSP48_0_U/b_reg_reg[17:0]' into 'ama_addmuladd_9s_8s_11ns_17ns_21_4_1_U616/graphsage_int8_po2_ama_addmuladd_9s_8s_11ns_17ns_21_4_1_DSP48_0_U/b_reg_reg[17:0]' [/mnt_pool/c3_users/user/pleguina/graphsage_vivado_2024_1_sweep/build/hls/graphsage_int8_po2_19c_const_params/solution1/syn/verilog/graphsage_int8_po2_ama_addmuladd_9s_8s_11ns_17ns_21_4_1.v:36]
INFO: [Synth 8-4471] merging register 'ama_addmuladd_9s_8s_11ns_17ns_21_4_1_U611/graphsage_int8_po2_ama_addmuladd_9s_8s_11ns_17ns_21_4_1_DSP48_0_U/b_reg_reg[17:0]' into 'ama_addmuladd_9s_8s_11ns_17ns_21_4_1_U616/graphsage_int8_po2_ama_addmuladd_9s_8s_11ns_17ns_21_4_1_DSP48_0_U/b_reg_reg[17:0]' [/mnt_pool/c3_users/user/pleguina/graphsage_vivado_2024_1_sweep/build/hls/graphsage_int8_po2_19c_const_params/solution1/syn/verilog/graphsage_int8_po2_ama_addmuladd_9s_8s_11ns_17ns_21_4_1.v:36]
INFO: [Synth 8-4471] merging register 'ama_addmuladd_9s_8s_11ns_17ns_21_4_1_U610/graphsage_int8_po2_ama_addmuladd_9s_8s_11ns_17ns_21_4_1_DSP48_0_U/b_reg_reg[17:0]' into 'ama_addmuladd_9s_8s_11ns_17ns_21_4_1_U616/graphsage_int8_po2_ama_addmuladd_9s_8s_11ns_17ns_21_4_1_DSP48_0_U/b_reg_reg[17:0]' [/mnt_pool/c3_users/user/pleguina/graphsage_vivado_2024_1_sweep/build/hls/graphsage_int8_po2_19c_const_params/solution1/syn/verilog/graphsage_int8_po2_ama_addmuladd_9s_8s_11ns_17ns_21_4_1.v:36]
INFO: [Synth 8-4471] merging register 'ama_addmuladd_9s_8s_11ns_17ns_21_4_1_U605/graphsage_int8_po2_ama_addmuladd_9s_8s_11ns_17ns_21_4_1_DSP48_0_U/b_reg_reg[17:0]' into 'ama_addmuladd_9s_8s_11ns_17ns_21_4_1_U616/graphsage_int8_po2_ama_addmuladd_9s_8s_11ns_17ns_21_4_1_DSP48_0_U/b_reg_reg[17:0]' [/mnt_pool/c3_users/user/pleguina/graphsage_vivado_2024_1_sweep/build/hls/graphsage_int8_po2_19c_const_params/solution1/syn/verilog/graphsage_int8_po2_ama_addmuladd_9s_8s_11ns_17ns_21_4_1.v:36]
INFO: [Synth 8-4471] merging register 'ama_addmuladd_9s_8s_11ns_17ns_21_4_1_U603/graphsage_int8_po2_ama_addmuladd_9s_8s_11ns_17ns_21_4_1_DSP48_0_U/b_reg_reg[17:0]' into 'ama_addmuladd_9s_8s_11ns_17ns_21_4_1_U616/graphsage_int8_po2_ama_addmuladd_9s_8s_11ns_17ns_21_4_1_DSP48_0_U/b_reg_reg[17:0]' [/mnt_pool/c3_users/user/pleguina/graphsage_vivado_2024_1_sweep/build/hls/graphsage_int8_po2_19c_const_params/solution1/syn/verilog/graphsage_int8_po2_ama_addmuladd_9s_8s_11ns_17ns_21_4_1.v:36]
INFO: [Synth 8-4471] merging register 'ama_addmuladd_9s_8s_11ns_17ns_21_4_1_U600/graphsage_int8_po2_ama_addmuladd_9s_8s_11ns_17ns_21_4_1_DSP48_0_U/b_reg_reg[17:0]' into 'ama_addmuladd_9s_8s_11ns_17ns_21_4_1_U616/graphsage_int8_po2_ama_addmuladd_9s_8s_11ns_17ns_21_4_1_DSP48_0_U/b_reg_reg[17:0]' [/mnt_pool/c3_users/user/pleguina/graphsage_vivado_2024_1_sweep/build/hls/graphsage_int8_po2_19c_const_params/solution1/syn/verilog/graphsage_int8_po2_ama_addmuladd_9s_8s_11ns_17ns_21_4_1.v:36]
INFO: [Synth 8-4471] merging register 'ama_addmuladd_9s_8s_11ns_17ns_21_4_1_U599/graphsage_int8_po2_ama_addmuladd_9s_8s_11ns_17ns_21_4_1_DSP48_0_U/b_reg_reg[17:0]' into 'ama_addmuladd_9s_8s_11ns_17ns_21_4_1_U616/graphsage_int8_po2_ama_addmuladd_9s_8s_11ns_17ns_21_4_1_DSP48_0_U/b_reg_reg[17:0]' [/mnt_pool/c3_users/user/pleguina/graphsage_vivado_2024_1_sweep/build/hls/graphsage_int8_po2_19c_const_params/solution1/syn/verilog/graphsage_int8_po2_ama_addmuladd_9s_8s_11ns_17ns_21_4_1.v:36]
INFO: [Synth 8-4471] merging register 'ama_addmuladd_9s_8s_11ns_17ns_21_4_1_U595/graphsage_int8_po2_ama_addmuladd_9s_8s_11ns_17ns_21_4_1_DSP48_0_U/b_reg_reg[17:0]' into 'ama_addmuladd_9s_8s_11ns_17ns_21_4_1_U616/graphsage_int8_po2_ama_addmuladd_9s_8s_11ns_17ns_21_4_1_DSP48_0_U/b_reg_reg[17:0]' [/mnt_pool/c3_users/user/pleguina/graphsage_vivado_2024_1_sweep/build/hls/graphsage_int8_po2_19c_const_params/solution1/syn/verilog/graphsage_int8_po2_ama_addmuladd_9s_8s_11ns_17ns_21_4_1.v:36]
INFO: [Synth 8-4471] merging register 'ama_addmuladd_9s_8s_11ns_17ns_21_4_1_U594/graphsage_int8_po2_ama_addmuladd_9s_8s_11ns_17ns_21_4_1_DSP48_0_U/b_reg_reg[17:0]' into 'ama_addmuladd_9s_8s_11ns_17ns_21_4_1_U616/graphsage_int8_po2_ama_addmuladd_9s_8s_11ns_17ns_21_4_1_DSP48_0_U/b_reg_reg[17:0]' [/mnt_pool/c3_users/user/pleguina/graphsage_vivado_2024_1_sweep/build/hls/graphsage_int8_po2_19c_const_params/solution1/syn/verilog/graphsage_int8_po2_ama_addmuladd_9s_8s_11ns_17ns_21_4_1.v:36]
INFO: [Synth 8-4471] merging register 'ama_addmuladd_9s_8s_11ns_17ns_21_4_1_U589/graphsage_int8_po2_ama_addmuladd_9s_8s_11ns_17ns_21_4_1_DSP48_0_U/b_reg_reg[17:0]' into 'ama_addmuladd_9s_8s_11ns_17ns_21_4_1_U616/graphsage_int8_po2_ama_addmuladd_9s_8s_11ns_17ns_21_4_1_DSP48_0_U/b_reg_reg[17:0]' [/mnt_pool/c3_users/user/pleguina/graphsage_vivado_2024_1_sweep/build/hls/graphsage_int8_po2_19c_const_params/solution1/syn/verilog/graphsage_int8_po2_ama_addmuladd_9s_8s_11ns_17ns_21_4_1.v:36]
INFO: [Synth 8-4471] merging register 'ama_addmuladd_9s_8s_11ns_17ns_21_4_1_U587/graphsage_int8_po2_ama_addmuladd_9s_8s_11ns_17ns_21_4_1_DSP48_0_U/b_reg_reg[17:0]' into 'ama_addmuladd_9s_8s_11ns_17ns_21_4_1_U616/graphsage_int8_po2_ama_addmuladd_9s_8s_11ns_17ns_21_4_1_DSP48_0_U/b_reg_reg[17:0]' [/mnt_pool/c3_users/user/pleguina/graphsage_vivado_2024_1_sweep/build/hls/graphsage_int8_po2_19c_const_params/solution1/syn/verilog/graphsage_int8_po2_ama_addmuladd_9s_8s_11ns_17ns_21_4_1.v:36]
INFO: [Synth 8-4471] merging register 'ama_addmuladd_9s_8s_11ns_17ns_21_4_1_U584/graphsage_int8_po2_ama_addmuladd_9s_8s_11ns_17ns_21_4_1_DSP48_0_U/b_reg_reg[17:0]' into 'ama_addmuladd_9s_8s_11ns_17ns_21_4_1_U616/graphsage_int8_po2_ama_addmuladd_9s_8s_11ns_17ns_21_4_1_DSP48_0_U/b_reg_reg[17:0]' [/mnt_pool/c3_users/user/pleguina/graphsage_vivado_2024_1_sweep/build/hls/graphsage_int8_po2_19c_const_params/solution1/syn/verilog/graphsage_int8_po2_ama_addmuladd_9s_8s_11ns_17ns_21_4_1.v:36]
INFO: [Synth 8-4471] merging register 'ama_addmuladd_9s_8s_11ns_17ns_21_4_1_U583/graphsage_int8_po2_ama_addmuladd_9s_8s_11ns_17ns_21_4_1_DSP48_0_U/b_reg_reg[17:0]' into 'ama_addmuladd_9s_8s_11ns_17ns_21_4_1_U616/graphsage_int8_po2_ama_addmuladd_9s_8s_11ns_17ns_21_4_1_DSP48_0_U/b_reg_reg[17:0]' [/mnt_pool/c3_users/user/pleguina/graphsage_vivado_2024_1_sweep/build/hls/graphsage_int8_po2_19c_const_params/solution1/syn/verilog/graphsage_int8_po2_ama_addmuladd_9s_8s_11ns_17ns_21_4_1.v:36]
INFO: [Synth 8-4471] merging register 'ama_addmuladd_9s_8s_11ns_17ns_21_4_1_U579/graphsage_int8_po2_ama_addmuladd_9s_8s_11ns_17ns_21_4_1_DSP48_0_U/b_reg_reg[17:0]' into 'ama_addmuladd_9s_8s_11ns_17ns_21_4_1_U616/graphsage_int8_po2_ama_addmuladd_9s_8s_11ns_17ns_21_4_1_DSP48_0_U/b_reg_reg[17:0]' [/mnt_pool/c3_users/user/pleguina/graphsage_vivado_2024_1_sweep/build/hls/graphsage_int8_po2_19c_const_params/solution1/syn/verilog/graphsage_int8_po2_ama_addmuladd_9s_8s_11ns_17ns_21_4_1.v:36]
INFO: [Synth 8-4471] merging register 'ama_addmuladd_9s_8s_11ns_17ns_21_4_1_U578/graphsage_int8_po2_ama_addmuladd_9s_8s_11ns_17ns_21_4_1_DSP48_0_U/b_reg_reg[17:0]' into 'ama_addmuladd_9s_8s_11ns_17ns_21_4_1_U616/graphsage_int8_po2_ama_addmuladd_9s_8s_11ns_17ns_21_4_1_DSP48_0_U/b_reg_reg[17:0]' [/mnt_pool/c3_users/user/pleguina/graphsage_vivado_2024_1_sweep/build/hls/graphsage_int8_po2_19c_const_params/solution1/syn/verilog/graphsage_int8_po2_ama_addmuladd_9s_8s_11ns_17ns_21_4_1.v:36]
INFO: [Synth 8-4471] merging register 'ama_addmuladd_9s_8s_11ns_17ns_21_4_1_U573/graphsage_int8_po2_ama_addmuladd_9s_8s_11ns_17ns_21_4_1_DSP48_0_U/b_reg_reg[17:0]' into 'ama_addmuladd_9s_8s_11ns_17ns_21_4_1_U616/graphsage_int8_po2_ama_addmuladd_9s_8s_11ns_17ns_21_4_1_DSP48_0_U/b_reg_reg[17:0]' [/mnt_pool/c3_users/user/pleguina/graphsage_vivado_2024_1_sweep/build/hls/graphsage_int8_po2_19c_const_params/solution1/syn/verilog/graphsage_int8_po2_ama_addmuladd_9s_8s_11ns_17ns_21_4_1.v:36]
INFO: [Synth 8-4471] merging register 'ama_addmuladd_9s_8s_11ns_17ns_21_4_1_U571/graphsage_int8_po2_ama_addmuladd_9s_8s_11ns_17ns_21_4_1_DSP48_0_U/b_reg_reg[17:0]' into 'ama_addmuladd_9s_8s_11ns_17ns_21_4_1_U616/graphsage_int8_po2_ama_addmuladd_9s_8s_11ns_17ns_21_4_1_DSP48_0_U/b_reg_reg[17:0]' [/mnt_pool/c3_users/user/pleguina/graphsage_vivado_2024_1_sweep/build/hls/graphsage_int8_po2_19c_const_params/solution1/syn/verilog/graphsage_int8_po2_ama_addmuladd_9s_8s_11ns_17ns_21_4_1.v:36]
INFO: [Synth 8-3936] Found unconnected internal register 'ama_addmuladd_9s_8s_11ns_17ns_21_4_1_U571/graphsage_int8_po2_ama_addmuladd_9s_8s_11ns_17ns_21_4_1_DSP48_0_U/p_reg_reg' and it is trimmed from '46' to '21' bits. [/mnt_pool/c3_users/user/pleguina/graphsage_vivado_2024_1_sweep/build/hls/graphsage_int8_po2_19c_const_params/solution1/syn/verilog/graphsage_int8_po2_ama_addmuladd_9s_8s_11ns_17ns_21_4_1.v:43]
INFO: [Synth 8-3936] Found unconnected internal register 'ama_addmuladd_9s_8s_11ns_17ns_21_4_1_U571/graphsage_int8_po2_ama_addmuladd_9s_8s_11ns_17ns_21_4_1_DSP48_0_U/m_reg_reg' and it is trimmed from '45' to '21' bits. [/mnt_pool/c3_users/user/pleguina/graphsage_vivado_2024_1_sweep/build/hls/graphsage_int8_po2_19c_const_params/solution1/syn/verilog/graphsage_int8_po2_ama_addmuladd_9s_8s_11ns_17ns_21_4_1.v:37]
INFO: [Synth 8-3936] Found unconnected internal register 'ama_addmuladd_9s_8s_11ns_17ns_21_4_1_U573/graphsage_int8_po2_ama_addmuladd_9s_8s_11ns_17ns_21_4_1_DSP48_0_U/p_reg_reg' and it is trimmed from '46' to '21' bits. [/mnt_pool/c3_users/user/pleguina/graphsage_vivado_2024_1_sweep/build/hls/graphsage_int8_po2_19c_const_params/solution1/syn/verilog/graphsage_int8_po2_ama_addmuladd_9s_8s_11ns_17ns_21_4_1.v:43]
INFO: [Synth 8-3936] Found unconnected internal register 'ama_addmuladd_9s_8s_11ns_17ns_21_4_1_U573/graphsage_int8_po2_ama_addmuladd_9s_8s_11ns_17ns_21_4_1_DSP48_0_U/m_reg_reg' and it is trimmed from '45' to '21' bits. [/mnt_pool/c3_users/user/pleguina/graphsage_vivado_2024_1_sweep/build/hls/graphsage_int8_po2_19c_const_params/solution1/syn/verilog/graphsage_int8_po2_ama_addmuladd_9s_8s_11ns_17ns_21_4_1.v:37]
INFO: [Synth 8-3936] Found unconnected internal register 'ama_addmuladd_9s_8s_11ns_17ns_21_4_1_U578/graphsage_int8_po2_ama_addmuladd_9s_8s_11ns_17ns_21_4_1_DSP48_0_U/p_reg_reg' and it is trimmed from '46' to '21' bits. [/mnt_pool/c3_users/user/pleguina/graphsage_vivado_2024_1_sweep/build/hls/graphsage_int8_po2_19c_const_params/solution1/syn/verilog/graphsage_int8_po2_ama_addmuladd_9s_8s_11ns_17ns_21_4_1.v:43]
INFO: [Synth 8-3936] Found unconnected internal register 'ama_addmuladd_9s_8s_11ns_17ns_21_4_1_U578/graphsage_int8_po2_ama_addmuladd_9s_8s_11ns_17ns_21_4_1_DSP48_0_U/m_reg_reg' and it is trimmed from '45' to '21' bits. [/mnt_pool/c3_users/user/pleguina/graphsage_vivado_2024_1_sweep/build/hls/graphsage_int8_po2_19c_const_params/solution1/syn/verilog/graphsage_int8_po2_ama_addmuladd_9s_8s_11ns_17ns_21_4_1.v:37]
INFO: [Synth 8-3936] Found unconnected internal register 'ama_addmuladd_9s_8s_11ns_17ns_21_4_1_U579/graphsage_int8_po2_ama_addmuladd_9s_8s_11ns_17ns_21_4_1_DSP48_0_U/p_reg_reg' and it is trimmed from '46' to '21' bits. [/mnt_pool/c3_users/user/pleguina/graphsage_vivado_2024_1_sweep/build/hls/graphsage_int8_po2_19c_const_params/solution1/syn/verilog/graphsage_int8_po2_ama_addmuladd_9s_8s_11ns_17ns_21_4_1.v:43]
INFO: [Synth 8-3936] Found unconnected internal register 'ama_addmuladd_9s_8s_11ns_17ns_21_4_1_U579/graphsage_int8_po2_ama_addmuladd_9s_8s_11ns_17ns_21_4_1_DSP48_0_U/m_reg_reg' and it is trimmed from '45' to '21' bits. [/mnt_pool/c3_users/user/pleguina/graphsage_vivado_2024_1_sweep/build/hls/graphsage_int8_po2_19c_const_params/solution1/syn/verilog/graphsage_int8_po2_ama_addmuladd_9s_8s_11ns_17ns_21_4_1.v:37]
INFO: [Synth 8-3936] Found unconnected internal register 'ama_addmuladd_9s_8s_11ns_17ns_21_4_1_U583/graphsage_int8_po2_ama_addmuladd_9s_8s_11ns_17ns_21_4_1_DSP48_0_U/p_reg_reg' and it is trimmed from '46' to '21' bits. [/mnt_pool/c3_users/user/pleguina/graphsage_vivado_2024_1_sweep/build/hls/graphsage_int8_po2_19c_const_params/solution1/syn/verilog/graphsage_int8_po2_ama_addmuladd_9s_8s_11ns_17ns_21_4_1.v:43]
INFO: [Synth 8-3936] Found unconnected internal register 'ama_addmuladd_9s_8s_11ns_17ns_21_4_1_U583/graphsage_int8_po2_ama_addmuladd_9s_8s_11ns_17ns_21_4_1_DSP48_0_U/m_reg_reg' and it is trimmed from '45' to '21' bits. [/mnt_pool/c3_users/user/pleguina/graphsage_vivado_2024_1_sweep/build/hls/graphsage_int8_po2_19c_const_params/solution1/syn/verilog/graphsage_int8_po2_ama_addmuladd_9s_8s_11ns_17ns_21_4_1.v:37]
INFO: [Synth 8-3936] Found unconnected internal register 'ama_addmuladd_9s_8s_11ns_17ns_21_4_1_U584/graphsage_int8_po2_ama_addmuladd_9s_8s_11ns_17ns_21_4_1_DSP48_0_U/p_reg_reg' and it is trimmed from '46' to '21' bits. [/mnt_pool/c3_users/user/pleguina/graphsage_vivado_2024_1_sweep/build/hls/graphsage_int8_po2_19c_const_params/solution1/syn/verilog/graphsage_int8_po2_ama_addmuladd_9s_8s_11ns_17ns_21_4_1.v:43]
INFO: [Synth 8-3936] Found unconnected internal register 'ama_addmuladd_9s_8s_11ns_17ns_21_4_1_U584/graphsage_int8_po2_ama_addmuladd_9s_8s_11ns_17ns_21_4_1_DSP48_0_U/m_reg_reg' and it is trimmed from '45' to '21' bits. [/mnt_pool/c3_users/user/pleguina/graphsage_vivado_2024_1_sweep/build/hls/graphsage_int8_po2_19c_const_params/solution1/syn/verilog/graphsage_int8_po2_ama_addmuladd_9s_8s_11ns_17ns_21_4_1.v:37]
INFO: [Synth 8-3936] Found unconnected internal register 'ama_addmuladd_9s_8s_11ns_17ns_21_4_1_U587/graphsage_int8_po2_ama_addmuladd_9s_8s_11ns_17ns_21_4_1_DSP48_0_U/p_reg_reg' and it is trimmed from '46' to '21' bits. [/mnt_pool/c3_users/user/pleguina/graphsage_vivado_2024_1_sweep/build/hls/graphsage_int8_po2_19c_const_params/solution1/syn/verilog/graphsage_int8_po2_ama_addmuladd_9s_8s_11ns_17ns_21_4_1.v:43]
INFO: [Synth 8-3936] Found unconnected internal register 'ama_addmuladd_9s_8s_11ns_17ns_21_4_1_U587/graphsage_int8_po2_ama_addmuladd_9s_8s_11ns_17ns_21_4_1_DSP48_0_U/m_reg_reg' and it is trimmed from '45' to '21' bits. [/mnt_pool/c3_users/user/pleguina/graphsage_vivado_2024_1_sweep/build/hls/graphsage_int8_po2_19c_const_params/solution1/syn/verilog/graphsage_int8_po2_ama_addmuladd_9s_8s_11ns_17ns_21_4_1.v:37]
INFO: [Synth 8-3936] Found unconnected internal register 'ama_addmuladd_9s_8s_11ns_17ns_21_4_1_U589/graphsage_int8_po2_ama_addmuladd_9s_8s_11ns_17ns_21_4_1_DSP48_0_U/p_reg_reg' and it is trimmed from '46' to '21' bits. [/mnt_pool/c3_users/user/pleguina/graphsage_vivado_2024_1_sweep/build/hls/graphsage_int8_po2_19c_const_params/solution1/syn/verilog/graphsage_int8_po2_ama_addmuladd_9s_8s_11ns_17ns_21_4_1.v:43]
INFO: [Synth 8-3936] Found unconnected internal register 'ama_addmuladd_9s_8s_11ns_17ns_21_4_1_U589/graphsage_int8_po2_ama_addmuladd_9s_8s_11ns_17ns_21_4_1_DSP48_0_U/m_reg_reg' and it is trimmed from '45' to '21' bits. [/mnt_pool/c3_users/user/pleguina/graphsage_vivado_2024_1_sweep/build/hls/graphsage_int8_po2_19c_const_params/solution1/syn/verilog/graphsage_int8_po2_ama_addmuladd_9s_8s_11ns_17ns_21_4_1.v:37]
INFO: [Synth 8-3936] Found unconnected internal register 'ama_addmuladd_9s_8s_11ns_17ns_21_4_1_U594/graphsage_int8_po2_ama_addmuladd_9s_8s_11ns_17ns_21_4_1_DSP48_0_U/p_reg_reg' and it is trimmed from '46' to '21' bits. [/mnt_pool/c3_users/user/pleguina/graphsage_vivado_2024_1_sweep/build/hls/graphsage_int8_po2_19c_const_params/solution1/syn/verilog/graphsage_int8_po2_ama_addmuladd_9s_8s_11ns_17ns_21_4_1.v:43]
INFO: [Synth 8-3936] Found unconnected internal register 'ama_addmuladd_9s_8s_11ns_17ns_21_4_1_U594/graphsage_int8_po2_ama_addmuladd_9s_8s_11ns_17ns_21_4_1_DSP48_0_U/m_reg_reg' and it is trimmed from '45' to '21' bits. [/mnt_pool/c3_users/user/pleguina/graphsage_vivado_2024_1_sweep/build/hls/graphsage_int8_po2_19c_const_params/solution1/syn/verilog/graphsage_int8_po2_ama_addmuladd_9s_8s_11ns_17ns_21_4_1.v:37]
INFO: [Synth 8-3936] Found unconnected internal register 'ama_addmuladd_9s_8s_11ns_17ns_21_4_1_U595/graphsage_int8_po2_ama_addmuladd_9s_8s_11ns_17ns_21_4_1_DSP48_0_U/p_reg_reg' and it is trimmed from '46' to '21' bits. [/mnt_pool/c3_users/user/pleguina/graphsage_vivado_2024_1_sweep/build/hls/graphsage_int8_po2_19c_const_params/solution1/syn/verilog/graphsage_int8_po2_ama_addmuladd_9s_8s_11ns_17ns_21_4_1.v:43]
INFO: [Synth 8-3936] Found unconnected internal register 'ama_addmuladd_9s_8s_11ns_17ns_21_4_1_U595/graphsage_int8_po2_ama_addmuladd_9s_8s_11ns_17ns_21_4_1_DSP48_0_U/m_reg_reg' and it is trimmed from '45' to '21' bits. [/mnt_pool/c3_users/user/pleguina/graphsage_vivado_2024_1_sweep/build/hls/graphsage_int8_po2_19c_const_params/solution1/syn/verilog/graphsage_int8_po2_ama_addmuladd_9s_8s_11ns_17ns_21_4_1.v:37]
INFO: [Synth 8-3936] Found unconnected internal register 'ama_addmuladd_9s_8s_11ns_17ns_21_4_1_U599/graphsage_int8_po2_ama_addmuladd_9s_8s_11ns_17ns_21_4_1_DSP48_0_U/p_reg_reg' and it is trimmed from '46' to '21' bits. [/mnt_pool/c3_users/user/pleguina/graphsage_vivado_2024_1_sweep/build/hls/graphsage_int8_po2_19c_const_params/solution1/syn/verilog/graphsage_int8_po2_ama_addmuladd_9s_8s_11ns_17ns_21_4_1.v:43]
INFO: [Synth 8-3936] Found unconnected internal register 'ama_addmuladd_9s_8s_11ns_17ns_21_4_1_U599/graphsage_int8_po2_ama_addmuladd_9s_8s_11ns_17ns_21_4_1_DSP48_0_U/m_reg_reg' and it is trimmed from '45' to '21' bits. [/mnt_pool/c3_users/user/pleguina/graphsage_vivado_2024_1_sweep/build/hls/graphsage_int8_po2_19c_const_params/solution1/syn/verilog/graphsage_int8_po2_ama_addmuladd_9s_8s_11ns_17ns_21_4_1.v:37]
INFO: [Synth 8-3936] Found unconnected internal register 'ama_addmuladd_9s_8s_11ns_17ns_21_4_1_U600/graphsage_int8_po2_ama_addmuladd_9s_8s_11ns_17ns_21_4_1_DSP48_0_U/p_reg_reg' and it is trimmed from '46' to '21' bits. [/mnt_pool/c3_users/user/pleguina/graphsage_vivado_2024_1_sweep/build/hls/graphsage_int8_po2_19c_const_params/solution1/syn/verilog/graphsage_int8_po2_ama_addmuladd_9s_8s_11ns_17ns_21_4_1.v:43]
INFO: [Synth 8-3936] Found unconnected internal register 'ama_addmuladd_9s_8s_11ns_17ns_21_4_1_U600/graphsage_int8_po2_ama_addmuladd_9s_8s_11ns_17ns_21_4_1_DSP48_0_U/m_reg_reg' and it is trimmed from '45' to '21' bits. [/mnt_pool/c3_users/user/pleguina/graphsage_vivado_2024_1_sweep/build/hls/graphsage_int8_po2_19c_const_params/solution1/syn/verilog/graphsage_int8_po2_ama_addmuladd_9s_8s_11ns_17ns_21_4_1.v:37]
INFO: [Synth 8-3936] Found unconnected internal register 'ama_addmuladd_9s_8s_11ns_17ns_21_4_1_U603/graphsage_int8_po2_ama_addmuladd_9s_8s_11ns_17ns_21_4_1_DSP48_0_U/p_reg_reg' and it is trimmed from '46' to '21' bits. [/mnt_pool/c3_users/user/pleguina/graphsage_vivado_2024_1_sweep/build/hls/graphsage_int8_po2_19c_const_params/solution1/syn/verilog/graphsage_int8_po2_ama_addmuladd_9s_8s_11ns_17ns_21_4_1.v:43]
INFO: [Synth 8-3936] Found unconnected internal register 'ama_addmuladd_9s_8s_11ns_17ns_21_4_1_U603/graphsage_int8_po2_ama_addmuladd_9s_8s_11ns_17ns_21_4_1_DSP48_0_U/m_reg_reg' and it is trimmed from '45' to '21' bits. [/mnt_pool/c3_users/user/pleguina/graphsage_vivado_2024_1_sweep/build/hls/graphsage_int8_po2_19c_const_params/solution1/syn/verilog/graphsage_int8_po2_ama_addmuladd_9s_8s_11ns_17ns_21_4_1.v:37]
INFO: [Synth 8-3936] Found unconnected internal register 'ama_addmuladd_9s_8s_11ns_17ns_21_4_1_U605/graphsage_int8_po2_ama_addmuladd_9s_8s_11ns_17ns_21_4_1_DSP48_0_U/p_reg_reg' and it is trimmed from '46' to '21' bits. [/mnt_pool/c3_users/user/pleguina/graphsage_vivado_2024_1_sweep/build/hls/graphsage_int8_po2_19c_const_params/solution1/syn/verilog/graphsage_int8_po2_ama_addmuladd_9s_8s_11ns_17ns_21_4_1.v:43]
INFO: [Synth 8-3936] Found unconnected internal register 'ama_addmuladd_9s_8s_11ns_17ns_21_4_1_U605/graphsage_int8_po2_ama_addmuladd_9s_8s_11ns_17ns_21_4_1_DSP48_0_U/m_reg_reg' and it is trimmed from '45' to '21' bits. [/mnt_pool/c3_users/user/pleguina/graphsage_vivado_2024_1_sweep/build/hls/graphsage_int8_po2_19c_const_params/solution1/syn/verilog/graphsage_int8_po2_ama_addmuladd_9s_8s_11ns_17ns_21_4_1.v:37]
INFO: [Synth 8-3936] Found unconnected internal register 'ama_addmuladd_9s_8s_11ns_17ns_21_4_1_U610/graphsage_int8_po2_ama_addmuladd_9s_8s_11ns_17ns_21_4_1_DSP48_0_U/p_reg_reg' and it is trimmed from '46' to '21' bits. [/mnt_pool/c3_users/user/pleguina/graphsage_vivado_2024_1_sweep/build/hls/graphsage_int8_po2_19c_const_params/solution1/syn/verilog/graphsage_int8_po2_ama_addmuladd_9s_8s_11ns_17ns_21_4_1.v:43]
INFO: [Synth 8-3936] Found unconnected internal register 'ama_addmuladd_9s_8s_11ns_17ns_21_4_1_U610/graphsage_int8_po2_ama_addmuladd_9s_8s_11ns_17ns_21_4_1_DSP48_0_U/m_reg_reg' and it is trimmed from '45' to '21' bits. [/mnt_pool/c3_users/user/pleguina/graphsage_vivado_2024_1_sweep/build/hls/graphsage_int8_po2_19c_const_params/solution1/syn/verilog/graphsage_int8_po2_ama_addmuladd_9s_8s_11ns_17ns_21_4_1.v:37]
INFO: [Synth 8-3936] Found unconnected internal register 'ama_addmuladd_9s_8s_11ns_17ns_21_4_1_U611/graphsage_int8_po2_ama_addmuladd_9s_8s_11ns_17ns_21_4_1_DSP48_0_U/p_reg_reg' and it is trimmed from '46' to '21' bits. [/mnt_pool/c3_users/user/pleguina/graphsage_vivado_2024_1_sweep/build/hls/graphsage_int8_po2_19c_const_params/solution1/syn/verilog/graphsage_int8_po2_ama_addmuladd_9s_8s_11ns_17ns_21_4_1.v:43]
INFO: [Synth 8-3936] Found unconnected internal register 'ama_addmuladd_9s_8s_11ns_17ns_21_4_1_U611/graphsage_int8_po2_ama_addmuladd_9s_8s_11ns_17ns_21_4_1_DSP48_0_U/m_reg_reg' and it is trimmed from '45' to '21' bits. [/mnt_pool/c3_users/user/pleguina/graphsage_vivado_2024_1_sweep/build/hls/graphsage_int8_po2_19c_const_params/solution1/syn/verilog/graphsage_int8_po2_ama_addmuladd_9s_8s_11ns_17ns_21_4_1.v:37]
INFO: [Synth 8-3936] Found unconnected internal register 'ama_addmuladd_9s_8s_11ns_17ns_21_4_1_U615/graphsage_int8_po2_ama_addmuladd_9s_8s_11ns_17ns_21_4_1_DSP48_0_U/p_reg_reg' and it is trimmed from '46' to '21' bits. [/mnt_pool/c3_users/user/pleguina/graphsage_vivado_2024_1_sweep/build/hls/graphsage_int8_po2_19c_const_params/solution1/syn/verilog/graphsage_int8_po2_ama_addmuladd_9s_8s_11ns_17ns_21_4_1.v:43]
INFO: [Synth 8-3936] Found unconnected internal register 'ama_addmuladd_9s_8s_11ns_17ns_21_4_1_U615/graphsage_int8_po2_ama_addmuladd_9s_8s_11ns_17ns_21_4_1_DSP48_0_U/m_reg_reg' and it is trimmed from '45' to '21' bits. [/mnt_pool/c3_users/user/pleguina/graphsage_vivado_2024_1_sweep/build/hls/graphsage_int8_po2_19c_const_params/solution1/syn/verilog/graphsage_int8_po2_ama_addmuladd_9s_8s_11ns_17ns_21_4_1.v:37]
INFO: [Synth 8-3936] Found unconnected internal register 'ama_addmuladd_9s_8s_11ns_17ns_21_4_1_U616/graphsage_int8_po2_ama_addmuladd_9s_8s_11ns_17ns_21_4_1_DSP48_0_U/p_reg_reg' and it is trimmed from '46' to '21' bits. [/mnt_pool/c3_users/user/pleguina/graphsage_vivado_2024_1_sweep/build/hls/graphsage_int8_po2_19c_const_params/solution1/syn/verilog/graphsage_int8_po2_ama_addmuladd_9s_8s_11ns_17ns_21_4_1.v:43]
INFO: [Synth 8-3936] Found unconnected internal register 'ama_addmuladd_9s_8s_11ns_17ns_21_4_1_U616/graphsage_int8_po2_ama_addmuladd_9s_8s_11ns_17ns_21_4_1_DSP48_0_U/m_reg_reg' and it is trimmed from '45' to '21' bits. [/mnt_pool/c3_users/user/pleguina/graphsage_vivado_2024_1_sweep/build/hls/graphsage_int8_po2_19c_const_params/solution1/syn/verilog/graphsage_int8_po2_ama_addmuladd_9s_8s_11ns_17ns_21_4_1.v:37]
DSP Report: Generating DSP ama_addmuladd_9s_8s_11ns_17ns_21_4_1_U600/graphsage_int8_po2_ama_addmuladd_9s_8s_11ns_17ns_21_4_1_DSP48_0_U/p_reg_reg, operation Mode is: (C:0x10000)+((D'+A2)*(B:0x555)')'.
DSP Report: register registered_input_79_reg_22670_reg is absorbed into DSP ama_addmuladd_9s_8s_11ns_17ns_21_4_1_U600/graphsage_int8_po2_ama_addmuladd_9s_8s_11ns_17ns_21_4_1_DSP48_0_U/p_reg_reg.
DSP Report: register ama_addmuladd_9s_8s_11ns_17ns_21_4_1_U616/graphsage_int8_po2_ama_addmuladd_9s_8s_11ns_17ns_21_4_1_DSP48_0_U/b_reg_reg is absorbed into DSP ama_addmuladd_9s_8s_11ns_17ns_21_4_1_U600/graphsage_int8_po2_ama_addmuladd_9s_8s_11ns_17ns_21_4_1_DSP48_0_U/p_reg_reg.
DSP Report: register add_ln32_30_reg_22990_reg is absorbed into DSP ama_addmuladd_9s_8s_11ns_17ns_21_4_1_U600/graphsage_int8_po2_ama_addmuladd_9s_8s_11ns_17ns_21_4_1_DSP48_0_U/p_reg_reg.
DSP Report: register ama_addmuladd_9s_8s_11ns_17ns_21_4_1_U600/graphsage_int8_po2_ama_addmuladd_9s_8s_11ns_17ns_21_4_1_DSP48_0_U/p_reg_reg is absorbed into DSP ama_addmuladd_9s_8s_11ns_17ns_21_4_1_U600/graphsage_int8_po2_ama_addmuladd_9s_8s_11ns_17ns_21_4_1_DSP48_0_U/p_reg_reg.
DSP Report: register ama_addmuladd_9s_8s_11ns_17ns_21_4_1_U600/graphsage_int8_po2_ama_addmuladd_9s_8s_11ns_17ns_21_4_1_DSP48_0_U/m_reg_reg is absorbed into DSP ama_addmuladd_9s_8s_11ns_17ns_21_4_1_U600/graphsage_int8_po2_ama_addmuladd_9s_8s_11ns_17ns_21_4_1_DSP48_0_U/p_reg_reg.
DSP Report: register ama_addmuladd_9s_8s_11ns_17ns_21_4_1_U600/graphsage_int8_po2_ama_addmuladd_9s_8s_11ns_17ns_21_4_1_DSP48_0_U/ad_reg_reg is absorbed into DSP ama_addmuladd_9s_8s_11ns_17ns_21_4_1_U600/graphsage_int8_po2_ama_addmuladd_9s_8s_11ns_17ns_21_4_1_DSP48_0_U/p_reg_reg.
DSP Report: operator ama_addmuladd_9s_8s_11ns_17ns_21_4_1_U600/graphsage_int8_po2_ama_addmuladd_9s_8s_11ns_17ns_21_4_1_DSP48_0_U/p is absorbed into DSP ama_addmuladd_9s_8s_11ns_17ns_21_4_1_U600/graphsage_int8_po2_ama_addmuladd_9s_8s_11ns_17ns_21_4_1_DSP48_0_U/p_reg_reg.
DSP Report: operator ama_addmuladd_9s_8s_11ns_17ns_21_4_1_U600/graphsage_int8_po2_ama_addmuladd_9s_8s_11ns_17ns_21_4_1_DSP48_0_U/m is absorbed into DSP ama_addmuladd_9s_8s_11ns_17ns_21_4_1_U600/graphsage_int8_po2_ama_addmuladd_9s_8s_11ns_17ns_21_4_1_DSP48_0_U/p_reg_reg.
DSP Report: operator ama_addmuladd_9s_8s_11ns_17ns_21_4_1_U600/graphsage_int8_po2_ama_addmuladd_9s_8s_11ns_17ns_21_4_1_DSP48_0_U/ad is absorbed into DSP ama_addmuladd_9s_8s_11ns_17ns_21_4_1_U600/graphsage_int8_po2_ama_addmuladd_9s_8s_11ns_17ns_21_4_1_DSP48_0_U/p_reg_reg.
DSP Report: Generating DSP ama_addmuladd_9s_8s_11ns_17ns_21_4_1_U594/graphsage_int8_po2_ama_addmuladd_9s_8s_11ns_17ns_21_4_1_DSP48_0_U/p_reg_reg, operation Mode is: (C:0x10000)+((D'+A2)*(B:0x555)')'.
DSP Report: register registered_input_73_reg_22640_reg is absorbed into DSP ama_addmuladd_9s_8s_11ns_17ns_21_4_1_U594/graphsage_int8_po2_ama_addmuladd_9s_8s_11ns_17ns_21_4_1_DSP48_0_U/p_reg_reg.
DSP Report: register ama_addmuladd_9s_8s_11ns_17ns_21_4_1_U616/graphsage_int8_po2_ama_addmuladd_9s_8s_11ns_17ns_21_4_1_DSP48_0_U/b_reg_reg is absorbed into DSP ama_addmuladd_9s_8s_11ns_17ns_21_4_1_U594/graphsage_int8_po2_ama_addmuladd_9s_8s_11ns_17ns_21_4_1_DSP48_0_U/p_reg_reg.
DSP Report: register add_ln32_18_reg_22960_reg is absorbed into DSP ama_addmuladd_9s_8s_11ns_17ns_21_4_1_U594/graphsage_int8_po2_ama_addmuladd_9s_8s_11ns_17ns_21_4_1_DSP48_0_U/p_reg_reg.
DSP Report: register ama_addmuladd_9s_8s_11ns_17ns_21_4_1_U594/graphsage_int8_po2_ama_addmuladd_9s_8s_11ns_17ns_21_4_1_DSP48_0_U/p_reg_reg is absorbed into DSP ama_addmuladd_9s_8s_11ns_17ns_21_4_1_U594/graphsage_int8_po2_ama_addmuladd_9s_8s_11ns_17ns_21_4_1_DSP48_0_U/p_reg_reg.
DSP Report: register ama_addmuladd_9s_8s_11ns_17ns_21_4_1_U594/graphsage_int8_po2_ama_addmuladd_9s_8s_11ns_17ns_21_4_1_DSP48_0_U/m_reg_reg is absorbed into DSP ama_addmuladd_9s_8s_11ns_17ns_21_4_1_U594/graphsage_int8_po2_ama_addmuladd_9s_8s_11ns_17ns_21_4_1_DSP48_0_U/p_reg_reg.
DSP Report: register ama_addmuladd_9s_8s_11ns_17ns_21_4_1_U594/graphsage_int8_po2_ama_addmuladd_9s_8s_11ns_17ns_21_4_1_DSP48_0_U/ad_reg_reg is absorbed into DSP ama_addmuladd_9s_8s_11ns_17ns_21_4_1_U594/graphsage_int8_po2_ama_addmuladd_9s_8s_11ns_17ns_21_4_1_DSP48_0_U/p_reg_reg.
DSP Report: operator ama_addmuladd_9s_8s_11ns_17ns_21_4_1_U594/graphsage_int8_po2_ama_addmuladd_9s_8s_11ns_17ns_21_4_1_DSP48_0_U/p is absorbed into DSP ama_addmuladd_9s_8s_11ns_17ns_21_4_1_U594/graphsage_int8_po2_ama_addmuladd_9s_8s_11ns_17ns_21_4_1_DSP48_0_U/p_reg_reg.
DSP Report: operator ama_addmuladd_9s_8s_11ns_17ns_21_4_1_U594/graphsage_int8_po2_ama_addmuladd_9s_8s_11ns_17ns_21_4_1_DSP48_0_U/m is absorbed into DSP ama_addmuladd_9s_8s_11ns_17ns_21_4_1_U594/graphsage_int8_po2_ama_addmuladd_9s_8s_11ns_17ns_21_4_1_DSP48_0_U/p_reg_reg.
DSP Report: operator ama_addmuladd_9s_8s_11ns_17ns_21_4_1_U594/graphsage_int8_po2_ama_addmuladd_9s_8s_11ns_17ns_21_4_1_DSP48_0_U/ad is absorbed into DSP ama_addmuladd_9s_8s_11ns_17ns_21_4_1_U594/graphsage_int8_po2_ama_addmuladd_9s_8s_11ns_17ns_21_4_1_DSP48_0_U/p_reg_reg.
DSP Report: Generating DSP ama_addmuladd_9s_8s_11ns_17ns_21_4_1_U595/graphsage_int8_po2_ama_addmuladd_9s_8s_11ns_17ns_21_4_1_DSP48_0_U/p_reg_reg, operation Mode is: (C:0x10000)+((D'+A2)*(B:0x555)')'.
DSP Report: register registered_input_74_reg_22645_reg is absorbed into DSP ama_addmuladd_9s_8s_11ns_17ns_21_4_1_U595/graphsage_int8_po2_ama_addmuladd_9s_8s_11ns_17ns_21_4_1_DSP48_0_U/p_reg_reg.
DSP Report: register add_ln32_20_reg_22965_reg is absorbed into DSP ama_addmuladd_9s_8s_11ns_17ns_21_4_1_U595/graphsage_int8_po2_ama_addmuladd_9s_8s_11ns_17ns_21_4_1_DSP48_0_U/p_reg_reg.
DSP Report: register ama_addmuladd_9s_8s_11ns_17ns_21_4_1_U616/graphsage_int8_po2_ama_addmuladd_9s_8s_11ns_17ns_21_4_1_DSP48_0_U/b_reg_reg is absorbed into DSP ama_addmuladd_9s_8s_11ns_17ns_21_4_1_U595/graphsage_int8_po2_ama_addmuladd_9s_8s_11ns_17ns_21_4_1_DSP48_0_U/p_reg_reg.
DSP Report: register ama_addmuladd_9s_8s_11ns_17ns_21_4_1_U595/graphsage_int8_po2_ama_addmuladd_9s_8s_11ns_17ns_21_4_1_DSP48_0_U/p_reg_reg is absorbed into DSP ama_addmuladd_9s_8s_11ns_17ns_21_4_1_U595/graphsage_int8_po2_ama_addmuladd_9s_8s_11ns_17ns_21_4_1_DSP48_0_U/p_reg_reg.
DSP Report: register ama_addmuladd_9s_8s_11ns_17ns_21_4_1_U595/graphsage_int8_po2_ama_addmuladd_9s_8s_11ns_17ns_21_4_1_DSP48_0_U/m_reg_reg is absorbed into DSP ama_addmuladd_9s_8s_11ns_17ns_21_4_1_U595/graphsage_int8_po2_ama_addmuladd_9s_8s_11ns_17ns_21_4_1_DSP48_0_U/p_reg_reg.
DSP Report: register ama_addmuladd_9s_8s_11ns_17ns_21_4_1_U595/graphsage_int8_po2_ama_addmuladd_9s_8s_11ns_17ns_21_4_1_DSP48_0_U/ad_reg_reg is absorbed into DSP ama_addmuladd_9s_8s_11ns_17ns_21_4_1_U595/graphsage_int8_po2_ama_addmuladd_9s_8s_11ns_17ns_21_4_1_DSP48_0_U/p_reg_reg.
DSP Report: operator ama_addmuladd_9s_8s_11ns_17ns_21_4_1_U595/graphsage_int8_po2_ama_addmuladd_9s_8s_11ns_17ns_21_4_1_DSP48_0_U/p is absorbed into DSP ama_addmuladd_9s_8s_11ns_17ns_21_4_1_U595/graphsage_int8_po2_ama_addmuladd_9s_8s_11ns_17ns_21_4_1_DSP48_0_U/p_reg_reg.
DSP Report: operator ama_addmuladd_9s_8s_11ns_17ns_21_4_1_U595/graphsage_int8_po2_ama_addmuladd_9s_8s_11ns_17ns_21_4_1_DSP48_0_U/m is absorbed into DSP ama_addmuladd_9s_8s_11ns_17ns_21_4_1_U595/graphsage_int8_po2_ama_addmuladd_9s_8s_11ns_17ns_21_4_1_DSP48_0_U/p_reg_reg.
DSP Report: operator ama_addmuladd_9s_8s_11ns_17ns_21_4_1_U595/graphsage_int8_po2_ama_addmuladd_9s_8s_11ns_17ns_21_4_1_DSP48_0_U/ad is absorbed into DSP ama_addmuladd_9s_8s_11ns_17ns_21_4_1_U595/graphsage_int8_po2_ama_addmuladd_9s_8s_11ns_17ns_21_4_1_DSP48_0_U/p_reg_reg.
DSP Report: Generating DSP ama_addmuladd_9s_8s_11ns_17ns_21_4_1_U599/graphsage_int8_po2_ama_addmuladd_9s_8s_11ns_17ns_21_4_1_DSP48_0_U/p_reg_reg, operation Mode is: (C:0x10000)+((D'+A2)*(B:0x555)')'.
DSP Report: register registered_input_78_reg_22665_reg is absorbed into DSP ama_addmuladd_9s_8s_11ns_17ns_21_4_1_U599/graphsage_int8_po2_ama_addmuladd_9s_8s_11ns_17ns_21_4_1_DSP48_0_U/p_reg_reg.
DSP Report: register add_ln32_28_reg_22985_reg is absorbed into DSP ama_addmuladd_9s_8s_11ns_17ns_21_4_1_U599/graphsage_int8_po2_ama_addmuladd_9s_8s_11ns_17ns_21_4_1_DSP48_0_U/p_reg_reg.
DSP Report: register ama_addmuladd_9s_8s_11ns_17ns_21_4_1_U616/graphsage_int8_po2_ama_addmuladd_9s_8s_11ns_17ns_21_4_1_DSP48_0_U/b_reg_reg is absorbed into DSP ama_addmuladd_9s_8s_11ns_17ns_21_4_1_U599/graphsage_int8_po2_ama_addmuladd_9s_8s_11ns_17ns_21_4_1_DSP48_0_U/p_reg_reg.
DSP Report: register ama_addmuladd_9s_8s_11ns_17ns_21_4_1_U599/graphsage_int8_po2_ama_addmuladd_9s_8s_11ns_17ns_21_4_1_DSP48_0_U/p_reg_reg is absorbed into DSP ama_addmuladd_9s_8s_11ns_17ns_21_4_1_U599/graphsage_int8_po2_ama_addmuladd_9s_8s_11ns_17ns_21_4_1_DSP48_0_U/p_reg_reg.
DSP Report: register ama_addmuladd_9s_8s_11ns_17ns_21_4_1_U599/graphsage_int8_po2_ama_addmuladd_9s_8s_11ns_17ns_21_4_1_DSP48_0_U/m_reg_reg is absorbed into DSP ama_addmuladd_9s_8s_11ns_17ns_21_4_1_U599/graphsage_int8_po2_ama_addmuladd_9s_8s_11ns_17ns_21_4_1_DSP48_0_U/p_reg_reg.
DSP Report: register ama_addmuladd_9s_8s_11ns_17ns_21_4_1_U599/graphsage_int8_po2_ama_addmuladd_9s_8s_11ns_17ns_21_4_1_DSP48_0_U/ad_reg_reg is absorbed into DSP ama_addmuladd_9s_8s_11ns_17ns_21_4_1_U599/graphsage_int8_po2_ama_addmuladd_9s_8s_11ns_17ns_21_4_1_DSP48_0_U/p_reg_reg.
DSP Report: operator ama_addmuladd_9s_8s_11ns_17ns_21_4_1_U599/graphsage_int8_po2_ama_addmuladd_9s_8s_11ns_17ns_21_4_1_DSP48_0_U/p is absorbed into DSP ama_addmuladd_9s_8s_11ns_17ns_21_4_1_U599/graphsage_int8_po2_ama_addmuladd_9s_8s_11ns_17ns_21_4_1_DSP48_0_U/p_reg_reg.
DSP Report: operator ama_addmuladd_9s_8s_11ns_17ns_21_4_1_U599/graphsage_int8_po2_ama_addmuladd_9s_8s_11ns_17ns_21_4_1_DSP48_0_U/m is absorbed into DSP ama_addmuladd_9s_8s_11ns_17ns_21_4_1_U599/graphsage_int8_po2_ama_addmuladd_9s_8s_11ns_17ns_21_4_1_DSP48_0_U/p_reg_reg.
DSP Report: operator ama_addmuladd_9s_8s_11ns_17ns_21_4_1_U599/graphsage_int8_po2_ama_addmuladd_9s_8s_11ns_17ns_21_4_1_DSP48_0_U/ad is absorbed into DSP ama_addmuladd_9s_8s_11ns_17ns_21_4_1_U599/graphsage_int8_po2_ama_addmuladd_9s_8s_11ns_17ns_21_4_1_DSP48_0_U/p_reg_reg.
DSP Report: Generating DSP ama_addmuladd_9s_8s_11ns_17ns_21_4_1_U589/graphsage_int8_po2_ama_addmuladd_9s_8s_11ns_17ns_21_4_1_DSP48_0_U/p_reg_reg, operation Mode is: (C:0x10000)+((D'+A2)*(B:0x555)')'.
DSP Report: register registered_input_68_reg_22615_reg is absorbed into DSP ama_addmuladd_9s_8s_11ns_17ns_21_4_1_U589/graphsage_int8_po2_ama_addmuladd_9s_8s_11ns_17ns_21_4_1_DSP48_0_U/p_reg_reg.
DSP Report: register add_ln32_8_reg_22935_reg is absorbed into DSP ama_addmuladd_9s_8s_11ns_17ns_21_4_1_U589/graphsage_int8_po2_ama_addmuladd_9s_8s_11ns_17ns_21_4_1_DSP48_0_U/p_reg_reg.
DSP Report: register ama_addmuladd_9s_8s_11ns_17ns_21_4_1_U616/graphsage_int8_po2_ama_addmuladd_9s_8s_11ns_17ns_21_4_1_DSP48_0_U/b_reg_reg is absorbed into DSP ama_addmuladd_9s_8s_11ns_17ns_21_4_1_U589/graphsage_int8_po2_ama_addmuladd_9s_8s_11ns_17ns_21_4_1_DSP48_0_U/p_reg_reg.
DSP Report: register ama_addmuladd_9s_8s_11ns_17ns_21_4_1_U589/graphsage_int8_po2_ama_addmuladd_9s_8s_11ns_17ns_21_4_1_DSP48_0_U/p_reg_reg is absorbed into DSP ama_addmuladd_9s_8s_11ns_17ns_21_4_1_U589/graphsage_int8_po2_ama_addmuladd_9s_8s_11ns_17ns_21_4_1_DSP48_0_U/p_reg_reg.
DSP Report: register ama_addmuladd_9s_8s_11ns_17ns_21_4_1_U589/graphsage_int8_po2_ama_addmuladd_9s_8s_11ns_17ns_21_4_1_DSP48_0_U/m_reg_reg is absorbed into DSP ama_addmuladd_9s_8s_11ns_17ns_21_4_1_U589/graphsage_int8_po2_ama_addmuladd_9s_8s_11ns_17ns_21_4_1_DSP48_0_U/p_reg_reg.
DSP Report: register ama_addmuladd_9s_8s_11ns_17ns_21_4_1_U589/graphsage_int8_po2_ama_addmuladd_9s_8s_11ns_17ns_21_4_1_DSP48_0_U/ad_reg_reg is absorbed into DSP ama_addmuladd_9s_8s_11ns_17ns_21_4_1_U589/graphsage_int8_po2_ama_addmuladd_9s_8s_11ns_17ns_21_4_1_DSP48_0_U/p_reg_reg.
DSP Report: operator ama_addmuladd_9s_8s_11ns_17ns_21_4_1_U589/graphsage_int8_po2_ama_addmuladd_9s_8s_11ns_17ns_21_4_1_DSP48_0_U/p is absorbed into DSP ama_addmuladd_9s_8s_11ns_17ns_21_4_1_U589/graphsage_int8_po2_ama_addmuladd_9s_8s_11ns_17ns_21_4_1_DSP48_0_U/p_reg_reg.
DSP Report: operator ama_addmuladd_9s_8s_11ns_17ns_21_4_1_U589/graphsage_int8_po2_ama_addmuladd_9s_8s_11ns_17ns_21_4_1_DSP48_0_U/m is absorbed into DSP ama_addmuladd_9s_8s_11ns_17ns_21_4_1_U589/graphsage_int8_po2_ama_addmuladd_9s_8s_11ns_17ns_21_4_1_DSP48_0_U/p_reg_reg.
DSP Report: operator ama_addmuladd_9s_8s_11ns_17ns_21_4_1_U589/graphsage_int8_po2_ama_addmuladd_9s_8s_11ns_17ns_21_4_1_DSP48_0_U/ad is absorbed into DSP ama_addmuladd_9s_8s_11ns_17ns_21_4_1_U589/graphsage_int8_po2_ama_addmuladd_9s_8s_11ns_17ns_21_4_1_DSP48_0_U/p_reg_reg.
DSP Report: Generating DSP ama_addmuladd_9s_8s_11ns_17ns_21_4_1_U615/graphsage_int8_po2_ama_addmuladd_9s_8s_11ns_17ns_21_4_1_DSP48_0_U/p_reg_reg, operation Mode is: (C:0x10000)+((D'+A2)*(B:0x555)')'.
DSP Report: register registered_input_110_reg_22745_reg is absorbed into DSP ama_addmuladd_9s_8s_11ns_17ns_21_4_1_U615/graphsage_int8_po2_ama_addmuladd_9s_8s_11ns_17ns_21_4_1_DSP48_0_U/p_reg_reg.
DSP Report: register neighbor_sum_43_reg_22905_reg is absorbed into DSP ama_addmuladd_9s_8s_11ns_17ns_21_4_1_U615/graphsage_int8_po2_ama_addmuladd_9s_8s_11ns_17ns_21_4_1_DSP48_0_U/p_reg_reg.
DSP Report: register ama_addmuladd_9s_8s_11ns_17ns_21_4_1_U616/graphsage_int8_po2_ama_addmuladd_9s_8s_11ns_17ns_21_4_1_DSP48_0_U/b_reg_reg is absorbed into DSP ama_addmuladd_9s_8s_11ns_17ns_21_4_1_U615/graphsage_int8_po2_ama_addmuladd_9s_8s_11ns_17ns_21_4_1_DSP48_0_U/p_reg_reg.
DSP Report: register ama_addmuladd_9s_8s_11ns_17ns_21_4_1_U615/graphsage_int8_po2_ama_addmuladd_9s_8s_11ns_17ns_21_4_1_DSP48_0_U/p_reg_reg is absorbed into DSP ama_addmuladd_9s_8s_11ns_17ns_21_4_1_U615/graphsage_int8_po2_ama_addmuladd_9s_8s_11ns_17ns_21_4_1_DSP48_0_U/p_reg_reg.
DSP Report: register ama_addmuladd_9s_8s_11ns_17ns_21_4_1_U615/graphsage_int8_po2_ama_addmuladd_9s_8s_11ns_17ns_21_4_1_DSP48_0_U/m_reg_reg is absorbed into DSP ama_addmuladd_9s_8s_11ns_17ns_21_4_1_U615/graphsage_int8_po2_ama_addmuladd_9s_8s_11ns_17ns_21_4_1_DSP48_0_U/p_reg_reg.
DSP Report: register ama_addmuladd_9s_8s_11ns_17ns_21_4_1_U615/graphsage_int8_po2_ama_addmuladd_9s_8s_11ns_17ns_21_4_1_DSP48_0_U/ad_reg_reg is absorbed into DSP ama_addmuladd_9s_8s_11ns_17ns_21_4_1_U615/graphsage_int8_po2_ama_addmuladd_9s_8s_11ns_17ns_21_4_1_DSP48_0_U/p_reg_reg.
DSP Report: operator ama_addmuladd_9s_8s_11ns_17ns_21_4_1_U615/graphsage_int8_po2_ama_addmuladd_9s_8s_11ns_17ns_21_4_1_DSP48_0_U/p is absorbed into DSP ama_addmuladd_9s_8s_11ns_17ns_21_4_1_U615/graphsage_int8_po2_ama_addmuladd_9s_8s_11ns_17ns_21_4_1_DSP48_0_U/p_reg_reg.
DSP Report: operator ama_addmuladd_9s_8s_11ns_17ns_21_4_1_U615/graphsage_int8_po2_ama_addmuladd_9s_8s_11ns_17ns_21_4_1_DSP48_0_U/m is absorbed into DSP ama_addmuladd_9s_8s_11ns_17ns_21_4_1_U615/graphsage_int8_po2_ama_addmuladd_9s_8s_11ns_17ns_21_4_1_DSP48_0_U/p_reg_reg.
DSP Report: operator ama_addmuladd_9s_8s_11ns_17ns_21_4_1_U615/graphsage_int8_po2_ama_addmuladd_9s_8s_11ns_17ns_21_4_1_DSP48_0_U/ad is absorbed into DSP ama_addmuladd_9s_8s_11ns_17ns_21_4_1_U615/graphsage_int8_po2_ama_addmuladd_9s_8s_11ns_17ns_21_4_1_DSP48_0_U/p_reg_reg.
DSP Report: Generating DSP ama_addmuladd_9s_8s_11ns_17ns_21_4_1_U611/graphsage_int8_po2_ama_addmuladd_9s_8s_11ns_17ns_21_4_1_DSP48_0_U/p_reg_reg, operation Mode is: (C:0x10000)+((D'+A2)*(B:0x555)')'.
DSP Report: register registered_input_106_reg_22725_reg is absorbed into DSP ama_addmuladd_9s_8s_11ns_17ns_21_4_1_U611/graphsage_int8_po2_ama_addmuladd_9s_8s_11ns_17ns_21_4_1_DSP48_0_U/p_reg_reg.
DSP Report: register neighbor_sum_31_reg_22885_reg is absorbed into DSP ama_addmuladd_9s_8s_11ns_17ns_21_4_1_U611/graphsage_int8_po2_ama_addmuladd_9s_8s_11ns_17ns_21_4_1_DSP48_0_U/p_reg_reg.
DSP Report: register ama_addmuladd_9s_8s_11ns_17ns_21_4_1_U616/graphsage_int8_po2_ama_addmuladd_9s_8s_11ns_17ns_21_4_1_DSP48_0_U/b_reg_reg is absorbed into DSP ama_addmuladd_9s_8s_11ns_17ns_21_4_1_U611/graphsage_int8_po2_ama_addmuladd_9s_8s_11ns_17ns_21_4_1_DSP48_0_U/p_reg_reg.
DSP Report: register ama_addmuladd_9s_8s_11ns_17ns_21_4_1_U611/graphsage_int8_po2_ama_addmuladd_9s_8s_11ns_17ns_21_4_1_DSP48_0_U/p_reg_reg is absorbed into DSP ama_addmuladd_9s_8s_11ns_17ns_21_4_1_U611/graphsage_int8_po2_ama_addmuladd_9s_8s_11ns_17ns_21_4_1_DSP48_0_U/p_reg_reg.
DSP Report: register ama_addmuladd_9s_8s_11ns_17ns_21_4_1_U611/graphsage_int8_po2_ama_addmuladd_9s_8s_11ns_17ns_21_4_1_DSP48_0_U/m_reg_reg is absorbed into DSP ama_addmuladd_9s_8s_11ns_17ns_21_4_1_U611/graphsage_int8_po2_ama_addmuladd_9s_8s_11ns_17ns_21_4_1_DSP48_0_U/p_reg_reg.
DSP Report: register ama_addmuladd_9s_8s_11ns_17ns_21_4_1_U611/graphsage_int8_po2_ama_addmuladd_9s_8s_11ns_17ns_21_4_1_DSP48_0_U/ad_reg_reg is absorbed into DSP ama_addmuladd_9s_8s_11ns_17ns_21_4_1_U611/graphsage_int8_po2_ama_addmuladd_9s_8s_11ns_17ns_21_4_1_DSP48_0_U/p_reg_reg.
DSP Report: operator ama_addmuladd_9s_8s_11ns_17ns_21_4_1_U611/graphsage_int8_po2_ama_addmuladd_9s_8s_11ns_17ns_21_4_1_DSP48_0_U/p is absorbed into DSP ama_addmuladd_9s_8s_11ns_17ns_21_4_1_U611/graphsage_int8_po2_ama_addmuladd_9s_8s_11ns_17ns_21_4_1_DSP48_0_U/p_reg_reg.
DSP Report: operator ama_addmuladd_9s_8s_11ns_17ns_21_4_1_U611/graphsage_int8_po2_ama_addmuladd_9s_8s_11ns_17ns_21_4_1_DSP48_0_U/m is absorbed into DSP ama_addmuladd_9s_8s_11ns_17ns_21_4_1_U611/graphsage_int8_po2_ama_addmuladd_9s_8s_11ns_17ns_21_4_1_DSP48_0_U/p_reg_reg.
DSP Report: operator ama_addmuladd_9s_8s_11ns_17ns_21_4_1_U611/graphsage_int8_po2_ama_addmuladd_9s_8s_11ns_17ns_21_4_1_DSP48_0_U/ad is absorbed into DSP ama_addmuladd_9s_8s_11ns_17ns_21_4_1_U611/graphsage_int8_po2_ama_addmuladd_9s_8s_11ns_17ns_21_4_1_DSP48_0_U/p_reg_reg.
DSP Report: Generating DSP ama_addmuladd_9s_8s_11ns_17ns_21_4_1_U610/graphsage_int8_po2_ama_addmuladd_9s_8s_11ns_17ns_21_4_1_DSP48_0_U/p_reg_reg, operation Mode is: (C:0x10000)+((D'+A2)*(B:0x555)')'.
DSP Report: register registered_input_105_reg_22720_reg is absorbed into DSP ama_addmuladd_9s_8s_11ns_17ns_21_4_1_U610/graphsage_int8_po2_ama_addmuladd_9s_8s_11ns_17ns_21_4_1_DSP48_0_U/p_reg_reg.
DSP Report: register neighbor_sum_28_reg_22880_reg is absorbed into DSP ama_addmuladd_9s_8s_11ns_17ns_21_4_1_U610/graphsage_int8_po2_ama_addmuladd_9s_8s_11ns_17ns_21_4_1_DSP48_0_U/p_reg_reg.
DSP Report: register ama_addmuladd_9s_8s_11ns_17ns_21_4_1_U616/graphsage_int8_po2_ama_addmuladd_9s_8s_11ns_17ns_21_4_1_DSP48_0_U/b_reg_reg is absorbed into DSP ama_addmuladd_9s_8s_11ns_17ns_21_4_1_U610/graphsage_int8_po2_ama_addmuladd_9s_8s_11ns_17ns_21_4_1_DSP48_0_U/p_reg_reg.
DSP Report: register ama_addmuladd_9s_8s_11ns_17ns_21_4_1_U610/graphsage_int8_po2_ama_addmuladd_9s_8s_11ns_17ns_21_4_1_DSP48_0_U/p_reg_reg is absorbed into DSP ama_addmuladd_9s_8s_11ns_17ns_21_4_1_U610/graphsage_int8_po2_ama_addmuladd_9s_8s_11ns_17ns_21_4_1_DSP48_0_U/p_reg_reg.
DSP Report: register ama_addmuladd_9s_8s_11ns_17ns_21_4_1_U610/graphsage_int8_po2_ama_addmuladd_9s_8s_11ns_17ns_21_4_1_DSP48_0_U/m_reg_reg is absorbed into DSP ama_addmuladd_9s_8s_11ns_17ns_21_4_1_U610/graphsage_int8_po2_ama_addmuladd_9s_8s_11ns_17ns_21_4_1_DSP48_0_U/p_reg_reg.
DSP Report: register ama_addmuladd_9s_8s_11ns_17ns_21_4_1_U610/graphsage_int8_po2_ama_addmuladd_9s_8s_11ns_17ns_21_4_1_DSP48_0_U/ad_reg_reg is absorbed into DSP ama_addmuladd_9s_8s_11ns_17ns_21_4_1_U610/graphsage_int8_po2_ama_addmuladd_9s_8s_11ns_17ns_21_4_1_DSP48_0_U/p_reg_reg.
DSP Report: operator ama_addmuladd_9s_8s_11ns_17ns_21_4_1_U610/graphsage_int8_po2_ama_addmuladd_9s_8s_11ns_17ns_21_4_1_DSP48_0_U/p is absorbed into DSP ama_addmuladd_9s_8s_11ns_17ns_21_4_1_U610/graphsage_int8_po2_ama_addmuladd_9s_8s_11ns_17ns_21_4_1_DSP48_0_U/p_reg_reg.
DSP Report: operator ama_addmuladd_9s_8s_11ns_17ns_21_4_1_U610/graphsage_int8_po2_ama_addmuladd_9s_8s_11ns_17ns_21_4_1_DSP48_0_U/m is absorbed into DSP ama_addmuladd_9s_8s_11ns_17ns_21_4_1_U610/graphsage_int8_po2_ama_addmuladd_9s_8s_11ns_17ns_21_4_1_DSP48_0_U/p_reg_reg.
DSP Report: operator ama_addmuladd_9s_8s_11ns_17ns_21_4_1_U610/graphsage_int8_po2_ama_addmuladd_9s_8s_11ns_17ns_21_4_1_DSP48_0_U/ad is absorbed into DSP ama_addmuladd_9s_8s_11ns_17ns_21_4_1_U610/graphsage_int8_po2_ama_addmuladd_9s_8s_11ns_17ns_21_4_1_DSP48_0_U/p_reg_reg.
DSP Report: Generating DSP ama_addmuladd_9s_8s_11ns_17ns_21_4_1_U605/graphsage_int8_po2_ama_addmuladd_9s_8s_11ns_17ns_21_4_1_DSP48_0_U/p_reg_reg, operation Mode is: (C:0x10000)+((D'+A2)*(B:0x555)')'.
DSP Report: register registered_input_100_reg_22695_reg is absorbed into DSP ama_addmuladd_9s_8s_11ns_17ns_21_4_1_U605/graphsage_int8_po2_ama_addmuladd_9s_8s_11ns_17ns_21_4_1_DSP48_0_U/p_reg_reg.
DSP Report: register neighbor_sum_13_reg_22855_reg is absorbed into DSP ama_addmuladd_9s_8s_11ns_17ns_21_4_1_U605/graphsage_int8_po2_ama_addmuladd_9s_8s_11ns_17ns_21_4_1_DSP48_0_U/p_reg_reg.
DSP Report: register ama_addmuladd_9s_8s_11ns_17ns_21_4_1_U616/graphsage_int8_po2_ama_addmuladd_9s_8s_11ns_17ns_21_4_1_DSP48_0_U/b_reg_reg is absorbed into DSP ama_addmuladd_9s_8s_11ns_17ns_21_4_1_U605/graphsage_int8_po2_ama_addmuladd_9s_8s_11ns_17ns_21_4_1_DSP48_0_U/p_reg_reg.
DSP Report: register ama_addmuladd_9s_8s_11ns_17ns_21_4_1_U605/graphsage_int8_po2_ama_addmuladd_9s_8s_11ns_17ns_21_4_1_DSP48_0_U/p_reg_reg is absorbed into DSP ama_addmuladd_9s_8s_11ns_17ns_21_4_1_U605/graphsage_int8_po2_ama_addmuladd_9s_8s_11ns_17ns_21_4_1_DSP48_0_U/p_reg_reg.
DSP Report: register ama_addmuladd_9s_8s_11ns_17ns_21_4_1_U605/graphsage_int8_po2_ama_addmuladd_9s_8s_11ns_17ns_21_4_1_DSP48_0_U/m_reg_reg is absorbed into DSP ama_addmuladd_9s_8s_11ns_17ns_21_4_1_U605/graphsage_int8_po2_ama_addmuladd_9s_8s_11ns_17ns_21_4_1_DSP48_0_U/p_reg_reg.
DSP Report: register ama_addmuladd_9s_8s_11ns_17ns_21_4_1_U605/graphsage_int8_po2_ama_addmuladd_9s_8s_11ns_17ns_21_4_1_DSP48_0_U/ad_reg_reg is absorbed into DSP ama_addmuladd_9s_8s_11ns_17ns_21_4_1_U605/graphsage_int8_po2_ama_addmuladd_9s_8s_11ns_17ns_21_4_1_DSP48_0_U/p_reg_reg.
DSP Report: operator ama_addmuladd_9s_8s_11ns_17ns_21_4_1_U605/graphsage_int8_po2_ama_addmuladd_9s_8s_11ns_17ns_21_4_1_DSP48_0_U/p is absorbed into DSP ama_addmuladd_9s_8s_11ns_17ns_21_4_1_U605/graphsage_int8_po2_ama_addmuladd_9s_8s_11ns_17ns_21_4_1_DSP48_0_U/p_reg_reg.
DSP Report: operator ama_addmuladd_9s_8s_11ns_17ns_21_4_1_U605/graphsage_int8_po2_ama_addmuladd_9s_8s_11ns_17ns_21_4_1_DSP48_0_U/m is absorbed into DSP ama_addmuladd_9s_8s_11ns_17ns_21_4_1_U605/graphsage_int8_po2_ama_addmuladd_9s_8s_11ns_17ns_21_4_1_DSP48_0_U/p_reg_reg.
DSP Report: operator ama_addmuladd_9s_8s_11ns_17ns_21_4_1_U605/graphsage_int8_po2_ama_addmuladd_9s_8s_11ns_17ns_21_4_1_DSP48_0_U/ad is absorbed into DSP ama_addmuladd_9s_8s_11ns_17ns_21_4_1_U605/graphsage_int8_po2_ama_addmuladd_9s_8s_11ns_17ns_21_4_1_DSP48_0_U/p_reg_reg.
DSP Report: Generating DSP ama_addmuladd_9s_8s_11ns_17ns_21_4_1_U584/graphsage_int8_po2_ama_addmuladd_9s_8s_11ns_17ns_21_4_1_DSP48_0_U/p_reg_reg, operation Mode is: (C:0x10000)+((D'+A2)*(B:0x555)')'.
DSP Report: register registered_input_127_reg_22830_reg is absorbed into DSP ama_addmuladd_9s_8s_11ns_17ns_21_4_1_U584/graphsage_int8_po2_ama_addmuladd_9s_8s_11ns_17ns_21_4_1_DSP48_0_U/p_reg_reg.
DSP Report: register neighbor_sum_46_reg_22910_reg is absorbed into DSP ama_addmuladd_9s_8s_11ns_17ns_21_4_1_U584/graphsage_int8_po2_ama_addmuladd_9s_8s_11ns_17ns_21_4_1_DSP48_0_U/p_reg_reg.
DSP Report: register ama_addmuladd_9s_8s_11ns_17ns_21_4_1_U616/graphsage_int8_po2_ama_addmuladd_9s_8s_11ns_17ns_21_4_1_DSP48_0_U/b_reg_reg is absorbed into DSP ama_addmuladd_9s_8s_11ns_17ns_21_4_1_U584/graphsage_int8_po2_ama_addmuladd_9s_8s_11ns_17ns_21_4_1_DSP48_0_U/p_reg_reg.
DSP Report: register ama_addmuladd_9s_8s_11ns_17ns_21_4_1_U584/graphsage_int8_po2_ama_addmuladd_9s_8s_11ns_17ns_21_4_1_DSP48_0_U/p_reg_reg is absorbed into DSP ama_addmuladd_9s_8s_11ns_17ns_21_4_1_U584/graphsage_int8_po2_ama_addmuladd_9s_8s_11ns_17ns_21_4_1_DSP48_0_U/p_reg_reg.
DSP Report: register ama_addmuladd_9s_8s_11ns_17ns_21_4_1_U584/graphsage_int8_po2_ama_addmuladd_9s_8s_11ns_17ns_21_4_1_DSP48_0_U/m_reg_reg is absorbed into DSP ama_addmuladd_9s_8s_11ns_17ns_21_4_1_U584/graphsage_int8_po2_ama_addmuladd_9s_8s_11ns_17ns_21_4_1_DSP48_0_U/p_reg_reg.
DSP Report: register ama_addmuladd_9s_8s_11ns_17ns_21_4_1_U584/graphsage_int8_po2_ama_addmuladd_9s_8s_11ns_17ns_21_4_1_DSP48_0_U/ad_reg_reg is absorbed into DSP ama_addmuladd_9s_8s_11ns_17ns_21_4_1_U584/graphsage_int8_po2_ama_addmuladd_9s_8s_11ns_17ns_21_4_1_DSP48_0_U/p_reg_reg.
DSP Report: operator ama_addmuladd_9s_8s_11ns_17ns_21_4_1_U584/graphsage_int8_po2_ama_addmuladd_9s_8s_11ns_17ns_21_4_1_DSP48_0_U/p is absorbed into DSP ama_addmuladd_9s_8s_11ns_17ns_21_4_1_U584/graphsage_int8_po2_ama_addmuladd_9s_8s_11ns_17ns_21_4_1_DSP48_0_U/p_reg_reg.
DSP Report: operator ama_addmuladd_9s_8s_11ns_17ns_21_4_1_U584/graphsage_int8_po2_ama_addmuladd_9s_8s_11ns_17ns_21_4_1_DSP48_0_U/m is absorbed into DSP ama_addmuladd_9s_8s_11ns_17ns_21_4_1_U584/graphsage_int8_po2_ama_addmuladd_9s_8s_11ns_17ns_21_4_1_DSP48_0_U/p_reg_reg.
DSP Report: operator ama_addmuladd_9s_8s_11ns_17ns_21_4_1_U584/graphsage_int8_po2_ama_addmuladd_9s_8s_11ns_17ns_21_4_1_DSP48_0_U/ad is absorbed into DSP ama_addmuladd_9s_8s_11ns_17ns_21_4_1_U584/graphsage_int8_po2_ama_addmuladd_9s_8s_11ns_17ns_21_4_1_DSP48_0_U/p_reg_reg.
DSP Report: Generating DSP ama_addmuladd_9s_8s_11ns_17ns_21_4_1_U578/graphsage_int8_po2_ama_addmuladd_9s_8s_11ns_17ns_21_4_1_DSP48_0_U/p_reg_reg, operation Mode is: (C:0x10000)+((D'+A2)*(B:0x555)')'.
DSP Report: register neighbor_sum_28_reg_22880_reg is absorbed into DSP ama_addmuladd_9s_8s_11ns_17ns_21_4_1_U578/graphsage_int8_po2_ama_addmuladd_9s_8s_11ns_17ns_21_4_1_DSP48_0_U/p_reg_reg.
DSP Report: register registered_input_121_reg_22800_reg is absorbed into DSP ama_addmuladd_9s_8s_11ns_17ns_21_4_1_U578/graphsage_int8_po2_ama_addmuladd_9s_8s_11ns_17ns_21_4_1_DSP48_0_U/p_reg_reg.
DSP Report: register ama_addmuladd_9s_8s_11ns_17ns_21_4_1_U616/graphsage_int8_po2_ama_addmuladd_9s_8s_11ns_17ns_21_4_1_DSP48_0_U/b_reg_reg is absorbed into DSP ama_addmuladd_9s_8s_11ns_17ns_21_4_1_U578/graphsage_int8_po2_ama_addmuladd_9s_8s_11ns_17ns_21_4_1_DSP48_0_U/p_reg_reg.
DSP Report: register ama_addmuladd_9s_8s_11ns_17ns_21_4_1_U578/graphsage_int8_po2_ama_addmuladd_9s_8s_11ns_17ns_21_4_1_DSP48_0_U/p_reg_reg is absorbed into DSP ama_addmuladd_9s_8s_11ns_17ns_21_4_1_U578/graphsage_int8_po2_ama_addmuladd_9s_8s_11ns_17ns_21_4_1_DSP48_0_U/p_reg_reg.
DSP Report: register ama_addmuladd_9s_8s_11ns_17ns_21_4_1_U578/graphsage_int8_po2_ama_addmuladd_9s_8s_11ns_17ns_21_4_1_DSP48_0_U/m_reg_reg is absorbed into DSP ama_addmuladd_9s_8s_11ns_17ns_21_4_1_U578/graphsage_int8_po2_ama_addmuladd_9s_8s_11ns_17ns_21_4_1_DSP48_0_U/p_reg_reg.
DSP Report: register ama_addmuladd_9s_8s_11ns_17ns_21_4_1_U578/graphsage_int8_po2_ama_addmuladd_9s_8s_11ns_17ns_21_4_1_DSP48_0_U/ad_reg_reg is absorbed into DSP ama_addmuladd_9s_8s_11ns_17ns_21_4_1_U578/graphsage_int8_po2_ama_addmuladd_9s_8s_11ns_17ns_21_4_1_DSP48_0_U/p_reg_reg.
DSP Report: operator ama_addmuladd_9s_8s_11ns_17ns_21_4_1_U578/graphsage_int8_po2_ama_addmuladd_9s_8s_11ns_17ns_21_4_1_DSP48_0_U/p is absorbed into DSP ama_addmuladd_9s_8s_11ns_17ns_21_4_1_U578/graphsage_int8_po2_ama_addmuladd_9s_8s_11ns_17ns_21_4_1_DSP48_0_U/p_reg_reg.
DSP Report: operator ama_addmuladd_9s_8s_11ns_17ns_21_4_1_U578/graphsage_int8_po2_ama_addmuladd_9s_8s_11ns_17ns_21_4_1_DSP48_0_U/m is absorbed into DSP ama_addmuladd_9s_8s_11ns_17ns_21_4_1_U578/graphsage_int8_po2_ama_addmuladd_9s_8s_11ns_17ns_21_4_1_DSP48_0_U/p_reg_reg.
DSP Report: operator ama_addmuladd_9s_8s_11ns_17ns_21_4_1_U578/graphsage_int8_po2_ama_addmuladd_9s_8s_11ns_17ns_21_4_1_DSP48_0_U/ad is absorbed into DSP ama_addmuladd_9s_8s_11ns_17ns_21_4_1_U578/graphsage_int8_po2_ama_addmuladd_9s_8s_11ns_17ns_21_4_1_DSP48_0_U/p_reg_reg.
DSP Report: Generating DSP ama_addmuladd_9s_8s_11ns_17ns_21_4_1_U579/graphsage_int8_po2_ama_addmuladd_9s_8s_11ns_17ns_21_4_1_DSP48_0_U/p_reg_reg, operation Mode is: (C:0x10000)+((D'+A2)*(B:0x555)')'.
DSP Report: register neighbor_sum_31_reg_22885_reg is absorbed into DSP ama_addmuladd_9s_8s_11ns_17ns_21_4_1_U579/graphsage_int8_po2_ama_addmuladd_9s_8s_11ns_17ns_21_4_1_DSP48_0_U/p_reg_reg.
DSP Report: register registered_input_122_reg_22805_reg is absorbed into DSP ama_addmuladd_9s_8s_11ns_17ns_21_4_1_U579/graphsage_int8_po2_ama_addmuladd_9s_8s_11ns_17ns_21_4_1_DSP48_0_U/p_reg_reg.
DSP Report: register ama_addmuladd_9s_8s_11ns_17ns_21_4_1_U616/graphsage_int8_po2_ama_addmuladd_9s_8s_11ns_17ns_21_4_1_DSP48_0_U/b_reg_reg is absorbed into DSP ama_addmuladd_9s_8s_11ns_17ns_21_4_1_U579/graphsage_int8_po2_ama_addmuladd_9s_8s_11ns_17ns_21_4_1_DSP48_0_U/p_reg_reg.
DSP Report: register ama_addmuladd_9s_8s_11ns_17ns_21_4_1_U579/graphsage_int8_po2_ama_addmuladd_9s_8s_11ns_17ns_21_4_1_DSP48_0_U/p_reg_reg is absorbed into DSP ama_addmuladd_9s_8s_11ns_17ns_21_4_1_U579/graphsage_int8_po2_ama_addmuladd_9s_8s_11ns_17ns_21_4_1_DSP48_0_U/p_reg_reg.
DSP Report: register ama_addmuladd_9s_8s_11ns_17ns_21_4_1_U579/graphsage_int8_po2_ama_addmuladd_9s_8s_11ns_17ns_21_4_1_DSP48_0_U/m_reg_reg is absorbed into DSP ama_addmuladd_9s_8s_11ns_17ns_21_4_1_U579/graphsage_int8_po2_ama_addmuladd_9s_8s_11ns_17ns_21_4_1_DSP48_0_U/p_reg_reg.
DSP Report: register ama_addmuladd_9s_8s_11ns_17ns_21_4_1_U579/graphsage_int8_po2_ama_addmuladd_9s_8s_11ns_17ns_21_4_1_DSP48_0_U/ad_reg_reg is absorbed into DSP ama_addmuladd_9s_8s_11ns_17ns_21_4_1_U579/graphsage_int8_po2_ama_addmuladd_9s_8s_11ns_17ns_21_4_1_DSP48_0_U/p_reg_reg.
DSP Report: operator ama_addmuladd_9s_8s_11ns_17ns_21_4_1_U579/graphsage_int8_po2_ama_addmuladd_9s_8s_11ns_17ns_21_4_1_DSP48_0_U/p is absorbed into DSP ama_addmuladd_9s_8s_11ns_17ns_21_4_1_U579/graphsage_int8_po2_ama_addmuladd_9s_8s_11ns_17ns_21_4_1_DSP48_0_U/p_reg_reg.
DSP Report: operator ama_addmuladd_9s_8s_11ns_17ns_21_4_1_U579/graphsage_int8_po2_ama_addmuladd_9s_8s_11ns_17ns_21_4_1_DSP48_0_U/m is absorbed into DSP ama_addmuladd_9s_8s_11ns_17ns_21_4_1_U579/graphsage_int8_po2_ama_addmuladd_9s_8s_11ns_17ns_21_4_1_DSP48_0_U/p_reg_reg.
DSP Report: operator ama_addmuladd_9s_8s_11ns_17ns_21_4_1_U579/graphsage_int8_po2_ama_addmuladd_9s_8s_11ns_17ns_21_4_1_DSP48_0_U/ad is absorbed into DSP ama_addmuladd_9s_8s_11ns_17ns_21_4_1_U579/graphsage_int8_po2_ama_addmuladd_9s_8s_11ns_17ns_21_4_1_DSP48_0_U/p_reg_reg.
DSP Report: Generating DSP ama_addmuladd_9s_8s_11ns_17ns_21_4_1_U583/graphsage_int8_po2_ama_addmuladd_9s_8s_11ns_17ns_21_4_1_DSP48_0_U/p_reg_reg, operation Mode is: (C:0x10000)+((D'+A2)*(B:0x555)')'.
DSP Report: register neighbor_sum_43_reg_22905_reg is absorbed into DSP ama_addmuladd_9s_8s_11ns_17ns_21_4_1_U583/graphsage_int8_po2_ama_addmuladd_9s_8s_11ns_17ns_21_4_1_DSP48_0_U/p_reg_reg.
DSP Report: register registered_input_126_reg_22825_reg is absorbed into DSP ama_addmuladd_9s_8s_11ns_17ns_21_4_1_U583/graphsage_int8_po2_ama_addmuladd_9s_8s_11ns_17ns_21_4_1_DSP48_0_U/p_reg_reg.
DSP Report: register ama_addmuladd_9s_8s_11ns_17ns_21_4_1_U616/graphsage_int8_po2_ama_addmuladd_9s_8s_11ns_17ns_21_4_1_DSP48_0_U/b_reg_reg is absorbed into DSP ama_addmuladd_9s_8s_11ns_17ns_21_4_1_U583/graphsage_int8_po2_ama_addmuladd_9s_8s_11ns_17ns_21_4_1_DSP48_0_U/p_reg_reg.
DSP Report: register ama_addmuladd_9s_8s_11ns_17ns_21_4_1_U583/graphsage_int8_po2_ama_addmuladd_9s_8s_11ns_17ns_21_4_1_DSP48_0_U/p_reg_reg is absorbed into DSP ama_addmuladd_9s_8s_11ns_17ns_21_4_1_U583/graphsage_int8_po2_ama_addmuladd_9s_8s_11ns_17ns_21_4_1_DSP48_0_U/p_reg_reg.
DSP Report: register ama_addmuladd_9s_8s_11ns_17ns_21_4_1_U583/graphsage_int8_po2_ama_addmuladd_9s_8s_11ns_17ns_21_4_1_DSP48_0_U/m_reg_reg is absorbed into DSP ama_addmuladd_9s_8s_11ns_17ns_21_4_1_U583/graphsage_int8_po2_ama_addmuladd_9s_8s_11ns_17ns_21_4_1_DSP48_0_U/p_reg_reg.
DSP Report: register ama_addmuladd_9s_8s_11ns_17ns_21_4_1_U583/graphsage_int8_po2_ama_addmuladd_9s_8s_11ns_17ns_21_4_1_DSP48_0_U/ad_reg_reg is absorbed into DSP ama_addmuladd_9s_8s_11ns_17ns_21_4_1_U583/graphsage_int8_po2_ama_addmuladd_9s_8s_11ns_17ns_21_4_1_DSP48_0_U/p_reg_reg.
DSP Report: operator ama_addmuladd_9s_8s_11ns_17ns_21_4_1_U583/graphsage_int8_po2_ama_addmuladd_9s_8s_11ns_17ns_21_4_1_DSP48_0_U/p is absorbed into DSP ama_addmuladd_9s_8s_11ns_17ns_21_4_1_U583/graphsage_int8_po2_ama_addmuladd_9s_8s_11ns_17ns_21_4_1_DSP48_0_U/p_reg_reg.
DSP Report: operator ama_addmuladd_9s_8s_11ns_17ns_21_4_1_U583/graphsage_int8_po2_ama_addmuladd_9s_8s_11ns_17ns_21_4_1_DSP48_0_U/m is absorbed into DSP ama_addmuladd_9s_8s_11ns_17ns_21_4_1_U583/graphsage_int8_po2_ama_addmuladd_9s_8s_11ns_17ns_21_4_1_DSP48_0_U/p_reg_reg.
DSP Report: operator ama_addmuladd_9s_8s_11ns_17ns_21_4_1_U583/graphsage_int8_po2_ama_addmuladd_9s_8s_11ns_17ns_21_4_1_DSP48_0_U/ad is absorbed into DSP ama_addmuladd_9s_8s_11ns_17ns_21_4_1_U583/graphsage_int8_po2_ama_addmuladd_9s_8s_11ns_17ns_21_4_1_DSP48_0_U/p_reg_reg.
DSP Report: Generating DSP ama_addmuladd_9s_8s_11ns_17ns_21_4_1_U573/graphsage_int8_po2_ama_addmuladd_9s_8s_11ns_17ns_21_4_1_DSP48_0_U/p_reg_reg, operation Mode is: (C:0x10000)+((D'+A2)*(B:0x555)')'.
DSP Report: register neighbor_sum_13_reg_22855_reg is absorbed into DSP ama_addmuladd_9s_8s_11ns_17ns_21_4_1_U573/graphsage_int8_po2_ama_addmuladd_9s_8s_11ns_17ns_21_4_1_DSP48_0_U/p_reg_reg.
DSP Report: register registered_input_116_reg_22775_reg is absorbed into DSP ama_addmuladd_9s_8s_11ns_17ns_21_4_1_U573/graphsage_int8_po2_ama_addmuladd_9s_8s_11ns_17ns_21_4_1_DSP48_0_U/p_reg_reg.
DSP Report: register ama_addmuladd_9s_8s_11ns_17ns_21_4_1_U616/graphsage_int8_po2_ama_addmuladd_9s_8s_11ns_17ns_21_4_1_DSP48_0_U/b_reg_reg is absorbed into DSP ama_addmuladd_9s_8s_11ns_17ns_21_4_1_U573/graphsage_int8_po2_ama_addmuladd_9s_8s_11ns_17ns_21_4_1_DSP48_0_U/p_reg_reg.
DSP Report: register ama_addmuladd_9s_8s_11ns_17ns_21_4_1_U573/graphsage_int8_po2_ama_addmuladd_9s_8s_11ns_17ns_21_4_1_DSP48_0_U/p_reg_reg is absorbed into DSP ama_addmuladd_9s_8s_11ns_17ns_21_4_1_U573/graphsage_int8_po2_ama_addmuladd_9s_8s_11ns_17ns_21_4_1_DSP48_0_U/p_reg_reg.
DSP Report: register ama_addmuladd_9s_8s_11ns_17ns_21_4_1_U573/graphsage_int8_po2_ama_addmuladd_9s_8s_11ns_17ns_21_4_1_DSP48_0_U/m_reg_reg is absorbed into DSP ama_addmuladd_9s_8s_11ns_17ns_21_4_1_U573/graphsage_int8_po2_ama_addmuladd_9s_8s_11ns_17ns_21_4_1_DSP48_0_U/p_reg_reg.
DSP Report: register ama_addmuladd_9s_8s_11ns_17ns_21_4_1_U573/graphsage_int8_po2_ama_addmuladd_9s_8s_11ns_17ns_21_4_1_DSP48_0_U/ad_reg_reg is absorbed into DSP ama_addmuladd_9s_8s_11ns_17ns_21_4_1_U573/graphsage_int8_po2_ama_addmuladd_9s_8s_11ns_17ns_21_4_1_DSP48_0_U/p_reg_reg.
DSP Report: operator ama_addmuladd_9s_8s_11ns_17ns_21_4_1_U573/graphsage_int8_po2_ama_addmuladd_9s_8s_11ns_17ns_21_4_1_DSP48_0_U/p is absorbed into DSP ama_addmuladd_9s_8s_11ns_17ns_21_4_1_U573/graphsage_int8_po2_ama_addmuladd_9s_8s_11ns_17ns_21_4_1_DSP48_0_U/p_reg_reg.
DSP Report: operator ama_addmuladd_9s_8s_11ns_17ns_21_4_1_U573/graphsage_int8_po2_ama_addmuladd_9s_8s_11ns_17ns_21_4_1_DSP48_0_U/m is absorbed into DSP ama_addmuladd_9s_8s_11ns_17ns_21_4_1_U573/graphsage_int8_po2_ama_addmuladd_9s_8s_11ns_17ns_21_4_1_DSP48_0_U/p_reg_reg.
DSP Report: operator ama_addmuladd_9s_8s_11ns_17ns_21_4_1_U573/graphsage_int8_po2_ama_addmuladd_9s_8s_11ns_17ns_21_4_1_DSP48_0_U/ad is absorbed into DSP ama_addmuladd_9s_8s_11ns_17ns_21_4_1_U573/graphsage_int8_po2_ama_addmuladd_9s_8s_11ns_17ns_21_4_1_DSP48_0_U/p_reg_reg.
DSP Report: Generating DSP ama_addmuladd_9s_8s_11ns_17ns_21_4_1_U587/graphsage_int8_po2_ama_addmuladd_9s_8s_11ns_17ns_21_4_1_DSP48_0_U/p_reg_reg, operation Mode is: (C:0x10000)+((D'+A2)*(B:0x555)')'.
DSP Report: register registered_input_66_reg_22605_reg is absorbed into DSP ama_addmuladd_9s_8s_11ns_17ns_21_4_1_U587/graphsage_int8_po2_ama_addmuladd_9s_8s_11ns_17ns_21_4_1_DSP48_0_U/p_reg_reg.
DSP Report: register add_ln32_4_reg_22925_reg is absorbed into DSP ama_addmuladd_9s_8s_11ns_17ns_21_4_1_U587/graphsage_int8_po2_ama_addmuladd_9s_8s_11ns_17ns_21_4_1_DSP48_0_U/p_reg_reg.
DSP Report: register ama_addmuladd_9s_8s_11ns_17ns_21_4_1_U616/graphsage_int8_po2_ama_addmuladd_9s_8s_11ns_17ns_21_4_1_DSP48_0_U/b_reg_reg is absorbed into DSP ama_addmuladd_9s_8s_11ns_17ns_21_4_1_U587/graphsage_int8_po2_ama_addmuladd_9s_8s_11ns_17ns_21_4_1_DSP48_0_U/p_reg_reg.
DSP Report: register ama_addmuladd_9s_8s_11ns_17ns_21_4_1_U587/graphsage_int8_po2_ama_addmuladd_9s_8s_11ns_17ns_21_4_1_DSP48_0_U/p_reg_reg is absorbed into DSP ama_addmuladd_9s_8s_11ns_17ns_21_4_1_U587/graphsage_int8_po2_ama_addmuladd_9s_8s_11ns_17ns_21_4_1_DSP48_0_U/p_reg_reg.
DSP Report: register ama_addmuladd_9s_8s_11ns_17ns_21_4_1_U587/graphsage_int8_po2_ama_addmuladd_9s_8s_11ns_17ns_21_4_1_DSP48_0_U/m_reg_reg is absorbed into DSP ama_addmuladd_9s_8s_11ns_17ns_21_4_1_U587/graphsage_int8_po2_ama_addmuladd_9s_8s_11ns_17ns_21_4_1_DSP48_0_U/p_reg_reg.
DSP Report: register ama_addmuladd_9s_8s_11ns_17ns_21_4_1_U587/graphsage_int8_po2_ama_addmuladd_9s_8s_11ns_17ns_21_4_1_DSP48_0_U/ad_reg_reg is absorbed into DSP ama_addmuladd_9s_8s_11ns_17ns_21_4_1_U587/graphsage_int8_po2_ama_addmuladd_9s_8s_11ns_17ns_21_4_1_DSP48_0_U/p_reg_reg.
DSP Report: operator ama_addmuladd_9s_8s_11ns_17ns_21_4_1_U587/graphsage_int8_po2_ama_addmuladd_9s_8s_11ns_17ns_21_4_1_DSP48_0_U/p is absorbed into DSP ama_addmuladd_9s_8s_11ns_17ns_21_4_1_U587/graphsage_int8_po2_ama_addmuladd_9s_8s_11ns_17ns_21_4_1_DSP48_0_U/p_reg_reg.
DSP Report: operator ama_addmuladd_9s_8s_11ns_17ns_21_4_1_U587/graphsage_int8_po2_ama_addmuladd_9s_8s_11ns_17ns_21_4_1_DSP48_0_U/m is absorbed into DSP ama_addmuladd_9s_8s_11ns_17ns_21_4_1_U587/graphsage_int8_po2_ama_addmuladd_9s_8s_11ns_17ns_21_4_1_DSP48_0_U/p_reg_reg.
DSP Report: operator ama_addmuladd_9s_8s_11ns_17ns_21_4_1_U587/graphsage_int8_po2_ama_addmuladd_9s_8s_11ns_17ns_21_4_1_DSP48_0_U/ad is absorbed into DSP ama_addmuladd_9s_8s_11ns_17ns_21_4_1_U587/graphsage_int8_po2_ama_addmuladd_9s_8s_11ns_17ns_21_4_1_DSP48_0_U/p_reg_reg.
DSP Report: Generating DSP ama_addmuladd_9s_8s_11ns_17ns_21_4_1_U616/graphsage_int8_po2_ama_addmuladd_9s_8s_11ns_17ns_21_4_1_DSP48_0_U/p_reg_reg, operation Mode is: (C:0x10000)+((D'+A2)*(B:0x555)')'.
DSP Report: register neighbor_sum_46_reg_22910_reg is absorbed into DSP ama_addmuladd_9s_8s_11ns_17ns_21_4_1_U616/graphsage_int8_po2_ama_addmuladd_9s_8s_11ns_17ns_21_4_1_DSP48_0_U/p_reg_reg.
DSP Report: register registered_input_111_reg_22750_reg is absorbed into DSP ama_addmuladd_9s_8s_11ns_17ns_21_4_1_U616/graphsage_int8_po2_ama_addmuladd_9s_8s_11ns_17ns_21_4_1_DSP48_0_U/p_reg_reg.
DSP Report: register ama_addmuladd_9s_8s_11ns_17ns_21_4_1_U616/graphsage_int8_po2_ama_addmuladd_9s_8s_11ns_17ns_21_4_1_DSP48_0_U/b_reg_reg is absorbed into DSP ama_addmuladd_9s_8s_11ns_17ns_21_4_1_U616/graphsage_int8_po2_ama_addmuladd_9s_8s_11ns_17ns_21_4_1_DSP48_0_U/p_reg_reg.
DSP Report: register ama_addmuladd_9s_8s_11ns_17ns_21_4_1_U616/graphsage_int8_po2_ama_addmuladd_9s_8s_11ns_17ns_21_4_1_DSP48_0_U/p_reg_reg is absorbed into DSP ama_addmuladd_9s_8s_11ns_17ns_21_4_1_U616/graphsage_int8_po2_ama_addmuladd_9s_8s_11ns_17ns_21_4_1_DSP48_0_U/p_reg_reg.
DSP Report: register ama_addmuladd_9s_8s_11ns_17ns_21_4_1_U616/graphsage_int8_po2_ama_addmuladd_9s_8s_11ns_17ns_21_4_1_DSP48_0_U/m_reg_reg is absorbed into DSP ama_addmuladd_9s_8s_11ns_17ns_21_4_1_U616/graphsage_int8_po2_ama_addmuladd_9s_8s_11ns_17ns_21_4_1_DSP48_0_U/p_reg_reg.
DSP Report: register ama_addmuladd_9s_8s_11ns_17ns_21_4_1_U616/graphsage_int8_po2_ama_addmuladd_9s_8s_11ns_17ns_21_4_1_DSP48_0_U/ad_reg_reg is absorbed into DSP ama_addmuladd_9s_8s_11ns_17ns_21_4_1_U616/graphsage_int8_po2_ama_addmuladd_9s_8s_11ns_17ns_21_4_1_DSP48_0_U/p_reg_reg.
DSP Report: operator ama_addmuladd_9s_8s_11ns_17ns_21_4_1_U616/graphsage_int8_po2_ama_addmuladd_9s_8s_11ns_17ns_21_4_1_DSP48_0_U/p is absorbed into DSP ama_addmuladd_9s_8s_11ns_17ns_21_4_1_U616/graphsage_int8_po2_ama_addmuladd_9s_8s_11ns_17ns_21_4_1_DSP48_0_U/p_reg_reg.
DSP Report: operator ama_addmuladd_9s_8s_11ns_17ns_21_4_1_U616/graphsage_int8_po2_ama_addmuladd_9s_8s_11ns_17ns_21_4_1_DSP48_0_U/m is absorbed into DSP ama_addmuladd_9s_8s_11ns_17ns_21_4_1_U616/graphsage_int8_po2_ama_addmuladd_9s_8s_11ns_17ns_21_4_1_DSP48_0_U/p_reg_reg.
DSP Report: operator ama_addmuladd_9s_8s_11ns_17ns_21_4_1_U616/graphsage_int8_po2_ama_addmuladd_9s_8s_11ns_17ns_21_4_1_DSP48_0_U/ad is absorbed into DSP ama_addmuladd_9s_8s_11ns_17ns_21_4_1_U616/graphsage_int8_po2_ama_addmuladd_9s_8s_11ns_17ns_21_4_1_DSP48_0_U/p_reg_reg.
DSP Report: Generating DSP ama_addmuladd_9s_8s_11ns_17ns_21_4_1_U603/graphsage_int8_po2_ama_addmuladd_9s_8s_11ns_17ns_21_4_1_DSP48_0_U/p_reg_reg, operation Mode is: (C:0x10000)+((D'+A2)*(B:0x555)')'.
DSP Report: register registered_input_98_reg_22685_reg is absorbed into DSP ama_addmuladd_9s_8s_11ns_17ns_21_4_1_U603/graphsage_int8_po2_ama_addmuladd_9s_8s_11ns_17ns_21_4_1_DSP48_0_U/p_reg_reg.
DSP Report: register neighbor_sum_7_reg_22845_reg is absorbed into DSP ama_addmuladd_9s_8s_11ns_17ns_21_4_1_U603/graphsage_int8_po2_ama_addmuladd_9s_8s_11ns_17ns_21_4_1_DSP48_0_U/p_reg_reg.
DSP Report: register ama_addmuladd_9s_8s_11ns_17ns_21_4_1_U616/graphsage_int8_po2_ama_addmuladd_9s_8s_11ns_17ns_21_4_1_DSP48_0_U/b_reg_reg is absorbed into DSP ama_addmuladd_9s_8s_11ns_17ns_21_4_1_U603/graphsage_int8_po2_ama_addmuladd_9s_8s_11ns_17ns_21_4_1_DSP48_0_U/p_reg_reg.
DSP Report: register ama_addmuladd_9s_8s_11ns_17ns_21_4_1_U603/graphsage_int8_po2_ama_addmuladd_9s_8s_11ns_17ns_21_4_1_DSP48_0_U/p_reg_reg is absorbed into DSP ama_addmuladd_9s_8s_11ns_17ns_21_4_1_U603/graphsage_int8_po2_ama_addmuladd_9s_8s_11ns_17ns_21_4_1_DSP48_0_U/p_reg_reg.
DSP Report: register ama_addmuladd_9s_8s_11ns_17ns_21_4_1_U603/graphsage_int8_po2_ama_addmuladd_9s_8s_11ns_17ns_21_4_1_DSP48_0_U/m_reg_reg is absorbed into DSP ama_addmuladd_9s_8s_11ns_17ns_21_4_1_U603/graphsage_int8_po2_ama_addmuladd_9s_8s_11ns_17ns_21_4_1_DSP48_0_U/p_reg_reg.
DSP Report: register ama_addmuladd_9s_8s_11ns_17ns_21_4_1_U603/graphsage_int8_po2_ama_addmuladd_9s_8s_11ns_17ns_21_4_1_DSP48_0_U/ad_reg_reg is absorbed into DSP ama_addmuladd_9s_8s_11ns_17ns_21_4_1_U603/graphsage_int8_po2_ama_addmuladd_9s_8s_11ns_17ns_21_4_1_DSP48_0_U/p_reg_reg.
DSP Report: operator ama_addmuladd_9s_8s_11ns_17ns_21_4_1_U603/graphsage_int8_po2_ama_addmuladd_9s_8s_11ns_17ns_21_4_1_DSP48_0_U/p is absorbed into DSP ama_addmuladd_9s_8s_11ns_17ns_21_4_1_U603/graphsage_int8_po2_ama_addmuladd_9s_8s_11ns_17ns_21_4_1_DSP48_0_U/p_reg_reg.
DSP Report: operator ama_addmuladd_9s_8s_11ns_17ns_21_4_1_U603/graphsage_int8_po2_ama_addmuladd_9s_8s_11ns_17ns_21_4_1_DSP48_0_U/m is absorbed into DSP ama_addmuladd_9s_8s_11ns_17ns_21_4_1_U603/graphsage_int8_po2_ama_addmuladd_9s_8s_11ns_17ns_21_4_1_DSP48_0_U/p_reg_reg.
DSP Report: operator ama_addmuladd_9s_8s_11ns_17ns_21_4_1_U603/graphsage_int8_po2_ama_addmuladd_9s_8s_11ns_17ns_21_4_1_DSP48_0_U/ad is absorbed into DSP ama_addmuladd_9s_8s_11ns_17ns_21_4_1_U603/graphsage_int8_po2_ama_addmuladd_9s_8s_11ns_17ns_21_4_1_DSP48_0_U/p_reg_reg.
DSP Report: Generating DSP ama_addmuladd_9s_8s_11ns_17ns_21_4_1_U571/graphsage_int8_po2_ama_addmuladd_9s_8s_11ns_17ns_21_4_1_DSP48_0_U/p_reg_reg, operation Mode is: (C:0x10000)+((D'+A2)*(B:0x555)')'.
DSP Report: register neighbor_sum_7_reg_22845_reg is absorbed into DSP ama_addmuladd_9s_8s_11ns_17ns_21_4_1_U571/graphsage_int8_po2_ama_addmuladd_9s_8s_11ns_17ns_21_4_1_DSP48_0_U/p_reg_reg.
DSP Report: register registered_input_114_reg_22765_reg is absorbed into DSP ama_addmuladd_9s_8s_11ns_17ns_21_4_1_U571/graphsage_int8_po2_ama_addmuladd_9s_8s_11ns_17ns_21_4_1_DSP48_0_U/p_reg_reg.
DSP Report: register ama_addmuladd_9s_8s_11ns_17ns_21_4_1_U616/graphsage_int8_po2_ama_addmuladd_9s_8s_11ns_17ns_21_4_1_DSP48_0_U/b_reg_reg is absorbed into DSP ama_addmuladd_9s_8s_11ns_17ns_21_4_1_U571/graphsage_int8_po2_ama_addmuladd_9s_8s_11ns_17ns_21_4_1_DSP48_0_U/p_reg_reg.
DSP Report: register ama_addmuladd_9s_8s_11ns_17ns_21_4_1_U571/graphsage_int8_po2_ama_addmuladd_9s_8s_11ns_17ns_21_4_1_DSP48_0_U/p_reg_reg is absorbed into DSP ama_addmuladd_9s_8s_11ns_17ns_21_4_1_U571/graphsage_int8_po2_ama_addmuladd_9s_8s_11ns_17ns_21_4_1_DSP48_0_U/p_reg_reg.
DSP Report: register ama_addmuladd_9s_8s_11ns_17ns_21_4_1_U571/graphsage_int8_po2_ama_addmuladd_9s_8s_11ns_17ns_21_4_1_DSP48_0_U/m_reg_reg is absorbed into DSP ama_addmuladd_9s_8s_11ns_17ns_21_4_1_U571/graphsage_int8_po2_ama_addmuladd_9s_8s_11ns_17ns_21_4_1_DSP48_0_U/p_reg_reg.
DSP Report: register ama_addmuladd_9s_8s_11ns_17ns_21_4_1_U571/graphsage_int8_po2_ama_addmuladd_9s_8s_11ns_17ns_21_4_1_DSP48_0_U/ad_reg_reg is absorbed into DSP ama_addmuladd_9s_8s_11ns_17ns_21_4_1_U571/graphsage_int8_po2_ama_addmuladd_9s_8s_11ns_17ns_21_4_1_DSP48_0_U/p_reg_reg.
DSP Report: operator ama_addmuladd_9s_8s_11ns_17ns_21_4_1_U571/graphsage_int8_po2_ama_addmuladd_9s_8s_11ns_17ns_21_4_1_DSP48_0_U/p is absorbed into DSP ama_addmuladd_9s_8s_11ns_17ns_21_4_1_U571/graphsage_int8_po2_ama_addmuladd_9s_8s_11ns_17ns_21_4_1_DSP48_0_U/p_reg_reg.
DSP Report: operator ama_addmuladd_9s_8s_11ns_17ns_21_4_1_U571/graphsage_int8_po2_ama_addmuladd_9s_8s_11ns_17ns_21_4_1_DSP48_0_U/m is absorbed into DSP ama_addmuladd_9s_8s_11ns_17ns_21_4_1_U571/graphsage_int8_po2_ama_addmuladd_9s_8s_11ns_17ns_21_4_1_DSP48_0_U/p_reg_reg.
DSP Report: operator ama_addmuladd_9s_8s_11ns_17ns_21_4_1_U571/graphsage_int8_po2_ama_addmuladd_9s_8s_11ns_17ns_21_4_1_DSP48_0_U/ad is absorbed into DSP ama_addmuladd_9s_8s_11ns_17ns_21_4_1_U571/graphsage_int8_po2_ama_addmuladd_9s_8s_11ns_17ns_21_4_1_DSP48_0_U/p_reg_reg.
INFO: [Common 17-14] Message 'Synth 8-3886' appears 100 times and further instances of the messages will be disabled. Use the Tcl command set_msg_config to change the current settings.
INFO: [Common 17-14] Message 'Synth 8-3333' appears 100 times and further instances of the messages will be disabled. Use the Tcl command set_msg_config to change the current settings.
INFO: [Synth 8-4471] merging register 'ama_addmuladd_9s_8s_11ns_17ns_21_4_1_U597/graphsage_int8_po2_ama_addmuladd_9s_8s_11ns_17ns_21_4_1_DSP48_0_U/b_reg_reg[17:0]' into 'ama_addmuladd_9s_8s_11ns_17ns_21_4_1_U613/graphsage_int8_po2_ama_addmuladd_9s_8s_11ns_17ns_21_4_1_DSP48_0_U/b_reg_reg[17:0]' [/mnt_pool/c3_users/user/pleguina/graphsage_vivado_2024_1_sweep/build/hls/graphsage_int8_po2_19c_const_params/solution1/syn/verilog/graphsage_int8_po2_ama_addmuladd_9s_8s_11ns_17ns_21_4_1.v:36]
INFO: [Synth 8-4471] merging register 'ama_addmuladd_9s_8s_11ns_17ns_21_4_1_U581/graphsage_int8_po2_ama_addmuladd_9s_8s_11ns_17ns_21_4_1_DSP48_0_U/b_reg_reg[17:0]' into 'ama_addmuladd_9s_8s_11ns_17ns_21_4_1_U613/graphsage_int8_po2_ama_addmuladd_9s_8s_11ns_17ns_21_4_1_DSP48_0_U/b_reg_reg[17:0]' [/mnt_pool/c3_users/user/pleguina/graphsage_vivado_2024_1_sweep/build/hls/graphsage_int8_po2_19c_const_params/solution1/syn/verilog/graphsage_int8_po2_ama_addmuladd_9s_8s_11ns_17ns_21_4_1.v:36]
INFO: [Synth 8-3936] Found unconnected internal register 'ama_addmuladd_9s_8s_11ns_17ns_21_4_1_U581/graphsage_int8_po2_ama_addmuladd_9s_8s_11ns_17ns_21_4_1_DSP48_0_U/p_reg_reg' and it is trimmed from '46' to '21' bits. [/mnt_pool/c3_users/user/pleguina/graphsage_vivado_2024_1_sweep/build/hls/graphsage_int8_po2_19c_const_params/solution1/syn/verilog/graphsage_int8_po2_ama_addmuladd_9s_8s_11ns_17ns_21_4_1.v:43]
INFO: [Synth 8-3936] Found unconnected internal register 'ama_addmuladd_9s_8s_11ns_17ns_21_4_1_U581/graphsage_int8_po2_ama_addmuladd_9s_8s_11ns_17ns_21_4_1_DSP48_0_U/m_reg_reg' and it is trimmed from '45' to '21' bits. [/mnt_pool/c3_users/user/pleguina/graphsage_vivado_2024_1_sweep/build/hls/graphsage_int8_po2_19c_const_params/solution1/syn/verilog/graphsage_int8_po2_ama_addmuladd_9s_8s_11ns_17ns_21_4_1.v:37]
INFO: [Synth 8-3936] Found unconnected internal register 'ama_addmuladd_9s_8s_11ns_17ns_21_4_1_U597/graphsage_int8_po2_ama_addmuladd_9s_8s_11ns_17ns_21_4_1_DSP48_0_U/p_reg_reg' and it is trimmed from '46' to '21' bits. [/mnt_pool/c3_users/user/pleguina/graphsage_vivado_2024_1_sweep/build/hls/graphsage_int8_po2_19c_const_params/solution1/syn/verilog/graphsage_int8_po2_ama_addmuladd_9s_8s_11ns_17ns_21_4_1.v:43]
INFO: [Synth 8-3936] Found unconnected internal register 'ama_addmuladd_9s_8s_11ns_17ns_21_4_1_U597/graphsage_int8_po2_ama_addmuladd_9s_8s_11ns_17ns_21_4_1_DSP48_0_U/m_reg_reg' and it is trimmed from '45' to '21' bits. [/mnt_pool/c3_users/user/pleguina/graphsage_vivado_2024_1_sweep/build/hls/graphsage_int8_po2_19c_const_params/solution1/syn/verilog/graphsage_int8_po2_ama_addmuladd_9s_8s_11ns_17ns_21_4_1.v:37]
INFO: [Synth 8-3936] Found unconnected internal register 'ama_addmuladd_9s_8s_11ns_17ns_21_4_1_U613/graphsage_int8_po2_ama_addmuladd_9s_8s_11ns_17ns_21_4_1_DSP48_0_U/p_reg_reg' and it is trimmed from '46' to '21' bits. [/mnt_pool/c3_users/user/pleguina/graphsage_vivado_2024_1_sweep/build/hls/graphsage_int8_po2_19c_const_params/solution1/syn/verilog/graphsage_int8_po2_ama_addmuladd_9s_8s_11ns_17ns_21_4_1.v:43]
INFO: [Synth 8-3936] Found unconnected internal register 'ama_addmuladd_9s_8s_11ns_17ns_21_4_1_U613/graphsage_int8_po2_ama_addmuladd_9s_8s_11ns_17ns_21_4_1_DSP48_0_U/m_reg_reg' and it is trimmed from '45' to '21' bits. [/mnt_pool/c3_users/user/pleguina/graphsage_vivado_2024_1_sweep/build/hls/graphsage_int8_po2_19c_const_params/solution1/syn/verilog/graphsage_int8_po2_ama_addmuladd_9s_8s_11ns_17ns_21_4_1.v:37]
DSP Report: Generating DSP ama_addmuladd_9s_8s_11ns_17ns_21_4_1_U597/graphsage_int8_po2_ama_addmuladd_9s_8s_11ns_17ns_21_4_1_DSP48_0_U/p_reg_reg, operation Mode is: (C:0x10000)+((D'+A2)*(B:0x555)')'.
DSP Report: register registered_input_76_reg_22655_reg is absorbed into DSP ama_addmuladd_9s_8s_11ns_17ns_21_4_1_U597/graphsage_int8_po2_ama_addmuladd_9s_8s_11ns_17ns_21_4_1_DSP48_0_U/p_reg_reg.
DSP Report: register ama_addmuladd_9s_8s_11ns_17ns_21_4_1_U613/graphsage_int8_po2_ama_addmuladd_9s_8s_11ns_17ns_21_4_1_DSP48_0_U/b_reg_reg is absorbed into DSP ama_addmuladd_9s_8s_11ns_17ns_21_4_1_U597/graphsage_int8_po2_ama_addmuladd_9s_8s_11ns_17ns_21_4_1_DSP48_0_U/p_reg_reg.
DSP Report: register add_ln32_24_reg_22975_reg is absorbed into DSP ama_addmuladd_9s_8s_11ns_17ns_21_4_1_U597/graphsage_int8_po2_ama_addmuladd_9s_8s_11ns_17ns_21_4_1_DSP48_0_U/p_reg_reg.
DSP Report: register ama_addmuladd_9s_8s_11ns_17ns_21_4_1_U597/graphsage_int8_po2_ama_addmuladd_9s_8s_11ns_17ns_21_4_1_DSP48_0_U/p_reg_reg is absorbed into DSP ama_addmuladd_9s_8s_11ns_17ns_21_4_1_U597/graphsage_int8_po2_ama_addmuladd_9s_8s_11ns_17ns_21_4_1_DSP48_0_U/p_reg_reg.
DSP Report: register ama_addmuladd_9s_8s_11ns_17ns_21_4_1_U597/graphsage_int8_po2_ama_addmuladd_9s_8s_11ns_17ns_21_4_1_DSP48_0_U/m_reg_reg is absorbed into DSP ama_addmuladd_9s_8s_11ns_17ns_21_4_1_U597/graphsage_int8_po2_ama_addmuladd_9s_8s_11ns_17ns_21_4_1_DSP48_0_U/p_reg_reg.
DSP Report: register ama_addmuladd_9s_8s_11ns_17ns_21_4_1_U597/graphsage_int8_po2_ama_addmuladd_9s_8s_11ns_17ns_21_4_1_DSP48_0_U/ad_reg_reg is absorbed into DSP ama_addmuladd_9s_8s_11ns_17ns_21_4_1_U597/graphsage_int8_po2_ama_addmuladd_9s_8s_11ns_17ns_21_4_1_DSP48_0_U/p_reg_reg.
DSP Report: operator ama_addmuladd_9s_8s_11ns_17ns_21_4_1_U597/graphsage_int8_po2_ama_addmuladd_9s_8s_11ns_17ns_21_4_1_DSP48_0_U/p is absorbed into DSP ama_addmuladd_9s_8s_11ns_17ns_21_4_1_U597/graphsage_int8_po2_ama_addmuladd_9s_8s_11ns_17ns_21_4_1_DSP48_0_U/p_reg_reg.
DSP Report: operator ama_addmuladd_9s_8s_11ns_17ns_21_4_1_U597/graphsage_int8_po2_ama_addmuladd_9s_8s_11ns_17ns_21_4_1_DSP48_0_U/m is absorbed into DSP ama_addmuladd_9s_8s_11ns_17ns_21_4_1_U597/graphsage_int8_po2_ama_addmuladd_9s_8s_11ns_17ns_21_4_1_DSP48_0_U/p_reg_reg.
DSP Report: operator ama_addmuladd_9s_8s_11ns_17ns_21_4_1_U597/graphsage_int8_po2_ama_addmuladd_9s_8s_11ns_17ns_21_4_1_DSP48_0_U/ad is absorbed into DSP ama_addmuladd_9s_8s_11ns_17ns_21_4_1_U597/graphsage_int8_po2_ama_addmuladd_9s_8s_11ns_17ns_21_4_1_DSP48_0_U/p_reg_reg.
DSP Report: Generating DSP ama_addmuladd_9s_8s_11ns_17ns_21_4_1_U581/graphsage_int8_po2_ama_addmuladd_9s_8s_11ns_17ns_21_4_1_DSP48_0_U/p_reg_reg, operation Mode is: (C:0x10000)+((D'+A2)*(B:0x555)')'.
DSP Report: register registered_input_124_reg_22815_reg is absorbed into DSP ama_addmuladd_9s_8s_11ns_17ns_21_4_1_U581/graphsage_int8_po2_ama_addmuladd_9s_8s_11ns_17ns_21_4_1_DSP48_0_U/p_reg_reg.
DSP Report: register ama_addmuladd_9s_8s_11ns_17ns_21_4_1_U613/graphsage_int8_po2_ama_addmuladd_9s_8s_11ns_17ns_21_4_1_DSP48_0_U/b_reg_reg is absorbed into DSP ama_addmuladd_9s_8s_11ns_17ns_21_4_1_U581/graphsage_int8_po2_ama_addmuladd_9s_8s_11ns_17ns_21_4_1_DSP48_0_U/p_reg_reg.
DSP Report: register neighbor_sum_37_reg_22895_reg is absorbed into DSP ama_addmuladd_9s_8s_11ns_17ns_21_4_1_U581/graphsage_int8_po2_ama_addmuladd_9s_8s_11ns_17ns_21_4_1_DSP48_0_U/p_reg_reg.
DSP Report: register ama_addmuladd_9s_8s_11ns_17ns_21_4_1_U581/graphsage_int8_po2_ama_addmuladd_9s_8s_11ns_17ns_21_4_1_DSP48_0_U/p_reg_reg is absorbed into DSP ama_addmuladd_9s_8s_11ns_17ns_21_4_1_U581/graphsage_int8_po2_ama_addmuladd_9s_8s_11ns_17ns_21_4_1_DSP48_0_U/p_reg_reg.
DSP Report: register ama_addmuladd_9s_8s_11ns_17ns_21_4_1_U581/graphsage_int8_po2_ama_addmuladd_9s_8s_11ns_17ns_21_4_1_DSP48_0_U/m_reg_reg is absorbed into DSP ama_addmuladd_9s_8s_11ns_17ns_21_4_1_U581/graphsage_int8_po2_ama_addmuladd_9s_8s_11ns_17ns_21_4_1_DSP48_0_U/p_reg_reg.
DSP Report: register ama_addmuladd_9s_8s_11ns_17ns_21_4_1_U581/graphsage_int8_po2_ama_addmuladd_9s_8s_11ns_17ns_21_4_1_DSP48_0_U/ad_reg_reg is absorbed into DSP ama_addmuladd_9s_8s_11ns_17ns_21_4_1_U581/graphsage_int8_po2_ama_addmuladd_9s_8s_11ns_17ns_21_4_1_DSP48_0_U/p_reg_reg.
DSP Report: operator ama_addmuladd_9s_8s_11ns_17ns_21_4_1_U581/graphsage_int8_po2_ama_addmuladd_9s_8s_11ns_17ns_21_4_1_DSP48_0_U/p is absorbed into DSP ama_addmuladd_9s_8s_11ns_17ns_21_4_1_U581/graphsage_int8_po2_ama_addmuladd_9s_8s_11ns_17ns_21_4_1_DSP48_0_U/p_reg_reg.
DSP Report: operator ama_addmuladd_9s_8s_11ns_17ns_21_4_1_U581/graphsage_int8_po2_ama_addmuladd_9s_8s_11ns_17ns_21_4_1_DSP48_0_U/m is absorbed into DSP ama_addmuladd_9s_8s_11ns_17ns_21_4_1_U581/graphsage_int8_po2_ama_addmuladd_9s_8s_11ns_17ns_21_4_1_DSP48_0_U/p_reg_reg.
DSP Report: operator ama_addmuladd_9s_8s_11ns_17ns_21_4_1_U581/graphsage_int8_po2_ama_addmuladd_9s_8s_11ns_17ns_21_4_1_DSP48_0_U/ad is absorbed into DSP ama_addmuladd_9s_8s_11ns_17ns_21_4_1_U581/graphsage_int8_po2_ama_addmuladd_9s_8s_11ns_17ns_21_4_1_DSP48_0_U/p_reg_reg.
DSP Report: Generating DSP ama_addmuladd_9s_8s_11ns_17ns_21_4_1_U613/graphsage_int8_po2_ama_addmuladd_9s_8s_11ns_17ns_21_4_1_DSP48_0_U/p_reg_reg, operation Mode is: (C:0x10000)+((D'+A2)*(B:0x555)')'.
DSP Report: register neighbor_sum_37_reg_22895_reg is absorbed into DSP ama_addmuladd_9s_8s_11ns_17ns_21_4_1_U613/graphsage_int8_po2_ama_addmuladd_9s_8s_11ns_17ns_21_4_1_DSP48_0_U/p_reg_reg.
DSP Report: register registered_input_108_reg_22735_reg is absorbed into DSP ama_addmuladd_9s_8s_11ns_17ns_21_4_1_U613/graphsage_int8_po2_ama_addmuladd_9s_8s_11ns_17ns_21_4_1_DSP48_0_U/p_reg_reg.
DSP Report: register ama_addmuladd_9s_8s_11ns_17ns_21_4_1_U613/graphsage_int8_po2_ama_addmuladd_9s_8s_11ns_17ns_21_4_1_DSP48_0_U/b_reg_reg is absorbed into DSP ama_addmuladd_9s_8s_11ns_17ns_21_4_1_U613/graphsage_int8_po2_ama_addmuladd_9s_8s_11ns_17ns_21_4_1_DSP48_0_U/p_reg_reg.
DSP Report: register ama_addmuladd_9s_8s_11ns_17ns_21_4_1_U613/graphsage_int8_po2_ama_addmuladd_9s_8s_11ns_17ns_21_4_1_DSP48_0_U/p_reg_reg is absorbed into DSP ama_addmuladd_9s_8s_11ns_17ns_21_4_1_U613/graphsage_int8_po2_ama_addmuladd_9s_8s_11ns_17ns_21_4_1_DSP48_0_U/p_reg_reg.
DSP Report: register ama_addmuladd_9s_8s_11ns_17ns_21_4_1_U613/graphsage_int8_po2_ama_addmuladd_9s_8s_11ns_17ns_21_4_1_DSP48_0_U/m_reg_reg is absorbed into DSP ama_addmuladd_9s_8s_11ns_17ns_21_4_1_U613/graphsage_int8_po2_ama_addmuladd_9s_8s_11ns_17ns_21_4_1_DSP48_0_U/p_reg_reg.
DSP Report: register ama_addmuladd_9s_8s_11ns_17ns_21_4_1_U613/graphsage_int8_po2_ama_addmuladd_9s_8s_11ns_17ns_21_4_1_DSP48_0_U/ad_reg_reg is absorbed into DSP ama_addmuladd_9s_8s_11ns_17ns_21_4_1_U613/graphsage_int8_po2_ama_addmuladd_9s_8s_11ns_17ns_21_4_1_DSP48_0_U/p_reg_reg.
DSP Report: operator ama_addmuladd_9s_8s_11ns_17ns_21_4_1_U613/graphsage_int8_po2_ama_addmuladd_9s_8s_11ns_17ns_21_4_1_DSP48_0_U/p is absorbed into DSP ama_addmuladd_9s_8s_11ns_17ns_21_4_1_U613/graphsage_int8_po2_ama_addmuladd_9s_8s_11ns_17ns_21_4_1_DSP48_0_U/p_reg_reg.
DSP Report: operator ama_addmuladd_9s_8s_11ns_17ns_21_4_1_U613/graphsage_int8_po2_ama_addmuladd_9s_8s_11ns_17ns_21_4_1_DSP48_0_U/m is absorbed into DSP ama_addmuladd_9s_8s_11ns_17ns_21_4_1_U613/graphsage_int8_po2_ama_addmuladd_9s_8s_11ns_17ns_21_4_1_DSP48_0_U/p_reg_reg.
DSP Report: operator ama_addmuladd_9s_8s_11ns_17ns_21_4_1_U613/graphsage_int8_po2_ama_addmuladd_9s_8s_11ns_17ns_21_4_1_DSP48_0_U/ad is absorbed into DSP ama_addmuladd_9s_8s_11ns_17ns_21_4_1_U613/graphsage_int8_po2_ama_addmuladd_9s_8s_11ns_17ns_21_4_1_DSP48_0_U/p_reg_reg.
INFO: [Common 17-14] Message 'Synth 8-7129' appears 100 times and further instances of the messages will be disabled. Use the Tcl command set_msg_config to change the current settings.
INFO: [Common 17-14] Message 'Synth 8-3886' appears 100 times and further instances of the messages will be disabled. Use the Tcl command set_msg_config to change the current settings.
INFO: [Common 17-14] Message 'Synth 8-3333' appears 100 times and further instances of the messages will be disabled. Use the Tcl command set_msg_config to change the current settings.
INFO: [Synth 8-4471] merging register 'ama_addmuladd_9s_8s_11ns_17ns_21_4_1_U609/graphsage_int8_po2_ama_addmuladd_9s_8s_11ns_17ns_21_4_1_DSP48_0_U/b_reg_reg[17:0]' into 'ama_addmuladd_9s_8s_11ns_17ns_21_4_1_U612/graphsage_int8_po2_ama_addmuladd_9s_8s_11ns_17ns_21_4_1_DSP48_0_U/b_reg_reg[17:0]' [/mnt_pool/c3_users/user/pleguina/graphsage_vivado_2024_1_sweep/build/hls/graphsage_int8_po2_19c_const_params/solution1/syn/verilog/graphsage_int8_po2_ama_addmuladd_9s_8s_11ns_17ns_21_4_1.v:36]
INFO: [Synth 8-4471] merging register 'ama_addmuladd_9s_8s_11ns_17ns_21_4_1_U608/graphsage_int8_po2_ama_addmuladd_9s_8s_11ns_17ns_21_4_1_DSP48_0_U/b_reg_reg[17:0]' into 'ama_addmuladd_9s_8s_11ns_17ns_21_4_1_U612/graphsage_int8_po2_ama_addmuladd_9s_8s_11ns_17ns_21_4_1_DSP48_0_U/b_reg_reg[17:0]' [/mnt_pool/c3_users/user/pleguina/graphsage_vivado_2024_1_sweep/build/hls/graphsage_int8_po2_19c_const_params/solution1/syn/verilog/graphsage_int8_po2_ama_addmuladd_9s_8s_11ns_17ns_21_4_1.v:36]
INFO: [Synth 8-4471] merging register 'ama_addmuladd_9s_8s_11ns_17ns_21_4_1_U607/graphsage_int8_po2_ama_addmuladd_9s_8s_11ns_17ns_21_4_1_DSP48_0_U/b_reg_reg[17:0]' into 'ama_addmuladd_9s_8s_11ns_17ns_21_4_1_U612/graphsage_int8_po2_ama_addmuladd_9s_8s_11ns_17ns_21_4_1_DSP48_0_U/b_reg_reg[17:0]' [/mnt_pool/c3_users/user/pleguina/graphsage_vivado_2024_1_sweep/build/hls/graphsage_int8_po2_19c_const_params/solution1/syn/verilog/graphsage_int8_po2_ama_addmuladd_9s_8s_11ns_17ns_21_4_1.v:36]
INFO: [Synth 8-4471] merging register 'ama_addmuladd_9s_8s_11ns_17ns_21_4_1_U606/graphsage_int8_po2_ama_addmuladd_9s_8s_11ns_17ns_21_4_1_DSP48_0_U/b_reg_reg[17:0]' into 'ama_addmuladd_9s_8s_11ns_17ns_21_4_1_U612/graphsage_int8_po2_ama_addmuladd_9s_8s_11ns_17ns_21_4_1_DSP48_0_U/b_reg_reg[17:0]' [/mnt_pool/c3_users/user/pleguina/graphsage_vivado_2024_1_sweep/build/hls/graphsage_int8_po2_19c_const_params/solution1/syn/verilog/graphsage_int8_po2_ama_addmuladd_9s_8s_11ns_17ns_21_4_1.v:36]
INFO: [Synth 8-4471] merging register 'ama_addmuladd_9s_8s_11ns_17ns_21_4_1_U602/graphsage_int8_po2_ama_addmuladd_9s_8s_11ns_17ns_21_4_1_DSP48_0_U/b_reg_reg[17:0]' into 'ama_addmuladd_9s_8s_11ns_17ns_21_4_1_U612/graphsage_int8_po2_ama_addmuladd_9s_8s_11ns_17ns_21_4_1_DSP48_0_U/b_reg_reg[17:0]' [/mnt_pool/c3_users/user/pleguina/graphsage_vivado_2024_1_sweep/build/hls/graphsage_int8_po2_19c_const_params/solution1/syn/verilog/graphsage_int8_po2_ama_addmuladd_9s_8s_11ns_17ns_21_4_1.v:36]
INFO: [Synth 8-4471] merging register 'ama_addmuladd_9s_8s_11ns_17ns_21_4_1_U596/graphsage_int8_po2_ama_addmuladd_9s_8s_11ns_17ns_21_4_1_DSP48_0_U/b_reg_reg[17:0]' into 'ama_addmuladd_9s_8s_11ns_17ns_21_4_1_U612/graphsage_int8_po2_ama_addmuladd_9s_8s_11ns_17ns_21_4_1_DSP48_0_U/b_reg_reg[17:0]' [/mnt_pool/c3_users/user/pleguina/graphsage_vivado_2024_1_sweep/build/hls/graphsage_int8_po2_19c_const_params/solution1/syn/verilog/graphsage_int8_po2_ama_addmuladd_9s_8s_11ns_17ns_21_4_1.v:36]
INFO: [Synth 8-4471] merging register 'ama_addmuladd_9s_8s_11ns_17ns_21_4_1_U593/graphsage_int8_po2_ama_addmuladd_9s_8s_11ns_17ns_21_4_1_DSP48_0_U/b_reg_reg[17:0]' into 'ama_addmuladd_9s_8s_11ns_17ns_21_4_1_U612/graphsage_int8_po2_ama_addmuladd_9s_8s_11ns_17ns_21_4_1_DSP48_0_U/b_reg_reg[17:0]' [/mnt_pool/c3_users/user/pleguina/graphsage_vivado_2024_1_sweep/build/hls/graphsage_int8_po2_19c_const_params/solution1/syn/verilog/graphsage_int8_po2_ama_addmuladd_9s_8s_11ns_17ns_21_4_1.v:36]
INFO: [Synth 8-4471] merging register 'ama_addmuladd_9s_8s_11ns_17ns_21_4_1_U592/graphsage_int8_po2_ama_addmuladd_9s_8s_11ns_17ns_21_4_1_DSP48_0_U/b_reg_reg[17:0]' into 'ama_addmuladd_9s_8s_11ns_17ns_21_4_1_U612/graphsage_int8_po2_ama_addmuladd_9s_8s_11ns_17ns_21_4_1_DSP48_0_U/b_reg_reg[17:0]' [/mnt_pool/c3_users/user/pleguina/graphsage_vivado_2024_1_sweep/build/hls/graphsage_int8_po2_19c_const_params/solution1/syn/verilog/graphsage_int8_po2_ama_addmuladd_9s_8s_11ns_17ns_21_4_1.v:36]
INFO: [Synth 8-4471] merging register 'ama_addmuladd_9s_8s_11ns_17ns_21_4_1_U591/graphsage_int8_po2_ama_addmuladd_9s_8s_11ns_17ns_21_4_1_DSP48_0_U/b_reg_reg[17:0]' into 'ama_addmuladd_9s_8s_11ns_17ns_21_4_1_U612/graphsage_int8_po2_ama_addmuladd_9s_8s_11ns_17ns_21_4_1_DSP48_0_U/b_reg_reg[17:0]' [/mnt_pool/c3_users/user/pleguina/graphsage_vivado_2024_1_sweep/build/hls/graphsage_int8_po2_19c_const_params/solution1/syn/verilog/graphsage_int8_po2_ama_addmuladd_9s_8s_11ns_17ns_21_4_1.v:36]
INFO: [Synth 8-4471] merging register 'ama_addmuladd_9s_8s_11ns_17ns_21_4_1_U590/graphsage_int8_po2_ama_addmuladd_9s_8s_11ns_17ns_21_4_1_DSP48_0_U/b_reg_reg[17:0]' into 'ama_addmuladd_9s_8s_11ns_17ns_21_4_1_U612/graphsage_int8_po2_ama_addmuladd_9s_8s_11ns_17ns_21_4_1_DSP48_0_U/b_reg_reg[17:0]' [/mnt_pool/c3_users/user/pleguina/graphsage_vivado_2024_1_sweep/build/hls/graphsage_int8_po2_19c_const_params/solution1/syn/verilog/graphsage_int8_po2_ama_addmuladd_9s_8s_11ns_17ns_21_4_1.v:36]
INFO: [Synth 8-4471] merging register 'ama_addmuladd_9s_8s_11ns_17ns_21_4_1_U586/graphsage_int8_po2_ama_addmuladd_9s_8s_11ns_17ns_21_4_1_DSP48_0_U/b_reg_reg[17:0]' into 'ama_addmuladd_9s_8s_11ns_17ns_21_4_1_U612/graphsage_int8_po2_ama_addmuladd_9s_8s_11ns_17ns_21_4_1_DSP48_0_U/b_reg_reg[17:0]' [/mnt_pool/c3_users/user/pleguina/graphsage_vivado_2024_1_sweep/build/hls/graphsage_int8_po2_19c_const_params/solution1/syn/verilog/graphsage_int8_po2_ama_addmuladd_9s_8s_11ns_17ns_21_4_1.v:36]
INFO: [Synth 8-4471] merging register 'ama_addmuladd_9s_8s_11ns_17ns_21_4_1_U580/graphsage_int8_po2_ama_addmuladd_9s_8s_11ns_17ns_21_4_1_DSP48_0_U/b_reg_reg[17:0]' into 'ama_addmuladd_9s_8s_11ns_17ns_21_4_1_U612/graphsage_int8_po2_ama_addmuladd_9s_8s_11ns_17ns_21_4_1_DSP48_0_U/b_reg_reg[17:0]' [/mnt_pool/c3_users/user/pleguina/graphsage_vivado_2024_1_sweep/build/hls/graphsage_int8_po2_19c_const_params/solution1/syn/verilog/graphsage_int8_po2_ama_addmuladd_9s_8s_11ns_17ns_21_4_1.v:36]
INFO: [Synth 8-4471] merging register 'ama_addmuladd_9s_8s_11ns_17ns_21_4_1_U577/graphsage_int8_po2_ama_addmuladd_9s_8s_11ns_17ns_21_4_1_DSP48_0_U/b_reg_reg[17:0]' into 'ama_addmuladd_9s_8s_11ns_17ns_21_4_1_U612/graphsage_int8_po2_ama_addmuladd_9s_8s_11ns_17ns_21_4_1_DSP48_0_U/b_reg_reg[17:0]' [/mnt_pool/c3_users/user/pleguina/graphsage_vivado_2024_1_sweep/build/hls/graphsage_int8_po2_19c_const_params/solution1/syn/verilog/graphsage_int8_po2_ama_addmuladd_9s_8s_11ns_17ns_21_4_1.v:36]
INFO: [Synth 8-4471] merging register 'ama_addmuladd_9s_8s_11ns_17ns_21_4_1_U576/graphsage_int8_po2_ama_addmuladd_9s_8s_11ns_17ns_21_4_1_DSP48_0_U/b_reg_reg[17:0]' into 'ama_addmuladd_9s_8s_11ns_17ns_21_4_1_U612/graphsage_int8_po2_ama_addmuladd_9s_8s_11ns_17ns_21_4_1_DSP48_0_U/b_reg_reg[17:0]' [/mnt_pool/c3_users/user/pleguina/graphsage_vivado_2024_1_sweep/build/hls/graphsage_int8_po2_19c_const_params/solution1/syn/verilog/graphsage_int8_po2_ama_addmuladd_9s_8s_11ns_17ns_21_4_1.v:36]
INFO: [Synth 8-4471] merging register 'ama_addmuladd_9s_8s_11ns_17ns_21_4_1_U575/graphsage_int8_po2_ama_addmuladd_9s_8s_11ns_17ns_21_4_1_DSP48_0_U/b_reg_reg[17:0]' into 'ama_addmuladd_9s_8s_11ns_17ns_21_4_1_U612/graphsage_int8_po2_ama_addmuladd_9s_8s_11ns_17ns_21_4_1_DSP48_0_U/b_reg_reg[17:0]' [/mnt_pool/c3_users/user/pleguina/graphsage_vivado_2024_1_sweep/build/hls/graphsage_int8_po2_19c_const_params/solution1/syn/verilog/graphsage_int8_po2_ama_addmuladd_9s_8s_11ns_17ns_21_4_1.v:36]
INFO: [Synth 8-4471] merging register 'ama_addmuladd_9s_8s_11ns_17ns_21_4_1_U574/graphsage_int8_po2_ama_addmuladd_9s_8s_11ns_17ns_21_4_1_DSP48_0_U/b_reg_reg[17:0]' into 'ama_addmuladd_9s_8s_11ns_17ns_21_4_1_U612/graphsage_int8_po2_ama_addmuladd_9s_8s_11ns_17ns_21_4_1_DSP48_0_U/b_reg_reg[17:0]' [/mnt_pool/c3_users/user/pleguina/graphsage_vivado_2024_1_sweep/build/hls/graphsage_int8_po2_19c_const_params/solution1/syn/verilog/graphsage_int8_po2_ama_addmuladd_9s_8s_11ns_17ns_21_4_1.v:36]
INFO: [Synth 8-4471] merging register 'ama_addmuladd_9s_8s_11ns_17ns_21_4_1_U570/graphsage_int8_po2_ama_addmuladd_9s_8s_11ns_17ns_21_4_1_DSP48_0_U/b_reg_reg[17:0]' into 'ama_addmuladd_9s_8s_11ns_17ns_21_4_1_U612/graphsage_int8_po2_ama_addmuladd_9s_8s_11ns_17ns_21_4_1_DSP48_0_U/b_reg_reg[17:0]' [/mnt_pool/c3_users/user/pleguina/graphsage_vivado_2024_1_sweep/build/hls/graphsage_int8_po2_19c_const_params/solution1/syn/verilog/graphsage_int8_po2_ama_addmuladd_9s_8s_11ns_17ns_21_4_1.v:36]
INFO: [Synth 8-3936] Found unconnected internal register 'ama_addmuladd_9s_8s_11ns_17ns_21_4_1_U570/graphsage_int8_po2_ama_addmuladd_9s_8s_11ns_17ns_21_4_1_DSP48_0_U/p_reg_reg' and it is trimmed from '46' to '21' bits. [/mnt_pool/c3_users/user/pleguina/graphsage_vivado_2024_1_sweep/build/hls/graphsage_int8_po2_19c_const_params/solution1/syn/verilog/graphsage_int8_po2_ama_addmuladd_9s_8s_11ns_17ns_21_4_1.v:43]
INFO: [Synth 8-3936] Found unconnected internal register 'ama_addmuladd_9s_8s_11ns_17ns_21_4_1_U570/graphsage_int8_po2_ama_addmuladd_9s_8s_11ns_17ns_21_4_1_DSP48_0_U/m_reg_reg' and it is trimmed from '45' to '21' bits. [/mnt_pool/c3_users/user/pleguina/graphsage_vivado_2024_1_sweep/build/hls/graphsage_int8_po2_19c_const_params/solution1/syn/verilog/graphsage_int8_po2_ama_addmuladd_9s_8s_11ns_17ns_21_4_1.v:37]
INFO: [Synth 8-3936] Found unconnected internal register 'ama_addmuladd_9s_8s_11ns_17ns_21_4_1_U574/graphsage_int8_po2_ama_addmuladd_9s_8s_11ns_17ns_21_4_1_DSP48_0_U/p_reg_reg' and it is trimmed from '46' to '21' bits. [/mnt_pool/c3_users/user/pleguina/graphsage_vivado_2024_1_sweep/build/hls/graphsage_int8_po2_19c_const_params/solution1/syn/verilog/graphsage_int8_po2_ama_addmuladd_9s_8s_11ns_17ns_21_4_1.v:43]
INFO: [Synth 8-3936] Found unconnected internal register 'ama_addmuladd_9s_8s_11ns_17ns_21_4_1_U574/graphsage_int8_po2_ama_addmuladd_9s_8s_11ns_17ns_21_4_1_DSP48_0_U/m_reg_reg' and it is trimmed from '45' to '21' bits. [/mnt_pool/c3_users/user/pleguina/graphsage_vivado_2024_1_sweep/build/hls/graphsage_int8_po2_19c_const_params/solution1/syn/verilog/graphsage_int8_po2_ama_addmuladd_9s_8s_11ns_17ns_21_4_1.v:37]
INFO: [Synth 8-3936] Found unconnected internal register 'ama_addmuladd_9s_8s_11ns_17ns_21_4_1_U575/graphsage_int8_po2_ama_addmuladd_9s_8s_11ns_17ns_21_4_1_DSP48_0_U/p_reg_reg' and it is trimmed from '46' to '21' bits. [/mnt_pool/c3_users/user/pleguina/graphsage_vivado_2024_1_sweep/build/hls/graphsage_int8_po2_19c_const_params/solution1/syn/verilog/graphsage_int8_po2_ama_addmuladd_9s_8s_11ns_17ns_21_4_1.v:43]
INFO: [Synth 8-3936] Found unconnected internal register 'ama_addmuladd_9s_8s_11ns_17ns_21_4_1_U575/graphsage_int8_po2_ama_addmuladd_9s_8s_11ns_17ns_21_4_1_DSP48_0_U/m_reg_reg' and it is trimmed from '45' to '21' bits. [/mnt_pool/c3_users/user/pleguina/graphsage_vivado_2024_1_sweep/build/hls/graphsage_int8_po2_19c_const_params/solution1/syn/verilog/graphsage_int8_po2_ama_addmuladd_9s_8s_11ns_17ns_21_4_1.v:37]
INFO: [Synth 8-3936] Found unconnected internal register 'ama_addmuladd_9s_8s_11ns_17ns_21_4_1_U576/graphsage_int8_po2_ama_addmuladd_9s_8s_11ns_17ns_21_4_1_DSP48_0_U/p_reg_reg' and it is trimmed from '46' to '21' bits. [/mnt_pool/c3_users/user/pleguina/graphsage_vivado_2024_1_sweep/build/hls/graphsage_int8_po2_19c_const_params/solution1/syn/verilog/graphsage_int8_po2_ama_addmuladd_9s_8s_11ns_17ns_21_4_1.v:43]
INFO: [Synth 8-3936] Found unconnected internal register 'ama_addmuladd_9s_8s_11ns_17ns_21_4_1_U576/graphsage_int8_po2_ama_addmuladd_9s_8s_11ns_17ns_21_4_1_DSP48_0_U/m_reg_reg' and it is trimmed from '45' to '21' bits. [/mnt_pool/c3_users/user/pleguina/graphsage_vivado_2024_1_sweep/build/hls/graphsage_int8_po2_19c_const_params/solution1/syn/verilog/graphsage_int8_po2_ama_addmuladd_9s_8s_11ns_17ns_21_4_1.v:37]
INFO: [Synth 8-3936] Found unconnected internal register 'ama_addmuladd_9s_8s_11ns_17ns_21_4_1_U577/graphsage_int8_po2_ama_addmuladd_9s_8s_11ns_17ns_21_4_1_DSP48_0_U/p_reg_reg' and it is trimmed from '46' to '21' bits. [/mnt_pool/c3_users/user/pleguina/graphsage_vivado_2024_1_sweep/build/hls/graphsage_int8_po2_19c_const_params/solution1/syn/verilog/graphsage_int8_po2_ama_addmuladd_9s_8s_11ns_17ns_21_4_1.v:43]
INFO: [Synth 8-3936] Found unconnected internal register 'ama_addmuladd_9s_8s_11ns_17ns_21_4_1_U577/graphsage_int8_po2_ama_addmuladd_9s_8s_11ns_17ns_21_4_1_DSP48_0_U/m_reg_reg' and it is trimmed from '45' to '21' bits. [/mnt_pool/c3_users/user/pleguina/graphsage_vivado_2024_1_sweep/build/hls/graphsage_int8_po2_19c_const_params/solution1/syn/verilog/graphsage_int8_po2_ama_addmuladd_9s_8s_11ns_17ns_21_4_1.v:37]
INFO: [Synth 8-3936] Found unconnected internal register 'ama_addmuladd_9s_8s_11ns_17ns_21_4_1_U580/graphsage_int8_po2_ama_addmuladd_9s_8s_11ns_17ns_21_4_1_DSP48_0_U/p_reg_reg' and it is trimmed from '46' to '21' bits. [/mnt_pool/c3_users/user/pleguina/graphsage_vivado_2024_1_sweep/build/hls/graphsage_int8_po2_19c_const_params/solution1/syn/verilog/graphsage_int8_po2_ama_addmuladd_9s_8s_11ns_17ns_21_4_1.v:43]
INFO: [Synth 8-3936] Found unconnected internal register 'ama_addmuladd_9s_8s_11ns_17ns_21_4_1_U580/graphsage_int8_po2_ama_addmuladd_9s_8s_11ns_17ns_21_4_1_DSP48_0_U/m_reg_reg' and it is trimmed from '45' to '21' bits. [/mnt_pool/c3_users/user/pleguina/graphsage_vivado_2024_1_sweep/build/hls/graphsage_int8_po2_19c_const_params/solution1/syn/verilog/graphsage_int8_po2_ama_addmuladd_9s_8s_11ns_17ns_21_4_1.v:37]
INFO: [Synth 8-3936] Found unconnected internal register 'ama_addmuladd_9s_8s_11ns_17ns_21_4_1_U586/graphsage_int8_po2_ama_addmuladd_9s_8s_11ns_17ns_21_4_1_DSP48_0_U/p_reg_reg' and it is trimmed from '46' to '21' bits. [/mnt_pool/c3_users/user/pleguina/graphsage_vivado_2024_1_sweep/build/hls/graphsage_int8_po2_19c_const_params/solution1/syn/verilog/graphsage_int8_po2_ama_addmuladd_9s_8s_11ns_17ns_21_4_1.v:43]
INFO: [Synth 8-3936] Found unconnected internal register 'ama_addmuladd_9s_8s_11ns_17ns_21_4_1_U586/graphsage_int8_po2_ama_addmuladd_9s_8s_11ns_17ns_21_4_1_DSP48_0_U/m_reg_reg' and it is trimmed from '45' to '21' bits. [/mnt_pool/c3_users/user/pleguina/graphsage_vivado_2024_1_sweep/build/hls/graphsage_int8_po2_19c_const_params/solution1/syn/verilog/graphsage_int8_po2_ama_addmuladd_9s_8s_11ns_17ns_21_4_1.v:37]
INFO: [Synth 8-3936] Found unconnected internal register 'ama_addmuladd_9s_8s_11ns_17ns_21_4_1_U590/graphsage_int8_po2_ama_addmuladd_9s_8s_11ns_17ns_21_4_1_DSP48_0_U/p_reg_reg' and it is trimmed from '46' to '21' bits. [/mnt_pool/c3_users/user/pleguina/graphsage_vivado_2024_1_sweep/build/hls/graphsage_int8_po2_19c_const_params/solution1/syn/verilog/graphsage_int8_po2_ama_addmuladd_9s_8s_11ns_17ns_21_4_1.v:43]
INFO: [Synth 8-3936] Found unconnected internal register 'ama_addmuladd_9s_8s_11ns_17ns_21_4_1_U590/graphsage_int8_po2_ama_addmuladd_9s_8s_11ns_17ns_21_4_1_DSP48_0_U/m_reg_reg' and it is trimmed from '45' to '21' bits. [/mnt_pool/c3_users/user/pleguina/graphsage_vivado_2024_1_sweep/build/hls/graphsage_int8_po2_19c_const_params/solution1/syn/verilog/graphsage_int8_po2_ama_addmuladd_9s_8s_11ns_17ns_21_4_1.v:37]
INFO: [Common 17-14] Message 'Synth 8-3936' appears 100 times and further instances of the messages will be disabled. Use the Tcl command set_msg_config to change the current settings.
DSP Report: Generating DSP ama_addmuladd_9s_8s_11ns_17ns_21_4_1_U606/graphsage_int8_po2_ama_addmuladd_9s_8s_11ns_17ns_21_4_1_DSP48_0_U/p_reg_reg, operation Mode is: (C:0x10000)+((D'+A2)*(B:0x555)')'.
DSP Report: register registered_input_101_reg_22700_reg is absorbed into DSP ama_addmuladd_9s_8s_11ns_17ns_21_4_1_U606/graphsage_int8_po2_ama_addmuladd_9s_8s_11ns_17ns_21_4_1_DSP48_0_U/p_reg_reg.
DSP Report: register ama_addmuladd_9s_8s_11ns_17ns_21_4_1_U612/graphsage_int8_po2_ama_addmuladd_9s_8s_11ns_17ns_21_4_1_DSP48_0_U/b_reg_reg is absorbed into DSP ama_addmuladd_9s_8s_11ns_17ns_21_4_1_U606/graphsage_int8_po2_ama_addmuladd_9s_8s_11ns_17ns_21_4_1_DSP48_0_U/p_reg_reg.
DSP Report: register neighbor_sum_16_reg_22860_reg is absorbed into DSP ama_addmuladd_9s_8s_11ns_17ns_21_4_1_U606/graphsage_int8_po2_ama_addmuladd_9s_8s_11ns_17ns_21_4_1_DSP48_0_U/p_reg_reg.
DSP Report: register ama_addmuladd_9s_8s_11ns_17ns_21_4_1_U606/graphsage_int8_po2_ama_addmuladd_9s_8s_11ns_17ns_21_4_1_DSP48_0_U/p_reg_reg is absorbed into DSP ama_addmuladd_9s_8s_11ns_17ns_21_4_1_U606/graphsage_int8_po2_ama_addmuladd_9s_8s_11ns_17ns_21_4_1_DSP48_0_U/p_reg_reg.
DSP Report: register ama_addmuladd_9s_8s_11ns_17ns_21_4_1_U606/graphsage_int8_po2_ama_addmuladd_9s_8s_11ns_17ns_21_4_1_DSP48_0_U/m_reg_reg is absorbed into DSP ama_addmuladd_9s_8s_11ns_17ns_21_4_1_U606/graphsage_int8_po2_ama_addmuladd_9s_8s_11ns_17ns_21_4_1_DSP48_0_U/p_reg_reg.
DSP Report: register ama_addmuladd_9s_8s_11ns_17ns_21_4_1_U606/graphsage_int8_po2_ama_addmuladd_9s_8s_11ns_17ns_21_4_1_DSP48_0_U/ad_reg_reg is absorbed into DSP ama_addmuladd_9s_8s_11ns_17ns_21_4_1_U606/graphsage_int8_po2_ama_addmuladd_9s_8s_11ns_17ns_21_4_1_DSP48_0_U/p_reg_reg.
DSP Report: operator ama_addmuladd_9s_8s_11ns_17ns_21_4_1_U606/graphsage_int8_po2_ama_addmuladd_9s_8s_11ns_17ns_21_4_1_DSP48_0_U/p is absorbed into DSP ama_addmuladd_9s_8s_11ns_17ns_21_4_1_U606/graphsage_int8_po2_ama_addmuladd_9s_8s_11ns_17ns_21_4_1_DSP48_0_U/p_reg_reg.
DSP Report: operator ama_addmuladd_9s_8s_11ns_17ns_21_4_1_U606/graphsage_int8_po2_ama_addmuladd_9s_8s_11ns_17ns_21_4_1_DSP48_0_U/m is absorbed into DSP ama_addmuladd_9s_8s_11ns_17ns_21_4_1_U606/graphsage_int8_po2_ama_addmuladd_9s_8s_11ns_17ns_21_4_1_DSP48_0_U/p_reg_reg.
DSP Report: operator ama_addmuladd_9s_8s_11ns_17ns_21_4_1_U606/graphsage_int8_po2_ama_addmuladd_9s_8s_11ns_17ns_21_4_1_DSP48_0_U/ad is absorbed into DSP ama_addmuladd_9s_8s_11ns_17ns_21_4_1_U606/graphsage_int8_po2_ama_addmuladd_9s_8s_11ns_17ns_21_4_1_DSP48_0_U/p_reg_reg.
DSP Report: Generating DSP ama_addmuladd_9s_8s_11ns_17ns_21_4_1_U609/graphsage_int8_po2_ama_addmuladd_9s_8s_11ns_17ns_21_4_1_DSP48_0_U/p_reg_reg, operation Mode is: (C:0x10000)+((D'+A2)*(B:0x555)')'.
DSP Report: register registered_input_104_reg_22715_reg is absorbed into DSP ama_addmuladd_9s_8s_11ns_17ns_21_4_1_U609/graphsage_int8_po2_ama_addmuladd_9s_8s_11ns_17ns_21_4_1_DSP48_0_U/p_reg_reg.
DSP Report: register neighbor_sum_25_reg_22875_reg is absorbed into DSP ama_addmuladd_9s_8s_11ns_17ns_21_4_1_U609/graphsage_int8_po2_ama_addmuladd_9s_8s_11ns_17ns_21_4_1_DSP48_0_U/p_reg_reg.
DSP Report: register ama_addmuladd_9s_8s_11ns_17ns_21_4_1_U612/graphsage_int8_po2_ama_addmuladd_9s_8s_11ns_17ns_21_4_1_DSP48_0_U/b_reg_reg is absorbed into DSP ama_addmuladd_9s_8s_11ns_17ns_21_4_1_U609/graphsage_int8_po2_ama_addmuladd_9s_8s_11ns_17ns_21_4_1_DSP48_0_U/p_reg_reg.
DSP Report: register ama_addmuladd_9s_8s_11ns_17ns_21_4_1_U609/graphsage_int8_po2_ama_addmuladd_9s_8s_11ns_17ns_21_4_1_DSP48_0_U/p_reg_reg is absorbed into DSP ama_addmuladd_9s_8s_11ns_17ns_21_4_1_U609/graphsage_int8_po2_ama_addmuladd_9s_8s_11ns_17ns_21_4_1_DSP48_0_U/p_reg_reg.
DSP Report: register ama_addmuladd_9s_8s_11ns_17ns_21_4_1_U609/graphsage_int8_po2_ama_addmuladd_9s_8s_11ns_17ns_21_4_1_DSP48_0_U/m_reg_reg is absorbed into DSP ama_addmuladd_9s_8s_11ns_17ns_21_4_1_U609/graphsage_int8_po2_ama_addmuladd_9s_8s_11ns_17ns_21_4_1_DSP48_0_U/p_reg_reg.
DSP Report: register ama_addmuladd_9s_8s_11ns_17ns_21_4_1_U609/graphsage_int8_po2_ama_addmuladd_9s_8s_11ns_17ns_21_4_1_DSP48_0_U/ad_reg_reg is absorbed into DSP ama_addmuladd_9s_8s_11ns_17ns_21_4_1_U609/graphsage_int8_po2_ama_addmuladd_9s_8s_11ns_17ns_21_4_1_DSP48_0_U/p_reg_reg.
DSP Report: operator ama_addmuladd_9s_8s_11ns_17ns_21_4_1_U609/graphsage_int8_po2_ama_addmuladd_9s_8s_11ns_17ns_21_4_1_DSP48_0_U/p is absorbed into DSP ama_addmuladd_9s_8s_11ns_17ns_21_4_1_U609/graphsage_int8_po2_ama_addmuladd_9s_8s_11ns_17ns_21_4_1_DSP48_0_U/p_reg_reg.
DSP Report: operator ama_addmuladd_9s_8s_11ns_17ns_21_4_1_U609/graphsage_int8_po2_ama_addmuladd_9s_8s_11ns_17ns_21_4_1_DSP48_0_U/m is absorbed into DSP ama_addmuladd_9s_8s_11ns_17ns_21_4_1_U609/graphsage_int8_po2_ama_addmuladd_9s_8s_11ns_17ns_21_4_1_DSP48_0_U/p_reg_reg.
DSP Report: operator ama_addmuladd_9s_8s_11ns_17ns_21_4_1_U609/graphsage_int8_po2_ama_addmuladd_9s_8s_11ns_17ns_21_4_1_DSP48_0_U/ad is absorbed into DSP ama_addmuladd_9s_8s_11ns_17ns_21_4_1_U609/graphsage_int8_po2_ama_addmuladd_9s_8s_11ns_17ns_21_4_1_DSP48_0_U/p_reg_reg.
DSP Report: Generating DSP ama_addmuladd_9s_8s_11ns_17ns_21_4_1_U596/graphsage_int8_po2_ama_addmuladd_9s_8s_11ns_17ns_21_4_1_DSP48_0_U/p_reg_reg, operation Mode is: (C:0x10000)+((D'+A2)*(B:0x555)')'.
DSP Report: register registered_input_75_reg_22650_reg is absorbed into DSP ama_addmuladd_9s_8s_11ns_17ns_21_4_1_U596/graphsage_int8_po2_ama_addmuladd_9s_8s_11ns_17ns_21_4_1_DSP48_0_U/p_reg_reg.
DSP Report: register add_ln32_22_reg_22970_reg is absorbed into DSP ama_addmuladd_9s_8s_11ns_17ns_21_4_1_U596/graphsage_int8_po2_ama_addmuladd_9s_8s_11ns_17ns_21_4_1_DSP48_0_U/p_reg_reg.
DSP Report: register ama_addmuladd_9s_8s_11ns_17ns_21_4_1_U612/graphsage_int8_po2_ama_addmuladd_9s_8s_11ns_17ns_21_4_1_DSP48_0_U/b_reg_reg is absorbed into DSP ama_addmuladd_9s_8s_11ns_17ns_21_4_1_U596/graphsage_int8_po2_ama_addmuladd_9s_8s_11ns_17ns_21_4_1_DSP48_0_U/p_reg_reg.
DSP Report: register ama_addmuladd_9s_8s_11ns_17ns_21_4_1_U596/graphsage_int8_po2_ama_addmuladd_9s_8s_11ns_17ns_21_4_1_DSP48_0_U/p_reg_reg is absorbed into DSP ama_addmuladd_9s_8s_11ns_17ns_21_4_1_U596/graphsage_int8_po2_ama_addmuladd_9s_8s_11ns_17ns_21_4_1_DSP48_0_U/p_reg_reg.
DSP Report: register ama_addmuladd_9s_8s_11ns_17ns_21_4_1_U596/graphsage_int8_po2_ama_addmuladd_9s_8s_11ns_17ns_21_4_1_DSP48_0_U/m_reg_reg is absorbed into DSP ama_addmuladd_9s_8s_11ns_17ns_21_4_1_U596/graphsage_int8_po2_ama_addmuladd_9s_8s_11ns_17ns_21_4_1_DSP48_0_U/p_reg_reg.
DSP Report: register ama_addmuladd_9s_8s_11ns_17ns_21_4_1_U596/graphsage_int8_po2_ama_addmuladd_9s_8s_11ns_17ns_21_4_1_DSP48_0_U/ad_reg_reg is absorbed into DSP ama_addmuladd_9s_8s_11ns_17ns_21_4_1_U596/graphsage_int8_po2_ama_addmuladd_9s_8s_11ns_17ns_21_4_1_DSP48_0_U/p_reg_reg.
DSP Report: operator ama_addmuladd_9s_8s_11ns_17ns_21_4_1_U596/graphsage_int8_po2_ama_addmuladd_9s_8s_11ns_17ns_21_4_1_DSP48_0_U/p is absorbed into DSP ama_addmuladd_9s_8s_11ns_17ns_21_4_1_U596/graphsage_int8_po2_ama_addmuladd_9s_8s_11ns_17ns_21_4_1_DSP48_0_U/p_reg_reg.
DSP Report: operator ama_addmuladd_9s_8s_11ns_17ns_21_4_1_U596/graphsage_int8_po2_ama_addmuladd_9s_8s_11ns_17ns_21_4_1_DSP48_0_U/m is absorbed into DSP ama_addmuladd_9s_8s_11ns_17ns_21_4_1_U596/graphsage_int8_po2_ama_addmuladd_9s_8s_11ns_17ns_21_4_1_DSP48_0_U/p_reg_reg.
DSP Report: operator ama_addmuladd_9s_8s_11ns_17ns_21_4_1_U596/graphsage_int8_po2_ama_addmuladd_9s_8s_11ns_17ns_21_4_1_DSP48_0_U/ad is absorbed into DSP ama_addmuladd_9s_8s_11ns_17ns_21_4_1_U596/graphsage_int8_po2_ama_addmuladd_9s_8s_11ns_17ns_21_4_1_DSP48_0_U/p_reg_reg.
DSP Report: Generating DSP ama_addmuladd_9s_8s_11ns_17ns_21_4_1_U593/graphsage_int8_po2_ama_addmuladd_9s_8s_11ns_17ns_21_4_1_DSP48_0_U/p_reg_reg, operation Mode is: (C:0x10000)+((D'+A2)*(B:0x555)')'.
DSP Report: register registered_input_72_reg_22635_reg is absorbed into DSP ama_addmuladd_9s_8s_11ns_17ns_21_4_1_U593/graphsage_int8_po2_ama_addmuladd_9s_8s_11ns_17ns_21_4_1_DSP48_0_U/p_reg_reg.
DSP Report: register add_ln32_16_reg_22955_reg is absorbed into DSP ama_addmuladd_9s_8s_11ns_17ns_21_4_1_U593/graphsage_int8_po2_ama_addmuladd_9s_8s_11ns_17ns_21_4_1_DSP48_0_U/p_reg_reg.
DSP Report: register ama_addmuladd_9s_8s_11ns_17ns_21_4_1_U612/graphsage_int8_po2_ama_addmuladd_9s_8s_11ns_17ns_21_4_1_DSP48_0_U/b_reg_reg is absorbed into DSP ama_addmuladd_9s_8s_11ns_17ns_21_4_1_U593/graphsage_int8_po2_ama_addmuladd_9s_8s_11ns_17ns_21_4_1_DSP48_0_U/p_reg_reg.
DSP Report: register ama_addmuladd_9s_8s_11ns_17ns_21_4_1_U593/graphsage_int8_po2_ama_addmuladd_9s_8s_11ns_17ns_21_4_1_DSP48_0_U/p_reg_reg is absorbed into DSP ama_addmuladd_9s_8s_11ns_17ns_21_4_1_U593/graphsage_int8_po2_ama_addmuladd_9s_8s_11ns_17ns_21_4_1_DSP48_0_U/p_reg_reg.
DSP Report: register ama_addmuladd_9s_8s_11ns_17ns_21_4_1_U593/graphsage_int8_po2_ama_addmuladd_9s_8s_11ns_17ns_21_4_1_DSP48_0_U/m_reg_reg is absorbed into DSP ama_addmuladd_9s_8s_11ns_17ns_21_4_1_U593/graphsage_int8_po2_ama_addmuladd_9s_8s_11ns_17ns_21_4_1_DSP48_0_U/p_reg_reg.
DSP Report: register ama_addmuladd_9s_8s_11ns_17ns_21_4_1_U593/graphsage_int8_po2_ama_addmuladd_9s_8s_11ns_17ns_21_4_1_DSP48_0_U/ad_reg_reg is absorbed into DSP ama_addmuladd_9s_8s_11ns_17ns_21_4_1_U593/graphsage_int8_po2_ama_addmuladd_9s_8s_11ns_17ns_21_4_1_DSP48_0_U/p_reg_reg.
DSP Report: operator ama_addmuladd_9s_8s_11ns_17ns_21_4_1_U593/graphsage_int8_po2_ama_addmuladd_9s_8s_11ns_17ns_21_4_1_DSP48_0_U/p is absorbed into DSP ama_addmuladd_9s_8s_11ns_17ns_21_4_1_U593/graphsage_int8_po2_ama_addmuladd_9s_8s_11ns_17ns_21_4_1_DSP48_0_U/p_reg_reg.
DSP Report: operator ama_addmuladd_9s_8s_11ns_17ns_21_4_1_U593/graphsage_int8_po2_ama_addmuladd_9s_8s_11ns_17ns_21_4_1_DSP48_0_U/m is absorbed into DSP ama_addmuladd_9s_8s_11ns_17ns_21_4_1_U593/graphsage_int8_po2_ama_addmuladd_9s_8s_11ns_17ns_21_4_1_DSP48_0_U/p_reg_reg.
DSP Report: operator ama_addmuladd_9s_8s_11ns_17ns_21_4_1_U593/graphsage_int8_po2_ama_addmuladd_9s_8s_11ns_17ns_21_4_1_DSP48_0_U/ad is absorbed into DSP ama_addmuladd_9s_8s_11ns_17ns_21_4_1_U593/graphsage_int8_po2_ama_addmuladd_9s_8s_11ns_17ns_21_4_1_DSP48_0_U/p_reg_reg.
DSP Report: Generating DSP ama_addmuladd_9s_8s_11ns_17ns_21_4_1_U592/graphsage_int8_po2_ama_addmuladd_9s_8s_11ns_17ns_21_4_1_DSP48_0_U/p_reg_reg, operation Mode is: (C:0x10000)+((D'+A2)*(B:0x555)')'.
DSP Report: register registered_input_71_reg_22630_reg is absorbed into DSP ama_addmuladd_9s_8s_11ns_17ns_21_4_1_U592/graphsage_int8_po2_ama_addmuladd_9s_8s_11ns_17ns_21_4_1_DSP48_0_U/p_reg_reg.
DSP Report: register add_ln32_14_reg_22950_reg is absorbed into DSP ama_addmuladd_9s_8s_11ns_17ns_21_4_1_U592/graphsage_int8_po2_ama_addmuladd_9s_8s_11ns_17ns_21_4_1_DSP48_0_U/p_reg_reg.
DSP Report: register ama_addmuladd_9s_8s_11ns_17ns_21_4_1_U612/graphsage_int8_po2_ama_addmuladd_9s_8s_11ns_17ns_21_4_1_DSP48_0_U/b_reg_reg is absorbed into DSP ama_addmuladd_9s_8s_11ns_17ns_21_4_1_U592/graphsage_int8_po2_ama_addmuladd_9s_8s_11ns_17ns_21_4_1_DSP48_0_U/p_reg_reg.
DSP Report: register ama_addmuladd_9s_8s_11ns_17ns_21_4_1_U592/graphsage_int8_po2_ama_addmuladd_9s_8s_11ns_17ns_21_4_1_DSP48_0_U/p_reg_reg is absorbed into DSP ama_addmuladd_9s_8s_11ns_17ns_21_4_1_U592/graphsage_int8_po2_ama_addmuladd_9s_8s_11ns_17ns_21_4_1_DSP48_0_U/p_reg_reg.
DSP Report: register ama_addmuladd_9s_8s_11ns_17ns_21_4_1_U592/graphsage_int8_po2_ama_addmuladd_9s_8s_11ns_17ns_21_4_1_DSP48_0_U/m_reg_reg is absorbed into DSP ama_addmuladd_9s_8s_11ns_17ns_21_4_1_U592/graphsage_int8_po2_ama_addmuladd_9s_8s_11ns_17ns_21_4_1_DSP48_0_U/p_reg_reg.
DSP Report: register ama_addmuladd_9s_8s_11ns_17ns_21_4_1_U592/graphsage_int8_po2_ama_addmuladd_9s_8s_11ns_17ns_21_4_1_DSP48_0_U/ad_reg_reg is absorbed into DSP ama_addmuladd_9s_8s_11ns_17ns_21_4_1_U592/graphsage_int8_po2_ama_addmuladd_9s_8s_11ns_17ns_21_4_1_DSP48_0_U/p_reg_reg.
DSP Report: operator ama_addmuladd_9s_8s_11ns_17ns_21_4_1_U592/graphsage_int8_po2_ama_addmuladd_9s_8s_11ns_17ns_21_4_1_DSP48_0_U/p is absorbed into DSP ama_addmuladd_9s_8s_11ns_17ns_21_4_1_U592/graphsage_int8_po2_ama_addmuladd_9s_8s_11ns_17ns_21_4_1_DSP48_0_U/p_reg_reg.
DSP Report: operator ama_addmuladd_9s_8s_11ns_17ns_21_4_1_U592/graphsage_int8_po2_ama_addmuladd_9s_8s_11ns_17ns_21_4_1_DSP48_0_U/m is absorbed into DSP ama_addmuladd_9s_8s_11ns_17ns_21_4_1_U592/graphsage_int8_po2_ama_addmuladd_9s_8s_11ns_17ns_21_4_1_DSP48_0_U/p_reg_reg.
DSP Report: operator ama_addmuladd_9s_8s_11ns_17ns_21_4_1_U592/graphsage_int8_po2_ama_addmuladd_9s_8s_11ns_17ns_21_4_1_DSP48_0_U/ad is absorbed into DSP ama_addmuladd_9s_8s_11ns_17ns_21_4_1_U592/graphsage_int8_po2_ama_addmuladd_9s_8s_11ns_17ns_21_4_1_DSP48_0_U/p_reg_reg.
DSP Report: Generating DSP ama_addmuladd_9s_8s_11ns_17ns_21_4_1_U591/graphsage_int8_po2_ama_addmuladd_9s_8s_11ns_17ns_21_4_1_DSP48_0_U/p_reg_reg, operation Mode is: (C:0x10000)+((D'+A2)*(B:0x555)')'.
DSP Report: register registered_input_70_reg_22625_reg is absorbed into DSP ama_addmuladd_9s_8s_11ns_17ns_21_4_1_U591/graphsage_int8_po2_ama_addmuladd_9s_8s_11ns_17ns_21_4_1_DSP48_0_U/p_reg_reg.
DSP Report: register add_ln32_12_reg_22945_reg is absorbed into DSP ama_addmuladd_9s_8s_11ns_17ns_21_4_1_U591/graphsage_int8_po2_ama_addmuladd_9s_8s_11ns_17ns_21_4_1_DSP48_0_U/p_reg_reg.
DSP Report: register ama_addmuladd_9s_8s_11ns_17ns_21_4_1_U612/graphsage_int8_po2_ama_addmuladd_9s_8s_11ns_17ns_21_4_1_DSP48_0_U/b_reg_reg is absorbed into DSP ama_addmuladd_9s_8s_11ns_17ns_21_4_1_U591/graphsage_int8_po2_ama_addmuladd_9s_8s_11ns_17ns_21_4_1_DSP48_0_U/p_reg_reg.
DSP Report: register ama_addmuladd_9s_8s_11ns_17ns_21_4_1_U591/graphsage_int8_po2_ama_addmuladd_9s_8s_11ns_17ns_21_4_1_DSP48_0_U/p_reg_reg is absorbed into DSP ama_addmuladd_9s_8s_11ns_17ns_21_4_1_U591/graphsage_int8_po2_ama_addmuladd_9s_8s_11ns_17ns_21_4_1_DSP48_0_U/p_reg_reg.
DSP Report: register ama_addmuladd_9s_8s_11ns_17ns_21_4_1_U591/graphsage_int8_po2_ama_addmuladd_9s_8s_11ns_17ns_21_4_1_DSP48_0_U/m_reg_reg is absorbed into DSP ama_addmuladd_9s_8s_11ns_17ns_21_4_1_U591/graphsage_int8_po2_ama_addmuladd_9s_8s_11ns_17ns_21_4_1_DSP48_0_U/p_reg_reg.
DSP Report: register ama_addmuladd_9s_8s_11ns_17ns_21_4_1_U591/graphsage_int8_po2_ama_addmuladd_9s_8s_11ns_17ns_21_4_1_DSP48_0_U/ad_reg_reg is absorbed into DSP ama_addmuladd_9s_8s_11ns_17ns_21_4_1_U591/graphsage_int8_po2_ama_addmuladd_9s_8s_11ns_17ns_21_4_1_DSP48_0_U/p_reg_reg.
DSP Report: operator ama_addmuladd_9s_8s_11ns_17ns_21_4_1_U591/graphsage_int8_po2_ama_addmuladd_9s_8s_11ns_17ns_21_4_1_DSP48_0_U/p is absorbed into DSP ama_addmuladd_9s_8s_11ns_17ns_21_4_1_U591/graphsage_int8_po2_ama_addmuladd_9s_8s_11ns_17ns_21_4_1_DSP48_0_U/p_reg_reg.
DSP Report: operator ama_addmuladd_9s_8s_11ns_17ns_21_4_1_U591/graphsage_int8_po2_ama_addmuladd_9s_8s_11ns_17ns_21_4_1_DSP48_0_U/m is absorbed into DSP ama_addmuladd_9s_8s_11ns_17ns_21_4_1_U591/graphsage_int8_po2_ama_addmuladd_9s_8s_11ns_17ns_21_4_1_DSP48_0_U/p_reg_reg.
DSP Report: operator ama_addmuladd_9s_8s_11ns_17ns_21_4_1_U591/graphsage_int8_po2_ama_addmuladd_9s_8s_11ns_17ns_21_4_1_DSP48_0_U/ad is absorbed into DSP ama_addmuladd_9s_8s_11ns_17ns_21_4_1_U591/graphsage_int8_po2_ama_addmuladd_9s_8s_11ns_17ns_21_4_1_DSP48_0_U/p_reg_reg.
DSP Report: Generating DSP ama_addmuladd_9s_8s_11ns_17ns_21_4_1_U590/graphsage_int8_po2_ama_addmuladd_9s_8s_11ns_17ns_21_4_1_DSP48_0_U/p_reg_reg, operation Mode is: (C:0x10000)+((D'+A2)*(B:0x555)')'.
DSP Report: register registered_input_69_reg_22620_reg is absorbed into DSP ama_addmuladd_9s_8s_11ns_17ns_21_4_1_U590/graphsage_int8_po2_ama_addmuladd_9s_8s_11ns_17ns_21_4_1_DSP48_0_U/p_reg_reg.
DSP Report: register add_ln32_10_reg_22940_reg is absorbed into DSP ama_addmuladd_9s_8s_11ns_17ns_21_4_1_U590/graphsage_int8_po2_ama_addmuladd_9s_8s_11ns_17ns_21_4_1_DSP48_0_U/p_reg_reg.
DSP Report: register ama_addmuladd_9s_8s_11ns_17ns_21_4_1_U612/graphsage_int8_po2_ama_addmuladd_9s_8s_11ns_17ns_21_4_1_DSP48_0_U/b_reg_reg is absorbed into DSP ama_addmuladd_9s_8s_11ns_17ns_21_4_1_U590/graphsage_int8_po2_ama_addmuladd_9s_8s_11ns_17ns_21_4_1_DSP48_0_U/p_reg_reg.
DSP Report: register ama_addmuladd_9s_8s_11ns_17ns_21_4_1_U590/graphsage_int8_po2_ama_addmuladd_9s_8s_11ns_17ns_21_4_1_DSP48_0_U/p_reg_reg is absorbed into DSP ama_addmuladd_9s_8s_11ns_17ns_21_4_1_U590/graphsage_int8_po2_ama_addmuladd_9s_8s_11ns_17ns_21_4_1_DSP48_0_U/p_reg_reg.
DSP Report: register ama_addmuladd_9s_8s_11ns_17ns_21_4_1_U590/graphsage_int8_po2_ama_addmuladd_9s_8s_11ns_17ns_21_4_1_DSP48_0_U/m_reg_reg is absorbed into DSP ama_addmuladd_9s_8s_11ns_17ns_21_4_1_U590/graphsage_int8_po2_ama_addmuladd_9s_8s_11ns_17ns_21_4_1_DSP48_0_U/p_reg_reg.
DSP Report: register ama_addmuladd_9s_8s_11ns_17ns_21_4_1_U590/graphsage_int8_po2_ama_addmuladd_9s_8s_11ns_17ns_21_4_1_DSP48_0_U/ad_reg_reg is absorbed into DSP ama_addmuladd_9s_8s_11ns_17ns_21_4_1_U590/graphsage_int8_po2_ama_addmuladd_9s_8s_11ns_17ns_21_4_1_DSP48_0_U/p_reg_reg.
DSP Report: operator ama_addmuladd_9s_8s_11ns_17ns_21_4_1_U590/graphsage_int8_po2_ama_addmuladd_9s_8s_11ns_17ns_21_4_1_DSP48_0_U/p is absorbed into DSP ama_addmuladd_9s_8s_11ns_17ns_21_4_1_U590/graphsage_int8_po2_ama_addmuladd_9s_8s_11ns_17ns_21_4_1_DSP48_0_U/p_reg_reg.
DSP Report: operator ama_addmuladd_9s_8s_11ns_17ns_21_4_1_U590/graphsage_int8_po2_ama_addmuladd_9s_8s_11ns_17ns_21_4_1_DSP48_0_U/m is absorbed into DSP ama_addmuladd_9s_8s_11ns_17ns_21_4_1_U590/graphsage_int8_po2_ama_addmuladd_9s_8s_11ns_17ns_21_4_1_DSP48_0_U/p_reg_reg.
DSP Report: operator ama_addmuladd_9s_8s_11ns_17ns_21_4_1_U590/graphsage_int8_po2_ama_addmuladd_9s_8s_11ns_17ns_21_4_1_DSP48_0_U/ad is absorbed into DSP ama_addmuladd_9s_8s_11ns_17ns_21_4_1_U590/graphsage_int8_po2_ama_addmuladd_9s_8s_11ns_17ns_21_4_1_DSP48_0_U/p_reg_reg.
DSP Report: Generating DSP ama_addmuladd_9s_8s_11ns_17ns_21_4_1_U586/graphsage_int8_po2_ama_addmuladd_9s_8s_11ns_17ns_21_4_1_DSP48_0_U/p_reg_reg, operation Mode is: (C:0x10000)+((D'+A2)*(B:0x555)')'.
DSP Report: register registered_input_65_reg_22600_reg is absorbed into DSP ama_addmuladd_9s_8s_11ns_17ns_21_4_1_U586/graphsage_int8_po2_ama_addmuladd_9s_8s_11ns_17ns_21_4_1_DSP48_0_U/p_reg_reg.
DSP Report: register add_ln32_2_reg_22920_reg is absorbed into DSP ama_addmuladd_9s_8s_11ns_17ns_21_4_1_U586/graphsage_int8_po2_ama_addmuladd_9s_8s_11ns_17ns_21_4_1_DSP48_0_U/p_reg_reg.
DSP Report: register ama_addmuladd_9s_8s_11ns_17ns_21_4_1_U612/graphsage_int8_po2_ama_addmuladd_9s_8s_11ns_17ns_21_4_1_DSP48_0_U/b_reg_reg is absorbed into DSP ama_addmuladd_9s_8s_11ns_17ns_21_4_1_U586/graphsage_int8_po2_ama_addmuladd_9s_8s_11ns_17ns_21_4_1_DSP48_0_U/p_reg_reg.
DSP Report: register ama_addmuladd_9s_8s_11ns_17ns_21_4_1_U586/graphsage_int8_po2_ama_addmuladd_9s_8s_11ns_17ns_21_4_1_DSP48_0_U/p_reg_reg is absorbed into DSP ama_addmuladd_9s_8s_11ns_17ns_21_4_1_U586/graphsage_int8_po2_ama_addmuladd_9s_8s_11ns_17ns_21_4_1_DSP48_0_U/p_reg_reg.
DSP Report: register ama_addmuladd_9s_8s_11ns_17ns_21_4_1_U586/graphsage_int8_po2_ama_addmuladd_9s_8s_11ns_17ns_21_4_1_DSP48_0_U/m_reg_reg is absorbed into DSP ama_addmuladd_9s_8s_11ns_17ns_21_4_1_U586/graphsage_int8_po2_ama_addmuladd_9s_8s_11ns_17ns_21_4_1_DSP48_0_U/p_reg_reg.
DSP Report: register ama_addmuladd_9s_8s_11ns_17ns_21_4_1_U586/graphsage_int8_po2_ama_addmuladd_9s_8s_11ns_17ns_21_4_1_DSP48_0_U/ad_reg_reg is absorbed into DSP ama_addmuladd_9s_8s_11ns_17ns_21_4_1_U586/graphsage_int8_po2_ama_addmuladd_9s_8s_11ns_17ns_21_4_1_DSP48_0_U/p_reg_reg.
DSP Report: operator ama_addmuladd_9s_8s_11ns_17ns_21_4_1_U586/graphsage_int8_po2_ama_addmuladd_9s_8s_11ns_17ns_21_4_1_DSP48_0_U/p is absorbed into DSP ama_addmuladd_9s_8s_11ns_17ns_21_4_1_U586/graphsage_int8_po2_ama_addmuladd_9s_8s_11ns_17ns_21_4_1_DSP48_0_U/p_reg_reg.
DSP Report: operator ama_addmuladd_9s_8s_11ns_17ns_21_4_1_U586/graphsage_int8_po2_ama_addmuladd_9s_8s_11ns_17ns_21_4_1_DSP48_0_U/m is absorbed into DSP ama_addmuladd_9s_8s_11ns_17ns_21_4_1_U586/graphsage_int8_po2_ama_addmuladd_9s_8s_11ns_17ns_21_4_1_DSP48_0_U/p_reg_reg.
DSP Report: operator ama_addmuladd_9s_8s_11ns_17ns_21_4_1_U586/graphsage_int8_po2_ama_addmuladd_9s_8s_11ns_17ns_21_4_1_DSP48_0_U/ad is absorbed into DSP ama_addmuladd_9s_8s_11ns_17ns_21_4_1_U586/graphsage_int8_po2_ama_addmuladd_9s_8s_11ns_17ns_21_4_1_DSP48_0_U/p_reg_reg.
DSP Report: Generating DSP ama_addmuladd_9s_8s_11ns_17ns_21_4_1_U580/graphsage_int8_po2_ama_addmuladd_9s_8s_11ns_17ns_21_4_1_DSP48_0_U/p_reg_reg, operation Mode is: (C:0x10000)+((D'+A2)*(B:0x555)')'.
DSP Report: register registered_input_123_reg_22810_reg is absorbed into DSP ama_addmuladd_9s_8s_11ns_17ns_21_4_1_U580/graphsage_int8_po2_ama_addmuladd_9s_8s_11ns_17ns_21_4_1_DSP48_0_U/p_reg_reg.
DSP Report: register neighbor_sum_34_reg_22890_reg is absorbed into DSP ama_addmuladd_9s_8s_11ns_17ns_21_4_1_U580/graphsage_int8_po2_ama_addmuladd_9s_8s_11ns_17ns_21_4_1_DSP48_0_U/p_reg_reg.
DSP Report: register ama_addmuladd_9s_8s_11ns_17ns_21_4_1_U612/graphsage_int8_po2_ama_addmuladd_9s_8s_11ns_17ns_21_4_1_DSP48_0_U/b_reg_reg is absorbed into DSP ama_addmuladd_9s_8s_11ns_17ns_21_4_1_U580/graphsage_int8_po2_ama_addmuladd_9s_8s_11ns_17ns_21_4_1_DSP48_0_U/p_reg_reg.
DSP Report: register ama_addmuladd_9s_8s_11ns_17ns_21_4_1_U580/graphsage_int8_po2_ama_addmuladd_9s_8s_11ns_17ns_21_4_1_DSP48_0_U/p_reg_reg is absorbed into DSP ama_addmuladd_9s_8s_11ns_17ns_21_4_1_U580/graphsage_int8_po2_ama_addmuladd_9s_8s_11ns_17ns_21_4_1_DSP48_0_U/p_reg_reg.
DSP Report: register ama_addmuladd_9s_8s_11ns_17ns_21_4_1_U580/graphsage_int8_po2_ama_addmuladd_9s_8s_11ns_17ns_21_4_1_DSP48_0_U/m_reg_reg is absorbed into DSP ama_addmuladd_9s_8s_11ns_17ns_21_4_1_U580/graphsage_int8_po2_ama_addmuladd_9s_8s_11ns_17ns_21_4_1_DSP48_0_U/p_reg_reg.
DSP Report: register ama_addmuladd_9s_8s_11ns_17ns_21_4_1_U580/graphsage_int8_po2_ama_addmuladd_9s_8s_11ns_17ns_21_4_1_DSP48_0_U/ad_reg_reg is absorbed into DSP ama_addmuladd_9s_8s_11ns_17ns_21_4_1_U580/graphsage_int8_po2_ama_addmuladd_9s_8s_11ns_17ns_21_4_1_DSP48_0_U/p_reg_reg.
DSP Report: operator ama_addmuladd_9s_8s_11ns_17ns_21_4_1_U580/graphsage_int8_po2_ama_addmuladd_9s_8s_11ns_17ns_21_4_1_DSP48_0_U/p is absorbed into DSP ama_addmuladd_9s_8s_11ns_17ns_21_4_1_U580/graphsage_int8_po2_ama_addmuladd_9s_8s_11ns_17ns_21_4_1_DSP48_0_U/p_reg_reg.
DSP Report: operator ama_addmuladd_9s_8s_11ns_17ns_21_4_1_U580/graphsage_int8_po2_ama_addmuladd_9s_8s_11ns_17ns_21_4_1_DSP48_0_U/m is absorbed into DSP ama_addmuladd_9s_8s_11ns_17ns_21_4_1_U580/graphsage_int8_po2_ama_addmuladd_9s_8s_11ns_17ns_21_4_1_DSP48_0_U/p_reg_reg.
DSP Report: operator ama_addmuladd_9s_8s_11ns_17ns_21_4_1_U580/graphsage_int8_po2_ama_addmuladd_9s_8s_11ns_17ns_21_4_1_DSP48_0_U/ad is absorbed into DSP ama_addmuladd_9s_8s_11ns_17ns_21_4_1_U580/graphsage_int8_po2_ama_addmuladd_9s_8s_11ns_17ns_21_4_1_DSP48_0_U/p_reg_reg.
DSP Report: Generating DSP ama_addmuladd_9s_8s_11ns_17ns_21_4_1_U577/graphsage_int8_po2_ama_addmuladd_9s_8s_11ns_17ns_21_4_1_DSP48_0_U/p_reg_reg, operation Mode is: (C:0x10000)+((D'+A2)*(B:0x555)')'.
DSP Report: register neighbor_sum_25_reg_22875_reg is absorbed into DSP ama_addmuladd_9s_8s_11ns_17ns_21_4_1_U577/graphsage_int8_po2_ama_addmuladd_9s_8s_11ns_17ns_21_4_1_DSP48_0_U/p_reg_reg.
DSP Report: register registered_input_120_reg_22795_reg is absorbed into DSP ama_addmuladd_9s_8s_11ns_17ns_21_4_1_U577/graphsage_int8_po2_ama_addmuladd_9s_8s_11ns_17ns_21_4_1_DSP48_0_U/p_reg_reg.
DSP Report: register ama_addmuladd_9s_8s_11ns_17ns_21_4_1_U612/graphsage_int8_po2_ama_addmuladd_9s_8s_11ns_17ns_21_4_1_DSP48_0_U/b_reg_reg is absorbed into DSP ama_addmuladd_9s_8s_11ns_17ns_21_4_1_U577/graphsage_int8_po2_ama_addmuladd_9s_8s_11ns_17ns_21_4_1_DSP48_0_U/p_reg_reg.
DSP Report: register ama_addmuladd_9s_8s_11ns_17ns_21_4_1_U577/graphsage_int8_po2_ama_addmuladd_9s_8s_11ns_17ns_21_4_1_DSP48_0_U/p_reg_reg is absorbed into DSP ama_addmuladd_9s_8s_11ns_17ns_21_4_1_U577/graphsage_int8_po2_ama_addmuladd_9s_8s_11ns_17ns_21_4_1_DSP48_0_U/p_reg_reg.
DSP Report: register ama_addmuladd_9s_8s_11ns_17ns_21_4_1_U577/graphsage_int8_po2_ama_addmuladd_9s_8s_11ns_17ns_21_4_1_DSP48_0_U/m_reg_reg is absorbed into DSP ama_addmuladd_9s_8s_11ns_17ns_21_4_1_U577/graphsage_int8_po2_ama_addmuladd_9s_8s_11ns_17ns_21_4_1_DSP48_0_U/p_reg_reg.
DSP Report: register ama_addmuladd_9s_8s_11ns_17ns_21_4_1_U577/graphsage_int8_po2_ama_addmuladd_9s_8s_11ns_17ns_21_4_1_DSP48_0_U/ad_reg_reg is absorbed into DSP ama_addmuladd_9s_8s_11ns_17ns_21_4_1_U577/graphsage_int8_po2_ama_addmuladd_9s_8s_11ns_17ns_21_4_1_DSP48_0_U/p_reg_reg.
DSP Report: operator ama_addmuladd_9s_8s_11ns_17ns_21_4_1_U577/graphsage_int8_po2_ama_addmuladd_9s_8s_11ns_17ns_21_4_1_DSP48_0_U/p is absorbed into DSP ama_addmuladd_9s_8s_11ns_17ns_21_4_1_U577/graphsage_int8_po2_ama_addmuladd_9s_8s_11ns_17ns_21_4_1_DSP48_0_U/p_reg_reg.
DSP Report: operator ama_addmuladd_9s_8s_11ns_17ns_21_4_1_U577/graphsage_int8_po2_ama_addmuladd_9s_8s_11ns_17ns_21_4_1_DSP48_0_U/m is absorbed into DSP ama_addmuladd_9s_8s_11ns_17ns_21_4_1_U577/graphsage_int8_po2_ama_addmuladd_9s_8s_11ns_17ns_21_4_1_DSP48_0_U/p_reg_reg.
DSP Report: operator ama_addmuladd_9s_8s_11ns_17ns_21_4_1_U577/graphsage_int8_po2_ama_addmuladd_9s_8s_11ns_17ns_21_4_1_DSP48_0_U/ad is absorbed into DSP ama_addmuladd_9s_8s_11ns_17ns_21_4_1_U577/graphsage_int8_po2_ama_addmuladd_9s_8s_11ns_17ns_21_4_1_DSP48_0_U/p_reg_reg.
DSP Report: Generating DSP ama_addmuladd_9s_8s_11ns_17ns_21_4_1_U576/graphsage_int8_po2_ama_addmuladd_9s_8s_11ns_17ns_21_4_1_DSP48_0_U/p_reg_reg, operation Mode is: (C:0x10000)+((D'+A2)*(B:0x555)')'.
DSP Report: register registered_input_119_reg_22790_reg is absorbed into DSP ama_addmuladd_9s_8s_11ns_17ns_21_4_1_U576/graphsage_int8_po2_ama_addmuladd_9s_8s_11ns_17ns_21_4_1_DSP48_0_U/p_reg_reg.
DSP Report: register neighbor_sum_22_reg_22870_reg is absorbed into DSP ama_addmuladd_9s_8s_11ns_17ns_21_4_1_U576/graphsage_int8_po2_ama_addmuladd_9s_8s_11ns_17ns_21_4_1_DSP48_0_U/p_reg_reg.
DSP Report: register ama_addmuladd_9s_8s_11ns_17ns_21_4_1_U612/graphsage_int8_po2_ama_addmuladd_9s_8s_11ns_17ns_21_4_1_DSP48_0_U/b_reg_reg is absorbed into DSP ama_addmuladd_9s_8s_11ns_17ns_21_4_1_U576/graphsage_int8_po2_ama_addmuladd_9s_8s_11ns_17ns_21_4_1_DSP48_0_U/p_reg_reg.
DSP Report: register ama_addmuladd_9s_8s_11ns_17ns_21_4_1_U576/graphsage_int8_po2_ama_addmuladd_9s_8s_11ns_17ns_21_4_1_DSP48_0_U/p_reg_reg is absorbed into DSP ama_addmuladd_9s_8s_11ns_17ns_21_4_1_U576/graphsage_int8_po2_ama_addmuladd_9s_8s_11ns_17ns_21_4_1_DSP48_0_U/p_reg_reg.
DSP Report: register ama_addmuladd_9s_8s_11ns_17ns_21_4_1_U576/graphsage_int8_po2_ama_addmuladd_9s_8s_11ns_17ns_21_4_1_DSP48_0_U/m_reg_reg is absorbed into DSP ama_addmuladd_9s_8s_11ns_17ns_21_4_1_U576/graphsage_int8_po2_ama_addmuladd_9s_8s_11ns_17ns_21_4_1_DSP48_0_U/p_reg_reg.
DSP Report: register ama_addmuladd_9s_8s_11ns_17ns_21_4_1_U576/graphsage_int8_po2_ama_addmuladd_9s_8s_11ns_17ns_21_4_1_DSP48_0_U/ad_reg_reg is absorbed into DSP ama_addmuladd_9s_8s_11ns_17ns_21_4_1_U576/graphsage_int8_po2_ama_addmuladd_9s_8s_11ns_17ns_21_4_1_DSP48_0_U/p_reg_reg.
DSP Report: operator ama_addmuladd_9s_8s_11ns_17ns_21_4_1_U576/graphsage_int8_po2_ama_addmuladd_9s_8s_11ns_17ns_21_4_1_DSP48_0_U/p is absorbed into DSP ama_addmuladd_9s_8s_11ns_17ns_21_4_1_U576/graphsage_int8_po2_ama_addmuladd_9s_8s_11ns_17ns_21_4_1_DSP48_0_U/p_reg_reg.
DSP Report: operator ama_addmuladd_9s_8s_11ns_17ns_21_4_1_U576/graphsage_int8_po2_ama_addmuladd_9s_8s_11ns_17ns_21_4_1_DSP48_0_U/m is absorbed into DSP ama_addmuladd_9s_8s_11ns_17ns_21_4_1_U576/graphsage_int8_po2_ama_addmuladd_9s_8s_11ns_17ns_21_4_1_DSP48_0_U/p_reg_reg.
DSP Report: operator ama_addmuladd_9s_8s_11ns_17ns_21_4_1_U576/graphsage_int8_po2_ama_addmuladd_9s_8s_11ns_17ns_21_4_1_DSP48_0_U/ad is absorbed into DSP ama_addmuladd_9s_8s_11ns_17ns_21_4_1_U576/graphsage_int8_po2_ama_addmuladd_9s_8s_11ns_17ns_21_4_1_DSP48_0_U/p_reg_reg.
DSP Report: Generating DSP ama_addmuladd_9s_8s_11ns_17ns_21_4_1_U575/graphsage_int8_po2_ama_addmuladd_9s_8s_11ns_17ns_21_4_1_DSP48_0_U/p_reg_reg, operation Mode is: (C:0x10000)+((D'+A2)*(B:0x555)')'.
DSP Report: register registered_input_118_reg_22785_reg is absorbed into DSP ama_addmuladd_9s_8s_11ns_17ns_21_4_1_U575/graphsage_int8_po2_ama_addmuladd_9s_8s_11ns_17ns_21_4_1_DSP48_0_U/p_reg_reg.
DSP Report: register neighbor_sum_19_reg_22865_reg is absorbed into DSP ama_addmuladd_9s_8s_11ns_17ns_21_4_1_U575/graphsage_int8_po2_ama_addmuladd_9s_8s_11ns_17ns_21_4_1_DSP48_0_U/p_reg_reg.
DSP Report: register ama_addmuladd_9s_8s_11ns_17ns_21_4_1_U612/graphsage_int8_po2_ama_addmuladd_9s_8s_11ns_17ns_21_4_1_DSP48_0_U/b_reg_reg is absorbed into DSP ama_addmuladd_9s_8s_11ns_17ns_21_4_1_U575/graphsage_int8_po2_ama_addmuladd_9s_8s_11ns_17ns_21_4_1_DSP48_0_U/p_reg_reg.
DSP Report: register ama_addmuladd_9s_8s_11ns_17ns_21_4_1_U575/graphsage_int8_po2_ama_addmuladd_9s_8s_11ns_17ns_21_4_1_DSP48_0_U/p_reg_reg is absorbed into DSP ama_addmuladd_9s_8s_11ns_17ns_21_4_1_U575/graphsage_int8_po2_ama_addmuladd_9s_8s_11ns_17ns_21_4_1_DSP48_0_U/p_reg_reg.
DSP Report: register ama_addmuladd_9s_8s_11ns_17ns_21_4_1_U575/graphsage_int8_po2_ama_addmuladd_9s_8s_11ns_17ns_21_4_1_DSP48_0_U/m_reg_reg is absorbed into DSP ama_addmuladd_9s_8s_11ns_17ns_21_4_1_U575/graphsage_int8_po2_ama_addmuladd_9s_8s_11ns_17ns_21_4_1_DSP48_0_U/p_reg_reg.
DSP Report: register ama_addmuladd_9s_8s_11ns_17ns_21_4_1_U575/graphsage_int8_po2_ama_addmuladd_9s_8s_11ns_17ns_21_4_1_DSP48_0_U/ad_reg_reg is absorbed into DSP ama_addmuladd_9s_8s_11ns_17ns_21_4_1_U575/graphsage_int8_po2_ama_addmuladd_9s_8s_11ns_17ns_21_4_1_DSP48_0_U/p_reg_reg.
DSP Report: operator ama_addmuladd_9s_8s_11ns_17ns_21_4_1_U575/graphsage_int8_po2_ama_addmuladd_9s_8s_11ns_17ns_21_4_1_DSP48_0_U/p is absorbed into DSP ama_addmuladd_9s_8s_11ns_17ns_21_4_1_U575/graphsage_int8_po2_ama_addmuladd_9s_8s_11ns_17ns_21_4_1_DSP48_0_U/p_reg_reg.
DSP Report: operator ama_addmuladd_9s_8s_11ns_17ns_21_4_1_U575/graphsage_int8_po2_ama_addmuladd_9s_8s_11ns_17ns_21_4_1_DSP48_0_U/m is absorbed into DSP ama_addmuladd_9s_8s_11ns_17ns_21_4_1_U575/graphsage_int8_po2_ama_addmuladd_9s_8s_11ns_17ns_21_4_1_DSP48_0_U/p_reg_reg.
DSP Report: operator ama_addmuladd_9s_8s_11ns_17ns_21_4_1_U575/graphsage_int8_po2_ama_addmuladd_9s_8s_11ns_17ns_21_4_1_DSP48_0_U/ad is absorbed into DSP ama_addmuladd_9s_8s_11ns_17ns_21_4_1_U575/graphsage_int8_po2_ama_addmuladd_9s_8s_11ns_17ns_21_4_1_DSP48_0_U/p_reg_reg.
DSP Report: Generating DSP ama_addmuladd_9s_8s_11ns_17ns_21_4_1_U574/graphsage_int8_po2_ama_addmuladd_9s_8s_11ns_17ns_21_4_1_DSP48_0_U/p_reg_reg, operation Mode is: (C:0x10000)+((D'+A2)*(B:0x555)')'.
DSP Report: register ama_addmuladd_9s_8s_11ns_17ns_21_4_1_U612/graphsage_int8_po2_ama_addmuladd_9s_8s_11ns_17ns_21_4_1_DSP48_0_U/b_reg_reg is absorbed into DSP ama_addmuladd_9s_8s_11ns_17ns_21_4_1_U574/graphsage_int8_po2_ama_addmuladd_9s_8s_11ns_17ns_21_4_1_DSP48_0_U/p_reg_reg.
DSP Report: register neighbor_sum_16_reg_22860_reg is absorbed into DSP ama_addmuladd_9s_8s_11ns_17ns_21_4_1_U574/graphsage_int8_po2_ama_addmuladd_9s_8s_11ns_17ns_21_4_1_DSP48_0_U/p_reg_reg.
DSP Report: register registered_input_117_reg_22780_reg is absorbed into DSP ama_addmuladd_9s_8s_11ns_17ns_21_4_1_U574/graphsage_int8_po2_ama_addmuladd_9s_8s_11ns_17ns_21_4_1_DSP48_0_U/p_reg_reg.
DSP Report: register ama_addmuladd_9s_8s_11ns_17ns_21_4_1_U574/graphsage_int8_po2_ama_addmuladd_9s_8s_11ns_17ns_21_4_1_DSP48_0_U/p_reg_reg is absorbed into DSP ama_addmuladd_9s_8s_11ns_17ns_21_4_1_U574/graphsage_int8_po2_ama_addmuladd_9s_8s_11ns_17ns_21_4_1_DSP48_0_U/p_reg_reg.
DSP Report: register ama_addmuladd_9s_8s_11ns_17ns_21_4_1_U574/graphsage_int8_po2_ama_addmuladd_9s_8s_11ns_17ns_21_4_1_DSP48_0_U/m_reg_reg is absorbed into DSP ama_addmuladd_9s_8s_11ns_17ns_21_4_1_U574/graphsage_int8_po2_ama_addmuladd_9s_8s_11ns_17ns_21_4_1_DSP48_0_U/p_reg_reg.
DSP Report: register ama_addmuladd_9s_8s_11ns_17ns_21_4_1_U574/graphsage_int8_po2_ama_addmuladd_9s_8s_11ns_17ns_21_4_1_DSP48_0_U/ad_reg_reg is absorbed into DSP ama_addmuladd_9s_8s_11ns_17ns_21_4_1_U574/graphsage_int8_po2_ama_addmuladd_9s_8s_11ns_17ns_21_4_1_DSP48_0_U/p_reg_reg.
DSP Report: operator ama_addmuladd_9s_8s_11ns_17ns_21_4_1_U574/graphsage_int8_po2_ama_addmuladd_9s_8s_11ns_17ns_21_4_1_DSP48_0_U/p is absorbed into DSP ama_addmuladd_9s_8s_11ns_17ns_21_4_1_U574/graphsage_int8_po2_ama_addmuladd_9s_8s_11ns_17ns_21_4_1_DSP48_0_U/p_reg_reg.
DSP Report: operator ama_addmuladd_9s_8s_11ns_17ns_21_4_1_U574/graphsage_int8_po2_ama_addmuladd_9s_8s_11ns_17ns_21_4_1_DSP48_0_U/m is absorbed into DSP ama_addmuladd_9s_8s_11ns_17ns_21_4_1_U574/graphsage_int8_po2_ama_addmuladd_9s_8s_11ns_17ns_21_4_1_DSP48_0_U/p_reg_reg.
DSP Report: operator ama_addmuladd_9s_8s_11ns_17ns_21_4_1_U574/graphsage_int8_po2_ama_addmuladd_9s_8s_11ns_17ns_21_4_1_DSP48_0_U/ad is absorbed into DSP ama_addmuladd_9s_8s_11ns_17ns_21_4_1_U574/graphsage_int8_po2_ama_addmuladd_9s_8s_11ns_17ns_21_4_1_DSP48_0_U/p_reg_reg.
DSP Report: Generating DSP ama_addmuladd_9s_8s_11ns_17ns_21_4_1_U570/graphsage_int8_po2_ama_addmuladd_9s_8s_11ns_17ns_21_4_1_DSP48_0_U/p_reg_reg, operation Mode is: (C:0x10000)+((D'+A2)*(B:0x555)')'.
DSP Report: register registered_input_113_reg_22760_reg is absorbed into DSP ama_addmuladd_9s_8s_11ns_17ns_21_4_1_U570/graphsage_int8_po2_ama_addmuladd_9s_8s_11ns_17ns_21_4_1_DSP48_0_U/p_reg_reg.
DSP Report: register neighbor_sum_4_reg_22840_reg is absorbed into DSP ama_addmuladd_9s_8s_11ns_17ns_21_4_1_U570/graphsage_int8_po2_ama_addmuladd_9s_8s_11ns_17ns_21_4_1_DSP48_0_U/p_reg_reg.
DSP Report: register ama_addmuladd_9s_8s_11ns_17ns_21_4_1_U612/graphsage_int8_po2_ama_addmuladd_9s_8s_11ns_17ns_21_4_1_DSP48_0_U/b_reg_reg is absorbed into DSP ama_addmuladd_9s_8s_11ns_17ns_21_4_1_U570/graphsage_int8_po2_ama_addmuladd_9s_8s_11ns_17ns_21_4_1_DSP48_0_U/p_reg_reg.
DSP Report: register ama_addmuladd_9s_8s_11ns_17ns_21_4_1_U570/graphsage_int8_po2_ama_addmuladd_9s_8s_11ns_17ns_21_4_1_DSP48_0_U/p_reg_reg is absorbed into DSP ama_addmuladd_9s_8s_11ns_17ns_21_4_1_U570/graphsage_int8_po2_ama_addmuladd_9s_8s_11ns_17ns_21_4_1_DSP48_0_U/p_reg_reg.
DSP Report: register ama_addmuladd_9s_8s_11ns_17ns_21_4_1_U570/graphsage_int8_po2_ama_addmuladd_9s_8s_11ns_17ns_21_4_1_DSP48_0_U/m_reg_reg is absorbed into DSP ama_addmuladd_9s_8s_11ns_17ns_21_4_1_U570/graphsage_int8_po2_ama_addmuladd_9s_8s_11ns_17ns_21_4_1_DSP48_0_U/p_reg_reg.
DSP Report: register ama_addmuladd_9s_8s_11ns_17ns_21_4_1_U570/graphsage_int8_po2_ama_addmuladd_9s_8s_11ns_17ns_21_4_1_DSP48_0_U/ad_reg_reg is absorbed into DSP ama_addmuladd_9s_8s_11ns_17ns_21_4_1_U570/graphsage_int8_po2_ama_addmuladd_9s_8s_11ns_17ns_21_4_1_DSP48_0_U/p_reg_reg.
DSP Report: operator ama_addmuladd_9s_8s_11ns_17ns_21_4_1_U570/graphsage_int8_po2_ama_addmuladd_9s_8s_11ns_17ns_21_4_1_DSP48_0_U/p is absorbed into DSP ama_addmuladd_9s_8s_11ns_17ns_21_4_1_U570/graphsage_int8_po2_ama_addmuladd_9s_8s_11ns_17ns_21_4_1_DSP48_0_U/p_reg_reg.
DSP Report: operator ama_addmuladd_9s_8s_11ns_17ns_21_4_1_U570/graphsage_int8_po2_ama_addmuladd_9s_8s_11ns_17ns_21_4_1_DSP48_0_U/m is absorbed into DSP ama_addmuladd_9s_8s_11ns_17ns_21_4_1_U570/graphsage_int8_po2_ama_addmuladd_9s_8s_11ns_17ns_21_4_1_DSP48_0_U/p_reg_reg.
DSP Report: operator ama_addmuladd_9s_8s_11ns_17ns_21_4_1_U570/graphsage_int8_po2_ama_addmuladd_9s_8s_11ns_17ns_21_4_1_DSP48_0_U/ad is absorbed into DSP ama_addmuladd_9s_8s_11ns_17ns_21_4_1_U570/graphsage_int8_po2_ama_addmuladd_9s_8s_11ns_17ns_21_4_1_DSP48_0_U/p_reg_reg.
DSP Report: Generating DSP ama_addmuladd_9s_8s_11ns_17ns_21_4_1_U602/graphsage_int8_po2_ama_addmuladd_9s_8s_11ns_17ns_21_4_1_DSP48_0_U/p_reg_reg, operation Mode is: (C:0x10000)+((D'+A2)*(B:0x555)')'.
DSP Report: register neighbor_sum_4_reg_22840_reg is absorbed into DSP ama_addmuladd_9s_8s_11ns_17ns_21_4_1_U602/graphsage_int8_po2_ama_addmuladd_9s_8s_11ns_17ns_21_4_1_DSP48_0_U/p_reg_reg.
DSP Report: register registered_input_97_reg_22680_reg is absorbed into DSP ama_addmuladd_9s_8s_11ns_17ns_21_4_1_U602/graphsage_int8_po2_ama_addmuladd_9s_8s_11ns_17ns_21_4_1_DSP48_0_U/p_reg_reg.
DSP Report: register ama_addmuladd_9s_8s_11ns_17ns_21_4_1_U612/graphsage_int8_po2_ama_addmuladd_9s_8s_11ns_17ns_21_4_1_DSP48_0_U/b_reg_reg is absorbed into DSP ama_addmuladd_9s_8s_11ns_17ns_21_4_1_U602/graphsage_int8_po2_ama_addmuladd_9s_8s_11ns_17ns_21_4_1_DSP48_0_U/p_reg_reg.
DSP Report: register ama_addmuladd_9s_8s_11ns_17ns_21_4_1_U602/graphsage_int8_po2_ama_addmuladd_9s_8s_11ns_17ns_21_4_1_DSP48_0_U/p_reg_reg is absorbed into DSP ama_addmuladd_9s_8s_11ns_17ns_21_4_1_U602/graphsage_int8_po2_ama_addmuladd_9s_8s_11ns_17ns_21_4_1_DSP48_0_U/p_reg_reg.
DSP Report: register ama_addmuladd_9s_8s_11ns_17ns_21_4_1_U602/graphsage_int8_po2_ama_addmuladd_9s_8s_11ns_17ns_21_4_1_DSP48_0_U/m_reg_reg is absorbed into DSP ama_addmuladd_9s_8s_11ns_17ns_21_4_1_U602/graphsage_int8_po2_ama_addmuladd_9s_8s_11ns_17ns_21_4_1_DSP48_0_U/p_reg_reg.
DSP Report: register ama_addmuladd_9s_8s_11ns_17ns_21_4_1_U602/graphsage_int8_po2_ama_addmuladd_9s_8s_11ns_17ns_21_4_1_DSP48_0_U/ad_reg_reg is absorbed into DSP ama_addmuladd_9s_8s_11ns_17ns_21_4_1_U602/graphsage_int8_po2_ama_addmuladd_9s_8s_11ns_17ns_21_4_1_DSP48_0_U/p_reg_reg.
DSP Report: operator ama_addmuladd_9s_8s_11ns_17ns_21_4_1_U602/graphsage_int8_po2_ama_addmuladd_9s_8s_11ns_17ns_21_4_1_DSP48_0_U/p is absorbed into DSP ama_addmuladd_9s_8s_11ns_17ns_21_4_1_U602/graphsage_int8_po2_ama_addmuladd_9s_8s_11ns_17ns_21_4_1_DSP48_0_U/p_reg_reg.
DSP Report: operator ama_addmuladd_9s_8s_11ns_17ns_21_4_1_U602/graphsage_int8_po2_ama_addmuladd_9s_8s_11ns_17ns_21_4_1_DSP48_0_U/m is absorbed into DSP ama_addmuladd_9s_8s_11ns_17ns_21_4_1_U602/graphsage_int8_po2_ama_addmuladd_9s_8s_11ns_17ns_21_4_1_DSP48_0_U/p_reg_reg.
DSP Report: operator ama_addmuladd_9s_8s_11ns_17ns_21_4_1_U602/graphsage_int8_po2_ama_addmuladd_9s_8s_11ns_17ns_21_4_1_DSP48_0_U/ad is absorbed into DSP ama_addmuladd_9s_8s_11ns_17ns_21_4_1_U602/graphsage_int8_po2_ama_addmuladd_9s_8s_11ns_17ns_21_4_1_DSP48_0_U/p_reg_reg.
DSP Report: Generating DSP ama_addmuladd_9s_8s_11ns_17ns_21_4_1_U607/graphsage_int8_po2_ama_addmuladd_9s_8s_11ns_17ns_21_4_1_DSP48_0_U/p_reg_reg, operation Mode is: (C:0x10000)+((D'+A2)*(B:0x555)')'.
DSP Report: register neighbor_sum_19_reg_22865_reg is absorbed into DSP ama_addmuladd_9s_8s_11ns_17ns_21_4_1_U607/graphsage_int8_po2_ama_addmuladd_9s_8s_11ns_17ns_21_4_1_DSP48_0_U/p_reg_reg.
DSP Report: register registered_input_102_reg_22705_reg is absorbed into DSP ama_addmuladd_9s_8s_11ns_17ns_21_4_1_U607/graphsage_int8_po2_ama_addmuladd_9s_8s_11ns_17ns_21_4_1_DSP48_0_U/p_reg_reg.
DSP Report: register ama_addmuladd_9s_8s_11ns_17ns_21_4_1_U612/graphsage_int8_po2_ama_addmuladd_9s_8s_11ns_17ns_21_4_1_DSP48_0_U/b_reg_reg is absorbed into DSP ama_addmuladd_9s_8s_11ns_17ns_21_4_1_U607/graphsage_int8_po2_ama_addmuladd_9s_8s_11ns_17ns_21_4_1_DSP48_0_U/p_reg_reg.
DSP Report: register ama_addmuladd_9s_8s_11ns_17ns_21_4_1_U607/graphsage_int8_po2_ama_addmuladd_9s_8s_11ns_17ns_21_4_1_DSP48_0_U/p_reg_reg is absorbed into DSP ama_addmuladd_9s_8s_11ns_17ns_21_4_1_U607/graphsage_int8_po2_ama_addmuladd_9s_8s_11ns_17ns_21_4_1_DSP48_0_U/p_reg_reg.
DSP Report: register ama_addmuladd_9s_8s_11ns_17ns_21_4_1_U607/graphsage_int8_po2_ama_addmuladd_9s_8s_11ns_17ns_21_4_1_DSP48_0_U/m_reg_reg is absorbed into DSP ama_addmuladd_9s_8s_11ns_17ns_21_4_1_U607/graphsage_int8_po2_ama_addmuladd_9s_8s_11ns_17ns_21_4_1_DSP48_0_U/p_reg_reg.
DSP Report: register ama_addmuladd_9s_8s_11ns_17ns_21_4_1_U607/graphsage_int8_po2_ama_addmuladd_9s_8s_11ns_17ns_21_4_1_DSP48_0_U/ad_reg_reg is absorbed into DSP ama_addmuladd_9s_8s_11ns_17ns_21_4_1_U607/graphsage_int8_po2_ama_addmuladd_9s_8s_11ns_17ns_21_4_1_DSP48_0_U/p_reg_reg.
DSP Report: operator ama_addmuladd_9s_8s_11ns_17ns_21_4_1_U607/graphsage_int8_po2_ama_addmuladd_9s_8s_11ns_17ns_21_4_1_DSP48_0_U/p is absorbed into DSP ama_addmuladd_9s_8s_11ns_17ns_21_4_1_U607/graphsage_int8_po2_ama_addmuladd_9s_8s_11ns_17ns_21_4_1_DSP48_0_U/p_reg_reg.
DSP Report: operator ama_addmuladd_9s_8s_11ns_17ns_21_4_1_U607/graphsage_int8_po2_ama_addmuladd_9s_8s_11ns_17ns_21_4_1_DSP48_0_U/m is absorbed into DSP ama_addmuladd_9s_8s_11ns_17ns_21_4_1_U607/graphsage_int8_po2_ama_addmuladd_9s_8s_11ns_17ns_21_4_1_DSP48_0_U/p_reg_reg.
DSP Report: operator ama_addmuladd_9s_8s_11ns_17ns_21_4_1_U607/graphsage_int8_po2_ama_addmuladd_9s_8s_11ns_17ns_21_4_1_DSP48_0_U/ad is absorbed into DSP ama_addmuladd_9s_8s_11ns_17ns_21_4_1_U607/graphsage_int8_po2_ama_addmuladd_9s_8s_11ns_17ns_21_4_1_DSP48_0_U/p_reg_reg.
DSP Report: Generating DSP ama_addmuladd_9s_8s_11ns_17ns_21_4_1_U608/graphsage_int8_po2_ama_addmuladd_9s_8s_11ns_17ns_21_4_1_DSP48_0_U/p_reg_reg, operation Mode is: (C:0x10000)+((D'+A2)*(B:0x555)')'.
DSP Report: register neighbor_sum_22_reg_22870_reg is absorbed into DSP ama_addmuladd_9s_8s_11ns_17ns_21_4_1_U608/graphsage_int8_po2_ama_addmuladd_9s_8s_11ns_17ns_21_4_1_DSP48_0_U/p_reg_reg.
DSP Report: register registered_input_103_reg_22710_reg is absorbed into DSP ama_addmuladd_9s_8s_11ns_17ns_21_4_1_U608/graphsage_int8_po2_ama_addmuladd_9s_8s_11ns_17ns_21_4_1_DSP48_0_U/p_reg_reg.
DSP Report: register ama_addmuladd_9s_8s_11ns_17ns_21_4_1_U612/graphsage_int8_po2_ama_addmuladd_9s_8s_11ns_17ns_21_4_1_DSP48_0_U/b_reg_reg is absorbed into DSP ama_addmuladd_9s_8s_11ns_17ns_21_4_1_U608/graphsage_int8_po2_ama_addmuladd_9s_8s_11ns_17ns_21_4_1_DSP48_0_U/p_reg_reg.
DSP Report: register ama_addmuladd_9s_8s_11ns_17ns_21_4_1_U608/graphsage_int8_po2_ama_addmuladd_9s_8s_11ns_17ns_21_4_1_DSP48_0_U/p_reg_reg is absorbed into DSP ama_addmuladd_9s_8s_11ns_17ns_21_4_1_U608/graphsage_int8_po2_ama_addmuladd_9s_8s_11ns_17ns_21_4_1_DSP48_0_U/p_reg_reg.
DSP Report: register ama_addmuladd_9s_8s_11ns_17ns_21_4_1_U608/graphsage_int8_po2_ama_addmuladd_9s_8s_11ns_17ns_21_4_1_DSP48_0_U/m_reg_reg is absorbed into DSP ama_addmuladd_9s_8s_11ns_17ns_21_4_1_U608/graphsage_int8_po2_ama_addmuladd_9s_8s_11ns_17ns_21_4_1_DSP48_0_U/p_reg_reg.
DSP Report: register ama_addmuladd_9s_8s_11ns_17ns_21_4_1_U608/graphsage_int8_po2_ama_addmuladd_9s_8s_11ns_17ns_21_4_1_DSP48_0_U/ad_reg_reg is absorbed into DSP ama_addmuladd_9s_8s_11ns_17ns_21_4_1_U608/graphsage_int8_po2_ama_addmuladd_9s_8s_11ns_17ns_21_4_1_DSP48_0_U/p_reg_reg.
DSP Report: operator ama_addmuladd_9s_8s_11ns_17ns_21_4_1_U608/graphsage_int8_po2_ama_addmuladd_9s_8s_11ns_17ns_21_4_1_DSP48_0_U/p is absorbed into DSP ama_addmuladd_9s_8s_11ns_17ns_21_4_1_U608/graphsage_int8_po2_ama_addmuladd_9s_8s_11ns_17ns_21_4_1_DSP48_0_U/p_reg_reg.
DSP Report: operator ama_addmuladd_9s_8s_11ns_17ns_21_4_1_U608/graphsage_int8_po2_ama_addmuladd_9s_8s_11ns_17ns_21_4_1_DSP48_0_U/m is absorbed into DSP ama_addmuladd_9s_8s_11ns_17ns_21_4_1_U608/graphsage_int8_po2_ama_addmuladd_9s_8s_11ns_17ns_21_4_1_DSP48_0_U/p_reg_reg.
DSP Report: operator ama_addmuladd_9s_8s_11ns_17ns_21_4_1_U608/graphsage_int8_po2_ama_addmuladd_9s_8s_11ns_17ns_21_4_1_DSP48_0_U/ad is absorbed into DSP ama_addmuladd_9s_8s_11ns_17ns_21_4_1_U608/graphsage_int8_po2_ama_addmuladd_9s_8s_11ns_17ns_21_4_1_DSP48_0_U/p_reg_reg.
DSP Report: Generating DSP ama_addmuladd_9s_8s_11ns_17ns_21_4_1_U612/graphsage_int8_po2_ama_addmuladd_9s_8s_11ns_17ns_21_4_1_DSP48_0_U/p_reg_reg, operation Mode is: (C:0x10000)+((D'+A2)*(B:0x555)')'.
DSP Report: register neighbor_sum_34_reg_22890_reg is absorbed into DSP ama_addmuladd_9s_8s_11ns_17ns_21_4_1_U612/graphsage_int8_po2_ama_addmuladd_9s_8s_11ns_17ns_21_4_1_DSP48_0_U/p_reg_reg.
DSP Report: register registered_input_107_reg_22730_reg is absorbed into DSP ama_addmuladd_9s_8s_11ns_17ns_21_4_1_U612/graphsage_int8_po2_ama_addmuladd_9s_8s_11ns_17ns_21_4_1_DSP48_0_U/p_reg_reg.
DSP Report: register ama_addmuladd_9s_8s_11ns_17ns_21_4_1_U612/graphsage_int8_po2_ama_addmuladd_9s_8s_11ns_17ns_21_4_1_DSP48_0_U/b_reg_reg is absorbed into DSP ama_addmuladd_9s_8s_11ns_17ns_21_4_1_U612/graphsage_int8_po2_ama_addmuladd_9s_8s_11ns_17ns_21_4_1_DSP48_0_U/p_reg_reg.
DSP Report: register ama_addmuladd_9s_8s_11ns_17ns_21_4_1_U612/graphsage_int8_po2_ama_addmuladd_9s_8s_11ns_17ns_21_4_1_DSP48_0_U/p_reg_reg is absorbed into DSP ama_addmuladd_9s_8s_11ns_17ns_21_4_1_U612/graphsage_int8_po2_ama_addmuladd_9s_8s_11ns_17ns_21_4_1_DSP48_0_U/p_reg_reg.
DSP Report: register ama_addmuladd_9s_8s_11ns_17ns_21_4_1_U612/graphsage_int8_po2_ama_addmuladd_9s_8s_11ns_17ns_21_4_1_DSP48_0_U/m_reg_reg is absorbed into DSP ama_addmuladd_9s_8s_11ns_17ns_21_4_1_U612/graphsage_int8_po2_ama_addmuladd_9s_8s_11ns_17ns_21_4_1_DSP48_0_U/p_reg_reg.
DSP Report: register ama_addmuladd_9s_8s_11ns_17ns_21_4_1_U612/graphsage_int8_po2_ama_addmuladd_9s_8s_11ns_17ns_21_4_1_DSP48_0_U/ad_reg_reg is absorbed into DSP ama_addmuladd_9s_8s_11ns_17ns_21_4_1_U612/graphsage_int8_po2_ama_addmuladd_9s_8s_11ns_17ns_21_4_1_DSP48_0_U/p_reg_reg.
DSP Report: operator ama_addmuladd_9s_8s_11ns_17ns_21_4_1_U612/graphsage_int8_po2_ama_addmuladd_9s_8s_11ns_17ns_21_4_1_DSP48_0_U/p is absorbed into DSP ama_addmuladd_9s_8s_11ns_17ns_21_4_1_U612/graphsage_int8_po2_ama_addmuladd_9s_8s_11ns_17ns_21_4_1_DSP48_0_U/p_reg_reg.
DSP Report: operator ama_addmuladd_9s_8s_11ns_17ns_21_4_1_U612/graphsage_int8_po2_ama_addmuladd_9s_8s_11ns_17ns_21_4_1_DSP48_0_U/m is absorbed into DSP ama_addmuladd_9s_8s_11ns_17ns_21_4_1_U612/graphsage_int8_po2_ama_addmuladd_9s_8s_11ns_17ns_21_4_1_DSP48_0_U/p_reg_reg.
DSP Report: operator ama_addmuladd_9s_8s_11ns_17ns_21_4_1_U612/graphsage_int8_po2_ama_addmuladd_9s_8s_11ns_17ns_21_4_1_DSP48_0_U/ad is absorbed into DSP ama_addmuladd_9s_8s_11ns_17ns_21_4_1_U612/graphsage_int8_po2_ama_addmuladd_9s_8s_11ns_17ns_21_4_1_DSP48_0_U/p_reg_reg.
INFO: [Common 17-14] Message 'Synth 8-3886' appears 100 times and further instances of the messages will be disabled. Use the Tcl command set_msg_config to change the current settings.
INFO: [Common 17-14] Message 'Synth 8-3333' appears 100 times and further instances of the messages will be disabled. Use the Tcl command set_msg_config to change the current settings.
INFO: [Synth 8-4471] merging register 'ama_addmuladd_8ns_7ns_11ns_12ns_19_4_1_U635/graphsage_int8_po2_ama_addmuladd_8ns_7ns_11ns_12ns_19_4_1_DSP48_0_U/b_reg_reg[17:0]' into 'ama_addmuladd_8ns_7ns_11ns_12ns_19_4_1_U636/graphsage_int8_po2_ama_addmuladd_8ns_7ns_11ns_12ns_19_4_1_DSP48_0_U/b_reg_reg[17:0]' [/mnt_pool/c3_users/user/pleguina/graphsage_vivado_2024_1_sweep/build/hls/graphsage_int8_po2_19c_const_params/solution1/syn/verilog/graphsage_int8_po2_ama_addmuladd_8ns_7ns_11ns_12ns_19_4_1.v:36]
INFO: [Synth 8-4471] merging register 'ama_addmuladd_8ns_7ns_11ns_12ns_19_4_1_U634/graphsage_int8_po2_ama_addmuladd_8ns_7ns_11ns_12ns_19_4_1_DSP48_0_U/b_reg_reg[17:0]' into 'ama_addmuladd_8ns_7ns_11ns_12ns_19_4_1_U636/graphsage_int8_po2_ama_addmuladd_8ns_7ns_11ns_12ns_19_4_1_DSP48_0_U/b_reg_reg[17:0]' [/mnt_pool/c3_users/user/pleguina/graphsage_vivado_2024_1_sweep/build/hls/graphsage_int8_po2_19c_const_params/solution1/syn/verilog/graphsage_int8_po2_ama_addmuladd_8ns_7ns_11ns_12ns_19_4_1.v:36]
INFO: [Synth 8-4471] merging register 'ama_addmuladd_8ns_7ns_11ns_12ns_19_4_1_U633/graphsage_int8_po2_ama_addmuladd_8ns_7ns_11ns_12ns_19_4_1_DSP48_0_U/b_reg_reg[17:0]' into 'ama_addmuladd_8ns_7ns_11ns_12ns_19_4_1_U636/graphsage_int8_po2_ama_addmuladd_8ns_7ns_11ns_12ns_19_4_1_DSP48_0_U/b_reg_reg[17:0]' [/mnt_pool/c3_users/user/pleguina/graphsage_vivado_2024_1_sweep/build/hls/graphsage_int8_po2_19c_const_params/solution1/syn/verilog/graphsage_int8_po2_ama_addmuladd_8ns_7ns_11ns_12ns_19_4_1.v:36]
INFO: [Synth 8-4471] merging register 'ama_addmuladd_9s_8s_11ns_17ns_21_4_1_U632/graphsage_int8_po2_ama_addmuladd_9s_8s_11ns_17ns_21_4_1_DSP48_0_U/b_reg_reg[17:0]' into 'ama_addmuladd_8ns_7ns_11ns_12ns_19_4_1_U636/graphsage_int8_po2_ama_addmuladd_8ns_7ns_11ns_12ns_19_4_1_DSP48_0_U/b_reg_reg[17:0]' [/mnt_pool/c3_users/user/pleguina/graphsage_vivado_2024_1_sweep/build/hls/graphsage_int8_po2_19c_const_params/solution1/syn/verilog/graphsage_int8_po2_ama_addmuladd_9s_8s_11ns_17ns_21_4_1.v:36]
INFO: [Synth 8-4471] merging register 'ama_addmuladd_9s_8s_11ns_17ns_21_4_1_U631/graphsage_int8_po2_ama_addmuladd_9s_8s_11ns_17ns_21_4_1_DSP48_0_U/b_reg_reg[17:0]' into 'ama_addmuladd_8ns_7ns_11ns_12ns_19_4_1_U636/graphsage_int8_po2_ama_addmuladd_8ns_7ns_11ns_12ns_19_4_1_DSP48_0_U/b_reg_reg[17:0]' [/mnt_pool/c3_users/user/pleguina/graphsage_vivado_2024_1_sweep/build/hls/graphsage_int8_po2_19c_const_params/solution1/syn/verilog/graphsage_int8_po2_ama_addmuladd_9s_8s_11ns_17ns_21_4_1.v:36]
INFO: [Synth 8-4471] merging register 'ama_addmuladd_9s_8s_11ns_17ns_21_4_1_U630/graphsage_int8_po2_ama_addmuladd_9s_8s_11ns_17ns_21_4_1_DSP48_0_U/b_reg_reg[17:0]' into 'ama_addmuladd_8ns_7ns_11ns_12ns_19_4_1_U636/graphsage_int8_po2_ama_addmuladd_8ns_7ns_11ns_12ns_19_4_1_DSP48_0_U/b_reg_reg[17:0]' [/mnt_pool/c3_users/user/pleguina/graphsage_vivado_2024_1_sweep/build/hls/graphsage_int8_po2_19c_const_params/solution1/syn/verilog/graphsage_int8_po2_ama_addmuladd_9s_8s_11ns_17ns_21_4_1.v:36]
INFO: [Synth 8-4471] merging register 'ama_addmuladd_9s_8s_11ns_17ns_21_4_1_U629/graphsage_int8_po2_ama_addmuladd_9s_8s_11ns_17ns_21_4_1_DSP48_0_U/b_reg_reg[17:0]' into 'ama_addmuladd_8ns_7ns_11ns_12ns_19_4_1_U636/graphsage_int8_po2_ama_addmuladd_8ns_7ns_11ns_12ns_19_4_1_DSP48_0_U/b_reg_reg[17:0]' [/mnt_pool/c3_users/user/pleguina/graphsage_vivado_2024_1_sweep/build/hls/graphsage_int8_po2_19c_const_params/solution1/syn/verilog/graphsage_int8_po2_ama_addmuladd_9s_8s_11ns_17ns_21_4_1.v:36]
INFO: [Synth 8-4471] merging register 'ama_addmuladd_9s_8s_11ns_17ns_21_4_1_U628/graphsage_int8_po2_ama_addmuladd_9s_8s_11ns_17ns_21_4_1_DSP48_0_U/b_reg_reg[17:0]' into 'ama_addmuladd_8ns_7ns_11ns_12ns_19_4_1_U636/graphsage_int8_po2_ama_addmuladd_8ns_7ns_11ns_12ns_19_4_1_DSP48_0_U/b_reg_reg[17:0]' [/mnt_pool/c3_users/user/pleguina/graphsage_vivado_2024_1_sweep/build/hls/graphsage_int8_po2_19c_const_params/solution1/syn/verilog/graphsage_int8_po2_ama_addmuladd_9s_8s_11ns_17ns_21_4_1.v:36]
INFO: [Synth 8-4471] merging register 'ama_addmuladd_9s_8s_11ns_17ns_21_4_1_U627/graphsage_int8_po2_ama_addmuladd_9s_8s_11ns_17ns_21_4_1_DSP48_0_U/b_reg_reg[17:0]' into 'ama_addmuladd_8ns_7ns_11ns_12ns_19_4_1_U636/graphsage_int8_po2_ama_addmuladd_8ns_7ns_11ns_12ns_19_4_1_DSP48_0_U/b_reg_reg[17:0]' [/mnt_pool/c3_users/user/pleguina/graphsage_vivado_2024_1_sweep/build/hls/graphsage_int8_po2_19c_const_params/solution1/syn/verilog/graphsage_int8_po2_ama_addmuladd_9s_8s_11ns_17ns_21_4_1.v:36]
INFO: [Synth 8-4471] merging register 'ama_addmuladd_9s_8s_11ns_17ns_21_4_1_U626/graphsage_int8_po2_ama_addmuladd_9s_8s_11ns_17ns_21_4_1_DSP48_0_U/b_reg_reg[17:0]' into 'ama_addmuladd_8ns_7ns_11ns_12ns_19_4_1_U636/graphsage_int8_po2_ama_addmuladd_8ns_7ns_11ns_12ns_19_4_1_DSP48_0_U/b_reg_reg[17:0]' [/mnt_pool/c3_users/user/pleguina/graphsage_vivado_2024_1_sweep/build/hls/graphsage_int8_po2_19c_const_params/solution1/syn/verilog/graphsage_int8_po2_ama_addmuladd_9s_8s_11ns_17ns_21_4_1.v:36]
INFO: [Synth 8-4471] merging register 'ama_addmuladd_9s_8s_11ns_17ns_21_4_1_U625/graphsage_int8_po2_ama_addmuladd_9s_8s_11ns_17ns_21_4_1_DSP48_0_U/b_reg_reg[17:0]' into 'ama_addmuladd_8ns_7ns_11ns_12ns_19_4_1_U636/graphsage_int8_po2_ama_addmuladd_8ns_7ns_11ns_12ns_19_4_1_DSP48_0_U/b_reg_reg[17:0]' [/mnt_pool/c3_users/user/pleguina/graphsage_vivado_2024_1_sweep/build/hls/graphsage_int8_po2_19c_const_params/solution1/syn/verilog/graphsage_int8_po2_ama_addmuladd_9s_8s_11ns_17ns_21_4_1.v:36]
INFO: [Synth 8-4471] merging register 'ama_addmuladd_9s_8s_11ns_17ns_21_4_1_U624/graphsage_int8_po2_ama_addmuladd_9s_8s_11ns_17ns_21_4_1_DSP48_0_U/b_reg_reg[17:0]' into 'ama_addmuladd_8ns_7ns_11ns_12ns_19_4_1_U636/graphsage_int8_po2_ama_addmuladd_8ns_7ns_11ns_12ns_19_4_1_DSP48_0_U/b_reg_reg[17:0]' [/mnt_pool/c3_users/user/pleguina/graphsage_vivado_2024_1_sweep/build/hls/graphsage_int8_po2_19c_const_params/solution1/syn/verilog/graphsage_int8_po2_ama_addmuladd_9s_8s_11ns_17ns_21_4_1.v:36]
INFO: [Synth 8-4471] merging register 'ama_addmuladd_9s_8s_11ns_17ns_21_4_1_U623/graphsage_int8_po2_ama_addmuladd_9s_8s_11ns_17ns_21_4_1_DSP48_0_U/b_reg_reg[17:0]' into 'ama_addmuladd_8ns_7ns_11ns_12ns_19_4_1_U636/graphsage_int8_po2_ama_addmuladd_8ns_7ns_11ns_12ns_19_4_1_DSP48_0_U/b_reg_reg[17:0]' [/mnt_pool/c3_users/user/pleguina/graphsage_vivado_2024_1_sweep/build/hls/graphsage_int8_po2_19c_const_params/solution1/syn/verilog/graphsage_int8_po2_ama_addmuladd_9s_8s_11ns_17ns_21_4_1.v:36]
INFO: [Synth 8-4471] merging register 'ama_addmuladd_9s_8s_11ns_17ns_21_4_1_U622/graphsage_int8_po2_ama_addmuladd_9s_8s_11ns_17ns_21_4_1_DSP48_0_U/b_reg_reg[17:0]' into 'ama_addmuladd_8ns_7ns_11ns_12ns_19_4_1_U636/graphsage_int8_po2_ama_addmuladd_8ns_7ns_11ns_12ns_19_4_1_DSP48_0_U/b_reg_reg[17:0]' [/mnt_pool/c3_users/user/pleguina/graphsage_vivado_2024_1_sweep/build/hls/graphsage_int8_po2_19c_const_params/solution1/syn/verilog/graphsage_int8_po2_ama_addmuladd_9s_8s_11ns_17ns_21_4_1.v:36]
INFO: [Synth 8-4471] merging register 'ama_addmuladd_9s_8s_11ns_17ns_21_4_1_U621/graphsage_int8_po2_ama_addmuladd_9s_8s_11ns_17ns_21_4_1_DSP48_0_U/b_reg_reg[17:0]' into 'ama_addmuladd_8ns_7ns_11ns_12ns_19_4_1_U636/graphsage_int8_po2_ama_addmuladd_8ns_7ns_11ns_12ns_19_4_1_DSP48_0_U/b_reg_reg[17:0]' [/mnt_pool/c3_users/user/pleguina/graphsage_vivado_2024_1_sweep/build/hls/graphsage_int8_po2_19c_const_params/solution1/syn/verilog/graphsage_int8_po2_ama_addmuladd_9s_8s_11ns_17ns_21_4_1.v:36]
INFO: [Synth 8-4471] merging register 'ama_addmuladd_9s_8s_11ns_17ns_21_4_1_U620/graphsage_int8_po2_ama_addmuladd_9s_8s_11ns_17ns_21_4_1_DSP48_0_U/b_reg_reg[17:0]' into 'ama_addmuladd_8ns_7ns_11ns_12ns_19_4_1_U636/graphsage_int8_po2_ama_addmuladd_8ns_7ns_11ns_12ns_19_4_1_DSP48_0_U/b_reg_reg[17:0]' [/mnt_pool/c3_users/user/pleguina/graphsage_vivado_2024_1_sweep/build/hls/graphsage_int8_po2_19c_const_params/solution1/syn/verilog/graphsage_int8_po2_ama_addmuladd_9s_8s_11ns_17ns_21_4_1.v:36]
INFO: [Synth 8-4471] merging register 'ama_addmuladd_9s_8s_11ns_17ns_21_4_1_U619/graphsage_int8_po2_ama_addmuladd_9s_8s_11ns_17ns_21_4_1_DSP48_0_U/b_reg_reg[17:0]' into 'ama_addmuladd_8ns_7ns_11ns_12ns_19_4_1_U636/graphsage_int8_po2_ama_addmuladd_8ns_7ns_11ns_12ns_19_4_1_DSP48_0_U/b_reg_reg[17:0]' [/mnt_pool/c3_users/user/pleguina/graphsage_vivado_2024_1_sweep/build/hls/graphsage_int8_po2_19c_const_params/solution1/syn/verilog/graphsage_int8_po2_ama_addmuladd_9s_8s_11ns_17ns_21_4_1.v:36]
INFO: [Synth 8-4471] merging register 'ama_addmuladd_9s_8s_11ns_17ns_21_4_1_U618/graphsage_int8_po2_ama_addmuladd_9s_8s_11ns_17ns_21_4_1_DSP48_0_U/b_reg_reg[17:0]' into 'ama_addmuladd_8ns_7ns_11ns_12ns_19_4_1_U636/graphsage_int8_po2_ama_addmuladd_8ns_7ns_11ns_12ns_19_4_1_DSP48_0_U/b_reg_reg[17:0]' [/mnt_pool/c3_users/user/pleguina/graphsage_vivado_2024_1_sweep/build/hls/graphsage_int8_po2_19c_const_params/solution1/syn/verilog/graphsage_int8_po2_ama_addmuladd_9s_8s_11ns_17ns_21_4_1.v:36]
INFO: [Synth 8-4471] merging register 'ama_addmuladd_9s_8s_11ns_17ns_21_4_1_U617/graphsage_int8_po2_ama_addmuladd_9s_8s_11ns_17ns_21_4_1_DSP48_0_U/b_reg_reg[17:0]' into 'ama_addmuladd_8ns_7ns_11ns_12ns_19_4_1_U636/graphsage_int8_po2_ama_addmuladd_8ns_7ns_11ns_12ns_19_4_1_DSP48_0_U/b_reg_reg[17:0]' [/mnt_pool/c3_users/user/pleguina/graphsage_vivado_2024_1_sweep/build/hls/graphsage_int8_po2_19c_const_params/solution1/syn/verilog/graphsage_int8_po2_ama_addmuladd_9s_8s_11ns_17ns_21_4_1.v:36]
DSP Report: Generating DSP ama_addmuladd_9s_8s_11ns_17ns_21_4_1_U622/graphsage_int8_po2_ama_addmuladd_9s_8s_11ns_17ns_21_4_1_DSP48_0_U/p_reg_reg, operation Mode is: (C:0x10000)+((D'+A)*(B:0x555)')'.
DSP Report: register ama_addmuladd_8ns_7ns_11ns_12ns_19_4_1_U636/graphsage_int8_po2_ama_addmuladd_8ns_7ns_11ns_12ns_19_4_1_DSP48_0_U/b_reg_reg is absorbed into DSP ama_addmuladd_9s_8s_11ns_17ns_21_4_1_U622/graphsage_int8_po2_ama_addmuladd_9s_8s_11ns_17ns_21_4_1_DSP48_0_U/p_reg_reg.
DSP Report: register add_ln31_10_reg_23470_reg is absorbed into DSP ama_addmuladd_9s_8s_11ns_17ns_21_4_1_U622/graphsage_int8_po2_ama_addmuladd_9s_8s_11ns_17ns_21_4_1_DSP48_0_U/p_reg_reg.
DSP Report: register ama_addmuladd_9s_8s_11ns_17ns_21_4_1_U622/graphsage_int8_po2_ama_addmuladd_9s_8s_11ns_17ns_21_4_1_DSP48_0_U/p_reg_reg is absorbed into DSP ama_addmuladd_9s_8s_11ns_17ns_21_4_1_U622/graphsage_int8_po2_ama_addmuladd_9s_8s_11ns_17ns_21_4_1_DSP48_0_U/p_reg_reg.
DSP Report: register ama_addmuladd_9s_8s_11ns_17ns_21_4_1_U622/graphsage_int8_po2_ama_addmuladd_9s_8s_11ns_17ns_21_4_1_DSP48_0_U/m_reg_reg is absorbed into DSP ama_addmuladd_9s_8s_11ns_17ns_21_4_1_U622/graphsage_int8_po2_ama_addmuladd_9s_8s_11ns_17ns_21_4_1_DSP48_0_U/p_reg_reg.
DSP Report: register ama_addmuladd_9s_8s_11ns_17ns_21_4_1_U622/graphsage_int8_po2_ama_addmuladd_9s_8s_11ns_17ns_21_4_1_DSP48_0_U/ad_reg_reg is absorbed into DSP ama_addmuladd_9s_8s_11ns_17ns_21_4_1_U622/graphsage_int8_po2_ama_addmuladd_9s_8s_11ns_17ns_21_4_1_DSP48_0_U/p_reg_reg.
DSP Report: operator ama_addmuladd_9s_8s_11ns_17ns_21_4_1_U622/graphsage_int8_po2_ama_addmuladd_9s_8s_11ns_17ns_21_4_1_DSP48_0_U/p is absorbed into DSP ama_addmuladd_9s_8s_11ns_17ns_21_4_1_U622/graphsage_int8_po2_ama_addmuladd_9s_8s_11ns_17ns_21_4_1_DSP48_0_U/p_reg_reg.
DSP Report: operator ama_addmuladd_9s_8s_11ns_17ns_21_4_1_U622/graphsage_int8_po2_ama_addmuladd_9s_8s_11ns_17ns_21_4_1_DSP48_0_U/m is absorbed into DSP ama_addmuladd_9s_8s_11ns_17ns_21_4_1_U622/graphsage_int8_po2_ama_addmuladd_9s_8s_11ns_17ns_21_4_1_DSP48_0_U/p_reg_reg.
DSP Report: operator ama_addmuladd_9s_8s_11ns_17ns_21_4_1_U622/graphsage_int8_po2_ama_addmuladd_9s_8s_11ns_17ns_21_4_1_DSP48_0_U/ad is absorbed into DSP ama_addmuladd_9s_8s_11ns_17ns_21_4_1_U622/graphsage_int8_po2_ama_addmuladd_9s_8s_11ns_17ns_21_4_1_DSP48_0_U/p_reg_reg.
DSP Report: Generating DSP ama_addmuladd_9s_8s_11ns_17ns_21_4_1_U631/graphsage_int8_po2_ama_addmuladd_9s_8s_11ns_17ns_21_4_1_DSP48_0_U/p_reg_reg, operation Mode is: (C:0x10000)+((D'+A)*(B:0x555)')'.
DSP Report: register ama_addmuladd_8ns_7ns_11ns_12ns_19_4_1_U636/graphsage_int8_po2_ama_addmuladd_8ns_7ns_11ns_12ns_19_4_1_DSP48_0_U/b_reg_reg is absorbed into DSP ama_addmuladd_9s_8s_11ns_17ns_21_4_1_U631/graphsage_int8_po2_ama_addmuladd_9s_8s_11ns_17ns_21_4_1_DSP48_0_U/p_reg_reg.
DSP Report: register add_ln31_28_reg_23515_reg is absorbed into DSP ama_addmuladd_9s_8s_11ns_17ns_21_4_1_U631/graphsage_int8_po2_ama_addmuladd_9s_8s_11ns_17ns_21_4_1_DSP48_0_U/p_reg_reg.
DSP Report: register ama_addmuladd_9s_8s_11ns_17ns_21_4_1_U631/graphsage_int8_po2_ama_addmuladd_9s_8s_11ns_17ns_21_4_1_DSP48_0_U/p_reg_reg is absorbed into DSP ama_addmuladd_9s_8s_11ns_17ns_21_4_1_U631/graphsage_int8_po2_ama_addmuladd_9s_8s_11ns_17ns_21_4_1_DSP48_0_U/p_reg_reg.
DSP Report: register ama_addmuladd_9s_8s_11ns_17ns_21_4_1_U631/graphsage_int8_po2_ama_addmuladd_9s_8s_11ns_17ns_21_4_1_DSP48_0_U/m_reg_reg is absorbed into DSP ama_addmuladd_9s_8s_11ns_17ns_21_4_1_U631/graphsage_int8_po2_ama_addmuladd_9s_8s_11ns_17ns_21_4_1_DSP48_0_U/p_reg_reg.
DSP Report: register ama_addmuladd_9s_8s_11ns_17ns_21_4_1_U631/graphsage_int8_po2_ama_addmuladd_9s_8s_11ns_17ns_21_4_1_DSP48_0_U/ad_reg_reg is absorbed into DSP ama_addmuladd_9s_8s_11ns_17ns_21_4_1_U631/graphsage_int8_po2_ama_addmuladd_9s_8s_11ns_17ns_21_4_1_DSP48_0_U/p_reg_reg.
DSP Report: operator ama_addmuladd_9s_8s_11ns_17ns_21_4_1_U631/graphsage_int8_po2_ama_addmuladd_9s_8s_11ns_17ns_21_4_1_DSP48_0_U/p is absorbed into DSP ama_addmuladd_9s_8s_11ns_17ns_21_4_1_U631/graphsage_int8_po2_ama_addmuladd_9s_8s_11ns_17ns_21_4_1_DSP48_0_U/p_reg_reg.
DSP Report: operator ama_addmuladd_9s_8s_11ns_17ns_21_4_1_U631/graphsage_int8_po2_ama_addmuladd_9s_8s_11ns_17ns_21_4_1_DSP48_0_U/m is absorbed into DSP ama_addmuladd_9s_8s_11ns_17ns_21_4_1_U631/graphsage_int8_po2_ama_addmuladd_9s_8s_11ns_17ns_21_4_1_DSP48_0_U/p_reg_reg.
DSP Report: operator ama_addmuladd_9s_8s_11ns_17ns_21_4_1_U631/graphsage_int8_po2_ama_addmuladd_9s_8s_11ns_17ns_21_4_1_DSP48_0_U/ad is absorbed into DSP ama_addmuladd_9s_8s_11ns_17ns_21_4_1_U631/graphsage_int8_po2_ama_addmuladd_9s_8s_11ns_17ns_21_4_1_DSP48_0_U/p_reg_reg.
DSP Report: Generating DSP ama_addmuladd_9s_8s_11ns_17ns_21_4_1_U620/graphsage_int8_po2_ama_addmuladd_9s_8s_11ns_17ns_21_4_1_DSP48_0_U/p_reg_reg, operation Mode is: (C:0x10000)+((D'+A)*(B:0x555)')'.
DSP Report: register add_ln31_6_reg_23460_reg is absorbed into DSP ama_addmuladd_9s_8s_11ns_17ns_21_4_1_U620/graphsage_int8_po2_ama_addmuladd_9s_8s_11ns_17ns_21_4_1_DSP48_0_U/p_reg_reg.
DSP Report: register ama_addmuladd_8ns_7ns_11ns_12ns_19_4_1_U636/graphsage_int8_po2_ama_addmuladd_8ns_7ns_11ns_12ns_19_4_1_DSP48_0_U/b_reg_reg is absorbed into DSP ama_addmuladd_9s_8s_11ns_17ns_21_4_1_U620/graphsage_int8_po2_ama_addmuladd_9s_8s_11ns_17ns_21_4_1_DSP48_0_U/p_reg_reg.
DSP Report: register ama_addmuladd_9s_8s_11ns_17ns_21_4_1_U620/graphsage_int8_po2_ama_addmuladd_9s_8s_11ns_17ns_21_4_1_DSP48_0_U/p_reg_reg is absorbed into DSP ama_addmuladd_9s_8s_11ns_17ns_21_4_1_U620/graphsage_int8_po2_ama_addmuladd_9s_8s_11ns_17ns_21_4_1_DSP48_0_U/p_reg_reg.
DSP Report: register ama_addmuladd_9s_8s_11ns_17ns_21_4_1_U620/graphsage_int8_po2_ama_addmuladd_9s_8s_11ns_17ns_21_4_1_DSP48_0_U/m_reg_reg is absorbed into DSP ama_addmuladd_9s_8s_11ns_17ns_21_4_1_U620/graphsage_int8_po2_ama_addmuladd_9s_8s_11ns_17ns_21_4_1_DSP48_0_U/p_reg_reg.
DSP Report: register ama_addmuladd_9s_8s_11ns_17ns_21_4_1_U620/graphsage_int8_po2_ama_addmuladd_9s_8s_11ns_17ns_21_4_1_DSP48_0_U/ad_reg_reg is absorbed into DSP ama_addmuladd_9s_8s_11ns_17ns_21_4_1_U620/graphsage_int8_po2_ama_addmuladd_9s_8s_11ns_17ns_21_4_1_DSP48_0_U/p_reg_reg.
DSP Report: operator ama_addmuladd_9s_8s_11ns_17ns_21_4_1_U620/graphsage_int8_po2_ama_addmuladd_9s_8s_11ns_17ns_21_4_1_DSP48_0_U/p is absorbed into DSP ama_addmuladd_9s_8s_11ns_17ns_21_4_1_U620/graphsage_int8_po2_ama_addmuladd_9s_8s_11ns_17ns_21_4_1_DSP48_0_U/p_reg_reg.
DSP Report: operator ama_addmuladd_9s_8s_11ns_17ns_21_4_1_U620/graphsage_int8_po2_ama_addmuladd_9s_8s_11ns_17ns_21_4_1_DSP48_0_U/m is absorbed into DSP ama_addmuladd_9s_8s_11ns_17ns_21_4_1_U620/graphsage_int8_po2_ama_addmuladd_9s_8s_11ns_17ns_21_4_1_DSP48_0_U/p_reg_reg.
DSP Report: operator ama_addmuladd_9s_8s_11ns_17ns_21_4_1_U620/graphsage_int8_po2_ama_addmuladd_9s_8s_11ns_17ns_21_4_1_DSP48_0_U/ad is absorbed into DSP ama_addmuladd_9s_8s_11ns_17ns_21_4_1_U620/graphsage_int8_po2_ama_addmuladd_9s_8s_11ns_17ns_21_4_1_DSP48_0_U/p_reg_reg.
DSP Report: Generating DSP ama_addmuladd_9s_8s_11ns_17ns_21_4_1_U625/graphsage_int8_po2_ama_addmuladd_9s_8s_11ns_17ns_21_4_1_DSP48_0_U/p_reg_reg, operation Mode is: (C:0x10000)+((D'+A)*(B:0x555)')'.
DSP Report: register add_ln31_16_reg_23485_reg is absorbed into DSP ama_addmuladd_9s_8s_11ns_17ns_21_4_1_U625/graphsage_int8_po2_ama_addmuladd_9s_8s_11ns_17ns_21_4_1_DSP48_0_U/p_reg_reg.
DSP Report: register ama_addmuladd_8ns_7ns_11ns_12ns_19_4_1_U636/graphsage_int8_po2_ama_addmuladd_8ns_7ns_11ns_12ns_19_4_1_DSP48_0_U/b_reg_reg is absorbed into DSP ama_addmuladd_9s_8s_11ns_17ns_21_4_1_U625/graphsage_int8_po2_ama_addmuladd_9s_8s_11ns_17ns_21_4_1_DSP48_0_U/p_reg_reg.
DSP Report: register ama_addmuladd_9s_8s_11ns_17ns_21_4_1_U625/graphsage_int8_po2_ama_addmuladd_9s_8s_11ns_17ns_21_4_1_DSP48_0_U/p_reg_reg is absorbed into DSP ama_addmuladd_9s_8s_11ns_17ns_21_4_1_U625/graphsage_int8_po2_ama_addmuladd_9s_8s_11ns_17ns_21_4_1_DSP48_0_U/p_reg_reg.
DSP Report: register ama_addmuladd_9s_8s_11ns_17ns_21_4_1_U625/graphsage_int8_po2_ama_addmuladd_9s_8s_11ns_17ns_21_4_1_DSP48_0_U/m_reg_reg is absorbed into DSP ama_addmuladd_9s_8s_11ns_17ns_21_4_1_U625/graphsage_int8_po2_ama_addmuladd_9s_8s_11ns_17ns_21_4_1_DSP48_0_U/p_reg_reg.
DSP Report: register ama_addmuladd_9s_8s_11ns_17ns_21_4_1_U625/graphsage_int8_po2_ama_addmuladd_9s_8s_11ns_17ns_21_4_1_DSP48_0_U/ad_reg_reg is absorbed into DSP ama_addmuladd_9s_8s_11ns_17ns_21_4_1_U625/graphsage_int8_po2_ama_addmuladd_9s_8s_11ns_17ns_21_4_1_DSP48_0_U/p_reg_reg.
DSP Report: operator ama_addmuladd_9s_8s_11ns_17ns_21_4_1_U625/graphsage_int8_po2_ama_addmuladd_9s_8s_11ns_17ns_21_4_1_DSP48_0_U/p is absorbed into DSP ama_addmuladd_9s_8s_11ns_17ns_21_4_1_U625/graphsage_int8_po2_ama_addmuladd_9s_8s_11ns_17ns_21_4_1_DSP48_0_U/p_reg_reg.
DSP Report: operator ama_addmuladd_9s_8s_11ns_17ns_21_4_1_U625/graphsage_int8_po2_ama_addmuladd_9s_8s_11ns_17ns_21_4_1_DSP48_0_U/m is absorbed into DSP ama_addmuladd_9s_8s_11ns_17ns_21_4_1_U625/graphsage_int8_po2_ama_addmuladd_9s_8s_11ns_17ns_21_4_1_DSP48_0_U/p_reg_reg.
DSP Report: operator ama_addmuladd_9s_8s_11ns_17ns_21_4_1_U625/graphsage_int8_po2_ama_addmuladd_9s_8s_11ns_17ns_21_4_1_DSP48_0_U/ad is absorbed into DSP ama_addmuladd_9s_8s_11ns_17ns_21_4_1_U625/graphsage_int8_po2_ama_addmuladd_9s_8s_11ns_17ns_21_4_1_DSP48_0_U/p_reg_reg.
DSP Report: Generating DSP ama_addmuladd_9s_8s_11ns_17ns_21_4_1_U632/graphsage_int8_po2_ama_addmuladd_9s_8s_11ns_17ns_21_4_1_DSP48_0_U/p_reg_reg, operation Mode is: (C:0x10000)+((D'+A)*(B:0x555)')'.
DSP Report: register add_ln31_30_reg_23520_reg is absorbed into DSP ama_addmuladd_9s_8s_11ns_17ns_21_4_1_U632/graphsage_int8_po2_ama_addmuladd_9s_8s_11ns_17ns_21_4_1_DSP48_0_U/p_reg_reg.
DSP Report: register ama_addmuladd_8ns_7ns_11ns_12ns_19_4_1_U636/graphsage_int8_po2_ama_addmuladd_8ns_7ns_11ns_12ns_19_4_1_DSP48_0_U/b_reg_reg is absorbed into DSP ama_addmuladd_9s_8s_11ns_17ns_21_4_1_U632/graphsage_int8_po2_ama_addmuladd_9s_8s_11ns_17ns_21_4_1_DSP48_0_U/p_reg_reg.
DSP Report: register ama_addmuladd_9s_8s_11ns_17ns_21_4_1_U632/graphsage_int8_po2_ama_addmuladd_9s_8s_11ns_17ns_21_4_1_DSP48_0_U/p_reg_reg is absorbed into DSP ama_addmuladd_9s_8s_11ns_17ns_21_4_1_U632/graphsage_int8_po2_ama_addmuladd_9s_8s_11ns_17ns_21_4_1_DSP48_0_U/p_reg_reg.
DSP Report: register ama_addmuladd_9s_8s_11ns_17ns_21_4_1_U632/graphsage_int8_po2_ama_addmuladd_9s_8s_11ns_17ns_21_4_1_DSP48_0_U/m_reg_reg is absorbed into DSP ama_addmuladd_9s_8s_11ns_17ns_21_4_1_U632/graphsage_int8_po2_ama_addmuladd_9s_8s_11ns_17ns_21_4_1_DSP48_0_U/p_reg_reg.
DSP Report: register ama_addmuladd_9s_8s_11ns_17ns_21_4_1_U632/graphsage_int8_po2_ama_addmuladd_9s_8s_11ns_17ns_21_4_1_DSP48_0_U/ad_reg_reg is absorbed into DSP ama_addmuladd_9s_8s_11ns_17ns_21_4_1_U632/graphsage_int8_po2_ama_addmuladd_9s_8s_11ns_17ns_21_4_1_DSP48_0_U/p_reg_reg.
DSP Report: operator ama_addmuladd_9s_8s_11ns_17ns_21_4_1_U632/graphsage_int8_po2_ama_addmuladd_9s_8s_11ns_17ns_21_4_1_DSP48_0_U/p is absorbed into DSP ama_addmuladd_9s_8s_11ns_17ns_21_4_1_U632/graphsage_int8_po2_ama_addmuladd_9s_8s_11ns_17ns_21_4_1_DSP48_0_U/p_reg_reg.
DSP Report: operator ama_addmuladd_9s_8s_11ns_17ns_21_4_1_U632/graphsage_int8_po2_ama_addmuladd_9s_8s_11ns_17ns_21_4_1_DSP48_0_U/m is absorbed into DSP ama_addmuladd_9s_8s_11ns_17ns_21_4_1_U632/graphsage_int8_po2_ama_addmuladd_9s_8s_11ns_17ns_21_4_1_DSP48_0_U/p_reg_reg.
DSP Report: operator ama_addmuladd_9s_8s_11ns_17ns_21_4_1_U632/graphsage_int8_po2_ama_addmuladd_9s_8s_11ns_17ns_21_4_1_DSP48_0_U/ad is absorbed into DSP ama_addmuladd_9s_8s_11ns_17ns_21_4_1_U632/graphsage_int8_po2_ama_addmuladd_9s_8s_11ns_17ns_21_4_1_DSP48_0_U/p_reg_reg.
DSP Report: Generating DSP ama_addmuladd_9s_8s_11ns_17ns_21_4_1_U628/graphsage_int8_po2_ama_addmuladd_9s_8s_11ns_17ns_21_4_1_DSP48_0_U/p_reg_reg, operation Mode is: (C:0x10000)+((D'+A)*(B:0x555)')'.
DSP Report: register add_ln31_22_reg_23500_reg is absorbed into DSP ama_addmuladd_9s_8s_11ns_17ns_21_4_1_U628/graphsage_int8_po2_ama_addmuladd_9s_8s_11ns_17ns_21_4_1_DSP48_0_U/p_reg_reg.
DSP Report: register ama_addmuladd_8ns_7ns_11ns_12ns_19_4_1_U636/graphsage_int8_po2_ama_addmuladd_8ns_7ns_11ns_12ns_19_4_1_DSP48_0_U/b_reg_reg is absorbed into DSP ama_addmuladd_9s_8s_11ns_17ns_21_4_1_U628/graphsage_int8_po2_ama_addmuladd_9s_8s_11ns_17ns_21_4_1_DSP48_0_U/p_reg_reg.
DSP Report: register ama_addmuladd_9s_8s_11ns_17ns_21_4_1_U628/graphsage_int8_po2_ama_addmuladd_9s_8s_11ns_17ns_21_4_1_DSP48_0_U/p_reg_reg is absorbed into DSP ama_addmuladd_9s_8s_11ns_17ns_21_4_1_U628/graphsage_int8_po2_ama_addmuladd_9s_8s_11ns_17ns_21_4_1_DSP48_0_U/p_reg_reg.
DSP Report: register ama_addmuladd_9s_8s_11ns_17ns_21_4_1_U628/graphsage_int8_po2_ama_addmuladd_9s_8s_11ns_17ns_21_4_1_DSP48_0_U/m_reg_reg is absorbed into DSP ama_addmuladd_9s_8s_11ns_17ns_21_4_1_U628/graphsage_int8_po2_ama_addmuladd_9s_8s_11ns_17ns_21_4_1_DSP48_0_U/p_reg_reg.
DSP Report: register ama_addmuladd_9s_8s_11ns_17ns_21_4_1_U628/graphsage_int8_po2_ama_addmuladd_9s_8s_11ns_17ns_21_4_1_DSP48_0_U/ad_reg_reg is absorbed into DSP ama_addmuladd_9s_8s_11ns_17ns_21_4_1_U628/graphsage_int8_po2_ama_addmuladd_9s_8s_11ns_17ns_21_4_1_DSP48_0_U/p_reg_reg.
DSP Report: operator ama_addmuladd_9s_8s_11ns_17ns_21_4_1_U628/graphsage_int8_po2_ama_addmuladd_9s_8s_11ns_17ns_21_4_1_DSP48_0_U/p is absorbed into DSP ama_addmuladd_9s_8s_11ns_17ns_21_4_1_U628/graphsage_int8_po2_ama_addmuladd_9s_8s_11ns_17ns_21_4_1_DSP48_0_U/p_reg_reg.
DSP Report: operator ama_addmuladd_9s_8s_11ns_17ns_21_4_1_U628/graphsage_int8_po2_ama_addmuladd_9s_8s_11ns_17ns_21_4_1_DSP48_0_U/m is absorbed into DSP ama_addmuladd_9s_8s_11ns_17ns_21_4_1_U628/graphsage_int8_po2_ama_addmuladd_9s_8s_11ns_17ns_21_4_1_DSP48_0_U/p_reg_reg.
DSP Report: operator ama_addmuladd_9s_8s_11ns_17ns_21_4_1_U628/graphsage_int8_po2_ama_addmuladd_9s_8s_11ns_17ns_21_4_1_DSP48_0_U/ad is absorbed into DSP ama_addmuladd_9s_8s_11ns_17ns_21_4_1_U628/graphsage_int8_po2_ama_addmuladd_9s_8s_11ns_17ns_21_4_1_DSP48_0_U/p_reg_reg.
DSP Report: Generating DSP ama_addmuladd_9s_8s_11ns_17ns_21_4_1_U629/graphsage_int8_po2_ama_addmuladd_9s_8s_11ns_17ns_21_4_1_DSP48_0_U/p_reg_reg, operation Mode is: (C:0x10000)+((D'+A)*(B:0x555)')'.
DSP Report: register add_ln31_24_reg_23505_reg is absorbed into DSP ama_addmuladd_9s_8s_11ns_17ns_21_4_1_U629/graphsage_int8_po2_ama_addmuladd_9s_8s_11ns_17ns_21_4_1_DSP48_0_U/p_reg_reg.
DSP Report: register ama_addmuladd_8ns_7ns_11ns_12ns_19_4_1_U636/graphsage_int8_po2_ama_addmuladd_8ns_7ns_11ns_12ns_19_4_1_DSP48_0_U/b_reg_reg is absorbed into DSP ama_addmuladd_9s_8s_11ns_17ns_21_4_1_U629/graphsage_int8_po2_ama_addmuladd_9s_8s_11ns_17ns_21_4_1_DSP48_0_U/p_reg_reg.
DSP Report: register ama_addmuladd_9s_8s_11ns_17ns_21_4_1_U629/graphsage_int8_po2_ama_addmuladd_9s_8s_11ns_17ns_21_4_1_DSP48_0_U/p_reg_reg is absorbed into DSP ama_addmuladd_9s_8s_11ns_17ns_21_4_1_U629/graphsage_int8_po2_ama_addmuladd_9s_8s_11ns_17ns_21_4_1_DSP48_0_U/p_reg_reg.
DSP Report: register ama_addmuladd_9s_8s_11ns_17ns_21_4_1_U629/graphsage_int8_po2_ama_addmuladd_9s_8s_11ns_17ns_21_4_1_DSP48_0_U/m_reg_reg is absorbed into DSP ama_addmuladd_9s_8s_11ns_17ns_21_4_1_U629/graphsage_int8_po2_ama_addmuladd_9s_8s_11ns_17ns_21_4_1_DSP48_0_U/p_reg_reg.
DSP Report: register ama_addmuladd_9s_8s_11ns_17ns_21_4_1_U629/graphsage_int8_po2_ama_addmuladd_9s_8s_11ns_17ns_21_4_1_DSP48_0_U/ad_reg_reg is absorbed into DSP ama_addmuladd_9s_8s_11ns_17ns_21_4_1_U629/graphsage_int8_po2_ama_addmuladd_9s_8s_11ns_17ns_21_4_1_DSP48_0_U/p_reg_reg.
DSP Report: operator ama_addmuladd_9s_8s_11ns_17ns_21_4_1_U629/graphsage_int8_po2_ama_addmuladd_9s_8s_11ns_17ns_21_4_1_DSP48_0_U/p is absorbed into DSP ama_addmuladd_9s_8s_11ns_17ns_21_4_1_U629/graphsage_int8_po2_ama_addmuladd_9s_8s_11ns_17ns_21_4_1_DSP48_0_U/p_reg_reg.
DSP Report: operator ama_addmuladd_9s_8s_11ns_17ns_21_4_1_U629/graphsage_int8_po2_ama_addmuladd_9s_8s_11ns_17ns_21_4_1_DSP48_0_U/m is absorbed into DSP ama_addmuladd_9s_8s_11ns_17ns_21_4_1_U629/graphsage_int8_po2_ama_addmuladd_9s_8s_11ns_17ns_21_4_1_DSP48_0_U/p_reg_reg.
DSP Report: operator ama_addmuladd_9s_8s_11ns_17ns_21_4_1_U629/graphsage_int8_po2_ama_addmuladd_9s_8s_11ns_17ns_21_4_1_DSP48_0_U/ad is absorbed into DSP ama_addmuladd_9s_8s_11ns_17ns_21_4_1_U629/graphsage_int8_po2_ama_addmuladd_9s_8s_11ns_17ns_21_4_1_DSP48_0_U/p_reg_reg.
DSP Report: Generating DSP ama_addmuladd_9s_8s_11ns_17ns_21_4_1_U626/graphsage_int8_po2_ama_addmuladd_9s_8s_11ns_17ns_21_4_1_DSP48_0_U/p_reg_reg, operation Mode is: (C:0x10000)+((D'+A)*(B:0x555)')'.
DSP Report: register add_ln31_18_reg_23490_reg is absorbed into DSP ama_addmuladd_9s_8s_11ns_17ns_21_4_1_U626/graphsage_int8_po2_ama_addmuladd_9s_8s_11ns_17ns_21_4_1_DSP48_0_U/p_reg_reg.
DSP Report: register ama_addmuladd_8ns_7ns_11ns_12ns_19_4_1_U636/graphsage_int8_po2_ama_addmuladd_8ns_7ns_11ns_12ns_19_4_1_DSP48_0_U/b_reg_reg is absorbed into DSP ama_addmuladd_9s_8s_11ns_17ns_21_4_1_U626/graphsage_int8_po2_ama_addmuladd_9s_8s_11ns_17ns_21_4_1_DSP48_0_U/p_reg_reg.
DSP Report: register ama_addmuladd_9s_8s_11ns_17ns_21_4_1_U626/graphsage_int8_po2_ama_addmuladd_9s_8s_11ns_17ns_21_4_1_DSP48_0_U/p_reg_reg is absorbed into DSP ama_addmuladd_9s_8s_11ns_17ns_21_4_1_U626/graphsage_int8_po2_ama_addmuladd_9s_8s_11ns_17ns_21_4_1_DSP48_0_U/p_reg_reg.
DSP Report: register ama_addmuladd_9s_8s_11ns_17ns_21_4_1_U626/graphsage_int8_po2_ama_addmuladd_9s_8s_11ns_17ns_21_4_1_DSP48_0_U/m_reg_reg is absorbed into DSP ama_addmuladd_9s_8s_11ns_17ns_21_4_1_U626/graphsage_int8_po2_ama_addmuladd_9s_8s_11ns_17ns_21_4_1_DSP48_0_U/p_reg_reg.
DSP Report: register ama_addmuladd_9s_8s_11ns_17ns_21_4_1_U626/graphsage_int8_po2_ama_addmuladd_9s_8s_11ns_17ns_21_4_1_DSP48_0_U/ad_reg_reg is absorbed into DSP ama_addmuladd_9s_8s_11ns_17ns_21_4_1_U626/graphsage_int8_po2_ama_addmuladd_9s_8s_11ns_17ns_21_4_1_DSP48_0_U/p_reg_reg.
DSP Report: operator ama_addmuladd_9s_8s_11ns_17ns_21_4_1_U626/graphsage_int8_po2_ama_addmuladd_9s_8s_11ns_17ns_21_4_1_DSP48_0_U/p is absorbed into DSP ama_addmuladd_9s_8s_11ns_17ns_21_4_1_U626/graphsage_int8_po2_ama_addmuladd_9s_8s_11ns_17ns_21_4_1_DSP48_0_U/p_reg_reg.
DSP Report: operator ama_addmuladd_9s_8s_11ns_17ns_21_4_1_U626/graphsage_int8_po2_ama_addmuladd_9s_8s_11ns_17ns_21_4_1_DSP48_0_U/m is absorbed into DSP ama_addmuladd_9s_8s_11ns_17ns_21_4_1_U626/graphsage_int8_po2_ama_addmuladd_9s_8s_11ns_17ns_21_4_1_DSP48_0_U/p_reg_reg.
DSP Report: operator ama_addmuladd_9s_8s_11ns_17ns_21_4_1_U626/graphsage_int8_po2_ama_addmuladd_9s_8s_11ns_17ns_21_4_1_DSP48_0_U/ad is absorbed into DSP ama_addmuladd_9s_8s_11ns_17ns_21_4_1_U626/graphsage_int8_po2_ama_addmuladd_9s_8s_11ns_17ns_21_4_1_DSP48_0_U/p_reg_reg.
DSP Report: Generating DSP ama_addmuladd_9s_8s_11ns_17ns_21_4_1_U627/graphsage_int8_po2_ama_addmuladd_9s_8s_11ns_17ns_21_4_1_DSP48_0_U/p_reg_reg, operation Mode is: (C:0x10000)+((D'+A)*(B:0x555)')'.
DSP Report: register add_ln31_20_reg_23495_reg is absorbed into DSP ama_addmuladd_9s_8s_11ns_17ns_21_4_1_U627/graphsage_int8_po2_ama_addmuladd_9s_8s_11ns_17ns_21_4_1_DSP48_0_U/p_reg_reg.
DSP Report: register ama_addmuladd_8ns_7ns_11ns_12ns_19_4_1_U636/graphsage_int8_po2_ama_addmuladd_8ns_7ns_11ns_12ns_19_4_1_DSP48_0_U/b_reg_reg is absorbed into DSP ama_addmuladd_9s_8s_11ns_17ns_21_4_1_U627/graphsage_int8_po2_ama_addmuladd_9s_8s_11ns_17ns_21_4_1_DSP48_0_U/p_reg_reg.
DSP Report: register ama_addmuladd_9s_8s_11ns_17ns_21_4_1_U627/graphsage_int8_po2_ama_addmuladd_9s_8s_11ns_17ns_21_4_1_DSP48_0_U/p_reg_reg is absorbed into DSP ama_addmuladd_9s_8s_11ns_17ns_21_4_1_U627/graphsage_int8_po2_ama_addmuladd_9s_8s_11ns_17ns_21_4_1_DSP48_0_U/p_reg_reg.
DSP Report: register ama_addmuladd_9s_8s_11ns_17ns_21_4_1_U627/graphsage_int8_po2_ama_addmuladd_9s_8s_11ns_17ns_21_4_1_DSP48_0_U/m_reg_reg is absorbed into DSP ama_addmuladd_9s_8s_11ns_17ns_21_4_1_U627/graphsage_int8_po2_ama_addmuladd_9s_8s_11ns_17ns_21_4_1_DSP48_0_U/p_reg_reg.
DSP Report: register ama_addmuladd_9s_8s_11ns_17ns_21_4_1_U627/graphsage_int8_po2_ama_addmuladd_9s_8s_11ns_17ns_21_4_1_DSP48_0_U/ad_reg_reg is absorbed into DSP ama_addmuladd_9s_8s_11ns_17ns_21_4_1_U627/graphsage_int8_po2_ama_addmuladd_9s_8s_11ns_17ns_21_4_1_DSP48_0_U/p_reg_reg.
DSP Report: operator ama_addmuladd_9s_8s_11ns_17ns_21_4_1_U627/graphsage_int8_po2_ama_addmuladd_9s_8s_11ns_17ns_21_4_1_DSP48_0_U/p is absorbed into DSP ama_addmuladd_9s_8s_11ns_17ns_21_4_1_U627/graphsage_int8_po2_ama_addmuladd_9s_8s_11ns_17ns_21_4_1_DSP48_0_U/p_reg_reg.
DSP Report: operator ama_addmuladd_9s_8s_11ns_17ns_21_4_1_U627/graphsage_int8_po2_ama_addmuladd_9s_8s_11ns_17ns_21_4_1_DSP48_0_U/m is absorbed into DSP ama_addmuladd_9s_8s_11ns_17ns_21_4_1_U627/graphsage_int8_po2_ama_addmuladd_9s_8s_11ns_17ns_21_4_1_DSP48_0_U/p_reg_reg.
DSP Report: operator ama_addmuladd_9s_8s_11ns_17ns_21_4_1_U627/graphsage_int8_po2_ama_addmuladd_9s_8s_11ns_17ns_21_4_1_DSP48_0_U/ad is absorbed into DSP ama_addmuladd_9s_8s_11ns_17ns_21_4_1_U627/graphsage_int8_po2_ama_addmuladd_9s_8s_11ns_17ns_21_4_1_DSP48_0_U/p_reg_reg.
DSP Report: Generating DSP ama_addmuladd_9s_8s_11ns_17ns_21_4_1_U630/graphsage_int8_po2_ama_addmuladd_9s_8s_11ns_17ns_21_4_1_DSP48_0_U/p_reg_reg, operation Mode is: (C:0x10000)+((D'+A)*(B:0x555)')'.
DSP Report: register add_ln31_26_reg_23510_reg is absorbed into DSP ama_addmuladd_9s_8s_11ns_17ns_21_4_1_U630/graphsage_int8_po2_ama_addmuladd_9s_8s_11ns_17ns_21_4_1_DSP48_0_U/p_reg_reg.
DSP Report: register ama_addmuladd_8ns_7ns_11ns_12ns_19_4_1_U636/graphsage_int8_po2_ama_addmuladd_8ns_7ns_11ns_12ns_19_4_1_DSP48_0_U/b_reg_reg is absorbed into DSP ama_addmuladd_9s_8s_11ns_17ns_21_4_1_U630/graphsage_int8_po2_ama_addmuladd_9s_8s_11ns_17ns_21_4_1_DSP48_0_U/p_reg_reg.
DSP Report: register ama_addmuladd_9s_8s_11ns_17ns_21_4_1_U630/graphsage_int8_po2_ama_addmuladd_9s_8s_11ns_17ns_21_4_1_DSP48_0_U/p_reg_reg is absorbed into DSP ama_addmuladd_9s_8s_11ns_17ns_21_4_1_U630/graphsage_int8_po2_ama_addmuladd_9s_8s_11ns_17ns_21_4_1_DSP48_0_U/p_reg_reg.
DSP Report: register ama_addmuladd_9s_8s_11ns_17ns_21_4_1_U630/graphsage_int8_po2_ama_addmuladd_9s_8s_11ns_17ns_21_4_1_DSP48_0_U/m_reg_reg is absorbed into DSP ama_addmuladd_9s_8s_11ns_17ns_21_4_1_U630/graphsage_int8_po2_ama_addmuladd_9s_8s_11ns_17ns_21_4_1_DSP48_0_U/p_reg_reg.
DSP Report: register ama_addmuladd_9s_8s_11ns_17ns_21_4_1_U630/graphsage_int8_po2_ama_addmuladd_9s_8s_11ns_17ns_21_4_1_DSP48_0_U/ad_reg_reg is absorbed into DSP ama_addmuladd_9s_8s_11ns_17ns_21_4_1_U630/graphsage_int8_po2_ama_addmuladd_9s_8s_11ns_17ns_21_4_1_DSP48_0_U/p_reg_reg.
DSP Report: operator ama_addmuladd_9s_8s_11ns_17ns_21_4_1_U630/graphsage_int8_po2_ama_addmuladd_9s_8s_11ns_17ns_21_4_1_DSP48_0_U/p is absorbed into DSP ama_addmuladd_9s_8s_11ns_17ns_21_4_1_U630/graphsage_int8_po2_ama_addmuladd_9s_8s_11ns_17ns_21_4_1_DSP48_0_U/p_reg_reg.
DSP Report: operator ama_addmuladd_9s_8s_11ns_17ns_21_4_1_U630/graphsage_int8_po2_ama_addmuladd_9s_8s_11ns_17ns_21_4_1_DSP48_0_U/m is absorbed into DSP ama_addmuladd_9s_8s_11ns_17ns_21_4_1_U630/graphsage_int8_po2_ama_addmuladd_9s_8s_11ns_17ns_21_4_1_DSP48_0_U/p_reg_reg.
DSP Report: operator ama_addmuladd_9s_8s_11ns_17ns_21_4_1_U630/graphsage_int8_po2_ama_addmuladd_9s_8s_11ns_17ns_21_4_1_DSP48_0_U/ad is absorbed into DSP ama_addmuladd_9s_8s_11ns_17ns_21_4_1_U630/graphsage_int8_po2_ama_addmuladd_9s_8s_11ns_17ns_21_4_1_DSP48_0_U/p_reg_reg.
DSP Report: Generating DSP ama_addmuladd_9s_8s_11ns_17ns_21_4_1_U624/graphsage_int8_po2_ama_addmuladd_9s_8s_11ns_17ns_21_4_1_DSP48_0_U/p_reg_reg, operation Mode is: (C:0x10000)+((D'+A)*(B:0x555)')'.
DSP Report: register add_ln31_14_reg_23480_reg is absorbed into DSP ama_addmuladd_9s_8s_11ns_17ns_21_4_1_U624/graphsage_int8_po2_ama_addmuladd_9s_8s_11ns_17ns_21_4_1_DSP48_0_U/p_reg_reg.
DSP Report: register ama_addmuladd_8ns_7ns_11ns_12ns_19_4_1_U636/graphsage_int8_po2_ama_addmuladd_8ns_7ns_11ns_12ns_19_4_1_DSP48_0_U/b_reg_reg is absorbed into DSP ama_addmuladd_9s_8s_11ns_17ns_21_4_1_U624/graphsage_int8_po2_ama_addmuladd_9s_8s_11ns_17ns_21_4_1_DSP48_0_U/p_reg_reg.
DSP Report: register ama_addmuladd_9s_8s_11ns_17ns_21_4_1_U624/graphsage_int8_po2_ama_addmuladd_9s_8s_11ns_17ns_21_4_1_DSP48_0_U/p_reg_reg is absorbed into DSP ama_addmuladd_9s_8s_11ns_17ns_21_4_1_U624/graphsage_int8_po2_ama_addmuladd_9s_8s_11ns_17ns_21_4_1_DSP48_0_U/p_reg_reg.
DSP Report: register ama_addmuladd_9s_8s_11ns_17ns_21_4_1_U624/graphsage_int8_po2_ama_addmuladd_9s_8s_11ns_17ns_21_4_1_DSP48_0_U/m_reg_reg is absorbed into DSP ama_addmuladd_9s_8s_11ns_17ns_21_4_1_U624/graphsage_int8_po2_ama_addmuladd_9s_8s_11ns_17ns_21_4_1_DSP48_0_U/p_reg_reg.
DSP Report: register ama_addmuladd_9s_8s_11ns_17ns_21_4_1_U624/graphsage_int8_po2_ama_addmuladd_9s_8s_11ns_17ns_21_4_1_DSP48_0_U/ad_reg_reg is absorbed into DSP ama_addmuladd_9s_8s_11ns_17ns_21_4_1_U624/graphsage_int8_po2_ama_addmuladd_9s_8s_11ns_17ns_21_4_1_DSP48_0_U/p_reg_reg.
DSP Report: operator ama_addmuladd_9s_8s_11ns_17ns_21_4_1_U624/graphsage_int8_po2_ama_addmuladd_9s_8s_11ns_17ns_21_4_1_DSP48_0_U/p is absorbed into DSP ama_addmuladd_9s_8s_11ns_17ns_21_4_1_U624/graphsage_int8_po2_ama_addmuladd_9s_8s_11ns_17ns_21_4_1_DSP48_0_U/p_reg_reg.
DSP Report: operator ama_addmuladd_9s_8s_11ns_17ns_21_4_1_U624/graphsage_int8_po2_ama_addmuladd_9s_8s_11ns_17ns_21_4_1_DSP48_0_U/m is absorbed into DSP ama_addmuladd_9s_8s_11ns_17ns_21_4_1_U624/graphsage_int8_po2_ama_addmuladd_9s_8s_11ns_17ns_21_4_1_DSP48_0_U/p_reg_reg.
DSP Report: operator ama_addmuladd_9s_8s_11ns_17ns_21_4_1_U624/graphsage_int8_po2_ama_addmuladd_9s_8s_11ns_17ns_21_4_1_DSP48_0_U/ad is absorbed into DSP ama_addmuladd_9s_8s_11ns_17ns_21_4_1_U624/graphsage_int8_po2_ama_addmuladd_9s_8s_11ns_17ns_21_4_1_DSP48_0_U/p_reg_reg.
DSP Report: Generating DSP ama_addmuladd_9s_8s_11ns_17ns_21_4_1_U623/graphsage_int8_po2_ama_addmuladd_9s_8s_11ns_17ns_21_4_1_DSP48_0_U/p_reg_reg, operation Mode is: (C:0x10000)+((D'+A)*(B:0x555)')'.
DSP Report: register add_ln31_12_reg_23475_reg is absorbed into DSP ama_addmuladd_9s_8s_11ns_17ns_21_4_1_U623/graphsage_int8_po2_ama_addmuladd_9s_8s_11ns_17ns_21_4_1_DSP48_0_U/p_reg_reg.
DSP Report: register ama_addmuladd_8ns_7ns_11ns_12ns_19_4_1_U636/graphsage_int8_po2_ama_addmuladd_8ns_7ns_11ns_12ns_19_4_1_DSP48_0_U/b_reg_reg is absorbed into DSP ama_addmuladd_9s_8s_11ns_17ns_21_4_1_U623/graphsage_int8_po2_ama_addmuladd_9s_8s_11ns_17ns_21_4_1_DSP48_0_U/p_reg_reg.
DSP Report: register ama_addmuladd_9s_8s_11ns_17ns_21_4_1_U623/graphsage_int8_po2_ama_addmuladd_9s_8s_11ns_17ns_21_4_1_DSP48_0_U/p_reg_reg is absorbed into DSP ama_addmuladd_9s_8s_11ns_17ns_21_4_1_U623/graphsage_int8_po2_ama_addmuladd_9s_8s_11ns_17ns_21_4_1_DSP48_0_U/p_reg_reg.
DSP Report: register ama_addmuladd_9s_8s_11ns_17ns_21_4_1_U623/graphsage_int8_po2_ama_addmuladd_9s_8s_11ns_17ns_21_4_1_DSP48_0_U/m_reg_reg is absorbed into DSP ama_addmuladd_9s_8s_11ns_17ns_21_4_1_U623/graphsage_int8_po2_ama_addmuladd_9s_8s_11ns_17ns_21_4_1_DSP48_0_U/p_reg_reg.
DSP Report: register ama_addmuladd_9s_8s_11ns_17ns_21_4_1_U623/graphsage_int8_po2_ama_addmuladd_9s_8s_11ns_17ns_21_4_1_DSP48_0_U/ad_reg_reg is absorbed into DSP ama_addmuladd_9s_8s_11ns_17ns_21_4_1_U623/graphsage_int8_po2_ama_addmuladd_9s_8s_11ns_17ns_21_4_1_DSP48_0_U/p_reg_reg.
DSP Report: operator ama_addmuladd_9s_8s_11ns_17ns_21_4_1_U623/graphsage_int8_po2_ama_addmuladd_9s_8s_11ns_17ns_21_4_1_DSP48_0_U/p is absorbed into DSP ama_addmuladd_9s_8s_11ns_17ns_21_4_1_U623/graphsage_int8_po2_ama_addmuladd_9s_8s_11ns_17ns_21_4_1_DSP48_0_U/p_reg_reg.
DSP Report: operator ama_addmuladd_9s_8s_11ns_17ns_21_4_1_U623/graphsage_int8_po2_ama_addmuladd_9s_8s_11ns_17ns_21_4_1_DSP48_0_U/m is absorbed into DSP ama_addmuladd_9s_8s_11ns_17ns_21_4_1_U623/graphsage_int8_po2_ama_addmuladd_9s_8s_11ns_17ns_21_4_1_DSP48_0_U/p_reg_reg.
DSP Report: operator ama_addmuladd_9s_8s_11ns_17ns_21_4_1_U623/graphsage_int8_po2_ama_addmuladd_9s_8s_11ns_17ns_21_4_1_DSP48_0_U/ad is absorbed into DSP ama_addmuladd_9s_8s_11ns_17ns_21_4_1_U623/graphsage_int8_po2_ama_addmuladd_9s_8s_11ns_17ns_21_4_1_DSP48_0_U/p_reg_reg.
DSP Report: Generating DSP ama_addmuladd_9s_8s_11ns_17ns_21_4_1_U621/graphsage_int8_po2_ama_addmuladd_9s_8s_11ns_17ns_21_4_1_DSP48_0_U/p_reg_reg, operation Mode is: (C:0x10000)+((D'+A)*(B:0x555)')'.
DSP Report: register add_ln31_8_reg_23465_reg is absorbed into DSP ama_addmuladd_9s_8s_11ns_17ns_21_4_1_U621/graphsage_int8_po2_ama_addmuladd_9s_8s_11ns_17ns_21_4_1_DSP48_0_U/p_reg_reg.
DSP Report: register ama_addmuladd_8ns_7ns_11ns_12ns_19_4_1_U636/graphsage_int8_po2_ama_addmuladd_8ns_7ns_11ns_12ns_19_4_1_DSP48_0_U/b_reg_reg is absorbed into DSP ama_addmuladd_9s_8s_11ns_17ns_21_4_1_U621/graphsage_int8_po2_ama_addmuladd_9s_8s_11ns_17ns_21_4_1_DSP48_0_U/p_reg_reg.
DSP Report: register ama_addmuladd_9s_8s_11ns_17ns_21_4_1_U621/graphsage_int8_po2_ama_addmuladd_9s_8s_11ns_17ns_21_4_1_DSP48_0_U/p_reg_reg is absorbed into DSP ama_addmuladd_9s_8s_11ns_17ns_21_4_1_U621/graphsage_int8_po2_ama_addmuladd_9s_8s_11ns_17ns_21_4_1_DSP48_0_U/p_reg_reg.
DSP Report: register ama_addmuladd_9s_8s_11ns_17ns_21_4_1_U621/graphsage_int8_po2_ama_addmuladd_9s_8s_11ns_17ns_21_4_1_DSP48_0_U/m_reg_reg is absorbed into DSP ama_addmuladd_9s_8s_11ns_17ns_21_4_1_U621/graphsage_int8_po2_ama_addmuladd_9s_8s_11ns_17ns_21_4_1_DSP48_0_U/p_reg_reg.
DSP Report: register ama_addmuladd_9s_8s_11ns_17ns_21_4_1_U621/graphsage_int8_po2_ama_addmuladd_9s_8s_11ns_17ns_21_4_1_DSP48_0_U/ad_reg_reg is absorbed into DSP ama_addmuladd_9s_8s_11ns_17ns_21_4_1_U621/graphsage_int8_po2_ama_addmuladd_9s_8s_11ns_17ns_21_4_1_DSP48_0_U/p_reg_reg.
DSP Report: operator ama_addmuladd_9s_8s_11ns_17ns_21_4_1_U621/graphsage_int8_po2_ama_addmuladd_9s_8s_11ns_17ns_21_4_1_DSP48_0_U/p is absorbed into DSP ama_addmuladd_9s_8s_11ns_17ns_21_4_1_U621/graphsage_int8_po2_ama_addmuladd_9s_8s_11ns_17ns_21_4_1_DSP48_0_U/p_reg_reg.
DSP Report: operator ama_addmuladd_9s_8s_11ns_17ns_21_4_1_U621/graphsage_int8_po2_ama_addmuladd_9s_8s_11ns_17ns_21_4_1_DSP48_0_U/m is absorbed into DSP ama_addmuladd_9s_8s_11ns_17ns_21_4_1_U621/graphsage_int8_po2_ama_addmuladd_9s_8s_11ns_17ns_21_4_1_DSP48_0_U/p_reg_reg.
DSP Report: operator ama_addmuladd_9s_8s_11ns_17ns_21_4_1_U621/graphsage_int8_po2_ama_addmuladd_9s_8s_11ns_17ns_21_4_1_DSP48_0_U/ad is absorbed into DSP ama_addmuladd_9s_8s_11ns_17ns_21_4_1_U621/graphsage_int8_po2_ama_addmuladd_9s_8s_11ns_17ns_21_4_1_DSP48_0_U/p_reg_reg.
DSP Report: Generating DSP ama_addmuladd_9s_8s_11ns_17ns_21_4_1_U617/graphsage_int8_po2_ama_addmuladd_9s_8s_11ns_17ns_21_4_1_DSP48_0_U/p_reg_reg, operation Mode is: (C:0x10000)+((D'+A)*(B:0x555)')'.
DSP Report: register add_ln31_reg_23445_reg is absorbed into DSP ama_addmuladd_9s_8s_11ns_17ns_21_4_1_U617/graphsage_int8_po2_ama_addmuladd_9s_8s_11ns_17ns_21_4_1_DSP48_0_U/p_reg_reg.
DSP Report: register ama_addmuladd_8ns_7ns_11ns_12ns_19_4_1_U636/graphsage_int8_po2_ama_addmuladd_8ns_7ns_11ns_12ns_19_4_1_DSP48_0_U/b_reg_reg is absorbed into DSP ama_addmuladd_9s_8s_11ns_17ns_21_4_1_U617/graphsage_int8_po2_ama_addmuladd_9s_8s_11ns_17ns_21_4_1_DSP48_0_U/p_reg_reg.
DSP Report: register ama_addmuladd_9s_8s_11ns_17ns_21_4_1_U617/graphsage_int8_po2_ama_addmuladd_9s_8s_11ns_17ns_21_4_1_DSP48_0_U/p_reg_reg is absorbed into DSP ama_addmuladd_9s_8s_11ns_17ns_21_4_1_U617/graphsage_int8_po2_ama_addmuladd_9s_8s_11ns_17ns_21_4_1_DSP48_0_U/p_reg_reg.
DSP Report: register ama_addmuladd_9s_8s_11ns_17ns_21_4_1_U617/graphsage_int8_po2_ama_addmuladd_9s_8s_11ns_17ns_21_4_1_DSP48_0_U/m_reg_reg is absorbed into DSP ama_addmuladd_9s_8s_11ns_17ns_21_4_1_U617/graphsage_int8_po2_ama_addmuladd_9s_8s_11ns_17ns_21_4_1_DSP48_0_U/p_reg_reg.
DSP Report: register ama_addmuladd_9s_8s_11ns_17ns_21_4_1_U617/graphsage_int8_po2_ama_addmuladd_9s_8s_11ns_17ns_21_4_1_DSP48_0_U/ad_reg_reg is absorbed into DSP ama_addmuladd_9s_8s_11ns_17ns_21_4_1_U617/graphsage_int8_po2_ama_addmuladd_9s_8s_11ns_17ns_21_4_1_DSP48_0_U/p_reg_reg.
DSP Report: operator ama_addmuladd_9s_8s_11ns_17ns_21_4_1_U617/graphsage_int8_po2_ama_addmuladd_9s_8s_11ns_17ns_21_4_1_DSP48_0_U/p is absorbed into DSP ama_addmuladd_9s_8s_11ns_17ns_21_4_1_U617/graphsage_int8_po2_ama_addmuladd_9s_8s_11ns_17ns_21_4_1_DSP48_0_U/p_reg_reg.
DSP Report: operator ama_addmuladd_9s_8s_11ns_17ns_21_4_1_U617/graphsage_int8_po2_ama_addmuladd_9s_8s_11ns_17ns_21_4_1_DSP48_0_U/m is absorbed into DSP ama_addmuladd_9s_8s_11ns_17ns_21_4_1_U617/graphsage_int8_po2_ama_addmuladd_9s_8s_11ns_17ns_21_4_1_DSP48_0_U/p_reg_reg.
DSP Report: operator ama_addmuladd_9s_8s_11ns_17ns_21_4_1_U617/graphsage_int8_po2_ama_addmuladd_9s_8s_11ns_17ns_21_4_1_DSP48_0_U/ad is absorbed into DSP ama_addmuladd_9s_8s_11ns_17ns_21_4_1_U617/graphsage_int8_po2_ama_addmuladd_9s_8s_11ns_17ns_21_4_1_DSP48_0_U/p_reg_reg.
DSP Report: Generating DSP ama_addmuladd_9s_8s_11ns_17ns_21_4_1_U618/graphsage_int8_po2_ama_addmuladd_9s_8s_11ns_17ns_21_4_1_DSP48_0_U/p_reg_reg, operation Mode is: (C:0x10000)+((D'+A)*(B:0x555)')'.
DSP Report: register add_ln31_2_reg_23450_reg is absorbed into DSP ama_addmuladd_9s_8s_11ns_17ns_21_4_1_U618/graphsage_int8_po2_ama_addmuladd_9s_8s_11ns_17ns_21_4_1_DSP48_0_U/p_reg_reg.
DSP Report: register ama_addmuladd_8ns_7ns_11ns_12ns_19_4_1_U636/graphsage_int8_po2_ama_addmuladd_8ns_7ns_11ns_12ns_19_4_1_DSP48_0_U/b_reg_reg is absorbed into DSP ama_addmuladd_9s_8s_11ns_17ns_21_4_1_U618/graphsage_int8_po2_ama_addmuladd_9s_8s_11ns_17ns_21_4_1_DSP48_0_U/p_reg_reg.
DSP Report: register ama_addmuladd_9s_8s_11ns_17ns_21_4_1_U618/graphsage_int8_po2_ama_addmuladd_9s_8s_11ns_17ns_21_4_1_DSP48_0_U/p_reg_reg is absorbed into DSP ama_addmuladd_9s_8s_11ns_17ns_21_4_1_U618/graphsage_int8_po2_ama_addmuladd_9s_8s_11ns_17ns_21_4_1_DSP48_0_U/p_reg_reg.
DSP Report: register ama_addmuladd_9s_8s_11ns_17ns_21_4_1_U618/graphsage_int8_po2_ama_addmuladd_9s_8s_11ns_17ns_21_4_1_DSP48_0_U/m_reg_reg is absorbed into DSP ama_addmuladd_9s_8s_11ns_17ns_21_4_1_U618/graphsage_int8_po2_ama_addmuladd_9s_8s_11ns_17ns_21_4_1_DSP48_0_U/p_reg_reg.
DSP Report: register ama_addmuladd_9s_8s_11ns_17ns_21_4_1_U618/graphsage_int8_po2_ama_addmuladd_9s_8s_11ns_17ns_21_4_1_DSP48_0_U/ad_reg_reg is absorbed into DSP ama_addmuladd_9s_8s_11ns_17ns_21_4_1_U618/graphsage_int8_po2_ama_addmuladd_9s_8s_11ns_17ns_21_4_1_DSP48_0_U/p_reg_reg.
DSP Report: operator ama_addmuladd_9s_8s_11ns_17ns_21_4_1_U618/graphsage_int8_po2_ama_addmuladd_9s_8s_11ns_17ns_21_4_1_DSP48_0_U/p is absorbed into DSP ama_addmuladd_9s_8s_11ns_17ns_21_4_1_U618/graphsage_int8_po2_ama_addmuladd_9s_8s_11ns_17ns_21_4_1_DSP48_0_U/p_reg_reg.
DSP Report: operator ama_addmuladd_9s_8s_11ns_17ns_21_4_1_U618/graphsage_int8_po2_ama_addmuladd_9s_8s_11ns_17ns_21_4_1_DSP48_0_U/m is absorbed into DSP ama_addmuladd_9s_8s_11ns_17ns_21_4_1_U618/graphsage_int8_po2_ama_addmuladd_9s_8s_11ns_17ns_21_4_1_DSP48_0_U/p_reg_reg.
DSP Report: operator ama_addmuladd_9s_8s_11ns_17ns_21_4_1_U618/graphsage_int8_po2_ama_addmuladd_9s_8s_11ns_17ns_21_4_1_DSP48_0_U/ad is absorbed into DSP ama_addmuladd_9s_8s_11ns_17ns_21_4_1_U618/graphsage_int8_po2_ama_addmuladd_9s_8s_11ns_17ns_21_4_1_DSP48_0_U/p_reg_reg.
DSP Report: Generating DSP ama_addmuladd_9s_8s_11ns_17ns_21_4_1_U619/graphsage_int8_po2_ama_addmuladd_9s_8s_11ns_17ns_21_4_1_DSP48_0_U/p_reg_reg, operation Mode is: (C:0x10000)+((D'+A)*(B:0x555)')'.
DSP Report: register add_ln31_4_reg_23455_reg is absorbed into DSP ama_addmuladd_9s_8s_11ns_17ns_21_4_1_U619/graphsage_int8_po2_ama_addmuladd_9s_8s_11ns_17ns_21_4_1_DSP48_0_U/p_reg_reg.
DSP Report: register ama_addmuladd_8ns_7ns_11ns_12ns_19_4_1_U636/graphsage_int8_po2_ama_addmuladd_8ns_7ns_11ns_12ns_19_4_1_DSP48_0_U/b_reg_reg is absorbed into DSP ama_addmuladd_9s_8s_11ns_17ns_21_4_1_U619/graphsage_int8_po2_ama_addmuladd_9s_8s_11ns_17ns_21_4_1_DSP48_0_U/p_reg_reg.
DSP Report: register ama_addmuladd_9s_8s_11ns_17ns_21_4_1_U619/graphsage_int8_po2_ama_addmuladd_9s_8s_11ns_17ns_21_4_1_DSP48_0_U/p_reg_reg is absorbed into DSP ama_addmuladd_9s_8s_11ns_17ns_21_4_1_U619/graphsage_int8_po2_ama_addmuladd_9s_8s_11ns_17ns_21_4_1_DSP48_0_U/p_reg_reg.
DSP Report: register ama_addmuladd_9s_8s_11ns_17ns_21_4_1_U619/graphsage_int8_po2_ama_addmuladd_9s_8s_11ns_17ns_21_4_1_DSP48_0_U/m_reg_reg is absorbed into DSP ama_addmuladd_9s_8s_11ns_17ns_21_4_1_U619/graphsage_int8_po2_ama_addmuladd_9s_8s_11ns_17ns_21_4_1_DSP48_0_U/p_reg_reg.
DSP Report: register ama_addmuladd_9s_8s_11ns_17ns_21_4_1_U619/graphsage_int8_po2_ama_addmuladd_9s_8s_11ns_17ns_21_4_1_DSP48_0_U/ad_reg_reg is absorbed into DSP ama_addmuladd_9s_8s_11ns_17ns_21_4_1_U619/graphsage_int8_po2_ama_addmuladd_9s_8s_11ns_17ns_21_4_1_DSP48_0_U/p_reg_reg.
DSP Report: operator ama_addmuladd_9s_8s_11ns_17ns_21_4_1_U619/graphsage_int8_po2_ama_addmuladd_9s_8s_11ns_17ns_21_4_1_DSP48_0_U/p is absorbed into DSP ama_addmuladd_9s_8s_11ns_17ns_21_4_1_U619/graphsage_int8_po2_ama_addmuladd_9s_8s_11ns_17ns_21_4_1_DSP48_0_U/p_reg_reg.
DSP Report: operator ama_addmuladd_9s_8s_11ns_17ns_21_4_1_U619/graphsage_int8_po2_ama_addmuladd_9s_8s_11ns_17ns_21_4_1_DSP48_0_U/m is absorbed into DSP ama_addmuladd_9s_8s_11ns_17ns_21_4_1_U619/graphsage_int8_po2_ama_addmuladd_9s_8s_11ns_17ns_21_4_1_DSP48_0_U/p_reg_reg.
DSP Report: operator ama_addmuladd_9s_8s_11ns_17ns_21_4_1_U619/graphsage_int8_po2_ama_addmuladd_9s_8s_11ns_17ns_21_4_1_DSP48_0_U/ad is absorbed into DSP ama_addmuladd_9s_8s_11ns_17ns_21_4_1_U619/graphsage_int8_po2_ama_addmuladd_9s_8s_11ns_17ns_21_4_1_DSP48_0_U/p_reg_reg.
DSP Report: Generating DSP ama_addmuladd_8ns_7ns_11ns_12ns_19_4_1_U633/graphsage_int8_po2_ama_addmuladd_8ns_7ns_11ns_12ns_19_4_1_DSP48_0_U/p_reg_reg, operation Mode is: (C:0x800)+((D+A2)*(B:0x555)')'.
DSP Report: register ama_addmuladd_8ns_7ns_11ns_12ns_19_4_1_U633/graphsage_int8_po2_ama_addmuladd_8ns_7ns_11ns_12ns_19_4_1_DSP48_0_U/p_reg_reg is absorbed into DSP ama_addmuladd_8ns_7ns_11ns_12ns_19_4_1_U633/graphsage_int8_po2_ama_addmuladd_8ns_7ns_11ns_12ns_19_4_1_DSP48_0_U/p_reg_reg.
DSP Report: register ama_addmuladd_8ns_7ns_11ns_12ns_19_4_1_U636/graphsage_int8_po2_ama_addmuladd_8ns_7ns_11ns_12ns_19_4_1_DSP48_0_U/b_reg_reg is absorbed into DSP ama_addmuladd_8ns_7ns_11ns_12ns_19_4_1_U633/graphsage_int8_po2_ama_addmuladd_8ns_7ns_11ns_12ns_19_4_1_DSP48_0_U/p_reg_reg.
DSP Report: register ama_addmuladd_8ns_7ns_11ns_12ns_19_4_1_U633/graphsage_int8_po2_ama_addmuladd_8ns_7ns_11ns_12ns_19_4_1_DSP48_0_U/p_reg_reg is absorbed into DSP ama_addmuladd_8ns_7ns_11ns_12ns_19_4_1_U633/graphsage_int8_po2_ama_addmuladd_8ns_7ns_11ns_12ns_19_4_1_DSP48_0_U/p_reg_reg.
DSP Report: register ama_addmuladd_8ns_7ns_11ns_12ns_19_4_1_U633/graphsage_int8_po2_ama_addmuladd_8ns_7ns_11ns_12ns_19_4_1_DSP48_0_U/m_reg_reg is absorbed into DSP ama_addmuladd_8ns_7ns_11ns_12ns_19_4_1_U633/graphsage_int8_po2_ama_addmuladd_8ns_7ns_11ns_12ns_19_4_1_DSP48_0_U/p_reg_reg.
DSP Report: register ama_addmuladd_8ns_7ns_11ns_12ns_19_4_1_U633/graphsage_int8_po2_ama_addmuladd_8ns_7ns_11ns_12ns_19_4_1_DSP48_0_U/ad_reg_reg is absorbed into DSP ama_addmuladd_8ns_7ns_11ns_12ns_19_4_1_U633/graphsage_int8_po2_ama_addmuladd_8ns_7ns_11ns_12ns_19_4_1_DSP48_0_U/p_reg_reg.
DSP Report: operator ama_addmuladd_8ns_7ns_11ns_12ns_19_4_1_U633/graphsage_int8_po2_ama_addmuladd_8ns_7ns_11ns_12ns_19_4_1_DSP48_0_U/p is absorbed into DSP ama_addmuladd_8ns_7ns_11ns_12ns_19_4_1_U633/graphsage_int8_po2_ama_addmuladd_8ns_7ns_11ns_12ns_19_4_1_DSP48_0_U/p_reg_reg.
DSP Report: operator ama_addmuladd_8ns_7ns_11ns_12ns_19_4_1_U633/graphsage_int8_po2_ama_addmuladd_8ns_7ns_11ns_12ns_19_4_1_DSP48_0_U/m is absorbed into DSP ama_addmuladd_8ns_7ns_11ns_12ns_19_4_1_U633/graphsage_int8_po2_ama_addmuladd_8ns_7ns_11ns_12ns_19_4_1_DSP48_0_U/p_reg_reg.
DSP Report: operator ama_addmuladd_8ns_7ns_11ns_12ns_19_4_1_U633/graphsage_int8_po2_ama_addmuladd_8ns_7ns_11ns_12ns_19_4_1_DSP48_0_U/ad is absorbed into DSP ama_addmuladd_8ns_7ns_11ns_12ns_19_4_1_U633/graphsage_int8_po2_ama_addmuladd_8ns_7ns_11ns_12ns_19_4_1_DSP48_0_U/p_reg_reg.
DSP Report: Generating DSP ama_addmuladd_8ns_7ns_11ns_12ns_19_4_1_U636/graphsage_int8_po2_ama_addmuladd_8ns_7ns_11ns_12ns_19_4_1_DSP48_0_U/p_reg_reg, operation Mode is: (C:0x800)+((D+A2)*(B:0x555)')'.
DSP Report: register ama_addmuladd_8ns_7ns_11ns_12ns_19_4_1_U636/graphsage_int8_po2_ama_addmuladd_8ns_7ns_11ns_12ns_19_4_1_DSP48_0_U/p_reg_reg is absorbed into DSP ama_addmuladd_8ns_7ns_11ns_12ns_19_4_1_U636/graphsage_int8_po2_ama_addmuladd_8ns_7ns_11ns_12ns_19_4_1_DSP48_0_U/p_reg_reg.
DSP Report: register ama_addmuladd_8ns_7ns_11ns_12ns_19_4_1_U636/graphsage_int8_po2_ama_addmuladd_8ns_7ns_11ns_12ns_19_4_1_DSP48_0_U/b_reg_reg is absorbed into DSP ama_addmuladd_8ns_7ns_11ns_12ns_19_4_1_U636/graphsage_int8_po2_ama_addmuladd_8ns_7ns_11ns_12ns_19_4_1_DSP48_0_U/p_reg_reg.
DSP Report: register ama_addmuladd_8ns_7ns_11ns_12ns_19_4_1_U636/graphsage_int8_po2_ama_addmuladd_8ns_7ns_11ns_12ns_19_4_1_DSP48_0_U/p_reg_reg is absorbed into DSP ama_addmuladd_8ns_7ns_11ns_12ns_19_4_1_U636/graphsage_int8_po2_ama_addmuladd_8ns_7ns_11ns_12ns_19_4_1_DSP48_0_U/p_reg_reg.
DSP Report: register ama_addmuladd_8ns_7ns_11ns_12ns_19_4_1_U636/graphsage_int8_po2_ama_addmuladd_8ns_7ns_11ns_12ns_19_4_1_DSP48_0_U/m_reg_reg is absorbed into DSP ama_addmuladd_8ns_7ns_11ns_12ns_19_4_1_U636/graphsage_int8_po2_ama_addmuladd_8ns_7ns_11ns_12ns_19_4_1_DSP48_0_U/p_reg_reg.
DSP Report: register ama_addmuladd_8ns_7ns_11ns_12ns_19_4_1_U636/graphsage_int8_po2_ama_addmuladd_8ns_7ns_11ns_12ns_19_4_1_DSP48_0_U/ad_reg_reg is absorbed into DSP ama_addmuladd_8ns_7ns_11ns_12ns_19_4_1_U636/graphsage_int8_po2_ama_addmuladd_8ns_7ns_11ns_12ns_19_4_1_DSP48_0_U/p_reg_reg.
DSP Report: operator ama_addmuladd_8ns_7ns_11ns_12ns_19_4_1_U636/graphsage_int8_po2_ama_addmuladd_8ns_7ns_11ns_12ns_19_4_1_DSP48_0_U/p is absorbed into DSP ama_addmuladd_8ns_7ns_11ns_12ns_19_4_1_U636/graphsage_int8_po2_ama_addmuladd_8ns_7ns_11ns_12ns_19_4_1_DSP48_0_U/p_reg_reg.
DSP Report: operator ama_addmuladd_8ns_7ns_11ns_12ns_19_4_1_U636/graphsage_int8_po2_ama_addmuladd_8ns_7ns_11ns_12ns_19_4_1_DSP48_0_U/m is absorbed into DSP ama_addmuladd_8ns_7ns_11ns_12ns_19_4_1_U636/graphsage_int8_po2_ama_addmuladd_8ns_7ns_11ns_12ns_19_4_1_DSP48_0_U/p_reg_reg.
DSP Report: operator ama_addmuladd_8ns_7ns_11ns_12ns_19_4_1_U636/graphsage_int8_po2_ama_addmuladd_8ns_7ns_11ns_12ns_19_4_1_DSP48_0_U/ad is absorbed into DSP ama_addmuladd_8ns_7ns_11ns_12ns_19_4_1_U636/graphsage_int8_po2_ama_addmuladd_8ns_7ns_11ns_12ns_19_4_1_DSP48_0_U/p_reg_reg.
DSP Report: Generating DSP ama_addmuladd_8ns_7ns_11ns_12ns_19_4_1_U635/graphsage_int8_po2_ama_addmuladd_8ns_7ns_11ns_12ns_19_4_1_DSP48_0_U/p_reg_reg, operation Mode is: (C:0x800)+((D+A2)*(B:0x555)')'.
DSP Report: register ama_addmuladd_8ns_7ns_11ns_12ns_19_4_1_U635/graphsage_int8_po2_ama_addmuladd_8ns_7ns_11ns_12ns_19_4_1_DSP48_0_U/p_reg_reg is absorbed into DSP ama_addmuladd_8ns_7ns_11ns_12ns_19_4_1_U635/graphsage_int8_po2_ama_addmuladd_8ns_7ns_11ns_12ns_19_4_1_DSP48_0_U/p_reg_reg.
DSP Report: register ama_addmuladd_8ns_7ns_11ns_12ns_19_4_1_U636/graphsage_int8_po2_ama_addmuladd_8ns_7ns_11ns_12ns_19_4_1_DSP48_0_U/b_reg_reg is absorbed into DSP ama_addmuladd_8ns_7ns_11ns_12ns_19_4_1_U635/graphsage_int8_po2_ama_addmuladd_8ns_7ns_11ns_12ns_19_4_1_DSP48_0_U/p_reg_reg.
DSP Report: register ama_addmuladd_8ns_7ns_11ns_12ns_19_4_1_U635/graphsage_int8_po2_ama_addmuladd_8ns_7ns_11ns_12ns_19_4_1_DSP48_0_U/p_reg_reg is absorbed into DSP ama_addmuladd_8ns_7ns_11ns_12ns_19_4_1_U635/graphsage_int8_po2_ama_addmuladd_8ns_7ns_11ns_12ns_19_4_1_DSP48_0_U/p_reg_reg.
DSP Report: register ama_addmuladd_8ns_7ns_11ns_12ns_19_4_1_U635/graphsage_int8_po2_ama_addmuladd_8ns_7ns_11ns_12ns_19_4_1_DSP48_0_U/m_reg_reg is absorbed into DSP ama_addmuladd_8ns_7ns_11ns_12ns_19_4_1_U635/graphsage_int8_po2_ama_addmuladd_8ns_7ns_11ns_12ns_19_4_1_DSP48_0_U/p_reg_reg.
DSP Report: register ama_addmuladd_8ns_7ns_11ns_12ns_19_4_1_U635/graphsage_int8_po2_ama_addmuladd_8ns_7ns_11ns_12ns_19_4_1_DSP48_0_U/ad_reg_reg is absorbed into DSP ama_addmuladd_8ns_7ns_11ns_12ns_19_4_1_U635/graphsage_int8_po2_ama_addmuladd_8ns_7ns_11ns_12ns_19_4_1_DSP48_0_U/p_reg_reg.
DSP Report: operator ama_addmuladd_8ns_7ns_11ns_12ns_19_4_1_U635/graphsage_int8_po2_ama_addmuladd_8ns_7ns_11ns_12ns_19_4_1_DSP48_0_U/p is absorbed into DSP ama_addmuladd_8ns_7ns_11ns_12ns_19_4_1_U635/graphsage_int8_po2_ama_addmuladd_8ns_7ns_11ns_12ns_19_4_1_DSP48_0_U/p_reg_reg.
DSP Report: operator ama_addmuladd_8ns_7ns_11ns_12ns_19_4_1_U635/graphsage_int8_po2_ama_addmuladd_8ns_7ns_11ns_12ns_19_4_1_DSP48_0_U/m is absorbed into DSP ama_addmuladd_8ns_7ns_11ns_12ns_19_4_1_U635/graphsage_int8_po2_ama_addmuladd_8ns_7ns_11ns_12ns_19_4_1_DSP48_0_U/p_reg_reg.
DSP Report: operator ama_addmuladd_8ns_7ns_11ns_12ns_19_4_1_U635/graphsage_int8_po2_ama_addmuladd_8ns_7ns_11ns_12ns_19_4_1_DSP48_0_U/ad is absorbed into DSP ama_addmuladd_8ns_7ns_11ns_12ns_19_4_1_U635/graphsage_int8_po2_ama_addmuladd_8ns_7ns_11ns_12ns_19_4_1_DSP48_0_U/p_reg_reg.
DSP Report: Generating DSP ama_addmuladd_8ns_7ns_11ns_12ns_19_4_1_U634/graphsage_int8_po2_ama_addmuladd_8ns_7ns_11ns_12ns_19_4_1_DSP48_0_U/p_reg_reg, operation Mode is: (C:0x800)+((D+A2)*(B:0x555)')'.
DSP Report: register ama_addmuladd_8ns_7ns_11ns_12ns_19_4_1_U634/graphsage_int8_po2_ama_addmuladd_8ns_7ns_11ns_12ns_19_4_1_DSP48_0_U/p_reg_reg is absorbed into DSP ama_addmuladd_8ns_7ns_11ns_12ns_19_4_1_U634/graphsage_int8_po2_ama_addmuladd_8ns_7ns_11ns_12ns_19_4_1_DSP48_0_U/p_reg_reg.
DSP Report: register ama_addmuladd_8ns_7ns_11ns_12ns_19_4_1_U636/graphsage_int8_po2_ama_addmuladd_8ns_7ns_11ns_12ns_19_4_1_DSP48_0_U/b_reg_reg is absorbed into DSP ama_addmuladd_8ns_7ns_11ns_12ns_19_4_1_U634/graphsage_int8_po2_ama_addmuladd_8ns_7ns_11ns_12ns_19_4_1_DSP48_0_U/p_reg_reg.
DSP Report: register ama_addmuladd_8ns_7ns_11ns_12ns_19_4_1_U634/graphsage_int8_po2_ama_addmuladd_8ns_7ns_11ns_12ns_19_4_1_DSP48_0_U/p_reg_reg is absorbed into DSP ama_addmuladd_8ns_7ns_11ns_12ns_19_4_1_U634/graphsage_int8_po2_ama_addmuladd_8ns_7ns_11ns_12ns_19_4_1_DSP48_0_U/p_reg_reg.
DSP Report: register ama_addmuladd_8ns_7ns_11ns_12ns_19_4_1_U634/graphsage_int8_po2_ama_addmuladd_8ns_7ns_11ns_12ns_19_4_1_DSP48_0_U/m_reg_reg is absorbed into DSP ama_addmuladd_8ns_7ns_11ns_12ns_19_4_1_U634/graphsage_int8_po2_ama_addmuladd_8ns_7ns_11ns_12ns_19_4_1_DSP48_0_U/p_reg_reg.
DSP Report: register ama_addmuladd_8ns_7ns_11ns_12ns_19_4_1_U634/graphsage_int8_po2_ama_addmuladd_8ns_7ns_11ns_12ns_19_4_1_DSP48_0_U/ad_reg_reg is absorbed into DSP ama_addmuladd_8ns_7ns_11ns_12ns_19_4_1_U634/graphsage_int8_po2_ama_addmuladd_8ns_7ns_11ns_12ns_19_4_1_DSP48_0_U/p_reg_reg.
DSP Report: operator ama_addmuladd_8ns_7ns_11ns_12ns_19_4_1_U634/graphsage_int8_po2_ama_addmuladd_8ns_7ns_11ns_12ns_19_4_1_DSP48_0_U/p is absorbed into DSP ama_addmuladd_8ns_7ns_11ns_12ns_19_4_1_U634/graphsage_int8_po2_ama_addmuladd_8ns_7ns_11ns_12ns_19_4_1_DSP48_0_U/p_reg_reg.
DSP Report: operator ama_addmuladd_8ns_7ns_11ns_12ns_19_4_1_U634/graphsage_int8_po2_ama_addmuladd_8ns_7ns_11ns_12ns_19_4_1_DSP48_0_U/m is absorbed into DSP ama_addmuladd_8ns_7ns_11ns_12ns_19_4_1_U634/graphsage_int8_po2_ama_addmuladd_8ns_7ns_11ns_12ns_19_4_1_DSP48_0_U/p_reg_reg.
DSP Report: operator ama_addmuladd_8ns_7ns_11ns_12ns_19_4_1_U634/graphsage_int8_po2_ama_addmuladd_8ns_7ns_11ns_12ns_19_4_1_DSP48_0_U/ad is absorbed into DSP ama_addmuladd_8ns_7ns_11ns_12ns_19_4_1_U634/graphsage_int8_po2_ama_addmuladd_8ns_7ns_11ns_12ns_19_4_1_DSP48_0_U/p_reg_reg.
INFO: [Common 17-14] Message 'Synth 8-3886' appears 100 times and further instances of the messages will be disabled. Use the Tcl command set_msg_config to change the current settings.
INFO: [Common 17-14] Message 'Synth 8-3333' appears 100 times and further instances of the messages will be disabled. Use the Tcl command set_msg_config to change the current settings.
---------------------------------------------------------------------------------
Finished Cross Boundary and Area Optimization : Time (s): cpu = 00:00:25 ; elapsed = 00:01:01 . Memory (MB): peak = 3959.594 ; gain = 910.391 ; free physical = 370039 ; free virtual = 438336
---------------------------------------------------------------------------------
 Sort Area is graphsage_int8_po2__GB1 ama_addmuladd_9s_8s_11ns_17ns_21_4_1_U569/graphsage_int8_po2_ama_addmuladd_9s_8s_11ns_17ns_21_4_1_DSP48_0_U/p_reg_reg_11 : 0 0 : 1547 1547 : Used 1 time 0
 Sort Area is graphsage_int8_po2__GB5 ama_addmuladd_9s_8s_11ns_17ns_21_4_1_U570/graphsage_int8_po2_ama_addmuladd_9s_8s_11ns_17ns_21_4_1_DSP48_0_U/p_reg_reg_e : 0 0 : 1547 1547 : Used 1 time 0
 Sort Area is graphsage_int8_po2__GB3 ama_addmuladd_9s_8s_11ns_17ns_21_4_1_U571/graphsage_int8_po2_ama_addmuladd_9s_8s_11ns_17ns_21_4_1_DSP48_0_U/p_reg_reg_12 : 0 0 : 1547 1547 : Used 1 time 0
 Sort Area is graphsage_int8_po2__GB1 ama_addmuladd_9s_8s_11ns_17ns_21_4_1_U572/graphsage_int8_po2_ama_addmuladd_9s_8s_11ns_17ns_21_4_1_DSP48_0_U/p_reg_reg_0 : 0 0 : 1547 1547 : Used 1 time 0
 Sort Area is graphsage_int8_po2__GB3 ama_addmuladd_9s_8s_11ns_17ns_21_4_1_U573/graphsage_int8_po2_ama_addmuladd_9s_8s_11ns_17ns_21_4_1_DSP48_0_U/p_reg_reg_e : 0 0 : 1547 1547 : Used 1 time 0
 Sort Area is graphsage_int8_po2__GB5 ama_addmuladd_9s_8s_11ns_17ns_21_4_1_U574/graphsage_int8_po2_ama_addmuladd_9s_8s_11ns_17ns_21_4_1_DSP48_0_U/p_reg_reg_d : 0 0 : 1547 1547 : Used 1 time 0
 Sort Area is graphsage_int8_po2__GB5 ama_addmuladd_9s_8s_11ns_17ns_21_4_1_U575/graphsage_int8_po2_ama_addmuladd_9s_8s_11ns_17ns_21_4_1_DSP48_0_U/p_reg_reg_c : 0 0 : 1547 1547 : Used 1 time 0
 Sort Area is graphsage_int8_po2__GB5 ama_addmuladd_9s_8s_11ns_17ns_21_4_1_U576/graphsage_int8_po2_ama_addmuladd_9s_8s_11ns_17ns_21_4_1_DSP48_0_U/p_reg_reg_b : 0 0 : 1547 1547 : Used 1 time 0
 Sort Area is graphsage_int8_po2__GB5 ama_addmuladd_9s_8s_11ns_17ns_21_4_1_U577/graphsage_int8_po2_ama_addmuladd_9s_8s_11ns_17ns_21_4_1_DSP48_0_U/p_reg_reg_a : 0 0 : 1547 1547 : Used 1 time 0
 Sort Area is graphsage_int8_po2__GB3 ama_addmuladd_9s_8s_11ns_17ns_21_4_1_U578/graphsage_int8_po2_ama_addmuladd_9s_8s_11ns_17ns_21_4_1_DSP48_0_U/p_reg_reg_b : 0 0 : 1547 1547 : Used 1 time 0
 Sort Area is graphsage_int8_po2__GB3 ama_addmuladd_9s_8s_11ns_17ns_21_4_1_U579/graphsage_int8_po2_ama_addmuladd_9s_8s_11ns_17ns_21_4_1_DSP48_0_U/p_reg_reg_c : 0 0 : 1547 1547 : Used 1 time 0
 Sort Area is graphsage_int8_po2__GB5 ama_addmuladd_9s_8s_11ns_17ns_21_4_1_U580/graphsage_int8_po2_ama_addmuladd_9s_8s_11ns_17ns_21_4_1_DSP48_0_U/p_reg_reg_9 : 0 0 : 1547 1547 : Used 1 time 0
 Sort Area is graphsage_int8_po2__GB4 ama_addmuladd_9s_8s_11ns_17ns_21_4_1_U581/graphsage_int8_po2_ama_addmuladd_9s_8s_11ns_17ns_21_4_1_DSP48_0_U/p_reg_reg_2 : 0 0 : 1547 1547 : Used 1 time 0
 Sort Area is graphsage_int8_po2__GB1 ama_addmuladd_9s_8s_11ns_17ns_21_4_1_U582/graphsage_int8_po2_ama_addmuladd_9s_8s_11ns_17ns_21_4_1_DSP48_0_U/p_reg_reg_12 : 0 0 : 1547 1547 : Used 1 time 0
 Sort Area is graphsage_int8_po2__GB3 ama_addmuladd_9s_8s_11ns_17ns_21_4_1_U583/graphsage_int8_po2_ama_addmuladd_9s_8s_11ns_17ns_21_4_1_DSP48_0_U/p_reg_reg_d : 0 0 : 1547 1547 : Used 1 time 0
 Sort Area is graphsage_int8_po2__GB3 ama_addmuladd_9s_8s_11ns_17ns_21_4_1_U584/graphsage_int8_po2_ama_addmuladd_9s_8s_11ns_17ns_21_4_1_DSP48_0_U/p_reg_reg_a : 0 0 : 1547 1547 : Used 1 time 0
 Sort Area is graphsage_int8_po2__GB1 ama_addmuladd_9s_8s_11ns_17ns_21_4_1_U585/graphsage_int8_po2_ama_addmuladd_9s_8s_11ns_17ns_21_4_1_DSP48_0_U/p_reg_reg_2 : 0 0 : 1547 1547 : Used 1 time 0
 Sort Area is graphsage_int8_po2__GB5 ama_addmuladd_9s_8s_11ns_17ns_21_4_1_U586/graphsage_int8_po2_ama_addmuladd_9s_8s_11ns_17ns_21_4_1_DSP48_0_U/p_reg_reg_8 : 0 0 : 1547 1547 : Used 1 time 0
 Sort Area is graphsage_int8_po2__GB3 ama_addmuladd_9s_8s_11ns_17ns_21_4_1_U587/graphsage_int8_po2_ama_addmuladd_9s_8s_11ns_17ns_21_4_1_DSP48_0_U/p_reg_reg_f : 0 0 : 1547 1547 : Used 1 time 0
 Sort Area is graphsage_int8_po2__GB1 ama_addmuladd_9s_8s_11ns_17ns_21_4_1_U588/graphsage_int8_po2_ama_addmuladd_9s_8s_11ns_17ns_21_4_1_DSP48_0_U/p_reg_reg_3 : 0 0 : 1547 1547 : Used 1 time 0
 Sort Area is graphsage_int8_po2__GB3 ama_addmuladd_9s_8s_11ns_17ns_21_4_1_U589/graphsage_int8_po2_ama_addmuladd_9s_8s_11ns_17ns_21_4_1_DSP48_0_U/p_reg_reg_5 : 0 0 : 1547 1547 : Used 1 time 0
 Sort Area is graphsage_int8_po2__GB5 ama_addmuladd_9s_8s_11ns_17ns_21_4_1_U590/graphsage_int8_po2_ama_addmuladd_9s_8s_11ns_17ns_21_4_1_DSP48_0_U/p_reg_reg_7 : 0 0 : 1547 1547 : Used 1 time 0
 Sort Area is graphsage_int8_po2__GB5 ama_addmuladd_9s_8s_11ns_17ns_21_4_1_U591/graphsage_int8_po2_ama_addmuladd_9s_8s_11ns_17ns_21_4_1_DSP48_0_U/p_reg_reg_6 : 0 0 : 1547 1547 : Used 1 time 0
 Sort Area is graphsage_int8_po2__GB5 ama_addmuladd_9s_8s_11ns_17ns_21_4_1_U592/graphsage_int8_po2_ama_addmuladd_9s_8s_11ns_17ns_21_4_1_DSP48_0_U/p_reg_reg_5 : 0 0 : 1547 1547 : Used 1 time 0
 Sort Area is graphsage_int8_po2__GB5 ama_addmuladd_9s_8s_11ns_17ns_21_4_1_U593/graphsage_int8_po2_ama_addmuladd_9s_8s_11ns_17ns_21_4_1_DSP48_0_U/p_reg_reg_4 : 0 0 : 1547 1547 : Used 1 time 0
 Sort Area is graphsage_int8_po2__GB3 ama_addmuladd_9s_8s_11ns_17ns_21_4_1_U594/graphsage_int8_po2_ama_addmuladd_9s_8s_11ns_17ns_21_4_1_DSP48_0_U/p_reg_reg_2 : 0 0 : 1547 1547 : Used 1 time 0
 Sort Area is graphsage_int8_po2__GB3 ama_addmuladd_9s_8s_11ns_17ns_21_4_1_U595/graphsage_int8_po2_ama_addmuladd_9s_8s_11ns_17ns_21_4_1_DSP48_0_U/p_reg_reg_3 : 0 0 : 1547 1547 : Used 1 time 0
 Sort Area is graphsage_int8_po2__GB5 ama_addmuladd_9s_8s_11ns_17ns_21_4_1_U596/graphsage_int8_po2_ama_addmuladd_9s_8s_11ns_17ns_21_4_1_DSP48_0_U/p_reg_reg_3 : 0 0 : 1547 1547 : Used 1 time 0
 Sort Area is graphsage_int8_po2__GB4 ama_addmuladd_9s_8s_11ns_17ns_21_4_1_U597/graphsage_int8_po2_ama_addmuladd_9s_8s_11ns_17ns_21_4_1_DSP48_0_U/p_reg_reg_0 : 0 0 : 1547 1547 : Used 1 time 0
 Sort Area is graphsage_int8_po2__GB1 ama_addmuladd_9s_8s_11ns_17ns_21_4_1_U598/graphsage_int8_po2_ama_addmuladd_9s_8s_11ns_17ns_21_4_1_DSP48_0_U/p_reg_reg_13 : 0 0 : 1547 1547 : Used 1 time 0
 Sort Area is graphsage_int8_po2__GB3 ama_addmuladd_9s_8s_11ns_17ns_21_4_1_U599/graphsage_int8_po2_ama_addmuladd_9s_8s_11ns_17ns_21_4_1_DSP48_0_U/p_reg_reg_4 : 0 0 : 1547 1547 : Used 1 time 0
 Sort Area is graphsage_int8_po2__GB3 ama_addmuladd_9s_8s_11ns_17ns_21_4_1_U600/graphsage_int8_po2_ama_addmuladd_9s_8s_11ns_17ns_21_4_1_DSP48_0_U/p_reg_reg_0 : 0 0 : 1547 1547 : Used 1 time 0
 Sort Area is graphsage_int8_po2__GB1 ama_addmuladd_9s_8s_11ns_17ns_21_4_1_U601/graphsage_int8_po2_ama_addmuladd_9s_8s_11ns_17ns_21_4_1_DSP48_0_U/p_reg_reg_4 : 0 0 : 1547 1547 : Used 1 time 0
 Sort Area is graphsage_int8_po2__GB5 ama_addmuladd_9s_8s_11ns_17ns_21_4_1_U602/graphsage_int8_po2_ama_addmuladd_9s_8s_11ns_17ns_21_4_1_DSP48_0_U/p_reg_reg_f : 0 0 : 1547 1547 : Used 1 time 0
 Sort Area is graphsage_int8_po2__GB3 ama_addmuladd_9s_8s_11ns_17ns_21_4_1_U603/graphsage_int8_po2_ama_addmuladd_9s_8s_11ns_17ns_21_4_1_DSP48_0_U/p_reg_reg_11 : 0 0 : 1547 1547 : Used 1 time 0
 Sort Area is graphsage_int8_po2__GB1 ama_addmuladd_9s_8s_11ns_17ns_21_4_1_U604/graphsage_int8_po2_ama_addmuladd_9s_8s_11ns_17ns_21_4_1_DSP48_0_U/p_reg_reg_5 : 0 0 : 1547 1547 : Used 1 time 0
 Sort Area is graphsage_int8_po2__GB3 ama_addmuladd_9s_8s_11ns_17ns_21_4_1_U605/graphsage_int8_po2_ama_addmuladd_9s_8s_11ns_17ns_21_4_1_DSP48_0_U/p_reg_reg_9 : 0 0 : 1547 1547 : Used 1 time 0
 Sort Area is graphsage_int8_po2__GB5 ama_addmuladd_9s_8s_11ns_17ns_21_4_1_U606/graphsage_int8_po2_ama_addmuladd_9s_8s_11ns_17ns_21_4_1_DSP48_0_U/p_reg_reg_0 : 0 0 : 1547 1547 : Used 1 time 0
 Sort Area is graphsage_int8_po2__GB5 ama_addmuladd_9s_8s_11ns_17ns_21_4_1_U607/graphsage_int8_po2_ama_addmuladd_9s_8s_11ns_17ns_21_4_1_DSP48_0_U/p_reg_reg_10 : 0 0 : 1547 1547 : Used 1 time 0
 Sort Area is graphsage_int8_po2__GB5 ama_addmuladd_9s_8s_11ns_17ns_21_4_1_U608/graphsage_int8_po2_ama_addmuladd_9s_8s_11ns_17ns_21_4_1_DSP48_0_U/p_reg_reg_11 : 0 0 : 1547 1547 : Used 1 time 0
 Sort Area is graphsage_int8_po2__GB5 ama_addmuladd_9s_8s_11ns_17ns_21_4_1_U609/graphsage_int8_po2_ama_addmuladd_9s_8s_11ns_17ns_21_4_1_DSP48_0_U/p_reg_reg_2 : 0 0 : 1547 1547 : Used 1 time 0
 Sort Area is graphsage_int8_po2__GB3 ama_addmuladd_9s_8s_11ns_17ns_21_4_1_U610/graphsage_int8_po2_ama_addmuladd_9s_8s_11ns_17ns_21_4_1_DSP48_0_U/p_reg_reg_8 : 0 0 : 1547 1547 : Used 1 time 0
 Sort Area is graphsage_int8_po2__GB3 ama_addmuladd_9s_8s_11ns_17ns_21_4_1_U611/graphsage_int8_po2_ama_addmuladd_9s_8s_11ns_17ns_21_4_1_DSP48_0_U/p_reg_reg_7 : 0 0 : 1547 1547 : Used 1 time 0
 Sort Area is graphsage_int8_po2__GB5 ama_addmuladd_9s_8s_11ns_17ns_21_4_1_U612/graphsage_int8_po2_ama_addmuladd_9s_8s_11ns_17ns_21_4_1_DSP48_0_U/p_reg_reg_12 : 0 0 : 1547 1547 : Used 1 time 0
 Sort Area is graphsage_int8_po2__GB4 ama_addmuladd_9s_8s_11ns_17ns_21_4_1_U613/graphsage_int8_po2_ama_addmuladd_9s_8s_11ns_17ns_21_4_1_DSP48_0_U/p_reg_reg_3 : 0 0 : 1547 1547 : Used 1 time 0
 Sort Area is graphsage_int8_po2__GB1 ama_addmuladd_9s_8s_11ns_17ns_21_4_1_U614/graphsage_int8_po2_ama_addmuladd_9s_8s_11ns_17ns_21_4_1_DSP48_0_U/p_reg_reg_6 : 0 0 : 1547 1547 : Used 1 time 0
 Sort Area is graphsage_int8_po2__GB3 ama_addmuladd_9s_8s_11ns_17ns_21_4_1_U615/graphsage_int8_po2_ama_addmuladd_9s_8s_11ns_17ns_21_4_1_DSP48_0_U/p_reg_reg_6 : 0 0 : 1547 1547 : Used 1 time 0
 Sort Area is graphsage_int8_po2__GB3 ama_addmuladd_9s_8s_11ns_17ns_21_4_1_U616/graphsage_int8_po2_ama_addmuladd_9s_8s_11ns_17ns_21_4_1_DSP48_0_U/p_reg_reg_10 : 0 0 : 1547 1547 : Used 1 time 0
 Sort Area is graphsage_int8_po2__GB1 ama_addmuladd_8ns_7ns_11ns_12ns_19_4_1_U642/graphsage_int8_po2_ama_addmuladd_8ns_7ns_11ns_12ns_19_4_1_DSP48_0_U/p_reg_reg_d : 0 0 : 1543 1543 : Used 1 time 0
 Sort Area is graphsage_int8_po2__GB6 ama_addmuladd_9s_8s_11ns_17ns_21_4_1_U617/graphsage_int8_po2_ama_addmuladd_9s_8s_11ns_17ns_21_4_1_DSP48_0_U/p_reg_reg_e : 0 0 : 1539 1539 : Used 1 time 0
 Sort Area is graphsage_int8_po2__GB6 ama_addmuladd_9s_8s_11ns_17ns_21_4_1_U618/graphsage_int8_po2_ama_addmuladd_9s_8s_11ns_17ns_21_4_1_DSP48_0_U/p_reg_reg_f : 0 0 : 1539 1539 : Used 1 time 0
 Sort Area is graphsage_int8_po2__GB6 ama_addmuladd_9s_8s_11ns_17ns_21_4_1_U619/graphsage_int8_po2_ama_addmuladd_9s_8s_11ns_17ns_21_4_1_DSP48_0_U/p_reg_reg_10 : 0 0 : 1539 1539 : Used 1 time 0
 Sort Area is graphsage_int8_po2__GB6 ama_addmuladd_9s_8s_11ns_17ns_21_4_1_U620/graphsage_int8_po2_ama_addmuladd_9s_8s_11ns_17ns_21_4_1_DSP48_0_U/p_reg_reg_3 : 0 0 : 1539 1539 : Used 1 time 0
 Sort Area is graphsage_int8_po2__GB6 ama_addmuladd_9s_8s_11ns_17ns_21_4_1_U621/graphsage_int8_po2_ama_addmuladd_9s_8s_11ns_17ns_21_4_1_DSP48_0_U/p_reg_reg_d : 0 0 : 1539 1539 : Used 1 time 0
 Sort Area is graphsage_int8_po2__GB6 ama_addmuladd_9s_8s_11ns_17ns_21_4_1_U622/graphsage_int8_po2_ama_addmuladd_9s_8s_11ns_17ns_21_4_1_DSP48_0_U/p_reg_reg_0 : 0 0 : 1539 1539 : Used 1 time 0
 Sort Area is graphsage_int8_po2__GB6 ama_addmuladd_9s_8s_11ns_17ns_21_4_1_U623/graphsage_int8_po2_ama_addmuladd_9s_8s_11ns_17ns_21_4_1_DSP48_0_U/p_reg_reg_c : 0 0 : 1539 1539 : Used 1 time 0
 Sort Area is graphsage_int8_po2__GB6 ama_addmuladd_9s_8s_11ns_17ns_21_4_1_U624/graphsage_int8_po2_ama_addmuladd_9s_8s_11ns_17ns_21_4_1_DSP48_0_U/p_reg_reg_b : 0 0 : 1539 1539 : Used 1 time 0
 Sort Area is graphsage_int8_po2__GB6 ama_addmuladd_9s_8s_11ns_17ns_21_4_1_U625/graphsage_int8_po2_ama_addmuladd_9s_8s_11ns_17ns_21_4_1_DSP48_0_U/p_reg_reg_4 : 0 0 : 1539 1539 : Used 1 time 0
 Sort Area is graphsage_int8_po2__GB6 ama_addmuladd_9s_8s_11ns_17ns_21_4_1_U626/graphsage_int8_po2_ama_addmuladd_9s_8s_11ns_17ns_21_4_1_DSP48_0_U/p_reg_reg_8 : 0 0 : 1539 1539 : Used 1 time 0
 Sort Area is graphsage_int8_po2__GB6 ama_addmuladd_9s_8s_11ns_17ns_21_4_1_U627/graphsage_int8_po2_ama_addmuladd_9s_8s_11ns_17ns_21_4_1_DSP48_0_U/p_reg_reg_9 : 0 0 : 1539 1539 : Used 1 time 0
 Sort Area is graphsage_int8_po2__GB6 ama_addmuladd_9s_8s_11ns_17ns_21_4_1_U628/graphsage_int8_po2_ama_addmuladd_9s_8s_11ns_17ns_21_4_1_DSP48_0_U/p_reg_reg_6 : 0 0 : 1539 1539 : Used 1 time 0
 Sort Area is graphsage_int8_po2__GB6 ama_addmuladd_9s_8s_11ns_17ns_21_4_1_U629/graphsage_int8_po2_ama_addmuladd_9s_8s_11ns_17ns_21_4_1_DSP48_0_U/p_reg_reg_7 : 0 0 : 1539 1539 : Used 1 time 0
 Sort Area is graphsage_int8_po2__GB6 ama_addmuladd_9s_8s_11ns_17ns_21_4_1_U630/graphsage_int8_po2_ama_addmuladd_9s_8s_11ns_17ns_21_4_1_DSP48_0_U/p_reg_reg_a : 0 0 : 1539 1539 : Used 1 time 0
 Sort Area is graphsage_int8_po2__GB6 ama_addmuladd_9s_8s_11ns_17ns_21_4_1_U631/graphsage_int8_po2_ama_addmuladd_9s_8s_11ns_17ns_21_4_1_DSP48_0_U/p_reg_reg_2 : 0 0 : 1539 1539 : Used 1 time 0
 Sort Area is graphsage_int8_po2__GB6 ama_addmuladd_9s_8s_11ns_17ns_21_4_1_U632/graphsage_int8_po2_ama_addmuladd_9s_8s_11ns_17ns_21_4_1_DSP48_0_U/p_reg_reg_5 : 0 0 : 1539 1539 : Used 1 time 0
 Sort Area is graphsage_int8_po2__GB1 ama_addmuladd_8ns_7ns_11ns_12ns_19_4_1_U643/graphsage_int8_po2_ama_addmuladd_8ns_7ns_11ns_12ns_19_4_1_DSP48_0_U/p_reg_reg_f : 0 0 : 1535 1535 : Used 1 time 0
 Sort Area is graphsage_int8_po2__GB0 ama_addmuladd_8ns_7ns_11ns_12ns_19_4_1_U644/graphsage_int8_po2_ama_addmuladd_8ns_7ns_11ns_12ns_19_4_1_DSP48_0_U/p_reg_reg_0 : 0 0 : 1535 1535 : Used 1 time 0
 Sort Area is graphsage_int8_po2__GB2 ama_addmuladd_8ns_7ns_11ns_12ns_19_4_1_U645/graphsage_int8_po2_ama_addmuladd_8ns_7ns_11ns_12ns_19_4_1_DSP48_0_U/p_reg_reg_4 : 0 0 : 1535 1535 : Used 1 time 0
 Sort Area is graphsage_int8_po2__GB2 ama_addmuladd_8ns_7ns_11ns_12ns_19_4_1_U646/graphsage_int8_po2_ama_addmuladd_8ns_7ns_11ns_12ns_19_4_1_DSP48_0_U/p_reg_reg_3 : 0 0 : 1535 1535 : Used 1 time 0
 Sort Area is graphsage_int8_po2__GB2 ama_addmuladd_8ns_7ns_11ns_12ns_19_4_1_U647/graphsage_int8_po2_ama_addmuladd_8ns_7ns_11ns_12ns_19_4_1_DSP48_0_U/p_reg_reg_2 : 0 0 : 1535 1535 : Used 1 time 0
 Sort Area is graphsage_int8_po2__GB2 ama_addmuladd_8ns_7ns_11ns_12ns_19_4_1_U648/graphsage_int8_po2_ama_addmuladd_8ns_7ns_11ns_12ns_19_4_1_DSP48_0_U/p_reg_reg_0 : 0 0 : 1535 1535 : Used 1 time 0
 Sort Area is graphsage_int8_po2__GB1 ama_addmuladd_8ns_7ns_11ns_12ns_19_4_1_U637/graphsage_int8_po2_ama_addmuladd_8ns_7ns_11ns_12ns_19_4_1_DSP48_0_U/p_reg_reg_7 : 0 0 : 1527 1527 : Used 1 time 0
 Sort Area is graphsage_int8_po2__GB1 ama_addmuladd_8ns_7ns_11ns_12ns_19_4_1_U638/graphsage_int8_po2_ama_addmuladd_8ns_7ns_11ns_12ns_19_4_1_DSP48_0_U/p_reg_reg_9 : 0 0 : 1527 1527 : Used 1 time 0
 Sort Area is graphsage_int8_po2__GB1 ama_addmuladd_8ns_7ns_11ns_12ns_19_4_1_U639/graphsage_int8_po2_ama_addmuladd_8ns_7ns_11ns_12ns_19_4_1_DSP48_0_U/p_reg_reg_a : 0 0 : 1527 1527 : Used 1 time 0
 Sort Area is graphsage_int8_po2__GB0 ama_addmuladd_8ns_7ns_11ns_12ns_19_4_1_U640/graphsage_int8_po2_ama_addmuladd_8ns_7ns_11ns_12ns_19_4_1_DSP48_0_U/p_reg_reg_2 : 0 0 : 1527 1527 : Used 1 time 0
 Sort Area is graphsage_int8_po2__GB6 ama_addmuladd_8ns_7ns_11ns_12ns_19_4_1_U633/graphsage_int8_po2_ama_addmuladd_8ns_7ns_11ns_12ns_19_4_1_DSP48_0_U/p_reg_reg_11 : 0 0 : 1526 1526 : Used 1 time 0
 Sort Area is graphsage_int8_po2__GB6 ama_addmuladd_8ns_7ns_11ns_12ns_19_4_1_U634/graphsage_int8_po2_ama_addmuladd_8ns_7ns_11ns_12ns_19_4_1_DSP48_0_U/p_reg_reg_15 : 0 0 : 1526 1526 : Used 1 time 0
 Sort Area is graphsage_int8_po2__GB6 ama_addmuladd_8ns_7ns_11ns_12ns_19_4_1_U635/graphsage_int8_po2_ama_addmuladd_8ns_7ns_11ns_12ns_19_4_1_DSP48_0_U/p_reg_reg_14 : 0 0 : 1526 1526 : Used 1 time 0
 Sort Area is graphsage_int8_po2__GB6 ama_addmuladd_8ns_7ns_11ns_12ns_19_4_1_U636/graphsage_int8_po2_ama_addmuladd_8ns_7ns_11ns_12ns_19_4_1_DSP48_0_U/p_reg_reg_13 : 0 0 : 1526 1526 : Used 1 time 0
 Sort Area is graphsage_int8_po2__GB1 ama_addmuladd_8ns_7ns_11ns_12ns_19_4_1_U641/graphsage_int8_po2_ama_addmuladd_8ns_7ns_11ns_12ns_19_4_1_DSP48_0_U/p_reg_reg_b : 0 0 : 1526 1526 : Used 1 time 0
---------------------------------------------------------------------------------
Start ROM, RAM, DSP, Shift Register and Retiming Reporting
---------------------------------------------------------------------------------

DSP: Preliminary Mapping Report (see note below. The ' indicates corresponding REG is set)
+------------------------------------------------------------------+-----------------------------------+--------+--------+--------+--------+--------+------+------+------+------+-------+------+------+
|Module Name                                                       | DSP Mapping                       | A Size | B Size | C Size | D Size | P Size | AREG | BREG | CREG | DREG | ADREG | MREG | PREG | 
+------------------------------------------------------------------+-----------------------------------+--------+--------+--------+--------+--------+------+------+------+------+-------+------+------+
|graphsage_int8_po2__GB0                                           | (C:0x800)+((D'+A2)*(B:0x555)')'   | 8      | 18     | 13     | 9      | 19     | 1    | 1    | 0    | 1    | 1     | 1    | 1    | 
|graphsage_int8_po2_ama_addmuladd_8ns_7ns_11ns_12ns_19_4_1_DSP48_0 | (C:0x800)+((D'+A)*(B:0x555)')'    | 8      | 18     | 13     | 9      | 19     | 0    | 1    | 0    | 1    | 1     | 1    | 1    | 
|graphsage_int8_po2__GB1                                           | (C:0x10000)+((D'+A2)*(B:0x555)')' | 8      | 18     | 18     | 9      | 21     | 1    | 1    | 0    | 1    | 1     | 1    | 1    | 
|graphsage_int8_po2__GB1                                           | (C:0x10000)+((D'+A2)*(B:0x555)')' | 8      | 18     | 18     | 9      | 21     | 1    | 1    | 0    | 1    | 1     | 1    | 1    | 
|graphsage_int8_po2__GB1                                           | (C:0x10000)+((D'+A2)*(B:0x555)')' | 8      | 18     | 18     | 9      | 21     | 1    | 1    | 0    | 1    | 1     | 1    | 1    | 
|graphsage_int8_po2__GB1                                           | (C:0x10000)+((D'+A2)*(B:0x555)')' | 8      | 18     | 18     | 9      | 21     | 1    | 1    | 0    | 1    | 1     | 1    | 1    | 
|graphsage_int8_po2_ama_addmuladd_9s_8s_11ns_17ns_21_4_1_DSP48_0   | (C:0x10000)+((D'+A2)*(B:0x555)')' | 8      | 18     | 18     | 9      | 21     | 1    | 1    | 0    | 1    | 1     | 1    | 1    | 
|graphsage_int8_po2__GB1                                           | (C:0x10000)+((D'+A2)*(B:0x555)')' | 8      | 18     | 18     | 9      | 21     | 1    | 1    | 0    | 1    | 1     | 1    | 1    | 
|graphsage_int8_po2__GB1                                           | (C:0x800)+((D'+A)*(B:0x555)')'    | 8      | 18     | 13     | 9      | 19     | 0    | 1    | 0    | 1    | 1     | 1    | 1    | 
|graphsage_int8_po2__GB1                                           | (C:0x800)+((D'+A)*(B:0x555)')'    | 8      | 18     | 13     | 9      | 19     | 0    | 1    | 0    | 1    | 1     | 1    | 1    | 
|graphsage_int8_po2__GB1                                           | (C:0x800)+((D'+A)*(B:0x555)')'    | 8      | 18     | 13     | 9      | 19     | 0    | 1    | 0    | 1    | 1     | 1    | 1    | 
|graphsage_int8_po2__GB1                                           | (C:0x800)+((D+A2)*(B:0x555)')'    | 8      | 18     | 13     | 9      | 19     | 1    | 1    | 0    | 0    | 1     | 1    | 1    | 
|graphsage_int8_po2__GB1                                           | (C:0x800)+((D'+A'')*(B:0x555)')'  | 8      | 18     | 13     | 9      | 19     | 2    | 1    | 0    | 1    | 1     | 1    | 1    | 
|graphsage_int8_po2__GB1                                           | (C:0x800)+((D'+A2)*(B:0x555)')'   | 8      | 18     | 13     | 9      | 19     | 1    | 1    | 0    | 1    | 1     | 1    | 1    | 
|graphsage_int8_po2__GB1                                           | (C:0x10000)+((D'+A2)*(B:0x555)')' | 8      | 18     | 18     | 9      | 21     | 1    | 1    | 0    | 1    | 1     | 1    | 1    | 
|graphsage_int8_po2__GB1                                           | (C:0x10000)+((D'+A2)*(B:0x555)')' | 8      | 18     | 18     | 9      | 21     | 1    | 1    | 0    | 1    | 1     | 1    | 1    | 
|graphsage_int8_po2__GB1                                           | (C:0x10000)+((D'+A2)*(B:0x555)')' | 8      | 18     | 18     | 9      | 21     | 1    | 1    | 0    | 1    | 1     | 1    | 1    | 
|graphsage_int8_po2__GB2                                           | (C:0x800)+((D'+A2)*(B:0x555)')'   | 8      | 18     | 13     | 9      | 19     | 1    | 1    | 0    | 1    | 1     | 1    | 1    | 
|graphsage_int8_po2__GB2                                           | (C:0x800)+((D'+A2)*(B:0x555)')'   | 8      | 18     | 13     | 9      | 19     | 1    | 1    | 0    | 1    | 1     | 1    | 1    | 
|graphsage_int8_po2__GB2                                           | (C:0x800)+((D'+A2)*(B:0x555)')'   | 8      | 18     | 13     | 9      | 19     | 1    | 1    | 0    | 1    | 1     | 1    | 1    | 
|graphsage_int8_po2__GB2                                           | (C:0x800)+((D'+A2)*(B:0x555)')'   | 8      | 18     | 13     | 9      | 19     | 1    | 1    | 0    | 1    | 1     | 1    | 1    | 
|graphsage_int8_po2__GB3                                           | (C:0x10000)+((D'+A2)*(B:0x555)')' | 8      | 18     | 18     | 9      | 21     | 1    | 1    | 0    | 1    | 1     | 1    | 1    | 
|graphsage_int8_po2__GB3                                           | (C:0x10000)+((D'+A2)*(B:0x555)')' | 8      | 18     | 18     | 9      | 21     | 1    | 1    | 0    | 1    | 1     | 1    | 1    | 
|graphsage_int8_po2__GB3                                           | (C:0x10000)+((D'+A2)*(B:0x555)')' | 8      | 18     | 18     | 9      | 21     | 1    | 1    | 0    | 1    | 1     | 1    | 1    | 
|graphsage_int8_po2__GB3                                           | (C:0x10000)+((D'+A2)*(B:0x555)')' | 8      | 18     | 18     | 9      | 21     | 1    | 1    | 0    | 1    | 1     | 1    | 1    | 
|graphsage_int8_po2__GB3                                           | (C:0x10000)+((D'+A2)*(B:0x555)')' | 8      | 18     | 18     | 9      | 21     | 1    | 1    | 0    | 1    | 1     | 1    | 1    | 
|graphsage_int8_po2__GB3                                           | (C:0x10000)+((D'+A2)*(B:0x555)')' | 8      | 18     | 18     | 9      | 21     | 1    | 1    | 0    | 1    | 1     | 1    | 1    | 
|graphsage_int8_po2__GB3                                           | (C:0x10000)+((D'+A2)*(B:0x555)')' | 8      | 18     | 18     | 9      | 21     | 1    | 1    | 0    | 1    | 1     | 1    | 1    | 
|graphsage_int8_po2__GB3                                           | (C:0x10000)+((D'+A2)*(B:0x555)')' | 8      | 18     | 18     | 9      | 21     | 1    | 1    | 0    | 1    | 1     | 1    | 1    | 
|graphsage_int8_po2__GB3                                           | (C:0x10000)+((D'+A2)*(B:0x555)')' | 8      | 18     | 18     | 9      | 21     | 1    | 1    | 0    | 1    | 1     | 1    | 1    | 
|graphsage_int8_po2__GB3                                           | (C:0x10000)+((D'+A2)*(B:0x555)')' | 8      | 18     | 18     | 9      | 21     | 1    | 1    | 0    | 1    | 1     | 1    | 1    | 
|graphsage_int8_po2__GB3                                           | (C:0x10000)+((D'+A2)*(B:0x555)')' | 8      | 18     | 18     | 9      | 21     | 1    | 1    | 0    | 1    | 1     | 1    | 1    | 
|graphsage_int8_po2__GB3                                           | (C:0x10000)+((D'+A2)*(B:0x555)')' | 8      | 18     | 18     | 9      | 21     | 1    | 1    | 0    | 1    | 1     | 1    | 1    | 
|graphsage_int8_po2__GB3                                           | (C:0x10000)+((D'+A2)*(B:0x555)')' | 8      | 18     | 18     | 9      | 21     | 1    | 1    | 0    | 1    | 1     | 1    | 1    | 
|graphsage_int8_po2__GB3                                           | (C:0x10000)+((D'+A2)*(B:0x555)')' | 8      | 18     | 18     | 9      | 21     | 1    | 1    | 0    | 1    | 1     | 1    | 1    | 
|graphsage_int8_po2__GB3                                           | (C:0x10000)+((D'+A2)*(B:0x555)')' | 8      | 18     | 18     | 9      | 21     | 1    | 1    | 0    | 1    | 1     | 1    | 1    | 
|graphsage_int8_po2__GB3                                           | (C:0x10000)+((D'+A2)*(B:0x555)')' | 8      | 18     | 18     | 9      | 21     | 1    | 1    | 0    | 1    | 1     | 1    | 1    | 
|graphsage_int8_po2__GB3                                           | (C:0x10000)+((D'+A2)*(B:0x555)')' | 8      | 18     | 18     | 9      | 21     | 1    | 1    | 0    | 1    | 1     | 1    | 1    | 
|graphsage_int8_po2__GB3                                           | (C:0x10000)+((D'+A2)*(B:0x555)')' | 8      | 18     | 18     | 9      | 21     | 1    | 1    | 0    | 1    | 1     | 1    | 1    | 
|graphsage_int8_po2__GB4                                           | (C:0x10000)+((D'+A2)*(B:0x555)')' | 8      | 18     | 18     | 9      | 21     | 1    | 1    | 0    | 1    | 1     | 1    | 1    | 
|graphsage_int8_po2__GB4                                           | (C:0x10000)+((D'+A2)*(B:0x555)')' | 8      | 18     | 18     | 9      | 21     | 1    | 1    | 0    | 1    | 1     | 1    | 1    | 
|graphsage_int8_po2__GB4                                           | (C:0x10000)+((D'+A2)*(B:0x555)')' | 8      | 18     | 18     | 9      | 21     | 1    | 1    | 0    | 1    | 1     | 1    | 1    | 
|graphsage_int8_po2__GB5                                           | (C:0x10000)+((D'+A2)*(B:0x555)')' | 8      | 18     | 18     | 9      | 21     | 1    | 1    | 0    | 1    | 1     | 1    | 1    | 
|graphsage_int8_po2__GB5                                           | (C:0x10000)+((D'+A2)*(B:0x555)')' | 8      | 18     | 18     | 9      | 21     | 1    | 1    | 0    | 1    | 1     | 1    | 1    | 
|graphsage_int8_po2__GB5                                           | (C:0x10000)+((D'+A2)*(B:0x555)')' | 8      | 18     | 18     | 9      | 21     | 1    | 1    | 0    | 1    | 1     | 1    | 1    | 
|graphsage_int8_po2__GB5                                           | (C:0x10000)+((D'+A2)*(B:0x555)')' | 8      | 18     | 18     | 9      | 21     | 1    | 1    | 0    | 1    | 1     | 1    | 1    | 
|graphsage_int8_po2__GB5                                           | (C:0x10000)+((D'+A2)*(B:0x555)')' | 8      | 18     | 18     | 9      | 21     | 1    | 1    | 0    | 1    | 1     | 1    | 1    | 
|graphsage_int8_po2__GB5                                           | (C:0x10000)+((D'+A2)*(B:0x555)')' | 8      | 18     | 18     | 9      | 21     | 1    | 1    | 0    | 1    | 1     | 1    | 1    | 
|graphsage_int8_po2__GB5                                           | (C:0x10000)+((D'+A2)*(B:0x555)')' | 8      | 18     | 18     | 9      | 21     | 1    | 1    | 0    | 1    | 1     | 1    | 1    | 
|graphsage_int8_po2__GB5                                           | (C:0x10000)+((D'+A2)*(B:0x555)')' | 8      | 18     | 18     | 9      | 21     | 1    | 1    | 0    | 1    | 1     | 1    | 1    | 
|graphsage_int8_po2__GB5                                           | (C:0x10000)+((D'+A2)*(B:0x555)')' | 8      | 18     | 18     | 9      | 21     | 1    | 1    | 0    | 1    | 1     | 1    | 1    | 
|graphsage_int8_po2__GB5                                           | (C:0x10000)+((D'+A2)*(B:0x555)')' | 8      | 18     | 18     | 9      | 21     | 1    | 1    | 0    | 1    | 1     | 1    | 1    | 
|graphsage_int8_po2__GB5                                           | (C:0x10000)+((D'+A2)*(B:0x555)')' | 8      | 18     | 18     | 9      | 21     | 1    | 1    | 0    | 1    | 1     | 1    | 1    | 
|graphsage_int8_po2__GB5                                           | (C:0x10000)+((D'+A2)*(B:0x555)')' | 8      | 18     | 18     | 9      | 21     | 1    | 1    | 0    | 1    | 1     | 1    | 1    | 
|graphsage_int8_po2_ama_addmuladd_9s_8s_11ns_17ns_21_4_1_DSP48_0   | (C:0x10000)+((D'+A2)*(B:0x555)')' | 8      | 18     | 18     | 9      | 21     | 1    | 1    | 0    | 1    | 1     | 1    | 1    | 
|graphsage_int8_po2__GB5                                           | (C:0x10000)+((D'+A2)*(B:0x555)')' | 8      | 18     | 18     | 9      | 21     | 1    | 1    | 0    | 1    | 1     | 1    | 1    | 
|graphsage_int8_po2__GB5                                           | (C:0x10000)+((D'+A2)*(B:0x555)')' | 8      | 18     | 18     | 9      | 21     | 1    | 1    | 0    | 1    | 1     | 1    | 1    | 
|graphsage_int8_po2__GB5                                           | (C:0x10000)+((D'+A2)*(B:0x555)')' | 8      | 18     | 18     | 9      | 21     | 1    | 1    | 0    | 1    | 1     | 1    | 1    | 
|graphsage_int8_po2__GB5                                           | (C:0x10000)+((D'+A2)*(B:0x555)')' | 8      | 18     | 18     | 9      | 21     | 1    | 1    | 0    | 1    | 1     | 1    | 1    | 
|graphsage_int8_po2__GB5                                           | (C:0x10000)+((D'+A2)*(B:0x555)')' | 8      | 18     | 18     | 9      | 21     | 1    | 1    | 0    | 1    | 1     | 1    | 1    | 
|graphsage_int8_po2_ama_addmuladd_8ns_7ns_11ns_12ns_19_4_1_DSP48_0 | (C:0x10000)+((D'+A)*(B:0x555)')'  | 8      | 18     | 18     | 9      | 21     | 0    | 1    | 0    | 1    | 1     | 1    | 1    | 
|graphsage_int8_po2_ama_addmuladd_8ns_7ns_11ns_12ns_19_4_1_DSP48_0 | (C:0x10000)+((D'+A)*(B:0x555)')'  | 8      | 18     | 18     | 9      | 21     | 0    | 1    | 0    | 1    | 1     | 1    | 1    | 
|graphsage_int8_po2__GB6                                           | (C:0x10000)+((D'+A)*(B:0x555)')'  | 8      | 18     | 18     | 9      | 21     | 0    | 1    | 0    | 1    | 1     | 1    | 1    | 
|graphsage_int8_po2__GB6                                           | (C:0x10000)+((D'+A)*(B:0x555)')'  | 8      | 18     | 18     | 9      | 21     | 0    | 1    | 0    | 1    | 1     | 1    | 1    | 
|graphsage_int8_po2__GB6                                           | (C:0x10000)+((D'+A)*(B:0x555)')'  | 8      | 18     | 18     | 9      | 21     | 0    | 1    | 0    | 1    | 1     | 1    | 1    | 
|graphsage_int8_po2__GB6                                           | (C:0x10000)+((D'+A)*(B:0x555)')'  | 8      | 18     | 18     | 9      | 21     | 0    | 1    | 0    | 1    | 1     | 1    | 1    | 
|graphsage_int8_po2__GB6                                           | (C:0x10000)+((D'+A)*(B:0x555)')'  | 8      | 18     | 18     | 9      | 21     | 0    | 1    | 0    | 1    | 1     | 1    | 1    | 
|graphsage_int8_po2__GB6                                           | (C:0x10000)+((D'+A)*(B:0x555)')'  | 8      | 18     | 18     | 9      | 21     | 0    | 1    | 0    | 1    | 1     | 1    | 1    | 
|graphsage_int8_po2__GB6                                           | (C:0x10000)+((D'+A)*(B:0x555)')'  | 8      | 18     | 18     | 9      | 21     | 0    | 1    | 0    | 1    | 1     | 1    | 1    | 
|graphsage_int8_po2__GB6                                           | (C:0x10000)+((D'+A)*(B:0x555)')'  | 8      | 18     | 18     | 9      | 21     | 0    | 1    | 0    | 1    | 1     | 1    | 1    | 
|graphsage_int8_po2__GB6                                           | (C:0x10000)+((D'+A)*(B:0x555)')'  | 8      | 18     | 18     | 9      | 21     | 0    | 1    | 0    | 1    | 1     | 1    | 1    | 
|graphsage_int8_po2__GB6                                           | (C:0x10000)+((D'+A)*(B:0x555)')'  | 8      | 18     | 18     | 9      | 21     | 0    | 1    | 0    | 1    | 1     | 1    | 1    | 
|graphsage_int8_po2__GB6                                           | (C:0x10000)+((D'+A)*(B:0x555)')'  | 8      | 18     | 18     | 9      | 21     | 0    | 1    | 0    | 1    | 1     | 1    | 1    | 
|graphsage_int8_po2__GB6                                           | (C:0x10000)+((D'+A)*(B:0x555)')'  | 8      | 18     | 18     | 9      | 21     | 0    | 1    | 0    | 1    | 1     | 1    | 1    | 
|graphsage_int8_po2__GB6                                           | (C:0x10000)+((D'+A)*(B:0x555)')'  | 8      | 18     | 18     | 9      | 21     | 0    | 1    | 0    | 1    | 1     | 1    | 1    | 
|graphsage_int8_po2__GB6                                           | (C:0x10000)+((D'+A)*(B:0x555)')'  | 8      | 18     | 18     | 9      | 21     | 0    | 1    | 0    | 1    | 1     | 1    | 1    | 
|graphsage_int8_po2__GB6                                           | (C:0x800)+((D+A2)*(B:0x555)')'    | 8      | 18     | 13     | 9      | 19     | 1    | 1    | 0    | 0    | 1     | 1    | 1    | 
|graphsage_int8_po2__GB6                                           | (C:0x800)+((D+A2)*(B:0x555)')'    | 8      | 18     | 13     | 9      | 19     | 1    | 1    | 0    | 0    | 1     | 1    | 1    | 
|graphsage_int8_po2__GB6                                           | (C:0x800)+((D+A2)*(B:0x555)')'    | 8      | 18     | 13     | 9      | 19     | 1    | 1    | 0    | 0    | 1     | 1    | 1    | 
|graphsage_int8_po2__GB6                                           | (C:0x800)+((D+A2)*(B:0x555)')'    | 8      | 18     | 13     | 9      | 19     | 1    | 1    | 0    | 0    | 1     | 1    | 1    | 
+------------------------------------------------------------------+-----------------------------------+--------+--------+--------+--------+--------+------+------+------+------+-------+------+------+

Note: The table above is a preliminary report that shows the DSPs inferred at the current stage of the synthesis flow. Some DSP may be reimplemented as non DSP primitives later in the synthesis flow. Multiple instantiated DSPs are reported only once.
---------------------------------------------------------------------------------
Finished ROM, RAM, DSP, Shift Register and Retiming Reporting
---------------------------------------------------------------------------------
---------------------------------------------------------------------------------
Start Applying XDC Timing Constraints
---------------------------------------------------------------------------------
---------------------------------------------------------------------------------
Finished Applying XDC Timing Constraints : Time (s): cpu = 00:00:59 ; elapsed = 00:01:12 . Memory (MB): peak = 4394.184 ; gain = 1344.980 ; free physical = 367661 ; free virtual = 435991
---------------------------------------------------------------------------------
---------------------------------------------------------------------------------
Start Timing Optimization
---------------------------------------------------------------------------------
---------------------------------------------------------------------------------
Finished Timing Optimization : Time (s): cpu = 00:01:16 ; elapsed = 00:01:29 . Memory (MB): peak = 4525.254 ; gain = 1476.051 ; free physical = 367419 ; free virtual = 435751
---------------------------------------------------------------------------------
---------------------------------------------------------------------------------
Start Technology Mapping
---------------------------------------------------------------------------------
---------------------------------------------------------------------------------
Finished Technology Mapping : Time (s): cpu = 00:01:22 ; elapsed = 00:01:43 . Memory (MB): peak = 4553.188 ; gain = 1503.984 ; free physical = 365460 ; free virtual = 433794
---------------------------------------------------------------------------------
---------------------------------------------------------------------------------
Start IO Insertion
---------------------------------------------------------------------------------
---------------------------------------------------------------------------------
Start Flattening Before IO Insertion
---------------------------------------------------------------------------------
---------------------------------------------------------------------------------
Finished Flattening Before IO Insertion
---------------------------------------------------------------------------------
---------------------------------------------------------------------------------
Start Final Netlist Cleanup
---------------------------------------------------------------------------------
---------------------------------------------------------------------------------
Finished Final Netlist Cleanup
---------------------------------------------------------------------------------
---------------------------------------------------------------------------------
Finished IO Insertion : Time (s): cpu = 00:01:26 ; elapsed = 00:01:47 . Memory (MB): peak = 4632.977 ; gain = 1583.773 ; free physical = 365440 ; free virtual = 433775
---------------------------------------------------------------------------------
---------------------------------------------------------------------------------
Start Renaming Generated Instances
---------------------------------------------------------------------------------
---------------------------------------------------------------------------------
Finished Renaming Generated Instances : Time (s): cpu = 00:01:26 ; elapsed = 00:01:48 . Memory (MB): peak = 4632.977 ; gain = 1583.773 ; free physical = 365438 ; free virtual = 433773
---------------------------------------------------------------------------------
---------------------------------------------------------------------------------
Start Rebuilding User Hierarchy
---------------------------------------------------------------------------------
---------------------------------------------------------------------------------
Finished Rebuilding User Hierarchy : Time (s): cpu = 00:01:30 ; elapsed = 00:01:51 . Memory (MB): peak = 4673.977 ; gain = 1624.773 ; free physical = 365390 ; free virtual = 433724
---------------------------------------------------------------------------------
---------------------------------------------------------------------------------
Start Renaming Generated Ports
---------------------------------------------------------------------------------
---------------------------------------------------------------------------------
Finished Renaming Generated Ports : Time (s): cpu = 00:01:30 ; elapsed = 00:01:52 . Memory (MB): peak = 4673.977 ; gain = 1624.773 ; free physical = 365394 ; free virtual = 433729
---------------------------------------------------------------------------------
---------------------------------------------------------------------------------
Start Handling Custom Attributes
---------------------------------------------------------------------------------
---------------------------------------------------------------------------------
Finished Handling Custom Attributes : Time (s): cpu = 00:01:30 ; elapsed = 00:01:52 . Memory (MB): peak = 4675.547 ; gain = 1626.344 ; free physical = 365393 ; free virtual = 433728
---------------------------------------------------------------------------------
---------------------------------------------------------------------------------
Start Renaming Generated Nets
---------------------------------------------------------------------------------
---------------------------------------------------------------------------------
Finished Renaming Generated Nets : Time (s): cpu = 00:01:31 ; elapsed = 00:01:52 . Memory (MB): peak = 4675.547 ; gain = 1626.344 ; free physical = 365398 ; free virtual = 433732
---------------------------------------------------------------------------------
---------------------------------------------------------------------------------
Start ROM, RAM, DSP, Shift Register and Retiming Reporting
---------------------------------------------------------------------------------

Static Shift Register Report:
+-------------------+-----------------------------------------------------+--------+-------+--------------+--------------------+-------------------+--------+---------+
|Module Name        | RTL Name                                            | Length | Width | Reset Signal | Pull out first Reg | Pull out last Reg | SRL16E | SRLC32E | 
+-------------------+-----------------------------------------------------+--------+-------+--------------+--------------------+-------------------+--------+---------+
|graphsage_int8_po2 | prod_452_reg_29243_reg[2]                           | 3      | 2     | NO           | NO                 | YES               | 2      | 0       | 
|graphsage_int8_po2 | prod_451_reg_29238_reg[4]                           | 3      | 1     | NO           | NO                 | YES               | 1      | 0       | 
|graphsage_int8_po2 | prod_442_reg_28295_reg[7]                           | 3      | 9     | NO           | NO                 | YES               | 9      | 0       | 
|graphsage_int8_po2 | trunc_ln333_63_reg_28290_reg[2]                     | 3      | 3     | NO           | NO                 | YES               | 3      | 0       | 
|graphsage_int8_po2 | add_ln343_449_reg_29268_reg[2]                      | 3      | 2     | NO           | NO                 | YES               | 2      | 0       | 
|graphsage_int8_po2 | prod_445_reg_29228_reg[4]                           | 3      | 1     | NO           | NO                 | YES               | 1      | 0       | 
|graphsage_int8_po2 | prod_448_reg_28315_reg[4]                           | 3      | 1     | NO           | NO                 | YES               | 1      | 0       | 
|graphsage_int8_po2 | prod_453_reg_29248_reg[4]                           | 3      | 1     | NO           | NO                 | YES               | 1      | 0       | 
|graphsage_int8_po2 | add_ln343_458_reg_29902_reg[1]                      | 4      | 1     | NO           | YES                | YES               | 1      | 0       | 
|graphsage_int8_po2 | add_ln343_459_reg_29907_reg[1]                      | 4      | 1     | NO           | YES                | YES               | 1      | 0       | 
|graphsage_int8_po2 | add_ln343_461_reg_30203_reg[0]                      | 5      | 1     | NO           | YES                | YES               | 1      | 0       | 
|graphsage_int8_po2 | prod_497_reg_29398_reg[4]                           | 3      | 1     | NO           | NO                 | YES               | 1      | 0       | 
|graphsage_int8_po2 | add_ln343_503_reg_29977_reg[3]                      | 4      | 2     | NO           | YES                | YES               | 2      | 0       | 
|graphsage_int8_po2 | prod_458_reg_29288_reg[3]                           | 3      | 2     | NO           | NO                 | YES               | 2      | 0       | 
|graphsage_int8_po2 | add_ln343_505_reg_30238_reg[1]                      | 5      | 1     | NO           | YES                | YES               | 1      | 0       | 
|graphsage_int8_po2 | prod_492_reg_29393_reg[4]                           | 3      | 1     | NO           | NO                 | YES               | 1      | 0       | 
|graphsage_int8_po2 | prod_490_reg_28385_reg[8]                           | 3      | 4     | NO           | NO                 | YES               | 4      | 0       | 
|graphsage_int8_po2 | add_ln343_496_reg_29428_reg[2]                      | 4      | 2     | NO           | YES                | YES               | 2      | 0       | 
|graphsage_int8_po2 | prod_491_reg_29388_reg[4]                           | 3      | 1     | NO           | NO                 | YES               | 1      | 0       | 
|graphsage_int8_po2 | add_ln343_498_reg_29967_reg[0]                      | 5      | 1     | NO           | YES                | YES               | 1      | 0       | 
|graphsage_int8_po2 | prod_494_reg_28395_reg[3]                           | 3      | 1     | NO           | NO                 | YES               | 1      | 0       | 
|graphsage_int8_po2 | add_ln343_499_reg_29433_reg[1]                      | 3      | 1     | NO           | NO                 | YES               | 1      | 0       | 
|graphsage_int8_po2 | trunc_ln333_70_reg_28400_reg[3]                     | 3      | 1     | NO           | NO                 | YES               | 1      | 0       | 
|graphsage_int8_po2 | add_ln343_500_reg_29438_reg[1]                      | 4      | 2     | NO           | YES                | YES               | 2      | 0       | 
|graphsage_int8_po2 | prod_500_reg_29413_reg[7]                           | 3      | 6     | NO           | NO                 | YES               | 6      | 0       | 
|graphsage_int8_po2 | prod_503_reg_29423_reg[4]                           | 3      | 1     | NO           | NO                 | YES               | 1      | 0       | 
|graphsage_int8_po2 | add_ln343_507_reg_29992_reg[1]                      | 4      | 1     | NO           | YES                | YES               | 1      | 0       | 
|graphsage_int8_po2 | add_ln343_487_reg_29947_reg[4]                      | 4      | 1     | NO           | NO                 | YES               | 1      | 0       | 
|graphsage_int8_po2 | add_ln343_487_reg_29947_reg[3]                      | 4      | 3     | NO           | YES                | YES               | 3      | 0       | 
|graphsage_int8_po2 | add_ln343_480_reg_29373_pp0_iter11_reg_reg[3]       | 5      | 2     | NO           | YES                | YES               | 2      | 0       | 
|graphsage_int8_po2 | prod_478_reg_29338_reg[8]                           | 3      | 7     | NO           | NO                 | YES               | 7      | 0       | 
|graphsage_int8_po2 | add_ln343_481_reg_29937_reg[2]                      | 4      | 2     | NO           | NO                 | YES               | 2      | 0       | 
|graphsage_int8_po2 | prod_481_reg_28375_reg[8]                           | 3      | 9     | NO           | NO                 | YES               | 9      | 0       | 
|graphsage_int8_po2 | prod_480_reg_28370_reg[8]                           | 3      | 8     | NO           | NO                 | YES               | 8      | 0       | 
|graphsage_int8_po2 | prod_487_reg_29932_reg[4]                           | 3      | 1     | NO           | NO                 | YES               | 1      | 0       | 
|graphsage_int8_po2 | prod_457_reg_29283_reg[9]                           | 3      | 4     | NO           | NO                 | YES               | 4      | 0       | 
|graphsage_int8_po2 | add_ln343_490_reg_29957_reg[4]                      | 4      | 1     | NO           | NO                 | YES               | 1      | 0       | 
|graphsage_int8_po2 | add_ln343_490_reg_29957_reg[3]                      | 4      | 3     | NO           | YES                | YES               | 3      | 0       | 
|graphsage_int8_po2 | prod_488_reg_29368_reg[4]                           | 3      | 1     | NO           | NO                 | YES               | 1      | 0       | 
|graphsage_int8_po2 | prod_460_reg_28330_reg[7]                           | 3      | 6     | NO           | NO                 | YES               | 6      | 0       | 
|graphsage_int8_po2 | prod_459_reg_28325_reg[9]                           | 3      | 6     | NO           | NO                 | YES               | 6      | 0       | 
|graphsage_int8_po2 | prod_466_reg_28345_reg[4]                           | 3      | 1     | NO           | NO                 | YES               | 1      | 0       | 
|graphsage_int8_po2 | prod_468_reg_29298_reg[4]                           | 3      | 1     | NO           | NO                 | YES               | 1      | 0       | 
|graphsage_int8_po2 | prod_467_reg_29293_reg[4]                           | 3      | 1     | NO           | NO                 | YES               | 1      | 0       | 
|graphsage_int8_po2 | prod_473_reg_29308_reg[2]                           | 3      | 3     | NO           | NO                 | YES               | 3      | 0       | 
|graphsage_int8_po2 | prod_557_reg_31082_reg[4]                           | 3      | 4     | NO           | NO                 | YES               | 4      | 0       | 
|graphsage_int8_po2 | add_ln343_565_reg_31204_reg[0]                      | 4      | 1     | NO           | YES                | YES               | 1      | 0       | 
|graphsage_int8_po2 | prod_554_reg_31067_reg[1]                           | 3      | 1     | NO           | NO                 | YES               | 1      | 0       | 
|graphsage_int8_po2 | prod_552_reg_31057_reg[6]                           | 3      | 1     | NO           | NO                 | YES               | 1      | 0       | 
|graphsage_int8_po2 | add_ln343_561_reg_31194_reg[5]                      | 4      | 5     | NO           | YES                | YES               | 5      | 0       | 
|graphsage_int8_po2 | prod_533_reg_30822_reg[4]                           | 3      | 4     | NO           | NO                 | YES               | 4      | 0       | 
|graphsage_int8_po2 | add_ln343_541_reg_30980_reg[0]                      | 4      | 1     | NO           | YES                | YES               | 1      | 0       | 
|graphsage_int8_po2 | prod_530_reg_30807_reg[1]                           | 3      | 1     | NO           | NO                 | YES               | 1      | 0       | 
|graphsage_int8_po2 | prod_528_reg_30797_reg[6]                           | 3      | 1     | NO           | NO                 | YES               | 1      | 0       | 
|graphsage_int8_po2 | add_ln343_537_reg_30970_reg[5]                      | 4      | 5     | NO           | YES                | YES               | 5      | 0       | 
|graphsage_int8_po2 | prod_509_reg_31294_reg[4]                           | 3      | 4     | NO           | NO                 | YES               | 4      | 0       | 
|graphsage_int8_po2 | add_ln343_517_reg_31464_reg[0]                      | 4      | 1     | NO           | YES                | YES               | 1      | 0       | 
|graphsage_int8_po2 | prod_506_reg_31279_reg[1]                           | 3      | 1     | NO           | NO                 | YES               | 1      | 0       | 
|graphsage_int8_po2 | prod_504_reg_31269_reg[6]                           | 3      | 1     | NO           | NO                 | YES               | 1      | 0       | 
|graphsage_int8_po2 | add_ln343_513_reg_31454_reg[5]                      | 4      | 5     | NO           | YES                | YES               | 5      | 0       | 
|graphsage_int8_po2 | prod_454_reg_29253_reg[4]                           | 3      | 3     | NO           | NO                 | YES               | 3      | 0       | 
|graphsage_int8_po2 | mul_4s_8ns_12_4_1_U455/din0_reg_reg[1]              | 3      | 4     | NO           | NO                 | YES               | 4      | 0       | 
|graphsage_int8_po2 | mul_4s_4ns_8_4_1_U454/din0_reg_reg[1]               | 3      | 4     | NO           | NO                 | YES               | 4      | 0       | 
|graphsage_int8_po2 | mul_4s_8s_12_4_1_U456/din0_reg_reg[3]               | 3      | 4     | NO           | NO                 | YES               | 4      | 0       | 
|graphsage_int8_po2 | mul_7ns_6s_13_4_1_U534/din0_reg_reg[3]              | 3      | 7     | NO           | NO                 | YES               | 7      | 0       | 
|graphsage_int8_po2 | mul_7ns_8s_15_4_1_U531/din0_reg_reg[3]              | 3      | 4     | NO           | NO                 | YES               | 4      | 0       | 
|graphsage_int8_po2 | mul_4s_7ns_11_4_1_U458/din0_reg_reg[2]              | 3      | 4     | NO           | NO                 | YES               | 4      | 0       | 
|graphsage_int8_po2 | mul_4s_7s_11_4_1_U457/din0_reg_reg[3]               | 3      | 4     | NO           | NO                 | YES               | 4      | 0       | 
|graphsage_int8_po2 | sext_ln338_324_reg_27508_reg[3]                     | 4      | 4     | NO           | NO                 | YES               | 4      | 0       | 
|graphsage_int8_po2 | mul_4s_7ns_11_4_1_U459/din0_reg_reg[3]              | 3      | 4     | NO           | NO                 | YES               | 4      | 0       | 
|graphsage_int8_po2 | mul_7ns_8s_15_4_1_U535/din0_reg_reg[0]              | 3      | 3     | NO           | NO                 | YES               | 3      | 0       | 
|graphsage_int8_po2 | prod_514_reg_31319_reg[1]                           | 3      | 1     | NO           | NO                 | YES               | 1      | 0       | 
|graphsage_int8_po2 | prod_512_reg_31309_reg[6]                           | 3      | 1     | NO           | NO                 | YES               | 1      | 0       | 
|graphsage_int8_po2 | add_ln343_521_reg_31474_reg[5]                      | 4      | 5     | NO           | YES                | YES               | 5      | 0       | 
|graphsage_int8_po2 | prod_517_reg_31334_reg[4]                           | 3      | 4     | NO           | NO                 | YES               | 4      | 0       | 
|graphsage_int8_po2 | add_ln343_525_reg_31484_reg[0]                      | 4      | 1     | NO           | YES                | YES               | 1      | 0       | 
|graphsage_int8_po2 | prod_538_reg_31359_reg[1]                           | 3      | 1     | NO           | NO                 | YES               | 1      | 0       | 
|graphsage_int8_po2 | prod_536_reg_31349_reg[6]                           | 3      | 1     | NO           | NO                 | YES               | 1      | 0       | 
|graphsage_int8_po2 | add_ln343_545_reg_31494_reg[5]                      | 4      | 5     | NO           | YES                | YES               | 5      | 0       | 
|graphsage_int8_po2 | prod_541_reg_31374_reg[4]                           | 3      | 4     | NO           | NO                 | YES               | 4      | 0       | 
|graphsage_int8_po2 | add_ln343_549_reg_31504_reg[0]                      | 4      | 1     | NO           | YES                | YES               | 1      | 0       | 
|graphsage_int8_po2 | prod_347_reg_27243_reg[2]                           | 3      | 3     | NO           | NO                 | YES               | 3      | 0       | 
|graphsage_int8_po2 | prod_379_reg_25443_reg[7]                           | 3      | 7     | NO           | NO                 | YES               | 7      | 0       | 
|graphsage_int8_po2 | trunc_ln333_54_reg_25438_reg[2]                     | 3      | 2     | NO           | NO                 | YES               | 2      | 0       | 
|graphsage_int8_po2 | prod_140_reg_27759_reg[4]                           | 3      | 2     | NO           | NO                 | YES               | 2      | 0       | 
|graphsage_int8_po2 | prod_138_reg_26747_reg[4]                           | 3      | 1     | NO           | NO                 | YES               | 1      | 0       | 
|graphsage_int8_po2 | add_ln343_138_reg_27779_reg[1]                      | 4      | 1     | NO           | YES                | YES               | 1      | 0       | 
|graphsage_int8_po2 | add_ln343_139_reg_27784_reg[1]                      | 4      | 1     | NO           | YES                | YES               | 1      | 0       | 
|graphsage_int8_po2 | trunc_ln207_8_reg_29690_pp0_iter13_reg_reg[7]       | 3      | 1     | NO           | NO                 | YES               | 1      | 0       | 
|graphsage_int8_po2 | prod_152_reg_26792_reg[4]                           | 3      | 1     | NO           | NO                 | YES               | 1      | 0       | 
|graphsage_int8_po2 | prod_158_reg_26807_reg[2]                           | 3      | 3     | NO           | NO                 | YES               | 3      | 0       | 
|graphsage_int8_po2 | prod_185_reg_26912_reg[7]                           | 3      | 5     | NO           | NO                 | YES               | 5      | 0       | 
|graphsage_int8_po2 | prod_182_reg_26897_reg[4]                           | 3      | 1     | NO           | NO                 | YES               | 1      | 0       | 
|graphsage_int8_po2 | add_ln343_183_reg_27859_reg[3]                      | 4      | 3     | NO           | YES                | YES               | 3      | 0       | 
|graphsage_int8_po2 | prod_187_reg_27844_reg[4]                           | 3      | 1     | NO           | NO                 | YES               | 1      | 0       | 
|graphsage_int8_po2 | prod_188_reg_26922_reg[4]                           | 3      | 1     | NO           | NO                 | YES               | 1      | 0       | 
|graphsage_int8_po2 | add_ln343_187_reg_27874_reg[1]                      | 4      | 1     | NO           | YES                | YES               | 1      | 0       | 
|graphsage_int8_po2 | add_ln343_167_reg_27824_reg[4]                      | 4      | 1     | NO           | NO                 | YES               | 1      | 0       | 
|graphsage_int8_po2 | add_ln343_167_reg_27824_reg[3]                      | 4      | 3     | NO           | YES                | YES               | 3      | 0       | 
|graphsage_int8_po2 | add_ln343_169_reg_28865_pp0_iter13_reg_reg[12]      | 4      | 12    | NO           | YES                | YES               | 12     | 0       | 
|graphsage_int8_po2 | add_ln343_169_reg_28865_pp0_iter13_reg_reg[0]       | 5      | 1     | NO           | YES                | YES               | 1      | 0       | 
|graphsage_int8_po2 | prod_172_reg_27809_reg[4]                           | 3      | 1     | NO           | NO                 | YES               | 1      | 0       | 
|graphsage_int8_po2 | prod_142_reg_26782_reg[9]                           | 3      | 4     | NO           | NO                 | YES               | 4      | 0       | 
|graphsage_int8_po2 | add_ln343_170_reg_27834_reg[4]                      | 4      | 1     | NO           | NO                 | YES               | 1      | 0       | 
|graphsage_int8_po2 | add_ln343_170_reg_27834_reg[3]                      | 4      | 3     | NO           | YES                | YES               | 3      | 0       | 
|graphsage_int8_po2 | prod_173_reg_26867_reg[4]                           | 3      | 1     | NO           | NO                 | YES               | 1      | 0       | 
|graphsage_int8_po2 | add_ln343_173_reg_28870_pp0_iter13_reg_reg[12]      | 4      | 11    | NO           | YES                | YES               | 11     | 0       | 
|graphsage_int8_po2 | add_ln343_173_reg_28870_pp0_iter13_reg_reg[1]       | 4      | 1     | NO           | NO                 | YES               | 1      | 0       | 
|graphsage_int8_po2 | prod_427_reg_25533_reg[8]                           | 3      | 3     | NO           | NO                 | YES               | 3      | 0       | 
|graphsage_int8_po2 | prod_1_reg_27524_reg[7]                             | 3      | 9     | NO           | NO                 | YES               | 9      | 0       | 
|graphsage_int8_po2 | trunc_ln333_reg_27519_reg[2]                        | 3      | 3     | NO           | NO                 | YES               | 3      | 0       | 
|graphsage_int8_po2 | prod_405_reg_26430_reg[4]                           | 3      | 1     | NO           | NO                 | YES               | 1      | 0       | 
|graphsage_int8_po2 | prod_404_reg_26425_reg[4]                           | 3      | 1     | NO           | NO                 | YES               | 1      | 0       | 
|graphsage_int8_po2 | prod_410_reg_26440_reg[2]                           | 3      | 3     | NO           | NO                 | YES               | 3      | 0       | 
|graphsage_int8_po2 | prod_389_reg_26375_reg[2]                           | 3      | 2     | NO           | NO                 | YES               | 2      | 0       | 
|graphsage_int8_po2 | prod_388_reg_26370_reg[4]                           | 3      | 1     | NO           | NO                 | YES               | 1      | 0       | 
|graphsage_int8_po2 | prod_382_reg_26360_reg[4]                           | 3      | 1     | NO           | NO                 | YES               | 1      | 0       | 
|graphsage_int8_po2 | prod_385_reg_25463_reg[4]                           | 3      | 1     | NO           | NO                 | YES               | 1      | 0       | 
|graphsage_int8_po2 | prod_392_reg_27378_reg[4]                           | 3      | 2     | NO           | NO                 | YES               | 2      | 0       | 
|graphsage_int8_po2 | prod_390_reg_26380_reg[4]                           | 3      | 1     | NO           | NO                 | YES               | 1      | 0       | 
|graphsage_int8_po2 | add_ln343_394_reg_27398_reg[1]                      | 4      | 1     | NO           | YES                | YES               | 1      | 0       | 
|graphsage_int8_po2 | add_ln343_395_reg_27403_reg[1]                      | 4      | 1     | NO           | YES                | YES               | 1      | 0       | 
|graphsage_int8_po2 | add_ln343_397_reg_28244_reg[0]                      | 5      | 1     | NO           | YES                | YES               | 1      | 0       | 
|graphsage_int8_po2 | registered_output_6_reg_31219_pp0_iter24_reg_reg[7] | 3      | 8     | NO           | NO                 | NO                | 8      | 0       | 
|graphsage_int8_po2 | registered_output_5_reg_31214_pp0_iter24_reg_reg[7] | 3      | 8     | NO           | NO                 | NO                | 8      | 0       | 
|graphsage_int8_po2 | registered_output_4_reg_31209_pp0_iter24_reg_reg[7] | 3      | 8     | NO           | NO                 | NO                | 8      | 0       | 
|graphsage_int8_po2 | add_ln343_423_reg_27443_reg[4]                      | 4      | 1     | NO           | NO                 | YES               | 1      | 0       | 
|graphsage_int8_po2 | add_ln343_423_reg_27443_reg[3]                      | 4      | 3     | NO           | YES                | YES               | 3      | 0       | 
|graphsage_int8_po2 | add_ln343_416_reg_26505_pp0_iter8_reg_reg[3]        | 5      | 2     | NO           | YES                | YES               | 2      | 0       | 
|graphsage_int8_po2 | prod_415_reg_26470_reg[8]                           | 3      | 6     | NO           | NO                 | YES               | 6      | 0       | 
|graphsage_int8_po2 | add_ln343_417_reg_27433_reg[2]                      | 4      | 2     | NO           | NO                 | YES               | 2      | 0       | 
|graphsage_int8_po2 | prod_418_reg_25523_reg[8]                           | 3      | 9     | NO           | NO                 | YES               | 9      | 0       | 
|graphsage_int8_po2 | prod_417_reg_25518_reg[8]                           | 3      | 8     | NO           | NO                 | YES               | 8      | 0       | 
|graphsage_int8_po2 | prod_424_reg_27428_reg[4]                           | 3      | 1     | NO           | NO                 | YES               | 1      | 0       | 
|graphsage_int8_po2 | prod_394_reg_26415_reg[9]                           | 3      | 3     | NO           | NO                 | YES               | 3      | 0       | 
|graphsage_int8_po2 | add_ln343_426_reg_27453_reg[4]                      | 4      | 1     | NO           | NO                 | YES               | 1      | 0       | 
|graphsage_int8_po2 | add_ln343_426_reg_27453_reg[3]                      | 4      | 3     | NO           | YES                | YES               | 3      | 0       | 
|graphsage_int8_po2 | prod_425_reg_26500_reg[4]                           | 3      | 1     | NO           | NO                 | YES               | 1      | 0       | 
|graphsage_int8_po2 | hidden_40_reg_29449_pp0_iter13_reg_reg[6]           | 3      | 7     | NO           | NO                 | YES               | 7      | 0       | 
|graphsage_int8_po2 | prod_245_reg_27102_reg[4]                           | 3      | 1     | NO           | NO                 | YES               | 1      | 0       | 
|graphsage_int8_po2 | add_ln343_434_reg_27468_reg[0]                      | 5      | 1     | NO           | YES                | YES               | 1      | 0       | 
|graphsage_int8_po2 | prod_431_reg_25543_reg[3]                           | 3      | 1     | NO           | NO                 | YES               | 1      | 0       | 
|graphsage_int8_po2 | add_ln343_435_reg_26565_reg[1]                      | 3      | 1     | NO           | NO                 | YES               | 1      | 0       | 
|graphsage_int8_po2 | trunc_ln333_61_reg_25548_reg[3]                     | 3      | 1     | NO           | NO                 | YES               | 1      | 0       | 
|graphsage_int8_po2 | add_ln343_436_reg_26570_reg[1]                      | 4      | 2     | NO           | YES                | YES               | 2      | 0       | 
|graphsage_int8_po2 | prod_437_reg_26545_reg[7]                           | 3      | 6     | NO           | NO                 | YES               | 6      | 0       | 
|graphsage_int8_po2 | prod_434_reg_26530_reg[4]                           | 3      | 1     | NO           | NO                 | YES               | 1      | 0       | 
|graphsage_int8_po2 | add_ln343_439_reg_27478_reg[3]                      | 4      | 2     | NO           | YES                | YES               | 2      | 0       | 
|graphsage_int8_po2 | prod_395_reg_26420_reg[3]                           | 3      | 1     | NO           | NO                 | YES               | 1      | 0       | 
|graphsage_int8_po2 | add_ln343_441_reg_28280_reg[1]                      | 5      | 1     | NO           | YES                | YES               | 1      | 0       | 
|graphsage_int8_po2 | prod_439_reg_27463_reg[4]                           | 3      | 1     | NO           | NO                 | YES               | 1      | 0       | 
|graphsage_int8_po2 | prod_440_reg_26555_reg[4]                           | 3      | 1     | NO           | NO                 | YES               | 1      | 0       | 
|graphsage_int8_po2 | add_ln343_443_reg_27493_reg[1]                      | 4      | 1     | NO           | YES                | YES               | 1      | 0       | 
|graphsage_int8_po2 | prod_403_reg_25493_reg[4]                           | 3      | 1     | NO           | NO                 | YES               | 1      | 0       | 
|graphsage_int8_po2 | add_ln343_295_reg_29802_reg[4]                      | 4      | 1     | NO           | NO                 | YES               | 1      | 0       | 
|graphsage_int8_po2 | add_ln343_295_reg_29802_reg[3]                      | 4      | 3     | NO           | YES                | YES               | 3      | 0       | 
|graphsage_int8_po2 | add_ln343_288_reg_29087_pp0_iter11_reg_reg[3]       | 5      | 2     | NO           | YES                | YES               | 2      | 0       | 
|graphsage_int8_po2 | prod_289_reg_29052_reg[8]                           | 3      | 7     | NO           | NO                 | YES               | 7      | 0       | 
|graphsage_int8_po2 | add_ln343_289_reg_29792_reg[2]                      | 4      | 2     | NO           | NO                 | YES               | 2      | 0       | 
|graphsage_int8_po2 | prod_292_reg_28084_reg[8]                           | 3      | 9     | NO           | NO                 | YES               | 9      | 0       | 
|graphsage_int8_po2 | prod_291_reg_28079_reg[8]                           | 3      | 8     | NO           | NO                 | YES               | 8      | 0       | 
|graphsage_int8_po2 | prod_298_reg_29787_reg[4]                           | 3      | 1     | NO           | NO                 | YES               | 1      | 0       | 
|graphsage_int8_po2 | prod_268_reg_28997_reg[9]                           | 3      | 3     | NO           | NO                 | YES               | 3      | 0       | 
|graphsage_int8_po2 | add_ln343_298_reg_29812_reg[4]                      | 4      | 1     | NO           | NO                 | YES               | 1      | 0       | 
|graphsage_int8_po2 | add_ln343_298_reg_29812_reg[3]                      | 4      | 3     | NO           | YES                | YES               | 3      | 0       | 
|graphsage_int8_po2 | prod_299_reg_29082_reg[4]                           | 3      | 1     | NO           | NO                 | YES               | 1      | 0       | 
|graphsage_int8_po2 | prod_271_reg_28039_reg[7]                           | 3      | 5     | NO           | NO                 | YES               | 5      | 0       | 
|graphsage_int8_po2 | prod_270_reg_28034_reg[9]                           | 3      | 7     | NO           | NO                 | YES               | 7      | 0       | 
|graphsage_int8_po2 | prod_277_reg_28054_reg[4]                           | 3      | 1     | NO           | NO                 | YES               | 1      | 0       | 
|graphsage_int8_po2 | prod_279_reg_29012_reg[4]                           | 3      | 1     | NO           | NO                 | YES               | 1      | 0       | 
|graphsage_int8_po2 | prod_278_reg_29007_reg[4]                           | 3      | 1     | NO           | NO                 | YES               | 1      | 0       | 
|graphsage_int8_po2 | prod_284_reg_29022_reg[2]                           | 3      | 3     | NO           | NO                 | YES               | 3      | 0       | 
|graphsage_int8_po2 | prod_263_reg_28957_reg[2]                           | 3      | 1     | NO           | NO                 | YES               | 1      | 0       | 
|graphsage_int8_po2 | prod_262_reg_28952_reg[4]                           | 3      | 1     | NO           | NO                 | YES               | 1      | 0       | 
|graphsage_int8_po2 | prod_253_reg_28004_reg[7]                           | 3      | 8     | NO           | NO                 | YES               | 8      | 0       | 
|graphsage_int8_po2 | trunc_ln333_36_reg_27999_reg[2]                     | 3      | 2     | NO           | NO                 | YES               | 2      | 0       | 
|graphsage_int8_po2 | add_ln343_257_reg_28982_reg[2]                      | 3      | 2     | NO           | NO                 | YES               | 2      | 0       | 
|graphsage_int8_po2 | prod_256_reg_28942_reg[4]                           | 3      | 1     | NO           | NO                 | YES               | 1      | 0       | 
|graphsage_int8_po2 | prod_259_reg_28024_reg[4]                           | 3      | 1     | NO           | NO                 | YES               | 1      | 0       | 
|graphsage_int8_po2 | prod_264_reg_28962_reg[4]                           | 3      | 1     | NO           | NO                 | YES               | 1      | 0       | 
|graphsage_int8_po2 | add_ln343_266_reg_29757_reg[1]                      | 4      | 1     | NO           | YES                | YES               | 1      | 0       | 
|graphsage_int8_po2 | add_ln343_267_reg_29762_reg[1]                      | 4      | 1     | NO           | YES                | YES               | 1      | 0       | 
|graphsage_int8_po2 | add_ln343_269_reg_30143_reg[0]                      | 5      | 1     | NO           | YES                | YES               | 1      | 0       | 
|graphsage_int8_po2 | prod_308_reg_29112_reg[4]                           | 3      | 1     | NO           | NO                 | YES               | 1      | 0       | 
|graphsage_int8_po2 | add_ln343_311_reg_29832_reg[3]                      | 4      | 2     | NO           | YES                | YES               | 2      | 0       | 
|graphsage_int8_po2 | prod_269_reg_29002_reg[3]                           | 3      | 1     | NO           | NO                 | YES               | 1      | 0       | 
|graphsage_int8_po2 | add_ln343_313_reg_30178_reg[1]                      | 5      | 1     | NO           | YES                | YES               | 1      | 0       | 
|graphsage_int8_po2 | prod_303_reg_29107_reg[4]                           | 3      | 1     | NO           | NO                 | YES               | 1      | 0       | 
|graphsage_int8_po2 | prod_301_reg_28094_reg[8]                           | 3      | 6     | NO           | NO                 | YES               | 6      | 0       | 
|graphsage_int8_po2 | add_ln343_304_reg_29142_reg[2]                      | 4      | 2     | NO           | YES                | YES               | 2      | 0       | 
|graphsage_int8_po2 | prod_302_reg_29102_reg[4]                           | 3      | 1     | NO           | NO                 | YES               | 1      | 0       | 
|graphsage_int8_po2 | add_ln343_306_reg_29822_reg[0]                      | 5      | 1     | NO           | YES                | YES               | 1      | 0       | 
|graphsage_int8_po2 | prod_305_reg_28104_reg[3]                           | 3      | 1     | NO           | NO                 | YES               | 1      | 0       | 
|graphsage_int8_po2 | add_ln343_307_reg_29147_reg[1]                      | 3      | 1     | NO           | NO                 | YES               | 1      | 0       | 
|graphsage_int8_po2 | trunc_ln333_43_reg_28109_reg[3]                     | 3      | 1     | NO           | NO                 | YES               | 1      | 0       | 
|graphsage_int8_po2 | add_ln343_308_reg_29152_reg[1]                      | 4      | 2     | NO           | YES                | YES               | 2      | 0       | 
|graphsage_int8_po2 | prod_565_reg_31434_reg[4]                           | 3      | 4     | NO           | NO                 | YES               | 4      | 0       | 
|graphsage_int8_po2 | add_ln343_573_reg_31524_reg[0]                      | 4      | 1     | NO           | YES                | YES               | 1      | 0       | 
|graphsage_int8_po2 | prod_562_reg_31419_reg[1]                           | 3      | 1     | NO           | NO                 | YES               | 1      | 0       | 
|graphsage_int8_po2 | prod_560_reg_31409_reg[6]                           | 3      | 1     | NO           | NO                 | YES               | 1      | 0       | 
|graphsage_int8_po2 | add_ln343_569_reg_31514_reg[5]                      | 4      | 5     | NO           | YES                | YES               | 5      | 0       | 
|graphsage_int8_po2 | prod_549_reg_31042_reg[4]                           | 3      | 4     | NO           | NO                 | YES               | 4      | 0       | 
|graphsage_int8_po2 | add_ln343_557_reg_31184_reg[0]                      | 4      | 1     | NO           | YES                | YES               | 1      | 0       | 
|graphsage_int8_po2 | prod_546_reg_31027_reg[1]                           | 3      | 1     | NO           | NO                 | YES               | 1      | 0       | 
|graphsage_int8_po2 | prod_544_reg_31017_reg[6]                           | 3      | 1     | NO           | NO                 | YES               | 1      | 0       | 
|graphsage_int8_po2 | add_ln343_553_reg_31174_reg[5]                      | 4      | 5     | NO           | YES                | YES               | 5      | 0       | 
|graphsage_int8_po2 | prod_525_reg_30782_reg[4]                           | 3      | 4     | NO           | NO                 | YES               | 4      | 0       | 
|graphsage_int8_po2 | add_ln343_533_reg_30960_reg[0]                      | 4      | 1     | NO           | YES                | YES               | 1      | 0       | 
|graphsage_int8_po2 | prod_522_reg_30767_reg[1]                           | 3      | 1     | NO           | NO                 | YES               | 1      | 0       | 
|graphsage_int8_po2 | prod_520_reg_30757_reg[6]                           | 3      | 1     | NO           | NO                 | YES               | 1      | 0       | 
|graphsage_int8_po2 | add_ln343_529_reg_30950_reg[5]                      | 4      | 5     | NO           | YES                | YES               | 5      | 0       | 
|graphsage_int8_po2 | prod_311_reg_29127_reg[7]                           | 3      | 7     | NO           | NO                 | YES               | 7      | 0       | 
|graphsage_int8_po2 | prod_314_reg_29137_reg[4]                           | 3      | 1     | NO           | NO                 | YES               | 1      | 0       | 
|graphsage_int8_po2 | add_ln343_315_reg_29847_reg[1]                      | 4      | 1     | NO           | YES                | YES               | 1      | 0       | 
|graphsage_int8_po2 | prod_397_reg_25478_reg[7]                           | 3      | 9     | NO           | NO                 | YES               | 9      | 0       | 
|graphsage_int8_po2 | prod_396_reg_25473_reg[9]                           | 3      | 7     | NO           | NO                 | YES               | 7      | 0       | 
|graphsage_int8_po2 | prod_119_reg_28795_reg[4]                           | 3      | 1     | NO           | NO                 | YES               | 1      | 0       | 
|graphsage_int8_po2 | add_ln343_119_reg_29665_reg[3]                      | 4      | 2     | NO           | YES                | YES               | 2      | 0       | 
|graphsage_int8_po2 | prod_80_reg_28685_reg[3]                            | 3      | 2     | NO           | NO                 | YES               | 2      | 0       | 
|graphsage_int8_po2 | add_ln343_121_reg_30108_reg[1]                      | 5      | 1     | NO           | YES                | YES               | 1      | 0       | 
|graphsage_int8_po2 | prod_114_reg_28790_reg[4]                           | 3      | 1     | NO           | NO                 | YES               | 1      | 0       | 
|graphsage_int8_po2 | prod_112_reg_27734_reg[8]                           | 3      | 3     | NO           | NO                 | YES               | 3      | 0       | 
|graphsage_int8_po2 | add_ln343_112_reg_28825_reg[2]                      | 4      | 2     | NO           | YES                | YES               | 2      | 0       | 
|graphsage_int8_po2 | prod_113_reg_28785_reg[4]                           | 3      | 1     | NO           | NO                 | YES               | 1      | 0       | 
|graphsage_int8_po2 | add_ln343_114_reg_29655_reg[0]                      | 5      | 1     | NO           | YES                | YES               | 1      | 0       | 
|graphsage_int8_po2 | prod_116_reg_27744_reg[3]                           | 3      | 1     | NO           | NO                 | YES               | 1      | 0       | 
|graphsage_int8_po2 | add_ln343_115_reg_28830_reg[1]                      | 3      | 1     | NO           | NO                 | YES               | 1      | 0       | 
|graphsage_int8_po2 | trunc_ln333_16_reg_27749_reg[3]                     | 3      | 1     | NO           | NO                 | YES               | 1      | 0       | 
|graphsage_int8_po2 | add_ln343_116_reg_28835_reg[1]                      | 4      | 2     | NO           | YES                | YES               | 2      | 0       | 
|graphsage_int8_po2 | prod_122_reg_28810_reg[7]                           | 3      | 6     | NO           | NO                 | YES               | 6      | 0       | 
|graphsage_int8_po2 | prod_125_reg_28820_reg[4]                           | 3      | 1     | NO           | NO                 | YES               | 1      | 0       | 
|graphsage_int8_po2 | add_ln343_123_reg_29680_reg[1]                      | 4      | 1     | NO           | YES                | YES               | 1      | 0       | 
|graphsage_int8_po2 | prod_74_reg_28640_reg[2]                            | 3      | 2     | NO           | NO                 | YES               | 2      | 0       | 
|graphsage_int8_po2 | prod_73_reg_28635_reg[4]                            | 3      | 1     | NO           | NO                 | YES               | 1      | 0       | 
|graphsage_int8_po2 | prod_64_reg_27644_reg[7]                            | 3      | 9     | NO           | NO                 | YES               | 9      | 0       | 
|graphsage_int8_po2 | trunc_ln333_9_reg_27639_reg[2]                      | 3      | 3     | NO           | NO                 | YES               | 3      | 0       | 
|graphsage_int8_po2 | add_ln343_65_reg_28665_reg[2]                       | 3      | 2     | NO           | NO                 | YES               | 2      | 0       | 
|graphsage_int8_po2 | prod_67_reg_28625_reg[4]                            | 3      | 1     | NO           | NO                 | YES               | 1      | 0       | 
|graphsage_int8_po2 | prod_70_reg_27664_reg[4]                            | 3      | 1     | NO           | NO                 | YES               | 1      | 0       | 
|graphsage_int8_po2 | prod_75_reg_28645_reg[4]                            | 3      | 1     | NO           | NO                 | YES               | 1      | 0       | 
|graphsage_int8_po2 | add_ln343_74_reg_29590_reg[1]                       | 4      | 1     | NO           | YES                | YES               | 1      | 0       | 
|graphsage_int8_po2 | add_ln343_75_reg_29595_reg[1]                       | 4      | 1     | NO           | YES                | YES               | 1      | 0       | 
|graphsage_int8_po2 | add_ln343_77_reg_30073_reg[0]                       | 5      | 1     | NO           | YES                | YES               | 1      | 0       | 
|graphsage_int8_po2 | prod_177_reg_26892_reg[4]                           | 3      | 1     | NO           | NO                 | YES               | 1      | 0       | 
|graphsage_int8_po2 | prod_175_reg_25970_reg[8]                           | 3      | 3     | NO           | NO                 | YES               | 3      | 0       | 
|graphsage_int8_po2 | add_ln343_176_reg_26927_reg[2]                      | 4      | 2     | NO           | YES                | YES               | 2      | 0       | 
|graphsage_int8_po2 | prod_176_reg_26887_reg[4]                           | 3      | 1     | NO           | NO                 | YES               | 1      | 0       | 
|graphsage_int8_po2 | add_ln343_178_reg_27849_reg[0]                      | 5      | 1     | NO           | YES                | YES               | 1      | 0       | 
|graphsage_int8_po2 | prod_179_reg_25980_reg[3]                           | 3      | 1     | NO           | NO                 | YES               | 1      | 0       | 
|graphsage_int8_po2 | add_ln343_179_reg_26932_reg[1]                      | 3      | 1     | NO           | NO                 | YES               | 1      | 0       | 
|graphsage_int8_po2 | trunc_ln333_25_reg_25985_reg[3]                     | 3      | 1     | NO           | NO                 | YES               | 1      | 0       | 
|graphsage_int8_po2 | add_ln343_180_reg_26937_reg[1]                      | 4      | 2     | NO           | YES                | YES               | 2      | 0       | 
|graphsage_int8_po2 | prod_340_reg_26295_reg[4]                           | 3      | 1     | NO           | NO                 | YES               | 1      | 0       | 
|graphsage_int8_po2 | prod_143_reg_26787_reg[3]                           | 3      | 2     | NO           | NO                 | YES               | 2      | 0       | 
|graphsage_int8_po2 | prod_145_reg_25915_reg[7]                           | 3      | 7     | NO           | NO                 | YES               | 7      | 0       | 
|graphsage_int8_po2 | prod_144_reg_25910_reg[9]                           | 3      | 6     | NO           | NO                 | YES               | 6      | 0       | 
|graphsage_int8_po2 | prod_151_reg_25930_reg[4]                           | 3      | 1     | NO           | NO                 | YES               | 1      | 0       | 
|graphsage_int8_po2 | add_ln343_32_reg_28555_pp0_iter11_reg_reg[3]        | 5      | 2     | NO           | YES                | YES               | 2      | 0       | 
|graphsage_int8_po2 | add_ln343_160_reg_26872_pp0_iter9_reg_reg[3]        | 5      | 2     | NO           | YES                | YES               | 2      | 0       | 
|graphsage_int8_po2 | prod_163_reg_26837_reg[8]                           | 3      | 6     | NO           | NO                 | YES               | 6      | 0       | 
|graphsage_int8_po2 | add_ln343_161_reg_27814_reg[2]                      | 4      | 2     | NO           | NO                 | YES               | 2      | 0       | 
|graphsage_int8_po2 | prod_166_reg_25960_reg[8]                           | 3      | 9     | NO           | NO                 | YES               | 9      | 0       | 
|graphsage_int8_po2 | prod_165_reg_25955_reg[8]                           | 3      | 8     | NO           | NO                 | YES               | 8      | 0       | 
|graphsage_int8_po2 | add_ln343_166_reg_28860_pp0_iter13_reg_reg[11]      | 4      | 12    | NO           | YES                | YES               | 12     | 0       | 
|graphsage_int8_po2 | prod_153_reg_26797_reg[4]                           | 3      | 1     | NO           | NO                 | YES               | 1      | 0       | 
|graphsage_int8_po2 | add_ln343_103_reg_29635_reg[4]                      | 4      | 1     | NO           | NO                 | YES               | 1      | 0       | 
|graphsage_int8_po2 | add_ln343_103_reg_29635_reg[3]                      | 4      | 3     | NO           | YES                | YES               | 3      | 0       | 
|graphsage_int8_po2 | add_ln343_96_reg_28770_pp0_iter11_reg_reg[3]        | 5      | 2     | NO           | YES                | YES               | 2      | 0       | 
|graphsage_int8_po2 | prod_100_reg_28735_reg[8]                           | 3      | 7     | NO           | NO                 | YES               | 7      | 0       | 
|graphsage_int8_po2 | add_ln343_97_reg_29625_reg[2]                       | 4      | 2     | NO           | NO                 | YES               | 2      | 0       | 
|graphsage_int8_po2 | prod_103_reg_27724_reg[8]                           | 3      | 9     | NO           | NO                 | YES               | 9      | 0       | 
|graphsage_int8_po2 | prod_102_reg_27719_reg[8]                           | 3      | 8     | NO           | NO                 | YES               | 8      | 0       | 
|graphsage_int8_po2 | prod_109_reg_29620_reg[4]                           | 3      | 1     | NO           | NO                 | YES               | 1      | 0       | 
|graphsage_int8_po2 | prod_79_reg_28680_reg[9]                            | 3      | 3     | NO           | NO                 | YES               | 3      | 0       | 
|graphsage_int8_po2 | add_ln343_106_reg_29645_reg[4]                      | 4      | 1     | NO           | NO                 | YES               | 1      | 0       | 
|graphsage_int8_po2 | add_ln343_106_reg_29645_reg[3]                      | 4      | 3     | NO           | YES                | YES               | 3      | 0       | 
|graphsage_int8_po2 | prod_110_reg_28765_reg[4]                           | 3      | 1     | NO           | NO                 | YES               | 1      | 0       | 
|graphsage_int8_po2 | prod_429_reg_26525_reg[4]                           | 3      | 1     | NO           | NO                 | YES               | 1      | 0       | 
|graphsage_int8_po2 | add_ln343_432_reg_26560_reg[2]                      | 4      | 2     | NO           | YES                | YES               | 2      | 0       | 
|graphsage_int8_po2 | prod_428_reg_26520_reg[4]                           | 3      | 1     | NO           | NO                 | YES               | 1      | 0       | 
|graphsage_int8_po2 | prod_137_reg_26742_reg[2]                           | 3      | 2     | NO           | NO                 | YES               | 2      | 0       | 
|graphsage_int8_po2 | prod_136_reg_26737_reg[4]                           | 3      | 1     | NO           | NO                 | YES               | 1      | 0       | 
|graphsage_int8_po2 | prod_127_reg_25880_reg[7]                           | 3      | 7     | NO           | NO                 | YES               | 7      | 0       | 
|graphsage_int8_po2 | trunc_ln333_18_reg_25875_reg[2]                     | 3      | 3     | NO           | NO                 | YES               | 3      | 0       | 
|graphsage_int8_po2 | add_ln343_129_reg_26767_reg[2]                      | 3      | 3     | NO           | NO                 | YES               | 3      | 0       | 
|graphsage_int8_po2 | prod_130_reg_26727_reg[4]                           | 3      | 1     | NO           | NO                 | YES               | 1      | 0       | 
|graphsage_int8_po2 | prod_133_reg_25900_reg[4]                           | 3      | 1     | NO           | NO                 | YES               | 1      | 0       | 
|graphsage_int8_po2 | add_ln343_141_reg_28845_reg[0]                      | 5      | 1     | NO           | YES                | YES               | 1      | 0       | 
|graphsage_int8_po2 | prod_82_reg_27679_reg[7]                            | 3      | 7     | NO           | NO                 | YES               | 7      | 0       | 
|graphsage_int8_po2 | prod_81_reg_27674_reg[9]                            | 3      | 6     | NO           | NO                 | YES               | 6      | 0       | 
|graphsage_int8_po2 | prod_88_reg_27694_reg[4]                            | 3      | 1     | NO           | NO                 | YES               | 1      | 0       | 
|graphsage_int8_po2 | prod_90_reg_28695_reg[4]                            | 3      | 1     | NO           | NO                 | YES               | 1      | 0       | 
|graphsage_int8_po2 | prod_89_reg_28690_reg[4]                            | 3      | 1     | NO           | NO                 | YES               | 1      | 0       | 
|graphsage_int8_po2 | prod_95_reg_28705_reg[2]                            | 3      | 3     | NO           | NO                 | YES               | 3      | 0       | 
|graphsage_int8_po2 | prod_161_reg_25945_reg[0]                           | 3      | 2     | NO           | NO                 | YES               | 2      | 0       | 
|graphsage_int8_po2 | prod_76_reg_28650_reg[4]                            | 3      | 3     | NO           | NO                 | YES               | 3      | 0       | 
|graphsage_int8_po2 | add_ln343_88_reg_28725_reg[0]                       | 3      | 1     | NO           | NO                 | YES               | 1      | 0       | 
|graphsage_int8_po2 | icmp_ln206_4_reg_29685_pp0_iter13_reg_reg[0]        | 3      | 1     | NO           | NO                 | YES               | 1      | 0       | 
|graphsage_int8_po2 | add_ln343_446_reg_29218_reg[0]                      | 3      | 1     | NO           | NO                 | YES               | 1      | 0       | 
|graphsage_int8_po2 | mul_4s_8ns_12_4_1_U26/din0_reg_reg[3]               | 4      | 4     | NO           | NO                 | YES               | 4      | 0       | 
|graphsage_int8_po2 | sext_ln338_91_reg_23945_reg[3]                      | 4      | 4     | NO           | NO                 | YES               | 4      | 0       | 
|graphsage_int8_po2 | mul_4s_8ns_12_4_1_U140/din0_reg_reg[1]              | 5      | 4     | NO           | NO                 | YES               | 4      | 0       | 
|graphsage_int8_po2 | mul_4s_7ns_11_4_1_U165/din0_reg_reg[1]              | 5      | 4     | NO           | NO                 | YES               | 4      | 0       | 
|graphsage_int8_po2 | mul_4s_7ns_11_4_1_U169/din0_reg_reg[3]              | 5      | 4     | NO           | NO                 | YES               | 4      | 0       | 
|graphsage_int8_po2 | mul_4s_8ns_12_4_1_U168/din0_reg_reg[2]              | 5      | 4     | NO           | NO                 | YES               | 4      | 0       | 
|graphsage_int8_po2 | trunc_ln333_21_reg_26802_reg[2]                     | 3      | 2     | NO           | NO                 | YES               | 2      | 0       | 
|graphsage_int8_po2 | trunc_ln333_26_reg_26917_reg[0]                     | 3      | 1     | NO           | NO                 | YES               | 1      | 0       | 
|graphsage_int8_po2 | mul_4s_5ns_9_4_1_U292/din0_reg_reg[3]               | 6      | 4     | NO           | NO                 | YES               | 4      | 0       | 
|graphsage_int8_po2 | mul_4s_7s_11_4_1_U41/din0_reg_reg[3]                | 4      | 4     | NO           | NO                 | YES               | 4      | 0       | 
|graphsage_int8_po2 | mul_4s_7s_11_4_1_U38/din0_reg_reg[2]                | 4      | 4     | NO           | NO                 | YES               | 4      | 0       | 
|graphsage_int8_po2 | mul_4s_3s_7_4_1_U37/din0_reg_reg[3]                 | 4      | 3     | NO           | NO                 | YES               | 3      | 0       | 
|graphsage_int8_po2 | mul_4s_8ns_12_4_1_U30/din0_reg_reg[0]               | 4      | 1     | NO           | NO                 | YES               | 1      | 0       | 
|graphsage_int8_po2 | sext_ln338_104_reg_24002_reg[0]                     | 4      | 4     | NO           | NO                 | YES               | 4      | 0       | 
|graphsage_int8_po2 | mul_4s_5ns_9_4_1_U36/din0_reg_reg[0]                | 4      | 4     | NO           | NO                 | YES               | 4      | 0       | 
|graphsage_int8_po2 | mul_4s_8s_12_4_1_U141/din0_reg_reg[2]               | 5      | 4     | NO           | NO                 | YES               | 4      | 0       | 
|graphsage_int8_po2 | mul_4s_7s_11_4_1_U142/din0_reg_reg[2]               | 5      | 4     | NO           | NO                 | YES               | 4      | 0       | 
|graphsage_int8_po2 | trunc_ln333_60_reg_26485_reg[0]                     | 3      | 1     | NO           | NO                 | YES               | 1      | 0       | 
|graphsage_int8_po2 | trunc_ln333_57_reg_26435_reg[2]                     | 3      | 2     | NO           | NO                 | YES               | 2      | 0       | 
|graphsage_int8_po2 | mul_4s_5ns_9_4_1_U237/din0_reg_reg[3]               | 4      | 4     | NO           | YES                | YES               | 4      | 0       | 
|graphsage_int8_po2 | trunc_ln333_62_reg_26550_reg[0]                     | 3      | 1     | NO           | NO                 | YES               | 1      | 0       | 
|graphsage_int8_po2 | add_ln343_408_reg_26460_reg[0]                      | 3      | 1     | NO           | NO                 | YES               | 1      | 0       | 
|graphsage_int8_po2 | mul_4s_8s_12_4_1_U448/din0_reg_reg[3]               | 3      | 4     | NO           | NO                 | YES               | 4      | 0       | 
|graphsage_int8_po2 | mul_4s_8ns_12_4_1_U389/din0_reg_reg[1]              | 3      | 4     | NO           | NO                 | YES               | 4      | 0       | 
|graphsage_int8_po2 | mul_4s_4ns_8_4_1_U388/din0_reg_reg[1]               | 3      | 4     | NO           | NO                 | YES               | 4      | 0       | 
|graphsage_int8_po2 | mul_4s_8ns_12_4_1_U450/din0_reg_reg[2]              | 3      | 4     | NO           | NO                 | YES               | 4      | 0       | 
|graphsage_int8_po2 | trunc_ln333_39_reg_29017_reg[2]                     | 3      | 2     | NO           | NO                 | YES               | 2      | 0       | 
|graphsage_int8_po2 | mul_4s_7ns_11_4_1_U393/din0_reg_reg[3]              | 3      | 4     | NO           | NO                 | YES               | 4      | 0       | 
|graphsage_int8_po2 | sext_ln338_201_reg_27157_reg[3]                     | 4      | 4     | NO           | NO                 | YES               | 4      | 0       | 
|graphsage_int8_po2 | mul_4s_7ns_11_4_1_U451/din0_reg_reg[3]              | 3      | 4     | NO           | NO                 | YES               | 4      | 0       | 
|graphsage_int8_po2 | prod_296_reg_29072_reg[1]                           | 3      | 1     | NO           | NO                 | YES               | 1      | 0       | 
|graphsage_int8_po2 | mul_4s_7ns_11_4_1_U392/din0_reg_reg[2]              | 3      | 4     | NO           | NO                 | YES               | 4      | 0       | 
|graphsage_int8_po2 | sext_ln338_78_reg_26716_reg[3]                      | 4      | 4     | NO           | NO                 | YES               | 4      | 0       | 
|graphsage_int8_po2 | mul_4s_4ns_8_4_1_U421/din0_reg_reg[2]               | 3      | 4     | NO           | NO                 | YES               | 4      | 0       | 
|graphsage_int8_po2 | mul_4s_8ns_12_4_1_U422/din0_reg_reg[2]              | 3      | 3     | NO           | NO                 | YES               | 3      | 0       | 
|graphsage_int8_po2 | mul_4s_5s_9_4_1_U449/din0_reg_reg[3]                | 3      | 1     | NO           | NO                 | YES               | 1      | 0       | 
|graphsage_int8_po2 | trunc_ln333_44_reg_29132_reg[0]                     | 3      | 1     | NO           | NO                 | YES               | 1      | 0       | 
|graphsage_int8_po2 | mul_4s_8ns_12_4_1_U440/din0_reg_reg[0]              | 3      | 1     | NO           | NO                 | YES               | 1      | 0       | 
|graphsage_int8_po2 | trunc_ln333_42_reg_29067_reg[0]                     | 3      | 1     | NO           | NO                 | YES               | 1      | 0       | 
|graphsage_int8_po2 | mul_4s_8s_12_4_1_U390/din0_reg_reg[2]               | 3      | 4     | NO           | NO                 | YES               | 4      | 0       | 
|graphsage_int8_po2 | mul_4s_7s_11_4_1_U391/din0_reg_reg[2]               | 3      | 3     | NO           | NO                 | YES               | 3      | 0       | 
|graphsage_int8_po2 | mul_4s_5s_9_4_1_U416/din0_reg_reg[3]                | 3      | 1     | NO           | NO                 | YES               | 1      | 0       | 
|graphsage_int8_po2 | mul_4s_7s_11_4_1_U424/din0_reg_reg[2]               | 3      | 3     | NO           | NO                 | YES               | 3      | 0       | 
|graphsage_int8_po2 | add_ln343_39_reg_29520_reg[4]                       | 4      | 1     | NO           | NO                 | YES               | 1      | 0       | 
|graphsage_int8_po2 | add_ln343_39_reg_29520_reg[3]                       | 4      | 3     | NO           | YES                | YES               | 3      | 0       | 
|graphsage_int8_po2 | prod_37_reg_28520_reg[8]                            | 3      | 7     | NO           | NO                 | YES               | 7      | 0       | 
|graphsage_int8_po2 | add_ln343_33_reg_29510_reg[2]                       | 4      | 2     | NO           | NO                 | YES               | 2      | 0       | 
|graphsage_int8_po2 | prod_40_reg_27604_reg[8]                            | 3      | 9     | NO           | NO                 | YES               | 9      | 0       | 
|graphsage_int8_po2 | prod_39_reg_27599_reg[8]                            | 3      | 8     | NO           | NO                 | YES               | 8      | 0       | 
|graphsage_int8_po2 | prod_46_reg_29505_reg[4]                            | 3      | 1     | NO           | NO                 | YES               | 1      | 0       | 
|graphsage_int8_po2 | prod_16_reg_28465_reg[9]                            | 3      | 3     | NO           | NO                 | YES               | 3      | 0       | 
|graphsage_int8_po2 | add_ln343_42_reg_29530_reg[4]                       | 4      | 1     | NO           | NO                 | YES               | 1      | 0       | 
|graphsage_int8_po2 | add_ln343_42_reg_29530_reg[3]                       | 4      | 3     | NO           | YES                | YES               | 3      | 0       | 
|graphsage_int8_po2 | prod_47_reg_28550_reg[4]                            | 3      | 1     | NO           | NO                 | YES               | 1      | 0       | 
|graphsage_int8_po2 | prod_56_reg_28580_reg[4]                            | 3      | 1     | NO           | NO                 | YES               | 1      | 0       | 
|graphsage_int8_po2 | add_ln343_55_reg_29550_reg[3]                       | 4      | 2     | NO           | YES                | YES               | 2      | 0       | 
|graphsage_int8_po2 | prod_17_reg_28470_reg[3]                            | 3      | 1     | NO           | NO                 | YES               | 1      | 0       | 
|graphsage_int8_po2 | add_ln343_57_reg_30058_reg[1]                       | 5      | 1     | NO           | YES                | YES               | 1      | 0       | 
|graphsage_int8_po2 | prod_51_reg_28575_reg[4]                            | 3      | 1     | NO           | NO                 | YES               | 1      | 0       | 
|graphsage_int8_po2 | prod_49_reg_27614_reg[8]                            | 3      | 3     | NO           | NO                 | YES               | 3      | 0       | 
|graphsage_int8_po2 | add_ln343_48_reg_28610_reg[2]                       | 4      | 2     | NO           | YES                | YES               | 2      | 0       | 
|graphsage_int8_po2 | prod_50_reg_28570_reg[4]                            | 3      | 1     | NO           | NO                 | YES               | 1      | 0       | 
|graphsage_int8_po2 | add_ln343_50_reg_29540_reg[0]                       | 5      | 1     | NO           | YES                | YES               | 1      | 0       | 
|graphsage_int8_po2 | prod_53_reg_27624_reg[3]                            | 3      | 1     | NO           | NO                 | YES               | 1      | 0       | 
|graphsage_int8_po2 | add_ln343_51_reg_28615_reg[1]                       | 3      | 1     | NO           | NO                 | YES               | 1      | 0       | 
|graphsage_int8_po2 | trunc_ln333_7_reg_27629_reg[3]                      | 3      | 1     | NO           | NO                 | YES               | 1      | 0       | 
|graphsage_int8_po2 | add_ln343_52_reg_28620_reg[1]                       | 4      | 2     | NO           | YES                | YES               | 2      | 0       | 
|graphsage_int8_po2 | prod_59_reg_28595_reg[7]                            | 3      | 7     | NO           | NO                 | YES               | 7      | 0       | 
|graphsage_int8_po2 | prod_62_reg_28605_reg[4]                            | 3      | 1     | NO           | NO                 | YES               | 1      | 0       | 
|graphsage_int8_po2 | add_ln343_59_reg_29565_reg[1]                       | 4      | 1     | NO           | YES                | YES               | 1      | 0       | 
|graphsage_int8_po2 | add_ln343_233_reg_28916_pp0_iter13_reg_reg[12]      | 4      | 12    | NO           | YES                | YES               | 12     | 0       | 
|graphsage_int8_po2 | add_ln343_233_reg_28916_pp0_iter13_reg_reg[0]       | 5      | 1     | NO           | YES                | YES               | 1      | 0       | 
|graphsage_int8_po2 | add_ln343_230_reg_28911_pp0_iter13_reg_reg[11]      | 4      | 12    | NO           | YES                | YES               | 12     | 0       | 
|graphsage_int8_po2 | add_ln343_237_reg_28921_pp0_iter13_reg_reg[12]      | 4      | 11    | NO           | YES                | YES               | 11     | 0       | 
|graphsage_int8_po2 | add_ln343_237_reg_28921_pp0_iter13_reg_reg[1]       | 4      | 1     | NO           | NO                 | YES               | 1      | 0       | 
|graphsage_int8_po2 | prod_19_reg_27559_reg[7]                            | 3      | 6     | NO           | NO                 | YES               | 6      | 0       | 
|graphsage_int8_po2 | prod_18_reg_27554_reg[9]                            | 3      | 6     | NO           | NO                 | YES               | 6      | 0       | 
|graphsage_int8_po2 | prod_25_reg_27574_reg[4]                            | 3      | 1     | NO           | NO                 | YES               | 1      | 0       | 
|graphsage_int8_po2 | prod_27_reg_28480_reg[4]                            | 3      | 1     | NO           | NO                 | YES               | 1      | 0       | 
|graphsage_int8_po2 | prod_26_reg_28475_reg[4]                            | 3      | 1     | NO           | NO                 | YES               | 1      | 0       | 
|graphsage_int8_po2 | prod_32_reg_28490_reg[2]                            | 3      | 3     | NO           | NO                 | YES               | 3      | 0       | 
|graphsage_int8_po2 | prod_11_reg_28425_reg[2]                            | 3      | 1     | NO           | NO                 | YES               | 1      | 0       | 
|graphsage_int8_po2 | prod_10_reg_28420_reg[4]                            | 3      | 1     | NO           | NO                 | YES               | 1      | 0       | 
|graphsage_int8_po2 | add_ln343_1_reg_28450_reg[2]                        | 3      | 2     | NO           | NO                 | YES               | 2      | 0       | 
|graphsage_int8_po2 | prod_4_reg_28410_reg[4]                             | 3      | 1     | NO           | NO                 | YES               | 1      | 0       | 
|graphsage_int8_po2 | prod_7_reg_27544_reg[4]                             | 3      | 1     | NO           | NO                 | YES               | 1      | 0       | 
|graphsage_int8_po2 | prod_12_reg_28430_reg[4]                            | 3      | 1     | NO           | NO                 | YES               | 1      | 0       | 
|graphsage_int8_po2 | add_ln343_10_reg_29475_reg[1]                       | 4      | 1     | NO           | YES                | YES               | 1      | 0       | 
|graphsage_int8_po2 | add_ln343_11_reg_29480_reg[1]                       | 4      | 1     | NO           | YES                | YES               | 1      | 0       | 
|graphsage_int8_po2 | add_ln343_13_reg_30023_reg[0]                       | 5      | 1     | NO           | YES                | YES               | 1      | 0       | 
|graphsage_int8_po2 | prod_208_reg_26040_reg[7]                           | 3      | 6     | NO           | NO                 | YES               | 6      | 0       | 
|graphsage_int8_po2 | prod_207_reg_26035_reg[9]                           | 3      | 6     | NO           | NO                 | YES               | 6      | 0       | 
|graphsage_int8_po2 | prod_214_reg_26055_reg[4]                           | 3      | 1     | NO           | NO                 | YES               | 1      | 0       | 
|graphsage_int8_po2 | add_ln343_211_reg_26060_reg[1]                      | 3      | 2     | NO           | NO                 | YES               | 2      | 0       | 
|graphsage_int8_po2 | prod_216_reg_27007_reg[4]                           | 3      | 1     | NO           | NO                 | YES               | 1      | 0       | 
|graphsage_int8_po2 | prod_215_reg_27002_reg[4]                           | 3      | 1     | NO           | NO                 | YES               | 1      | 0       | 
|graphsage_int8_po2 | prod_221_reg_27017_reg[2]                           | 3      | 3     | NO           | NO                 | YES               | 3      | 0       | 
|graphsage_int8_po2 | add_ln343_231_reg_27944_reg[4]                      | 4      | 1     | NO           | NO                 | YES               | 1      | 0       | 
|graphsage_int8_po2 | add_ln343_231_reg_27944_reg[3]                      | 4      | 3     | NO           | YES                | YES               | 3      | 0       | 
|graphsage_int8_po2 | add_ln343_224_reg_27082_pp0_iter9_reg_reg[3]        | 5      | 2     | NO           | YES                | YES               | 2      | 0       | 
|graphsage_int8_po2 | prod_226_reg_27047_reg[8]                           | 3      | 7     | NO           | NO                 | YES               | 7      | 0       | 
|graphsage_int8_po2 | add_ln343_225_reg_27934_reg[2]                      | 4      | 2     | NO           | NO                 | YES               | 2      | 0       | 
|graphsage_int8_po2 | prod_229_reg_26085_reg[8]                           | 3      | 9     | NO           | NO                 | YES               | 9      | 0       | 
|graphsage_int8_po2 | prod_228_reg_26080_reg[8]                           | 3      | 8     | NO           | NO                 | YES               | 8      | 0       | 
|graphsage_int8_po2 | prod_235_reg_27929_reg[4]                           | 3      | 1     | NO           | NO                 | YES               | 1      | 0       | 
|graphsage_int8_po2 | prod_205_reg_26992_reg[9]                           | 3      | 3     | NO           | NO                 | YES               | 3      | 0       | 
|graphsage_int8_po2 | add_ln343_234_reg_27954_reg[4]                      | 4      | 1     | NO           | NO                 | YES               | 1      | 0       | 
|graphsage_int8_po2 | add_ln343_234_reg_27954_reg[3]                      | 4      | 3     | NO           | YES                | YES               | 3      | 0       | 
|graphsage_int8_po2 | prod_236_reg_27077_reg[4]                           | 3      | 1     | NO           | NO                 | YES               | 1      | 0       | 
|graphsage_int8_po2 | prod_240_reg_26100_pp0_iter8_reg_reg[10]            | 4      | 9     | NO           | YES                | YES               | 9      | 0       | 
|graphsage_int8_po2 | prod_240_reg_26100_pp0_iter8_reg_reg[4]             | 4      | 1     | NO           | NO                 | YES               | 1      | 0       | 
|graphsage_int8_po2 | prod_238_reg_26095_reg[8]                           | 3      | 4     | NO           | NO                 | YES               | 4      | 0       | 
|graphsage_int8_po2 | add_ln343_240_reg_27132_reg[2]                      | 4      | 2     | NO           | YES                | YES               | 2      | 0       | 
|graphsage_int8_po2 | prod_239_reg_27097_reg[4]                           | 3      | 1     | NO           | NO                 | YES               | 1      | 0       | 
|graphsage_int8_po2 | add_ln343_242_reg_27969_reg[0]                      | 5      | 1     | NO           | YES                | YES               | 1      | 0       | 
|graphsage_int8_po2 | prod_242_reg_26110_reg[3]                           | 3      | 1     | NO           | NO                 | YES               | 1      | 0       | 
|graphsage_int8_po2 | add_ln343_243_reg_27137_reg[1]                      | 3      | 1     | NO           | NO                 | YES               | 1      | 0       | 
|graphsage_int8_po2 | trunc_ln333_34_reg_26115_reg[3]                     | 3      | 1     | NO           | NO                 | YES               | 1      | 0       | 
|graphsage_int8_po2 | add_ln343_244_reg_27142_reg[1]                      | 4      | 2     | NO           | YES                | YES               | 2      | 0       | 
|graphsage_int8_po2 | prod_248_reg_27117_reg[7]                           | 3      | 7     | NO           | NO                 | YES               | 7      | 0       | 
|graphsage_int8_po2 | add_ln343_247_reg_27979_reg[3]                      | 4      | 2     | NO           | YES                | YES               | 2      | 0       | 
|graphsage_int8_po2 | prod_206_reg_26997_reg[3]                           | 3      | 1     | NO           | NO                 | YES               | 1      | 0       | 
|graphsage_int8_po2 | add_ln343_249_reg_28932_reg[1]                      | 5      | 1     | NO           | YES                | YES               | 1      | 0       | 
|graphsage_int8_po2 | prod_250_reg_27964_reg[4]                           | 3      | 1     | NO           | NO                 | YES               | 1      | 0       | 
|graphsage_int8_po2 | prod_251_reg_27127_reg[4]                           | 3      | 1     | NO           | NO                 | YES               | 1      | 0       | 
|graphsage_int8_po2 | add_ln343_251_reg_27994_reg[1]                      | 4      | 1     | NO           | YES                | YES               | 1      | 0       | 
|graphsage_int8_po2 | prod_326_reg_27178_reg[2]                           | 3      | 1     | NO           | NO                 | YES               | 1      | 0       | 
|graphsage_int8_po2 | prod_325_reg_27173_reg[4]                           | 3      | 1     | NO           | NO                 | YES               | 1      | 0       | 
|graphsage_int8_po2 | prod_316_reg_26240_reg[7]                           | 3      | 7     | NO           | NO                 | YES               | 7      | 0       | 
|graphsage_int8_po2 | trunc_ln333_45_reg_26235_reg[2]                     | 3      | 2     | NO           | NO                 | YES               | 2      | 0       | 
|graphsage_int8_po2 | add_ln343_321_reg_27203_reg[2]                      | 3      | 2     | NO           | NO                 | YES               | 2      | 0       | 
|graphsage_int8_po2 | prod_320_reg_26255_pp0_iter8_reg_reg[10]            | 4      | 11    | NO           | YES                | YES               | 11     | 0       | 
|graphsage_int8_po2 | prod_319_reg_27168_reg[4]                           | 3      | 1     | NO           | NO                 | YES               | 1      | 0       | 
|graphsage_int8_po2 | prod_322_reg_26265_reg[4]                           | 3      | 1     | NO           | NO                 | YES               | 1      | 0       | 
|graphsage_int8_po2 | prod_329_reg_28119_reg[4]                           | 3      | 2     | NO           | NO                 | YES               | 2      | 0       | 
|graphsage_int8_po2 | prod_327_reg_27183_reg[4]                           | 3      | 1     | NO           | NO                 | YES               | 1      | 0       | 
|graphsage_int8_po2 | add_ln343_330_reg_28139_reg[1]                      | 4      | 1     | NO           | YES                | YES               | 1      | 0       | 
|graphsage_int8_po2 | add_ln343_331_reg_28144_reg[1]                      | 4      | 1     | NO           | YES                | YES               | 1      | 0       | 
|graphsage_int8_po2 | add_ln343_333_reg_29162_reg[0]                      | 5      | 1     | NO           | YES                | YES               | 1      | 0       | 
|graphsage_int8_po2 | prod_366_reg_27328_reg[4]                           | 3      | 1     | NO           | NO                 | YES               | 1      | 0       | 
|graphsage_int8_po2 | prod_364_reg_26335_reg[8]                           | 3      | 5     | NO           | NO                 | YES               | 5      | 0       | 
|graphsage_int8_po2 | add_ln343_368_reg_27363_reg[2]                      | 4      | 2     | NO           | YES                | YES               | 2      | 0       | 
|graphsage_int8_po2 | prod_365_reg_27323_reg[4]                           | 3      | 1     | NO           | NO                 | YES               | 1      | 0       | 
|graphsage_int8_po2 | add_ln343_370_reg_28209_reg[0]                      | 5      | 1     | NO           | YES                | YES               | 1      | 0       | 
|graphsage_int8_po2 | prod_368_reg_26345_reg[3]                           | 3      | 2     | NO           | NO                 | YES               | 2      | 0       | 
|graphsage_int8_po2 | add_ln343_371_reg_27368_reg[1]                      | 3      | 1     | NO           | NO                 | YES               | 1      | 0       | 
|graphsage_int8_po2 | trunc_ln333_52_reg_26350_reg[3]                     | 3      | 1     | NO           | NO                 | YES               | 1      | 0       | 
|graphsage_int8_po2 | add_ln343_372_reg_27373_reg[1]                      | 4      | 2     | NO           | YES                | YES               | 2      | 0       | 
|graphsage_int8_po2 | prod_374_reg_27348_reg[7]                           | 3      | 7     | NO           | NO                 | YES               | 7      | 0       | 
|graphsage_int8_po2 | prod_371_reg_27333_reg[4]                           | 3      | 1     | NO           | NO                 | YES               | 1      | 0       | 
|graphsage_int8_po2 | add_ln343_375_reg_28219_reg[3]                      | 4      | 2     | NO           | YES                | YES               | 2      | 0       | 
|graphsage_int8_po2 | prod_332_reg_27223_reg[3]                           | 3      | 1     | NO           | NO                 | YES               | 1      | 0       | 
|graphsage_int8_po2 | add_ln343_377_reg_29198_reg[1]                      | 5      | 1     | NO           | YES                | YES               | 1      | 0       | 
|graphsage_int8_po2 | prod_376_reg_28204_reg[4]                           | 3      | 1     | NO           | NO                 | YES               | 1      | 0       | 
|graphsage_int8_po2 | prod_377_reg_27358_reg[4]                           | 3      | 1     | NO           | NO                 | YES               | 1      | 0       | 
|graphsage_int8_po2 | add_ln343_379_reg_28234_reg[1]                      | 4      | 1     | NO           | YES                | YES               | 1      | 0       | 
|graphsage_int8_po2 | add_ln343_359_reg_28184_reg[4]                      | 4      | 1     | NO           | NO                 | YES               | 1      | 0       | 
|graphsage_int8_po2 | add_ln343_359_reg_28184_reg[3]                      | 4      | 3     | NO           | YES                | YES               | 3      | 0       | 
|graphsage_int8_po2 | add_ln343_352_reg_27308_pp0_iter9_reg_reg[3]        | 5      | 2     | NO           | YES                | YES               | 2      | 0       | 
|graphsage_int8_po2 | prod_352_reg_27273_reg[8]                           | 3      | 7     | NO           | NO                 | YES               | 7      | 0       | 
|graphsage_int8_po2 | add_ln343_353_reg_28174_reg[2]                      | 4      | 2     | NO           | NO                 | YES               | 2      | 0       | 
|graphsage_int8_po2 | prod_355_reg_26325_reg[8]                           | 3      | 9     | NO           | NO                 | YES               | 9      | 0       | 
|graphsage_int8_po2 | prod_354_reg_26320_reg[8]                           | 3      | 8     | NO           | NO                 | YES               | 8      | 0       | 
|graphsage_int8_po2 | prod_361_reg_28169_reg[4]                           | 3      | 1     | NO           | NO                 | YES               | 1      | 0       | 
|graphsage_int8_po2 | prod_331_reg_27218_reg[9]                           | 3      | 3     | NO           | NO                 | YES               | 3      | 0       | 
|graphsage_int8_po2 | add_ln343_362_reg_28194_reg[4]                      | 4      | 1     | NO           | NO                 | YES               | 1      | 0       | 
|graphsage_int8_po2 | add_ln343_362_reg_28194_reg[3]                      | 4      | 3     | NO           | YES                | YES               | 3      | 0       | 
|graphsage_int8_po2 | prod_362_reg_27303_reg[4]                           | 3      | 1     | NO           | NO                 | YES               | 1      | 0       | 
|graphsage_int8_po2 | prod_342_reg_27233_reg[4]                           | 3      | 1     | NO           | NO                 | YES               | 1      | 0       | 
|graphsage_int8_po2 | prod_341_reg_27228_reg[4]                           | 3      | 1     | NO           | NO                 | YES               | 1      | 0       | 
|graphsage_int8_po2 | add_ln343_339_reg_26300_reg[1]                      | 3      | 1     | NO           | NO                 | YES               | 1      | 0       | 
|graphsage_int8_po2 | prod_334_reg_26280_reg[7]                           | 3      | 7     | NO           | NO                 | YES               | 7      | 0       | 
|graphsage_int8_po2 | prod_333_reg_26275_reg[9]                           | 3      | 6     | NO           | NO                 | YES               | 6      | 0       | 
|graphsage_int8_po2 | prod_200_reg_26952_reg[2]                           | 3      | 1     | NO           | NO                 | YES               | 1      | 0       | 
|graphsage_int8_po2 | prod_199_reg_26947_reg[4]                           | 3      | 1     | NO           | NO                 | YES               | 1      | 0       | 
|graphsage_int8_po2 | prod_190_reg_26000_reg[7]                           | 3      | 7     | NO           | NO                 | YES               | 7      | 0       | 
|graphsage_int8_po2 | trunc_ln333_27_reg_25995_reg[2]                     | 3      | 2     | NO           | NO                 | YES               | 2      | 0       | 
|graphsage_int8_po2 | add_ln343_193_reg_26977_reg[2]                      | 3      | 2     | NO           | NO                 | YES               | 2      | 0       | 
|graphsage_int8_po2 | prod_194_reg_26015_pp0_iter8_reg_reg[10]            | 4      | 11    | NO           | YES                | YES               | 11     | 0       | 
|graphsage_int8_po2 | prod_193_reg_26942_reg[4]                           | 3      | 1     | NO           | NO                 | YES               | 1      | 0       | 
|graphsage_int8_po2 | prod_196_reg_26025_reg[4]                           | 3      | 1     | NO           | NO                 | YES               | 1      | 0       | 
|graphsage_int8_po2 | prod_203_reg_27879_reg[4]                           | 3      | 2     | NO           | NO                 | YES               | 2      | 0       | 
|graphsage_int8_po2 | prod_201_reg_26957_reg[4]                           | 3      | 1     | NO           | NO                 | YES               | 1      | 0       | 
|graphsage_int8_po2 | add_ln343_202_reg_27899_reg[1]                      | 4      | 1     | NO           | YES                | YES               | 1      | 0       | 
|graphsage_int8_po2 | add_ln343_203_reg_27904_reg[1]                      | 4      | 1     | NO           | YES                | YES               | 1      | 0       | 
|graphsage_int8_po2 | add_ln343_205_reg_28896_reg[0]                      | 5      | 1     | NO           | YES                | YES               | 1      | 0       | 
|graphsage_int8_po2 | trunc_ln207_1_reg_29716_pp0_iter13_reg_reg[7]       | 3      | 1     | NO           | NO                 | YES               | 1      | 0       | 
|graphsage_int8_po2 | registered_output_7_reg_31224_pp0_iter24_reg_reg[7] | 3      | 8     | NO           | NO                 | NO                | 8      | 0       | 
|graphsage_int8_po2 | icmp_ln206_6_reg_29711_pp0_iter13_reg_reg[0]        | 3      | 1     | NO           | NO                 | YES               | 1      | 0       | 
|graphsage_int8_po2 | add_ln343_382_reg_29862_reg[0]                      | 3      | 1     | NO           | NO                 | YES               | 1      | 0       | 
|graphsage_int8_po2 | mul_4s_7ns_11_4_1_U71/din0_reg_reg[3]               | 4      | 4     | NO           | NO                 | YES               | 4      | 0       | 
|graphsage_int8_po2 | mul_4s_8ns_12_4_1_U190/din0_reg_reg[2]              | 5      | 4     | NO           | NO                 | YES               | 4      | 0       | 
|graphsage_int8_po2 | trunc_ln333_31_reg_26065_reg[4]                     | 3      | 1     | NO           | NO                 | YES               | 1      | 0       | 
|graphsage_int8_po2 | mul_4s_5s_9_4_1_U198/din0_reg_reg[3]                | 5      | 4     | NO           | NO                 | YES               | 4      | 0       | 
|graphsage_int8_po2 | mul_4s_7ns_11_4_1_U200/din0_reg_reg[3]              | 5      | 4     | NO           | NO                 | YES               | 4      | 0       | 
|graphsage_int8_po2 | trunc_ln333_33_reg_27062_reg[0]                     | 3      | 1     | NO           | NO                 | YES               | 1      | 0       | 
|graphsage_int8_po2 | mul_4s_8ns_12_4_1_U199/din0_reg_reg[2]              | 5      | 4     | NO           | NO                 | YES               | 4      | 0       | 
|graphsage_int8_po2 | trunc_ln333_30_reg_27012_reg[2]                     | 3      | 2     | NO           | NO                 | YES               | 2      | 0       | 
|graphsage_int8_po2 | mul_4s_5ns_9_4_1_U297/din0_reg_reg[2]               | 6      | 4     | NO           | NO                 | YES               | 4      | 0       | 
|graphsage_int8_po2 | mul_4s_5ns_9_4_1_U62/din0_reg_reg[0]                | 4      | 4     | NO           | NO                 | YES               | 4      | 0       | 
|graphsage_int8_po2 | trunc_ln333_35_reg_27122_reg[0]                     | 3      | 1     | NO           | NO                 | YES               | 1      | 0       | 
|graphsage_int8_po2 | sext_ln338_145_reg_24099_reg[0]                     | 4      | 4     | NO           | NO                 | YES               | 4      | 0       | 
|graphsage_int8_po2 | mul_4s_7s_11_4_1_U77/din0_reg_reg[1]                | 4      | 3     | NO           | NO                 | YES               | 3      | 0       | 
|graphsage_int8_po2 | mul_4s_6s_10_4_1_U70/din0_reg_reg[3]                | 4      | 1     | NO           | NO                 | YES               | 1      | 0       | 
|graphsage_int8_po2 | mul_4s_6s_10_4_1_U69/din0_reg_reg[2]                | 4      | 2     | NO           | NO                 | YES               | 2      | 0       | 
|graphsage_int8_po2 | mul_4s_8ns_12_4_1_U76/din0_reg_reg[1]               | 4      | 1     | NO           | NO                 | YES               | 1      | 0       | 
|graphsage_int8_po2 | mul_4s_7s_11_4_1_U67/din0_reg_reg[3]                | 4      | 4     | NO           | NO                 | YES               | 4      | 0       | 
|graphsage_int8_po2 | mul_4s_8ns_12_4_1_U56/din0_reg_reg[0]               | 4      | 1     | NO           | NO                 | YES               | 1      | 0       | 
|graphsage_int8_po2 | prod_224_reg_26070_reg[0]                           | 3      | 2     | NO           | NO                 | YES               | 2      | 0       | 
|graphsage_int8_po2 | mul_4s_7s_11_4_1_U191/din0_reg_reg[1]               | 5      | 3     | NO           | NO                 | YES               | 3      | 0       | 
|graphsage_int8_po2 | mul_4s_8s_12_4_1_U173/din0_reg_reg[2]               | 5      | 1     | NO           | NO                 | YES               | 1      | 0       | 
|graphsage_int8_po2 | prod_233_reg_27067_reg[1]                           | 3      | 1     | NO           | NO                 | YES               | 1      | 0       | 
|graphsage_int8_po2 | mul_4s_8ns_12_4_1_U364/din0_reg_reg[2]              | 3      | 3     | NO           | NO                 | YES               | 3      | 0       | 
|graphsage_int8_po2 | mul_4s_8s_12_4_1_U382/din0_reg_reg[3]               | 3      | 4     | NO           | NO                 | YES               | 4      | 0       | 
|graphsage_int8_po2 | mul_4s_5s_9_4_1_U383/din0_reg_reg[2]                | 3      | 4     | NO           | NO                 | YES               | 4      | 0       | 
|graphsage_int8_po2 | mul_4s_8ns_12_4_1_U374/din0_reg_reg[2]              | 3      | 3     | NO           | NO                 | YES               | 3      | 0       | 
|graphsage_int8_po2 | mul_4s_7ns_11_4_1_U385/din0_reg_reg[3]              | 3      | 1     | NO           | NO                 | YES               | 1      | 0       | 
|graphsage_int8_po2 | prod_44_reg_28540_reg[1]                            | 3      | 1     | NO           | NO                 | YES               | 1      | 0       | 
|graphsage_int8_po2 | trunc_ln333_3_reg_28485_reg[1]                      | 3      | 2     | NO           | NO                 | YES               | 2      | 0       | 
|graphsage_int8_po2 | mul_4s_8ns_12_4_1_U376/din0_reg_reg[3]              | 3      | 3     | NO           | NO                 | YES               | 3      | 0       | 
|graphsage_int8_po2 | trunc_ln333_6_reg_28535_reg[0]                      | 3      | 1     | NO           | NO                 | YES               | 1      | 0       | 
|graphsage_int8_po2 | mul_4s_8ns_12_4_1_U373/din0_reg_reg[0]              | 3      | 1     | NO           | NO                 | YES               | 1      | 0       | 
|graphsage_int8_po2 | mul_4s_8ns_12_4_1_U384/din0_reg_reg[0]              | 3      | 1     | NO           | NO                 | YES               | 1      | 0       | 
|graphsage_int8_po2 | trunc_ln333_8_reg_28600_reg[0]                      | 3      | 1     | NO           | NO                 | YES               | 1      | 0       | 
|graphsage_int8_po2 | mul_4s_8ns_12_4_1_U356/din0_reg_reg[3]              | 3      | 1     | NO           | NO                 | YES               | 1      | 0       | 
|graphsage_int8_po2 | trunc_ln333_49_reg_26305_reg[4]                     | 3      | 1     | NO           | NO                 | YES               | 1      | 0       | 
|graphsage_int8_po2 | mul_4s_8ns_12_4_1_U377/din0_reg_reg[0]              | 3      | 3     | NO           | NO                 | YES               | 3      | 0       | 
|graphsage_int8_po2 | sext_ln338_37_reg_26695_reg[0]                      | 4      | 1     | NO           | NO                 | YES               | 1      | 0       | 
|graphsage_int8_po2 | trunc_ln333_51_reg_27288_reg[0]                     | 3      | 1     | NO           | NO                 | YES               | 1      | 0       | 
|graphsage_int8_po2 | prod_359_reg_27293_reg[1]                           | 3      | 1     | NO           | NO                 | YES               | 1      | 0       | 
|graphsage_int8_po2 | mul_4s_7ns_11_4_1_U488/din0_reg_reg[2]              | 4      | 3     | NO           | NO                 | YES               | 3      | 0       | 
|graphsage_int8_po2 | trunc_ln43_3_reg_23021_pp0_iter4_reg_reg[2]         | 4      | 4     | NO           | NO                 | YES               | 4      | 0       | 
|graphsage_int8_po2 | tmp_2_reg_23008_pp0_iter4_reg_reg[2]                | 4      | 4     | NO           | NO                 | YES               | 4      | 0       | 
|graphsage_int8_po2 | trunc_ln43_17_reg_23126_pp0_iter4_reg_reg[2]        | 4      | 4     | NO           | NO                 | YES               | 4      | 0       | 
|graphsage_int8_po2 | mul_4s_7ns_11_4_1_U196/din0_reg_reg[1]              | 5      | 4     | NO           | NO                 | YES               | 4      | 0       | 
|graphsage_int8_po2 | tmp_3_reg_23113_pp0_iter4_reg_reg[2]                | 4      | 4     | NO           | NO                 | YES               | 4      | 0       | 
|graphsage_int8_po2 | trunc_ln43_16_reg_23120_pp0_iter4_reg_reg[1]        | 4      | 4     | NO           | NO                 | YES               | 4      | 0       | 
|graphsage_int8_po2 | trunc_ln333_48_reg_27238_reg[1]                     | 3      | 3     | NO           | NO                 | YES               | 3      | 0       | 
|graphsage_int8_po2 | mul_4s_5ns_9_4_1_U324/din0_reg_reg[2]               | 4      | 4     | NO           | YES                | YES               | 4      | 0       | 
|graphsage_int8_po2 | prod_35_reg_27589_reg[1]                            | 3      | 1     | NO           | NO                 | YES               | 1      | 0       | 
+-------------------+-----------------------------------------------------+--------+-------+--------------+--------------------+-------------------+--------+---------+

---------------------------------------------------------------------------------
Finished ROM, RAM, DSP, Shift Register and Retiming Reporting
---------------------------------------------------------------------------------
---------------------------------------------------------------------------------
Start Writing Synthesis Report
---------------------------------------------------------------------------------

DSP Final Report (the ' indicates corresponding REG is set)
+------------------------------------------------------------------+----------------------+--------+--------+--------+--------+--------+------+------+------+------+-------+------+------+
|Module Name                                                       | DSP Mapping          | A Size | B Size | C Size | D Size | P Size | AREG | BREG | CREG | DREG | ADREG | MREG | PREG | 
+------------------------------------------------------------------+----------------------+--------+--------+--------+--------+--------+------+------+------+------+-------+------+------+
|graphsage_int8_po2__GB6                                           | (C+((D'+A')'*B')')'  | 7      | 11     | 12     | 8      | 19     | 1    | 1    | 0    | 1    | 1     | 1    | 1    | 
|graphsage_int8_po2__GB6                                           | (C+((D'+A')'*B')')'  | 7      | 11     | 12     | 8      | 19     | 1    | 1    | 0    | 1    | 1     | 1    | 1    | 
|graphsage_int8_po2__GB6                                           | (C+((D'+A')'*B')')'  | 7      | 11     | 12     | 8      | 19     | 1    | 1    | 0    | 1    | 1     | 1    | 1    | 
|graphsage_int8_po2__GB6                                           | (C+((D'+A')'*B')')'  | 7      | 11     | 12     | 8      | 19     | 1    | 1    | 0    | 1    | 1     | 1    | 1    | 
|graphsage_int8_po2__GB1                                           | (C+((D'+A')'*B')')'  | 7      | 11     | 12     | 8      | 19     | 1    | 1    | 0    | 1    | 1     | 1    | 1    | 
|graphsage_int8_po2__GB1                                           | (C+((D'+A')'*B')')'  | 7      | 11     | 12     | 8      | 19     | 1    | 1    | 0    | 1    | 1     | 1    | 1    | 
|graphsage_int8_po2__GB1                                           | (C+((D'+A')'*B')')'  | 7      | 11     | 12     | 8      | 19     | 1    | 1    | 0    | 1    | 1     | 1    | 1    | 
|graphsage_int8_po2_ama_addmuladd_8ns_7ns_11ns_12ns_19_4_1_DSP48_0 | (C+((D'+A')'*B')')'  | 7      | 11     | 12     | 8      | 19     | 1    | 1    | 0    | 1    | 1     | 1    | 1    | 
|graphsage_int8_po2__GB1                                           | (C+((D'+A')'*B')')'  | 7      | 11     | 12     | 8      | 19     | 1    | 1    | 0    | 1    | 1     | 1    | 1    | 
|graphsage_int8_po2__GB1                                           | (C+((D'+A'')'*B')')' | 7      | 11     | 12     | 8      | 19     | 2    | 1    | 0    | 1    | 1     | 1    | 1    | 
|graphsage_int8_po2__GB1                                           | (C+((D'+A')'*B')')'  | 7      | 11     | 12     | 8      | 19     | 1    | 1    | 0    | 1    | 1     | 1    | 1    | 
|graphsage_int8_po2__GB0                                           | (C+((D'+A')'*B')')'  | 7      | 11     | 12     | 8      | 19     | 1    | 1    | 0    | 1    | 1     | 1    | 1    | 
|graphsage_int8_po2__GB2                                           | (C+((D'+A')'*B')')'  | 7      | 11     | 12     | 8      | 19     | 1    | 1    | 0    | 1    | 1     | 1    | 1    | 
|graphsage_int8_po2__GB2                                           | (C+((D'+A')'*B')')'  | 7      | 11     | 12     | 8      | 19     | 1    | 1    | 0    | 1    | 1     | 1    | 1    | 
|graphsage_int8_po2__GB2                                           | (C+((D'+A')'*B')')'  | 7      | 11     | 12     | 8      | 19     | 1    | 1    | 0    | 1    | 1     | 1    | 1    | 
|graphsage_int8_po2__GB2                                           | (C+((D'+A')'*B')')'  | 7      | 11     | 12     | 8      | 19     | 1    | 1    | 0    | 1    | 1     | 1    | 1    | 
|graphsage_int8_po2__GB1                                           | (C+((D'+A')'*B')')'  | 30     | 11     | 17     | 27     | 21     | 1    | 1    | 0    | 1    | 1     | 1    | 1    | 
|graphsage_int8_po2__GB5                                           | (C+((D'+A')'*B')')'  | 30     | 11     | 17     | 27     | 21     | 1    | 1    | 0    | 1    | 1     | 1    | 1    | 
|graphsage_int8_po2__GB3                                           | (C+((D'+A')'*B')')'  | 30     | 11     | 17     | 27     | 21     | 1    | 1    | 0    | 1    | 1     | 1    | 1    | 
|graphsage_int8_po2__GB1                                           | (C+((D'+A')'*B')')'  | 30     | 11     | 17     | 27     | 21     | 1    | 1    | 0    | 1    | 1     | 1    | 1    | 
|graphsage_int8_po2__GB3                                           | (C+((D'+A')'*B')')'  | 30     | 11     | 17     | 27     | 21     | 1    | 1    | 0    | 1    | 1     | 1    | 1    | 
|graphsage_int8_po2_ama_addmuladd_9s_8s_11ns_17ns_21_4_1_DSP48_0   | (C+((D'+A')'*B')')'  | 30     | 11     | 17     | 27     | 21     | 1    | 1    | 0    | 1    | 1     | 1    | 1    | 
|graphsage_int8_po2__GB5                                           | (C+((D'+A')'*B')')'  | 30     | 11     | 17     | 27     | 21     | 1    | 1    | 0    | 1    | 1     | 1    | 1    | 
|graphsage_int8_po2__GB5                                           | (C+((D'+A')'*B')')'  | 30     | 11     | 17     | 27     | 21     | 1    | 1    | 0    | 1    | 1     | 1    | 1    | 
|graphsage_int8_po2__GB5                                           | (C+((D'+A')'*B')')'  | 30     | 11     | 17     | 27     | 21     | 1    | 1    | 0    | 1    | 1     | 1    | 1    | 
|graphsage_int8_po2__GB3                                           | (C+((D'+A')'*B')')'  | 30     | 11     | 17     | 27     | 21     | 1    | 1    | 0    | 1    | 1     | 1    | 1    | 
|graphsage_int8_po2__GB3                                           | (C+((D'+A')'*B')')'  | 30     | 11     | 17     | 27     | 21     | 1    | 1    | 0    | 1    | 1     | 1    | 1    | 
|graphsage_int8_po2__GB5                                           | (C+((D'+A')'*B')')'  | 30     | 11     | 17     | 27     | 21     | 1    | 1    | 0    | 1    | 1     | 1    | 1    | 
|graphsage_int8_po2__GB4                                           | (C+((D'+A')'*B')')'  | 30     | 11     | 17     | 27     | 21     | 1    | 1    | 0    | 1    | 1     | 1    | 1    | 
|graphsage_int8_po2__GB1                                           | (C+((D'+A')'*B')')'  | 30     | 11     | 17     | 27     | 21     | 1    | 1    | 0    | 1    | 1     | 1    | 1    | 
|graphsage_int8_po2__GB3                                           | (C+((D'+A')'*B')')'  | 30     | 11     | 17     | 27     | 21     | 1    | 1    | 0    | 1    | 1     | 1    | 1    | 
|graphsage_int8_po2__GB3                                           | (C+((D'+A')'*B')')'  | 30     | 11     | 17     | 27     | 21     | 1    | 1    | 0    | 1    | 1     | 1    | 1    | 
|graphsage_int8_po2__GB1                                           | (C+((D'+A')'*B')')'  | 30     | 11     | 17     | 27     | 21     | 1    | 1    | 0    | 1    | 1     | 1    | 1    | 
|graphsage_int8_po2__GB5                                           | (C+((D'+A')'*B')')'  | 30     | 11     | 17     | 27     | 21     | 1    | 1    | 0    | 1    | 1     | 1    | 1    | 
|graphsage_int8_po2__GB3                                           | (C+((D'+A')'*B')')'  | 30     | 11     | 17     | 27     | 21     | 1    | 1    | 0    | 1    | 1     | 1    | 1    | 
|graphsage_int8_po2__GB1                                           | (C+((D'+A')'*B')')'  | 30     | 11     | 17     | 27     | 21     | 1    | 1    | 0    | 1    | 1     | 1    | 1    | 
|graphsage_int8_po2__GB3                                           | (C+((D'+A')'*B')')'  | 30     | 11     | 17     | 27     | 21     | 1    | 1    | 0    | 1    | 1     | 1    | 1    | 
|graphsage_int8_po2__GB5                                           | (C+((D'+A')'*B')')'  | 30     | 11     | 17     | 27     | 21     | 1    | 1    | 0    | 1    | 1     | 1    | 1    | 
|graphsage_int8_po2__GB5                                           | (C+((D'+A')'*B')')'  | 30     | 11     | 17     | 27     | 21     | 1    | 1    | 0    | 1    | 1     | 1    | 1    | 
|graphsage_int8_po2__GB5                                           | (C+((D'+A')'*B')')'  | 30     | 11     | 17     | 27     | 21     | 1    | 1    | 0    | 1    | 1     | 1    | 1    | 
|graphsage_int8_po2__GB5                                           | (C+((D'+A')'*B')')'  | 30     | 11     | 17     | 27     | 21     | 1    | 1    | 0    | 1    | 1     | 1    | 1    | 
|graphsage_int8_po2__GB3                                           | (C+((D'+A')'*B')')'  | 30     | 11     | 17     | 27     | 21     | 1    | 1    | 0    | 1    | 1     | 1    | 1    | 
|graphsage_int8_po2__GB3                                           | (C+((D'+A')'*B')')'  | 30     | 11     | 17     | 27     | 21     | 1    | 1    | 0    | 1    | 1     | 1    | 1    | 
|graphsage_int8_po2__GB5                                           | (C+((D'+A')'*B')')'  | 30     | 11     | 17     | 27     | 21     | 1    | 1    | 0    | 1    | 1     | 1    | 1    | 
|graphsage_int8_po2__GB4                                           | (C+((D'+A')'*B')')'  | 30     | 11     | 17     | 27     | 21     | 1    | 1    | 0    | 1    | 1     | 1    | 1    | 
|graphsage_int8_po2__GB1                                           | (C+((D'+A')'*B')')'  | 30     | 11     | 17     | 27     | 21     | 1    | 1    | 0    | 1    | 1     | 1    | 1    | 
|graphsage_int8_po2__GB3                                           | (C+((D'+A')'*B')')'  | 30     | 11     | 17     | 27     | 21     | 1    | 1    | 0    | 1    | 1     | 1    | 1    | 
|graphsage_int8_po2__GB3                                           | (C+((D'+A')'*B')')'  | 30     | 11     | 17     | 27     | 21     | 1    | 1    | 0    | 1    | 1     | 1    | 1    | 
|graphsage_int8_po2__GB1                                           | (C+((D'+A')'*B')')'  | 30     | 11     | 17     | 27     | 21     | 1    | 1    | 0    | 1    | 1     | 1    | 1    | 
|graphsage_int8_po2__GB5                                           | (C+((D'+A')'*B')')'  | 30     | 11     | 17     | 27     | 21     | 1    | 1    | 0    | 1    | 1     | 1    | 1    | 
|graphsage_int8_po2__GB3                                           | (C+((D'+A')'*B')')'  | 30     | 11     | 17     | 27     | 21     | 1    | 1    | 0    | 1    | 1     | 1    | 1    | 
|graphsage_int8_po2_ama_addmuladd_9s_8s_11ns_17ns_21_4_1_DSP48_0   | (C+((D'+A')'*B')')'  | 30     | 11     | 17     | 27     | 21     | 1    | 1    | 0    | 1    | 1     | 1    | 1    | 
|graphsage_int8_po2__GB3                                           | (C+((D'+A')'*B')')'  | 30     | 11     | 17     | 27     | 21     | 1    | 1    | 0    | 1    | 1     | 1    | 1    | 
|graphsage_int8_po2__GB5                                           | (C+((D'+A')'*B')')'  | 30     | 11     | 17     | 27     | 21     | 1    | 1    | 0    | 1    | 1     | 1    | 1    | 
|graphsage_int8_po2__GB5                                           | (C+((D'+A')'*B')')'  | 30     | 11     | 17     | 27     | 21     | 1    | 1    | 0    | 1    | 1     | 1    | 1    | 
|graphsage_int8_po2__GB5                                           | (C+((D'+A')'*B')')'  | 30     | 11     | 17     | 27     | 21     | 1    | 1    | 0    | 1    | 1     | 1    | 1    | 
|graphsage_int8_po2__GB5                                           | (C+((D'+A')'*B')')'  | 30     | 11     | 17     | 27     | 21     | 1    | 1    | 0    | 1    | 1     | 1    | 1    | 
|graphsage_int8_po2__GB3                                           | (C+((D'+A')'*B')')'  | 30     | 11     | 17     | 27     | 21     | 1    | 1    | 0    | 1    | 1     | 1    | 1    | 
|graphsage_int8_po2__GB3                                           | (C+((D'+A')'*B')')'  | 30     | 11     | 17     | 27     | 21     | 1    | 1    | 0    | 1    | 1     | 1    | 1    | 
|graphsage_int8_po2__GB5                                           | (C+((D'+A')'*B')')'  | 30     | 11     | 17     | 27     | 21     | 1    | 1    | 0    | 1    | 1     | 1    | 1    | 
|graphsage_int8_po2__GB4                                           | (C+((D'+A')'*B')')'  | 30     | 11     | 17     | 27     | 21     | 1    | 1    | 0    | 1    | 1     | 1    | 1    | 
|graphsage_int8_po2__GB1                                           | (C+((D'+A')'*B')')'  | 30     | 11     | 17     | 27     | 21     | 1    | 1    | 0    | 1    | 1     | 1    | 1    | 
|graphsage_int8_po2__GB3                                           | (C+((D'+A')'*B')')'  | 30     | 11     | 17     | 27     | 21     | 1    | 1    | 0    | 1    | 1     | 1    | 1    | 
|graphsage_int8_po2__GB3                                           | (C+((D'+A')'*B')')'  | 30     | 11     | 17     | 27     | 21     | 1    | 1    | 0    | 1    | 1     | 1    | 1    | 
|graphsage_int8_po2__GB6                                           | (C+((D'+A')'*B')')'  | 30     | 11     | 17     | 27     | 21     | 1    | 1    | 0    | 1    | 1     | 1    | 1    | 
|graphsage_int8_po2__GB6                                           | (C+((D'+A')'*B')')'  | 30     | 11     | 17     | 27     | 21     | 1    | 1    | 0    | 1    | 1     | 1    | 1    | 
|graphsage_int8_po2__GB6                                           | (C+((D'+A')'*B')')'  | 30     | 11     | 17     | 27     | 21     | 1    | 1    | 0    | 1    | 1     | 1    | 1    | 
|graphsage_int8_po2__GB6                                           | (C+((D'+A')'*B')')'  | 30     | 11     | 17     | 27     | 21     | 1    | 1    | 0    | 1    | 1     | 1    | 1    | 
|graphsage_int8_po2__GB6                                           | (C+((D'+A')'*B')')'  | 30     | 11     | 17     | 27     | 21     | 1    | 1    | 0    | 1    | 1     | 1    | 1    | 
|graphsage_int8_po2_ama_addmuladd_8ns_7ns_11ns_12ns_19_4_1_DSP48_0 | (C+((D'+A')'*B')')'  | 30     | 11     | 17     | 27     | 21     | 1    | 1    | 0    | 1    | 1     | 1    | 1    | 
|graphsage_int8_po2__GB6                                           | (C+((D'+A')'*B')')'  | 30     | 11     | 17     | 27     | 21     | 1    | 1    | 0    | 1    | 1     | 1    | 1    | 
|graphsage_int8_po2__GB6                                           | (C+((D'+A')'*B')')'  | 30     | 11     | 17     | 27     | 21     | 1    | 1    | 0    | 1    | 1     | 1    | 1    | 
|graphsage_int8_po2__GB6                                           | (C+((D'+A')'*B')')'  | 30     | 11     | 17     | 27     | 21     | 1    | 1    | 0    | 1    | 1     | 1    | 1    | 
|graphsage_int8_po2__GB6                                           | (C+((D'+A')'*B')')'  | 30     | 11     | 17     | 27     | 21     | 1    | 1    | 0    | 1    | 1     | 1    | 1    | 
|graphsage_int8_po2__GB6                                           | (C+((D'+A')'*B')')'  | 30     | 11     | 17     | 27     | 21     | 1    | 1    | 0    | 1    | 1     | 1    | 1    | 
|graphsage_int8_po2__GB6                                           | (C+((D'+A')'*B')')'  | 30     | 11     | 17     | 27     | 21     | 1    | 1    | 0    | 1    | 1     | 1    | 1    | 
|graphsage_int8_po2__GB6                                           | (C+((D'+A')'*B')')'  | 30     | 11     | 17     | 27     | 21     | 1    | 1    | 0    | 1    | 1     | 1    | 1    | 
|graphsage_int8_po2__GB6                                           | (C+((D'+A')'*B')')'  | 30     | 11     | 17     | 27     | 21     | 1    | 1    | 0    | 1    | 1     | 1    | 1    | 
|graphsage_int8_po2_ama_addmuladd_8ns_7ns_11ns_12ns_19_4_1_DSP48_0 | (C+((D'+A')'*B')')'  | 30     | 11     | 17     | 27     | 21     | 1    | 1    | 0    | 1    | 1     | 1    | 1    | 
|graphsage_int8_po2__GB6                                           | (C+((D'+A')'*B')')'  | 30     | 11     | 17     | 27     | 21     | 1    | 1    | 0    | 1    | 1     | 1    | 1    | 
+------------------------------------------------------------------+----------------------+--------+--------+--------+--------+--------+------+------+------+------+-------+------+------+


Report BlackBoxes: 
+-+--------------+----------+
| |BlackBox name |Instances |
+-+--------------+----------+
+-+--------------+----------+

Report Cell Usage: 
+------+----------------+------+
|      |Cell            |Count |
+------+----------------+------+
|1     |CARRY8          |  2162|
|2     |DSP_ALU         |    80|
|3     |DSP_A_B_DATA    |    80|
|5     |DSP_C_DATA      |    80|
|6     |DSP_MULTIPLIER  |    80|
|7     |DSP_M_DATA      |    80|
|8     |DSP_OUTPUT      |    80|
|9     |DSP_PREADD      |    80|
|10    |DSP_PREADD_DATA |    80|
|11    |LUT1            |  1152|
|12    |LUT2            |  8665|
|13    |LUT3            |  4164|
|14    |LUT4            |  1869|
|15    |LUT5            |   249|
|16    |LUT6            |   322|
|17    |SRL16E          |  1432|
|18    |FDRE            | 22309|
|19    |FDSE            |   114|
+------+----------------+------+
---------------------------------------------------------------------------------
Finished Writing Synthesis Report : Time (s): cpu = 00:01:31 ; elapsed = 00:01:52 . Memory (MB): peak = 4675.547 ; gain = 1626.344 ; free physical = 365398 ; free virtual = 433732
---------------------------------------------------------------------------------
Synthesis finished with 0 errors, 0 critical warnings and 0 warnings.
Synthesis Optimization Runtime : Time (s): cpu = 00:01:23 ; elapsed = 00:01:44 . Memory (MB): peak = 4675.547 ; gain = 1321.480 ; free physical = 376388 ; free virtual = 444723
Synthesis Optimization Complete : Time (s): cpu = 00:01:31 ; elapsed = 00:01:53 . Memory (MB): peak = 4675.547 ; gain = 1626.344 ; free physical = 376395 ; free virtual = 444721
INFO: [Project 1-571] Translating synthesized netlist
Netlist sorting complete. Time (s): cpu = 00:00:00.22 ; elapsed = 00:00:00.22 . Memory (MB): peak = 4675.547 ; gain = 0.000 ; free physical = 376396 ; free virtual = 444723
INFO: [Netlist 29-17] Analyzing 2242 Unisim elements for replacement
INFO: [Netlist 29-28] Unisim Transformation completed in 0 CPU seconds
INFO: [Project 1-570] Preparing netlist for logic optimization
Parsing XDC File [/mnt_pool/c3_users/user/pleguina/graphsage_vivado_2024_1_sweep/hls/graphsage_int8_po2_ooc.xdc]
INFO: [Vivado 12-4761] HD.CLK_SRC property is set on port ap_clk. The net connecting to the port drives either clock PIN or hierarchical black box. Use the create_clock constraint to create a clock on this port prior to setting HD.CLK_SRC.  [/mnt_pool/c3_users/user/pleguina/graphsage_vivado_2024_1_sweep/hls/graphsage_int8_po2_ooc.xdc:19]
Finished Parsing XDC File [/mnt_pool/c3_users/user/pleguina/graphsage_vivado_2024_1_sweep/hls/graphsage_int8_po2_ooc.xdc]
INFO: [Opt 31-138] Pushed 0 inverter(s) to 0 load pin(s).
Netlist sorting complete. Time (s): cpu = 00:00:00 ; elapsed = 00:00:00.01 . Memory (MB): peak = 4876.129 ; gain = 0.000 ; free physical = 376419 ; free virtual = 444746
INFO: [Project 1-111] Unisim Transformation Summary:
  A total of 80 instances were transformed.
  DSP48E2 => DSP48E2 (DSP_ALU, DSP_A_B_DATA, DSP_C_DATA, DSP_MULTIPLIER, DSP_M_DATA, DSP_OUTPUT, DSP_PREADD, DSP_PREADD_DATA): 80 instances

Synth Design complete | Checksum: 6284670f
INFO: [Common 17-83] Releasing license: Synthesis
550 Infos, 0 Warnings, 0 Critical Warnings and 0 Errors encountered.
synth_design completed successfully
synth_design: Time (s): cpu = 00:01:47 ; elapsed = 00:03:03 . Memory (MB): peak = 4884.133 ; gain = 2729.680 ; free physical = 376425 ; free virtual = 444752
INFO: [Common 17-2834] synth_design peak Physical Memory [PSS] (MB): overall = 9734.209; main = 3616.856; forked = 7264.645
INFO: [Common 17-2834] synth_design peak Virtual Memory [VSS] (MB): overall = 24179.020; main = 4884.137; forked = 20223.340
# if {[llength [get_clocks -quiet ap_clk]] != 1} {
#     error "Expected exactly one ap_clk timing clock after synthesis"
# }
# write_checkpoint -force $output_checkpoint
INFO: [Timing 38-480] Writing timing data to binary archive.
Write ShapeDB Complete: Time (s): cpu = 00:00:00.11 ; elapsed = 00:00:00.06 . Memory (MB): peak = 4955.684 ; gain = 0.000 ; free physical = 376426 ; free virtual = 444778
INFO: [Common 17-1381] The checkpoint '/mnt_pool/c3_users/user/pleguina/graphsage_vivado_2024_1_sweep/build/vivado_sweep/graphsage_19c_const_freerun_post_synth.dcp' has been generated.
# report_timing_summary -delay_type min_max -max_paths 100 \
#     -file [file join $output_dir timing_post_synth.rpt]
INFO: [Timing 38-91] UpdateTimingParams: Speed grade: -1, Temperature grade: E, Delay Type: min_max.
INFO: [Timing 38-191] Multithreading enabled for timing update using a maximum of 32 CPUs
report_timing_summary: Time (s): cpu = 00:00:18 ; elapsed = 00:00:15 . Memory (MB): peak = 5459.090 ; gain = 503.406 ; free physical = 375923 ; free virtual = 444423
# report_utilization \
#     -file [file join $output_dir utilization_post_synth.rpt]
# puts "GRAPHSAGE_19C_CONST_CHECKPOINT_COMPLETE=1"
GRAPHSAGE_19C_CONST_CHECKPOINT_COMPLETE=1
# exit 0
INFO: [Common 17-206] Exiting Vivado at Fri Aug 21 08:23:38 2026...

****** Vivado v2025.2 (64-bit)
  **** SW Build 6299465 on Fri Nov 14 12:34:56 MST 2025
  **** IP Build 6300035 on Fri Nov 14 10:48:45 MST 2025
  **** SharedData Build 6298862 on Thu Nov 13 04:50:51 MST 2025
  **** Start of session at: Fri Aug 21 08:23:41 2026
    ** Copyright 1986-2022 Xilinx, Inc. All Rights Reserved.
    ** Copyright 2022-2025 Advanced Micro Devices, Inc. All Rights Reserved.

source hls/run_vivado_int8_po2_strategy.tcl
# set script_dir [file dirname [file normalize [info script]]]
# set repo_root [file normalize [file join $script_dir ..]]
# set sweep_dir [file join $repo_root build vivado_sweep]
# foreach required_env {RUN_NAME PLACE_DIRECTIVE} {
#     if {![info exists ::env($required_env)] || $::env($required_env) eq ""} {
#         error "Missing required environment variable $required_env"
#     }
# }
# set run_name $::env(RUN_NAME)
# set place_directive $::env(PLACE_DIRECTIVE)
# set clock_period 2.77
# set xdc_file [file join $script_dir graphsage_int8_po2_ooc.xdc]
# set input_checkpoint [expr {
#     [info exists ::env(INPUT_CHECKPOINT)]
#         ? [file normalize $::env(INPUT_CHECKPOINT)]
#         : [file join $sweep_dir baseline_post_synth.dcp]
# }]
# set route_directive [expr {
#     [info exists ::env(ROUTE_DIRECTIVE)]
#         ? $::env(ROUTE_DIRECTIVE)
#         : "Default"
# }]
# set screen_only [expr {
#     [info exists ::env(SCREEN_ONLY)]
#         ? $::env(SCREEN_ONLY)
#         : 1
# }]
# set use_tns_cleanup [expr {
#     [info exists ::env(USE_TNS_CLEANUP)]
#         ? $::env(USE_TNS_CLEANUP)
#         : 1
# }]
# set use_post_phys [expr {
#     [info exists ::env(USE_POST_PHYS)]
#         ? $::env(USE_POST_PHYS)
#         : 1
# }]
# set post_place_phys_directive [expr {
#     [info exists ::env(POST_PLACE_PHYS_DIRECTIVE)]
#         ? $::env(POST_PLACE_PHYS_DIRECTIVE)
#         : ""
# }]
# set output_dir [file join $sweep_dir $run_name]
# set reports_dir [file join $output_dir reports]
# set start_time [clock seconds]
# file mkdir $output_dir
# file mkdir $reports_dir
# set vivado_threads [expr {
#     [info exists ::env(SLURM_CPUS_PER_TASK)]
#         ? $::env(SLURM_CPUS_PER_TASK)
#         : 4
# }]
# set_param general.maxThreads $vivado_threads
# puts "============================================================"
============================================================
# puts "RUN_NAME=$run_name"
RUN_NAME=graphsage_19c_const_freerun_extra_net_delay
# puts "INPUT_CHECKPOINT=$input_checkpoint"
INPUT_CHECKPOINT=/mnt_pool/c3_users/user/pleguina/graphsage_vivado_2024_1_sweep/build/vivado_sweep/graphsage_19c_const_freerun_post_synth.dcp
# puts "PLACE_DIRECTIVE=$place_directive"
PLACE_DIRECTIVE=ExtraNetDelay_high
# puts "ROUTE_DIRECTIVE=$route_directive"
ROUTE_DIRECTIVE=Explore
# puts "SCREEN_ONLY=$screen_only"
SCREEN_ONLY=0
# puts "USE_TNS_CLEANUP=$use_tns_cleanup"
USE_TNS_CLEANUP=1
# puts "USE_POST_PHYS=$use_post_phys"
USE_POST_PHYS=0
# puts "POST_PLACE_PHYS_DIRECTIVE=$post_place_phys_directive"
POST_PLACE_PHYS_DIRECTIVE=AddRetime
# puts "VIVADO_MAX_THREADS=$vivado_threads"
VIVADO_MAX_THREADS=32
# puts "============================================================"
============================================================
# proc timing_slack {delay_type} {
# 
#     set paths [
#         get_timing_paths \
#             -delay_type $delay_type \
#             -max_paths 1 \
#             -quiet
#     ]
# 
#     if {[llength $paths] == 0} {
#         return "NA"
#     }
# 
#     return [get_property SLACK [lindex $paths 0]]
# }
# proc report_internal_timing {reports_dir stage} {
#     set registers [all_registers]
# 
#     report_timing \
#         -from $registers \
#         -to $registers \
#         -delay_type max \
#         -max_paths 100 \
#         -path_type full_clock_expanded \
#         -file [file join $reports_dir timing_internal_setup_${stage}.rpt]
# 
#     report_timing \
#         -from $registers \
#         -to $registers \
#         -delay_type min \
#         -max_paths 100 \
#         -path_type full_clock_expanded \
#         -file [file join $reports_dir timing_internal_hold_${stage}.rpt]
# }
# proc write_metadata {
#     path
#     status
#     run_name
#     place_directive
#     route_directive
#     screen_only
#     use_tns_cleanup
#     use_post_phys
#     post_place_phys_directive
#     start_time
# } {
# 
#     set metadata [open $path w]
# 
#     puts $metadata "run_name=$run_name"
#     puts $metadata "place_directive=$place_directive"
#     puts $metadata "route_directive=$route_directive"
#     puts $metadata "screen_only=$screen_only"
#     puts $metadata "tns_cleanup=$use_tns_cleanup"
#     puts $metadata "postroute_physopt=$use_post_phys"
#     puts $metadata "post_place_phys_directive=$post_place_phys_directive"
# 
#     puts $metadata "clock_period_ns=2.77"
# 
#     puts $metadata \
#         "post_stage_setup_wns_ns=[timing_slack max]"
# 
#     puts $metadata \
#         "post_stage_hold_wns_ns=[timing_slack min]"
# 
#     puts $metadata \
#         "runtime_seconds=[expr {[clock seconds] - $start_time}]"
# 
#     puts $metadata "status=$status"
# 
#     close $metadata
# }
# if {![file exists $input_checkpoint]} {
#     error "Missing input checkpoint: $input_checkpoint"
# }
# open_checkpoint $input_checkpoint
Command: open_checkpoint /mnt_pool/c3_users/user/pleguina/graphsage_vivado_2024_1_sweep/build/vivado_sweep/graphsage_19c_const_freerun_post_synth.dcp

Starting open_checkpoint Task

Time (s): cpu = 00:00:00.02 ; elapsed = 00:00:00.08 . Memory (MB): peak = 1688.109 ; gain = 0.000 ; free physical = 378988 ; free virtual = 447483
INFO: [Device 21-403] Loading part xcvu13p-fsga2577-1-e
Netlist sorting complete. Time (s): cpu = 00:00:00.12 ; elapsed = 00:00:00.12 . Memory (MB): peak = 3041.875 ; gain = 0.000 ; free physical = 377689 ; free virtual = 446183
INFO: [Netlist 29-17] Analyzing 2242 Unisim elements for replacement
INFO: [Netlist 29-28] Unisim Transformation completed in 0 CPU seconds
INFO: [Project 1-479] Netlist was created with Vivado 2025.2
INFO: [Project 1-570] Preparing netlist for logic optimization
Read ShapeDB Complete: Time (s): cpu = 00:00:00.05 ; elapsed = 00:00:00.06 . Memory (MB): peak = 3119.156 ; gain = 6.344 ; free physical = 377636 ; free virtual = 446131
INFO: [Timing 38-478] Restoring timing data from binary archive.
INFO: [Timing 38-479] Binary timing data restore complete.
INFO: [Project 1-856] Restoring constraints from binary archive.
INFO: [Project 1-853] Binary constraint restore complete.
Netlist sorting complete. Time (s): cpu = 00:00:00.01 ; elapsed = 00:00:00.01 . Memory (MB): peak = 4037.270 ; gain = 0.000 ; free physical = 376996 ; free virtual = 445491
INFO: [Project 1-111] Unisim Transformation Summary:
  A total of 80 instances were transformed.
  DSP48E2 => DSP48E2 (DSP_ALU, DSP_A_B_DATA, DSP_C_DATA, DSP_MULTIPLIER, DSP_M_DATA, DSP_OUTPUT, DSP_PREADD, DSP_PREADD_DATA): 80 instances

INFO: [Project 1-604] Checkpoint was created with Vivado v2025.2 (64-bit) build 6299465
open_checkpoint: Time (s): cpu = 00:00:23 ; elapsed = 00:01:02 . Memory (MB): peak = 4037.305 ; gain = 2349.195 ; free physical = 377008 ; free virtual = 445503
# if {[llength [get_clocks -quiet ap_clk]] == 0} {
#     puts "LOADING_MISSING_TIMING_CONSTRAINTS=$xdc_file"
#     read_xdc $xdc_file
# }
# if {[llength [get_clocks -quiet ap_clk]] != 1} {
#     error "Expected exactly one ap_clk timing clock after loading $input_checkpoint"
# }
# report_property \
#     [get_ports ap_clk] \
#     -file [
#         file join \
#             $reports_dir \
#             ap_clk_properties.rpt
#     ]
# opt_design -directive Explore
Command: opt_design -directive Explore
INFO: [Vivado_Tcl 4-136] Directive used for opt_design is: Explore
Attempting to get a license for feature 'Implementation' and/or device 'xcvu13p'
INFO: [Common 17-349] Got license for feature 'Implementation' and/or device 'xcvu13p'
INFO: [Common 17-1540] The version limit for your license is '2026.02' and has expired for new software. A version limit expiration means that, although you may be able to continue to use the current version of tools or IP with this license, you will not be eligible for new releases.
Running DRC as a precondition to command opt_design

Starting DRC Task
INFO: [DRC 23-27] Running DRC with 32 threads
WARNING: [DRC 23-814] Not all possible (connectivity based) DRCs may have been run because this design is seen as Out of Context.
INFO: [Project 1-461] DRC finished with 0 Errors
INFO: [Project 1-462] Please refer to the DRC report (report_drc) for more information.

Time (s): cpu = 00:00:05 ; elapsed = 00:00:01 . Memory (MB): peak = 4673.070 ; gain = 555.266 ; free physical = 376381 ; free virtual = 444876

Starting Logic Optimization Task

Phase 1 Initialization

Phase 1.1 Core Generation And Design Setup
Phase 1.1 Core Generation And Design Setup | Checksum: 1830266ab

Time (s): cpu = 00:00:00.03 ; elapsed = 00:00:00.03 . Memory (MB): peak = 4681.070 ; gain = 0.000 ; free physical = 376351 ; free virtual = 444846

Phase 1.2 Setup Constraints And Sort Netlist
Phase 1.2 Setup Constraints And Sort Netlist | Checksum: 1830266ab

Time (s): cpu = 00:00:00.04 ; elapsed = 00:00:00.04 . Memory (MB): peak = 4681.070 ; gain = 0.000 ; free physical = 376351 ; free virtual = 444846
Phase 1 Initialization | Checksum: 1830266ab

Time (s): cpu = 00:00:00.04 ; elapsed = 00:00:00.04 . Memory (MB): peak = 4681.070 ; gain = 0.000 ; free physical = 376351 ; free virtual = 444846

Phase 2 Timer Update And Timing Data Collection

Phase 2.1 Detect if minReqCache needed
Phase 2.1 Detect if minReqCache needed | Checksum: 1830266ab

Time (s): cpu = 00:00:00.08 ; elapsed = 00:00:00.12 . Memory (MB): peak = 4681.070 ; gain = 0.000 ; free physical = 376349 ; free virtual = 444845

Phase 2.2 Timer Update
Phase 2.2 Timer Update | Checksum: 1830266ab

Time (s): cpu = 00:00:00.99 ; elapsed = 00:00:01 . Memory (MB): peak = 4681.070 ; gain = 0.000 ; free physical = 376332 ; free virtual = 444827
Phase 2 Timer Update And Timing Data Collection | Checksum: 1830266ab

Time (s): cpu = 00:00:00.99 ; elapsed = 00:00:01 . Memory (MB): peak = 4681.070 ; gain = 0.000 ; free physical = 376332 ; free virtual = 444827

Phase 3 Retarget
INFO: [Opt 31-1851] Number of loadless carry chains removed were: 0
INFO: [Opt 31-1834] Total Chains To Be Transformed Were: 0 AND Number of Transformed insts Created are: 0
INFO: [Opt 31-1566] Pulled 2 inverters resulting in an inversion of 16 pins
INFO: [Opt 31-138] Pushed 4 inverter(s) to 28 load pin(s).
INFO: [Opt 31-49] Retargeted 0 cell(s).
Phase 3 Retarget | Checksum: 1b17df694

Time (s): cpu = 00:00:02 ; elapsed = 00:00:02 . Memory (MB): peak = 4929.191 ; gain = 248.121 ; free physical = 376331 ; free virtual = 444826
Retarget | Checksum: 1b17df694
INFO: [Opt 31-389] Phase Retarget created 4 cells and removed 10 cells

Phase 4 Constant propagation
INFO: [Opt 31-138] Pushed 0 inverter(s) to 0 load pin(s).
Phase 4 Constant propagation | Checksum: 154ddb4f3

Time (s): cpu = 00:00:02 ; elapsed = 00:00:02 . Memory (MB): peak = 4929.191 ; gain = 248.121 ; free physical = 376331 ; free virtual = 444826
Constant propagation | Checksum: 154ddb4f3
INFO: [Opt 31-389] Phase Constant propagation created 0 cells and removed 0 cells

Phase 5 Sweep
INFO: [Constraints 18-11670] Building netlist checker database with flags, 0x8
Done building netlist checker database: Time (s): cpu = 00:00:00.01 ; elapsed = 00:00:00.01 . Memory (MB): peak = 4929.191 ; gain = 0.000 ; free physical = 376329 ; free virtual = 444824
Phase 5 Sweep | Checksum: 14552c47a

Time (s): cpu = 00:00:03 ; elapsed = 00:00:02 . Memory (MB): peak = 4929.191 ; gain = 248.121 ; free physical = 376329 ; free virtual = 444824
Sweep | Checksum: 14552c47a
INFO: [Opt 31-389] Phase Sweep created 0 cells and removed 0 cells

Phase 6 BUFG optimization
INFO: [Opt 31-1077] Phase BUFG optimization inserted 0 global clock buffer(s) for CLOCK_LOW_FANOUT.
Phase 6 BUFG optimization | Checksum: 14552c47a

Time (s): cpu = 00:00:03 ; elapsed = 00:00:02 . Memory (MB): peak = 4961.207 ; gain = 280.137 ; free physical = 376329 ; free virtual = 444824
BUFG optimization | Checksum: 14552c47a
INFO: [Opt 31-662] Phase BUFG optimization created 0 cells of which 0 are BUFGs and removed 0 cells.

Phase 7 Shift Register Optimization
INFO: [Opt 31-1064] SRL Remap converted 0 SRLs to 0 registers and converted 0 registers of register chains to 0 SRLs
Phase 7 Shift Register Optimization | Checksum: 14552c47a

Time (s): cpu = 00:00:03 ; elapsed = 00:00:02 . Memory (MB): peak = 4961.207 ; gain = 280.137 ; free physical = 376329 ; free virtual = 444824
Shift Register Optimization | Checksum: 14552c47a
INFO: [Opt 31-389] Phase Shift Register Optimization created 0 cells and removed 0 cells
INFO: [Opt 31-1555] control_set_opt supports Versal devices only, and device xcvu13p is unsupported

Phase 8 Post Processing Netlist
Phase 8 Post Processing Netlist | Checksum: 14552c47a

Time (s): cpu = 00:00:03 ; elapsed = 00:00:02 . Memory (MB): peak = 4961.207 ; gain = 280.137 ; free physical = 376329 ; free virtual = 444824
Post Processing Netlist | Checksum: 14552c47a
INFO: [Opt 31-389] Phase Post Processing Netlist created 0 cells and removed 0 cells

Phase 9 Finalization

Phase 9.1 Finalizing Design Cores and Updating Shapes
Phase 9.1 Finalizing Design Cores and Updating Shapes | Checksum: 1dd06bc1b

Time (s): cpu = 00:00:04 ; elapsed = 00:00:03 . Memory (MB): peak = 4961.207 ; gain = 280.137 ; free physical = 376332 ; free virtual = 444828

Phase 9.2 Verifying Netlist Connectivity

Starting Connectivity Check Task

Time (s): cpu = 00:00:00.02 ; elapsed = 00:00:00.06 . Memory (MB): peak = 4961.207 ; gain = 0.000 ; free physical = 376332 ; free virtual = 444828
Phase 9.2 Verifying Netlist Connectivity | Checksum: 1dd06bc1b

Time (s): cpu = 00:00:04 ; elapsed = 00:00:03 . Memory (MB): peak = 4961.207 ; gain = 280.137 ; free physical = 376332 ; free virtual = 444828
Phase 9 Finalization | Checksum: 1dd06bc1b

Time (s): cpu = 00:00:04 ; elapsed = 00:00:03 . Memory (MB): peak = 4961.207 ; gain = 280.137 ; free physical = 376332 ; free virtual = 444828
Opt_design Change Summary
=========================


-------------------------------------------------------------------------------------------------------------------------
|  Phase                        |  #Cells created  |  #Cells Removed  |  #Constrained objects preventing optimizations  |
-------------------------------------------------------------------------------------------------------------------------
|  Retarget                     |               4  |              10  |                                              0  |
|  Constant propagation         |               0  |               0  |                                              0  |
|  Sweep                        |               0  |               0  |                                              0  |
|  BUFG optimization            |               0  |               0  |                                              0  |
|  Shift Register Optimization  |               0  |               0  |                                              0  |
|  Post Processing Netlist      |               0  |               0  |                                              0  |
-------------------------------------------------------------------------------------------------------------------------


Ending Logic Optimization Task | Checksum: 1dd06bc1b

Time (s): cpu = 00:00:04 ; elapsed = 00:00:03 . Memory (MB): peak = 4961.207 ; gain = 280.137 ; free physical = 376332 ; free virtual = 444828
Netlist sorting complete. Time (s): cpu = 00:00:00 ; elapsed = 00:00:00.01 . Memory (MB): peak = 4961.207 ; gain = 0.000 ; free physical = 376332 ; free virtual = 444828
INFO: [Common 17-83] Releasing license: Implementation
23 Infos, 1 Warnings, 0 Critical Warnings and 0 Errors encountered.
opt_design completed successfully
opt_design: Time (s): cpu = 00:00:11 ; elapsed = 00:00:27 . Memory (MB): peak = 4961.207 ; gain = 875.219 ; free physical = 376332 ; free virtual = 444828
# if {[info exists ::env(PRE_PLACE_TCL)] && $::env(PRE_PLACE_TCL) ne ""} {
#     set pre_place_tcl [file normalize $::env(PRE_PLACE_TCL)]
#     if {![file exists $pre_place_tcl]} {
#         error "Missing PRE_PLACE_TCL hook: $pre_place_tcl"
#     }
#     puts "SOURCING_PRE_PLACE_TCL=$pre_place_tcl"
#     source $pre_place_tcl
# }
# write_checkpoint \
#     -force \
#     [
#         file join \
#             $output_dir \
#             post_opt.dcp
#     ]
INFO: [Timing 38-35] Done setting XDC timing constraints.
INFO: [Timing 38-480] Writing timing data to binary archive.
Write ShapeDB Complete: Time (s): cpu = 00:00:00.07 ; elapsed = 00:00:00.05 . Memory (MB): peak = 4961.207 ; gain = 0.000 ; free physical = 376337 ; free virtual = 444835
INFO: [Common 17-1381] The checkpoint '/mnt_pool/c3_users/user/pleguina/graphsage_vivado_2024_1_sweep/build/vivado_sweep/graphsage_19c_const_freerun_extra_net_delay/post_opt.dcp' has been generated.
# puts "============================================================"
============================================================
# puts "STARTING_PLACEMENT=$place_directive"
STARTING_PLACEMENT=ExtraNetDelay_high
# puts "============================================================"
============================================================
# place_design \
#     -directive $place_directive \
#     -timing_summary
Command: place_design -directive ExtraNetDelay_high -timing_summary
Attempting to get a license for feature 'Implementation' and/or device 'xcvu13p'
INFO: [Common 17-349] Got license for feature 'Implementation' and/or device 'xcvu13p'
INFO: [Common 17-1540] The version limit for your license is '2026.02' and has expired for new software. A version limit expiration means that, although you may be able to continue to use the current version of tools or IP with this license, you will not be eligible for new releases.
INFO: [Common 17-83] Releasing license: Implementation
INFO: [DRC 23-27] Running DRC with 32 threads
WARNING: [DRC 23-814] Not all possible (connectivity based) DRCs may have been run because this design is seen as Out of Context.
INFO: [Vivado_Tcl 4-198] DRC finished with 0 Errors
INFO: [Vivado_Tcl 4-199] Please refer to the DRC report (report_drc) for more information.
INFO: [Vivado_Tcl 4-2302] The placer was invoked with the 'ExtraNetDelay_high' directive.
Running DRC as a precondition to command place_design
INFO: [DRC 23-27] Running DRC with 32 threads
WARNING: [DRC 23-814] Not all possible (connectivity based) DRCs may have been run because this design is seen as Out of Context.
INFO: [Vivado_Tcl 4-198] DRC finished with 0 Errors
INFO: [Vivado_Tcl 4-199] Please refer to the DRC report (report_drc) for more information.
INFO: [Place 30-611] Multithreading enabled for place_design using a maximum of 32 CPUs

Starting Placer Task

Phase 1 Placer Initialization

Phase 1.1 Placer Initialization Netlist Sorting
Netlist sorting complete. Time (s): cpu = 00:00:00.01 ; elapsed = 00:00:00 . Memory (MB): peak = 5156.934 ; gain = 0.000 ; free physical = 376100 ; free virtual = 444605
Phase 1.1 Placer Initialization Netlist Sorting | Checksum: 1154669ad

Time (s): cpu = 00:00:00.02 ; elapsed = 00:00:00.05 . Memory (MB): peak = 5156.934 ; gain = 0.000 ; free physical = 376103 ; free virtual = 444607
Netlist sorting complete. Time (s): cpu = 00:00:00.01 ; elapsed = 00:00:00.01 . Memory (MB): peak = 5156.934 ; gain = 0.000 ; free physical = 376103 ; free virtual = 444607

Phase 1.2 IO Placement/ Clock Placement/ Build Placer Device
Phase 1.2 IO Placement/ Clock Placement/ Build Placer Device | Checksum: b684117d

Time (s): cpu = 00:00:18 ; elapsed = 00:00:13 . Memory (MB): peak = 5449.246 ; gain = 292.312 ; free physical = 375696 ; free virtual = 444201

Phase 1.3 Build Placer Netlist Model
Phase 1.3 Build Placer Netlist Model | Checksum: 155604f91

Time (s): cpu = 00:00:35 ; elapsed = 00:00:21 . Memory (MB): peak = 7271.484 ; gain = 2114.551 ; free physical = 374041 ; free virtual = 442548

Phase 1.4 Constrain Clocks/Macros
Phase 1.4 Constrain Clocks/Macros | Checksum: 155604f91

Time (s): cpu = 00:00:35 ; elapsed = 00:00:21 . Memory (MB): peak = 7271.484 ; gain = 2114.551 ; free physical = 374041 ; free virtual = 442548
Phase 1 Placer Initialization | Checksum: 155604f91

Time (s): cpu = 00:00:35 ; elapsed = 00:00:21 . Memory (MB): peak = 7271.484 ; gain = 2114.551 ; free physical = 374041 ; free virtual = 442548

Phase 2 Global Placement

Phase 2.1 Floorplanning

Phase 2.1.1 Partition Driven Placement

Phase 2.1.1.1 PBP: Partition Driven Placement
Phase 2.1.1.1 PBP: Partition Driven Placement | Checksum: f9ff57a0

Time (s): cpu = 00:00:42 ; elapsed = 00:00:24 . Memory (MB): peak = 7271.484 ; gain = 2114.551 ; free physical = 374054 ; free virtual = 442561

Phase 2.1.1.2 PBP: Clock Region Placement
Phase 2.1.1.2 PBP: Clock Region Placement | Checksum: f9ff57a0

Time (s): cpu = 00:00:46 ; elapsed = 00:00:28 . Memory (MB): peak = 7271.484 ; gain = 2114.551 ; free physical = 374049 ; free virtual = 442562

Phase 2.1.1.3 PBP: Compute Congestion
Phase 2.1.1.3 PBP: Compute Congestion | Checksum: f9ff57a0

Time (s): cpu = 00:01:07 ; elapsed = 00:00:39 . Memory (MB): peak = 7271.484 ; gain = 2114.551 ; free physical = 373621 ; free virtual = 442561

Phase 2.1.1.4 PBP: UpdateTiming
Phase 2.1.1.4 PBP: UpdateTiming | Checksum: 139062abe

Time (s): cpu = 00:01:09 ; elapsed = 00:00:40 . Memory (MB): peak = 7463.578 ; gain = 2306.645 ; free physical = 373619 ; free virtual = 442559

Phase 2.1.1.5 PBP: Add part constraints
Phase 2.1.1.5 PBP: Add part constraints | Checksum: 139062abe

Time (s): cpu = 00:01:09 ; elapsed = 00:00:40 . Memory (MB): peak = 7463.578 ; gain = 2306.645 ; free physical = 373619 ; free virtual = 442559
Phase 2.1.1 Partition Driven Placement | Checksum: 139062abe

Time (s): cpu = 00:01:09 ; elapsed = 00:00:40 . Memory (MB): peak = 7463.578 ; gain = 2306.645 ; free physical = 373619 ; free virtual = 442559
Phase 2.1 Floorplanning | Checksum: 139062abe

Time (s): cpu = 00:01:09 ; elapsed = 00:00:40 . Memory (MB): peak = 7463.578 ; gain = 2306.645 ; free physical = 373619 ; free virtual = 442559

Phase 2.2 Physical Synthesis After Floorplan
INFO: [Physopt 32-775] End 1 Pass. Optimized 0 net or cell. Created 0 new cell, deleted 0 existing cell and moved 0 existing cell
Netlist sorting complete. Time (s): cpu = 00:00:00 ; elapsed = 00:00:00.01 . Memory (MB): peak = 7463.578 ; gain = 0.000 ; free physical = 373617 ; free virtual = 442559

Summary of Physical Synthesis Optimizations
============================================


-----------------------------------------------------------------------------------------------------------------------------------------------
|  Optimization                         |  Added Cells  |  Removed Cells  |  Optimized Cells/Nets  |  Dont Touch  |  Iterations  |  Elapsed   |
-----------------------------------------------------------------------------------------------------------------------------------------------
|  PSIP Post Floorplan SLR Replication  |            0  |              0  |                     0  |           0  |           1  |  00:00:00  |
|  Total                                |            0  |              0  |                     0  |           0  |           1  |  00:00:00  |
-----------------------------------------------------------------------------------------------------------------------------------------------


Phase 2.2 Physical Synthesis After Floorplan | Checksum: 139062abe

Time (s): cpu = 00:01:09 ; elapsed = 00:00:41 . Memory (MB): peak = 7463.578 ; gain = 2306.645 ; free physical = 373617 ; free virtual = 442559

Phase 2.3 Update Timing before SLR Path Opt
Phase 2.3 Update Timing before SLR Path Opt | Checksum: 139062abe

Time (s): cpu = 00:01:09 ; elapsed = 00:00:41 . Memory (MB): peak = 7463.578 ; gain = 2306.645 ; free physical = 373617 ; free virtual = 442559

Phase 2.4 Post-Processing in Floorplanning
Phase 2.4 Post-Processing in Floorplanning | Checksum: 139062abe

Time (s): cpu = 00:01:09 ; elapsed = 00:00:41 . Memory (MB): peak = 7463.578 ; gain = 2306.645 ; free physical = 373617 ; free virtual = 442559

Phase 2.5 Global Place Phase1
Phase 2.5 Global Place Phase1 | Checksum: 16cb48999

Time (s): cpu = 00:02:37 ; elapsed = 00:01:18 . Memory (MB): peak = 7966.609 ; gain = 2809.676 ; free physical = 373162 ; free virtual = 442105

Phase 2.6 Global Place Phase2

Phase 2.6.1 UpdateTiming Before Physical Synthesis
Phase 2.6.1 UpdateTiming Before Physical Synthesis | Checksum: e2270f4f

Time (s): cpu = 00:02:40 ; elapsed = 00:01:19 . Memory (MB): peak = 7966.609 ; gain = 2809.676 ; free physical = 373160 ; free virtual = 442103

Phase 2.6.2 Physical Synthesis In Placer
INFO: [Physopt 32-1035] Found 0 LUTNM shape to break, 344 LUT instances to create LUTNM shape
INFO: [Physopt 32-1044] Break lutnm for timing: one critical 0, two critical 0, total 0, new lutff created 0
INFO: [Physopt 32-1138] End 1 Pass. Optimized 167 nets or LUTs. Breaked 0 LUT, combined 167 existing LUTs and moved 0 existing LUT
INFO: [Physopt 32-69] No nets found for rewiring optimization.
INFO: [Physopt 32-661] Optimized 0 net.  Re-placed 0 instance.
INFO: [Physopt 32-775] End 1 Pass. Optimized 0 net or cell. Created 0 new cell, deleted 0 existing cell and moved 0 existing cell
INFO: [Physopt 32-65] No nets found for high-fanout optimization.
INFO: [Physopt 32-232] Optimized 0 net. Created 0 new instance.
INFO: [Physopt 32-775] End 1 Pass. Optimized 0 net or cell. Created 0 new cell, deleted 0 existing cell and moved 0 existing cell
INFO: [Physopt 32-456] No candidate cells for DSP register optimization found in the design.
INFO: [Physopt 32-775] End 2 Pass. Optimized 0 net or cell. Created 0 new cell, deleted 0 existing cell and moved 0 existing cell
INFO: [Physopt 32-1123] No candidate cells found for Shift Register to Pipeline optimization
INFO: [Physopt 32-775] End 2 Pass. Optimized 0 net or cell. Created 0 new cell, deleted 0 existing cell and moved 0 existing cell
INFO: [Physopt 32-1402] Pass 1: Identified 32 candidate cells for Shift Register optimization.
INFO: [Physopt 32-775] End 1 Pass. Optimized 0 net or cell. Created 0 new cell, deleted 0 existing cell and moved 0 existing cell
Netlist sorting complete. Time (s): cpu = 00:00:00.04 ; elapsed = 00:00:00.04 . Memory (MB): peak = 7966.609 ; gain = 0.000 ; free physical = 373160 ; free virtual = 442103
INFO: [Physopt 32-526] No candidate cells for BRAM register optimization found in the design
INFO: [Physopt 32-775] End 1 Pass. Optimized 0 net or cell. Created 0 new cell, deleted 0 existing cell and moved 0 existing cell
INFO: [Physopt 32-846] No candidate cells for URAM register optimization found in the design
INFO: [Physopt 32-775] End 1 Pass. Optimized 0 net or cell. Created 0 new cell, deleted 0 existing cell and moved 0 existing cell
INFO: [Physopt 32-846] No candidate cells for URAM register optimization found in the design
INFO: [Physopt 32-775] End 1 Pass. Optimized 0 net or cell. Created 0 new cell, deleted 0 existing cell and moved 0 existing cell
INFO: [Physopt 32-949] No candidate nets found for dynamic/static region interface net replication
INFO: [Physopt 32-775] End 1 Pass. Optimized 0 net or cell. Created 0 new cell, deleted 0 existing cell and moved 0 existing cell
Netlist sorting complete. Time (s): cpu = 00:00:00 ; elapsed = 00:00:00 . Memory (MB): peak = 7966.609 ; gain = 0.000 ; free physical = 373160 ; free virtual = 442103

Summary of Physical Synthesis Optimizations
============================================


-----------------------------------------------------------------------------------------------------------------------------------------------------------
|  Optimization                                     |  Added Cells  |  Removed Cells  |  Optimized Cells/Nets  |  Dont Touch  |  Iterations  |  Elapsed   |
-----------------------------------------------------------------------------------------------------------------------------------------------------------
|  LUT Combining                                    |            0  |            167  |                   167  |           0  |           1  |  00:00:00  |
|  Retime                                           |            0  |              0  |                     0  |           0  |           1  |  00:00:00  |
|  Equivalent Driver Rewiring                       |            0  |              0  |                     0  |           0  |           1  |  00:00:00  |
|  Very High Fanout                                 |            0  |              0  |                     0  |           0  |           1  |  00:00:00  |
|  DSP Register                                     |            0  |              0  |                     0  |           0  |           1  |  00:00:00  |
|  Shift Register to Pipeline                       |            0  |              0  |                     0  |           0  |           1  |  00:00:00  |
|  Shift Register                                   |            0  |              0  |                     0  |           0  |           1  |  00:00:00  |
|  BRAM Register                                    |            0  |              0  |                     0  |           0  |           1  |  00:00:00  |
|  URAM Register                                    |            0  |              0  |                     0  |           0  |           1  |  00:00:00  |
|  Dynamic/Static Region Interface Net Replication  |            0  |              0  |                     0  |           0  |           1  |  00:00:00  |
|  Total                                            |            0  |            167  |                   167  |           0  |          10  |  00:00:01  |
-----------------------------------------------------------------------------------------------------------------------------------------------------------


Phase 2.6.2 Physical Synthesis In Placer | Checksum: 130fe7ea0

Time (s): cpu = 00:02:43 ; elapsed = 00:01:21 . Memory (MB): peak = 7966.609 ; gain = 2809.676 ; free physical = 373160 ; free virtual = 442103
Phase 2.6 Global Place Phase2 | Checksum: 1bf08cd7c

Time (s): cpu = 00:03:29 ; elapsed = 00:01:35 . Memory (MB): peak = 7966.609 ; gain = 2809.676 ; free physical = 373147 ; free virtual = 442090
Phase 2 Global Placement | Checksum: 1bf08cd7c

Time (s): cpu = 00:03:29 ; elapsed = 00:01:35 . Memory (MB): peak = 7966.609 ; gain = 2809.676 ; free physical = 373147 ; free virtual = 442090

Phase 3 Detail Placement

Phase 3.1 Commit Multi Column Macros
Phase 3.1 Commit Multi Column Macros | Checksum: 10d4dcb19

Time (s): cpu = 00:03:53 ; elapsed = 00:01:43 . Memory (MB): peak = 7966.609 ; gain = 2809.676 ; free physical = 373271 ; free virtual = 442214

Phase 3.2 Commit Most Macros & LUTRAMs
Phase 3.2 Commit Most Macros & LUTRAMs | Checksum: 65084ad7

Time (s): cpu = 00:03:58 ; elapsed = 00:01:45 . Memory (MB): peak = 7966.609 ; gain = 2809.676 ; free physical = 373272 ; free virtual = 442215

Phase 3.3 Small Shape DP

Phase 3.3.1 Small Shape Clustering
Phase 3.3.1 Small Shape Clustering | Checksum: 12c914e07

Time (s): cpu = 00:04:29 ; elapsed = 00:01:55 . Memory (MB): peak = 7966.609 ; gain = 2809.676 ; free physical = 373150 ; free virtual = 442093

Phase 3.3.2 Slice Area Swap

Phase 3.3.2.1 Slice Area Swap Initial
Phase 3.3.2.1 Slice Area Swap Initial | Checksum: 8007ecf1

Time (s): cpu = 00:04:30 ; elapsed = 00:01:56 . Memory (MB): peak = 7966.609 ; gain = 2809.676 ; free physical = 373150 ; free virtual = 442094
Phase 3.3.2 Slice Area Swap | Checksum: caee807d

Time (s): cpu = 00:04:31 ; elapsed = 00:01:57 . Memory (MB): peak = 7966.609 ; gain = 2809.676 ; free physical = 373150 ; free virtual = 442094
Phase 3.3 Small Shape DP | Checksum: 1976ce1bc

Time (s): cpu = 00:04:33 ; elapsed = 00:01:58 . Memory (MB): peak = 7966.609 ; gain = 2809.676 ; free physical = 373150 ; free virtual = 442094

Phase 3.4 Re-assign LUT pins
Phase 3.4 Re-assign LUT pins | Checksum: 184db69e0

Time (s): cpu = 00:04:34 ; elapsed = 00:01:58 . Memory (MB): peak = 7966.609 ; gain = 2809.676 ; free physical = 373150 ; free virtual = 442094

Phase 3.5 Pipeline Register Optimization
Phase 3.5 Pipeline Register Optimization | Checksum: 14c88e48a

Time (s): cpu = 00:04:34 ; elapsed = 00:01:59 . Memory (MB): peak = 7966.609 ; gain = 2809.676 ; free physical = 373150 ; free virtual = 442094

Phase 3.6 Fast Optimization
Phase 3.6 Fast Optimization | Checksum: 1ba496ddd

Time (s): cpu = 00:04:47 ; elapsed = 00:02:02 . Memory (MB): peak = 7966.609 ; gain = 2809.676 ; free physical = 373150 ; free virtual = 442094
Phase 3 Detail Placement | Checksum: 1ba496ddd

Time (s): cpu = 00:04:48 ; elapsed = 00:02:02 . Memory (MB): peak = 7966.609 ; gain = 2809.676 ; free physical = 373150 ; free virtual = 442094

Phase 4 Post Placement Optimization and Clean-Up

Phase 4.1 Post Commit Optimization
INFO: [Place 46-20] Placer is running with the ExtraNetDelay_high directive. Post Placement Optimization may take longer to complete with ExtraNetDelay_high compared to other directives.
INFO: [Timing 38-35] Done setting XDC timing constraints.

Phase 4.1.1 Post Placement Optimization
Post Placement Optimization Initialization | Checksum: 215d0ef66

Phase 4.1.1.1 BUFG Insertion

Starting Physical Synthesis Task

Phase 1 Physical Synthesis Initialization
INFO: [Physopt 32-721] Multithreading enabled for phys_opt_design using a maximum of 32 CPUs
INFO: [Physopt 32-619] Estimated Timing Summary | WNS=-1.625 | TNS=-401.975 |
Phase 1 Physical Synthesis Initialization | Checksum: 23b199637

Time (s): cpu = 00:00:03 ; elapsed = 00:00:00.41 . Memory (MB): peak = 7966.609 ; gain = 0.000 ; free physical = 373150 ; free virtual = 442094
INFO: [Place 46-56] BUFG insertion identified 0 candidate nets. Inserted BUFG: 0, Replicated BUFG Driver: 0, Skipped due to Placement/Routing Conflicts: 0, Skipped due to Timing Degradation: 0, Skipped due to netlist editing failed: 0.
Ending Physical Synthesis Task | Checksum: 2674cdec5

Time (s): cpu = 00:00:03 ; elapsed = 00:00:00.51 . Memory (MB): peak = 7966.609 ; gain = 0.000 ; free physical = 373150 ; free virtual = 442094
Phase 4.1.1.1 BUFG Insertion | Checksum: 215d0ef66

Time (s): cpu = 00:05:38 ; elapsed = 00:02:14 . Memory (MB): peak = 7966.609 ; gain = 2809.676 ; free physical = 373150 ; free virtual = 442094

Phase 4.1.1.2 BUFG Replication
INFO: [Place 46-63] BUFG replication identified 0 candidate nets: Replicated nets: 0, Replicated BUFGs: 0, Replicated BUFG Driver: 0, moved BUFGs: 0, Skipped due to Placement / Routing Conflict: 0, Skipped due to Timing: 0, Skipped due to constraints: 0
Phase 4.1.1.2 BUFG Replication | Checksum: 215d0ef66

Time (s): cpu = 00:05:38 ; elapsed = 00:02:14 . Memory (MB): peak = 7966.609 ; gain = 2809.676 ; free physical = 373150 ; free virtual = 442094

Phase 4.1.1.3 Post Placement Timing Optimization
Phase 4.1.1.3 Post Placement Timing Optimization | Checksum: 25c7e4fab

Time (s): cpu = 00:05:53 ; elapsed = 00:02:25 . Memory (MB): peak = 7966.609 ; gain = 2809.676 ; free physical = 373155 ; free virtual = 442099

Phase 4.1.1.4 Replication
Phase 4.1.1.4 Replication | Checksum: 25c7e4fab

Time (s): cpu = 00:05:53 ; elapsed = 00:02:25 . Memory (MB): peak = 7966.609 ; gain = 2809.676 ; free physical = 373155 ; free virtual = 442099

Time (s): cpu = 00:05:53 ; elapsed = 00:02:25 . Memory (MB): peak = 7966.609 ; gain = 2809.676 ; free physical = 373155 ; free virtual = 442099
Phase 4.1 Post Commit Optimization | Checksum: 25c7e4fab

Time (s): cpu = 00:05:53 ; elapsed = 00:02:25 . Memory (MB): peak = 7966.609 ; gain = 2809.676 ; free physical = 373155 ; free virtual = 442099
Netlist sorting complete. Time (s): cpu = 00:00:00.04 ; elapsed = 00:00:00.04 . Memory (MB): peak = 7966.609 ; gain = 0.000 ; free physical = 373091 ; free virtual = 442035

Phase 4.2 Post Placement Cleanup
Phase 4.2 Post Placement Cleanup | Checksum: 2ac136c5e

Time (s): cpu = 00:06:41 ; elapsed = 00:02:57 . Memory (MB): peak = 7966.609 ; gain = 2809.676 ; free physical = 373090 ; free virtual = 442035

Phase 4.3 Placer Reporting

Phase 4.3.1 Dump Critical Paths 
Phase 4.3.1 Dump Critical Paths  | Checksum: 2ac136c5e

Time (s): cpu = 00:06:46 ; elapsed = 00:02:59 . Memory (MB): peak = 7966.609 ; gain = 2809.676 ; free physical = 373091 ; free virtual = 442035

Phase 4.3.2 Print Final WNS
INFO: [Place 30-100] Post Placement Timing Summary | WNS=-1.625 | TNS=-402.295|

Phase 4.3.2 Print Final WNS | Checksum: 2ac136c5e

Time (s): cpu = 00:07:02 ; elapsed = 00:03:02 . Memory (MB): peak = 7966.609 ; gain = 2809.676 ; free physical = 373091 ; free virtual = 442035

Phase 4.3.3 Print Estimated Congestion
INFO: [Place 30-612] Post-Placement Estimated Congestion 
 ________________________________________________________________________
|           | Global Congestion | Long Congestion   | Short Congestion  |
| Direction | Region Size       | Region Size       | Region Size       |
|___________|___________________|___________________|___________________|
|      North|                1x1|                1x1|                1x1|
|___________|___________________|___________________|___________________|
|      South|                1x1|                1x1|                1x1|
|___________|___________________|___________________|___________________|
|       East|                1x1|                1x1|                1x1|
|___________|___________________|___________________|___________________|
|       West|                1x1|                1x1|                1x1|
|___________|___________________|___________________|___________________|

SLR0:
 ________________________________________________________________________
|           | Global Congestion | Long Congestion   | Short Congestion  |
| Direction | Region Size       | Region Size       | Region Size       |
|___________|___________________|___________________|___________________|
|      North|                1x1|                1x1|                1x1|
|___________|___________________|___________________|___________________|
|      South|                1x1|                1x1|                1x1|
|___________|___________________|___________________|___________________|
|       East|                1x1|                1x1|                1x1|
|___________|___________________|___________________|___________________|
|       West|                1x1|                1x1|                1x1|
|___________|___________________|___________________|___________________|

SLR1:
 ________________________________________________________________________
|           | Global Congestion | Long Congestion   | Short Congestion  |
| Direction | Region Size       | Region Size       | Region Size       |
|___________|___________________|___________________|___________________|
|      North|                1x1|                1x1|                1x1|
|___________|___________________|___________________|___________________|
|      South|                1x1|                1x1|                1x1|
|___________|___________________|___________________|___________________|
|       East|                1x1|                1x1|                1x1|
|___________|___________________|___________________|___________________|
|       West|                1x1|                1x1|                1x1|
|___________|___________________|___________________|___________________|

SLR2:
 ________________________________________________________________________
|           | Global Congestion | Long Congestion   | Short Congestion  |
| Direction | Region Size       | Region Size       | Region Size       |
|___________|___________________|___________________|___________________|
|      North|                1x1|                1x1|                1x1|
|___________|___________________|___________________|___________________|
|      South|                1x1|                1x1|                1x1|
|___________|___________________|___________________|___________________|
|       East|                1x1|                1x1|                1x1|
|___________|___________________|___________________|___________________|
|       West|                1x1|                1x1|                1x1|
|___________|___________________|___________________|___________________|

SLR3:
 ________________________________________________________________________
|           | Global Congestion | Long Congestion   | Short Congestion  |
| Direction | Region Size       | Region Size       | Region Size       |
|___________|___________________|___________________|___________________|
|      North|                1x1|                1x1|                1x1|
|___________|___________________|___________________|___________________|
|      South|                1x1|                1x1|                1x1|
|___________|___________________|___________________|___________________|
|       East|                1x1|                1x1|                1x1|
|___________|___________________|___________________|___________________|
|       West|                1x1|                1x1|                1x1|
|___________|___________________|___________________|___________________|

Phase 4.3.3 Print Estimated Congestion | Checksum: 2c6e00f46

Time (s): cpu = 00:07:04 ; elapsed = 00:03:02 . Memory (MB): peak = 7966.609 ; gain = 2809.676 ; free physical = 373091 ; free virtual = 442035
Phase 4.3 Placer Reporting | Checksum: 2c6e00f46

Time (s): cpu = 00:07:04 ; elapsed = 00:03:02 . Memory (MB): peak = 7966.609 ; gain = 2809.676 ; free physical = 373091 ; free virtual = 442035

Phase 4.4 Final Placement Cleanup
Netlist sorting complete. Time (s): cpu = 00:00:00.01 ; elapsed = 00:00:00.01 . Memory (MB): peak = 7966.609 ; gain = 0.000 ; free physical = 373091 ; free virtual = 442035

Time (s): cpu = 00:07:04 ; elapsed = 00:03:02 . Memory (MB): peak = 7966.609 ; gain = 2809.676 ; free physical = 373091 ; free virtual = 442035
Phase 4 Post Placement Optimization and Clean-Up | Checksum: 1e93839df

Time (s): cpu = 00:07:04 ; elapsed = 00:03:02 . Memory (MB): peak = 7966.609 ; gain = 2809.676 ; free physical = 373091 ; free virtual = 442035
Ending Placer Task | Checksum: 11179d3a3

Time (s): cpu = 00:07:04 ; elapsed = 00:03:02 . Memory (MB): peak = 7966.609 ; gain = 2809.676 ; free physical = 373091 ; free virtual = 442035
43 Infos, 2 Warnings, 0 Critical Warnings and 0 Errors encountered.
place_design completed successfully
place_design: Time (s): cpu = 00:07:23 ; elapsed = 00:03:29 . Memory (MB): peak = 7966.609 ; gain = 3005.402 ; free physical = 373092 ; free virtual = 442036
# write_checkpoint \
#     -force \
#     [
#         file join \
#             $output_dir \
#             post_place.dcp
#     ]
INFO: [Timing 38-480] Writing timing data to binary archive.
Write ShapeDB Complete: Time (s): cpu = 00:00:00.14 ; elapsed = 00:00:00.06 . Memory (MB): peak = 7966.609 ; gain = 0.000 ; free physical = 373088 ; free virtual = 442036
Wrote PlaceDB: Time (s): cpu = 00:00:02 ; elapsed = 00:00:00.83 . Memory (MB): peak = 7966.609 ; gain = 0.000 ; free physical = 373047 ; free virtual = 442034
Wrote PulsedLatchDB: Time (s): cpu = 00:00:00 ; elapsed = 00:00:00 . Memory (MB): peak = 7966.609 ; gain = 0.000 ; free physical = 373048 ; free virtual = 442035
Writing XDEF routing.
Writing XDEF routing logical nets.
Writing XDEF routing special nets.
Wrote RouteStorage: Time (s): cpu = 00:00:00.12 ; elapsed = 00:00:00.15 . Memory (MB): peak = 7966.609 ; gain = 0.000 ; free physical = 373048 ; free virtual = 442035
Wrote Netlist Cache: Time (s): cpu = 00:00:00.04 ; elapsed = 00:00:00.04 . Memory (MB): peak = 7966.609 ; gain = 0.000 ; free physical = 373044 ; free virtual = 442035
Wrote Device Cache: Time (s): cpu = 00:00:00.02 ; elapsed = 00:00:00.02 . Memory (MB): peak = 7966.609 ; gain = 0.000 ; free physical = 373042 ; free virtual = 442036
Write Physdb Complete: Time (s): cpu = 00:00:02 ; elapsed = 00:00:02 . Memory (MB): peak = 7966.609 ; gain = 0.000 ; free physical = 373043 ; free virtual = 442037
INFO: [Common 17-1381] The checkpoint '/mnt_pool/c3_users/user/pleguina/graphsage_vivado_2024_1_sweep/build/vivado_sweep/graphsage_19c_const_freerun_extra_net_delay/post_place.dcp' has been generated.
# report_timing_summary \
#     -delay_type min_max \
#     -max_paths 100 \
#     -file [
#         file join \
#             $reports_dir \
#             timing_post_place.rpt
#     ]
INFO: [Timing 38-91] UpdateTimingParams: Speed grade: -1, Temperature grade: E, Delay Type: min_max.
INFO: [Timing 38-191] Multithreading enabled for timing update using a maximum of 32 CPUs
# report_internal_timing $reports_dir post_place
INFO: [Timing 38-91] UpdateTimingParams: Speed grade: -1, Temperature grade: E, Delay Type: max.
INFO: [Timing 38-191] Multithreading enabled for timing update using a maximum of 32 CPUs
INFO: [Timing 38-78] ReportTimingParams: -from_pins  -to_pins  -max_paths 100 -nworst 1 -delay_type max -sort_by slack.
INFO: [Timing 38-91] UpdateTimingParams: Speed grade: -1, Temperature grade: E, Delay Type: min.
INFO: [Timing 38-191] Multithreading enabled for timing update using a maximum of 32 CPUs
INFO: [Timing 38-78] ReportTimingParams: -from_pins  -to_pins  -max_paths 100 -nworst 1 -delay_type min -sort_by slack.
# report_design_analysis \
#     -congestion \
#     -file [
#         file join \
#             $reports_dir \
#             congestion_post_place.rpt
#     ]
# report_utilization \
#     -slr \
#     -file [
#         file join \
#             $reports_dir \
#             utilization_slr_post_place.rpt
#     ]
# report_high_fanout_nets \
#     -file [
#         file join \
#             $reports_dir \
#             high_fanout_post_place.rpt
#     ]
# if {$screen_only} {
# 
#     puts "============================================================"
#     puts "SCREEN_ONLY=1"
#     puts "STOPPING_AFTER_PLACEMENT"
#     puts "PLACEMENT_SCREEN_COMPLETE=$run_name"
#     puts "============================================================"
# 
#     write_metadata \
#         [file join $output_dir metadata.txt] \
#         "placement_complete" \
#         $run_name \
#         $place_directive \
#         $route_directive \
#         $screen_only \
#         $use_tns_cleanup \
#         $use_post_phys \
#         $post_place_phys_directive \
#         $start_time
# 
#     exit 0
# }
# puts "============================================================"
============================================================
# puts "STARTING_POST_PLACE_PHYS_OPT=$post_place_phys_directive"
STARTING_POST_PLACE_PHYS_OPT=AddRetime
# puts "============================================================"
============================================================
# if {$post_place_phys_directive eq ""} {
#     phys_opt_design
# } else {
#     phys_opt_design -directive $post_place_phys_directive
# }
Command: phys_opt_design -directive AddRetime
Attempting to get a license for feature 'Implementation' and/or device 'xcvu13p'
INFO: [Common 17-349] Got license for feature 'Implementation' and/or device 'xcvu13p'
INFO: [Common 17-1540] The version limit for your license is '2026.02' and has expired for new software. A version limit expiration means that, although you may be able to continue to use the current version of tools or IP with this license, you will not be eligible for new releases.
INFO: [Vivado_Tcl 4-137] Directive used for phys_opt_design is: AddRetime

Starting Initial Update Timing Task

Time (s): cpu = 00:00:04 ; elapsed = 00:00:00.52 . Memory (MB): peak = 7966.609 ; gain = 0.000 ; free physical = 373029 ; free virtual = 441986
INFO: [Vivado_Tcl 4-1435] PhysOpt_Tcl_Interface Runtime Before Starting Physical Synthesis Task | CPU: 5.73s |  WALL: 20.99s
Netlist sorting complete. Time (s): cpu = 00:00:00 ; elapsed = 00:00:00.01 . Memory (MB): peak = 7966.609 ; gain = 0.000 ; free physical = 373029 ; free virtual = 441986

Starting Physical Synthesis Task

Phase 1 Physical Synthesis Initialization
INFO: [Physopt 32-721] Multithreading enabled for phys_opt_design using a maximum of 32 CPUs
INFO: [Physopt 32-619] Estimated Timing Summary | WNS=-1.625 | TNS=-402.295 |
Phase 1 Physical Synthesis Initialization | Checksum: 122e2728d

Time (s): cpu = 00:00:13 ; elapsed = 00:00:09 . Memory (MB): peak = 8033.938 ; gain = 67.328 ; free physical = 372974 ; free virtual = 441931
INFO: [Physopt 32-619] Estimated Timing Summary | WNS=-1.625 | TNS=-402.295 |

Phase 2 DSP Register Optimization
INFO: [Physopt 32-456] No candidate cells for DSP register optimization found in the design.
INFO: [Physopt 32-775] End 2 Pass. Optimized 0 net or cell. Created 0 new cell, deleted 0 existing cell and moved 0 existing cell
Phase 2 DSP Register Optimization | Checksum: 122e2728d

Time (s): cpu = 00:00:14 ; elapsed = 00:00:09 . Memory (MB): peak = 8033.938 ; gain = 67.328 ; free physical = 372974 ; free virtual = 441931

Phase 3 Critical Path Optimization
INFO: [Physopt 32-619] Estimated Timing Summary | WNS=-1.625 | TNS=-402.295 |
INFO: [Physopt 32-619] Estimated Timing Summary | WNS=-1.625 | TNS=-402.295 |
Netlist sorting complete. Time (s): cpu = 00:00:00.01 ; elapsed = 00:00:00.01 . Memory (MB): peak = 8033.938 ; gain = 0.000 ; free physical = 372974 ; free virtual = 441931
Phase 3 Critical Path Optimization | Checksum: 122e2728d

Time (s): cpu = 00:00:14 ; elapsed = 00:00:10 . Memory (MB): peak = 8033.938 ; gain = 67.328 ; free physical = 372974 ; free virtual = 441931
Netlist sorting complete. Time (s): cpu = 00:00:00 ; elapsed = 00:00:00 . Memory (MB): peak = 8033.938 ; gain = 0.000 ; free physical = 372974 ; free virtual = 441931
Netlist sorting complete. Time (s): cpu = 00:00:00.01 ; elapsed = 00:00:00.01 . Memory (MB): peak = 8033.938 ; gain = 0.000 ; free physical = 372974 ; free virtual = 441931
INFO: [Physopt 32-603] Post Physical Optimization Timing Summary | WNS=-1.625 | TNS=-402.295 |

Summary of Physical Synthesis Optimizations
============================================


-------------------------------------------------------------------------------------------------------------------------------------------------------------
|  Optimization   |  WNS Gain (ns)  |  TNS Gain (ns)  |  Added Cells  |  Removed Cells  |  Optimized Cells/Nets  |  Dont Touch  |  Iterations  |  Elapsed   |
-------------------------------------------------------------------------------------------------------------------------------------------------------------
|  DSP Register   |          0.000  |          0.000  |            0  |              0  |                     0  |           0  |           1  |  00:00:00  |
|  Critical Path  |          0.000  |          0.000  |            0  |              0  |                     0  |           0  |           1  |  00:00:00  |
|  Total          |          0.000  |          0.000  |            0  |              0  |                     0  |           0  |           2  |  00:00:00  |
-------------------------------------------------------------------------------------------------------------------------------------------------------------


Netlist sorting complete. Time (s): cpu = 00:00:00.01 ; elapsed = 00:00:00.01 . Memory (MB): peak = 8033.938 ; gain = 0.000 ; free physical = 372974 ; free virtual = 441932
Ending Physical Synthesis Task | Checksum: 2269e255c

Time (s): cpu = 00:00:15 ; elapsed = 00:00:10 . Memory (MB): peak = 8033.938 ; gain = 67.328 ; free physical = 372974 ; free virtual = 441932
INFO: [Common 17-83] Releasing license: Implementation
13 Infos, 0 Warnings, 0 Critical Warnings and 0 Errors encountered.
phys_opt_design completed successfully
phys_opt_design: Time (s): cpu = 00:00:19 ; elapsed = 00:00:31 . Memory (MB): peak = 8033.938 ; gain = 67.328 ; free physical = 372974 ; free virtual = 441932
# write_checkpoint \
#     -force \
#     [
#         file join \
#             $output_dir \
#             post_place_physopt.dcp
#     ]
INFO: [Timing 38-480] Writing timing data to binary archive.
Write ShapeDB Complete: Time (s): cpu = 00:00:00.03 ; elapsed = 00:00:00.02 . Memory (MB): peak = 8033.938 ; gain = 0.000 ; free physical = 372973 ; free virtual = 441932
Wrote PlaceDB: Time (s): cpu = 00:00:02 ; elapsed = 00:00:00.82 . Memory (MB): peak = 8033.938 ; gain = 0.000 ; free physical = 372933 ; free virtual = 441931
Wrote PulsedLatchDB: Time (s): cpu = 00:00:00 ; elapsed = 00:00:00 . Memory (MB): peak = 8033.938 ; gain = 0.000 ; free physical = 372934 ; free virtual = 441933
Writing XDEF routing.
Writing XDEF routing logical nets.
Writing XDEF routing special nets.
Wrote RouteStorage: Time (s): cpu = 00:00:00.09 ; elapsed = 00:00:00.09 . Memory (MB): peak = 8033.938 ; gain = 0.000 ; free physical = 372931 ; free virtual = 441930
Wrote Netlist Cache: Time (s): cpu = 00:00:00.04 ; elapsed = 00:00:00.04 . Memory (MB): peak = 8033.938 ; gain = 0.000 ; free physical = 372926 ; free virtual = 441929
Wrote Device Cache: Time (s): cpu = 00:00:00.02 ; elapsed = 00:00:00.01 . Memory (MB): peak = 8033.938 ; gain = 0.000 ; free physical = 372925 ; free virtual = 441929
Write Physdb Complete: Time (s): cpu = 00:00:02 ; elapsed = 00:00:02 . Memory (MB): peak = 8033.938 ; gain = 0.000 ; free physical = 372924 ; free virtual = 441929
INFO: [Common 17-1381] The checkpoint '/mnt_pool/c3_users/user/pleguina/graphsage_vivado_2024_1_sweep/build/vivado_sweep/graphsage_19c_const_freerun_extra_net_delay/post_place_physopt.dcp' has been generated.
# report_timing_summary \
#     -delay_type min_max \
#     -max_paths 100 \
#     -file [
#         file join \
#             $reports_dir \
#             timing_post_place_physopt.rpt
#     ]
INFO: [Timing 38-91] UpdateTimingParams: Speed grade: -1, Temperature grade: E, Delay Type: min_max.
INFO: [Timing 38-191] Multithreading enabled for timing update using a maximum of 32 CPUs
# report_design_analysis \
#     -congestion \
#     -file [
#         file join \
#             $reports_dir \
#             congestion_post_place_physopt.rpt
#     ]
# report_utilization \
#     -slr \
#     -file [
#         file join \
#             $reports_dir \
#             utilization_slr_post_place_physopt.rpt
#     ]
# puts "============================================================"
============================================================
# puts "STARTING_ROUTING=$route_directive"
STARTING_ROUTING=Explore
# puts "TNS_CLEANUP=$use_tns_cleanup"
TNS_CLEANUP=1
# puts "============================================================"
============================================================
# if {$use_tns_cleanup} {
# 
#     route_design \
#         -directive $route_directive \
#         -tns_cleanup
# 
# } else {
# 
#     route_design \
#         -directive $route_directive
# }
Command: route_design -directive Explore -tns_cleanup
Attempting to get a license for feature 'Implementation' and/or device 'xcvu13p'
INFO: [Common 17-349] Got license for feature 'Implementation' and/or device 'xcvu13p'
INFO: [Common 17-1540] The version limit for your license is '2026.02' and has expired for new software. A version limit expiration means that, although you may be able to continue to use the current version of tools or IP with this license, you will not be eligible for new releases.


Starting Routing Task
INFO: [Route 35-270] Using Router directive 'Explore'.
INFO: [Route 35-254] Multithreading enabled for route_design using a maximum of 32 CPUs

Phase 1 Build RT Design
Checksum: PlaceDB: 6dc61cc6 ConstDB: 0 ShapeSum: 6cd10a9e RouteDB: 8446ab8a
Nodegraph reading from file.  Time (s): cpu = 00:00:00.91 ; elapsed = 00:00:01 . Memory (MB): peak = 8033.938 ; gain = 0.000 ; free physical = 372930 ; free virtual = 441903
WARNING: [Route 35-198] Port "ap_rst" does not have an associated HD.PARTPIN_LOCS, which will prevent the partial routing of the signal "ap_rst". Without this partial route, timing analysis to/from this port will not be accurate, and no routing information for this port can be exported.
WARNING: [Route 35-198] Port "input_6_9[7]" does not have an associated HD.PARTPIN_LOCS, which will prevent the partial routing of the signal "input_6_9[7]". Without this partial route, timing analysis to/from this port will not be accurate, and no routing information for this port can be exported.
WARNING: [Route 35-198] Port "input_6_9[6]" does not have an associated HD.PARTPIN_LOCS, which will prevent the partial routing of the signal "input_6_9[6]". Without this partial route, timing analysis to/from this port will not be accurate, and no routing information for this port can be exported.
WARNING: [Route 35-198] Port "input_6_9[5]" does not have an associated HD.PARTPIN_LOCS, which will prevent the partial routing of the signal "input_6_9[5]". Without this partial route, timing analysis to/from this port will not be accurate, and no routing information for this port can be exported.
WARNING: [Route 35-198] Port "input_6_9[4]" does not have an associated HD.PARTPIN_LOCS, which will prevent the partial routing of the signal "input_6_9[4]". Without this partial route, timing analysis to/from this port will not be accurate, and no routing information for this port can be exported.
WARNING: [Route 35-198] Port "input_6_9[3]" does not have an associated HD.PARTPIN_LOCS, which will prevent the partial routing of the signal "input_6_9[3]". Without this partial route, timing analysis to/from this port will not be accurate, and no routing information for this port can be exported.
WARNING: [Route 35-198] Port "input_6_9[2]" does not have an associated HD.PARTPIN_LOCS, which will prevent the partial routing of the signal "input_6_9[2]". Without this partial route, timing analysis to/from this port will not be accurate, and no routing information for this port can be exported.
WARNING: [Route 35-198] Port "input_6_9[1]" does not have an associated HD.PARTPIN_LOCS, which will prevent the partial routing of the signal "input_6_9[1]". Without this partial route, timing analysis to/from this port will not be accurate, and no routing information for this port can be exported.
WARNING: [Route 35-198] Port "input_6_9[0]" does not have an associated HD.PARTPIN_LOCS, which will prevent the partial routing of the signal "input_6_9[0]". Without this partial route, timing analysis to/from this port will not be accurate, and no routing information for this port can be exported.
WARNING: [Route 35-198] Port "input_4_9[7]" does not have an associated HD.PARTPIN_LOCS, which will prevent the partial routing of the signal "input_4_9[7]". Without this partial route, timing analysis to/from this port will not be accurate, and no routing information for this port can be exported.
WARNING: [Route 35-198] Port "input_4_9[4]" does not have an associated HD.PARTPIN_LOCS, which will prevent the partial routing of the signal "input_4_9[4]". Without this partial route, timing analysis to/from this port will not be accurate, and no routing information for this port can be exported.
WARNING: [Route 35-198] Port "input_0_9[5]" does not have an associated HD.PARTPIN_LOCS, which will prevent the partial routing of the signal "input_0_9[5]". Without this partial route, timing analysis to/from this port will not be accurate, and no routing information for this port can be exported.
WARNING: [Route 35-198] Port "input_0_9[2]" does not have an associated HD.PARTPIN_LOCS, which will prevent the partial routing of the signal "input_0_9[2]". Without this partial route, timing analysis to/from this port will not be accurate, and no routing information for this port can be exported.
WARNING: [Route 35-198] Port "input_5_9[3]" does not have an associated HD.PARTPIN_LOCS, which will prevent the partial routing of the signal "input_5_9[3]". Without this partial route, timing analysis to/from this port will not be accurate, and no routing information for this port can be exported.
WARNING: [Route 35-198] Port "input_5_9[2]" does not have an associated HD.PARTPIN_LOCS, which will prevent the partial routing of the signal "input_5_9[2]". Without this partial route, timing analysis to/from this port will not be accurate, and no routing information for this port can be exported.
WARNING: [Route 35-198] Port "input_5_9[1]" does not have an associated HD.PARTPIN_LOCS, which will prevent the partial routing of the signal "input_5_9[1]". Without this partial route, timing analysis to/from this port will not be accurate, and no routing information for this port can be exported.
WARNING: [Route 35-198] Port "input_5_9[0]" does not have an associated HD.PARTPIN_LOCS, which will prevent the partial routing of the signal "input_5_9[0]". Without this partial route, timing analysis to/from this port will not be accurate, and no routing information for this port can be exported.
WARNING: [Route 35-198] Port "input_4_9[3]" does not have an associated HD.PARTPIN_LOCS, which will prevent the partial routing of the signal "input_4_9[3]". Without this partial route, timing analysis to/from this port will not be accurate, and no routing information for this port can be exported.
WARNING: [Route 35-198] Port "input_4_9[2]" does not have an associated HD.PARTPIN_LOCS, which will prevent the partial routing of the signal "input_4_9[2]". Without this partial route, timing analysis to/from this port will not be accurate, and no routing information for this port can be exported.
WARNING: [Route 35-198] Port "input_4_9[1]" does not have an associated HD.PARTPIN_LOCS, which will prevent the partial routing of the signal "input_4_9[1]". Without this partial route, timing analysis to/from this port will not be accurate, and no routing information for this port can be exported.
WARNING: [Route 35-198] Port "input_4_9[0]" does not have an associated HD.PARTPIN_LOCS, which will prevent the partial routing of the signal "input_4_9[0]". Without this partial route, timing analysis to/from this port will not be accurate, and no routing information for this port can be exported.
WARNING: [Route 35-198] Port "input_1_9[7]" does not have an associated HD.PARTPIN_LOCS, which will prevent the partial routing of the signal "input_1_9[7]". Without this partial route, timing analysis to/from this port will not be accurate, and no routing information for this port can be exported.
WARNING: [Route 35-198] Port "input_1_9[6]" does not have an associated HD.PARTPIN_LOCS, which will prevent the partial routing of the signal "input_1_9[6]". Without this partial route, timing analysis to/from this port will not be accurate, and no routing information for this port can be exported.
WARNING: [Route 35-198] Port "input_1_9[4]" does not have an associated HD.PARTPIN_LOCS, which will prevent the partial routing of the signal "input_1_9[4]". Without this partial route, timing analysis to/from this port will not be accurate, and no routing information for this port can be exported.
WARNING: [Route 35-198] Port "input_1_9[3]" does not have an associated HD.PARTPIN_LOCS, which will prevent the partial routing of the signal "input_1_9[3]". Without this partial route, timing analysis to/from this port will not be accurate, and no routing information for this port can be exported.
WARNING: [Route 35-198] Port "input_1_9[2]" does not have an associated HD.PARTPIN_LOCS, which will prevent the partial routing of the signal "input_1_9[2]". Without this partial route, timing analysis to/from this port will not be accurate, and no routing information for this port can be exported.
WARNING: [Route 35-198] Port "input_1_9[1]" does not have an associated HD.PARTPIN_LOCS, which will prevent the partial routing of the signal "input_1_9[1]". Without this partial route, timing analysis to/from this port will not be accurate, and no routing information for this port can be exported.
WARNING: [Route 35-198] Port "input_1_9[0]" does not have an associated HD.PARTPIN_LOCS, which will prevent the partial routing of the signal "input_1_9[0]". Without this partial route, timing analysis to/from this port will not be accurate, and no routing information for this port can be exported.
WARNING: [Route 35-198] Port "input_7_9[3]" does not have an associated HD.PARTPIN_LOCS, which will prevent the partial routing of the signal "input_7_9[3]". Without this partial route, timing analysis to/from this port will not be accurate, and no routing information for this port can be exported.
WARNING: [Route 35-198] Port "input_7_9[2]" does not have an associated HD.PARTPIN_LOCS, which will prevent the partial routing of the signal "input_7_9[2]". Without this partial route, timing analysis to/from this port will not be accurate, and no routing information for this port can be exported.
WARNING: [Route 35-198] Port "input_7_9[1]" does not have an associated HD.PARTPIN_LOCS, which will prevent the partial routing of the signal "input_7_9[1]". Without this partial route, timing analysis to/from this port will not be accurate, and no routing information for this port can be exported.
WARNING: [Route 35-198] Port "input_7_9[0]" does not have an associated HD.PARTPIN_LOCS, which will prevent the partial routing of the signal "input_7_9[0]". Without this partial route, timing analysis to/from this port will not be accurate, and no routing information for this port can be exported.
WARNING: [Route 35-198] Port "input_5_9[6]" does not have an associated HD.PARTPIN_LOCS, which will prevent the partial routing of the signal "input_5_9[6]". Without this partial route, timing analysis to/from this port will not be accurate, and no routing information for this port can be exported.
WARNING: [Route 35-198] Port "input_0_9[7]" does not have an associated HD.PARTPIN_LOCS, which will prevent the partial routing of the signal "input_0_9[7]". Without this partial route, timing analysis to/from this port will not be accurate, and no routing information for this port can be exported.
WARNING: [Route 35-198] Port "input_0_9[6]" does not have an associated HD.PARTPIN_LOCS, which will prevent the partial routing of the signal "input_0_9[6]". Without this partial route, timing analysis to/from this port will not be accurate, and no routing information for this port can be exported.
WARNING: [Route 35-198] Port "input_0_9[4]" does not have an associated HD.PARTPIN_LOCS, which will prevent the partial routing of the signal "input_0_9[4]". Without this partial route, timing analysis to/from this port will not be accurate, and no routing information for this port can be exported.
WARNING: [Route 35-198] Port "input_2_9[7]" does not have an associated HD.PARTPIN_LOCS, which will prevent the partial routing of the signal "input_2_9[7]". Without this partial route, timing analysis to/from this port will not be accurate, and no routing information for this port can be exported.
WARNING: [Route 35-198] Port "input_2_9[6]" does not have an associated HD.PARTPIN_LOCS, which will prevent the partial routing of the signal "input_2_9[6]". Without this partial route, timing analysis to/from this port will not be accurate, and no routing information for this port can be exported.
WARNING: [Route 35-198] Port "input_2_9[5]" does not have an associated HD.PARTPIN_LOCS, which will prevent the partial routing of the signal "input_2_9[5]". Without this partial route, timing analysis to/from this port will not be accurate, and no routing information for this port can be exported.
WARNING: [Route 35-198] Port "input_2_9[3]" does not have an associated HD.PARTPIN_LOCS, which will prevent the partial routing of the signal "input_2_9[3]". Without this partial route, timing analysis to/from this port will not be accurate, and no routing information for this port can be exported.
WARNING: [Route 35-198] Port "input_2_9[2]" does not have an associated HD.PARTPIN_LOCS, which will prevent the partial routing of the signal "input_2_9[2]". Without this partial route, timing analysis to/from this port will not be accurate, and no routing information for this port can be exported.
WARNING: [Route 35-198] Port "input_3_9[7]" does not have an associated HD.PARTPIN_LOCS, which will prevent the partial routing of the signal "input_3_9[7]". Without this partial route, timing analysis to/from this port will not be accurate, and no routing information for this port can be exported.
WARNING: [Route 35-198] Port "input_5_9[5]" does not have an associated HD.PARTPIN_LOCS, which will prevent the partial routing of the signal "input_5_9[5]". Without this partial route, timing analysis to/from this port will not be accurate, and no routing information for this port can be exported.
WARNING: [Route 35-198] Port "input_2_9[4]" does not have an associated HD.PARTPIN_LOCS, which will prevent the partial routing of the signal "input_2_9[4]". Without this partial route, timing analysis to/from this port will not be accurate, and no routing information for this port can be exported.
WARNING: [Route 35-198] Port "input_2_9[1]" does not have an associated HD.PARTPIN_LOCS, which will prevent the partial routing of the signal "input_2_9[1]". Without this partial route, timing analysis to/from this port will not be accurate, and no routing information for this port can be exported.
WARNING: [Route 35-198] Port "input_0_9[3]" does not have an associated HD.PARTPIN_LOCS, which will prevent the partial routing of the signal "input_0_9[3]". Without this partial route, timing analysis to/from this port will not be accurate, and no routing information for this port can be exported.
WARNING: [Route 35-198] Port "input_0_9[1]" does not have an associated HD.PARTPIN_LOCS, which will prevent the partial routing of the signal "input_0_9[1]". Without this partial route, timing analysis to/from this port will not be accurate, and no routing information for this port can be exported.
WARNING: [Route 35-198] Port "input_0_9[0]" does not have an associated HD.PARTPIN_LOCS, which will prevent the partial routing of the signal "input_0_9[0]". Without this partial route, timing analysis to/from this port will not be accurate, and no routing information for this port can be exported.
WARNING: [Route 35-198] Port "input_4_9[5]" does not have an associated HD.PARTPIN_LOCS, which will prevent the partial routing of the signal "input_4_9[5]". Without this partial route, timing analysis to/from this port will not be accurate, and no routing information for this port can be exported.
WARNING: [Route 35-198] Port "input_3_9[6]" does not have an associated HD.PARTPIN_LOCS, which will prevent the partial routing of the signal "input_3_9[6]". Without this partial route, timing analysis to/from this port will not be accurate, and no routing information for this port can be exported.
WARNING: [Route 35-198] Port "input_1_9[5]" does not have an associated HD.PARTPIN_LOCS, which will prevent the partial routing of the signal "input_1_9[5]". Without this partial route, timing analysis to/from this port will not be accurate, and no routing information for this port can be exported.
WARNING: [Route 35-198] Port "input_6_15[7]" does not have an associated HD.PARTPIN_LOCS, which will prevent the partial routing of the signal "input_6_15[7]". Without this partial route, timing analysis to/from this port will not be accurate, and no routing information for this port can be exported.
WARNING: [Route 35-198] Port "input_6_15[6]" does not have an associated HD.PARTPIN_LOCS, which will prevent the partial routing of the signal "input_6_15[6]". Without this partial route, timing analysis to/from this port will not be accurate, and no routing information for this port can be exported.
WARNING: [Route 35-198] Port "input_3_11[7]" does not have an associated HD.PARTPIN_LOCS, which will prevent the partial routing of the signal "input_3_11[7]". Without this partial route, timing analysis to/from this port will not be accurate, and no routing information for this port can be exported.
WARNING: [Route 35-198] Port "input_2_9[0]" does not have an associated HD.PARTPIN_LOCS, which will prevent the partial routing of the signal "input_2_9[0]". Without this partial route, timing analysis to/from this port will not be accurate, and no routing information for this port can be exported.
WARNING: [Route 35-198] Port "input_3_9[5]" does not have an associated HD.PARTPIN_LOCS, which will prevent the partial routing of the signal "input_3_9[5]". Without this partial route, timing analysis to/from this port will not be accurate, and no routing information for this port can be exported.
WARNING: [Route 35-198] Port "input_3_9[4]" does not have an associated HD.PARTPIN_LOCS, which will prevent the partial routing of the signal "input_3_9[4]". Without this partial route, timing analysis to/from this port will not be accurate, and no routing information for this port can be exported.
WARNING: [Route 35-198] Port "input_3_9[3]" does not have an associated HD.PARTPIN_LOCS, which will prevent the partial routing of the signal "input_3_9[3]". Without this partial route, timing analysis to/from this port will not be accurate, and no routing information for this port can be exported.
WARNING: [Route 35-198] Port "input_3_9[2]" does not have an associated HD.PARTPIN_LOCS, which will prevent the partial routing of the signal "input_3_9[2]". Without this partial route, timing analysis to/from this port will not be accurate, and no routing information for this port can be exported.
WARNING: [Route 35-198] Port "input_3_9[1]" does not have an associated HD.PARTPIN_LOCS, which will prevent the partial routing of the signal "input_3_9[1]". Without this partial route, timing analysis to/from this port will not be accurate, and no routing information for this port can be exported.
WARNING: [Route 35-198] Port "input_3_9[0]" does not have an associated HD.PARTPIN_LOCS, which will prevent the partial routing of the signal "input_3_9[0]". Without this partial route, timing analysis to/from this port will not be accurate, and no routing information for this port can be exported.
WARNING: [Route 35-198] Port "input_5_9[4]" does not have an associated HD.PARTPIN_LOCS, which will prevent the partial routing of the signal "input_5_9[4]". Without this partial route, timing analysis to/from this port will not be accurate, and no routing information for this port can be exported.
WARNING: [Route 35-198] Port "input_4_15[4]" does not have an associated HD.PARTPIN_LOCS, which will prevent the partial routing of the signal "input_4_15[4]". Without this partial route, timing analysis to/from this port will not be accurate, and no routing information for this port can be exported.
WARNING: [Route 35-198] Port "input_3_15[7]" does not have an associated HD.PARTPIN_LOCS, which will prevent the partial routing of the signal "input_3_15[7]". Without this partial route, timing analysis to/from this port will not be accurate, and no routing information for this port can be exported.
WARNING: [Route 35-198] Port "input_5_9[7]" does not have an associated HD.PARTPIN_LOCS, which will prevent the partial routing of the signal "input_5_9[7]". Without this partial route, timing analysis to/from this port will not be accurate, and no routing information for this port can be exported.
WARNING: [Route 35-198] Port "input_7_9[4]" does not have an associated HD.PARTPIN_LOCS, which will prevent the partial routing of the signal "input_7_9[4]". Without this partial route, timing analysis to/from this port will not be accurate, and no routing information for this port can be exported.
WARNING: [Route 35-198] Port "input_1_15[6]" does not have an associated HD.PARTPIN_LOCS, which will prevent the partial routing of the signal "input_1_15[6]". Without this partial route, timing analysis to/from this port will not be accurate, and no routing information for this port can be exported.
WARNING: [Route 35-198] Port "input_6_15[5]" does not have an associated HD.PARTPIN_LOCS, which will prevent the partial routing of the signal "input_6_15[5]". Without this partial route, timing analysis to/from this port will not be accurate, and no routing information for this port can be exported.
WARNING: [Route 35-198] Port "input_6_15[4]" does not have an associated HD.PARTPIN_LOCS, which will prevent the partial routing of the signal "input_6_15[4]". Without this partial route, timing analysis to/from this port will not be accurate, and no routing information for this port can be exported.
WARNING: [Route 35-198] Port "input_6_15[3]" does not have an associated HD.PARTPIN_LOCS, which will prevent the partial routing of the signal "input_6_15[3]". Without this partial route, timing analysis to/from this port will not be accurate, and no routing information for this port can be exported.
WARNING: [Route 35-198] Port "input_6_15[2]" does not have an associated HD.PARTPIN_LOCS, which will prevent the partial routing of the signal "input_6_15[2]". Without this partial route, timing analysis to/from this port will not be accurate, and no routing information for this port can be exported.
WARNING: [Route 35-198] Port "input_6_15[1]" does not have an associated HD.PARTPIN_LOCS, which will prevent the partial routing of the signal "input_6_15[1]". Without this partial route, timing analysis to/from this port will not be accurate, and no routing information for this port can be exported.
WARNING: [Route 35-198] Port "input_6_15[0]" does not have an associated HD.PARTPIN_LOCS, which will prevent the partial routing of the signal "input_6_15[0]". Without this partial route, timing analysis to/from this port will not be accurate, and no routing information for this port can be exported.
WARNING: [Route 35-198] Port "input_3_11[6]" does not have an associated HD.PARTPIN_LOCS, which will prevent the partial routing of the signal "input_3_11[6]". Without this partial route, timing analysis to/from this port will not be accurate, and no routing information for this port can be exported.
WARNING: [Route 35-198] Port "input_3_11[5]" does not have an associated HD.PARTPIN_LOCS, which will prevent the partial routing of the signal "input_3_11[5]". Without this partial route, timing analysis to/from this port will not be accurate, and no routing information for this port can be exported.
WARNING: [Route 35-198] Port "input_3_11[4]" does not have an associated HD.PARTPIN_LOCS, which will prevent the partial routing of the signal "input_3_11[4]". Without this partial route, timing analysis to/from this port will not be accurate, and no routing information for this port can be exported.
WARNING: [Route 35-198] Port "input_3_11[3]" does not have an associated HD.PARTPIN_LOCS, which will prevent the partial routing of the signal "input_3_11[3]". Without this partial route, timing analysis to/from this port will not be accurate, and no routing information for this port can be exported.
WARNING: [Route 35-198] Port "input_3_11[2]" does not have an associated HD.PARTPIN_LOCS, which will prevent the partial routing of the signal "input_3_11[2]". Without this partial route, timing analysis to/from this port will not be accurate, and no routing information for this port can be exported.
WARNING: [Route 35-198] Port "input_3_11[1]" does not have an associated HD.PARTPIN_LOCS, which will prevent the partial routing of the signal "input_3_11[1]". Without this partial route, timing analysis to/from this port will not be accurate, and no routing information for this port can be exported.
WARNING: [Route 35-198] Port "input_3_11[0]" does not have an associated HD.PARTPIN_LOCS, which will prevent the partial routing of the signal "input_3_11[0]". Without this partial route, timing analysis to/from this port will not be accurate, and no routing information for this port can be exported.
WARNING: [Route 35-198] Port "input_4_9[6]" does not have an associated HD.PARTPIN_LOCS, which will prevent the partial routing of the signal "input_4_9[6]". Without this partial route, timing analysis to/from this port will not be accurate, and no routing information for this port can be exported.
WARNING: [Route 35-198] Port "input_7_9[6]" does not have an associated HD.PARTPIN_LOCS, which will prevent the partial routing of the signal "input_7_9[6]". Without this partial route, timing analysis to/from this port will not be accurate, and no routing information for this port can be exported.
WARNING: [Route 35-198] Port "input_7_9[5]" does not have an associated HD.PARTPIN_LOCS, which will prevent the partial routing of the signal "input_7_9[5]". Without this partial route, timing analysis to/from this port will not be accurate, and no routing information for this port can be exported.
WARNING: [Route 35-198] Port "input_3_15[6]" does not have an associated HD.PARTPIN_LOCS, which will prevent the partial routing of the signal "input_3_15[6]". Without this partial route, timing analysis to/from this port will not be accurate, and no routing information for this port can be exported.
WARNING: [Route 35-198] Port "input_3_15[5]" does not have an associated HD.PARTPIN_LOCS, which will prevent the partial routing of the signal "input_3_15[5]". Without this partial route, timing analysis to/from this port will not be accurate, and no routing information for this port can be exported.
WARNING: [Route 35-198] Port "input_3_15[4]" does not have an associated HD.PARTPIN_LOCS, which will prevent the partial routing of the signal "input_3_15[4]". Without this partial route, timing analysis to/from this port will not be accurate, and no routing information for this port can be exported.
WARNING: [Route 35-198] Port "input_3_15[3]" does not have an associated HD.PARTPIN_LOCS, which will prevent the partial routing of the signal "input_3_15[3]". Without this partial route, timing analysis to/from this port will not be accurate, and no routing information for this port can be exported.
WARNING: [Route 35-198] Port "input_3_15[2]" does not have an associated HD.PARTPIN_LOCS, which will prevent the partial routing of the signal "input_3_15[2]". Without this partial route, timing analysis to/from this port will not be accurate, and no routing information for this port can be exported.
WARNING: [Route 35-198] Port "input_3_15[1]" does not have an associated HD.PARTPIN_LOCS, which will prevent the partial routing of the signal "input_3_15[1]". Without this partial route, timing analysis to/from this port will not be accurate, and no routing information for this port can be exported.
WARNING: [Route 35-198] Port "input_3_15[0]" does not have an associated HD.PARTPIN_LOCS, which will prevent the partial routing of the signal "input_3_15[0]". Without this partial route, timing analysis to/from this port will not be accurate, and no routing information for this port can be exported.
WARNING: [Route 35-198] Port "input_7_15[7]" does not have an associated HD.PARTPIN_LOCS, which will prevent the partial routing of the signal "input_7_15[7]". Without this partial route, timing analysis to/from this port will not be accurate, and no routing information for this port can be exported.
WARNING: [Route 35-198] Port "input_1_15[7]" does not have an associated HD.PARTPIN_LOCS, which will prevent the partial routing of the signal "input_1_15[7]". Without this partial route, timing analysis to/from this port will not be accurate, and no routing information for this port can be exported.
WARNING: [Route 35-198] Port "input_5_15[3]" does not have an associated HD.PARTPIN_LOCS, which will prevent the partial routing of the signal "input_5_15[3]". Without this partial route, timing analysis to/from this port will not be accurate, and no routing information for this port can be exported.
WARNING: [Route 35-198] Port "input_5_15[2]" does not have an associated HD.PARTPIN_LOCS, which will prevent the partial routing of the signal "input_5_15[2]". Without this partial route, timing analysis to/from this port will not be accurate, and no routing information for this port can be exported.
WARNING: [Route 35-198] Port "input_5_15[1]" does not have an associated HD.PARTPIN_LOCS, which will prevent the partial routing of the signal "input_5_15[1]". Without this partial route, timing analysis to/from this port will not be accurate, and no routing information for this port can be exported.
WARNING: [Route 35-198] Port "input_5_15[0]" does not have an associated HD.PARTPIN_LOCS, which will prevent the partial routing of the signal "input_5_15[0]". Without this partial route, timing analysis to/from this port will not be accurate, and no routing information for this port can be exported.
WARNING: [Route 35-198] Port "input_1_15[5]" does not have an associated HD.PARTPIN_LOCS, which will prevent the partial routing of the signal "input_1_15[5]". Without this partial route, timing analysis to/from this port will not be accurate, and no routing information for this port can be exported.
WARNING: [Route 35-198] Port "input_1_15[4]" does not have an associated HD.PARTPIN_LOCS, which will prevent the partial routing of the signal "input_1_15[4]". Without this partial route, timing analysis to/from this port will not be accurate, and no routing information for this port can be exported.
WARNING: [Route 35-198] Port "input_1_15[3]" does not have an associated HD.PARTPIN_LOCS, which will prevent the partial routing of the signal "input_1_15[3]". Without this partial route, timing analysis to/from this port will not be accurate, and no routing information for this port can be exported.
WARNING: [Route 35-198] Port "input_1_15[2]" does not have an associated HD.PARTPIN_LOCS, which will prevent the partial routing of the signal "input_1_15[2]". Without this partial route, timing analysis to/from this port will not be accurate, and no routing information for this port can be exported.
INFO: [Common 17-14] Message 'Route 35-198' appears 100 times and further instances of the messages will be disabled. Use the Tcl command set_msg_config to change the current settings.
Post Restoration Checksum: NetGraph: c6ceb19a | NumContArr: 3a10239a | Constraints: c2a8fa9d | Timing: c2a8fa9d
Phase 1 Build RT Design | Checksum: 28630ca6e

Time (s): cpu = 00:00:21 ; elapsed = 00:00:08 . Memory (MB): peak = 8033.938 ; gain = 0.000 ; free physical = 372926 ; free virtual = 441900

Phase 2 Router Initialization

Phase 2.1 Fix Topology Constraints
Phase 2.1 Fix Topology Constraints | Checksum: 28630ca6e

Time (s): cpu = 00:00:21 ; elapsed = 00:00:09 . Memory (MB): peak = 8033.938 ; gain = 0.000 ; free physical = 372925 ; free virtual = 441900

Phase 2.2 Pre Route Cleanup
Phase 2.2 Pre Route Cleanup | Checksum: 28630ca6e

Time (s): cpu = 00:00:21 ; elapsed = 00:00:09 . Memory (MB): peak = 8033.938 ; gain = 0.000 ; free physical = 372925 ; free virtual = 441900

Phase 2.3 Global Clock Net Routing
Phase 2.3 Global Clock Net Routing | Checksum: 28630ca6e

Time (s): cpu = 00:00:34 ; elapsed = 00:00:11 . Memory (MB): peak = 9225.680 ; gain = 1191.742 ; free physical = 371513 ; free virtual = 440488

Phase 2.4 Update Timing
Phase 2.4 Update Timing | Checksum: 26a88bf42

Time (s): cpu = 00:00:44 ; elapsed = 00:00:13 . Memory (MB): peak = 9225.680 ; gain = 1191.742 ; free physical = 371513 ; free virtual = 440488
INFO: [Route 35-416] Intermediate Timing Summary | WNS=-1.625 | TNS=-402.295| WHS=-1.905 | THS=-1892.304|


Phase 2.5 Soft Constraint Pins - Fast Budgeting
Phase 2.5 Soft Constraint Pins - Fast Budgeting | Checksum: 23532b96b

Time (s): cpu = 00:00:59 ; elapsed = 00:00:17 . Memory (MB): peak = 9225.680 ; gain = 1191.742 ; free physical = 371514 ; free virtual = 440489

Router Utilization Summary
  Global Vertical Routing Utilization    = 0 %
  Global Horizontal Routing Utilization  = 0 %
  Routable Net Status*
  *Does not include unroutable nets such as driverless and loadless.
  Run report_route_status for detailed report.
  Number of Failed Nets               = 28581
    (Failed Nets is the sum of unrouted and partially routed nets)
  Number of Unrouted Nets             = 27784
  Number of Partially Routed Nets     = 797
  Number of Node Overlaps             = 0

Phase 2 Router Initialization | Checksum: 218cd19bf

Time (s): cpu = 00:01:12 ; elapsed = 00:00:20 . Memory (MB): peak = 9267.438 ; gain = 1233.500 ; free physical = 371478 ; free virtual = 440454

Phase 3 Global Routing

Phase 3.1 SLL Assignment
Number SLLs per Column: 1440
Estimated SLL Demand Per Column: 
  SLR [2-3]        0 (  0%)     0 (  0%)     0 (  0%)     0 (  0%)     0 (  0%)     0 (  0%)     0 (  0%)     0 (  0%)     0 (  0%)     0 (  0%)     0 (  0%)     0 (  0%)     0 (  0%)     0 (  0%)     0 (  0%)     0 (  0%)  Demand:     0 Available: 23040 Utilization(%): 0.00
  SLR [1-2]        0 (  0%)     0 (  0%)     0 (  0%)     0 (  0%)     0 (  0%)     0 (  0%)     0 (  0%)     0 (  0%)     0 (  0%)     0 (  0%)     0 (  0%)     0 (  0%)     0 (  0%)     0 (  0%)     0 (  0%)     0 (  0%)  Demand:     0 Available: 23040 Utilization(%): 0.00
  SLR [0-1]        0 (  0%)     0 (  0%)     0 (  0%)     0 (  0%)     0 (  0%)     0 (  0%)     0 (  0%)     0 (  0%)     0 (  0%)     0 (  0%)     0 (  0%)     0 (  0%)     0 (  0%)     0 (  0%)     0 (  0%)     0 (  0%)  Demand:     0 Available: 23040 Utilization(%): 0.00
Phase 3.1 SLL Assignment | Checksum: 218cd19bf

Time (s): cpu = 00:01:14 ; elapsed = 00:00:20 . Memory (MB): peak = 9267.438 ; gain = 1233.500 ; free physical = 371478 ; free virtual = 440454
Phase 3 Global Routing | Checksum: 218cd19bf

Time (s): cpu = 00:01:14 ; elapsed = 00:00:20 . Memory (MB): peak = 9267.438 ; gain = 1233.500 ; free physical = 371478 ; free virtual = 440454

Phase 4 Initial Routing

Phase 4.1 Initial Net Routing Pass
Phase 4.1 Initial Net Routing Pass | Checksum: 1c596aafb

Time (s): cpu = 00:01:22 ; elapsed = 00:00:23 . Memory (MB): peak = 9267.438 ; gain = 1233.500 ; free physical = 371478 ; free virtual = 440454
Phase 4 Initial Routing | Checksum: 1c40f9b2e

Time (s): cpu = 00:01:23 ; elapsed = 00:00:23 . Memory (MB): peak = 9267.438 ; gain = 1233.500 ; free physical = 371478 ; free virtual = 440454
INFO: [Route 35-580] Design has 1024 pins with tight setup and hold constraints.

The top 5 pins with tight setup and hold constraints:

+====================+===================+===============================+
| Launch Setup Clock | Launch Hold Clock | Pin                           |
+====================+===================+===============================+
| ap_clk             | ap_clk            | input_3_4_0_data_reg_reg[3]/D |
| ap_clk             | ap_clk            | input_3_4_0_data_reg_reg[1]/D |
| ap_clk             | ap_clk            | input_3_4_0_data_reg_reg[7]/D |
| ap_clk             | ap_clk            | input_3_4_0_data_reg_reg[0]/D |
| ap_clk             | ap_clk            | input_3_4_0_data_reg_reg[5]/D |
+--------------------+-------------------+-------------------------------+

File with complete list of pins: tight_setup_hold_pins.txt


Phase 5 Rip-up And Reroute

Phase 5.1 Global Iteration 0
 Number of Nodes with overlaps = 1260
 Number of Nodes with overlaps = 58
 Number of Nodes with overlaps = 3
 Number of Nodes with overlaps = 0
INFO: [Route 35-416] Intermediate Timing Summary | WNS=-1.625 | TNS=-402.492| WHS=-3.184 | THS=-3163.778|

Phase 5.1 Global Iteration 0 | Checksum: 25a7df22f

Time (s): cpu = 00:01:57 ; elapsed = 00:00:34 . Memory (MB): peak = 9267.438 ; gain = 1233.500 ; free physical = 371480 ; free virtual = 440456

Phase 5.2 Global Iteration 1
 Number of Nodes with overlaps = 5
 Number of Nodes with overlaps = 3
 Number of Nodes with overlaps = 2
 Number of Nodes with overlaps = 1
 Number of Nodes with overlaps = 0
INFO: [Route 35-416] Intermediate Timing Summary | WNS=-1.625 | TNS=-402.295| WHS=N/A    | THS=N/A    |

Phase 5.2 Global Iteration 1 | Checksum: 2180de7c6

Time (s): cpu = 00:02:08 ; elapsed = 00:00:40 . Memory (MB): peak = 9267.438 ; gain = 1233.500 ; free physical = 371485 ; free virtual = 440461

Phase 5.3 Global Iteration 2
 Number of Nodes with overlaps = 16
 Number of Nodes with overlaps = 7
 Number of Nodes with overlaps = 2
 Number of Nodes with overlaps = 1
 Number of Nodes with overlaps = 1
 Number of Nodes with overlaps = 0
INFO: [Route 35-416] Intermediate Timing Summary | WNS=-1.625 | TNS=-402.295| WHS=N/A    | THS=N/A    |

Phase 5.3 Global Iteration 2 | Checksum: 2b5ae0d17

Time (s): cpu = 00:02:19 ; elapsed = 00:00:48 . Memory (MB): peak = 9267.438 ; gain = 1233.500 ; free physical = 371488 ; free virtual = 440464
Phase 5 Rip-up And Reroute | Checksum: 2b5ae0d17

Time (s): cpu = 00:02:19 ; elapsed = 00:00:48 . Memory (MB): peak = 9267.438 ; gain = 1233.500 ; free physical = 371488 ; free virtual = 440464

Phase 6 Delay and Skew Optimization

Phase 6.1 TNS Cleanup

Phase 6.1.1 Delay CleanUp
INFO: [Route 35-416] Intermediate Timing Summary | WNS=-1.625 | TNS=-402.295| WHS=-3.184 | THS=-3163.413|

INFO: [Route 35-416] Intermediate Timing Summary | WNS=-1.625 | TNS=-402.295| WHS=-3.184 | THS=-3163.413|

Phase 6.1.1 Delay CleanUp | Checksum: 2f82e3da4

Time (s): cpu = 00:02:30 ; elapsed = 00:00:50 . Memory (MB): peak = 9267.438 ; gain = 1233.500 ; free physical = 371488 ; free virtual = 440464
Phase 6.1 TNS Cleanup | Checksum: 2f82e3da4

Time (s): cpu = 00:02:30 ; elapsed = 00:00:50 . Memory (MB): peak = 9267.438 ; gain = 1233.500 ; free physical = 371488 ; free virtual = 440464

Phase 6.2 Clock Skew Optimization
Phase 6.2 Clock Skew Optimization | Checksum: 2f82e3da4

Time (s): cpu = 00:02:31 ; elapsed = 00:00:50 . Memory (MB): peak = 9267.438 ; gain = 1233.500 ; free physical = 371488 ; free virtual = 440464
Phase 6 Delay and Skew Optimization | Checksum: 2f82e3da4

Time (s): cpu = 00:02:31 ; elapsed = 00:00:50 . Memory (MB): peak = 9267.438 ; gain = 1233.500 ; free physical = 371488 ; free virtual = 440464

Phase 7 Post Hold Fix

Phase 7.1 Hold Fix Iter
INFO: [Route 35-416] Intermediate Timing Summary | WNS=-1.625 | TNS=-402.295| WHS=-3.184 | THS=-3163.413|

Phase 7.1 Hold Fix Iter | Checksum: 23a1feb98

Time (s): cpu = 00:02:40 ; elapsed = 00:00:52 . Memory (MB): peak = 9267.438 ; gain = 1233.500 ; free physical = 371489 ; free virtual = 440465

Phase 7.2 Non Free Resource Hold Fix Iter
Phase 7.2 Non Free Resource Hold Fix Iter | Checksum: 2a66921ca

Time (s): cpu = 00:02:40 ; elapsed = 00:00:52 . Memory (MB): peak = 9267.438 ; gain = 1233.500 ; free physical = 371489 ; free virtual = 440465
Phase 7 Post Hold Fix | Checksum: 2a66921ca

Time (s): cpu = 00:02:40 ; elapsed = 00:00:52 . Memory (MB): peak = 9267.438 ; gain = 1233.500 ; free physical = 371489 ; free virtual = 440465

Phase 8 Route finalize

Router Utilization Summary
  Global Vertical Routing Utilization    = 0.107992 %
  Global Horizontal Routing Utilization  = 0.136628 %
  Routable Net Status*
  *Does not include unroutable nets such as driverless and loadless.
  Run report_route_status for detailed report.
  Number of Failed Nets               = 0
    (Failed Nets is the sum of unrouted and partially routed nets)
  Number of Unrouted Nets             = 0
  Number of Partially Routed Nets     = 0
  Number of Node Overlaps             = 0


--GLOBAL Congestion:
Utilization threshold used for congestion level computation: 0.85
Congestion Report
North Dir 1x1 Area, Max Cong = 26.7606%, No Congested Regions.
South Dir 1x1 Area, Max Cong = 48.8152%, No Congested Regions.
East Dir 1x1 Area, Max Cong = 49.0385%, No Congested Regions.
West Dir 1x1 Area, Max Cong = 50.9615%, No Congested Regions.

------------------------------
Reporting congestion hotspots
------------------------------
Direction: North
----------------
Congested clusters found at Level 0
Effective congestion level: 0 Aspect Ratio: 1 Sparse Ratio: 0
Direction: South
----------------
Congested clusters found at Level 0
Effective congestion level: 0 Aspect Ratio: 1 Sparse Ratio: 0
Direction: East
----------------
Congested clusters found at Level 0
Effective congestion level: 0 Aspect Ratio: 1 Sparse Ratio: 0
Direction: West
----------------
Congested clusters found at Level 0
Effective congestion level: 0 Aspect Ratio: 1 Sparse Ratio: 0

Phase 8 Route finalize | Checksum: 2a66921ca

Time (s): cpu = 00:02:42 ; elapsed = 00:00:53 . Memory (MB): peak = 9267.438 ; gain = 1233.500 ; free physical = 371489 ; free virtual = 440465

Phase 9 Verifying routed nets

 Verification completed successfully
Phase 9 Verifying routed nets | Checksum: 2a66921ca

Time (s): cpu = 00:02:42 ; elapsed = 00:00:53 . Memory (MB): peak = 9267.438 ; gain = 1233.500 ; free physical = 371489 ; free virtual = 440465

Phase 10 Depositing Routes
Phase 10 Depositing Routes | Checksum: 2a66921ca

Time (s): cpu = 00:02:44 ; elapsed = 00:00:54 . Memory (MB): peak = 9267.438 ; gain = 1233.500 ; free physical = 371487 ; free virtual = 440463

Phase 11 Resolve XTalk
Phase 11 Resolve XTalk | Checksum: 2a66921ca

Time (s): cpu = 00:02:44 ; elapsed = 00:00:54 . Memory (MB): peak = 9267.438 ; gain = 1233.500 ; free physical = 371487 ; free virtual = 440463

Phase 12 Post Process Routing
WARNING: [Route 35-426]  Router was unable to fix hold violation on pins with fixed or dedicated routing. The router cannot add routing detours to improve hold time because the pins fall under one or more of the listed categories: partition pins, fixed routes and intra-site connections.
Resolution: Run report_timing_summary to analyze the hold violations.
Phase 12 Post Process Routing | Checksum: 272ee3966

Time (s): cpu = 00:02:44 ; elapsed = 00:00:54 . Memory (MB): peak = 9267.438 ; gain = 1233.500 ; free physical = 371487 ; free virtual = 440463

Phase 13 Post Router Timing

Phase 13.1 Update Timing
Phase 13.1 Update Timing | Checksum: 272ee3966

Time (s): cpu = 00:02:56 ; elapsed = 00:00:56 . Memory (MB): peak = 9267.438 ; gain = 1233.500 ; free physical = 371487 ; free virtual = 440463
INFO: [Route 35-57] Estimated Timing Summary | WNS=-1.625 | TNS=-402.295| WHS=-3.184 | THS=-3163.413|

WARNING: [Route 35-328] Router estimated timing not met.
Resolution: For a complete and accurate timing signoff, report_timing_summary must be run after route_design. Alternatively, route_design can be run with the -timing_summary option to enable a complete timing signoff at the end of route_design.
Phase 13 Post Router Timing | Checksum: 272ee3966

Time (s): cpu = 00:02:56 ; elapsed = 00:00:56 . Memory (MB): peak = 9267.438 ; gain = 1233.500 ; free physical = 371487 ; free virtual = 440463
Found no candidate nets for laguna hold fix
Time taken to check if laguna hold fix is required (in secs): 0.04

Phase 14 Physical Synthesis in Router

Phase 14.1 Physical Synthesis Initialization
INFO: [Place 30-3164] Check ILP status : ILP-based clock placer is skipped.
INFO: [Physopt 32-668] Current Timing Summary | WNS=-1.625 | TNS=-402.295 | WHS=-3.158 | THS=-3138.524 |
Phase 14.1 Physical Synthesis Initialization | Checksum: 272ee3966

Time (s): cpu = 00:03:48 ; elapsed = 00:01:31 . Memory (MB): peak = 9491.547 ; gain = 1457.609 ; free physical = 371495 ; free virtual = 440471
WARNING: [Physopt 32-745] Physical Optimization has determined that the magnitude of the negative slack is too large and it is highly unlikely that slack will be improved. Post-Route Physical Optimization is most effective when WNS is above -0.5ns

Phase 14.2 Critical Path Optimization
INFO: [Physopt 32-668] Current Timing Summary | WNS=-1.625 | TNS=-402.295 | WHS=-3.158 | THS=-3138.524 |
INFO: [Physopt 32-668] Current Timing Summary | WNS=-1.625 | TNS=-402.295 | WHS=-3.158 | THS=-3138.524 |
Netlist sorting complete. Time (s): cpu = 00:00:00.01 ; elapsed = 00:00:00.01 . Memory (MB): peak = 9491.547 ; gain = 0.000 ; free physical = 371495 ; free virtual = 440471
Phase 14.2 Critical Path Optimization | Checksum: 272ee3966

Time (s): cpu = 00:03:50 ; elapsed = 00:01:31 . Memory (MB): peak = 9491.547 ; gain = 1457.609 ; free physical = 371495 ; free virtual = 440471
Netlist sorting complete. Time (s): cpu = 00:00:00.01 ; elapsed = 00:00:00.01 . Memory (MB): peak = 9491.547 ; gain = 0.000 ; free physical = 371495 ; free virtual = 440471
INFO: [Physopt 32-669] Post Physical Optimization Timing Summary | WNS=-1.625 | TNS=-402.295 | WHS=-3.158 | THS=-3138.524 |
Netlist sorting complete. Time (s): cpu = 00:00:00 ; elapsed = 00:00:00 . Memory (MB): peak = 9491.547 ; gain = 0.000 ; free physical = 371495 ; free virtual = 440471
Phase 14 Physical Synthesis in Router | Checksum: 263671809

Time (s): cpu = 00:03:52 ; elapsed = 00:01:32 . Memory (MB): peak = 9491.547 ; gain = 1457.609 ; free physical = 371495 ; free virtual = 440471

Phase 15 Route finalize
Phase 15 Route finalize | Checksum: 263671809

Time (s): cpu = 00:03:52 ; elapsed = 00:01:32 . Memory (MB): peak = 9491.547 ; gain = 1457.609 ; free physical = 371495 ; free virtual = 440471
CRITICAL WARNING: [Route 35-39] The design did not meet timing requirements. Please run report_timing_summary for detailed reports.
Resolution: Verify that the timing was met or had small violations at all previous steps (synthesis, placement, power_opt, and phys_opt). Run report_timing_summary and analyze individual timing paths.
INFO: [Route 35-253] TNS is the sum of the worst slack violation on every endpoint in the design. Review the paths with the biggest WNS violations in the timing reports and modify your constraints or your design to improve both WNS and TNS.
Total Elapsed time in route_design: 92.36 secs

Phase 16 Post-Route Event Processing
Phase 16 Post-Route Event Processing | Checksum: 1c70e0bfa

Time (s): cpu = 00:03:52 ; elapsed = 00:01:33 . Memory (MB): peak = 9491.547 ; gain = 1457.609 ; free physical = 371495 ; free virtual = 440472
INFO: [Route 35-16] Router Completed Successfully
Ending Routing Task | Checksum: 1c70e0bfa

Time (s): cpu = 00:03:53 ; elapsed = 00:01:33 . Memory (MB): peak = 9491.547 ; gain = 1457.609 ; free physical = 371495 ; free virtual = 440472

Routing Is Done.
INFO: [Common 17-83] Releasing license: Implementation
22 Infos, 103 Warnings, 1 Critical Warnings and 0 Errors encountered.
route_design completed successfully
route_design: Time (s): cpu = 00:03:53 ; elapsed = 00:01:53 . Memory (MB): peak = 9491.547 ; gain = 1457.609 ; free physical = 371495 ; free virtual = 440472
# write_checkpoint \
#     -force \
#     [
#         file join \
#             $output_dir \
#             post_route_before_physopt.dcp
#     ]
INFO: [Timing 38-480] Writing timing data to binary archive.
Write ShapeDB Complete: Time (s): cpu = 00:00:00.01 ; elapsed = 00:00:00.02 . Memory (MB): peak = 9491.547 ; gain = 0.000 ; free physical = 371496 ; free virtual = 440473
Wrote PlaceDB: Time (s): cpu = 00:00:02 ; elapsed = 00:00:00.83 . Memory (MB): peak = 9491.547 ; gain = 0.000 ; free physical = 371454 ; free virtual = 440471
Wrote PulsedLatchDB: Time (s): cpu = 00:00:00 ; elapsed = 00:00:00 . Memory (MB): peak = 9491.547 ; gain = 0.000 ; free physical = 371455 ; free virtual = 440472
Writing XDEF routing.
Writing XDEF routing logical nets.
Writing XDEF routing special nets.
Wrote RouteStorage: Time (s): cpu = 00:00:00.26 ; elapsed = 00:00:00.19 . Memory (MB): peak = 9491.547 ; gain = 0.000 ; free physical = 371454 ; free virtual = 440473
Wrote Netlist Cache: Time (s): cpu = 00:00:00.04 ; elapsed = 00:00:00.05 . Memory (MB): peak = 9491.547 ; gain = 0.000 ; free physical = 371449 ; free virtual = 440473
Wrote Device Cache: Time (s): cpu = 00:00:00.01 ; elapsed = 00:00:00.01 . Memory (MB): peak = 9491.547 ; gain = 0.000 ; free physical = 371448 ; free virtual = 440473
Write Physdb Complete: Time (s): cpu = 00:00:02 ; elapsed = 00:00:02 . Memory (MB): peak = 9491.547 ; gain = 0.000 ; free physical = 371448 ; free virtual = 440473
INFO: [Common 17-1381] The checkpoint '/mnt_pool/c3_users/user/pleguina/graphsage_vivado_2024_1_sweep/build/vivado_sweep/graphsage_19c_const_freerun_extra_net_delay/post_route_before_physopt.dcp' has been generated.
# report_timing_summary \
#     -delay_type min_max \
#     -max_paths 100 \
#     -file [
#         file join \
#             $reports_dir \
#             timing_post_route_before_physopt.rpt
#     ]
INFO: [Timing 38-91] UpdateTimingParams: Speed grade: -1, Temperature grade: E, Delay Type: min_max.
INFO: [Timing 38-191] Multithreading enabled for timing update using a maximum of 32 CPUs
# report_route_status \
#     -file [
#         file join \
#             $reports_dir \
#             route_status_before_physopt.rpt
#     ]
# if {$use_post_phys} {
# 
#     puts "============================================================"
#     puts "STARTING_DEFAULT_POST_ROUTE_PHYS_OPT"
#     puts "============================================================"
# 
#     phys_opt_design
# }
# write_checkpoint \
#     -force \
#     [
#         file join \
#             $output_dir \
#             final.dcp
#     ]
INFO: [Timing 38-480] Writing timing data to binary archive.
Write ShapeDB Complete: Time (s): cpu = 00:00:00.03 ; elapsed = 00:00:00.02 . Memory (MB): peak = 9491.547 ; gain = 0.000 ; free physical = 371437 ; free virtual = 440428
Wrote PlaceDB: Time (s): cpu = 00:00:02 ; elapsed = 00:00:00.84 . Memory (MB): peak = 9491.547 ; gain = 0.000 ; free physical = 371396 ; free virtual = 440427
Wrote PulsedLatchDB: Time (s): cpu = 00:00:00 ; elapsed = 00:00:00 . Memory (MB): peak = 9491.547 ; gain = 0.000 ; free physical = 371397 ; free virtual = 440428
Writing XDEF routing.
Writing XDEF routing logical nets.
Writing XDEF routing special nets.
Wrote RouteStorage: Time (s): cpu = 00:00:00.26 ; elapsed = 00:00:00.19 . Memory (MB): peak = 9491.547 ; gain = 0.000 ; free physical = 371396 ; free virtual = 440429
Wrote Netlist Cache: Time (s): cpu = 00:00:00.04 ; elapsed = 00:00:00.04 . Memory (MB): peak = 9491.547 ; gain = 0.000 ; free physical = 371391 ; free virtual = 440429
Wrote Device Cache: Time (s): cpu = 00:00:00.01 ; elapsed = 00:00:00.02 . Memory (MB): peak = 9491.547 ; gain = 0.000 ; free physical = 371390 ; free virtual = 440429
Write Physdb Complete: Time (s): cpu = 00:00:02 ; elapsed = 00:00:02 . Memory (MB): peak = 9491.547 ; gain = 0.000 ; free physical = 371390 ; free virtual = 440430
INFO: [Common 17-1381] The checkpoint '/mnt_pool/c3_users/user/pleguina/graphsage_vivado_2024_1_sweep/build/vivado_sweep/graphsage_19c_const_freerun_extra_net_delay/final.dcp' has been generated.
# report_timing_summary \
#     -delay_type min_max \
#     -max_paths 100 \
#     -report_unconstrained \
#     -check_timing_verbose \
#     -file [
#         file join \
#             $reports_dir \
#             timing_final.rpt
#     ]
INFO: [Timing 38-91] UpdateTimingParams: Speed grade: -1, Temperature grade: E, Delay Type: min_max.
INFO: [Timing 38-191] Multithreading enabled for timing update using a maximum of 32 CPUs
# report_internal_timing $reports_dir final
INFO: [Timing 38-91] UpdateTimingParams: Speed grade: -1, Temperature grade: E, Delay Type: max.
INFO: [Timing 38-191] Multithreading enabled for timing update using a maximum of 32 CPUs
INFO: [Timing 38-78] ReportTimingParams: -from_pins  -to_pins  -max_paths 100 -nworst 1 -delay_type max -sort_by slack.
INFO: [Timing 38-91] UpdateTimingParams: Speed grade: -1, Temperature grade: E, Delay Type: min.
INFO: [Timing 38-191] Multithreading enabled for timing update using a maximum of 32 CPUs
INFO: [Timing 38-78] ReportTimingParams: -from_pins  -to_pins  -max_paths 100 -nworst 1 -delay_type min -sort_by slack.
# report_timing \
#     -delay_type max \
#     -max_paths 100 \
#     -file [
#         file join \
#             $reports_dir \
#             worst_setup_paths.rpt
#     ]
INFO: [Timing 38-91] UpdateTimingParams: Speed grade: -1, Temperature grade: E, Delay Type: max.
INFO: [Timing 38-191] Multithreading enabled for timing update using a maximum of 32 CPUs
INFO: [Timing 38-78] ReportTimingParams: -max_paths 100 -nworst 1 -delay_type max -sort_by slack.
# report_route_status \
#     -file [
#         file join \
#             $reports_dir \
#             route_status.rpt
#     ]
# report_design_analysis \
#     -congestion \
#     -file [
#         file join \
#             $reports_dir \
#             congestion_final.rpt
#     ]
# report_design_analysis \
#     -complexity \
#     -hierarchical_depth 4 \
#     -file [
#         file join \
#             $reports_dir \
#             complexity_final.rpt
#     ]
# report_utilization \
#     -file [
#         file join \
#             $reports_dir \
#             utilization_final.rpt
#     ]
# report_utilization \
#     -hierarchical \
#     -file [
#         file join \
#             $reports_dir \
#             utilization_hier_final.rpt
#     ]
# report_utilization \
#     -slr \
#     -file [
#         file join \
#             $reports_dir \
#             utilization_slr_final.rpt
#     ]
# report_high_fanout_nets \
#     -file [
#         file join \
#             $reports_dir \
#             high_fanout_final.rpt
#     ]
# report_methodology \
#     -file [
#         file join \
#             $reports_dir \
#             methodology_final.rpt
#     ]
Command: report_methodology -file /mnt_pool/c3_users/user/pleguina/graphsage_vivado_2024_1_sweep/build/vivado_sweep/graphsage_19c_const_freerun_extra_net_delay/reports/methodology_final.rpt
INFO: [Timing 38-35] Done setting XDC timing constraints.
INFO: [DRC 23-133] Running Methodology with 32 threads
WARNING: [DRC 23-814] Not all possible (connectivity based) DRCs may have been run because this design is seen as Out of Context.
INFO: [Vivado_Tcl 2-1520] The results of Report Methodology are in file /mnt_pool/c3_users/user/pleguina/graphsage_vivado_2024_1_sweep/build/vivado_sweep/graphsage_19c_const_freerun_extra_net_delay/reports/methodology_final.rpt.
report_methodology completed successfully
# report_qor_suggestions \
#     -file [
#         file join \
#             $reports_dir \
#             qor_suggestions_final.rpt
#     ]
Command: report_qor_suggestions -file /mnt_pool/c3_users/user/pleguina/graphsage_vivado_2024_1_sweep/build/vivado_sweep/graphsage_19c_const_freerun_extra_net_delay/reports/qor_suggestions_final.rpt
Congestion Prediction Time (s): cpu = 00:00:00.72 ; elapsed = 00:00:00.79 . Memory (MB): peak = 9747.672 ; gain = 0.000 ; free physical = 371373 ; free virtual = 440379
INFO: [Implflow 47-1309] PredResultString: 1:48.84:51.16
INFO: [Implflow 47-1276] The design is not compatible for suggesting strategy, as it was not run using vivado implementation default or vivado implementation explore strategy.
report_qor_suggestions completed successfully
# report_clocks \
#     -file [
#         file join \
#             $reports_dir \
#             clocks_final.rpt
#     ]
# report_clock_utilization \
#     -file [
#         file join \
#             $reports_dir \
#             clock_utilization_final.rpt
#     ]
report_clock_utilization: Time (s): cpu = 00:00:12 ; elapsed = 00:00:12 . Memory (MB): peak = 9747.672 ; gain = 0.000 ; free physical = 371383 ; free virtual = 440390
# report_drc \
#     -file [
#         file join \
#             $reports_dir \
#             drc_final.rpt
#     ]
Command: report_drc -file /mnt_pool/c3_users/user/pleguina/graphsage_vivado_2024_1_sweep/build/vivado_sweep/graphsage_19c_const_freerun_extra_net_delay/reports/drc_final.rpt
INFO: [IP_Flow 19-234] Refreshing IP repositories
INFO: [IP_Flow 19-1704] No user IP repositories specified
INFO: [IP_Flow 19-2313] Loaded Vivado IP repository '/mnt_pool/c3_users/vivado/2025.2/data/ip'.
INFO: [DRC 23-27] Running DRC with 32 threads
WARNING: [DRC 23-814] Not all possible (connectivity based) DRCs may have been run because this design is seen as Out of Context.
INFO: [Vivado_Tcl 2-168] The results of DRC are in file /mnt_pool/c3_users/user/pleguina/graphsage_vivado_2024_1_sweep/build/vivado_sweep/graphsage_19c_const_freerun_extra_net_delay/reports/drc_final.rpt.
report_drc completed successfully
report_drc: Time (s): cpu = 00:00:24 ; elapsed = 00:00:14 . Memory (MB): peak = 9747.672 ; gain = 0.000 ; free physical = 371390 ; free virtual = 440399
# set setup_wns [timing_slack max]
# set timing_met [
#     expr {
#         $setup_wns ne "NA"
#         && $setup_wns >= 0.0
#     }
# ]
# write_metadata \
#     [file join $output_dir metadata.txt] \
#     [expr {
#         $timing_met
#             ? "timing_met"
#             : "timing_failed"
#     }] \
#     $run_name \
#     $place_directive \
#     $route_directive \
#     $screen_only \
#     $use_tns_cleanup \
#     $use_post_phys \
#     $post_place_phys_directive \
#     $start_time
# puts "============================================================"
============================================================
# puts "RUN_COMPLETE=$run_name"
RUN_COMPLETE=graphsage_19c_const_freerun_extra_net_delay
# puts "SETUP_WNS_NS=$setup_wns"
SETUP_WNS_NS=-1.625
# puts "TIMING_MET=$timing_met"
TIMING_MET=0
# puts "============================================================"
============================================================
# exit [expr {$timing_met ? 0 : 2}]
INFO: [Common 17-206] Exiting Vivado at Fri Aug 21 08:32:38 2026...
