
****** Vivado v2025.2 (64-bit)
  **** SW Build 6299465 on Fri Nov 14 12:34:56 MST 2025
  **** IP Build 6300035 on Fri Nov 14 10:48:45 MST 2025
  **** SharedData Build 6298862 on Thu Nov 13 04:50:51 MST 2025
  **** Start of session at: Fri Aug 21 06:01:42 2026
    ** Copyright 1986-2022 Xilinx, Inc. All Rights Reserved.
    ** Copyright 2022-2025 Advanced Micro Devices, Inc. All Rights Reserved.

source hls/build_vivado_graphsage_19c_const_checkpoint.tcl
# set script_dir [file dirname [file normalize [info script]]]
# set repo_root [file normalize [file join $script_dir ..]]
# set rtl_dir [file join $repo_root build hls graphsage_int8_po2_19c_const_params solution1 syn verilog]
# set xdc_file [file join $script_dir graphsage_int8_po2_ooc.xdc]
# set output_dir [file join $repo_root build vivado_sweep graphsage_19c_const_build]
# set output_checkpoint [file join $repo_root build vivado_sweep graphsage_19c_const_post_synth.dcp]
# set top_function graphsage_int8_po2
# set part_name xcvu13p-fsga2577-1-e
# set rtl_files [glob -nocomplain [file join $rtl_dir *.v]]
# if {[llength $rtl_files] == 0} {
#     error "No constant-parameter HLS RTL found in $rtl_dir"
# }
# if {![file exists $xdc_file]} {
#     error "Missing OOC constraints: $xdc_file"
# }
# file mkdir $output_dir
# set vivado_threads [expr {
#     [info exists ::env(SLURM_CPUS_PER_TASK)] ? $::env(SLURM_CPUS_PER_TASK) : 4
# }]
# set_param general.maxThreads $vivado_threads
# puts "GRAPHSAGE_19C_CONST_RTL_DIR=$rtl_dir"
GRAPHSAGE_19C_CONST_RTL_DIR=/mnt_pool/c3_users/user/pleguina/graphsage_vivado_2024_1_sweep/build/hls/graphsage_int8_po2_19c_const_params/solution1/syn/verilog
# puts "GRAPHSAGE_19C_CONST_RTL_FILES=[llength $rtl_files]"
GRAPHSAGE_19C_CONST_RTL_FILES=17
# puts "GRAPHSAGE_19C_CONST_OUTPUT_CHECKPOINT=$output_checkpoint"
GRAPHSAGE_19C_CONST_OUTPUT_CHECKPOINT=/mnt_pool/c3_users/user/pleguina/graphsage_vivado_2024_1_sweep/build/vivado_sweep/graphsage_19c_const_post_synth.dcp
# read_verilog $rtl_files
read_verilog: Time (s): cpu = 00:00:05 ; elapsed = 00:00:16 . Memory (MB): peak = 2164.469 ; gain = 465.148 ; free physical = 379125 ; free virtual = 447337
# read_xdc $xdc_file
# synth_design \
#     -top $top_function \
#     -part $part_name \
#     -mode out_of_context \
#     -flatten_hierarchy rebuilt
Command: synth_design -top graphsage_int8_po2 -part xcvu13p-fsga2577-1-e -mode out_of_context -flatten_hierarchy rebuilt
Starting synth_design
Attempting to get a license for feature 'Synthesis' and/or device 'xcvu13p'
INFO: [Common 17-349] Got license for feature 'Synthesis' and/or device 'xcvu13p'
INFO: [Common 17-1540] The version limit for your license is '2026.02' and has expired for new software. A version limit expiration means that, although you may be able to continue to use the current version of tools or IP with this license, you will not be eligible for new releases.
INFO: [Device 21-403] Loading part xcvu13p-fsga2577-1-e
INFO: [Synth 8-7079] Multithreading enabled for synth_design using a maximum of 7 processes.
INFO: [Synth 8-7078] Launching helper process for spawning children vivado processes
INFO: [Synth 8-7075] Helper process launched with PID 1428911
---------------------------------------------------------------------------------
Starting RTL Elaboration : Time (s): cpu = 00:00:03 ; elapsed = 00:00:07 . Memory (MB): peak = 3433.805 ; gain = 353.688 ; free physical = 377353 ; free virtual = 445612
---------------------------------------------------------------------------------
INFO: [Synth 8-6157] synthesizing module 'graphsage_int8_po2' [/mnt_pool/c3_users/user/pleguina/graphsage_vivado_2024_1_sweep/build/hls/graphsage_int8_po2_19c_const_params/solution1/syn/verilog/graphsage_int8_po2.v:9]
INFO: [Synth 8-6157] synthesizing module 'graphsage_int8_po2_mul_4s_8ns_12_4_1' [/mnt_pool/c3_users/user/pleguina/graphsage_vivado_2024_1_sweep/build/hls/graphsage_int8_po2_19c_const_params/solution1/syn/verilog/graphsage_int8_po2_mul_4s_8ns_12_4_1.v:5]
	Parameter ID bound to: 1 - type: integer 
	Parameter NUM_STAGE bound to: 4 - type: integer 
	Parameter din0_WIDTH bound to: 4 - type: integer 
	Parameter din1_WIDTH bound to: 8 - type: integer 
	Parameter dout_WIDTH bound to: 12 - type: integer 
INFO: [Synth 8-6155] done synthesizing module 'graphsage_int8_po2_mul_4s_8ns_12_4_1' (0#1) [/mnt_pool/c3_users/user/pleguina/graphsage_vivado_2024_1_sweep/build/hls/graphsage_int8_po2_19c_const_params/solution1/syn/verilog/graphsage_int8_po2_mul_4s_8ns_12_4_1.v:5]
INFO: [Synth 8-6157] synthesizing module 'graphsage_int8_po2_mul_4s_6s_10_4_1' [/mnt_pool/c3_users/user/pleguina/graphsage_vivado_2024_1_sweep/build/hls/graphsage_int8_po2_19c_const_params/solution1/syn/verilog/graphsage_int8_po2_mul_4s_6s_10_4_1.v:5]
	Parameter ID bound to: 1 - type: integer 
	Parameter NUM_STAGE bound to: 4 - type: integer 
	Parameter din0_WIDTH bound to: 4 - type: integer 
	Parameter din1_WIDTH bound to: 6 - type: integer 
	Parameter dout_WIDTH bound to: 10 - type: integer 
INFO: [Synth 8-6155] done synthesizing module 'graphsage_int8_po2_mul_4s_6s_10_4_1' (0#1) [/mnt_pool/c3_users/user/pleguina/graphsage_vivado_2024_1_sweep/build/hls/graphsage_int8_po2_19c_const_params/solution1/syn/verilog/graphsage_int8_po2_mul_4s_6s_10_4_1.v:5]
INFO: [Synth 8-6157] synthesizing module 'graphsage_int8_po2_mul_4s_7ns_11_4_1' [/mnt_pool/c3_users/user/pleguina/graphsage_vivado_2024_1_sweep/build/hls/graphsage_int8_po2_19c_const_params/solution1/syn/verilog/graphsage_int8_po2_mul_4s_7ns_11_4_1.v:5]
	Parameter ID bound to: 1 - type: integer 
	Parameter NUM_STAGE bound to: 4 - type: integer 
	Parameter din0_WIDTH bound to: 4 - type: integer 
	Parameter din1_WIDTH bound to: 7 - type: integer 
	Parameter dout_WIDTH bound to: 11 - type: integer 
INFO: [Synth 8-6155] done synthesizing module 'graphsage_int8_po2_mul_4s_7ns_11_4_1' (0#1) [/mnt_pool/c3_users/user/pleguina/graphsage_vivado_2024_1_sweep/build/hls/graphsage_int8_po2_19c_const_params/solution1/syn/verilog/graphsage_int8_po2_mul_4s_7ns_11_4_1.v:5]
INFO: [Synth 8-6157] synthesizing module 'graphsage_int8_po2_mul_4s_8s_12_4_1' [/mnt_pool/c3_users/user/pleguina/graphsage_vivado_2024_1_sweep/build/hls/graphsage_int8_po2_19c_const_params/solution1/syn/verilog/graphsage_int8_po2_mul_4s_8s_12_4_1.v:5]
	Parameter ID bound to: 1 - type: integer 
	Parameter NUM_STAGE bound to: 4 - type: integer 
	Parameter din0_WIDTH bound to: 4 - type: integer 
	Parameter din1_WIDTH bound to: 8 - type: integer 
	Parameter dout_WIDTH bound to: 12 - type: integer 
INFO: [Synth 8-6155] done synthesizing module 'graphsage_int8_po2_mul_4s_8s_12_4_1' (0#1) [/mnt_pool/c3_users/user/pleguina/graphsage_vivado_2024_1_sweep/build/hls/graphsage_int8_po2_19c_const_params/solution1/syn/verilog/graphsage_int8_po2_mul_4s_8s_12_4_1.v:5]
INFO: [Synth 8-6157] synthesizing module 'graphsage_int8_po2_mul_4s_6ns_10_4_1' [/mnt_pool/c3_users/user/pleguina/graphsage_vivado_2024_1_sweep/build/hls/graphsage_int8_po2_19c_const_params/solution1/syn/verilog/graphsage_int8_po2_mul_4s_6ns_10_4_1.v:5]
	Parameter ID bound to: 1 - type: integer 
	Parameter NUM_STAGE bound to: 4 - type: integer 
	Parameter din0_WIDTH bound to: 4 - type: integer 
	Parameter din1_WIDTH bound to: 6 - type: integer 
	Parameter dout_WIDTH bound to: 10 - type: integer 
INFO: [Synth 8-6155] done synthesizing module 'graphsage_int8_po2_mul_4s_6ns_10_4_1' (0#1) [/mnt_pool/c3_users/user/pleguina/graphsage_vivado_2024_1_sweep/build/hls/graphsage_int8_po2_19c_const_params/solution1/syn/verilog/graphsage_int8_po2_mul_4s_6ns_10_4_1.v:5]
INFO: [Synth 8-6157] synthesizing module 'graphsage_int8_po2_mul_4s_7s_11_4_1' [/mnt_pool/c3_users/user/pleguina/graphsage_vivado_2024_1_sweep/build/hls/graphsage_int8_po2_19c_const_params/solution1/syn/verilog/graphsage_int8_po2_mul_4s_7s_11_4_1.v:5]
	Parameter ID bound to: 1 - type: integer 
	Parameter NUM_STAGE bound to: 4 - type: integer 
	Parameter din0_WIDTH bound to: 4 - type: integer 
	Parameter din1_WIDTH bound to: 7 - type: integer 
	Parameter dout_WIDTH bound to: 11 - type: integer 
INFO: [Synth 8-6155] done synthesizing module 'graphsage_int8_po2_mul_4s_7s_11_4_1' (0#1) [/mnt_pool/c3_users/user/pleguina/graphsage_vivado_2024_1_sweep/build/hls/graphsage_int8_po2_19c_const_params/solution1/syn/verilog/graphsage_int8_po2_mul_4s_7s_11_4_1.v:5]
INFO: [Synth 8-6157] synthesizing module 'graphsage_int8_po2_mul_4s_5ns_9_4_1' [/mnt_pool/c3_users/user/pleguina/graphsage_vivado_2024_1_sweep/build/hls/graphsage_int8_po2_19c_const_params/solution1/syn/verilog/graphsage_int8_po2_mul_4s_5ns_9_4_1.v:5]
	Parameter ID bound to: 1 - type: integer 
	Parameter NUM_STAGE bound to: 4 - type: integer 
	Parameter din0_WIDTH bound to: 4 - type: integer 
	Parameter din1_WIDTH bound to: 5 - type: integer 
	Parameter dout_WIDTH bound to: 9 - type: integer 
INFO: [Synth 8-6155] done synthesizing module 'graphsage_int8_po2_mul_4s_5ns_9_4_1' (0#1) [/mnt_pool/c3_users/user/pleguina/graphsage_vivado_2024_1_sweep/build/hls/graphsage_int8_po2_19c_const_params/solution1/syn/verilog/graphsage_int8_po2_mul_4s_5ns_9_4_1.v:5]
INFO: [Synth 8-6157] synthesizing module 'graphsage_int8_po2_mul_4s_3s_7_4_1' [/mnt_pool/c3_users/user/pleguina/graphsage_vivado_2024_1_sweep/build/hls/graphsage_int8_po2_19c_const_params/solution1/syn/verilog/graphsage_int8_po2_mul_4s_3s_7_4_1.v:5]
	Parameter ID bound to: 1 - type: integer 
	Parameter NUM_STAGE bound to: 4 - type: integer 
	Parameter din0_WIDTH bound to: 4 - type: integer 
	Parameter din1_WIDTH bound to: 3 - type: integer 
	Parameter dout_WIDTH bound to: 7 - type: integer 
INFO: [Synth 8-6155] done synthesizing module 'graphsage_int8_po2_mul_4s_3s_7_4_1' (0#1) [/mnt_pool/c3_users/user/pleguina/graphsage_vivado_2024_1_sweep/build/hls/graphsage_int8_po2_19c_const_params/solution1/syn/verilog/graphsage_int8_po2_mul_4s_3s_7_4_1.v:5]
INFO: [Synth 8-6157] synthesizing module 'graphsage_int8_po2_mul_4s_4ns_8_4_1' [/mnt_pool/c3_users/user/pleguina/graphsage_vivado_2024_1_sweep/build/hls/graphsage_int8_po2_19c_const_params/solution1/syn/verilog/graphsage_int8_po2_mul_4s_4ns_8_4_1.v:5]
	Parameter ID bound to: 1 - type: integer 
	Parameter NUM_STAGE bound to: 4 - type: integer 
	Parameter din0_WIDTH bound to: 4 - type: integer 
	Parameter din1_WIDTH bound to: 4 - type: integer 
	Parameter dout_WIDTH bound to: 8 - type: integer 
INFO: [Synth 8-6155] done synthesizing module 'graphsage_int8_po2_mul_4s_4ns_8_4_1' (0#1) [/mnt_pool/c3_users/user/pleguina/graphsage_vivado_2024_1_sweep/build/hls/graphsage_int8_po2_19c_const_params/solution1/syn/verilog/graphsage_int8_po2_mul_4s_4ns_8_4_1.v:5]
INFO: [Synth 8-6157] synthesizing module 'graphsage_int8_po2_mul_4s_5s_9_4_1' [/mnt_pool/c3_users/user/pleguina/graphsage_vivado_2024_1_sweep/build/hls/graphsage_int8_po2_19c_const_params/solution1/syn/verilog/graphsage_int8_po2_mul_4s_5s_9_4_1.v:5]
	Parameter ID bound to: 1 - type: integer 
	Parameter NUM_STAGE bound to: 4 - type: integer 
	Parameter din0_WIDTH bound to: 4 - type: integer 
	Parameter din1_WIDTH bound to: 5 - type: integer 
	Parameter dout_WIDTH bound to: 9 - type: integer 
INFO: [Synth 8-6155] done synthesizing module 'graphsage_int8_po2_mul_4s_5s_9_4_1' (0#1) [/mnt_pool/c3_users/user/pleguina/graphsage_vivado_2024_1_sweep/build/hls/graphsage_int8_po2_19c_const_params/solution1/syn/verilog/graphsage_int8_po2_mul_4s_5s_9_4_1.v:5]
INFO: [Synth 8-6157] synthesizing module 'graphsage_int8_po2_mul_4s_4s_8_4_1' [/mnt_pool/c3_users/user/pleguina/graphsage_vivado_2024_1_sweep/build/hls/graphsage_int8_po2_19c_const_params/solution1/syn/verilog/graphsage_int8_po2_mul_4s_4s_8_4_1.v:5]
	Parameter ID bound to: 1 - type: integer 
	Parameter NUM_STAGE bound to: 4 - type: integer 
	Parameter din0_WIDTH bound to: 4 - type: integer 
	Parameter din1_WIDTH bound to: 4 - type: integer 
	Parameter dout_WIDTH bound to: 8 - type: integer 
INFO: [Synth 8-6155] done synthesizing module 'graphsage_int8_po2_mul_4s_4s_8_4_1' (0#1) [/mnt_pool/c3_users/user/pleguina/graphsage_vivado_2024_1_sweep/build/hls/graphsage_int8_po2_19c_const_params/solution1/syn/verilog/graphsage_int8_po2_mul_4s_4s_8_4_1.v:5]
INFO: [Synth 8-6157] synthesizing module 'graphsage_int8_po2_mul_7ns_7s_14_4_1' [/mnt_pool/c3_users/user/pleguina/graphsage_vivado_2024_1_sweep/build/hls/graphsage_int8_po2_19c_const_params/solution1/syn/verilog/graphsage_int8_po2_mul_7ns_7s_14_4_1.v:5]
	Parameter ID bound to: 1 - type: integer 
	Parameter NUM_STAGE bound to: 4 - type: integer 
	Parameter din0_WIDTH bound to: 7 - type: integer 
	Parameter din1_WIDTH bound to: 7 - type: integer 
	Parameter dout_WIDTH bound to: 14 - type: integer 
INFO: [Synth 8-6155] done synthesizing module 'graphsage_int8_po2_mul_7ns_7s_14_4_1' (0#1) [/mnt_pool/c3_users/user/pleguina/graphsage_vivado_2024_1_sweep/build/hls/graphsage_int8_po2_19c_const_params/solution1/syn/verilog/graphsage_int8_po2_mul_7ns_7s_14_4_1.v:5]
INFO: [Synth 8-6157] synthesizing module 'graphsage_int8_po2_mul_7ns_8s_15_4_1' [/mnt_pool/c3_users/user/pleguina/graphsage_vivado_2024_1_sweep/build/hls/graphsage_int8_po2_19c_const_params/solution1/syn/verilog/graphsage_int8_po2_mul_7ns_8s_15_4_1.v:5]
	Parameter ID bound to: 1 - type: integer 
	Parameter NUM_STAGE bound to: 4 - type: integer 
	Parameter din0_WIDTH bound to: 7 - type: integer 
	Parameter din1_WIDTH bound to: 8 - type: integer 
	Parameter dout_WIDTH bound to: 15 - type: integer 
INFO: [Synth 8-6155] done synthesizing module 'graphsage_int8_po2_mul_7ns_8s_15_4_1' (0#1) [/mnt_pool/c3_users/user/pleguina/graphsage_vivado_2024_1_sweep/build/hls/graphsage_int8_po2_19c_const_params/solution1/syn/verilog/graphsage_int8_po2_mul_7ns_8s_15_4_1.v:5]
INFO: [Synth 8-6157] synthesizing module 'graphsage_int8_po2_mul_7ns_6s_13_4_1' [/mnt_pool/c3_users/user/pleguina/graphsage_vivado_2024_1_sweep/build/hls/graphsage_int8_po2_19c_const_params/solution1/syn/verilog/graphsage_int8_po2_mul_7ns_6s_13_4_1.v:5]
	Parameter ID bound to: 1 - type: integer 
	Parameter NUM_STAGE bound to: 4 - type: integer 
	Parameter din0_WIDTH bound to: 7 - type: integer 
	Parameter din1_WIDTH bound to: 6 - type: integer 
	Parameter dout_WIDTH bound to: 13 - type: integer 
INFO: [Synth 8-6155] done synthesizing module 'graphsage_int8_po2_mul_7ns_6s_13_4_1' (0#1) [/mnt_pool/c3_users/user/pleguina/graphsage_vivado_2024_1_sweep/build/hls/graphsage_int8_po2_19c_const_params/solution1/syn/verilog/graphsage_int8_po2_mul_7ns_6s_13_4_1.v:5]
INFO: [Synth 8-6157] synthesizing module 'graphsage_int8_po2_ama_addmuladd_9s_8s_11ns_17ns_21_4_1' [/mnt_pool/c3_users/user/pleguina/graphsage_vivado_2024_1_sweep/build/hls/graphsage_int8_po2_19c_const_params/solution1/syn/verilog/graphsage_int8_po2_ama_addmuladd_9s_8s_11ns_17ns_21_4_1.v:51]
	Parameter ID bound to: 1 - type: integer 
	Parameter NUM_STAGE bound to: 4 - type: integer 
	Parameter din0_WIDTH bound to: 9 - type: integer 
	Parameter din1_WIDTH bound to: 8 - type: integer 
	Parameter din2_WIDTH bound to: 11 - type: integer 
	Parameter din3_WIDTH bound to: 17 - type: integer 
	Parameter dout_WIDTH bound to: 21 - type: integer 
INFO: [Synth 8-6157] synthesizing module 'graphsage_int8_po2_ama_addmuladd_9s_8s_11ns_17ns_21_4_1_DSP48_0' [/mnt_pool/c3_users/user/pleguina/graphsage_vivado_2024_1_sweep/build/hls/graphsage_int8_po2_19c_const_params/solution1/syn/verilog/graphsage_int8_po2_ama_addmuladd_9s_8s_11ns_17ns_21_4_1.v:7]
INFO: [Synth 8-6155] done synthesizing module 'graphsage_int8_po2_ama_addmuladd_9s_8s_11ns_17ns_21_4_1_DSP48_0' (0#1) [/mnt_pool/c3_users/user/pleguina/graphsage_vivado_2024_1_sweep/build/hls/graphsage_int8_po2_19c_const_params/solution1/syn/verilog/graphsage_int8_po2_ama_addmuladd_9s_8s_11ns_17ns_21_4_1.v:7]
INFO: [Synth 8-6155] done synthesizing module 'graphsage_int8_po2_ama_addmuladd_9s_8s_11ns_17ns_21_4_1' (0#1) [/mnt_pool/c3_users/user/pleguina/graphsage_vivado_2024_1_sweep/build/hls/graphsage_int8_po2_19c_const_params/solution1/syn/verilog/graphsage_int8_po2_ama_addmuladd_9s_8s_11ns_17ns_21_4_1.v:51]
INFO: [Synth 8-6157] synthesizing module 'graphsage_int8_po2_ama_addmuladd_8ns_7ns_11ns_12ns_19_4_1' [/mnt_pool/c3_users/user/pleguina/graphsage_vivado_2024_1_sweep/build/hls/graphsage_int8_po2_19c_const_params/solution1/syn/verilog/graphsage_int8_po2_ama_addmuladd_8ns_7ns_11ns_12ns_19_4_1.v:51]
	Parameter ID bound to: 1 - type: integer 
	Parameter NUM_STAGE bound to: 4 - type: integer 
	Parameter din0_WIDTH bound to: 8 - type: integer 
	Parameter din1_WIDTH bound to: 7 - type: integer 
	Parameter din2_WIDTH bound to: 11 - type: integer 
	Parameter din3_WIDTH bound to: 12 - type: integer 
	Parameter dout_WIDTH bound to: 19 - type: integer 
INFO: [Synth 8-6157] synthesizing module 'graphsage_int8_po2_ama_addmuladd_8ns_7ns_11ns_12ns_19_4_1_DSP48_0' [/mnt_pool/c3_users/user/pleguina/graphsage_vivado_2024_1_sweep/build/hls/graphsage_int8_po2_19c_const_params/solution1/syn/verilog/graphsage_int8_po2_ama_addmuladd_8ns_7ns_11ns_12ns_19_4_1.v:7]
INFO: [Synth 8-6155] done synthesizing module 'graphsage_int8_po2_ama_addmuladd_8ns_7ns_11ns_12ns_19_4_1_DSP48_0' (0#1) [/mnt_pool/c3_users/user/pleguina/graphsage_vivado_2024_1_sweep/build/hls/graphsage_int8_po2_19c_const_params/solution1/syn/verilog/graphsage_int8_po2_ama_addmuladd_8ns_7ns_11ns_12ns_19_4_1.v:7]
INFO: [Synth 8-6155] done synthesizing module 'graphsage_int8_po2_ama_addmuladd_8ns_7ns_11ns_12ns_19_4_1' (0#1) [/mnt_pool/c3_users/user/pleguina/graphsage_vivado_2024_1_sweep/build/hls/graphsage_int8_po2_19c_const_params/solution1/syn/verilog/graphsage_int8_po2_ama_addmuladd_8ns_7ns_11ns_12ns_19_4_1.v:51]
INFO: [Synth 8-6155] done synthesizing module 'graphsage_int8_po2' (0#1) [/mnt_pool/c3_users/user/pleguina/graphsage_vivado_2024_1_sweep/build/hls/graphsage_int8_po2_19c_const_params/solution1/syn/verilog/graphsage_int8_po2.v:9]
INFO: [Synth 8-7129] Port rst in module graphsage_int8_po2_ama_addmuladd_8ns_7ns_11ns_12ns_19_4_1_DSP48_0 is either unconnected or has no load
INFO: [Synth 8-7129] Port rst in module graphsage_int8_po2_ama_addmuladd_9s_8s_11ns_17ns_21_4_1_DSP48_0 is either unconnected or has no load
INFO: [Synth 8-7129] Port reset in module graphsage_int8_po2_mul_7ns_8s_15_4_1 is either unconnected or has no load
INFO: [Synth 8-7129] Port reset in module graphsage_int8_po2_mul_7ns_6s_13_4_1 is either unconnected or has no load
INFO: [Synth 8-7129] Port reset in module graphsage_int8_po2_mul_7ns_7s_14_4_1 is either unconnected or has no load
INFO: [Synth 8-7129] Port reset in module graphsage_int8_po2_mul_4s_5ns_9_4_1 is either unconnected or has no load
INFO: [Synth 8-7129] Port reset in module graphsage_int8_po2_mul_4s_7ns_11_4_1 is either unconnected or has no load
INFO: [Synth 8-7129] Port reset in module graphsage_int8_po2_mul_4s_4s_8_4_1 is either unconnected or has no load
INFO: [Synth 8-7129] Port reset in module graphsage_int8_po2_mul_4s_8ns_12_4_1 is either unconnected or has no load
INFO: [Synth 8-7129] Port reset in module graphsage_int8_po2_mul_4s_5s_9_4_1 is either unconnected or has no load
INFO: [Synth 8-7129] Port reset in module graphsage_int8_po2_mul_4s_8s_12_4_1 is either unconnected or has no load
INFO: [Synth 8-7129] Port reset in module graphsage_int8_po2_mul_4s_7s_11_4_1 is either unconnected or has no load
INFO: [Synth 8-7129] Port reset in module graphsage_int8_po2_mul_4s_6s_10_4_1 is either unconnected or has no load
INFO: [Synth 8-7129] Port reset in module graphsage_int8_po2_mul_4s_4ns_8_4_1 is either unconnected or has no load
INFO: [Synth 8-7129] Port reset in module graphsage_int8_po2_mul_4s_3s_7_4_1 is either unconnected or has no load
INFO: [Synth 8-7129] Port reset in module graphsage_int8_po2_mul_4s_6ns_10_4_1 is either unconnected or has no load
---------------------------------------------------------------------------------
Finished RTL Elaboration : Time (s): cpu = 00:00:05 ; elapsed = 00:00:24 . Memory (MB): peak = 3652.742 ; gain = 572.625 ; free physical = 377114 ; free virtual = 445378
---------------------------------------------------------------------------------
---------------------------------------------------------------------------------
Start Handling Custom Attributes
---------------------------------------------------------------------------------
---------------------------------------------------------------------------------
Finished Handling Custom Attributes : Time (s): cpu = 00:00:05 ; elapsed = 00:00:25 . Memory (MB): peak = 3652.742 ; gain = 572.625 ; free physical = 377113 ; free virtual = 445377
---------------------------------------------------------------------------------
---------------------------------------------------------------------------------
Finished RTL Optimization Phase 1 : Time (s): cpu = 00:00:05 ; elapsed = 00:00:25 . Memory (MB): peak = 3652.742 ; gain = 572.625 ; free physical = 377113 ; free virtual = 445377
---------------------------------------------------------------------------------
Netlist sorting complete. Time (s): cpu = 00:00:00.24 ; elapsed = 00:00:00.24 . Memory (MB): peak = 3652.742 ; gain = 0.000 ; free physical = 377114 ; free virtual = 445378
INFO: [Project 1-570] Preparing netlist for logic optimization

Processing XDC Constraints
Initializing timing engine
Parsing XDC File [/mnt_pool/c3_users/user/pleguina/graphsage_vivado_2024_1_sweep/hls/graphsage_int8_po2_ooc.xdc]
CRITICAL WARNING: [Common 17-1548] Command failed: can't read "clock_period": no such variable
 [/mnt_pool/c3_users/user/pleguina/graphsage_vivado_2024_1_sweep/hls/graphsage_int8_po2_ooc.xdc:6]
CRITICAL WARNING: [Common 17-1548] Command failed: can't read "clock_period": no such variable
 [/mnt_pool/c3_users/user/pleguina/graphsage_vivado_2024_1_sweep/hls/graphsage_int8_po2_ooc.xdc:38]
CRITICAL WARNING: [Common 17-1548] Command failed: can't read "io_delay": no such variable
 [/mnt_pool/c3_users/user/pleguina/graphsage_vivado_2024_1_sweep/hls/graphsage_int8_po2_ooc.xdc:46]
CRITICAL WARNING: [Common 17-1548] Command failed: can't read "io_delay": no such variable
 [/mnt_pool/c3_users/user/pleguina/graphsage_vivado_2024_1_sweep/hls/graphsage_int8_po2_ooc.xdc:51]
Finished Parsing XDC File [/mnt_pool/c3_users/user/pleguina/graphsage_vivado_2024_1_sweep/hls/graphsage_int8_po2_ooc.xdc]
INFO: [Project 1-236] Implementation specific constraints were found while reading constraint file [/mnt_pool/c3_users/user/pleguina/graphsage_vivado_2024_1_sweep/hls/graphsage_int8_po2_ooc.xdc]. These constraints will be ignored for synthesis but will be used in implementation. Impacted constraints are listed in the file [.Xil/graphsage_int8_po2_propImpl.xdc].
Resolution: To avoid this warning, move constraints listed in [.Xil/graphsage_int8_po2_propImpl.xdc] to another XDC file and exclude this new file from synthesis with the used_in_synthesis property (File Properties dialog in GUI) and re-run elaboration/synthesis.
Completed Processing XDC Constraints

Netlist sorting complete. Time (s): cpu = 00:00:00.01 ; elapsed = 00:00:00.01 . Memory (MB): peak = 3953.570 ; gain = 0.000 ; free physical = 377077 ; free virtual = 445362
INFO: [Project 1-111] Unisim Transformation Summary:
No Unisim elements were transformed.

Constraint Validation Runtime : Time (s): cpu = 00:00:00.09 ; elapsed = 00:00:00.14 . Memory (MB): peak = 3953.605 ; gain = 0.000 ; free physical = 377077 ; free virtual = 445362
---------------------------------------------------------------------------------
Finished Constraint Validation : Time (s): cpu = 00:00:14 ; elapsed = 00:00:53 . Memory (MB): peak = 3953.605 ; gain = 873.488 ; free physical = 377082 ; free virtual = 445368
---------------------------------------------------------------------------------
---------------------------------------------------------------------------------
Start Loading Part and Timing Information
---------------------------------------------------------------------------------
Loading part: xcvu13p-fsga2577-1-e
INFO: [Synth 8-6742] Reading net delay rules and data
---------------------------------------------------------------------------------
Finished Loading Part and Timing Information : Time (s): cpu = 00:00:14 ; elapsed = 00:00:54 . Memory (MB): peak = 3961.574 ; gain = 881.457 ; free physical = 377082 ; free virtual = 445367
---------------------------------------------------------------------------------
---------------------------------------------------------------------------------
Start Applying 'set_property' XDC Constraints
---------------------------------------------------------------------------------
---------------------------------------------------------------------------------
Finished applying 'set_property' XDC Constraints : Time (s): cpu = 00:00:14 ; elapsed = 00:00:54 . Memory (MB): peak = 3961.574 ; gain = 881.457 ; free physical = 377082 ; free virtual = 445367
---------------------------------------------------------------------------------
---------------------------------------------------------------------------------
Finished RTL Optimization Phase 2 : Time (s): cpu = 00:00:15 ; elapsed = 00:01:14 . Memory (MB): peak = 3961.574 ; gain = 881.457 ; free physical = 377102 ; free virtual = 445390
---------------------------------------------------------------------------------
---------------------------------------------------------------------------------
Start RTL Component Statistics 
---------------------------------------------------------------------------------
Detailed RTL Component Info : 
+---Adders : 
	   2 Input   16 Bit       Adders := 24    
	   3 Input   16 Bit       Adders := 16    
	   3 Input   15 Bit       Adders := 28    
	   2 Input   15 Bit       Adders := 24    
	   2 Input   14 Bit       Adders := 20    
	   3 Input   14 Bit       Adders := 8     
	   2 Input   13 Bit       Adders := 32    
	   3 Input   13 Bit       Adders := 16    
	   3 Input   12 Bit       Adders := 40    
	   2 Input   12 Bit       Adders := 64    
	   2 Input   11 Bit       Adders := 144   
	   3 Input   11 Bit       Adders := 8     
	   2 Input   10 Bit       Adders := 72    
	   2 Input    9 Bit       Adders := 136   
	   3 Input    9 Bit       Adders := 4     
	   2 Input    8 Bit       Adders := 28    
	   3 Input    8 Bit       Adders := 4     
+---Registers : 
	               16 Bit    Registers := 24    
	               15 Bit    Registers := 180   
	               14 Bit    Registers := 42    
	               13 Bit    Registers := 88    
	               12 Bit    Registers := 518   
	               11 Bit    Registers := 743   
	               10 Bit    Registers := 272   
	                9 Bit    Registers := 288   
	                8 Bit    Registers := 590   
	                7 Bit    Registers := 348   
	                6 Bit    Registers := 72    
	                5 Bit    Registers := 56    
	                4 Bit    Registers := 853   
	                3 Bit    Registers := 8     
	                1 Bit    Registers := 63    
+---Multipliers : 
	                8x8  Multipliers := 48    
	                7x8  Multipliers := 8     
	                6x8  Multipliers := 8     
	                4x9  Multipliers := 120   
	                4x8  Multipliers := 168   
	                4x6  Multipliers := 96    
	                4x7  Multipliers := 72    
	                4x5  Multipliers := 32    
	                4x4  Multipliers := 8     
	                3x4  Multipliers := 8     
+---Muxes : 
	   2 Input    8 Bit        Muxes := 16    
	   2 Input    7 Bit        Muxes := 8     
---------------------------------------------------------------------------------
Finished RTL Component Statistics 
---------------------------------------------------------------------------------
---------------------------------------------------------------------------------
Start Part Resource Summary
---------------------------------------------------------------------------------
Part Resources:
DSPs: 12288 (col length:96)
BRAMs: 5376 (col length: RAMB18 384 RAMB36 192)
---------------------------------------------------------------------------------
Finished Part Resource Summary
---------------------------------------------------------------------------------
---------------------------------------------------------------------------------
Start Cross Boundary and Area Optimization
---------------------------------------------------------------------------------
INFO: [Synth 8-4471] merging register 'ama_addmuladd_9s_8s_11ns_17ns_21_4_1_U587/graphsage_int8_po2_ama_addmuladd_9s_8s_11ns_17ns_21_4_1_DSP48_0_U/b_reg_reg[17:0]' into 'ama_addmuladd_9s_8s_11ns_17ns_21_4_1_U603/graphsage_int8_po2_ama_addmuladd_9s_8s_11ns_17ns_21_4_1_DSP48_0_U/b_reg_reg[17:0]' [/mnt_pool/c3_users/user/pleguina/graphsage_vivado_2024_1_sweep/build/hls/graphsage_int8_po2_19c_const_params/solution1/syn/verilog/graphsage_int8_po2_ama_addmuladd_9s_8s_11ns_17ns_21_4_1.v:36]
INFO: [Synth 8-4471] merging register 'ama_addmuladd_9s_8s_11ns_17ns_21_4_1_U571/graphsage_int8_po2_ama_addmuladd_9s_8s_11ns_17ns_21_4_1_DSP48_0_U/b_reg_reg[17:0]' into 'ama_addmuladd_9s_8s_11ns_17ns_21_4_1_U603/graphsage_int8_po2_ama_addmuladd_9s_8s_11ns_17ns_21_4_1_DSP48_0_U/b_reg_reg[17:0]' [/mnt_pool/c3_users/user/pleguina/graphsage_vivado_2024_1_sweep/build/hls/graphsage_int8_po2_19c_const_params/solution1/syn/verilog/graphsage_int8_po2_ama_addmuladd_9s_8s_11ns_17ns_21_4_1.v:36]
INFO: [Synth 8-3936] Found unconnected internal register 'ama_addmuladd_9s_8s_11ns_17ns_21_4_1_U571/graphsage_int8_po2_ama_addmuladd_9s_8s_11ns_17ns_21_4_1_DSP48_0_U/p_reg_reg' and it is trimmed from '46' to '21' bits. [/mnt_pool/c3_users/user/pleguina/graphsage_vivado_2024_1_sweep/build/hls/graphsage_int8_po2_19c_const_params/solution1/syn/verilog/graphsage_int8_po2_ama_addmuladd_9s_8s_11ns_17ns_21_4_1.v:43]
INFO: [Synth 8-3936] Found unconnected internal register 'ama_addmuladd_9s_8s_11ns_17ns_21_4_1_U571/graphsage_int8_po2_ama_addmuladd_9s_8s_11ns_17ns_21_4_1_DSP48_0_U/m_reg_reg' and it is trimmed from '45' to '21' bits. [/mnt_pool/c3_users/user/pleguina/graphsage_vivado_2024_1_sweep/build/hls/graphsage_int8_po2_19c_const_params/solution1/syn/verilog/graphsage_int8_po2_ama_addmuladd_9s_8s_11ns_17ns_21_4_1.v:37]
INFO: [Synth 8-3936] Found unconnected internal register 'ama_addmuladd_9s_8s_11ns_17ns_21_4_1_U587/graphsage_int8_po2_ama_addmuladd_9s_8s_11ns_17ns_21_4_1_DSP48_0_U/p_reg_reg' and it is trimmed from '46' to '21' bits. [/mnt_pool/c3_users/user/pleguina/graphsage_vivado_2024_1_sweep/build/hls/graphsage_int8_po2_19c_const_params/solution1/syn/verilog/graphsage_int8_po2_ama_addmuladd_9s_8s_11ns_17ns_21_4_1.v:43]
INFO: [Synth 8-3936] Found unconnected internal register 'ama_addmuladd_9s_8s_11ns_17ns_21_4_1_U587/graphsage_int8_po2_ama_addmuladd_9s_8s_11ns_17ns_21_4_1_DSP48_0_U/m_reg_reg' and it is trimmed from '45' to '21' bits. [/mnt_pool/c3_users/user/pleguina/graphsage_vivado_2024_1_sweep/build/hls/graphsage_int8_po2_19c_const_params/solution1/syn/verilog/graphsage_int8_po2_ama_addmuladd_9s_8s_11ns_17ns_21_4_1.v:37]
INFO: [Synth 8-3936] Found unconnected internal register 'ama_addmuladd_9s_8s_11ns_17ns_21_4_1_U603/graphsage_int8_po2_ama_addmuladd_9s_8s_11ns_17ns_21_4_1_DSP48_0_U/p_reg_reg' and it is trimmed from '46' to '21' bits. [/mnt_pool/c3_users/user/pleguina/graphsage_vivado_2024_1_sweep/build/hls/graphsage_int8_po2_19c_const_params/solution1/syn/verilog/graphsage_int8_po2_ama_addmuladd_9s_8s_11ns_17ns_21_4_1.v:43]
INFO: [Synth 8-3936] Found unconnected internal register 'ama_addmuladd_9s_8s_11ns_17ns_21_4_1_U603/graphsage_int8_po2_ama_addmuladd_9s_8s_11ns_17ns_21_4_1_DSP48_0_U/m_reg_reg' and it is trimmed from '45' to '21' bits. [/mnt_pool/c3_users/user/pleguina/graphsage_vivado_2024_1_sweep/build/hls/graphsage_int8_po2_19c_const_params/solution1/syn/verilog/graphsage_int8_po2_ama_addmuladd_9s_8s_11ns_17ns_21_4_1.v:37]
DSP Report: Generating DSP ama_addmuladd_9s_8s_11ns_17ns_21_4_1_U571/graphsage_int8_po2_ama_addmuladd_9s_8s_11ns_17ns_21_4_1_DSP48_0_U/p_reg_reg, operation Mode is: (C:0x10000)+((D'+A2)*(B:0x555)')'.
DSP Report: register registered_input_114_reg_22765_reg is absorbed into DSP ama_addmuladd_9s_8s_11ns_17ns_21_4_1_U571/graphsage_int8_po2_ama_addmuladd_9s_8s_11ns_17ns_21_4_1_DSP48_0_U/p_reg_reg.
DSP Report: register ama_addmuladd_9s_8s_11ns_17ns_21_4_1_U603/graphsage_int8_po2_ama_addmuladd_9s_8s_11ns_17ns_21_4_1_DSP48_0_U/b_reg_reg is absorbed into DSP ama_addmuladd_9s_8s_11ns_17ns_21_4_1_U571/graphsage_int8_po2_ama_addmuladd_9s_8s_11ns_17ns_21_4_1_DSP48_0_U/p_reg_reg.
DSP Report: register neighbor_sum_7_reg_22845_reg is absorbed into DSP ama_addmuladd_9s_8s_11ns_17ns_21_4_1_U571/graphsage_int8_po2_ama_addmuladd_9s_8s_11ns_17ns_21_4_1_DSP48_0_U/p_reg_reg.
DSP Report: register ama_addmuladd_9s_8s_11ns_17ns_21_4_1_U571/graphsage_int8_po2_ama_addmuladd_9s_8s_11ns_17ns_21_4_1_DSP48_0_U/p_reg_reg is absorbed into DSP ama_addmuladd_9s_8s_11ns_17ns_21_4_1_U571/graphsage_int8_po2_ama_addmuladd_9s_8s_11ns_17ns_21_4_1_DSP48_0_U/p_reg_reg.
DSP Report: register ama_addmuladd_9s_8s_11ns_17ns_21_4_1_U571/graphsage_int8_po2_ama_addmuladd_9s_8s_11ns_17ns_21_4_1_DSP48_0_U/m_reg_reg is absorbed into DSP ama_addmuladd_9s_8s_11ns_17ns_21_4_1_U571/graphsage_int8_po2_ama_addmuladd_9s_8s_11ns_17ns_21_4_1_DSP48_0_U/p_reg_reg.
DSP Report: register ama_addmuladd_9s_8s_11ns_17ns_21_4_1_U571/graphsage_int8_po2_ama_addmuladd_9s_8s_11ns_17ns_21_4_1_DSP48_0_U/ad_reg_reg is absorbed into DSP ama_addmuladd_9s_8s_11ns_17ns_21_4_1_U571/graphsage_int8_po2_ama_addmuladd_9s_8s_11ns_17ns_21_4_1_DSP48_0_U/p_reg_reg.
DSP Report: operator ama_addmuladd_9s_8s_11ns_17ns_21_4_1_U571/graphsage_int8_po2_ama_addmuladd_9s_8s_11ns_17ns_21_4_1_DSP48_0_U/p is absorbed into DSP ama_addmuladd_9s_8s_11ns_17ns_21_4_1_U571/graphsage_int8_po2_ama_addmuladd_9s_8s_11ns_17ns_21_4_1_DSP48_0_U/p_reg_reg.
DSP Report: operator ama_addmuladd_9s_8s_11ns_17ns_21_4_1_U571/graphsage_int8_po2_ama_addmuladd_9s_8s_11ns_17ns_21_4_1_DSP48_0_U/m is absorbed into DSP ama_addmuladd_9s_8s_11ns_17ns_21_4_1_U571/graphsage_int8_po2_ama_addmuladd_9s_8s_11ns_17ns_21_4_1_DSP48_0_U/p_reg_reg.
DSP Report: operator ama_addmuladd_9s_8s_11ns_17ns_21_4_1_U571/graphsage_int8_po2_ama_addmuladd_9s_8s_11ns_17ns_21_4_1_DSP48_0_U/ad is absorbed into DSP ama_addmuladd_9s_8s_11ns_17ns_21_4_1_U571/graphsage_int8_po2_ama_addmuladd_9s_8s_11ns_17ns_21_4_1_DSP48_0_U/p_reg_reg.
DSP Report: Generating DSP ama_addmuladd_9s_8s_11ns_17ns_21_4_1_U587/graphsage_int8_po2_ama_addmuladd_9s_8s_11ns_17ns_21_4_1_DSP48_0_U/p_reg_reg, operation Mode is: (C:0x10000)+((D'+A2)*(B:0x555)')'.
DSP Report: register registered_input_66_reg_22605_reg is absorbed into DSP ama_addmuladd_9s_8s_11ns_17ns_21_4_1_U587/graphsage_int8_po2_ama_addmuladd_9s_8s_11ns_17ns_21_4_1_DSP48_0_U/p_reg_reg.
DSP Report: register add_ln32_4_reg_22925_reg is absorbed into DSP ama_addmuladd_9s_8s_11ns_17ns_21_4_1_U587/graphsage_int8_po2_ama_addmuladd_9s_8s_11ns_17ns_21_4_1_DSP48_0_U/p_reg_reg.
DSP Report: register ama_addmuladd_9s_8s_11ns_17ns_21_4_1_U603/graphsage_int8_po2_ama_addmuladd_9s_8s_11ns_17ns_21_4_1_DSP48_0_U/b_reg_reg is absorbed into DSP ama_addmuladd_9s_8s_11ns_17ns_21_4_1_U587/graphsage_int8_po2_ama_addmuladd_9s_8s_11ns_17ns_21_4_1_DSP48_0_U/p_reg_reg.
DSP Report: register ama_addmuladd_9s_8s_11ns_17ns_21_4_1_U587/graphsage_int8_po2_ama_addmuladd_9s_8s_11ns_17ns_21_4_1_DSP48_0_U/p_reg_reg is absorbed into DSP ama_addmuladd_9s_8s_11ns_17ns_21_4_1_U587/graphsage_int8_po2_ama_addmuladd_9s_8s_11ns_17ns_21_4_1_DSP48_0_U/p_reg_reg.
DSP Report: register ama_addmuladd_9s_8s_11ns_17ns_21_4_1_U587/graphsage_int8_po2_ama_addmuladd_9s_8s_11ns_17ns_21_4_1_DSP48_0_U/m_reg_reg is absorbed into DSP ama_addmuladd_9s_8s_11ns_17ns_21_4_1_U587/graphsage_int8_po2_ama_addmuladd_9s_8s_11ns_17ns_21_4_1_DSP48_0_U/p_reg_reg.
DSP Report: register ama_addmuladd_9s_8s_11ns_17ns_21_4_1_U587/graphsage_int8_po2_ama_addmuladd_9s_8s_11ns_17ns_21_4_1_DSP48_0_U/ad_reg_reg is absorbed into DSP ama_addmuladd_9s_8s_11ns_17ns_21_4_1_U587/graphsage_int8_po2_ama_addmuladd_9s_8s_11ns_17ns_21_4_1_DSP48_0_U/p_reg_reg.
DSP Report: operator ama_addmuladd_9s_8s_11ns_17ns_21_4_1_U587/graphsage_int8_po2_ama_addmuladd_9s_8s_11ns_17ns_21_4_1_DSP48_0_U/p is absorbed into DSP ama_addmuladd_9s_8s_11ns_17ns_21_4_1_U587/graphsage_int8_po2_ama_addmuladd_9s_8s_11ns_17ns_21_4_1_DSP48_0_U/p_reg_reg.
DSP Report: operator ama_addmuladd_9s_8s_11ns_17ns_21_4_1_U587/graphsage_int8_po2_ama_addmuladd_9s_8s_11ns_17ns_21_4_1_DSP48_0_U/m is absorbed into DSP ama_addmuladd_9s_8s_11ns_17ns_21_4_1_U587/graphsage_int8_po2_ama_addmuladd_9s_8s_11ns_17ns_21_4_1_DSP48_0_U/p_reg_reg.
DSP Report: operator ama_addmuladd_9s_8s_11ns_17ns_21_4_1_U587/graphsage_int8_po2_ama_addmuladd_9s_8s_11ns_17ns_21_4_1_DSP48_0_U/ad is absorbed into DSP ama_addmuladd_9s_8s_11ns_17ns_21_4_1_U587/graphsage_int8_po2_ama_addmuladd_9s_8s_11ns_17ns_21_4_1_DSP48_0_U/p_reg_reg.
DSP Report: Generating DSP ama_addmuladd_9s_8s_11ns_17ns_21_4_1_U603/graphsage_int8_po2_ama_addmuladd_9s_8s_11ns_17ns_21_4_1_DSP48_0_U/p_reg_reg, operation Mode is: (C:0x10000)+((D'+A2)*(B:0x555)')'.
DSP Report: register ama_addmuladd_9s_8s_11ns_17ns_21_4_1_U603/graphsage_int8_po2_ama_addmuladd_9s_8s_11ns_17ns_21_4_1_DSP48_0_U/b_reg_reg is absorbed into DSP ama_addmuladd_9s_8s_11ns_17ns_21_4_1_U603/graphsage_int8_po2_ama_addmuladd_9s_8s_11ns_17ns_21_4_1_DSP48_0_U/p_reg_reg.
DSP Report: register neighbor_sum_7_reg_22845_reg is absorbed into DSP ama_addmuladd_9s_8s_11ns_17ns_21_4_1_U603/graphsage_int8_po2_ama_addmuladd_9s_8s_11ns_17ns_21_4_1_DSP48_0_U/p_reg_reg.
DSP Report: register registered_input_98_reg_22685_reg is absorbed into DSP ama_addmuladd_9s_8s_11ns_17ns_21_4_1_U603/graphsage_int8_po2_ama_addmuladd_9s_8s_11ns_17ns_21_4_1_DSP48_0_U/p_reg_reg.
DSP Report: register ama_addmuladd_9s_8s_11ns_17ns_21_4_1_U603/graphsage_int8_po2_ama_addmuladd_9s_8s_11ns_17ns_21_4_1_DSP48_0_U/p_reg_reg is absorbed into DSP ama_addmuladd_9s_8s_11ns_17ns_21_4_1_U603/graphsage_int8_po2_ama_addmuladd_9s_8s_11ns_17ns_21_4_1_DSP48_0_U/p_reg_reg.
DSP Report: register ama_addmuladd_9s_8s_11ns_17ns_21_4_1_U603/graphsage_int8_po2_ama_addmuladd_9s_8s_11ns_17ns_21_4_1_DSP48_0_U/m_reg_reg is absorbed into DSP ama_addmuladd_9s_8s_11ns_17ns_21_4_1_U603/graphsage_int8_po2_ama_addmuladd_9s_8s_11ns_17ns_21_4_1_DSP48_0_U/p_reg_reg.
DSP Report: register ama_addmuladd_9s_8s_11ns_17ns_21_4_1_U603/graphsage_int8_po2_ama_addmuladd_9s_8s_11ns_17ns_21_4_1_DSP48_0_U/ad_reg_reg is absorbed into DSP ama_addmuladd_9s_8s_11ns_17ns_21_4_1_U603/graphsage_int8_po2_ama_addmuladd_9s_8s_11ns_17ns_21_4_1_DSP48_0_U/p_reg_reg.
DSP Report: operator ama_addmuladd_9s_8s_11ns_17ns_21_4_1_U603/graphsage_int8_po2_ama_addmuladd_9s_8s_11ns_17ns_21_4_1_DSP48_0_U/p is absorbed into DSP ama_addmuladd_9s_8s_11ns_17ns_21_4_1_U603/graphsage_int8_po2_ama_addmuladd_9s_8s_11ns_17ns_21_4_1_DSP48_0_U/p_reg_reg.
DSP Report: operator ama_addmuladd_9s_8s_11ns_17ns_21_4_1_U603/graphsage_int8_po2_ama_addmuladd_9s_8s_11ns_17ns_21_4_1_DSP48_0_U/m is absorbed into DSP ama_addmuladd_9s_8s_11ns_17ns_21_4_1_U603/graphsage_int8_po2_ama_addmuladd_9s_8s_11ns_17ns_21_4_1_DSP48_0_U/p_reg_reg.
DSP Report: operator ama_addmuladd_9s_8s_11ns_17ns_21_4_1_U603/graphsage_int8_po2_ama_addmuladd_9s_8s_11ns_17ns_21_4_1_DSP48_0_U/ad is absorbed into DSP ama_addmuladd_9s_8s_11ns_17ns_21_4_1_U603/graphsage_int8_po2_ama_addmuladd_9s_8s_11ns_17ns_21_4_1_DSP48_0_U/p_reg_reg.
INFO: [Synth 8-7129] Port reset in module graphsage_int8_po2_mul_4s_7ns_11_4_1__32 is either unconnected or has no load
INFO: [Synth 8-7129] Port reset in module graphsage_int8_po2_mul_4s_8s_12_4_1__6 is either unconnected or has no load
INFO: [Synth 8-7129] Port reset in module graphsage_int8_po2_mul_4s_7ns_11_4_1__31 is either unconnected or has no load
INFO: [Synth 8-7129] Port reset in module graphsage_int8_po2_mul_4s_8ns_12_4_1__18 is either unconnected or has no load
INFO: [Synth 8-7129] Port reset in module graphsage_int8_po2_mul_4s_6s_10_4_1__24 is either unconnected or has no load
INFO: [Synth 8-7129] Port reset in module graphsage_int8_po2_mul_4s_5s_9_4_1__4 is either unconnected or has no load
INFO: [Synth 8-7129] Port reset in module graphsage_int8_po2_mul_4s_4ns_8_4_1__5 is either unconnected or has no load
INFO: [Synth 8-7129] Port reset in module graphsage_int8_po2_mul_4s_4ns_8_4_1__4 is either unconnected or has no load
INFO: [Synth 8-7129] Port reset in module graphsage_int8_po2_mul_4s_7ns_11_4_1__30 is either unconnected or has no load
INFO: [Synth 8-7129] Port reset in module graphsage_int8_po2_mul_4s_8s_12_4_1__5 is either unconnected or has no load
INFO: [Synth 8-7129] Port reset in module graphsage_int8_po2_mul_4s_4s_8_4_1__4 is either unconnected or has no load
INFO: [Synth 8-7129] Port reset in module graphsage_int8_po2_mul_4s_7ns_11_4_1__29 is either unconnected or has no load
INFO: [Synth 8-7129] Port reset in module graphsage_int8_po2_mul_4s_8ns_12_4_1__17 is either unconnected or has no load
INFO: [Synth 8-7129] Port reset in module graphsage_int8_po2_mul_4s_4s_8_4_1__3 is either unconnected or has no load
INFO: [Synth 8-7129] Port reset in module graphsage_int8_po2_mul_4s_6s_10_4_1__23 is either unconnected or has no load
INFO: [Synth 8-7129] Port reset in module graphsage_int8_po2_mul_4s_5s_9_4_1__3 is either unconnected or has no load
INFO: [Synth 8-7129] Port reset in module graphsage_int8_po2_mul_4s_4ns_8_4_1__3 is either unconnected or has no load
INFO: [Synth 8-7129] Port reset in module graphsage_int8_po2_mul_4s_7ns_11_4_1__28 is either unconnected or has no load
INFO: [Synth 8-7129] Port reset in module graphsage_int8_po2_mul_4s_8s_12_4_1__4 is either unconnected or has no load
INFO: [Synth 8-7129] Port reset in module graphsage_int8_po2_mul_4s_4s_8_4_1__2 is either unconnected or has no load
INFO: [Synth 8-7129] Port reset in module graphsage_int8_po2_mul_4s_7s_11_4_1__23 is either unconnected or has no load
INFO: [Synth 8-7129] Port reset in module graphsage_int8_po2_mul_4s_8ns_12_4_1__16 is either unconnected or has no load
INFO: [Synth 8-7129] Port reset in module graphsage_int8_po2_mul_4s_7ns_11_4_1__27 is either unconnected or has no load
INFO: [Synth 8-7129] Port reset in module graphsage_int8_po2_mul_4s_7s_11_4_1__22 is either unconnected or has no load
INFO: [Synth 8-7129] Port reset in module graphsage_int8_po2_mul_4s_6s_10_4_1__22 is either unconnected or has no load
INFO: [Synth 8-7129] Port reset in module graphsage_int8_po2_mul_4s_7ns_11_4_1__26 is either unconnected or has no load
INFO: [Synth 8-7129] Port reset in module graphsage_int8_po2_mul_4s_6s_10_4_1__21 is either unconnected or has no load
INFO: [Synth 8-7129] Port reset in module graphsage_int8_po2_mul_4s_6s_10_4_1__20 is either unconnected or has no load
INFO: [Synth 8-7129] Port reset in module graphsage_int8_po2_mul_4s_7ns_11_4_1__25 is either unconnected or has no load
INFO: [Synth 8-7129] Port reset in module graphsage_int8_po2_mul_4s_7s_11_4_1__21 is either unconnected or has no load
INFO: [Synth 8-7129] Port reset in module graphsage_int8_po2_mul_4s_8ns_12_4_1__15 is either unconnected or has no load
INFO: [Synth 8-7129] Port reset in module graphsage_int8_po2_mul_4s_7s_11_4_1__20 is either unconnected or has no load
INFO: [Synth 8-7129] Port reset in module graphsage_int8_po2_mul_4s_7s_11_4_1__19 is either unconnected or has no load
INFO: [Synth 8-7129] Port reset in module graphsage_int8_po2_mul_4s_3s_7_4_1__4 is either unconnected or has no load
INFO: [Synth 8-7129] Port reset in module graphsage_int8_po2_mul_4s_5ns_9_4_1__4 is either unconnected or has no load
INFO: [Synth 8-7129] Port reset in module graphsage_int8_po2_mul_4s_7s_11_4_1__18 is either unconnected or has no load
INFO: [Synth 8-7129] Port reset in module graphsage_int8_po2_mul_4s_6s_10_4_1__19 is either unconnected or has no load
INFO: [Synth 8-7129] Port reset in module graphsage_int8_po2_mul_4s_6ns_10_4_1__4 is either unconnected or has no load
INFO: [Synth 8-7129] Port reset in module graphsage_int8_po2_mul_4s_8s_12_4_1__3 is either unconnected or has no load
INFO: [Synth 8-7129] Port reset in module graphsage_int8_po2_mul_4s_7ns_11_4_1__24 is either unconnected or has no load
INFO: [Synth 8-7129] Port reset in module graphsage_int8_po2_mul_4s_8ns_12_4_1__14 is either unconnected or has no load
INFO: [Synth 8-7129] Port reset in module graphsage_int8_po2_mul_4s_7ns_11_4_1__23 is either unconnected or has no load
INFO: [Synth 8-7129] Port reset in module graphsage_int8_po2_mul_4s_7ns_11_4_1__22 is either unconnected or has no load
INFO: [Synth 8-7129] Port reset in module graphsage_int8_po2_mul_4s_6s_10_4_1__18 is either unconnected or has no load
INFO: [Synth 8-7129] Port reset in module graphsage_int8_po2_mul_4s_8ns_12_4_1__13 is either unconnected or has no load
INFO: [Synth 8-7129] Port reset in module graphsage_int8_po2_mul_4s_4s_8_4_1__1 is either unconnected or has no load
INFO: [Synth 8-7129] Port reset in module graphsage_int8_po2_mul_4s_7s_11_4_1__17 is either unconnected or has no load
INFO: [Synth 8-7129] Port reset in module graphsage_int8_po2_mul_4s_8ns_12_4_1__12 is either unconnected or has no load
INFO: [Synth 8-7129] Port reset in module graphsage_int8_po2_mul_4s_7ns_11_4_1__21 is either unconnected or has no load
INFO: [Synth 8-7129] Port reset in module graphsage_int8_po2_mul_4s_7s_11_4_1__16 is either unconnected or has no load
INFO: [Synth 8-7129] Port reset in module graphsage_int8_po2_mul_4s_6s_10_4_1__17 is either unconnected or has no load
INFO: [Synth 8-7129] Port reset in module graphsage_int8_po2_mul_4s_7ns_11_4_1__20 is either unconnected or has no load
INFO: [Synth 8-7129] Port reset in module graphsage_int8_po2_mul_4s_6s_10_4_1__16 is either unconnected or has no load
INFO: [Synth 8-7129] Port reset in module graphsage_int8_po2_mul_4s_6s_10_4_1__15 is either unconnected or has no load
INFO: [Synth 8-7129] Port reset in module graphsage_int8_po2_mul_4s_7ns_11_4_1__19 is either unconnected or has no load
INFO: [Synth 8-7129] Port reset in module graphsage_int8_po2_mul_4s_7s_11_4_1__15 is either unconnected or has no load
INFO: [Synth 8-7129] Port reset in module graphsage_int8_po2_mul_4s_8ns_12_4_1__11 is either unconnected or has no load
INFO: [Synth 8-7129] Port reset in module graphsage_int8_po2_mul_4s_7s_11_4_1__14 is either unconnected or has no load
INFO: [Synth 8-7129] Port reset in module graphsage_int8_po2_mul_4s_7s_11_4_1__13 is either unconnected or has no load
INFO: [Synth 8-7129] Port reset in module graphsage_int8_po2_mul_4s_3s_7_4_1__3 is either unconnected or has no load
INFO: [Synth 8-7129] Port reset in module graphsage_int8_po2_mul_4s_5ns_9_4_1__3 is either unconnected or has no load
INFO: [Synth 8-7129] Port reset in module graphsage_int8_po2_mul_4s_7s_11_4_1__12 is either unconnected or has no load
INFO: [Synth 8-7129] Port reset in module graphsage_int8_po2_mul_4s_6s_10_4_1__14 is either unconnected or has no load
INFO: [Synth 8-7129] Port reset in module graphsage_int8_po2_mul_4s_6ns_10_4_1__3 is either unconnected or has no load
INFO: [Synth 8-7129] Port reset in module graphsage_int8_po2_mul_4s_7ns_11_4_1__18 is either unconnected or has no load
INFO: [Synth 8-7129] Port reset in module graphsage_int8_po2_mul_4s_8ns_12_4_1__10 is either unconnected or has no load
INFO: [Synth 8-7129] Port reset in module graphsage_int8_po2_mul_4s_7ns_11_4_1__17 is either unconnected or has no load
INFO: [Synth 8-7129] Port reset in module graphsage_int8_po2_mul_4s_7ns_11_4_1__16 is either unconnected or has no load
INFO: [Synth 8-7129] Port reset in module graphsage_int8_po2_mul_4s_6s_10_4_1__13 is either unconnected or has no load
INFO: [Synth 8-7129] Port reset in module graphsage_int8_po2_mul_4s_8ns_12_4_1__9 is either unconnected or has no load
INFO: [Synth 8-7129] Port reset in module graphsage_int8_po2_mul_4s_7ns_11_4_1__15 is either unconnected or has no load
INFO: [Synth 8-7129] Port reset in module graphsage_int8_po2_mul_4s_8ns_12_4_1__8 is either unconnected or has no load
INFO: [Synth 8-7129] Port reset in module graphsage_int8_po2_mul_4s_6s_10_4_1__12 is either unconnected or has no load
INFO: [Synth 8-7129] Port reset in module graphsage_int8_po2_mul_4s_5s_9_4_1__2 is either unconnected or has no load
INFO: [Synth 8-7129] Port reset in module graphsage_int8_po2_mul_4s_4ns_8_4_1__2 is either unconnected or has no load
INFO: [Synth 8-7129] Port reset in module graphsage_int8_po2_mul_4s_8s_12_4_1__2 is either unconnected or has no load
INFO: [Synth 8-7129] Port reset in module graphsage_int8_po2_mul_4s_8ns_12_4_1__7 is either unconnected or has no load
INFO: [Synth 8-7129] Port reset in module graphsage_int8_po2_mul_4s_6s_10_4_1__11 is either unconnected or has no load
INFO: [Synth 8-7129] Port reset in module graphsage_int8_po2_mul_4s_5s_9_4_1__1 is either unconnected or has no load
INFO: [Synth 8-7129] Port reset in module graphsage_int8_po2_mul_4s_4ns_8_4_1__1 is either unconnected or has no load
INFO: [Synth 8-7129] Port reset in module graphsage_int8_po2_mul_4s_8s_12_4_1__1 is either unconnected or has no load
INFO: [Synth 8-7129] Port reset in module graphsage_int8_po2_mul_4s_7s_11_4_1__11 is either unconnected or has no load
INFO: [Synth 8-7129] Port reset in module graphsage_int8_po2_mul_4s_8ns_12_4_1__6 is either unconnected or has no load
INFO: [Synth 8-7129] Port reset in module graphsage_int8_po2_mul_4s_7ns_11_4_1__14 is either unconnected or has no load
INFO: [Common 17-14] Message 'Synth 8-7129' appears 100 times and further instances of the messages will be disabled. Use the Tcl command set_msg_config to change the current settings.
INFO: [Common 17-14] Message 'Synth 8-7129' appears 100 times and further instances of the messages will be disabled. Use the Tcl command set_msg_config to change the current settings.
INFO: [Synth 8-3886] merging instance 'mul_4s_7s_11_4_1_U103/din1_reg_reg[0]' (FDE) to 'mul_4s_7s_11_4_1_U103/din1_reg_reg[1]'
INFO: [Synth 8-3886] merging instance 'mul_4s_7s_11_4_1_U103/din1_reg_reg[1]' (FDE) to 'mul_4s_7s_11_4_1_U103/din1_reg_reg[2]'
INFO: [Synth 8-3886] merging instance 'mul_4s_7s_11_4_1_U103/din1_reg_reg[2]' (FDE) to 'mul_4s_7s_11_4_1_U103/din1_reg_reg[4]'
INFO: [Synth 8-3886] merging instance 'mul_4s_7s_11_4_1_U103/din1_reg_reg[3]' (FDE) to 'mul_4s_7s_11_4_1_U103/din1_reg_reg[5]'
INFO: [Synth 8-3886] merging instance 'mul_4s_7s_11_4_1_U103/din1_reg_reg[4]' (FDE) to 'mul_4s_7s_11_4_1_U103/din1_reg_reg[6]'
INFO: [Synth 8-3333] propagating constant 1 across sequential element (mul_4s_7s_11_4_1_U103/\din1_reg_reg[6] )
INFO: [Synth 8-3333] propagating constant 0 across sequential element (mul_4s_7s_11_4_1_U103/\din1_reg_reg[5] )
INFO: [Synth 8-3886] merging instance 'mul_4s_8ns_12_4_1_U102/din1_reg_reg[7]' (FDE) to 'mul_4s_8ns_12_4_1_U102/din1_reg_reg[0]'
INFO: [Synth 8-3886] merging instance 'mul_4s_8ns_12_4_1_U102/din1_reg_reg[0]' (FDE) to 'mul_4s_8ns_12_4_1_U102/din1_reg_reg[1]'
INFO: [Synth 8-3886] merging instance 'mul_4s_8ns_12_4_1_U102/din1_reg_reg[1]' (FDE) to 'mul_4s_8ns_12_4_1_U102/din1_reg_reg[4]'
INFO: [Synth 8-3886] merging instance 'mul_4s_8ns_12_4_1_U102/din1_reg_reg[2]' (FDE) to 'mul_4s_8ns_12_4_1_U102/din1_reg_reg[3]'
INFO: [Synth 8-3886] merging instance 'mul_4s_8ns_12_4_1_U102/din1_reg_reg[3]' (FDE) to 'mul_4s_8ns_12_4_1_U102/din1_reg_reg[6]'
INFO: [Synth 8-3333] propagating constant 1 across sequential element (mul_4s_8ns_12_4_1_U102/\din1_reg_reg[6] )
INFO: [Synth 8-3886] merging instance 'mul_4s_8ns_12_4_1_U102/din1_reg_reg[5]' (FDE) to 'mul_4s_8ns_12_4_1_U102/din1_reg_reg[4]'
INFO: [Synth 8-3333] propagating constant 0 across sequential element (mul_4s_8ns_12_4_1_U102/\din1_reg_reg[4] )
INFO: [Synth 8-3886] merging instance 'mul_4s_7ns_11_4_1_U101/din1_reg_reg[0]' (FDE) to 'mul_4s_7ns_11_4_1_U101/din1_reg_reg[1]'
INFO: [Synth 8-3886] merging instance 'mul_4s_7ns_11_4_1_U101/din1_reg_reg[1]' (FDE) to 'mul_4s_7ns_11_4_1_U101/din1_reg_reg[6]'
INFO: [Synth 8-3886] merging instance 'mul_4s_7ns_11_4_1_U101/din1_reg_reg[2]' (FDE) to 'mul_4s_7ns_11_4_1_U101/din1_reg_reg[3]'
INFO: [Synth 8-3886] merging instance 'mul_4s_7ns_11_4_1_U101/din1_reg_reg[3]' (FDE) to 'mul_4s_7ns_11_4_1_U101/din1_reg_reg[4]'
INFO: [Synth 8-3886] merging instance 'mul_4s_7ns_11_4_1_U101/din1_reg_reg[4]' (FDE) to 'mul_4s_7ns_11_4_1_U101/din1_reg_reg[5]'
INFO: [Synth 8-3333] propagating constant 0 across sequential element (mul_4s_7ns_11_4_1_U101/\din1_reg_reg[6] )
INFO: [Synth 8-3333] propagating constant 1 across sequential element (mul_4s_7ns_11_4_1_U101/\din1_reg_reg[5] )
INFO: [Synth 8-3886] merging instance 'mul_4s_7s_11_4_1_U100/din1_reg_reg[0]' (FDE) to 'mul_4s_7s_11_4_1_U100/din1_reg_reg[3]'
INFO: [Synth 8-3886] merging instance 'mul_4s_7s_11_4_1_U100/din1_reg_reg[1]' (FDE) to 'mul_4s_7s_11_4_1_U100/din1_reg_reg[2]'
INFO: [Synth 8-3886] merging instance 'mul_4s_7s_11_4_1_U100/din1_reg_reg[2]' (FDE) to 'mul_4s_7s_11_4_1_U100/din1_reg_reg[4]'
INFO: [Synth 8-3886] merging instance 'mul_4s_7s_11_4_1_U100/din1_reg_reg[3]' (FDE) to 'mul_4s_7s_11_4_1_U100/din1_reg_reg[6]'
INFO: [Synth 8-3886] merging instance 'mul_4s_7s_11_4_1_U100/din1_reg_reg[4]' (FDE) to 'mul_4s_7s_11_4_1_U100/din1_reg_reg[5]'
INFO: [Synth 8-3333] propagating constant 1 across sequential element (mul_4s_7s_11_4_1_U100/\din1_reg_reg[6] )
INFO: [Synth 8-3333] propagating constant 0 across sequential element (mul_4s_7s_11_4_1_U100/\din1_reg_reg[5] )
INFO: [Synth 8-3886] merging instance 'mul_4s_6s_10_4_1_U99/din1_reg_reg[0]' (FDE) to 'mul_4s_6s_10_4_1_U99/din1_reg_reg[1]'
INFO: [Synth 8-3886] merging instance 'mul_4s_6s_10_4_1_U99/din1_reg_reg[1]' (FDE) to 'mul_4s_6s_10_4_1_U99/din1_reg_reg[2]'
INFO: [Synth 8-3886] merging instance 'mul_4s_6s_10_4_1_U99/din1_reg_reg[2]' (FDE) to 'mul_4s_6s_10_4_1_U99/din1_reg_reg[4]'
INFO: [Synth 8-3886] merging instance 'mul_4s_6s_10_4_1_U99/din1_reg_reg[3]' (FDE) to 'mul_4s_6s_10_4_1_U99/din1_reg_reg[5]'
INFO: [Synth 8-3333] propagating constant 1 across sequential element (mul_4s_6s_10_4_1_U99/\din1_reg_reg[5] )
INFO: [Synth 8-3333] propagating constant 0 across sequential element (mul_4s_6s_10_4_1_U99/\din1_reg_reg[4] )
INFO: [Synth 8-3886] merging instance 'mul_4s_7ns_11_4_1_U98/din1_reg_reg[0]' (FDE) to 'mul_4s_7ns_11_4_1_U98/din1_reg_reg[1]'
INFO: [Synth 8-3886] merging instance 'mul_4s_7ns_11_4_1_U98/din1_reg_reg[1]' (FDE) to 'mul_4s_7ns_11_4_1_U98/din1_reg_reg[4]'
INFO: [Synth 8-3886] merging instance 'mul_4s_7ns_11_4_1_U98/din1_reg_reg[2]' (FDE) to 'mul_4s_7ns_11_4_1_U98/din1_reg_reg[3]'
INFO: [Synth 8-3886] merging instance 'mul_4s_7ns_11_4_1_U98/din1_reg_reg[3]' (FDE) to 'mul_4s_7ns_11_4_1_U98/din1_reg_reg[6]'
INFO: [Synth 8-3886] merging instance 'mul_4s_7ns_11_4_1_U98/din1_reg_reg[4]' (FDE) to 'mul_4s_7ns_11_4_1_U98/din1_reg_reg[5]'
INFO: [Synth 8-3333] propagating constant 0 across sequential element (mul_4s_7ns_11_4_1_U98/\din1_reg_reg[6] )
INFO: [Synth 8-3333] propagating constant 1 across sequential element (mul_4s_7ns_11_4_1_U98/\din1_reg_reg[5] )
INFO: [Synth 8-3886] merging instance 'mul_4s_6s_10_4_1_U315/din1_reg_reg[0]' (FDE) to 'mul_4s_6s_10_4_1_U315/din1_reg_reg[3]'
INFO: [Synth 8-3886] merging instance 'mul_4s_6s_10_4_1_U315/din1_reg_reg[1]' (FDE) to 'mul_4s_6s_10_4_1_U315/din1_reg_reg[2]'
INFO: [Synth 8-3886] merging instance 'mul_4s_6s_10_4_1_U315/din1_reg_reg[2]' (FDE) to 'mul_4s_6s_10_4_1_U315/din1_reg_reg[4]'
INFO: [Synth 8-3886] merging instance 'mul_4s_6s_10_4_1_U315/din1_reg_reg[3]' (FDE) to 'mul_4s_6s_10_4_1_U315/din1_reg_reg[5]'
INFO: [Synth 8-3333] propagating constant 1 across sequential element (mul_4s_6s_10_4_1_U315/\din1_reg_reg[5] )
INFO: [Synth 8-3333] propagating constant 0 across sequential element (mul_4s_6s_10_4_1_U315/\din1_reg_reg[4] )
INFO: [Synth 8-3886] merging instance 'mul_4s_6s_10_4_1_U316/din1_reg_reg[0]' (FDE) to 'mul_4s_6s_10_4_1_U316/din1_reg_reg[2]'
INFO: [Synth 8-3886] merging instance 'mul_4s_6s_10_4_1_U316/din1_reg_reg[1]' (FDE) to 'mul_4s_6s_10_4_1_U316/din1_reg_reg[3]'
INFO: [Synth 8-3886] merging instance 'mul_4s_6s_10_4_1_U316/din1_reg_reg[2]' (FDE) to 'mul_4s_6s_10_4_1_U316/din1_reg_reg[5]'
INFO: [Synth 8-3886] merging instance 'mul_4s_6s_10_4_1_U316/din1_reg_reg[3]' (FDE) to 'mul_4s_6s_10_4_1_U316/din1_reg_reg[4]'
INFO: [Synth 8-3333] propagating constant 1 across sequential element (mul_4s_6s_10_4_1_U316/\din1_reg_reg[5] )
INFO: [Synth 8-3333] propagating constant 0 across sequential element (mul_4s_6s_10_4_1_U316/\din1_reg_reg[4] )
INFO: [Synth 8-3886] merging instance 'mul_4s_7ns_11_4_1_U314/din1_reg_reg[6]' (FDE) to 'mul_4s_7ns_11_4_1_U314/din1_reg_reg[3]'
INFO: [Synth 8-3886] merging instance 'mul_4s_7ns_11_4_1_U314/din1_reg_reg[0]' (FDE) to 'mul_4s_7ns_11_4_1_U314/din1_reg_reg[1]'
INFO: [Synth 8-3886] merging instance 'mul_4s_7ns_11_4_1_U314/din1_reg_reg[1]' (FDE) to 'mul_4s_7ns_11_4_1_U314/din1_reg_reg[2]'
INFO: [Synth 8-3886] merging instance 'mul_4s_7ns_11_4_1_U314/din1_reg_reg[2]' (FDE) to 'mul_4s_7ns_11_4_1_U314/din1_reg_reg[5]'
INFO: [Synth 8-3333] propagating constant 1 across sequential element (mul_4s_7ns_11_4_1_U314/\din1_reg_reg[5] )
INFO: [Synth 8-3886] merging instance 'mul_4s_7ns_11_4_1_U314/din1_reg_reg[4]' (FDE) to 'mul_4s_7ns_11_4_1_U314/din1_reg_reg[3]'
INFO: [Synth 8-3333] propagating constant 0 across sequential element (mul_4s_7ns_11_4_1_U314/\din1_reg_reg[3] )
INFO: [Synth 8-3886] merging instance 'mul_4s_7s_11_4_1_U313/din1_reg_reg[0]' (FDE) to 'mul_4s_7s_11_4_1_U313/din1_reg_reg[2]'
INFO: [Synth 8-3886] merging instance 'mul_4s_7s_11_4_1_U313/din1_reg_reg[1]' (FDE) to 'mul_4s_7s_11_4_1_U313/din1_reg_reg[5]'
INFO: [Synth 8-3886] merging instance 'mul_4s_7s_11_4_1_U313/din1_reg_reg[2]' (FDE) to 'mul_4s_7s_11_4_1_U313/din1_reg_reg[3]'
INFO: [Synth 8-3886] merging instance 'mul_4s_7s_11_4_1_U313/din1_reg_reg[3]' (FDE) to 'mul_4s_7s_11_4_1_U313/din1_reg_reg[4]'
INFO: [Synth 8-3886] merging instance 'mul_4s_7s_11_4_1_U313/din1_reg_reg[4]' (FDE) to 'mul_4s_7s_11_4_1_U313/din1_reg_reg[6]'
INFO: [Synth 8-3333] propagating constant 1 across sequential element (mul_4s_7s_11_4_1_U313/\din1_reg_reg[6] )
INFO: [Synth 8-3333] propagating constant 0 across sequential element (mul_4s_7s_11_4_1_U313/\din1_reg_reg[5] )
INFO: [Synth 8-3886] merging instance 'mul_4s_8ns_12_4_1_U312/din1_reg_reg[7]' (FDE) to 'mul_4s_8ns_12_4_1_U312/din1_reg_reg[0]'
INFO: [Synth 8-3886] merging instance 'mul_4s_8ns_12_4_1_U312/din1_reg_reg[0]' (FDE) to 'mul_4s_8ns_12_4_1_U312/din1_reg_reg[1]'
INFO: [Synth 8-3886] merging instance 'mul_4s_8ns_12_4_1_U312/din1_reg_reg[1]' (FDE) to 'mul_4s_8ns_12_4_1_U312/din1_reg_reg[2]'
INFO: [Synth 8-3886] merging instance 'mul_4s_8ns_12_4_1_U312/din1_reg_reg[2]' (FDE) to 'mul_4s_8ns_12_4_1_U312/din1_reg_reg[3]'
INFO: [Synth 8-3886] merging instance 'mul_4s_8ns_12_4_1_U312/din1_reg_reg[3]' (FDE) to 'mul_4s_8ns_12_4_1_U312/din1_reg_reg[5]'
INFO: [Synth 8-3886] merging instance 'mul_4s_8ns_12_4_1_U312/din1_reg_reg[6]' (FDE) to 'mul_4s_8ns_12_4_1_U312/din1_reg_reg[4]'
INFO: [Synth 8-3333] propagating constant 0 across sequential element (mul_4s_8ns_12_4_1_U312/\din1_reg_reg[5] )
INFO: [Synth 8-3333] propagating constant 1 across sequential element (mul_4s_8ns_12_4_1_U312/\din1_reg_reg[4] )
INFO: [Synth 8-3886] merging instance 'mul_4s_3s_7_4_1_U63/din1_reg_reg[0]' (FDE) to 'mul_4s_3s_7_4_1_U63/din1_reg_reg[1]'
INFO: [Synth 8-3333] propagating constant 1 across sequential element (mul_4s_3s_7_4_1_U63/\din1_reg_reg[2] )
INFO: [Synth 8-3333] propagating constant 0 across sequential element (mul_4s_3s_7_4_1_U63/\din1_reg_reg[1] )
INFO: [Synth 8-3886] merging instance 'mul_4s_5ns_9_4_1_U62/din1_reg_reg[0]' (FDE) to 'mul_4s_5ns_9_4_1_U62/din1_reg_reg[3]'
INFO: [Synth 8-3886] merging instance 'mul_4s_5ns_9_4_1_U62/din1_reg_reg[1]' (FDE) to 'mul_4s_5ns_9_4_1_U62/din1_reg_reg[2]'
INFO: [Synth 8-3886] merging instance 'mul_4s_5ns_9_4_1_U62/din1_reg_reg[2]' (FDE) to 'mul_4s_5ns_9_4_1_U62/din1_reg_reg[4]'
INFO: [Synth 8-3333] propagating constant 1 across sequential element (mul_4s_5ns_9_4_1_U62/\din1_reg_reg[3] )
INFO: [Synth 8-3333] propagating constant 0 across sequential element (mul_4s_5ns_9_4_1_U62/\din1_reg_reg[4] )
INFO: [Synth 8-3886] merging instance 'mul_4s_7s_11_4_1_U64/din1_reg_reg[0]' (FDE) to 'mul_4s_7s_11_4_1_U64/din1_reg_reg[1]'
INFO: [Synth 8-3886] merging instance 'mul_4s_7s_11_4_1_U64/din1_reg_reg[1]' (FDE) to 'mul_4s_7s_11_4_1_U64/din1_reg_reg[6]'
INFO: [Synth 8-3886] merging instance 'mul_4s_7s_11_4_1_U64/din1_reg_reg[2]' (FDE) to 'mul_4s_7s_11_4_1_U64/din1_reg_reg[3]'
INFO: [Synth 8-3886] merging instance 'mul_4s_7s_11_4_1_U64/din1_reg_reg[3]' (FDE) to 'mul_4s_7s_11_4_1_U64/din1_reg_reg[4]'
INFO: [Synth 8-3886] merging instance 'mul_4s_7s_11_4_1_U64/din1_reg_reg[4]' (FDE) to 'mul_4s_7s_11_4_1_U64/din1_reg_reg[5]'
INFO: [Synth 8-3333] propagating constant 1 across sequential element (mul_4s_7s_11_4_1_U64/\din1_reg_reg[6] )
INFO: [Synth 8-3333] propagating constant 0 across sequential element (mul_4s_7s_11_4_1_U64/\din1_reg_reg[5] )
INFO: [Synth 8-3886] merging instance 'mul_4s_7s_11_4_1_U65/din1_reg_reg[0]' (FDE) to 'mul_4s_7s_11_4_1_U65/din1_reg_reg[4]'
INFO: [Synth 8-3886] merging instance 'mul_4s_7s_11_4_1_U65/din1_reg_reg[1]' (FDE) to 'mul_4s_7s_11_4_1_U65/din1_reg_reg[2]'
INFO: [Synth 8-3886] merging instance 'mul_4s_7s_11_4_1_U65/din1_reg_reg[2]' (FDE) to 'mul_4s_7s_11_4_1_U65/din1_reg_reg[3]'
INFO: [Synth 8-3886] merging instance 'mul_4s_7s_11_4_1_U65/din1_reg_reg[3]' (FDE) to 'mul_4s_7s_11_4_1_U65/din1_reg_reg[6]'
INFO: [Synth 8-3886] merging instance 'mul_4s_7s_11_4_1_U65/din1_reg_reg[4]' (FDE) to 'mul_4s_7s_11_4_1_U65/din1_reg_reg[5]'
INFO: [Synth 8-3333] propagating constant 1 across sequential element (mul_4s_7s_11_4_1_U65/\din1_reg_reg[6] )
INFO: [Synth 8-3333] propagating constant 0 across sequential element (mul_4s_7s_11_4_1_U65/\din1_reg_reg[5] )
INFO: [Synth 8-3886] merging instance 'mul_4s_7s_11_4_1_U61/din1_reg_reg[0]' (FDE) to 'mul_4s_7s_11_4_1_U61/din1_reg_reg[1]'
INFO: [Synth 8-3886] merging instance 'mul_4s_7s_11_4_1_U61/din1_reg_reg[1]' (FDE) to 'mul_4s_7s_11_4_1_U61/din1_reg_reg[4]'
INFO: [Synth 8-3886] merging instance 'mul_4s_7s_11_4_1_U61/din1_reg_reg[2]' (FDE) to 'mul_4s_7s_11_4_1_U61/din1_reg_reg[3]'
INFO: [Synth 8-3886] merging instance 'mul_4s_7s_11_4_1_U61/din1_reg_reg[3]' (FDE) to 'mul_4s_7s_11_4_1_U61/din1_reg_reg[5]'
INFO: [Synth 8-3886] merging instance 'mul_4s_7s_11_4_1_U61/din1_reg_reg[6]' (FDE) to 'mul_4s_7s_11_4_1_U61/din1_reg_reg[4]'
INFO: [Synth 8-3333] propagating constant 0 across sequential element (mul_4s_7s_11_4_1_U61/\din1_reg_reg[5] )
INFO: [Synth 8-3333] propagating constant 1 across sequential element (mul_4s_7s_11_4_1_U61/\din1_reg_reg[4] )
INFO: [Synth 8-3886] merging instance 'mul_4s_6s_10_4_1_U60/din1_reg_reg[0]' (FDE) to 'mul_4s_6s_10_4_1_U60/din1_reg_reg[2]'
INFO: [Synth 8-3886] merging instance 'mul_4s_6s_10_4_1_U60/din1_reg_reg[1]' (FDE) to 'mul_4s_6s_10_4_1_U60/din1_reg_reg[3]'
INFO: [Synth 8-3886] merging instance 'mul_4s_6s_10_4_1_U60/din1_reg_reg[2]' (FDE) to 'mul_4s_6s_10_4_1_U60/din1_reg_reg[5]'
INFO: [Synth 8-3886] merging instance 'mul_4s_6s_10_4_1_U60/din1_reg_reg[3]' (FDE) to 'mul_4s_6s_10_4_1_U60/din1_reg_reg[4]'
INFO: [Synth 8-3333] propagating constant 1 across sequential element (mul_4s_6s_10_4_1_U60/\din1_reg_reg[5] )
INFO: [Synth 8-3333] propagating constant 0 across sequential element (mul_4s_6s_10_4_1_U60/\din1_reg_reg[4] )
INFO: [Synth 8-3886] merging instance 'mul_4s_6ns_10_4_1_U59/din1_reg_reg[0]' (FDE) to 'mul_4s_6ns_10_4_1_U59/din1_reg_reg[1]'
INFO: [Synth 8-3886] merging instance 'mul_4s_6ns_10_4_1_U59/din1_reg_reg[1]' (FDE) to 'mul_4s_6ns_10_4_1_U59/din1_reg_reg[5]'
INFO: [Synth 8-3886] merging instance 'mul_4s_6ns_10_4_1_U59/din1_reg_reg[2]' (FDE) to 'mul_4s_6ns_10_4_1_U59/din1_reg_reg[3]'
INFO: [Synth 8-3886] merging instance 'mul_4s_6ns_10_4_1_U59/din1_reg_reg[3]' (FDE) to 'mul_4s_6ns_10_4_1_U59/din1_reg_reg[4]'
INFO: [Synth 8-3333] propagating constant 1 across sequential element (mul_4s_6ns_10_4_1_U59/\din1_reg_reg[4] )
INFO: [Synth 8-3333] propagating constant 0 across sequential element (mul_4s_6ns_10_4_1_U59/\din1_reg_reg[5] )
INFO: [Synth 8-3886] merging instance 'mul_4s_8ns_12_4_1_U225/din1_reg_reg[0]' (FDE) to 'mul_4s_8ns_12_4_1_U225/din1_reg_reg[2]'
INFO: [Synth 8-3886] merging instance 'mul_4s_8ns_12_4_1_U225/din1_reg_reg[1]' (FDE) to 'mul_4s_8ns_12_4_1_U225/din1_reg_reg[3]'
INFO: [Synth 8-3886] merging instance 'mul_4s_8ns_12_4_1_U225/din1_reg_reg[2]' (FDE) to 'mul_4s_8ns_12_4_1_U225/din1_reg_reg[4]'
INFO: [Synth 8-3886] merging instance 'mul_4s_8ns_12_4_1_U225/din1_reg_reg[3]' (FDE) to 'mul_4s_8ns_12_4_1_U225/din1_reg_reg[6]'
INFO: [Synth 8-3886] merging instance 'mul_4s_8ns_12_4_1_U225/din1_reg_reg[4]' (FDE) to 'mul_4s_8ns_12_4_1_U225/din1_reg_reg[5]'
INFO: [Synth 8-3886] merging instance 'mul_4s_8ns_12_4_1_U225/din1_reg_reg[5]' (FDE) to 'mul_4s_8ns_12_4_1_U225/din1_reg_reg[7]'
INFO: [Synth 8-3333] propagating constant 0 across sequential element (mul_4s_8ns_12_4_1_U225/\din1_reg_reg[7] )
INFO: [Synth 8-3333] propagating constant 1 across sequential element (mul_4s_8ns_12_4_1_U225/\din1_reg_reg[6] )
INFO: [Synth 8-3886] merging instance 'mul_4s_7ns_11_4_1_U226/din1_reg_reg[0]' (FDE) to 'mul_4s_7ns_11_4_1_U226/din1_reg_reg[2]'
INFO: [Synth 8-3886] merging instance 'mul_4s_7ns_11_4_1_U226/din1_reg_reg[1]' (FDE) to 'mul_4s_7ns_11_4_1_U226/din1_reg_reg[3]'
INFO: [Synth 8-3886] merging instance 'mul_4s_7ns_11_4_1_U226/din1_reg_reg[2]' (FDE) to 'mul_4s_7ns_11_4_1_U226/din1_reg_reg[6]'
INFO: [Synth 8-3886] merging instance 'mul_4s_7ns_11_4_1_U226/din1_reg_reg[3]' (FDE) to 'mul_4s_7ns_11_4_1_U226/din1_reg_reg[4]'
INFO: [Synth 8-3886] merging instance 'mul_4s_7ns_11_4_1_U226/din1_reg_reg[4]' (FDE) to 'mul_4s_7ns_11_4_1_U226/din1_reg_reg[5]'
INFO: [Synth 8-3333] propagating constant 1 across sequential element (mul_4s_7ns_11_4_1_U226/\din1_reg_reg[5] )
INFO: [Synth 8-3333] propagating constant 0 across sequential element (mul_4s_7ns_11_4_1_U226/\din1_reg_reg[6] )
INFO: [Synth 8-3886] merging instance 'mul_4s_7s_11_4_1_U322/din1_reg_reg[0]' (FDE) to 'mul_4s_7s_11_4_1_U322/din1_reg_reg[1]'
INFO: [Synth 8-3886] merging instance 'mul_4s_7s_11_4_1_U322/din1_reg_reg[1]' (FDE) to 'mul_4s_7s_11_4_1_U322/din1_reg_reg[2]'
INFO: [Synth 8-3886] merging instance 'mul_4s_7s_11_4_1_U322/din1_reg_reg[2]' (FDE) to 'mul_4s_7s_11_4_1_U322/din1_reg_reg[4]'
INFO: [Synth 8-3886] merging instance 'mul_4s_7s_11_4_1_U322/din1_reg_reg[3]' (FDE) to 'mul_4s_7s_11_4_1_U322/din1_reg_reg[5]'
INFO: [Synth 8-3886] merging instance 'mul_4s_7s_11_4_1_U322/din1_reg_reg[4]' (FDE) to 'mul_4s_7s_11_4_1_U322/din1_reg_reg[6]'
INFO: [Synth 8-3333] propagating constant 1 across sequential element (mul_4s_7s_11_4_1_U322/\din1_reg_reg[6] )
INFO: [Synth 8-3333] propagating constant 0 across sequential element (mul_4s_7s_11_4_1_U322/\din1_reg_reg[5] )
INFO: [Synth 8-3886] merging instance 'mul_4s_8ns_12_4_1_U321/din1_reg_reg[7]' (FDE) to 'mul_4s_8ns_12_4_1_U321/din1_reg_reg[0]'
INFO: [Synth 8-3886] merging instance 'mul_4s_8ns_12_4_1_U321/din1_reg_reg[0]' (FDE) to 'mul_4s_8ns_12_4_1_U321/din1_reg_reg[1]'
INFO: [Synth 8-3886] merging instance 'mul_4s_8ns_12_4_1_U321/din1_reg_reg[1]' (FDE) to 'mul_4s_8ns_12_4_1_U321/din1_reg_reg[4]'
INFO: [Common 17-14] Message 'Synth 8-3886' appears 100 times and further instances of the messages will be disabled. Use the Tcl command set_msg_config to change the current settings.
INFO: [Common 17-14] Message 'Synth 8-3886' appears 100 times and further instances of the messages will be disabled. Use the Tcl command set_msg_config to change the current settings.
INFO: [Synth 8-3333] propagating constant 1 across sequential element (mul_4s_8ns_12_4_1_U321/\din1_reg_reg[6] )
INFO: [Synth 8-3333] propagating constant 0 across sequential element (mul_4s_8ns_12_4_1_U321/\din1_reg_reg[4] )
INFO: [Synth 8-3333] propagating constant 0 across sequential element (mul_4s_7ns_11_4_1_U320/\din1_reg_reg[6] )
INFO: [Synth 8-3333] propagating constant 1 across sequential element (mul_4s_7ns_11_4_1_U320/\din1_reg_reg[5] )
INFO: [Synth 8-3333] propagating constant 1 across sequential element (mul_4s_7s_11_4_1_U319/\din1_reg_reg[6] )
INFO: [Synth 8-3333] propagating constant 0 across sequential element (mul_4s_7s_11_4_1_U319/\din1_reg_reg[5] )
INFO: [Synth 8-3333] propagating constant 1 across sequential element (mul_4s_6s_10_4_1_U318/\din1_reg_reg[5] )
INFO: [Synth 8-3333] propagating constant 0 across sequential element (mul_4s_6s_10_4_1_U318/\din1_reg_reg[4] )
INFO: [Synth 8-3333] propagating constant 0 across sequential element (mul_4s_7ns_11_4_1_U317/\din1_reg_reg[6] )
INFO: [Synth 8-3333] propagating constant 1 across sequential element (mul_4s_7ns_11_4_1_U317/\din1_reg_reg[5] )
INFO: [Synth 8-3333] propagating constant 0 across sequential element (mul_4s_7ns_11_4_1_U55/\din1_reg_reg[6] )
INFO: [Synth 8-3333] propagating constant 1 across sequential element (mul_4s_7ns_11_4_1_U55/\din1_reg_reg[5] )
INFO: [Synth 8-3333] propagating constant 0 across sequential element (mul_4s_7ns_11_4_1_U53/\din1_reg_reg[6] )
INFO: [Synth 8-3333] propagating constant 1 across sequential element (mul_4s_7ns_11_4_1_U53/\din1_reg_reg[5] )
INFO: [Synth 8-3333] propagating constant 0 across sequential element (mul_4s_7ns_11_4_1_U54/\din1_reg_reg[6] )
INFO: [Synth 8-3333] propagating constant 1 across sequential element (mul_4s_7ns_11_4_1_U54/\din1_reg_reg[5] )
INFO: [Synth 8-3333] propagating constant 1 across sequential element (mul_4s_6s_10_4_1_U52/\din1_reg_reg[5] )
INFO: [Synth 8-3333] propagating constant 0 across sequential element (mul_4s_6s_10_4_1_U52/\din1_reg_reg[4] )
INFO: [Synth 8-3333] propagating constant 1 across sequential element (mul_4s_8ns_12_4_1_U51/\din1_reg_reg[6] )
INFO: [Synth 8-3333] propagating constant 0 across sequential element (mul_4s_8ns_12_4_1_U51/\din1_reg_reg[4] )
INFO: [Synth 8-3333] propagating constant 1 across sequential element (mul_4s_8ns_12_4_1_U302/\din1_reg_reg[6] )
INFO: [Synth 8-3333] propagating constant 0 across sequential element (mul_4s_8ns_12_4_1_U302/\din1_reg_reg[4] )
INFO: [Synth 8-3333] propagating constant 0 across sequential element (mul_4s_7ns_11_4_1_U303/\din1_reg_reg[4] )
INFO: [Synth 8-3333] propagating constant 1 across sequential element (mul_4s_7ns_11_4_1_U303/\din1_reg_reg[3] )
INFO: [Synth 8-3333] propagating constant 0 across sequential element (mul_4s_7ns_11_4_1_U300/\din1_reg_reg[6] )
INFO: [Synth 8-3333] propagating constant 1 across sequential element (mul_4s_7ns_11_4_1_U300/\din1_reg_reg[5] )
INFO: [Synth 8-3333] propagating constant 0 across sequential element (mul_4s_7ns_11_4_1_U301/\din1_reg_reg[6] )
INFO: [Synth 8-3333] propagating constant 1 across sequential element (mul_4s_7ns_11_4_1_U301/\din1_reg_reg[5] )
INFO: [Synth 8-3333] propagating constant 1 across sequential element (mul_4s_6s_10_4_1_U299/\din1_reg_reg[5] )
INFO: [Synth 8-3333] propagating constant 0 across sequential element (mul_4s_6s_10_4_1_U299/\din1_reg_reg[4] )
INFO: [Synth 8-3333] propagating constant 1 across sequential element (mul_4s_8ns_12_4_1_U298/\din1_reg_reg[6] )
INFO: [Synth 8-3333] propagating constant 0 across sequential element (mul_4s_8ns_12_4_1_U298/\din1_reg_reg[4] )
INFO: [Synth 8-3333] propagating constant 1 across sequential element (mul_4s_7s_11_4_1_U287/\din1_reg_reg[6] )
INFO: [Synth 8-3333] propagating constant 0 across sequential element (mul_4s_7s_11_4_1_U287/\din1_reg_reg[5] )
INFO: [Synth 8-3333] propagating constant 1 across sequential element (mul_4s_8ns_12_4_1_U286/\din1_reg_reg[6] )
INFO: [Synth 8-3333] propagating constant 0 across sequential element (mul_4s_8ns_12_4_1_U286/\din1_reg_reg[4] )
INFO: [Synth 8-3333] propagating constant 0 across sequential element (mul_4s_7ns_11_4_1_U285/\din1_reg_reg[6] )
INFO: [Synth 8-3333] propagating constant 1 across sequential element (mul_4s_7ns_11_4_1_U285/\din1_reg_reg[5] )
INFO: [Synth 8-3333] propagating constant 1 across sequential element (mul_4s_7s_11_4_1_U284/\din1_reg_reg[6] )
INFO: [Synth 8-3333] propagating constant 0 across sequential element (mul_4s_7s_11_4_1_U284/\din1_reg_reg[5] )
INFO: [Synth 8-3333] propagating constant 1 across sequential element (mul_4s_6s_10_4_1_U283/\din1_reg_reg[5] )
INFO: [Synth 8-3333] propagating constant 0 across sequential element (mul_4s_6s_10_4_1_U283/\din1_reg_reg[4] )
INFO: [Synth 8-3333] propagating constant 0 across sequential element (mul_4s_7ns_11_4_1_U282/\din1_reg_reg[6] )
INFO: [Synth 8-3333] propagating constant 1 across sequential element (mul_4s_7ns_11_4_1_U282/\din1_reg_reg[5] )
INFO: [Synth 8-3333] propagating constant 1 across sequential element (mul_4s_6s_10_4_1_U437/\din1_reg_reg[5] )
INFO: [Synth 8-3333] propagating constant 0 across sequential element (mul_4s_6s_10_4_1_U437/\din1_reg_reg[4] )
INFO: [Synth 8-3333] propagating constant 1 across sequential element (mul_4s_5s_9_4_1_U436/\din1_reg_reg[4] )
INFO: [Synth 8-3333] propagating constant 0 across sequential element (mul_4s_5s_9_4_1_U436/\din1_reg_reg[3] )
INFO: [Synth 8-3333] propagating constant 1 across sequential element (mul_4s_6s_10_4_1_U69/\din1_reg_reg[5] )
INFO: [Synth 8-3333] propagating constant 0 across sequential element (mul_4s_6s_10_4_1_U69/\din1_reg_reg[4] )
INFO: [Synth 8-3333] propagating constant 1 across sequential element (mul_4s_6s_10_4_1_U70/\din1_reg_reg[5] )
INFO: [Synth 8-3333] propagating constant 0 across sequential element (mul_4s_6s_10_4_1_U70/\din1_reg_reg[4] )
INFO: [Synth 8-3333] propagating constant 1 across sequential element (mul_4s_7ns_11_4_1_U68/\din1_reg_reg[5] )
INFO: [Synth 8-3333] propagating constant 0 across sequential element (mul_4s_7ns_11_4_1_U68/\din1_reg_reg[3] )
INFO: [Synth 8-3333] propagating constant 1 across sequential element (mul_4s_7s_11_4_1_U67/\din1_reg_reg[6] )
INFO: [Synth 8-3333] propagating constant 0 across sequential element (mul_4s_7s_11_4_1_U67/\din1_reg_reg[5] )
INFO: [Synth 8-3333] propagating constant 0 across sequential element (mul_4s_8ns_12_4_1_U66/\din1_reg_reg[5] )
INFO: [Synth 8-3333] propagating constant 1 across sequential element (mul_4s_8ns_12_4_1_U66/\din1_reg_reg[4] )
INFO: [Common 17-14] Message 'Synth 8-3333' appears 100 times and further instances of the messages will be disabled. Use the Tcl command set_msg_config to change the current settings.
INFO: [Common 17-14] Message 'Synth 8-3333' appears 100 times and further instances of the messages will be disabled. Use the Tcl command set_msg_config to change the current settings.
INFO: [Common 17-14] Message 'Synth 8-3886' appears 100 times and further instances of the messages will be disabled. Use the Tcl command set_msg_config to change the current settings.
INFO: [Common 17-14] Message 'Synth 8-3333' appears 100 times and further instances of the messages will be disabled. Use the Tcl command set_msg_config to change the current settings.
INFO: [Common 17-14] Message 'Synth 8-7129' appears 100 times and further instances of the messages will be disabled. Use the Tcl command set_msg_config to change the current settings.
INFO: [Common 17-14] Message 'Synth 8-3886' appears 100 times and further instances of the messages will be disabled. Use the Tcl command set_msg_config to change the current settings.
INFO: [Common 17-14] Message 'Synth 8-3333' appears 100 times and further instances of the messages will be disabled. Use the Tcl command set_msg_config to change the current settings.
INFO: [Synth 8-4471] merging register 'ama_addmuladd_9s_8s_11ns_17ns_21_4_1_U631/graphsage_int8_po2_ama_addmuladd_9s_8s_11ns_17ns_21_4_1_DSP48_0_U/b_reg_reg[17:0]' into 'ama_addmuladd_9s_8s_11ns_17ns_21_4_1_U632/graphsage_int8_po2_ama_addmuladd_9s_8s_11ns_17ns_21_4_1_DSP48_0_U/b_reg_reg[17:0]' [/mnt_pool/c3_users/user/pleguina/graphsage_vivado_2024_1_sweep/build/hls/graphsage_int8_po2_19c_const_params/solution1/syn/verilog/graphsage_int8_po2_ama_addmuladd_9s_8s_11ns_17ns_21_4_1.v:36]
INFO: [Synth 8-4471] merging register 'ama_addmuladd_9s_8s_11ns_17ns_21_4_1_U630/graphsage_int8_po2_ama_addmuladd_9s_8s_11ns_17ns_21_4_1_DSP48_0_U/b_reg_reg[17:0]' into 'ama_addmuladd_9s_8s_11ns_17ns_21_4_1_U632/graphsage_int8_po2_ama_addmuladd_9s_8s_11ns_17ns_21_4_1_DSP48_0_U/b_reg_reg[17:0]' [/mnt_pool/c3_users/user/pleguina/graphsage_vivado_2024_1_sweep/build/hls/graphsage_int8_po2_19c_const_params/solution1/syn/verilog/graphsage_int8_po2_ama_addmuladd_9s_8s_11ns_17ns_21_4_1.v:36]
INFO: [Synth 8-4471] merging register 'ama_addmuladd_9s_8s_11ns_17ns_21_4_1_U629/graphsage_int8_po2_ama_addmuladd_9s_8s_11ns_17ns_21_4_1_DSP48_0_U/b_reg_reg[17:0]' into 'ama_addmuladd_9s_8s_11ns_17ns_21_4_1_U632/graphsage_int8_po2_ama_addmuladd_9s_8s_11ns_17ns_21_4_1_DSP48_0_U/b_reg_reg[17:0]' [/mnt_pool/c3_users/user/pleguina/graphsage_vivado_2024_1_sweep/build/hls/graphsage_int8_po2_19c_const_params/solution1/syn/verilog/graphsage_int8_po2_ama_addmuladd_9s_8s_11ns_17ns_21_4_1.v:36]
INFO: [Synth 8-4471] merging register 'ama_addmuladd_9s_8s_11ns_17ns_21_4_1_U628/graphsage_int8_po2_ama_addmuladd_9s_8s_11ns_17ns_21_4_1_DSP48_0_U/b_reg_reg[17:0]' into 'ama_addmuladd_9s_8s_11ns_17ns_21_4_1_U632/graphsage_int8_po2_ama_addmuladd_9s_8s_11ns_17ns_21_4_1_DSP48_0_U/b_reg_reg[17:0]' [/mnt_pool/c3_users/user/pleguina/graphsage_vivado_2024_1_sweep/build/hls/graphsage_int8_po2_19c_const_params/solution1/syn/verilog/graphsage_int8_po2_ama_addmuladd_9s_8s_11ns_17ns_21_4_1.v:36]
INFO: [Synth 8-4471] merging register 'ama_addmuladd_9s_8s_11ns_17ns_21_4_1_U627/graphsage_int8_po2_ama_addmuladd_9s_8s_11ns_17ns_21_4_1_DSP48_0_U/b_reg_reg[17:0]' into 'ama_addmuladd_9s_8s_11ns_17ns_21_4_1_U632/graphsage_int8_po2_ama_addmuladd_9s_8s_11ns_17ns_21_4_1_DSP48_0_U/b_reg_reg[17:0]' [/mnt_pool/c3_users/user/pleguina/graphsage_vivado_2024_1_sweep/build/hls/graphsage_int8_po2_19c_const_params/solution1/syn/verilog/graphsage_int8_po2_ama_addmuladd_9s_8s_11ns_17ns_21_4_1.v:36]
INFO: [Synth 8-4471] merging register 'ama_addmuladd_9s_8s_11ns_17ns_21_4_1_U626/graphsage_int8_po2_ama_addmuladd_9s_8s_11ns_17ns_21_4_1_DSP48_0_U/b_reg_reg[17:0]' into 'ama_addmuladd_9s_8s_11ns_17ns_21_4_1_U632/graphsage_int8_po2_ama_addmuladd_9s_8s_11ns_17ns_21_4_1_DSP48_0_U/b_reg_reg[17:0]' [/mnt_pool/c3_users/user/pleguina/graphsage_vivado_2024_1_sweep/build/hls/graphsage_int8_po2_19c_const_params/solution1/syn/verilog/graphsage_int8_po2_ama_addmuladd_9s_8s_11ns_17ns_21_4_1.v:36]
INFO: [Synth 8-4471] merging register 'ama_addmuladd_9s_8s_11ns_17ns_21_4_1_U625/graphsage_int8_po2_ama_addmuladd_9s_8s_11ns_17ns_21_4_1_DSP48_0_U/b_reg_reg[17:0]' into 'ama_addmuladd_9s_8s_11ns_17ns_21_4_1_U632/graphsage_int8_po2_ama_addmuladd_9s_8s_11ns_17ns_21_4_1_DSP48_0_U/b_reg_reg[17:0]' [/mnt_pool/c3_users/user/pleguina/graphsage_vivado_2024_1_sweep/build/hls/graphsage_int8_po2_19c_const_params/solution1/syn/verilog/graphsage_int8_po2_ama_addmuladd_9s_8s_11ns_17ns_21_4_1.v:36]
INFO: [Synth 8-4471] merging register 'ama_addmuladd_9s_8s_11ns_17ns_21_4_1_U624/graphsage_int8_po2_ama_addmuladd_9s_8s_11ns_17ns_21_4_1_DSP48_0_U/b_reg_reg[17:0]' into 'ama_addmuladd_9s_8s_11ns_17ns_21_4_1_U632/graphsage_int8_po2_ama_addmuladd_9s_8s_11ns_17ns_21_4_1_DSP48_0_U/b_reg_reg[17:0]' [/mnt_pool/c3_users/user/pleguina/graphsage_vivado_2024_1_sweep/build/hls/graphsage_int8_po2_19c_const_params/solution1/syn/verilog/graphsage_int8_po2_ama_addmuladd_9s_8s_11ns_17ns_21_4_1.v:36]
INFO: [Synth 8-4471] merging register 'ama_addmuladd_9s_8s_11ns_17ns_21_4_1_U623/graphsage_int8_po2_ama_addmuladd_9s_8s_11ns_17ns_21_4_1_DSP48_0_U/b_reg_reg[17:0]' into 'ama_addmuladd_9s_8s_11ns_17ns_21_4_1_U632/graphsage_int8_po2_ama_addmuladd_9s_8s_11ns_17ns_21_4_1_DSP48_0_U/b_reg_reg[17:0]' [/mnt_pool/c3_users/user/pleguina/graphsage_vivado_2024_1_sweep/build/hls/graphsage_int8_po2_19c_const_params/solution1/syn/verilog/graphsage_int8_po2_ama_addmuladd_9s_8s_11ns_17ns_21_4_1.v:36]
INFO: [Synth 8-4471] merging register 'ama_addmuladd_9s_8s_11ns_17ns_21_4_1_U622/graphsage_int8_po2_ama_addmuladd_9s_8s_11ns_17ns_21_4_1_DSP48_0_U/b_reg_reg[17:0]' into 'ama_addmuladd_9s_8s_11ns_17ns_21_4_1_U632/graphsage_int8_po2_ama_addmuladd_9s_8s_11ns_17ns_21_4_1_DSP48_0_U/b_reg_reg[17:0]' [/mnt_pool/c3_users/user/pleguina/graphsage_vivado_2024_1_sweep/build/hls/graphsage_int8_po2_19c_const_params/solution1/syn/verilog/graphsage_int8_po2_ama_addmuladd_9s_8s_11ns_17ns_21_4_1.v:36]
INFO: [Synth 8-4471] merging register 'ama_addmuladd_9s_8s_11ns_17ns_21_4_1_U621/graphsage_int8_po2_ama_addmuladd_9s_8s_11ns_17ns_21_4_1_DSP48_0_U/b_reg_reg[17:0]' into 'ama_addmuladd_9s_8s_11ns_17ns_21_4_1_U632/graphsage_int8_po2_ama_addmuladd_9s_8s_11ns_17ns_21_4_1_DSP48_0_U/b_reg_reg[17:0]' [/mnt_pool/c3_users/user/pleguina/graphsage_vivado_2024_1_sweep/build/hls/graphsage_int8_po2_19c_const_params/solution1/syn/verilog/graphsage_int8_po2_ama_addmuladd_9s_8s_11ns_17ns_21_4_1.v:36]
INFO: [Synth 8-4471] merging register 'ama_addmuladd_9s_8s_11ns_17ns_21_4_1_U619/graphsage_int8_po2_ama_addmuladd_9s_8s_11ns_17ns_21_4_1_DSP48_0_U/b_reg_reg[17:0]' into 'ama_addmuladd_9s_8s_11ns_17ns_21_4_1_U632/graphsage_int8_po2_ama_addmuladd_9s_8s_11ns_17ns_21_4_1_DSP48_0_U/b_reg_reg[17:0]' [/mnt_pool/c3_users/user/pleguina/graphsage_vivado_2024_1_sweep/build/hls/graphsage_int8_po2_19c_const_params/solution1/syn/verilog/graphsage_int8_po2_ama_addmuladd_9s_8s_11ns_17ns_21_4_1.v:36]
INFO: [Synth 8-4471] merging register 'ama_addmuladd_9s_8s_11ns_17ns_21_4_1_U617/graphsage_int8_po2_ama_addmuladd_9s_8s_11ns_17ns_21_4_1_DSP48_0_U/b_reg_reg[17:0]' into 'ama_addmuladd_9s_8s_11ns_17ns_21_4_1_U632/graphsage_int8_po2_ama_addmuladd_9s_8s_11ns_17ns_21_4_1_DSP48_0_U/b_reg_reg[17:0]' [/mnt_pool/c3_users/user/pleguina/graphsage_vivado_2024_1_sweep/build/hls/graphsage_int8_po2_19c_const_params/solution1/syn/verilog/graphsage_int8_po2_ama_addmuladd_9s_8s_11ns_17ns_21_4_1.v:36]
INFO: [Synth 8-4471] merging register 'ama_addmuladd_9s_8s_11ns_17ns_21_4_1_U616/graphsage_int8_po2_ama_addmuladd_9s_8s_11ns_17ns_21_4_1_DSP48_0_U/b_reg_reg[17:0]' into 'ama_addmuladd_9s_8s_11ns_17ns_21_4_1_U632/graphsage_int8_po2_ama_addmuladd_9s_8s_11ns_17ns_21_4_1_DSP48_0_U/b_reg_reg[17:0]' [/mnt_pool/c3_users/user/pleguina/graphsage_vivado_2024_1_sweep/build/hls/graphsage_int8_po2_19c_const_params/solution1/syn/verilog/graphsage_int8_po2_ama_addmuladd_9s_8s_11ns_17ns_21_4_1.v:36]
INFO: [Synth 8-4471] merging register 'ama_addmuladd_9s_8s_11ns_17ns_21_4_1_U615/graphsage_int8_po2_ama_addmuladd_9s_8s_11ns_17ns_21_4_1_DSP48_0_U/b_reg_reg[17:0]' into 'ama_addmuladd_9s_8s_11ns_17ns_21_4_1_U632/graphsage_int8_po2_ama_addmuladd_9s_8s_11ns_17ns_21_4_1_DSP48_0_U/b_reg_reg[17:0]' [/mnt_pool/c3_users/user/pleguina/graphsage_vivado_2024_1_sweep/build/hls/graphsage_int8_po2_19c_const_params/solution1/syn/verilog/graphsage_int8_po2_ama_addmuladd_9s_8s_11ns_17ns_21_4_1.v:36]
INFO: [Synth 8-4471] merging register 'ama_addmuladd_9s_8s_11ns_17ns_21_4_1_U614/graphsage_int8_po2_ama_addmuladd_9s_8s_11ns_17ns_21_4_1_DSP48_0_U/b_reg_reg[17:0]' into 'ama_addmuladd_9s_8s_11ns_17ns_21_4_1_U632/graphsage_int8_po2_ama_addmuladd_9s_8s_11ns_17ns_21_4_1_DSP48_0_U/b_reg_reg[17:0]' [/mnt_pool/c3_users/user/pleguina/graphsage_vivado_2024_1_sweep/build/hls/graphsage_int8_po2_19c_const_params/solution1/syn/verilog/graphsage_int8_po2_ama_addmuladd_9s_8s_11ns_17ns_21_4_1.v:36]
INFO: [Synth 8-4471] merging register 'ama_addmuladd_9s_8s_11ns_17ns_21_4_1_U613/graphsage_int8_po2_ama_addmuladd_9s_8s_11ns_17ns_21_4_1_DSP48_0_U/b_reg_reg[17:0]' into 'ama_addmuladd_9s_8s_11ns_17ns_21_4_1_U632/graphsage_int8_po2_ama_addmuladd_9s_8s_11ns_17ns_21_4_1_DSP48_0_U/b_reg_reg[17:0]' [/mnt_pool/c3_users/user/pleguina/graphsage_vivado_2024_1_sweep/build/hls/graphsage_int8_po2_19c_const_params/solution1/syn/verilog/graphsage_int8_po2_ama_addmuladd_9s_8s_11ns_17ns_21_4_1.v:36]
INFO: [Synth 8-4471] merging register 'ama_addmuladd_9s_8s_11ns_17ns_21_4_1_U612/graphsage_int8_po2_ama_addmuladd_9s_8s_11ns_17ns_21_4_1_DSP48_0_U/b_reg_reg[17:0]' into 'ama_addmuladd_9s_8s_11ns_17ns_21_4_1_U632/graphsage_int8_po2_ama_addmuladd_9s_8s_11ns_17ns_21_4_1_DSP48_0_U/b_reg_reg[17:0]' [/mnt_pool/c3_users/user/pleguina/graphsage_vivado_2024_1_sweep/build/hls/graphsage_int8_po2_19c_const_params/solution1/syn/verilog/graphsage_int8_po2_ama_addmuladd_9s_8s_11ns_17ns_21_4_1.v:36]
INFO: [Synth 8-4471] merging register 'ama_addmuladd_9s_8s_11ns_17ns_21_4_1_U611/graphsage_int8_po2_ama_addmuladd_9s_8s_11ns_17ns_21_4_1_DSP48_0_U/b_reg_reg[17:0]' into 'ama_addmuladd_9s_8s_11ns_17ns_21_4_1_U632/graphsage_int8_po2_ama_addmuladd_9s_8s_11ns_17ns_21_4_1_DSP48_0_U/b_reg_reg[17:0]' [/mnt_pool/c3_users/user/pleguina/graphsage_vivado_2024_1_sweep/build/hls/graphsage_int8_po2_19c_const_params/solution1/syn/verilog/graphsage_int8_po2_ama_addmuladd_9s_8s_11ns_17ns_21_4_1.v:36]
INFO: [Synth 8-4471] merging register 'ama_addmuladd_9s_8s_11ns_17ns_21_4_1_U610/graphsage_int8_po2_ama_addmuladd_9s_8s_11ns_17ns_21_4_1_DSP48_0_U/b_reg_reg[17:0]' into 'ama_addmuladd_9s_8s_11ns_17ns_21_4_1_U632/graphsage_int8_po2_ama_addmuladd_9s_8s_11ns_17ns_21_4_1_DSP48_0_U/b_reg_reg[17:0]' [/mnt_pool/c3_users/user/pleguina/graphsage_vivado_2024_1_sweep/build/hls/graphsage_int8_po2_19c_const_params/solution1/syn/verilog/graphsage_int8_po2_ama_addmuladd_9s_8s_11ns_17ns_21_4_1.v:36]
INFO: [Synth 8-4471] merging register 'ama_addmuladd_9s_8s_11ns_17ns_21_4_1_U609/graphsage_int8_po2_ama_addmuladd_9s_8s_11ns_17ns_21_4_1_DSP48_0_U/b_reg_reg[17:0]' into 'ama_addmuladd_9s_8s_11ns_17ns_21_4_1_U632/graphsage_int8_po2_ama_addmuladd_9s_8s_11ns_17ns_21_4_1_DSP48_0_U/b_reg_reg[17:0]' [/mnt_pool/c3_users/user/pleguina/graphsage_vivado_2024_1_sweep/build/hls/graphsage_int8_po2_19c_const_params/solution1/syn/verilog/graphsage_int8_po2_ama_addmuladd_9s_8s_11ns_17ns_21_4_1.v:36]
INFO: [Synth 8-4471] merging register 'ama_addmuladd_9s_8s_11ns_17ns_21_4_1_U608/graphsage_int8_po2_ama_addmuladd_9s_8s_11ns_17ns_21_4_1_DSP48_0_U/b_reg_reg[17:0]' into 'ama_addmuladd_9s_8s_11ns_17ns_21_4_1_U632/graphsage_int8_po2_ama_addmuladd_9s_8s_11ns_17ns_21_4_1_DSP48_0_U/b_reg_reg[17:0]' [/mnt_pool/c3_users/user/pleguina/graphsage_vivado_2024_1_sweep/build/hls/graphsage_int8_po2_19c_const_params/solution1/syn/verilog/graphsage_int8_po2_ama_addmuladd_9s_8s_11ns_17ns_21_4_1.v:36]
INFO: [Synth 8-4471] merging register 'ama_addmuladd_9s_8s_11ns_17ns_21_4_1_U607/graphsage_int8_po2_ama_addmuladd_9s_8s_11ns_17ns_21_4_1_DSP48_0_U/b_reg_reg[17:0]' into 'ama_addmuladd_9s_8s_11ns_17ns_21_4_1_U632/graphsage_int8_po2_ama_addmuladd_9s_8s_11ns_17ns_21_4_1_DSP48_0_U/b_reg_reg[17:0]' [/mnt_pool/c3_users/user/pleguina/graphsage_vivado_2024_1_sweep/build/hls/graphsage_int8_po2_19c_const_params/solution1/syn/verilog/graphsage_int8_po2_ama_addmuladd_9s_8s_11ns_17ns_21_4_1.v:36]
INFO: [Synth 8-4471] merging register 'ama_addmuladd_9s_8s_11ns_17ns_21_4_1_U606/graphsage_int8_po2_ama_addmuladd_9s_8s_11ns_17ns_21_4_1_DSP48_0_U/b_reg_reg[17:0]' into 'ama_addmuladd_9s_8s_11ns_17ns_21_4_1_U632/graphsage_int8_po2_ama_addmuladd_9s_8s_11ns_17ns_21_4_1_DSP48_0_U/b_reg_reg[17:0]' [/mnt_pool/c3_users/user/pleguina/graphsage_vivado_2024_1_sweep/build/hls/graphsage_int8_po2_19c_const_params/solution1/syn/verilog/graphsage_int8_po2_ama_addmuladd_9s_8s_11ns_17ns_21_4_1.v:36]
INFO: [Synth 8-4471] merging register 'ama_addmuladd_9s_8s_11ns_17ns_21_4_1_U605/graphsage_int8_po2_ama_addmuladd_9s_8s_11ns_17ns_21_4_1_DSP48_0_U/b_reg_reg[17:0]' into 'ama_addmuladd_9s_8s_11ns_17ns_21_4_1_U632/graphsage_int8_po2_ama_addmuladd_9s_8s_11ns_17ns_21_4_1_DSP48_0_U/b_reg_reg[17:0]' [/mnt_pool/c3_users/user/pleguina/graphsage_vivado_2024_1_sweep/build/hls/graphsage_int8_po2_19c_const_params/solution1/syn/verilog/graphsage_int8_po2_ama_addmuladd_9s_8s_11ns_17ns_21_4_1.v:36]
INFO: [Synth 8-4471] merging register 'ama_addmuladd_9s_8s_11ns_17ns_21_4_1_U601/graphsage_int8_po2_ama_addmuladd_9s_8s_11ns_17ns_21_4_1_DSP48_0_U/b_reg_reg[17:0]' into 'ama_addmuladd_9s_8s_11ns_17ns_21_4_1_U632/graphsage_int8_po2_ama_addmuladd_9s_8s_11ns_17ns_21_4_1_DSP48_0_U/b_reg_reg[17:0]' [/mnt_pool/c3_users/user/pleguina/graphsage_vivado_2024_1_sweep/build/hls/graphsage_int8_po2_19c_const_params/solution1/syn/verilog/graphsage_int8_po2_ama_addmuladd_9s_8s_11ns_17ns_21_4_1.v:36]
INFO: [Synth 8-4471] merging register 'ama_addmuladd_9s_8s_11ns_17ns_21_4_1_U600/graphsage_int8_po2_ama_addmuladd_9s_8s_11ns_17ns_21_4_1_DSP48_0_U/b_reg_reg[17:0]' into 'ama_addmuladd_9s_8s_11ns_17ns_21_4_1_U632/graphsage_int8_po2_ama_addmuladd_9s_8s_11ns_17ns_21_4_1_DSP48_0_U/b_reg_reg[17:0]' [/mnt_pool/c3_users/user/pleguina/graphsage_vivado_2024_1_sweep/build/hls/graphsage_int8_po2_19c_const_params/solution1/syn/verilog/graphsage_int8_po2_ama_addmuladd_9s_8s_11ns_17ns_21_4_1.v:36]
INFO: [Synth 8-4471] merging register 'ama_addmuladd_9s_8s_11ns_17ns_21_4_1_U599/graphsage_int8_po2_ama_addmuladd_9s_8s_11ns_17ns_21_4_1_DSP48_0_U/b_reg_reg[17:0]' into 'ama_addmuladd_9s_8s_11ns_17ns_21_4_1_U632/graphsage_int8_po2_ama_addmuladd_9s_8s_11ns_17ns_21_4_1_DSP48_0_U/b_reg_reg[17:0]' [/mnt_pool/c3_users/user/pleguina/graphsage_vivado_2024_1_sweep/build/hls/graphsage_int8_po2_19c_const_params/solution1/syn/verilog/graphsage_int8_po2_ama_addmuladd_9s_8s_11ns_17ns_21_4_1.v:36]
INFO: [Synth 8-4471] merging register 'ama_addmuladd_9s_8s_11ns_17ns_21_4_1_U598/graphsage_int8_po2_ama_addmuladd_9s_8s_11ns_17ns_21_4_1_DSP48_0_U/b_reg_reg[17:0]' into 'ama_addmuladd_9s_8s_11ns_17ns_21_4_1_U632/graphsage_int8_po2_ama_addmuladd_9s_8s_11ns_17ns_21_4_1_DSP48_0_U/b_reg_reg[17:0]' [/mnt_pool/c3_users/user/pleguina/graphsage_vivado_2024_1_sweep/build/hls/graphsage_int8_po2_19c_const_params/solution1/syn/verilog/graphsage_int8_po2_ama_addmuladd_9s_8s_11ns_17ns_21_4_1.v:36]
INFO: [Synth 8-4471] merging register 'ama_addmuladd_9s_8s_11ns_17ns_21_4_1_U597/graphsage_int8_po2_ama_addmuladd_9s_8s_11ns_17ns_21_4_1_DSP48_0_U/b_reg_reg[17:0]' into 'ama_addmuladd_9s_8s_11ns_17ns_21_4_1_U632/graphsage_int8_po2_ama_addmuladd_9s_8s_11ns_17ns_21_4_1_DSP48_0_U/b_reg_reg[17:0]' [/mnt_pool/c3_users/user/pleguina/graphsage_vivado_2024_1_sweep/build/hls/graphsage_int8_po2_19c_const_params/solution1/syn/verilog/graphsage_int8_po2_ama_addmuladd_9s_8s_11ns_17ns_21_4_1.v:36]
INFO: [Synth 8-4471] merging register 'ama_addmuladd_9s_8s_11ns_17ns_21_4_1_U596/graphsage_int8_po2_ama_addmuladd_9s_8s_11ns_17ns_21_4_1_DSP48_0_U/b_reg_reg[17:0]' into 'ama_addmuladd_9s_8s_11ns_17ns_21_4_1_U632/graphsage_int8_po2_ama_addmuladd_9s_8s_11ns_17ns_21_4_1_DSP48_0_U/b_reg_reg[17:0]' [/mnt_pool/c3_users/user/pleguina/graphsage_vivado_2024_1_sweep/build/hls/graphsage_int8_po2_19c_const_params/solution1/syn/verilog/graphsage_int8_po2_ama_addmuladd_9s_8s_11ns_17ns_21_4_1.v:36]
INFO: [Synth 8-4471] merging register 'ama_addmuladd_9s_8s_11ns_17ns_21_4_1_U595/graphsage_int8_po2_ama_addmuladd_9s_8s_11ns_17ns_21_4_1_DSP48_0_U/b_reg_reg[17:0]' into 'ama_addmuladd_9s_8s_11ns_17ns_21_4_1_U632/graphsage_int8_po2_ama_addmuladd_9s_8s_11ns_17ns_21_4_1_DSP48_0_U/b_reg_reg[17:0]' [/mnt_pool/c3_users/user/pleguina/graphsage_vivado_2024_1_sweep/build/hls/graphsage_int8_po2_19c_const_params/solution1/syn/verilog/graphsage_int8_po2_ama_addmuladd_9s_8s_11ns_17ns_21_4_1.v:36]
INFO: [Synth 8-4471] merging register 'ama_addmuladd_9s_8s_11ns_17ns_21_4_1_U594/graphsage_int8_po2_ama_addmuladd_9s_8s_11ns_17ns_21_4_1_DSP48_0_U/b_reg_reg[17:0]' into 'ama_addmuladd_9s_8s_11ns_17ns_21_4_1_U632/graphsage_int8_po2_ama_addmuladd_9s_8s_11ns_17ns_21_4_1_DSP48_0_U/b_reg_reg[17:0]' [/mnt_pool/c3_users/user/pleguina/graphsage_vivado_2024_1_sweep/build/hls/graphsage_int8_po2_19c_const_params/solution1/syn/verilog/graphsage_int8_po2_ama_addmuladd_9s_8s_11ns_17ns_21_4_1.v:36]
INFO: [Synth 8-4471] merging register 'ama_addmuladd_9s_8s_11ns_17ns_21_4_1_U593/graphsage_int8_po2_ama_addmuladd_9s_8s_11ns_17ns_21_4_1_DSP48_0_U/b_reg_reg[17:0]' into 'ama_addmuladd_9s_8s_11ns_17ns_21_4_1_U632/graphsage_int8_po2_ama_addmuladd_9s_8s_11ns_17ns_21_4_1_DSP48_0_U/b_reg_reg[17:0]' [/mnt_pool/c3_users/user/pleguina/graphsage_vivado_2024_1_sweep/build/hls/graphsage_int8_po2_19c_const_params/solution1/syn/verilog/graphsage_int8_po2_ama_addmuladd_9s_8s_11ns_17ns_21_4_1.v:36]
INFO: [Synth 8-4471] merging register 'ama_addmuladd_9s_8s_11ns_17ns_21_4_1_U592/graphsage_int8_po2_ama_addmuladd_9s_8s_11ns_17ns_21_4_1_DSP48_0_U/b_reg_reg[17:0]' into 'ama_addmuladd_9s_8s_11ns_17ns_21_4_1_U632/graphsage_int8_po2_ama_addmuladd_9s_8s_11ns_17ns_21_4_1_DSP48_0_U/b_reg_reg[17:0]' [/mnt_pool/c3_users/user/pleguina/graphsage_vivado_2024_1_sweep/build/hls/graphsage_int8_po2_19c_const_params/solution1/syn/verilog/graphsage_int8_po2_ama_addmuladd_9s_8s_11ns_17ns_21_4_1.v:36]
INFO: [Synth 8-4471] merging register 'ama_addmuladd_9s_8s_11ns_17ns_21_4_1_U591/graphsage_int8_po2_ama_addmuladd_9s_8s_11ns_17ns_21_4_1_DSP48_0_U/b_reg_reg[17:0]' into 'ama_addmuladd_9s_8s_11ns_17ns_21_4_1_U632/graphsage_int8_po2_ama_addmuladd_9s_8s_11ns_17ns_21_4_1_DSP48_0_U/b_reg_reg[17:0]' [/mnt_pool/c3_users/user/pleguina/graphsage_vivado_2024_1_sweep/build/hls/graphsage_int8_po2_19c_const_params/solution1/syn/verilog/graphsage_int8_po2_ama_addmuladd_9s_8s_11ns_17ns_21_4_1.v:36]
INFO: [Synth 8-4471] merging register 'ama_addmuladd_9s_8s_11ns_17ns_21_4_1_U590/graphsage_int8_po2_ama_addmuladd_9s_8s_11ns_17ns_21_4_1_DSP48_0_U/b_reg_reg[17:0]' into 'ama_addmuladd_9s_8s_11ns_17ns_21_4_1_U632/graphsage_int8_po2_ama_addmuladd_9s_8s_11ns_17ns_21_4_1_DSP48_0_U/b_reg_reg[17:0]' [/mnt_pool/c3_users/user/pleguina/graphsage_vivado_2024_1_sweep/build/hls/graphsage_int8_po2_19c_const_params/solution1/syn/verilog/graphsage_int8_po2_ama_addmuladd_9s_8s_11ns_17ns_21_4_1.v:36]
INFO: [Synth 8-4471] merging register 'ama_addmuladd_9s_8s_11ns_17ns_21_4_1_U589/graphsage_int8_po2_ama_addmuladd_9s_8s_11ns_17ns_21_4_1_DSP48_0_U/b_reg_reg[17:0]' into 'ama_addmuladd_9s_8s_11ns_17ns_21_4_1_U632/graphsage_int8_po2_ama_addmuladd_9s_8s_11ns_17ns_21_4_1_DSP48_0_U/b_reg_reg[17:0]' [/mnt_pool/c3_users/user/pleguina/graphsage_vivado_2024_1_sweep/build/hls/graphsage_int8_po2_19c_const_params/solution1/syn/verilog/graphsage_int8_po2_ama_addmuladd_9s_8s_11ns_17ns_21_4_1.v:36]
INFO: [Synth 8-4471] merging register 'ama_addmuladd_9s_8s_11ns_17ns_21_4_1_U585/graphsage_int8_po2_ama_addmuladd_9s_8s_11ns_17ns_21_4_1_DSP48_0_U/b_reg_reg[17:0]' into 'ama_addmuladd_9s_8s_11ns_17ns_21_4_1_U632/graphsage_int8_po2_ama_addmuladd_9s_8s_11ns_17ns_21_4_1_DSP48_0_U/b_reg_reg[17:0]' [/mnt_pool/c3_users/user/pleguina/graphsage_vivado_2024_1_sweep/build/hls/graphsage_int8_po2_19c_const_params/solution1/syn/verilog/graphsage_int8_po2_ama_addmuladd_9s_8s_11ns_17ns_21_4_1.v:36]
INFO: [Synth 8-4471] merging register 'ama_addmuladd_9s_8s_11ns_17ns_21_4_1_U584/graphsage_int8_po2_ama_addmuladd_9s_8s_11ns_17ns_21_4_1_DSP48_0_U/b_reg_reg[17:0]' into 'ama_addmuladd_9s_8s_11ns_17ns_21_4_1_U632/graphsage_int8_po2_ama_addmuladd_9s_8s_11ns_17ns_21_4_1_DSP48_0_U/b_reg_reg[17:0]' [/mnt_pool/c3_users/user/pleguina/graphsage_vivado_2024_1_sweep/build/hls/graphsage_int8_po2_19c_const_params/solution1/syn/verilog/graphsage_int8_po2_ama_addmuladd_9s_8s_11ns_17ns_21_4_1.v:36]
INFO: [Synth 8-4471] merging register 'ama_addmuladd_9s_8s_11ns_17ns_21_4_1_U583/graphsage_int8_po2_ama_addmuladd_9s_8s_11ns_17ns_21_4_1_DSP48_0_U/b_reg_reg[17:0]' into 'ama_addmuladd_9s_8s_11ns_17ns_21_4_1_U632/graphsage_int8_po2_ama_addmuladd_9s_8s_11ns_17ns_21_4_1_DSP48_0_U/b_reg_reg[17:0]' [/mnt_pool/c3_users/user/pleguina/graphsage_vivado_2024_1_sweep/build/hls/graphsage_int8_po2_19c_const_params/solution1/syn/verilog/graphsage_int8_po2_ama_addmuladd_9s_8s_11ns_17ns_21_4_1.v:36]
INFO: [Synth 8-4471] merging register 'ama_addmuladd_9s_8s_11ns_17ns_21_4_1_U582/graphsage_int8_po2_ama_addmuladd_9s_8s_11ns_17ns_21_4_1_DSP48_0_U/b_reg_reg[17:0]' into 'ama_addmuladd_9s_8s_11ns_17ns_21_4_1_U632/graphsage_int8_po2_ama_addmuladd_9s_8s_11ns_17ns_21_4_1_DSP48_0_U/b_reg_reg[17:0]' [/mnt_pool/c3_users/user/pleguina/graphsage_vivado_2024_1_sweep/build/hls/graphsage_int8_po2_19c_const_params/solution1/syn/verilog/graphsage_int8_po2_ama_addmuladd_9s_8s_11ns_17ns_21_4_1.v:36]
INFO: [Synth 8-4471] merging register 'ama_addmuladd_9s_8s_11ns_17ns_21_4_1_U581/graphsage_int8_po2_ama_addmuladd_9s_8s_11ns_17ns_21_4_1_DSP48_0_U/b_reg_reg[17:0]' into 'ama_addmuladd_9s_8s_11ns_17ns_21_4_1_U632/graphsage_int8_po2_ama_addmuladd_9s_8s_11ns_17ns_21_4_1_DSP48_0_U/b_reg_reg[17:0]' [/mnt_pool/c3_users/user/pleguina/graphsage_vivado_2024_1_sweep/build/hls/graphsage_int8_po2_19c_const_params/solution1/syn/verilog/graphsage_int8_po2_ama_addmuladd_9s_8s_11ns_17ns_21_4_1.v:36]
INFO: [Synth 8-4471] merging register 'ama_addmuladd_9s_8s_11ns_17ns_21_4_1_U580/graphsage_int8_po2_ama_addmuladd_9s_8s_11ns_17ns_21_4_1_DSP48_0_U/b_reg_reg[17:0]' into 'ama_addmuladd_9s_8s_11ns_17ns_21_4_1_U632/graphsage_int8_po2_ama_addmuladd_9s_8s_11ns_17ns_21_4_1_DSP48_0_U/b_reg_reg[17:0]' [/mnt_pool/c3_users/user/pleguina/graphsage_vivado_2024_1_sweep/build/hls/graphsage_int8_po2_19c_const_params/solution1/syn/verilog/graphsage_int8_po2_ama_addmuladd_9s_8s_11ns_17ns_21_4_1.v:36]
INFO: [Synth 8-4471] merging register 'ama_addmuladd_9s_8s_11ns_17ns_21_4_1_U579/graphsage_int8_po2_ama_addmuladd_9s_8s_11ns_17ns_21_4_1_DSP48_0_U/b_reg_reg[17:0]' into 'ama_addmuladd_9s_8s_11ns_17ns_21_4_1_U632/graphsage_int8_po2_ama_addmuladd_9s_8s_11ns_17ns_21_4_1_DSP48_0_U/b_reg_reg[17:0]' [/mnt_pool/c3_users/user/pleguina/graphsage_vivado_2024_1_sweep/build/hls/graphsage_int8_po2_19c_const_params/solution1/syn/verilog/graphsage_int8_po2_ama_addmuladd_9s_8s_11ns_17ns_21_4_1.v:36]
INFO: [Synth 8-4471] merging register 'ama_addmuladd_9s_8s_11ns_17ns_21_4_1_U578/graphsage_int8_po2_ama_addmuladd_9s_8s_11ns_17ns_21_4_1_DSP48_0_U/b_reg_reg[17:0]' into 'ama_addmuladd_9s_8s_11ns_17ns_21_4_1_U632/graphsage_int8_po2_ama_addmuladd_9s_8s_11ns_17ns_21_4_1_DSP48_0_U/b_reg_reg[17:0]' [/mnt_pool/c3_users/user/pleguina/graphsage_vivado_2024_1_sweep/build/hls/graphsage_int8_po2_19c_const_params/solution1/syn/verilog/graphsage_int8_po2_ama_addmuladd_9s_8s_11ns_17ns_21_4_1.v:36]
INFO: [Synth 8-4471] merging register 'ama_addmuladd_9s_8s_11ns_17ns_21_4_1_U577/graphsage_int8_po2_ama_addmuladd_9s_8s_11ns_17ns_21_4_1_DSP48_0_U/b_reg_reg[17:0]' into 'ama_addmuladd_9s_8s_11ns_17ns_21_4_1_U632/graphsage_int8_po2_ama_addmuladd_9s_8s_11ns_17ns_21_4_1_DSP48_0_U/b_reg_reg[17:0]' [/mnt_pool/c3_users/user/pleguina/graphsage_vivado_2024_1_sweep/build/hls/graphsage_int8_po2_19c_const_params/solution1/syn/verilog/graphsage_int8_po2_ama_addmuladd_9s_8s_11ns_17ns_21_4_1.v:36]
INFO: [Synth 8-4471] merging register 'ama_addmuladd_9s_8s_11ns_17ns_21_4_1_U576/graphsage_int8_po2_ama_addmuladd_9s_8s_11ns_17ns_21_4_1_DSP48_0_U/b_reg_reg[17:0]' into 'ama_addmuladd_9s_8s_11ns_17ns_21_4_1_U632/graphsage_int8_po2_ama_addmuladd_9s_8s_11ns_17ns_21_4_1_DSP48_0_U/b_reg_reg[17:0]' [/mnt_pool/c3_users/user/pleguina/graphsage_vivado_2024_1_sweep/build/hls/graphsage_int8_po2_19c_const_params/solution1/syn/verilog/graphsage_int8_po2_ama_addmuladd_9s_8s_11ns_17ns_21_4_1.v:36]
INFO: [Synth 8-4471] merging register 'ama_addmuladd_9s_8s_11ns_17ns_21_4_1_U575/graphsage_int8_po2_ama_addmuladd_9s_8s_11ns_17ns_21_4_1_DSP48_0_U/b_reg_reg[17:0]' into 'ama_addmuladd_9s_8s_11ns_17ns_21_4_1_U632/graphsage_int8_po2_ama_addmuladd_9s_8s_11ns_17ns_21_4_1_DSP48_0_U/b_reg_reg[17:0]' [/mnt_pool/c3_users/user/pleguina/graphsage_vivado_2024_1_sweep/build/hls/graphsage_int8_po2_19c_const_params/solution1/syn/verilog/graphsage_int8_po2_ama_addmuladd_9s_8s_11ns_17ns_21_4_1.v:36]
INFO: [Synth 8-4471] merging register 'ama_addmuladd_9s_8s_11ns_17ns_21_4_1_U574/graphsage_int8_po2_ama_addmuladd_9s_8s_11ns_17ns_21_4_1_DSP48_0_U/b_reg_reg[17:0]' into 'ama_addmuladd_9s_8s_11ns_17ns_21_4_1_U632/graphsage_int8_po2_ama_addmuladd_9s_8s_11ns_17ns_21_4_1_DSP48_0_U/b_reg_reg[17:0]' [/mnt_pool/c3_users/user/pleguina/graphsage_vivado_2024_1_sweep/build/hls/graphsage_int8_po2_19c_const_params/solution1/syn/verilog/graphsage_int8_po2_ama_addmuladd_9s_8s_11ns_17ns_21_4_1.v:36]
INFO: [Synth 8-4471] merging register 'ama_addmuladd_9s_8s_11ns_17ns_21_4_1_U573/graphsage_int8_po2_ama_addmuladd_9s_8s_11ns_17ns_21_4_1_DSP48_0_U/b_reg_reg[17:0]' into 'ama_addmuladd_9s_8s_11ns_17ns_21_4_1_U632/graphsage_int8_po2_ama_addmuladd_9s_8s_11ns_17ns_21_4_1_DSP48_0_U/b_reg_reg[17:0]' [/mnt_pool/c3_users/user/pleguina/graphsage_vivado_2024_1_sweep/build/hls/graphsage_int8_po2_19c_const_params/solution1/syn/verilog/graphsage_int8_po2_ama_addmuladd_9s_8s_11ns_17ns_21_4_1.v:36]
INFO: [Synth 8-4471] merging register 'ama_addmuladd_9s_8s_11ns_17ns_21_4_1_U569/graphsage_int8_po2_ama_addmuladd_9s_8s_11ns_17ns_21_4_1_DSP48_0_U/b_reg_reg[17:0]' into 'ama_addmuladd_9s_8s_11ns_17ns_21_4_1_U632/graphsage_int8_po2_ama_addmuladd_9s_8s_11ns_17ns_21_4_1_DSP48_0_U/b_reg_reg[17:0]' [/mnt_pool/c3_users/user/pleguina/graphsage_vivado_2024_1_sweep/build/hls/graphsage_int8_po2_19c_const_params/solution1/syn/verilog/graphsage_int8_po2_ama_addmuladd_9s_8s_11ns_17ns_21_4_1.v:36]
INFO: [Synth 8-3936] Found unconnected internal register 'ama_addmuladd_9s_8s_11ns_17ns_21_4_1_U569/graphsage_int8_po2_ama_addmuladd_9s_8s_11ns_17ns_21_4_1_DSP48_0_U/p_reg_reg' and it is trimmed from '46' to '21' bits. [/mnt_pool/c3_users/user/pleguina/graphsage_vivado_2024_1_sweep/build/hls/graphsage_int8_po2_19c_const_params/solution1/syn/verilog/graphsage_int8_po2_ama_addmuladd_9s_8s_11ns_17ns_21_4_1.v:43]
INFO: [Synth 8-3936] Found unconnected internal register 'ama_addmuladd_9s_8s_11ns_17ns_21_4_1_U569/graphsage_int8_po2_ama_addmuladd_9s_8s_11ns_17ns_21_4_1_DSP48_0_U/m_reg_reg' and it is trimmed from '45' to '21' bits. [/mnt_pool/c3_users/user/pleguina/graphsage_vivado_2024_1_sweep/build/hls/graphsage_int8_po2_19c_const_params/solution1/syn/verilog/graphsage_int8_po2_ama_addmuladd_9s_8s_11ns_17ns_21_4_1.v:37]
INFO: [Synth 8-3936] Found unconnected internal register 'ama_addmuladd_9s_8s_11ns_17ns_21_4_1_U573/graphsage_int8_po2_ama_addmuladd_9s_8s_11ns_17ns_21_4_1_DSP48_0_U/p_reg_reg' and it is trimmed from '46' to '21' bits. [/mnt_pool/c3_users/user/pleguina/graphsage_vivado_2024_1_sweep/build/hls/graphsage_int8_po2_19c_const_params/solution1/syn/verilog/graphsage_int8_po2_ama_addmuladd_9s_8s_11ns_17ns_21_4_1.v:43]
INFO: [Synth 8-3936] Found unconnected internal register 'ama_addmuladd_9s_8s_11ns_17ns_21_4_1_U573/graphsage_int8_po2_ama_addmuladd_9s_8s_11ns_17ns_21_4_1_DSP48_0_U/m_reg_reg' and it is trimmed from '45' to '21' bits. [/mnt_pool/c3_users/user/pleguina/graphsage_vivado_2024_1_sweep/build/hls/graphsage_int8_po2_19c_const_params/solution1/syn/verilog/graphsage_int8_po2_ama_addmuladd_9s_8s_11ns_17ns_21_4_1.v:37]
INFO: [Synth 8-3936] Found unconnected internal register 'ama_addmuladd_9s_8s_11ns_17ns_21_4_1_U574/graphsage_int8_po2_ama_addmuladd_9s_8s_11ns_17ns_21_4_1_DSP48_0_U/p_reg_reg' and it is trimmed from '46' to '21' bits. [/mnt_pool/c3_users/user/pleguina/graphsage_vivado_2024_1_sweep/build/hls/graphsage_int8_po2_19c_const_params/solution1/syn/verilog/graphsage_int8_po2_ama_addmuladd_9s_8s_11ns_17ns_21_4_1.v:43]
INFO: [Synth 8-3936] Found unconnected internal register 'ama_addmuladd_9s_8s_11ns_17ns_21_4_1_U574/graphsage_int8_po2_ama_addmuladd_9s_8s_11ns_17ns_21_4_1_DSP48_0_U/m_reg_reg' and it is trimmed from '45' to '21' bits. [/mnt_pool/c3_users/user/pleguina/graphsage_vivado_2024_1_sweep/build/hls/graphsage_int8_po2_19c_const_params/solution1/syn/verilog/graphsage_int8_po2_ama_addmuladd_9s_8s_11ns_17ns_21_4_1.v:37]
INFO: [Synth 8-3936] Found unconnected internal register 'ama_addmuladd_9s_8s_11ns_17ns_21_4_1_U575/graphsage_int8_po2_ama_addmuladd_9s_8s_11ns_17ns_21_4_1_DSP48_0_U/p_reg_reg' and it is trimmed from '46' to '21' bits. [/mnt_pool/c3_users/user/pleguina/graphsage_vivado_2024_1_sweep/build/hls/graphsage_int8_po2_19c_const_params/solution1/syn/verilog/graphsage_int8_po2_ama_addmuladd_9s_8s_11ns_17ns_21_4_1.v:43]
INFO: [Synth 8-3936] Found unconnected internal register 'ama_addmuladd_9s_8s_11ns_17ns_21_4_1_U575/graphsage_int8_po2_ama_addmuladd_9s_8s_11ns_17ns_21_4_1_DSP48_0_U/m_reg_reg' and it is trimmed from '45' to '21' bits. [/mnt_pool/c3_users/user/pleguina/graphsage_vivado_2024_1_sweep/build/hls/graphsage_int8_po2_19c_const_params/solution1/syn/verilog/graphsage_int8_po2_ama_addmuladd_9s_8s_11ns_17ns_21_4_1.v:37]
INFO: [Synth 8-3936] Found unconnected internal register 'ama_addmuladd_9s_8s_11ns_17ns_21_4_1_U576/graphsage_int8_po2_ama_addmuladd_9s_8s_11ns_17ns_21_4_1_DSP48_0_U/p_reg_reg' and it is trimmed from '46' to '21' bits. [/mnt_pool/c3_users/user/pleguina/graphsage_vivado_2024_1_sweep/build/hls/graphsage_int8_po2_19c_const_params/solution1/syn/verilog/graphsage_int8_po2_ama_addmuladd_9s_8s_11ns_17ns_21_4_1.v:43]
INFO: [Synth 8-3936] Found unconnected internal register 'ama_addmuladd_9s_8s_11ns_17ns_21_4_1_U576/graphsage_int8_po2_ama_addmuladd_9s_8s_11ns_17ns_21_4_1_DSP48_0_U/m_reg_reg' and it is trimmed from '45' to '21' bits. [/mnt_pool/c3_users/user/pleguina/graphsage_vivado_2024_1_sweep/build/hls/graphsage_int8_po2_19c_const_params/solution1/syn/verilog/graphsage_int8_po2_ama_addmuladd_9s_8s_11ns_17ns_21_4_1.v:37]
INFO: [Synth 8-3936] Found unconnected internal register 'ama_addmuladd_9s_8s_11ns_17ns_21_4_1_U577/graphsage_int8_po2_ama_addmuladd_9s_8s_11ns_17ns_21_4_1_DSP48_0_U/p_reg_reg' and it is trimmed from '46' to '21' bits. [/mnt_pool/c3_users/user/pleguina/graphsage_vivado_2024_1_sweep/build/hls/graphsage_int8_po2_19c_const_params/solution1/syn/verilog/graphsage_int8_po2_ama_addmuladd_9s_8s_11ns_17ns_21_4_1.v:43]
INFO: [Synth 8-3936] Found unconnected internal register 'ama_addmuladd_9s_8s_11ns_17ns_21_4_1_U577/graphsage_int8_po2_ama_addmuladd_9s_8s_11ns_17ns_21_4_1_DSP48_0_U/m_reg_reg' and it is trimmed from '45' to '21' bits. [/mnt_pool/c3_users/user/pleguina/graphsage_vivado_2024_1_sweep/build/hls/graphsage_int8_po2_19c_const_params/solution1/syn/verilog/graphsage_int8_po2_ama_addmuladd_9s_8s_11ns_17ns_21_4_1.v:37]
INFO: [Synth 8-3936] Found unconnected internal register 'ama_addmuladd_9s_8s_11ns_17ns_21_4_1_U578/graphsage_int8_po2_ama_addmuladd_9s_8s_11ns_17ns_21_4_1_DSP48_0_U/p_reg_reg' and it is trimmed from '46' to '21' bits. [/mnt_pool/c3_users/user/pleguina/graphsage_vivado_2024_1_sweep/build/hls/graphsage_int8_po2_19c_const_params/solution1/syn/verilog/graphsage_int8_po2_ama_addmuladd_9s_8s_11ns_17ns_21_4_1.v:43]
INFO: [Synth 8-3936] Found unconnected internal register 'ama_addmuladd_9s_8s_11ns_17ns_21_4_1_U578/graphsage_int8_po2_ama_addmuladd_9s_8s_11ns_17ns_21_4_1_DSP48_0_U/m_reg_reg' and it is trimmed from '45' to '21' bits. [/mnt_pool/c3_users/user/pleguina/graphsage_vivado_2024_1_sweep/build/hls/graphsage_int8_po2_19c_const_params/solution1/syn/verilog/graphsage_int8_po2_ama_addmuladd_9s_8s_11ns_17ns_21_4_1.v:37]
INFO: [Synth 8-3936] Found unconnected internal register 'ama_addmuladd_9s_8s_11ns_17ns_21_4_1_U579/graphsage_int8_po2_ama_addmuladd_9s_8s_11ns_17ns_21_4_1_DSP48_0_U/p_reg_reg' and it is trimmed from '46' to '21' bits. [/mnt_pool/c3_users/user/pleguina/graphsage_vivado_2024_1_sweep/build/hls/graphsage_int8_po2_19c_const_params/solution1/syn/verilog/graphsage_int8_po2_ama_addmuladd_9s_8s_11ns_17ns_21_4_1.v:43]
INFO: [Synth 8-3936] Found unconnected internal register 'ama_addmuladd_9s_8s_11ns_17ns_21_4_1_U579/graphsage_int8_po2_ama_addmuladd_9s_8s_11ns_17ns_21_4_1_DSP48_0_U/m_reg_reg' and it is trimmed from '45' to '21' bits. [/mnt_pool/c3_users/user/pleguina/graphsage_vivado_2024_1_sweep/build/hls/graphsage_int8_po2_19c_const_params/solution1/syn/verilog/graphsage_int8_po2_ama_addmuladd_9s_8s_11ns_17ns_21_4_1.v:37]
INFO: [Synth 8-3936] Found unconnected internal register 'ama_addmuladd_9s_8s_11ns_17ns_21_4_1_U580/graphsage_int8_po2_ama_addmuladd_9s_8s_11ns_17ns_21_4_1_DSP48_0_U/p_reg_reg' and it is trimmed from '46' to '21' bits. [/mnt_pool/c3_users/user/pleguina/graphsage_vivado_2024_1_sweep/build/hls/graphsage_int8_po2_19c_const_params/solution1/syn/verilog/graphsage_int8_po2_ama_addmuladd_9s_8s_11ns_17ns_21_4_1.v:43]
INFO: [Synth 8-3936] Found unconnected internal register 'ama_addmuladd_9s_8s_11ns_17ns_21_4_1_U580/graphsage_int8_po2_ama_addmuladd_9s_8s_11ns_17ns_21_4_1_DSP48_0_U/m_reg_reg' and it is trimmed from '45' to '21' bits. [/mnt_pool/c3_users/user/pleguina/graphsage_vivado_2024_1_sweep/build/hls/graphsage_int8_po2_19c_const_params/solution1/syn/verilog/graphsage_int8_po2_ama_addmuladd_9s_8s_11ns_17ns_21_4_1.v:37]
INFO: [Synth 8-3936] Found unconnected internal register 'ama_addmuladd_9s_8s_11ns_17ns_21_4_1_U581/graphsage_int8_po2_ama_addmuladd_9s_8s_11ns_17ns_21_4_1_DSP48_0_U/p_reg_reg' and it is trimmed from '46' to '21' bits. [/mnt_pool/c3_users/user/pleguina/graphsage_vivado_2024_1_sweep/build/hls/graphsage_int8_po2_19c_const_params/solution1/syn/verilog/graphsage_int8_po2_ama_addmuladd_9s_8s_11ns_17ns_21_4_1.v:43]
INFO: [Synth 8-3936] Found unconnected internal register 'ama_addmuladd_9s_8s_11ns_17ns_21_4_1_U581/graphsage_int8_po2_ama_addmuladd_9s_8s_11ns_17ns_21_4_1_DSP48_0_U/m_reg_reg' and it is trimmed from '45' to '21' bits. [/mnt_pool/c3_users/user/pleguina/graphsage_vivado_2024_1_sweep/build/hls/graphsage_int8_po2_19c_const_params/solution1/syn/verilog/graphsage_int8_po2_ama_addmuladd_9s_8s_11ns_17ns_21_4_1.v:37]
INFO: [Synth 8-3936] Found unconnected internal register 'ama_addmuladd_9s_8s_11ns_17ns_21_4_1_U582/graphsage_int8_po2_ama_addmuladd_9s_8s_11ns_17ns_21_4_1_DSP48_0_U/p_reg_reg' and it is trimmed from '46' to '21' bits. [/mnt_pool/c3_users/user/pleguina/graphsage_vivado_2024_1_sweep/build/hls/graphsage_int8_po2_19c_const_params/solution1/syn/verilog/graphsage_int8_po2_ama_addmuladd_9s_8s_11ns_17ns_21_4_1.v:43]
INFO: [Synth 8-3936] Found unconnected internal register 'ama_addmuladd_9s_8s_11ns_17ns_21_4_1_U582/graphsage_int8_po2_ama_addmuladd_9s_8s_11ns_17ns_21_4_1_DSP48_0_U/m_reg_reg' and it is trimmed from '45' to '21' bits. [/mnt_pool/c3_users/user/pleguina/graphsage_vivado_2024_1_sweep/build/hls/graphsage_int8_po2_19c_const_params/solution1/syn/verilog/graphsage_int8_po2_ama_addmuladd_9s_8s_11ns_17ns_21_4_1.v:37]
INFO: [Synth 8-3936] Found unconnected internal register 'ama_addmuladd_9s_8s_11ns_17ns_21_4_1_U583/graphsage_int8_po2_ama_addmuladd_9s_8s_11ns_17ns_21_4_1_DSP48_0_U/p_reg_reg' and it is trimmed from '46' to '21' bits. [/mnt_pool/c3_users/user/pleguina/graphsage_vivado_2024_1_sweep/build/hls/graphsage_int8_po2_19c_const_params/solution1/syn/verilog/graphsage_int8_po2_ama_addmuladd_9s_8s_11ns_17ns_21_4_1.v:43]
INFO: [Synth 8-3936] Found unconnected internal register 'ama_addmuladd_9s_8s_11ns_17ns_21_4_1_U583/graphsage_int8_po2_ama_addmuladd_9s_8s_11ns_17ns_21_4_1_DSP48_0_U/m_reg_reg' and it is trimmed from '45' to '21' bits. [/mnt_pool/c3_users/user/pleguina/graphsage_vivado_2024_1_sweep/build/hls/graphsage_int8_po2_19c_const_params/solution1/syn/verilog/graphsage_int8_po2_ama_addmuladd_9s_8s_11ns_17ns_21_4_1.v:37]
INFO: [Synth 8-3936] Found unconnected internal register 'ama_addmuladd_9s_8s_11ns_17ns_21_4_1_U584/graphsage_int8_po2_ama_addmuladd_9s_8s_11ns_17ns_21_4_1_DSP48_0_U/p_reg_reg' and it is trimmed from '46' to '21' bits. [/mnt_pool/c3_users/user/pleguina/graphsage_vivado_2024_1_sweep/build/hls/graphsage_int8_po2_19c_const_params/solution1/syn/verilog/graphsage_int8_po2_ama_addmuladd_9s_8s_11ns_17ns_21_4_1.v:43]
INFO: [Synth 8-3936] Found unconnected internal register 'ama_addmuladd_9s_8s_11ns_17ns_21_4_1_U584/graphsage_int8_po2_ama_addmuladd_9s_8s_11ns_17ns_21_4_1_DSP48_0_U/m_reg_reg' and it is trimmed from '45' to '21' bits. [/mnt_pool/c3_users/user/pleguina/graphsage_vivado_2024_1_sweep/build/hls/graphsage_int8_po2_19c_const_params/solution1/syn/verilog/graphsage_int8_po2_ama_addmuladd_9s_8s_11ns_17ns_21_4_1.v:37]
INFO: [Synth 8-3936] Found unconnected internal register 'ama_addmuladd_9s_8s_11ns_17ns_21_4_1_U585/graphsage_int8_po2_ama_addmuladd_9s_8s_11ns_17ns_21_4_1_DSP48_0_U/p_reg_reg' and it is trimmed from '46' to '21' bits. [/mnt_pool/c3_users/user/pleguina/graphsage_vivado_2024_1_sweep/build/hls/graphsage_int8_po2_19c_const_params/solution1/syn/verilog/graphsage_int8_po2_ama_addmuladd_9s_8s_11ns_17ns_21_4_1.v:43]
INFO: [Synth 8-3936] Found unconnected internal register 'ama_addmuladd_9s_8s_11ns_17ns_21_4_1_U585/graphsage_int8_po2_ama_addmuladd_9s_8s_11ns_17ns_21_4_1_DSP48_0_U/m_reg_reg' and it is trimmed from '45' to '21' bits. [/mnt_pool/c3_users/user/pleguina/graphsage_vivado_2024_1_sweep/build/hls/graphsage_int8_po2_19c_const_params/solution1/syn/verilog/graphsage_int8_po2_ama_addmuladd_9s_8s_11ns_17ns_21_4_1.v:37]
INFO: [Synth 8-3936] Found unconnected internal register 'ama_addmuladd_9s_8s_11ns_17ns_21_4_1_U589/graphsage_int8_po2_ama_addmuladd_9s_8s_11ns_17ns_21_4_1_DSP48_0_U/p_reg_reg' and it is trimmed from '46' to '21' bits. [/mnt_pool/c3_users/user/pleguina/graphsage_vivado_2024_1_sweep/build/hls/graphsage_int8_po2_19c_const_params/solution1/syn/verilog/graphsage_int8_po2_ama_addmuladd_9s_8s_11ns_17ns_21_4_1.v:43]
INFO: [Synth 8-3936] Found unconnected internal register 'ama_addmuladd_9s_8s_11ns_17ns_21_4_1_U589/graphsage_int8_po2_ama_addmuladd_9s_8s_11ns_17ns_21_4_1_DSP48_0_U/m_reg_reg' and it is trimmed from '45' to '21' bits. [/mnt_pool/c3_users/user/pleguina/graphsage_vivado_2024_1_sweep/build/hls/graphsage_int8_po2_19c_const_params/solution1/syn/verilog/graphsage_int8_po2_ama_addmuladd_9s_8s_11ns_17ns_21_4_1.v:37]
INFO: [Synth 8-3936] Found unconnected internal register 'ama_addmuladd_9s_8s_11ns_17ns_21_4_1_U590/graphsage_int8_po2_ama_addmuladd_9s_8s_11ns_17ns_21_4_1_DSP48_0_U/p_reg_reg' and it is trimmed from '46' to '21' bits. [/mnt_pool/c3_users/user/pleguina/graphsage_vivado_2024_1_sweep/build/hls/graphsage_int8_po2_19c_const_params/solution1/syn/verilog/graphsage_int8_po2_ama_addmuladd_9s_8s_11ns_17ns_21_4_1.v:43]
INFO: [Synth 8-3936] Found unconnected internal register 'ama_addmuladd_9s_8s_11ns_17ns_21_4_1_U590/graphsage_int8_po2_ama_addmuladd_9s_8s_11ns_17ns_21_4_1_DSP48_0_U/m_reg_reg' and it is trimmed from '45' to '21' bits. [/mnt_pool/c3_users/user/pleguina/graphsage_vivado_2024_1_sweep/build/hls/graphsage_int8_po2_19c_const_params/solution1/syn/verilog/graphsage_int8_po2_ama_addmuladd_9s_8s_11ns_17ns_21_4_1.v:37]
INFO: [Synth 8-3936] Found unconnected internal register 'ama_addmuladd_9s_8s_11ns_17ns_21_4_1_U591/graphsage_int8_po2_ama_addmuladd_9s_8s_11ns_17ns_21_4_1_DSP48_0_U/p_reg_reg' and it is trimmed from '46' to '21' bits. [/mnt_pool/c3_users/user/pleguina/graphsage_vivado_2024_1_sweep/build/hls/graphsage_int8_po2_19c_const_params/solution1/syn/verilog/graphsage_int8_po2_ama_addmuladd_9s_8s_11ns_17ns_21_4_1.v:43]
INFO: [Synth 8-3936] Found unconnected internal register 'ama_addmuladd_9s_8s_11ns_17ns_21_4_1_U591/graphsage_int8_po2_ama_addmuladd_9s_8s_11ns_17ns_21_4_1_DSP48_0_U/m_reg_reg' and it is trimmed from '45' to '21' bits. [/mnt_pool/c3_users/user/pleguina/graphsage_vivado_2024_1_sweep/build/hls/graphsage_int8_po2_19c_const_params/solution1/syn/verilog/graphsage_int8_po2_ama_addmuladd_9s_8s_11ns_17ns_21_4_1.v:37]
INFO: [Synth 8-3936] Found unconnected internal register 'ama_addmuladd_9s_8s_11ns_17ns_21_4_1_U592/graphsage_int8_po2_ama_addmuladd_9s_8s_11ns_17ns_21_4_1_DSP48_0_U/p_reg_reg' and it is trimmed from '46' to '21' bits. [/mnt_pool/c3_users/user/pleguina/graphsage_vivado_2024_1_sweep/build/hls/graphsage_int8_po2_19c_const_params/solution1/syn/verilog/graphsage_int8_po2_ama_addmuladd_9s_8s_11ns_17ns_21_4_1.v:43]
INFO: [Synth 8-3936] Found unconnected internal register 'ama_addmuladd_9s_8s_11ns_17ns_21_4_1_U592/graphsage_int8_po2_ama_addmuladd_9s_8s_11ns_17ns_21_4_1_DSP48_0_U/m_reg_reg' and it is trimmed from '45' to '21' bits. [/mnt_pool/c3_users/user/pleguina/graphsage_vivado_2024_1_sweep/build/hls/graphsage_int8_po2_19c_const_params/solution1/syn/verilog/graphsage_int8_po2_ama_addmuladd_9s_8s_11ns_17ns_21_4_1.v:37]
INFO: [Synth 8-3936] Found unconnected internal register 'ama_addmuladd_9s_8s_11ns_17ns_21_4_1_U593/graphsage_int8_po2_ama_addmuladd_9s_8s_11ns_17ns_21_4_1_DSP48_0_U/p_reg_reg' and it is trimmed from '46' to '21' bits. [/mnt_pool/c3_users/user/pleguina/graphsage_vivado_2024_1_sweep/build/hls/graphsage_int8_po2_19c_const_params/solution1/syn/verilog/graphsage_int8_po2_ama_addmuladd_9s_8s_11ns_17ns_21_4_1.v:43]
INFO: [Synth 8-3936] Found unconnected internal register 'ama_addmuladd_9s_8s_11ns_17ns_21_4_1_U593/graphsage_int8_po2_ama_addmuladd_9s_8s_11ns_17ns_21_4_1_DSP48_0_U/m_reg_reg' and it is trimmed from '45' to '21' bits. [/mnt_pool/c3_users/user/pleguina/graphsage_vivado_2024_1_sweep/build/hls/graphsage_int8_po2_19c_const_params/solution1/syn/verilog/graphsage_int8_po2_ama_addmuladd_9s_8s_11ns_17ns_21_4_1.v:37]
INFO: [Synth 8-3936] Found unconnected internal register 'ama_addmuladd_9s_8s_11ns_17ns_21_4_1_U594/graphsage_int8_po2_ama_addmuladd_9s_8s_11ns_17ns_21_4_1_DSP48_0_U/p_reg_reg' and it is trimmed from '46' to '21' bits. [/mnt_pool/c3_users/user/pleguina/graphsage_vivado_2024_1_sweep/build/hls/graphsage_int8_po2_19c_const_params/solution1/syn/verilog/graphsage_int8_po2_ama_addmuladd_9s_8s_11ns_17ns_21_4_1.v:43]
INFO: [Synth 8-3936] Found unconnected internal register 'ama_addmuladd_9s_8s_11ns_17ns_21_4_1_U594/graphsage_int8_po2_ama_addmuladd_9s_8s_11ns_17ns_21_4_1_DSP48_0_U/m_reg_reg' and it is trimmed from '45' to '21' bits. [/mnt_pool/c3_users/user/pleguina/graphsage_vivado_2024_1_sweep/build/hls/graphsage_int8_po2_19c_const_params/solution1/syn/verilog/graphsage_int8_po2_ama_addmuladd_9s_8s_11ns_17ns_21_4_1.v:37]
INFO: [Synth 8-3936] Found unconnected internal register 'ama_addmuladd_9s_8s_11ns_17ns_21_4_1_U595/graphsage_int8_po2_ama_addmuladd_9s_8s_11ns_17ns_21_4_1_DSP48_0_U/p_reg_reg' and it is trimmed from '46' to '21' bits. [/mnt_pool/c3_users/user/pleguina/graphsage_vivado_2024_1_sweep/build/hls/graphsage_int8_po2_19c_const_params/solution1/syn/verilog/graphsage_int8_po2_ama_addmuladd_9s_8s_11ns_17ns_21_4_1.v:43]
INFO: [Synth 8-3936] Found unconnected internal register 'ama_addmuladd_9s_8s_11ns_17ns_21_4_1_U595/graphsage_int8_po2_ama_addmuladd_9s_8s_11ns_17ns_21_4_1_DSP48_0_U/m_reg_reg' and it is trimmed from '45' to '21' bits. [/mnt_pool/c3_users/user/pleguina/graphsage_vivado_2024_1_sweep/build/hls/graphsage_int8_po2_19c_const_params/solution1/syn/verilog/graphsage_int8_po2_ama_addmuladd_9s_8s_11ns_17ns_21_4_1.v:37]
INFO: [Synth 8-3936] Found unconnected internal register 'ama_addmuladd_9s_8s_11ns_17ns_21_4_1_U596/graphsage_int8_po2_ama_addmuladd_9s_8s_11ns_17ns_21_4_1_DSP48_0_U/p_reg_reg' and it is trimmed from '46' to '21' bits. [/mnt_pool/c3_users/user/pleguina/graphsage_vivado_2024_1_sweep/build/hls/graphsage_int8_po2_19c_const_params/solution1/syn/verilog/graphsage_int8_po2_ama_addmuladd_9s_8s_11ns_17ns_21_4_1.v:43]
INFO: [Synth 8-3936] Found unconnected internal register 'ama_addmuladd_9s_8s_11ns_17ns_21_4_1_U596/graphsage_int8_po2_ama_addmuladd_9s_8s_11ns_17ns_21_4_1_DSP48_0_U/m_reg_reg' and it is trimmed from '45' to '21' bits. [/mnt_pool/c3_users/user/pleguina/graphsage_vivado_2024_1_sweep/build/hls/graphsage_int8_po2_19c_const_params/solution1/syn/verilog/graphsage_int8_po2_ama_addmuladd_9s_8s_11ns_17ns_21_4_1.v:37]
INFO: [Synth 8-3936] Found unconnected internal register 'ama_addmuladd_9s_8s_11ns_17ns_21_4_1_U597/graphsage_int8_po2_ama_addmuladd_9s_8s_11ns_17ns_21_4_1_DSP48_0_U/p_reg_reg' and it is trimmed from '46' to '21' bits. [/mnt_pool/c3_users/user/pleguina/graphsage_vivado_2024_1_sweep/build/hls/graphsage_int8_po2_19c_const_params/solution1/syn/verilog/graphsage_int8_po2_ama_addmuladd_9s_8s_11ns_17ns_21_4_1.v:43]
INFO: [Synth 8-3936] Found unconnected internal register 'ama_addmuladd_9s_8s_11ns_17ns_21_4_1_U597/graphsage_int8_po2_ama_addmuladd_9s_8s_11ns_17ns_21_4_1_DSP48_0_U/m_reg_reg' and it is trimmed from '45' to '21' bits. [/mnt_pool/c3_users/user/pleguina/graphsage_vivado_2024_1_sweep/build/hls/graphsage_int8_po2_19c_const_params/solution1/syn/verilog/graphsage_int8_po2_ama_addmuladd_9s_8s_11ns_17ns_21_4_1.v:37]
INFO: [Synth 8-3936] Found unconnected internal register 'ama_addmuladd_9s_8s_11ns_17ns_21_4_1_U598/graphsage_int8_po2_ama_addmuladd_9s_8s_11ns_17ns_21_4_1_DSP48_0_U/p_reg_reg' and it is trimmed from '46' to '21' bits. [/mnt_pool/c3_users/user/pleguina/graphsage_vivado_2024_1_sweep/build/hls/graphsage_int8_po2_19c_const_params/solution1/syn/verilog/graphsage_int8_po2_ama_addmuladd_9s_8s_11ns_17ns_21_4_1.v:43]
INFO: [Synth 8-3936] Found unconnected internal register 'ama_addmuladd_9s_8s_11ns_17ns_21_4_1_U598/graphsage_int8_po2_ama_addmuladd_9s_8s_11ns_17ns_21_4_1_DSP48_0_U/m_reg_reg' and it is trimmed from '45' to '21' bits. [/mnt_pool/c3_users/user/pleguina/graphsage_vivado_2024_1_sweep/build/hls/graphsage_int8_po2_19c_const_params/solution1/syn/verilog/graphsage_int8_po2_ama_addmuladd_9s_8s_11ns_17ns_21_4_1.v:37]
INFO: [Synth 8-3936] Found unconnected internal register 'ama_addmuladd_9s_8s_11ns_17ns_21_4_1_U599/graphsage_int8_po2_ama_addmuladd_9s_8s_11ns_17ns_21_4_1_DSP48_0_U/p_reg_reg' and it is trimmed from '46' to '21' bits. [/mnt_pool/c3_users/user/pleguina/graphsage_vivado_2024_1_sweep/build/hls/graphsage_int8_po2_19c_const_params/solution1/syn/verilog/graphsage_int8_po2_ama_addmuladd_9s_8s_11ns_17ns_21_4_1.v:43]
INFO: [Synth 8-3936] Found unconnected internal register 'ama_addmuladd_9s_8s_11ns_17ns_21_4_1_U599/graphsage_int8_po2_ama_addmuladd_9s_8s_11ns_17ns_21_4_1_DSP48_0_U/m_reg_reg' and it is trimmed from '45' to '21' bits. [/mnt_pool/c3_users/user/pleguina/graphsage_vivado_2024_1_sweep/build/hls/graphsage_int8_po2_19c_const_params/solution1/syn/verilog/graphsage_int8_po2_ama_addmuladd_9s_8s_11ns_17ns_21_4_1.v:37]
INFO: [Synth 8-3936] Found unconnected internal register 'ama_addmuladd_9s_8s_11ns_17ns_21_4_1_U600/graphsage_int8_po2_ama_addmuladd_9s_8s_11ns_17ns_21_4_1_DSP48_0_U/p_reg_reg' and it is trimmed from '46' to '21' bits. [/mnt_pool/c3_users/user/pleguina/graphsage_vivado_2024_1_sweep/build/hls/graphsage_int8_po2_19c_const_params/solution1/syn/verilog/graphsage_int8_po2_ama_addmuladd_9s_8s_11ns_17ns_21_4_1.v:43]
INFO: [Synth 8-3936] Found unconnected internal register 'ama_addmuladd_9s_8s_11ns_17ns_21_4_1_U600/graphsage_int8_po2_ama_addmuladd_9s_8s_11ns_17ns_21_4_1_DSP48_0_U/m_reg_reg' and it is trimmed from '45' to '21' bits. [/mnt_pool/c3_users/user/pleguina/graphsage_vivado_2024_1_sweep/build/hls/graphsage_int8_po2_19c_const_params/solution1/syn/verilog/graphsage_int8_po2_ama_addmuladd_9s_8s_11ns_17ns_21_4_1.v:37]
INFO: [Synth 8-3936] Found unconnected internal register 'ama_addmuladd_9s_8s_11ns_17ns_21_4_1_U601/graphsage_int8_po2_ama_addmuladd_9s_8s_11ns_17ns_21_4_1_DSP48_0_U/p_reg_reg' and it is trimmed from '46' to '21' bits. [/mnt_pool/c3_users/user/pleguina/graphsage_vivado_2024_1_sweep/build/hls/graphsage_int8_po2_19c_const_params/solution1/syn/verilog/graphsage_int8_po2_ama_addmuladd_9s_8s_11ns_17ns_21_4_1.v:43]
INFO: [Synth 8-3936] Found unconnected internal register 'ama_addmuladd_9s_8s_11ns_17ns_21_4_1_U601/graphsage_int8_po2_ama_addmuladd_9s_8s_11ns_17ns_21_4_1_DSP48_0_U/m_reg_reg' and it is trimmed from '45' to '21' bits. [/mnt_pool/c3_users/user/pleguina/graphsage_vivado_2024_1_sweep/build/hls/graphsage_int8_po2_19c_const_params/solution1/syn/verilog/graphsage_int8_po2_ama_addmuladd_9s_8s_11ns_17ns_21_4_1.v:37]
INFO: [Synth 8-3936] Found unconnected internal register 'ama_addmuladd_9s_8s_11ns_17ns_21_4_1_U605/graphsage_int8_po2_ama_addmuladd_9s_8s_11ns_17ns_21_4_1_DSP48_0_U/p_reg_reg' and it is trimmed from '46' to '21' bits. [/mnt_pool/c3_users/user/pleguina/graphsage_vivado_2024_1_sweep/build/hls/graphsage_int8_po2_19c_const_params/solution1/syn/verilog/graphsage_int8_po2_ama_addmuladd_9s_8s_11ns_17ns_21_4_1.v:43]
INFO: [Synth 8-3936] Found unconnected internal register 'ama_addmuladd_9s_8s_11ns_17ns_21_4_1_U605/graphsage_int8_po2_ama_addmuladd_9s_8s_11ns_17ns_21_4_1_DSP48_0_U/m_reg_reg' and it is trimmed from '45' to '21' bits. [/mnt_pool/c3_users/user/pleguina/graphsage_vivado_2024_1_sweep/build/hls/graphsage_int8_po2_19c_const_params/solution1/syn/verilog/graphsage_int8_po2_ama_addmuladd_9s_8s_11ns_17ns_21_4_1.v:37]
INFO: [Synth 8-3936] Found unconnected internal register 'ama_addmuladd_9s_8s_11ns_17ns_21_4_1_U606/graphsage_int8_po2_ama_addmuladd_9s_8s_11ns_17ns_21_4_1_DSP48_0_U/p_reg_reg' and it is trimmed from '46' to '21' bits. [/mnt_pool/c3_users/user/pleguina/graphsage_vivado_2024_1_sweep/build/hls/graphsage_int8_po2_19c_const_params/solution1/syn/verilog/graphsage_int8_po2_ama_addmuladd_9s_8s_11ns_17ns_21_4_1.v:43]
INFO: [Synth 8-3936] Found unconnected internal register 'ama_addmuladd_9s_8s_11ns_17ns_21_4_1_U606/graphsage_int8_po2_ama_addmuladd_9s_8s_11ns_17ns_21_4_1_DSP48_0_U/m_reg_reg' and it is trimmed from '45' to '21' bits. [/mnt_pool/c3_users/user/pleguina/graphsage_vivado_2024_1_sweep/build/hls/graphsage_int8_po2_19c_const_params/solution1/syn/verilog/graphsage_int8_po2_ama_addmuladd_9s_8s_11ns_17ns_21_4_1.v:37]
INFO: [Synth 8-3936] Found unconnected internal register 'ama_addmuladd_9s_8s_11ns_17ns_21_4_1_U607/graphsage_int8_po2_ama_addmuladd_9s_8s_11ns_17ns_21_4_1_DSP48_0_U/p_reg_reg' and it is trimmed from '46' to '21' bits. [/mnt_pool/c3_users/user/pleguina/graphsage_vivado_2024_1_sweep/build/hls/graphsage_int8_po2_19c_const_params/solution1/syn/verilog/graphsage_int8_po2_ama_addmuladd_9s_8s_11ns_17ns_21_4_1.v:43]
INFO: [Synth 8-3936] Found unconnected internal register 'ama_addmuladd_9s_8s_11ns_17ns_21_4_1_U607/graphsage_int8_po2_ama_addmuladd_9s_8s_11ns_17ns_21_4_1_DSP48_0_U/m_reg_reg' and it is trimmed from '45' to '21' bits. [/mnt_pool/c3_users/user/pleguina/graphsage_vivado_2024_1_sweep/build/hls/graphsage_int8_po2_19c_const_params/solution1/syn/verilog/graphsage_int8_po2_ama_addmuladd_9s_8s_11ns_17ns_21_4_1.v:37]
INFO: [Synth 8-3936] Found unconnected internal register 'ama_addmuladd_9s_8s_11ns_17ns_21_4_1_U608/graphsage_int8_po2_ama_addmuladd_9s_8s_11ns_17ns_21_4_1_DSP48_0_U/p_reg_reg' and it is trimmed from '46' to '21' bits. [/mnt_pool/c3_users/user/pleguina/graphsage_vivado_2024_1_sweep/build/hls/graphsage_int8_po2_19c_const_params/solution1/syn/verilog/graphsage_int8_po2_ama_addmuladd_9s_8s_11ns_17ns_21_4_1.v:43]
INFO: [Synth 8-3936] Found unconnected internal register 'ama_addmuladd_9s_8s_11ns_17ns_21_4_1_U608/graphsage_int8_po2_ama_addmuladd_9s_8s_11ns_17ns_21_4_1_DSP48_0_U/m_reg_reg' and it is trimmed from '45' to '21' bits. [/mnt_pool/c3_users/user/pleguina/graphsage_vivado_2024_1_sweep/build/hls/graphsage_int8_po2_19c_const_params/solution1/syn/verilog/graphsage_int8_po2_ama_addmuladd_9s_8s_11ns_17ns_21_4_1.v:37]
INFO: [Synth 8-3936] Found unconnected internal register 'ama_addmuladd_9s_8s_11ns_17ns_21_4_1_U609/graphsage_int8_po2_ama_addmuladd_9s_8s_11ns_17ns_21_4_1_DSP48_0_U/p_reg_reg' and it is trimmed from '46' to '21' bits. [/mnt_pool/c3_users/user/pleguina/graphsage_vivado_2024_1_sweep/build/hls/graphsage_int8_po2_19c_const_params/solution1/syn/verilog/graphsage_int8_po2_ama_addmuladd_9s_8s_11ns_17ns_21_4_1.v:43]
INFO: [Synth 8-3936] Found unconnected internal register 'ama_addmuladd_9s_8s_11ns_17ns_21_4_1_U609/graphsage_int8_po2_ama_addmuladd_9s_8s_11ns_17ns_21_4_1_DSP48_0_U/m_reg_reg' and it is trimmed from '45' to '21' bits. [/mnt_pool/c3_users/user/pleguina/graphsage_vivado_2024_1_sweep/build/hls/graphsage_int8_po2_19c_const_params/solution1/syn/verilog/graphsage_int8_po2_ama_addmuladd_9s_8s_11ns_17ns_21_4_1.v:37]
INFO: [Synth 8-3936] Found unconnected internal register 'ama_addmuladd_9s_8s_11ns_17ns_21_4_1_U610/graphsage_int8_po2_ama_addmuladd_9s_8s_11ns_17ns_21_4_1_DSP48_0_U/p_reg_reg' and it is trimmed from '46' to '21' bits. [/mnt_pool/c3_users/user/pleguina/graphsage_vivado_2024_1_sweep/build/hls/graphsage_int8_po2_19c_const_params/solution1/syn/verilog/graphsage_int8_po2_ama_addmuladd_9s_8s_11ns_17ns_21_4_1.v:43]
INFO: [Synth 8-3936] Found unconnected internal register 'ama_addmuladd_9s_8s_11ns_17ns_21_4_1_U610/graphsage_int8_po2_ama_addmuladd_9s_8s_11ns_17ns_21_4_1_DSP48_0_U/m_reg_reg' and it is trimmed from '45' to '21' bits. [/mnt_pool/c3_users/user/pleguina/graphsage_vivado_2024_1_sweep/build/hls/graphsage_int8_po2_19c_const_params/solution1/syn/verilog/graphsage_int8_po2_ama_addmuladd_9s_8s_11ns_17ns_21_4_1.v:37]
INFO: [Synth 8-3936] Found unconnected internal register 'ama_addmuladd_9s_8s_11ns_17ns_21_4_1_U611/graphsage_int8_po2_ama_addmuladd_9s_8s_11ns_17ns_21_4_1_DSP48_0_U/p_reg_reg' and it is trimmed from '46' to '21' bits. [/mnt_pool/c3_users/user/pleguina/graphsage_vivado_2024_1_sweep/build/hls/graphsage_int8_po2_19c_const_params/solution1/syn/verilog/graphsage_int8_po2_ama_addmuladd_9s_8s_11ns_17ns_21_4_1.v:43]
INFO: [Synth 8-3936] Found unconnected internal register 'ama_addmuladd_9s_8s_11ns_17ns_21_4_1_U611/graphsage_int8_po2_ama_addmuladd_9s_8s_11ns_17ns_21_4_1_DSP48_0_U/m_reg_reg' and it is trimmed from '45' to '21' bits. [/mnt_pool/c3_users/user/pleguina/graphsage_vivado_2024_1_sweep/build/hls/graphsage_int8_po2_19c_const_params/solution1/syn/verilog/graphsage_int8_po2_ama_addmuladd_9s_8s_11ns_17ns_21_4_1.v:37]
INFO: [Synth 8-3936] Found unconnected internal register 'ama_addmuladd_9s_8s_11ns_17ns_21_4_1_U612/graphsage_int8_po2_ama_addmuladd_9s_8s_11ns_17ns_21_4_1_DSP48_0_U/p_reg_reg' and it is trimmed from '46' to '21' bits. [/mnt_pool/c3_users/user/pleguina/graphsage_vivado_2024_1_sweep/build/hls/graphsage_int8_po2_19c_const_params/solution1/syn/verilog/graphsage_int8_po2_ama_addmuladd_9s_8s_11ns_17ns_21_4_1.v:43]
INFO: [Synth 8-3936] Found unconnected internal register 'ama_addmuladd_9s_8s_11ns_17ns_21_4_1_U612/graphsage_int8_po2_ama_addmuladd_9s_8s_11ns_17ns_21_4_1_DSP48_0_U/m_reg_reg' and it is trimmed from '45' to '21' bits. [/mnt_pool/c3_users/user/pleguina/graphsage_vivado_2024_1_sweep/build/hls/graphsage_int8_po2_19c_const_params/solution1/syn/verilog/graphsage_int8_po2_ama_addmuladd_9s_8s_11ns_17ns_21_4_1.v:37]
INFO: [Synth 8-3936] Found unconnected internal register 'ama_addmuladd_9s_8s_11ns_17ns_21_4_1_U613/graphsage_int8_po2_ama_addmuladd_9s_8s_11ns_17ns_21_4_1_DSP48_0_U/p_reg_reg' and it is trimmed from '46' to '21' bits. [/mnt_pool/c3_users/user/pleguina/graphsage_vivado_2024_1_sweep/build/hls/graphsage_int8_po2_19c_const_params/solution1/syn/verilog/graphsage_int8_po2_ama_addmuladd_9s_8s_11ns_17ns_21_4_1.v:43]
INFO: [Synth 8-3936] Found unconnected internal register 'ama_addmuladd_9s_8s_11ns_17ns_21_4_1_U613/graphsage_int8_po2_ama_addmuladd_9s_8s_11ns_17ns_21_4_1_DSP48_0_U/m_reg_reg' and it is trimmed from '45' to '21' bits. [/mnt_pool/c3_users/user/pleguina/graphsage_vivado_2024_1_sweep/build/hls/graphsage_int8_po2_19c_const_params/solution1/syn/verilog/graphsage_int8_po2_ama_addmuladd_9s_8s_11ns_17ns_21_4_1.v:37]
INFO: [Synth 8-3936] Found unconnected internal register 'ama_addmuladd_9s_8s_11ns_17ns_21_4_1_U614/graphsage_int8_po2_ama_addmuladd_9s_8s_11ns_17ns_21_4_1_DSP48_0_U/p_reg_reg' and it is trimmed from '46' to '21' bits. [/mnt_pool/c3_users/user/pleguina/graphsage_vivado_2024_1_sweep/build/hls/graphsage_int8_po2_19c_const_params/solution1/syn/verilog/graphsage_int8_po2_ama_addmuladd_9s_8s_11ns_17ns_21_4_1.v:43]
INFO: [Synth 8-3936] Found unconnected internal register 'ama_addmuladd_9s_8s_11ns_17ns_21_4_1_U614/graphsage_int8_po2_ama_addmuladd_9s_8s_11ns_17ns_21_4_1_DSP48_0_U/m_reg_reg' and it is trimmed from '45' to '21' bits. [/mnt_pool/c3_users/user/pleguina/graphsage_vivado_2024_1_sweep/build/hls/graphsage_int8_po2_19c_const_params/solution1/syn/verilog/graphsage_int8_po2_ama_addmuladd_9s_8s_11ns_17ns_21_4_1.v:37]
INFO: [Synth 8-3936] Found unconnected internal register 'ama_addmuladd_9s_8s_11ns_17ns_21_4_1_U615/graphsage_int8_po2_ama_addmuladd_9s_8s_11ns_17ns_21_4_1_DSP48_0_U/p_reg_reg' and it is trimmed from '46' to '21' bits. [/mnt_pool/c3_users/user/pleguina/graphsage_vivado_2024_1_sweep/build/hls/graphsage_int8_po2_19c_const_params/solution1/syn/verilog/graphsage_int8_po2_ama_addmuladd_9s_8s_11ns_17ns_21_4_1.v:43]
INFO: [Synth 8-3936] Found unconnected internal register 'ama_addmuladd_9s_8s_11ns_17ns_21_4_1_U615/graphsage_int8_po2_ama_addmuladd_9s_8s_11ns_17ns_21_4_1_DSP48_0_U/m_reg_reg' and it is trimmed from '45' to '21' bits. [/mnt_pool/c3_users/user/pleguina/graphsage_vivado_2024_1_sweep/build/hls/graphsage_int8_po2_19c_const_params/solution1/syn/verilog/graphsage_int8_po2_ama_addmuladd_9s_8s_11ns_17ns_21_4_1.v:37]
INFO: [Synth 8-3936] Found unconnected internal register 'ama_addmuladd_9s_8s_11ns_17ns_21_4_1_U616/graphsage_int8_po2_ama_addmuladd_9s_8s_11ns_17ns_21_4_1_DSP48_0_U/p_reg_reg' and it is trimmed from '46' to '21' bits. [/mnt_pool/c3_users/user/pleguina/graphsage_vivado_2024_1_sweep/build/hls/graphsage_int8_po2_19c_const_params/solution1/syn/verilog/graphsage_int8_po2_ama_addmuladd_9s_8s_11ns_17ns_21_4_1.v:43]
INFO: [Synth 8-3936] Found unconnected internal register 'ama_addmuladd_9s_8s_11ns_17ns_21_4_1_U616/graphsage_int8_po2_ama_addmuladd_9s_8s_11ns_17ns_21_4_1_DSP48_0_U/m_reg_reg' and it is trimmed from '45' to '21' bits. [/mnt_pool/c3_users/user/pleguina/graphsage_vivado_2024_1_sweep/build/hls/graphsage_int8_po2_19c_const_params/solution1/syn/verilog/graphsage_int8_po2_ama_addmuladd_9s_8s_11ns_17ns_21_4_1.v:37]
INFO: [Synth 8-3936] Found unconnected internal register 'ama_addmuladd_9s_8s_11ns_17ns_21_4_1_U617/graphsage_int8_po2_ama_addmuladd_9s_8s_11ns_17ns_21_4_1_DSP48_0_U/p_reg_reg' and it is trimmed from '46' to '21' bits. [/mnt_pool/c3_users/user/pleguina/graphsage_vivado_2024_1_sweep/build/hls/graphsage_int8_po2_19c_const_params/solution1/syn/verilog/graphsage_int8_po2_ama_addmuladd_9s_8s_11ns_17ns_21_4_1.v:43]
INFO: [Synth 8-3936] Found unconnected internal register 'ama_addmuladd_9s_8s_11ns_17ns_21_4_1_U617/graphsage_int8_po2_ama_addmuladd_9s_8s_11ns_17ns_21_4_1_DSP48_0_U/m_reg_reg' and it is trimmed from '45' to '21' bits. [/mnt_pool/c3_users/user/pleguina/graphsage_vivado_2024_1_sweep/build/hls/graphsage_int8_po2_19c_const_params/solution1/syn/verilog/graphsage_int8_po2_ama_addmuladd_9s_8s_11ns_17ns_21_4_1.v:37]
INFO: [Synth 8-3936] Found unconnected internal register 'ama_addmuladd_9s_8s_11ns_17ns_21_4_1_U619/graphsage_int8_po2_ama_addmuladd_9s_8s_11ns_17ns_21_4_1_DSP48_0_U/p_reg_reg' and it is trimmed from '46' to '21' bits. [/mnt_pool/c3_users/user/pleguina/graphsage_vivado_2024_1_sweep/build/hls/graphsage_int8_po2_19c_const_params/solution1/syn/verilog/graphsage_int8_po2_ama_addmuladd_9s_8s_11ns_17ns_21_4_1.v:43]
INFO: [Synth 8-3936] Found unconnected internal register 'ama_addmuladd_9s_8s_11ns_17ns_21_4_1_U619/graphsage_int8_po2_ama_addmuladd_9s_8s_11ns_17ns_21_4_1_DSP48_0_U/m_reg_reg' and it is trimmed from '45' to '21' bits. [/mnt_pool/c3_users/user/pleguina/graphsage_vivado_2024_1_sweep/build/hls/graphsage_int8_po2_19c_const_params/solution1/syn/verilog/graphsage_int8_po2_ama_addmuladd_9s_8s_11ns_17ns_21_4_1.v:37]
INFO: [Synth 8-3936] Found unconnected internal register 'ama_addmuladd_9s_8s_11ns_17ns_21_4_1_U621/graphsage_int8_po2_ama_addmuladd_9s_8s_11ns_17ns_21_4_1_DSP48_0_U/p_reg_reg' and it is trimmed from '46' to '21' bits. [/mnt_pool/c3_users/user/pleguina/graphsage_vivado_2024_1_sweep/build/hls/graphsage_int8_po2_19c_const_params/solution1/syn/verilog/graphsage_int8_po2_ama_addmuladd_9s_8s_11ns_17ns_21_4_1.v:43]
INFO: [Synth 8-3936] Found unconnected internal register 'ama_addmuladd_9s_8s_11ns_17ns_21_4_1_U621/graphsage_int8_po2_ama_addmuladd_9s_8s_11ns_17ns_21_4_1_DSP48_0_U/m_reg_reg' and it is trimmed from '45' to '21' bits. [/mnt_pool/c3_users/user/pleguina/graphsage_vivado_2024_1_sweep/build/hls/graphsage_int8_po2_19c_const_params/solution1/syn/verilog/graphsage_int8_po2_ama_addmuladd_9s_8s_11ns_17ns_21_4_1.v:37]
INFO: [Synth 8-3936] Found unconnected internal register 'ama_addmuladd_9s_8s_11ns_17ns_21_4_1_U622/graphsage_int8_po2_ama_addmuladd_9s_8s_11ns_17ns_21_4_1_DSP48_0_U/p_reg_reg' and it is trimmed from '46' to '21' bits. [/mnt_pool/c3_users/user/pleguina/graphsage_vivado_2024_1_sweep/build/hls/graphsage_int8_po2_19c_const_params/solution1/syn/verilog/graphsage_int8_po2_ama_addmuladd_9s_8s_11ns_17ns_21_4_1.v:43]
INFO: [Synth 8-3936] Found unconnected internal register 'ama_addmuladd_9s_8s_11ns_17ns_21_4_1_U622/graphsage_int8_po2_ama_addmuladd_9s_8s_11ns_17ns_21_4_1_DSP48_0_U/m_reg_reg' and it is trimmed from '45' to '21' bits. [/mnt_pool/c3_users/user/pleguina/graphsage_vivado_2024_1_sweep/build/hls/graphsage_int8_po2_19c_const_params/solution1/syn/verilog/graphsage_int8_po2_ama_addmuladd_9s_8s_11ns_17ns_21_4_1.v:37]
INFO: [Synth 8-3936] Found unconnected internal register 'ama_addmuladd_9s_8s_11ns_17ns_21_4_1_U623/graphsage_int8_po2_ama_addmuladd_9s_8s_11ns_17ns_21_4_1_DSP48_0_U/p_reg_reg' and it is trimmed from '46' to '21' bits. [/mnt_pool/c3_users/user/pleguina/graphsage_vivado_2024_1_sweep/build/hls/graphsage_int8_po2_19c_const_params/solution1/syn/verilog/graphsage_int8_po2_ama_addmuladd_9s_8s_11ns_17ns_21_4_1.v:43]
INFO: [Synth 8-3936] Found unconnected internal register 'ama_addmuladd_9s_8s_11ns_17ns_21_4_1_U623/graphsage_int8_po2_ama_addmuladd_9s_8s_11ns_17ns_21_4_1_DSP48_0_U/m_reg_reg' and it is trimmed from '45' to '21' bits. [/mnt_pool/c3_users/user/pleguina/graphsage_vivado_2024_1_sweep/build/hls/graphsage_int8_po2_19c_const_params/solution1/syn/verilog/graphsage_int8_po2_ama_addmuladd_9s_8s_11ns_17ns_21_4_1.v:37]
INFO: [Synth 8-3936] Found unconnected internal register 'ama_addmuladd_9s_8s_11ns_17ns_21_4_1_U624/graphsage_int8_po2_ama_addmuladd_9s_8s_11ns_17ns_21_4_1_DSP48_0_U/p_reg_reg' and it is trimmed from '46' to '21' bits. [/mnt_pool/c3_users/user/pleguina/graphsage_vivado_2024_1_sweep/build/hls/graphsage_int8_po2_19c_const_params/solution1/syn/verilog/graphsage_int8_po2_ama_addmuladd_9s_8s_11ns_17ns_21_4_1.v:43]
INFO: [Synth 8-3936] Found unconnected internal register 'ama_addmuladd_9s_8s_11ns_17ns_21_4_1_U624/graphsage_int8_po2_ama_addmuladd_9s_8s_11ns_17ns_21_4_1_DSP48_0_U/m_reg_reg' and it is trimmed from '45' to '21' bits. [/mnt_pool/c3_users/user/pleguina/graphsage_vivado_2024_1_sweep/build/hls/graphsage_int8_po2_19c_const_params/solution1/syn/verilog/graphsage_int8_po2_ama_addmuladd_9s_8s_11ns_17ns_21_4_1.v:37]
INFO: [Synth 8-3936] Found unconnected internal register 'ama_addmuladd_9s_8s_11ns_17ns_21_4_1_U625/graphsage_int8_po2_ama_addmuladd_9s_8s_11ns_17ns_21_4_1_DSP48_0_U/p_reg_reg' and it is trimmed from '46' to '21' bits. [/mnt_pool/c3_users/user/pleguina/graphsage_vivado_2024_1_sweep/build/hls/graphsage_int8_po2_19c_const_params/solution1/syn/verilog/graphsage_int8_po2_ama_addmuladd_9s_8s_11ns_17ns_21_4_1.v:43]
INFO: [Synth 8-3936] Found unconnected internal register 'ama_addmuladd_9s_8s_11ns_17ns_21_4_1_U625/graphsage_int8_po2_ama_addmuladd_9s_8s_11ns_17ns_21_4_1_DSP48_0_U/m_reg_reg' and it is trimmed from '45' to '21' bits. [/mnt_pool/c3_users/user/pleguina/graphsage_vivado_2024_1_sweep/build/hls/graphsage_int8_po2_19c_const_params/solution1/syn/verilog/graphsage_int8_po2_ama_addmuladd_9s_8s_11ns_17ns_21_4_1.v:37]
INFO: [Synth 8-3936] Found unconnected internal register 'ama_addmuladd_9s_8s_11ns_17ns_21_4_1_U626/graphsage_int8_po2_ama_addmuladd_9s_8s_11ns_17ns_21_4_1_DSP48_0_U/p_reg_reg' and it is trimmed from '46' to '21' bits. [/mnt_pool/c3_users/user/pleguina/graphsage_vivado_2024_1_sweep/build/hls/graphsage_int8_po2_19c_const_params/solution1/syn/verilog/graphsage_int8_po2_ama_addmuladd_9s_8s_11ns_17ns_21_4_1.v:43]
INFO: [Synth 8-3936] Found unconnected internal register 'ama_addmuladd_9s_8s_11ns_17ns_21_4_1_U626/graphsage_int8_po2_ama_addmuladd_9s_8s_11ns_17ns_21_4_1_DSP48_0_U/m_reg_reg' and it is trimmed from '45' to '21' bits. [/mnt_pool/c3_users/user/pleguina/graphsage_vivado_2024_1_sweep/build/hls/graphsage_int8_po2_19c_const_params/solution1/syn/verilog/graphsage_int8_po2_ama_addmuladd_9s_8s_11ns_17ns_21_4_1.v:37]
INFO: [Common 17-14] Message 'Synth 8-3936' appears 100 times and further instances of the messages will be disabled. Use the Tcl command set_msg_config to change the current settings.
INFO: [Common 17-14] Message 'Synth 8-3936' appears 100 times and further instances of the messages will be disabled. Use the Tcl command set_msg_config to change the current settings.
DSP Report: Generating DSP ama_addmuladd_9s_8s_11ns_17ns_21_4_1_U619/graphsage_int8_po2_ama_addmuladd_9s_8s_11ns_17ns_21_4_1_DSP48_0_U/p_reg_reg, operation Mode is: (C:0x10000)+((D'+A)*(B:0x555)')'.
DSP Report: register ama_addmuladd_9s_8s_11ns_17ns_21_4_1_U632/graphsage_int8_po2_ama_addmuladd_9s_8s_11ns_17ns_21_4_1_DSP48_0_U/b_reg_reg is absorbed into DSP ama_addmuladd_9s_8s_11ns_17ns_21_4_1_U619/graphsage_int8_po2_ama_addmuladd_9s_8s_11ns_17ns_21_4_1_DSP48_0_U/p_reg_reg.
DSP Report: register add_ln31_4_reg_23455_reg is absorbed into DSP ama_addmuladd_9s_8s_11ns_17ns_21_4_1_U619/graphsage_int8_po2_ama_addmuladd_9s_8s_11ns_17ns_21_4_1_DSP48_0_U/p_reg_reg.
DSP Report: register ama_addmuladd_9s_8s_11ns_17ns_21_4_1_U619/graphsage_int8_po2_ama_addmuladd_9s_8s_11ns_17ns_21_4_1_DSP48_0_U/p_reg_reg is absorbed into DSP ama_addmuladd_9s_8s_11ns_17ns_21_4_1_U619/graphsage_int8_po2_ama_addmuladd_9s_8s_11ns_17ns_21_4_1_DSP48_0_U/p_reg_reg.
DSP Report: register ama_addmuladd_9s_8s_11ns_17ns_21_4_1_U619/graphsage_int8_po2_ama_addmuladd_9s_8s_11ns_17ns_21_4_1_DSP48_0_U/m_reg_reg is absorbed into DSP ama_addmuladd_9s_8s_11ns_17ns_21_4_1_U619/graphsage_int8_po2_ama_addmuladd_9s_8s_11ns_17ns_21_4_1_DSP48_0_U/p_reg_reg.
DSP Report: register ama_addmuladd_9s_8s_11ns_17ns_21_4_1_U619/graphsage_int8_po2_ama_addmuladd_9s_8s_11ns_17ns_21_4_1_DSP48_0_U/ad_reg_reg is absorbed into DSP ama_addmuladd_9s_8s_11ns_17ns_21_4_1_U619/graphsage_int8_po2_ama_addmuladd_9s_8s_11ns_17ns_21_4_1_DSP48_0_U/p_reg_reg.
DSP Report: operator ama_addmuladd_9s_8s_11ns_17ns_21_4_1_U619/graphsage_int8_po2_ama_addmuladd_9s_8s_11ns_17ns_21_4_1_DSP48_0_U/p is absorbed into DSP ama_addmuladd_9s_8s_11ns_17ns_21_4_1_U619/graphsage_int8_po2_ama_addmuladd_9s_8s_11ns_17ns_21_4_1_DSP48_0_U/p_reg_reg.
DSP Report: operator ama_addmuladd_9s_8s_11ns_17ns_21_4_1_U619/graphsage_int8_po2_ama_addmuladd_9s_8s_11ns_17ns_21_4_1_DSP48_0_U/m is absorbed into DSP ama_addmuladd_9s_8s_11ns_17ns_21_4_1_U619/graphsage_int8_po2_ama_addmuladd_9s_8s_11ns_17ns_21_4_1_DSP48_0_U/p_reg_reg.
DSP Report: operator ama_addmuladd_9s_8s_11ns_17ns_21_4_1_U619/graphsage_int8_po2_ama_addmuladd_9s_8s_11ns_17ns_21_4_1_DSP48_0_U/ad is absorbed into DSP ama_addmuladd_9s_8s_11ns_17ns_21_4_1_U619/graphsage_int8_po2_ama_addmuladd_9s_8s_11ns_17ns_21_4_1_DSP48_0_U/p_reg_reg.
DSP Report: Generating DSP ama_addmuladd_9s_8s_11ns_17ns_21_4_1_U616/graphsage_int8_po2_ama_addmuladd_9s_8s_11ns_17ns_21_4_1_DSP48_0_U/p_reg_reg, operation Mode is: (C:0x10000)+((D'+A2)*(B:0x555)')'.
DSP Report: register registered_input_111_reg_22750_reg is absorbed into DSP ama_addmuladd_9s_8s_11ns_17ns_21_4_1_U616/graphsage_int8_po2_ama_addmuladd_9s_8s_11ns_17ns_21_4_1_DSP48_0_U/p_reg_reg.
DSP Report: register ama_addmuladd_9s_8s_11ns_17ns_21_4_1_U632/graphsage_int8_po2_ama_addmuladd_9s_8s_11ns_17ns_21_4_1_DSP48_0_U/b_reg_reg is absorbed into DSP ama_addmuladd_9s_8s_11ns_17ns_21_4_1_U616/graphsage_int8_po2_ama_addmuladd_9s_8s_11ns_17ns_21_4_1_DSP48_0_U/p_reg_reg.
DSP Report: register neighbor_sum_46_reg_22910_reg is absorbed into DSP ama_addmuladd_9s_8s_11ns_17ns_21_4_1_U616/graphsage_int8_po2_ama_addmuladd_9s_8s_11ns_17ns_21_4_1_DSP48_0_U/p_reg_reg.
DSP Report: register ama_addmuladd_9s_8s_11ns_17ns_21_4_1_U616/graphsage_int8_po2_ama_addmuladd_9s_8s_11ns_17ns_21_4_1_DSP48_0_U/p_reg_reg is absorbed into DSP ama_addmuladd_9s_8s_11ns_17ns_21_4_1_U616/graphsage_int8_po2_ama_addmuladd_9s_8s_11ns_17ns_21_4_1_DSP48_0_U/p_reg_reg.
DSP Report: register ama_addmuladd_9s_8s_11ns_17ns_21_4_1_U616/graphsage_int8_po2_ama_addmuladd_9s_8s_11ns_17ns_21_4_1_DSP48_0_U/m_reg_reg is absorbed into DSP ama_addmuladd_9s_8s_11ns_17ns_21_4_1_U616/graphsage_int8_po2_ama_addmuladd_9s_8s_11ns_17ns_21_4_1_DSP48_0_U/p_reg_reg.
DSP Report: register ama_addmuladd_9s_8s_11ns_17ns_21_4_1_U616/graphsage_int8_po2_ama_addmuladd_9s_8s_11ns_17ns_21_4_1_DSP48_0_U/ad_reg_reg is absorbed into DSP ama_addmuladd_9s_8s_11ns_17ns_21_4_1_U616/graphsage_int8_po2_ama_addmuladd_9s_8s_11ns_17ns_21_4_1_DSP48_0_U/p_reg_reg.
DSP Report: operator ama_addmuladd_9s_8s_11ns_17ns_21_4_1_U616/graphsage_int8_po2_ama_addmuladd_9s_8s_11ns_17ns_21_4_1_DSP48_0_U/p is absorbed into DSP ama_addmuladd_9s_8s_11ns_17ns_21_4_1_U616/graphsage_int8_po2_ama_addmuladd_9s_8s_11ns_17ns_21_4_1_DSP48_0_U/p_reg_reg.
DSP Report: operator ama_addmuladd_9s_8s_11ns_17ns_21_4_1_U616/graphsage_int8_po2_ama_addmuladd_9s_8s_11ns_17ns_21_4_1_DSP48_0_U/m is absorbed into DSP ama_addmuladd_9s_8s_11ns_17ns_21_4_1_U616/graphsage_int8_po2_ama_addmuladd_9s_8s_11ns_17ns_21_4_1_DSP48_0_U/p_reg_reg.
DSP Report: operator ama_addmuladd_9s_8s_11ns_17ns_21_4_1_U616/graphsage_int8_po2_ama_addmuladd_9s_8s_11ns_17ns_21_4_1_DSP48_0_U/ad is absorbed into DSP ama_addmuladd_9s_8s_11ns_17ns_21_4_1_U616/graphsage_int8_po2_ama_addmuladd_9s_8s_11ns_17ns_21_4_1_DSP48_0_U/p_reg_reg.
DSP Report: Generating DSP ama_addmuladd_9s_8s_11ns_17ns_21_4_1_U615/graphsage_int8_po2_ama_addmuladd_9s_8s_11ns_17ns_21_4_1_DSP48_0_U/p_reg_reg, operation Mode is: (C:0x10000)+((D'+A'')*(B:0x555)')'.
DSP Report: register input_6_14_0_data_reg_reg is absorbed into DSP ama_addmuladd_9s_8s_11ns_17ns_21_4_1_U615/graphsage_int8_po2_ama_addmuladd_9s_8s_11ns_17ns_21_4_1_DSP48_0_U/p_reg_reg.
DSP Report: register registered_input_110_reg_22745_reg is absorbed into DSP ama_addmuladd_9s_8s_11ns_17ns_21_4_1_U615/graphsage_int8_po2_ama_addmuladd_9s_8s_11ns_17ns_21_4_1_DSP48_0_U/p_reg_reg.
DSP Report: register neighbor_sum_43_reg_22905_reg is absorbed into DSP ama_addmuladd_9s_8s_11ns_17ns_21_4_1_U615/graphsage_int8_po2_ama_addmuladd_9s_8s_11ns_17ns_21_4_1_DSP48_0_U/p_reg_reg.
DSP Report: register ama_addmuladd_9s_8s_11ns_17ns_21_4_1_U632/graphsage_int8_po2_ama_addmuladd_9s_8s_11ns_17ns_21_4_1_DSP48_0_U/b_reg_reg is absorbed into DSP ama_addmuladd_9s_8s_11ns_17ns_21_4_1_U615/graphsage_int8_po2_ama_addmuladd_9s_8s_11ns_17ns_21_4_1_DSP48_0_U/p_reg_reg.
DSP Report: register ama_addmuladd_9s_8s_11ns_17ns_21_4_1_U615/graphsage_int8_po2_ama_addmuladd_9s_8s_11ns_17ns_21_4_1_DSP48_0_U/p_reg_reg is absorbed into DSP ama_addmuladd_9s_8s_11ns_17ns_21_4_1_U615/graphsage_int8_po2_ama_addmuladd_9s_8s_11ns_17ns_21_4_1_DSP48_0_U/p_reg_reg.
DSP Report: register ama_addmuladd_9s_8s_11ns_17ns_21_4_1_U615/graphsage_int8_po2_ama_addmuladd_9s_8s_11ns_17ns_21_4_1_DSP48_0_U/m_reg_reg is absorbed into DSP ama_addmuladd_9s_8s_11ns_17ns_21_4_1_U615/graphsage_int8_po2_ama_addmuladd_9s_8s_11ns_17ns_21_4_1_DSP48_0_U/p_reg_reg.
DSP Report: register ama_addmuladd_9s_8s_11ns_17ns_21_4_1_U615/graphsage_int8_po2_ama_addmuladd_9s_8s_11ns_17ns_21_4_1_DSP48_0_U/ad_reg_reg is absorbed into DSP ama_addmuladd_9s_8s_11ns_17ns_21_4_1_U615/graphsage_int8_po2_ama_addmuladd_9s_8s_11ns_17ns_21_4_1_DSP48_0_U/p_reg_reg.
DSP Report: operator ama_addmuladd_9s_8s_11ns_17ns_21_4_1_U615/graphsage_int8_po2_ama_addmuladd_9s_8s_11ns_17ns_21_4_1_DSP48_0_U/p is absorbed into DSP ama_addmuladd_9s_8s_11ns_17ns_21_4_1_U615/graphsage_int8_po2_ama_addmuladd_9s_8s_11ns_17ns_21_4_1_DSP48_0_U/p_reg_reg.
DSP Report: operator ama_addmuladd_9s_8s_11ns_17ns_21_4_1_U615/graphsage_int8_po2_ama_addmuladd_9s_8s_11ns_17ns_21_4_1_DSP48_0_U/m is absorbed into DSP ama_addmuladd_9s_8s_11ns_17ns_21_4_1_U615/graphsage_int8_po2_ama_addmuladd_9s_8s_11ns_17ns_21_4_1_DSP48_0_U/p_reg_reg.
DSP Report: operator ama_addmuladd_9s_8s_11ns_17ns_21_4_1_U615/graphsage_int8_po2_ama_addmuladd_9s_8s_11ns_17ns_21_4_1_DSP48_0_U/ad is absorbed into DSP ama_addmuladd_9s_8s_11ns_17ns_21_4_1_U615/graphsage_int8_po2_ama_addmuladd_9s_8s_11ns_17ns_21_4_1_DSP48_0_U/p_reg_reg.
DSP Report: Generating DSP ama_addmuladd_9s_8s_11ns_17ns_21_4_1_U614/graphsage_int8_po2_ama_addmuladd_9s_8s_11ns_17ns_21_4_1_DSP48_0_U/p_reg_reg, operation Mode is: (C:0x10000)+((D'+A'')*(B:0x555)')'.
DSP Report: register input_6_13_0_data_reg_reg is absorbed into DSP ama_addmuladd_9s_8s_11ns_17ns_21_4_1_U614/graphsage_int8_po2_ama_addmuladd_9s_8s_11ns_17ns_21_4_1_DSP48_0_U/p_reg_reg.
DSP Report: register registered_input_109_reg_22740_reg is absorbed into DSP ama_addmuladd_9s_8s_11ns_17ns_21_4_1_U614/graphsage_int8_po2_ama_addmuladd_9s_8s_11ns_17ns_21_4_1_DSP48_0_U/p_reg_reg.
DSP Report: register neighbor_sum_40_reg_22900_reg is absorbed into DSP ama_addmuladd_9s_8s_11ns_17ns_21_4_1_U614/graphsage_int8_po2_ama_addmuladd_9s_8s_11ns_17ns_21_4_1_DSP48_0_U/p_reg_reg.
DSP Report: register ama_addmuladd_9s_8s_11ns_17ns_21_4_1_U632/graphsage_int8_po2_ama_addmuladd_9s_8s_11ns_17ns_21_4_1_DSP48_0_U/b_reg_reg is absorbed into DSP ama_addmuladd_9s_8s_11ns_17ns_21_4_1_U614/graphsage_int8_po2_ama_addmuladd_9s_8s_11ns_17ns_21_4_1_DSP48_0_U/p_reg_reg.
DSP Report: register ama_addmuladd_9s_8s_11ns_17ns_21_4_1_U614/graphsage_int8_po2_ama_addmuladd_9s_8s_11ns_17ns_21_4_1_DSP48_0_U/p_reg_reg is absorbed into DSP ama_addmuladd_9s_8s_11ns_17ns_21_4_1_U614/graphsage_int8_po2_ama_addmuladd_9s_8s_11ns_17ns_21_4_1_DSP48_0_U/p_reg_reg.
DSP Report: register ama_addmuladd_9s_8s_11ns_17ns_21_4_1_U614/graphsage_int8_po2_ama_addmuladd_9s_8s_11ns_17ns_21_4_1_DSP48_0_U/m_reg_reg is absorbed into DSP ama_addmuladd_9s_8s_11ns_17ns_21_4_1_U614/graphsage_int8_po2_ama_addmuladd_9s_8s_11ns_17ns_21_4_1_DSP48_0_U/p_reg_reg.
DSP Report: register ama_addmuladd_9s_8s_11ns_17ns_21_4_1_U614/graphsage_int8_po2_ama_addmuladd_9s_8s_11ns_17ns_21_4_1_DSP48_0_U/ad_reg_reg is absorbed into DSP ama_addmuladd_9s_8s_11ns_17ns_21_4_1_U614/graphsage_int8_po2_ama_addmuladd_9s_8s_11ns_17ns_21_4_1_DSP48_0_U/p_reg_reg.
DSP Report: operator ama_addmuladd_9s_8s_11ns_17ns_21_4_1_U614/graphsage_int8_po2_ama_addmuladd_9s_8s_11ns_17ns_21_4_1_DSP48_0_U/p is absorbed into DSP ama_addmuladd_9s_8s_11ns_17ns_21_4_1_U614/graphsage_int8_po2_ama_addmuladd_9s_8s_11ns_17ns_21_4_1_DSP48_0_U/p_reg_reg.
DSP Report: operator ama_addmuladd_9s_8s_11ns_17ns_21_4_1_U614/graphsage_int8_po2_ama_addmuladd_9s_8s_11ns_17ns_21_4_1_DSP48_0_U/m is absorbed into DSP ama_addmuladd_9s_8s_11ns_17ns_21_4_1_U614/graphsage_int8_po2_ama_addmuladd_9s_8s_11ns_17ns_21_4_1_DSP48_0_U/p_reg_reg.
DSP Report: operator ama_addmuladd_9s_8s_11ns_17ns_21_4_1_U614/graphsage_int8_po2_ama_addmuladd_9s_8s_11ns_17ns_21_4_1_DSP48_0_U/ad is absorbed into DSP ama_addmuladd_9s_8s_11ns_17ns_21_4_1_U614/graphsage_int8_po2_ama_addmuladd_9s_8s_11ns_17ns_21_4_1_DSP48_0_U/p_reg_reg.
DSP Report: Generating DSP ama_addmuladd_9s_8s_11ns_17ns_21_4_1_U613/graphsage_int8_po2_ama_addmuladd_9s_8s_11ns_17ns_21_4_1_DSP48_0_U/p_reg_reg, operation Mode is: (C:0x10000)+((D'+A'')*(B:0x555)')'.
DSP Report: register input_6_12_0_data_reg_reg is absorbed into DSP ama_addmuladd_9s_8s_11ns_17ns_21_4_1_U613/graphsage_int8_po2_ama_addmuladd_9s_8s_11ns_17ns_21_4_1_DSP48_0_U/p_reg_reg.
DSP Report: register registered_input_108_reg_22735_reg is absorbed into DSP ama_addmuladd_9s_8s_11ns_17ns_21_4_1_U613/graphsage_int8_po2_ama_addmuladd_9s_8s_11ns_17ns_21_4_1_DSP48_0_U/p_reg_reg.
DSP Report: register neighbor_sum_37_reg_22895_reg is absorbed into DSP ama_addmuladd_9s_8s_11ns_17ns_21_4_1_U613/graphsage_int8_po2_ama_addmuladd_9s_8s_11ns_17ns_21_4_1_DSP48_0_U/p_reg_reg.
DSP Report: register ama_addmuladd_9s_8s_11ns_17ns_21_4_1_U632/graphsage_int8_po2_ama_addmuladd_9s_8s_11ns_17ns_21_4_1_DSP48_0_U/b_reg_reg is absorbed into DSP ama_addmuladd_9s_8s_11ns_17ns_21_4_1_U613/graphsage_int8_po2_ama_addmuladd_9s_8s_11ns_17ns_21_4_1_DSP48_0_U/p_reg_reg.
DSP Report: register ama_addmuladd_9s_8s_11ns_17ns_21_4_1_U613/graphsage_int8_po2_ama_addmuladd_9s_8s_11ns_17ns_21_4_1_DSP48_0_U/p_reg_reg is absorbed into DSP ama_addmuladd_9s_8s_11ns_17ns_21_4_1_U613/graphsage_int8_po2_ama_addmuladd_9s_8s_11ns_17ns_21_4_1_DSP48_0_U/p_reg_reg.
DSP Report: register ama_addmuladd_9s_8s_11ns_17ns_21_4_1_U613/graphsage_int8_po2_ama_addmuladd_9s_8s_11ns_17ns_21_4_1_DSP48_0_U/m_reg_reg is absorbed into DSP ama_addmuladd_9s_8s_11ns_17ns_21_4_1_U613/graphsage_int8_po2_ama_addmuladd_9s_8s_11ns_17ns_21_4_1_DSP48_0_U/p_reg_reg.
DSP Report: register ama_addmuladd_9s_8s_11ns_17ns_21_4_1_U613/graphsage_int8_po2_ama_addmuladd_9s_8s_11ns_17ns_21_4_1_DSP48_0_U/ad_reg_reg is absorbed into DSP ama_addmuladd_9s_8s_11ns_17ns_21_4_1_U613/graphsage_int8_po2_ama_addmuladd_9s_8s_11ns_17ns_21_4_1_DSP48_0_U/p_reg_reg.
DSP Report: operator ama_addmuladd_9s_8s_11ns_17ns_21_4_1_U613/graphsage_int8_po2_ama_addmuladd_9s_8s_11ns_17ns_21_4_1_DSP48_0_U/p is absorbed into DSP ama_addmuladd_9s_8s_11ns_17ns_21_4_1_U613/graphsage_int8_po2_ama_addmuladd_9s_8s_11ns_17ns_21_4_1_DSP48_0_U/p_reg_reg.
DSP Report: operator ama_addmuladd_9s_8s_11ns_17ns_21_4_1_U613/graphsage_int8_po2_ama_addmuladd_9s_8s_11ns_17ns_21_4_1_DSP48_0_U/m is absorbed into DSP ama_addmuladd_9s_8s_11ns_17ns_21_4_1_U613/graphsage_int8_po2_ama_addmuladd_9s_8s_11ns_17ns_21_4_1_DSP48_0_U/p_reg_reg.
DSP Report: operator ama_addmuladd_9s_8s_11ns_17ns_21_4_1_U613/graphsage_int8_po2_ama_addmuladd_9s_8s_11ns_17ns_21_4_1_DSP48_0_U/ad is absorbed into DSP ama_addmuladd_9s_8s_11ns_17ns_21_4_1_U613/graphsage_int8_po2_ama_addmuladd_9s_8s_11ns_17ns_21_4_1_DSP48_0_U/p_reg_reg.
DSP Report: Generating DSP ama_addmuladd_9s_8s_11ns_17ns_21_4_1_U612/graphsage_int8_po2_ama_addmuladd_9s_8s_11ns_17ns_21_4_1_DSP48_0_U/p_reg_reg, operation Mode is: (C:0x10000)+((D'+A'')*(B:0x555)')'.
DSP Report: register input_6_11_0_data_reg_reg is absorbed into DSP ama_addmuladd_9s_8s_11ns_17ns_21_4_1_U612/graphsage_int8_po2_ama_addmuladd_9s_8s_11ns_17ns_21_4_1_DSP48_0_U/p_reg_reg.
DSP Report: register registered_input_107_reg_22730_reg is absorbed into DSP ama_addmuladd_9s_8s_11ns_17ns_21_4_1_U612/graphsage_int8_po2_ama_addmuladd_9s_8s_11ns_17ns_21_4_1_DSP48_0_U/p_reg_reg.
DSP Report: register neighbor_sum_34_reg_22890_reg is absorbed into DSP ama_addmuladd_9s_8s_11ns_17ns_21_4_1_U612/graphsage_int8_po2_ama_addmuladd_9s_8s_11ns_17ns_21_4_1_DSP48_0_U/p_reg_reg.
DSP Report: register ama_addmuladd_9s_8s_11ns_17ns_21_4_1_U632/graphsage_int8_po2_ama_addmuladd_9s_8s_11ns_17ns_21_4_1_DSP48_0_U/b_reg_reg is absorbed into DSP ama_addmuladd_9s_8s_11ns_17ns_21_4_1_U612/graphsage_int8_po2_ama_addmuladd_9s_8s_11ns_17ns_21_4_1_DSP48_0_U/p_reg_reg.
DSP Report: register ama_addmuladd_9s_8s_11ns_17ns_21_4_1_U612/graphsage_int8_po2_ama_addmuladd_9s_8s_11ns_17ns_21_4_1_DSP48_0_U/p_reg_reg is absorbed into DSP ama_addmuladd_9s_8s_11ns_17ns_21_4_1_U612/graphsage_int8_po2_ama_addmuladd_9s_8s_11ns_17ns_21_4_1_DSP48_0_U/p_reg_reg.
DSP Report: register ama_addmuladd_9s_8s_11ns_17ns_21_4_1_U612/graphsage_int8_po2_ama_addmuladd_9s_8s_11ns_17ns_21_4_1_DSP48_0_U/m_reg_reg is absorbed into DSP ama_addmuladd_9s_8s_11ns_17ns_21_4_1_U612/graphsage_int8_po2_ama_addmuladd_9s_8s_11ns_17ns_21_4_1_DSP48_0_U/p_reg_reg.
DSP Report: register ama_addmuladd_9s_8s_11ns_17ns_21_4_1_U612/graphsage_int8_po2_ama_addmuladd_9s_8s_11ns_17ns_21_4_1_DSP48_0_U/ad_reg_reg is absorbed into DSP ama_addmuladd_9s_8s_11ns_17ns_21_4_1_U612/graphsage_int8_po2_ama_addmuladd_9s_8s_11ns_17ns_21_4_1_DSP48_0_U/p_reg_reg.
DSP Report: operator ama_addmuladd_9s_8s_11ns_17ns_21_4_1_U612/graphsage_int8_po2_ama_addmuladd_9s_8s_11ns_17ns_21_4_1_DSP48_0_U/p is absorbed into DSP ama_addmuladd_9s_8s_11ns_17ns_21_4_1_U612/graphsage_int8_po2_ama_addmuladd_9s_8s_11ns_17ns_21_4_1_DSP48_0_U/p_reg_reg.
DSP Report: operator ama_addmuladd_9s_8s_11ns_17ns_21_4_1_U612/graphsage_int8_po2_ama_addmuladd_9s_8s_11ns_17ns_21_4_1_DSP48_0_U/m is absorbed into DSP ama_addmuladd_9s_8s_11ns_17ns_21_4_1_U612/graphsage_int8_po2_ama_addmuladd_9s_8s_11ns_17ns_21_4_1_DSP48_0_U/p_reg_reg.
DSP Report: operator ama_addmuladd_9s_8s_11ns_17ns_21_4_1_U612/graphsage_int8_po2_ama_addmuladd_9s_8s_11ns_17ns_21_4_1_DSP48_0_U/ad is absorbed into DSP ama_addmuladd_9s_8s_11ns_17ns_21_4_1_U612/graphsage_int8_po2_ama_addmuladd_9s_8s_11ns_17ns_21_4_1_DSP48_0_U/p_reg_reg.
DSP Report: Generating DSP ama_addmuladd_9s_8s_11ns_17ns_21_4_1_U611/graphsage_int8_po2_ama_addmuladd_9s_8s_11ns_17ns_21_4_1_DSP48_0_U/p_reg_reg, operation Mode is: (C:0x10000)+((D'+A'')*(B:0x555)')'.
DSP Report: register input_6_10_0_data_reg_reg is absorbed into DSP ama_addmuladd_9s_8s_11ns_17ns_21_4_1_U611/graphsage_int8_po2_ama_addmuladd_9s_8s_11ns_17ns_21_4_1_DSP48_0_U/p_reg_reg.
DSP Report: register registered_input_106_reg_22725_reg is absorbed into DSP ama_addmuladd_9s_8s_11ns_17ns_21_4_1_U611/graphsage_int8_po2_ama_addmuladd_9s_8s_11ns_17ns_21_4_1_DSP48_0_U/p_reg_reg.
DSP Report: register neighbor_sum_31_reg_22885_reg is absorbed into DSP ama_addmuladd_9s_8s_11ns_17ns_21_4_1_U611/graphsage_int8_po2_ama_addmuladd_9s_8s_11ns_17ns_21_4_1_DSP48_0_U/p_reg_reg.
DSP Report: register ama_addmuladd_9s_8s_11ns_17ns_21_4_1_U632/graphsage_int8_po2_ama_addmuladd_9s_8s_11ns_17ns_21_4_1_DSP48_0_U/b_reg_reg is absorbed into DSP ama_addmuladd_9s_8s_11ns_17ns_21_4_1_U611/graphsage_int8_po2_ama_addmuladd_9s_8s_11ns_17ns_21_4_1_DSP48_0_U/p_reg_reg.
DSP Report: register ama_addmuladd_9s_8s_11ns_17ns_21_4_1_U611/graphsage_int8_po2_ama_addmuladd_9s_8s_11ns_17ns_21_4_1_DSP48_0_U/p_reg_reg is absorbed into DSP ama_addmuladd_9s_8s_11ns_17ns_21_4_1_U611/graphsage_int8_po2_ama_addmuladd_9s_8s_11ns_17ns_21_4_1_DSP48_0_U/p_reg_reg.
DSP Report: register ama_addmuladd_9s_8s_11ns_17ns_21_4_1_U611/graphsage_int8_po2_ama_addmuladd_9s_8s_11ns_17ns_21_4_1_DSP48_0_U/m_reg_reg is absorbed into DSP ama_addmuladd_9s_8s_11ns_17ns_21_4_1_U611/graphsage_int8_po2_ama_addmuladd_9s_8s_11ns_17ns_21_4_1_DSP48_0_U/p_reg_reg.
DSP Report: register ama_addmuladd_9s_8s_11ns_17ns_21_4_1_U611/graphsage_int8_po2_ama_addmuladd_9s_8s_11ns_17ns_21_4_1_DSP48_0_U/ad_reg_reg is absorbed into DSP ama_addmuladd_9s_8s_11ns_17ns_21_4_1_U611/graphsage_int8_po2_ama_addmuladd_9s_8s_11ns_17ns_21_4_1_DSP48_0_U/p_reg_reg.
DSP Report: operator ama_addmuladd_9s_8s_11ns_17ns_21_4_1_U611/graphsage_int8_po2_ama_addmuladd_9s_8s_11ns_17ns_21_4_1_DSP48_0_U/p is absorbed into DSP ama_addmuladd_9s_8s_11ns_17ns_21_4_1_U611/graphsage_int8_po2_ama_addmuladd_9s_8s_11ns_17ns_21_4_1_DSP48_0_U/p_reg_reg.
DSP Report: operator ama_addmuladd_9s_8s_11ns_17ns_21_4_1_U611/graphsage_int8_po2_ama_addmuladd_9s_8s_11ns_17ns_21_4_1_DSP48_0_U/m is absorbed into DSP ama_addmuladd_9s_8s_11ns_17ns_21_4_1_U611/graphsage_int8_po2_ama_addmuladd_9s_8s_11ns_17ns_21_4_1_DSP48_0_U/p_reg_reg.
DSP Report: operator ama_addmuladd_9s_8s_11ns_17ns_21_4_1_U611/graphsage_int8_po2_ama_addmuladd_9s_8s_11ns_17ns_21_4_1_DSP48_0_U/ad is absorbed into DSP ama_addmuladd_9s_8s_11ns_17ns_21_4_1_U611/graphsage_int8_po2_ama_addmuladd_9s_8s_11ns_17ns_21_4_1_DSP48_0_U/p_reg_reg.
DSP Report: Generating DSP ama_addmuladd_9s_8s_11ns_17ns_21_4_1_U610/graphsage_int8_po2_ama_addmuladd_9s_8s_11ns_17ns_21_4_1_DSP48_0_U/p_reg_reg, operation Mode is: (C:0x10000)+((D'+A'')*(B:0x555)')'.
DSP Report: register input_6_9_0_data_reg_reg is absorbed into DSP ama_addmuladd_9s_8s_11ns_17ns_21_4_1_U610/graphsage_int8_po2_ama_addmuladd_9s_8s_11ns_17ns_21_4_1_DSP48_0_U/p_reg_reg.
DSP Report: register registered_input_105_reg_22720_reg is absorbed into DSP ama_addmuladd_9s_8s_11ns_17ns_21_4_1_U610/graphsage_int8_po2_ama_addmuladd_9s_8s_11ns_17ns_21_4_1_DSP48_0_U/p_reg_reg.
DSP Report: register neighbor_sum_28_reg_22880_reg is absorbed into DSP ama_addmuladd_9s_8s_11ns_17ns_21_4_1_U610/graphsage_int8_po2_ama_addmuladd_9s_8s_11ns_17ns_21_4_1_DSP48_0_U/p_reg_reg.
DSP Report: register ama_addmuladd_9s_8s_11ns_17ns_21_4_1_U632/graphsage_int8_po2_ama_addmuladd_9s_8s_11ns_17ns_21_4_1_DSP48_0_U/b_reg_reg is absorbed into DSP ama_addmuladd_9s_8s_11ns_17ns_21_4_1_U610/graphsage_int8_po2_ama_addmuladd_9s_8s_11ns_17ns_21_4_1_DSP48_0_U/p_reg_reg.
DSP Report: register ama_addmuladd_9s_8s_11ns_17ns_21_4_1_U610/graphsage_int8_po2_ama_addmuladd_9s_8s_11ns_17ns_21_4_1_DSP48_0_U/p_reg_reg is absorbed into DSP ama_addmuladd_9s_8s_11ns_17ns_21_4_1_U610/graphsage_int8_po2_ama_addmuladd_9s_8s_11ns_17ns_21_4_1_DSP48_0_U/p_reg_reg.
DSP Report: register ama_addmuladd_9s_8s_11ns_17ns_21_4_1_U610/graphsage_int8_po2_ama_addmuladd_9s_8s_11ns_17ns_21_4_1_DSP48_0_U/m_reg_reg is absorbed into DSP ama_addmuladd_9s_8s_11ns_17ns_21_4_1_U610/graphsage_int8_po2_ama_addmuladd_9s_8s_11ns_17ns_21_4_1_DSP48_0_U/p_reg_reg.
DSP Report: register ama_addmuladd_9s_8s_11ns_17ns_21_4_1_U610/graphsage_int8_po2_ama_addmuladd_9s_8s_11ns_17ns_21_4_1_DSP48_0_U/ad_reg_reg is absorbed into DSP ama_addmuladd_9s_8s_11ns_17ns_21_4_1_U610/graphsage_int8_po2_ama_addmuladd_9s_8s_11ns_17ns_21_4_1_DSP48_0_U/p_reg_reg.
DSP Report: operator ama_addmuladd_9s_8s_11ns_17ns_21_4_1_U610/graphsage_int8_po2_ama_addmuladd_9s_8s_11ns_17ns_21_4_1_DSP48_0_U/p is absorbed into DSP ama_addmuladd_9s_8s_11ns_17ns_21_4_1_U610/graphsage_int8_po2_ama_addmuladd_9s_8s_11ns_17ns_21_4_1_DSP48_0_U/p_reg_reg.
DSP Report: operator ama_addmuladd_9s_8s_11ns_17ns_21_4_1_U610/graphsage_int8_po2_ama_addmuladd_9s_8s_11ns_17ns_21_4_1_DSP48_0_U/m is absorbed into DSP ama_addmuladd_9s_8s_11ns_17ns_21_4_1_U610/graphsage_int8_po2_ama_addmuladd_9s_8s_11ns_17ns_21_4_1_DSP48_0_U/p_reg_reg.
DSP Report: operator ama_addmuladd_9s_8s_11ns_17ns_21_4_1_U610/graphsage_int8_po2_ama_addmuladd_9s_8s_11ns_17ns_21_4_1_DSP48_0_U/ad is absorbed into DSP ama_addmuladd_9s_8s_11ns_17ns_21_4_1_U610/graphsage_int8_po2_ama_addmuladd_9s_8s_11ns_17ns_21_4_1_DSP48_0_U/p_reg_reg.
DSP Report: Generating DSP ama_addmuladd_9s_8s_11ns_17ns_21_4_1_U609/graphsage_int8_po2_ama_addmuladd_9s_8s_11ns_17ns_21_4_1_DSP48_0_U/p_reg_reg, operation Mode is: (C:0x10000)+((D'+A'')*(B:0x555)')'.
DSP Report: register input_6_8_0_data_reg_reg is absorbed into DSP ama_addmuladd_9s_8s_11ns_17ns_21_4_1_U609/graphsage_int8_po2_ama_addmuladd_9s_8s_11ns_17ns_21_4_1_DSP48_0_U/p_reg_reg.
DSP Report: register registered_input_104_reg_22715_reg is absorbed into DSP ama_addmuladd_9s_8s_11ns_17ns_21_4_1_U609/graphsage_int8_po2_ama_addmuladd_9s_8s_11ns_17ns_21_4_1_DSP48_0_U/p_reg_reg.
DSP Report: register neighbor_sum_25_reg_22875_reg is absorbed into DSP ama_addmuladd_9s_8s_11ns_17ns_21_4_1_U609/graphsage_int8_po2_ama_addmuladd_9s_8s_11ns_17ns_21_4_1_DSP48_0_U/p_reg_reg.
DSP Report: register ama_addmuladd_9s_8s_11ns_17ns_21_4_1_U632/graphsage_int8_po2_ama_addmuladd_9s_8s_11ns_17ns_21_4_1_DSP48_0_U/b_reg_reg is absorbed into DSP ama_addmuladd_9s_8s_11ns_17ns_21_4_1_U609/graphsage_int8_po2_ama_addmuladd_9s_8s_11ns_17ns_21_4_1_DSP48_0_U/p_reg_reg.
DSP Report: register ama_addmuladd_9s_8s_11ns_17ns_21_4_1_U609/graphsage_int8_po2_ama_addmuladd_9s_8s_11ns_17ns_21_4_1_DSP48_0_U/p_reg_reg is absorbed into DSP ama_addmuladd_9s_8s_11ns_17ns_21_4_1_U609/graphsage_int8_po2_ama_addmuladd_9s_8s_11ns_17ns_21_4_1_DSP48_0_U/p_reg_reg.
DSP Report: register ama_addmuladd_9s_8s_11ns_17ns_21_4_1_U609/graphsage_int8_po2_ama_addmuladd_9s_8s_11ns_17ns_21_4_1_DSP48_0_U/m_reg_reg is absorbed into DSP ama_addmuladd_9s_8s_11ns_17ns_21_4_1_U609/graphsage_int8_po2_ama_addmuladd_9s_8s_11ns_17ns_21_4_1_DSP48_0_U/p_reg_reg.
DSP Report: register ama_addmuladd_9s_8s_11ns_17ns_21_4_1_U609/graphsage_int8_po2_ama_addmuladd_9s_8s_11ns_17ns_21_4_1_DSP48_0_U/ad_reg_reg is absorbed into DSP ama_addmuladd_9s_8s_11ns_17ns_21_4_1_U609/graphsage_int8_po2_ama_addmuladd_9s_8s_11ns_17ns_21_4_1_DSP48_0_U/p_reg_reg.
DSP Report: operator ama_addmuladd_9s_8s_11ns_17ns_21_4_1_U609/graphsage_int8_po2_ama_addmuladd_9s_8s_11ns_17ns_21_4_1_DSP48_0_U/p is absorbed into DSP ama_addmuladd_9s_8s_11ns_17ns_21_4_1_U609/graphsage_int8_po2_ama_addmuladd_9s_8s_11ns_17ns_21_4_1_DSP48_0_U/p_reg_reg.
DSP Report: operator ama_addmuladd_9s_8s_11ns_17ns_21_4_1_U609/graphsage_int8_po2_ama_addmuladd_9s_8s_11ns_17ns_21_4_1_DSP48_0_U/m is absorbed into DSP ama_addmuladd_9s_8s_11ns_17ns_21_4_1_U609/graphsage_int8_po2_ama_addmuladd_9s_8s_11ns_17ns_21_4_1_DSP48_0_U/p_reg_reg.
DSP Report: operator ama_addmuladd_9s_8s_11ns_17ns_21_4_1_U609/graphsage_int8_po2_ama_addmuladd_9s_8s_11ns_17ns_21_4_1_DSP48_0_U/ad is absorbed into DSP ama_addmuladd_9s_8s_11ns_17ns_21_4_1_U609/graphsage_int8_po2_ama_addmuladd_9s_8s_11ns_17ns_21_4_1_DSP48_0_U/p_reg_reg.
DSP Report: Generating DSP ama_addmuladd_9s_8s_11ns_17ns_21_4_1_U608/graphsage_int8_po2_ama_addmuladd_9s_8s_11ns_17ns_21_4_1_DSP48_0_U/p_reg_reg, operation Mode is: (C:0x10000)+((D'+A'')*(B:0x555)')'.
DSP Report: register input_6_7_0_data_reg_reg is absorbed into DSP ama_addmuladd_9s_8s_11ns_17ns_21_4_1_U608/graphsage_int8_po2_ama_addmuladd_9s_8s_11ns_17ns_21_4_1_DSP48_0_U/p_reg_reg.
DSP Report: register registered_input_103_reg_22710_reg is absorbed into DSP ama_addmuladd_9s_8s_11ns_17ns_21_4_1_U608/graphsage_int8_po2_ama_addmuladd_9s_8s_11ns_17ns_21_4_1_DSP48_0_U/p_reg_reg.
DSP Report: register neighbor_sum_22_reg_22870_reg is absorbed into DSP ama_addmuladd_9s_8s_11ns_17ns_21_4_1_U608/graphsage_int8_po2_ama_addmuladd_9s_8s_11ns_17ns_21_4_1_DSP48_0_U/p_reg_reg.
DSP Report: register ama_addmuladd_9s_8s_11ns_17ns_21_4_1_U632/graphsage_int8_po2_ama_addmuladd_9s_8s_11ns_17ns_21_4_1_DSP48_0_U/b_reg_reg is absorbed into DSP ama_addmuladd_9s_8s_11ns_17ns_21_4_1_U608/graphsage_int8_po2_ama_addmuladd_9s_8s_11ns_17ns_21_4_1_DSP48_0_U/p_reg_reg.
DSP Report: register ama_addmuladd_9s_8s_11ns_17ns_21_4_1_U608/graphsage_int8_po2_ama_addmuladd_9s_8s_11ns_17ns_21_4_1_DSP48_0_U/p_reg_reg is absorbed into DSP ama_addmuladd_9s_8s_11ns_17ns_21_4_1_U608/graphsage_int8_po2_ama_addmuladd_9s_8s_11ns_17ns_21_4_1_DSP48_0_U/p_reg_reg.
DSP Report: register ama_addmuladd_9s_8s_11ns_17ns_21_4_1_U608/graphsage_int8_po2_ama_addmuladd_9s_8s_11ns_17ns_21_4_1_DSP48_0_U/m_reg_reg is absorbed into DSP ama_addmuladd_9s_8s_11ns_17ns_21_4_1_U608/graphsage_int8_po2_ama_addmuladd_9s_8s_11ns_17ns_21_4_1_DSP48_0_U/p_reg_reg.
DSP Report: register ama_addmuladd_9s_8s_11ns_17ns_21_4_1_U608/graphsage_int8_po2_ama_addmuladd_9s_8s_11ns_17ns_21_4_1_DSP48_0_U/ad_reg_reg is absorbed into DSP ama_addmuladd_9s_8s_11ns_17ns_21_4_1_U608/graphsage_int8_po2_ama_addmuladd_9s_8s_11ns_17ns_21_4_1_DSP48_0_U/p_reg_reg.
DSP Report: operator ama_addmuladd_9s_8s_11ns_17ns_21_4_1_U608/graphsage_int8_po2_ama_addmuladd_9s_8s_11ns_17ns_21_4_1_DSP48_0_U/p is absorbed into DSP ama_addmuladd_9s_8s_11ns_17ns_21_4_1_U608/graphsage_int8_po2_ama_addmuladd_9s_8s_11ns_17ns_21_4_1_DSP48_0_U/p_reg_reg.
DSP Report: operator ama_addmuladd_9s_8s_11ns_17ns_21_4_1_U608/graphsage_int8_po2_ama_addmuladd_9s_8s_11ns_17ns_21_4_1_DSP48_0_U/m is absorbed into DSP ama_addmuladd_9s_8s_11ns_17ns_21_4_1_U608/graphsage_int8_po2_ama_addmuladd_9s_8s_11ns_17ns_21_4_1_DSP48_0_U/p_reg_reg.
DSP Report: operator ama_addmuladd_9s_8s_11ns_17ns_21_4_1_U608/graphsage_int8_po2_ama_addmuladd_9s_8s_11ns_17ns_21_4_1_DSP48_0_U/ad is absorbed into DSP ama_addmuladd_9s_8s_11ns_17ns_21_4_1_U608/graphsage_int8_po2_ama_addmuladd_9s_8s_11ns_17ns_21_4_1_DSP48_0_U/p_reg_reg.
DSP Report: Generating DSP ama_addmuladd_9s_8s_11ns_17ns_21_4_1_U607/graphsage_int8_po2_ama_addmuladd_9s_8s_11ns_17ns_21_4_1_DSP48_0_U/p_reg_reg, operation Mode is: (C:0x10000)+((D'+A'')*(B:0x555)')'.
DSP Report: register input_6_6_0_data_reg_reg is absorbed into DSP ama_addmuladd_9s_8s_11ns_17ns_21_4_1_U607/graphsage_int8_po2_ama_addmuladd_9s_8s_11ns_17ns_21_4_1_DSP48_0_U/p_reg_reg.
DSP Report: register registered_input_102_reg_22705_reg is absorbed into DSP ama_addmuladd_9s_8s_11ns_17ns_21_4_1_U607/graphsage_int8_po2_ama_addmuladd_9s_8s_11ns_17ns_21_4_1_DSP48_0_U/p_reg_reg.
DSP Report: register neighbor_sum_19_reg_22865_reg is absorbed into DSP ama_addmuladd_9s_8s_11ns_17ns_21_4_1_U607/graphsage_int8_po2_ama_addmuladd_9s_8s_11ns_17ns_21_4_1_DSP48_0_U/p_reg_reg.
DSP Report: register ama_addmuladd_9s_8s_11ns_17ns_21_4_1_U632/graphsage_int8_po2_ama_addmuladd_9s_8s_11ns_17ns_21_4_1_DSP48_0_U/b_reg_reg is absorbed into DSP ama_addmuladd_9s_8s_11ns_17ns_21_4_1_U607/graphsage_int8_po2_ama_addmuladd_9s_8s_11ns_17ns_21_4_1_DSP48_0_U/p_reg_reg.
DSP Report: register ama_addmuladd_9s_8s_11ns_17ns_21_4_1_U607/graphsage_int8_po2_ama_addmuladd_9s_8s_11ns_17ns_21_4_1_DSP48_0_U/p_reg_reg is absorbed into DSP ama_addmuladd_9s_8s_11ns_17ns_21_4_1_U607/graphsage_int8_po2_ama_addmuladd_9s_8s_11ns_17ns_21_4_1_DSP48_0_U/p_reg_reg.
DSP Report: register ama_addmuladd_9s_8s_11ns_17ns_21_4_1_U607/graphsage_int8_po2_ama_addmuladd_9s_8s_11ns_17ns_21_4_1_DSP48_0_U/m_reg_reg is absorbed into DSP ama_addmuladd_9s_8s_11ns_17ns_21_4_1_U607/graphsage_int8_po2_ama_addmuladd_9s_8s_11ns_17ns_21_4_1_DSP48_0_U/p_reg_reg.
DSP Report: register ama_addmuladd_9s_8s_11ns_17ns_21_4_1_U607/graphsage_int8_po2_ama_addmuladd_9s_8s_11ns_17ns_21_4_1_DSP48_0_U/ad_reg_reg is absorbed into DSP ama_addmuladd_9s_8s_11ns_17ns_21_4_1_U607/graphsage_int8_po2_ama_addmuladd_9s_8s_11ns_17ns_21_4_1_DSP48_0_U/p_reg_reg.
DSP Report: operator ama_addmuladd_9s_8s_11ns_17ns_21_4_1_U607/graphsage_int8_po2_ama_addmuladd_9s_8s_11ns_17ns_21_4_1_DSP48_0_U/p is absorbed into DSP ama_addmuladd_9s_8s_11ns_17ns_21_4_1_U607/graphsage_int8_po2_ama_addmuladd_9s_8s_11ns_17ns_21_4_1_DSP48_0_U/p_reg_reg.
DSP Report: operator ama_addmuladd_9s_8s_11ns_17ns_21_4_1_U607/graphsage_int8_po2_ama_addmuladd_9s_8s_11ns_17ns_21_4_1_DSP48_0_U/m is absorbed into DSP ama_addmuladd_9s_8s_11ns_17ns_21_4_1_U607/graphsage_int8_po2_ama_addmuladd_9s_8s_11ns_17ns_21_4_1_DSP48_0_U/p_reg_reg.
DSP Report: operator ama_addmuladd_9s_8s_11ns_17ns_21_4_1_U607/graphsage_int8_po2_ama_addmuladd_9s_8s_11ns_17ns_21_4_1_DSP48_0_U/ad is absorbed into DSP ama_addmuladd_9s_8s_11ns_17ns_21_4_1_U607/graphsage_int8_po2_ama_addmuladd_9s_8s_11ns_17ns_21_4_1_DSP48_0_U/p_reg_reg.
DSP Report: Generating DSP ama_addmuladd_9s_8s_11ns_17ns_21_4_1_U606/graphsage_int8_po2_ama_addmuladd_9s_8s_11ns_17ns_21_4_1_DSP48_0_U/p_reg_reg, operation Mode is: (C:0x10000)+((D'+A'')*(B:0x555)')'.
DSP Report: register input_6_5_0_data_reg_reg is absorbed into DSP ama_addmuladd_9s_8s_11ns_17ns_21_4_1_U606/graphsage_int8_po2_ama_addmuladd_9s_8s_11ns_17ns_21_4_1_DSP48_0_U/p_reg_reg.
DSP Report: register registered_input_101_reg_22700_reg is absorbed into DSP ama_addmuladd_9s_8s_11ns_17ns_21_4_1_U606/graphsage_int8_po2_ama_addmuladd_9s_8s_11ns_17ns_21_4_1_DSP48_0_U/p_reg_reg.
DSP Report: register neighbor_sum_16_reg_22860_reg is absorbed into DSP ama_addmuladd_9s_8s_11ns_17ns_21_4_1_U606/graphsage_int8_po2_ama_addmuladd_9s_8s_11ns_17ns_21_4_1_DSP48_0_U/p_reg_reg.
DSP Report: register ama_addmuladd_9s_8s_11ns_17ns_21_4_1_U632/graphsage_int8_po2_ama_addmuladd_9s_8s_11ns_17ns_21_4_1_DSP48_0_U/b_reg_reg is absorbed into DSP ama_addmuladd_9s_8s_11ns_17ns_21_4_1_U606/graphsage_int8_po2_ama_addmuladd_9s_8s_11ns_17ns_21_4_1_DSP48_0_U/p_reg_reg.
DSP Report: register ama_addmuladd_9s_8s_11ns_17ns_21_4_1_U606/graphsage_int8_po2_ama_addmuladd_9s_8s_11ns_17ns_21_4_1_DSP48_0_U/p_reg_reg is absorbed into DSP ama_addmuladd_9s_8s_11ns_17ns_21_4_1_U606/graphsage_int8_po2_ama_addmuladd_9s_8s_11ns_17ns_21_4_1_DSP48_0_U/p_reg_reg.
DSP Report: register ama_addmuladd_9s_8s_11ns_17ns_21_4_1_U606/graphsage_int8_po2_ama_addmuladd_9s_8s_11ns_17ns_21_4_1_DSP48_0_U/m_reg_reg is absorbed into DSP ama_addmuladd_9s_8s_11ns_17ns_21_4_1_U606/graphsage_int8_po2_ama_addmuladd_9s_8s_11ns_17ns_21_4_1_DSP48_0_U/p_reg_reg.
DSP Report: register ama_addmuladd_9s_8s_11ns_17ns_21_4_1_U606/graphsage_int8_po2_ama_addmuladd_9s_8s_11ns_17ns_21_4_1_DSP48_0_U/ad_reg_reg is absorbed into DSP ama_addmuladd_9s_8s_11ns_17ns_21_4_1_U606/graphsage_int8_po2_ama_addmuladd_9s_8s_11ns_17ns_21_4_1_DSP48_0_U/p_reg_reg.
DSP Report: operator ama_addmuladd_9s_8s_11ns_17ns_21_4_1_U606/graphsage_int8_po2_ama_addmuladd_9s_8s_11ns_17ns_21_4_1_DSP48_0_U/p is absorbed into DSP ama_addmuladd_9s_8s_11ns_17ns_21_4_1_U606/graphsage_int8_po2_ama_addmuladd_9s_8s_11ns_17ns_21_4_1_DSP48_0_U/p_reg_reg.
DSP Report: operator ama_addmuladd_9s_8s_11ns_17ns_21_4_1_U606/graphsage_int8_po2_ama_addmuladd_9s_8s_11ns_17ns_21_4_1_DSP48_0_U/m is absorbed into DSP ama_addmuladd_9s_8s_11ns_17ns_21_4_1_U606/graphsage_int8_po2_ama_addmuladd_9s_8s_11ns_17ns_21_4_1_DSP48_0_U/p_reg_reg.
DSP Report: operator ama_addmuladd_9s_8s_11ns_17ns_21_4_1_U606/graphsage_int8_po2_ama_addmuladd_9s_8s_11ns_17ns_21_4_1_DSP48_0_U/ad is absorbed into DSP ama_addmuladd_9s_8s_11ns_17ns_21_4_1_U606/graphsage_int8_po2_ama_addmuladd_9s_8s_11ns_17ns_21_4_1_DSP48_0_U/p_reg_reg.
DSP Report: Generating DSP ama_addmuladd_9s_8s_11ns_17ns_21_4_1_U605/graphsage_int8_po2_ama_addmuladd_9s_8s_11ns_17ns_21_4_1_DSP48_0_U/p_reg_reg, operation Mode is: (C:0x10000)+((D'+A'')*(B:0x555)')'.
DSP Report: register input_6_4_0_data_reg_reg is absorbed into DSP ama_addmuladd_9s_8s_11ns_17ns_21_4_1_U605/graphsage_int8_po2_ama_addmuladd_9s_8s_11ns_17ns_21_4_1_DSP48_0_U/p_reg_reg.
DSP Report: register registered_input_100_reg_22695_reg is absorbed into DSP ama_addmuladd_9s_8s_11ns_17ns_21_4_1_U605/graphsage_int8_po2_ama_addmuladd_9s_8s_11ns_17ns_21_4_1_DSP48_0_U/p_reg_reg.
DSP Report: register neighbor_sum_13_reg_22855_reg is absorbed into DSP ama_addmuladd_9s_8s_11ns_17ns_21_4_1_U605/graphsage_int8_po2_ama_addmuladd_9s_8s_11ns_17ns_21_4_1_DSP48_0_U/p_reg_reg.
DSP Report: register ama_addmuladd_9s_8s_11ns_17ns_21_4_1_U632/graphsage_int8_po2_ama_addmuladd_9s_8s_11ns_17ns_21_4_1_DSP48_0_U/b_reg_reg is absorbed into DSP ama_addmuladd_9s_8s_11ns_17ns_21_4_1_U605/graphsage_int8_po2_ama_addmuladd_9s_8s_11ns_17ns_21_4_1_DSP48_0_U/p_reg_reg.
DSP Report: register ama_addmuladd_9s_8s_11ns_17ns_21_4_1_U605/graphsage_int8_po2_ama_addmuladd_9s_8s_11ns_17ns_21_4_1_DSP48_0_U/p_reg_reg is absorbed into DSP ama_addmuladd_9s_8s_11ns_17ns_21_4_1_U605/graphsage_int8_po2_ama_addmuladd_9s_8s_11ns_17ns_21_4_1_DSP48_0_U/p_reg_reg.
DSP Report: register ama_addmuladd_9s_8s_11ns_17ns_21_4_1_U605/graphsage_int8_po2_ama_addmuladd_9s_8s_11ns_17ns_21_4_1_DSP48_0_U/m_reg_reg is absorbed into DSP ama_addmuladd_9s_8s_11ns_17ns_21_4_1_U605/graphsage_int8_po2_ama_addmuladd_9s_8s_11ns_17ns_21_4_1_DSP48_0_U/p_reg_reg.
DSP Report: register ama_addmuladd_9s_8s_11ns_17ns_21_4_1_U605/graphsage_int8_po2_ama_addmuladd_9s_8s_11ns_17ns_21_4_1_DSP48_0_U/ad_reg_reg is absorbed into DSP ama_addmuladd_9s_8s_11ns_17ns_21_4_1_U605/graphsage_int8_po2_ama_addmuladd_9s_8s_11ns_17ns_21_4_1_DSP48_0_U/p_reg_reg.
DSP Report: operator ama_addmuladd_9s_8s_11ns_17ns_21_4_1_U605/graphsage_int8_po2_ama_addmuladd_9s_8s_11ns_17ns_21_4_1_DSP48_0_U/p is absorbed into DSP ama_addmuladd_9s_8s_11ns_17ns_21_4_1_U605/graphsage_int8_po2_ama_addmuladd_9s_8s_11ns_17ns_21_4_1_DSP48_0_U/p_reg_reg.
DSP Report: operator ama_addmuladd_9s_8s_11ns_17ns_21_4_1_U605/graphsage_int8_po2_ama_addmuladd_9s_8s_11ns_17ns_21_4_1_DSP48_0_U/m is absorbed into DSP ama_addmuladd_9s_8s_11ns_17ns_21_4_1_U605/graphsage_int8_po2_ama_addmuladd_9s_8s_11ns_17ns_21_4_1_DSP48_0_U/p_reg_reg.
DSP Report: operator ama_addmuladd_9s_8s_11ns_17ns_21_4_1_U605/graphsage_int8_po2_ama_addmuladd_9s_8s_11ns_17ns_21_4_1_DSP48_0_U/ad is absorbed into DSP ama_addmuladd_9s_8s_11ns_17ns_21_4_1_U605/graphsage_int8_po2_ama_addmuladd_9s_8s_11ns_17ns_21_4_1_DSP48_0_U/p_reg_reg.
DSP Report: Generating DSP ama_addmuladd_9s_8s_11ns_17ns_21_4_1_U600/graphsage_int8_po2_ama_addmuladd_9s_8s_11ns_17ns_21_4_1_DSP48_0_U/p_reg_reg, operation Mode is: (C:0x10000)+((D'+A2)*(B:0x555)')'.
DSP Report: register registered_input_79_reg_22670_reg is absorbed into DSP ama_addmuladd_9s_8s_11ns_17ns_21_4_1_U600/graphsage_int8_po2_ama_addmuladd_9s_8s_11ns_17ns_21_4_1_DSP48_0_U/p_reg_reg.
DSP Report: register add_ln32_30_reg_22990_reg is absorbed into DSP ama_addmuladd_9s_8s_11ns_17ns_21_4_1_U600/graphsage_int8_po2_ama_addmuladd_9s_8s_11ns_17ns_21_4_1_DSP48_0_U/p_reg_reg.
DSP Report: register ama_addmuladd_9s_8s_11ns_17ns_21_4_1_U632/graphsage_int8_po2_ama_addmuladd_9s_8s_11ns_17ns_21_4_1_DSP48_0_U/b_reg_reg is absorbed into DSP ama_addmuladd_9s_8s_11ns_17ns_21_4_1_U600/graphsage_int8_po2_ama_addmuladd_9s_8s_11ns_17ns_21_4_1_DSP48_0_U/p_reg_reg.
DSP Report: register ama_addmuladd_9s_8s_11ns_17ns_21_4_1_U600/graphsage_int8_po2_ama_addmuladd_9s_8s_11ns_17ns_21_4_1_DSP48_0_U/p_reg_reg is absorbed into DSP ama_addmuladd_9s_8s_11ns_17ns_21_4_1_U600/graphsage_int8_po2_ama_addmuladd_9s_8s_11ns_17ns_21_4_1_DSP48_0_U/p_reg_reg.
DSP Report: register ama_addmuladd_9s_8s_11ns_17ns_21_4_1_U600/graphsage_int8_po2_ama_addmuladd_9s_8s_11ns_17ns_21_4_1_DSP48_0_U/m_reg_reg is absorbed into DSP ama_addmuladd_9s_8s_11ns_17ns_21_4_1_U600/graphsage_int8_po2_ama_addmuladd_9s_8s_11ns_17ns_21_4_1_DSP48_0_U/p_reg_reg.
DSP Report: register ama_addmuladd_9s_8s_11ns_17ns_21_4_1_U600/graphsage_int8_po2_ama_addmuladd_9s_8s_11ns_17ns_21_4_1_DSP48_0_U/ad_reg_reg is absorbed into DSP ama_addmuladd_9s_8s_11ns_17ns_21_4_1_U600/graphsage_int8_po2_ama_addmuladd_9s_8s_11ns_17ns_21_4_1_DSP48_0_U/p_reg_reg.
DSP Report: operator ama_addmuladd_9s_8s_11ns_17ns_21_4_1_U600/graphsage_int8_po2_ama_addmuladd_9s_8s_11ns_17ns_21_4_1_DSP48_0_U/p is absorbed into DSP ama_addmuladd_9s_8s_11ns_17ns_21_4_1_U600/graphsage_int8_po2_ama_addmuladd_9s_8s_11ns_17ns_21_4_1_DSP48_0_U/p_reg_reg.
DSP Report: operator ama_addmuladd_9s_8s_11ns_17ns_21_4_1_U600/graphsage_int8_po2_ama_addmuladd_9s_8s_11ns_17ns_21_4_1_DSP48_0_U/m is absorbed into DSP ama_addmuladd_9s_8s_11ns_17ns_21_4_1_U600/graphsage_int8_po2_ama_addmuladd_9s_8s_11ns_17ns_21_4_1_DSP48_0_U/p_reg_reg.
DSP Report: operator ama_addmuladd_9s_8s_11ns_17ns_21_4_1_U600/graphsage_int8_po2_ama_addmuladd_9s_8s_11ns_17ns_21_4_1_DSP48_0_U/ad is absorbed into DSP ama_addmuladd_9s_8s_11ns_17ns_21_4_1_U600/graphsage_int8_po2_ama_addmuladd_9s_8s_11ns_17ns_21_4_1_DSP48_0_U/p_reg_reg.
DSP Report: Generating DSP ama_addmuladd_9s_8s_11ns_17ns_21_4_1_U599/graphsage_int8_po2_ama_addmuladd_9s_8s_11ns_17ns_21_4_1_DSP48_0_U/p_reg_reg, operation Mode is: (C:0x10000)+((D'+A2)*(B:0x555)')'.
DSP Report: register registered_input_78_reg_22665_reg is absorbed into DSP ama_addmuladd_9s_8s_11ns_17ns_21_4_1_U599/graphsage_int8_po2_ama_addmuladd_9s_8s_11ns_17ns_21_4_1_DSP48_0_U/p_reg_reg.
DSP Report: register add_ln32_28_reg_22985_reg is absorbed into DSP ama_addmuladd_9s_8s_11ns_17ns_21_4_1_U599/graphsage_int8_po2_ama_addmuladd_9s_8s_11ns_17ns_21_4_1_DSP48_0_U/p_reg_reg.
DSP Report: register ama_addmuladd_9s_8s_11ns_17ns_21_4_1_U632/graphsage_int8_po2_ama_addmuladd_9s_8s_11ns_17ns_21_4_1_DSP48_0_U/b_reg_reg is absorbed into DSP ama_addmuladd_9s_8s_11ns_17ns_21_4_1_U599/graphsage_int8_po2_ama_addmuladd_9s_8s_11ns_17ns_21_4_1_DSP48_0_U/p_reg_reg.
DSP Report: register ama_addmuladd_9s_8s_11ns_17ns_21_4_1_U599/graphsage_int8_po2_ama_addmuladd_9s_8s_11ns_17ns_21_4_1_DSP48_0_U/p_reg_reg is absorbed into DSP ama_addmuladd_9s_8s_11ns_17ns_21_4_1_U599/graphsage_int8_po2_ama_addmuladd_9s_8s_11ns_17ns_21_4_1_DSP48_0_U/p_reg_reg.
DSP Report: register ama_addmuladd_9s_8s_11ns_17ns_21_4_1_U599/graphsage_int8_po2_ama_addmuladd_9s_8s_11ns_17ns_21_4_1_DSP48_0_U/m_reg_reg is absorbed into DSP ama_addmuladd_9s_8s_11ns_17ns_21_4_1_U599/graphsage_int8_po2_ama_addmuladd_9s_8s_11ns_17ns_21_4_1_DSP48_0_U/p_reg_reg.
DSP Report: register ama_addmuladd_9s_8s_11ns_17ns_21_4_1_U599/graphsage_int8_po2_ama_addmuladd_9s_8s_11ns_17ns_21_4_1_DSP48_0_U/ad_reg_reg is absorbed into DSP ama_addmuladd_9s_8s_11ns_17ns_21_4_1_U599/graphsage_int8_po2_ama_addmuladd_9s_8s_11ns_17ns_21_4_1_DSP48_0_U/p_reg_reg.
DSP Report: operator ama_addmuladd_9s_8s_11ns_17ns_21_4_1_U599/graphsage_int8_po2_ama_addmuladd_9s_8s_11ns_17ns_21_4_1_DSP48_0_U/p is absorbed into DSP ama_addmuladd_9s_8s_11ns_17ns_21_4_1_U599/graphsage_int8_po2_ama_addmuladd_9s_8s_11ns_17ns_21_4_1_DSP48_0_U/p_reg_reg.
DSP Report: operator ama_addmuladd_9s_8s_11ns_17ns_21_4_1_U599/graphsage_int8_po2_ama_addmuladd_9s_8s_11ns_17ns_21_4_1_DSP48_0_U/m is absorbed into DSP ama_addmuladd_9s_8s_11ns_17ns_21_4_1_U599/graphsage_int8_po2_ama_addmuladd_9s_8s_11ns_17ns_21_4_1_DSP48_0_U/p_reg_reg.
DSP Report: operator ama_addmuladd_9s_8s_11ns_17ns_21_4_1_U599/graphsage_int8_po2_ama_addmuladd_9s_8s_11ns_17ns_21_4_1_DSP48_0_U/ad is absorbed into DSP ama_addmuladd_9s_8s_11ns_17ns_21_4_1_U599/graphsage_int8_po2_ama_addmuladd_9s_8s_11ns_17ns_21_4_1_DSP48_0_U/p_reg_reg.
DSP Report: Generating DSP ama_addmuladd_9s_8s_11ns_17ns_21_4_1_U598/graphsage_int8_po2_ama_addmuladd_9s_8s_11ns_17ns_21_4_1_DSP48_0_U/p_reg_reg, operation Mode is: (C:0x10000)+((D'+A2)*(B:0x555)')'.
DSP Report: register registered_input_77_reg_22660_reg is absorbed into DSP ama_addmuladd_9s_8s_11ns_17ns_21_4_1_U598/graphsage_int8_po2_ama_addmuladd_9s_8s_11ns_17ns_21_4_1_DSP48_0_U/p_reg_reg.
DSP Report: register add_ln32_26_reg_22980_reg is absorbed into DSP ama_addmuladd_9s_8s_11ns_17ns_21_4_1_U598/graphsage_int8_po2_ama_addmuladd_9s_8s_11ns_17ns_21_4_1_DSP48_0_U/p_reg_reg.
DSP Report: register ama_addmuladd_9s_8s_11ns_17ns_21_4_1_U632/graphsage_int8_po2_ama_addmuladd_9s_8s_11ns_17ns_21_4_1_DSP48_0_U/b_reg_reg is absorbed into DSP ama_addmuladd_9s_8s_11ns_17ns_21_4_1_U598/graphsage_int8_po2_ama_addmuladd_9s_8s_11ns_17ns_21_4_1_DSP48_0_U/p_reg_reg.
DSP Report: register ama_addmuladd_9s_8s_11ns_17ns_21_4_1_U598/graphsage_int8_po2_ama_addmuladd_9s_8s_11ns_17ns_21_4_1_DSP48_0_U/p_reg_reg is absorbed into DSP ama_addmuladd_9s_8s_11ns_17ns_21_4_1_U598/graphsage_int8_po2_ama_addmuladd_9s_8s_11ns_17ns_21_4_1_DSP48_0_U/p_reg_reg.
DSP Report: register ama_addmuladd_9s_8s_11ns_17ns_21_4_1_U598/graphsage_int8_po2_ama_addmuladd_9s_8s_11ns_17ns_21_4_1_DSP48_0_U/m_reg_reg is absorbed into DSP ama_addmuladd_9s_8s_11ns_17ns_21_4_1_U598/graphsage_int8_po2_ama_addmuladd_9s_8s_11ns_17ns_21_4_1_DSP48_0_U/p_reg_reg.
DSP Report: register ama_addmuladd_9s_8s_11ns_17ns_21_4_1_U598/graphsage_int8_po2_ama_addmuladd_9s_8s_11ns_17ns_21_4_1_DSP48_0_U/ad_reg_reg is absorbed into DSP ama_addmuladd_9s_8s_11ns_17ns_21_4_1_U598/graphsage_int8_po2_ama_addmuladd_9s_8s_11ns_17ns_21_4_1_DSP48_0_U/p_reg_reg.
DSP Report: operator ama_addmuladd_9s_8s_11ns_17ns_21_4_1_U598/graphsage_int8_po2_ama_addmuladd_9s_8s_11ns_17ns_21_4_1_DSP48_0_U/p is absorbed into DSP ama_addmuladd_9s_8s_11ns_17ns_21_4_1_U598/graphsage_int8_po2_ama_addmuladd_9s_8s_11ns_17ns_21_4_1_DSP48_0_U/p_reg_reg.
DSP Report: operator ama_addmuladd_9s_8s_11ns_17ns_21_4_1_U598/graphsage_int8_po2_ama_addmuladd_9s_8s_11ns_17ns_21_4_1_DSP48_0_U/m is absorbed into DSP ama_addmuladd_9s_8s_11ns_17ns_21_4_1_U598/graphsage_int8_po2_ama_addmuladd_9s_8s_11ns_17ns_21_4_1_DSP48_0_U/p_reg_reg.
DSP Report: operator ama_addmuladd_9s_8s_11ns_17ns_21_4_1_U598/graphsage_int8_po2_ama_addmuladd_9s_8s_11ns_17ns_21_4_1_DSP48_0_U/ad is absorbed into DSP ama_addmuladd_9s_8s_11ns_17ns_21_4_1_U598/graphsage_int8_po2_ama_addmuladd_9s_8s_11ns_17ns_21_4_1_DSP48_0_U/p_reg_reg.
DSP Report: Generating DSP ama_addmuladd_9s_8s_11ns_17ns_21_4_1_U597/graphsage_int8_po2_ama_addmuladd_9s_8s_11ns_17ns_21_4_1_DSP48_0_U/p_reg_reg, operation Mode is: (C:0x10000)+((D'+A2)*(B:0x555)')'.
DSP Report: register registered_input_76_reg_22655_reg is absorbed into DSP ama_addmuladd_9s_8s_11ns_17ns_21_4_1_U597/graphsage_int8_po2_ama_addmuladd_9s_8s_11ns_17ns_21_4_1_DSP48_0_U/p_reg_reg.
DSP Report: register add_ln32_24_reg_22975_reg is absorbed into DSP ama_addmuladd_9s_8s_11ns_17ns_21_4_1_U597/graphsage_int8_po2_ama_addmuladd_9s_8s_11ns_17ns_21_4_1_DSP48_0_U/p_reg_reg.
DSP Report: register ama_addmuladd_9s_8s_11ns_17ns_21_4_1_U632/graphsage_int8_po2_ama_addmuladd_9s_8s_11ns_17ns_21_4_1_DSP48_0_U/b_reg_reg is absorbed into DSP ama_addmuladd_9s_8s_11ns_17ns_21_4_1_U597/graphsage_int8_po2_ama_addmuladd_9s_8s_11ns_17ns_21_4_1_DSP48_0_U/p_reg_reg.
DSP Report: register ama_addmuladd_9s_8s_11ns_17ns_21_4_1_U597/graphsage_int8_po2_ama_addmuladd_9s_8s_11ns_17ns_21_4_1_DSP48_0_U/p_reg_reg is absorbed into DSP ama_addmuladd_9s_8s_11ns_17ns_21_4_1_U597/graphsage_int8_po2_ama_addmuladd_9s_8s_11ns_17ns_21_4_1_DSP48_0_U/p_reg_reg.
DSP Report: register ama_addmuladd_9s_8s_11ns_17ns_21_4_1_U597/graphsage_int8_po2_ama_addmuladd_9s_8s_11ns_17ns_21_4_1_DSP48_0_U/m_reg_reg is absorbed into DSP ama_addmuladd_9s_8s_11ns_17ns_21_4_1_U597/graphsage_int8_po2_ama_addmuladd_9s_8s_11ns_17ns_21_4_1_DSP48_0_U/p_reg_reg.
DSP Report: register ama_addmuladd_9s_8s_11ns_17ns_21_4_1_U597/graphsage_int8_po2_ama_addmuladd_9s_8s_11ns_17ns_21_4_1_DSP48_0_U/ad_reg_reg is absorbed into DSP ama_addmuladd_9s_8s_11ns_17ns_21_4_1_U597/graphsage_int8_po2_ama_addmuladd_9s_8s_11ns_17ns_21_4_1_DSP48_0_U/p_reg_reg.
DSP Report: operator ama_addmuladd_9s_8s_11ns_17ns_21_4_1_U597/graphsage_int8_po2_ama_addmuladd_9s_8s_11ns_17ns_21_4_1_DSP48_0_U/p is absorbed into DSP ama_addmuladd_9s_8s_11ns_17ns_21_4_1_U597/graphsage_int8_po2_ama_addmuladd_9s_8s_11ns_17ns_21_4_1_DSP48_0_U/p_reg_reg.
DSP Report: operator ama_addmuladd_9s_8s_11ns_17ns_21_4_1_U597/graphsage_int8_po2_ama_addmuladd_9s_8s_11ns_17ns_21_4_1_DSP48_0_U/m is absorbed into DSP ama_addmuladd_9s_8s_11ns_17ns_21_4_1_U597/graphsage_int8_po2_ama_addmuladd_9s_8s_11ns_17ns_21_4_1_DSP48_0_U/p_reg_reg.
DSP Report: operator ama_addmuladd_9s_8s_11ns_17ns_21_4_1_U597/graphsage_int8_po2_ama_addmuladd_9s_8s_11ns_17ns_21_4_1_DSP48_0_U/ad is absorbed into DSP ama_addmuladd_9s_8s_11ns_17ns_21_4_1_U597/graphsage_int8_po2_ama_addmuladd_9s_8s_11ns_17ns_21_4_1_DSP48_0_U/p_reg_reg.
DSP Report: Generating DSP ama_addmuladd_9s_8s_11ns_17ns_21_4_1_U596/graphsage_int8_po2_ama_addmuladd_9s_8s_11ns_17ns_21_4_1_DSP48_0_U/p_reg_reg, operation Mode is: (C:0x10000)+((D'+A2)*(B:0x555)')'.
DSP Report: register registered_input_75_reg_22650_reg is absorbed into DSP ama_addmuladd_9s_8s_11ns_17ns_21_4_1_U596/graphsage_int8_po2_ama_addmuladd_9s_8s_11ns_17ns_21_4_1_DSP48_0_U/p_reg_reg.
DSP Report: register add_ln32_22_reg_22970_reg is absorbed into DSP ama_addmuladd_9s_8s_11ns_17ns_21_4_1_U596/graphsage_int8_po2_ama_addmuladd_9s_8s_11ns_17ns_21_4_1_DSP48_0_U/p_reg_reg.
DSP Report: register ama_addmuladd_9s_8s_11ns_17ns_21_4_1_U632/graphsage_int8_po2_ama_addmuladd_9s_8s_11ns_17ns_21_4_1_DSP48_0_U/b_reg_reg is absorbed into DSP ama_addmuladd_9s_8s_11ns_17ns_21_4_1_U596/graphsage_int8_po2_ama_addmuladd_9s_8s_11ns_17ns_21_4_1_DSP48_0_U/p_reg_reg.
DSP Report: register ama_addmuladd_9s_8s_11ns_17ns_21_4_1_U596/graphsage_int8_po2_ama_addmuladd_9s_8s_11ns_17ns_21_4_1_DSP48_0_U/p_reg_reg is absorbed into DSP ama_addmuladd_9s_8s_11ns_17ns_21_4_1_U596/graphsage_int8_po2_ama_addmuladd_9s_8s_11ns_17ns_21_4_1_DSP48_0_U/p_reg_reg.
DSP Report: register ama_addmuladd_9s_8s_11ns_17ns_21_4_1_U596/graphsage_int8_po2_ama_addmuladd_9s_8s_11ns_17ns_21_4_1_DSP48_0_U/m_reg_reg is absorbed into DSP ama_addmuladd_9s_8s_11ns_17ns_21_4_1_U596/graphsage_int8_po2_ama_addmuladd_9s_8s_11ns_17ns_21_4_1_DSP48_0_U/p_reg_reg.
DSP Report: register ama_addmuladd_9s_8s_11ns_17ns_21_4_1_U596/graphsage_int8_po2_ama_addmuladd_9s_8s_11ns_17ns_21_4_1_DSP48_0_U/ad_reg_reg is absorbed into DSP ama_addmuladd_9s_8s_11ns_17ns_21_4_1_U596/graphsage_int8_po2_ama_addmuladd_9s_8s_11ns_17ns_21_4_1_DSP48_0_U/p_reg_reg.
DSP Report: operator ama_addmuladd_9s_8s_11ns_17ns_21_4_1_U596/graphsage_int8_po2_ama_addmuladd_9s_8s_11ns_17ns_21_4_1_DSP48_0_U/p is absorbed into DSP ama_addmuladd_9s_8s_11ns_17ns_21_4_1_U596/graphsage_int8_po2_ama_addmuladd_9s_8s_11ns_17ns_21_4_1_DSP48_0_U/p_reg_reg.
DSP Report: operator ama_addmuladd_9s_8s_11ns_17ns_21_4_1_U596/graphsage_int8_po2_ama_addmuladd_9s_8s_11ns_17ns_21_4_1_DSP48_0_U/m is absorbed into DSP ama_addmuladd_9s_8s_11ns_17ns_21_4_1_U596/graphsage_int8_po2_ama_addmuladd_9s_8s_11ns_17ns_21_4_1_DSP48_0_U/p_reg_reg.
DSP Report: operator ama_addmuladd_9s_8s_11ns_17ns_21_4_1_U596/graphsage_int8_po2_ama_addmuladd_9s_8s_11ns_17ns_21_4_1_DSP48_0_U/ad is absorbed into DSP ama_addmuladd_9s_8s_11ns_17ns_21_4_1_U596/graphsage_int8_po2_ama_addmuladd_9s_8s_11ns_17ns_21_4_1_DSP48_0_U/p_reg_reg.
DSP Report: Generating DSP ama_addmuladd_9s_8s_11ns_17ns_21_4_1_U595/graphsage_int8_po2_ama_addmuladd_9s_8s_11ns_17ns_21_4_1_DSP48_0_U/p_reg_reg, operation Mode is: (C:0x10000)+((D'+A2)*(B:0x555)')'.
DSP Report: register registered_input_74_reg_22645_reg is absorbed into DSP ama_addmuladd_9s_8s_11ns_17ns_21_4_1_U595/graphsage_int8_po2_ama_addmuladd_9s_8s_11ns_17ns_21_4_1_DSP48_0_U/p_reg_reg.
DSP Report: register add_ln32_20_reg_22965_reg is absorbed into DSP ama_addmuladd_9s_8s_11ns_17ns_21_4_1_U595/graphsage_int8_po2_ama_addmuladd_9s_8s_11ns_17ns_21_4_1_DSP48_0_U/p_reg_reg.
DSP Report: register ama_addmuladd_9s_8s_11ns_17ns_21_4_1_U632/graphsage_int8_po2_ama_addmuladd_9s_8s_11ns_17ns_21_4_1_DSP48_0_U/b_reg_reg is absorbed into DSP ama_addmuladd_9s_8s_11ns_17ns_21_4_1_U595/graphsage_int8_po2_ama_addmuladd_9s_8s_11ns_17ns_21_4_1_DSP48_0_U/p_reg_reg.
DSP Report: register ama_addmuladd_9s_8s_11ns_17ns_21_4_1_U595/graphsage_int8_po2_ama_addmuladd_9s_8s_11ns_17ns_21_4_1_DSP48_0_U/p_reg_reg is absorbed into DSP ama_addmuladd_9s_8s_11ns_17ns_21_4_1_U595/graphsage_int8_po2_ama_addmuladd_9s_8s_11ns_17ns_21_4_1_DSP48_0_U/p_reg_reg.
DSP Report: register ama_addmuladd_9s_8s_11ns_17ns_21_4_1_U595/graphsage_int8_po2_ama_addmuladd_9s_8s_11ns_17ns_21_4_1_DSP48_0_U/m_reg_reg is absorbed into DSP ama_addmuladd_9s_8s_11ns_17ns_21_4_1_U595/graphsage_int8_po2_ama_addmuladd_9s_8s_11ns_17ns_21_4_1_DSP48_0_U/p_reg_reg.
DSP Report: register ama_addmuladd_9s_8s_11ns_17ns_21_4_1_U595/graphsage_int8_po2_ama_addmuladd_9s_8s_11ns_17ns_21_4_1_DSP48_0_U/ad_reg_reg is absorbed into DSP ama_addmuladd_9s_8s_11ns_17ns_21_4_1_U595/graphsage_int8_po2_ama_addmuladd_9s_8s_11ns_17ns_21_4_1_DSP48_0_U/p_reg_reg.
DSP Report: operator ama_addmuladd_9s_8s_11ns_17ns_21_4_1_U595/graphsage_int8_po2_ama_addmuladd_9s_8s_11ns_17ns_21_4_1_DSP48_0_U/p is absorbed into DSP ama_addmuladd_9s_8s_11ns_17ns_21_4_1_U595/graphsage_int8_po2_ama_addmuladd_9s_8s_11ns_17ns_21_4_1_DSP48_0_U/p_reg_reg.
DSP Report: operator ama_addmuladd_9s_8s_11ns_17ns_21_4_1_U595/graphsage_int8_po2_ama_addmuladd_9s_8s_11ns_17ns_21_4_1_DSP48_0_U/m is absorbed into DSP ama_addmuladd_9s_8s_11ns_17ns_21_4_1_U595/graphsage_int8_po2_ama_addmuladd_9s_8s_11ns_17ns_21_4_1_DSP48_0_U/p_reg_reg.
DSP Report: operator ama_addmuladd_9s_8s_11ns_17ns_21_4_1_U595/graphsage_int8_po2_ama_addmuladd_9s_8s_11ns_17ns_21_4_1_DSP48_0_U/ad is absorbed into DSP ama_addmuladd_9s_8s_11ns_17ns_21_4_1_U595/graphsage_int8_po2_ama_addmuladd_9s_8s_11ns_17ns_21_4_1_DSP48_0_U/p_reg_reg.
DSP Report: Generating DSP ama_addmuladd_9s_8s_11ns_17ns_21_4_1_U594/graphsage_int8_po2_ama_addmuladd_9s_8s_11ns_17ns_21_4_1_DSP48_0_U/p_reg_reg, operation Mode is: (C:0x10000)+((D'+A2)*(B:0x555)')'.
DSP Report: register registered_input_73_reg_22640_reg is absorbed into DSP ama_addmuladd_9s_8s_11ns_17ns_21_4_1_U594/graphsage_int8_po2_ama_addmuladd_9s_8s_11ns_17ns_21_4_1_DSP48_0_U/p_reg_reg.
DSP Report: register add_ln32_18_reg_22960_reg is absorbed into DSP ama_addmuladd_9s_8s_11ns_17ns_21_4_1_U594/graphsage_int8_po2_ama_addmuladd_9s_8s_11ns_17ns_21_4_1_DSP48_0_U/p_reg_reg.
DSP Report: register ama_addmuladd_9s_8s_11ns_17ns_21_4_1_U632/graphsage_int8_po2_ama_addmuladd_9s_8s_11ns_17ns_21_4_1_DSP48_0_U/b_reg_reg is absorbed into DSP ama_addmuladd_9s_8s_11ns_17ns_21_4_1_U594/graphsage_int8_po2_ama_addmuladd_9s_8s_11ns_17ns_21_4_1_DSP48_0_U/p_reg_reg.
DSP Report: register ama_addmuladd_9s_8s_11ns_17ns_21_4_1_U594/graphsage_int8_po2_ama_addmuladd_9s_8s_11ns_17ns_21_4_1_DSP48_0_U/p_reg_reg is absorbed into DSP ama_addmuladd_9s_8s_11ns_17ns_21_4_1_U594/graphsage_int8_po2_ama_addmuladd_9s_8s_11ns_17ns_21_4_1_DSP48_0_U/p_reg_reg.
DSP Report: register ama_addmuladd_9s_8s_11ns_17ns_21_4_1_U594/graphsage_int8_po2_ama_addmuladd_9s_8s_11ns_17ns_21_4_1_DSP48_0_U/m_reg_reg is absorbed into DSP ama_addmuladd_9s_8s_11ns_17ns_21_4_1_U594/graphsage_int8_po2_ama_addmuladd_9s_8s_11ns_17ns_21_4_1_DSP48_0_U/p_reg_reg.
DSP Report: register ama_addmuladd_9s_8s_11ns_17ns_21_4_1_U594/graphsage_int8_po2_ama_addmuladd_9s_8s_11ns_17ns_21_4_1_DSP48_0_U/ad_reg_reg is absorbed into DSP ama_addmuladd_9s_8s_11ns_17ns_21_4_1_U594/graphsage_int8_po2_ama_addmuladd_9s_8s_11ns_17ns_21_4_1_DSP48_0_U/p_reg_reg.
DSP Report: operator ama_addmuladd_9s_8s_11ns_17ns_21_4_1_U594/graphsage_int8_po2_ama_addmuladd_9s_8s_11ns_17ns_21_4_1_DSP48_0_U/p is absorbed into DSP ama_addmuladd_9s_8s_11ns_17ns_21_4_1_U594/graphsage_int8_po2_ama_addmuladd_9s_8s_11ns_17ns_21_4_1_DSP48_0_U/p_reg_reg.
DSP Report: operator ama_addmuladd_9s_8s_11ns_17ns_21_4_1_U594/graphsage_int8_po2_ama_addmuladd_9s_8s_11ns_17ns_21_4_1_DSP48_0_U/m is absorbed into DSP ama_addmuladd_9s_8s_11ns_17ns_21_4_1_U594/graphsage_int8_po2_ama_addmuladd_9s_8s_11ns_17ns_21_4_1_DSP48_0_U/p_reg_reg.
DSP Report: operator ama_addmuladd_9s_8s_11ns_17ns_21_4_1_U594/graphsage_int8_po2_ama_addmuladd_9s_8s_11ns_17ns_21_4_1_DSP48_0_U/ad is absorbed into DSP ama_addmuladd_9s_8s_11ns_17ns_21_4_1_U594/graphsage_int8_po2_ama_addmuladd_9s_8s_11ns_17ns_21_4_1_DSP48_0_U/p_reg_reg.
DSP Report: Generating DSP ama_addmuladd_9s_8s_11ns_17ns_21_4_1_U593/graphsage_int8_po2_ama_addmuladd_9s_8s_11ns_17ns_21_4_1_DSP48_0_U/p_reg_reg, operation Mode is: (C:0x10000)+((D'+A2)*(B:0x555)')'.
DSP Report: register registered_input_72_reg_22635_reg is absorbed into DSP ama_addmuladd_9s_8s_11ns_17ns_21_4_1_U593/graphsage_int8_po2_ama_addmuladd_9s_8s_11ns_17ns_21_4_1_DSP48_0_U/p_reg_reg.
DSP Report: register add_ln32_16_reg_22955_reg is absorbed into DSP ama_addmuladd_9s_8s_11ns_17ns_21_4_1_U593/graphsage_int8_po2_ama_addmuladd_9s_8s_11ns_17ns_21_4_1_DSP48_0_U/p_reg_reg.
DSP Report: register ama_addmuladd_9s_8s_11ns_17ns_21_4_1_U632/graphsage_int8_po2_ama_addmuladd_9s_8s_11ns_17ns_21_4_1_DSP48_0_U/b_reg_reg is absorbed into DSP ama_addmuladd_9s_8s_11ns_17ns_21_4_1_U593/graphsage_int8_po2_ama_addmuladd_9s_8s_11ns_17ns_21_4_1_DSP48_0_U/p_reg_reg.
DSP Report: register ama_addmuladd_9s_8s_11ns_17ns_21_4_1_U593/graphsage_int8_po2_ama_addmuladd_9s_8s_11ns_17ns_21_4_1_DSP48_0_U/p_reg_reg is absorbed into DSP ama_addmuladd_9s_8s_11ns_17ns_21_4_1_U593/graphsage_int8_po2_ama_addmuladd_9s_8s_11ns_17ns_21_4_1_DSP48_0_U/p_reg_reg.
DSP Report: register ama_addmuladd_9s_8s_11ns_17ns_21_4_1_U593/graphsage_int8_po2_ama_addmuladd_9s_8s_11ns_17ns_21_4_1_DSP48_0_U/m_reg_reg is absorbed into DSP ama_addmuladd_9s_8s_11ns_17ns_21_4_1_U593/graphsage_int8_po2_ama_addmuladd_9s_8s_11ns_17ns_21_4_1_DSP48_0_U/p_reg_reg.
DSP Report: register ama_addmuladd_9s_8s_11ns_17ns_21_4_1_U593/graphsage_int8_po2_ama_addmuladd_9s_8s_11ns_17ns_21_4_1_DSP48_0_U/ad_reg_reg is absorbed into DSP ama_addmuladd_9s_8s_11ns_17ns_21_4_1_U593/graphsage_int8_po2_ama_addmuladd_9s_8s_11ns_17ns_21_4_1_DSP48_0_U/p_reg_reg.
DSP Report: operator ama_addmuladd_9s_8s_11ns_17ns_21_4_1_U593/graphsage_int8_po2_ama_addmuladd_9s_8s_11ns_17ns_21_4_1_DSP48_0_U/p is absorbed into DSP ama_addmuladd_9s_8s_11ns_17ns_21_4_1_U593/graphsage_int8_po2_ama_addmuladd_9s_8s_11ns_17ns_21_4_1_DSP48_0_U/p_reg_reg.
DSP Report: operator ama_addmuladd_9s_8s_11ns_17ns_21_4_1_U593/graphsage_int8_po2_ama_addmuladd_9s_8s_11ns_17ns_21_4_1_DSP48_0_U/m is absorbed into DSP ama_addmuladd_9s_8s_11ns_17ns_21_4_1_U593/graphsage_int8_po2_ama_addmuladd_9s_8s_11ns_17ns_21_4_1_DSP48_0_U/p_reg_reg.
DSP Report: operator ama_addmuladd_9s_8s_11ns_17ns_21_4_1_U593/graphsage_int8_po2_ama_addmuladd_9s_8s_11ns_17ns_21_4_1_DSP48_0_U/ad is absorbed into DSP ama_addmuladd_9s_8s_11ns_17ns_21_4_1_U593/graphsage_int8_po2_ama_addmuladd_9s_8s_11ns_17ns_21_4_1_DSP48_0_U/p_reg_reg.
DSP Report: Generating DSP ama_addmuladd_9s_8s_11ns_17ns_21_4_1_U592/graphsage_int8_po2_ama_addmuladd_9s_8s_11ns_17ns_21_4_1_DSP48_0_U/p_reg_reg, operation Mode is: (C:0x10000)+((D'+A2)*(B:0x555)')'.
DSP Report: register registered_input_71_reg_22630_reg is absorbed into DSP ama_addmuladd_9s_8s_11ns_17ns_21_4_1_U592/graphsage_int8_po2_ama_addmuladd_9s_8s_11ns_17ns_21_4_1_DSP48_0_U/p_reg_reg.
DSP Report: register add_ln32_14_reg_22950_reg is absorbed into DSP ama_addmuladd_9s_8s_11ns_17ns_21_4_1_U592/graphsage_int8_po2_ama_addmuladd_9s_8s_11ns_17ns_21_4_1_DSP48_0_U/p_reg_reg.
DSP Report: register ama_addmuladd_9s_8s_11ns_17ns_21_4_1_U632/graphsage_int8_po2_ama_addmuladd_9s_8s_11ns_17ns_21_4_1_DSP48_0_U/b_reg_reg is absorbed into DSP ama_addmuladd_9s_8s_11ns_17ns_21_4_1_U592/graphsage_int8_po2_ama_addmuladd_9s_8s_11ns_17ns_21_4_1_DSP48_0_U/p_reg_reg.
DSP Report: register ama_addmuladd_9s_8s_11ns_17ns_21_4_1_U592/graphsage_int8_po2_ama_addmuladd_9s_8s_11ns_17ns_21_4_1_DSP48_0_U/p_reg_reg is absorbed into DSP ama_addmuladd_9s_8s_11ns_17ns_21_4_1_U592/graphsage_int8_po2_ama_addmuladd_9s_8s_11ns_17ns_21_4_1_DSP48_0_U/p_reg_reg.
DSP Report: register ama_addmuladd_9s_8s_11ns_17ns_21_4_1_U592/graphsage_int8_po2_ama_addmuladd_9s_8s_11ns_17ns_21_4_1_DSP48_0_U/m_reg_reg is absorbed into DSP ama_addmuladd_9s_8s_11ns_17ns_21_4_1_U592/graphsage_int8_po2_ama_addmuladd_9s_8s_11ns_17ns_21_4_1_DSP48_0_U/p_reg_reg.
DSP Report: register ama_addmuladd_9s_8s_11ns_17ns_21_4_1_U592/graphsage_int8_po2_ama_addmuladd_9s_8s_11ns_17ns_21_4_1_DSP48_0_U/ad_reg_reg is absorbed into DSP ama_addmuladd_9s_8s_11ns_17ns_21_4_1_U592/graphsage_int8_po2_ama_addmuladd_9s_8s_11ns_17ns_21_4_1_DSP48_0_U/p_reg_reg.
DSP Report: operator ama_addmuladd_9s_8s_11ns_17ns_21_4_1_U592/graphsage_int8_po2_ama_addmuladd_9s_8s_11ns_17ns_21_4_1_DSP48_0_U/p is absorbed into DSP ama_addmuladd_9s_8s_11ns_17ns_21_4_1_U592/graphsage_int8_po2_ama_addmuladd_9s_8s_11ns_17ns_21_4_1_DSP48_0_U/p_reg_reg.
DSP Report: operator ama_addmuladd_9s_8s_11ns_17ns_21_4_1_U592/graphsage_int8_po2_ama_addmuladd_9s_8s_11ns_17ns_21_4_1_DSP48_0_U/m is absorbed into DSP ama_addmuladd_9s_8s_11ns_17ns_21_4_1_U592/graphsage_int8_po2_ama_addmuladd_9s_8s_11ns_17ns_21_4_1_DSP48_0_U/p_reg_reg.
DSP Report: operator ama_addmuladd_9s_8s_11ns_17ns_21_4_1_U592/graphsage_int8_po2_ama_addmuladd_9s_8s_11ns_17ns_21_4_1_DSP48_0_U/ad is absorbed into DSP ama_addmuladd_9s_8s_11ns_17ns_21_4_1_U592/graphsage_int8_po2_ama_addmuladd_9s_8s_11ns_17ns_21_4_1_DSP48_0_U/p_reg_reg.
DSP Report: Generating DSP ama_addmuladd_9s_8s_11ns_17ns_21_4_1_U591/graphsage_int8_po2_ama_addmuladd_9s_8s_11ns_17ns_21_4_1_DSP48_0_U/p_reg_reg, operation Mode is: (C:0x10000)+((D'+A2)*(B:0x555)')'.
DSP Report: register registered_input_70_reg_22625_reg is absorbed into DSP ama_addmuladd_9s_8s_11ns_17ns_21_4_1_U591/graphsage_int8_po2_ama_addmuladd_9s_8s_11ns_17ns_21_4_1_DSP48_0_U/p_reg_reg.
DSP Report: register add_ln32_12_reg_22945_reg is absorbed into DSP ama_addmuladd_9s_8s_11ns_17ns_21_4_1_U591/graphsage_int8_po2_ama_addmuladd_9s_8s_11ns_17ns_21_4_1_DSP48_0_U/p_reg_reg.
DSP Report: register ama_addmuladd_9s_8s_11ns_17ns_21_4_1_U632/graphsage_int8_po2_ama_addmuladd_9s_8s_11ns_17ns_21_4_1_DSP48_0_U/b_reg_reg is absorbed into DSP ama_addmuladd_9s_8s_11ns_17ns_21_4_1_U591/graphsage_int8_po2_ama_addmuladd_9s_8s_11ns_17ns_21_4_1_DSP48_0_U/p_reg_reg.
DSP Report: register ama_addmuladd_9s_8s_11ns_17ns_21_4_1_U591/graphsage_int8_po2_ama_addmuladd_9s_8s_11ns_17ns_21_4_1_DSP48_0_U/p_reg_reg is absorbed into DSP ama_addmuladd_9s_8s_11ns_17ns_21_4_1_U591/graphsage_int8_po2_ama_addmuladd_9s_8s_11ns_17ns_21_4_1_DSP48_0_U/p_reg_reg.
DSP Report: register ama_addmuladd_9s_8s_11ns_17ns_21_4_1_U591/graphsage_int8_po2_ama_addmuladd_9s_8s_11ns_17ns_21_4_1_DSP48_0_U/m_reg_reg is absorbed into DSP ama_addmuladd_9s_8s_11ns_17ns_21_4_1_U591/graphsage_int8_po2_ama_addmuladd_9s_8s_11ns_17ns_21_4_1_DSP48_0_U/p_reg_reg.
DSP Report: register ama_addmuladd_9s_8s_11ns_17ns_21_4_1_U591/graphsage_int8_po2_ama_addmuladd_9s_8s_11ns_17ns_21_4_1_DSP48_0_U/ad_reg_reg is absorbed into DSP ama_addmuladd_9s_8s_11ns_17ns_21_4_1_U591/graphsage_int8_po2_ama_addmuladd_9s_8s_11ns_17ns_21_4_1_DSP48_0_U/p_reg_reg.
DSP Report: operator ama_addmuladd_9s_8s_11ns_17ns_21_4_1_U591/graphsage_int8_po2_ama_addmuladd_9s_8s_11ns_17ns_21_4_1_DSP48_0_U/p is absorbed into DSP ama_addmuladd_9s_8s_11ns_17ns_21_4_1_U591/graphsage_int8_po2_ama_addmuladd_9s_8s_11ns_17ns_21_4_1_DSP48_0_U/p_reg_reg.
DSP Report: operator ama_addmuladd_9s_8s_11ns_17ns_21_4_1_U591/graphsage_int8_po2_ama_addmuladd_9s_8s_11ns_17ns_21_4_1_DSP48_0_U/m is absorbed into DSP ama_addmuladd_9s_8s_11ns_17ns_21_4_1_U591/graphsage_int8_po2_ama_addmuladd_9s_8s_11ns_17ns_21_4_1_DSP48_0_U/p_reg_reg.
DSP Report: operator ama_addmuladd_9s_8s_11ns_17ns_21_4_1_U591/graphsage_int8_po2_ama_addmuladd_9s_8s_11ns_17ns_21_4_1_DSP48_0_U/ad is absorbed into DSP ama_addmuladd_9s_8s_11ns_17ns_21_4_1_U591/graphsage_int8_po2_ama_addmuladd_9s_8s_11ns_17ns_21_4_1_DSP48_0_U/p_reg_reg.
DSP Report: Generating DSP ama_addmuladd_9s_8s_11ns_17ns_21_4_1_U617/graphsage_int8_po2_ama_addmuladd_9s_8s_11ns_17ns_21_4_1_DSP48_0_U/p_reg_reg, operation Mode is: (C:0x10000)+((D'+A)*(B:0x555)')'.
DSP Report: register add_ln31_reg_23445_reg is absorbed into DSP ama_addmuladd_9s_8s_11ns_17ns_21_4_1_U617/graphsage_int8_po2_ama_addmuladd_9s_8s_11ns_17ns_21_4_1_DSP48_0_U/p_reg_reg.
DSP Report: register ama_addmuladd_9s_8s_11ns_17ns_21_4_1_U632/graphsage_int8_po2_ama_addmuladd_9s_8s_11ns_17ns_21_4_1_DSP48_0_U/b_reg_reg is absorbed into DSP ama_addmuladd_9s_8s_11ns_17ns_21_4_1_U617/graphsage_int8_po2_ama_addmuladd_9s_8s_11ns_17ns_21_4_1_DSP48_0_U/p_reg_reg.
DSP Report: register ama_addmuladd_9s_8s_11ns_17ns_21_4_1_U617/graphsage_int8_po2_ama_addmuladd_9s_8s_11ns_17ns_21_4_1_DSP48_0_U/p_reg_reg is absorbed into DSP ama_addmuladd_9s_8s_11ns_17ns_21_4_1_U617/graphsage_int8_po2_ama_addmuladd_9s_8s_11ns_17ns_21_4_1_DSP48_0_U/p_reg_reg.
DSP Report: register ama_addmuladd_9s_8s_11ns_17ns_21_4_1_U617/graphsage_int8_po2_ama_addmuladd_9s_8s_11ns_17ns_21_4_1_DSP48_0_U/m_reg_reg is absorbed into DSP ama_addmuladd_9s_8s_11ns_17ns_21_4_1_U617/graphsage_int8_po2_ama_addmuladd_9s_8s_11ns_17ns_21_4_1_DSP48_0_U/p_reg_reg.
DSP Report: register ama_addmuladd_9s_8s_11ns_17ns_21_4_1_U617/graphsage_int8_po2_ama_addmuladd_9s_8s_11ns_17ns_21_4_1_DSP48_0_U/ad_reg_reg is absorbed into DSP ama_addmuladd_9s_8s_11ns_17ns_21_4_1_U617/graphsage_int8_po2_ama_addmuladd_9s_8s_11ns_17ns_21_4_1_DSP48_0_U/p_reg_reg.
DSP Report: operator ama_addmuladd_9s_8s_11ns_17ns_21_4_1_U617/graphsage_int8_po2_ama_addmuladd_9s_8s_11ns_17ns_21_4_1_DSP48_0_U/p is absorbed into DSP ama_addmuladd_9s_8s_11ns_17ns_21_4_1_U617/graphsage_int8_po2_ama_addmuladd_9s_8s_11ns_17ns_21_4_1_DSP48_0_U/p_reg_reg.
DSP Report: operator ama_addmuladd_9s_8s_11ns_17ns_21_4_1_U617/graphsage_int8_po2_ama_addmuladd_9s_8s_11ns_17ns_21_4_1_DSP48_0_U/m is absorbed into DSP ama_addmuladd_9s_8s_11ns_17ns_21_4_1_U617/graphsage_int8_po2_ama_addmuladd_9s_8s_11ns_17ns_21_4_1_DSP48_0_U/p_reg_reg.
DSP Report: operator ama_addmuladd_9s_8s_11ns_17ns_21_4_1_U617/graphsage_int8_po2_ama_addmuladd_9s_8s_11ns_17ns_21_4_1_DSP48_0_U/ad is absorbed into DSP ama_addmuladd_9s_8s_11ns_17ns_21_4_1_U617/graphsage_int8_po2_ama_addmuladd_9s_8s_11ns_17ns_21_4_1_DSP48_0_U/p_reg_reg.
DSP Report: Generating DSP ama_addmuladd_9s_8s_11ns_17ns_21_4_1_U621/graphsage_int8_po2_ama_addmuladd_9s_8s_11ns_17ns_21_4_1_DSP48_0_U/p_reg_reg, operation Mode is: (C:0x10000)+((D'+A)*(B:0x555)')'.
DSP Report: register add_ln31_8_reg_23465_reg is absorbed into DSP ama_addmuladd_9s_8s_11ns_17ns_21_4_1_U621/graphsage_int8_po2_ama_addmuladd_9s_8s_11ns_17ns_21_4_1_DSP48_0_U/p_reg_reg.
DSP Report: register ama_addmuladd_9s_8s_11ns_17ns_21_4_1_U632/graphsage_int8_po2_ama_addmuladd_9s_8s_11ns_17ns_21_4_1_DSP48_0_U/b_reg_reg is absorbed into DSP ama_addmuladd_9s_8s_11ns_17ns_21_4_1_U621/graphsage_int8_po2_ama_addmuladd_9s_8s_11ns_17ns_21_4_1_DSP48_0_U/p_reg_reg.
DSP Report: register ama_addmuladd_9s_8s_11ns_17ns_21_4_1_U621/graphsage_int8_po2_ama_addmuladd_9s_8s_11ns_17ns_21_4_1_DSP48_0_U/p_reg_reg is absorbed into DSP ama_addmuladd_9s_8s_11ns_17ns_21_4_1_U621/graphsage_int8_po2_ama_addmuladd_9s_8s_11ns_17ns_21_4_1_DSP48_0_U/p_reg_reg.
DSP Report: register ama_addmuladd_9s_8s_11ns_17ns_21_4_1_U621/graphsage_int8_po2_ama_addmuladd_9s_8s_11ns_17ns_21_4_1_DSP48_0_U/m_reg_reg is absorbed into DSP ama_addmuladd_9s_8s_11ns_17ns_21_4_1_U621/graphsage_int8_po2_ama_addmuladd_9s_8s_11ns_17ns_21_4_1_DSP48_0_U/p_reg_reg.
DSP Report: register ama_addmuladd_9s_8s_11ns_17ns_21_4_1_U621/graphsage_int8_po2_ama_addmuladd_9s_8s_11ns_17ns_21_4_1_DSP48_0_U/ad_reg_reg is absorbed into DSP ama_addmuladd_9s_8s_11ns_17ns_21_4_1_U621/graphsage_int8_po2_ama_addmuladd_9s_8s_11ns_17ns_21_4_1_DSP48_0_U/p_reg_reg.
DSP Report: operator ama_addmuladd_9s_8s_11ns_17ns_21_4_1_U621/graphsage_int8_po2_ama_addmuladd_9s_8s_11ns_17ns_21_4_1_DSP48_0_U/p is absorbed into DSP ama_addmuladd_9s_8s_11ns_17ns_21_4_1_U621/graphsage_int8_po2_ama_addmuladd_9s_8s_11ns_17ns_21_4_1_DSP48_0_U/p_reg_reg.
DSP Report: operator ama_addmuladd_9s_8s_11ns_17ns_21_4_1_U621/graphsage_int8_po2_ama_addmuladd_9s_8s_11ns_17ns_21_4_1_DSP48_0_U/m is absorbed into DSP ama_addmuladd_9s_8s_11ns_17ns_21_4_1_U621/graphsage_int8_po2_ama_addmuladd_9s_8s_11ns_17ns_21_4_1_DSP48_0_U/p_reg_reg.
DSP Report: operator ama_addmuladd_9s_8s_11ns_17ns_21_4_1_U621/graphsage_int8_po2_ama_addmuladd_9s_8s_11ns_17ns_21_4_1_DSP48_0_U/ad is absorbed into DSP ama_addmuladd_9s_8s_11ns_17ns_21_4_1_U621/graphsage_int8_po2_ama_addmuladd_9s_8s_11ns_17ns_21_4_1_DSP48_0_U/p_reg_reg.
DSP Report: Generating DSP ama_addmuladd_9s_8s_11ns_17ns_21_4_1_U625/graphsage_int8_po2_ama_addmuladd_9s_8s_11ns_17ns_21_4_1_DSP48_0_U/p_reg_reg, operation Mode is: (C:0x10000)+((D'+A)*(B:0x555)')'.
DSP Report: register add_ln31_16_reg_23485_reg is absorbed into DSP ama_addmuladd_9s_8s_11ns_17ns_21_4_1_U625/graphsage_int8_po2_ama_addmuladd_9s_8s_11ns_17ns_21_4_1_DSP48_0_U/p_reg_reg.
DSP Report: register ama_addmuladd_9s_8s_11ns_17ns_21_4_1_U632/graphsage_int8_po2_ama_addmuladd_9s_8s_11ns_17ns_21_4_1_DSP48_0_U/b_reg_reg is absorbed into DSP ama_addmuladd_9s_8s_11ns_17ns_21_4_1_U625/graphsage_int8_po2_ama_addmuladd_9s_8s_11ns_17ns_21_4_1_DSP48_0_U/p_reg_reg.
DSP Report: register ama_addmuladd_9s_8s_11ns_17ns_21_4_1_U625/graphsage_int8_po2_ama_addmuladd_9s_8s_11ns_17ns_21_4_1_DSP48_0_U/p_reg_reg is absorbed into DSP ama_addmuladd_9s_8s_11ns_17ns_21_4_1_U625/graphsage_int8_po2_ama_addmuladd_9s_8s_11ns_17ns_21_4_1_DSP48_0_U/p_reg_reg.
DSP Report: register ama_addmuladd_9s_8s_11ns_17ns_21_4_1_U625/graphsage_int8_po2_ama_addmuladd_9s_8s_11ns_17ns_21_4_1_DSP48_0_U/m_reg_reg is absorbed into DSP ama_addmuladd_9s_8s_11ns_17ns_21_4_1_U625/graphsage_int8_po2_ama_addmuladd_9s_8s_11ns_17ns_21_4_1_DSP48_0_U/p_reg_reg.
DSP Report: register ama_addmuladd_9s_8s_11ns_17ns_21_4_1_U625/graphsage_int8_po2_ama_addmuladd_9s_8s_11ns_17ns_21_4_1_DSP48_0_U/ad_reg_reg is absorbed into DSP ama_addmuladd_9s_8s_11ns_17ns_21_4_1_U625/graphsage_int8_po2_ama_addmuladd_9s_8s_11ns_17ns_21_4_1_DSP48_0_U/p_reg_reg.
DSP Report: operator ama_addmuladd_9s_8s_11ns_17ns_21_4_1_U625/graphsage_int8_po2_ama_addmuladd_9s_8s_11ns_17ns_21_4_1_DSP48_0_U/p is absorbed into DSP ama_addmuladd_9s_8s_11ns_17ns_21_4_1_U625/graphsage_int8_po2_ama_addmuladd_9s_8s_11ns_17ns_21_4_1_DSP48_0_U/p_reg_reg.
DSP Report: operator ama_addmuladd_9s_8s_11ns_17ns_21_4_1_U625/graphsage_int8_po2_ama_addmuladd_9s_8s_11ns_17ns_21_4_1_DSP48_0_U/m is absorbed into DSP ama_addmuladd_9s_8s_11ns_17ns_21_4_1_U625/graphsage_int8_po2_ama_addmuladd_9s_8s_11ns_17ns_21_4_1_DSP48_0_U/p_reg_reg.
DSP Report: operator ama_addmuladd_9s_8s_11ns_17ns_21_4_1_U625/graphsage_int8_po2_ama_addmuladd_9s_8s_11ns_17ns_21_4_1_DSP48_0_U/ad is absorbed into DSP ama_addmuladd_9s_8s_11ns_17ns_21_4_1_U625/graphsage_int8_po2_ama_addmuladd_9s_8s_11ns_17ns_21_4_1_DSP48_0_U/p_reg_reg.
DSP Report: Generating DSP ama_addmuladd_9s_8s_11ns_17ns_21_4_1_U623/graphsage_int8_po2_ama_addmuladd_9s_8s_11ns_17ns_21_4_1_DSP48_0_U/p_reg_reg, operation Mode is: (C:0x10000)+((D'+A)*(B:0x555)')'.
DSP Report: register add_ln31_12_reg_23475_reg is absorbed into DSP ama_addmuladd_9s_8s_11ns_17ns_21_4_1_U623/graphsage_int8_po2_ama_addmuladd_9s_8s_11ns_17ns_21_4_1_DSP48_0_U/p_reg_reg.
DSP Report: register ama_addmuladd_9s_8s_11ns_17ns_21_4_1_U632/graphsage_int8_po2_ama_addmuladd_9s_8s_11ns_17ns_21_4_1_DSP48_0_U/b_reg_reg is absorbed into DSP ama_addmuladd_9s_8s_11ns_17ns_21_4_1_U623/graphsage_int8_po2_ama_addmuladd_9s_8s_11ns_17ns_21_4_1_DSP48_0_U/p_reg_reg.
DSP Report: register ama_addmuladd_9s_8s_11ns_17ns_21_4_1_U623/graphsage_int8_po2_ama_addmuladd_9s_8s_11ns_17ns_21_4_1_DSP48_0_U/p_reg_reg is absorbed into DSP ama_addmuladd_9s_8s_11ns_17ns_21_4_1_U623/graphsage_int8_po2_ama_addmuladd_9s_8s_11ns_17ns_21_4_1_DSP48_0_U/p_reg_reg.
DSP Report: register ama_addmuladd_9s_8s_11ns_17ns_21_4_1_U623/graphsage_int8_po2_ama_addmuladd_9s_8s_11ns_17ns_21_4_1_DSP48_0_U/m_reg_reg is absorbed into DSP ama_addmuladd_9s_8s_11ns_17ns_21_4_1_U623/graphsage_int8_po2_ama_addmuladd_9s_8s_11ns_17ns_21_4_1_DSP48_0_U/p_reg_reg.
DSP Report: register ama_addmuladd_9s_8s_11ns_17ns_21_4_1_U623/graphsage_int8_po2_ama_addmuladd_9s_8s_11ns_17ns_21_4_1_DSP48_0_U/ad_reg_reg is absorbed into DSP ama_addmuladd_9s_8s_11ns_17ns_21_4_1_U623/graphsage_int8_po2_ama_addmuladd_9s_8s_11ns_17ns_21_4_1_DSP48_0_U/p_reg_reg.
DSP Report: operator ama_addmuladd_9s_8s_11ns_17ns_21_4_1_U623/graphsage_int8_po2_ama_addmuladd_9s_8s_11ns_17ns_21_4_1_DSP48_0_U/p is absorbed into DSP ama_addmuladd_9s_8s_11ns_17ns_21_4_1_U623/graphsage_int8_po2_ama_addmuladd_9s_8s_11ns_17ns_21_4_1_DSP48_0_U/p_reg_reg.
DSP Report: operator ama_addmuladd_9s_8s_11ns_17ns_21_4_1_U623/graphsage_int8_po2_ama_addmuladd_9s_8s_11ns_17ns_21_4_1_DSP48_0_U/m is absorbed into DSP ama_addmuladd_9s_8s_11ns_17ns_21_4_1_U623/graphsage_int8_po2_ama_addmuladd_9s_8s_11ns_17ns_21_4_1_DSP48_0_U/p_reg_reg.
DSP Report: operator ama_addmuladd_9s_8s_11ns_17ns_21_4_1_U623/graphsage_int8_po2_ama_addmuladd_9s_8s_11ns_17ns_21_4_1_DSP48_0_U/ad is absorbed into DSP ama_addmuladd_9s_8s_11ns_17ns_21_4_1_U623/graphsage_int8_po2_ama_addmuladd_9s_8s_11ns_17ns_21_4_1_DSP48_0_U/p_reg_reg.
DSP Report: Generating DSP ama_addmuladd_9s_8s_11ns_17ns_21_4_1_U622/graphsage_int8_po2_ama_addmuladd_9s_8s_11ns_17ns_21_4_1_DSP48_0_U/p_reg_reg, operation Mode is: (C:0x10000)+((D'+A)*(B:0x555)')'.
DSP Report: register add_ln31_10_reg_23470_reg is absorbed into DSP ama_addmuladd_9s_8s_11ns_17ns_21_4_1_U622/graphsage_int8_po2_ama_addmuladd_9s_8s_11ns_17ns_21_4_1_DSP48_0_U/p_reg_reg.
DSP Report: register ama_addmuladd_9s_8s_11ns_17ns_21_4_1_U632/graphsage_int8_po2_ama_addmuladd_9s_8s_11ns_17ns_21_4_1_DSP48_0_U/b_reg_reg is absorbed into DSP ama_addmuladd_9s_8s_11ns_17ns_21_4_1_U622/graphsage_int8_po2_ama_addmuladd_9s_8s_11ns_17ns_21_4_1_DSP48_0_U/p_reg_reg.
DSP Report: register ama_addmuladd_9s_8s_11ns_17ns_21_4_1_U622/graphsage_int8_po2_ama_addmuladd_9s_8s_11ns_17ns_21_4_1_DSP48_0_U/p_reg_reg is absorbed into DSP ama_addmuladd_9s_8s_11ns_17ns_21_4_1_U622/graphsage_int8_po2_ama_addmuladd_9s_8s_11ns_17ns_21_4_1_DSP48_0_U/p_reg_reg.
DSP Report: register ama_addmuladd_9s_8s_11ns_17ns_21_4_1_U622/graphsage_int8_po2_ama_addmuladd_9s_8s_11ns_17ns_21_4_1_DSP48_0_U/m_reg_reg is absorbed into DSP ama_addmuladd_9s_8s_11ns_17ns_21_4_1_U622/graphsage_int8_po2_ama_addmuladd_9s_8s_11ns_17ns_21_4_1_DSP48_0_U/p_reg_reg.
DSP Report: register ama_addmuladd_9s_8s_11ns_17ns_21_4_1_U622/graphsage_int8_po2_ama_addmuladd_9s_8s_11ns_17ns_21_4_1_DSP48_0_U/ad_reg_reg is absorbed into DSP ama_addmuladd_9s_8s_11ns_17ns_21_4_1_U622/graphsage_int8_po2_ama_addmuladd_9s_8s_11ns_17ns_21_4_1_DSP48_0_U/p_reg_reg.
DSP Report: operator ama_addmuladd_9s_8s_11ns_17ns_21_4_1_U622/graphsage_int8_po2_ama_addmuladd_9s_8s_11ns_17ns_21_4_1_DSP48_0_U/p is absorbed into DSP ama_addmuladd_9s_8s_11ns_17ns_21_4_1_U622/graphsage_int8_po2_ama_addmuladd_9s_8s_11ns_17ns_21_4_1_DSP48_0_U/p_reg_reg.
DSP Report: operator ama_addmuladd_9s_8s_11ns_17ns_21_4_1_U622/graphsage_int8_po2_ama_addmuladd_9s_8s_11ns_17ns_21_4_1_DSP48_0_U/m is absorbed into DSP ama_addmuladd_9s_8s_11ns_17ns_21_4_1_U622/graphsage_int8_po2_ama_addmuladd_9s_8s_11ns_17ns_21_4_1_DSP48_0_U/p_reg_reg.
DSP Report: operator ama_addmuladd_9s_8s_11ns_17ns_21_4_1_U622/graphsage_int8_po2_ama_addmuladd_9s_8s_11ns_17ns_21_4_1_DSP48_0_U/ad is absorbed into DSP ama_addmuladd_9s_8s_11ns_17ns_21_4_1_U622/graphsage_int8_po2_ama_addmuladd_9s_8s_11ns_17ns_21_4_1_DSP48_0_U/p_reg_reg.
DSP Report: Generating DSP ama_addmuladd_9s_8s_11ns_17ns_21_4_1_U624/graphsage_int8_po2_ama_addmuladd_9s_8s_11ns_17ns_21_4_1_DSP48_0_U/p_reg_reg, operation Mode is: (C:0x10000)+((D'+A)*(B:0x555)')'.
DSP Report: register add_ln31_14_reg_23480_reg is absorbed into DSP ama_addmuladd_9s_8s_11ns_17ns_21_4_1_U624/graphsage_int8_po2_ama_addmuladd_9s_8s_11ns_17ns_21_4_1_DSP48_0_U/p_reg_reg.
DSP Report: register ama_addmuladd_9s_8s_11ns_17ns_21_4_1_U632/graphsage_int8_po2_ama_addmuladd_9s_8s_11ns_17ns_21_4_1_DSP48_0_U/b_reg_reg is absorbed into DSP ama_addmuladd_9s_8s_11ns_17ns_21_4_1_U624/graphsage_int8_po2_ama_addmuladd_9s_8s_11ns_17ns_21_4_1_DSP48_0_U/p_reg_reg.
DSP Report: register ama_addmuladd_9s_8s_11ns_17ns_21_4_1_U624/graphsage_int8_po2_ama_addmuladd_9s_8s_11ns_17ns_21_4_1_DSP48_0_U/p_reg_reg is absorbed into DSP ama_addmuladd_9s_8s_11ns_17ns_21_4_1_U624/graphsage_int8_po2_ama_addmuladd_9s_8s_11ns_17ns_21_4_1_DSP48_0_U/p_reg_reg.
DSP Report: register ama_addmuladd_9s_8s_11ns_17ns_21_4_1_U624/graphsage_int8_po2_ama_addmuladd_9s_8s_11ns_17ns_21_4_1_DSP48_0_U/m_reg_reg is absorbed into DSP ama_addmuladd_9s_8s_11ns_17ns_21_4_1_U624/graphsage_int8_po2_ama_addmuladd_9s_8s_11ns_17ns_21_4_1_DSP48_0_U/p_reg_reg.
DSP Report: register ama_addmuladd_9s_8s_11ns_17ns_21_4_1_U624/graphsage_int8_po2_ama_addmuladd_9s_8s_11ns_17ns_21_4_1_DSP48_0_U/ad_reg_reg is absorbed into DSP ama_addmuladd_9s_8s_11ns_17ns_21_4_1_U624/graphsage_int8_po2_ama_addmuladd_9s_8s_11ns_17ns_21_4_1_DSP48_0_U/p_reg_reg.
DSP Report: operator ama_addmuladd_9s_8s_11ns_17ns_21_4_1_U624/graphsage_int8_po2_ama_addmuladd_9s_8s_11ns_17ns_21_4_1_DSP48_0_U/p is absorbed into DSP ama_addmuladd_9s_8s_11ns_17ns_21_4_1_U624/graphsage_int8_po2_ama_addmuladd_9s_8s_11ns_17ns_21_4_1_DSP48_0_U/p_reg_reg.
DSP Report: operator ama_addmuladd_9s_8s_11ns_17ns_21_4_1_U624/graphsage_int8_po2_ama_addmuladd_9s_8s_11ns_17ns_21_4_1_DSP48_0_U/m is absorbed into DSP ama_addmuladd_9s_8s_11ns_17ns_21_4_1_U624/graphsage_int8_po2_ama_addmuladd_9s_8s_11ns_17ns_21_4_1_DSP48_0_U/p_reg_reg.
DSP Report: operator ama_addmuladd_9s_8s_11ns_17ns_21_4_1_U624/graphsage_int8_po2_ama_addmuladd_9s_8s_11ns_17ns_21_4_1_DSP48_0_U/ad is absorbed into DSP ama_addmuladd_9s_8s_11ns_17ns_21_4_1_U624/graphsage_int8_po2_ama_addmuladd_9s_8s_11ns_17ns_21_4_1_DSP48_0_U/p_reg_reg.
DSP Report: Generating DSP ama_addmuladd_9s_8s_11ns_17ns_21_4_1_U631/graphsage_int8_po2_ama_addmuladd_9s_8s_11ns_17ns_21_4_1_DSP48_0_U/p_reg_reg, operation Mode is: (C:0x10000)+((D'+A)*(B:0x555)')'.
DSP Report: register add_ln31_28_reg_23515_reg is absorbed into DSP ama_addmuladd_9s_8s_11ns_17ns_21_4_1_U631/graphsage_int8_po2_ama_addmuladd_9s_8s_11ns_17ns_21_4_1_DSP48_0_U/p_reg_reg.
DSP Report: register ama_addmuladd_9s_8s_11ns_17ns_21_4_1_U632/graphsage_int8_po2_ama_addmuladd_9s_8s_11ns_17ns_21_4_1_DSP48_0_U/b_reg_reg is absorbed into DSP ama_addmuladd_9s_8s_11ns_17ns_21_4_1_U631/graphsage_int8_po2_ama_addmuladd_9s_8s_11ns_17ns_21_4_1_DSP48_0_U/p_reg_reg.
DSP Report: register ama_addmuladd_9s_8s_11ns_17ns_21_4_1_U631/graphsage_int8_po2_ama_addmuladd_9s_8s_11ns_17ns_21_4_1_DSP48_0_U/p_reg_reg is absorbed into DSP ama_addmuladd_9s_8s_11ns_17ns_21_4_1_U631/graphsage_int8_po2_ama_addmuladd_9s_8s_11ns_17ns_21_4_1_DSP48_0_U/p_reg_reg.
DSP Report: register ama_addmuladd_9s_8s_11ns_17ns_21_4_1_U631/graphsage_int8_po2_ama_addmuladd_9s_8s_11ns_17ns_21_4_1_DSP48_0_U/m_reg_reg is absorbed into DSP ama_addmuladd_9s_8s_11ns_17ns_21_4_1_U631/graphsage_int8_po2_ama_addmuladd_9s_8s_11ns_17ns_21_4_1_DSP48_0_U/p_reg_reg.
DSP Report: register ama_addmuladd_9s_8s_11ns_17ns_21_4_1_U631/graphsage_int8_po2_ama_addmuladd_9s_8s_11ns_17ns_21_4_1_DSP48_0_U/ad_reg_reg is absorbed into DSP ama_addmuladd_9s_8s_11ns_17ns_21_4_1_U631/graphsage_int8_po2_ama_addmuladd_9s_8s_11ns_17ns_21_4_1_DSP48_0_U/p_reg_reg.
DSP Report: operator ama_addmuladd_9s_8s_11ns_17ns_21_4_1_U631/graphsage_int8_po2_ama_addmuladd_9s_8s_11ns_17ns_21_4_1_DSP48_0_U/p is absorbed into DSP ama_addmuladd_9s_8s_11ns_17ns_21_4_1_U631/graphsage_int8_po2_ama_addmuladd_9s_8s_11ns_17ns_21_4_1_DSP48_0_U/p_reg_reg.
DSP Report: operator ama_addmuladd_9s_8s_11ns_17ns_21_4_1_U631/graphsage_int8_po2_ama_addmuladd_9s_8s_11ns_17ns_21_4_1_DSP48_0_U/m is absorbed into DSP ama_addmuladd_9s_8s_11ns_17ns_21_4_1_U631/graphsage_int8_po2_ama_addmuladd_9s_8s_11ns_17ns_21_4_1_DSP48_0_U/p_reg_reg.
DSP Report: operator ama_addmuladd_9s_8s_11ns_17ns_21_4_1_U631/graphsage_int8_po2_ama_addmuladd_9s_8s_11ns_17ns_21_4_1_DSP48_0_U/ad is absorbed into DSP ama_addmuladd_9s_8s_11ns_17ns_21_4_1_U631/graphsage_int8_po2_ama_addmuladd_9s_8s_11ns_17ns_21_4_1_DSP48_0_U/p_reg_reg.
DSP Report: Generating DSP ama_addmuladd_9s_8s_11ns_17ns_21_4_1_U601/graphsage_int8_po2_ama_addmuladd_9s_8s_11ns_17ns_21_4_1_DSP48_0_U/p_reg_reg, operation Mode is: (C:0x10000)+((D'+A'')*(B:0x555)')'.
DSP Report: register input_6_0_0_data_reg_reg is absorbed into DSP ama_addmuladd_9s_8s_11ns_17ns_21_4_1_U601/graphsage_int8_po2_ama_addmuladd_9s_8s_11ns_17ns_21_4_1_DSP48_0_U/p_reg_reg.
DSP Report: register registered_input_96_reg_22675_reg is absorbed into DSP ama_addmuladd_9s_8s_11ns_17ns_21_4_1_U601/graphsage_int8_po2_ama_addmuladd_9s_8s_11ns_17ns_21_4_1_DSP48_0_U/p_reg_reg.
DSP Report: register neighbor_sum_1_reg_22835_reg is absorbed into DSP ama_addmuladd_9s_8s_11ns_17ns_21_4_1_U601/graphsage_int8_po2_ama_addmuladd_9s_8s_11ns_17ns_21_4_1_DSP48_0_U/p_reg_reg.
DSP Report: register ama_addmuladd_9s_8s_11ns_17ns_21_4_1_U632/graphsage_int8_po2_ama_addmuladd_9s_8s_11ns_17ns_21_4_1_DSP48_0_U/b_reg_reg is absorbed into DSP ama_addmuladd_9s_8s_11ns_17ns_21_4_1_U601/graphsage_int8_po2_ama_addmuladd_9s_8s_11ns_17ns_21_4_1_DSP48_0_U/p_reg_reg.
DSP Report: register ama_addmuladd_9s_8s_11ns_17ns_21_4_1_U601/graphsage_int8_po2_ama_addmuladd_9s_8s_11ns_17ns_21_4_1_DSP48_0_U/p_reg_reg is absorbed into DSP ama_addmuladd_9s_8s_11ns_17ns_21_4_1_U601/graphsage_int8_po2_ama_addmuladd_9s_8s_11ns_17ns_21_4_1_DSP48_0_U/p_reg_reg.
DSP Report: register ama_addmuladd_9s_8s_11ns_17ns_21_4_1_U601/graphsage_int8_po2_ama_addmuladd_9s_8s_11ns_17ns_21_4_1_DSP48_0_U/m_reg_reg is absorbed into DSP ama_addmuladd_9s_8s_11ns_17ns_21_4_1_U601/graphsage_int8_po2_ama_addmuladd_9s_8s_11ns_17ns_21_4_1_DSP48_0_U/p_reg_reg.
DSP Report: register ama_addmuladd_9s_8s_11ns_17ns_21_4_1_U601/graphsage_int8_po2_ama_addmuladd_9s_8s_11ns_17ns_21_4_1_DSP48_0_U/ad_reg_reg is absorbed into DSP ama_addmuladd_9s_8s_11ns_17ns_21_4_1_U601/graphsage_int8_po2_ama_addmuladd_9s_8s_11ns_17ns_21_4_1_DSP48_0_U/p_reg_reg.
DSP Report: operator ama_addmuladd_9s_8s_11ns_17ns_21_4_1_U601/graphsage_int8_po2_ama_addmuladd_9s_8s_11ns_17ns_21_4_1_DSP48_0_U/p is absorbed into DSP ama_addmuladd_9s_8s_11ns_17ns_21_4_1_U601/graphsage_int8_po2_ama_addmuladd_9s_8s_11ns_17ns_21_4_1_DSP48_0_U/p_reg_reg.
DSP Report: operator ama_addmuladd_9s_8s_11ns_17ns_21_4_1_U601/graphsage_int8_po2_ama_addmuladd_9s_8s_11ns_17ns_21_4_1_DSP48_0_U/m is absorbed into DSP ama_addmuladd_9s_8s_11ns_17ns_21_4_1_U601/graphsage_int8_po2_ama_addmuladd_9s_8s_11ns_17ns_21_4_1_DSP48_0_U/p_reg_reg.
DSP Report: operator ama_addmuladd_9s_8s_11ns_17ns_21_4_1_U601/graphsage_int8_po2_ama_addmuladd_9s_8s_11ns_17ns_21_4_1_DSP48_0_U/ad is absorbed into DSP ama_addmuladd_9s_8s_11ns_17ns_21_4_1_U601/graphsage_int8_po2_ama_addmuladd_9s_8s_11ns_17ns_21_4_1_DSP48_0_U/p_reg_reg.
DSP Report: Generating DSP ama_addmuladd_9s_8s_11ns_17ns_21_4_1_U632/graphsage_int8_po2_ama_addmuladd_9s_8s_11ns_17ns_21_4_1_DSP48_0_U/p_reg_reg, operation Mode is: (C:0x10000)+((D'+A)*(B:0x555)')'.
DSP Report: register add_ln31_30_reg_23520_reg is absorbed into DSP ama_addmuladd_9s_8s_11ns_17ns_21_4_1_U632/graphsage_int8_po2_ama_addmuladd_9s_8s_11ns_17ns_21_4_1_DSP48_0_U/p_reg_reg.
DSP Report: register ama_addmuladd_9s_8s_11ns_17ns_21_4_1_U632/graphsage_int8_po2_ama_addmuladd_9s_8s_11ns_17ns_21_4_1_DSP48_0_U/b_reg_reg is absorbed into DSP ama_addmuladd_9s_8s_11ns_17ns_21_4_1_U632/graphsage_int8_po2_ama_addmuladd_9s_8s_11ns_17ns_21_4_1_DSP48_0_U/p_reg_reg.
DSP Report: register ama_addmuladd_9s_8s_11ns_17ns_21_4_1_U632/graphsage_int8_po2_ama_addmuladd_9s_8s_11ns_17ns_21_4_1_DSP48_0_U/p_reg_reg is absorbed into DSP ama_addmuladd_9s_8s_11ns_17ns_21_4_1_U632/graphsage_int8_po2_ama_addmuladd_9s_8s_11ns_17ns_21_4_1_DSP48_0_U/p_reg_reg.
DSP Report: register ama_addmuladd_9s_8s_11ns_17ns_21_4_1_U632/graphsage_int8_po2_ama_addmuladd_9s_8s_11ns_17ns_21_4_1_DSP48_0_U/m_reg_reg is absorbed into DSP ama_addmuladd_9s_8s_11ns_17ns_21_4_1_U632/graphsage_int8_po2_ama_addmuladd_9s_8s_11ns_17ns_21_4_1_DSP48_0_U/p_reg_reg.
DSP Report: register ama_addmuladd_9s_8s_11ns_17ns_21_4_1_U632/graphsage_int8_po2_ama_addmuladd_9s_8s_11ns_17ns_21_4_1_DSP48_0_U/ad_reg_reg is absorbed into DSP ama_addmuladd_9s_8s_11ns_17ns_21_4_1_U632/graphsage_int8_po2_ama_addmuladd_9s_8s_11ns_17ns_21_4_1_DSP48_0_U/p_reg_reg.
DSP Report: operator ama_addmuladd_9s_8s_11ns_17ns_21_4_1_U632/graphsage_int8_po2_ama_addmuladd_9s_8s_11ns_17ns_21_4_1_DSP48_0_U/p is absorbed into DSP ama_addmuladd_9s_8s_11ns_17ns_21_4_1_U632/graphsage_int8_po2_ama_addmuladd_9s_8s_11ns_17ns_21_4_1_DSP48_0_U/p_reg_reg.
DSP Report: operator ama_addmuladd_9s_8s_11ns_17ns_21_4_1_U632/graphsage_int8_po2_ama_addmuladd_9s_8s_11ns_17ns_21_4_1_DSP48_0_U/m is absorbed into DSP ama_addmuladd_9s_8s_11ns_17ns_21_4_1_U632/graphsage_int8_po2_ama_addmuladd_9s_8s_11ns_17ns_21_4_1_DSP48_0_U/p_reg_reg.
DSP Report: operator ama_addmuladd_9s_8s_11ns_17ns_21_4_1_U632/graphsage_int8_po2_ama_addmuladd_9s_8s_11ns_17ns_21_4_1_DSP48_0_U/ad is absorbed into DSP ama_addmuladd_9s_8s_11ns_17ns_21_4_1_U632/graphsage_int8_po2_ama_addmuladd_9s_8s_11ns_17ns_21_4_1_DSP48_0_U/p_reg_reg.
DSP Report: Generating DSP ama_addmuladd_9s_8s_11ns_17ns_21_4_1_U628/graphsage_int8_po2_ama_addmuladd_9s_8s_11ns_17ns_21_4_1_DSP48_0_U/p_reg_reg, operation Mode is: (C:0x10000)+((D'+A)*(B:0x555)')'.
DSP Report: register add_ln31_22_reg_23500_reg is absorbed into DSP ama_addmuladd_9s_8s_11ns_17ns_21_4_1_U628/graphsage_int8_po2_ama_addmuladd_9s_8s_11ns_17ns_21_4_1_DSP48_0_U/p_reg_reg.
DSP Report: register ama_addmuladd_9s_8s_11ns_17ns_21_4_1_U632/graphsage_int8_po2_ama_addmuladd_9s_8s_11ns_17ns_21_4_1_DSP48_0_U/b_reg_reg is absorbed into DSP ama_addmuladd_9s_8s_11ns_17ns_21_4_1_U628/graphsage_int8_po2_ama_addmuladd_9s_8s_11ns_17ns_21_4_1_DSP48_0_U/p_reg_reg.
DSP Report: register ama_addmuladd_9s_8s_11ns_17ns_21_4_1_U628/graphsage_int8_po2_ama_addmuladd_9s_8s_11ns_17ns_21_4_1_DSP48_0_U/p_reg_reg is absorbed into DSP ama_addmuladd_9s_8s_11ns_17ns_21_4_1_U628/graphsage_int8_po2_ama_addmuladd_9s_8s_11ns_17ns_21_4_1_DSP48_0_U/p_reg_reg.
DSP Report: register ama_addmuladd_9s_8s_11ns_17ns_21_4_1_U628/graphsage_int8_po2_ama_addmuladd_9s_8s_11ns_17ns_21_4_1_DSP48_0_U/m_reg_reg is absorbed into DSP ama_addmuladd_9s_8s_11ns_17ns_21_4_1_U628/graphsage_int8_po2_ama_addmuladd_9s_8s_11ns_17ns_21_4_1_DSP48_0_U/p_reg_reg.
DSP Report: register ama_addmuladd_9s_8s_11ns_17ns_21_4_1_U628/graphsage_int8_po2_ama_addmuladd_9s_8s_11ns_17ns_21_4_1_DSP48_0_U/ad_reg_reg is absorbed into DSP ama_addmuladd_9s_8s_11ns_17ns_21_4_1_U628/graphsage_int8_po2_ama_addmuladd_9s_8s_11ns_17ns_21_4_1_DSP48_0_U/p_reg_reg.
DSP Report: operator ama_addmuladd_9s_8s_11ns_17ns_21_4_1_U628/graphsage_int8_po2_ama_addmuladd_9s_8s_11ns_17ns_21_4_1_DSP48_0_U/p is absorbed into DSP ama_addmuladd_9s_8s_11ns_17ns_21_4_1_U628/graphsage_int8_po2_ama_addmuladd_9s_8s_11ns_17ns_21_4_1_DSP48_0_U/p_reg_reg.
DSP Report: operator ama_addmuladd_9s_8s_11ns_17ns_21_4_1_U628/graphsage_int8_po2_ama_addmuladd_9s_8s_11ns_17ns_21_4_1_DSP48_0_U/m is absorbed into DSP ama_addmuladd_9s_8s_11ns_17ns_21_4_1_U628/graphsage_int8_po2_ama_addmuladd_9s_8s_11ns_17ns_21_4_1_DSP48_0_U/p_reg_reg.
DSP Report: operator ama_addmuladd_9s_8s_11ns_17ns_21_4_1_U628/graphsage_int8_po2_ama_addmuladd_9s_8s_11ns_17ns_21_4_1_DSP48_0_U/ad is absorbed into DSP ama_addmuladd_9s_8s_11ns_17ns_21_4_1_U628/graphsage_int8_po2_ama_addmuladd_9s_8s_11ns_17ns_21_4_1_DSP48_0_U/p_reg_reg.
DSP Report: Generating DSP ama_addmuladd_9s_8s_11ns_17ns_21_4_1_U590/graphsage_int8_po2_ama_addmuladd_9s_8s_11ns_17ns_21_4_1_DSP48_0_U/p_reg_reg, operation Mode is: (C:0x10000)+((D'+A2)*(B:0x555)')'.
DSP Report: register registered_input_69_reg_22620_reg is absorbed into DSP ama_addmuladd_9s_8s_11ns_17ns_21_4_1_U590/graphsage_int8_po2_ama_addmuladd_9s_8s_11ns_17ns_21_4_1_DSP48_0_U/p_reg_reg.
DSP Report: register add_ln32_10_reg_22940_reg is absorbed into DSP ama_addmuladd_9s_8s_11ns_17ns_21_4_1_U590/graphsage_int8_po2_ama_addmuladd_9s_8s_11ns_17ns_21_4_1_DSP48_0_U/p_reg_reg.
DSP Report: register ama_addmuladd_9s_8s_11ns_17ns_21_4_1_U632/graphsage_int8_po2_ama_addmuladd_9s_8s_11ns_17ns_21_4_1_DSP48_0_U/b_reg_reg is absorbed into DSP ama_addmuladd_9s_8s_11ns_17ns_21_4_1_U590/graphsage_int8_po2_ama_addmuladd_9s_8s_11ns_17ns_21_4_1_DSP48_0_U/p_reg_reg.
DSP Report: register ama_addmuladd_9s_8s_11ns_17ns_21_4_1_U590/graphsage_int8_po2_ama_addmuladd_9s_8s_11ns_17ns_21_4_1_DSP48_0_U/p_reg_reg is absorbed into DSP ama_addmuladd_9s_8s_11ns_17ns_21_4_1_U590/graphsage_int8_po2_ama_addmuladd_9s_8s_11ns_17ns_21_4_1_DSP48_0_U/p_reg_reg.
DSP Report: register ama_addmuladd_9s_8s_11ns_17ns_21_4_1_U590/graphsage_int8_po2_ama_addmuladd_9s_8s_11ns_17ns_21_4_1_DSP48_0_U/m_reg_reg is absorbed into DSP ama_addmuladd_9s_8s_11ns_17ns_21_4_1_U590/graphsage_int8_po2_ama_addmuladd_9s_8s_11ns_17ns_21_4_1_DSP48_0_U/p_reg_reg.
DSP Report: register ama_addmuladd_9s_8s_11ns_17ns_21_4_1_U590/graphsage_int8_po2_ama_addmuladd_9s_8s_11ns_17ns_21_4_1_DSP48_0_U/ad_reg_reg is absorbed into DSP ama_addmuladd_9s_8s_11ns_17ns_21_4_1_U590/graphsage_int8_po2_ama_addmuladd_9s_8s_11ns_17ns_21_4_1_DSP48_0_U/p_reg_reg.
DSP Report: operator ama_addmuladd_9s_8s_11ns_17ns_21_4_1_U590/graphsage_int8_po2_ama_addmuladd_9s_8s_11ns_17ns_21_4_1_DSP48_0_U/p is absorbed into DSP ama_addmuladd_9s_8s_11ns_17ns_21_4_1_U590/graphsage_int8_po2_ama_addmuladd_9s_8s_11ns_17ns_21_4_1_DSP48_0_U/p_reg_reg.
DSP Report: operator ama_addmuladd_9s_8s_11ns_17ns_21_4_1_U590/graphsage_int8_po2_ama_addmuladd_9s_8s_11ns_17ns_21_4_1_DSP48_0_U/m is absorbed into DSP ama_addmuladd_9s_8s_11ns_17ns_21_4_1_U590/graphsage_int8_po2_ama_addmuladd_9s_8s_11ns_17ns_21_4_1_DSP48_0_U/p_reg_reg.
DSP Report: operator ama_addmuladd_9s_8s_11ns_17ns_21_4_1_U590/graphsage_int8_po2_ama_addmuladd_9s_8s_11ns_17ns_21_4_1_DSP48_0_U/ad is absorbed into DSP ama_addmuladd_9s_8s_11ns_17ns_21_4_1_U590/graphsage_int8_po2_ama_addmuladd_9s_8s_11ns_17ns_21_4_1_DSP48_0_U/p_reg_reg.
DSP Report: Generating DSP ama_addmuladd_9s_8s_11ns_17ns_21_4_1_U589/graphsage_int8_po2_ama_addmuladd_9s_8s_11ns_17ns_21_4_1_DSP48_0_U/p_reg_reg, operation Mode is: (C:0x10000)+((D'+A2)*(B:0x555)')'.
DSP Report: register registered_input_68_reg_22615_reg is absorbed into DSP ama_addmuladd_9s_8s_11ns_17ns_21_4_1_U589/graphsage_int8_po2_ama_addmuladd_9s_8s_11ns_17ns_21_4_1_DSP48_0_U/p_reg_reg.
DSP Report: register add_ln32_8_reg_22935_reg is absorbed into DSP ama_addmuladd_9s_8s_11ns_17ns_21_4_1_U589/graphsage_int8_po2_ama_addmuladd_9s_8s_11ns_17ns_21_4_1_DSP48_0_U/p_reg_reg.
DSP Report: register ama_addmuladd_9s_8s_11ns_17ns_21_4_1_U632/graphsage_int8_po2_ama_addmuladd_9s_8s_11ns_17ns_21_4_1_DSP48_0_U/b_reg_reg is absorbed into DSP ama_addmuladd_9s_8s_11ns_17ns_21_4_1_U589/graphsage_int8_po2_ama_addmuladd_9s_8s_11ns_17ns_21_4_1_DSP48_0_U/p_reg_reg.
DSP Report: register ama_addmuladd_9s_8s_11ns_17ns_21_4_1_U589/graphsage_int8_po2_ama_addmuladd_9s_8s_11ns_17ns_21_4_1_DSP48_0_U/p_reg_reg is absorbed into DSP ama_addmuladd_9s_8s_11ns_17ns_21_4_1_U589/graphsage_int8_po2_ama_addmuladd_9s_8s_11ns_17ns_21_4_1_DSP48_0_U/p_reg_reg.
DSP Report: register ama_addmuladd_9s_8s_11ns_17ns_21_4_1_U589/graphsage_int8_po2_ama_addmuladd_9s_8s_11ns_17ns_21_4_1_DSP48_0_U/m_reg_reg is absorbed into DSP ama_addmuladd_9s_8s_11ns_17ns_21_4_1_U589/graphsage_int8_po2_ama_addmuladd_9s_8s_11ns_17ns_21_4_1_DSP48_0_U/p_reg_reg.
DSP Report: register ama_addmuladd_9s_8s_11ns_17ns_21_4_1_U589/graphsage_int8_po2_ama_addmuladd_9s_8s_11ns_17ns_21_4_1_DSP48_0_U/ad_reg_reg is absorbed into DSP ama_addmuladd_9s_8s_11ns_17ns_21_4_1_U589/graphsage_int8_po2_ama_addmuladd_9s_8s_11ns_17ns_21_4_1_DSP48_0_U/p_reg_reg.
DSP Report: operator ama_addmuladd_9s_8s_11ns_17ns_21_4_1_U589/graphsage_int8_po2_ama_addmuladd_9s_8s_11ns_17ns_21_4_1_DSP48_0_U/p is absorbed into DSP ama_addmuladd_9s_8s_11ns_17ns_21_4_1_U589/graphsage_int8_po2_ama_addmuladd_9s_8s_11ns_17ns_21_4_1_DSP48_0_U/p_reg_reg.
DSP Report: operator ama_addmuladd_9s_8s_11ns_17ns_21_4_1_U589/graphsage_int8_po2_ama_addmuladd_9s_8s_11ns_17ns_21_4_1_DSP48_0_U/m is absorbed into DSP ama_addmuladd_9s_8s_11ns_17ns_21_4_1_U589/graphsage_int8_po2_ama_addmuladd_9s_8s_11ns_17ns_21_4_1_DSP48_0_U/p_reg_reg.
DSP Report: operator ama_addmuladd_9s_8s_11ns_17ns_21_4_1_U589/graphsage_int8_po2_ama_addmuladd_9s_8s_11ns_17ns_21_4_1_DSP48_0_U/ad is absorbed into DSP ama_addmuladd_9s_8s_11ns_17ns_21_4_1_U589/graphsage_int8_po2_ama_addmuladd_9s_8s_11ns_17ns_21_4_1_DSP48_0_U/p_reg_reg.
DSP Report: Generating DSP ama_addmuladd_9s_8s_11ns_17ns_21_4_1_U585/graphsage_int8_po2_ama_addmuladd_9s_8s_11ns_17ns_21_4_1_DSP48_0_U/p_reg_reg, operation Mode is: (C:0x10000)+((D'+A2)*(B:0x555)')'.
DSP Report: register registered_input_64_reg_22595_reg is absorbed into DSP ama_addmuladd_9s_8s_11ns_17ns_21_4_1_U585/graphsage_int8_po2_ama_addmuladd_9s_8s_11ns_17ns_21_4_1_DSP48_0_U/p_reg_reg.
DSP Report: register add_ln32_reg_22915_reg is absorbed into DSP ama_addmuladd_9s_8s_11ns_17ns_21_4_1_U585/graphsage_int8_po2_ama_addmuladd_9s_8s_11ns_17ns_21_4_1_DSP48_0_U/p_reg_reg.
DSP Report: register ama_addmuladd_9s_8s_11ns_17ns_21_4_1_U632/graphsage_int8_po2_ama_addmuladd_9s_8s_11ns_17ns_21_4_1_DSP48_0_U/b_reg_reg is absorbed into DSP ama_addmuladd_9s_8s_11ns_17ns_21_4_1_U585/graphsage_int8_po2_ama_addmuladd_9s_8s_11ns_17ns_21_4_1_DSP48_0_U/p_reg_reg.
DSP Report: register ama_addmuladd_9s_8s_11ns_17ns_21_4_1_U585/graphsage_int8_po2_ama_addmuladd_9s_8s_11ns_17ns_21_4_1_DSP48_0_U/p_reg_reg is absorbed into DSP ama_addmuladd_9s_8s_11ns_17ns_21_4_1_U585/graphsage_int8_po2_ama_addmuladd_9s_8s_11ns_17ns_21_4_1_DSP48_0_U/p_reg_reg.
DSP Report: register ama_addmuladd_9s_8s_11ns_17ns_21_4_1_U585/graphsage_int8_po2_ama_addmuladd_9s_8s_11ns_17ns_21_4_1_DSP48_0_U/m_reg_reg is absorbed into DSP ama_addmuladd_9s_8s_11ns_17ns_21_4_1_U585/graphsage_int8_po2_ama_addmuladd_9s_8s_11ns_17ns_21_4_1_DSP48_0_U/p_reg_reg.
DSP Report: register ama_addmuladd_9s_8s_11ns_17ns_21_4_1_U585/graphsage_int8_po2_ama_addmuladd_9s_8s_11ns_17ns_21_4_1_DSP48_0_U/ad_reg_reg is absorbed into DSP ama_addmuladd_9s_8s_11ns_17ns_21_4_1_U585/graphsage_int8_po2_ama_addmuladd_9s_8s_11ns_17ns_21_4_1_DSP48_0_U/p_reg_reg.
DSP Report: operator ama_addmuladd_9s_8s_11ns_17ns_21_4_1_U585/graphsage_int8_po2_ama_addmuladd_9s_8s_11ns_17ns_21_4_1_DSP48_0_U/p is absorbed into DSP ama_addmuladd_9s_8s_11ns_17ns_21_4_1_U585/graphsage_int8_po2_ama_addmuladd_9s_8s_11ns_17ns_21_4_1_DSP48_0_U/p_reg_reg.
DSP Report: operator ama_addmuladd_9s_8s_11ns_17ns_21_4_1_U585/graphsage_int8_po2_ama_addmuladd_9s_8s_11ns_17ns_21_4_1_DSP48_0_U/m is absorbed into DSP ama_addmuladd_9s_8s_11ns_17ns_21_4_1_U585/graphsage_int8_po2_ama_addmuladd_9s_8s_11ns_17ns_21_4_1_DSP48_0_U/p_reg_reg.
DSP Report: operator ama_addmuladd_9s_8s_11ns_17ns_21_4_1_U585/graphsage_int8_po2_ama_addmuladd_9s_8s_11ns_17ns_21_4_1_DSP48_0_U/ad is absorbed into DSP ama_addmuladd_9s_8s_11ns_17ns_21_4_1_U585/graphsage_int8_po2_ama_addmuladd_9s_8s_11ns_17ns_21_4_1_DSP48_0_U/p_reg_reg.
DSP Report: Generating DSP ama_addmuladd_9s_8s_11ns_17ns_21_4_1_U584/graphsage_int8_po2_ama_addmuladd_9s_8s_11ns_17ns_21_4_1_DSP48_0_U/p_reg_reg, operation Mode is: (C:0x10000)+((D'+A2)*(B:0x555)')'.
DSP Report: register neighbor_sum_46_reg_22910_reg is absorbed into DSP ama_addmuladd_9s_8s_11ns_17ns_21_4_1_U584/graphsage_int8_po2_ama_addmuladd_9s_8s_11ns_17ns_21_4_1_DSP48_0_U/p_reg_reg.
DSP Report: register registered_input_127_reg_22830_reg is absorbed into DSP ama_addmuladd_9s_8s_11ns_17ns_21_4_1_U584/graphsage_int8_po2_ama_addmuladd_9s_8s_11ns_17ns_21_4_1_DSP48_0_U/p_reg_reg.
DSP Report: register ama_addmuladd_9s_8s_11ns_17ns_21_4_1_U632/graphsage_int8_po2_ama_addmuladd_9s_8s_11ns_17ns_21_4_1_DSP48_0_U/b_reg_reg is absorbed into DSP ama_addmuladd_9s_8s_11ns_17ns_21_4_1_U584/graphsage_int8_po2_ama_addmuladd_9s_8s_11ns_17ns_21_4_1_DSP48_0_U/p_reg_reg.
DSP Report: register ama_addmuladd_9s_8s_11ns_17ns_21_4_1_U584/graphsage_int8_po2_ama_addmuladd_9s_8s_11ns_17ns_21_4_1_DSP48_0_U/p_reg_reg is absorbed into DSP ama_addmuladd_9s_8s_11ns_17ns_21_4_1_U584/graphsage_int8_po2_ama_addmuladd_9s_8s_11ns_17ns_21_4_1_DSP48_0_U/p_reg_reg.
DSP Report: register ama_addmuladd_9s_8s_11ns_17ns_21_4_1_U584/graphsage_int8_po2_ama_addmuladd_9s_8s_11ns_17ns_21_4_1_DSP48_0_U/m_reg_reg is absorbed into DSP ama_addmuladd_9s_8s_11ns_17ns_21_4_1_U584/graphsage_int8_po2_ama_addmuladd_9s_8s_11ns_17ns_21_4_1_DSP48_0_U/p_reg_reg.
DSP Report: register ama_addmuladd_9s_8s_11ns_17ns_21_4_1_U584/graphsage_int8_po2_ama_addmuladd_9s_8s_11ns_17ns_21_4_1_DSP48_0_U/ad_reg_reg is absorbed into DSP ama_addmuladd_9s_8s_11ns_17ns_21_4_1_U584/graphsage_int8_po2_ama_addmuladd_9s_8s_11ns_17ns_21_4_1_DSP48_0_U/p_reg_reg.
DSP Report: operator ama_addmuladd_9s_8s_11ns_17ns_21_4_1_U584/graphsage_int8_po2_ama_addmuladd_9s_8s_11ns_17ns_21_4_1_DSP48_0_U/p is absorbed into DSP ama_addmuladd_9s_8s_11ns_17ns_21_4_1_U584/graphsage_int8_po2_ama_addmuladd_9s_8s_11ns_17ns_21_4_1_DSP48_0_U/p_reg_reg.
DSP Report: operator ama_addmuladd_9s_8s_11ns_17ns_21_4_1_U584/graphsage_int8_po2_ama_addmuladd_9s_8s_11ns_17ns_21_4_1_DSP48_0_U/m is absorbed into DSP ama_addmuladd_9s_8s_11ns_17ns_21_4_1_U584/graphsage_int8_po2_ama_addmuladd_9s_8s_11ns_17ns_21_4_1_DSP48_0_U/p_reg_reg.
DSP Report: operator ama_addmuladd_9s_8s_11ns_17ns_21_4_1_U584/graphsage_int8_po2_ama_addmuladd_9s_8s_11ns_17ns_21_4_1_DSP48_0_U/ad is absorbed into DSP ama_addmuladd_9s_8s_11ns_17ns_21_4_1_U584/graphsage_int8_po2_ama_addmuladd_9s_8s_11ns_17ns_21_4_1_DSP48_0_U/p_reg_reg.
DSP Report: Generating DSP ama_addmuladd_9s_8s_11ns_17ns_21_4_1_U583/graphsage_int8_po2_ama_addmuladd_9s_8s_11ns_17ns_21_4_1_DSP48_0_U/p_reg_reg, operation Mode is: (C:0x10000)+((D'+A2)*(B:0x555)')'.
DSP Report: register neighbor_sum_43_reg_22905_reg is absorbed into DSP ama_addmuladd_9s_8s_11ns_17ns_21_4_1_U583/graphsage_int8_po2_ama_addmuladd_9s_8s_11ns_17ns_21_4_1_DSP48_0_U/p_reg_reg.
DSP Report: register registered_input_126_reg_22825_reg is absorbed into DSP ama_addmuladd_9s_8s_11ns_17ns_21_4_1_U583/graphsage_int8_po2_ama_addmuladd_9s_8s_11ns_17ns_21_4_1_DSP48_0_U/p_reg_reg.
DSP Report: register ama_addmuladd_9s_8s_11ns_17ns_21_4_1_U632/graphsage_int8_po2_ama_addmuladd_9s_8s_11ns_17ns_21_4_1_DSP48_0_U/b_reg_reg is absorbed into DSP ama_addmuladd_9s_8s_11ns_17ns_21_4_1_U583/graphsage_int8_po2_ama_addmuladd_9s_8s_11ns_17ns_21_4_1_DSP48_0_U/p_reg_reg.
DSP Report: register ama_addmuladd_9s_8s_11ns_17ns_21_4_1_U583/graphsage_int8_po2_ama_addmuladd_9s_8s_11ns_17ns_21_4_1_DSP48_0_U/p_reg_reg is absorbed into DSP ama_addmuladd_9s_8s_11ns_17ns_21_4_1_U583/graphsage_int8_po2_ama_addmuladd_9s_8s_11ns_17ns_21_4_1_DSP48_0_U/p_reg_reg.
DSP Report: register ama_addmuladd_9s_8s_11ns_17ns_21_4_1_U583/graphsage_int8_po2_ama_addmuladd_9s_8s_11ns_17ns_21_4_1_DSP48_0_U/m_reg_reg is absorbed into DSP ama_addmuladd_9s_8s_11ns_17ns_21_4_1_U583/graphsage_int8_po2_ama_addmuladd_9s_8s_11ns_17ns_21_4_1_DSP48_0_U/p_reg_reg.
DSP Report: register ama_addmuladd_9s_8s_11ns_17ns_21_4_1_U583/graphsage_int8_po2_ama_addmuladd_9s_8s_11ns_17ns_21_4_1_DSP48_0_U/ad_reg_reg is absorbed into DSP ama_addmuladd_9s_8s_11ns_17ns_21_4_1_U583/graphsage_int8_po2_ama_addmuladd_9s_8s_11ns_17ns_21_4_1_DSP48_0_U/p_reg_reg.
DSP Report: operator ama_addmuladd_9s_8s_11ns_17ns_21_4_1_U583/graphsage_int8_po2_ama_addmuladd_9s_8s_11ns_17ns_21_4_1_DSP48_0_U/p is absorbed into DSP ama_addmuladd_9s_8s_11ns_17ns_21_4_1_U583/graphsage_int8_po2_ama_addmuladd_9s_8s_11ns_17ns_21_4_1_DSP48_0_U/p_reg_reg.
DSP Report: operator ama_addmuladd_9s_8s_11ns_17ns_21_4_1_U583/graphsage_int8_po2_ama_addmuladd_9s_8s_11ns_17ns_21_4_1_DSP48_0_U/m is absorbed into DSP ama_addmuladd_9s_8s_11ns_17ns_21_4_1_U583/graphsage_int8_po2_ama_addmuladd_9s_8s_11ns_17ns_21_4_1_DSP48_0_U/p_reg_reg.
DSP Report: operator ama_addmuladd_9s_8s_11ns_17ns_21_4_1_U583/graphsage_int8_po2_ama_addmuladd_9s_8s_11ns_17ns_21_4_1_DSP48_0_U/ad is absorbed into DSP ama_addmuladd_9s_8s_11ns_17ns_21_4_1_U583/graphsage_int8_po2_ama_addmuladd_9s_8s_11ns_17ns_21_4_1_DSP48_0_U/p_reg_reg.
DSP Report: Generating DSP ama_addmuladd_9s_8s_11ns_17ns_21_4_1_U582/graphsage_int8_po2_ama_addmuladd_9s_8s_11ns_17ns_21_4_1_DSP48_0_U/p_reg_reg, operation Mode is: (C:0x10000)+((D'+A2)*(B:0x555)')'.
DSP Report: register neighbor_sum_40_reg_22900_reg is absorbed into DSP ama_addmuladd_9s_8s_11ns_17ns_21_4_1_U582/graphsage_int8_po2_ama_addmuladd_9s_8s_11ns_17ns_21_4_1_DSP48_0_U/p_reg_reg.
DSP Report: register registered_input_125_reg_22820_reg is absorbed into DSP ama_addmuladd_9s_8s_11ns_17ns_21_4_1_U582/graphsage_int8_po2_ama_addmuladd_9s_8s_11ns_17ns_21_4_1_DSP48_0_U/p_reg_reg.
DSP Report: register ama_addmuladd_9s_8s_11ns_17ns_21_4_1_U632/graphsage_int8_po2_ama_addmuladd_9s_8s_11ns_17ns_21_4_1_DSP48_0_U/b_reg_reg is absorbed into DSP ama_addmuladd_9s_8s_11ns_17ns_21_4_1_U582/graphsage_int8_po2_ama_addmuladd_9s_8s_11ns_17ns_21_4_1_DSP48_0_U/p_reg_reg.
DSP Report: register ama_addmuladd_9s_8s_11ns_17ns_21_4_1_U582/graphsage_int8_po2_ama_addmuladd_9s_8s_11ns_17ns_21_4_1_DSP48_0_U/p_reg_reg is absorbed into DSP ama_addmuladd_9s_8s_11ns_17ns_21_4_1_U582/graphsage_int8_po2_ama_addmuladd_9s_8s_11ns_17ns_21_4_1_DSP48_0_U/p_reg_reg.
DSP Report: register ama_addmuladd_9s_8s_11ns_17ns_21_4_1_U582/graphsage_int8_po2_ama_addmuladd_9s_8s_11ns_17ns_21_4_1_DSP48_0_U/m_reg_reg is absorbed into DSP ama_addmuladd_9s_8s_11ns_17ns_21_4_1_U582/graphsage_int8_po2_ama_addmuladd_9s_8s_11ns_17ns_21_4_1_DSP48_0_U/p_reg_reg.
DSP Report: register ama_addmuladd_9s_8s_11ns_17ns_21_4_1_U582/graphsage_int8_po2_ama_addmuladd_9s_8s_11ns_17ns_21_4_1_DSP48_0_U/ad_reg_reg is absorbed into DSP ama_addmuladd_9s_8s_11ns_17ns_21_4_1_U582/graphsage_int8_po2_ama_addmuladd_9s_8s_11ns_17ns_21_4_1_DSP48_0_U/p_reg_reg.
DSP Report: operator ama_addmuladd_9s_8s_11ns_17ns_21_4_1_U582/graphsage_int8_po2_ama_addmuladd_9s_8s_11ns_17ns_21_4_1_DSP48_0_U/p is absorbed into DSP ama_addmuladd_9s_8s_11ns_17ns_21_4_1_U582/graphsage_int8_po2_ama_addmuladd_9s_8s_11ns_17ns_21_4_1_DSP48_0_U/p_reg_reg.
DSP Report: operator ama_addmuladd_9s_8s_11ns_17ns_21_4_1_U582/graphsage_int8_po2_ama_addmuladd_9s_8s_11ns_17ns_21_4_1_DSP48_0_U/m is absorbed into DSP ama_addmuladd_9s_8s_11ns_17ns_21_4_1_U582/graphsage_int8_po2_ama_addmuladd_9s_8s_11ns_17ns_21_4_1_DSP48_0_U/p_reg_reg.
DSP Report: operator ama_addmuladd_9s_8s_11ns_17ns_21_4_1_U582/graphsage_int8_po2_ama_addmuladd_9s_8s_11ns_17ns_21_4_1_DSP48_0_U/ad is absorbed into DSP ama_addmuladd_9s_8s_11ns_17ns_21_4_1_U582/graphsage_int8_po2_ama_addmuladd_9s_8s_11ns_17ns_21_4_1_DSP48_0_U/p_reg_reg.
DSP Report: Generating DSP ama_addmuladd_9s_8s_11ns_17ns_21_4_1_U581/graphsage_int8_po2_ama_addmuladd_9s_8s_11ns_17ns_21_4_1_DSP48_0_U/p_reg_reg, operation Mode is: (C:0x10000)+((D'+A2)*(B:0x555)')'.
DSP Report: register neighbor_sum_37_reg_22895_reg is absorbed into DSP ama_addmuladd_9s_8s_11ns_17ns_21_4_1_U581/graphsage_int8_po2_ama_addmuladd_9s_8s_11ns_17ns_21_4_1_DSP48_0_U/p_reg_reg.
DSP Report: register registered_input_124_reg_22815_reg is absorbed into DSP ama_addmuladd_9s_8s_11ns_17ns_21_4_1_U581/graphsage_int8_po2_ama_addmuladd_9s_8s_11ns_17ns_21_4_1_DSP48_0_U/p_reg_reg.
DSP Report: register ama_addmuladd_9s_8s_11ns_17ns_21_4_1_U632/graphsage_int8_po2_ama_addmuladd_9s_8s_11ns_17ns_21_4_1_DSP48_0_U/b_reg_reg is absorbed into DSP ama_addmuladd_9s_8s_11ns_17ns_21_4_1_U581/graphsage_int8_po2_ama_addmuladd_9s_8s_11ns_17ns_21_4_1_DSP48_0_U/p_reg_reg.
DSP Report: register ama_addmuladd_9s_8s_11ns_17ns_21_4_1_U581/graphsage_int8_po2_ama_addmuladd_9s_8s_11ns_17ns_21_4_1_DSP48_0_U/p_reg_reg is absorbed into DSP ama_addmuladd_9s_8s_11ns_17ns_21_4_1_U581/graphsage_int8_po2_ama_addmuladd_9s_8s_11ns_17ns_21_4_1_DSP48_0_U/p_reg_reg.
DSP Report: register ama_addmuladd_9s_8s_11ns_17ns_21_4_1_U581/graphsage_int8_po2_ama_addmuladd_9s_8s_11ns_17ns_21_4_1_DSP48_0_U/m_reg_reg is absorbed into DSP ama_addmuladd_9s_8s_11ns_17ns_21_4_1_U581/graphsage_int8_po2_ama_addmuladd_9s_8s_11ns_17ns_21_4_1_DSP48_0_U/p_reg_reg.
DSP Report: register ama_addmuladd_9s_8s_11ns_17ns_21_4_1_U581/graphsage_int8_po2_ama_addmuladd_9s_8s_11ns_17ns_21_4_1_DSP48_0_U/ad_reg_reg is absorbed into DSP ama_addmuladd_9s_8s_11ns_17ns_21_4_1_U581/graphsage_int8_po2_ama_addmuladd_9s_8s_11ns_17ns_21_4_1_DSP48_0_U/p_reg_reg.
DSP Report: operator ama_addmuladd_9s_8s_11ns_17ns_21_4_1_U581/graphsage_int8_po2_ama_addmuladd_9s_8s_11ns_17ns_21_4_1_DSP48_0_U/p is absorbed into DSP ama_addmuladd_9s_8s_11ns_17ns_21_4_1_U581/graphsage_int8_po2_ama_addmuladd_9s_8s_11ns_17ns_21_4_1_DSP48_0_U/p_reg_reg.
DSP Report: operator ama_addmuladd_9s_8s_11ns_17ns_21_4_1_U581/graphsage_int8_po2_ama_addmuladd_9s_8s_11ns_17ns_21_4_1_DSP48_0_U/m is absorbed into DSP ama_addmuladd_9s_8s_11ns_17ns_21_4_1_U581/graphsage_int8_po2_ama_addmuladd_9s_8s_11ns_17ns_21_4_1_DSP48_0_U/p_reg_reg.
DSP Report: operator ama_addmuladd_9s_8s_11ns_17ns_21_4_1_U581/graphsage_int8_po2_ama_addmuladd_9s_8s_11ns_17ns_21_4_1_DSP48_0_U/ad is absorbed into DSP ama_addmuladd_9s_8s_11ns_17ns_21_4_1_U581/graphsage_int8_po2_ama_addmuladd_9s_8s_11ns_17ns_21_4_1_DSP48_0_U/p_reg_reg.
DSP Report: Generating DSP ama_addmuladd_9s_8s_11ns_17ns_21_4_1_U580/graphsage_int8_po2_ama_addmuladd_9s_8s_11ns_17ns_21_4_1_DSP48_0_U/p_reg_reg, operation Mode is: (C:0x10000)+((D'+A2)*(B:0x555)')'.
DSP Report: register neighbor_sum_34_reg_22890_reg is absorbed into DSP ama_addmuladd_9s_8s_11ns_17ns_21_4_1_U580/graphsage_int8_po2_ama_addmuladd_9s_8s_11ns_17ns_21_4_1_DSP48_0_U/p_reg_reg.
DSP Report: register registered_input_123_reg_22810_reg is absorbed into DSP ama_addmuladd_9s_8s_11ns_17ns_21_4_1_U580/graphsage_int8_po2_ama_addmuladd_9s_8s_11ns_17ns_21_4_1_DSP48_0_U/p_reg_reg.
DSP Report: register ama_addmuladd_9s_8s_11ns_17ns_21_4_1_U632/graphsage_int8_po2_ama_addmuladd_9s_8s_11ns_17ns_21_4_1_DSP48_0_U/b_reg_reg is absorbed into DSP ama_addmuladd_9s_8s_11ns_17ns_21_4_1_U580/graphsage_int8_po2_ama_addmuladd_9s_8s_11ns_17ns_21_4_1_DSP48_0_U/p_reg_reg.
DSP Report: register ama_addmuladd_9s_8s_11ns_17ns_21_4_1_U580/graphsage_int8_po2_ama_addmuladd_9s_8s_11ns_17ns_21_4_1_DSP48_0_U/p_reg_reg is absorbed into DSP ama_addmuladd_9s_8s_11ns_17ns_21_4_1_U580/graphsage_int8_po2_ama_addmuladd_9s_8s_11ns_17ns_21_4_1_DSP48_0_U/p_reg_reg.
DSP Report: register ama_addmuladd_9s_8s_11ns_17ns_21_4_1_U580/graphsage_int8_po2_ama_addmuladd_9s_8s_11ns_17ns_21_4_1_DSP48_0_U/m_reg_reg is absorbed into DSP ama_addmuladd_9s_8s_11ns_17ns_21_4_1_U580/graphsage_int8_po2_ama_addmuladd_9s_8s_11ns_17ns_21_4_1_DSP48_0_U/p_reg_reg.
DSP Report: register ama_addmuladd_9s_8s_11ns_17ns_21_4_1_U580/graphsage_int8_po2_ama_addmuladd_9s_8s_11ns_17ns_21_4_1_DSP48_0_U/ad_reg_reg is absorbed into DSP ama_addmuladd_9s_8s_11ns_17ns_21_4_1_U580/graphsage_int8_po2_ama_addmuladd_9s_8s_11ns_17ns_21_4_1_DSP48_0_U/p_reg_reg.
DSP Report: operator ama_addmuladd_9s_8s_11ns_17ns_21_4_1_U580/graphsage_int8_po2_ama_addmuladd_9s_8s_11ns_17ns_21_4_1_DSP48_0_U/p is absorbed into DSP ama_addmuladd_9s_8s_11ns_17ns_21_4_1_U580/graphsage_int8_po2_ama_addmuladd_9s_8s_11ns_17ns_21_4_1_DSP48_0_U/p_reg_reg.
DSP Report: operator ama_addmuladd_9s_8s_11ns_17ns_21_4_1_U580/graphsage_int8_po2_ama_addmuladd_9s_8s_11ns_17ns_21_4_1_DSP48_0_U/m is absorbed into DSP ama_addmuladd_9s_8s_11ns_17ns_21_4_1_U580/graphsage_int8_po2_ama_addmuladd_9s_8s_11ns_17ns_21_4_1_DSP48_0_U/p_reg_reg.
DSP Report: operator ama_addmuladd_9s_8s_11ns_17ns_21_4_1_U580/graphsage_int8_po2_ama_addmuladd_9s_8s_11ns_17ns_21_4_1_DSP48_0_U/ad is absorbed into DSP ama_addmuladd_9s_8s_11ns_17ns_21_4_1_U580/graphsage_int8_po2_ama_addmuladd_9s_8s_11ns_17ns_21_4_1_DSP48_0_U/p_reg_reg.
DSP Report: Generating DSP ama_addmuladd_9s_8s_11ns_17ns_21_4_1_U579/graphsage_int8_po2_ama_addmuladd_9s_8s_11ns_17ns_21_4_1_DSP48_0_U/p_reg_reg, operation Mode is: (C:0x10000)+((D'+A2)*(B:0x555)')'.
DSP Report: register neighbor_sum_31_reg_22885_reg is absorbed into DSP ama_addmuladd_9s_8s_11ns_17ns_21_4_1_U579/graphsage_int8_po2_ama_addmuladd_9s_8s_11ns_17ns_21_4_1_DSP48_0_U/p_reg_reg.
DSP Report: register registered_input_122_reg_22805_reg is absorbed into DSP ama_addmuladd_9s_8s_11ns_17ns_21_4_1_U579/graphsage_int8_po2_ama_addmuladd_9s_8s_11ns_17ns_21_4_1_DSP48_0_U/p_reg_reg.
DSP Report: register ama_addmuladd_9s_8s_11ns_17ns_21_4_1_U632/graphsage_int8_po2_ama_addmuladd_9s_8s_11ns_17ns_21_4_1_DSP48_0_U/b_reg_reg is absorbed into DSP ama_addmuladd_9s_8s_11ns_17ns_21_4_1_U579/graphsage_int8_po2_ama_addmuladd_9s_8s_11ns_17ns_21_4_1_DSP48_0_U/p_reg_reg.
DSP Report: register ama_addmuladd_9s_8s_11ns_17ns_21_4_1_U579/graphsage_int8_po2_ama_addmuladd_9s_8s_11ns_17ns_21_4_1_DSP48_0_U/p_reg_reg is absorbed into DSP ama_addmuladd_9s_8s_11ns_17ns_21_4_1_U579/graphsage_int8_po2_ama_addmuladd_9s_8s_11ns_17ns_21_4_1_DSP48_0_U/p_reg_reg.
DSP Report: register ama_addmuladd_9s_8s_11ns_17ns_21_4_1_U579/graphsage_int8_po2_ama_addmuladd_9s_8s_11ns_17ns_21_4_1_DSP48_0_U/m_reg_reg is absorbed into DSP ama_addmuladd_9s_8s_11ns_17ns_21_4_1_U579/graphsage_int8_po2_ama_addmuladd_9s_8s_11ns_17ns_21_4_1_DSP48_0_U/p_reg_reg.
DSP Report: register ama_addmuladd_9s_8s_11ns_17ns_21_4_1_U579/graphsage_int8_po2_ama_addmuladd_9s_8s_11ns_17ns_21_4_1_DSP48_0_U/ad_reg_reg is absorbed into DSP ama_addmuladd_9s_8s_11ns_17ns_21_4_1_U579/graphsage_int8_po2_ama_addmuladd_9s_8s_11ns_17ns_21_4_1_DSP48_0_U/p_reg_reg.
DSP Report: operator ama_addmuladd_9s_8s_11ns_17ns_21_4_1_U579/graphsage_int8_po2_ama_addmuladd_9s_8s_11ns_17ns_21_4_1_DSP48_0_U/p is absorbed into DSP ama_addmuladd_9s_8s_11ns_17ns_21_4_1_U579/graphsage_int8_po2_ama_addmuladd_9s_8s_11ns_17ns_21_4_1_DSP48_0_U/p_reg_reg.
DSP Report: operator ama_addmuladd_9s_8s_11ns_17ns_21_4_1_U579/graphsage_int8_po2_ama_addmuladd_9s_8s_11ns_17ns_21_4_1_DSP48_0_U/m is absorbed into DSP ama_addmuladd_9s_8s_11ns_17ns_21_4_1_U579/graphsage_int8_po2_ama_addmuladd_9s_8s_11ns_17ns_21_4_1_DSP48_0_U/p_reg_reg.
DSP Report: operator ama_addmuladd_9s_8s_11ns_17ns_21_4_1_U579/graphsage_int8_po2_ama_addmuladd_9s_8s_11ns_17ns_21_4_1_DSP48_0_U/ad is absorbed into DSP ama_addmuladd_9s_8s_11ns_17ns_21_4_1_U579/graphsage_int8_po2_ama_addmuladd_9s_8s_11ns_17ns_21_4_1_DSP48_0_U/p_reg_reg.
DSP Report: Generating DSP ama_addmuladd_9s_8s_11ns_17ns_21_4_1_U578/graphsage_int8_po2_ama_addmuladd_9s_8s_11ns_17ns_21_4_1_DSP48_0_U/p_reg_reg, operation Mode is: (C:0x10000)+((D'+A2)*(B:0x555)')'.
DSP Report: register neighbor_sum_28_reg_22880_reg is absorbed into DSP ama_addmuladd_9s_8s_11ns_17ns_21_4_1_U578/graphsage_int8_po2_ama_addmuladd_9s_8s_11ns_17ns_21_4_1_DSP48_0_U/p_reg_reg.
DSP Report: register registered_input_121_reg_22800_reg is absorbed into DSP ama_addmuladd_9s_8s_11ns_17ns_21_4_1_U578/graphsage_int8_po2_ama_addmuladd_9s_8s_11ns_17ns_21_4_1_DSP48_0_U/p_reg_reg.
DSP Report: register ama_addmuladd_9s_8s_11ns_17ns_21_4_1_U632/graphsage_int8_po2_ama_addmuladd_9s_8s_11ns_17ns_21_4_1_DSP48_0_U/b_reg_reg is absorbed into DSP ama_addmuladd_9s_8s_11ns_17ns_21_4_1_U578/graphsage_int8_po2_ama_addmuladd_9s_8s_11ns_17ns_21_4_1_DSP48_0_U/p_reg_reg.
DSP Report: register ama_addmuladd_9s_8s_11ns_17ns_21_4_1_U578/graphsage_int8_po2_ama_addmuladd_9s_8s_11ns_17ns_21_4_1_DSP48_0_U/p_reg_reg is absorbed into DSP ama_addmuladd_9s_8s_11ns_17ns_21_4_1_U578/graphsage_int8_po2_ama_addmuladd_9s_8s_11ns_17ns_21_4_1_DSP48_0_U/p_reg_reg.
DSP Report: register ama_addmuladd_9s_8s_11ns_17ns_21_4_1_U578/graphsage_int8_po2_ama_addmuladd_9s_8s_11ns_17ns_21_4_1_DSP48_0_U/m_reg_reg is absorbed into DSP ama_addmuladd_9s_8s_11ns_17ns_21_4_1_U578/graphsage_int8_po2_ama_addmuladd_9s_8s_11ns_17ns_21_4_1_DSP48_0_U/p_reg_reg.
DSP Report: register ama_addmuladd_9s_8s_11ns_17ns_21_4_1_U578/graphsage_int8_po2_ama_addmuladd_9s_8s_11ns_17ns_21_4_1_DSP48_0_U/ad_reg_reg is absorbed into DSP ama_addmuladd_9s_8s_11ns_17ns_21_4_1_U578/graphsage_int8_po2_ama_addmuladd_9s_8s_11ns_17ns_21_4_1_DSP48_0_U/p_reg_reg.
DSP Report: operator ama_addmuladd_9s_8s_11ns_17ns_21_4_1_U578/graphsage_int8_po2_ama_addmuladd_9s_8s_11ns_17ns_21_4_1_DSP48_0_U/p is absorbed into DSP ama_addmuladd_9s_8s_11ns_17ns_21_4_1_U578/graphsage_int8_po2_ama_addmuladd_9s_8s_11ns_17ns_21_4_1_DSP48_0_U/p_reg_reg.
DSP Report: operator ama_addmuladd_9s_8s_11ns_17ns_21_4_1_U578/graphsage_int8_po2_ama_addmuladd_9s_8s_11ns_17ns_21_4_1_DSP48_0_U/m is absorbed into DSP ama_addmuladd_9s_8s_11ns_17ns_21_4_1_U578/graphsage_int8_po2_ama_addmuladd_9s_8s_11ns_17ns_21_4_1_DSP48_0_U/p_reg_reg.
DSP Report: operator ama_addmuladd_9s_8s_11ns_17ns_21_4_1_U578/graphsage_int8_po2_ama_addmuladd_9s_8s_11ns_17ns_21_4_1_DSP48_0_U/ad is absorbed into DSP ama_addmuladd_9s_8s_11ns_17ns_21_4_1_U578/graphsage_int8_po2_ama_addmuladd_9s_8s_11ns_17ns_21_4_1_DSP48_0_U/p_reg_reg.
DSP Report: Generating DSP ama_addmuladd_9s_8s_11ns_17ns_21_4_1_U577/graphsage_int8_po2_ama_addmuladd_9s_8s_11ns_17ns_21_4_1_DSP48_0_U/p_reg_reg, operation Mode is: (C:0x10000)+((D'+A2)*(B:0x555)')'.
DSP Report: register neighbor_sum_25_reg_22875_reg is absorbed into DSP ama_addmuladd_9s_8s_11ns_17ns_21_4_1_U577/graphsage_int8_po2_ama_addmuladd_9s_8s_11ns_17ns_21_4_1_DSP48_0_U/p_reg_reg.
DSP Report: register registered_input_120_reg_22795_reg is absorbed into DSP ama_addmuladd_9s_8s_11ns_17ns_21_4_1_U577/graphsage_int8_po2_ama_addmuladd_9s_8s_11ns_17ns_21_4_1_DSP48_0_U/p_reg_reg.
DSP Report: register ama_addmuladd_9s_8s_11ns_17ns_21_4_1_U632/graphsage_int8_po2_ama_addmuladd_9s_8s_11ns_17ns_21_4_1_DSP48_0_U/b_reg_reg is absorbed into DSP ama_addmuladd_9s_8s_11ns_17ns_21_4_1_U577/graphsage_int8_po2_ama_addmuladd_9s_8s_11ns_17ns_21_4_1_DSP48_0_U/p_reg_reg.
DSP Report: register ama_addmuladd_9s_8s_11ns_17ns_21_4_1_U577/graphsage_int8_po2_ama_addmuladd_9s_8s_11ns_17ns_21_4_1_DSP48_0_U/p_reg_reg is absorbed into DSP ama_addmuladd_9s_8s_11ns_17ns_21_4_1_U577/graphsage_int8_po2_ama_addmuladd_9s_8s_11ns_17ns_21_4_1_DSP48_0_U/p_reg_reg.
DSP Report: register ama_addmuladd_9s_8s_11ns_17ns_21_4_1_U577/graphsage_int8_po2_ama_addmuladd_9s_8s_11ns_17ns_21_4_1_DSP48_0_U/m_reg_reg is absorbed into DSP ama_addmuladd_9s_8s_11ns_17ns_21_4_1_U577/graphsage_int8_po2_ama_addmuladd_9s_8s_11ns_17ns_21_4_1_DSP48_0_U/p_reg_reg.
DSP Report: register ama_addmuladd_9s_8s_11ns_17ns_21_4_1_U577/graphsage_int8_po2_ama_addmuladd_9s_8s_11ns_17ns_21_4_1_DSP48_0_U/ad_reg_reg is absorbed into DSP ama_addmuladd_9s_8s_11ns_17ns_21_4_1_U577/graphsage_int8_po2_ama_addmuladd_9s_8s_11ns_17ns_21_4_1_DSP48_0_U/p_reg_reg.
DSP Report: operator ama_addmuladd_9s_8s_11ns_17ns_21_4_1_U577/graphsage_int8_po2_ama_addmuladd_9s_8s_11ns_17ns_21_4_1_DSP48_0_U/p is absorbed into DSP ama_addmuladd_9s_8s_11ns_17ns_21_4_1_U577/graphsage_int8_po2_ama_addmuladd_9s_8s_11ns_17ns_21_4_1_DSP48_0_U/p_reg_reg.
DSP Report: operator ama_addmuladd_9s_8s_11ns_17ns_21_4_1_U577/graphsage_int8_po2_ama_addmuladd_9s_8s_11ns_17ns_21_4_1_DSP48_0_U/m is absorbed into DSP ama_addmuladd_9s_8s_11ns_17ns_21_4_1_U577/graphsage_int8_po2_ama_addmuladd_9s_8s_11ns_17ns_21_4_1_DSP48_0_U/p_reg_reg.
DSP Report: operator ama_addmuladd_9s_8s_11ns_17ns_21_4_1_U577/graphsage_int8_po2_ama_addmuladd_9s_8s_11ns_17ns_21_4_1_DSP48_0_U/ad is absorbed into DSP ama_addmuladd_9s_8s_11ns_17ns_21_4_1_U577/graphsage_int8_po2_ama_addmuladd_9s_8s_11ns_17ns_21_4_1_DSP48_0_U/p_reg_reg.
DSP Report: Generating DSP ama_addmuladd_9s_8s_11ns_17ns_21_4_1_U576/graphsage_int8_po2_ama_addmuladd_9s_8s_11ns_17ns_21_4_1_DSP48_0_U/p_reg_reg, operation Mode is: (C:0x10000)+((D'+A2)*(B:0x555)')'.
DSP Report: register neighbor_sum_22_reg_22870_reg is absorbed into DSP ama_addmuladd_9s_8s_11ns_17ns_21_4_1_U576/graphsage_int8_po2_ama_addmuladd_9s_8s_11ns_17ns_21_4_1_DSP48_0_U/p_reg_reg.
DSP Report: register registered_input_119_reg_22790_reg is absorbed into DSP ama_addmuladd_9s_8s_11ns_17ns_21_4_1_U576/graphsage_int8_po2_ama_addmuladd_9s_8s_11ns_17ns_21_4_1_DSP48_0_U/p_reg_reg.
DSP Report: register ama_addmuladd_9s_8s_11ns_17ns_21_4_1_U632/graphsage_int8_po2_ama_addmuladd_9s_8s_11ns_17ns_21_4_1_DSP48_0_U/b_reg_reg is absorbed into DSP ama_addmuladd_9s_8s_11ns_17ns_21_4_1_U576/graphsage_int8_po2_ama_addmuladd_9s_8s_11ns_17ns_21_4_1_DSP48_0_U/p_reg_reg.
DSP Report: register ama_addmuladd_9s_8s_11ns_17ns_21_4_1_U576/graphsage_int8_po2_ama_addmuladd_9s_8s_11ns_17ns_21_4_1_DSP48_0_U/p_reg_reg is absorbed into DSP ama_addmuladd_9s_8s_11ns_17ns_21_4_1_U576/graphsage_int8_po2_ama_addmuladd_9s_8s_11ns_17ns_21_4_1_DSP48_0_U/p_reg_reg.
DSP Report: register ama_addmuladd_9s_8s_11ns_17ns_21_4_1_U576/graphsage_int8_po2_ama_addmuladd_9s_8s_11ns_17ns_21_4_1_DSP48_0_U/m_reg_reg is absorbed into DSP ama_addmuladd_9s_8s_11ns_17ns_21_4_1_U576/graphsage_int8_po2_ama_addmuladd_9s_8s_11ns_17ns_21_4_1_DSP48_0_U/p_reg_reg.
DSP Report: register ama_addmuladd_9s_8s_11ns_17ns_21_4_1_U576/graphsage_int8_po2_ama_addmuladd_9s_8s_11ns_17ns_21_4_1_DSP48_0_U/ad_reg_reg is absorbed into DSP ama_addmuladd_9s_8s_11ns_17ns_21_4_1_U576/graphsage_int8_po2_ama_addmuladd_9s_8s_11ns_17ns_21_4_1_DSP48_0_U/p_reg_reg.
DSP Report: operator ama_addmuladd_9s_8s_11ns_17ns_21_4_1_U576/graphsage_int8_po2_ama_addmuladd_9s_8s_11ns_17ns_21_4_1_DSP48_0_U/p is absorbed into DSP ama_addmuladd_9s_8s_11ns_17ns_21_4_1_U576/graphsage_int8_po2_ama_addmuladd_9s_8s_11ns_17ns_21_4_1_DSP48_0_U/p_reg_reg.
DSP Report: operator ama_addmuladd_9s_8s_11ns_17ns_21_4_1_U576/graphsage_int8_po2_ama_addmuladd_9s_8s_11ns_17ns_21_4_1_DSP48_0_U/m is absorbed into DSP ama_addmuladd_9s_8s_11ns_17ns_21_4_1_U576/graphsage_int8_po2_ama_addmuladd_9s_8s_11ns_17ns_21_4_1_DSP48_0_U/p_reg_reg.
DSP Report: operator ama_addmuladd_9s_8s_11ns_17ns_21_4_1_U576/graphsage_int8_po2_ama_addmuladd_9s_8s_11ns_17ns_21_4_1_DSP48_0_U/ad is absorbed into DSP ama_addmuladd_9s_8s_11ns_17ns_21_4_1_U576/graphsage_int8_po2_ama_addmuladd_9s_8s_11ns_17ns_21_4_1_DSP48_0_U/p_reg_reg.
DSP Report: Generating DSP ama_addmuladd_9s_8s_11ns_17ns_21_4_1_U575/graphsage_int8_po2_ama_addmuladd_9s_8s_11ns_17ns_21_4_1_DSP48_0_U/p_reg_reg, operation Mode is: (C:0x10000)+((D'+A2)*(B:0x555)')'.
DSP Report: register neighbor_sum_19_reg_22865_reg is absorbed into DSP ama_addmuladd_9s_8s_11ns_17ns_21_4_1_U575/graphsage_int8_po2_ama_addmuladd_9s_8s_11ns_17ns_21_4_1_DSP48_0_U/p_reg_reg.
DSP Report: register registered_input_118_reg_22785_reg is absorbed into DSP ama_addmuladd_9s_8s_11ns_17ns_21_4_1_U575/graphsage_int8_po2_ama_addmuladd_9s_8s_11ns_17ns_21_4_1_DSP48_0_U/p_reg_reg.
DSP Report: register ama_addmuladd_9s_8s_11ns_17ns_21_4_1_U632/graphsage_int8_po2_ama_addmuladd_9s_8s_11ns_17ns_21_4_1_DSP48_0_U/b_reg_reg is absorbed into DSP ama_addmuladd_9s_8s_11ns_17ns_21_4_1_U575/graphsage_int8_po2_ama_addmuladd_9s_8s_11ns_17ns_21_4_1_DSP48_0_U/p_reg_reg.
DSP Report: register ama_addmuladd_9s_8s_11ns_17ns_21_4_1_U575/graphsage_int8_po2_ama_addmuladd_9s_8s_11ns_17ns_21_4_1_DSP48_0_U/p_reg_reg is absorbed into DSP ama_addmuladd_9s_8s_11ns_17ns_21_4_1_U575/graphsage_int8_po2_ama_addmuladd_9s_8s_11ns_17ns_21_4_1_DSP48_0_U/p_reg_reg.
DSP Report: register ama_addmuladd_9s_8s_11ns_17ns_21_4_1_U575/graphsage_int8_po2_ama_addmuladd_9s_8s_11ns_17ns_21_4_1_DSP48_0_U/m_reg_reg is absorbed into DSP ama_addmuladd_9s_8s_11ns_17ns_21_4_1_U575/graphsage_int8_po2_ama_addmuladd_9s_8s_11ns_17ns_21_4_1_DSP48_0_U/p_reg_reg.
DSP Report: register ama_addmuladd_9s_8s_11ns_17ns_21_4_1_U575/graphsage_int8_po2_ama_addmuladd_9s_8s_11ns_17ns_21_4_1_DSP48_0_U/ad_reg_reg is absorbed into DSP ama_addmuladd_9s_8s_11ns_17ns_21_4_1_U575/graphsage_int8_po2_ama_addmuladd_9s_8s_11ns_17ns_21_4_1_DSP48_0_U/p_reg_reg.
DSP Report: operator ama_addmuladd_9s_8s_11ns_17ns_21_4_1_U575/graphsage_int8_po2_ama_addmuladd_9s_8s_11ns_17ns_21_4_1_DSP48_0_U/p is absorbed into DSP ama_addmuladd_9s_8s_11ns_17ns_21_4_1_U575/graphsage_int8_po2_ama_addmuladd_9s_8s_11ns_17ns_21_4_1_DSP48_0_U/p_reg_reg.
DSP Report: operator ama_addmuladd_9s_8s_11ns_17ns_21_4_1_U575/graphsage_int8_po2_ama_addmuladd_9s_8s_11ns_17ns_21_4_1_DSP48_0_U/m is absorbed into DSP ama_addmuladd_9s_8s_11ns_17ns_21_4_1_U575/graphsage_int8_po2_ama_addmuladd_9s_8s_11ns_17ns_21_4_1_DSP48_0_U/p_reg_reg.
DSP Report: operator ama_addmuladd_9s_8s_11ns_17ns_21_4_1_U575/graphsage_int8_po2_ama_addmuladd_9s_8s_11ns_17ns_21_4_1_DSP48_0_U/ad is absorbed into DSP ama_addmuladd_9s_8s_11ns_17ns_21_4_1_U575/graphsage_int8_po2_ama_addmuladd_9s_8s_11ns_17ns_21_4_1_DSP48_0_U/p_reg_reg.
DSP Report: Generating DSP ama_addmuladd_9s_8s_11ns_17ns_21_4_1_U574/graphsage_int8_po2_ama_addmuladd_9s_8s_11ns_17ns_21_4_1_DSP48_0_U/p_reg_reg, operation Mode is: (C:0x10000)+((D'+A2)*(B:0x555)')'.
DSP Report: register neighbor_sum_16_reg_22860_reg is absorbed into DSP ama_addmuladd_9s_8s_11ns_17ns_21_4_1_U574/graphsage_int8_po2_ama_addmuladd_9s_8s_11ns_17ns_21_4_1_DSP48_0_U/p_reg_reg.
DSP Report: register registered_input_117_reg_22780_reg is absorbed into DSP ama_addmuladd_9s_8s_11ns_17ns_21_4_1_U574/graphsage_int8_po2_ama_addmuladd_9s_8s_11ns_17ns_21_4_1_DSP48_0_U/p_reg_reg.
DSP Report: register ama_addmuladd_9s_8s_11ns_17ns_21_4_1_U632/graphsage_int8_po2_ama_addmuladd_9s_8s_11ns_17ns_21_4_1_DSP48_0_U/b_reg_reg is absorbed into DSP ama_addmuladd_9s_8s_11ns_17ns_21_4_1_U574/graphsage_int8_po2_ama_addmuladd_9s_8s_11ns_17ns_21_4_1_DSP48_0_U/p_reg_reg.
DSP Report: register ama_addmuladd_9s_8s_11ns_17ns_21_4_1_U574/graphsage_int8_po2_ama_addmuladd_9s_8s_11ns_17ns_21_4_1_DSP48_0_U/p_reg_reg is absorbed into DSP ama_addmuladd_9s_8s_11ns_17ns_21_4_1_U574/graphsage_int8_po2_ama_addmuladd_9s_8s_11ns_17ns_21_4_1_DSP48_0_U/p_reg_reg.
DSP Report: register ama_addmuladd_9s_8s_11ns_17ns_21_4_1_U574/graphsage_int8_po2_ama_addmuladd_9s_8s_11ns_17ns_21_4_1_DSP48_0_U/m_reg_reg is absorbed into DSP ama_addmuladd_9s_8s_11ns_17ns_21_4_1_U574/graphsage_int8_po2_ama_addmuladd_9s_8s_11ns_17ns_21_4_1_DSP48_0_U/p_reg_reg.
DSP Report: register ama_addmuladd_9s_8s_11ns_17ns_21_4_1_U574/graphsage_int8_po2_ama_addmuladd_9s_8s_11ns_17ns_21_4_1_DSP48_0_U/ad_reg_reg is absorbed into DSP ama_addmuladd_9s_8s_11ns_17ns_21_4_1_U574/graphsage_int8_po2_ama_addmuladd_9s_8s_11ns_17ns_21_4_1_DSP48_0_U/p_reg_reg.
DSP Report: operator ama_addmuladd_9s_8s_11ns_17ns_21_4_1_U574/graphsage_int8_po2_ama_addmuladd_9s_8s_11ns_17ns_21_4_1_DSP48_0_U/p is absorbed into DSP ama_addmuladd_9s_8s_11ns_17ns_21_4_1_U574/graphsage_int8_po2_ama_addmuladd_9s_8s_11ns_17ns_21_4_1_DSP48_0_U/p_reg_reg.
DSP Report: operator ama_addmuladd_9s_8s_11ns_17ns_21_4_1_U574/graphsage_int8_po2_ama_addmuladd_9s_8s_11ns_17ns_21_4_1_DSP48_0_U/m is absorbed into DSP ama_addmuladd_9s_8s_11ns_17ns_21_4_1_U574/graphsage_int8_po2_ama_addmuladd_9s_8s_11ns_17ns_21_4_1_DSP48_0_U/p_reg_reg.
DSP Report: operator ama_addmuladd_9s_8s_11ns_17ns_21_4_1_U574/graphsage_int8_po2_ama_addmuladd_9s_8s_11ns_17ns_21_4_1_DSP48_0_U/ad is absorbed into DSP ama_addmuladd_9s_8s_11ns_17ns_21_4_1_U574/graphsage_int8_po2_ama_addmuladd_9s_8s_11ns_17ns_21_4_1_DSP48_0_U/p_reg_reg.
DSP Report: Generating DSP ama_addmuladd_9s_8s_11ns_17ns_21_4_1_U573/graphsage_int8_po2_ama_addmuladd_9s_8s_11ns_17ns_21_4_1_DSP48_0_U/p_reg_reg, operation Mode is: (C:0x10000)+((D'+A2)*(B:0x555)')'.
DSP Report: register neighbor_sum_13_reg_22855_reg is absorbed into DSP ama_addmuladd_9s_8s_11ns_17ns_21_4_1_U573/graphsage_int8_po2_ama_addmuladd_9s_8s_11ns_17ns_21_4_1_DSP48_0_U/p_reg_reg.
DSP Report: register registered_input_116_reg_22775_reg is absorbed into DSP ama_addmuladd_9s_8s_11ns_17ns_21_4_1_U573/graphsage_int8_po2_ama_addmuladd_9s_8s_11ns_17ns_21_4_1_DSP48_0_U/p_reg_reg.
DSP Report: register ama_addmuladd_9s_8s_11ns_17ns_21_4_1_U632/graphsage_int8_po2_ama_addmuladd_9s_8s_11ns_17ns_21_4_1_DSP48_0_U/b_reg_reg is absorbed into DSP ama_addmuladd_9s_8s_11ns_17ns_21_4_1_U573/graphsage_int8_po2_ama_addmuladd_9s_8s_11ns_17ns_21_4_1_DSP48_0_U/p_reg_reg.
DSP Report: register ama_addmuladd_9s_8s_11ns_17ns_21_4_1_U573/graphsage_int8_po2_ama_addmuladd_9s_8s_11ns_17ns_21_4_1_DSP48_0_U/p_reg_reg is absorbed into DSP ama_addmuladd_9s_8s_11ns_17ns_21_4_1_U573/graphsage_int8_po2_ama_addmuladd_9s_8s_11ns_17ns_21_4_1_DSP48_0_U/p_reg_reg.
DSP Report: register ama_addmuladd_9s_8s_11ns_17ns_21_4_1_U573/graphsage_int8_po2_ama_addmuladd_9s_8s_11ns_17ns_21_4_1_DSP48_0_U/m_reg_reg is absorbed into DSP ama_addmuladd_9s_8s_11ns_17ns_21_4_1_U573/graphsage_int8_po2_ama_addmuladd_9s_8s_11ns_17ns_21_4_1_DSP48_0_U/p_reg_reg.
DSP Report: register ama_addmuladd_9s_8s_11ns_17ns_21_4_1_U573/graphsage_int8_po2_ama_addmuladd_9s_8s_11ns_17ns_21_4_1_DSP48_0_U/ad_reg_reg is absorbed into DSP ama_addmuladd_9s_8s_11ns_17ns_21_4_1_U573/graphsage_int8_po2_ama_addmuladd_9s_8s_11ns_17ns_21_4_1_DSP48_0_U/p_reg_reg.
DSP Report: operator ama_addmuladd_9s_8s_11ns_17ns_21_4_1_U573/graphsage_int8_po2_ama_addmuladd_9s_8s_11ns_17ns_21_4_1_DSP48_0_U/p is absorbed into DSP ama_addmuladd_9s_8s_11ns_17ns_21_4_1_U573/graphsage_int8_po2_ama_addmuladd_9s_8s_11ns_17ns_21_4_1_DSP48_0_U/p_reg_reg.
DSP Report: operator ama_addmuladd_9s_8s_11ns_17ns_21_4_1_U573/graphsage_int8_po2_ama_addmuladd_9s_8s_11ns_17ns_21_4_1_DSP48_0_U/m is absorbed into DSP ama_addmuladd_9s_8s_11ns_17ns_21_4_1_U573/graphsage_int8_po2_ama_addmuladd_9s_8s_11ns_17ns_21_4_1_DSP48_0_U/p_reg_reg.
DSP Report: operator ama_addmuladd_9s_8s_11ns_17ns_21_4_1_U573/graphsage_int8_po2_ama_addmuladd_9s_8s_11ns_17ns_21_4_1_DSP48_0_U/ad is absorbed into DSP ama_addmuladd_9s_8s_11ns_17ns_21_4_1_U573/graphsage_int8_po2_ama_addmuladd_9s_8s_11ns_17ns_21_4_1_DSP48_0_U/p_reg_reg.
DSP Report: Generating DSP ama_addmuladd_9s_8s_11ns_17ns_21_4_1_U569/graphsage_int8_po2_ama_addmuladd_9s_8s_11ns_17ns_21_4_1_DSP48_0_U/p_reg_reg, operation Mode is: (C:0x10000)+((D'+A2)*(B:0x555)')'.
DSP Report: register neighbor_sum_1_reg_22835_reg is absorbed into DSP ama_addmuladd_9s_8s_11ns_17ns_21_4_1_U569/graphsage_int8_po2_ama_addmuladd_9s_8s_11ns_17ns_21_4_1_DSP48_0_U/p_reg_reg.
DSP Report: register registered_input_112_reg_22755_reg is absorbed into DSP ama_addmuladd_9s_8s_11ns_17ns_21_4_1_U569/graphsage_int8_po2_ama_addmuladd_9s_8s_11ns_17ns_21_4_1_DSP48_0_U/p_reg_reg.
DSP Report: register ama_addmuladd_9s_8s_11ns_17ns_21_4_1_U632/graphsage_int8_po2_ama_addmuladd_9s_8s_11ns_17ns_21_4_1_DSP48_0_U/b_reg_reg is absorbed into DSP ama_addmuladd_9s_8s_11ns_17ns_21_4_1_U569/graphsage_int8_po2_ama_addmuladd_9s_8s_11ns_17ns_21_4_1_DSP48_0_U/p_reg_reg.
DSP Report: register ama_addmuladd_9s_8s_11ns_17ns_21_4_1_U569/graphsage_int8_po2_ama_addmuladd_9s_8s_11ns_17ns_21_4_1_DSP48_0_U/p_reg_reg is absorbed into DSP ama_addmuladd_9s_8s_11ns_17ns_21_4_1_U569/graphsage_int8_po2_ama_addmuladd_9s_8s_11ns_17ns_21_4_1_DSP48_0_U/p_reg_reg.
DSP Report: register ama_addmuladd_9s_8s_11ns_17ns_21_4_1_U569/graphsage_int8_po2_ama_addmuladd_9s_8s_11ns_17ns_21_4_1_DSP48_0_U/m_reg_reg is absorbed into DSP ama_addmuladd_9s_8s_11ns_17ns_21_4_1_U569/graphsage_int8_po2_ama_addmuladd_9s_8s_11ns_17ns_21_4_1_DSP48_0_U/p_reg_reg.
DSP Report: register ama_addmuladd_9s_8s_11ns_17ns_21_4_1_U569/graphsage_int8_po2_ama_addmuladd_9s_8s_11ns_17ns_21_4_1_DSP48_0_U/ad_reg_reg is absorbed into DSP ama_addmuladd_9s_8s_11ns_17ns_21_4_1_U569/graphsage_int8_po2_ama_addmuladd_9s_8s_11ns_17ns_21_4_1_DSP48_0_U/p_reg_reg.
DSP Report: operator ama_addmuladd_9s_8s_11ns_17ns_21_4_1_U569/graphsage_int8_po2_ama_addmuladd_9s_8s_11ns_17ns_21_4_1_DSP48_0_U/p is absorbed into DSP ama_addmuladd_9s_8s_11ns_17ns_21_4_1_U569/graphsage_int8_po2_ama_addmuladd_9s_8s_11ns_17ns_21_4_1_DSP48_0_U/p_reg_reg.
DSP Report: operator ama_addmuladd_9s_8s_11ns_17ns_21_4_1_U569/graphsage_int8_po2_ama_addmuladd_9s_8s_11ns_17ns_21_4_1_DSP48_0_U/m is absorbed into DSP ama_addmuladd_9s_8s_11ns_17ns_21_4_1_U569/graphsage_int8_po2_ama_addmuladd_9s_8s_11ns_17ns_21_4_1_DSP48_0_U/p_reg_reg.
DSP Report: operator ama_addmuladd_9s_8s_11ns_17ns_21_4_1_U569/graphsage_int8_po2_ama_addmuladd_9s_8s_11ns_17ns_21_4_1_DSP48_0_U/ad is absorbed into DSP ama_addmuladd_9s_8s_11ns_17ns_21_4_1_U569/graphsage_int8_po2_ama_addmuladd_9s_8s_11ns_17ns_21_4_1_DSP48_0_U/p_reg_reg.
DSP Report: Generating DSP ama_addmuladd_9s_8s_11ns_17ns_21_4_1_U629/graphsage_int8_po2_ama_addmuladd_9s_8s_11ns_17ns_21_4_1_DSP48_0_U/p_reg_reg, operation Mode is: (C:0x10000)+((D'+A)*(B:0x555)')'.
DSP Report: register add_ln31_24_reg_23505_reg is absorbed into DSP ama_addmuladd_9s_8s_11ns_17ns_21_4_1_U629/graphsage_int8_po2_ama_addmuladd_9s_8s_11ns_17ns_21_4_1_DSP48_0_U/p_reg_reg.
DSP Report: register ama_addmuladd_9s_8s_11ns_17ns_21_4_1_U632/graphsage_int8_po2_ama_addmuladd_9s_8s_11ns_17ns_21_4_1_DSP48_0_U/b_reg_reg is absorbed into DSP ama_addmuladd_9s_8s_11ns_17ns_21_4_1_U629/graphsage_int8_po2_ama_addmuladd_9s_8s_11ns_17ns_21_4_1_DSP48_0_U/p_reg_reg.
DSP Report: register ama_addmuladd_9s_8s_11ns_17ns_21_4_1_U629/graphsage_int8_po2_ama_addmuladd_9s_8s_11ns_17ns_21_4_1_DSP48_0_U/p_reg_reg is absorbed into DSP ama_addmuladd_9s_8s_11ns_17ns_21_4_1_U629/graphsage_int8_po2_ama_addmuladd_9s_8s_11ns_17ns_21_4_1_DSP48_0_U/p_reg_reg.
DSP Report: register ama_addmuladd_9s_8s_11ns_17ns_21_4_1_U629/graphsage_int8_po2_ama_addmuladd_9s_8s_11ns_17ns_21_4_1_DSP48_0_U/m_reg_reg is absorbed into DSP ama_addmuladd_9s_8s_11ns_17ns_21_4_1_U629/graphsage_int8_po2_ama_addmuladd_9s_8s_11ns_17ns_21_4_1_DSP48_0_U/p_reg_reg.
DSP Report: register ama_addmuladd_9s_8s_11ns_17ns_21_4_1_U629/graphsage_int8_po2_ama_addmuladd_9s_8s_11ns_17ns_21_4_1_DSP48_0_U/ad_reg_reg is absorbed into DSP ama_addmuladd_9s_8s_11ns_17ns_21_4_1_U629/graphsage_int8_po2_ama_addmuladd_9s_8s_11ns_17ns_21_4_1_DSP48_0_U/p_reg_reg.
DSP Report: operator ama_addmuladd_9s_8s_11ns_17ns_21_4_1_U629/graphsage_int8_po2_ama_addmuladd_9s_8s_11ns_17ns_21_4_1_DSP48_0_U/p is absorbed into DSP ama_addmuladd_9s_8s_11ns_17ns_21_4_1_U629/graphsage_int8_po2_ama_addmuladd_9s_8s_11ns_17ns_21_4_1_DSP48_0_U/p_reg_reg.
DSP Report: operator ama_addmuladd_9s_8s_11ns_17ns_21_4_1_U629/graphsage_int8_po2_ama_addmuladd_9s_8s_11ns_17ns_21_4_1_DSP48_0_U/m is absorbed into DSP ama_addmuladd_9s_8s_11ns_17ns_21_4_1_U629/graphsage_int8_po2_ama_addmuladd_9s_8s_11ns_17ns_21_4_1_DSP48_0_U/p_reg_reg.
DSP Report: operator ama_addmuladd_9s_8s_11ns_17ns_21_4_1_U629/graphsage_int8_po2_ama_addmuladd_9s_8s_11ns_17ns_21_4_1_DSP48_0_U/ad is absorbed into DSP ama_addmuladd_9s_8s_11ns_17ns_21_4_1_U629/graphsage_int8_po2_ama_addmuladd_9s_8s_11ns_17ns_21_4_1_DSP48_0_U/p_reg_reg.
DSP Report: Generating DSP ama_addmuladd_9s_8s_11ns_17ns_21_4_1_U626/graphsage_int8_po2_ama_addmuladd_9s_8s_11ns_17ns_21_4_1_DSP48_0_U/p_reg_reg, operation Mode is: (C:0x10000)+((D'+A)*(B:0x555)')'.
DSP Report: register add_ln31_18_reg_23490_reg is absorbed into DSP ama_addmuladd_9s_8s_11ns_17ns_21_4_1_U626/graphsage_int8_po2_ama_addmuladd_9s_8s_11ns_17ns_21_4_1_DSP48_0_U/p_reg_reg.
DSP Report: register ama_addmuladd_9s_8s_11ns_17ns_21_4_1_U632/graphsage_int8_po2_ama_addmuladd_9s_8s_11ns_17ns_21_4_1_DSP48_0_U/b_reg_reg is absorbed into DSP ama_addmuladd_9s_8s_11ns_17ns_21_4_1_U626/graphsage_int8_po2_ama_addmuladd_9s_8s_11ns_17ns_21_4_1_DSP48_0_U/p_reg_reg.
DSP Report: register ama_addmuladd_9s_8s_11ns_17ns_21_4_1_U626/graphsage_int8_po2_ama_addmuladd_9s_8s_11ns_17ns_21_4_1_DSP48_0_U/p_reg_reg is absorbed into DSP ama_addmuladd_9s_8s_11ns_17ns_21_4_1_U626/graphsage_int8_po2_ama_addmuladd_9s_8s_11ns_17ns_21_4_1_DSP48_0_U/p_reg_reg.
DSP Report: register ama_addmuladd_9s_8s_11ns_17ns_21_4_1_U626/graphsage_int8_po2_ama_addmuladd_9s_8s_11ns_17ns_21_4_1_DSP48_0_U/m_reg_reg is absorbed into DSP ama_addmuladd_9s_8s_11ns_17ns_21_4_1_U626/graphsage_int8_po2_ama_addmuladd_9s_8s_11ns_17ns_21_4_1_DSP48_0_U/p_reg_reg.
DSP Report: register ama_addmuladd_9s_8s_11ns_17ns_21_4_1_U626/graphsage_int8_po2_ama_addmuladd_9s_8s_11ns_17ns_21_4_1_DSP48_0_U/ad_reg_reg is absorbed into DSP ama_addmuladd_9s_8s_11ns_17ns_21_4_1_U626/graphsage_int8_po2_ama_addmuladd_9s_8s_11ns_17ns_21_4_1_DSP48_0_U/p_reg_reg.
DSP Report: operator ama_addmuladd_9s_8s_11ns_17ns_21_4_1_U626/graphsage_int8_po2_ama_addmuladd_9s_8s_11ns_17ns_21_4_1_DSP48_0_U/p is absorbed into DSP ama_addmuladd_9s_8s_11ns_17ns_21_4_1_U626/graphsage_int8_po2_ama_addmuladd_9s_8s_11ns_17ns_21_4_1_DSP48_0_U/p_reg_reg.
DSP Report: operator ama_addmuladd_9s_8s_11ns_17ns_21_4_1_U626/graphsage_int8_po2_ama_addmuladd_9s_8s_11ns_17ns_21_4_1_DSP48_0_U/m is absorbed into DSP ama_addmuladd_9s_8s_11ns_17ns_21_4_1_U626/graphsage_int8_po2_ama_addmuladd_9s_8s_11ns_17ns_21_4_1_DSP48_0_U/p_reg_reg.
DSP Report: operator ama_addmuladd_9s_8s_11ns_17ns_21_4_1_U626/graphsage_int8_po2_ama_addmuladd_9s_8s_11ns_17ns_21_4_1_DSP48_0_U/ad is absorbed into DSP ama_addmuladd_9s_8s_11ns_17ns_21_4_1_U626/graphsage_int8_po2_ama_addmuladd_9s_8s_11ns_17ns_21_4_1_DSP48_0_U/p_reg_reg.
DSP Report: Generating DSP ama_addmuladd_9s_8s_11ns_17ns_21_4_1_U627/graphsage_int8_po2_ama_addmuladd_9s_8s_11ns_17ns_21_4_1_DSP48_0_U/p_reg_reg, operation Mode is: (C:0x10000)+((D'+A)*(B:0x555)')'.
DSP Report: register add_ln31_20_reg_23495_reg is absorbed into DSP ama_addmuladd_9s_8s_11ns_17ns_21_4_1_U627/graphsage_int8_po2_ama_addmuladd_9s_8s_11ns_17ns_21_4_1_DSP48_0_U/p_reg_reg.
DSP Report: register ama_addmuladd_9s_8s_11ns_17ns_21_4_1_U632/graphsage_int8_po2_ama_addmuladd_9s_8s_11ns_17ns_21_4_1_DSP48_0_U/b_reg_reg is absorbed into DSP ama_addmuladd_9s_8s_11ns_17ns_21_4_1_U627/graphsage_int8_po2_ama_addmuladd_9s_8s_11ns_17ns_21_4_1_DSP48_0_U/p_reg_reg.
DSP Report: register ama_addmuladd_9s_8s_11ns_17ns_21_4_1_U627/graphsage_int8_po2_ama_addmuladd_9s_8s_11ns_17ns_21_4_1_DSP48_0_U/p_reg_reg is absorbed into DSP ama_addmuladd_9s_8s_11ns_17ns_21_4_1_U627/graphsage_int8_po2_ama_addmuladd_9s_8s_11ns_17ns_21_4_1_DSP48_0_U/p_reg_reg.
DSP Report: register ama_addmuladd_9s_8s_11ns_17ns_21_4_1_U627/graphsage_int8_po2_ama_addmuladd_9s_8s_11ns_17ns_21_4_1_DSP48_0_U/m_reg_reg is absorbed into DSP ama_addmuladd_9s_8s_11ns_17ns_21_4_1_U627/graphsage_int8_po2_ama_addmuladd_9s_8s_11ns_17ns_21_4_1_DSP48_0_U/p_reg_reg.
DSP Report: register ama_addmuladd_9s_8s_11ns_17ns_21_4_1_U627/graphsage_int8_po2_ama_addmuladd_9s_8s_11ns_17ns_21_4_1_DSP48_0_U/ad_reg_reg is absorbed into DSP ama_addmuladd_9s_8s_11ns_17ns_21_4_1_U627/graphsage_int8_po2_ama_addmuladd_9s_8s_11ns_17ns_21_4_1_DSP48_0_U/p_reg_reg.
DSP Report: operator ama_addmuladd_9s_8s_11ns_17ns_21_4_1_U627/graphsage_int8_po2_ama_addmuladd_9s_8s_11ns_17ns_21_4_1_DSP48_0_U/p is absorbed into DSP ama_addmuladd_9s_8s_11ns_17ns_21_4_1_U627/graphsage_int8_po2_ama_addmuladd_9s_8s_11ns_17ns_21_4_1_DSP48_0_U/p_reg_reg.
DSP Report: operator ama_addmuladd_9s_8s_11ns_17ns_21_4_1_U627/graphsage_int8_po2_ama_addmuladd_9s_8s_11ns_17ns_21_4_1_DSP48_0_U/m is absorbed into DSP ama_addmuladd_9s_8s_11ns_17ns_21_4_1_U627/graphsage_int8_po2_ama_addmuladd_9s_8s_11ns_17ns_21_4_1_DSP48_0_U/p_reg_reg.
DSP Report: operator ama_addmuladd_9s_8s_11ns_17ns_21_4_1_U627/graphsage_int8_po2_ama_addmuladd_9s_8s_11ns_17ns_21_4_1_DSP48_0_U/ad is absorbed into DSP ama_addmuladd_9s_8s_11ns_17ns_21_4_1_U627/graphsage_int8_po2_ama_addmuladd_9s_8s_11ns_17ns_21_4_1_DSP48_0_U/p_reg_reg.
DSP Report: Generating DSP ama_addmuladd_9s_8s_11ns_17ns_21_4_1_U630/graphsage_int8_po2_ama_addmuladd_9s_8s_11ns_17ns_21_4_1_DSP48_0_U/p_reg_reg, operation Mode is: (C:0x10000)+((D'+A)*(B:0x555)')'.
DSP Report: register add_ln31_26_reg_23510_reg is absorbed into DSP ama_addmuladd_9s_8s_11ns_17ns_21_4_1_U630/graphsage_int8_po2_ama_addmuladd_9s_8s_11ns_17ns_21_4_1_DSP48_0_U/p_reg_reg.
DSP Report: register ama_addmuladd_9s_8s_11ns_17ns_21_4_1_U632/graphsage_int8_po2_ama_addmuladd_9s_8s_11ns_17ns_21_4_1_DSP48_0_U/b_reg_reg is absorbed into DSP ama_addmuladd_9s_8s_11ns_17ns_21_4_1_U630/graphsage_int8_po2_ama_addmuladd_9s_8s_11ns_17ns_21_4_1_DSP48_0_U/p_reg_reg.
DSP Report: register ama_addmuladd_9s_8s_11ns_17ns_21_4_1_U630/graphsage_int8_po2_ama_addmuladd_9s_8s_11ns_17ns_21_4_1_DSP48_0_U/p_reg_reg is absorbed into DSP ama_addmuladd_9s_8s_11ns_17ns_21_4_1_U630/graphsage_int8_po2_ama_addmuladd_9s_8s_11ns_17ns_21_4_1_DSP48_0_U/p_reg_reg.
DSP Report: register ama_addmuladd_9s_8s_11ns_17ns_21_4_1_U630/graphsage_int8_po2_ama_addmuladd_9s_8s_11ns_17ns_21_4_1_DSP48_0_U/m_reg_reg is absorbed into DSP ama_addmuladd_9s_8s_11ns_17ns_21_4_1_U630/graphsage_int8_po2_ama_addmuladd_9s_8s_11ns_17ns_21_4_1_DSP48_0_U/p_reg_reg.
DSP Report: register ama_addmuladd_9s_8s_11ns_17ns_21_4_1_U630/graphsage_int8_po2_ama_addmuladd_9s_8s_11ns_17ns_21_4_1_DSP48_0_U/ad_reg_reg is absorbed into DSP ama_addmuladd_9s_8s_11ns_17ns_21_4_1_U630/graphsage_int8_po2_ama_addmuladd_9s_8s_11ns_17ns_21_4_1_DSP48_0_U/p_reg_reg.
DSP Report: operator ama_addmuladd_9s_8s_11ns_17ns_21_4_1_U630/graphsage_int8_po2_ama_addmuladd_9s_8s_11ns_17ns_21_4_1_DSP48_0_U/p is absorbed into DSP ama_addmuladd_9s_8s_11ns_17ns_21_4_1_U630/graphsage_int8_po2_ama_addmuladd_9s_8s_11ns_17ns_21_4_1_DSP48_0_U/p_reg_reg.
DSP Report: operator ama_addmuladd_9s_8s_11ns_17ns_21_4_1_U630/graphsage_int8_po2_ama_addmuladd_9s_8s_11ns_17ns_21_4_1_DSP48_0_U/m is absorbed into DSP ama_addmuladd_9s_8s_11ns_17ns_21_4_1_U630/graphsage_int8_po2_ama_addmuladd_9s_8s_11ns_17ns_21_4_1_DSP48_0_U/p_reg_reg.
DSP Report: operator ama_addmuladd_9s_8s_11ns_17ns_21_4_1_U630/graphsage_int8_po2_ama_addmuladd_9s_8s_11ns_17ns_21_4_1_DSP48_0_U/ad is absorbed into DSP ama_addmuladd_9s_8s_11ns_17ns_21_4_1_U630/graphsage_int8_po2_ama_addmuladd_9s_8s_11ns_17ns_21_4_1_DSP48_0_U/p_reg_reg.
INFO: [Common 17-14] Message 'Synth 8-3886' appears 100 times and further instances of the messages will be disabled. Use the Tcl command set_msg_config to change the current settings.
INFO: [Common 17-14] Message 'Synth 8-3333' appears 100 times and further instances of the messages will be disabled. Use the Tcl command set_msg_config to change the current settings.
INFO: [Synth 8-4471] merging register 'ama_addmuladd_9s_8s_11ns_17ns_21_4_1_U572/graphsage_int8_po2_ama_addmuladd_9s_8s_11ns_17ns_21_4_1_DSP48_0_U/b_reg_reg[17:0]' into 'ama_addmuladd_9s_8s_11ns_17ns_21_4_1_U570/graphsage_int8_po2_ama_addmuladd_9s_8s_11ns_17ns_21_4_1_DSP48_0_U/b_reg_reg[17:0]' [/mnt_pool/c3_users/user/pleguina/graphsage_vivado_2024_1_sweep/build/hls/graphsage_int8_po2_19c_const_params/solution1/syn/verilog/graphsage_int8_po2_ama_addmuladd_9s_8s_11ns_17ns_21_4_1.v:36]
INFO: [Synth 8-4471] merging register 'ama_addmuladd_9s_8s_11ns_17ns_21_4_1_U586/graphsage_int8_po2_ama_addmuladd_9s_8s_11ns_17ns_21_4_1_DSP48_0_U/b_reg_reg[17:0]' into 'ama_addmuladd_9s_8s_11ns_17ns_21_4_1_U570/graphsage_int8_po2_ama_addmuladd_9s_8s_11ns_17ns_21_4_1_DSP48_0_U/b_reg_reg[17:0]' [/mnt_pool/c3_users/user/pleguina/graphsage_vivado_2024_1_sweep/build/hls/graphsage_int8_po2_19c_const_params/solution1/syn/verilog/graphsage_int8_po2_ama_addmuladd_9s_8s_11ns_17ns_21_4_1.v:36]
INFO: [Synth 8-4471] merging register 'ama_addmuladd_9s_8s_11ns_17ns_21_4_1_U588/graphsage_int8_po2_ama_addmuladd_9s_8s_11ns_17ns_21_4_1_DSP48_0_U/b_reg_reg[17:0]' into 'ama_addmuladd_9s_8s_11ns_17ns_21_4_1_U570/graphsage_int8_po2_ama_addmuladd_9s_8s_11ns_17ns_21_4_1_DSP48_0_U/b_reg_reg[17:0]' [/mnt_pool/c3_users/user/pleguina/graphsage_vivado_2024_1_sweep/build/hls/graphsage_int8_po2_19c_const_params/solution1/syn/verilog/graphsage_int8_po2_ama_addmuladd_9s_8s_11ns_17ns_21_4_1.v:36]
INFO: [Synth 8-4471] merging register 'ama_addmuladd_9s_8s_11ns_17ns_21_4_1_U602/graphsage_int8_po2_ama_addmuladd_9s_8s_11ns_17ns_21_4_1_DSP48_0_U/b_reg_reg[17:0]' into 'ama_addmuladd_9s_8s_11ns_17ns_21_4_1_U570/graphsage_int8_po2_ama_addmuladd_9s_8s_11ns_17ns_21_4_1_DSP48_0_U/b_reg_reg[17:0]' [/mnt_pool/c3_users/user/pleguina/graphsage_vivado_2024_1_sweep/build/hls/graphsage_int8_po2_19c_const_params/solution1/syn/verilog/graphsage_int8_po2_ama_addmuladd_9s_8s_11ns_17ns_21_4_1.v:36]
INFO: [Synth 8-4471] merging register 'ama_addmuladd_9s_8s_11ns_17ns_21_4_1_U604/graphsage_int8_po2_ama_addmuladd_9s_8s_11ns_17ns_21_4_1_DSP48_0_U/b_reg_reg[17:0]' into 'ama_addmuladd_9s_8s_11ns_17ns_21_4_1_U570/graphsage_int8_po2_ama_addmuladd_9s_8s_11ns_17ns_21_4_1_DSP48_0_U/b_reg_reg[17:0]' [/mnt_pool/c3_users/user/pleguina/graphsage_vivado_2024_1_sweep/build/hls/graphsage_int8_po2_19c_const_params/solution1/syn/verilog/graphsage_int8_po2_ama_addmuladd_9s_8s_11ns_17ns_21_4_1.v:36]
INFO: [Synth 8-4471] merging register 'ama_addmuladd_9s_8s_11ns_17ns_21_4_1_U618/graphsage_int8_po2_ama_addmuladd_9s_8s_11ns_17ns_21_4_1_DSP48_0_U/b_reg_reg[17:0]' into 'ama_addmuladd_9s_8s_11ns_17ns_21_4_1_U570/graphsage_int8_po2_ama_addmuladd_9s_8s_11ns_17ns_21_4_1_DSP48_0_U/b_reg_reg[17:0]' [/mnt_pool/c3_users/user/pleguina/graphsage_vivado_2024_1_sweep/build/hls/graphsage_int8_po2_19c_const_params/solution1/syn/verilog/graphsage_int8_po2_ama_addmuladd_9s_8s_11ns_17ns_21_4_1.v:36]
INFO: [Synth 8-4471] merging register 'ama_addmuladd_9s_8s_11ns_17ns_21_4_1_U620/graphsage_int8_po2_ama_addmuladd_9s_8s_11ns_17ns_21_4_1_DSP48_0_U/b_reg_reg[17:0]' into 'ama_addmuladd_9s_8s_11ns_17ns_21_4_1_U570/graphsage_int8_po2_ama_addmuladd_9s_8s_11ns_17ns_21_4_1_DSP48_0_U/b_reg_reg[17:0]' [/mnt_pool/c3_users/user/pleguina/graphsage_vivado_2024_1_sweep/build/hls/graphsage_int8_po2_19c_const_params/solution1/syn/verilog/graphsage_int8_po2_ama_addmuladd_9s_8s_11ns_17ns_21_4_1.v:36]
DSP Report: Generating DSP ama_addmuladd_9s_8s_11ns_17ns_21_4_1_U570/graphsage_int8_po2_ama_addmuladd_9s_8s_11ns_17ns_21_4_1_DSP48_0_U/p_reg_reg, operation Mode is: (C:0x10000)+((D'+A2)*(B:0x555)')'.
DSP Report: register registered_input_113_reg_22760_reg is absorbed into DSP ama_addmuladd_9s_8s_11ns_17ns_21_4_1_U570/graphsage_int8_po2_ama_addmuladd_9s_8s_11ns_17ns_21_4_1_DSP48_0_U/p_reg_reg.
DSP Report: register ama_addmuladd_9s_8s_11ns_17ns_21_4_1_U570/graphsage_int8_po2_ama_addmuladd_9s_8s_11ns_17ns_21_4_1_DSP48_0_U/b_reg_reg is absorbed into DSP ama_addmuladd_9s_8s_11ns_17ns_21_4_1_U570/graphsage_int8_po2_ama_addmuladd_9s_8s_11ns_17ns_21_4_1_DSP48_0_U/p_reg_reg.
DSP Report: register neighbor_sum_4_reg_22840_reg is absorbed into DSP ama_addmuladd_9s_8s_11ns_17ns_21_4_1_U570/graphsage_int8_po2_ama_addmuladd_9s_8s_11ns_17ns_21_4_1_DSP48_0_U/p_reg_reg.
DSP Report: register ama_addmuladd_9s_8s_11ns_17ns_21_4_1_U570/graphsage_int8_po2_ama_addmuladd_9s_8s_11ns_17ns_21_4_1_DSP48_0_U/p_reg_reg is absorbed into DSP ama_addmuladd_9s_8s_11ns_17ns_21_4_1_U570/graphsage_int8_po2_ama_addmuladd_9s_8s_11ns_17ns_21_4_1_DSP48_0_U/p_reg_reg.
DSP Report: register ama_addmuladd_9s_8s_11ns_17ns_21_4_1_U570/graphsage_int8_po2_ama_addmuladd_9s_8s_11ns_17ns_21_4_1_DSP48_0_U/m_reg_reg is absorbed into DSP ama_addmuladd_9s_8s_11ns_17ns_21_4_1_U570/graphsage_int8_po2_ama_addmuladd_9s_8s_11ns_17ns_21_4_1_DSP48_0_U/p_reg_reg.
DSP Report: register ama_addmuladd_9s_8s_11ns_17ns_21_4_1_U570/graphsage_int8_po2_ama_addmuladd_9s_8s_11ns_17ns_21_4_1_DSP48_0_U/ad_reg_reg is absorbed into DSP ama_addmuladd_9s_8s_11ns_17ns_21_4_1_U570/graphsage_int8_po2_ama_addmuladd_9s_8s_11ns_17ns_21_4_1_DSP48_0_U/p_reg_reg.
DSP Report: operator ama_addmuladd_9s_8s_11ns_17ns_21_4_1_U570/graphsage_int8_po2_ama_addmuladd_9s_8s_11ns_17ns_21_4_1_DSP48_0_U/p is absorbed into DSP ama_addmuladd_9s_8s_11ns_17ns_21_4_1_U570/graphsage_int8_po2_ama_addmuladd_9s_8s_11ns_17ns_21_4_1_DSP48_0_U/p_reg_reg.
DSP Report: operator ama_addmuladd_9s_8s_11ns_17ns_21_4_1_U570/graphsage_int8_po2_ama_addmuladd_9s_8s_11ns_17ns_21_4_1_DSP48_0_U/m is absorbed into DSP ama_addmuladd_9s_8s_11ns_17ns_21_4_1_U570/graphsage_int8_po2_ama_addmuladd_9s_8s_11ns_17ns_21_4_1_DSP48_0_U/p_reg_reg.
DSP Report: operator ama_addmuladd_9s_8s_11ns_17ns_21_4_1_U570/graphsage_int8_po2_ama_addmuladd_9s_8s_11ns_17ns_21_4_1_DSP48_0_U/ad is absorbed into DSP ama_addmuladd_9s_8s_11ns_17ns_21_4_1_U570/graphsage_int8_po2_ama_addmuladd_9s_8s_11ns_17ns_21_4_1_DSP48_0_U/p_reg_reg.
DSP Report: Generating DSP ama_addmuladd_9s_8s_11ns_17ns_21_4_1_U572/graphsage_int8_po2_ama_addmuladd_9s_8s_11ns_17ns_21_4_1_DSP48_0_U/p_reg_reg, operation Mode is: (C:0x10000)+((D'+A2)*(B:0x555)')'.
DSP Report: register registered_input_115_reg_22770_reg is absorbed into DSP ama_addmuladd_9s_8s_11ns_17ns_21_4_1_U572/graphsage_int8_po2_ama_addmuladd_9s_8s_11ns_17ns_21_4_1_DSP48_0_U/p_reg_reg.
DSP Report: register neighbor_sum_10_reg_22850_reg is absorbed into DSP ama_addmuladd_9s_8s_11ns_17ns_21_4_1_U572/graphsage_int8_po2_ama_addmuladd_9s_8s_11ns_17ns_21_4_1_DSP48_0_U/p_reg_reg.
DSP Report: register ama_addmuladd_9s_8s_11ns_17ns_21_4_1_U570/graphsage_int8_po2_ama_addmuladd_9s_8s_11ns_17ns_21_4_1_DSP48_0_U/b_reg_reg is absorbed into DSP ama_addmuladd_9s_8s_11ns_17ns_21_4_1_U572/graphsage_int8_po2_ama_addmuladd_9s_8s_11ns_17ns_21_4_1_DSP48_0_U/p_reg_reg.
DSP Report: register ama_addmuladd_9s_8s_11ns_17ns_21_4_1_U572/graphsage_int8_po2_ama_addmuladd_9s_8s_11ns_17ns_21_4_1_DSP48_0_U/p_reg_reg is absorbed into DSP ama_addmuladd_9s_8s_11ns_17ns_21_4_1_U572/graphsage_int8_po2_ama_addmuladd_9s_8s_11ns_17ns_21_4_1_DSP48_0_U/p_reg_reg.
DSP Report: register ama_addmuladd_9s_8s_11ns_17ns_21_4_1_U572/graphsage_int8_po2_ama_addmuladd_9s_8s_11ns_17ns_21_4_1_DSP48_0_U/m_reg_reg is absorbed into DSP ama_addmuladd_9s_8s_11ns_17ns_21_4_1_U572/graphsage_int8_po2_ama_addmuladd_9s_8s_11ns_17ns_21_4_1_DSP48_0_U/p_reg_reg.
DSP Report: register ama_addmuladd_9s_8s_11ns_17ns_21_4_1_U572/graphsage_int8_po2_ama_addmuladd_9s_8s_11ns_17ns_21_4_1_DSP48_0_U/ad_reg_reg is absorbed into DSP ama_addmuladd_9s_8s_11ns_17ns_21_4_1_U572/graphsage_int8_po2_ama_addmuladd_9s_8s_11ns_17ns_21_4_1_DSP48_0_U/p_reg_reg.
DSP Report: operator ama_addmuladd_9s_8s_11ns_17ns_21_4_1_U572/graphsage_int8_po2_ama_addmuladd_9s_8s_11ns_17ns_21_4_1_DSP48_0_U/p is absorbed into DSP ama_addmuladd_9s_8s_11ns_17ns_21_4_1_U572/graphsage_int8_po2_ama_addmuladd_9s_8s_11ns_17ns_21_4_1_DSP48_0_U/p_reg_reg.
DSP Report: operator ama_addmuladd_9s_8s_11ns_17ns_21_4_1_U572/graphsage_int8_po2_ama_addmuladd_9s_8s_11ns_17ns_21_4_1_DSP48_0_U/m is absorbed into DSP ama_addmuladd_9s_8s_11ns_17ns_21_4_1_U572/graphsage_int8_po2_ama_addmuladd_9s_8s_11ns_17ns_21_4_1_DSP48_0_U/p_reg_reg.
DSP Report: operator ama_addmuladd_9s_8s_11ns_17ns_21_4_1_U572/graphsage_int8_po2_ama_addmuladd_9s_8s_11ns_17ns_21_4_1_DSP48_0_U/ad is absorbed into DSP ama_addmuladd_9s_8s_11ns_17ns_21_4_1_U572/graphsage_int8_po2_ama_addmuladd_9s_8s_11ns_17ns_21_4_1_DSP48_0_U/p_reg_reg.
DSP Report: Generating DSP ama_addmuladd_9s_8s_11ns_17ns_21_4_1_U620/graphsage_int8_po2_ama_addmuladd_9s_8s_11ns_17ns_21_4_1_DSP48_0_U/p_reg_reg, operation Mode is: (C:0x10000)+((D'+A)*(B:0x555)')'.
DSP Report: register add_ln31_6_reg_23460_reg is absorbed into DSP ama_addmuladd_9s_8s_11ns_17ns_21_4_1_U620/graphsage_int8_po2_ama_addmuladd_9s_8s_11ns_17ns_21_4_1_DSP48_0_U/p_reg_reg.
DSP Report: register ama_addmuladd_9s_8s_11ns_17ns_21_4_1_U570/graphsage_int8_po2_ama_addmuladd_9s_8s_11ns_17ns_21_4_1_DSP48_0_U/b_reg_reg is absorbed into DSP ama_addmuladd_9s_8s_11ns_17ns_21_4_1_U620/graphsage_int8_po2_ama_addmuladd_9s_8s_11ns_17ns_21_4_1_DSP48_0_U/p_reg_reg.
DSP Report: register ama_addmuladd_9s_8s_11ns_17ns_21_4_1_U620/graphsage_int8_po2_ama_addmuladd_9s_8s_11ns_17ns_21_4_1_DSP48_0_U/p_reg_reg is absorbed into DSP ama_addmuladd_9s_8s_11ns_17ns_21_4_1_U620/graphsage_int8_po2_ama_addmuladd_9s_8s_11ns_17ns_21_4_1_DSP48_0_U/p_reg_reg.
DSP Report: register ama_addmuladd_9s_8s_11ns_17ns_21_4_1_U620/graphsage_int8_po2_ama_addmuladd_9s_8s_11ns_17ns_21_4_1_DSP48_0_U/m_reg_reg is absorbed into DSP ama_addmuladd_9s_8s_11ns_17ns_21_4_1_U620/graphsage_int8_po2_ama_addmuladd_9s_8s_11ns_17ns_21_4_1_DSP48_0_U/p_reg_reg.
DSP Report: register ama_addmuladd_9s_8s_11ns_17ns_21_4_1_U620/graphsage_int8_po2_ama_addmuladd_9s_8s_11ns_17ns_21_4_1_DSP48_0_U/ad_reg_reg is absorbed into DSP ama_addmuladd_9s_8s_11ns_17ns_21_4_1_U620/graphsage_int8_po2_ama_addmuladd_9s_8s_11ns_17ns_21_4_1_DSP48_0_U/p_reg_reg.
DSP Report: operator ama_addmuladd_9s_8s_11ns_17ns_21_4_1_U620/graphsage_int8_po2_ama_addmuladd_9s_8s_11ns_17ns_21_4_1_DSP48_0_U/p is absorbed into DSP ama_addmuladd_9s_8s_11ns_17ns_21_4_1_U620/graphsage_int8_po2_ama_addmuladd_9s_8s_11ns_17ns_21_4_1_DSP48_0_U/p_reg_reg.
DSP Report: operator ama_addmuladd_9s_8s_11ns_17ns_21_4_1_U620/graphsage_int8_po2_ama_addmuladd_9s_8s_11ns_17ns_21_4_1_DSP48_0_U/m is absorbed into DSP ama_addmuladd_9s_8s_11ns_17ns_21_4_1_U620/graphsage_int8_po2_ama_addmuladd_9s_8s_11ns_17ns_21_4_1_DSP48_0_U/p_reg_reg.
DSP Report: operator ama_addmuladd_9s_8s_11ns_17ns_21_4_1_U620/graphsage_int8_po2_ama_addmuladd_9s_8s_11ns_17ns_21_4_1_DSP48_0_U/ad is absorbed into DSP ama_addmuladd_9s_8s_11ns_17ns_21_4_1_U620/graphsage_int8_po2_ama_addmuladd_9s_8s_11ns_17ns_21_4_1_DSP48_0_U/p_reg_reg.
DSP Report: Generating DSP ama_addmuladd_9s_8s_11ns_17ns_21_4_1_U602/graphsage_int8_po2_ama_addmuladd_9s_8s_11ns_17ns_21_4_1_DSP48_0_U/p_reg_reg, operation Mode is: (C:0x10000)+((D'+A'')*(B:0x555)')'.
DSP Report: register ama_addmuladd_9s_8s_11ns_17ns_21_4_1_U570/graphsage_int8_po2_ama_addmuladd_9s_8s_11ns_17ns_21_4_1_DSP48_0_U/b_reg_reg is absorbed into DSP ama_addmuladd_9s_8s_11ns_17ns_21_4_1_U602/graphsage_int8_po2_ama_addmuladd_9s_8s_11ns_17ns_21_4_1_DSP48_0_U/p_reg_reg.
DSP Report: register neighbor_sum_4_reg_22840_reg is absorbed into DSP ama_addmuladd_9s_8s_11ns_17ns_21_4_1_U602/graphsage_int8_po2_ama_addmuladd_9s_8s_11ns_17ns_21_4_1_DSP48_0_U/p_reg_reg.
DSP Report: register input_6_1_0_data_reg_reg is absorbed into DSP ama_addmuladd_9s_8s_11ns_17ns_21_4_1_U602/graphsage_int8_po2_ama_addmuladd_9s_8s_11ns_17ns_21_4_1_DSP48_0_U/p_reg_reg.
DSP Report: register registered_input_97_reg_22680_reg is absorbed into DSP ama_addmuladd_9s_8s_11ns_17ns_21_4_1_U602/graphsage_int8_po2_ama_addmuladd_9s_8s_11ns_17ns_21_4_1_DSP48_0_U/p_reg_reg.
DSP Report: register ama_addmuladd_9s_8s_11ns_17ns_21_4_1_U602/graphsage_int8_po2_ama_addmuladd_9s_8s_11ns_17ns_21_4_1_DSP48_0_U/p_reg_reg is absorbed into DSP ama_addmuladd_9s_8s_11ns_17ns_21_4_1_U602/graphsage_int8_po2_ama_addmuladd_9s_8s_11ns_17ns_21_4_1_DSP48_0_U/p_reg_reg.
DSP Report: register ama_addmuladd_9s_8s_11ns_17ns_21_4_1_U602/graphsage_int8_po2_ama_addmuladd_9s_8s_11ns_17ns_21_4_1_DSP48_0_U/m_reg_reg is absorbed into DSP ama_addmuladd_9s_8s_11ns_17ns_21_4_1_U602/graphsage_int8_po2_ama_addmuladd_9s_8s_11ns_17ns_21_4_1_DSP48_0_U/p_reg_reg.
DSP Report: register ama_addmuladd_9s_8s_11ns_17ns_21_4_1_U602/graphsage_int8_po2_ama_addmuladd_9s_8s_11ns_17ns_21_4_1_DSP48_0_U/ad_reg_reg is absorbed into DSP ama_addmuladd_9s_8s_11ns_17ns_21_4_1_U602/graphsage_int8_po2_ama_addmuladd_9s_8s_11ns_17ns_21_4_1_DSP48_0_U/p_reg_reg.
DSP Report: operator ama_addmuladd_9s_8s_11ns_17ns_21_4_1_U602/graphsage_int8_po2_ama_addmuladd_9s_8s_11ns_17ns_21_4_1_DSP48_0_U/p is absorbed into DSP ama_addmuladd_9s_8s_11ns_17ns_21_4_1_U602/graphsage_int8_po2_ama_addmuladd_9s_8s_11ns_17ns_21_4_1_DSP48_0_U/p_reg_reg.
DSP Report: operator ama_addmuladd_9s_8s_11ns_17ns_21_4_1_U602/graphsage_int8_po2_ama_addmuladd_9s_8s_11ns_17ns_21_4_1_DSP48_0_U/m is absorbed into DSP ama_addmuladd_9s_8s_11ns_17ns_21_4_1_U602/graphsage_int8_po2_ama_addmuladd_9s_8s_11ns_17ns_21_4_1_DSP48_0_U/p_reg_reg.
DSP Report: operator ama_addmuladd_9s_8s_11ns_17ns_21_4_1_U602/graphsage_int8_po2_ama_addmuladd_9s_8s_11ns_17ns_21_4_1_DSP48_0_U/ad is absorbed into DSP ama_addmuladd_9s_8s_11ns_17ns_21_4_1_U602/graphsage_int8_po2_ama_addmuladd_9s_8s_11ns_17ns_21_4_1_DSP48_0_U/p_reg_reg.
DSP Report: Generating DSP ama_addmuladd_9s_8s_11ns_17ns_21_4_1_U604/graphsage_int8_po2_ama_addmuladd_9s_8s_11ns_17ns_21_4_1_DSP48_0_U/p_reg_reg, operation Mode is: (C:0x10000)+((D'+A'')*(B:0x555)')'.
DSP Report: register neighbor_sum_10_reg_22850_reg is absorbed into DSP ama_addmuladd_9s_8s_11ns_17ns_21_4_1_U604/graphsage_int8_po2_ama_addmuladd_9s_8s_11ns_17ns_21_4_1_DSP48_0_U/p_reg_reg.
DSP Report: register input_6_3_0_data_reg_reg is absorbed into DSP ama_addmuladd_9s_8s_11ns_17ns_21_4_1_U604/graphsage_int8_po2_ama_addmuladd_9s_8s_11ns_17ns_21_4_1_DSP48_0_U/p_reg_reg.
DSP Report: register registered_input_99_reg_22690_reg is absorbed into DSP ama_addmuladd_9s_8s_11ns_17ns_21_4_1_U604/graphsage_int8_po2_ama_addmuladd_9s_8s_11ns_17ns_21_4_1_DSP48_0_U/p_reg_reg.
DSP Report: register ama_addmuladd_9s_8s_11ns_17ns_21_4_1_U570/graphsage_int8_po2_ama_addmuladd_9s_8s_11ns_17ns_21_4_1_DSP48_0_U/b_reg_reg is absorbed into DSP ama_addmuladd_9s_8s_11ns_17ns_21_4_1_U604/graphsage_int8_po2_ama_addmuladd_9s_8s_11ns_17ns_21_4_1_DSP48_0_U/p_reg_reg.
DSP Report: register ama_addmuladd_9s_8s_11ns_17ns_21_4_1_U604/graphsage_int8_po2_ama_addmuladd_9s_8s_11ns_17ns_21_4_1_DSP48_0_U/p_reg_reg is absorbed into DSP ama_addmuladd_9s_8s_11ns_17ns_21_4_1_U604/graphsage_int8_po2_ama_addmuladd_9s_8s_11ns_17ns_21_4_1_DSP48_0_U/p_reg_reg.
DSP Report: register ama_addmuladd_9s_8s_11ns_17ns_21_4_1_U604/graphsage_int8_po2_ama_addmuladd_9s_8s_11ns_17ns_21_4_1_DSP48_0_U/m_reg_reg is absorbed into DSP ama_addmuladd_9s_8s_11ns_17ns_21_4_1_U604/graphsage_int8_po2_ama_addmuladd_9s_8s_11ns_17ns_21_4_1_DSP48_0_U/p_reg_reg.
DSP Report: register ama_addmuladd_9s_8s_11ns_17ns_21_4_1_U604/graphsage_int8_po2_ama_addmuladd_9s_8s_11ns_17ns_21_4_1_DSP48_0_U/ad_reg_reg is absorbed into DSP ama_addmuladd_9s_8s_11ns_17ns_21_4_1_U604/graphsage_int8_po2_ama_addmuladd_9s_8s_11ns_17ns_21_4_1_DSP48_0_U/p_reg_reg.
DSP Report: operator ama_addmuladd_9s_8s_11ns_17ns_21_4_1_U604/graphsage_int8_po2_ama_addmuladd_9s_8s_11ns_17ns_21_4_1_DSP48_0_U/p is absorbed into DSP ama_addmuladd_9s_8s_11ns_17ns_21_4_1_U604/graphsage_int8_po2_ama_addmuladd_9s_8s_11ns_17ns_21_4_1_DSP48_0_U/p_reg_reg.
DSP Report: operator ama_addmuladd_9s_8s_11ns_17ns_21_4_1_U604/graphsage_int8_po2_ama_addmuladd_9s_8s_11ns_17ns_21_4_1_DSP48_0_U/m is absorbed into DSP ama_addmuladd_9s_8s_11ns_17ns_21_4_1_U604/graphsage_int8_po2_ama_addmuladd_9s_8s_11ns_17ns_21_4_1_DSP48_0_U/p_reg_reg.
DSP Report: operator ama_addmuladd_9s_8s_11ns_17ns_21_4_1_U604/graphsage_int8_po2_ama_addmuladd_9s_8s_11ns_17ns_21_4_1_DSP48_0_U/ad is absorbed into DSP ama_addmuladd_9s_8s_11ns_17ns_21_4_1_U604/graphsage_int8_po2_ama_addmuladd_9s_8s_11ns_17ns_21_4_1_DSP48_0_U/p_reg_reg.
DSP Report: Generating DSP ama_addmuladd_9s_8s_11ns_17ns_21_4_1_U618/graphsage_int8_po2_ama_addmuladd_9s_8s_11ns_17ns_21_4_1_DSP48_0_U/p_reg_reg, operation Mode is: (C:0x10000)+((D'+A)*(B:0x555)')'.
DSP Report: register add_ln31_2_reg_23450_reg is absorbed into DSP ama_addmuladd_9s_8s_11ns_17ns_21_4_1_U618/graphsage_int8_po2_ama_addmuladd_9s_8s_11ns_17ns_21_4_1_DSP48_0_U/p_reg_reg.
DSP Report: register ama_addmuladd_9s_8s_11ns_17ns_21_4_1_U570/graphsage_int8_po2_ama_addmuladd_9s_8s_11ns_17ns_21_4_1_DSP48_0_U/b_reg_reg is absorbed into DSP ama_addmuladd_9s_8s_11ns_17ns_21_4_1_U618/graphsage_int8_po2_ama_addmuladd_9s_8s_11ns_17ns_21_4_1_DSP48_0_U/p_reg_reg.
DSP Report: register ama_addmuladd_9s_8s_11ns_17ns_21_4_1_U618/graphsage_int8_po2_ama_addmuladd_9s_8s_11ns_17ns_21_4_1_DSP48_0_U/p_reg_reg is absorbed into DSP ama_addmuladd_9s_8s_11ns_17ns_21_4_1_U618/graphsage_int8_po2_ama_addmuladd_9s_8s_11ns_17ns_21_4_1_DSP48_0_U/p_reg_reg.
DSP Report: register ama_addmuladd_9s_8s_11ns_17ns_21_4_1_U618/graphsage_int8_po2_ama_addmuladd_9s_8s_11ns_17ns_21_4_1_DSP48_0_U/m_reg_reg is absorbed into DSP ama_addmuladd_9s_8s_11ns_17ns_21_4_1_U618/graphsage_int8_po2_ama_addmuladd_9s_8s_11ns_17ns_21_4_1_DSP48_0_U/p_reg_reg.
DSP Report: register ama_addmuladd_9s_8s_11ns_17ns_21_4_1_U618/graphsage_int8_po2_ama_addmuladd_9s_8s_11ns_17ns_21_4_1_DSP48_0_U/ad_reg_reg is absorbed into DSP ama_addmuladd_9s_8s_11ns_17ns_21_4_1_U618/graphsage_int8_po2_ama_addmuladd_9s_8s_11ns_17ns_21_4_1_DSP48_0_U/p_reg_reg.
DSP Report: operator ama_addmuladd_9s_8s_11ns_17ns_21_4_1_U618/graphsage_int8_po2_ama_addmuladd_9s_8s_11ns_17ns_21_4_1_DSP48_0_U/p is absorbed into DSP ama_addmuladd_9s_8s_11ns_17ns_21_4_1_U618/graphsage_int8_po2_ama_addmuladd_9s_8s_11ns_17ns_21_4_1_DSP48_0_U/p_reg_reg.
DSP Report: operator ama_addmuladd_9s_8s_11ns_17ns_21_4_1_U618/graphsage_int8_po2_ama_addmuladd_9s_8s_11ns_17ns_21_4_1_DSP48_0_U/m is absorbed into DSP ama_addmuladd_9s_8s_11ns_17ns_21_4_1_U618/graphsage_int8_po2_ama_addmuladd_9s_8s_11ns_17ns_21_4_1_DSP48_0_U/p_reg_reg.
DSP Report: operator ama_addmuladd_9s_8s_11ns_17ns_21_4_1_U618/graphsage_int8_po2_ama_addmuladd_9s_8s_11ns_17ns_21_4_1_DSP48_0_U/ad is absorbed into DSP ama_addmuladd_9s_8s_11ns_17ns_21_4_1_U618/graphsage_int8_po2_ama_addmuladd_9s_8s_11ns_17ns_21_4_1_DSP48_0_U/p_reg_reg.
DSP Report: Generating DSP ama_addmuladd_9s_8s_11ns_17ns_21_4_1_U586/graphsage_int8_po2_ama_addmuladd_9s_8s_11ns_17ns_21_4_1_DSP48_0_U/p_reg_reg, operation Mode is: (C:0x10000)+((D'+A2)*(B:0x555)')'.
DSP Report: register registered_input_65_reg_22600_reg is absorbed into DSP ama_addmuladd_9s_8s_11ns_17ns_21_4_1_U586/graphsage_int8_po2_ama_addmuladd_9s_8s_11ns_17ns_21_4_1_DSP48_0_U/p_reg_reg.
DSP Report: register add_ln32_2_reg_22920_reg is absorbed into DSP ama_addmuladd_9s_8s_11ns_17ns_21_4_1_U586/graphsage_int8_po2_ama_addmuladd_9s_8s_11ns_17ns_21_4_1_DSP48_0_U/p_reg_reg.
DSP Report: register ama_addmuladd_9s_8s_11ns_17ns_21_4_1_U570/graphsage_int8_po2_ama_addmuladd_9s_8s_11ns_17ns_21_4_1_DSP48_0_U/b_reg_reg is absorbed into DSP ama_addmuladd_9s_8s_11ns_17ns_21_4_1_U586/graphsage_int8_po2_ama_addmuladd_9s_8s_11ns_17ns_21_4_1_DSP48_0_U/p_reg_reg.
DSP Report: register ama_addmuladd_9s_8s_11ns_17ns_21_4_1_U586/graphsage_int8_po2_ama_addmuladd_9s_8s_11ns_17ns_21_4_1_DSP48_0_U/p_reg_reg is absorbed into DSP ama_addmuladd_9s_8s_11ns_17ns_21_4_1_U586/graphsage_int8_po2_ama_addmuladd_9s_8s_11ns_17ns_21_4_1_DSP48_0_U/p_reg_reg.
DSP Report: register ama_addmuladd_9s_8s_11ns_17ns_21_4_1_U586/graphsage_int8_po2_ama_addmuladd_9s_8s_11ns_17ns_21_4_1_DSP48_0_U/m_reg_reg is absorbed into DSP ama_addmuladd_9s_8s_11ns_17ns_21_4_1_U586/graphsage_int8_po2_ama_addmuladd_9s_8s_11ns_17ns_21_4_1_DSP48_0_U/p_reg_reg.
DSP Report: register ama_addmuladd_9s_8s_11ns_17ns_21_4_1_U586/graphsage_int8_po2_ama_addmuladd_9s_8s_11ns_17ns_21_4_1_DSP48_0_U/ad_reg_reg is absorbed into DSP ama_addmuladd_9s_8s_11ns_17ns_21_4_1_U586/graphsage_int8_po2_ama_addmuladd_9s_8s_11ns_17ns_21_4_1_DSP48_0_U/p_reg_reg.
DSP Report: operator ama_addmuladd_9s_8s_11ns_17ns_21_4_1_U586/graphsage_int8_po2_ama_addmuladd_9s_8s_11ns_17ns_21_4_1_DSP48_0_U/p is absorbed into DSP ama_addmuladd_9s_8s_11ns_17ns_21_4_1_U586/graphsage_int8_po2_ama_addmuladd_9s_8s_11ns_17ns_21_4_1_DSP48_0_U/p_reg_reg.
DSP Report: operator ama_addmuladd_9s_8s_11ns_17ns_21_4_1_U586/graphsage_int8_po2_ama_addmuladd_9s_8s_11ns_17ns_21_4_1_DSP48_0_U/m is absorbed into DSP ama_addmuladd_9s_8s_11ns_17ns_21_4_1_U586/graphsage_int8_po2_ama_addmuladd_9s_8s_11ns_17ns_21_4_1_DSP48_0_U/p_reg_reg.
DSP Report: operator ama_addmuladd_9s_8s_11ns_17ns_21_4_1_U586/graphsage_int8_po2_ama_addmuladd_9s_8s_11ns_17ns_21_4_1_DSP48_0_U/ad is absorbed into DSP ama_addmuladd_9s_8s_11ns_17ns_21_4_1_U586/graphsage_int8_po2_ama_addmuladd_9s_8s_11ns_17ns_21_4_1_DSP48_0_U/p_reg_reg.
DSP Report: Generating DSP ama_addmuladd_9s_8s_11ns_17ns_21_4_1_U588/graphsage_int8_po2_ama_addmuladd_9s_8s_11ns_17ns_21_4_1_DSP48_0_U/p_reg_reg, operation Mode is: (C:0x10000)+((D'+A2)*(B:0x555)')'.
DSP Report: register registered_input_67_reg_22610_reg is absorbed into DSP ama_addmuladd_9s_8s_11ns_17ns_21_4_1_U588/graphsage_int8_po2_ama_addmuladd_9s_8s_11ns_17ns_21_4_1_DSP48_0_U/p_reg_reg.
DSP Report: register add_ln32_6_reg_22930_reg is absorbed into DSP ama_addmuladd_9s_8s_11ns_17ns_21_4_1_U588/graphsage_int8_po2_ama_addmuladd_9s_8s_11ns_17ns_21_4_1_DSP48_0_U/p_reg_reg.
DSP Report: register ama_addmuladd_9s_8s_11ns_17ns_21_4_1_U570/graphsage_int8_po2_ama_addmuladd_9s_8s_11ns_17ns_21_4_1_DSP48_0_U/b_reg_reg is absorbed into DSP ama_addmuladd_9s_8s_11ns_17ns_21_4_1_U588/graphsage_int8_po2_ama_addmuladd_9s_8s_11ns_17ns_21_4_1_DSP48_0_U/p_reg_reg.
DSP Report: register ama_addmuladd_9s_8s_11ns_17ns_21_4_1_U588/graphsage_int8_po2_ama_addmuladd_9s_8s_11ns_17ns_21_4_1_DSP48_0_U/p_reg_reg is absorbed into DSP ama_addmuladd_9s_8s_11ns_17ns_21_4_1_U588/graphsage_int8_po2_ama_addmuladd_9s_8s_11ns_17ns_21_4_1_DSP48_0_U/p_reg_reg.
DSP Report: register ama_addmuladd_9s_8s_11ns_17ns_21_4_1_U588/graphsage_int8_po2_ama_addmuladd_9s_8s_11ns_17ns_21_4_1_DSP48_0_U/m_reg_reg is absorbed into DSP ama_addmuladd_9s_8s_11ns_17ns_21_4_1_U588/graphsage_int8_po2_ama_addmuladd_9s_8s_11ns_17ns_21_4_1_DSP48_0_U/p_reg_reg.
DSP Report: register ama_addmuladd_9s_8s_11ns_17ns_21_4_1_U588/graphsage_int8_po2_ama_addmuladd_9s_8s_11ns_17ns_21_4_1_DSP48_0_U/ad_reg_reg is absorbed into DSP ama_addmuladd_9s_8s_11ns_17ns_21_4_1_U588/graphsage_int8_po2_ama_addmuladd_9s_8s_11ns_17ns_21_4_1_DSP48_0_U/p_reg_reg.
DSP Report: operator ama_addmuladd_9s_8s_11ns_17ns_21_4_1_U588/graphsage_int8_po2_ama_addmuladd_9s_8s_11ns_17ns_21_4_1_DSP48_0_U/p is absorbed into DSP ama_addmuladd_9s_8s_11ns_17ns_21_4_1_U588/graphsage_int8_po2_ama_addmuladd_9s_8s_11ns_17ns_21_4_1_DSP48_0_U/p_reg_reg.
DSP Report: operator ama_addmuladd_9s_8s_11ns_17ns_21_4_1_U588/graphsage_int8_po2_ama_addmuladd_9s_8s_11ns_17ns_21_4_1_DSP48_0_U/m is absorbed into DSP ama_addmuladd_9s_8s_11ns_17ns_21_4_1_U588/graphsage_int8_po2_ama_addmuladd_9s_8s_11ns_17ns_21_4_1_DSP48_0_U/p_reg_reg.
DSP Report: operator ama_addmuladd_9s_8s_11ns_17ns_21_4_1_U588/graphsage_int8_po2_ama_addmuladd_9s_8s_11ns_17ns_21_4_1_DSP48_0_U/ad is absorbed into DSP ama_addmuladd_9s_8s_11ns_17ns_21_4_1_U588/graphsage_int8_po2_ama_addmuladd_9s_8s_11ns_17ns_21_4_1_DSP48_0_U/p_reg_reg.
INFO: [Common 17-14] Message 'Synth 8-3886' appears 100 times and further instances of the messages will be disabled. Use the Tcl command set_msg_config to change the current settings.
INFO: [Common 17-14] Message 'Synth 8-3333' appears 100 times and further instances of the messages will be disabled. Use the Tcl command set_msg_config to change the current settings.
INFO: [Synth 8-4471] merging register 'ama_addmuladd_8ns_7ns_11ns_12ns_19_4_1_U634/graphsage_int8_po2_ama_addmuladd_8ns_7ns_11ns_12ns_19_4_1_DSP48_0_U/b_reg_reg[17:0]' into 'ama_addmuladd_8ns_7ns_11ns_12ns_19_4_1_U633/graphsage_int8_po2_ama_addmuladd_8ns_7ns_11ns_12ns_19_4_1_DSP48_0_U/b_reg_reg[17:0]' [/mnt_pool/c3_users/user/pleguina/graphsage_vivado_2024_1_sweep/build/hls/graphsage_int8_po2_19c_const_params/solution1/syn/verilog/graphsage_int8_po2_ama_addmuladd_8ns_7ns_11ns_12ns_19_4_1.v:36]
INFO: [Synth 8-4471] merging register 'ama_addmuladd_8ns_7ns_11ns_12ns_19_4_1_U635/graphsage_int8_po2_ama_addmuladd_8ns_7ns_11ns_12ns_19_4_1_DSP48_0_U/b_reg_reg[17:0]' into 'ama_addmuladd_8ns_7ns_11ns_12ns_19_4_1_U633/graphsage_int8_po2_ama_addmuladd_8ns_7ns_11ns_12ns_19_4_1_DSP48_0_U/b_reg_reg[17:0]' [/mnt_pool/c3_users/user/pleguina/graphsage_vivado_2024_1_sweep/build/hls/graphsage_int8_po2_19c_const_params/solution1/syn/verilog/graphsage_int8_po2_ama_addmuladd_8ns_7ns_11ns_12ns_19_4_1.v:36]
INFO: [Synth 8-4471] merging register 'ama_addmuladd_8ns_7ns_11ns_12ns_19_4_1_U636/graphsage_int8_po2_ama_addmuladd_8ns_7ns_11ns_12ns_19_4_1_DSP48_0_U/b_reg_reg[17:0]' into 'ama_addmuladd_8ns_7ns_11ns_12ns_19_4_1_U633/graphsage_int8_po2_ama_addmuladd_8ns_7ns_11ns_12ns_19_4_1_DSP48_0_U/b_reg_reg[17:0]' [/mnt_pool/c3_users/user/pleguina/graphsage_vivado_2024_1_sweep/build/hls/graphsage_int8_po2_19c_const_params/solution1/syn/verilog/graphsage_int8_po2_ama_addmuladd_8ns_7ns_11ns_12ns_19_4_1.v:36]
INFO: [Synth 8-4471] merging register 'ama_addmuladd_8ns_7ns_11ns_12ns_19_4_1_U637/graphsage_int8_po2_ama_addmuladd_8ns_7ns_11ns_12ns_19_4_1_DSP48_0_U/b_reg_reg[17:0]' into 'ama_addmuladd_8ns_7ns_11ns_12ns_19_4_1_U633/graphsage_int8_po2_ama_addmuladd_8ns_7ns_11ns_12ns_19_4_1_DSP48_0_U/b_reg_reg[17:0]' [/mnt_pool/c3_users/user/pleguina/graphsage_vivado_2024_1_sweep/build/hls/graphsage_int8_po2_19c_const_params/solution1/syn/verilog/graphsage_int8_po2_ama_addmuladd_8ns_7ns_11ns_12ns_19_4_1.v:36]
INFO: [Synth 8-4471] merging register 'ama_addmuladd_8ns_7ns_11ns_12ns_19_4_1_U638/graphsage_int8_po2_ama_addmuladd_8ns_7ns_11ns_12ns_19_4_1_DSP48_0_U/b_reg_reg[17:0]' into 'ama_addmuladd_8ns_7ns_11ns_12ns_19_4_1_U633/graphsage_int8_po2_ama_addmuladd_8ns_7ns_11ns_12ns_19_4_1_DSP48_0_U/b_reg_reg[17:0]' [/mnt_pool/c3_users/user/pleguina/graphsage_vivado_2024_1_sweep/build/hls/graphsage_int8_po2_19c_const_params/solution1/syn/verilog/graphsage_int8_po2_ama_addmuladd_8ns_7ns_11ns_12ns_19_4_1.v:36]
INFO: [Synth 8-4471] merging register 'ama_addmuladd_8ns_7ns_11ns_12ns_19_4_1_U639/graphsage_int8_po2_ama_addmuladd_8ns_7ns_11ns_12ns_19_4_1_DSP48_0_U/b_reg_reg[17:0]' into 'ama_addmuladd_8ns_7ns_11ns_12ns_19_4_1_U633/graphsage_int8_po2_ama_addmuladd_8ns_7ns_11ns_12ns_19_4_1_DSP48_0_U/b_reg_reg[17:0]' [/mnt_pool/c3_users/user/pleguina/graphsage_vivado_2024_1_sweep/build/hls/graphsage_int8_po2_19c_const_params/solution1/syn/verilog/graphsage_int8_po2_ama_addmuladd_8ns_7ns_11ns_12ns_19_4_1.v:36]
INFO: [Synth 8-4471] merging register 'ama_addmuladd_8ns_7ns_11ns_12ns_19_4_1_U640/graphsage_int8_po2_ama_addmuladd_8ns_7ns_11ns_12ns_19_4_1_DSP48_0_U/b_reg_reg[17:0]' into 'ama_addmuladd_8ns_7ns_11ns_12ns_19_4_1_U633/graphsage_int8_po2_ama_addmuladd_8ns_7ns_11ns_12ns_19_4_1_DSP48_0_U/b_reg_reg[17:0]' [/mnt_pool/c3_users/user/pleguina/graphsage_vivado_2024_1_sweep/build/hls/graphsage_int8_po2_19c_const_params/solution1/syn/verilog/graphsage_int8_po2_ama_addmuladd_8ns_7ns_11ns_12ns_19_4_1.v:36]
INFO: [Synth 8-4471] merging register 'ama_addmuladd_8ns_7ns_11ns_12ns_19_4_1_U641/graphsage_int8_po2_ama_addmuladd_8ns_7ns_11ns_12ns_19_4_1_DSP48_0_U/b_reg_reg[17:0]' into 'ama_addmuladd_8ns_7ns_11ns_12ns_19_4_1_U633/graphsage_int8_po2_ama_addmuladd_8ns_7ns_11ns_12ns_19_4_1_DSP48_0_U/b_reg_reg[17:0]' [/mnt_pool/c3_users/user/pleguina/graphsage_vivado_2024_1_sweep/build/hls/graphsage_int8_po2_19c_const_params/solution1/syn/verilog/graphsage_int8_po2_ama_addmuladd_8ns_7ns_11ns_12ns_19_4_1.v:36]
INFO: [Synth 8-4471] merging register 'ama_addmuladd_8ns_7ns_11ns_12ns_19_4_1_U642/graphsage_int8_po2_ama_addmuladd_8ns_7ns_11ns_12ns_19_4_1_DSP48_0_U/b_reg_reg[17:0]' into 'ama_addmuladd_8ns_7ns_11ns_12ns_19_4_1_U633/graphsage_int8_po2_ama_addmuladd_8ns_7ns_11ns_12ns_19_4_1_DSP48_0_U/b_reg_reg[17:0]' [/mnt_pool/c3_users/user/pleguina/graphsage_vivado_2024_1_sweep/build/hls/graphsage_int8_po2_19c_const_params/solution1/syn/verilog/graphsage_int8_po2_ama_addmuladd_8ns_7ns_11ns_12ns_19_4_1.v:36]
INFO: [Synth 8-4471] merging register 'ama_addmuladd_8ns_7ns_11ns_12ns_19_4_1_U643/graphsage_int8_po2_ama_addmuladd_8ns_7ns_11ns_12ns_19_4_1_DSP48_0_U/b_reg_reg[17:0]' into 'ama_addmuladd_8ns_7ns_11ns_12ns_19_4_1_U633/graphsage_int8_po2_ama_addmuladd_8ns_7ns_11ns_12ns_19_4_1_DSP48_0_U/b_reg_reg[17:0]' [/mnt_pool/c3_users/user/pleguina/graphsage_vivado_2024_1_sweep/build/hls/graphsage_int8_po2_19c_const_params/solution1/syn/verilog/graphsage_int8_po2_ama_addmuladd_8ns_7ns_11ns_12ns_19_4_1.v:36]
INFO: [Synth 8-4471] merging register 'ama_addmuladd_8ns_7ns_11ns_12ns_19_4_1_U644/graphsage_int8_po2_ama_addmuladd_8ns_7ns_11ns_12ns_19_4_1_DSP48_0_U/b_reg_reg[17:0]' into 'ama_addmuladd_8ns_7ns_11ns_12ns_19_4_1_U633/graphsage_int8_po2_ama_addmuladd_8ns_7ns_11ns_12ns_19_4_1_DSP48_0_U/b_reg_reg[17:0]' [/mnt_pool/c3_users/user/pleguina/graphsage_vivado_2024_1_sweep/build/hls/graphsage_int8_po2_19c_const_params/solution1/syn/verilog/graphsage_int8_po2_ama_addmuladd_8ns_7ns_11ns_12ns_19_4_1.v:36]
INFO: [Synth 8-4471] merging register 'ama_addmuladd_8ns_7ns_11ns_12ns_19_4_1_U645/graphsage_int8_po2_ama_addmuladd_8ns_7ns_11ns_12ns_19_4_1_DSP48_0_U/b_reg_reg[17:0]' into 'ama_addmuladd_8ns_7ns_11ns_12ns_19_4_1_U633/graphsage_int8_po2_ama_addmuladd_8ns_7ns_11ns_12ns_19_4_1_DSP48_0_U/b_reg_reg[17:0]' [/mnt_pool/c3_users/user/pleguina/graphsage_vivado_2024_1_sweep/build/hls/graphsage_int8_po2_19c_const_params/solution1/syn/verilog/graphsage_int8_po2_ama_addmuladd_8ns_7ns_11ns_12ns_19_4_1.v:36]
INFO: [Synth 8-4471] merging register 'ama_addmuladd_8ns_7ns_11ns_12ns_19_4_1_U646/graphsage_int8_po2_ama_addmuladd_8ns_7ns_11ns_12ns_19_4_1_DSP48_0_U/b_reg_reg[17:0]' into 'ama_addmuladd_8ns_7ns_11ns_12ns_19_4_1_U633/graphsage_int8_po2_ama_addmuladd_8ns_7ns_11ns_12ns_19_4_1_DSP48_0_U/b_reg_reg[17:0]' [/mnt_pool/c3_users/user/pleguina/graphsage_vivado_2024_1_sweep/build/hls/graphsage_int8_po2_19c_const_params/solution1/syn/verilog/graphsage_int8_po2_ama_addmuladd_8ns_7ns_11ns_12ns_19_4_1.v:36]
INFO: [Synth 8-4471] merging register 'ama_addmuladd_8ns_7ns_11ns_12ns_19_4_1_U647/graphsage_int8_po2_ama_addmuladd_8ns_7ns_11ns_12ns_19_4_1_DSP48_0_U/b_reg_reg[17:0]' into 'ama_addmuladd_8ns_7ns_11ns_12ns_19_4_1_U633/graphsage_int8_po2_ama_addmuladd_8ns_7ns_11ns_12ns_19_4_1_DSP48_0_U/b_reg_reg[17:0]' [/mnt_pool/c3_users/user/pleguina/graphsage_vivado_2024_1_sweep/build/hls/graphsage_int8_po2_19c_const_params/solution1/syn/verilog/graphsage_int8_po2_ama_addmuladd_8ns_7ns_11ns_12ns_19_4_1.v:36]
INFO: [Synth 8-4471] merging register 'ama_addmuladd_8ns_7ns_11ns_12ns_19_4_1_U648/graphsage_int8_po2_ama_addmuladd_8ns_7ns_11ns_12ns_19_4_1_DSP48_0_U/b_reg_reg[17:0]' into 'ama_addmuladd_8ns_7ns_11ns_12ns_19_4_1_U633/graphsage_int8_po2_ama_addmuladd_8ns_7ns_11ns_12ns_19_4_1_DSP48_0_U/b_reg_reg[17:0]' [/mnt_pool/c3_users/user/pleguina/graphsage_vivado_2024_1_sweep/build/hls/graphsage_int8_po2_19c_const_params/solution1/syn/verilog/graphsage_int8_po2_ama_addmuladd_8ns_7ns_11ns_12ns_19_4_1.v:36]
DSP Report: Generating DSP ama_addmuladd_8ns_7ns_11ns_12ns_19_4_1_U645/graphsage_int8_po2_ama_addmuladd_8ns_7ns_11ns_12ns_19_4_1_DSP48_0_U/p_reg_reg, operation Mode is: (C:0x800)+((D'+A'')*(B:0x555)')'.
DSP Report: register ama_addmuladd_8ns_7ns_11ns_12ns_19_4_1_U645/graphsage_int8_po2_ama_addmuladd_8ns_7ns_11ns_12ns_19_4_1_DSP48_0_U/p_reg_reg is absorbed into DSP ama_addmuladd_8ns_7ns_11ns_12ns_19_4_1_U645/graphsage_int8_po2_ama_addmuladd_8ns_7ns_11ns_12ns_19_4_1_DSP48_0_U/p_reg_reg.
DSP Report: register ama_addmuladd_8ns_7ns_11ns_12ns_19_4_1_U645/graphsage_int8_po2_ama_addmuladd_8ns_7ns_11ns_12ns_19_4_1_DSP48_0_U/p_reg_reg is absorbed into DSP ama_addmuladd_8ns_7ns_11ns_12ns_19_4_1_U645/graphsage_int8_po2_ama_addmuladd_8ns_7ns_11ns_12ns_19_4_1_DSP48_0_U/p_reg_reg.
DSP Report: register ama_addmuladd_8ns_7ns_11ns_12ns_19_4_1_U633/graphsage_int8_po2_ama_addmuladd_8ns_7ns_11ns_12ns_19_4_1_DSP48_0_U/b_reg_reg is absorbed into DSP ama_addmuladd_8ns_7ns_11ns_12ns_19_4_1_U645/graphsage_int8_po2_ama_addmuladd_8ns_7ns_11ns_12ns_19_4_1_DSP48_0_U/p_reg_reg.
DSP Report: register ama_addmuladd_8ns_7ns_11ns_12ns_19_4_1_U645/graphsage_int8_po2_ama_addmuladd_8ns_7ns_11ns_12ns_19_4_1_DSP48_0_U/p_reg_reg is absorbed into DSP ama_addmuladd_8ns_7ns_11ns_12ns_19_4_1_U645/graphsage_int8_po2_ama_addmuladd_8ns_7ns_11ns_12ns_19_4_1_DSP48_0_U/p_reg_reg.
DSP Report: register ama_addmuladd_8ns_7ns_11ns_12ns_19_4_1_U645/graphsage_int8_po2_ama_addmuladd_8ns_7ns_11ns_12ns_19_4_1_DSP48_0_U/p_reg_reg is absorbed into DSP ama_addmuladd_8ns_7ns_11ns_12ns_19_4_1_U645/graphsage_int8_po2_ama_addmuladd_8ns_7ns_11ns_12ns_19_4_1_DSP48_0_U/p_reg_reg.
DSP Report: register ama_addmuladd_8ns_7ns_11ns_12ns_19_4_1_U645/graphsage_int8_po2_ama_addmuladd_8ns_7ns_11ns_12ns_19_4_1_DSP48_0_U/m_reg_reg is absorbed into DSP ama_addmuladd_8ns_7ns_11ns_12ns_19_4_1_U645/graphsage_int8_po2_ama_addmuladd_8ns_7ns_11ns_12ns_19_4_1_DSP48_0_U/p_reg_reg.
DSP Report: register ama_addmuladd_8ns_7ns_11ns_12ns_19_4_1_U645/graphsage_int8_po2_ama_addmuladd_8ns_7ns_11ns_12ns_19_4_1_DSP48_0_U/ad_reg_reg is absorbed into DSP ama_addmuladd_8ns_7ns_11ns_12ns_19_4_1_U645/graphsage_int8_po2_ama_addmuladd_8ns_7ns_11ns_12ns_19_4_1_DSP48_0_U/p_reg_reg.
DSP Report: operator ama_addmuladd_8ns_7ns_11ns_12ns_19_4_1_U645/graphsage_int8_po2_ama_addmuladd_8ns_7ns_11ns_12ns_19_4_1_DSP48_0_U/p is absorbed into DSP ama_addmuladd_8ns_7ns_11ns_12ns_19_4_1_U645/graphsage_int8_po2_ama_addmuladd_8ns_7ns_11ns_12ns_19_4_1_DSP48_0_U/p_reg_reg.
DSP Report: operator ama_addmuladd_8ns_7ns_11ns_12ns_19_4_1_U645/graphsage_int8_po2_ama_addmuladd_8ns_7ns_11ns_12ns_19_4_1_DSP48_0_U/m is absorbed into DSP ama_addmuladd_8ns_7ns_11ns_12ns_19_4_1_U645/graphsage_int8_po2_ama_addmuladd_8ns_7ns_11ns_12ns_19_4_1_DSP48_0_U/p_reg_reg.
DSP Report: operator ama_addmuladd_8ns_7ns_11ns_12ns_19_4_1_U645/graphsage_int8_po2_ama_addmuladd_8ns_7ns_11ns_12ns_19_4_1_DSP48_0_U/ad is absorbed into DSP ama_addmuladd_8ns_7ns_11ns_12ns_19_4_1_U645/graphsage_int8_po2_ama_addmuladd_8ns_7ns_11ns_12ns_19_4_1_DSP48_0_U/p_reg_reg.
DSP Report: Generating DSP ama_addmuladd_8ns_7ns_11ns_12ns_19_4_1_U648/graphsage_int8_po2_ama_addmuladd_8ns_7ns_11ns_12ns_19_4_1_DSP48_0_U/p_reg_reg, operation Mode is: (C:0x800)+((D'+A2)*(B:0x555)')'.
DSP Report: register ama_addmuladd_8ns_7ns_11ns_12ns_19_4_1_U648/graphsage_int8_po2_ama_addmuladd_8ns_7ns_11ns_12ns_19_4_1_DSP48_0_U/p_reg_reg is absorbed into DSP ama_addmuladd_8ns_7ns_11ns_12ns_19_4_1_U648/graphsage_int8_po2_ama_addmuladd_8ns_7ns_11ns_12ns_19_4_1_DSP48_0_U/p_reg_reg.
DSP Report: register ama_addmuladd_8ns_7ns_11ns_12ns_19_4_1_U633/graphsage_int8_po2_ama_addmuladd_8ns_7ns_11ns_12ns_19_4_1_DSP48_0_U/b_reg_reg is absorbed into DSP ama_addmuladd_8ns_7ns_11ns_12ns_19_4_1_U648/graphsage_int8_po2_ama_addmuladd_8ns_7ns_11ns_12ns_19_4_1_DSP48_0_U/p_reg_reg.
DSP Report: register ama_addmuladd_8ns_7ns_11ns_12ns_19_4_1_U648/graphsage_int8_po2_ama_addmuladd_8ns_7ns_11ns_12ns_19_4_1_DSP48_0_U/p_reg_reg is absorbed into DSP ama_addmuladd_8ns_7ns_11ns_12ns_19_4_1_U648/graphsage_int8_po2_ama_addmuladd_8ns_7ns_11ns_12ns_19_4_1_DSP48_0_U/p_reg_reg.
DSP Report: register ama_addmuladd_8ns_7ns_11ns_12ns_19_4_1_U648/graphsage_int8_po2_ama_addmuladd_8ns_7ns_11ns_12ns_19_4_1_DSP48_0_U/p_reg_reg is absorbed into DSP ama_addmuladd_8ns_7ns_11ns_12ns_19_4_1_U648/graphsage_int8_po2_ama_addmuladd_8ns_7ns_11ns_12ns_19_4_1_DSP48_0_U/p_reg_reg.
DSP Report: register ama_addmuladd_8ns_7ns_11ns_12ns_19_4_1_U648/graphsage_int8_po2_ama_addmuladd_8ns_7ns_11ns_12ns_19_4_1_DSP48_0_U/m_reg_reg is absorbed into DSP ama_addmuladd_8ns_7ns_11ns_12ns_19_4_1_U648/graphsage_int8_po2_ama_addmuladd_8ns_7ns_11ns_12ns_19_4_1_DSP48_0_U/p_reg_reg.
DSP Report: register ama_addmuladd_8ns_7ns_11ns_12ns_19_4_1_U648/graphsage_int8_po2_ama_addmuladd_8ns_7ns_11ns_12ns_19_4_1_DSP48_0_U/ad_reg_reg is absorbed into DSP ama_addmuladd_8ns_7ns_11ns_12ns_19_4_1_U648/graphsage_int8_po2_ama_addmuladd_8ns_7ns_11ns_12ns_19_4_1_DSP48_0_U/p_reg_reg.
DSP Report: operator ama_addmuladd_8ns_7ns_11ns_12ns_19_4_1_U648/graphsage_int8_po2_ama_addmuladd_8ns_7ns_11ns_12ns_19_4_1_DSP48_0_U/p is absorbed into DSP ama_addmuladd_8ns_7ns_11ns_12ns_19_4_1_U648/graphsage_int8_po2_ama_addmuladd_8ns_7ns_11ns_12ns_19_4_1_DSP48_0_U/p_reg_reg.
DSP Report: operator ama_addmuladd_8ns_7ns_11ns_12ns_19_4_1_U648/graphsage_int8_po2_ama_addmuladd_8ns_7ns_11ns_12ns_19_4_1_DSP48_0_U/m is absorbed into DSP ama_addmuladd_8ns_7ns_11ns_12ns_19_4_1_U648/graphsage_int8_po2_ama_addmuladd_8ns_7ns_11ns_12ns_19_4_1_DSP48_0_U/p_reg_reg.
DSP Report: operator ama_addmuladd_8ns_7ns_11ns_12ns_19_4_1_U648/graphsage_int8_po2_ama_addmuladd_8ns_7ns_11ns_12ns_19_4_1_DSP48_0_U/ad is absorbed into DSP ama_addmuladd_8ns_7ns_11ns_12ns_19_4_1_U648/graphsage_int8_po2_ama_addmuladd_8ns_7ns_11ns_12ns_19_4_1_DSP48_0_U/p_reg_reg.
DSP Report: Generating DSP ama_addmuladd_8ns_7ns_11ns_12ns_19_4_1_U647/graphsage_int8_po2_ama_addmuladd_8ns_7ns_11ns_12ns_19_4_1_DSP48_0_U/p_reg_reg, operation Mode is: (C:0x800)+((D'+A'')*(B:0x555)')'.
DSP Report: register ama_addmuladd_8ns_7ns_11ns_12ns_19_4_1_U647/graphsage_int8_po2_ama_addmuladd_8ns_7ns_11ns_12ns_19_4_1_DSP48_0_U/p_reg_reg is absorbed into DSP ama_addmuladd_8ns_7ns_11ns_12ns_19_4_1_U647/graphsage_int8_po2_ama_addmuladd_8ns_7ns_11ns_12ns_19_4_1_DSP48_0_U/p_reg_reg.
DSP Report: register ama_addmuladd_8ns_7ns_11ns_12ns_19_4_1_U647/graphsage_int8_po2_ama_addmuladd_8ns_7ns_11ns_12ns_19_4_1_DSP48_0_U/p_reg_reg is absorbed into DSP ama_addmuladd_8ns_7ns_11ns_12ns_19_4_1_U647/graphsage_int8_po2_ama_addmuladd_8ns_7ns_11ns_12ns_19_4_1_DSP48_0_U/p_reg_reg.
DSP Report: register ama_addmuladd_8ns_7ns_11ns_12ns_19_4_1_U647/graphsage_int8_po2_ama_addmuladd_8ns_7ns_11ns_12ns_19_4_1_DSP48_0_U/p_reg_reg is absorbed into DSP ama_addmuladd_8ns_7ns_11ns_12ns_19_4_1_U647/graphsage_int8_po2_ama_addmuladd_8ns_7ns_11ns_12ns_19_4_1_DSP48_0_U/p_reg_reg.
DSP Report: register ama_addmuladd_8ns_7ns_11ns_12ns_19_4_1_U633/graphsage_int8_po2_ama_addmuladd_8ns_7ns_11ns_12ns_19_4_1_DSP48_0_U/b_reg_reg is absorbed into DSP ama_addmuladd_8ns_7ns_11ns_12ns_19_4_1_U647/graphsage_int8_po2_ama_addmuladd_8ns_7ns_11ns_12ns_19_4_1_DSP48_0_U/p_reg_reg.
DSP Report: register ama_addmuladd_8ns_7ns_11ns_12ns_19_4_1_U647/graphsage_int8_po2_ama_addmuladd_8ns_7ns_11ns_12ns_19_4_1_DSP48_0_U/p_reg_reg is absorbed into DSP ama_addmuladd_8ns_7ns_11ns_12ns_19_4_1_U647/graphsage_int8_po2_ama_addmuladd_8ns_7ns_11ns_12ns_19_4_1_DSP48_0_U/p_reg_reg.
DSP Report: register ama_addmuladd_8ns_7ns_11ns_12ns_19_4_1_U647/graphsage_int8_po2_ama_addmuladd_8ns_7ns_11ns_12ns_19_4_1_DSP48_0_U/m_reg_reg is absorbed into DSP ama_addmuladd_8ns_7ns_11ns_12ns_19_4_1_U647/graphsage_int8_po2_ama_addmuladd_8ns_7ns_11ns_12ns_19_4_1_DSP48_0_U/p_reg_reg.
DSP Report: register ama_addmuladd_8ns_7ns_11ns_12ns_19_4_1_U647/graphsage_int8_po2_ama_addmuladd_8ns_7ns_11ns_12ns_19_4_1_DSP48_0_U/ad_reg_reg is absorbed into DSP ama_addmuladd_8ns_7ns_11ns_12ns_19_4_1_U647/graphsage_int8_po2_ama_addmuladd_8ns_7ns_11ns_12ns_19_4_1_DSP48_0_U/p_reg_reg.
DSP Report: operator ama_addmuladd_8ns_7ns_11ns_12ns_19_4_1_U647/graphsage_int8_po2_ama_addmuladd_8ns_7ns_11ns_12ns_19_4_1_DSP48_0_U/p is absorbed into DSP ama_addmuladd_8ns_7ns_11ns_12ns_19_4_1_U647/graphsage_int8_po2_ama_addmuladd_8ns_7ns_11ns_12ns_19_4_1_DSP48_0_U/p_reg_reg.
DSP Report: operator ama_addmuladd_8ns_7ns_11ns_12ns_19_4_1_U647/graphsage_int8_po2_ama_addmuladd_8ns_7ns_11ns_12ns_19_4_1_DSP48_0_U/m is absorbed into DSP ama_addmuladd_8ns_7ns_11ns_12ns_19_4_1_U647/graphsage_int8_po2_ama_addmuladd_8ns_7ns_11ns_12ns_19_4_1_DSP48_0_U/p_reg_reg.
DSP Report: operator ama_addmuladd_8ns_7ns_11ns_12ns_19_4_1_U647/graphsage_int8_po2_ama_addmuladd_8ns_7ns_11ns_12ns_19_4_1_DSP48_0_U/ad is absorbed into DSP ama_addmuladd_8ns_7ns_11ns_12ns_19_4_1_U647/graphsage_int8_po2_ama_addmuladd_8ns_7ns_11ns_12ns_19_4_1_DSP48_0_U/p_reg_reg.
DSP Report: Generating DSP ama_addmuladd_8ns_7ns_11ns_12ns_19_4_1_U646/graphsage_int8_po2_ama_addmuladd_8ns_7ns_11ns_12ns_19_4_1_DSP48_0_U/p_reg_reg, operation Mode is: (C:0x800)+((D'+A'')*(B:0x555)')'.
DSP Report: register ama_addmuladd_8ns_7ns_11ns_12ns_19_4_1_U646/graphsage_int8_po2_ama_addmuladd_8ns_7ns_11ns_12ns_19_4_1_DSP48_0_U/p_reg_reg is absorbed into DSP ama_addmuladd_8ns_7ns_11ns_12ns_19_4_1_U646/graphsage_int8_po2_ama_addmuladd_8ns_7ns_11ns_12ns_19_4_1_DSP48_0_U/p_reg_reg.
DSP Report: register ama_addmuladd_8ns_7ns_11ns_12ns_19_4_1_U646/graphsage_int8_po2_ama_addmuladd_8ns_7ns_11ns_12ns_19_4_1_DSP48_0_U/p_reg_reg is absorbed into DSP ama_addmuladd_8ns_7ns_11ns_12ns_19_4_1_U646/graphsage_int8_po2_ama_addmuladd_8ns_7ns_11ns_12ns_19_4_1_DSP48_0_U/p_reg_reg.
DSP Report: register ama_addmuladd_8ns_7ns_11ns_12ns_19_4_1_U646/graphsage_int8_po2_ama_addmuladd_8ns_7ns_11ns_12ns_19_4_1_DSP48_0_U/p_reg_reg is absorbed into DSP ama_addmuladd_8ns_7ns_11ns_12ns_19_4_1_U646/graphsage_int8_po2_ama_addmuladd_8ns_7ns_11ns_12ns_19_4_1_DSP48_0_U/p_reg_reg.
DSP Report: register ama_addmuladd_8ns_7ns_11ns_12ns_19_4_1_U633/graphsage_int8_po2_ama_addmuladd_8ns_7ns_11ns_12ns_19_4_1_DSP48_0_U/b_reg_reg is absorbed into DSP ama_addmuladd_8ns_7ns_11ns_12ns_19_4_1_U646/graphsage_int8_po2_ama_addmuladd_8ns_7ns_11ns_12ns_19_4_1_DSP48_0_U/p_reg_reg.
DSP Report: register ama_addmuladd_8ns_7ns_11ns_12ns_19_4_1_U646/graphsage_int8_po2_ama_addmuladd_8ns_7ns_11ns_12ns_19_4_1_DSP48_0_U/p_reg_reg is absorbed into DSP ama_addmuladd_8ns_7ns_11ns_12ns_19_4_1_U646/graphsage_int8_po2_ama_addmuladd_8ns_7ns_11ns_12ns_19_4_1_DSP48_0_U/p_reg_reg.
DSP Report: register ama_addmuladd_8ns_7ns_11ns_12ns_19_4_1_U646/graphsage_int8_po2_ama_addmuladd_8ns_7ns_11ns_12ns_19_4_1_DSP48_0_U/m_reg_reg is absorbed into DSP ama_addmuladd_8ns_7ns_11ns_12ns_19_4_1_U646/graphsage_int8_po2_ama_addmuladd_8ns_7ns_11ns_12ns_19_4_1_DSP48_0_U/p_reg_reg.
DSP Report: register ama_addmuladd_8ns_7ns_11ns_12ns_19_4_1_U646/graphsage_int8_po2_ama_addmuladd_8ns_7ns_11ns_12ns_19_4_1_DSP48_0_U/ad_reg_reg is absorbed into DSP ama_addmuladd_8ns_7ns_11ns_12ns_19_4_1_U646/graphsage_int8_po2_ama_addmuladd_8ns_7ns_11ns_12ns_19_4_1_DSP48_0_U/p_reg_reg.
DSP Report: operator ama_addmuladd_8ns_7ns_11ns_12ns_19_4_1_U646/graphsage_int8_po2_ama_addmuladd_8ns_7ns_11ns_12ns_19_4_1_DSP48_0_U/p is absorbed into DSP ama_addmuladd_8ns_7ns_11ns_12ns_19_4_1_U646/graphsage_int8_po2_ama_addmuladd_8ns_7ns_11ns_12ns_19_4_1_DSP48_0_U/p_reg_reg.
DSP Report: operator ama_addmuladd_8ns_7ns_11ns_12ns_19_4_1_U646/graphsage_int8_po2_ama_addmuladd_8ns_7ns_11ns_12ns_19_4_1_DSP48_0_U/m is absorbed into DSP ama_addmuladd_8ns_7ns_11ns_12ns_19_4_1_U646/graphsage_int8_po2_ama_addmuladd_8ns_7ns_11ns_12ns_19_4_1_DSP48_0_U/p_reg_reg.
DSP Report: operator ama_addmuladd_8ns_7ns_11ns_12ns_19_4_1_U646/graphsage_int8_po2_ama_addmuladd_8ns_7ns_11ns_12ns_19_4_1_DSP48_0_U/ad is absorbed into DSP ama_addmuladd_8ns_7ns_11ns_12ns_19_4_1_U646/graphsage_int8_po2_ama_addmuladd_8ns_7ns_11ns_12ns_19_4_1_DSP48_0_U/p_reg_reg.
DSP Report: Generating DSP ama_addmuladd_8ns_7ns_11ns_12ns_19_4_1_U641/graphsage_int8_po2_ama_addmuladd_8ns_7ns_11ns_12ns_19_4_1_DSP48_0_U/p_reg_reg, operation Mode is: (C:0x800)+((D'+A'')*(B:0x555)')'.
DSP Report: register ama_addmuladd_8ns_7ns_11ns_12ns_19_4_1_U641/graphsage_int8_po2_ama_addmuladd_8ns_7ns_11ns_12ns_19_4_1_DSP48_0_U/p_reg_reg is absorbed into DSP ama_addmuladd_8ns_7ns_11ns_12ns_19_4_1_U641/graphsage_int8_po2_ama_addmuladd_8ns_7ns_11ns_12ns_19_4_1_DSP48_0_U/p_reg_reg.
DSP Report: register ama_addmuladd_8ns_7ns_11ns_12ns_19_4_1_U641/graphsage_int8_po2_ama_addmuladd_8ns_7ns_11ns_12ns_19_4_1_DSP48_0_U/p_reg_reg is absorbed into DSP ama_addmuladd_8ns_7ns_11ns_12ns_19_4_1_U641/graphsage_int8_po2_ama_addmuladd_8ns_7ns_11ns_12ns_19_4_1_DSP48_0_U/p_reg_reg.
DSP Report: register ama_addmuladd_8ns_7ns_11ns_12ns_19_4_1_U641/graphsage_int8_po2_ama_addmuladd_8ns_7ns_11ns_12ns_19_4_1_DSP48_0_U/p_reg_reg is absorbed into DSP ama_addmuladd_8ns_7ns_11ns_12ns_19_4_1_U641/graphsage_int8_po2_ama_addmuladd_8ns_7ns_11ns_12ns_19_4_1_DSP48_0_U/p_reg_reg.
DSP Report: register ama_addmuladd_8ns_7ns_11ns_12ns_19_4_1_U633/graphsage_int8_po2_ama_addmuladd_8ns_7ns_11ns_12ns_19_4_1_DSP48_0_U/b_reg_reg is absorbed into DSP ama_addmuladd_8ns_7ns_11ns_12ns_19_4_1_U641/graphsage_int8_po2_ama_addmuladd_8ns_7ns_11ns_12ns_19_4_1_DSP48_0_U/p_reg_reg.
DSP Report: register ama_addmuladd_8ns_7ns_11ns_12ns_19_4_1_U641/graphsage_int8_po2_ama_addmuladd_8ns_7ns_11ns_12ns_19_4_1_DSP48_0_U/p_reg_reg is absorbed into DSP ama_addmuladd_8ns_7ns_11ns_12ns_19_4_1_U641/graphsage_int8_po2_ama_addmuladd_8ns_7ns_11ns_12ns_19_4_1_DSP48_0_U/p_reg_reg.
DSP Report: register ama_addmuladd_8ns_7ns_11ns_12ns_19_4_1_U641/graphsage_int8_po2_ama_addmuladd_8ns_7ns_11ns_12ns_19_4_1_DSP48_0_U/m_reg_reg is absorbed into DSP ama_addmuladd_8ns_7ns_11ns_12ns_19_4_1_U641/graphsage_int8_po2_ama_addmuladd_8ns_7ns_11ns_12ns_19_4_1_DSP48_0_U/p_reg_reg.
DSP Report: register ama_addmuladd_8ns_7ns_11ns_12ns_19_4_1_U641/graphsage_int8_po2_ama_addmuladd_8ns_7ns_11ns_12ns_19_4_1_DSP48_0_U/ad_reg_reg is absorbed into DSP ama_addmuladd_8ns_7ns_11ns_12ns_19_4_1_U641/graphsage_int8_po2_ama_addmuladd_8ns_7ns_11ns_12ns_19_4_1_DSP48_0_U/p_reg_reg.
DSP Report: operator ama_addmuladd_8ns_7ns_11ns_12ns_19_4_1_U641/graphsage_int8_po2_ama_addmuladd_8ns_7ns_11ns_12ns_19_4_1_DSP48_0_U/p is absorbed into DSP ama_addmuladd_8ns_7ns_11ns_12ns_19_4_1_U641/graphsage_int8_po2_ama_addmuladd_8ns_7ns_11ns_12ns_19_4_1_DSP48_0_U/p_reg_reg.
DSP Report: operator ama_addmuladd_8ns_7ns_11ns_12ns_19_4_1_U641/graphsage_int8_po2_ama_addmuladd_8ns_7ns_11ns_12ns_19_4_1_DSP48_0_U/m is absorbed into DSP ama_addmuladd_8ns_7ns_11ns_12ns_19_4_1_U641/graphsage_int8_po2_ama_addmuladd_8ns_7ns_11ns_12ns_19_4_1_DSP48_0_U/p_reg_reg.
DSP Report: operator ama_addmuladd_8ns_7ns_11ns_12ns_19_4_1_U641/graphsage_int8_po2_ama_addmuladd_8ns_7ns_11ns_12ns_19_4_1_DSP48_0_U/ad is absorbed into DSP ama_addmuladd_8ns_7ns_11ns_12ns_19_4_1_U641/graphsage_int8_po2_ama_addmuladd_8ns_7ns_11ns_12ns_19_4_1_DSP48_0_U/p_reg_reg.
DSP Report: Generating DSP ama_addmuladd_8ns_7ns_11ns_12ns_19_4_1_U642/graphsage_int8_po2_ama_addmuladd_8ns_7ns_11ns_12ns_19_4_1_DSP48_0_U/p_reg_reg, operation Mode is: (C:0x800)+((D'+A'')*(B:0x555)')'.
DSP Report: register ama_addmuladd_8ns_7ns_11ns_12ns_19_4_1_U642/graphsage_int8_po2_ama_addmuladd_8ns_7ns_11ns_12ns_19_4_1_DSP48_0_U/p_reg_reg is absorbed into DSP ama_addmuladd_8ns_7ns_11ns_12ns_19_4_1_U642/graphsage_int8_po2_ama_addmuladd_8ns_7ns_11ns_12ns_19_4_1_DSP48_0_U/p_reg_reg.
DSP Report: register ama_addmuladd_8ns_7ns_11ns_12ns_19_4_1_U642/graphsage_int8_po2_ama_addmuladd_8ns_7ns_11ns_12ns_19_4_1_DSP48_0_U/p_reg_reg is absorbed into DSP ama_addmuladd_8ns_7ns_11ns_12ns_19_4_1_U642/graphsage_int8_po2_ama_addmuladd_8ns_7ns_11ns_12ns_19_4_1_DSP48_0_U/p_reg_reg.
DSP Report: register ama_addmuladd_8ns_7ns_11ns_12ns_19_4_1_U642/graphsage_int8_po2_ama_addmuladd_8ns_7ns_11ns_12ns_19_4_1_DSP48_0_U/p_reg_reg is absorbed into DSP ama_addmuladd_8ns_7ns_11ns_12ns_19_4_1_U642/graphsage_int8_po2_ama_addmuladd_8ns_7ns_11ns_12ns_19_4_1_DSP48_0_U/p_reg_reg.
DSP Report: register ama_addmuladd_8ns_7ns_11ns_12ns_19_4_1_U633/graphsage_int8_po2_ama_addmuladd_8ns_7ns_11ns_12ns_19_4_1_DSP48_0_U/b_reg_reg is absorbed into DSP ama_addmuladd_8ns_7ns_11ns_12ns_19_4_1_U642/graphsage_int8_po2_ama_addmuladd_8ns_7ns_11ns_12ns_19_4_1_DSP48_0_U/p_reg_reg.
DSP Report: register ama_addmuladd_8ns_7ns_11ns_12ns_19_4_1_U642/graphsage_int8_po2_ama_addmuladd_8ns_7ns_11ns_12ns_19_4_1_DSP48_0_U/p_reg_reg is absorbed into DSP ama_addmuladd_8ns_7ns_11ns_12ns_19_4_1_U642/graphsage_int8_po2_ama_addmuladd_8ns_7ns_11ns_12ns_19_4_1_DSP48_0_U/p_reg_reg.
DSP Report: register ama_addmuladd_8ns_7ns_11ns_12ns_19_4_1_U642/graphsage_int8_po2_ama_addmuladd_8ns_7ns_11ns_12ns_19_4_1_DSP48_0_U/m_reg_reg is absorbed into DSP ama_addmuladd_8ns_7ns_11ns_12ns_19_4_1_U642/graphsage_int8_po2_ama_addmuladd_8ns_7ns_11ns_12ns_19_4_1_DSP48_0_U/p_reg_reg.
DSP Report: register ama_addmuladd_8ns_7ns_11ns_12ns_19_4_1_U642/graphsage_int8_po2_ama_addmuladd_8ns_7ns_11ns_12ns_19_4_1_DSP48_0_U/ad_reg_reg is absorbed into DSP ama_addmuladd_8ns_7ns_11ns_12ns_19_4_1_U642/graphsage_int8_po2_ama_addmuladd_8ns_7ns_11ns_12ns_19_4_1_DSP48_0_U/p_reg_reg.
DSP Report: operator ama_addmuladd_8ns_7ns_11ns_12ns_19_4_1_U642/graphsage_int8_po2_ama_addmuladd_8ns_7ns_11ns_12ns_19_4_1_DSP48_0_U/p is absorbed into DSP ama_addmuladd_8ns_7ns_11ns_12ns_19_4_1_U642/graphsage_int8_po2_ama_addmuladd_8ns_7ns_11ns_12ns_19_4_1_DSP48_0_U/p_reg_reg.
DSP Report: operator ama_addmuladd_8ns_7ns_11ns_12ns_19_4_1_U642/graphsage_int8_po2_ama_addmuladd_8ns_7ns_11ns_12ns_19_4_1_DSP48_0_U/m is absorbed into DSP ama_addmuladd_8ns_7ns_11ns_12ns_19_4_1_U642/graphsage_int8_po2_ama_addmuladd_8ns_7ns_11ns_12ns_19_4_1_DSP48_0_U/p_reg_reg.
DSP Report: operator ama_addmuladd_8ns_7ns_11ns_12ns_19_4_1_U642/graphsage_int8_po2_ama_addmuladd_8ns_7ns_11ns_12ns_19_4_1_DSP48_0_U/ad is absorbed into DSP ama_addmuladd_8ns_7ns_11ns_12ns_19_4_1_U642/graphsage_int8_po2_ama_addmuladd_8ns_7ns_11ns_12ns_19_4_1_DSP48_0_U/p_reg_reg.
DSP Report: Generating DSP ama_addmuladd_8ns_7ns_11ns_12ns_19_4_1_U643/graphsage_int8_po2_ama_addmuladd_8ns_7ns_11ns_12ns_19_4_1_DSP48_0_U/p_reg_reg, operation Mode is: (C:0x800)+((D'+A'')*(B:0x555)')'.
DSP Report: register ama_addmuladd_8ns_7ns_11ns_12ns_19_4_1_U643/graphsage_int8_po2_ama_addmuladd_8ns_7ns_11ns_12ns_19_4_1_DSP48_0_U/p_reg_reg is absorbed into DSP ama_addmuladd_8ns_7ns_11ns_12ns_19_4_1_U643/graphsage_int8_po2_ama_addmuladd_8ns_7ns_11ns_12ns_19_4_1_DSP48_0_U/p_reg_reg.
DSP Report: register ama_addmuladd_8ns_7ns_11ns_12ns_19_4_1_U643/graphsage_int8_po2_ama_addmuladd_8ns_7ns_11ns_12ns_19_4_1_DSP48_0_U/p_reg_reg is absorbed into DSP ama_addmuladd_8ns_7ns_11ns_12ns_19_4_1_U643/graphsage_int8_po2_ama_addmuladd_8ns_7ns_11ns_12ns_19_4_1_DSP48_0_U/p_reg_reg.
DSP Report: register ama_addmuladd_8ns_7ns_11ns_12ns_19_4_1_U643/graphsage_int8_po2_ama_addmuladd_8ns_7ns_11ns_12ns_19_4_1_DSP48_0_U/p_reg_reg is absorbed into DSP ama_addmuladd_8ns_7ns_11ns_12ns_19_4_1_U643/graphsage_int8_po2_ama_addmuladd_8ns_7ns_11ns_12ns_19_4_1_DSP48_0_U/p_reg_reg.
DSP Report: register ama_addmuladd_8ns_7ns_11ns_12ns_19_4_1_U633/graphsage_int8_po2_ama_addmuladd_8ns_7ns_11ns_12ns_19_4_1_DSP48_0_U/b_reg_reg is absorbed into DSP ama_addmuladd_8ns_7ns_11ns_12ns_19_4_1_U643/graphsage_int8_po2_ama_addmuladd_8ns_7ns_11ns_12ns_19_4_1_DSP48_0_U/p_reg_reg.
DSP Report: register ama_addmuladd_8ns_7ns_11ns_12ns_19_4_1_U643/graphsage_int8_po2_ama_addmuladd_8ns_7ns_11ns_12ns_19_4_1_DSP48_0_U/p_reg_reg is absorbed into DSP ama_addmuladd_8ns_7ns_11ns_12ns_19_4_1_U643/graphsage_int8_po2_ama_addmuladd_8ns_7ns_11ns_12ns_19_4_1_DSP48_0_U/p_reg_reg.
DSP Report: register ama_addmuladd_8ns_7ns_11ns_12ns_19_4_1_U643/graphsage_int8_po2_ama_addmuladd_8ns_7ns_11ns_12ns_19_4_1_DSP48_0_U/m_reg_reg is absorbed into DSP ama_addmuladd_8ns_7ns_11ns_12ns_19_4_1_U643/graphsage_int8_po2_ama_addmuladd_8ns_7ns_11ns_12ns_19_4_1_DSP48_0_U/p_reg_reg.
DSP Report: register ama_addmuladd_8ns_7ns_11ns_12ns_19_4_1_U643/graphsage_int8_po2_ama_addmuladd_8ns_7ns_11ns_12ns_19_4_1_DSP48_0_U/ad_reg_reg is absorbed into DSP ama_addmuladd_8ns_7ns_11ns_12ns_19_4_1_U643/graphsage_int8_po2_ama_addmuladd_8ns_7ns_11ns_12ns_19_4_1_DSP48_0_U/p_reg_reg.
DSP Report: operator ama_addmuladd_8ns_7ns_11ns_12ns_19_4_1_U643/graphsage_int8_po2_ama_addmuladd_8ns_7ns_11ns_12ns_19_4_1_DSP48_0_U/p is absorbed into DSP ama_addmuladd_8ns_7ns_11ns_12ns_19_4_1_U643/graphsage_int8_po2_ama_addmuladd_8ns_7ns_11ns_12ns_19_4_1_DSP48_0_U/p_reg_reg.
DSP Report: operator ama_addmuladd_8ns_7ns_11ns_12ns_19_4_1_U643/graphsage_int8_po2_ama_addmuladd_8ns_7ns_11ns_12ns_19_4_1_DSP48_0_U/m is absorbed into DSP ama_addmuladd_8ns_7ns_11ns_12ns_19_4_1_U643/graphsage_int8_po2_ama_addmuladd_8ns_7ns_11ns_12ns_19_4_1_DSP48_0_U/p_reg_reg.
DSP Report: operator ama_addmuladd_8ns_7ns_11ns_12ns_19_4_1_U643/graphsage_int8_po2_ama_addmuladd_8ns_7ns_11ns_12ns_19_4_1_DSP48_0_U/ad is absorbed into DSP ama_addmuladd_8ns_7ns_11ns_12ns_19_4_1_U643/graphsage_int8_po2_ama_addmuladd_8ns_7ns_11ns_12ns_19_4_1_DSP48_0_U/p_reg_reg.
DSP Report: Generating DSP ama_addmuladd_8ns_7ns_11ns_12ns_19_4_1_U644/graphsage_int8_po2_ama_addmuladd_8ns_7ns_11ns_12ns_19_4_1_DSP48_0_U/p_reg_reg, operation Mode is: (C:0x800)+((D'+A'')*(B:0x555)')'.
DSP Report: register ama_addmuladd_8ns_7ns_11ns_12ns_19_4_1_U644/graphsage_int8_po2_ama_addmuladd_8ns_7ns_11ns_12ns_19_4_1_DSP48_0_U/p_reg_reg is absorbed into DSP ama_addmuladd_8ns_7ns_11ns_12ns_19_4_1_U644/graphsage_int8_po2_ama_addmuladd_8ns_7ns_11ns_12ns_19_4_1_DSP48_0_U/p_reg_reg.
DSP Report: register ama_addmuladd_8ns_7ns_11ns_12ns_19_4_1_U644/graphsage_int8_po2_ama_addmuladd_8ns_7ns_11ns_12ns_19_4_1_DSP48_0_U/p_reg_reg is absorbed into DSP ama_addmuladd_8ns_7ns_11ns_12ns_19_4_1_U644/graphsage_int8_po2_ama_addmuladd_8ns_7ns_11ns_12ns_19_4_1_DSP48_0_U/p_reg_reg.
DSP Report: register ama_addmuladd_8ns_7ns_11ns_12ns_19_4_1_U644/graphsage_int8_po2_ama_addmuladd_8ns_7ns_11ns_12ns_19_4_1_DSP48_0_U/p_reg_reg is absorbed into DSP ama_addmuladd_8ns_7ns_11ns_12ns_19_4_1_U644/graphsage_int8_po2_ama_addmuladd_8ns_7ns_11ns_12ns_19_4_1_DSP48_0_U/p_reg_reg.
DSP Report: register ama_addmuladd_8ns_7ns_11ns_12ns_19_4_1_U633/graphsage_int8_po2_ama_addmuladd_8ns_7ns_11ns_12ns_19_4_1_DSP48_0_U/b_reg_reg is absorbed into DSP ama_addmuladd_8ns_7ns_11ns_12ns_19_4_1_U644/graphsage_int8_po2_ama_addmuladd_8ns_7ns_11ns_12ns_19_4_1_DSP48_0_U/p_reg_reg.
DSP Report: register ama_addmuladd_8ns_7ns_11ns_12ns_19_4_1_U644/graphsage_int8_po2_ama_addmuladd_8ns_7ns_11ns_12ns_19_4_1_DSP48_0_U/p_reg_reg is absorbed into DSP ama_addmuladd_8ns_7ns_11ns_12ns_19_4_1_U644/graphsage_int8_po2_ama_addmuladd_8ns_7ns_11ns_12ns_19_4_1_DSP48_0_U/p_reg_reg.
DSP Report: register ama_addmuladd_8ns_7ns_11ns_12ns_19_4_1_U644/graphsage_int8_po2_ama_addmuladd_8ns_7ns_11ns_12ns_19_4_1_DSP48_0_U/m_reg_reg is absorbed into DSP ama_addmuladd_8ns_7ns_11ns_12ns_19_4_1_U644/graphsage_int8_po2_ama_addmuladd_8ns_7ns_11ns_12ns_19_4_1_DSP48_0_U/p_reg_reg.
DSP Report: register ama_addmuladd_8ns_7ns_11ns_12ns_19_4_1_U644/graphsage_int8_po2_ama_addmuladd_8ns_7ns_11ns_12ns_19_4_1_DSP48_0_U/ad_reg_reg is absorbed into DSP ama_addmuladd_8ns_7ns_11ns_12ns_19_4_1_U644/graphsage_int8_po2_ama_addmuladd_8ns_7ns_11ns_12ns_19_4_1_DSP48_0_U/p_reg_reg.
DSP Report: operator ama_addmuladd_8ns_7ns_11ns_12ns_19_4_1_U644/graphsage_int8_po2_ama_addmuladd_8ns_7ns_11ns_12ns_19_4_1_DSP48_0_U/p is absorbed into DSP ama_addmuladd_8ns_7ns_11ns_12ns_19_4_1_U644/graphsage_int8_po2_ama_addmuladd_8ns_7ns_11ns_12ns_19_4_1_DSP48_0_U/p_reg_reg.
DSP Report: operator ama_addmuladd_8ns_7ns_11ns_12ns_19_4_1_U644/graphsage_int8_po2_ama_addmuladd_8ns_7ns_11ns_12ns_19_4_1_DSP48_0_U/m is absorbed into DSP ama_addmuladd_8ns_7ns_11ns_12ns_19_4_1_U644/graphsage_int8_po2_ama_addmuladd_8ns_7ns_11ns_12ns_19_4_1_DSP48_0_U/p_reg_reg.
DSP Report: operator ama_addmuladd_8ns_7ns_11ns_12ns_19_4_1_U644/graphsage_int8_po2_ama_addmuladd_8ns_7ns_11ns_12ns_19_4_1_DSP48_0_U/ad is absorbed into DSP ama_addmuladd_8ns_7ns_11ns_12ns_19_4_1_U644/graphsage_int8_po2_ama_addmuladd_8ns_7ns_11ns_12ns_19_4_1_DSP48_0_U/p_reg_reg.
DSP Report: Generating DSP ama_addmuladd_8ns_7ns_11ns_12ns_19_4_1_U634/graphsage_int8_po2_ama_addmuladd_8ns_7ns_11ns_12ns_19_4_1_DSP48_0_U/p_reg_reg, operation Mode is: (C:0x800)+((D'+A2)*(B:0x555)')'.
DSP Report: register ama_addmuladd_8ns_7ns_11ns_12ns_19_4_1_U634/graphsage_int8_po2_ama_addmuladd_8ns_7ns_11ns_12ns_19_4_1_DSP48_0_U/p_reg_reg is absorbed into DSP ama_addmuladd_8ns_7ns_11ns_12ns_19_4_1_U634/graphsage_int8_po2_ama_addmuladd_8ns_7ns_11ns_12ns_19_4_1_DSP48_0_U/p_reg_reg.
DSP Report: register ama_addmuladd_8ns_7ns_11ns_12ns_19_4_1_U634/graphsage_int8_po2_ama_addmuladd_8ns_7ns_11ns_12ns_19_4_1_DSP48_0_U/p_reg_reg is absorbed into DSP ama_addmuladd_8ns_7ns_11ns_12ns_19_4_1_U634/graphsage_int8_po2_ama_addmuladd_8ns_7ns_11ns_12ns_19_4_1_DSP48_0_U/p_reg_reg.
DSP Report: register ama_addmuladd_8ns_7ns_11ns_12ns_19_4_1_U633/graphsage_int8_po2_ama_addmuladd_8ns_7ns_11ns_12ns_19_4_1_DSP48_0_U/b_reg_reg is absorbed into DSP ama_addmuladd_8ns_7ns_11ns_12ns_19_4_1_U634/graphsage_int8_po2_ama_addmuladd_8ns_7ns_11ns_12ns_19_4_1_DSP48_0_U/p_reg_reg.
DSP Report: register ama_addmuladd_8ns_7ns_11ns_12ns_19_4_1_U634/graphsage_int8_po2_ama_addmuladd_8ns_7ns_11ns_12ns_19_4_1_DSP48_0_U/p_reg_reg is absorbed into DSP ama_addmuladd_8ns_7ns_11ns_12ns_19_4_1_U634/graphsage_int8_po2_ama_addmuladd_8ns_7ns_11ns_12ns_19_4_1_DSP48_0_U/p_reg_reg.
DSP Report: register ama_addmuladd_8ns_7ns_11ns_12ns_19_4_1_U634/graphsage_int8_po2_ama_addmuladd_8ns_7ns_11ns_12ns_19_4_1_DSP48_0_U/m_reg_reg is absorbed into DSP ama_addmuladd_8ns_7ns_11ns_12ns_19_4_1_U634/graphsage_int8_po2_ama_addmuladd_8ns_7ns_11ns_12ns_19_4_1_DSP48_0_U/p_reg_reg.
DSP Report: register ama_addmuladd_8ns_7ns_11ns_12ns_19_4_1_U634/graphsage_int8_po2_ama_addmuladd_8ns_7ns_11ns_12ns_19_4_1_DSP48_0_U/ad_reg_reg is absorbed into DSP ama_addmuladd_8ns_7ns_11ns_12ns_19_4_1_U634/graphsage_int8_po2_ama_addmuladd_8ns_7ns_11ns_12ns_19_4_1_DSP48_0_U/p_reg_reg.
DSP Report: operator ama_addmuladd_8ns_7ns_11ns_12ns_19_4_1_U634/graphsage_int8_po2_ama_addmuladd_8ns_7ns_11ns_12ns_19_4_1_DSP48_0_U/p is absorbed into DSP ama_addmuladd_8ns_7ns_11ns_12ns_19_4_1_U634/graphsage_int8_po2_ama_addmuladd_8ns_7ns_11ns_12ns_19_4_1_DSP48_0_U/p_reg_reg.
DSP Report: operator ama_addmuladd_8ns_7ns_11ns_12ns_19_4_1_U634/graphsage_int8_po2_ama_addmuladd_8ns_7ns_11ns_12ns_19_4_1_DSP48_0_U/m is absorbed into DSP ama_addmuladd_8ns_7ns_11ns_12ns_19_4_1_U634/graphsage_int8_po2_ama_addmuladd_8ns_7ns_11ns_12ns_19_4_1_DSP48_0_U/p_reg_reg.
DSP Report: operator ama_addmuladd_8ns_7ns_11ns_12ns_19_4_1_U634/graphsage_int8_po2_ama_addmuladd_8ns_7ns_11ns_12ns_19_4_1_DSP48_0_U/ad is absorbed into DSP ama_addmuladd_8ns_7ns_11ns_12ns_19_4_1_U634/graphsage_int8_po2_ama_addmuladd_8ns_7ns_11ns_12ns_19_4_1_DSP48_0_U/p_reg_reg.
DSP Report: Generating DSP ama_addmuladd_8ns_7ns_11ns_12ns_19_4_1_U635/graphsage_int8_po2_ama_addmuladd_8ns_7ns_11ns_12ns_19_4_1_DSP48_0_U/p_reg_reg, operation Mode is: (C:0x800)+((D'+A2)*(B:0x555)')'.
DSP Report: register ama_addmuladd_8ns_7ns_11ns_12ns_19_4_1_U635/graphsage_int8_po2_ama_addmuladd_8ns_7ns_11ns_12ns_19_4_1_DSP48_0_U/p_reg_reg is absorbed into DSP ama_addmuladd_8ns_7ns_11ns_12ns_19_4_1_U635/graphsage_int8_po2_ama_addmuladd_8ns_7ns_11ns_12ns_19_4_1_DSP48_0_U/p_reg_reg.
DSP Report: register ama_addmuladd_8ns_7ns_11ns_12ns_19_4_1_U635/graphsage_int8_po2_ama_addmuladd_8ns_7ns_11ns_12ns_19_4_1_DSP48_0_U/p_reg_reg is absorbed into DSP ama_addmuladd_8ns_7ns_11ns_12ns_19_4_1_U635/graphsage_int8_po2_ama_addmuladd_8ns_7ns_11ns_12ns_19_4_1_DSP48_0_U/p_reg_reg.
DSP Report: register ama_addmuladd_8ns_7ns_11ns_12ns_19_4_1_U633/graphsage_int8_po2_ama_addmuladd_8ns_7ns_11ns_12ns_19_4_1_DSP48_0_U/b_reg_reg is absorbed into DSP ama_addmuladd_8ns_7ns_11ns_12ns_19_4_1_U635/graphsage_int8_po2_ama_addmuladd_8ns_7ns_11ns_12ns_19_4_1_DSP48_0_U/p_reg_reg.
DSP Report: register ama_addmuladd_8ns_7ns_11ns_12ns_19_4_1_U635/graphsage_int8_po2_ama_addmuladd_8ns_7ns_11ns_12ns_19_4_1_DSP48_0_U/p_reg_reg is absorbed into DSP ama_addmuladd_8ns_7ns_11ns_12ns_19_4_1_U635/graphsage_int8_po2_ama_addmuladd_8ns_7ns_11ns_12ns_19_4_1_DSP48_0_U/p_reg_reg.
DSP Report: register ama_addmuladd_8ns_7ns_11ns_12ns_19_4_1_U635/graphsage_int8_po2_ama_addmuladd_8ns_7ns_11ns_12ns_19_4_1_DSP48_0_U/m_reg_reg is absorbed into DSP ama_addmuladd_8ns_7ns_11ns_12ns_19_4_1_U635/graphsage_int8_po2_ama_addmuladd_8ns_7ns_11ns_12ns_19_4_1_DSP48_0_U/p_reg_reg.
DSP Report: register ama_addmuladd_8ns_7ns_11ns_12ns_19_4_1_U635/graphsage_int8_po2_ama_addmuladd_8ns_7ns_11ns_12ns_19_4_1_DSP48_0_U/ad_reg_reg is absorbed into DSP ama_addmuladd_8ns_7ns_11ns_12ns_19_4_1_U635/graphsage_int8_po2_ama_addmuladd_8ns_7ns_11ns_12ns_19_4_1_DSP48_0_U/p_reg_reg.
DSP Report: operator ama_addmuladd_8ns_7ns_11ns_12ns_19_4_1_U635/graphsage_int8_po2_ama_addmuladd_8ns_7ns_11ns_12ns_19_4_1_DSP48_0_U/p is absorbed into DSP ama_addmuladd_8ns_7ns_11ns_12ns_19_4_1_U635/graphsage_int8_po2_ama_addmuladd_8ns_7ns_11ns_12ns_19_4_1_DSP48_0_U/p_reg_reg.
DSP Report: operator ama_addmuladd_8ns_7ns_11ns_12ns_19_4_1_U635/graphsage_int8_po2_ama_addmuladd_8ns_7ns_11ns_12ns_19_4_1_DSP48_0_U/m is absorbed into DSP ama_addmuladd_8ns_7ns_11ns_12ns_19_4_1_U635/graphsage_int8_po2_ama_addmuladd_8ns_7ns_11ns_12ns_19_4_1_DSP48_0_U/p_reg_reg.
DSP Report: operator ama_addmuladd_8ns_7ns_11ns_12ns_19_4_1_U635/graphsage_int8_po2_ama_addmuladd_8ns_7ns_11ns_12ns_19_4_1_DSP48_0_U/ad is absorbed into DSP ama_addmuladd_8ns_7ns_11ns_12ns_19_4_1_U635/graphsage_int8_po2_ama_addmuladd_8ns_7ns_11ns_12ns_19_4_1_DSP48_0_U/p_reg_reg.
DSP Report: Generating DSP ama_addmuladd_8ns_7ns_11ns_12ns_19_4_1_U636/graphsage_int8_po2_ama_addmuladd_8ns_7ns_11ns_12ns_19_4_1_DSP48_0_U/p_reg_reg, operation Mode is: (C:0x800)+((D'+A2)*(B:0x555)')'.
DSP Report: register ama_addmuladd_8ns_7ns_11ns_12ns_19_4_1_U636/graphsage_int8_po2_ama_addmuladd_8ns_7ns_11ns_12ns_19_4_1_DSP48_0_U/p_reg_reg is absorbed into DSP ama_addmuladd_8ns_7ns_11ns_12ns_19_4_1_U636/graphsage_int8_po2_ama_addmuladd_8ns_7ns_11ns_12ns_19_4_1_DSP48_0_U/p_reg_reg.
DSP Report: register ama_addmuladd_8ns_7ns_11ns_12ns_19_4_1_U636/graphsage_int8_po2_ama_addmuladd_8ns_7ns_11ns_12ns_19_4_1_DSP48_0_U/p_reg_reg is absorbed into DSP ama_addmuladd_8ns_7ns_11ns_12ns_19_4_1_U636/graphsage_int8_po2_ama_addmuladd_8ns_7ns_11ns_12ns_19_4_1_DSP48_0_U/p_reg_reg.
DSP Report: register ama_addmuladd_8ns_7ns_11ns_12ns_19_4_1_U633/graphsage_int8_po2_ama_addmuladd_8ns_7ns_11ns_12ns_19_4_1_DSP48_0_U/b_reg_reg is absorbed into DSP ama_addmuladd_8ns_7ns_11ns_12ns_19_4_1_U636/graphsage_int8_po2_ama_addmuladd_8ns_7ns_11ns_12ns_19_4_1_DSP48_0_U/p_reg_reg.
DSP Report: register ama_addmuladd_8ns_7ns_11ns_12ns_19_4_1_U636/graphsage_int8_po2_ama_addmuladd_8ns_7ns_11ns_12ns_19_4_1_DSP48_0_U/p_reg_reg is absorbed into DSP ama_addmuladd_8ns_7ns_11ns_12ns_19_4_1_U636/graphsage_int8_po2_ama_addmuladd_8ns_7ns_11ns_12ns_19_4_1_DSP48_0_U/p_reg_reg.
DSP Report: register ama_addmuladd_8ns_7ns_11ns_12ns_19_4_1_U636/graphsage_int8_po2_ama_addmuladd_8ns_7ns_11ns_12ns_19_4_1_DSP48_0_U/m_reg_reg is absorbed into DSP ama_addmuladd_8ns_7ns_11ns_12ns_19_4_1_U636/graphsage_int8_po2_ama_addmuladd_8ns_7ns_11ns_12ns_19_4_1_DSP48_0_U/p_reg_reg.
DSP Report: register ama_addmuladd_8ns_7ns_11ns_12ns_19_4_1_U636/graphsage_int8_po2_ama_addmuladd_8ns_7ns_11ns_12ns_19_4_1_DSP48_0_U/ad_reg_reg is absorbed into DSP ama_addmuladd_8ns_7ns_11ns_12ns_19_4_1_U636/graphsage_int8_po2_ama_addmuladd_8ns_7ns_11ns_12ns_19_4_1_DSP48_0_U/p_reg_reg.
DSP Report: operator ama_addmuladd_8ns_7ns_11ns_12ns_19_4_1_U636/graphsage_int8_po2_ama_addmuladd_8ns_7ns_11ns_12ns_19_4_1_DSP48_0_U/p is absorbed into DSP ama_addmuladd_8ns_7ns_11ns_12ns_19_4_1_U636/graphsage_int8_po2_ama_addmuladd_8ns_7ns_11ns_12ns_19_4_1_DSP48_0_U/p_reg_reg.
DSP Report: operator ama_addmuladd_8ns_7ns_11ns_12ns_19_4_1_U636/graphsage_int8_po2_ama_addmuladd_8ns_7ns_11ns_12ns_19_4_1_DSP48_0_U/m is absorbed into DSP ama_addmuladd_8ns_7ns_11ns_12ns_19_4_1_U636/graphsage_int8_po2_ama_addmuladd_8ns_7ns_11ns_12ns_19_4_1_DSP48_0_U/p_reg_reg.
DSP Report: operator ama_addmuladd_8ns_7ns_11ns_12ns_19_4_1_U636/graphsage_int8_po2_ama_addmuladd_8ns_7ns_11ns_12ns_19_4_1_DSP48_0_U/ad is absorbed into DSP ama_addmuladd_8ns_7ns_11ns_12ns_19_4_1_U636/graphsage_int8_po2_ama_addmuladd_8ns_7ns_11ns_12ns_19_4_1_DSP48_0_U/p_reg_reg.
DSP Report: Generating DSP ama_addmuladd_8ns_7ns_11ns_12ns_19_4_1_U633/graphsage_int8_po2_ama_addmuladd_8ns_7ns_11ns_12ns_19_4_1_DSP48_0_U/p_reg_reg, operation Mode is: (C:0x800)+((D'+A2)*(B:0x555)')'.
DSP Report: register ama_addmuladd_8ns_7ns_11ns_12ns_19_4_1_U633/graphsage_int8_po2_ama_addmuladd_8ns_7ns_11ns_12ns_19_4_1_DSP48_0_U/p_reg_reg is absorbed into DSP ama_addmuladd_8ns_7ns_11ns_12ns_19_4_1_U633/graphsage_int8_po2_ama_addmuladd_8ns_7ns_11ns_12ns_19_4_1_DSP48_0_U/p_reg_reg.
DSP Report: register ama_addmuladd_8ns_7ns_11ns_12ns_19_4_1_U633/graphsage_int8_po2_ama_addmuladd_8ns_7ns_11ns_12ns_19_4_1_DSP48_0_U/p_reg_reg is absorbed into DSP ama_addmuladd_8ns_7ns_11ns_12ns_19_4_1_U633/graphsage_int8_po2_ama_addmuladd_8ns_7ns_11ns_12ns_19_4_1_DSP48_0_U/p_reg_reg.
DSP Report: register ama_addmuladd_8ns_7ns_11ns_12ns_19_4_1_U633/graphsage_int8_po2_ama_addmuladd_8ns_7ns_11ns_12ns_19_4_1_DSP48_0_U/b_reg_reg is absorbed into DSP ama_addmuladd_8ns_7ns_11ns_12ns_19_4_1_U633/graphsage_int8_po2_ama_addmuladd_8ns_7ns_11ns_12ns_19_4_1_DSP48_0_U/p_reg_reg.
DSP Report: register ama_addmuladd_8ns_7ns_11ns_12ns_19_4_1_U633/graphsage_int8_po2_ama_addmuladd_8ns_7ns_11ns_12ns_19_4_1_DSP48_0_U/p_reg_reg is absorbed into DSP ama_addmuladd_8ns_7ns_11ns_12ns_19_4_1_U633/graphsage_int8_po2_ama_addmuladd_8ns_7ns_11ns_12ns_19_4_1_DSP48_0_U/p_reg_reg.
DSP Report: register ama_addmuladd_8ns_7ns_11ns_12ns_19_4_1_U633/graphsage_int8_po2_ama_addmuladd_8ns_7ns_11ns_12ns_19_4_1_DSP48_0_U/m_reg_reg is absorbed into DSP ama_addmuladd_8ns_7ns_11ns_12ns_19_4_1_U633/graphsage_int8_po2_ama_addmuladd_8ns_7ns_11ns_12ns_19_4_1_DSP48_0_U/p_reg_reg.
DSP Report: register ama_addmuladd_8ns_7ns_11ns_12ns_19_4_1_U633/graphsage_int8_po2_ama_addmuladd_8ns_7ns_11ns_12ns_19_4_1_DSP48_0_U/ad_reg_reg is absorbed into DSP ama_addmuladd_8ns_7ns_11ns_12ns_19_4_1_U633/graphsage_int8_po2_ama_addmuladd_8ns_7ns_11ns_12ns_19_4_1_DSP48_0_U/p_reg_reg.
DSP Report: operator ama_addmuladd_8ns_7ns_11ns_12ns_19_4_1_U633/graphsage_int8_po2_ama_addmuladd_8ns_7ns_11ns_12ns_19_4_1_DSP48_0_U/p is absorbed into DSP ama_addmuladd_8ns_7ns_11ns_12ns_19_4_1_U633/graphsage_int8_po2_ama_addmuladd_8ns_7ns_11ns_12ns_19_4_1_DSP48_0_U/p_reg_reg.
DSP Report: operator ama_addmuladd_8ns_7ns_11ns_12ns_19_4_1_U633/graphsage_int8_po2_ama_addmuladd_8ns_7ns_11ns_12ns_19_4_1_DSP48_0_U/m is absorbed into DSP ama_addmuladd_8ns_7ns_11ns_12ns_19_4_1_U633/graphsage_int8_po2_ama_addmuladd_8ns_7ns_11ns_12ns_19_4_1_DSP48_0_U/p_reg_reg.
DSP Report: operator ama_addmuladd_8ns_7ns_11ns_12ns_19_4_1_U633/graphsage_int8_po2_ama_addmuladd_8ns_7ns_11ns_12ns_19_4_1_DSP48_0_U/ad is absorbed into DSP ama_addmuladd_8ns_7ns_11ns_12ns_19_4_1_U633/graphsage_int8_po2_ama_addmuladd_8ns_7ns_11ns_12ns_19_4_1_DSP48_0_U/p_reg_reg.
DSP Report: Generating DSP ama_addmuladd_8ns_7ns_11ns_12ns_19_4_1_U638/graphsage_int8_po2_ama_addmuladd_8ns_7ns_11ns_12ns_19_4_1_DSP48_0_U/p_reg_reg, operation Mode is: (C:0x800)+((D'+A2)*(B:0x555)')'.
DSP Report: register ama_addmuladd_8ns_7ns_11ns_12ns_19_4_1_U638/graphsage_int8_po2_ama_addmuladd_8ns_7ns_11ns_12ns_19_4_1_DSP48_0_U/p_reg_reg is absorbed into DSP ama_addmuladd_8ns_7ns_11ns_12ns_19_4_1_U638/graphsage_int8_po2_ama_addmuladd_8ns_7ns_11ns_12ns_19_4_1_DSP48_0_U/p_reg_reg.
DSP Report: register ama_addmuladd_8ns_7ns_11ns_12ns_19_4_1_U638/graphsage_int8_po2_ama_addmuladd_8ns_7ns_11ns_12ns_19_4_1_DSP48_0_U/p_reg_reg is absorbed into DSP ama_addmuladd_8ns_7ns_11ns_12ns_19_4_1_U638/graphsage_int8_po2_ama_addmuladd_8ns_7ns_11ns_12ns_19_4_1_DSP48_0_U/p_reg_reg.
DSP Report: register ama_addmuladd_8ns_7ns_11ns_12ns_19_4_1_U633/graphsage_int8_po2_ama_addmuladd_8ns_7ns_11ns_12ns_19_4_1_DSP48_0_U/b_reg_reg is absorbed into DSP ama_addmuladd_8ns_7ns_11ns_12ns_19_4_1_U638/graphsage_int8_po2_ama_addmuladd_8ns_7ns_11ns_12ns_19_4_1_DSP48_0_U/p_reg_reg.
DSP Report: register ama_addmuladd_8ns_7ns_11ns_12ns_19_4_1_U638/graphsage_int8_po2_ama_addmuladd_8ns_7ns_11ns_12ns_19_4_1_DSP48_0_U/p_reg_reg is absorbed into DSP ama_addmuladd_8ns_7ns_11ns_12ns_19_4_1_U638/graphsage_int8_po2_ama_addmuladd_8ns_7ns_11ns_12ns_19_4_1_DSP48_0_U/p_reg_reg.
DSP Report: register ama_addmuladd_8ns_7ns_11ns_12ns_19_4_1_U638/graphsage_int8_po2_ama_addmuladd_8ns_7ns_11ns_12ns_19_4_1_DSP48_0_U/m_reg_reg is absorbed into DSP ama_addmuladd_8ns_7ns_11ns_12ns_19_4_1_U638/graphsage_int8_po2_ama_addmuladd_8ns_7ns_11ns_12ns_19_4_1_DSP48_0_U/p_reg_reg.
DSP Report: register ama_addmuladd_8ns_7ns_11ns_12ns_19_4_1_U638/graphsage_int8_po2_ama_addmuladd_8ns_7ns_11ns_12ns_19_4_1_DSP48_0_U/ad_reg_reg is absorbed into DSP ama_addmuladd_8ns_7ns_11ns_12ns_19_4_1_U638/graphsage_int8_po2_ama_addmuladd_8ns_7ns_11ns_12ns_19_4_1_DSP48_0_U/p_reg_reg.
DSP Report: operator ama_addmuladd_8ns_7ns_11ns_12ns_19_4_1_U638/graphsage_int8_po2_ama_addmuladd_8ns_7ns_11ns_12ns_19_4_1_DSP48_0_U/p is absorbed into DSP ama_addmuladd_8ns_7ns_11ns_12ns_19_4_1_U638/graphsage_int8_po2_ama_addmuladd_8ns_7ns_11ns_12ns_19_4_1_DSP48_0_U/p_reg_reg.
DSP Report: operator ama_addmuladd_8ns_7ns_11ns_12ns_19_4_1_U638/graphsage_int8_po2_ama_addmuladd_8ns_7ns_11ns_12ns_19_4_1_DSP48_0_U/m is absorbed into DSP ama_addmuladd_8ns_7ns_11ns_12ns_19_4_1_U638/graphsage_int8_po2_ama_addmuladd_8ns_7ns_11ns_12ns_19_4_1_DSP48_0_U/p_reg_reg.
DSP Report: operator ama_addmuladd_8ns_7ns_11ns_12ns_19_4_1_U638/graphsage_int8_po2_ama_addmuladd_8ns_7ns_11ns_12ns_19_4_1_DSP48_0_U/ad is absorbed into DSP ama_addmuladd_8ns_7ns_11ns_12ns_19_4_1_U638/graphsage_int8_po2_ama_addmuladd_8ns_7ns_11ns_12ns_19_4_1_DSP48_0_U/p_reg_reg.
DSP Report: Generating DSP ama_addmuladd_8ns_7ns_11ns_12ns_19_4_1_U639/graphsage_int8_po2_ama_addmuladd_8ns_7ns_11ns_12ns_19_4_1_DSP48_0_U/p_reg_reg, operation Mode is: (C:0x800)+((D'+A2)*(B:0x555)')'.
DSP Report: register ama_addmuladd_8ns_7ns_11ns_12ns_19_4_1_U639/graphsage_int8_po2_ama_addmuladd_8ns_7ns_11ns_12ns_19_4_1_DSP48_0_U/p_reg_reg is absorbed into DSP ama_addmuladd_8ns_7ns_11ns_12ns_19_4_1_U639/graphsage_int8_po2_ama_addmuladd_8ns_7ns_11ns_12ns_19_4_1_DSP48_0_U/p_reg_reg.
DSP Report: register ama_addmuladd_8ns_7ns_11ns_12ns_19_4_1_U639/graphsage_int8_po2_ama_addmuladd_8ns_7ns_11ns_12ns_19_4_1_DSP48_0_U/p_reg_reg is absorbed into DSP ama_addmuladd_8ns_7ns_11ns_12ns_19_4_1_U639/graphsage_int8_po2_ama_addmuladd_8ns_7ns_11ns_12ns_19_4_1_DSP48_0_U/p_reg_reg.
DSP Report: register ama_addmuladd_8ns_7ns_11ns_12ns_19_4_1_U633/graphsage_int8_po2_ama_addmuladd_8ns_7ns_11ns_12ns_19_4_1_DSP48_0_U/b_reg_reg is absorbed into DSP ama_addmuladd_8ns_7ns_11ns_12ns_19_4_1_U639/graphsage_int8_po2_ama_addmuladd_8ns_7ns_11ns_12ns_19_4_1_DSP48_0_U/p_reg_reg.
DSP Report: register ama_addmuladd_8ns_7ns_11ns_12ns_19_4_1_U639/graphsage_int8_po2_ama_addmuladd_8ns_7ns_11ns_12ns_19_4_1_DSP48_0_U/p_reg_reg is absorbed into DSP ama_addmuladd_8ns_7ns_11ns_12ns_19_4_1_U639/graphsage_int8_po2_ama_addmuladd_8ns_7ns_11ns_12ns_19_4_1_DSP48_0_U/p_reg_reg.
DSP Report: register ama_addmuladd_8ns_7ns_11ns_12ns_19_4_1_U639/graphsage_int8_po2_ama_addmuladd_8ns_7ns_11ns_12ns_19_4_1_DSP48_0_U/m_reg_reg is absorbed into DSP ama_addmuladd_8ns_7ns_11ns_12ns_19_4_1_U639/graphsage_int8_po2_ama_addmuladd_8ns_7ns_11ns_12ns_19_4_1_DSP48_0_U/p_reg_reg.
DSP Report: register ama_addmuladd_8ns_7ns_11ns_12ns_19_4_1_U639/graphsage_int8_po2_ama_addmuladd_8ns_7ns_11ns_12ns_19_4_1_DSP48_0_U/ad_reg_reg is absorbed into DSP ama_addmuladd_8ns_7ns_11ns_12ns_19_4_1_U639/graphsage_int8_po2_ama_addmuladd_8ns_7ns_11ns_12ns_19_4_1_DSP48_0_U/p_reg_reg.
DSP Report: operator ama_addmuladd_8ns_7ns_11ns_12ns_19_4_1_U639/graphsage_int8_po2_ama_addmuladd_8ns_7ns_11ns_12ns_19_4_1_DSP48_0_U/p is absorbed into DSP ama_addmuladd_8ns_7ns_11ns_12ns_19_4_1_U639/graphsage_int8_po2_ama_addmuladd_8ns_7ns_11ns_12ns_19_4_1_DSP48_0_U/p_reg_reg.
DSP Report: operator ama_addmuladd_8ns_7ns_11ns_12ns_19_4_1_U639/graphsage_int8_po2_ama_addmuladd_8ns_7ns_11ns_12ns_19_4_1_DSP48_0_U/m is absorbed into DSP ama_addmuladd_8ns_7ns_11ns_12ns_19_4_1_U639/graphsage_int8_po2_ama_addmuladd_8ns_7ns_11ns_12ns_19_4_1_DSP48_0_U/p_reg_reg.
DSP Report: operator ama_addmuladd_8ns_7ns_11ns_12ns_19_4_1_U639/graphsage_int8_po2_ama_addmuladd_8ns_7ns_11ns_12ns_19_4_1_DSP48_0_U/ad is absorbed into DSP ama_addmuladd_8ns_7ns_11ns_12ns_19_4_1_U639/graphsage_int8_po2_ama_addmuladd_8ns_7ns_11ns_12ns_19_4_1_DSP48_0_U/p_reg_reg.
DSP Report: Generating DSP ama_addmuladd_8ns_7ns_11ns_12ns_19_4_1_U640/graphsage_int8_po2_ama_addmuladd_8ns_7ns_11ns_12ns_19_4_1_DSP48_0_U/p_reg_reg, operation Mode is: (C:0x800)+((D'+A)*(B:0x555)')'.
DSP Report: register ama_addmuladd_8ns_7ns_11ns_12ns_19_4_1_U640/graphsage_int8_po2_ama_addmuladd_8ns_7ns_11ns_12ns_19_4_1_DSP48_0_U/p_reg_reg is absorbed into DSP ama_addmuladd_8ns_7ns_11ns_12ns_19_4_1_U640/graphsage_int8_po2_ama_addmuladd_8ns_7ns_11ns_12ns_19_4_1_DSP48_0_U/p_reg_reg.
DSP Report: register ama_addmuladd_8ns_7ns_11ns_12ns_19_4_1_U633/graphsage_int8_po2_ama_addmuladd_8ns_7ns_11ns_12ns_19_4_1_DSP48_0_U/b_reg_reg is absorbed into DSP ama_addmuladd_8ns_7ns_11ns_12ns_19_4_1_U640/graphsage_int8_po2_ama_addmuladd_8ns_7ns_11ns_12ns_19_4_1_DSP48_0_U/p_reg_reg.
DSP Report: register ama_addmuladd_8ns_7ns_11ns_12ns_19_4_1_U640/graphsage_int8_po2_ama_addmuladd_8ns_7ns_11ns_12ns_19_4_1_DSP48_0_U/p_reg_reg is absorbed into DSP ama_addmuladd_8ns_7ns_11ns_12ns_19_4_1_U640/graphsage_int8_po2_ama_addmuladd_8ns_7ns_11ns_12ns_19_4_1_DSP48_0_U/p_reg_reg.
DSP Report: register ama_addmuladd_8ns_7ns_11ns_12ns_19_4_1_U640/graphsage_int8_po2_ama_addmuladd_8ns_7ns_11ns_12ns_19_4_1_DSP48_0_U/m_reg_reg is absorbed into DSP ama_addmuladd_8ns_7ns_11ns_12ns_19_4_1_U640/graphsage_int8_po2_ama_addmuladd_8ns_7ns_11ns_12ns_19_4_1_DSP48_0_U/p_reg_reg.
DSP Report: register ama_addmuladd_8ns_7ns_11ns_12ns_19_4_1_U640/graphsage_int8_po2_ama_addmuladd_8ns_7ns_11ns_12ns_19_4_1_DSP48_0_U/ad_reg_reg is absorbed into DSP ama_addmuladd_8ns_7ns_11ns_12ns_19_4_1_U640/graphsage_int8_po2_ama_addmuladd_8ns_7ns_11ns_12ns_19_4_1_DSP48_0_U/p_reg_reg.
DSP Report: operator ama_addmuladd_8ns_7ns_11ns_12ns_19_4_1_U640/graphsage_int8_po2_ama_addmuladd_8ns_7ns_11ns_12ns_19_4_1_DSP48_0_U/p is absorbed into DSP ama_addmuladd_8ns_7ns_11ns_12ns_19_4_1_U640/graphsage_int8_po2_ama_addmuladd_8ns_7ns_11ns_12ns_19_4_1_DSP48_0_U/p_reg_reg.
DSP Report: operator ama_addmuladd_8ns_7ns_11ns_12ns_19_4_1_U640/graphsage_int8_po2_ama_addmuladd_8ns_7ns_11ns_12ns_19_4_1_DSP48_0_U/m is absorbed into DSP ama_addmuladd_8ns_7ns_11ns_12ns_19_4_1_U640/graphsage_int8_po2_ama_addmuladd_8ns_7ns_11ns_12ns_19_4_1_DSP48_0_U/p_reg_reg.
DSP Report: operator ama_addmuladd_8ns_7ns_11ns_12ns_19_4_1_U640/graphsage_int8_po2_ama_addmuladd_8ns_7ns_11ns_12ns_19_4_1_DSP48_0_U/ad is absorbed into DSP ama_addmuladd_8ns_7ns_11ns_12ns_19_4_1_U640/graphsage_int8_po2_ama_addmuladd_8ns_7ns_11ns_12ns_19_4_1_DSP48_0_U/p_reg_reg.
DSP Report: Generating DSP ama_addmuladd_8ns_7ns_11ns_12ns_19_4_1_U637/graphsage_int8_po2_ama_addmuladd_8ns_7ns_11ns_12ns_19_4_1_DSP48_0_U/p_reg_reg, operation Mode is: (C:0x800)+((D'+A)*(B:0x555)')'.
DSP Report: register ama_addmuladd_8ns_7ns_11ns_12ns_19_4_1_U637/graphsage_int8_po2_ama_addmuladd_8ns_7ns_11ns_12ns_19_4_1_DSP48_0_U/p_reg_reg is absorbed into DSP ama_addmuladd_8ns_7ns_11ns_12ns_19_4_1_U637/graphsage_int8_po2_ama_addmuladd_8ns_7ns_11ns_12ns_19_4_1_DSP48_0_U/p_reg_reg.
DSP Report: register ama_addmuladd_8ns_7ns_11ns_12ns_19_4_1_U633/graphsage_int8_po2_ama_addmuladd_8ns_7ns_11ns_12ns_19_4_1_DSP48_0_U/b_reg_reg is absorbed into DSP ama_addmuladd_8ns_7ns_11ns_12ns_19_4_1_U637/graphsage_int8_po2_ama_addmuladd_8ns_7ns_11ns_12ns_19_4_1_DSP48_0_U/p_reg_reg.
DSP Report: register ama_addmuladd_8ns_7ns_11ns_12ns_19_4_1_U637/graphsage_int8_po2_ama_addmuladd_8ns_7ns_11ns_12ns_19_4_1_DSP48_0_U/p_reg_reg is absorbed into DSP ama_addmuladd_8ns_7ns_11ns_12ns_19_4_1_U637/graphsage_int8_po2_ama_addmuladd_8ns_7ns_11ns_12ns_19_4_1_DSP48_0_U/p_reg_reg.
DSP Report: register ama_addmuladd_8ns_7ns_11ns_12ns_19_4_1_U637/graphsage_int8_po2_ama_addmuladd_8ns_7ns_11ns_12ns_19_4_1_DSP48_0_U/m_reg_reg is absorbed into DSP ama_addmuladd_8ns_7ns_11ns_12ns_19_4_1_U637/graphsage_int8_po2_ama_addmuladd_8ns_7ns_11ns_12ns_19_4_1_DSP48_0_U/p_reg_reg.
DSP Report: register ama_addmuladd_8ns_7ns_11ns_12ns_19_4_1_U637/graphsage_int8_po2_ama_addmuladd_8ns_7ns_11ns_12ns_19_4_1_DSP48_0_U/ad_reg_reg is absorbed into DSP ama_addmuladd_8ns_7ns_11ns_12ns_19_4_1_U637/graphsage_int8_po2_ama_addmuladd_8ns_7ns_11ns_12ns_19_4_1_DSP48_0_U/p_reg_reg.
DSP Report: operator ama_addmuladd_8ns_7ns_11ns_12ns_19_4_1_U637/graphsage_int8_po2_ama_addmuladd_8ns_7ns_11ns_12ns_19_4_1_DSP48_0_U/p is absorbed into DSP ama_addmuladd_8ns_7ns_11ns_12ns_19_4_1_U637/graphsage_int8_po2_ama_addmuladd_8ns_7ns_11ns_12ns_19_4_1_DSP48_0_U/p_reg_reg.
DSP Report: operator ama_addmuladd_8ns_7ns_11ns_12ns_19_4_1_U637/graphsage_int8_po2_ama_addmuladd_8ns_7ns_11ns_12ns_19_4_1_DSP48_0_U/m is absorbed into DSP ama_addmuladd_8ns_7ns_11ns_12ns_19_4_1_U637/graphsage_int8_po2_ama_addmuladd_8ns_7ns_11ns_12ns_19_4_1_DSP48_0_U/p_reg_reg.
DSP Report: operator ama_addmuladd_8ns_7ns_11ns_12ns_19_4_1_U637/graphsage_int8_po2_ama_addmuladd_8ns_7ns_11ns_12ns_19_4_1_DSP48_0_U/ad is absorbed into DSP ama_addmuladd_8ns_7ns_11ns_12ns_19_4_1_U637/graphsage_int8_po2_ama_addmuladd_8ns_7ns_11ns_12ns_19_4_1_DSP48_0_U/p_reg_reg.
INFO: [Common 17-14] Message 'Synth 8-3886' appears 100 times and further instances of the messages will be disabled. Use the Tcl command set_msg_config to change the current settings.
INFO: [Common 17-14] Message 'Synth 8-3333' appears 100 times and further instances of the messages will be disabled. Use the Tcl command set_msg_config to change the current settings.
INFO: [Common 17-14] Message 'Synth 8-3886' appears 100 times and further instances of the messages will be disabled. Use the Tcl command set_msg_config to change the current settings.
INFO: [Common 17-14] Message 'Synth 8-3333' appears 100 times and further instances of the messages will be disabled. Use the Tcl command set_msg_config to change the current settings.
---------------------------------------------------------------------------------
Finished Cross Boundary and Area Optimization : Time (s): cpu = 00:00:35 ; elapsed = 00:03:08 . Memory (MB): peak = 3989.508 ; gain = 909.391 ; free physical = 370465 ; free virtual = 438761
---------------------------------------------------------------------------------
 Sort Area is graphsage_int8_po2__GB4 ama_addmuladd_9s_8s_11ns_17ns_21_4_1_U601/graphsage_int8_po2_ama_addmuladd_9s_8s_11ns_17ns_21_4_1_DSP48_0_U/p_reg_reg_21 : 0 0 : 1555 1555 : Used 1 time 0
 Sort Area is graphsage_int8_po2__GB5 ama_addmuladd_9s_8s_11ns_17ns_21_4_1_U602/graphsage_int8_po2_ama_addmuladd_9s_8s_11ns_17ns_21_4_1_DSP48_0_U/p_reg_reg_5 : 0 0 : 1555 1555 : Used 1 time 0
 Sort Area is graphsage_int8_po2__GB5 ama_addmuladd_9s_8s_11ns_17ns_21_4_1_U604/graphsage_int8_po2_ama_addmuladd_9s_8s_11ns_17ns_21_4_1_DSP48_0_U/p_reg_reg_7 : 0 0 : 1555 1555 : Used 1 time 0
 Sort Area is graphsage_int8_po2__GB4 ama_addmuladd_9s_8s_11ns_17ns_21_4_1_U605/graphsage_int8_po2_ama_addmuladd_9s_8s_11ns_17ns_21_4_1_DSP48_0_U/p_reg_reg_f : 0 0 : 1555 1555 : Used 1 time 0
 Sort Area is graphsage_int8_po2__GB4 ama_addmuladd_9s_8s_11ns_17ns_21_4_1_U606/graphsage_int8_po2_ama_addmuladd_9s_8s_11ns_17ns_21_4_1_DSP48_0_U/p_reg_reg_e : 0 0 : 1555 1555 : Used 1 time 0
 Sort Area is graphsage_int8_po2__GB4 ama_addmuladd_9s_8s_11ns_17ns_21_4_1_U607/graphsage_int8_po2_ama_addmuladd_9s_8s_11ns_17ns_21_4_1_DSP48_0_U/p_reg_reg_d : 0 0 : 1555 1555 : Used 1 time 0
 Sort Area is graphsage_int8_po2__GB4 ama_addmuladd_9s_8s_11ns_17ns_21_4_1_U608/graphsage_int8_po2_ama_addmuladd_9s_8s_11ns_17ns_21_4_1_DSP48_0_U/p_reg_reg_c : 0 0 : 1555 1555 : Used 1 time 0
 Sort Area is graphsage_int8_po2__GB4 ama_addmuladd_9s_8s_11ns_17ns_21_4_1_U609/graphsage_int8_po2_ama_addmuladd_9s_8s_11ns_17ns_21_4_1_DSP48_0_U/p_reg_reg_b : 0 0 : 1555 1555 : Used 1 time 0
 Sort Area is graphsage_int8_po2__GB4 ama_addmuladd_9s_8s_11ns_17ns_21_4_1_U610/graphsage_int8_po2_ama_addmuladd_9s_8s_11ns_17ns_21_4_1_DSP48_0_U/p_reg_reg_a : 0 0 : 1555 1555 : Used 1 time 0
 Sort Area is graphsage_int8_po2__GB4 ama_addmuladd_9s_8s_11ns_17ns_21_4_1_U611/graphsage_int8_po2_ama_addmuladd_9s_8s_11ns_17ns_21_4_1_DSP48_0_U/p_reg_reg_9 : 0 0 : 1555 1555 : Used 1 time 0
 Sort Area is graphsage_int8_po2__GB4 ama_addmuladd_9s_8s_11ns_17ns_21_4_1_U612/graphsage_int8_po2_ama_addmuladd_9s_8s_11ns_17ns_21_4_1_DSP48_0_U/p_reg_reg_8 : 0 0 : 1555 1555 : Used 1 time 0
 Sort Area is graphsage_int8_po2__GB4 ama_addmuladd_9s_8s_11ns_17ns_21_4_1_U613/graphsage_int8_po2_ama_addmuladd_9s_8s_11ns_17ns_21_4_1_DSP48_0_U/p_reg_reg_7 : 0 0 : 1555 1555 : Used 1 time 0
 Sort Area is graphsage_int8_po2__GB4 ama_addmuladd_9s_8s_11ns_17ns_21_4_1_U614/graphsage_int8_po2_ama_addmuladd_9s_8s_11ns_17ns_21_4_1_DSP48_0_U/p_reg_reg_6 : 0 0 : 1555 1555 : Used 1 time 0
 Sort Area is graphsage_int8_po2__GB4 ama_addmuladd_9s_8s_11ns_17ns_21_4_1_U615/graphsage_int8_po2_ama_addmuladd_9s_8s_11ns_17ns_21_4_1_DSP48_0_U/p_reg_reg_4 : 0 0 : 1555 1555 : Used 1 time 0
 Sort Area is graphsage_int8_po2__GB4 ama_addmuladd_9s_8s_11ns_17ns_21_4_1_U569/graphsage_int8_po2_ama_addmuladd_9s_8s_11ns_17ns_21_4_1_DSP48_0_U/p_reg_reg_33 : 0 0 : 1547 1547 : Used 1 time 0
 Sort Area is graphsage_int8_po2__GB5 ama_addmuladd_9s_8s_11ns_17ns_21_4_1_U570/graphsage_int8_po2_ama_addmuladd_9s_8s_11ns_17ns_21_4_1_DSP48_0_U/p_reg_reg_0 : 0 0 : 1547 1547 : Used 1 time 0
 Sort Area is graphsage_int8_po2__GB0 ama_addmuladd_9s_8s_11ns_17ns_21_4_1_U571/graphsage_int8_po2_ama_addmuladd_9s_8s_11ns_17ns_21_4_1_DSP48_0_U/p_reg_reg_0 : 0 0 : 1547 1547 : Used 1 time 0
 Sort Area is graphsage_int8_po2__GB5 ama_addmuladd_9s_8s_11ns_17ns_21_4_1_U572/graphsage_int8_po2_ama_addmuladd_9s_8s_11ns_17ns_21_4_1_DSP48_0_U/p_reg_reg_2 : 0 0 : 1547 1547 : Used 1 time 0
 Sort Area is graphsage_int8_po2__GB4 ama_addmuladd_9s_8s_11ns_17ns_21_4_1_U573/graphsage_int8_po2_ama_addmuladd_9s_8s_11ns_17ns_21_4_1_DSP48_0_U/p_reg_reg_32 : 0 0 : 1547 1547 : Used 1 time 0
 Sort Area is graphsage_int8_po2__GB4 ama_addmuladd_9s_8s_11ns_17ns_21_4_1_U574/graphsage_int8_po2_ama_addmuladd_9s_8s_11ns_17ns_21_4_1_DSP48_0_U/p_reg_reg_31 : 0 0 : 1547 1547 : Used 1 time 0
 Sort Area is graphsage_int8_po2__GB4 ama_addmuladd_9s_8s_11ns_17ns_21_4_1_U575/graphsage_int8_po2_ama_addmuladd_9s_8s_11ns_17ns_21_4_1_DSP48_0_U/p_reg_reg_30 : 0 0 : 1547 1547 : Used 1 time 0
 Sort Area is graphsage_int8_po2__GB4 ama_addmuladd_9s_8s_11ns_17ns_21_4_1_U576/graphsage_int8_po2_ama_addmuladd_9s_8s_11ns_17ns_21_4_1_DSP48_0_U/p_reg_reg_2f : 0 0 : 1547 1547 : Used 1 time 0
 Sort Area is graphsage_int8_po2__GB4 ama_addmuladd_9s_8s_11ns_17ns_21_4_1_U577/graphsage_int8_po2_ama_addmuladd_9s_8s_11ns_17ns_21_4_1_DSP48_0_U/p_reg_reg_2e : 0 0 : 1547 1547 : Used 1 time 0
 Sort Area is graphsage_int8_po2__GB4 ama_addmuladd_9s_8s_11ns_17ns_21_4_1_U578/graphsage_int8_po2_ama_addmuladd_9s_8s_11ns_17ns_21_4_1_DSP48_0_U/p_reg_reg_2d : 0 0 : 1547 1547 : Used 1 time 0
 Sort Area is graphsage_int8_po2__GB4 ama_addmuladd_9s_8s_11ns_17ns_21_4_1_U579/graphsage_int8_po2_ama_addmuladd_9s_8s_11ns_17ns_21_4_1_DSP48_0_U/p_reg_reg_2c : 0 0 : 1547 1547 : Used 1 time 0
 Sort Area is graphsage_int8_po2__GB4 ama_addmuladd_9s_8s_11ns_17ns_21_4_1_U580/graphsage_int8_po2_ama_addmuladd_9s_8s_11ns_17ns_21_4_1_DSP48_0_U/p_reg_reg_2b : 0 0 : 1547 1547 : Used 1 time 0
 Sort Area is graphsage_int8_po2__GB4 ama_addmuladd_9s_8s_11ns_17ns_21_4_1_U581/graphsage_int8_po2_ama_addmuladd_9s_8s_11ns_17ns_21_4_1_DSP48_0_U/p_reg_reg_2a : 0 0 : 1547 1547 : Used 1 time 0
 Sort Area is graphsage_int8_po2__GB4 ama_addmuladd_9s_8s_11ns_17ns_21_4_1_U582/graphsage_int8_po2_ama_addmuladd_9s_8s_11ns_17ns_21_4_1_DSP48_0_U/p_reg_reg_29 : 0 0 : 1547 1547 : Used 1 time 0
 Sort Area is graphsage_int8_po2__GB4 ama_addmuladd_9s_8s_11ns_17ns_21_4_1_U583/graphsage_int8_po2_ama_addmuladd_9s_8s_11ns_17ns_21_4_1_DSP48_0_U/p_reg_reg_28 : 0 0 : 1547 1547 : Used 1 time 0
 Sort Area is graphsage_int8_po2__GB4 ama_addmuladd_9s_8s_11ns_17ns_21_4_1_U584/graphsage_int8_po2_ama_addmuladd_9s_8s_11ns_17ns_21_4_1_DSP48_0_U/p_reg_reg_27 : 0 0 : 1547 1547 : Used 1 time 0
 Sort Area is graphsage_int8_po2__GB4 ama_addmuladd_9s_8s_11ns_17ns_21_4_1_U585/graphsage_int8_po2_ama_addmuladd_9s_8s_11ns_17ns_21_4_1_DSP48_0_U/p_reg_reg_26 : 0 0 : 1547 1547 : Used 1 time 0
 Sort Area is graphsage_int8_po2__GB5 ama_addmuladd_9s_8s_11ns_17ns_21_4_1_U586/graphsage_int8_po2_ama_addmuladd_9s_8s_11ns_17ns_21_4_1_DSP48_0_U/p_reg_reg_9 : 0 0 : 1547 1547 : Used 1 time 0
 Sort Area is graphsage_int8_po2__GB0 ama_addmuladd_9s_8s_11ns_17ns_21_4_1_U587/graphsage_int8_po2_ama_addmuladd_9s_8s_11ns_17ns_21_4_1_DSP48_0_U/p_reg_reg_2 : 0 0 : 1547 1547 : Used 1 time 0
 Sort Area is graphsage_int8_po2__GB5 ama_addmuladd_9s_8s_11ns_17ns_21_4_1_U588/graphsage_int8_po2_ama_addmuladd_9s_8s_11ns_17ns_21_4_1_DSP48_0_U/p_reg_reg_a : 0 0 : 1547 1547 : Used 1 time 0
 Sort Area is graphsage_int8_po2__GB4 ama_addmuladd_9s_8s_11ns_17ns_21_4_1_U589/graphsage_int8_po2_ama_addmuladd_9s_8s_11ns_17ns_21_4_1_DSP48_0_U/p_reg_reg_25 : 0 0 : 1547 1547 : Used 1 time 0
 Sort Area is graphsage_int8_po2__GB4 ama_addmuladd_9s_8s_11ns_17ns_21_4_1_U590/graphsage_int8_po2_ama_addmuladd_9s_8s_11ns_17ns_21_4_1_DSP48_0_U/p_reg_reg_24 : 0 0 : 1547 1547 : Used 1 time 0
 Sort Area is graphsage_int8_po2__GB4 ama_addmuladd_9s_8s_11ns_17ns_21_4_1_U591/graphsage_int8_po2_ama_addmuladd_9s_8s_11ns_17ns_21_4_1_DSP48_0_U/p_reg_reg_19 : 0 0 : 1547 1547 : Used 1 time 0
 Sort Area is graphsage_int8_po2__GB4 ama_addmuladd_9s_8s_11ns_17ns_21_4_1_U592/graphsage_int8_po2_ama_addmuladd_9s_8s_11ns_17ns_21_4_1_DSP48_0_U/p_reg_reg_18 : 0 0 : 1547 1547 : Used 1 time 0
 Sort Area is graphsage_int8_po2__GB4 ama_addmuladd_9s_8s_11ns_17ns_21_4_1_U593/graphsage_int8_po2_ama_addmuladd_9s_8s_11ns_17ns_21_4_1_DSP48_0_U/p_reg_reg_17 : 0 0 : 1547 1547 : Used 1 time 0
 Sort Area is graphsage_int8_po2__GB4 ama_addmuladd_9s_8s_11ns_17ns_21_4_1_U594/graphsage_int8_po2_ama_addmuladd_9s_8s_11ns_17ns_21_4_1_DSP48_0_U/p_reg_reg_16 : 0 0 : 1547 1547 : Used 1 time 0
 Sort Area is graphsage_int8_po2__GB4 ama_addmuladd_9s_8s_11ns_17ns_21_4_1_U595/graphsage_int8_po2_ama_addmuladd_9s_8s_11ns_17ns_21_4_1_DSP48_0_U/p_reg_reg_15 : 0 0 : 1547 1547 : Used 1 time 0
 Sort Area is graphsage_int8_po2__GB4 ama_addmuladd_9s_8s_11ns_17ns_21_4_1_U596/graphsage_int8_po2_ama_addmuladd_9s_8s_11ns_17ns_21_4_1_DSP48_0_U/p_reg_reg_14 : 0 0 : 1547 1547 : Used 1 time 0
 Sort Area is graphsage_int8_po2__GB4 ama_addmuladd_9s_8s_11ns_17ns_21_4_1_U597/graphsage_int8_po2_ama_addmuladd_9s_8s_11ns_17ns_21_4_1_DSP48_0_U/p_reg_reg_13 : 0 0 : 1547 1547 : Used 1 time 0
 Sort Area is graphsage_int8_po2__GB4 ama_addmuladd_9s_8s_11ns_17ns_21_4_1_U598/graphsage_int8_po2_ama_addmuladd_9s_8s_11ns_17ns_21_4_1_DSP48_0_U/p_reg_reg_12 : 0 0 : 1547 1547 : Used 1 time 0
 Sort Area is graphsage_int8_po2__GB4 ama_addmuladd_9s_8s_11ns_17ns_21_4_1_U599/graphsage_int8_po2_ama_addmuladd_9s_8s_11ns_17ns_21_4_1_DSP48_0_U/p_reg_reg_11 : 0 0 : 1547 1547 : Used 1 time 0
 Sort Area is graphsage_int8_po2__GB4 ama_addmuladd_9s_8s_11ns_17ns_21_4_1_U600/graphsage_int8_po2_ama_addmuladd_9s_8s_11ns_17ns_21_4_1_DSP48_0_U/p_reg_reg_10 : 0 0 : 1547 1547 : Used 1 time 0
 Sort Area is graphsage_int8_po2__GB0 ama_addmuladd_9s_8s_11ns_17ns_21_4_1_U603/graphsage_int8_po2_ama_addmuladd_9s_8s_11ns_17ns_21_4_1_DSP48_0_U/p_reg_reg_3 : 0 0 : 1547 1547 : Used 1 time 0
 Sort Area is graphsage_int8_po2__GB4 ama_addmuladd_9s_8s_11ns_17ns_21_4_1_U616/graphsage_int8_po2_ama_addmuladd_9s_8s_11ns_17ns_21_4_1_DSP48_0_U/p_reg_reg_2 : 0 0 : 1547 1547 : Used 1 time 0
 Sort Area is graphsage_int8_po2__GB6 ama_addmuladd_8ns_7ns_11ns_12ns_19_4_1_U641/graphsage_int8_po2_ama_addmuladd_8ns_7ns_11ns_12ns_19_4_1_DSP48_0_U/p_reg_reg_6 : 0 0 : 1543 1543 : Used 1 time 0
 Sort Area is graphsage_int8_po2__GB6 ama_addmuladd_8ns_7ns_11ns_12ns_19_4_1_U642/graphsage_int8_po2_ama_addmuladd_8ns_7ns_11ns_12ns_19_4_1_DSP48_0_U/p_reg_reg_7 : 0 0 : 1543 1543 : Used 1 time 0
 Sort Area is graphsage_int8_po2__GB6 ama_addmuladd_8ns_7ns_11ns_12ns_19_4_1_U643/graphsage_int8_po2_ama_addmuladd_8ns_7ns_11ns_12ns_19_4_1_DSP48_0_U/p_reg_reg_8 : 0 0 : 1543 1543 : Used 1 time 0
 Sort Area is graphsage_int8_po2__GB6 ama_addmuladd_8ns_7ns_11ns_12ns_19_4_1_U644/graphsage_int8_po2_ama_addmuladd_8ns_7ns_11ns_12ns_19_4_1_DSP48_0_U/p_reg_reg_9 : 0 0 : 1543 1543 : Used 1 time 0
 Sort Area is graphsage_int8_po2__GB6 ama_addmuladd_8ns_7ns_11ns_12ns_19_4_1_U645/graphsage_int8_po2_ama_addmuladd_8ns_7ns_11ns_12ns_19_4_1_DSP48_0_U/p_reg_reg_0 : 0 0 : 1543 1543 : Used 1 time 0
 Sort Area is graphsage_int8_po2__GB6 ama_addmuladd_8ns_7ns_11ns_12ns_19_4_1_U646/graphsage_int8_po2_ama_addmuladd_8ns_7ns_11ns_12ns_19_4_1_DSP48_0_U/p_reg_reg_5 : 0 0 : 1543 1543 : Used 1 time 0
 Sort Area is graphsage_int8_po2__GB6 ama_addmuladd_8ns_7ns_11ns_12ns_19_4_1_U647/graphsage_int8_po2_ama_addmuladd_8ns_7ns_11ns_12ns_19_4_1_DSP48_0_U/p_reg_reg_4 : 0 0 : 1543 1543 : Used 1 time 0
 Sort Area is graphsage_int8_po2__GB4 ama_addmuladd_9s_8s_11ns_17ns_21_4_1_U617/graphsage_int8_po2_ama_addmuladd_9s_8s_11ns_17ns_21_4_1_DSP48_0_U/p_reg_reg_1a : 0 0 : 1539 1539 : Used 1 time 0
 Sort Area is graphsage_int8_po2__GB5 ama_addmuladd_9s_8s_11ns_17ns_21_4_1_U618/graphsage_int8_po2_ama_addmuladd_9s_8s_11ns_17ns_21_4_1_DSP48_0_U/p_reg_reg_8 : 0 0 : 1539 1539 : Used 1 time 0
 Sort Area is graphsage_int8_po2__GB4 ama_addmuladd_9s_8s_11ns_17ns_21_4_1_U619/graphsage_int8_po2_ama_addmuladd_9s_8s_11ns_17ns_21_4_1_DSP48_0_U/p_reg_reg_0 : 0 0 : 1539 1539 : Used 1 time 0
 Sort Area is graphsage_int8_po2__GB5 ama_addmuladd_9s_8s_11ns_17ns_21_4_1_U620/graphsage_int8_po2_ama_addmuladd_9s_8s_11ns_17ns_21_4_1_DSP48_0_U/p_reg_reg_3 : 0 0 : 1539 1539 : Used 1 time 0
 Sort Area is graphsage_int8_po2__GB4 ama_addmuladd_9s_8s_11ns_17ns_21_4_1_U621/graphsage_int8_po2_ama_addmuladd_9s_8s_11ns_17ns_21_4_1_DSP48_0_U/p_reg_reg_1b : 0 0 : 1539 1539 : Used 1 time 0
 Sort Area is graphsage_int8_po2__GB4 ama_addmuladd_9s_8s_11ns_17ns_21_4_1_U622/graphsage_int8_po2_ama_addmuladd_9s_8s_11ns_17ns_21_4_1_DSP48_0_U/p_reg_reg_1e : 0 0 : 1539 1539 : Used 1 time 0
 Sort Area is graphsage_int8_po2__GB4 ama_addmuladd_9s_8s_11ns_17ns_21_4_1_U623/graphsage_int8_po2_ama_addmuladd_9s_8s_11ns_17ns_21_4_1_DSP48_0_U/p_reg_reg_1d : 0 0 : 1539 1539 : Used 1 time 0
 Sort Area is graphsage_int8_po2__GB4 ama_addmuladd_9s_8s_11ns_17ns_21_4_1_U624/graphsage_int8_po2_ama_addmuladd_9s_8s_11ns_17ns_21_4_1_DSP48_0_U/p_reg_reg_1f : 0 0 : 1539 1539 : Used 1 time 0
 Sort Area is graphsage_int8_po2__GB4 ama_addmuladd_9s_8s_11ns_17ns_21_4_1_U625/graphsage_int8_po2_ama_addmuladd_9s_8s_11ns_17ns_21_4_1_DSP48_0_U/p_reg_reg_1c : 0 0 : 1539 1539 : Used 1 time 0
 Sort Area is graphsage_int8_po2__GB4 ama_addmuladd_9s_8s_11ns_17ns_21_4_1_U626/graphsage_int8_po2_ama_addmuladd_9s_8s_11ns_17ns_21_4_1_DSP48_0_U/p_reg_reg_35 : 0 0 : 1539 1539 : Used 1 time 0
 Sort Area is graphsage_int8_po2__GB4 ama_addmuladd_9s_8s_11ns_17ns_21_4_1_U627/graphsage_int8_po2_ama_addmuladd_9s_8s_11ns_17ns_21_4_1_DSP48_0_U/p_reg_reg_36 : 0 0 : 1539 1539 : Used 1 time 0
 Sort Area is graphsage_int8_po2__GB4 ama_addmuladd_9s_8s_11ns_17ns_21_4_1_U628/graphsage_int8_po2_ama_addmuladd_9s_8s_11ns_17ns_21_4_1_DSP48_0_U/p_reg_reg_23 : 0 0 : 1539 1539 : Used 1 time 0
 Sort Area is graphsage_int8_po2__GB4 ama_addmuladd_9s_8s_11ns_17ns_21_4_1_U629/graphsage_int8_po2_ama_addmuladd_9s_8s_11ns_17ns_21_4_1_DSP48_0_U/p_reg_reg_34 : 0 0 : 1539 1539 : Used 1 time 0
 Sort Area is graphsage_int8_po2__GB4 ama_addmuladd_9s_8s_11ns_17ns_21_4_1_U630/graphsage_int8_po2_ama_addmuladd_9s_8s_11ns_17ns_21_4_1_DSP48_0_U/p_reg_reg_37 : 0 0 : 1539 1539 : Used 1 time 0
 Sort Area is graphsage_int8_po2__GB4 ama_addmuladd_9s_8s_11ns_17ns_21_4_1_U631/graphsage_int8_po2_ama_addmuladd_9s_8s_11ns_17ns_21_4_1_DSP48_0_U/p_reg_reg_20 : 0 0 : 1539 1539 : Used 1 time 0
 Sort Area is graphsage_int8_po2__GB4 ama_addmuladd_9s_8s_11ns_17ns_21_4_1_U632/graphsage_int8_po2_ama_addmuladd_9s_8s_11ns_17ns_21_4_1_DSP48_0_U/p_reg_reg_22 : 0 0 : 1539 1539 : Used 1 time 0
 Sort Area is graphsage_int8_po2__GB6 ama_addmuladd_8ns_7ns_11ns_12ns_19_4_1_U633/graphsage_int8_po2_ama_addmuladd_8ns_7ns_11ns_12ns_19_4_1_DSP48_0_U/p_reg_reg_d : 0 0 : 1535 1535 : Used 1 time 0
 Sort Area is graphsage_int8_po2__GB6 ama_addmuladd_8ns_7ns_11ns_12ns_19_4_1_U634/graphsage_int8_po2_ama_addmuladd_8ns_7ns_11ns_12ns_19_4_1_DSP48_0_U/p_reg_reg_a : 0 0 : 1535 1535 : Used 1 time 0
 Sort Area is graphsage_int8_po2__GB6 ama_addmuladd_8ns_7ns_11ns_12ns_19_4_1_U635/graphsage_int8_po2_ama_addmuladd_8ns_7ns_11ns_12ns_19_4_1_DSP48_0_U/p_reg_reg_b : 0 0 : 1535 1535 : Used 1 time 0
 Sort Area is graphsage_int8_po2__GB6 ama_addmuladd_8ns_7ns_11ns_12ns_19_4_1_U636/graphsage_int8_po2_ama_addmuladd_8ns_7ns_11ns_12ns_19_4_1_DSP48_0_U/p_reg_reg_c : 0 0 : 1535 1535 : Used 1 time 0
 Sort Area is graphsage_int8_po2__GB6 ama_addmuladd_8ns_7ns_11ns_12ns_19_4_1_U638/graphsage_int8_po2_ama_addmuladd_8ns_7ns_11ns_12ns_19_4_1_DSP48_0_U/p_reg_reg_e : 0 0 : 1535 1535 : Used 1 time 0
 Sort Area is graphsage_int8_po2__GB6 ama_addmuladd_8ns_7ns_11ns_12ns_19_4_1_U639/graphsage_int8_po2_ama_addmuladd_8ns_7ns_11ns_12ns_19_4_1_DSP48_0_U/p_reg_reg_f : 0 0 : 1535 1535 : Used 1 time 0
 Sort Area is graphsage_int8_po2__GB6 ama_addmuladd_8ns_7ns_11ns_12ns_19_4_1_U648/graphsage_int8_po2_ama_addmuladd_8ns_7ns_11ns_12ns_19_4_1_DSP48_0_U/p_reg_reg_2 : 0 0 : 1535 1535 : Used 1 time 0
 Sort Area is graphsage_int8_po2__GB6 ama_addmuladd_8ns_7ns_11ns_12ns_19_4_1_U637/graphsage_int8_po2_ama_addmuladd_8ns_7ns_11ns_12ns_19_4_1_DSP48_0_U/p_reg_reg_12 : 0 0 : 1527 1527 : Used 1 time 0
 Sort Area is graphsage_int8_po2__GB6 ama_addmuladd_8ns_7ns_11ns_12ns_19_4_1_U640/graphsage_int8_po2_ama_addmuladd_8ns_7ns_11ns_12ns_19_4_1_DSP48_0_U/p_reg_reg_10 : 0 0 : 1527 1527 : Used 1 time 0
---------------------------------------------------------------------------------
Start ROM, RAM, DSP, Shift Register and Retiming Reporting
---------------------------------------------------------------------------------

DSP: Preliminary Mapping Report (see note below. The ' indicates corresponding REG is set)
+----------------------------------------------------------------+------------------------------------+--------+--------+--------+--------+--------+------+------+------+------+-------+------+------+
|Module Name                                                     | DSP Mapping                        | A Size | B Size | C Size | D Size | P Size | AREG | BREG | CREG | DREG | ADREG | MREG | PREG | 
+----------------------------------------------------------------+------------------------------------+--------+--------+--------+--------+--------+------+------+------+------+-------+------+------+
|graphsage_int8_po2__GB0                                         | (C:0x10000)+((D'+A2)*(B:0x555)')'  | 8      | 18     | 18     | 9      | 21     | 1    | 1    | 0    | 1    | 1     | 1    | 1    | 
|graphsage_int8_po2__GB0                                         | (C:0x10000)+((D'+A2)*(B:0x555)')'  | 8      | 18     | 18     | 9      | 21     | 1    | 1    | 0    | 1    | 1     | 1    | 1    | 
|graphsage_int8_po2_ama_addmuladd_9s_8s_11ns_17ns_21_4_1_DSP48_0 | (C:0x10000)+((D'+A2)*(B:0x555)')'  | 8      | 18     | 18     | 9      | 21     | 1    | 1    | 0    | 1    | 1     | 1    | 1    | 
|graphsage_int8_po2_ama_addmuladd_9s_8s_11ns_17ns_21_4_1_DSP48_0 | (C:0x10000)+((D'+A)*(B:0x555)')'   | 8      | 18     | 18     | 9      | 21     | 0    | 1    | 0    | 1    | 1     | 1    | 1    | 
|graphsage_int8_po2__GB4                                         | (C:0x10000)+((D'+A2)*(B:0x555)')'  | 8      | 18     | 18     | 9      | 21     | 1    | 1    | 0    | 1    | 1     | 1    | 1    | 
|graphsage_int8_po2__GB4                                         | (C:0x10000)+((D'+A'')*(B:0x555)')' | 8      | 18     | 18     | 9      | 21     | 2    | 1    | 0    | 1    | 1     | 1    | 1    | 
|graphsage_int8_po2__GB4                                         | (C:0x10000)+((D'+A'')*(B:0x555)')' | 8      | 18     | 18     | 9      | 21     | 2    | 1    | 0    | 1    | 1     | 1    | 1    | 
|graphsage_int8_po2__GB4                                         | (C:0x10000)+((D'+A'')*(B:0x555)')' | 8      | 18     | 18     | 9      | 21     | 2    | 1    | 0    | 1    | 1     | 1    | 1    | 
|graphsage_int8_po2__GB4                                         | (C:0x10000)+((D'+A'')*(B:0x555)')' | 8      | 18     | 18     | 9      | 21     | 2    | 1    | 0    | 1    | 1     | 1    | 1    | 
|graphsage_int8_po2__GB4                                         | (C:0x10000)+((D'+A'')*(B:0x555)')' | 8      | 18     | 18     | 9      | 21     | 2    | 1    | 0    | 1    | 1     | 1    | 1    | 
|graphsage_int8_po2__GB4                                         | (C:0x10000)+((D'+A'')*(B:0x555)')' | 8      | 18     | 18     | 9      | 21     | 2    | 1    | 0    | 1    | 1     | 1    | 1    | 
|graphsage_int8_po2__GB4                                         | (C:0x10000)+((D'+A'')*(B:0x555)')' | 8      | 18     | 18     | 9      | 21     | 2    | 1    | 0    | 1    | 1     | 1    | 1    | 
|graphsage_int8_po2__GB4                                         | (C:0x10000)+((D'+A'')*(B:0x555)')' | 8      | 18     | 18     | 9      | 21     | 2    | 1    | 0    | 1    | 1     | 1    | 1    | 
|graphsage_int8_po2__GB4                                         | (C:0x10000)+((D'+A'')*(B:0x555)')' | 8      | 18     | 18     | 9      | 21     | 2    | 1    | 0    | 1    | 1     | 1    | 1    | 
|graphsage_int8_po2__GB4                                         | (C:0x10000)+((D'+A'')*(B:0x555)')' | 8      | 18     | 18     | 9      | 21     | 2    | 1    | 0    | 1    | 1     | 1    | 1    | 
|graphsage_int8_po2__GB4                                         | (C:0x10000)+((D'+A'')*(B:0x555)')' | 8      | 18     | 18     | 9      | 21     | 2    | 1    | 0    | 1    | 1     | 1    | 1    | 
|graphsage_int8_po2__GB4                                         | (C:0x10000)+((D'+A2)*(B:0x555)')'  | 8      | 18     | 18     | 9      | 21     | 1    | 1    | 0    | 1    | 1     | 1    | 1    | 
|graphsage_int8_po2__GB4                                         | (C:0x10000)+((D'+A2)*(B:0x555)')'  | 8      | 18     | 18     | 9      | 21     | 1    | 1    | 0    | 1    | 1     | 1    | 1    | 
|graphsage_int8_po2__GB4                                         | (C:0x10000)+((D'+A2)*(B:0x555)')'  | 8      | 18     | 18     | 9      | 21     | 1    | 1    | 0    | 1    | 1     | 1    | 1    | 
|graphsage_int8_po2__GB4                                         | (C:0x10000)+((D'+A2)*(B:0x555)')'  | 8      | 18     | 18     | 9      | 21     | 1    | 1    | 0    | 1    | 1     | 1    | 1    | 
|graphsage_int8_po2__GB4                                         | (C:0x10000)+((D'+A2)*(B:0x555)')'  | 8      | 18     | 18     | 9      | 21     | 1    | 1    | 0    | 1    | 1     | 1    | 1    | 
|graphsage_int8_po2__GB4                                         | (C:0x10000)+((D'+A2)*(B:0x555)')'  | 8      | 18     | 18     | 9      | 21     | 1    | 1    | 0    | 1    | 1     | 1    | 1    | 
|graphsage_int8_po2__GB4                                         | (C:0x10000)+((D'+A2)*(B:0x555)')'  | 8      | 18     | 18     | 9      | 21     | 1    | 1    | 0    | 1    | 1     | 1    | 1    | 
|graphsage_int8_po2__GB4                                         | (C:0x10000)+((D'+A2)*(B:0x555)')'  | 8      | 18     | 18     | 9      | 21     | 1    | 1    | 0    | 1    | 1     | 1    | 1    | 
|graphsage_int8_po2__GB4                                         | (C:0x10000)+((D'+A2)*(B:0x555)')'  | 8      | 18     | 18     | 9      | 21     | 1    | 1    | 0    | 1    | 1     | 1    | 1    | 
|graphsage_int8_po2__GB4                                         | (C:0x10000)+((D'+A2)*(B:0x555)')'  | 8      | 18     | 18     | 9      | 21     | 1    | 1    | 0    | 1    | 1     | 1    | 1    | 
|graphsage_int8_po2__GB4                                         | (C:0x10000)+((D'+A)*(B:0x555)')'   | 8      | 18     | 18     | 9      | 21     | 0    | 1    | 0    | 1    | 1     | 1    | 1    | 
|graphsage_int8_po2__GB4                                         | (C:0x10000)+((D'+A)*(B:0x555)')'   | 8      | 18     | 18     | 9      | 21     | 0    | 1    | 0    | 1    | 1     | 1    | 1    | 
|graphsage_int8_po2__GB4                                         | (C:0x10000)+((D'+A)*(B:0x555)')'   | 8      | 18     | 18     | 9      | 21     | 0    | 1    | 0    | 1    | 1     | 1    | 1    | 
|graphsage_int8_po2__GB4                                         | (C:0x10000)+((D'+A)*(B:0x555)')'   | 8      | 18     | 18     | 9      | 21     | 0    | 1    | 0    | 1    | 1     | 1    | 1    | 
|graphsage_int8_po2__GB4                                         | (C:0x10000)+((D'+A)*(B:0x555)')'   | 8      | 18     | 18     | 9      | 21     | 0    | 1    | 0    | 1    | 1     | 1    | 1    | 
|graphsage_int8_po2__GB4                                         | (C:0x10000)+((D'+A)*(B:0x555)')'   | 8      | 18     | 18     | 9      | 21     | 0    | 1    | 0    | 1    | 1     | 1    | 1    | 
|graphsage_int8_po2__GB4                                         | (C:0x10000)+((D'+A)*(B:0x555)')'   | 8      | 18     | 18     | 9      | 21     | 0    | 1    | 0    | 1    | 1     | 1    | 1    | 
|graphsage_int8_po2__GB4                                         | (C:0x10000)+((D'+A'')*(B:0x555)')' | 8      | 18     | 18     | 9      | 21     | 2    | 1    | 0    | 1    | 1     | 1    | 1    | 
|graphsage_int8_po2__GB4                                         | (C:0x10000)+((D'+A)*(B:0x555)')'   | 8      | 18     | 18     | 9      | 21     | 0    | 1    | 0    | 1    | 1     | 1    | 1    | 
|graphsage_int8_po2__GB4                                         | (C:0x10000)+((D'+A)*(B:0x555)')'   | 8      | 18     | 18     | 9      | 21     | 0    | 1    | 0    | 1    | 1     | 1    | 1    | 
|graphsage_int8_po2__GB4                                         | (C:0x10000)+((D'+A2)*(B:0x555)')'  | 8      | 18     | 18     | 9      | 21     | 1    | 1    | 0    | 1    | 1     | 1    | 1    | 
|graphsage_int8_po2__GB4                                         | (C:0x10000)+((D'+A2)*(B:0x555)')'  | 8      | 18     | 18     | 9      | 21     | 1    | 1    | 0    | 1    | 1     | 1    | 1    | 
|graphsage_int8_po2__GB4                                         | (C:0x10000)+((D'+A2)*(B:0x555)')'  | 8      | 18     | 18     | 9      | 21     | 1    | 1    | 0    | 1    | 1     | 1    | 1    | 
|graphsage_int8_po2__GB4                                         | (C:0x10000)+((D'+A2)*(B:0x555)')'  | 8      | 18     | 18     | 9      | 21     | 1    | 1    | 0    | 1    | 1     | 1    | 1    | 
|graphsage_int8_po2__GB4                                         | (C:0x10000)+((D'+A2)*(B:0x555)')'  | 8      | 18     | 18     | 9      | 21     | 1    | 1    | 0    | 1    | 1     | 1    | 1    | 
|graphsage_int8_po2__GB4                                         | (C:0x10000)+((D'+A2)*(B:0x555)')'  | 8      | 18     | 18     | 9      | 21     | 1    | 1    | 0    | 1    | 1     | 1    | 1    | 
|graphsage_int8_po2__GB4                                         | (C:0x10000)+((D'+A2)*(B:0x555)')'  | 8      | 18     | 18     | 9      | 21     | 1    | 1    | 0    | 1    | 1     | 1    | 1    | 
|graphsage_int8_po2__GB4                                         | (C:0x10000)+((D'+A2)*(B:0x555)')'  | 8      | 18     | 18     | 9      | 21     | 1    | 1    | 0    | 1    | 1     | 1    | 1    | 
|graphsage_int8_po2__GB4                                         | (C:0x10000)+((D'+A2)*(B:0x555)')'  | 8      | 18     | 18     | 9      | 21     | 1    | 1    | 0    | 1    | 1     | 1    | 1    | 
|graphsage_int8_po2__GB4                                         | (C:0x10000)+((D'+A2)*(B:0x555)')'  | 8      | 18     | 18     | 9      | 21     | 1    | 1    | 0    | 1    | 1     | 1    | 1    | 
|graphsage_int8_po2__GB4                                         | (C:0x10000)+((D'+A2)*(B:0x555)')'  | 8      | 18     | 18     | 9      | 21     | 1    | 1    | 0    | 1    | 1     | 1    | 1    | 
|graphsage_int8_po2__GB4                                         | (C:0x10000)+((D'+A2)*(B:0x555)')'  | 8      | 18     | 18     | 9      | 21     | 1    | 1    | 0    | 1    | 1     | 1    | 1    | 
|graphsage_int8_po2__GB4                                         | (C:0x10000)+((D'+A2)*(B:0x555)')'  | 8      | 18     | 18     | 9      | 21     | 1    | 1    | 0    | 1    | 1     | 1    | 1    | 
|graphsage_int8_po2__GB4                                         | (C:0x10000)+((D'+A2)*(B:0x555)')'  | 8      | 18     | 18     | 9      | 21     | 1    | 1    | 0    | 1    | 1     | 1    | 1    | 
|graphsage_int8_po2__GB4                                         | (C:0x10000)+((D'+A2)*(B:0x555)')'  | 8      | 18     | 18     | 9      | 21     | 1    | 1    | 0    | 1    | 1     | 1    | 1    | 
|graphsage_int8_po2__GB4                                         | (C:0x10000)+((D'+A2)*(B:0x555)')'  | 8      | 18     | 18     | 9      | 21     | 1    | 1    | 0    | 1    | 1     | 1    | 1    | 
|graphsage_int8_po2__GB4                                         | (C:0x10000)+((D'+A)*(B:0x555)')'   | 8      | 18     | 18     | 9      | 21     | 0    | 1    | 0    | 1    | 1     | 1    | 1    | 
|graphsage_int8_po2__GB4                                         | (C:0x10000)+((D'+A)*(B:0x555)')'   | 8      | 18     | 18     | 9      | 21     | 0    | 1    | 0    | 1    | 1     | 1    | 1    | 
|graphsage_int8_po2__GB4                                         | (C:0x10000)+((D'+A)*(B:0x555)')'   | 8      | 18     | 18     | 9      | 21     | 0    | 1    | 0    | 1    | 1     | 1    | 1    | 
|graphsage_int8_po2__GB4                                         | (C:0x10000)+((D'+A)*(B:0x555)')'   | 8      | 18     | 18     | 9      | 21     | 0    | 1    | 0    | 1    | 1     | 1    | 1    | 
|graphsage_int8_po2__GB5                                         | (C:0x10000)+((D'+A2)*(B:0x555)')'  | 8      | 18     | 18     | 9      | 21     | 1    | 1    | 0    | 1    | 1     | 1    | 1    | 
|graphsage_int8_po2__GB5                                         | (C:0x10000)+((D'+A2)*(B:0x555)')'  | 8      | 18     | 18     | 9      | 21     | 1    | 1    | 0    | 1    | 1     | 1    | 1    | 
|graphsage_int8_po2__GB5                                         | (C:0x10000)+((D'+A)*(B:0x555)')'   | 8      | 18     | 18     | 9      | 21     | 0    | 1    | 0    | 1    | 1     | 1    | 1    | 
|graphsage_int8_po2_ama_addmuladd_9s_8s_11ns_17ns_21_4_1_DSP48_0 | (C:0x10000)+((D'+A'')*(B:0x555)')' | 8      | 18     | 18     | 9      | 21     | 2    | 1    | 0    | 1    | 1     | 1    | 1    | 
|graphsage_int8_po2__GB5                                         | (C:0x10000)+((D'+A'')*(B:0x555)')' | 8      | 18     | 18     | 9      | 21     | 2    | 1    | 0    | 1    | 1     | 1    | 1    | 
|graphsage_int8_po2__GB5                                         | (C:0x10000)+((D'+A)*(B:0x555)')'   | 8      | 18     | 18     | 9      | 21     | 0    | 1    | 0    | 1    | 1     | 1    | 1    | 
|graphsage_int8_po2__GB5                                         | (C:0x10000)+((D'+A2)*(B:0x555)')'  | 8      | 18     | 18     | 9      | 21     | 1    | 1    | 0    | 1    | 1     | 1    | 1    | 
|graphsage_int8_po2__GB5                                         | (C:0x10000)+((D'+A2)*(B:0x555)')'  | 8      | 18     | 18     | 9      | 21     | 1    | 1    | 0    | 1    | 1     | 1    | 1    | 
|graphsage_int8_po2__GB6                                         | (C:0x800)+((D'+A'')*(B:0x555)')'   | 8      | 18     | 13     | 9      | 19     | 2    | 1    | 0    | 1    | 1     | 1    | 1    | 
|graphsage_int8_po2__GB6                                         | (C:0x800)+((D'+A2)*(B:0x555)')'    | 8      | 18     | 13     | 9      | 19     | 1    | 1    | 0    | 1    | 1     | 1    | 1    | 
|graphsage_int8_po2__GB6                                         | (C:0x800)+((D'+A'')*(B:0x555)')'   | 8      | 18     | 13     | 9      | 19     | 2    | 1    | 0    | 1    | 1     | 1    | 1    | 
|graphsage_int8_po2__GB6                                         | (C:0x800)+((D'+A'')*(B:0x555)')'   | 8      | 18     | 13     | 9      | 19     | 2    | 1    | 0    | 1    | 1     | 1    | 1    | 
|graphsage_int8_po2__GB6                                         | (C:0x800)+((D'+A'')*(B:0x555)')'   | 8      | 18     | 13     | 9      | 19     | 2    | 1    | 0    | 1    | 1     | 1    | 1    | 
|graphsage_int8_po2__GB6                                         | (C:0x800)+((D'+A'')*(B:0x555)')'   | 8      | 18     | 13     | 9      | 19     | 2    | 1    | 0    | 1    | 1     | 1    | 1    | 
|graphsage_int8_po2__GB6                                         | (C:0x800)+((D'+A'')*(B:0x555)')'   | 8      | 18     | 13     | 9      | 19     | 2    | 1    | 0    | 1    | 1     | 1    | 1    | 
|graphsage_int8_po2__GB6                                         | (C:0x800)+((D'+A'')*(B:0x555)')'   | 8      | 18     | 13     | 9      | 19     | 2    | 1    | 0    | 1    | 1     | 1    | 1    | 
|graphsage_int8_po2__GB6                                         | (C:0x800)+((D'+A2)*(B:0x555)')'    | 8      | 18     | 13     | 9      | 19     | 1    | 1    | 0    | 1    | 1     | 1    | 1    | 
|graphsage_int8_po2__GB6                                         | (C:0x800)+((D'+A2)*(B:0x555)')'    | 8      | 18     | 13     | 9      | 19     | 1    | 1    | 0    | 1    | 1     | 1    | 1    | 
|graphsage_int8_po2__GB6                                         | (C:0x800)+((D'+A2)*(B:0x555)')'    | 8      | 18     | 13     | 9      | 19     | 1    | 1    | 0    | 1    | 1     | 1    | 1    | 
|graphsage_int8_po2__GB6                                         | (C:0x800)+((D'+A2)*(B:0x555)')'    | 8      | 18     | 13     | 9      | 19     | 1    | 1    | 0    | 1    | 1     | 1    | 1    | 
|graphsage_int8_po2__GB6                                         | (C:0x800)+((D'+A2)*(B:0x555)')'    | 8      | 18     | 13     | 9      | 19     | 1    | 1    | 0    | 1    | 1     | 1    | 1    | 
|graphsage_int8_po2__GB6                                         | (C:0x800)+((D'+A2)*(B:0x555)')'    | 8      | 18     | 13     | 9      | 19     | 1    | 1    | 0    | 1    | 1     | 1    | 1    | 
|graphsage_int8_po2__GB6                                         | (C:0x800)+((D'+A)*(B:0x555)')'     | 8      | 18     | 13     | 9      | 19     | 0    | 1    | 0    | 1    | 1     | 1    | 1    | 
|graphsage_int8_po2__GB6                                         | (C:0x800)+((D'+A)*(B:0x555)')'     | 8      | 18     | 13     | 9      | 19     | 0    | 1    | 0    | 1    | 1     | 1    | 1    | 
+----------------------------------------------------------------+------------------------------------+--------+--------+--------+--------+--------+------+------+------+------+-------+------+------+

Note: The table above is a preliminary report that shows the DSPs inferred at the current stage of the synthesis flow. Some DSP may be reimplemented as non DSP primitives later in the synthesis flow. Multiple instantiated DSPs are reported only once.
---------------------------------------------------------------------------------
Finished ROM, RAM, DSP, Shift Register and Retiming Reporting
---------------------------------------------------------------------------------
---------------------------------------------------------------------------------
Start Applying XDC Timing Constraints
---------------------------------------------------------------------------------
---------------------------------------------------------------------------------
Finished Applying XDC Timing Constraints : Time (s): cpu = 00:01:09 ; elapsed = 00:03:24 . Memory (MB): peak = 4423.129 ; gain = 1343.012 ; free physical = 372717 ; free virtual = 441047
---------------------------------------------------------------------------------
---------------------------------------------------------------------------------
Start Timing Optimization
---------------------------------------------------------------------------------
---------------------------------------------------------------------------------
Finished Timing Optimization : Time (s): cpu = 00:01:10 ; elapsed = 00:03:25 . Memory (MB): peak = 4455.270 ; gain = 1375.152 ; free physical = 372465 ; free virtual = 440794
---------------------------------------------------------------------------------
---------------------------------------------------------------------------------
Start Technology Mapping
---------------------------------------------------------------------------------
---------------------------------------------------------------------------------
Finished Technology Mapping : Time (s): cpu = 00:01:12 ; elapsed = 00:06:17 . Memory (MB): peak = 4491.219 ; gain = 1411.102 ; free physical = 366004 ; free virtual = 434338
---------------------------------------------------------------------------------
---------------------------------------------------------------------------------
Start IO Insertion
---------------------------------------------------------------------------------
---------------------------------------------------------------------------------
Start Flattening Before IO Insertion
---------------------------------------------------------------------------------
---------------------------------------------------------------------------------
Finished Flattening Before IO Insertion
---------------------------------------------------------------------------------
---------------------------------------------------------------------------------
Start Final Netlist Cleanup
---------------------------------------------------------------------------------
---------------------------------------------------------------------------------
Finished Final Netlist Cleanup
---------------------------------------------------------------------------------
---------------------------------------------------------------------------------
Finished IO Insertion : Time (s): cpu = 00:01:17 ; elapsed = 00:06:21 . Memory (MB): peak = 4640.312 ; gain = 1560.195 ; free physical = 365869 ; free virtual = 434202
---------------------------------------------------------------------------------
---------------------------------------------------------------------------------
Start Renaming Generated Instances
---------------------------------------------------------------------------------
---------------------------------------------------------------------------------
Finished Renaming Generated Instances : Time (s): cpu = 00:01:17 ; elapsed = 00:06:21 . Memory (MB): peak = 4640.312 ; gain = 1560.195 ; free physical = 365867 ; free virtual = 434200
---------------------------------------------------------------------------------
---------------------------------------------------------------------------------
Start Rebuilding User Hierarchy
---------------------------------------------------------------------------------
---------------------------------------------------------------------------------
Finished Rebuilding User Hierarchy : Time (s): cpu = 00:01:18 ; elapsed = 00:06:23 . Memory (MB): peak = 4640.312 ; gain = 1560.195 ; free physical = 365857 ; free virtual = 434190
---------------------------------------------------------------------------------
---------------------------------------------------------------------------------
Start Renaming Generated Ports
---------------------------------------------------------------------------------
---------------------------------------------------------------------------------
Finished Renaming Generated Ports : Time (s): cpu = 00:01:18 ; elapsed = 00:06:23 . Memory (MB): peak = 4640.312 ; gain = 1560.195 ; free physical = 365857 ; free virtual = 434190
---------------------------------------------------------------------------------
---------------------------------------------------------------------------------
Start Handling Custom Attributes
---------------------------------------------------------------------------------
---------------------------------------------------------------------------------
Finished Handling Custom Attributes : Time (s): cpu = 00:01:18 ; elapsed = 00:06:23 . Memory (MB): peak = 4640.312 ; gain = 1560.195 ; free physical = 365857 ; free virtual = 434190
---------------------------------------------------------------------------------
---------------------------------------------------------------------------------
Start Renaming Generated Nets
---------------------------------------------------------------------------------
---------------------------------------------------------------------------------
Finished Renaming Generated Nets : Time (s): cpu = 00:01:19 ; elapsed = 00:06:23 . Memory (MB): peak = 4640.312 ; gain = 1560.195 ; free physical = 365857 ; free virtual = 434190
---------------------------------------------------------------------------------
---------------------------------------------------------------------------------
Start ROM, RAM, DSP, Shift Register and Retiming Reporting
---------------------------------------------------------------------------------

Static Shift Register Report:
+-------------------+-----------------------------------------------------+--------+-------+--------------+--------------------+-------------------+--------+---------+
|Module Name        | RTL Name                                            | Length | Width | Reset Signal | Pull out first Reg | Pull out last Reg | SRL16E | SRLC32E | 
+-------------------+-----------------------------------------------------+--------+-------+--------------+--------------------+-------------------+--------+---------+
|graphsage_int8_po2 | prod_253_reg_28004_reg[7]                           | 3      | 7     | NO           | NO                 | YES               | 7      | 0       | 
|graphsage_int8_po2 | trunc_ln333_36_reg_27999_reg[2]                     | 3      | 2     | NO           | NO                 | YES               | 2      | 0       | 
|graphsage_int8_po2 | add_ln343_257_reg_28982_reg[2]                      | 3      | 3     | NO           | NO                 | YES               | 3      | 0       | 
|graphsage_int8_po2 | prod_256_reg_28942_reg[4]                           | 3      | 1     | NO           | NO                 | YES               | 1      | 0       | 
|graphsage_int8_po2 | prod_259_reg_28024_reg[4]                           | 3      | 1     | NO           | NO                 | YES               | 1      | 0       | 
|graphsage_int8_po2 | prod_190_reg_26000_reg[7]                           | 3      | 8     | NO           | NO                 | YES               | 8      | 0       | 
|graphsage_int8_po2 | trunc_ln333_27_reg_25995_reg[2]                     | 3      | 2     | NO           | NO                 | YES               | 2      | 0       | 
|graphsage_int8_po2 | add_ln343_193_reg_26977_reg[2]                      | 3      | 3     | NO           | NO                 | YES               | 3      | 0       | 
|graphsage_int8_po2 | prod_194_reg_26015_pp0_iter8_reg_reg[10]            | 4      | 11    | NO           | YES                | YES               | 11     | 0       | 
|graphsage_int8_po2 | prod_193_reg_26942_reg[4]                           | 3      | 1     | NO           | NO                 | YES               | 1      | 0       | 
|graphsage_int8_po2 | prod_82_reg_27679_reg[7]                            | 3      | 7     | NO           | NO                 | YES               | 7      | 0       | 
|graphsage_int8_po2 | prod_81_reg_27674_reg[9]                            | 3      | 6     | NO           | NO                 | YES               | 6      | 0       | 
|graphsage_int8_po2 | prod_88_reg_27694_reg[4]                            | 3      | 1     | NO           | NO                 | YES               | 1      | 0       | 
|graphsage_int8_po2 | prod_316_reg_26240_reg[7]                           | 3      | 8     | NO           | NO                 | YES               | 8      | 0       | 
|graphsage_int8_po2 | trunc_ln333_45_reg_26235_reg[2]                     | 3      | 2     | NO           | NO                 | YES               | 2      | 0       | 
|graphsage_int8_po2 | add_ln343_321_reg_27203_reg[2]                      | 3      | 3     | NO           | NO                 | YES               | 3      | 0       | 
|graphsage_int8_po2 | prod_320_reg_26255_pp0_iter8_reg_reg[10]            | 4      | 11    | NO           | YES                | YES               | 11     | 0       | 
|graphsage_int8_po2 | prod_319_reg_27168_reg[4]                           | 3      | 1     | NO           | NO                 | YES               | 1      | 0       | 
|graphsage_int8_po2 | prod_322_reg_26265_reg[4]                           | 3      | 1     | NO           | NO                 | YES               | 1      | 0       | 
|graphsage_int8_po2 | prod_308_reg_29112_reg[4]                           | 3      | 1     | NO           | NO                 | YES               | 1      | 0       | 
|graphsage_int8_po2 | add_ln343_311_reg_29832_reg[3]                      | 4      | 3     | NO           | YES                | YES               | 3      | 0       | 
|graphsage_int8_po2 | prod_303_reg_29107_reg[4]                           | 3      | 1     | NO           | NO                 | YES               | 1      | 0       | 
|graphsage_int8_po2 | prod_301_reg_28094_reg[8]                           | 3      | 3     | NO           | NO                 | YES               | 3      | 0       | 
|graphsage_int8_po2 | add_ln343_304_reg_29142_reg[2]                      | 4      | 2     | NO           | YES                | YES               | 2      | 0       | 
|graphsage_int8_po2 | prod_302_reg_29102_reg[4]                           | 3      | 1     | NO           | NO                 | YES               | 1      | 0       | 
|graphsage_int8_po2 | add_ln343_306_reg_29822_reg[0]                      | 5      | 1     | NO           | YES                | YES               | 1      | 0       | 
|graphsage_int8_po2 | prod_305_reg_28104_reg[3]                           | 3      | 1     | NO           | NO                 | YES               | 1      | 0       | 
|graphsage_int8_po2 | add_ln343_307_reg_29147_reg[1]                      | 3      | 1     | NO           | NO                 | YES               | 1      | 0       | 
|graphsage_int8_po2 | trunc_ln333_43_reg_28109_reg[3]                     | 3      | 1     | NO           | NO                 | YES               | 1      | 0       | 
|graphsage_int8_po2 | add_ln343_308_reg_29152_reg[1]                      | 4      | 2     | NO           | YES                | YES               | 2      | 0       | 
|graphsage_int8_po2 | prod_366_reg_27328_reg[4]                           | 3      | 1     | NO           | NO                 | YES               | 1      | 0       | 
|graphsage_int8_po2 | prod_364_reg_26335_reg[8]                           | 3      | 3     | NO           | NO                 | YES               | 3      | 0       | 
|graphsage_int8_po2 | add_ln343_368_reg_27363_reg[2]                      | 4      | 2     | NO           | YES                | YES               | 2      | 0       | 
|graphsage_int8_po2 | prod_365_reg_27323_reg[4]                           | 3      | 1     | NO           | NO                 | YES               | 1      | 0       | 
|graphsage_int8_po2 | add_ln343_370_reg_28209_reg[0]                      | 5      | 1     | NO           | YES                | YES               | 1      | 0       | 
|graphsage_int8_po2 | prod_368_reg_26345_reg[3]                           | 3      | 2     | NO           | NO                 | YES               | 2      | 0       | 
|graphsage_int8_po2 | add_ln343_371_reg_27368_reg[1]                      | 3      | 1     | NO           | NO                 | YES               | 1      | 0       | 
|graphsage_int8_po2 | trunc_ln333_52_reg_26350_reg[3]                     | 3      | 1     | NO           | NO                 | YES               | 1      | 0       | 
|graphsage_int8_po2 | add_ln343_372_reg_27373_reg[1]                      | 4      | 2     | NO           | YES                | YES               | 2      | 0       | 
|graphsage_int8_po2 | prod_271_reg_28039_reg[7]                           | 3      | 9     | NO           | NO                 | YES               | 9      | 0       | 
|graphsage_int8_po2 | prod_270_reg_28034_reg[9]                           | 3      | 7     | NO           | NO                 | YES               | 7      | 0       | 
|graphsage_int8_po2 | prod_277_reg_28054_reg[4]                           | 3      | 1     | NO           | NO                 | YES               | 1      | 0       | 
|graphsage_int8_po2 | add_ln343_352_reg_27308_pp0_iter9_reg_reg[3]        | 5      | 2     | NO           | YES                | YES               | 2      | 0       | 
|graphsage_int8_po2 | prod_352_reg_27273_reg[8]                           | 3      | 6     | NO           | NO                 | YES               | 6      | 0       | 
|graphsage_int8_po2 | add_ln343_353_reg_28174_reg[2]                      | 4      | 2     | NO           | NO                 | YES               | 2      | 0       | 
|graphsage_int8_po2 | prod_355_reg_26325_reg[8]                           | 3      | 9     | NO           | NO                 | YES               | 9      | 0       | 
|graphsage_int8_po2 | prod_354_reg_26320_reg[8]                           | 3      | 8     | NO           | NO                 | YES               | 8      | 0       | 
|graphsage_int8_po2 | prod_334_reg_26280_reg[7]                           | 3      | 6     | NO           | NO                 | YES               | 6      | 0       | 
|graphsage_int8_po2 | prod_333_reg_26275_reg[9]                           | 3      | 6     | NO           | NO                 | YES               | 6      | 0       | 
|graphsage_int8_po2 | prod_340_reg_26295_reg[4]                           | 3      | 1     | NO           | NO                 | YES               | 1      | 0       | 
|graphsage_int8_po2 | add_ln343_339_reg_26300_reg[1]                      | 3      | 1     | NO           | NO                 | YES               | 1      | 0       | 
|graphsage_int8_po2 | prod_208_reg_26040_reg[7]                           | 3      | 5     | NO           | NO                 | YES               | 5      | 0       | 
|graphsage_int8_po2 | prod_207_reg_26035_reg[9]                           | 3      | 6     | NO           | NO                 | YES               | 6      | 0       | 
|graphsage_int8_po2 | prod_214_reg_26055_reg[4]                           | 3      | 1     | NO           | NO                 | YES               | 1      | 0       | 
|graphsage_int8_po2 | add_ln343_211_reg_26060_reg[1]                      | 3      | 1     | NO           | NO                 | YES               | 1      | 0       | 
|graphsage_int8_po2 | add_ln343_96_reg_28770_pp0_iter11_reg_reg[3]        | 5      | 2     | NO           | YES                | YES               | 2      | 0       | 
|graphsage_int8_po2 | prod_100_reg_28735_reg[8]                           | 3      | 6     | NO           | NO                 | YES               | 6      | 0       | 
|graphsage_int8_po2 | add_ln343_97_reg_29625_reg[2]                       | 4      | 2     | NO           | NO                 | YES               | 2      | 0       | 
|graphsage_int8_po2 | prod_103_reg_27724_reg[8]                           | 3      | 9     | NO           | NO                 | YES               | 9      | 0       | 
|graphsage_int8_po2 | prod_102_reg_27719_reg[8]                           | 3      | 8     | NO           | NO                 | YES               | 8      | 0       | 
|graphsage_int8_po2 | prod_64_reg_27644_reg[7]                            | 3      | 7     | NO           | NO                 | YES               | 7      | 0       | 
|graphsage_int8_po2 | trunc_ln333_9_reg_27639_reg[2]                      | 3      | 2     | NO           | NO                 | YES               | 2      | 0       | 
|graphsage_int8_po2 | add_ln343_65_reg_28665_reg[2]                       | 3      | 3     | NO           | NO                 | YES               | 3      | 0       | 
|graphsage_int8_po2 | prod_67_reg_28625_reg[4]                            | 3      | 1     | NO           | NO                 | YES               | 1      | 0       | 
|graphsage_int8_po2 | prod_70_reg_27664_reg[4]                            | 3      | 1     | NO           | NO                 | YES               | 1      | 0       | 
|graphsage_int8_po2 | add_ln343_224_reg_27082_pp0_iter9_reg_reg[3]        | 5      | 2     | NO           | YES                | YES               | 2      | 0       | 
|graphsage_int8_po2 | prod_226_reg_27047_reg[8]                           | 3      | 6     | NO           | NO                 | YES               | 6      | 0       | 
|graphsage_int8_po2 | add_ln343_225_reg_27934_reg[2]                      | 4      | 2     | NO           | NO                 | YES               | 2      | 0       | 
|graphsage_int8_po2 | prod_229_reg_26085_reg[8]                           | 3      | 9     | NO           | NO                 | YES               | 9      | 0       | 
|graphsage_int8_po2 | prod_228_reg_26080_reg[8]                           | 3      | 8     | NO           | NO                 | YES               | 8      | 0       | 
|graphsage_int8_po2 | prod_240_reg_26100_pp0_iter8_reg_reg[10]            | 4      | 9     | NO           | YES                | YES               | 9      | 0       | 
|graphsage_int8_po2 | prod_240_reg_26100_pp0_iter8_reg_reg[4]             | 4      | 1     | NO           | NO                 | YES               | 1      | 0       | 
|graphsage_int8_po2 | prod_238_reg_26095_reg[8]                           | 3      | 4     | NO           | NO                 | YES               | 4      | 0       | 
|graphsage_int8_po2 | add_ln343_240_reg_27132_reg[2]                      | 4      | 2     | NO           | YES                | YES               | 2      | 0       | 
|graphsage_int8_po2 | prod_239_reg_27097_reg[4]                           | 3      | 1     | NO           | NO                 | YES               | 1      | 0       | 
|graphsage_int8_po2 | prod_242_reg_26110_reg[3]                           | 3      | 2     | NO           | NO                 | YES               | 2      | 0       | 
|graphsage_int8_po2 | add_ln343_288_reg_29087_pp0_iter11_reg_reg[3]       | 5      | 2     | NO           | YES                | YES               | 2      | 0       | 
|graphsage_int8_po2 | prod_289_reg_29052_reg[8]                           | 3      | 6     | NO           | NO                 | YES               | 6      | 0       | 
|graphsage_int8_po2 | add_ln343_289_reg_29792_reg[2]                      | 4      | 2     | NO           | NO                 | YES               | 2      | 0       | 
|graphsage_int8_po2 | prod_292_reg_28084_reg[8]                           | 3      | 9     | NO           | NO                 | YES               | 9      | 0       | 
|graphsage_int8_po2 | prod_291_reg_28079_reg[8]                           | 3      | 8     | NO           | NO                 | YES               | 8      | 0       | 
|graphsage_int8_po2 | prod_114_reg_28790_reg[4]                           | 3      | 1     | NO           | NO                 | YES               | 1      | 0       | 
|graphsage_int8_po2 | prod_112_reg_27734_reg[8]                           | 3      | 3     | NO           | NO                 | YES               | 3      | 0       | 
|graphsage_int8_po2 | add_ln343_112_reg_28825_reg[2]                      | 4      | 2     | NO           | YES                | YES               | 2      | 0       | 
|graphsage_int8_po2 | prod_113_reg_28785_reg[4]                           | 3      | 1     | NO           | NO                 | YES               | 1      | 0       | 
|graphsage_int8_po2 | add_ln343_114_reg_29655_reg[0]                      | 5      | 1     | NO           | YES                | YES               | 1      | 0       | 
|graphsage_int8_po2 | prod_116_reg_27744_reg[3]                           | 3      | 1     | NO           | NO                 | YES               | 1      | 0       | 
|graphsage_int8_po2 | add_ln343_115_reg_28830_reg[1]                      | 3      | 1     | NO           | NO                 | YES               | 1      | 0       | 
|graphsage_int8_po2 | trunc_ln333_16_reg_27749_reg[3]                     | 3      | 1     | NO           | NO                 | YES               | 1      | 0       | 
|graphsage_int8_po2 | add_ln343_116_reg_28835_reg[1]                      | 4      | 2     | NO           | YES                | YES               | 2      | 0       | 
|graphsage_int8_po2 | trunc_ln343_2_reg_29867_reg[0]                      | 3      | 1     | NO           | NO                 | YES               | 1      | 0       | 
|graphsage_int8_po2 | prod_350_reg_26310_reg[0]                           | 3      | 2     | NO           | NO                 | YES               | 2      | 0       | 
|graphsage_int8_po2 | trunc_ln333_31_reg_26065_reg[4]                     | 3      | 1     | NO           | NO                 | YES               | 1      | 0       | 
|graphsage_int8_po2 | prod_224_reg_26070_reg[0]                           | 3      | 2     | NO           | NO                 | YES               | 2      | 0       | 
|graphsage_int8_po2 | prod_98_reg_27709_reg[0]                            | 3      | 2     | NO           | NO                 | YES               | 2      | 0       | 
|graphsage_int8_po2 | trunc_ln333_13_reg_27704_reg[4]                     | 3      | 1     | NO           | NO                 | YES               | 1      | 0       | 
|graphsage_int8_po2 | trunc_ln333_49_reg_26305_reg[4]                     | 3      | 1     | NO           | NO                 | YES               | 1      | 0       | 
|graphsage_int8_po2 | mul_4s_4ns_8_4_1_U421/din0_reg_reg[2]               | 3      | 4     | NO           | NO                 | YES               | 4      | 0       | 
|graphsage_int8_po2 | mul_4s_7ns_11_4_1_U73/din0_reg_reg[3]               | 4      | 4     | NO           | NO                 | YES               | 4      | 0       | 
|graphsage_int8_po2 | mul_4s_6s_10_4_1_U70/din0_reg_reg[1]                | 4      | 4     | NO           | NO                 | YES               | 4      | 0       | 
|graphsage_int8_po2 | mul_4s_6s_10_4_1_U69/din0_reg_reg[0]                | 4      | 4     | NO           | NO                 | YES               | 4      | 0       | 
|graphsage_int8_po2 | mul_4s_7ns_11_4_1_U75/din0_reg_reg[2]               | 4      | 4     | NO           | NO                 | YES               | 4      | 0       | 
|graphsage_int8_po2 | mul_4s_7s_11_4_1_U67/din0_reg_reg[1]                | 4      | 2     | NO           | NO                 | YES               | 2      | 0       | 
|graphsage_int8_po2 | mul_4s_7ns_11_4_1_U71/din0_reg_reg[3]               | 4      | 4     | NO           | NO                 | YES               | 4      | 0       | 
|graphsage_int8_po2 | mul_4s_6s_10_4_1_U72/din0_reg_reg[2]                | 4      | 2     | NO           | NO                 | YES               | 2      | 0       | 
|graphsage_int8_po2 | add_ln343_242_reg_27969_reg[0]                      | 5      | 1     | NO           | YES                | YES               | 1      | 0       | 
|graphsage_int8_po2 | add_ln343_243_reg_27137_reg[1]                      | 3      | 1     | NO           | NO                 | YES               | 1      | 0       | 
|graphsage_int8_po2 | trunc_ln333_34_reg_26115_reg[3]                     | 3      | 1     | NO           | NO                 | YES               | 1      | 0       | 
|graphsage_int8_po2 | add_ln343_244_reg_27142_reg[1]                      | 4      | 2     | NO           | YES                | YES               | 2      | 0       | 
|graphsage_int8_po2 | add_ln343_230_reg_28911_pp0_iter13_reg_reg[11]      | 4      | 12    | NO           | YES                | YES               | 12     | 0       | 
|graphsage_int8_po2 | prod_442_reg_28295_reg[7]                           | 3      | 7     | NO           | NO                 | YES               | 7      | 0       | 
|graphsage_int8_po2 | trunc_ln333_63_reg_28290_reg[2]                     | 3      | 2     | NO           | NO                 | YES               | 2      | 0       | 
|graphsage_int8_po2 | add_ln343_449_reg_29268_reg[2]                      | 3      | 3     | NO           | NO                 | YES               | 3      | 0       | 
|graphsage_int8_po2 | prod_445_reg_29228_reg[4]                           | 3      | 1     | NO           | NO                 | YES               | 1      | 0       | 
|graphsage_int8_po2 | prod_448_reg_28315_reg[4]                           | 3      | 1     | NO           | NO                 | YES               | 1      | 0       | 
|graphsage_int8_po2 | prod_314_reg_29137_reg[4]                           | 3      | 1     | NO           | NO                 | YES               | 1      | 0       | 
|graphsage_int8_po2 | add_ln343_315_reg_29847_reg[1]                      | 4      | 1     | NO           | YES                | YES               | 1      | 0       | 
|graphsage_int8_po2 | prod_460_reg_28330_reg[7]                           | 3      | 9     | NO           | NO                 | YES               | 9      | 0       | 
|graphsage_int8_po2 | prod_459_reg_28325_reg[9]                           | 3      | 7     | NO           | NO                 | YES               | 7      | 0       | 
|graphsage_int8_po2 | prod_497_reg_29398_reg[4]                           | 3      | 1     | NO           | NO                 | YES               | 1      | 0       | 
|graphsage_int8_po2 | add_ln343_503_reg_29977_reg[3]                      | 4      | 2     | NO           | YES                | YES               | 2      | 0       | 
|graphsage_int8_po2 | prod_458_reg_29288_reg[3]                           | 3      | 2     | NO           | NO                 | YES               | 2      | 0       | 
|graphsage_int8_po2 | add_ln343_505_reg_30238_reg[1]                      | 5      | 1     | NO           | YES                | YES               | 1      | 0       | 
|graphsage_int8_po2 | prod_492_reg_29393_reg[4]                           | 3      | 1     | NO           | NO                 | YES               | 1      | 0       | 
|graphsage_int8_po2 | prod_490_reg_28385_reg[8]                           | 3      | 3     | NO           | NO                 | YES               | 3      | 0       | 
|graphsage_int8_po2 | add_ln343_496_reg_29428_reg[2]                      | 4      | 2     | NO           | YES                | YES               | 2      | 0       | 
|graphsage_int8_po2 | prod_491_reg_29388_reg[4]                           | 3      | 1     | NO           | NO                 | YES               | 1      | 0       | 
|graphsage_int8_po2 | add_ln343_498_reg_29967_reg[0]                      | 5      | 1     | NO           | YES                | YES               | 1      | 0       | 
|graphsage_int8_po2 | prod_494_reg_28395_reg[3]                           | 3      | 1     | NO           | NO                 | YES               | 1      | 0       | 
|graphsage_int8_po2 | add_ln343_499_reg_29433_reg[1]                      | 3      | 1     | NO           | NO                 | YES               | 1      | 0       | 
|graphsage_int8_po2 | trunc_ln333_70_reg_28400_reg[3]                     | 3      | 1     | NO           | NO                 | YES               | 1      | 0       | 
|graphsage_int8_po2 | add_ln343_500_reg_29438_reg[1]                      | 4      | 2     | NO           | YES                | YES               | 2      | 0       | 
|graphsage_int8_po2 | prod_503_reg_29423_reg[4]                           | 3      | 1     | NO           | NO                 | YES               | 1      | 0       | 
|graphsage_int8_po2 | add_ln343_507_reg_29992_reg[1]                      | 4      | 1     | NO           | YES                | YES               | 1      | 0       | 
|graphsage_int8_po2 | prod_196_reg_26025_reg[4]                           | 3      | 1     | NO           | NO                 | YES               | 1      | 0       | 
|graphsage_int8_po2 | prod_263_reg_28957_reg[2]                           | 3      | 1     | NO           | NO                 | YES               | 1      | 0       | 
|graphsage_int8_po2 | prod_262_reg_28952_reg[4]                           | 3      | 1     | NO           | NO                 | YES               | 1      | 0       | 
|graphsage_int8_po2 | prod_264_reg_28962_reg[4]                           | 3      | 1     | NO           | NO                 | YES               | 1      | 0       | 
|graphsage_int8_po2 | add_ln343_266_reg_29757_reg[1]                      | 4      | 1     | NO           | YES                | YES               | 1      | 0       | 
|graphsage_int8_po2 | add_ln343_267_reg_29762_reg[1]                      | 4      | 1     | NO           | YES                | YES               | 1      | 0       | 
|graphsage_int8_po2 | add_ln343_269_reg_30143_reg[0]                      | 5      | 1     | NO           | YES                | YES               | 1      | 0       | 
|graphsage_int8_po2 | prod_248_reg_27117_reg[7]                           | 3      | 7     | NO           | NO                 | YES               | 7      | 0       | 
|graphsage_int8_po2 | prod_245_reg_27102_reg[4]                           | 3      | 1     | NO           | NO                 | YES               | 1      | 0       | 
|graphsage_int8_po2 | add_ln343_247_reg_27979_reg[3]                      | 4      | 2     | NO           | YES                | YES               | 2      | 0       | 
|graphsage_int8_po2 | prod_206_reg_26997_reg[3]                           | 3      | 2     | NO           | NO                 | YES               | 2      | 0       | 
|graphsage_int8_po2 | add_ln343_249_reg_28932_reg[1]                      | 5      | 1     | NO           | YES                | YES               | 1      | 0       | 
|graphsage_int8_po2 | prod_250_reg_27964_reg[4]                           | 3      | 1     | NO           | NO                 | YES               | 1      | 0       | 
|graphsage_int8_po2 | prod_251_reg_27127_reg[4]                           | 3      | 1     | NO           | NO                 | YES               | 1      | 0       | 
|graphsage_int8_po2 | add_ln343_251_reg_27994_reg[1]                      | 4      | 1     | NO           | YES                | YES               | 1      | 0       | 
|graphsage_int8_po2 | prod_311_reg_29127_reg[7]                           | 3      | 7     | NO           | NO                 | YES               | 7      | 0       | 
|graphsage_int8_po2 | prod_269_reg_29002_reg[3]                           | 3      | 2     | NO           | NO                 | YES               | 2      | 0       | 
|graphsage_int8_po2 | add_ln343_295_reg_29802_reg[4]                      | 4      | 1     | NO           | NO                 | YES               | 1      | 0       | 
|graphsage_int8_po2 | add_ln343_295_reg_29802_reg[3]                      | 4      | 3     | NO           | YES                | YES               | 3      | 0       | 
|graphsage_int8_po2 | prod_298_reg_29787_reg[4]                           | 3      | 1     | NO           | NO                 | YES               | 1      | 0       | 
|graphsage_int8_po2 | prod_268_reg_28997_reg[9]                           | 3      | 3     | NO           | NO                 | YES               | 3      | 0       | 
|graphsage_int8_po2 | add_ln343_298_reg_29812_reg[4]                      | 4      | 1     | NO           | NO                 | YES               | 1      | 0       | 
|graphsage_int8_po2 | add_ln343_298_reg_29812_reg[3]                      | 4      | 3     | NO           | YES                | YES               | 3      | 0       | 
|graphsage_int8_po2 | prod_299_reg_29082_reg[4]                           | 3      | 1     | NO           | NO                 | YES               | 1      | 0       | 
|graphsage_int8_po2 | add_ln343_231_reg_27944_reg[4]                      | 4      | 1     | NO           | NO                 | YES               | 1      | 0       | 
|graphsage_int8_po2 | add_ln343_231_reg_27944_reg[3]                      | 4      | 3     | NO           | YES                | YES               | 3      | 0       | 
|graphsage_int8_po2 | add_ln343_233_reg_28916_pp0_iter13_reg_reg[12]      | 4      | 12    | NO           | YES                | YES               | 12     | 0       | 
|graphsage_int8_po2 | add_ln343_233_reg_28916_pp0_iter13_reg_reg[0]       | 5      | 1     | NO           | YES                | YES               | 1      | 0       | 
|graphsage_int8_po2 | prod_235_reg_27929_reg[4]                           | 3      | 1     | NO           | NO                 | YES               | 1      | 0       | 
|graphsage_int8_po2 | prod_205_reg_26992_reg[9]                           | 3      | 3     | NO           | NO                 | YES               | 3      | 0       | 
|graphsage_int8_po2 | add_ln343_234_reg_27954_reg[4]                      | 4      | 1     | NO           | NO                 | YES               | 1      | 0       | 
|graphsage_int8_po2 | add_ln343_234_reg_27954_reg[3]                      | 4      | 3     | NO           | YES                | YES               | 3      | 0       | 
|graphsage_int8_po2 | prod_236_reg_27077_reg[4]                           | 3      | 1     | NO           | NO                 | YES               | 1      | 0       | 
|graphsage_int8_po2 | add_ln343_237_reg_28921_pp0_iter13_reg_reg[12]      | 4      | 11    | NO           | YES                | YES               | 11     | 0       | 
|graphsage_int8_po2 | add_ln343_237_reg_28921_pp0_iter13_reg_reg[1]       | 4      | 1     | NO           | NO                 | YES               | 1      | 0       | 
|graphsage_int8_po2 | prod_216_reg_27007_reg[4]                           | 3      | 1     | NO           | NO                 | YES               | 1      | 0       | 
|graphsage_int8_po2 | prod_215_reg_27002_reg[4]                           | 3      | 1     | NO           | NO                 | YES               | 1      | 0       | 
|graphsage_int8_po2 | prod_221_reg_27017_reg[2]                           | 3      | 3     | NO           | NO                 | YES               | 3      | 0       | 
|graphsage_int8_po2 | prod_279_reg_29012_reg[4]                           | 3      | 1     | NO           | NO                 | YES               | 1      | 0       | 
|graphsage_int8_po2 | prod_278_reg_29007_reg[4]                           | 3      | 1     | NO           | NO                 | YES               | 1      | 0       | 
|graphsage_int8_po2 | prod_284_reg_29022_reg[2]                           | 3      | 3     | NO           | NO                 | YES               | 3      | 0       | 
|graphsage_int8_po2 | prod_200_reg_26952_reg[2]                           | 3      | 1     | NO           | NO                 | YES               | 1      | 0       | 
|graphsage_int8_po2 | prod_199_reg_26947_reg[4]                           | 3      | 1     | NO           | NO                 | YES               | 1      | 0       | 
|graphsage_int8_po2 | prod_203_reg_27879_reg[4]                           | 3      | 2     | NO           | NO                 | YES               | 2      | 0       | 
|graphsage_int8_po2 | prod_201_reg_26957_reg[4]                           | 3      | 1     | NO           | NO                 | YES               | 1      | 0       | 
|graphsage_int8_po2 | add_ln343_202_reg_27899_reg[1]                      | 4      | 1     | NO           | YES                | YES               | 1      | 0       | 
|graphsage_int8_po2 | add_ln343_203_reg_27904_reg[1]                      | 4      | 1     | NO           | YES                | YES               | 1      | 0       | 
|graphsage_int8_po2 | add_ln343_205_reg_28896_reg[0]                      | 5      | 1     | NO           | YES                | YES               | 1      | 0       | 
|graphsage_int8_po2 | trunc_ln343_1_reg_29732_reg[0]                      | 3      | 1     | NO           | NO                 | YES               | 1      | 0       | 
|graphsage_int8_po2 | mul_4s_8ns_12_4_1_U199/din0_reg_reg[3]              | 5      | 2     | NO           | NO                 | YES               | 2      | 0       | 
|graphsage_int8_po2 | mul_4s_7ns_11_4_1_U200/din0_reg_reg[3]              | 5      | 1     | NO           | NO                 | YES               | 1      | 0       | 
|graphsage_int8_po2 | mul_4s_4ns_8_4_1_U171/din0_reg_reg[2]               | 5      | 4     | NO           | NO                 | YES               | 4      | 0       | 
|graphsage_int8_po2 | trunc_ln333_35_reg_27122_reg[0]                     | 3      | 1     | NO           | NO                 | YES               | 1      | 0       | 
|graphsage_int8_po2 | mul_4s_5s_9_4_1_U198/din0_reg_reg[3]                | 5      | 1     | NO           | NO                 | YES               | 1      | 0       | 
|graphsage_int8_po2 | mul_4s_8s_12_4_1_U173/din0_reg_reg[2]               | 5      | 4     | NO           | NO                 | YES               | 4      | 0       | 
|graphsage_int8_po2 | mul_4s_8ns_12_4_1_U172/din0_reg_reg[2]              | 5      | 4     | NO           | NO                 | YES               | 4      | 0       | 
|graphsage_int8_po2 | mul_4s_5ns_9_4_1_U297/din0_reg_reg[3]               | 6      | 1     | NO           | NO                 | YES               | 1      | 0       | 
|graphsage_int8_po2 | mul_4s_7ns_11_4_1_U175/din0_reg_reg[2]              | 5      | 2     | NO           | NO                 | YES               | 2      | 0       | 
|graphsage_int8_po2 | mul_4s_7ns_11_4_1_U176/din0_reg_reg[0]              | 5      | 3     | NO           | NO                 | YES               | 3      | 0       | 
|graphsage_int8_po2 | trunc_ln333_30_reg_27012_reg[1]                     | 3      | 2     | NO           | NO                 | YES               | 2      | 0       | 
|graphsage_int8_po2 | mul_4s_7ns_11_4_1_U428/din0_reg_reg[2]              | 3      | 4     | NO           | NO                 | YES               | 4      | 0       | 
|graphsage_int8_po2 | mul_4s_5s_9_4_1_U449/din0_reg_reg[2]                | 3      | 4     | NO           | NO                 | YES               | 4      | 0       | 
|graphsage_int8_po2 | mul_4s_7s_11_4_1_U174/din0_reg_reg[2]               | 5      | 3     | NO           | NO                 | YES               | 3      | 0       | 
|graphsage_int8_po2 | trunc_ln333_39_reg_29017_reg[1]                     | 3      | 2     | NO           | NO                 | YES               | 2      | 0       | 
|graphsage_int8_po2 | prod_233_reg_27067_reg[1]                           | 3      | 1     | NO           | NO                 | YES               | 1      | 0       | 
|graphsage_int8_po2 | mul_4s_8ns_12_4_1_U450/din0_reg_reg[3]              | 3      | 4     | NO           | NO                 | YES               | 4      | 0       | 
|graphsage_int8_po2 | mul_4s_8ns_12_4_1_U293/din0_reg_reg[2]              | 6      | 3     | NO           | NO                 | YES               | 3      | 0       | 
|graphsage_int8_po2 | prod_296_reg_29072_reg[1]                           | 3      | 1     | NO           | NO                 | YES               | 1      | 0       | 
|graphsage_int8_po2 | mul_4s_5ns_9_4_1_U494/din0_reg_reg[3]               | 4      | 4     | NO           | NO                 | YES               | 4      | 0       | 
|graphsage_int8_po2 | mul_4s_8s_12_4_1_U448/din0_reg_reg[2]               | 3      | 4     | NO           | NO                 | YES               | 4      | 0       | 
|graphsage_int8_po2 | trunc_ln333_44_reg_29132_reg[0]                     | 3      | 1     | NO           | NO                 | YES               | 1      | 0       | 
|graphsage_int8_po2 | trunc_ln207_8_reg_29690_pp0_iter13_reg_reg[7]       | 3      | 1     | NO           | NO                 | YES               | 1      | 0       | 
|graphsage_int8_po2 | prod_90_reg_28695_reg[4]                            | 3      | 1     | NO           | NO                 | YES               | 1      | 0       | 
|graphsage_int8_po2 | prod_89_reg_28690_reg[4]                            | 3      | 1     | NO           | NO                 | YES               | 1      | 0       | 
|graphsage_int8_po2 | prod_95_reg_28705_reg[2]                            | 3      | 3     | NO           | NO                 | YES               | 3      | 0       | 
|graphsage_int8_po2 | add_ln343_103_reg_29635_reg[4]                      | 4      | 1     | NO           | NO                 | YES               | 1      | 0       | 
|graphsage_int8_po2 | add_ln343_103_reg_29635_reg[3]                      | 4      | 3     | NO           | YES                | YES               | 3      | 0       | 
|graphsage_int8_po2 | prod_109_reg_29620_reg[4]                           | 3      | 1     | NO           | NO                 | YES               | 1      | 0       | 
|graphsage_int8_po2 | prod_79_reg_28680_reg[9]                            | 3      | 3     | NO           | NO                 | YES               | 3      | 0       | 
|graphsage_int8_po2 | add_ln343_106_reg_29645_reg[4]                      | 4      | 1     | NO           | NO                 | YES               | 1      | 0       | 
|graphsage_int8_po2 | add_ln343_106_reg_29645_reg[3]                      | 4      | 3     | NO           | YES                | YES               | 3      | 0       | 
|graphsage_int8_po2 | prod_110_reg_28765_reg[4]                           | 3      | 1     | NO           | NO                 | YES               | 1      | 0       | 
|graphsage_int8_po2 | prod_119_reg_28795_reg[4]                           | 3      | 1     | NO           | NO                 | YES               | 1      | 0       | 
|graphsage_int8_po2 | add_ln343_119_reg_29665_reg[3]                      | 4      | 2     | NO           | YES                | YES               | 2      | 0       | 
|graphsage_int8_po2 | prod_80_reg_28685_reg[3]                            | 3      | 1     | NO           | NO                 | YES               | 1      | 0       | 
|graphsage_int8_po2 | add_ln343_121_reg_30108_reg[1]                      | 5      | 1     | NO           | YES                | YES               | 1      | 0       | 
|graphsage_int8_po2 | prod_122_reg_28810_reg[7]                           | 3      | 6     | NO           | NO                 | YES               | 6      | 0       | 
|graphsage_int8_po2 | prod_125_reg_28820_reg[4]                           | 3      | 1     | NO           | NO                 | YES               | 1      | 0       | 
|graphsage_int8_po2 | add_ln343_123_reg_29680_reg[1]                      | 4      | 1     | NO           | YES                | YES               | 1      | 0       | 
|graphsage_int8_po2 | prod_74_reg_28640_reg[2]                            | 3      | 2     | NO           | NO                 | YES               | 2      | 0       | 
|graphsage_int8_po2 | prod_73_reg_28635_reg[4]                            | 3      | 1     | NO           | NO                 | YES               | 1      | 0       | 
|graphsage_int8_po2 | prod_75_reg_28645_reg[4]                            | 3      | 1     | NO           | NO                 | YES               | 1      | 0       | 
|graphsage_int8_po2 | add_ln343_74_reg_29590_reg[1]                       | 4      | 1     | NO           | YES                | YES               | 1      | 0       | 
|graphsage_int8_po2 | add_ln343_75_reg_29595_reg[1]                       | 4      | 1     | NO           | YES                | YES               | 1      | 0       | 
|graphsage_int8_po2 | add_ln343_77_reg_30073_reg[0]                       | 5      | 1     | NO           | YES                | YES               | 1      | 0       | 
|graphsage_int8_po2 | prod_342_reg_27233_reg[4]                           | 3      | 1     | NO           | NO                 | YES               | 1      | 0       | 
|graphsage_int8_po2 | prod_341_reg_27228_reg[4]                           | 3      | 1     | NO           | NO                 | YES               | 1      | 0       | 
|graphsage_int8_po2 | prod_347_reg_27243_reg[2]                           | 3      | 3     | NO           | NO                 | YES               | 3      | 0       | 
|graphsage_int8_po2 | prod_405_reg_26430_reg[4]                           | 3      | 1     | NO           | NO                 | YES               | 1      | 0       | 
|graphsage_int8_po2 | prod_404_reg_26425_reg[4]                           | 3      | 1     | NO           | NO                 | YES               | 1      | 0       | 
|graphsage_int8_po2 | prod_410_reg_26440_reg[2]                           | 3      | 3     | NO           | NO                 | YES               | 3      | 0       | 
|graphsage_int8_po2 | add_ln343_359_reg_28184_reg[4]                      | 4      | 1     | NO           | NO                 | YES               | 1      | 0       | 
|graphsage_int8_po2 | add_ln343_359_reg_28184_reg[3]                      | 4      | 3     | NO           | YES                | YES               | 3      | 0       | 
|graphsage_int8_po2 | prod_361_reg_28169_reg[4]                           | 3      | 1     | NO           | NO                 | YES               | 1      | 0       | 
|graphsage_int8_po2 | prod_331_reg_27218_reg[9]                           | 3      | 3     | NO           | NO                 | YES               | 3      | 0       | 
|graphsage_int8_po2 | add_ln343_362_reg_28194_reg[4]                      | 4      | 1     | NO           | NO                 | YES               | 1      | 0       | 
|graphsage_int8_po2 | add_ln343_362_reg_28194_reg[3]                      | 4      | 3     | NO           | YES                | YES               | 3      | 0       | 
|graphsage_int8_po2 | prod_362_reg_27303_reg[4]                           | 3      | 1     | NO           | NO                 | YES               | 1      | 0       | 
|graphsage_int8_po2 | prod_374_reg_27348_reg[7]                           | 3      | 6     | NO           | NO                 | YES               | 6      | 0       | 
|graphsage_int8_po2 | prod_371_reg_27333_reg[4]                           | 3      | 1     | NO           | NO                 | YES               | 1      | 0       | 
|graphsage_int8_po2 | add_ln343_375_reg_28219_reg[3]                      | 4      | 2     | NO           | YES                | YES               | 2      | 0       | 
|graphsage_int8_po2 | prod_332_reg_27223_reg[3]                           | 3      | 1     | NO           | NO                 | YES               | 1      | 0       | 
|graphsage_int8_po2 | add_ln343_377_reg_29198_reg[1]                      | 5      | 1     | NO           | YES                | YES               | 1      | 0       | 
|graphsage_int8_po2 | prod_376_reg_28204_reg[4]                           | 3      | 1     | NO           | NO                 | YES               | 1      | 0       | 
|graphsage_int8_po2 | prod_377_reg_27358_reg[4]                           | 3      | 1     | NO           | NO                 | YES               | 1      | 0       | 
|graphsage_int8_po2 | add_ln343_379_reg_28234_reg[1]                      | 4      | 1     | NO           | YES                | YES               | 1      | 0       | 
|graphsage_int8_po2 | add_ln343_423_reg_27443_reg[4]                      | 4      | 1     | NO           | NO                 | YES               | 1      | 0       | 
|graphsage_int8_po2 | add_ln343_423_reg_27443_reg[3]                      | 4      | 3     | NO           | YES                | YES               | 3      | 0       | 
|graphsage_int8_po2 | add_ln343_416_reg_26505_pp0_iter8_reg_reg[3]        | 5      | 2     | NO           | YES                | YES               | 2      | 0       | 
|graphsage_int8_po2 | prod_415_reg_26470_reg[8]                           | 3      | 9     | NO           | NO                 | YES               | 9      | 0       | 
|graphsage_int8_po2 | prod_424_reg_27428_reg[4]                           | 3      | 1     | NO           | NO                 | YES               | 1      | 0       | 
|graphsage_int8_po2 | prod_394_reg_26415_reg[9]                           | 3      | 3     | NO           | NO                 | YES               | 3      | 0       | 
|graphsage_int8_po2 | add_ln343_426_reg_27453_reg[4]                      | 4      | 1     | NO           | NO                 | YES               | 1      | 0       | 
|graphsage_int8_po2 | add_ln343_426_reg_27453_reg[3]                      | 4      | 3     | NO           | YES                | YES               | 3      | 0       | 
|graphsage_int8_po2 | prod_425_reg_26500_reg[4]                           | 3      | 1     | NO           | NO                 | YES               | 1      | 0       | 
|graphsage_int8_po2 | prod_326_reg_27178_reg[2]                           | 3      | 2     | NO           | NO                 | YES               | 2      | 0       | 
|graphsage_int8_po2 | prod_325_reg_27173_reg[4]                           | 3      | 1     | NO           | NO                 | YES               | 1      | 0       | 
|graphsage_int8_po2 | prod_329_reg_28119_reg[4]                           | 3      | 2     | NO           | NO                 | YES               | 2      | 0       | 
|graphsage_int8_po2 | prod_327_reg_27183_reg[4]                           | 3      | 1     | NO           | NO                 | YES               | 1      | 0       | 
|graphsage_int8_po2 | add_ln343_330_reg_28139_reg[1]                      | 4      | 1     | NO           | YES                | YES               | 1      | 0       | 
|graphsage_int8_po2 | add_ln343_331_reg_28144_reg[1]                      | 4      | 1     | NO           | YES                | YES               | 1      | 0       | 
|graphsage_int8_po2 | add_ln343_333_reg_29162_reg[0]                      | 5      | 1     | NO           | YES                | YES               | 1      | 0       | 
|graphsage_int8_po2 | prod_429_reg_26525_reg[4]                           | 3      | 1     | NO           | NO                 | YES               | 1      | 0       | 
|graphsage_int8_po2 | prod_427_reg_25533_reg[8]                           | 3      | 6     | NO           | NO                 | YES               | 6      | 0       | 
|graphsage_int8_po2 | add_ln343_432_reg_26560_reg[2]                      | 4      | 2     | NO           | YES                | YES               | 2      | 0       | 
|graphsage_int8_po2 | prod_428_reg_26520_reg[4]                           | 3      | 1     | NO           | NO                 | YES               | 1      | 0       | 
|graphsage_int8_po2 | prod_437_reg_26545_reg[7]                           | 3      | 6     | NO           | NO                 | YES               | 6      | 0       | 
|graphsage_int8_po2 | prod_434_reg_26530_reg[4]                           | 3      | 1     | NO           | NO                 | YES               | 1      | 0       | 
|graphsage_int8_po2 | add_ln343_439_reg_27478_reg[3]                      | 4      | 2     | NO           | YES                | YES               | 2      | 0       | 
|graphsage_int8_po2 | prod_395_reg_26420_reg[3]                           | 3      | 1     | NO           | NO                 | YES               | 1      | 0       | 
|graphsage_int8_po2 | add_ln343_441_reg_28280_reg[1]                      | 5      | 1     | NO           | YES                | YES               | 1      | 0       | 
|graphsage_int8_po2 | prod_439_reg_27463_reg[4]                           | 3      | 1     | NO           | NO                 | YES               | 1      | 0       | 
|graphsage_int8_po2 | prod_440_reg_26555_reg[4]                           | 3      | 1     | NO           | NO                 | YES               | 1      | 0       | 
|graphsage_int8_po2 | add_ln343_443_reg_27493_reg[1]                      | 4      | 1     | NO           | YES                | YES               | 1      | 0       | 
|graphsage_int8_po2 | prod_389_reg_26375_reg[2]                           | 3      | 2     | NO           | NO                 | YES               | 2      | 0       | 
|graphsage_int8_po2 | prod_388_reg_26370_reg[4]                           | 3      | 1     | NO           | NO                 | YES               | 1      | 0       | 
|graphsage_int8_po2 | prod_392_reg_27378_reg[4]                           | 3      | 2     | NO           | NO                 | YES               | 2      | 0       | 
|graphsage_int8_po2 | prod_390_reg_26380_reg[4]                           | 3      | 1     | NO           | NO                 | YES               | 1      | 0       | 
|graphsage_int8_po2 | add_ln343_394_reg_27398_reg[1]                      | 4      | 1     | NO           | YES                | YES               | 1      | 0       | 
|graphsage_int8_po2 | add_ln343_395_reg_27403_reg[1]                      | 4      | 1     | NO           | YES                | YES               | 1      | 0       | 
|graphsage_int8_po2 | add_ln343_397_reg_28244_reg[0]                      | 5      | 1     | NO           | YES                | YES               | 1      | 0       | 
|graphsage_int8_po2 | icmp_ln206_4_reg_29685_pp0_iter13_reg_reg[0]        | 3      | 1     | NO           | NO                 | YES               | 1      | 0       | 
|graphsage_int8_po2 | trunc_ln333_57_reg_26435_reg[1]                     | 3      | 2     | NO           | NO                 | YES               | 2      | 0       | 
|graphsage_int8_po2 | trunc_ln333_60_reg_26485_reg[0]                     | 3      | 1     | NO           | NO                 | YES               | 1      | 0       | 
|graphsage_int8_po2 | trunc_ln333_48_reg_27238_reg[1]                     | 3      | 2     | NO           | NO                 | YES               | 2      | 0       | 
|graphsage_int8_po2 | trunc_ln333_51_reg_27288_reg[0]                     | 3      | 1     | NO           | NO                 | YES               | 1      | 0       | 
|graphsage_int8_po2 | trunc_ln333_12_reg_28700_reg[0]                     | 3      | 3     | NO           | NO                 | YES               | 3      | 0       | 
|graphsage_int8_po2 | trunc_ln333_15_reg_28750_reg[0]                     | 3      | 1     | NO           | NO                 | YES               | 1      | 0       | 
|graphsage_int8_po2 | add_ln343_88_reg_28725_reg[0]                       | 3      | 1     | NO           | NO                 | YES               | 1      | 0       | 
|graphsage_int8_po2 | add_ln343_408_reg_26460_reg[0]                      | 3      | 1     | NO           | NO                 | YES               | 1      | 0       | 
|graphsage_int8_po2 | add_ln343_344_reg_27263_reg[0]                      | 3      | 1     | NO           | NO                 | YES               | 1      | 0       | 
|graphsage_int8_po2 | trunc_ln333_62_reg_26550_reg[0]                     | 3      | 1     | NO           | NO                 | YES               | 1      | 0       | 
|graphsage_int8_po2 | trunc_ln333_53_reg_27353_reg[0]                     | 3      | 1     | NO           | NO                 | YES               | 1      | 0       | 
|graphsage_int8_po2 | mul_4s_8ns_12_4_1_U397/din0_reg_reg[2]              | 3      | 4     | NO           | NO                 | YES               | 4      | 0       | 
|graphsage_int8_po2 | mul_4s_8ns_12_4_1_U401/din0_reg_reg[3]              | 3      | 4     | NO           | NO                 | YES               | 4      | 0       | 
|graphsage_int8_po2 | mul_4s_5ns_9_4_1_U399/din0_reg_reg[2]               | 3      | 4     | NO           | NO                 | YES               | 4      | 0       | 
|graphsage_int8_po2 | mul_4s_8ns_12_4_1_U402/din0_reg_reg[3]              | 3      | 4     | NO           | NO                 | YES               | 4      | 0       | 
|graphsage_int8_po2 | mul_4s_7ns_11_4_1_U398/din0_reg_reg[2]              | 3      | 4     | NO           | NO                 | YES               | 4      | 0       | 
|graphsage_int8_po2 | mul_4s_5ns_9_4_1_U234/din0_reg_reg[3]               | 4      | 4     | NO           | YES                | YES               | 4      | 0       | 
|graphsage_int8_po2 | mul_4s_5ns_9_4_1_U324/din0_reg_reg[3]               | 4      | 4     | NO           | YES                | YES               | 4      | 0       | 
|graphsage_int8_po2 | mul_4s_5ns_9_4_1_U490/din0_reg_reg[3]               | 4      | 4     | NO           | NO                 | YES               | 4      | 0       | 
|graphsage_int8_po2 | mul_4s_5ns_9_4_1_U400/din0_reg_reg[2]               | 3      | 4     | NO           | NO                 | YES               | 4      | 0       | 
|graphsage_int8_po2 | add_ln343_487_reg_29947_reg[4]                      | 4      | 1     | NO           | NO                 | YES               | 1      | 0       | 
|graphsage_int8_po2 | add_ln343_487_reg_29947_reg[3]                      | 4      | 3     | NO           | YES                | YES               | 3      | 0       | 
|graphsage_int8_po2 | add_ln343_480_reg_29373_pp0_iter11_reg_reg[3]       | 5      | 2     | NO           | YES                | YES               | 2      | 0       | 
|graphsage_int8_po2 | prod_478_reg_29338_reg[8]                           | 3      | 6     | NO           | NO                 | YES               | 6      | 0       | 
|graphsage_int8_po2 | add_ln343_481_reg_29937_reg[2]                      | 4      | 2     | NO           | NO                 | YES               | 2      | 0       | 
|graphsage_int8_po2 | prod_481_reg_28375_reg[8]                           | 3      | 9     | NO           | NO                 | YES               | 9      | 0       | 
|graphsage_int8_po2 | prod_480_reg_28370_reg[8]                           | 3      | 8     | NO           | NO                 | YES               | 8      | 0       | 
|graphsage_int8_po2 | prod_487_reg_29932_reg[4]                           | 3      | 1     | NO           | NO                 | YES               | 1      | 0       | 
|graphsage_int8_po2 | prod_457_reg_29283_reg[9]                           | 3      | 3     | NO           | NO                 | YES               | 3      | 0       | 
|graphsage_int8_po2 | add_ln343_490_reg_29957_reg[4]                      | 4      | 1     | NO           | NO                 | YES               | 1      | 0       | 
|graphsage_int8_po2 | add_ln343_490_reg_29957_reg[3]                      | 4      | 3     | NO           | YES                | YES               | 3      | 0       | 
|graphsage_int8_po2 | prod_488_reg_29368_reg[4]                           | 3      | 1     | NO           | NO                 | YES               | 1      | 0       | 
|graphsage_int8_po2 | prod_466_reg_28345_reg[4]                           | 3      | 1     | NO           | NO                 | YES               | 1      | 0       | 
|graphsage_int8_po2 | prod_468_reg_29298_reg[4]                           | 3      | 1     | NO           | NO                 | YES               | 1      | 0       | 
|graphsage_int8_po2 | prod_467_reg_29293_reg[4]                           | 3      | 1     | NO           | NO                 | YES               | 1      | 0       | 
|graphsage_int8_po2 | prod_473_reg_29308_reg[2]                           | 3      | 3     | NO           | NO                 | YES               | 3      | 0       | 
|graphsage_int8_po2 | prod_500_reg_29413_reg[7]                           | 3      | 7     | NO           | NO                 | YES               | 7      | 0       | 
|graphsage_int8_po2 | prod_452_reg_29243_reg[2]                           | 3      | 2     | NO           | NO                 | YES               | 2      | 0       | 
|graphsage_int8_po2 | prod_451_reg_29238_reg[4]                           | 3      | 1     | NO           | NO                 | YES               | 1      | 0       | 
|graphsage_int8_po2 | prod_453_reg_29248_reg[4]                           | 3      | 1     | NO           | NO                 | YES               | 1      | 0       | 
|graphsage_int8_po2 | add_ln343_458_reg_29902_reg[1]                      | 4      | 1     | NO           | YES                | YES               | 1      | 0       | 
|graphsage_int8_po2 | add_ln343_459_reg_29907_reg[1]                      | 4      | 1     | NO           | YES                | YES               | 1      | 0       | 
|graphsage_int8_po2 | add_ln343_461_reg_30203_reg[0]                      | 5      | 1     | NO           | YES                | YES               | 1      | 0       | 
|graphsage_int8_po2 | trunc_ln207_1_reg_29716_pp0_iter13_reg_reg[7]       | 3      | 1     | NO           | NO                 | YES               | 1      | 0       | 
|graphsage_int8_po2 | prod_151_reg_25930_reg[4]                           | 3      | 1     | NO           | NO                 | YES               | 1      | 0       | 
|graphsage_int8_po2 | prod_166_reg_25960_reg[8]                           | 3      | 9     | NO           | NO                 | YES               | 9      | 0       | 
|graphsage_int8_po2 | prod_165_reg_25955_reg[8]                           | 3      | 8     | NO           | NO                 | YES               | 8      | 0       | 
|graphsage_int8_po2 | prod_379_reg_25443_reg[7]                           | 3      | 8     | NO           | NO                 | YES               | 8      | 0       | 
|graphsage_int8_po2 | trunc_ln333_54_reg_25438_reg[2]                     | 3      | 2     | NO           | NO                 | YES               | 2      | 0       | 
|graphsage_int8_po2 | add_ln343_385_reg_26400_reg[2]                      | 3      | 2     | NO           | NO                 | YES               | 2      | 0       | 
|graphsage_int8_po2 | prod_382_reg_26360_reg[4]                           | 3      | 1     | NO           | NO                 | YES               | 1      | 0       | 
|graphsage_int8_po2 | prod_385_reg_25463_reg[4]                           | 3      | 1     | NO           | NO                 | YES               | 1      | 0       | 
|graphsage_int8_po2 | add_ln343_434_reg_27468_reg[0]                      | 5      | 1     | NO           | YES                | YES               | 1      | 0       | 
|graphsage_int8_po2 | prod_431_reg_25543_reg[3]                           | 3      | 1     | NO           | NO                 | YES               | 1      | 0       | 
|graphsage_int8_po2 | add_ln343_435_reg_26565_reg[1]                      | 3      | 1     | NO           | NO                 | YES               | 1      | 0       | 
|graphsage_int8_po2 | trunc_ln333_61_reg_25548_reg[3]                     | 3      | 1     | NO           | NO                 | YES               | 1      | 0       | 
|graphsage_int8_po2 | add_ln343_436_reg_26570_reg[1]                      | 4      | 2     | NO           | YES                | YES               | 2      | 0       | 
|graphsage_int8_po2 | prod_179_reg_25980_reg[3]                           | 3      | 1     | NO           | NO                 | YES               | 1      | 0       | 
|graphsage_int8_po2 | add_ln343_179_reg_26932_reg[1]                      | 3      | 1     | NO           | NO                 | YES               | 1      | 0       | 
|graphsage_int8_po2 | trunc_ln333_25_reg_25985_reg[3]                     | 3      | 1     | NO           | NO                 | YES               | 1      | 0       | 
|graphsage_int8_po2 | add_ln343_180_reg_26937_reg[1]                      | 4      | 2     | NO           | YES                | YES               | 2      | 0       | 
|graphsage_int8_po2 | prod_182_reg_26897_reg[4]                           | 3      | 1     | NO           | NO                 | YES               | 1      | 0       | 
|graphsage_int8_po2 | add_ln343_183_reg_27859_reg[3]                      | 4      | 2     | NO           | YES                | YES               | 2      | 0       | 
|graphsage_int8_po2 | prod_143_reg_26787_reg[3]                           | 3      | 2     | NO           | NO                 | YES               | 2      | 0       | 
|graphsage_int8_po2 | prod_418_reg_25523_reg[8]                           | 3      | 9     | NO           | NO                 | YES               | 9      | 0       | 
|graphsage_int8_po2 | prod_417_reg_25518_reg[8]                           | 3      | 8     | NO           | NO                 | YES               | 8      | 0       | 
|graphsage_int8_po2 | prod_397_reg_25478_reg[7]                           | 3      | 5     | NO           | NO                 | YES               | 5      | 0       | 
|graphsage_int8_po2 | prod_396_reg_25473_reg[9]                           | 3      | 6     | NO           | NO                 | YES               | 6      | 0       | 
|graphsage_int8_po2 | prod_403_reg_25493_reg[4]                           | 3      | 1     | NO           | NO                 | YES               | 1      | 0       | 
|graphsage_int8_po2 | prod_137_reg_26742_reg[2]                           | 3      | 2     | NO           | NO                 | YES               | 2      | 0       | 
|graphsage_int8_po2 | prod_136_reg_26737_reg[4]                           | 3      | 1     | NO           | NO                 | YES               | 1      | 0       | 
|graphsage_int8_po2 | prod_130_reg_26727_reg[4]                           | 3      | 1     | NO           | NO                 | YES               | 1      | 0       | 
|graphsage_int8_po2 | prod_133_reg_25900_reg[4]                           | 3      | 1     | NO           | NO                 | YES               | 1      | 0       | 
|graphsage_int8_po2 | prod_140_reg_27759_reg[4]                           | 3      | 2     | NO           | NO                 | YES               | 2      | 0       | 
|graphsage_int8_po2 | prod_138_reg_26747_reg[4]                           | 3      | 1     | NO           | NO                 | YES               | 1      | 0       | 
|graphsage_int8_po2 | add_ln343_138_reg_27779_reg[1]                      | 4      | 1     | NO           | YES                | YES               | 1      | 0       | 
|graphsage_int8_po2 | add_ln343_139_reg_27784_reg[1]                      | 4      | 1     | NO           | YES                | YES               | 1      | 0       | 
|graphsage_int8_po2 | add_ln343_141_reg_28845_reg[0]                      | 5      | 1     | NO           | YES                | YES               | 1      | 0       | 
|graphsage_int8_po2 | icmp_ln206_6_reg_29711_pp0_iter13_reg_reg[0]        | 3      | 1     | NO           | NO                 | YES               | 1      | 0       | 
|graphsage_int8_po2 | trunc_ln343_3_reg_29223_reg[0]                      | 3      | 1     | NO           | NO                 | YES               | 1      | 0       | 
|graphsage_int8_po2 | mul_4s_7ns_11_4_1_U31/din0_reg_reg[1]               | 4      | 4     | NO           | NO                 | YES               | 4      | 0       | 
|graphsage_int8_po2 | sext_ln338_97_reg_23962_reg[2]                      | 4      | 4     | NO           | NO                 | YES               | 4      | 0       | 
|graphsage_int8_po2 | mul_4s_8ns_12_4_1_U30/din0_reg_reg[0]               | 4      | 4     | NO           | NO                 | YES               | 4      | 0       | 
|graphsage_int8_po2 | mul_4s_5s_9_4_1_U482/din0_reg_reg[3]                | 3      | 4     | NO           | NO                 | YES               | 4      | 0       | 
|graphsage_int8_po2 | sext_ln338_324_reg_27508_reg[0]                     | 4      | 4     | NO           | NO                 | YES               | 4      | 0       | 
|graphsage_int8_po2 | mul_4s_5ns_9_4_1_U151/din0_reg_reg[0]               | 5      | 4     | NO           | NO                 | YES               | 4      | 0       | 
|graphsage_int8_po2 | mul_4s_8s_12_4_1_U166/din0_reg_reg[0]               | 5      | 4     | NO           | NO                 | YES               | 4      | 0       | 
|graphsage_int8_po2 | mul_4s_7ns_11_4_1_U146/din0_reg_reg[0]              | 5      | 4     | NO           | NO                 | YES               | 4      | 0       | 
|graphsage_int8_po2 | mul_4s_7ns_11_4_1_U165/din0_reg_reg[0]              | 5      | 4     | NO           | NO                 | YES               | 4      | 0       | 
|graphsage_int8_po2 | sext_ln338_104_reg_24002_reg[0]                     | 4      | 4     | NO           | NO                 | YES               | 4      | 0       | 
|graphsage_int8_po2 | prod_454_reg_29253_reg[3]                           | 3      | 2     | NO           | NO                 | YES               | 2      | 0       | 
|graphsage_int8_po2 | prod_127_reg_25880_reg[7]                           | 3      | 8     | NO           | NO                 | YES               | 8      | 0       | 
|graphsage_int8_po2 | trunc_ln333_18_reg_25875_reg[2]                     | 3      | 2     | NO           | NO                 | YES               | 2      | 0       | 
|graphsage_int8_po2 | add_ln343_129_reg_26767_reg[2]                      | 3      | 2     | NO           | NO                 | YES               | 2      | 0       | 
|graphsage_int8_po2 | prod_177_reg_26892_reg[4]                           | 3      | 1     | NO           | NO                 | YES               | 1      | 0       | 
|graphsage_int8_po2 | prod_175_reg_25970_reg[8]                           | 3      | 6     | NO           | NO                 | YES               | 6      | 0       | 
|graphsage_int8_po2 | add_ln343_176_reg_26927_reg[2]                      | 4      | 2     | NO           | YES                | YES               | 2      | 0       | 
|graphsage_int8_po2 | prod_176_reg_26887_reg[4]                           | 3      | 1     | NO           | NO                 | YES               | 1      | 0       | 
|graphsage_int8_po2 | add_ln343_178_reg_27849_reg[0]                      | 5      | 1     | NO           | YES                | YES               | 1      | 0       | 
|graphsage_int8_po2 | prod_185_reg_26912_reg[7]                           | 3      | 6     | NO           | NO                 | YES               | 6      | 0       | 
|graphsage_int8_po2 | add_ln343_185_reg_28881_reg[1]                      | 5      | 1     | NO           | YES                | YES               | 1      | 0       | 
|graphsage_int8_po2 | prod_187_reg_27844_reg[4]                           | 3      | 1     | NO           | NO                 | YES               | 1      | 0       | 
|graphsage_int8_po2 | prod_188_reg_26922_reg[4]                           | 3      | 1     | NO           | NO                 | YES               | 1      | 0       | 
|graphsage_int8_po2 | add_ln343_187_reg_27874_reg[1]                      | 4      | 1     | NO           | YES                | YES               | 1      | 0       | 
|graphsage_int8_po2 | add_ln343_167_reg_27824_reg[4]                      | 4      | 1     | NO           | NO                 | YES               | 1      | 0       | 
|graphsage_int8_po2 | add_ln343_167_reg_27824_reg[3]                      | 4      | 3     | NO           | YES                | YES               | 3      | 0       | 
|graphsage_int8_po2 | add_ln343_169_reg_28865_pp0_iter13_reg_reg[12]      | 4      | 12    | NO           | YES                | YES               | 12     | 0       | 
|graphsage_int8_po2 | add_ln343_169_reg_28865_pp0_iter13_reg_reg[0]       | 5      | 1     | NO           | YES                | YES               | 1      | 0       | 
|graphsage_int8_po2 | add_ln343_160_reg_26872_pp0_iter9_reg_reg[3]        | 5      | 2     | NO           | YES                | YES               | 2      | 0       | 
|graphsage_int8_po2 | prod_163_reg_26837_reg[8]                           | 3      | 7     | NO           | NO                 | YES               | 7      | 0       | 
|graphsage_int8_po2 | add_ln343_161_reg_27814_reg[2]                      | 4      | 2     | NO           | NO                 | YES               | 2      | 0       | 
|graphsage_int8_po2 | add_ln343_166_reg_28860_pp0_iter13_reg_reg[11]      | 4      | 12    | NO           | YES                | YES               | 12     | 0       | 
|graphsage_int8_po2 | prod_172_reg_27809_reg[4]                           | 3      | 1     | NO           | NO                 | YES               | 1      | 0       | 
|graphsage_int8_po2 | prod_142_reg_26782_reg[9]                           | 3      | 3     | NO           | NO                 | YES               | 3      | 0       | 
|graphsage_int8_po2 | add_ln343_170_reg_27834_reg[4]                      | 4      | 1     | NO           | NO                 | YES               | 1      | 0       | 
|graphsage_int8_po2 | add_ln343_170_reg_27834_reg[3]                      | 4      | 3     | NO           | YES                | YES               | 3      | 0       | 
|graphsage_int8_po2 | prod_173_reg_26867_reg[4]                           | 3      | 1     | NO           | NO                 | YES               | 1      | 0       | 
|graphsage_int8_po2 | add_ln343_173_reg_28870_pp0_iter13_reg_reg[12]      | 4      | 11    | NO           | YES                | YES               | 11     | 0       | 
|graphsage_int8_po2 | add_ln343_173_reg_28870_pp0_iter13_reg_reg[1]       | 4      | 1     | NO           | NO                 | YES               | 1      | 0       | 
|graphsage_int8_po2 | prod_145_reg_25915_reg[7]                           | 3      | 5     | NO           | NO                 | YES               | 5      | 0       | 
|graphsage_int8_po2 | prod_144_reg_25910_reg[9]                           | 3      | 6     | NO           | NO                 | YES               | 6      | 0       | 
|graphsage_int8_po2 | prod_153_reg_26797_reg[4]                           | 3      | 1     | NO           | NO                 | YES               | 1      | 0       | 
|graphsage_int8_po2 | prod_152_reg_26792_reg[4]                           | 3      | 1     | NO           | NO                 | YES               | 1      | 0       | 
|graphsage_int8_po2 | prod_158_reg_26807_reg[2]                           | 3      | 3     | NO           | NO                 | YES               | 3      | 0       | 
|graphsage_int8_po2 | mul_4s_7ns_11_4_1_U45/din0_reg_reg[3]               | 4      | 4     | NO           | NO                 | YES               | 4      | 0       | 
|graphsage_int8_po2 | trunc_ln333_22_reg_25940_reg[4]                     | 3      | 1     | NO           | NO                 | YES               | 1      | 0       | 
|graphsage_int8_po2 | mul_4s_6s_10_4_1_U46/din0_reg_reg[3]                | 4      | 4     | NO           | NO                 | YES               | 4      | 0       | 
|graphsage_int8_po2 | prod_554_reg_31067_reg[1]                           | 3      | 1     | NO           | NO                 | YES               | 1      | 0       | 
|graphsage_int8_po2 | prod_552_reg_31057_reg[6]                           | 3      | 1     | NO           | NO                 | YES               | 1      | 0       | 
|graphsage_int8_po2 | add_ln343_561_reg_31194_reg[5]                      | 4      | 5     | NO           | YES                | YES               | 5      | 0       | 
|graphsage_int8_po2 | prod_506_reg_31279_reg[1]                           | 3      | 1     | NO           | NO                 | YES               | 1      | 0       | 
|graphsage_int8_po2 | prod_504_reg_31269_reg[6]                           | 3      | 1     | NO           | NO                 | YES               | 1      | 0       | 
|graphsage_int8_po2 | add_ln343_513_reg_31454_reg[5]                      | 4      | 5     | NO           | YES                | YES               | 5      | 0       | 
|graphsage_int8_po2 | prod_509_reg_31294_reg[4]                           | 3      | 4     | NO           | NO                 | YES               | 4      | 0       | 
|graphsage_int8_po2 | add_ln343_517_reg_31464_reg[0]                      | 4      | 1     | NO           | YES                | YES               | 1      | 0       | 
|graphsage_int8_po2 | prod_514_reg_31319_reg[1]                           | 3      | 1     | NO           | NO                 | YES               | 1      | 0       | 
|graphsage_int8_po2 | prod_512_reg_31309_reg[6]                           | 3      | 1     | NO           | NO                 | YES               | 1      | 0       | 
|graphsage_int8_po2 | add_ln343_521_reg_31474_reg[5]                      | 4      | 5     | NO           | YES                | YES               | 5      | 0       | 
|graphsage_int8_po2 | prod_517_reg_31334_reg[4]                           | 3      | 4     | NO           | NO                 | YES               | 4      | 0       | 
|graphsage_int8_po2 | add_ln343_525_reg_31484_reg[0]                      | 4      | 1     | NO           | YES                | YES               | 1      | 0       | 
|graphsage_int8_po2 | prod_557_reg_31082_reg[4]                           | 3      | 4     | NO           | NO                 | YES               | 4      | 0       | 
|graphsage_int8_po2 | add_ln343_565_reg_31204_reg[0]                      | 4      | 1     | NO           | YES                | YES               | 1      | 0       | 
|graphsage_int8_po2 | prod_525_reg_30782_reg[4]                           | 3      | 4     | NO           | NO                 | YES               | 4      | 0       | 
|graphsage_int8_po2 | add_ln343_533_reg_30960_reg[0]                      | 4      | 1     | NO           | YES                | YES               | 1      | 0       | 
|graphsage_int8_po2 | registered_output_5_reg_31214_pp0_iter24_reg_reg[7] | 3      | 8     | NO           | NO                 | NO                | 8      | 0       | 
|graphsage_int8_po2 | prod_562_reg_31419_reg[1]                           | 3      | 1     | NO           | NO                 | YES               | 1      | 0       | 
|graphsage_int8_po2 | prod_560_reg_31409_reg[6]                           | 3      | 1     | NO           | NO                 | YES               | 1      | 0       | 
|graphsage_int8_po2 | add_ln343_569_reg_31514_reg[5]                      | 4      | 5     | NO           | YES                | YES               | 5      | 0       | 
|graphsage_int8_po2 | prod_565_reg_31434_reg[4]                           | 3      | 4     | NO           | NO                 | YES               | 4      | 0       | 
|graphsage_int8_po2 | add_ln343_573_reg_31524_reg[0]                      | 4      | 1     | NO           | YES                | YES               | 1      | 0       | 
|graphsage_int8_po2 | prod_549_reg_31042_reg[4]                           | 3      | 4     | NO           | NO                 | YES               | 4      | 0       | 
|graphsage_int8_po2 | add_ln343_557_reg_31184_reg[0]                      | 4      | 1     | NO           | YES                | YES               | 1      | 0       | 
|graphsage_int8_po2 | prod_546_reg_31027_reg[1]                           | 3      | 1     | NO           | NO                 | YES               | 1      | 0       | 
|graphsage_int8_po2 | prod_544_reg_31017_reg[6]                           | 3      | 1     | NO           | NO                 | YES               | 1      | 0       | 
|graphsage_int8_po2 | add_ln343_553_reg_31174_reg[5]                      | 4      | 5     | NO           | YES                | YES               | 5      | 0       | 
|graphsage_int8_po2 | mul_7ns_8s_15_4_1_U530/din0_reg_reg[5]              | 3      | 7     | NO           | NO                 | YES               | 7      | 0       | 
|graphsage_int8_po2 | mul_7ns_8s_15_4_1_U531/din0_reg_reg[3]              | 3      | 7     | NO           | NO                 | YES               | 7      | 0       | 
|graphsage_int8_po2 | prod_541_reg_31374_reg[4]                           | 3      | 4     | NO           | NO                 | YES               | 4      | 0       | 
|graphsage_int8_po2 | add_ln343_549_reg_31504_reg[0]                      | 4      | 1     | NO           | YES                | YES               | 1      | 0       | 
|graphsage_int8_po2 | prod_538_reg_31359_reg[1]                           | 3      | 1     | NO           | NO                 | YES               | 1      | 0       | 
|graphsage_int8_po2 | prod_536_reg_31349_reg[6]                           | 3      | 1     | NO           | NO                 | YES               | 1      | 0       | 
|graphsage_int8_po2 | add_ln343_545_reg_31494_reg[5]                      | 4      | 5     | NO           | YES                | YES               | 5      | 0       | 
|graphsage_int8_po2 | prod_533_reg_30822_reg[4]                           | 3      | 4     | NO           | NO                 | YES               | 4      | 0       | 
|graphsage_int8_po2 | add_ln343_541_reg_30980_reg[0]                      | 4      | 1     | NO           | YES                | YES               | 1      | 0       | 
|graphsage_int8_po2 | registered_output_7_reg_31224_pp0_iter24_reg_reg[7] | 3      | 8     | NO           | NO                 | NO                | 8      | 0       | 
|graphsage_int8_po2 | prod_530_reg_30807_reg[1]                           | 3      | 1     | NO           | NO                 | YES               | 1      | 0       | 
|graphsage_int8_po2 | prod_528_reg_30797_reg[6]                           | 3      | 1     | NO           | NO                 | YES               | 1      | 0       | 
|graphsage_int8_po2 | add_ln343_537_reg_30970_reg[5]                      | 4      | 5     | NO           | YES                | YES               | 5      | 0       | 
|graphsage_int8_po2 | registered_output_6_reg_31219_pp0_iter24_reg_reg[7] | 3      | 8     | NO           | NO                 | NO                | 8      | 0       | 
|graphsage_int8_po2 | prod_522_reg_30767_reg[1]                           | 3      | 1     | NO           | NO                 | YES               | 1      | 0       | 
|graphsage_int8_po2 | prod_520_reg_30757_reg[6]                           | 3      | 1     | NO           | NO                 | YES               | 1      | 0       | 
|graphsage_int8_po2 | add_ln343_529_reg_30950_reg[5]                      | 4      | 5     | NO           | YES                | YES               | 5      | 0       | 
|graphsage_int8_po2 | registered_output_4_reg_31209_pp0_iter24_reg_reg[7] | 3      | 8     | NO           | NO                 | NO                | 8      | 0       | 
|graphsage_int8_po2 | prod_19_reg_27559_reg[7]                            | 3      | 7     | NO           | NO                 | YES               | 7      | 0       | 
|graphsage_int8_po2 | prod_18_reg_27554_reg[9]                            | 3      | 6     | NO           | NO                 | YES               | 6      | 0       | 
|graphsage_int8_po2 | prod_25_reg_27574_reg[4]                            | 3      | 1     | NO           | NO                 | YES               | 1      | 0       | 
|graphsage_int8_po2 | prod_27_reg_28480_reg[4]                            | 3      | 1     | NO           | NO                 | YES               | 1      | 0       | 
|graphsage_int8_po2 | prod_26_reg_28475_reg[4]                            | 3      | 1     | NO           | NO                 | YES               | 1      | 0       | 
|graphsage_int8_po2 | prod_32_reg_28490_reg[2]                            | 3      | 3     | NO           | NO                 | YES               | 3      | 0       | 
|graphsage_int8_po2 | add_ln343_39_reg_29520_reg[4]                       | 4      | 1     | NO           | NO                 | YES               | 1      | 0       | 
|graphsage_int8_po2 | add_ln343_39_reg_29520_reg[3]                       | 4      | 3     | NO           | YES                | YES               | 3      | 0       | 
|graphsage_int8_po2 | add_ln343_32_reg_28555_pp0_iter11_reg_reg[3]        | 5      | 2     | NO           | YES                | YES               | 2      | 0       | 
|graphsage_int8_po2 | prod_37_reg_28520_reg[8]                            | 3      | 7     | NO           | NO                 | YES               | 7      | 0       | 
|graphsage_int8_po2 | add_ln343_33_reg_29510_reg[2]                       | 4      | 2     | NO           | NO                 | YES               | 2      | 0       | 
|graphsage_int8_po2 | prod_40_reg_27604_reg[8]                            | 3      | 9     | NO           | NO                 | YES               | 9      | 0       | 
|graphsage_int8_po2 | prod_39_reg_27599_reg[8]                            | 3      | 8     | NO           | NO                 | YES               | 8      | 0       | 
|graphsage_int8_po2 | prod_46_reg_29505_reg[4]                            | 3      | 1     | NO           | NO                 | YES               | 1      | 0       | 
|graphsage_int8_po2 | prod_16_reg_28465_reg[9]                            | 3      | 3     | NO           | NO                 | YES               | 3      | 0       | 
|graphsage_int8_po2 | add_ln343_42_reg_29530_reg[4]                       | 4      | 1     | NO           | NO                 | YES               | 1      | 0       | 
|graphsage_int8_po2 | add_ln343_42_reg_29530_reg[3]                       | 4      | 3     | NO           | YES                | YES               | 3      | 0       | 
|graphsage_int8_po2 | prod_47_reg_28550_reg[4]                            | 3      | 1     | NO           | NO                 | YES               | 1      | 0       | 
|graphsage_int8_po2 | prod_56_reg_28580_reg[4]                            | 3      | 1     | NO           | NO                 | YES               | 1      | 0       | 
|graphsage_int8_po2 | add_ln343_55_reg_29550_reg[3]                       | 4      | 2     | NO           | YES                | YES               | 2      | 0       | 
|graphsage_int8_po2 | prod_17_reg_28470_reg[3]                            | 3      | 1     | NO           | NO                 | YES               | 1      | 0       | 
|graphsage_int8_po2 | add_ln343_57_reg_30058_reg[1]                       | 5      | 1     | NO           | YES                | YES               | 1      | 0       | 
|graphsage_int8_po2 | prod_51_reg_28575_reg[4]                            | 3      | 1     | NO           | NO                 | YES               | 1      | 0       | 
|graphsage_int8_po2 | prod_49_reg_27614_reg[8]                            | 3      | 5     | NO           | NO                 | YES               | 5      | 0       | 
|graphsage_int8_po2 | add_ln343_48_reg_28610_reg[2]                       | 4      | 2     | NO           | YES                | YES               | 2      | 0       | 
|graphsage_int8_po2 | prod_50_reg_28570_reg[4]                            | 3      | 1     | NO           | NO                 | YES               | 1      | 0       | 
|graphsage_int8_po2 | add_ln343_50_reg_29540_reg[0]                       | 5      | 1     | NO           | YES                | YES               | 1      | 0       | 
|graphsage_int8_po2 | prod_53_reg_27624_reg[3]                            | 3      | 1     | NO           | NO                 | YES               | 1      | 0       | 
|graphsage_int8_po2 | add_ln343_51_reg_28615_reg[1]                       | 3      | 1     | NO           | NO                 | YES               | 1      | 0       | 
|graphsage_int8_po2 | trunc_ln333_7_reg_27629_reg[3]                      | 3      | 1     | NO           | NO                 | YES               | 1      | 0       | 
|graphsage_int8_po2 | add_ln343_52_reg_28620_reg[1]                       | 4      | 2     | NO           | YES                | YES               | 2      | 0       | 
|graphsage_int8_po2 | prod_59_reg_28595_reg[7]                            | 3      | 7     | NO           | NO                 | YES               | 7      | 0       | 
|graphsage_int8_po2 | prod_62_reg_28605_reg[4]                            | 3      | 1     | NO           | NO                 | YES               | 1      | 0       | 
|graphsage_int8_po2 | add_ln343_59_reg_29565_reg[1]                       | 4      | 1     | NO           | YES                | YES               | 1      | 0       | 
|graphsage_int8_po2 | prod_11_reg_28425_reg[2]                            | 3      | 1     | NO           | NO                 | YES               | 1      | 0       | 
|graphsage_int8_po2 | prod_10_reg_28420_reg[4]                            | 3      | 1     | NO           | NO                 | YES               | 1      | 0       | 
|graphsage_int8_po2 | prod_1_reg_27524_reg[7]                             | 3      | 7     | NO           | NO                 | YES               | 7      | 0       | 
|graphsage_int8_po2 | trunc_ln333_reg_27519_reg[2]                        | 3      | 2     | NO           | NO                 | YES               | 2      | 0       | 
|graphsage_int8_po2 | add_ln343_1_reg_28450_reg[2]                        | 3      | 2     | NO           | NO                 | YES               | 2      | 0       | 
|graphsage_int8_po2 | prod_4_reg_28410_reg[4]                             | 3      | 1     | NO           | NO                 | YES               | 1      | 0       | 
|graphsage_int8_po2 | prod_7_reg_27544_reg[4]                             | 3      | 1     | NO           | NO                 | YES               | 1      | 0       | 
|graphsage_int8_po2 | prod_12_reg_28430_reg[4]                            | 3      | 1     | NO           | NO                 | YES               | 1      | 0       | 
|graphsage_int8_po2 | add_ln343_10_reg_29475_reg[1]                       | 4      | 1     | NO           | YES                | YES               | 1      | 0       | 
|graphsage_int8_po2 | add_ln343_11_reg_29480_reg[1]                       | 4      | 1     | NO           | YES                | YES               | 1      | 0       | 
|graphsage_int8_po2 | add_ln343_13_reg_30023_reg[0]                       | 5      | 1     | NO           | YES                | YES               | 1      | 0       | 
|graphsage_int8_po2 | trunc_ln333_4_reg_27584_reg[4]                      | 3      | 1     | NO           | NO                 | YES               | 1      | 0       | 
|graphsage_int8_po2 | mul_4s_7ns_11_4_1_U381/din0_reg_reg[2]              | 3      | 4     | NO           | NO                 | YES               | 4      | 0       | 
|graphsage_int8_po2 | mul_4s_8ns_12_4_1_U374/din0_reg_reg[1]              | 3      | 4     | NO           | NO                 | YES               | 4      | 0       | 
|graphsage_int8_po2 | mul_4s_8s_12_4_1_U382/din0_reg_reg[3]               | 3      | 4     | NO           | NO                 | YES               | 4      | 0       | 
|graphsage_int8_po2 | mul_4s_5s_9_4_1_U383/din0_reg_reg[2]                | 3      | 4     | NO           | NO                 | YES               | 4      | 0       | 
|graphsage_int8_po2 | mul_4s_7ns_11_4_1_U385/din0_reg_reg[3]              | 3      | 4     | NO           | NO                 | YES               | 4      | 0       | 
|graphsage_int8_po2 | prod_44_reg_28540_reg[1]                            | 3      | 1     | NO           | NO                 | YES               | 1      | 0       | 
|graphsage_int8_po2 | trunc_ln333_6_reg_28535_reg[0]                      | 3      | 1     | NO           | NO                 | YES               | 1      | 0       | 
|graphsage_int8_po2 | mul_4s_8ns_12_4_1_U384/din0_reg_reg[2]              | 3      | 4     | NO           | NO                 | YES               | 4      | 0       | 
|graphsage_int8_po2 | trunc_ln333_3_reg_28485_reg[2]                      | 3      | 2     | NO           | NO                 | YES               | 2      | 0       | 
|graphsage_int8_po2 | sext_ln338_37_reg_26695_reg[2]                      | 4      | 4     | NO           | NO                 | YES               | 4      | 0       | 
|graphsage_int8_po2 | trunc_ln333_8_reg_28600_reg[0]                      | 3      | 1     | NO           | NO                 | YES               | 1      | 0       | 
|graphsage_int8_po2 | trunc_ln43_3_reg_23021_pp0_iter4_reg_reg[2]         | 4      | 4     | NO           | NO                 | YES               | 4      | 0       | 
|graphsage_int8_po2 | mul_4s_7ns_11_4_1_U143/din0_reg_reg[3]              | 5      | 4     | NO           | NO                 | YES               | 4      | 0       | 
|graphsage_int8_po2 | tmp_2_reg_23008_pp0_iter4_reg_reg[2]                | 4      | 4     | NO           | NO                 | YES               | 4      | 0       | 
|graphsage_int8_po2 | trunc_ln43_2_reg_23015_pp0_iter4_reg_reg[1]         | 4      | 4     | NO           | NO                 | YES               | 4      | 0       | 
|graphsage_int8_po2 | add_ln343_152_reg_26827_reg[0]                      | 3      | 1     | NO           | NO                 | YES               | 1      | 0       | 
|graphsage_int8_po2 | prod_139_reg_26752_reg[3]                           | 3      | 3     | NO           | NO                 | YES               | 3      | 0       | 
|graphsage_int8_po2 | mul_4s_8ns_12_4_1_U288/din0_reg_reg[3]              | 6      | 4     | NO           | NO                 | YES               | 4      | 0       | 
|graphsage_int8_po2 | mul_4s_7ns_11_4_1_U144/din0_reg_reg[0]              | 5      | 4     | NO           | NO                 | YES               | 4      | 0       | 
|graphsage_int8_po2 | mul_4s_7s_11_4_1_U74/din0_reg_reg[2]                | 4      | 4     | NO           | NO                 | YES               | 4      | 0       | 
|graphsage_int8_po2 | tmp_3_reg_23113_pp0_iter4_reg_reg[2]                | 4      | 4     | NO           | NO                 | YES               | 4      | 0       | 
|graphsage_int8_po2 | mul_4s_7s_11_4_1_U65/din0_reg_reg[3]                | 4      | 4     | NO           | NO                 | YES               | 4      | 0       | 
|graphsage_int8_po2 | trunc_ln333_58_reg_25503_reg[4]                     | 3      | 1     | NO           | NO                 | YES               | 1      | 0       | 
|graphsage_int8_po2 | mul_4s_7ns_11_4_1_U461/din0_reg_reg[1]              | 3      | 4     | NO           | NO                 | YES               | 4      | 0       | 
|graphsage_int8_po2 | mul_4s_7ns_11_4_1_U480/din0_reg_reg[1]              | 3      | 4     | NO           | NO                 | YES               | 4      | 0       | 
|graphsage_int8_po2 | mul_4s_8ns_12_4_1_U483/din0_reg_reg[3]              | 3      | 4     | NO           | NO                 | YES               | 4      | 0       | 
|graphsage_int8_po2 | mul_4s_7ns_11_4_1_U451/din0_reg_reg[0]              | 3      | 4     | NO           | NO                 | YES               | 4      | 0       | 
|graphsage_int8_po2 | mul_4s_8s_12_4_1_U481/din0_reg_reg[1]               | 3      | 4     | NO           | NO                 | YES               | 4      | 0       | 
|graphsage_int8_po2 | trunc_ln333_71_reg_29418_reg[0]                     | 3      | 1     | NO           | NO                 | YES               | 1      | 0       | 
|graphsage_int8_po2 | mul_4s_7ns_11_4_1_U484/din0_reg_reg[0]              | 3      | 4     | NO           | NO                 | YES               | 4      | 0       | 
+-------------------+-----------------------------------------------------+--------+-------+--------------+--------------------+-------------------+--------+---------+

---------------------------------------------------------------------------------
Finished ROM, RAM, DSP, Shift Register and Retiming Reporting
---------------------------------------------------------------------------------
---------------------------------------------------------------------------------
Start Writing Synthesis Report
---------------------------------------------------------------------------------

DSP Final Report (the ' indicates corresponding REG is set)
+----------------------------------------------------------------+----------------------+--------+--------+--------+--------+--------+------+------+------+------+-------+------+------+
|Module Name                                                     | DSP Mapping          | A Size | B Size | C Size | D Size | P Size | AREG | BREG | CREG | DREG | ADREG | MREG | PREG | 
+----------------------------------------------------------------+----------------------+--------+--------+--------+--------+--------+------+------+------+------+-------+------+------+
|graphsage_int8_po2__GB6                                         | (C+((D'+A')'*B')')'  | 7      | 11     | 12     | 8      | 19     | 1    | 1    | 0    | 1    | 1     | 1    | 1    | 
|graphsage_int8_po2__GB6                                         | (C+((D'+A')'*B')')'  | 7      | 11     | 12     | 8      | 19     | 1    | 1    | 0    | 1    | 1     | 1    | 1    | 
|graphsage_int8_po2__GB6                                         | (C+((D'+A')'*B')')'  | 7      | 11     | 12     | 8      | 19     | 1    | 1    | 0    | 1    | 1     | 1    | 1    | 
|graphsage_int8_po2__GB6                                         | (C+((D'+A')'*B')')'  | 7      | 11     | 12     | 8      | 19     | 1    | 1    | 0    | 1    | 1     | 1    | 1    | 
|graphsage_int8_po2__GB6                                         | (C+((D'+A')'*B')')'  | 7      | 11     | 12     | 8      | 19     | 1    | 1    | 0    | 1    | 1     | 1    | 1    | 
|graphsage_int8_po2__GB6                                         | (C+((D'+A')'*B')')'  | 7      | 11     | 12     | 8      | 19     | 1    | 1    | 0    | 1    | 1     | 1    | 1    | 
|graphsage_int8_po2__GB6                                         | (C+((D'+A')'*B')')'  | 7      | 11     | 12     | 8      | 19     | 1    | 1    | 0    | 1    | 1     | 1    | 1    | 
|graphsage_int8_po2__GB6                                         | (C+((D'+A')'*B')')'  | 7      | 11     | 12     | 8      | 19     | 1    | 1    | 0    | 1    | 1     | 1    | 1    | 
|graphsage_int8_po2__GB6                                         | (C+((D'+A'')'*B')')' | 7      | 11     | 12     | 8      | 19     | 2    | 1    | 0    | 1    | 1     | 1    | 1    | 
|graphsage_int8_po2__GB6                                         | (C+((D'+A'')'*B')')' | 7      | 11     | 12     | 8      | 19     | 2    | 1    | 0    | 1    | 1     | 1    | 1    | 
|graphsage_int8_po2__GB6                                         | (C+((D'+A'')'*B')')' | 7      | 11     | 12     | 8      | 19     | 2    | 1    | 0    | 1    | 1     | 1    | 1    | 
|graphsage_int8_po2__GB6                                         | (C+((D'+A'')'*B')')' | 7      | 11     | 12     | 8      | 19     | 2    | 1    | 0    | 1    | 1     | 1    | 1    | 
|graphsage_int8_po2__GB6                                         | (C+((D'+A'')'*B')')' | 7      | 11     | 12     | 8      | 19     | 2    | 1    | 0    | 1    | 1     | 1    | 1    | 
|graphsage_int8_po2__GB6                                         | (C+((D'+A'')'*B')')' | 7      | 11     | 12     | 8      | 19     | 2    | 1    | 0    | 1    | 1     | 1    | 1    | 
|graphsage_int8_po2__GB6                                         | (C+((D'+A'')'*B')')' | 7      | 11     | 12     | 8      | 19     | 2    | 1    | 0    | 1    | 1     | 1    | 1    | 
|graphsage_int8_po2__GB6                                         | (C+((D'+A')'*B')')'  | 7      | 11     | 12     | 8      | 19     | 1    | 1    | 0    | 1    | 1     | 1    | 1    | 
|graphsage_int8_po2__GB4                                         | (C+((D'+A')'*B')')'  | 30     | 11     | 17     | 27     | 21     | 1    | 1    | 0    | 1    | 1     | 1    | 1    | 
|graphsage_int8_po2__GB5                                         | (C+((D'+A')'*B')')'  | 30     | 11     | 17     | 27     | 21     | 1    | 1    | 0    | 1    | 1     | 1    | 1    | 
|graphsage_int8_po2__GB0                                         | (C+((D'+A')'*B')')'  | 30     | 11     | 17     | 27     | 21     | 1    | 1    | 0    | 1    | 1     | 1    | 1    | 
|graphsage_int8_po2__GB5                                         | (C+((D'+A')'*B')')'  | 30     | 11     | 17     | 27     | 21     | 1    | 1    | 0    | 1    | 1     | 1    | 1    | 
|graphsage_int8_po2__GB4                                         | (C+((D'+A')'*B')')'  | 30     | 11     | 17     | 27     | 21     | 1    | 1    | 0    | 1    | 1     | 1    | 1    | 
|graphsage_int8_po2__GB4                                         | (C+((D'+A')'*B')')'  | 30     | 11     | 17     | 27     | 21     | 1    | 1    | 0    | 1    | 1     | 1    | 1    | 
|graphsage_int8_po2__GB4                                         | (C+((D'+A')'*B')')'  | 30     | 11     | 17     | 27     | 21     | 1    | 1    | 0    | 1    | 1     | 1    | 1    | 
|graphsage_int8_po2__GB4                                         | (C+((D'+A')'*B')')'  | 30     | 11     | 17     | 27     | 21     | 1    | 1    | 0    | 1    | 1     | 1    | 1    | 
|graphsage_int8_po2__GB4                                         | (C+((D'+A')'*B')')'  | 30     | 11     | 17     | 27     | 21     | 1    | 1    | 0    | 1    | 1     | 1    | 1    | 
|graphsage_int8_po2__GB4                                         | (C+((D'+A')'*B')')'  | 30     | 11     | 17     | 27     | 21     | 1    | 1    | 0    | 1    | 1     | 1    | 1    | 
|graphsage_int8_po2__GB4                                         | (C+((D'+A')'*B')')'  | 30     | 11     | 17     | 27     | 21     | 1    | 1    | 0    | 1    | 1     | 1    | 1    | 
|graphsage_int8_po2__GB4                                         | (C+((D'+A')'*B')')'  | 30     | 11     | 17     | 27     | 21     | 1    | 1    | 0    | 1    | 1     | 1    | 1    | 
|graphsage_int8_po2__GB4                                         | (C+((D'+A')'*B')')'  | 30     | 11     | 17     | 27     | 21     | 1    | 1    | 0    | 1    | 1     | 1    | 1    | 
|graphsage_int8_po2__GB4                                         | (C+((D'+A')'*B')')'  | 30     | 11     | 17     | 27     | 21     | 1    | 1    | 0    | 1    | 1     | 1    | 1    | 
|graphsage_int8_po2__GB4                                         | (C+((D'+A')'*B')')'  | 30     | 11     | 17     | 27     | 21     | 1    | 1    | 0    | 1    | 1     | 1    | 1    | 
|graphsage_int8_po2__GB4                                         | (C+((D'+A')'*B')')'  | 30     | 11     | 17     | 27     | 21     | 1    | 1    | 0    | 1    | 1     | 1    | 1    | 
|graphsage_int8_po2__GB4                                         | (C+((D'+A')'*B')')'  | 30     | 11     | 17     | 27     | 21     | 1    | 1    | 0    | 1    | 1     | 1    | 1    | 
|graphsage_int8_po2__GB5                                         | (C+((D'+A')'*B')')'  | 30     | 11     | 17     | 27     | 21     | 1    | 1    | 0    | 1    | 1     | 1    | 1    | 
|graphsage_int8_po2__GB0                                         | (C+((D'+A')'*B')')'  | 30     | 11     | 17     | 27     | 21     | 1    | 1    | 0    | 1    | 1     | 1    | 1    | 
|graphsage_int8_po2__GB5                                         | (C+((D'+A')'*B')')'  | 30     | 11     | 17     | 27     | 21     | 1    | 1    | 0    | 1    | 1     | 1    | 1    | 
|graphsage_int8_po2__GB4                                         | (C+((D'+A')'*B')')'  | 30     | 11     | 17     | 27     | 21     | 1    | 1    | 0    | 1    | 1     | 1    | 1    | 
|graphsage_int8_po2__GB4                                         | (C+((D'+A')'*B')')'  | 30     | 11     | 17     | 27     | 21     | 1    | 1    | 0    | 1    | 1     | 1    | 1    | 
|graphsage_int8_po2__GB4                                         | (C+((D'+A')'*B')')'  | 30     | 11     | 17     | 27     | 21     | 1    | 1    | 0    | 1    | 1     | 1    | 1    | 
|graphsage_int8_po2__GB4                                         | (C+((D'+A')'*B')')'  | 30     | 11     | 17     | 27     | 21     | 1    | 1    | 0    | 1    | 1     | 1    | 1    | 
|graphsage_int8_po2__GB4                                         | (C+((D'+A')'*B')')'  | 30     | 11     | 17     | 27     | 21     | 1    | 1    | 0    | 1    | 1     | 1    | 1    | 
|graphsage_int8_po2__GB4                                         | (C+((D'+A')'*B')')'  | 30     | 11     | 17     | 27     | 21     | 1    | 1    | 0    | 1    | 1     | 1    | 1    | 
|graphsage_int8_po2__GB4                                         | (C+((D'+A')'*B')')'  | 30     | 11     | 17     | 27     | 21     | 1    | 1    | 0    | 1    | 1     | 1    | 1    | 
|graphsage_int8_po2__GB4                                         | (C+((D'+A')'*B')')'  | 30     | 11     | 17     | 27     | 21     | 1    | 1    | 0    | 1    | 1     | 1    | 1    | 
|graphsage_int8_po2__GB4                                         | (C+((D'+A')'*B')')'  | 30     | 11     | 17     | 27     | 21     | 1    | 1    | 0    | 1    | 1     | 1    | 1    | 
|graphsage_int8_po2__GB4                                         | (C+((D'+A')'*B')')'  | 30     | 11     | 17     | 27     | 21     | 1    | 1    | 0    | 1    | 1     | 1    | 1    | 
|graphsage_int8_po2__GB4                                         | (C+((D'+A')'*B')')'  | 30     | 11     | 17     | 27     | 21     | 1    | 1    | 0    | 1    | 1     | 1    | 1    | 
|graphsage_int8_po2__GB4                                         | (C+((D'+A')'*B')')'  | 30     | 11     | 17     | 27     | 21     | 1    | 1    | 0    | 1    | 1     | 1    | 1    | 
|graphsage_int8_po2__GB4                                         | (C+((D'+A'')'*B')')' | 30     | 11     | 17     | 27     | 21     | 2    | 1    | 0    | 1    | 1     | 1    | 1    | 
|graphsage_int8_po2_ama_addmuladd_9s_8s_11ns_17ns_21_4_1_DSP48_0 | (C+((D'+A'')'*B')')' | 30     | 11     | 17     | 27     | 21     | 2    | 1    | 0    | 1    | 1     | 1    | 1    | 
|graphsage_int8_po2_ama_addmuladd_9s_8s_11ns_17ns_21_4_1_DSP48_0 | (C+((D'+A')'*B')')'  | 30     | 11     | 17     | 27     | 21     | 1    | 1    | 0    | 1    | 1     | 1    | 1    | 
|graphsage_int8_po2__GB5                                         | (C+((D'+A'')'*B')')' | 30     | 11     | 17     | 27     | 21     | 2    | 1    | 0    | 1    | 1     | 1    | 1    | 
|graphsage_int8_po2__GB4                                         | (C+((D'+A'')'*B')')' | 30     | 11     | 17     | 27     | 21     | 2    | 1    | 0    | 1    | 1     | 1    | 1    | 
|graphsage_int8_po2__GB4                                         | (C+((D'+A'')'*B')')' | 30     | 11     | 17     | 27     | 21     | 2    | 1    | 0    | 1    | 1     | 1    | 1    | 
|graphsage_int8_po2__GB4                                         | (C+((D'+A'')'*B')')' | 30     | 11     | 17     | 27     | 21     | 2    | 1    | 0    | 1    | 1     | 1    | 1    | 
|graphsage_int8_po2__GB4                                         | (C+((D'+A'')'*B')')' | 30     | 11     | 17     | 27     | 21     | 2    | 1    | 0    | 1    | 1     | 1    | 1    | 
|graphsage_int8_po2__GB4                                         | (C+((D'+A'')'*B')')' | 30     | 11     | 17     | 27     | 21     | 2    | 1    | 0    | 1    | 1     | 1    | 1    | 
|graphsage_int8_po2__GB4                                         | (C+((D'+A'')'*B')')' | 30     | 11     | 17     | 27     | 21     | 2    | 1    | 0    | 1    | 1     | 1    | 1    | 
|graphsage_int8_po2__GB4                                         | (C+((D'+A'')'*B')')' | 30     | 11     | 17     | 27     | 21     | 2    | 1    | 0    | 1    | 1     | 1    | 1    | 
|graphsage_int8_po2__GB4                                         | (C+((D'+A'')'*B')')' | 30     | 11     | 17     | 27     | 21     | 2    | 1    | 0    | 1    | 1     | 1    | 1    | 
|graphsage_int8_po2__GB4                                         | (C+((D'+A'')'*B')')' | 30     | 11     | 17     | 27     | 21     | 2    | 1    | 0    | 1    | 1     | 1    | 1    | 
|graphsage_int8_po2__GB4                                         | (C+((D'+A'')'*B')')' | 30     | 11     | 17     | 27     | 21     | 2    | 1    | 0    | 1    | 1     | 1    | 1    | 
|graphsage_int8_po2__GB4                                         | (C+((D'+A'')'*B')')' | 30     | 11     | 17     | 27     | 21     | 2    | 1    | 0    | 1    | 1     | 1    | 1    | 
|graphsage_int8_po2__GB4                                         | (C+((D'+A')'*B')')'  | 30     | 11     | 17     | 27     | 21     | 1    | 1    | 0    | 1    | 1     | 1    | 1    | 
|graphsage_int8_po2__GB4                                         | (C+((D'+A')'*B')')'  | 30     | 11     | 17     | 27     | 21     | 1    | 1    | 0    | 1    | 1     | 1    | 1    | 
|graphsage_int8_po2__GB5                                         | (C+((D'+A')'*B')')'  | 30     | 11     | 17     | 27     | 21     | 1    | 1    | 0    | 1    | 1     | 1    | 1    | 
|graphsage_int8_po2_ama_addmuladd_9s_8s_11ns_17ns_21_4_1_DSP48_0 | (C+((D'+A')'*B')')'  | 30     | 11     | 17     | 27     | 21     | 1    | 1    | 0    | 1    | 1     | 1    | 1    | 
|graphsage_int8_po2__GB5                                         | (C+((D'+A')'*B')')'  | 30     | 11     | 17     | 27     | 21     | 1    | 1    | 0    | 1    | 1     | 1    | 1    | 
|graphsage_int8_po2__GB4                                         | (C+((D'+A')'*B')')'  | 30     | 11     | 17     | 27     | 21     | 1    | 1    | 0    | 1    | 1     | 1    | 1    | 
|graphsage_int8_po2__GB4                                         | (C+((D'+A')'*B')')'  | 30     | 11     | 17     | 27     | 21     | 1    | 1    | 0    | 1    | 1     | 1    | 1    | 
|graphsage_int8_po2__GB4                                         | (C+((D'+A')'*B')')'  | 30     | 11     | 17     | 27     | 21     | 1    | 1    | 0    | 1    | 1     | 1    | 1    | 
|graphsage_int8_po2__GB4                                         | (C+((D'+A')'*B')')'  | 30     | 11     | 17     | 27     | 21     | 1    | 1    | 0    | 1    | 1     | 1    | 1    | 
|graphsage_int8_po2__GB4                                         | (C+((D'+A')'*B')')'  | 30     | 11     | 17     | 27     | 21     | 1    | 1    | 0    | 1    | 1     | 1    | 1    | 
|graphsage_int8_po2__GB4                                         | (C+((D'+A')'*B')')'  | 30     | 11     | 17     | 27     | 21     | 1    | 1    | 0    | 1    | 1     | 1    | 1    | 
|graphsage_int8_po2__GB4                                         | (C+((D'+A')'*B')')'  | 30     | 11     | 17     | 27     | 21     | 1    | 1    | 0    | 1    | 1     | 1    | 1    | 
|graphsage_int8_po2__GB4                                         | (C+((D'+A')'*B')')'  | 30     | 11     | 17     | 27     | 21     | 1    | 1    | 0    | 1    | 1     | 1    | 1    | 
|graphsage_int8_po2__GB4                                         | (C+((D'+A')'*B')')'  | 30     | 11     | 17     | 27     | 21     | 1    | 1    | 0    | 1    | 1     | 1    | 1    | 
|graphsage_int8_po2__GB4                                         | (C+((D'+A')'*B')')'  | 30     | 11     | 17     | 27     | 21     | 1    | 1    | 0    | 1    | 1     | 1    | 1    | 
|graphsage_int8_po2__GB4                                         | (C+((D'+A')'*B')')'  | 30     | 11     | 17     | 27     | 21     | 1    | 1    | 0    | 1    | 1     | 1    | 1    | 
|graphsage_int8_po2__GB4                                         | (C+((D'+A')'*B')')'  | 30     | 11     | 17     | 27     | 21     | 1    | 1    | 0    | 1    | 1     | 1    | 1    | 
+----------------------------------------------------------------+----------------------+--------+--------+--------+--------+--------+------+------+------+------+-------+------+------+


Report BlackBoxes: 
+-+--------------+----------+
| |BlackBox name |Instances |
+-+--------------+----------+
+-+--------------+----------+

Report Cell Usage: 
+------+----------------+------+
|      |Cell            |Count |
+------+----------------+------+
|1     |CARRY8          |  2161|
|2     |DSP_ALU         |    80|
|3     |DSP_A_B_DATA    |    80|
|5     |DSP_C_DATA      |    80|
|6     |DSP_MULTIPLIER  |    80|
|7     |DSP_M_DATA      |    80|
|8     |DSP_OUTPUT      |    80|
|9     |DSP_PREADD      |    80|
|10    |DSP_PREADD_DATA |    80|
|11    |LUT1            |  1149|
|12    |LUT2            |  8658|
|13    |LUT3            |  4178|
|14    |LUT4            |  2037|
|15    |LUT5            |   233|
|16    |LUT6            |   196|
|17    |SRL16E          |  1430|
|18    |FDRE            | 22316|
|19    |FDSE            |   112|
+------+----------------+------+
---------------------------------------------------------------------------------
Finished Writing Synthesis Report : Time (s): cpu = 00:01:19 ; elapsed = 00:06:23 . Memory (MB): peak = 4640.312 ; gain = 1560.195 ; free physical = 365857 ; free virtual = 434190
---------------------------------------------------------------------------------
Synthesis finished with 0 errors, 0 critical warnings and 0 warnings.
Synthesis Optimization Runtime : Time (s): cpu = 00:01:14 ; elapsed = 00:06:15 . Memory (MB): peak = 4640.312 ; gain = 1259.332 ; free physical = 376630 ; free virtual = 444964
Synthesis Optimization Complete : Time (s): cpu = 00:01:19 ; elapsed = 00:06:25 . Memory (MB): peak = 4640.312 ; gain = 1560.195 ; free physical = 376630 ; free virtual = 444956
INFO: [Project 1-571] Translating synthesized netlist
Netlist sorting complete. Time (s): cpu = 00:00:00.22 ; elapsed = 00:00:00.22 . Memory (MB): peak = 4640.312 ; gain = 0.000 ; free physical = 376630 ; free virtual = 444955
INFO: [Netlist 29-17] Analyzing 2241 Unisim elements for replacement
INFO: [Netlist 29-28] Unisim Transformation completed in 0 CPU seconds
INFO: [Project 1-570] Preparing netlist for logic optimization
Parsing XDC File [/mnt_pool/c3_users/user/pleguina/graphsage_vivado_2024_1_sweep/hls/graphsage_int8_po2_ooc.xdc]
CRITICAL WARNING: [Common 17-1548] Command failed: can't read "clock_period": no such variable
 [/mnt_pool/c3_users/user/pleguina/graphsage_vivado_2024_1_sweep/hls/graphsage_int8_po2_ooc.xdc:6]
INFO: [Vivado 12-4761] HD.CLK_SRC property is set on port ap_clk. The net connecting to the port drives either clock PIN or hierarchical black box. Use the create_clock constraint to create a clock on this port prior to setting HD.CLK_SRC.  [/mnt_pool/c3_users/user/pleguina/graphsage_vivado_2024_1_sweep/hls/graphsage_int8_po2_ooc.xdc:19]
CRITICAL WARNING: [Common 17-1548] Command failed: can't read "clock_period": no such variable
 [/mnt_pool/c3_users/user/pleguina/graphsage_vivado_2024_1_sweep/hls/graphsage_int8_po2_ooc.xdc:38]
CRITICAL WARNING: [Common 17-1548] Command failed: can't read "io_delay": no such variable
 [/mnt_pool/c3_users/user/pleguina/graphsage_vivado_2024_1_sweep/hls/graphsage_int8_po2_ooc.xdc:46]
CRITICAL WARNING: [Common 17-1548] Command failed: can't read "io_delay": no such variable
 [/mnt_pool/c3_users/user/pleguina/graphsage_vivado_2024_1_sweep/hls/graphsage_int8_po2_ooc.xdc:51]
Finished Parsing XDC File [/mnt_pool/c3_users/user/pleguina/graphsage_vivado_2024_1_sweep/hls/graphsage_int8_po2_ooc.xdc]
INFO: [Opt 31-138] Pushed 0 inverter(s) to 0 load pin(s).
Netlist sorting complete. Time (s): cpu = 00:00:00.01 ; elapsed = 00:00:00.01 . Memory (MB): peak = 4840.895 ; gain = 0.000 ; free physical = 376633 ; free virtual = 444959
INFO: [Project 1-111] Unisim Transformation Summary:
  A total of 80 instances were transformed.
  DSP48E2 => DSP48E2 (DSP_ALU, DSP_A_B_DATA, DSP_C_DATA, DSP_MULTIPLIER, DSP_M_DATA, DSP_OUTPUT, DSP_PREADD, DSP_PREADD_DATA): 80 instances

Synth Design complete | Checksum: 64405580
INFO: [Common 17-83] Releasing license: Synthesis
553 Infos, 0 Warnings, 8 Critical Warnings and 0 Errors encountered.
synth_design completed successfully
synth_design: Time (s): cpu = 00:01:32 ; elapsed = 00:08:34 . Memory (MB): peak = 4840.930 ; gain = 2676.461 ; free physical = 376632 ; free virtual = 444958
INFO: [Common 17-2834] synth_design peak Physical Memory [PSS] (MB): overall = 9711.630; main = 3547.480; forked = 7264.550
INFO: [Common 17-2834] synth_design peak Virtual Memory [VSS] (MB): overall = 24189.160; main = 4840.898; forked = 20203.566
# if {[llength [get_clocks -quiet ap_clk]] != 1} {
#     error "Expected exactly one ap_clk timing clock after synthesis"
# }
Expected exactly one ap_clk timing clock after synthesis
    while executing
"error "Expected exactly one ap_clk timing clock after synthesis""
    invoked from within
"if {[llength [get_clocks -quiet ap_clk]] != 1} {
    error "Expected exactly one ap_clk timing clock after synthesis"
}"
    (file "hls/build_vivado_graphsage_19c_const_checkpoint.tcl" line 38)
INFO: [Common 17-206] Exiting Vivado at Fri Aug 21 06:12:28 2026...
