CLOCK_SWEEP_VARIANT=clk300 PERIOD_NS=3.00

****** Vivado v2025.2 (64-bit)
  **** SW Build 6299465 on Fri Nov 14 12:34:56 MST 2025
  **** IP Build 6300035 on Fri Nov 14 10:48:45 MST 2025
  **** SharedData Build 6298862 on Thu Nov 13 04:50:51 MST 2025
  **** Start of session at: Thu Aug 27 16:06:04 2026
    ** Copyright 1986-2022 Xilinx, Inc. All Rights Reserved.
    ** Copyright 2022-2025 Advanced Micro Devices, Inc. All Rights Reserved.

source hls/run_vivado_int8_po2_strategy.tcl
# set script_dir [file dirname [file normalize [info script]]]
# set repo_root [file normalize [file join $script_dir ..]]
# set sweep_dir [file join $repo_root build vivado_sweep]
# foreach required_env {RUN_NAME PLACE_DIRECTIVE} {
#     if {![info exists ::env($required_env)] || $::env($required_env) eq ""} {
#         error "Missing required environment variable $required_env"
#     }
# }
# set run_name $::env(RUN_NAME)
# set place_directive $::env(PLACE_DIRECTIVE)
# set clock_period [expr {
#     [info exists ::env(CLOCK_PERIOD_NS)]
#         ? $::env(CLOCK_PERIOD_NS)
#         : 2.77
# }]
# set xdc_file [file join $script_dir graphsage_int8_po2_ooc.xdc]
# set input_checkpoint [expr {
#     [info exists ::env(INPUT_CHECKPOINT)]
#         ? [file normalize $::env(INPUT_CHECKPOINT)]
#         : [file join $sweep_dir baseline_post_synth.dcp]
# }]
# set route_directive [expr {
#     [info exists ::env(ROUTE_DIRECTIVE)]
#         ? $::env(ROUTE_DIRECTIVE)
#         : "Default"
# }]
# set screen_only [expr {
#     [info exists ::env(SCREEN_ONLY)]
#         ? $::env(SCREEN_ONLY)
#         : 1
# }]
# set use_tns_cleanup [expr {
#     [info exists ::env(USE_TNS_CLEANUP)]
#         ? $::env(USE_TNS_CLEANUP)
#         : 1
# }]
# set use_post_phys [expr {
#     [info exists ::env(USE_POST_PHYS)]
#         ? $::env(USE_POST_PHYS)
#         : 1
# }]
# set post_place_phys_directive [expr {
#     [info exists ::env(POST_PLACE_PHYS_DIRECTIVE)]
#         ? $::env(POST_PLACE_PHYS_DIRECTIVE)
#         : ""
# }]
# set use_retime [expr {
#     [info exists ::env(USE_RETIME)]
#         ? $::env(USE_RETIME)
#         : 0
# }]
# set output_dir [file join $sweep_dir $run_name]
# set reports_dir [file join $output_dir reports]
# set start_time [clock seconds]
# file mkdir $output_dir
# file mkdir $reports_dir
# set vivado_threads [expr {
#     [info exists ::env(SLURM_CPUS_PER_TASK)]
#         ? $::env(SLURM_CPUS_PER_TASK)
#         : 4
# }]
# set_param general.maxThreads $vivado_threads
# puts "============================================================"
============================================================
# puts "RUN_NAME=$run_name"
RUN_NAME=qat_dsp_V2A1_allcut_ssi_retime_route_clk300
# puts "INPUT_CHECKPOINT=$input_checkpoint"
INPUT_CHECKPOINT=/mnt_pool/c3_users/user/pleguina/graphsage_vivado_2024_1_sweep/build/vivado_sweep/qat_dsp_V2A1_allcut_post_synth.dcp
# puts "PLACE_DIRECTIVE=$place_directive"
PLACE_DIRECTIVE=SSI_SpreadLogic_high
# puts "ROUTE_DIRECTIVE=$route_directive"
ROUTE_DIRECTIVE=Default
# puts "SCREEN_ONLY=$screen_only"
SCREEN_ONLY=0
# puts "USE_TNS_CLEANUP=$use_tns_cleanup"
USE_TNS_CLEANUP=1
# puts "USE_POST_PHYS=$use_post_phys"
USE_POST_PHYS=1
# puts "POST_PLACE_PHYS_DIRECTIVE=$post_place_phys_directive"
POST_PLACE_PHYS_DIRECTIVE=
# puts "VIVADO_MAX_THREADS=$vivado_threads"
VIVADO_MAX_THREADS=32
# puts "============================================================"
============================================================
# proc timing_slack {delay_type} {
# 
#     set paths [
#         get_timing_paths \
#             -delay_type $delay_type \
#             -max_paths 1 \
#             -quiet
#     ]
# 
#     if {[llength $paths] == 0} {
#         return "NA"
#     }
# 
#     return [get_property SLACK [lindex $paths 0]]
# }
# proc report_internal_timing {reports_dir stage} {
#     set registers [all_registers]
# 
#     report_timing \
#         -from $registers \
#         -to $registers \
#         -delay_type max \
#         -max_paths 100 \
#         -path_type full_clock_expanded \
#         -file [file join $reports_dir timing_internal_setup_${stage}.rpt]
# 
#     report_timing \
#         -from $registers \
#         -to $registers \
#         -delay_type min \
#         -max_paths 100 \
#         -path_type full_clock_expanded \
#         -file [file join $reports_dir timing_internal_hold_${stage}.rpt]
# }
# proc write_metadata {
#     path
#     status
#     run_name
#     place_directive
#     route_directive
#     screen_only
#     use_tns_cleanup
#     use_post_phys
#     post_place_phys_directive
#     start_time
#     clock_period_ns
# } {
# 
#     set metadata [open $path w]
# 
#     puts $metadata "run_name=$run_name"
#     puts $metadata "place_directive=$place_directive"
#     puts $metadata "route_directive=$route_directive"
#     puts $metadata "screen_only=$screen_only"
#     puts $metadata "tns_cleanup=$use_tns_cleanup"
#     puts $metadata "postroute_physopt=$use_post_phys"
#     puts $metadata "post_place_phys_directive=$post_place_phys_directive"
# 
#     puts $metadata "clock_period_ns=$clock_period_ns"
# 
#     puts $metadata \
#         "post_stage_setup_wns_ns=[timing_slack max]"
# 
#     puts $metadata \
#         "post_stage_hold_wns_ns=[timing_slack min]"
# 
#     puts $metadata \
#         "runtime_seconds=[expr {[clock seconds] - $start_time}]"
# 
#     puts $metadata "status=$status"
# 
#     close $metadata
# }
# if {![file exists $input_checkpoint]} {
#     error "Missing input checkpoint: $input_checkpoint"
# }
# open_checkpoint $input_checkpoint
Command: open_checkpoint /mnt_pool/c3_users/user/pleguina/graphsage_vivado_2024_1_sweep/build/vivado_sweep/qat_dsp_V2A1_allcut_post_synth.dcp

Starting open_checkpoint Task

Time (s): cpu = 00:00:00.04 ; elapsed = 00:00:00.03 . Memory (MB): peak = 1480.723 ; gain = 0.000 ; free physical = 188748 ; free virtual = 250773
INFO: [Device 21-403] Loading part xcvu13p-fsga2577-1-e
Netlist sorting complete. Time (s): cpu = 00:00:05 ; elapsed = 00:00:05 . Memory (MB): peak = 3730.082 ; gain = 30.867 ; free physical = 179424 ; free virtual = 241908
INFO: [Netlist 29-17] Analyzing 49531 Unisim elements for replacement
INFO: [Netlist 29-28] Unisim Transformation completed in 2 CPU seconds
INFO: [Project 1-479] Netlist was created with Vivado 2025.2
INFO: [Project 1-570] Preparing netlist for logic optimization
Read ShapeDB Complete: Time (s): cpu = 00:00:02 ; elapsed = 00:00:02 . Memory (MB): peak = 4298.660 ; gain = 195.531 ; free physical = 173497 ; free virtual = 236001
INFO: [Timing 38-478] Restoring timing data from binary archive.
INFO: [Timing 38-479] Binary timing data restore complete.
INFO: [Project 1-856] Restoring constraints from binary archive.
INFO: [Project 1-853] Binary constraint restore complete.
Netlist sorting complete. Time (s): cpu = 00:00:00.13 ; elapsed = 00:00:00.13 . Memory (MB): peak = 6175.047 ; gain = 0.000 ; free physical = 167924 ; free virtual = 230507
INFO: [Project 1-111] Unisim Transformation Summary:
  A total of 432 instances were transformed.
  DSP48E2 => DSP48E2 (DSP_ALU, DSP_A_B_DATA, DSP_C_DATA, DSP_MULTIPLIER, DSP_M_DATA, DSP_OUTPUT, DSP_PREADD, DSP_PREADD_DATA): 432 instances

INFO: [Project 1-604] Checkpoint was created with Vivado v2025.2 (64-bit) build 6299465
open_checkpoint: Time (s): cpu = 00:01:59 ; elapsed = 00:01:53 . Memory (MB): peak = 6175.082 ; gain = 4694.359 ; free physical = 167924 ; free virtual = 230507
# if {[llength [get_clocks -quiet ap_clk]] == 0} {
#     puts "LOADING_MISSING_TIMING_CONSTRAINTS=$xdc_file"
#     read_xdc $xdc_file
# }
# if {[llength [get_clocks -quiet ap_clk]] != 1} {
#     error "Expected exactly one ap_clk timing clock after loading $input_checkpoint"
# }
# if {[info exists ::env(CLOCK_PERIOD_NS)]} {
#     puts "OVERRIDING_CLOCK_PERIOD_NS=$clock_period"
#     create_clock -name ap_clk -period $clock_period [get_ports ap_clk]
# }
OVERRIDING_CLOCK_PERIOD_NS=3.0
WARNING: [Constraints 18-619] A clock with name 'ap_clk' already exists, overwriting the previous clock with the same name.
# report_property \
#     [get_ports ap_clk] \
#     -file [
#         file join \
#             $reports_dir \
#             ap_clk_properties.rpt
#     ]
# opt_design -directive Explore
Command: opt_design -directive Explore
INFO: [Vivado_Tcl 4-136] Directive used for opt_design is: Explore
Attempting to get a license for feature 'Implementation' and/or device 'xcvu13p'
INFO: [Common 17-349] Got license for feature 'Implementation' and/or device 'xcvu13p'
INFO: [Common 17-1540] The version limit for your license is '2026.02' and has expired for new software. A version limit expiration means that, although you may be able to continue to use the current version of tools or IP with this license, you will not be eligible for new releases.
Running DRC as a precondition to command opt_design

Starting DRC Task
INFO: [DRC 23-27] Running DRC with 32 threads
WARNING: [DRC 23-814] Not all possible (connectivity based) DRCs may have been run because this design is seen as Out of Context.
INFO: [Project 1-461] DRC finished with 0 Errors
INFO: [Project 1-462] Please refer to the DRC report (report_drc) for more information.

Time (s): cpu = 00:00:13 ; elapsed = 00:00:03 . Memory (MB): peak = 6592.770 ; gain = 409.719 ; free physical = 166783 ; free virtual = 229368

Starting Logic Optimization Task

Phase 1 Initialization

Phase 1.1 Core Generation And Design Setup
Phase 1.1 Core Generation And Design Setup | Checksum: 156bacec0

Time (s): cpu = 00:00:00.68 ; elapsed = 00:00:00.69 . Memory (MB): peak = 6600.770 ; gain = 0.000 ; free physical = 166443 ; free virtual = 229027

Phase 1.2 Setup Constraints And Sort Netlist
Phase 1.2 Setup Constraints And Sort Netlist | Checksum: 156bacec0

Time (s): cpu = 00:00:00.95 ; elapsed = 00:00:00.96 . Memory (MB): peak = 6600.770 ; gain = 0.000 ; free physical = 166185 ; free virtual = 228769
Phase 1 Initialization | Checksum: 156bacec0

Time (s): cpu = 00:00:01 ; elapsed = 00:00:01 . Memory (MB): peak = 6600.770 ; gain = 0.000 ; free physical = 166174 ; free virtual = 228759

Phase 2 Timer Update And Timing Data Collection

Phase 2.1 Detect if minReqCache needed
Phase 2.1 Detect if minReqCache needed | Checksum: 156bacec0

Time (s): cpu = 00:00:03 ; elapsed = 00:00:03 . Memory (MB): peak = 6792.770 ; gain = 192.000 ; free physical = 165859 ; free virtual = 228444

Phase 2.2 Timer Update
Phase 2.2 Timer Update | Checksum: 156bacec0

Time (s): cpu = 00:00:16 ; elapsed = 00:00:07 . Memory (MB): peak = 6792.770 ; gain = 192.000 ; free physical = 165806 ; free virtual = 228393
Phase 2 Timer Update And Timing Data Collection | Checksum: 156bacec0

Time (s): cpu = 00:00:16 ; elapsed = 00:00:07 . Memory (MB): peak = 6792.770 ; gain = 192.000 ; free physical = 165806 ; free virtual = 228393

Phase 3 Retarget
INFO: [Opt 31-1851] Number of loadless carry chains removed were: 0
INFO: [Opt 31-1834] Total Chains To Be Transformed Were: 0 AND Number of Transformed insts Created are: 0
INFO: [Opt 31-138] Pushed 104 inverter(s) to 424 load pin(s).
INFO: [Opt 31-49] Retargeted 0 cell(s).
Phase 3 Retarget | Checksum: 14bcca2e8

Time (s): cpu = 00:00:29 ; elapsed = 00:00:20 . Memory (MB): peak = 7040.891 ; gain = 440.121 ; free physical = 165624 ; free virtual = 228212
Retarget | Checksum: 14bcca2e8
INFO: [Opt 31-389] Phase Retarget created 76 cells and removed 180 cells

Phase 4 Constant propagation
INFO: [Opt 31-138] Pushed 0 inverter(s) to 0 load pin(s).
Phase 4 Constant propagation | Checksum: 14537d243

Time (s): cpu = 00:00:35 ; elapsed = 00:00:26 . Memory (MB): peak = 7040.891 ; gain = 440.121 ; free physical = 165627 ; free virtual = 228214
Constant propagation | Checksum: 14537d243
INFO: [Opt 31-389] Phase Constant propagation created 104 cells and removed 106 cells

Phase 5 Sweep
INFO: [Constraints 18-11670] Building netlist checker database with flags, 0x8
Done building netlist checker database: Time (s): cpu = 00:00:00.2 ; elapsed = 00:00:00.2 . Memory (MB): peak = 7040.891 ; gain = 0.000 ; free physical = 165628 ; free virtual = 228215
INFO: [Constraints 18-11670] Building netlist checker database with flags, 0x8
Done building netlist checker database: Time (s): cpu = 00:00:00.16 ; elapsed = 00:00:00.17 . Memory (MB): peak = 7040.891 ; gain = 0.000 ; free physical = 165453 ; free virtual = 228115
Phase 5 Sweep | Checksum: 1247709e3

Time (s): cpu = 00:00:46 ; elapsed = 00:00:37 . Memory (MB): peak = 7040.891 ; gain = 440.121 ; free physical = 165382 ; free virtual = 228207
Sweep | Checksum: 1247709e3
INFO: [Opt 31-389] Phase Sweep created 0 cells and removed 52 cells

Phase 6 BUFG optimization
INFO: [Opt 31-1077] Phase BUFG optimization inserted 0 global clock buffer(s) for CLOCK_LOW_FANOUT.
Phase 6 BUFG optimization | Checksum: 1247709e3

Time (s): cpu = 00:00:50 ; elapsed = 00:00:41 . Memory (MB): peak = 7072.906 ; gain = 472.137 ; free physical = 165441 ; free virtual = 228053
BUFG optimization | Checksum: 1247709e3
INFO: [Opt 31-662] Phase BUFG optimization created 0 cells of which 0 are BUFGs and removed 0 cells.

Phase 7 Shift Register Optimization
INFO: [Opt 31-1064] SRL Remap converted 0 SRLs to 0 registers and converted 0 registers of register chains to 0 SRLs
Phase 7 Shift Register Optimization | Checksum: 1247709e3

Time (s): cpu = 00:00:50 ; elapsed = 00:00:42 . Memory (MB): peak = 7072.906 ; gain = 472.137 ; free physical = 165443 ; free virtual = 228055
Shift Register Optimization | Checksum: 1247709e3
INFO: [Opt 31-389] Phase Shift Register Optimization created 0 cells and removed 0 cells
INFO: [Opt 31-1555] control_set_opt supports Versal devices only, and device xcvu13p is unsupported

Phase 8 Post Processing Netlist
Phase 8 Post Processing Netlist | Checksum: 1247709e3

Time (s): cpu = 00:00:53 ; elapsed = 00:00:44 . Memory (MB): peak = 7072.906 ; gain = 472.137 ; free physical = 165445 ; free virtual = 228058
Post Processing Netlist | Checksum: 1247709e3
INFO: [Opt 31-389] Phase Post Processing Netlist created 0 cells and removed 0 cells

Phase 9 Finalization

Phase 9.1 Finalizing Design Cores and Updating Shapes
Phase 9.1 Finalizing Design Cores and Updating Shapes | Checksum: 197bf2352

Time (s): cpu = 00:01:34 ; elapsed = 00:01:21 . Memory (MB): peak = 7072.906 ; gain = 472.137 ; free physical = 166783 ; free virtual = 229425

Phase 9.2 Verifying Netlist Connectivity

Starting Connectivity Check Task

Time (s): cpu = 00:00:00.87 ; elapsed = 00:00:00.89 . Memory (MB): peak = 7072.906 ; gain = 0.000 ; free physical = 166759 ; free virtual = 229404
Phase 9.2 Verifying Netlist Connectivity | Checksum: 197bf2352

Time (s): cpu = 00:01:35 ; elapsed = 00:01:22 . Memory (MB): peak = 7072.906 ; gain = 472.137 ; free physical = 166759 ; free virtual = 229404
Phase 9 Finalization | Checksum: 197bf2352

Time (s): cpu = 00:01:35 ; elapsed = 00:01:22 . Memory (MB): peak = 7072.906 ; gain = 472.137 ; free physical = 166759 ; free virtual = 229404
Opt_design Change Summary
=========================


-------------------------------------------------------------------------------------------------------------------------
|  Phase                        |  #Cells created  |  #Cells Removed  |  #Constrained objects preventing optimizations  |
-------------------------------------------------------------------------------------------------------------------------
|  Retarget                     |              76  |             180  |                                              0  |
|  Constant propagation         |             104  |             106  |                                              0  |
|  Sweep                        |               0  |              52  |                                              0  |
|  BUFG optimization            |               0  |               0  |                                              0  |
|  Shift Register Optimization  |               0  |               0  |                                              0  |
|  Post Processing Netlist      |               0  |               0  |                                              0  |
-------------------------------------------------------------------------------------------------------------------------


Ending Logic Optimization Task | Checksum: 197bf2352

Time (s): cpu = 00:01:35 ; elapsed = 00:01:22 . Memory (MB): peak = 7072.906 ; gain = 472.137 ; free physical = 166759 ; free virtual = 229404
Netlist sorting complete. Time (s): cpu = 00:00:00.13 ; elapsed = 00:00:00.14 . Memory (MB): peak = 7072.906 ; gain = 0.000 ; free physical = 166760 ; free virtual = 229404
INFO: [Common 17-83] Releasing license: Implementation
23 Infos, 1 Warnings, 0 Critical Warnings and 0 Errors encountered.
opt_design completed successfully
opt_design: Time (s): cpu = 00:01:52 ; elapsed = 00:01:48 . Memory (MB): peak = 7072.906 ; gain = 897.824 ; free physical = 166761 ; free virtual = 229406
# if {[info exists ::env(PRE_PLACE_TCL)] && $::env(PRE_PLACE_TCL) ne ""} {
#     set pre_place_tcl [file normalize $::env(PRE_PLACE_TCL)]
#     if {![file exists $pre_place_tcl]} {
#         error "Missing PRE_PLACE_TCL hook: $pre_place_tcl"
#     }
#     puts "SOURCING_PRE_PLACE_TCL=$pre_place_tcl"
#     source $pre_place_tcl
# }
# write_checkpoint \
#     -force \
#     [
#         file join \
#             $output_dir \
#             post_opt.dcp
#     ]
INFO: [Timing 38-35] Done setting XDC timing constraints.
INFO: [Timing 38-480] Writing timing data to binary archive.
Write ShapeDB Complete: Time (s): cpu = 00:00:05 ; elapsed = 00:00:01 . Memory (MB): peak = 7072.906 ; gain = 0.000 ; free physical = 165706 ; free virtual = 229167
INFO: [Common 17-1381] The checkpoint '/mnt_pool/c3_users/user/pleguina/graphsage_vivado_2024_1_sweep/build/vivado_sweep/qat_dsp_V2A1_allcut_ssi_retime_route_clk300/post_opt.dcp' has been generated.
write_checkpoint: Time (s): cpu = 00:02:46 ; elapsed = 00:00:50 . Memory (MB): peak = 7072.906 ; gain = 0.000 ; free physical = 165499 ; free virtual = 228848
# puts "============================================================"
============================================================
# puts "STARTING_PLACEMENT=$place_directive"
STARTING_PLACEMENT=SSI_SpreadLogic_high
# puts "============================================================"
============================================================
# place_design \
#     -directive $place_directive \
#     -timing_summary
Command: place_design -directive SSI_SpreadLogic_high -timing_summary
Attempting to get a license for feature 'Implementation' and/or device 'xcvu13p'
INFO: [Common 17-349] Got license for feature 'Implementation' and/or device 'xcvu13p'
INFO: [Common 17-1540] The version limit for your license is '2026.02' and has expired for new software. A version limit expiration means that, although you may be able to continue to use the current version of tools or IP with this license, you will not be eligible for new releases.
INFO: [Common 17-83] Releasing license: Implementation
INFO: [DRC 23-27] Running DRC with 32 threads
WARNING: [DRC 23-814] Not all possible (connectivity based) DRCs may have been run because this design is seen as Out of Context.
INFO: [Vivado_Tcl 4-198] DRC finished with 0 Errors
INFO: [Vivado_Tcl 4-199] Please refer to the DRC report (report_drc) for more information.
INFO: [Vivado_Tcl 4-2302] The placer was invoked with the 'SSI_SpreadLogic_high' directive.
Running DRC as a precondition to command place_design
INFO: [DRC 23-27] Running DRC with 32 threads
WARNING: [DRC 23-814] Not all possible (connectivity based) DRCs may have been run because this design is seen as Out of Context.
INFO: [Vivado_Tcl 4-198] DRC finished with 0 Errors
INFO: [Vivado_Tcl 4-199] Please refer to the DRC report (report_drc) for more information.
INFO: [Place 30-611] Multithreading enabled for place_design using a maximum of 32 CPUs

Starting Placer Task

Phase 1 Placer Initialization

Phase 1.1 Placer Initialization Netlist Sorting
Netlist sorting complete. Time (s): cpu = 00:00:00.14 ; elapsed = 00:00:00.16 . Memory (MB): peak = 7107.008 ; gain = 0.000 ; free physical = 165245 ; free virtual = 228558
Phase 1.1 Placer Initialization Netlist Sorting | Checksum: af780353

Time (s): cpu = 00:00:00.25 ; elapsed = 00:00:00.27 . Memory (MB): peak = 7107.008 ; gain = 0.000 ; free physical = 165245 ; free virtual = 228556
Netlist sorting complete. Time (s): cpu = 00:00:00.13 ; elapsed = 00:00:00.13 . Memory (MB): peak = 7107.008 ; gain = 0.000 ; free physical = 165246 ; free virtual = 228556

Phase 1.2 IO Placement/ Clock Placement/ Build Placer Device
Phase 1.2 IO Placement/ Clock Placement/ Build Placer Device | Checksum: 907cf9a8

Time (s): cpu = 00:00:50 ; elapsed = 00:00:37 . Memory (MB): peak = 7328.320 ; gain = 221.312 ; free physical = 166794 ; free virtual = 229884

Phase 1.3 Build Placer Netlist Model
Phase 1.3 Build Placer Netlist Model | Checksum: 94da9d07

Time (s): cpu = 00:06:21 ; elapsed = 00:02:07 . Memory (MB): peak = 9707.496 ; gain = 2600.488 ; free physical = 157997 ; free virtual = 221089

Phase 1.4 Constrain Clocks/Macros
Phase 1.4 Constrain Clocks/Macros | Checksum: 94da9d07

Time (s): cpu = 00:06:21 ; elapsed = 00:02:07 . Memory (MB): peak = 9707.496 ; gain = 2600.488 ; free physical = 157994 ; free virtual = 221086
Phase 1 Placer Initialization | Checksum: 94da9d07

Time (s): cpu = 00:06:23 ; elapsed = 00:02:09 . Memory (MB): peak = 9707.496 ; gain = 2600.488 ; free physical = 157978 ; free virtual = 221070

Phase 2 Global Placement

Phase 2.1 Floorplanning

Phase 2.1.1 Partition Driven Placement

Phase 2.1.1.1 PBP: Partition Driven Placement
Phase 2.1.1.1 PBP: Partition Driven Placement | Checksum: 17c59c982

Time (s): cpu = 00:11:19 ; elapsed = 00:03:57 . Memory (MB): peak = 9979.629 ; gain = 2872.621 ; free physical = 152871 ; free virtual = 216566

Phase 2.1.1.2 PBP: Clock Region Placement
INFO: [Place 30-3164] Check ILP status : ILP-based clock placer is skipped.
Phase 2.1.1.2 PBP: Clock Region Placement | Checksum: 17c59c982

Time (s): cpu = 00:11:22 ; elapsed = 00:03:59 . Memory (MB): peak = 9979.629 ; gain = 2872.621 ; free physical = 152866 ; free virtual = 216562

Phase 2.1.1.3 PBP: Compute Congestion
Phase 2.1.1.3 PBP: Compute Congestion | Checksum: 17c59c982

Time (s): cpu = 00:12:28 ; elapsed = 00:04:16 . Memory (MB): peak = 10232.652 ; gain = 3125.645 ; free physical = 152654 ; free virtual = 216350

Phase 2.1.1.4 PBP: UpdateTiming
Phase 2.1.1.4 PBP: UpdateTiming | Checksum: 172784928

Time (s): cpu = 00:13:30 ; elapsed = 00:04:33 . Memory (MB): peak = 10424.746 ; gain = 3317.738 ; free physical = 151673 ; free virtual = 215368

Phase 2.1.1.5 PBP: Add part constraints
Phase 2.1.1.5 PBP: Add part constraints | Checksum: 172784928

Time (s): cpu = 00:13:33 ; elapsed = 00:04:36 . Memory (MB): peak = 10424.746 ; gain = 3317.738 ; free physical = 151674 ; free virtual = 215370
Phase 2.1.1 Partition Driven Placement | Checksum: 172784928

Time (s): cpu = 00:13:34 ; elapsed = 00:04:36 . Memory (MB): peak = 10424.746 ; gain = 3317.738 ; free physical = 151674 ; free virtual = 215370
Phase 2.1 Floorplanning | Checksum: 172784928

Time (s): cpu = 00:13:34 ; elapsed = 00:04:36 . Memory (MB): peak = 10424.746 ; gain = 3317.738 ; free physical = 151674 ; free virtual = 215370

Phase 2.2 Physical Synthesis After Floorplan
INFO: [Physopt 32-46] Identified 16 candidate nets for critical-cell optimization.
INFO: [Physopt 32-775] End 1 Pass. Optimized 0 net or cell. Created 0 new cell, deleted 0 existing cell and moved 0 existing cell
Netlist sorting complete. Time (s): cpu = 00:00:00.16 ; elapsed = 00:00:00.17 . Memory (MB): peak = 10424.746 ; gain = 0.000 ; free physical = 151675 ; free virtual = 215371

Summary of Physical Synthesis Optimizations
============================================


-----------------------------------------------------------------------------------------------------------------------------------------------
|  Optimization                         |  Added Cells  |  Removed Cells  |  Optimized Cells/Nets  |  Dont Touch  |  Iterations  |  Elapsed   |
-----------------------------------------------------------------------------------------------------------------------------------------------
|  PSIP Post Floorplan SLR Replication  |            0  |              0  |                     0  |           0  |           1  |  00:00:04  |
|  Total                                |            0  |              0  |                     0  |           0  |           1  |  00:00:04  |
-----------------------------------------------------------------------------------------------------------------------------------------------


Phase 2.2 Physical Synthesis After Floorplan | Checksum: 172784928

Time (s): cpu = 00:13:39 ; elapsed = 00:04:42 . Memory (MB): peak = 10424.746 ; gain = 3317.738 ; free physical = 151675 ; free virtual = 215371

Phase 2.3 Update Timing before SLR Path Opt
Phase 2.3 Update Timing before SLR Path Opt | Checksum: 172784928

Time (s): cpu = 00:13:40 ; elapsed = 00:04:42 . Memory (MB): peak = 10424.746 ; gain = 3317.738 ; free physical = 151675 ; free virtual = 215371

Phase 2.4 Post-Processing in Floorplanning
Phase 2.4 Post-Processing in Floorplanning | Checksum: 18fde863c

Time (s): cpu = 00:13:41 ; elapsed = 00:04:43 . Memory (MB): peak = 10424.746 ; gain = 3317.738 ; free physical = 151681 ; free virtual = 215377

Phase 2.5 Global Place Phase1
Phase 2.5 Global Place Phase1 | Checksum: 1815730a5

Time (s): cpu = 00:24:41 ; elapsed = 00:08:20 . Memory (MB): peak = 11523.551 ; gain = 4416.543 ; free physical = 149326 ; free virtual = 214161

Phase 2.6 Global Place Phase2

Phase 2.6.1 UpdateTiming Before Physical Synthesis
Phase 2.6.1 UpdateTiming Before Physical Synthesis | Checksum: 136369722

Time (s): cpu = 00:26:45 ; elapsed = 00:08:30 . Memory (MB): peak = 11523.551 ; gain = 4416.543 ; free physical = 149339 ; free virtual = 214174

Phase 2.6.2 Physical Synthesis In Placer
INFO: [Physopt 32-1035] Found 0 LUTNM shape to break, 6287 LUT instances to create LUTNM shape
INFO: [Physopt 32-1044] Break lutnm for timing: one critical 0, two critical 0, total 0, new lutff created 0
INFO: [Physopt 32-1138] End 1 Pass. Optimized 2896 nets or LUTs. Breaked 0 LUT, combined 2896 existing LUTs and moved 0 existing LUT
INFO: [Physopt 32-1030] Pass 1. Identified 205 candidate driver sets for equivalent driver rewiring.
INFO: [Physopt 32-661] Optimized 163 nets.  Re-placed 380 instances.
INFO: [Physopt 32-775] End 1 Pass. Optimized 163 nets or cells. Created 0 new cell, deleted 0 existing cell and moved 380 existing cells
Netlist sorting complete. Time (s): cpu = 00:00:02 ; elapsed = 00:00:02 . Memory (MB): peak = 11523.551 ; gain = 0.000 ; free physical = 149362 ; free virtual = 214197
INFO: [Physopt 32-65] No nets found for high-fanout optimization.
INFO: [Physopt 32-232] Optimized 0 net. Created 0 new instance.
INFO: [Physopt 32-775] End 1 Pass. Optimized 0 net or cell. Created 0 new cell, deleted 0 existing cell and moved 0 existing cell
INFO: [Physopt 32-46] Identified 3 candidate nets for critical-cell optimization.
INFO: [Physopt 32-232] Optimized 0 net. Created 0 new instance.
INFO: [Physopt 32-775] End 1 Pass. Optimized 0 net or cell. Created 0 new cell, deleted 0 existing cell and moved 0 existing cell
INFO: [Physopt 32-457] Pass 1. Identified 1 candidate cell for DSP register optimization.
INFO: [Physopt 32-665] Processed cell mul_13ns_11s_24_5_1_U15137/buff2_reg. 11 registers were pushed out.
INFO: [Physopt 32-775] End 2 Pass. Optimized 1 net or cell. Created 11 new cells, deleted 0 existing cell and moved 0 existing cell
Netlist sorting complete. Time (s): cpu = 00:00:01 ; elapsed = 00:00:01 . Memory (MB): peak = 11523.551 ; gain = 0.000 ; free physical = 149360 ; free virtual = 214195
INFO: [Physopt 32-1123] No candidate cells found for Shift Register to Pipeline optimization
INFO: [Physopt 32-775] End 2 Pass. Optimized 0 net or cell. Created 0 new cell, deleted 0 existing cell and moved 0 existing cell
INFO: [Physopt 32-1402] Pass 1: Identified 13 candidate cells for Shift Register optimization.
INFO: [Physopt 32-775] End 1 Pass. Optimized 11 nets or cells. Created 11 new cells, deleted 0 existing cell and moved 0 existing cell
Netlist sorting complete. Time (s): cpu = 00:00:00.36 ; elapsed = 00:00:00.36 . Memory (MB): peak = 11523.551 ; gain = 0.000 ; free physical = 149362 ; free virtual = 214197
INFO: [Physopt 32-526] No candidate cells for BRAM register optimization found in the design
INFO: [Physopt 32-775] End 1 Pass. Optimized 0 net or cell. Created 0 new cell, deleted 0 existing cell and moved 0 existing cell
INFO: [Physopt 32-846] No candidate cells for URAM register optimization found in the design
INFO: [Physopt 32-775] End 1 Pass. Optimized 0 net or cell. Created 0 new cell, deleted 0 existing cell and moved 0 existing cell
INFO: [Physopt 32-846] No candidate cells for URAM register optimization found in the design
INFO: [Physopt 32-775] End 1 Pass. Optimized 0 net or cell. Created 0 new cell, deleted 0 existing cell and moved 0 existing cell
INFO: [Physopt 32-949] No candidate nets found for dynamic/static region interface net replication
INFO: [Physopt 32-775] End 1 Pass. Optimized 0 net or cell. Created 0 new cell, deleted 0 existing cell and moved 0 existing cell
Netlist sorting complete. Time (s): cpu = 00:00:00.14 ; elapsed = 00:00:00.14 . Memory (MB): peak = 11523.551 ; gain = 0.000 ; free physical = 149343 ; free virtual = 214178

Summary of Physical Synthesis Optimizations
============================================


-----------------------------------------------------------------------------------------------------------------------------------------------------------
|  Optimization                                     |  Added Cells  |  Removed Cells  |  Optimized Cells/Nets  |  Dont Touch  |  Iterations  |  Elapsed   |
-----------------------------------------------------------------------------------------------------------------------------------------------------------
|  LUT Combining                                    |            0  |           2896  |                  2896  |           0  |           1  |  00:00:05  |
|  Retime                                           |            0  |              0  |                     0  |           0  |           1  |  00:00:00  |
|  Equivalent Driver Rewiring                       |            0  |              0  |                   163  |           0  |           1  |  00:00:08  |
|  Very High Fanout                                 |            0  |              0  |                     0  |           0  |           1  |  00:00:01  |
|  Critical Cell                                    |            0  |              0  |                     0  |           0  |           1  |  00:00:00  |
|  DSP Register                                     |           11  |              0  |                     1  |           0  |           1  |  00:00:01  |
|  Shift Register to Pipeline                       |            0  |              0  |                     0  |           0  |           1  |  00:00:00  |
|  Shift Register                                   |           11  |              0  |                    11  |           0  |           1  |  00:00:01  |
|  BRAM Register                                    |            0  |              0  |                     0  |           0  |           1  |  00:00:00  |
|  URAM Register                                    |            0  |              0  |                     0  |           0  |           1  |  00:00:01  |
|  Dynamic/Static Region Interface Net Replication  |            0  |              0  |                     0  |           0  |           1  |  00:00:00  |
|  Total                                            |           22  |           2896  |                  3071  |           0  |          11  |  00:00:16  |
-----------------------------------------------------------------------------------------------------------------------------------------------------------


Phase 2.6.2 Physical Synthesis In Placer | Checksum: 18a8c7e9d

Time (s): cpu = 00:28:35 ; elapsed = 00:09:08 . Memory (MB): peak = 11523.551 ; gain = 4416.543 ; free physical = 149339 ; free virtual = 214174
Phase 2.6 Global Place Phase2 | Checksum: 1b489fffb

Time (s): cpu = 00:31:34 ; elapsed = 00:09:58 . Memory (MB): peak = 11523.551 ; gain = 4416.543 ; free physical = 149358 ; free virtual = 214193
Phase 2 Global Placement | Checksum: 1b489fffb

Time (s): cpu = 00:31:34 ; elapsed = 00:09:58 . Memory (MB): peak = 11523.551 ; gain = 4416.543 ; free physical = 149358 ; free virtual = 214193

Phase 3 Detail Placement

Phase 3.1 Commit Multi Column Macros
Phase 3.1 Commit Multi Column Macros | Checksum: 19a2bc6ed

Time (s): cpu = 00:33:39 ; elapsed = 00:10:30 . Memory (MB): peak = 11523.551 ; gain = 4416.543 ; free physical = 149415 ; free virtual = 214251

Phase 3.2 Commit Most Macros & LUTRAMs
Phase 3.2 Commit Most Macros & LUTRAMs | Checksum: 17576b7ea

Time (s): cpu = 00:36:15 ; elapsed = 00:11:19 . Memory (MB): peak = 11523.551 ; gain = 4416.543 ; free physical = 162125 ; free virtual = 226899

Phase 3.3 Small Shape DP

Phase 3.3.1 Small Shape Clustering
Phase 3.3.1 Small Shape Clustering | Checksum: 177ec422d

Time (s): cpu = 00:41:36 ; elapsed = 00:12:24 . Memory (MB): peak = 11523.551 ; gain = 4416.543 ; free physical = 161647 ; free virtual = 226420

Phase 3.3.2 Slice Area Swap

Phase 3.3.2.1 Slice Area Swap Initial
Phase 3.3.2.1 Slice Area Swap Initial | Checksum: 1c906dfeb

Time (s): cpu = 00:41:58 ; elapsed = 00:12:34 . Memory (MB): peak = 11523.551 ; gain = 4416.543 ; free physical = 161566 ; free virtual = 226340
Phase 3.3.2 Slice Area Swap | Checksum: 19ceeafdb

Time (s): cpu = 00:42:10 ; elapsed = 00:12:43 . Memory (MB): peak = 11523.551 ; gain = 4416.543 ; free physical = 160550 ; free virtual = 225777
Phase 3.3 Small Shape DP | Checksum: 1dfe9fe97

Time (s): cpu = 00:43:02 ; elapsed = 00:12:59 . Memory (MB): peak = 11523.551 ; gain = 4416.543 ; free physical = 160553 ; free virtual = 225781

Phase 3.4 Re-assign LUT pins
Phase 3.4 Re-assign LUT pins | Checksum: 17d6985c0

Time (s): cpu = 00:43:29 ; elapsed = 00:13:23 . Memory (MB): peak = 11523.551 ; gain = 4416.543 ; free physical = 160259 ; free virtual = 225486

Phase 3.5 Pipeline Register Optimization
Phase 3.5 Pipeline Register Optimization | Checksum: 25c02eddc

Time (s): cpu = 00:43:42 ; elapsed = 00:13:32 . Memory (MB): peak = 11523.551 ; gain = 4416.543 ; free physical = 159914 ; free virtual = 225141

Phase 3.6 Fast Optimization
Phase 3.6 Fast Optimization | Checksum: 2dc096c5f

Time (s): cpu = 00:49:42 ; elapsed = 00:14:15 . Memory (MB): peak = 11523.551 ; gain = 4416.543 ; free physical = 159441 ; free virtual = 225001
Phase 3 Detail Placement | Checksum: 2dc096c5f

Time (s): cpu = 00:49:47 ; elapsed = 00:14:16 . Memory (MB): peak = 11523.551 ; gain = 4416.543 ; free physical = 159444 ; free virtual = 225003

Phase 4 Post Placement Optimization and Clean-Up

Phase 4.1 Post Commit Optimization
INFO: [Timing 38-35] Done setting XDC timing constraints.

Phase 4.1.1 Post Placement Optimization
Post Placement Optimization Initialization | Checksum: 18ec79c5e

Phase 4.1.1.1 BUFG Insertion

Starting Physical Synthesis Task

Phase 1 Physical Synthesis Initialization
INFO: [Physopt 32-721] Multithreading enabled for phys_opt_design using a maximum of 32 CPUs
INFO: [Physopt 32-619] Estimated Timing Summary | WNS=-0.073 | TNS=-0.616 |
Phase 1 Physical Synthesis Initialization | Checksum: f1decc66

Time (s): cpu = 00:00:50 ; elapsed = 00:00:04 . Memory (MB): peak = 11596.426 ; gain = 0.000 ; free physical = 158863 ; free virtual = 224229
INFO: [Place 46-56] BUFG insertion identified 0 candidate nets. Inserted BUFG: 0, Replicated BUFG Driver: 0, Skipped due to Placement/Routing Conflicts: 0, Skipped due to Timing Degradation: 0, Skipped due to netlist editing failed: 0.
Ending Physical Synthesis Task | Checksum: 1f63b6ef9

Time (s): cpu = 00:00:56 ; elapsed = 00:00:06 . Memory (MB): peak = 11596.426 ; gain = 0.000 ; free physical = 158864 ; free virtual = 224230
Phase 4.1.1.1 BUFG Insertion | Checksum: 18ec79c5e

Time (s): cpu = 00:58:59 ; elapsed = 00:15:35 . Memory (MB): peak = 11596.426 ; gain = 4489.418 ; free physical = 158865 ; free virtual = 224231

Phase 4.1.1.2 BUFG Replication
INFO: [Place 46-63] BUFG replication identified 0 candidate nets: Replicated nets: 0, Replicated BUFGs: 0, Replicated BUFG Driver: 0, moved BUFGs: 0, Skipped due to Placement / Routing Conflict: 0, Skipped due to Timing: 0, Skipped due to constraints: 0
Phase 4.1.1.2 BUFG Replication | Checksum: 18ec79c5e

Time (s): cpu = 00:59:04 ; elapsed = 00:15:36 . Memory (MB): peak = 11596.426 ; gain = 4489.418 ; free physical = 158867 ; free virtual = 224233

Phase 4.1.1.3 Post Placement Timing Optimization
Phase 4.1.1.3 Post Placement Timing Optimization | Checksum: 1fe8e9e77

Time (s): cpu = 01:04:09 ; elapsed = 00:20:17 . Memory (MB): peak = 11596.426 ; gain = 4489.418 ; free physical = 159624 ; free virtual = 225256

Phase 4.1.1.4 Replication
Phase 4.1.1.4 Replication | Checksum: 181b9eaa3

Time (s): cpu = 01:05:01 ; elapsed = 00:20:56 . Memory (MB): peak = 11596.426 ; gain = 4489.418 ; free physical = 159594 ; free virtual = 225228

Time (s): cpu = 01:05:01 ; elapsed = 00:20:56 . Memory (MB): peak = 11596.426 ; gain = 4489.418 ; free physical = 159594 ; free virtual = 225228
Phase 4.1 Post Commit Optimization | Checksum: 181b9eaa3

Time (s): cpu = 01:05:05 ; elapsed = 00:20:57 . Memory (MB): peak = 11596.426 ; gain = 4489.418 ; free physical = 159596 ; free virtual = 225230

Phase 4.2 Post Placement Cleanup
Phase 4.2 Post Placement Cleanup | Checksum: 181b9eaa3

Time (s): cpu = 01:06:52 ; elapsed = 00:21:54 . Memory (MB): peak = 12309.887 ; gain = 5202.879 ; free physical = 156700 ; free virtual = 222334

Phase 4.3 Placer Reporting

Phase 4.3.1 Dump Critical Paths 
Phase 4.3.1 Dump Critical Paths  | Checksum: 181b9eaa3

Time (s): cpu = 01:07:02 ; elapsed = 00:21:56 . Memory (MB): peak = 12309.887 ; gain = 5202.879 ; free physical = 156702 ; free virtual = 222336

Phase 4.3.2 Print Final WNS
INFO: [Place 30-100] Post Placement Timing Summary | WNS=0.209  | TNS=0.000  |

Phase 4.3.2 Print Final WNS | Checksum: 181b9eaa3

Time (s): cpu = 01:12:22 ; elapsed = 00:22:26 . Memory (MB): peak = 12309.887 ; gain = 5202.879 ; free physical = 155619 ; free virtual = 221971

Phase 4.3.3 Print Estimated Congestion
INFO: [Place 30-612] Post-Placement Estimated Congestion 
 ________________________________________________________________________
|           | Global Congestion | Long Congestion   | Short Congestion  |
| Direction | Region Size       | Region Size       | Region Size       |
|___________|___________________|___________________|___________________|
|      North|                1x1|                1x1|                2x2|
|___________|___________________|___________________|___________________|
|      South|                1x1|                1x1|                1x1|
|___________|___________________|___________________|___________________|
|       East|                1x1|                1x1|                1x1|
|___________|___________________|___________________|___________________|
|       West|                1x1|                8x8|                1x1|
|___________|___________________|___________________|___________________|

SLR0:
 ________________________________________________________________________
|           | Global Congestion | Long Congestion   | Short Congestion  |
| Direction | Region Size       | Region Size       | Region Size       |
|___________|___________________|___________________|___________________|
|      North|                1x1|                1x1|                1x1|
|___________|___________________|___________________|___________________|
|      South|                1x1|                1x1|                1x1|
|___________|___________________|___________________|___________________|
|       East|                1x1|                1x1|                1x1|
|___________|___________________|___________________|___________________|
|       West|                1x1|                1x1|                1x1|
|___________|___________________|___________________|___________________|

SLR1:
 ________________________________________________________________________
|           | Global Congestion | Long Congestion   | Short Congestion  |
| Direction | Region Size       | Region Size       | Region Size       |
|___________|___________________|___________________|___________________|
|      North|                1x1|                1x1|                2x2|
|___________|___________________|___________________|___________________|
|      South|                1x1|                1x1|                1x1|
|___________|___________________|___________________|___________________|
|       East|                1x1|                1x1|                1x1|
|___________|___________________|___________________|___________________|
|       West|                1x1|                1x1|                1x1|
|___________|___________________|___________________|___________________|

SLR2:
 ________________________________________________________________________
|           | Global Congestion | Long Congestion   | Short Congestion  |
| Direction | Region Size       | Region Size       | Region Size       |
|___________|___________________|___________________|___________________|
|      North|                1x1|                1x1|                1x1|
|___________|___________________|___________________|___________________|
|      South|                1x1|                1x1|                1x1|
|___________|___________________|___________________|___________________|
|       East|                1x1|                1x1|                1x1|
|___________|___________________|___________________|___________________|
|       West|                1x1|                8x8|                1x1|
|___________|___________________|___________________|___________________|

SLR3:
 ________________________________________________________________________
|           | Global Congestion | Long Congestion   | Short Congestion  |
| Direction | Region Size       | Region Size       | Region Size       |
|___________|___________________|___________________|___________________|
|      North|                1x1|                1x1|                1x1|
|___________|___________________|___________________|___________________|
|      South|                1x1|                1x1|                1x1|
|___________|___________________|___________________|___________________|
|       East|                1x1|                1x1|                1x1|
|___________|___________________|___________________|___________________|
|       West|                1x1|                1x1|                1x1|
|___________|___________________|___________________|___________________|

Phase 4.3.3 Print Estimated Congestion | Checksum: 213999369

Time (s): cpu = 01:12:51 ; elapsed = 00:22:29 . Memory (MB): peak = 12309.887 ; gain = 5202.879 ; free physical = 155596 ; free virtual = 221976
Phase 4.3 Placer Reporting | Checksum: 213999369

Time (s): cpu = 01:12:56 ; elapsed = 00:22:30 . Memory (MB): peak = 12309.887 ; gain = 5202.879 ; free physical = 155596 ; free virtual = 221976

Phase 4.4 Final Placement Cleanup
Netlist sorting complete. Time (s): cpu = 00:00:02 ; elapsed = 00:00:02 . Memory (MB): peak = 12309.887 ; gain = 0.000 ; free physical = 155594 ; free virtual = 221985

Time (s): cpu = 01:12:57 ; elapsed = 00:22:31 . Memory (MB): peak = 12309.887 ; gain = 5202.879 ; free physical = 155594 ; free virtual = 221985
Phase 4 Post Placement Optimization and Clean-Up | Checksum: 27658730e

Time (s): cpu = 01:13:02 ; elapsed = 00:22:32 . Memory (MB): peak = 12309.887 ; gain = 5202.879 ; free physical = 155517 ; free virtual = 221980
Ending Placer Task | Checksum: 1d0faa007

Time (s): cpu = 01:13:06 ; elapsed = 00:22:33 . Memory (MB): peak = 12309.887 ; gain = 5202.879 ; free physical = 155502 ; free virtual = 221969
48 Infos, 2 Warnings, 0 Critical Warnings and 0 Errors encountered.
place_design completed successfully
place_design: Time (s): cpu = 01:14:00 ; elapsed = 00:23:12 . Memory (MB): peak = 12309.887 ; gain = 5236.980 ; free physical = 155516 ; free virtual = 221984
# write_checkpoint \
#     -force \
#     [
#         file join \
#             $output_dir \
#             post_place.dcp
#     ]
INFO: [Timing 38-480] Writing timing data to binary archive.
Write ShapeDB Complete: Time (s): cpu = 00:00:07 ; elapsed = 00:00:02 . Memory (MB): peak = 12309.887 ; gain = 0.000 ; free physical = 155363 ; free virtual = 221996
Wrote PlaceDB: Time (s): cpu = 00:01:03 ; elapsed = 00:00:25 . Memory (MB): peak = 12309.887 ; gain = 0.000 ; free physical = 155345 ; free virtual = 221923
Wrote PulsedLatchDB: Time (s): cpu = 00:00:00 ; elapsed = 00:00:00 . Memory (MB): peak = 12309.887 ; gain = 0.000 ; free physical = 155360 ; free virtual = 221938
Writing XDEF routing.
Writing XDEF routing logical nets.
Writing XDEF routing special nets.
Wrote RouteStorage: Time (s): cpu = 00:00:00.06 ; elapsed = 00:00:00.07 . Memory (MB): peak = 12309.887 ; gain = 0.000 ; free physical = 155360 ; free virtual = 221938
Wrote Netlist Cache: Time (s): cpu = 00:00:00.77 ; elapsed = 00:00:00.82 . Memory (MB): peak = 12309.887 ; gain = 0.000 ; free physical = 155275 ; free virtual = 221936
Wrote Device Cache: Time (s): cpu = 00:00:00.01 ; elapsed = 00:00:00.01 . Memory (MB): peak = 12309.887 ; gain = 0.000 ; free physical = 155277 ; free virtual = 221940
Write Physdb Complete: Time (s): cpu = 00:01:05 ; elapsed = 00:00:30 . Memory (MB): peak = 12309.887 ; gain = 0.000 ; free physical = 155278 ; free virtual = 221942
INFO: [Common 17-1381] The checkpoint '/mnt_pool/c3_users/user/pleguina/graphsage_vivado_2024_1_sweep/build/vivado_sweep/qat_dsp_V2A1_allcut_ssi_retime_route_clk300/post_place.dcp' has been generated.
write_checkpoint: Time (s): cpu = 00:01:21 ; elapsed = 00:00:49 . Memory (MB): peak = 12309.887 ; gain = 0.000 ; free physical = 155674 ; free virtual = 221829
# report_timing_summary \
#     -delay_type min_max \
#     -max_paths 100 \
#     -file [
#         file join \
#             $reports_dir \
#             timing_post_place.rpt
#     ]
INFO: [Timing 38-91] UpdateTimingParams: Speed grade: -1, Temperature grade: E, Delay Type: min_max.
INFO: [Timing 38-191] Multithreading enabled for timing update using a maximum of 32 CPUs
report_timing_summary: Time (s): cpu = 00:02:20 ; elapsed = 00:00:25 . Memory (MB): peak = 12309.887 ; gain = 0.000 ; free physical = 155245 ; free virtual = 221554
# report_internal_timing $reports_dir post_place
CRITICAL WARNING: [Vivado 12-4439] The number of objects collected by the 'to' option of 'report_timing' is very large: 423847. This may lead to serious performance issues and out-of-memory conditions in handling the results.
Resolution: Further filtering of the command results, or narrowing the scope of the command is recommended.
CRITICAL WARNING: [Vivado 12-4439] The number of objects collected by the 'from' option of 'report_timing' is very large: 423847. This may lead to serious performance issues and out-of-memory conditions in handling the results.
Resolution: Further filtering of the command results, or narrowing the scope of the command is recommended.
INFO: [Timing 38-91] UpdateTimingParams: Speed grade: -1, Temperature grade: E, Delay Type: max.
INFO: [Timing 38-191] Multithreading enabled for timing update using a maximum of 32 CPUs
INFO: [Timing 38-78] ReportTimingParams: -from_pins  -to_pins  -max_paths 100 -nworst 1 -delay_type max -sort_by slack.
report_timing: Time (s): cpu = 00:00:47 ; elapsed = 00:00:06 . Memory (MB): peak = 12309.887 ; gain = 0.000 ; free physical = 155756 ; free virtual = 221658
CRITICAL WARNING: [Vivado 12-4439] The number of objects collected by the 'to' option of 'report_timing' is very large: 423847. This may lead to serious performance issues and out-of-memory conditions in handling the results.
Resolution: Further filtering of the command results, or narrowing the scope of the command is recommended.
CRITICAL WARNING: [Vivado 12-4439] The number of objects collected by the 'from' option of 'report_timing' is very large: 423847. This may lead to serious performance issues and out-of-memory conditions in handling the results.
Resolution: Further filtering of the command results, or narrowing the scope of the command is recommended.
INFO: [Timing 38-91] UpdateTimingParams: Speed grade: -1, Temperature grade: E, Delay Type: min.
INFO: [Timing 38-191] Multithreading enabled for timing update using a maximum of 32 CPUs
INFO: [Timing 38-78] ReportTimingParams: -from_pins  -to_pins  -max_paths 100 -nworst 1 -delay_type min -sort_by slack.
report_timing: Time (s): cpu = 00:01:37 ; elapsed = 00:00:11 . Memory (MB): peak = 12309.887 ; gain = 0.000 ; free physical = 155723 ; free virtual = 221699
# report_design_analysis \
#     -congestion \
#     -file [
#         file join \
#             $reports_dir \
#             congestion_post_place.rpt
#     ]
# report_utilization \
#     -slr \
#     -file [
#         file join \
#             $reports_dir \
#             utilization_slr_post_place.rpt
#     ]
report_utilization: Time (s): cpu = 00:00:28 ; elapsed = 00:00:29 . Memory (MB): peak = 12309.887 ; gain = 0.000 ; free physical = 151934 ; free virtual = 218123
# report_high_fanout_nets \
#     -file [
#         file join \
#             $reports_dir \
#             high_fanout_post_place.rpt
#     ]
report_high_fanout_nets: Time (s): cpu = 00:00:19 ; elapsed = 00:00:20 . Memory (MB): peak = 12309.887 ; gain = 0.000 ; free physical = 151299 ; free virtual = 217569
# if {$screen_only} {
# 
#     puts "============================================================"
#     puts "SCREEN_ONLY=1"
#     puts "STOPPING_AFTER_PLACEMENT"
#     puts "PLACEMENT_SCREEN_COMPLETE=$run_name"
#     puts "============================================================"
# 
#     write_metadata \
#         [file join $output_dir metadata.txt] \
#         "placement_complete" \
#         $run_name \
#         $place_directive \
#         $route_directive \
#         $screen_only \
#         $use_tns_cleanup \
#         $use_post_phys \
#         $post_place_phys_directive \
#         $start_time \
#         $clock_period
# 
#     exit 0
# }
# puts "============================================================"
============================================================
# puts "STARTING_POST_PLACE_PHYS_OPT=$post_place_phys_directive"
STARTING_POST_PLACE_PHYS_OPT=
# puts "============================================================"
============================================================
# if {$post_place_phys_directive eq ""} {
#     phys_opt_design
# } else {
#     phys_opt_design -directive $post_place_phys_directive
# }
Command: phys_opt_design
Attempting to get a license for feature 'Implementation' and/or device 'xcvu13p'
INFO: [Common 17-349] Got license for feature 'Implementation' and/or device 'xcvu13p'
INFO: [Common 17-1540] The version limit for your license is '2026.02' and has expired for new software. A version limit expiration means that, although you may be able to continue to use the current version of tools or IP with this license, you will not be eligible for new releases.

Starting Initial Update Timing Task

Time (s): cpu = 00:01:15 ; elapsed = 00:00:09 . Memory (MB): peak = 12309.887 ; gain = 0.000 ; free physical = 150572 ; free virtual = 217024
INFO: [Vivado_Tcl 4-2279] Estimated Timing Summary | WNS= 0.209 | TNS= 0.000 | 
INFO: [Vivado_Tcl 4-383] Design worst setup slack (WNS) is greater than or equal to 0.000 ns. All physical synthesis setup optimizations will be skipped.
INFO: [Vivado_Tcl 4-232] No setup violation found. The netlist was not modified.
INFO: [Common 17-83] Releasing license: Implementation
6 Infos, 0 Warnings, 0 Critical Warnings and 0 Errors encountered.
phys_opt_design completed successfully
phys_opt_design: Time (s): cpu = 00:01:24 ; elapsed = 00:00:39 . Memory (MB): peak = 12309.887 ; gain = 0.000 ; free physical = 150563 ; free virtual = 217015
# write_checkpoint \
#     -force \
#     [
#         file join \
#             $output_dir \
#             post_place_physopt.dcp
#     ]
INFO: [Timing 38-480] Writing timing data to binary archive.
Write ShapeDB Complete: Time (s): cpu = 00:00:07 ; elapsed = 00:00:02 . Memory (MB): peak = 12309.887 ; gain = 0.000 ; free physical = 150381 ; free virtual = 217011
Wrote PlaceDB: Time (s): cpu = 00:01:04 ; elapsed = 00:00:25 . Memory (MB): peak = 12309.887 ; gain = 0.000 ; free physical = 150471 ; free virtual = 217971
Wrote PulsedLatchDB: Time (s): cpu = 00:00:00 ; elapsed = 00:00:00 . Memory (MB): peak = 12309.887 ; gain = 0.000 ; free physical = 150483 ; free virtual = 217984
Writing XDEF routing.
Writing XDEF routing logical nets.
Writing XDEF routing special nets.
Wrote RouteStorage: Time (s): cpu = 00:00:00.02 ; elapsed = 00:00:00.04 . Memory (MB): peak = 12309.887 ; gain = 0.000 ; free physical = 150483 ; free virtual = 217985
Wrote Netlist Cache: Time (s): cpu = 00:00:00.78 ; elapsed = 00:00:00.85 . Memory (MB): peak = 12309.887 ; gain = 0.000 ; free physical = 150391 ; free virtual = 217979
Wrote Device Cache: Time (s): cpu = 00:00:00.02 ; elapsed = 00:00:00.02 . Memory (MB): peak = 12309.887 ; gain = 0.000 ; free physical = 150390 ; free virtual = 217981
Write Physdb Complete: Time (s): cpu = 00:01:05 ; elapsed = 00:00:29 . Memory (MB): peak = 12309.887 ; gain = 0.000 ; free physical = 150390 ; free virtual = 217982
INFO: [Common 17-1381] The checkpoint '/mnt_pool/c3_users/user/pleguina/graphsage_vivado_2024_1_sweep/build/vivado_sweep/qat_dsp_V2A1_allcut_ssi_retime_route_clk300/post_place_physopt.dcp' has been generated.
write_checkpoint: Time (s): cpu = 00:01:22 ; elapsed = 00:00:48 . Memory (MB): peak = 12309.887 ; gain = 0.000 ; free physical = 150773 ; free virtual = 217826
# report_timing_summary \
#     -delay_type min_max \
#     -max_paths 100 \
#     -file [
#         file join \
#             $reports_dir \
#             timing_post_place_physopt.rpt
#     ]
INFO: [Timing 38-91] UpdateTimingParams: Speed grade: -1, Temperature grade: E, Delay Type: min_max.
INFO: [Timing 38-191] Multithreading enabled for timing update using a maximum of 32 CPUs
report_timing_summary: Time (s): cpu = 00:02:20 ; elapsed = 00:00:25 . Memory (MB): peak = 12309.887 ; gain = 0.000 ; free physical = 150260 ; free virtual = 217373
# report_design_analysis \
#     -congestion \
#     -file [
#         file join \
#             $reports_dir \
#             congestion_post_place_physopt.rpt
#     ]
# report_utilization \
#     -slr \
#     -file [
#         file join \
#             $reports_dir \
#             utilization_slr_post_place_physopt.rpt
#     ]
report_utilization: Time (s): cpu = 00:00:29 ; elapsed = 00:00:29 . Memory (MB): peak = 12309.887 ; gain = 0.000 ; free physical = 149886 ; free virtual = 217038
# puts "============================================================"
============================================================
# puts "STARTING_ROUTING=$route_directive"
STARTING_ROUTING=Default
# puts "TNS_CLEANUP=$use_tns_cleanup"
TNS_CLEANUP=1
# puts "============================================================"
============================================================
# if {$use_tns_cleanup} {
# 
#     route_design \
#         -directive $route_directive \
#         -tns_cleanup
# 
# } else {
# 
#     route_design \
#         -directive $route_directive
# }
Command: route_design -directive Default -tns_cleanup
Attempting to get a license for feature 'Implementation' and/or device 'xcvu13p'
INFO: [Common 17-349] Got license for feature 'Implementation' and/or device 'xcvu13p'
INFO: [Common 17-1540] The version limit for your license is '2026.02' and has expired for new software. A version limit expiration means that, although you may be able to continue to use the current version of tools or IP with this license, you will not be eligible for new releases.


Starting Routing Task
INFO: [Route 35-270] Using Router directive 'Default'.
INFO: [Route 35-254] Multithreading enabled for route_design using a maximum of 32 CPUs

Phase 1 Build RT Design
Checksum: PlaceDB: b9828090 ConstDB: 0 ShapeSum: e2c690a0 RouteDB: 34b18ed7
Nodegraph reading from file.  Time (s): cpu = 00:00:01 ; elapsed = 00:00:02 . Memory (MB): peak = 12309.887 ; gain = 0.000 ; free physical = 149849 ; free virtual = 217005
WARNING: [Route 35-197] Clock port "ap_clk" does not have an associated HD.CLK_SRC. Without this constraint, timing analysis may not be accurate and upstream checks cannot be done to ensure correct clock placement.
WARNING: [Route 35-198] Port "input_6_11[4]" does not have an associated HD.PARTPIN_LOCS, which will prevent the partial routing of the signal "input_6_11[4]". Without this partial route, timing analysis to/from this port will not be accurate, and no routing information for this port can be exported.
WARNING: [Route 35-198] Port "input_6_11[7]" does not have an associated HD.PARTPIN_LOCS, which will prevent the partial routing of the signal "input_6_11[7]". Without this partial route, timing analysis to/from this port will not be accurate, and no routing information for this port can be exported.
WARNING: [Route 35-198] Port "input_6_15[4]" does not have an associated HD.PARTPIN_LOCS, which will prevent the partial routing of the signal "input_6_15[4]". Without this partial route, timing analysis to/from this port will not be accurate, and no routing information for this port can be exported.
WARNING: [Route 35-198] Port "input_6_12[7]" does not have an associated HD.PARTPIN_LOCS, which will prevent the partial routing of the signal "input_6_12[7]". Without this partial route, timing analysis to/from this port will not be accurate, and no routing information for this port can be exported.
WARNING: [Route 35-198] Port "input_6_12[5]" does not have an associated HD.PARTPIN_LOCS, which will prevent the partial routing of the signal "input_6_12[5]". Without this partial route, timing analysis to/from this port will not be accurate, and no routing information for this port can be exported.
WARNING: [Route 35-198] Port "input_6_12[4]" does not have an associated HD.PARTPIN_LOCS, which will prevent the partial routing of the signal "input_6_12[4]". Without this partial route, timing analysis to/from this port will not be accurate, and no routing information for this port can be exported.
WARNING: [Route 35-198] Port "input_6_12[3]" does not have an associated HD.PARTPIN_LOCS, which will prevent the partial routing of the signal "input_6_12[3]". Without this partial route, timing analysis to/from this port will not be accurate, and no routing information for this port can be exported.
WARNING: [Route 35-198] Port "input_6_12[2]" does not have an associated HD.PARTPIN_LOCS, which will prevent the partial routing of the signal "input_6_12[2]". Without this partial route, timing analysis to/from this port will not be accurate, and no routing information for this port can be exported.
WARNING: [Route 35-198] Port "input_6_13[6]" does not have an associated HD.PARTPIN_LOCS, which will prevent the partial routing of the signal "input_6_13[6]". Without this partial route, timing analysis to/from this port will not be accurate, and no routing information for this port can be exported.
WARNING: [Route 35-198] Port "input_6_11[5]" does not have an associated HD.PARTPIN_LOCS, which will prevent the partial routing of the signal "input_6_11[5]". Without this partial route, timing analysis to/from this port will not be accurate, and no routing information for this port can be exported.
WARNING: [Route 35-198] Port "input_6_11[0]" does not have an associated HD.PARTPIN_LOCS, which will prevent the partial routing of the signal "input_6_11[0]". Without this partial route, timing analysis to/from this port will not be accurate, and no routing information for this port can be exported.
WARNING: [Route 35-198] Port "input_6_8[7]" does not have an associated HD.PARTPIN_LOCS, which will prevent the partial routing of the signal "input_6_8[7]". Without this partial route, timing analysis to/from this port will not be accurate, and no routing information for this port can be exported.
WARNING: [Route 35-198] Port "input_6_8[5]" does not have an associated HD.PARTPIN_LOCS, which will prevent the partial routing of the signal "input_6_8[5]". Without this partial route, timing analysis to/from this port will not be accurate, and no routing information for this port can be exported.
WARNING: [Route 35-198] Port "input_6_8[3]" does not have an associated HD.PARTPIN_LOCS, which will prevent the partial routing of the signal "input_6_8[3]". Without this partial route, timing analysis to/from this port will not be accurate, and no routing information for this port can be exported.
WARNING: [Route 35-198] Port "input_6_8[0]" does not have an associated HD.PARTPIN_LOCS, which will prevent the partial routing of the signal "input_6_8[0]". Without this partial route, timing analysis to/from this port will not be accurate, and no routing information for this port can be exported.
WARNING: [Route 35-198] Port "input_6_6[4]" does not have an associated HD.PARTPIN_LOCS, which will prevent the partial routing of the signal "input_6_6[4]". Without this partial route, timing analysis to/from this port will not be accurate, and no routing information for this port can be exported.
WARNING: [Route 35-198] Port "input_6_12[6]" does not have an associated HD.PARTPIN_LOCS, which will prevent the partial routing of the signal "input_6_12[6]". Without this partial route, timing analysis to/from this port will not be accurate, and no routing information for this port can be exported.
WARNING: [Route 35-198] Port "input_6_12[1]" does not have an associated HD.PARTPIN_LOCS, which will prevent the partial routing of the signal "input_6_12[1]". Without this partial route, timing analysis to/from this port will not be accurate, and no routing information for this port can be exported.
WARNING: [Route 35-198] Port "input_6_7[6]" does not have an associated HD.PARTPIN_LOCS, which will prevent the partial routing of the signal "input_6_7[6]". Without this partial route, timing analysis to/from this port will not be accurate, and no routing information for this port can be exported.
WARNING: [Route 35-198] Port "input_6_8[6]" does not have an associated HD.PARTPIN_LOCS, which will prevent the partial routing of the signal "input_6_8[6]". Without this partial route, timing analysis to/from this port will not be accurate, and no routing information for this port can be exported.
WARNING: [Route 35-198] Port "input_6_15[7]" does not have an associated HD.PARTPIN_LOCS, which will prevent the partial routing of the signal "input_6_15[7]". Without this partial route, timing analysis to/from this port will not be accurate, and no routing information for this port can be exported.
WARNING: [Route 35-198] Port "input_6_15[6]" does not have an associated HD.PARTPIN_LOCS, which will prevent the partial routing of the signal "input_6_15[6]". Without this partial route, timing analysis to/from this port will not be accurate, and no routing information for this port can be exported.
WARNING: [Route 35-198] Port "input_6_15[5]" does not have an associated HD.PARTPIN_LOCS, which will prevent the partial routing of the signal "input_6_15[5]". Without this partial route, timing analysis to/from this port will not be accurate, and no routing information for this port can be exported.
WARNING: [Route 35-198] Port "input_6_15[3]" does not have an associated HD.PARTPIN_LOCS, which will prevent the partial routing of the signal "input_6_15[3]". Without this partial route, timing analysis to/from this port will not be accurate, and no routing information for this port can be exported.
WARNING: [Route 35-198] Port "input_6_11[1]" does not have an associated HD.PARTPIN_LOCS, which will prevent the partial routing of the signal "input_6_11[1]". Without this partial route, timing analysis to/from this port will not be accurate, and no routing information for this port can be exported.
WARNING: [Route 35-198] Port "input_6_8[2]" does not have an associated HD.PARTPIN_LOCS, which will prevent the partial routing of the signal "input_6_8[2]". Without this partial route, timing analysis to/from this port will not be accurate, and no routing information for this port can be exported.
WARNING: [Route 35-198] Port "input_6_1[7]" does not have an associated HD.PARTPIN_LOCS, which will prevent the partial routing of the signal "input_6_1[7]". Without this partial route, timing analysis to/from this port will not be accurate, and no routing information for this port can be exported.
WARNING: [Route 35-198] Port "input_6_12[0]" does not have an associated HD.PARTPIN_LOCS, which will prevent the partial routing of the signal "input_6_12[0]". Without this partial route, timing analysis to/from this port will not be accurate, and no routing information for this port can be exported.
WARNING: [Route 35-198] Port "input_6_7[3]" does not have an associated HD.PARTPIN_LOCS, which will prevent the partial routing of the signal "input_6_7[3]". Without this partial route, timing analysis to/from this port will not be accurate, and no routing information for this port can be exported.
WARNING: [Route 35-198] Port "input_6_2[7]" does not have an associated HD.PARTPIN_LOCS, which will prevent the partial routing of the signal "input_6_2[7]". Without this partial route, timing analysis to/from this port will not be accurate, and no routing information for this port can be exported.
WARNING: [Route 35-198] Port "input_6_2[6]" does not have an associated HD.PARTPIN_LOCS, which will prevent the partial routing of the signal "input_6_2[6]". Without this partial route, timing analysis to/from this port will not be accurate, and no routing information for this port can be exported.
WARNING: [Route 35-198] Port "input_6_13[3]" does not have an associated HD.PARTPIN_LOCS, which will prevent the partial routing of the signal "input_6_13[3]". Without this partial route, timing analysis to/from this port will not be accurate, and no routing information for this port can be exported.
WARNING: [Route 35-198] Port "input_6_13[2]" does not have an associated HD.PARTPIN_LOCS, which will prevent the partial routing of the signal "input_6_13[2]". Without this partial route, timing analysis to/from this port will not be accurate, and no routing information for this port can be exported.
WARNING: [Route 35-198] Port "input_6_13[0]" does not have an associated HD.PARTPIN_LOCS, which will prevent the partial routing of the signal "input_6_13[0]". Without this partial route, timing analysis to/from this port will not be accurate, and no routing information for this port can be exported.
WARNING: [Route 35-198] Port "input_6_4[4]" does not have an associated HD.PARTPIN_LOCS, which will prevent the partial routing of the signal "input_6_4[4]". Without this partial route, timing analysis to/from this port will not be accurate, and no routing information for this port can be exported.
WARNING: [Route 35-198] Port "input_6_14[7]" does not have an associated HD.PARTPIN_LOCS, which will prevent the partial routing of the signal "input_6_14[7]". Without this partial route, timing analysis to/from this port will not be accurate, and no routing information for this port can be exported.
WARNING: [Route 35-198] Port "input_6_14[6]" does not have an associated HD.PARTPIN_LOCS, which will prevent the partial routing of the signal "input_6_14[6]". Without this partial route, timing analysis to/from this port will not be accurate, and no routing information for this port can be exported.
WARNING: [Route 35-198] Port "input_6_14[5]" does not have an associated HD.PARTPIN_LOCS, which will prevent the partial routing of the signal "input_6_14[5]". Without this partial route, timing analysis to/from this port will not be accurate, and no routing information for this port can be exported.
WARNING: [Route 35-198] Port "input_6_14[4]" does not have an associated HD.PARTPIN_LOCS, which will prevent the partial routing of the signal "input_6_14[4]". Without this partial route, timing analysis to/from this port will not be accurate, and no routing information for this port can be exported.
WARNING: [Route 35-198] Port "input_6_14[3]" does not have an associated HD.PARTPIN_LOCS, which will prevent the partial routing of the signal "input_6_14[3]". Without this partial route, timing analysis to/from this port will not be accurate, and no routing information for this port can be exported.
WARNING: [Route 35-198] Port "input_6_14[2]" does not have an associated HD.PARTPIN_LOCS, which will prevent the partial routing of the signal "input_6_14[2]". Without this partial route, timing analysis to/from this port will not be accurate, and no routing information for this port can be exported.
WARNING: [Route 35-198] Port "input_6_14[1]" does not have an associated HD.PARTPIN_LOCS, which will prevent the partial routing of the signal "input_6_14[1]". Without this partial route, timing analysis to/from this port will not be accurate, and no routing information for this port can be exported.
WARNING: [Route 35-198] Port "input_6_14[0]" does not have an associated HD.PARTPIN_LOCS, which will prevent the partial routing of the signal "input_6_14[0]". Without this partial route, timing analysis to/from this port will not be accurate, and no routing information for this port can be exported.
WARNING: [Route 35-198] Port "input_6_10[7]" does not have an associated HD.PARTPIN_LOCS, which will prevent the partial routing of the signal "input_6_10[7]". Without this partial route, timing analysis to/from this port will not be accurate, and no routing information for this port can be exported.
WARNING: [Route 35-198] Port "input_6_10[6]" does not have an associated HD.PARTPIN_LOCS, which will prevent the partial routing of the signal "input_6_10[6]". Without this partial route, timing analysis to/from this port will not be accurate, and no routing information for this port can be exported.
WARNING: [Route 35-198] Port "input_6_10[5]" does not have an associated HD.PARTPIN_LOCS, which will prevent the partial routing of the signal "input_6_10[5]". Without this partial route, timing analysis to/from this port will not be accurate, and no routing information for this port can be exported.
WARNING: [Route 35-198] Port "input_6_10[4]" does not have an associated HD.PARTPIN_LOCS, which will prevent the partial routing of the signal "input_6_10[4]". Without this partial route, timing analysis to/from this port will not be accurate, and no routing information for this port can be exported.
WARNING: [Route 35-198] Port "input_6_10[3]" does not have an associated HD.PARTPIN_LOCS, which will prevent the partial routing of the signal "input_6_10[3]". Without this partial route, timing analysis to/from this port will not be accurate, and no routing information for this port can be exported.
WARNING: [Route 35-198] Port "input_6_10[2]" does not have an associated HD.PARTPIN_LOCS, which will prevent the partial routing of the signal "input_6_10[2]". Without this partial route, timing analysis to/from this port will not be accurate, and no routing information for this port can be exported.
WARNING: [Route 35-198] Port "input_6_10[1]" does not have an associated HD.PARTPIN_LOCS, which will prevent the partial routing of the signal "input_6_10[1]". Without this partial route, timing analysis to/from this port will not be accurate, and no routing information for this port can be exported.
WARNING: [Route 35-198] Port "input_6_10[0]" does not have an associated HD.PARTPIN_LOCS, which will prevent the partial routing of the signal "input_6_10[0]". Without this partial route, timing analysis to/from this port will not be accurate, and no routing information for this port can be exported.
WARNING: [Route 35-198] Port "input_6_4[7]" does not have an associated HD.PARTPIN_LOCS, which will prevent the partial routing of the signal "input_6_4[7]". Without this partial route, timing analysis to/from this port will not be accurate, and no routing information for this port can be exported.
WARNING: [Route 35-198] Port "input_6_4[6]" does not have an associated HD.PARTPIN_LOCS, which will prevent the partial routing of the signal "input_6_4[6]". Without this partial route, timing analysis to/from this port will not be accurate, and no routing information for this port can be exported.
WARNING: [Route 35-198] Port "input_6_4[5]" does not have an associated HD.PARTPIN_LOCS, which will prevent the partial routing of the signal "input_6_4[5]". Without this partial route, timing analysis to/from this port will not be accurate, and no routing information for this port can be exported.
WARNING: [Route 35-198] Port "input_6_4[2]" does not have an associated HD.PARTPIN_LOCS, which will prevent the partial routing of the signal "input_6_4[2]". Without this partial route, timing analysis to/from this port will not be accurate, and no routing information for this port can be exported.
WARNING: [Route 35-198] Port "input_6_5[6]" does not have an associated HD.PARTPIN_LOCS, which will prevent the partial routing of the signal "input_6_5[6]". Without this partial route, timing analysis to/from this port will not be accurate, and no routing information for this port can be exported.
WARNING: [Route 35-198] Port "input_3_12[4]" does not have an associated HD.PARTPIN_LOCS, which will prevent the partial routing of the signal "input_3_12[4]". Without this partial route, timing analysis to/from this port will not be accurate, and no routing information for this port can be exported.
WARNING: [Route 35-198] Port "input_6_8[4]" does not have an associated HD.PARTPIN_LOCS, which will prevent the partial routing of the signal "input_6_8[4]". Without this partial route, timing analysis to/from this port will not be accurate, and no routing information for this port can be exported.
WARNING: [Route 35-198] Port "input_6_8[1]" does not have an associated HD.PARTPIN_LOCS, which will prevent the partial routing of the signal "input_6_8[1]". Without this partial route, timing analysis to/from this port will not be accurate, and no routing information for this port can be exported.
WARNING: [Route 35-198] Port "input_6_6[7]" does not have an associated HD.PARTPIN_LOCS, which will prevent the partial routing of the signal "input_6_6[7]". Without this partial route, timing analysis to/from this port will not be accurate, and no routing information for this port can be exported.
WARNING: [Route 35-198] Port "input_6_6[2]" does not have an associated HD.PARTPIN_LOCS, which will prevent the partial routing of the signal "input_6_6[2]". Without this partial route, timing analysis to/from this port will not be accurate, and no routing information for this port can be exported.
WARNING: [Route 35-198] Port "input_6_0[6]" does not have an associated HD.PARTPIN_LOCS, which will prevent the partial routing of the signal "input_6_0[6]". Without this partial route, timing analysis to/from this port will not be accurate, and no routing information for this port can be exported.
WARNING: [Route 35-198] Port "input_6_1[0]" does not have an associated HD.PARTPIN_LOCS, which will prevent the partial routing of the signal "input_6_1[0]". Without this partial route, timing analysis to/from this port will not be accurate, and no routing information for this port can be exported.
WARNING: [Route 35-198] Port "input_6_7[7]" does not have an associated HD.PARTPIN_LOCS, which will prevent the partial routing of the signal "input_6_7[7]". Without this partial route, timing analysis to/from this port will not be accurate, and no routing information for this port can be exported.
WARNING: [Route 35-198] Port "input_6_9[7]" does not have an associated HD.PARTPIN_LOCS, which will prevent the partial routing of the signal "input_6_9[7]". Without this partial route, timing analysis to/from this port will not be accurate, and no routing information for this port can be exported.
WARNING: [Route 35-198] Port "input_6_9[6]" does not have an associated HD.PARTPIN_LOCS, which will prevent the partial routing of the signal "input_6_9[6]". Without this partial route, timing analysis to/from this port will not be accurate, and no routing information for this port can be exported.
WARNING: [Route 35-198] Port "input_6_9[0]" does not have an associated HD.PARTPIN_LOCS, which will prevent the partial routing of the signal "input_6_9[0]". Without this partial route, timing analysis to/from this port will not be accurate, and no routing information for this port can be exported.
WARNING: [Route 35-198] Port "input_6_5[5]" does not have an associated HD.PARTPIN_LOCS, which will prevent the partial routing of the signal "input_6_5[5]". Without this partial route, timing analysis to/from this port will not be accurate, and no routing information for this port can be exported.
WARNING: [Route 35-198] Port "input_6_15[0]" does not have an associated HD.PARTPIN_LOCS, which will prevent the partial routing of the signal "input_6_15[0]". Without this partial route, timing analysis to/from this port will not be accurate, and no routing information for this port can be exported.
WARNING: [Route 35-198] Port "input_6_7[5]" does not have an associated HD.PARTPIN_LOCS, which will prevent the partial routing of the signal "input_6_7[5]". Without this partial route, timing analysis to/from this port will not be accurate, and no routing information for this port can be exported.
WARNING: [Route 35-198] Port "input_6_3[7]" does not have an associated HD.PARTPIN_LOCS, which will prevent the partial routing of the signal "input_6_3[7]". Without this partial route, timing analysis to/from this port will not be accurate, and no routing information for this port can be exported.
WARNING: [Route 35-198] Port "input_6_3[4]" does not have an associated HD.PARTPIN_LOCS, which will prevent the partial routing of the signal "input_6_3[4]". Without this partial route, timing analysis to/from this port will not be accurate, and no routing information for this port can be exported.
WARNING: [Route 35-198] Port "input_6_13[7]" does not have an associated HD.PARTPIN_LOCS, which will prevent the partial routing of the signal "input_6_13[7]". Without this partial route, timing analysis to/from this port will not be accurate, and no routing information for this port can be exported.
WARNING: [Route 35-198] Port "input_6_13[5]" does not have an associated HD.PARTPIN_LOCS, which will prevent the partial routing of the signal "input_6_13[5]". Without this partial route, timing analysis to/from this port will not be accurate, and no routing information for this port can be exported.
WARNING: [Route 35-198] Port "input_6_13[4]" does not have an associated HD.PARTPIN_LOCS, which will prevent the partial routing of the signal "input_6_13[4]". Without this partial route, timing analysis to/from this port will not be accurate, and no routing information for this port can be exported.
WARNING: [Route 35-198] Port "input_6_13[1]" does not have an associated HD.PARTPIN_LOCS, which will prevent the partial routing of the signal "input_6_13[1]". Without this partial route, timing analysis to/from this port will not be accurate, and no routing information for this port can be exported.
WARNING: [Route 35-198] Port "input_6_4[3]" does not have an associated HD.PARTPIN_LOCS, which will prevent the partial routing of the signal "input_6_4[3]". Without this partial route, timing analysis to/from this port will not be accurate, and no routing information for this port can be exported.
WARNING: [Route 35-198] Port "input_6_4[1]" does not have an associated HD.PARTPIN_LOCS, which will prevent the partial routing of the signal "input_6_4[1]". Without this partial route, timing analysis to/from this port will not be accurate, and no routing information for this port can be exported.
WARNING: [Route 35-198] Port "input_6_4[0]" does not have an associated HD.PARTPIN_LOCS, which will prevent the partial routing of the signal "input_6_4[0]". Without this partial route, timing analysis to/from this port will not be accurate, and no routing information for this port can be exported.
WARNING: [Route 35-198] Port "input_4_10[7]" does not have an associated HD.PARTPIN_LOCS, which will prevent the partial routing of the signal "input_4_10[7]". Without this partial route, timing analysis to/from this port will not be accurate, and no routing information for this port can be exported.
WARNING: [Route 35-198] Port "input_4_10[6]" does not have an associated HD.PARTPIN_LOCS, which will prevent the partial routing of the signal "input_4_10[6]". Without this partial route, timing analysis to/from this port will not be accurate, and no routing information for this port can be exported.
WARNING: [Route 35-198] Port "input_4_10[1]" does not have an associated HD.PARTPIN_LOCS, which will prevent the partial routing of the signal "input_4_10[1]". Without this partial route, timing analysis to/from this port will not be accurate, and no routing information for this port can be exported.
WARNING: [Route 35-198] Port "input_4_10[0]" does not have an associated HD.PARTPIN_LOCS, which will prevent the partial routing of the signal "input_4_10[0]". Without this partial route, timing analysis to/from this port will not be accurate, and no routing information for this port can be exported.
WARNING: [Route 35-198] Port "input_7_10[4]" does not have an associated HD.PARTPIN_LOCS, which will prevent the partial routing of the signal "input_7_10[4]". Without this partial route, timing analysis to/from this port will not be accurate, and no routing information for this port can be exported.
WARNING: [Route 35-198] Port "input_7_4[4]" does not have an associated HD.PARTPIN_LOCS, which will prevent the partial routing of the signal "input_7_4[4]". Without this partial route, timing analysis to/from this port will not be accurate, and no routing information for this port can be exported.
WARNING: [Route 35-198] Port "input_7_1[4]" does not have an associated HD.PARTPIN_LOCS, which will prevent the partial routing of the signal "input_7_1[4]". Without this partial route, timing analysis to/from this port will not be accurate, and no routing information for this port can be exported.
WARNING: [Route 35-198] Port "input_4_8[7]" does not have an associated HD.PARTPIN_LOCS, which will prevent the partial routing of the signal "input_4_8[7]". Without this partial route, timing analysis to/from this port will not be accurate, and no routing information for this port can be exported.
WARNING: [Route 35-198] Port "input_4_8[6]" does not have an associated HD.PARTPIN_LOCS, which will prevent the partial routing of the signal "input_4_8[6]". Without this partial route, timing analysis to/from this port will not be accurate, and no routing information for this port can be exported.
WARNING: [Route 35-198] Port "input_4_8[0]" does not have an associated HD.PARTPIN_LOCS, which will prevent the partial routing of the signal "input_4_8[0]". Without this partial route, timing analysis to/from this port will not be accurate, and no routing information for this port can be exported.
WARNING: [Route 35-198] Port "input_4_15[7]" does not have an associated HD.PARTPIN_LOCS, which will prevent the partial routing of the signal "input_4_15[7]". Without this partial route, timing analysis to/from this port will not be accurate, and no routing information for this port can be exported.
WARNING: [Route 35-198] Port "input_4_15[0]" does not have an associated HD.PARTPIN_LOCS, which will prevent the partial routing of the signal "input_4_15[0]". Without this partial route, timing analysis to/from this port will not be accurate, and no routing information for this port can be exported.
WARNING: [Route 35-198] Port "input_7_14[4]" does not have an associated HD.PARTPIN_LOCS, which will prevent the partial routing of the signal "input_7_14[4]". Without this partial route, timing analysis to/from this port will not be accurate, and no routing information for this port can be exported.
WARNING: [Route 35-198] Port "input_4_12[6]" does not have an associated HD.PARTPIN_LOCS, which will prevent the partial routing of the signal "input_4_12[6]". Without this partial route, timing analysis to/from this port will not be accurate, and no routing information for this port can be exported.
WARNING: [Route 35-198] Port "input_7_3[4]" does not have an associated HD.PARTPIN_LOCS, which will prevent the partial routing of the signal "input_7_3[4]". Without this partial route, timing analysis to/from this port will not be accurate, and no routing information for this port can be exported.
WARNING: [Route 35-198] Port "input_4_14[1]" does not have an associated HD.PARTPIN_LOCS, which will prevent the partial routing of the signal "input_4_14[1]". Without this partial route, timing analysis to/from this port will not be accurate, and no routing information for this port can be exported.
WARNING: [Route 35-198] Port "input_4_13[1]" does not have an associated HD.PARTPIN_LOCS, which will prevent the partial routing of the signal "input_4_13[1]". Without this partial route, timing analysis to/from this port will not be accurate, and no routing information for this port can be exported.
WARNING: [Route 35-198] Port "input_4_13[0]" does not have an associated HD.PARTPIN_LOCS, which will prevent the partial routing of the signal "input_4_13[0]". Without this partial route, timing analysis to/from this port will not be accurate, and no routing information for this port can be exported.
WARNING: [Route 35-198] Port "input_6_7[2]" does not have an associated HD.PARTPIN_LOCS, which will prevent the partial routing of the signal "input_6_7[2]". Without this partial route, timing analysis to/from this port will not be accurate, and no routing information for this port can be exported.
WARNING: [Route 35-198] Port "input_6_7[1]" does not have an associated HD.PARTPIN_LOCS, which will prevent the partial routing of the signal "input_6_7[1]". Without this partial route, timing analysis to/from this port will not be accurate, and no routing information for this port can be exported.
WARNING: [Route 35-198] Port "input_6_5[7]" does not have an associated HD.PARTPIN_LOCS, which will prevent the partial routing of the signal "input_6_5[7]". Without this partial route, timing analysis to/from this port will not be accurate, and no routing information for this port can be exported.
INFO: [Common 17-14] Message 'Route 35-198' appears 100 times and further instances of the messages will be disabled. Use the Tcl command set_msg_config to change the current settings.
Post Restoration Checksum: NetGraph: 879d794 | NumContArr: 34aaaeb5 | Constraints: c2a8fa9d | Timing: c2a8fa9d
Phase 1 Build RT Design | Checksum: 1c2767b83

Time (s): cpu = 00:05:56 ; elapsed = 00:00:32 . Memory (MB): peak = 12309.887 ; gain = 0.000 ; free physical = 149834 ; free virtual = 216993

Phase 2 Router Initialization

Phase 2.1 Fix Topology Constraints
Phase 2.1 Fix Topology Constraints | Checksum: 1c2767b83

Time (s): cpu = 00:06:05 ; elapsed = 00:00:33 . Memory (MB): peak = 12309.887 ; gain = 0.000 ; free physical = 149836 ; free virtual = 216997

Phase 2.2 Pre Route Cleanup
Phase 2.2 Pre Route Cleanup | Checksum: 1c2767b83

Time (s): cpu = 00:06:09 ; elapsed = 00:00:33 . Memory (MB): peak = 12309.887 ; gain = 0.000 ; free physical = 149836 ; free virtual = 216997

Phase 2.3 Global Clock Net Routing
Phase 2.3 Global Clock Net Routing | Checksum: 1c2767b83

Time (s): cpu = 00:06:54 ; elapsed = 00:00:39 . Memory (MB): peak = 12862.480 ; gain = 552.594 ; free physical = 149250 ; free virtual = 216411

Phase 2.4 Update Timing
Phase 2.4 Update Timing | Checksum: 1d963e63f

Time (s): cpu = 00:10:22 ; elapsed = 00:00:57 . Memory (MB): peak = 12862.480 ; gain = 552.594 ; free physical = 149258 ; free virtual = 216427
INFO: [Route 35-416] Intermediate Timing Summary | WNS=0.272  | TNS=0.000  | WHS=0.018  | THS=0.000  |


Phase 2.5 Soft Constraint Pins - Fast Budgeting
Phase 2.5 Soft Constraint Pins - Fast Budgeting | Checksum: 1e80d2b83

Time (s): cpu = 00:15:14 ; elapsed = 00:01:33 . Memory (MB): peak = 12862.480 ; gain = 552.594 ; free physical = 149172 ; free virtual = 216348

Router Utilization Summary
  Global Vertical Routing Utilization    = 0 %
  Global Horizontal Routing Utilization  = 0 %
  Routable Net Status*
  *Does not include unroutable nets such as driverless and loadless.
  Run report_route_status for detailed report.
  Number of Failed Nets               = 585047
    (Failed Nets is the sum of unrouted and partially routed nets)
  Number of Unrouted Nets             = 544791
  Number of Partially Routed Nets     = 40256
  Number of Node Overlaps             = 0

Phase 2 Router Initialization | Checksum: 1f54143cb

Time (s): cpu = 00:16:02 ; elapsed = 00:01:40 . Memory (MB): peak = 13017.754 ; gain = 707.867 ; free physical = 150130 ; free virtual = 217307

Phase 3 Global Routing

Phase 3.1 SLL Assignment
Number SLLs per Column: 1440
Estimated SLL Demand Per Column: 
  SLR [2-3]        0 (  0%)     0 (  0%)    66 (  5%)   173 ( 12%)    84 (  6%)   405 ( 28%)   201 ( 14%)   134 (  9%)   116 (  8%)   185 ( 13%)   278 ( 19%)   115 (  8%)    98 (  7%)   225 ( 16%)   199 ( 14%)     0 (  0%)  Demand:  2279 Available: 23040 Utilization(%): 9.89
  SLR [1-2]        0 (  0%)     0 (  0%)     0 (  0%)     8 (  1%)    24 (  2%)   111 (  8%)   189 ( 13%)   345 ( 24%)    64 (  4%)   280 ( 19%)   185 ( 13%)   121 (  8%)    93 (  6%)    74 (  5%)    21 (  1%)     1 (  0%)  Demand:  1516 Available: 23040 Utilization(%): 6.58
  SLR [0-1]        0 (  0%)     0 (  0%)     0 (  0%)     0 (  0%)     0 (  0%)     0 (  0%)     0 (  0%)     0 (  0%)     0 (  0%)     0 (  0%)     0 (  0%)     0 (  0%)     0 (  0%)     0 (  0%)     0 (  0%)     0 (  0%)  Demand:     0 Available: 23040 Utilization(%): 0.00
Phase 3.1 SLL Assignment | Checksum: 2410da8a3

Time (s): cpu = 00:16:12 ; elapsed = 00:01:45 . Memory (MB): peak = 13017.754 ; gain = 707.867 ; free physical = 150131 ; free virtual = 217310
Phase 3 Global Routing | Checksum: 2410da8a3

Time (s): cpu = 00:16:13 ; elapsed = 00:01:45 . Memory (MB): peak = 13017.754 ; gain = 707.867 ; free physical = 150131 ; free virtual = 217310

Phase 4 Initial Routing

Phase 4.1 Initial Net Routing Pass
Phase 4.1 Initial Net Routing Pass | Checksum: 1d1bc570d

Time (s): cpu = 00:19:12 ; elapsed = 00:02:24 . Memory (MB): peak = 13017.754 ; gain = 707.867 ; free physical = 150156 ; free virtual = 217339
Phase 4 Initial Routing | Checksum: 1684766b8

Time (s): cpu = 00:19:28 ; elapsed = 00:02:25 . Memory (MB): peak = 13017.754 ; gain = 707.867 ; free physical = 150154 ; free virtual = 217337

INFO: [Route 35-449] Initial Estimated Congestion
 ________________________________________________________________________
|           | Global Congestion | Long Congestion   | Short Congestion  |
|           |___________________|___________________|___________________|
| Direction | Size   | % Tiles  | Size   | % Tiles  | Size   | % Tiles  |
|___________|________|__________|________|__________|________|__________|
|      NORTH|     2x2|      0.04|     4x4|      0.52|     2x2|      0.02|
|___________|________|__________|________|__________|________|__________|
|      SOUTH|     1x1|      0.00|     2x2|      0.08|     1x1|      0.00|
|___________|________|__________|________|__________|________|__________|
|       EAST|     1x1|      0.00|     2x2|      0.06|     2x2|      0.01|
|___________|________|__________|________|__________|________|__________|
|       WEST|     2x2|      0.02|   16x16|      0.34|     1x1|      0.01|
|___________|________|__________|________|__________|________|__________|
Congestion Report
LONG Congestion bounded by tiles (Lower Left Tile -> Upper Right Tile):
WEST
	INT_X48Y666->INT_X63Y689 (CLEM_X48Y666->CLEL_R_X63Y689)
	INT_X48Y666->INT_X63Y681 (CLEM_X48Y666->CLEL_R_X63Y681)
	INT_X48Y665->INT_X63Y680 (CLEM_X48Y665->CLEL_R_X63Y680)
	INT_X48Y664->INT_X63Y679 (CLEM_X48Y664->CLEL_R_X63Y679)
	INT_X48Y663->INT_X63Y678 (CLEM_X48Y663->CLEL_R_X63Y678)

Phase 5 Rip-up And Reroute

Phase 5.1 Global Iteration 0
 Number of Nodes with overlaps = 35846
 Number of Nodes with overlaps = 2468
 Number of Nodes with overlaps = 183
 Number of Nodes with overlaps = 22
 Number of Nodes with overlaps = 7
 Number of Nodes with overlaps = 3
 Number of Nodes with overlaps = 0
INFO: [Route 35-416] Intermediate Timing Summary | WNS=-0.252 | TNS=-3.115 | WHS=0.026  | THS=0.000  |

Phase 5.1 Global Iteration 0 | Checksum: 1bff1c4eb

Time (s): cpu = 00:36:03 ; elapsed = 00:05:53 . Memory (MB): peak = 13017.754 ; gain = 707.867 ; free physical = 144873 ; free virtual = 213550

Phase 5.2 Global Iteration 1
 Number of Nodes with overlaps = 48
 Number of Nodes with overlaps = 8
 Number of Nodes with overlaps = 8
 Number of Nodes with overlaps = 2
 Number of Nodes with overlaps = 1
 Number of Nodes with overlaps = 0
INFO: [Route 35-416] Intermediate Timing Summary | WNS=-0.003 | TNS=-0.003 | WHS=N/A    | THS=N/A    |

Phase 5.2 Global Iteration 1 | Checksum: 290f7766d

Time (s): cpu = 00:38:25 ; elapsed = 00:06:51 . Memory (MB): peak = 13017.754 ; gain = 707.867 ; free physical = 144089 ; free virtual = 213055

Phase 5.3 Global Iteration 2
 Number of Nodes with overlaps = 596
 Number of Nodes with overlaps = 92
 Number of Nodes with overlaps = 39
 Number of Nodes with overlaps = 12
 Number of Nodes with overlaps = 0
INFO: [Route 35-416] Intermediate Timing Summary | WNS=0.042  | TNS=0.000  | WHS=N/A    | THS=N/A    |

Phase 5.3 Global Iteration 2 | Checksum: 235976a2f

Time (s): cpu = 00:40:20 ; elapsed = 00:07:41 . Memory (MB): peak = 13017.754 ; gain = 707.867 ; free physical = 141485 ; free virtual = 210550
Phase 5 Rip-up And Reroute | Checksum: 235976a2f

Time (s): cpu = 00:40:22 ; elapsed = 00:07:41 . Memory (MB): peak = 13017.754 ; gain = 707.867 ; free physical = 141442 ; free virtual = 210507

Phase 6 Delay and Skew Optimization

Phase 6.1 TNS Cleanup

Phase 6.1.1 Delay CleanUp
Phase 6.1.1 Delay CleanUp | Checksum: 235976a2f

Time (s): cpu = 00:40:29 ; elapsed = 00:07:42 . Memory (MB): peak = 13017.754 ; gain = 707.867 ; free physical = 141293 ; free virtual = 210358
Phase 6.1 TNS Cleanup | Checksum: 235976a2f

Time (s): cpu = 00:40:31 ; elapsed = 00:07:42 . Memory (MB): peak = 13017.754 ; gain = 707.867 ; free physical = 141254 ; free virtual = 210318

Phase 6.2 Clock Skew Optimization
Phase 6.2 Clock Skew Optimization | Checksum: 235976a2f

Time (s): cpu = 00:40:33 ; elapsed = 00:07:42 . Memory (MB): peak = 13017.754 ; gain = 707.867 ; free physical = 141218 ; free virtual = 210283
Phase 6 Delay and Skew Optimization | Checksum: 235976a2f

Time (s): cpu = 00:40:35 ; elapsed = 00:07:42 . Memory (MB): peak = 13017.754 ; gain = 707.867 ; free physical = 141173 ; free virtual = 210238

Phase 7 Post Hold Fix

Phase 7.1 Hold Fix Iter
INFO: [Route 35-416] Intermediate Timing Summary | WNS=0.042  | TNS=0.000  | WHS=0.026  | THS=0.000  |

Phase 7.1 Hold Fix Iter | Checksum: 24f0bd122

Time (s): cpu = 00:44:48 ; elapsed = 00:07:58 . Memory (MB): peak = 13017.754 ; gain = 707.867 ; free physical = 137041 ; free virtual = 206106
Phase 7 Post Hold Fix | Checksum: 24f0bd122

Time (s): cpu = 00:44:50 ; elapsed = 00:07:58 . Memory (MB): peak = 13017.754 ; gain = 707.867 ; free physical = 137041 ; free virtual = 206106

Phase 8 Route finalize

Router Utilization Summary
  Global Vertical Routing Utilization    = 4.23128 %
  Global Horizontal Routing Utilization  = 4.16075 %
  Routable Net Status*
  *Does not include unroutable nets such as driverless and loadless.
  Run report_route_status for detailed report.
  Number of Failed Nets               = 0
    (Failed Nets is the sum of unrouted and partially routed nets)
  Number of Unrouted Nets             = 0
  Number of Partially Routed Nets     = 0
  Number of Node Overlaps             = 0

Phase 8 Route finalize | Checksum: 25d72e183

Time (s): cpu = 00:45:09 ; elapsed = 00:08:00 . Memory (MB): peak = 13017.754 ; gain = 707.867 ; free physical = 137038 ; free virtual = 206102

Phase 9 Verifying routed nets

 Verification completed successfully
Phase 9 Verifying routed nets | Checksum: 25d72e183

Time (s): cpu = 00:45:12 ; elapsed = 00:08:01 . Memory (MB): peak = 13017.754 ; gain = 707.867 ; free physical = 137038 ; free virtual = 206103

Phase 10 Depositing Routes
Phase 10 Depositing Routes | Checksum: 25d72e183

Time (s): cpu = 00:46:12 ; elapsed = 00:08:31 . Memory (MB): peak = 13017.754 ; gain = 707.867 ; free physical = 131608 ; free virtual = 200673

Phase 11 Resolve XTalk
Phase 11 Resolve XTalk | Checksum: 25d72e183

Time (s): cpu = 00:46:14 ; elapsed = 00:08:32 . Memory (MB): peak = 13017.754 ; gain = 707.867 ; free physical = 131307 ; free virtual = 200371

Phase 12 Post Process Routing
Common:
   
SLR0

Initial Estimated Congestion
 ________________________________________________________________________
|           | Global Congestion | Long Congestion   | Short Congestion  |
|           |___________________|___________________|___________________|
| Direction | Size   | % Tiles  | Size   | % Tiles  | Size   | % Tiles  |
|___________|________|__________|________|__________|________|__________|
|      NORTH|     1x1|      0.00|     1x1|      0.00|     1x1|      0.00|
|___________|________|__________|________|__________|________|__________|
|      SOUTH|     1x1|      0.00|     1x1|      0.00|     1x1|      0.00|
|___________|________|__________|________|__________|________|__________|
|       EAST|     1x1|      0.00|     1x1|      0.00|     1x1|      0.00|
|___________|________|__________|________|__________|________|__________|
|       WEST|     1x1|      0.00|     1x1|      0.00|     1x1|      0.00|
|___________|________|__________|________|__________|________|__________|

SLR1

Initial Estimated Congestion
 ________________________________________________________________________
|           | Global Congestion | Long Congestion   | Short Congestion  |
|           |___________________|___________________|___________________|
| Direction | Size   | % Tiles  | Size   | % Tiles  | Size   | % Tiles  |
|___________|________|__________|________|__________|________|__________|
|      NORTH|     2x2|      0.03|     4x4|      0.21|     2x2|      0.07|
|___________|________|__________|________|__________|________|__________|
|      SOUTH|     1x1|      0.00|     2x2|      0.01|     1x1|      0.00|
|___________|________|__________|________|__________|________|__________|
|       EAST|     1x1|      0.00|     2x2|      0.08|     2x2|      0.03|
|___________|________|__________|________|__________|________|__________|
|       WEST|     1x1|      0.00|     2x2|      0.07|     1x1|      0.01|
|___________|________|__________|________|__________|________|__________|

SLR2

Initial Estimated Congestion
 ________________________________________________________________________
|           | Global Congestion | Long Congestion   | Short Congestion  |
|           |___________________|___________________|___________________|
| Direction | Size   | % Tiles  | Size   | % Tiles  | Size   | % Tiles  |
|___________|________|__________|________|__________|________|__________|
|      NORTH|     2x2|      0.10|     4x4|      1.34|     1x1|      0.01|
|___________|________|__________|________|__________|________|__________|
|      SOUTH|     1x1|      0.00|     2x2|      0.13|     1x1|      0.00|
|___________|________|__________|________|__________|________|__________|
|       EAST|     1x1|      0.00|     2x2|      0.16|     1x1|      0.01|
|___________|________|__________|________|__________|________|__________|
|       WEST|     2x2|      0.07|   16x16|      1.25|     1x1|      0.02|
|___________|________|__________|________|__________|________|__________|

SLR3

Initial Estimated Congestion
 ________________________________________________________________________
|           | Global Congestion | Long Congestion   | Short Congestion  |
|           |___________________|___________________|___________________|
| Direction | Size   | % Tiles  | Size   | % Tiles  | Size   | % Tiles  |
|___________|________|__________|________|__________|________|__________|
|      NORTH|     2x2|      0.02|     2x2|      0.55|     1x1|      0.00|
|___________|________|__________|________|__________|________|__________|
|      SOUTH|     1x1|      0.00|     2x2|      0.17|     1x1|      0.00|
|___________|________|__________|________|__________|________|__________|
|       EAST|     1x1|      0.00|     1x1|      0.00|     1x1|      0.00|
|___________|________|__________|________|__________|________|__________|
|       WEST|     1x1|      0.00|     2x2|      0.01|     1x1|      0.00|
|___________|________|__________|________|__________|________|__________|


Phase 12 Post Process Routing | Checksum: 25d72e183

Time (s): cpu = 00:46:24 ; elapsed = 00:08:34 . Memory (MB): peak = 13017.754 ; gain = 707.867 ; free physical = 130785 ; free virtual = 199850

Phase 13 Post Router Timing
INFO: [Route 35-57] Estimated Timing Summary | WNS=0.042  | TNS=0.000  | WHS=0.026  | THS=0.000  |

INFO: [Route 35-327] The final timing numbers are based on the router estimated timing analysis. For a complete and accurate timing signoff, please run report_timing_summary.
Phase 13 Post Router Timing | Checksum: 25d72e183

Time (s): cpu = 00:46:26 ; elapsed = 00:08:35 . Memory (MB): peak = 13017.754 ; gain = 707.867 ; free physical = 130590 ; free virtual = 199655
Total Elapsed time in route_design: 514.48 secs

Phase 14 Post-Route Event Processing
Phase 14 Post-Route Event Processing | Checksum: 23e4eb1e5

Time (s): cpu = 00:46:33 ; elapsed = 00:08:36 . Memory (MB): peak = 13017.754 ; gain = 707.867 ; free physical = 130534 ; free virtual = 199599
INFO: [Route 35-16] Router Completed Successfully
Ending Routing Task | Checksum: 23e4eb1e5

Time (s): cpu = 00:46:43 ; elapsed = 00:08:38 . Memory (MB): peak = 13017.754 ; gain = 707.867 ; free physical = 129888 ; free virtual = 198953

Routing Is Done.
INFO: [Common 17-83] Releasing license: Implementation
15 Infos, 101 Warnings, 0 Critical Warnings and 0 Errors encountered.
route_design completed successfully
route_design: Time (s): cpu = 00:46:49 ; elapsed = 00:09:05 . Memory (MB): peak = 13017.754 ; gain = 707.867 ; free physical = 129898 ; free virtual = 198961
# write_checkpoint \
#     -force \
#     [
#         file join \
#             $output_dir \
#             post_route_before_physopt.dcp
#     ]
INFO: [Timing 38-480] Writing timing data to binary archive.
Write ShapeDB Complete: Time (s): cpu = 00:00:08 ; elapsed = 00:00:02 . Memory (MB): peak = 13017.754 ; gain = 0.000 ; free physical = 129715 ; free virtual = 198945
Wrote PlaceDB: Time (s): cpu = 00:01:05 ; elapsed = 00:00:25 . Memory (MB): peak = 13017.754 ; gain = 0.000 ; free physical = 123105 ; free virtual = 193289
Wrote PulsedLatchDB: Time (s): cpu = 00:00:00 ; elapsed = 00:00:00 . Memory (MB): peak = 13017.754 ; gain = 0.000 ; free physical = 122897 ; free virtual = 193152
Writing XDEF routing.
Writing XDEF routing logical nets.
Writing XDEF routing special nets.
Wrote RouteStorage: Time (s): cpu = 00:00:07 ; elapsed = 00:00:03 . Memory (MB): peak = 13017.754 ; gain = 0.000 ; free physical = 122733 ; free virtual = 193144
Wrote Netlist Cache: Time (s): cpu = 00:00:00.78 ; elapsed = 00:00:00.82 . Memory (MB): peak = 13017.754 ; gain = 0.000 ; free physical = 122624 ; free virtual = 193142
Wrote Device Cache: Time (s): cpu = 00:00:00.01 ; elapsed = 00:00:00.01 . Memory (MB): peak = 13017.754 ; gain = 0.000 ; free physical = 122609 ; free virtual = 193145
Write Physdb Complete: Time (s): cpu = 00:01:13 ; elapsed = 00:00:34 . Memory (MB): peak = 13017.754 ; gain = 0.000 ; free physical = 122602 ; free virtual = 193144
INFO: [Common 17-1381] The checkpoint '/mnt_pool/c3_users/user/pleguina/graphsage_vivado_2024_1_sweep/build/vivado_sweep/qat_dsp_V2A1_allcut_ssi_retime_route_clk300/post_route_before_physopt.dcp' has been generated.
write_checkpoint: Time (s): cpu = 00:01:53 ; elapsed = 00:00:57 . Memory (MB): peak = 13017.754 ; gain = 0.000 ; free physical = 119142 ; free virtual = 189293
# report_timing_summary \
#     -delay_type min_max \
#     -max_paths 100 \
#     -file [
#         file join \
#             $reports_dir \
#             timing_post_route_before_physopt.rpt
#     ]
INFO: [Timing 38-91] UpdateTimingParams: Speed grade: -1, Temperature grade: E, Delay Type: min_max.
INFO: [Timing 38-191] Multithreading enabled for timing update using a maximum of 32 CPUs
WARNING: [Timing 38-242] The property HD.CLK_SRC of clock port "ap_clk" is not set. In out-of-context mode, this prevents timing estimation for clock delay/skew
Resolution: Set the HD.CLK_SRC property of the out-of-context port to the location of the clock buffer instance in the top-level design
report_timing_summary: Time (s): cpu = 00:07:08 ; elapsed = 00:00:50 . Memory (MB): peak = 13017.754 ; gain = 0.000 ; free physical = 114280 ; free virtual = 185224
# report_route_status \
#     -file [
#         file join \
#             $reports_dir \
#             route_status_before_physopt.rpt
#     ]
report_route_status: Time (s): cpu = 00:02:06 ; elapsed = 00:00:19 . Memory (MB): peak = 13025.754 ; gain = 8.000 ; free physical = 113624 ; free virtual = 185273
# if {$use_post_phys} {
# 
#     puts "============================================================"
#     puts "STARTING_DEFAULT_POST_ROUTE_PHYS_OPT"
#     puts "USE_RETIME=$use_retime"
#     puts "============================================================"
# 
#     if {$use_retime} {
#         phys_opt_design -retime
#     } else {
#         phys_opt_design
#     }
# }
============================================================
STARTING_DEFAULT_POST_ROUTE_PHYS_OPT
USE_RETIME=1
============================================================
Command: phys_opt_design -retime
Attempting to get a license for feature 'Implementation' and/or device 'xcvu13p'
INFO: [Common 17-349] Got license for feature 'Implementation' and/or device 'xcvu13p'
INFO: [Common 17-1540] The version limit for your license is '2026.02' and has expired for new software. A version limit expiration means that, although you may be able to continue to use the current version of tools or IP with this license, you will not be eligible for new releases.
INFO: [Vivado_Tcl 4-241] Physical synthesis in post route mode 
INFO: [Vivado_Tcl 4-2279] Estimated Timing Summary | WNS= 0.042 | TNS= 0.000 | 
INFO: [Vivado_Tcl 4-383] Design worst setup slack (WNS) is greater than or equal to 0.000 ns. All physical synthesis setup optimizations will be skipped.
INFO: [Vivado_Tcl 4-232] No setup violation found. The netlist was not modified.
INFO: [Common 17-83] Releasing license: Implementation
7 Infos, 0 Warnings, 0 Critical Warnings and 0 Errors encountered.
phys_opt_design completed successfully
phys_opt_design: Time (s): cpu = 00:00:21 ; elapsed = 00:00:41 . Memory (MB): peak = 13025.754 ; gain = 0.000 ; free physical = 112257 ; free virtual = 185317
# write_checkpoint \
#     -force \
#     [
#         file join \
#             $output_dir \
#             final.dcp
#     ]
INFO: [Timing 38-480] Writing timing data to binary archive.
Write ShapeDB Complete: Time (s): cpu = 00:00:08 ; elapsed = 00:00:02 . Memory (MB): peak = 13025.754 ; gain = 0.000 ; free physical = 111920 ; free virtual = 185290
Wrote PlaceDB: Time (s): cpu = 00:01:03 ; elapsed = 00:00:24 . Memory (MB): peak = 13025.754 ; gain = 0.000 ; free physical = 111008 ; free virtual = 185165
Wrote PulsedLatchDB: Time (s): cpu = 00:00:00 ; elapsed = 00:00:00 . Memory (MB): peak = 13025.754 ; gain = 0.000 ; free physical = 110955 ; free virtual = 185176
Writing XDEF routing.
Writing XDEF routing logical nets.
Writing XDEF routing special nets.
Wrote RouteStorage: Time (s): cpu = 00:00:08 ; elapsed = 00:00:04 . Memory (MB): peak = 13025.754 ; gain = 0.000 ; free physical = 110700 ; free virtual = 185157
Wrote Netlist Cache: Time (s): cpu = 00:00:00.77 ; elapsed = 00:00:00.84 . Memory (MB): peak = 13025.754 ; gain = 0.000 ; free physical = 110608 ; free virtual = 185155
Wrote Device Cache: Time (s): cpu = 00:00:00.01 ; elapsed = 00:00:00.01 . Memory (MB): peak = 13025.754 ; gain = 0.000 ; free physical = 110587 ; free virtual = 185155
Write Physdb Complete: Time (s): cpu = 00:01:12 ; elapsed = 00:00:34 . Memory (MB): peak = 13025.754 ; gain = 0.000 ; free physical = 110560 ; free virtual = 185154
INFO: [Common 17-1381] The checkpoint '/mnt_pool/c3_users/user/pleguina/graphsage_vivado_2024_1_sweep/build/vivado_sweep/qat_dsp_V2A1_allcut_ssi_retime_route_clk300/final.dcp' has been generated.
write_checkpoint: Time (s): cpu = 00:01:30 ; elapsed = 00:00:55 . Memory (MB): peak = 13025.754 ; gain = 0.000 ; free physical = 110713 ; free virtual = 184999
# report_timing_summary \
#     -delay_type min_max \
#     -max_paths 100 \
#     -report_unconstrained \
#     -check_timing_verbose \
#     -file [
#         file join \
#             $reports_dir \
#             timing_final.rpt
#     ]
INFO: [Timing 38-91] UpdateTimingParams: Speed grade: -1, Temperature grade: E, Delay Type: min_max.
INFO: [Timing 38-191] Multithreading enabled for timing update using a maximum of 32 CPUs
report_timing_summary: Time (s): cpu = 00:00:40 ; elapsed = 00:00:16 . Memory (MB): peak = 13025.754 ; gain = 0.000 ; free physical = 110104 ; free virtual = 184966
# report_internal_timing $reports_dir final
CRITICAL WARNING: [Vivado 12-4439] The number of objects collected by the 'to' option of 'report_timing' is very large: 423847. This may lead to serious performance issues and out-of-memory conditions in handling the results.
Resolution: Further filtering of the command results, or narrowing the scope of the command is recommended.
CRITICAL WARNING: [Vivado 12-4439] The number of objects collected by the 'from' option of 'report_timing' is very large: 423847. This may lead to serious performance issues and out-of-memory conditions in handling the results.
Resolution: Further filtering of the command results, or narrowing the scope of the command is recommended.
INFO: [Timing 38-91] UpdateTimingParams: Speed grade: -1, Temperature grade: E, Delay Type: max.
INFO: [Timing 38-191] Multithreading enabled for timing update using a maximum of 32 CPUs
INFO: [Timing 38-78] ReportTimingParams: -from_pins  -to_pins  -max_paths 100 -nworst 1 -delay_type max -sort_by slack.
report_timing: Time (s): cpu = 00:00:50 ; elapsed = 00:00:07 . Memory (MB): peak = 13025.754 ; gain = 0.000 ; free physical = 109751 ; free virtual = 184939
CRITICAL WARNING: [Vivado 12-4439] The number of objects collected by the 'to' option of 'report_timing' is very large: 423847. This may lead to serious performance issues and out-of-memory conditions in handling the results.
Resolution: Further filtering of the command results, or narrowing the scope of the command is recommended.
CRITICAL WARNING: [Vivado 12-4439] The number of objects collected by the 'from' option of 'report_timing' is very large: 423847. This may lead to serious performance issues and out-of-memory conditions in handling the results.
Resolution: Further filtering of the command results, or narrowing the scope of the command is recommended.
INFO: [Timing 38-91] UpdateTimingParams: Speed grade: -1, Temperature grade: E, Delay Type: min.
INFO: [Timing 38-191] Multithreading enabled for timing update using a maximum of 32 CPUs
INFO: [Timing 38-78] ReportTimingParams: -from_pins  -to_pins  -max_paths 100 -nworst 1 -delay_type min -sort_by slack.
report_timing: Time (s): cpu = 00:01:41 ; elapsed = 00:00:12 . Memory (MB): peak = 13025.754 ; gain = 0.000 ; free physical = 109539 ; free virtual = 184932
# report_timing \
#     -delay_type max \
#     -max_paths 100 \
#     -file [
#         file join \
#             $reports_dir \
#             worst_setup_paths.rpt
#     ]
INFO: [Timing 38-91] UpdateTimingParams: Speed grade: -1, Temperature grade: E, Delay Type: max.
INFO: [Timing 38-191] Multithreading enabled for timing update using a maximum of 32 CPUs
INFO: [Timing 38-78] ReportTimingParams: -max_paths 100 -nworst 1 -delay_type max -sort_by slack.
report_timing: Time (s): cpu = 00:00:59 ; elapsed = 00:00:06 . Memory (MB): peak = 13025.754 ; gain = 0.000 ; free physical = 109348 ; free virtual = 184916
# report_route_status \
#     -file [
#         file join \
#             $reports_dir \
#             route_status.rpt
#     ]
# report_design_analysis \
#     -congestion \
#     -file [
#         file join \
#             $reports_dir \
#             congestion_final.rpt
#     ]
# report_design_analysis \
#     -complexity \
#     -hierarchical_depth 4 \
#     -file [
#         file join \
#             $reports_dir \
#             complexity_final.rpt
#     ]
report_design_analysis: Time (s): cpu = 00:00:07 ; elapsed = 00:00:11 . Memory (MB): peak = 13025.754 ; gain = 0.000 ; free physical = 108852 ; free virtual = 184894
# report_utilization \
#     -file [
#         file join \
#             $reports_dir \
#             utilization_final.rpt
#     ]
report_utilization: Time (s): cpu = 00:00:26 ; elapsed = 00:00:26 . Memory (MB): peak = 13025.754 ; gain = 0.000 ; free physical = 107971 ; free virtual = 184819
# report_utilization \
#     -hierarchical \
#     -file [
#         file join \
#             $reports_dir \
#             utilization_hier_final.rpt
#     ]
report_utilization: Time (s): cpu = 00:00:42 ; elapsed = 00:00:42 . Memory (MB): peak = 13025.754 ; gain = 0.000 ; free physical = 106686 ; free virtual = 184750
# report_utilization \
#     -slr \
#     -file [
#         file join \
#             $reports_dir \
#             utilization_slr_final.rpt
#     ]
report_utilization: Time (s): cpu = 00:00:41 ; elapsed = 00:00:42 . Memory (MB): peak = 13025.754 ; gain = 0.000 ; free physical = 105034 ; free virtual = 184582
# report_high_fanout_nets \
#     -file [
#         file join \
#             $reports_dir \
#             high_fanout_final.rpt
#     ]
report_high_fanout_nets: Time (s): cpu = 00:00:17 ; elapsed = 00:00:18 . Memory (MB): peak = 13025.754 ; gain = 0.000 ; free physical = 104021 ; free virtual = 184540
# report_methodology \
#     -file [
#         file join \
#             $reports_dir \
#             methodology_final.rpt
#     ]
Command: report_methodology -file /mnt_pool/c3_users/user/pleguina/graphsage_vivado_2024_1_sweep/build/vivado_sweep/qat_dsp_V2A1_allcut_ssi_retime_route_clk300/reports/methodology_final.rpt
INFO: [Timing 38-35] Done setting XDC timing constraints.
INFO: [DRC 23-133] Running Methodology with 32 threads
WARNING: [DRC 23-814] Not all possible (connectivity based) DRCs may have been run because this design is seen as Out of Context.
INFO: [Vivado_Tcl 2-1520] The results of Report Methodology are in file /mnt_pool/c3_users/user/pleguina/graphsage_vivado_2024_1_sweep/build/vivado_sweep/qat_dsp_V2A1_allcut_ssi_retime_route_clk300/reports/methodology_final.rpt.
report_methodology completed successfully
report_methodology: Time (s): cpu = 00:06:07 ; elapsed = 00:00:36 . Memory (MB): peak = 13025.754 ; gain = 0.000 ; free physical = 103013 ; free virtual = 184327
# report_qor_suggestions \
#     -file [
#         file join \
#             $reports_dir \
#             qor_suggestions_final.rpt
#     ]
Command: report_qor_suggestions -file /mnt_pool/c3_users/user/pleguina/graphsage_vivado_2024_1_sweep/build/vivado_sweep/qat_dsp_V2A1_allcut_ssi_retime_route_clk300/reports/qor_suggestions_final.rpt
Congestion Prediction Time (s): cpu = 00:00:21 ; elapsed = 00:00:21 . Memory (MB): peak = 13505.988 ; gain = 0.000 ; free physical = 111496 ; free virtual = 195568
INFO: [Implflow 47-1309] PredResultString: 1:49.06:50.94
INFO: [Implflow 47-1276] The design is not compatible for suggesting strategy, as it was not run using vivado implementation default or vivado implementation explore strategy.
report_qor_suggestions completed successfully
report_qor_suggestions: Time (s): cpu = 00:07:33 ; elapsed = 00:01:41 . Memory (MB): peak = 13505.988 ; gain = 480.234 ; free physical = 111397 ; free virtual = 195563
# report_clocks \
#     -file [
#         file join \
#             $reports_dir \
#             clocks_final.rpt
#     ]
# report_clock_utilization \
#     -file [
#         file join \
#             $reports_dir \
#             clock_utilization_final.rpt
#     ]
report_clock_utilization: Time (s): cpu = 00:00:27 ; elapsed = 00:00:28 . Memory (MB): peak = 13505.988 ; gain = 0.000 ; free physical = 110480 ; free virtual = 195493
# report_drc \
#     -file [
#         file join \
#             $reports_dir \
#             drc_final.rpt
#     ]
Command: report_drc -file /mnt_pool/c3_users/user/pleguina/graphsage_vivado_2024_1_sweep/build/vivado_sweep/qat_dsp_V2A1_allcut_ssi_retime_route_clk300/reports/drc_final.rpt
INFO: [IP_Flow 19-234] Refreshing IP repositories
INFO: [IP_Flow 19-1704] No user IP repositories specified
INFO: [IP_Flow 19-2313] Loaded Vivado IP repository '/mnt_pool/c3_users/vivado/2025.2/data/ip'.
INFO: [DRC 23-27] Running DRC with 32 threads
WARNING: [DRC 23-814] Not all possible (connectivity based) DRCs may have been run because this design is seen as Out of Context.
INFO: [Vivado_Tcl 2-168] The results of DRC are in file /mnt_pool/c3_users/user/pleguina/graphsage_vivado_2024_1_sweep/build/vivado_sweep/qat_dsp_V2A1_allcut_ssi_retime_route_clk300/reports/drc_final.rpt.
report_drc completed successfully
report_drc: Time (s): cpu = 00:02:36 ; elapsed = 00:00:44 . Memory (MB): peak = 13505.988 ; gain = 0.000 ; free physical = 109077 ; free virtual = 195399
# set setup_wns [timing_slack max]
# set timing_met [
#     expr {
#         $setup_wns ne "NA"
#         && $setup_wns >= 0.0
#     }
# ]
# write_metadata \
#     [file join $output_dir metadata.txt] \
#     [expr {
#         $timing_met
#             ? "timing_met"
#             : "timing_failed"
#     }] \
#     $run_name \
#     $place_directive \
#     $route_directive \
#     $screen_only \
#     $use_tns_cleanup \
#     $use_post_phys \
#     $post_place_phys_directive \
#     $start_time \
#     $clock_period
# puts "============================================================"
============================================================
# puts "RUN_COMPLETE=$run_name"
RUN_COMPLETE=qat_dsp_V2A1_allcut_ssi_retime_route_clk300
# puts "SETUP_WNS_NS=$setup_wns"
SETUP_WNS_NS=0.042
# puts "TIMING_MET=$timing_met"
TIMING_MET=1
# puts "============================================================"
============================================================
# exit [expr {$timing_met ? 0 : 2}]
INFO: [Common 17-206] Exiting Vivado at Thu Aug 27 16:57:56 2026...
