CLOCK_SWEEP_VARIANT=clk272 PERIOD_NS=2.72

****** Vivado v2025.2 (64-bit)
  **** SW Build 6299465 on Fri Nov 14 12:34:56 MST 2025
  **** IP Build 6300035 on Fri Nov 14 10:48:45 MST 2025
  **** SharedData Build 6298862 on Thu Nov 13 04:50:51 MST 2025
  **** Start of session at: Thu Aug 27 16:06:05 2026
    ** Copyright 1986-2022 Xilinx, Inc. All Rights Reserved.
    ** Copyright 2022-2025 Advanced Micro Devices, Inc. All Rights Reserved.

source hls/run_vivado_int8_po2_strategy.tcl
# set script_dir [file dirname [file normalize [info script]]]
# set repo_root [file normalize [file join $script_dir ..]]
# set sweep_dir [file join $repo_root build vivado_sweep]
# foreach required_env {RUN_NAME PLACE_DIRECTIVE} {
#     if {![info exists ::env($required_env)] || $::env($required_env) eq ""} {
#         error "Missing required environment variable $required_env"
#     }
# }
# set run_name $::env(RUN_NAME)
# set place_directive $::env(PLACE_DIRECTIVE)
# set clock_period [expr {
#     [info exists ::env(CLOCK_PERIOD_NS)]
#         ? $::env(CLOCK_PERIOD_NS)
#         : 2.77
# }]
# set xdc_file [file join $script_dir graphsage_int8_po2_ooc.xdc]
# set input_checkpoint [expr {
#     [info exists ::env(INPUT_CHECKPOINT)]
#         ? [file normalize $::env(INPUT_CHECKPOINT)]
#         : [file join $sweep_dir baseline_post_synth.dcp]
# }]
# set route_directive [expr {
#     [info exists ::env(ROUTE_DIRECTIVE)]
#         ? $::env(ROUTE_DIRECTIVE)
#         : "Default"
# }]
# set screen_only [expr {
#     [info exists ::env(SCREEN_ONLY)]
#         ? $::env(SCREEN_ONLY)
#         : 1
# }]
# set use_tns_cleanup [expr {
#     [info exists ::env(USE_TNS_CLEANUP)]
#         ? $::env(USE_TNS_CLEANUP)
#         : 1
# }]
# set use_post_phys [expr {
#     [info exists ::env(USE_POST_PHYS)]
#         ? $::env(USE_POST_PHYS)
#         : 1
# }]
# set post_place_phys_directive [expr {
#     [info exists ::env(POST_PLACE_PHYS_DIRECTIVE)]
#         ? $::env(POST_PLACE_PHYS_DIRECTIVE)
#         : ""
# }]
# set use_retime [expr {
#     [info exists ::env(USE_RETIME)]
#         ? $::env(USE_RETIME)
#         : 0
# }]
# set output_dir [file join $sweep_dir $run_name]
# set reports_dir [file join $output_dir reports]
# set start_time [clock seconds]
# file mkdir $output_dir
# file mkdir $reports_dir
# set vivado_threads [expr {
#     [info exists ::env(SLURM_CPUS_PER_TASK)]
#         ? $::env(SLURM_CPUS_PER_TASK)
#         : 4
# }]
# set_param general.maxThreads $vivado_threads
# puts "============================================================"
============================================================
# puts "RUN_NAME=$run_name"
RUN_NAME=qat_dsp_V2A1_allcut_ssi_retime_route_clk272
# puts "INPUT_CHECKPOINT=$input_checkpoint"
INPUT_CHECKPOINT=/mnt_pool/c3_users/user/pleguina/graphsage_vivado_2024_1_sweep/build/vivado_sweep/qat_dsp_V2A1_allcut_post_synth.dcp
# puts "PLACE_DIRECTIVE=$place_directive"
PLACE_DIRECTIVE=SSI_SpreadLogic_high
# puts "ROUTE_DIRECTIVE=$route_directive"
ROUTE_DIRECTIVE=Default
# puts "SCREEN_ONLY=$screen_only"
SCREEN_ONLY=0
# puts "USE_TNS_CLEANUP=$use_tns_cleanup"
USE_TNS_CLEANUP=1
# puts "USE_POST_PHYS=$use_post_phys"
USE_POST_PHYS=1
# puts "POST_PLACE_PHYS_DIRECTIVE=$post_place_phys_directive"
POST_PLACE_PHYS_DIRECTIVE=
# puts "VIVADO_MAX_THREADS=$vivado_threads"
VIVADO_MAX_THREADS=32
# puts "============================================================"
============================================================
# proc timing_slack {delay_type} {
# 
#     set paths [
#         get_timing_paths \
#             -delay_type $delay_type \
#             -max_paths 1 \
#             -quiet
#     ]
# 
#     if {[llength $paths] == 0} {
#         return "NA"
#     }
# 
#     return [get_property SLACK [lindex $paths 0]]
# }
# proc report_internal_timing {reports_dir stage} {
#     set registers [all_registers]
# 
#     report_timing \
#         -from $registers \
#         -to $registers \
#         -delay_type max \
#         -max_paths 100 \
#         -path_type full_clock_expanded \
#         -file [file join $reports_dir timing_internal_setup_${stage}.rpt]
# 
#     report_timing \
#         -from $registers \
#         -to $registers \
#         -delay_type min \
#         -max_paths 100 \
#         -path_type full_clock_expanded \
#         -file [file join $reports_dir timing_internal_hold_${stage}.rpt]
# }
# proc write_metadata {
#     path
#     status
#     run_name
#     place_directive
#     route_directive
#     screen_only
#     use_tns_cleanup
#     use_post_phys
#     post_place_phys_directive
#     start_time
#     clock_period_ns
# } {
# 
#     set metadata [open $path w]
# 
#     puts $metadata "run_name=$run_name"
#     puts $metadata "place_directive=$place_directive"
#     puts $metadata "route_directive=$route_directive"
#     puts $metadata "screen_only=$screen_only"
#     puts $metadata "tns_cleanup=$use_tns_cleanup"
#     puts $metadata "postroute_physopt=$use_post_phys"
#     puts $metadata "post_place_phys_directive=$post_place_phys_directive"
# 
#     puts $metadata "clock_period_ns=$clock_period_ns"
# 
#     puts $metadata \
#         "post_stage_setup_wns_ns=[timing_slack max]"
# 
#     puts $metadata \
#         "post_stage_hold_wns_ns=[timing_slack min]"
# 
#     puts $metadata \
#         "runtime_seconds=[expr {[clock seconds] - $start_time}]"
# 
#     puts $metadata "status=$status"
# 
#     close $metadata
# }
# if {![file exists $input_checkpoint]} {
#     error "Missing input checkpoint: $input_checkpoint"
# }
# open_checkpoint $input_checkpoint
Command: open_checkpoint /mnt_pool/c3_users/user/pleguina/graphsage_vivado_2024_1_sweep/build/vivado_sweep/qat_dsp_V2A1_allcut_post_synth.dcp

Starting open_checkpoint Task

Time (s): cpu = 00:00:00.03 ; elapsed = 00:00:00.03 . Memory (MB): peak = 1489.504 ; gain = 6.938 ; free physical = 50866 ; free virtual = 184021
INFO: [Device 21-403] Loading part xcvu13p-fsga2577-1-e
Netlist sorting complete. Time (s): cpu = 00:00:04 ; elapsed = 00:00:04 . Memory (MB): peak = 3761.152 ; gain = 29.867 ; free physical = 40774 ; free virtual = 175978
INFO: [Netlist 29-17] Analyzing 49531 Unisim elements for replacement
INFO: [Netlist 29-28] Unisim Transformation completed in 2 CPU seconds
INFO: [Project 1-479] Netlist was created with Vivado 2025.2
INFO: [Project 1-570] Preparing netlist for logic optimization
Read ShapeDB Complete: Time (s): cpu = 00:00:01 ; elapsed = 00:00:02 . Memory (MB): peak = 4330.238 ; gain = 195.859 ; free physical = 38340 ; free virtual = 174598
INFO: [Timing 38-478] Restoring timing data from binary archive.
INFO: [Timing 38-479] Binary timing data restore complete.
INFO: [Project 1-856] Restoring constraints from binary archive.
INFO: [Project 1-853] Binary constraint restore complete.
Netlist sorting complete. Time (s): cpu = 00:00:00.12 ; elapsed = 00:00:00.13 . Memory (MB): peak = 6206.625 ; gain = 0.000 ; free physical = 34125 ; free virtual = 168135
INFO: [Project 1-111] Unisim Transformation Summary:
  A total of 432 instances were transformed.
  DSP48E2 => DSP48E2 (DSP_ALU, DSP_A_B_DATA, DSP_C_DATA, DSP_MULTIPLIER, DSP_M_DATA, DSP_OUTPUT, DSP_PREADD, DSP_PREADD_DATA): 432 instances

INFO: [Project 1-604] Checkpoint was created with Vivado v2025.2 (64-bit) build 6299465
open_checkpoint: Time (s): cpu = 00:01:30 ; elapsed = 00:01:40 . Memory (MB): peak = 6206.660 ; gain = 4728.062 ; free physical = 34104 ; free virtual = 168133
# if {[llength [get_clocks -quiet ap_clk]] == 0} {
#     puts "LOADING_MISSING_TIMING_CONSTRAINTS=$xdc_file"
#     read_xdc $xdc_file
# }
# if {[llength [get_clocks -quiet ap_clk]] != 1} {
#     error "Expected exactly one ap_clk timing clock after loading $input_checkpoint"
# }
# if {[info exists ::env(CLOCK_PERIOD_NS)]} {
#     puts "OVERRIDING_CLOCK_PERIOD_NS=$clock_period"
#     create_clock -name ap_clk -period $clock_period [get_ports ap_clk]
# }
OVERRIDING_CLOCK_PERIOD_NS=2.72
WARNING: [Constraints 18-619] A clock with name 'ap_clk' already exists, overwriting the previous clock with the same name.
# report_property \
#     [get_ports ap_clk] \
#     -file [
#         file join \
#             $reports_dir \
#             ap_clk_properties.rpt
#     ]
# opt_design -directive Explore
Command: opt_design -directive Explore
INFO: [Vivado_Tcl 4-136] Directive used for opt_design is: Explore
Attempting to get a license for feature 'Implementation' and/or device 'xcvu13p'
INFO: [Common 17-349] Got license for feature 'Implementation' and/or device 'xcvu13p'
INFO: [Common 17-1540] The version limit for your license is '2026.02' and has expired for new software. A version limit expiration means that, although you may be able to continue to use the current version of tools or IP with this license, you will not be eligible for new releases.
Running DRC as a precondition to command opt_design

Starting DRC Task
INFO: [DRC 23-27] Running DRC with 32 threads
WARNING: [DRC 23-814] Not all possible (connectivity based) DRCs may have been run because this design is seen as Out of Context.
INFO: [Project 1-461] DRC finished with 0 Errors
INFO: [Project 1-462] Please refer to the DRC report (report_drc) for more information.

Time (s): cpu = 00:00:10 ; elapsed = 00:00:03 . Memory (MB): peak = 6573.488 ; gain = 358.859 ; free physical = 29713 ; free virtual = 165728

Starting Logic Optimization Task

Phase 1 Initialization

Phase 1.1 Core Generation And Design Setup
Phase 1.1 Core Generation And Design Setup | Checksum: 156bacec0

Time (s): cpu = 00:00:00.58 ; elapsed = 00:00:00.58 . Memory (MB): peak = 6581.488 ; gain = 0.000 ; free physical = 29552 ; free virtual = 165660

Phase 1.2 Setup Constraints And Sort Netlist
Phase 1.2 Setup Constraints And Sort Netlist | Checksum: 156bacec0

Time (s): cpu = 00:00:00.82 ; elapsed = 00:00:00.82 . Memory (MB): peak = 6581.488 ; gain = 0.000 ; free physical = 29548 ; free virtual = 165660
Phase 1 Initialization | Checksum: 156bacec0

Time (s): cpu = 00:00:00.86 ; elapsed = 00:00:00.86 . Memory (MB): peak = 6581.488 ; gain = 0.000 ; free physical = 29548 ; free virtual = 165660

Phase 2 Timer Update And Timing Data Collection

Phase 2.1 Detect if minReqCache needed
Phase 2.1 Detect if minReqCache needed | Checksum: 156bacec0

Time (s): cpu = 00:00:02 ; elapsed = 00:00:02 . Memory (MB): peak = 6933.488 ; gain = 352.000 ; free physical = 29151 ; free virtual = 165262

Phase 2.2 Timer Update
Phase 2.2 Timer Update | Checksum: 156bacec0

Time (s): cpu = 00:00:13 ; elapsed = 00:00:06 . Memory (MB): peak = 6933.488 ; gain = 352.000 ; free physical = 29000 ; free virtual = 165245
Phase 2 Timer Update And Timing Data Collection | Checksum: 156bacec0

Time (s): cpu = 00:00:13 ; elapsed = 00:00:06 . Memory (MB): peak = 6933.488 ; gain = 352.000 ; free physical = 28997 ; free virtual = 165244

Phase 3 Retarget
INFO: [Opt 31-1851] Number of loadless carry chains removed were: 0
INFO: [Opt 31-1834] Total Chains To Be Transformed Were: 0 AND Number of Transformed insts Created are: 0
INFO: [Opt 31-138] Pushed 104 inverter(s) to 424 load pin(s).
INFO: [Opt 31-49] Retargeted 0 cell(s).
Phase 3 Retarget | Checksum: 14bcca2e8

Time (s): cpu = 00:00:24 ; elapsed = 00:00:16 . Memory (MB): peak = 7181.609 ; gain = 600.121 ; free physical = 28165 ; free virtual = 164717
Retarget | Checksum: 14bcca2e8
INFO: [Opt 31-389] Phase Retarget created 76 cells and removed 180 cells

Phase 4 Constant propagation
INFO: [Opt 31-138] Pushed 0 inverter(s) to 0 load pin(s).
Phase 4 Constant propagation | Checksum: 14537d243

Time (s): cpu = 00:00:28 ; elapsed = 00:00:21 . Memory (MB): peak = 7181.609 ; gain = 600.121 ; free physical = 27322 ; free virtual = 164188
Constant propagation | Checksum: 14537d243
INFO: [Opt 31-389] Phase Constant propagation created 104 cells and removed 106 cells

Phase 5 Sweep
INFO: [Constraints 18-11670] Building netlist checker database with flags, 0x8
Done building netlist checker database: Time (s): cpu = 00:00:00.16 ; elapsed = 00:00:00.17 . Memory (MB): peak = 7181.609 ; gain = 0.000 ; free physical = 27305 ; free virtual = 164171
INFO: [Constraints 18-11670] Building netlist checker database with flags, 0x8
Done building netlist checker database: Time (s): cpu = 00:00:00.14 ; elapsed = 00:00:00.15 . Memory (MB): peak = 7181.609 ; gain = 0.000 ; free physical = 26113 ; free virtual = 163681
Phase 5 Sweep | Checksum: 1247709e3

Time (s): cpu = 00:00:38 ; elapsed = 00:00:31 . Memory (MB): peak = 7181.609 ; gain = 600.121 ; free physical = 29376 ; free virtual = 163758
Sweep | Checksum: 1247709e3
INFO: [Opt 31-389] Phase Sweep created 0 cells and removed 52 cells

Phase 6 BUFG optimization
INFO: [Opt 31-1077] Phase BUFG optimization inserted 0 global clock buffer(s) for CLOCK_LOW_FANOUT.
Phase 6 BUFG optimization | Checksum: 1247709e3

Time (s): cpu = 00:00:42 ; elapsed = 00:00:34 . Memory (MB): peak = 7213.625 ; gain = 632.137 ; free physical = 29187 ; free virtual = 163736
BUFG optimization | Checksum: 1247709e3
INFO: [Opt 31-662] Phase BUFG optimization created 0 cells of which 0 are BUFGs and removed 0 cells.

Phase 7 Shift Register Optimization
INFO: [Opt 31-1064] SRL Remap converted 0 SRLs to 0 registers and converted 0 registers of register chains to 0 SRLs
Phase 7 Shift Register Optimization | Checksum: 1247709e3

Time (s): cpu = 00:00:42 ; elapsed = 00:00:34 . Memory (MB): peak = 7213.625 ; gain = 632.137 ; free physical = 29167 ; free virtual = 163735
Shift Register Optimization | Checksum: 1247709e3
INFO: [Opt 31-389] Phase Shift Register Optimization created 0 cells and removed 0 cells
INFO: [Opt 31-1555] control_set_opt supports Versal devices only, and device xcvu13p is unsupported

Phase 8 Post Processing Netlist
Phase 8 Post Processing Netlist | Checksum: 1247709e3

Time (s): cpu = 00:00:44 ; elapsed = 00:00:36 . Memory (MB): peak = 7213.625 ; gain = 632.137 ; free physical = 28988 ; free virtual = 163665
Post Processing Netlist | Checksum: 1247709e3
INFO: [Opt 31-389] Phase Post Processing Netlist created 0 cells and removed 0 cells

Phase 9 Finalization

Phase 9.1 Finalizing Design Cores and Updating Shapes
Phase 9.1 Finalizing Design Cores and Updating Shapes | Checksum: 197bf2352

Time (s): cpu = 00:01:13 ; elapsed = 00:01:02 . Memory (MB): peak = 7213.625 ; gain = 632.137 ; free physical = 28437 ; free virtual = 163806

Phase 9.2 Verifying Netlist Connectivity

Starting Connectivity Check Task

Time (s): cpu = 00:00:00.79 ; elapsed = 00:00:00.8 . Memory (MB): peak = 7213.625 ; gain = 0.000 ; free physical = 28333 ; free virtual = 163804
Phase 9.2 Verifying Netlist Connectivity | Checksum: 197bf2352

Time (s): cpu = 00:01:14 ; elapsed = 00:01:03 . Memory (MB): peak = 7213.625 ; gain = 632.137 ; free physical = 28321 ; free virtual = 163804
Phase 9 Finalization | Checksum: 197bf2352

Time (s): cpu = 00:01:14 ; elapsed = 00:01:03 . Memory (MB): peak = 7213.625 ; gain = 632.137 ; free physical = 28312 ; free virtual = 163804
Opt_design Change Summary
=========================


-------------------------------------------------------------------------------------------------------------------------
|  Phase                        |  #Cells created  |  #Cells Removed  |  #Constrained objects preventing optimizations  |
-------------------------------------------------------------------------------------------------------------------------
|  Retarget                     |              76  |             180  |                                              0  |
|  Constant propagation         |             104  |             106  |                                              0  |
|  Sweep                        |               0  |              52  |                                              0  |
|  BUFG optimization            |               0  |               0  |                                              0  |
|  Shift Register Optimization  |               0  |               0  |                                              0  |
|  Post Processing Netlist      |               0  |               0  |                                              0  |
-------------------------------------------------------------------------------------------------------------------------


Ending Logic Optimization Task | Checksum: 197bf2352

Time (s): cpu = 00:01:14 ; elapsed = 00:01:03 . Memory (MB): peak = 7213.625 ; gain = 632.137 ; free physical = 28312 ; free virtual = 163804
Netlist sorting complete. Time (s): cpu = 00:00:00.11 ; elapsed = 00:00:00.12 . Memory (MB): peak = 7213.625 ; gain = 0.000 ; free physical = 30079 ; free virtual = 163800
INFO: [Common 17-83] Releasing license: Implementation
23 Infos, 1 Warnings, 0 Critical Warnings and 0 Errors encountered.
opt_design completed successfully
opt_design: Time (s): cpu = 00:01:28 ; elapsed = 00:01:29 . Memory (MB): peak = 7213.625 ; gain = 1006.965 ; free physical = 30066 ; free virtual = 163801
# if {[info exists ::env(PRE_PLACE_TCL)] && $::env(PRE_PLACE_TCL) ne ""} {
#     set pre_place_tcl [file normalize $::env(PRE_PLACE_TCL)]
#     if {![file exists $pre_place_tcl]} {
#         error "Missing PRE_PLACE_TCL hook: $pre_place_tcl"
#     }
#     puts "SOURCING_PRE_PLACE_TCL=$pre_place_tcl"
#     source $pre_place_tcl
# }
# write_checkpoint \
#     -force \
#     [
#         file join \
#             $output_dir \
#             post_opt.dcp
#     ]
INFO: [Timing 38-35] Done setting XDC timing constraints.
INFO: [Timing 38-480] Writing timing data to binary archive.
Write ShapeDB Complete: Time (s): cpu = 00:00:04 ; elapsed = 00:00:01 . Memory (MB): peak = 7213.625 ; gain = 0.000 ; free physical = 28722 ; free virtual = 163640
INFO: [Common 17-1381] The checkpoint '/mnt_pool/c3_users/user/pleguina/graphsage_vivado_2024_1_sweep/build/vivado_sweep/qat_dsp_V2A1_allcut_ssi_retime_route_clk272/post_opt.dcp' has been generated.
write_checkpoint: Time (s): cpu = 00:02:16 ; elapsed = 00:00:38 . Memory (MB): peak = 7213.625 ; gain = 0.000 ; free physical = 27090 ; free virtual = 163516
# puts "============================================================"
============================================================
# puts "STARTING_PLACEMENT=$place_directive"
STARTING_PLACEMENT=SSI_SpreadLogic_high
# puts "============================================================"
============================================================
# place_design \
#     -directive $place_directive \
#     -timing_summary
Command: place_design -directive SSI_SpreadLogic_high -timing_summary
Attempting to get a license for feature 'Implementation' and/or device 'xcvu13p'
INFO: [Common 17-349] Got license for feature 'Implementation' and/or device 'xcvu13p'
INFO: [Common 17-1540] The version limit for your license is '2026.02' and has expired for new software. A version limit expiration means that, although you may be able to continue to use the current version of tools or IP with this license, you will not be eligible for new releases.
INFO: [Common 17-83] Releasing license: Implementation
INFO: [DRC 23-27] Running DRC with 32 threads
WARNING: [DRC 23-814] Not all possible (connectivity based) DRCs may have been run because this design is seen as Out of Context.
INFO: [Vivado_Tcl 4-198] DRC finished with 0 Errors
INFO: [Vivado_Tcl 4-199] Please refer to the DRC report (report_drc) for more information.
INFO: [Vivado_Tcl 4-2302] The placer was invoked with the 'SSI_SpreadLogic_high' directive.
Running DRC as a precondition to command place_design
INFO: [DRC 23-27] Running DRC with 32 threads
WARNING: [DRC 23-814] Not all possible (connectivity based) DRCs may have been run because this design is seen as Out of Context.
INFO: [Vivado_Tcl 4-198] DRC finished with 0 Errors
INFO: [Vivado_Tcl 4-199] Please refer to the DRC report (report_drc) for more information.
INFO: [Place 30-611] Multithreading enabled for place_design using a maximum of 32 CPUs

Starting Placer Task

Phase 1 Placer Initialization

Phase 1.1 Placer Initialization Netlist Sorting
Netlist sorting complete. Time (s): cpu = 00:00:00.12 ; elapsed = 00:00:00.13 . Memory (MB): peak = 7213.625 ; gain = 0.000 ; free physical = 27680 ; free virtual = 163648
Phase 1.1 Placer Initialization Netlist Sorting | Checksum: af780353

Time (s): cpu = 00:00:00.23 ; elapsed = 00:00:00.23 . Memory (MB): peak = 7213.625 ; gain = 0.000 ; free physical = 27679 ; free virtual = 163648
Netlist sorting complete. Time (s): cpu = 00:00:00.11 ; elapsed = 00:00:00.12 . Memory (MB): peak = 7213.625 ; gain = 0.000 ; free physical = 27670 ; free virtual = 163647

Phase 1.2 IO Placement/ Clock Placement/ Build Placer Device
Phase 1.2 IO Placement/ Clock Placement/ Build Placer Device | Checksum: 907cf9a8

Time (s): cpu = 00:00:39 ; elapsed = 00:00:31 . Memory (MB): peak = 7296.352 ; gain = 82.727 ; free physical = 25172 ; free virtual = 162752

Phase 1.3 Build Placer Netlist Model
Phase 1.3 Build Placer Netlist Model | Checksum: 17179cdac

Time (s): cpu = 00:05:13 ; elapsed = 00:01:47 . Memory (MB): peak = 9743.926 ; gain = 2530.301 ; free physical = 20651 ; free virtual = 155739

Phase 1.4 Constrain Clocks/Macros
Phase 1.4 Constrain Clocks/Macros | Checksum: 17179cdac

Time (s): cpu = 00:05:13 ; elapsed = 00:01:47 . Memory (MB): peak = 9743.926 ; gain = 2530.301 ; free physical = 20621 ; free virtual = 155733
Phase 1 Placer Initialization | Checksum: 17179cdac

Time (s): cpu = 00:05:14 ; elapsed = 00:01:48 . Memory (MB): peak = 9743.926 ; gain = 2530.301 ; free physical = 20540 ; free virtual = 155726

Phase 2 Global Placement

Phase 2.1 Floorplanning

Phase 2.1.1 Partition Driven Placement

Phase 2.1.1.1 PBP: Partition Driven Placement
Phase 2.1.1.1 PBP: Partition Driven Placement | Checksum: f4da4355

Time (s): cpu = 00:09:33 ; elapsed = 00:03:19 . Memory (MB): peak = 10016.059 ; gain = 2802.434 ; free physical = 18673 ; free virtual = 154970

Phase 2.1.1.2 PBP: Clock Region Placement
INFO: [Place 30-3164] Check ILP status : ILP-based clock placer is skipped.
Phase 2.1.1.2 PBP: Clock Region Placement | Checksum: f4da4355

Time (s): cpu = 00:09:35 ; elapsed = 00:03:21 . Memory (MB): peak = 10016.059 ; gain = 2802.434 ; free physical = 20410 ; free virtual = 154952

Phase 2.1.1.3 PBP: Compute Congestion
Phase 2.1.1.3 PBP: Compute Congestion | Checksum: f4da4355

Time (s): cpu = 00:10:28 ; elapsed = 00:03:35 . Memory (MB): peak = 10259.309 ; gain = 3045.684 ; free physical = 18978 ; free virtual = 154675

Phase 2.1.1.4 PBP: UpdateTiming
Phase 2.1.1.4 PBP: UpdateTiming | Checksum: 141915ada

Time (s): cpu = 00:11:32 ; elapsed = 00:03:49 . Memory (MB): peak = 10451.402 ; gain = 3237.777 ; free physical = 19524 ; free virtual = 154787

Phase 2.1.1.5 PBP: Add part constraints
Phase 2.1.1.5 PBP: Add part constraints | Checksum: 141915ada

Time (s): cpu = 00:11:35 ; elapsed = 00:03:52 . Memory (MB): peak = 10451.402 ; gain = 3237.777 ; free physical = 19164 ; free virtual = 154780
Phase 2.1.1 Partition Driven Placement | Checksum: 141915ada

Time (s): cpu = 00:11:35 ; elapsed = 00:03:52 . Memory (MB): peak = 10451.402 ; gain = 3237.777 ; free physical = 19139 ; free virtual = 154782
Phase 2.1 Floorplanning | Checksum: 141915ada

Time (s): cpu = 00:11:35 ; elapsed = 00:03:52 . Memory (MB): peak = 10451.402 ; gain = 3237.777 ; free physical = 19134 ; free virtual = 154782

Phase 2.2 Physical Synthesis After Floorplan
INFO: [Physopt 32-775] End 1 Pass. Optimized 0 net or cell. Created 0 new cell, deleted 0 existing cell and moved 0 existing cell
Netlist sorting complete. Time (s): cpu = 00:00:00.11 ; elapsed = 00:00:00.12 . Memory (MB): peak = 10451.402 ; gain = 0.000 ; free physical = 20143 ; free virtual = 154803

Summary of Physical Synthesis Optimizations
============================================


-----------------------------------------------------------------------------------------------------------------------------------------------
|  Optimization                         |  Added Cells  |  Removed Cells  |  Optimized Cells/Nets  |  Dont Touch  |  Iterations  |  Elapsed   |
-----------------------------------------------------------------------------------------------------------------------------------------------
|  PSIP Post Floorplan SLR Replication  |            0  |              0  |                     0  |           0  |           1  |  00:00:03  |
|  Total                                |            0  |              0  |                     0  |           0  |           1  |  00:00:03  |
-----------------------------------------------------------------------------------------------------------------------------------------------


Phase 2.2 Physical Synthesis After Floorplan | Checksum: 141915ada

Time (s): cpu = 00:11:39 ; elapsed = 00:03:56 . Memory (MB): peak = 10451.402 ; gain = 3237.777 ; free physical = 20135 ; free virtual = 154803

Phase 2.3 Update Timing before SLR Path Opt
Phase 2.3 Update Timing before SLR Path Opt | Checksum: 141915ada

Time (s): cpu = 00:11:39 ; elapsed = 00:03:56 . Memory (MB): peak = 10451.402 ; gain = 3237.777 ; free physical = 20134 ; free virtual = 154802

Phase 2.4 Post-Processing in Floorplanning
Phase 2.4 Post-Processing in Floorplanning | Checksum: fd65bb9e

Time (s): cpu = 00:11:41 ; elapsed = 00:03:57 . Memory (MB): peak = 10451.402 ; gain = 3237.777 ; free physical = 20106 ; free virtual = 154804

Phase 2.5 Global Place Phase1
Phase 2.5 Global Place Phase1 | Checksum: 12f873fd1

Time (s): cpu = 00:20:51 ; elapsed = 00:06:53 . Memory (MB): peak = 11536.090 ; gain = 4322.465 ; free physical = 24646 ; free virtual = 151627

Phase 2.6 Global Place Phase2

Phase 2.6.1 UpdateTiming Before Physical Synthesis
Phase 2.6.1 UpdateTiming Before Physical Synthesis | Checksum: 126e4ed2d

Time (s): cpu = 00:22:23 ; elapsed = 00:07:01 . Memory (MB): peak = 11536.090 ; gain = 4322.465 ; free physical = 24185 ; free virtual = 151615

Phase 2.6.2 Physical Synthesis In Placer
INFO: [Physopt 32-1035] Found 2 LUTNM shape to break, 6261 LUT instances to create LUTNM shape
INFO: [Physopt 32-1044] Break lutnm for timing: one critical 2, two critical 0, total 2, new lutff created 0
INFO: [Physopt 32-1138] End 1 Pass. Optimized 2878 nets or LUTs. Breaked 2 LUTs, combined 2876 existing LUTs and moved 0 existing LUT
INFO: [Physopt 32-1030] Pass 1. Identified 200 candidate driver sets for equivalent driver rewiring.
INFO: [Physopt 32-661] Optimized 168 nets.  Re-placed 384 instances.
INFO: [Physopt 32-775] End 1 Pass. Optimized 168 nets or cells. Created 0 new cell, deleted 0 existing cell and moved 384 existing cells
Netlist sorting complete. Time (s): cpu = 00:00:01 ; elapsed = 00:00:01 . Memory (MB): peak = 11536.090 ; gain = 0.000 ; free physical = 23071 ; free virtual = 151596
INFO: [Physopt 32-65] No nets found for high-fanout optimization.
INFO: [Physopt 32-232] Optimized 0 net. Created 0 new instance.
INFO: [Physopt 32-775] End 1 Pass. Optimized 0 net or cell. Created 0 new cell, deleted 0 existing cell and moved 0 existing cell
INFO: [Physopt 32-76] Pass 1. Identified 25 candidate nets for fanout optimization.
INFO: [Physopt 32-81] Processed net grp_l1_neighbor_channel_false_23_true_s_fu_8214/mul_8s_7ns_15_4_0_U9987/din0_reg_reg[3]_0. Replicated 8 times.
INFO: [Physopt 32-81] Processed net grp_l1_neighbor_channel_false_23_true_s_fu_8214/aggregate_input_5_6_val_read_reg_3677_reg[7]_0[0]. Replicated 5 times.
INFO: [Physopt 32-81] Processed net grp_l1_neighbor_channel_false_22_true_s_fu_8090/aggregate_input_0_6_val_read_reg_4046_reg[7]_0[6]. Replicated 7 times.
INFO: [Physopt 32-81] Processed net grp_l1_neighbor_channel_false_22_true_s_fu_8090/mul_8s_8ns_16_4_0_U9774/din0_reg_reg[3]_0. Replicated 9 times.
INFO: [Physopt 32-81] Processed net grp_l1_neighbor_channel_false_22_true_s_fu_8090/aggregate_input_0_6_val_read_reg_4046_reg[7]_0[1]. Replicated 6 times.
INFO: [Physopt 32-81] Processed net grp_l1_neighbor_channel_false_22_true_s_fu_8090/aggregate_input_1_6_val_read_reg_4006_reg[7]_0[3]. Replicated 6 times.
INFO: [Physopt 32-81] Processed net grp_l1_neighbor_channel_false_22_true_s_fu_8090/aggregate_input_0_6_val_read_reg_4046_reg[7]_0[0]. Replicated 5 times.
INFO: [Physopt 32-81] Processed net scale_1_reg_102728[8]. Replicated 4 times.
INFO: [Physopt 32-81] Processed net grp_l1_neighbor_channel_false_23_true_s_fu_8214/aggregate_input_5_6_val_read_reg_3677_reg[7]_0[4]. Replicated 6 times.
INFO: [Physopt 32-81] Processed net scale_1_reg_102728[5]. Replicated 4 times.
INFO: [Physopt 32-81] Processed net grp_l1_neighbor_channel_false_23_true_s_fu_8214/aggregate_input_5_6_val_read_reg_3677_reg[7]_0[6]. Replicated 6 times.
INFO: [Physopt 32-81] Processed net grp_l1_neighbor_channel_false_22_true_s_fu_8090/mul_8s_8ns_16_4_0_U9774/din0_reg_reg[7]_0. Replicated 9 times.
INFO: [Physopt 32-81] Processed net grp_l1_neighbor_channel_false_22_true_s_fu_8090/aggregate_input_1_6_val_read_reg_4006_reg[7]_0[4]. Replicated 6 times.
INFO: [Physopt 32-81] Processed net grp_l1_neighbor_channel_false_23_true_s_fu_8214/mul_8s_7ns_15_4_0_U10047/din0_reg_reg[1]_0. Replicated 8 times.
INFO: [Physopt 32-81] Processed net grp_l1_neighbor_channel_false_22_true_s_fu_8090/mul_8s_8ns_16_4_0_U9753/din0_reg_reg[1]_0. Replicated 8 times.
INFO: [Physopt 32-81] Processed net grp_l1_neighbor_channel_false_22_true_s_fu_8090/aggregate_input_0_6_val_read_reg_4046_reg[7]_0[7]. Replicated 6 times.
INFO: [Physopt 32-81] Processed net grp_l1_neighbor_channel_false_23_true_s_fu_8214/mul_8s_7ns_15_4_0_U9987/din0_reg_reg[2]_0. Replicated 7 times.
INFO: [Physopt 32-81] Processed net grp_l1_neighbor_channel_false_22_true_s_fu_8090/mul_8s_8ns_16_4_0_U9746/din0_reg_reg[5]_0. Replicated 8 times.
INFO: [Physopt 32-81] Processed net grp_l1_neighbor_channel_false_23_true_s_fu_8214/aggregate_input_5_6_val_read_reg_3677_reg[7]_0[3]. Replicated 7 times.
INFO: [Physopt 32-81] Processed net grp_l1_neighbor_channel_false_22_true_s_fu_8090/aggregate_input_1_6_val_read_reg_4006_reg[7]_0[6]. Replicated 7 times.
INFO: [Physopt 32-81] Processed net grp_l1_neighbor_channel_false_22_true_s_fu_8090/aggregate_input_1_6_val_read_reg_4006_reg[7]_0[5]. Replicated 8 times.
INFO: [Physopt 32-81] Processed net grp_l1_neighbor_channel_false_22_true_s_fu_8090/aggregate_input_0_6_val_read_reg_4046_reg[7]_0[2]. Replicated 6 times.
INFO: [Physopt 32-81] Processed net grp_l1_neighbor_channel_false_22_true_s_fu_8090/mul_8s_8ns_16_4_0_U9753/din0_reg_reg[6]_0. Replicated 9 times.
INFO: [Physopt 32-81] Processed net grp_l1_neighbor_channel_false_23_true_s_fu_8214/mul_8s_7ns_15_4_0_U9999/din0_reg_reg[1]_0. Replicated 7 times.
INFO: [Physopt 32-81] Processed net grp_l1_neighbor_channel_false_23_true_s_fu_8214/mul_8s_7ns_15_4_0_U9999/din0_reg_reg[7]_0. Replicated 7 times.
INFO: [Physopt 32-232] Optimized 25 nets. Created 169 new instances.
INFO: [Physopt 32-775] End 1 Pass. Optimized 25 nets or cells. Created 169 new cells, deleted 0 existing cell and moved 0 existing cell
Netlist sorting complete. Time (s): cpu = 00:00:02 ; elapsed = 00:00:02 . Memory (MB): peak = 11536.090 ; gain = 0.000 ; free physical = 22877 ; free virtual = 151711
INFO: [Physopt 32-46] Identified 9 candidate nets for critical-cell optimization.
INFO: [Physopt 32-571] Net scale_1_reg_102728[0] was not replicated.
INFO: [Physopt 32-571] Net scale_1_reg_102728[6] was not replicated.
INFO: [Physopt 32-571] Net scale_1_reg_102728[2] was not replicated.
INFO: [Physopt 32-571] Net scale_1_reg_102728[9] was not replicated.
INFO: [Physopt 32-571] Net scale_1_reg_102728[11] was not replicated.
INFO: [Physopt 32-571] Net scale_1_reg_102728[12] was not replicated.
INFO: [Physopt 32-571] Net scale_1_reg_102728[10] was not replicated.
INFO: [Physopt 32-571] Net scale_1_reg_102728[3] was not replicated.
INFO: [Physopt 32-571] Net scale_1_reg_102728[7] was not replicated.
INFO: [Physopt 32-232] Optimized 0 net. Created 0 new instance.
INFO: [Physopt 32-775] End 1 Pass. Optimized 0 net or cell. Created 0 new cell, deleted 0 existing cell and moved 0 existing cell
INFO: [Physopt 32-457] Pass 1. Identified 6 candidate cells for DSP register optimization.
INFO: [Physopt 32-665] Processed cell grp_l1_neighbor_channel_false_15_true_s_fu_7330/am_addmul_8s_8s_8s_16_4_0_U8405/graphsage_po2_qat_partitioned_am_addmul_8s_8s_8s_16_4_0_DSP48_0_U/p_reg_reg. 8 registers were pushed out.
INFO: [Physopt 32-665] Processed cell mul_13ns_11s_24_5_1_U15097/buff2_reg. 11 registers were pushed out.
INFO: [Physopt 32-665] Processed cell mul_13ns_11s_24_5_1_U15095/buff2_reg. 11 registers were pushed out.
INFO: [Physopt 32-665] Processed cell grp_l1_neighbor_channel_false_8_true_s_fu_6554/am_addmul_8s_8s_7s_15_4_0_U6902/graphsage_po2_qat_partitioned_am_addmul_8s_8s_7s_15_4_0_DSP48_0_U/p_reg_reg. 8 registers were pushed out.
INFO: [Physopt 32-665] Processed cell mul_13ns_11s_24_5_1_U15104/buff2_reg. 11 registers were pushed out.
INFO: [Physopt 32-665] Processed cell mul_13ns_11s_24_5_1_U15092/buff2_reg. 11 registers were pushed out.
INFO: [Physopt 32-775] End 2 Pass. Optimized 6 nets or cells. Created 60 new cells, deleted 0 existing cell and moved 0 existing cell
Netlist sorting complete. Time (s): cpu = 00:00:01 ; elapsed = 00:00:01 . Memory (MB): peak = 11536.090 ; gain = 0.000 ; free physical = 22639 ; free virtual = 151647
INFO: [Physopt 32-1123] No candidate cells found for Shift Register to Pipeline optimization
INFO: [Physopt 32-775] End 2 Pass. Optimized 0 net or cell. Created 0 new cell, deleted 0 existing cell and moved 0 existing cell
INFO: [Physopt 32-1402] Pass 1: Identified 54 candidate cells for Shift Register optimization.
INFO: [Physopt 32-775] End 1 Pass. Optimized 53 nets or cells. Created 57 new cells, deleted 0 existing cell and moved 0 existing cell
Netlist sorting complete. Time (s): cpu = 00:00:00.31 ; elapsed = 00:00:00.32 . Memory (MB): peak = 11536.090 ; gain = 0.000 ; free physical = 22695 ; free virtual = 151724
INFO: [Physopt 32-526] No candidate cells for BRAM register optimization found in the design
INFO: [Physopt 32-775] End 1 Pass. Optimized 0 net or cell. Created 0 new cell, deleted 0 existing cell and moved 0 existing cell
INFO: [Physopt 32-846] No candidate cells for URAM register optimization found in the design
INFO: [Physopt 32-775] End 1 Pass. Optimized 0 net or cell. Created 0 new cell, deleted 0 existing cell and moved 0 existing cell
INFO: [Physopt 32-846] No candidate cells for URAM register optimization found in the design
INFO: [Physopt 32-775] End 1 Pass. Optimized 0 net or cell. Created 0 new cell, deleted 0 existing cell and moved 0 existing cell
INFO: [Physopt 32-949] No candidate nets found for dynamic/static region interface net replication
INFO: [Physopt 32-775] End 1 Pass. Optimized 0 net or cell. Created 0 new cell, deleted 0 existing cell and moved 0 existing cell
Netlist sorting complete. Time (s): cpu = 00:00:00.12 ; elapsed = 00:00:00.12 . Memory (MB): peak = 11536.090 ; gain = 0.000 ; free physical = 22605 ; free virtual = 151719

Summary of Physical Synthesis Optimizations
============================================


-----------------------------------------------------------------------------------------------------------------------------------------------------------
|  Optimization                                     |  Added Cells  |  Removed Cells  |  Optimized Cells/Nets  |  Dont Touch  |  Iterations  |  Elapsed   |
-----------------------------------------------------------------------------------------------------------------------------------------------------------
|  LUT Combining                                    |            2  |           2876  |                  2878  |           0  |           1  |  00:00:04  |
|  Retime                                           |            0  |              0  |                     0  |           0  |           1  |  00:00:00  |
|  Equivalent Driver Rewiring                       |            0  |              0  |                   168  |           0  |           1  |  00:00:06  |
|  Very High Fanout                                 |            0  |              0  |                     0  |           0  |           1  |  00:00:01  |
|  Fanout                                           |          169  |              0  |                    25  |           0  |           1  |  00:00:05  |
|  Critical Cell                                    |            0  |              0  |                     0  |           0  |           1  |  00:00:00  |
|  DSP Register                                     |           60  |              0  |                     6  |           0  |           1  |  00:00:01  |
|  Shift Register to Pipeline                       |            0  |              0  |                     0  |           0  |           1  |  00:00:00  |
|  Shift Register                                   |           57  |              0  |                    53  |           0  |           1  |  00:00:01  |
|  BRAM Register                                    |            0  |              0  |                     0  |           0  |           1  |  00:00:00  |
|  URAM Register                                    |            0  |              0  |                     0  |           0  |           1  |  00:00:01  |
|  Dynamic/Static Region Interface Net Replication  |            0  |              0  |                     0  |           0  |           1  |  00:00:00  |
|  Total                                            |          288  |           2876  |                  3130  |           0  |          12  |  00:00:19  |
-----------------------------------------------------------------------------------------------------------------------------------------------------------


Phase 2.6.2 Physical Synthesis In Placer | Checksum: 13049f87a

Time (s): cpu = 00:23:57 ; elapsed = 00:07:41 . Memory (MB): peak = 11536.090 ; gain = 4322.465 ; free physical = 21641 ; free virtual = 151586
Phase 2.6 Global Place Phase2 | Checksum: 8a0f7ffc

Time (s): cpu = 00:26:42 ; elapsed = 00:08:28 . Memory (MB): peak = 11536.090 ; gain = 4322.465 ; free physical = 18684 ; free virtual = 151455
Phase 2 Global Placement | Checksum: 8a0f7ffc

Time (s): cpu = 00:26:43 ; elapsed = 00:08:28 . Memory (MB): peak = 11536.090 ; gain = 4322.465 ; free physical = 18684 ; free virtual = 151455

Phase 3 Detail Placement

Phase 3.1 Commit Multi Column Macros
Phase 3.1 Commit Multi Column Macros | Checksum: 14af49b15

Time (s): cpu = 00:27:45 ; elapsed = 00:08:46 . Memory (MB): peak = 11536.090 ; gain = 4322.465 ; free physical = 18390 ; free virtual = 151536

Phase 3.2 Commit Most Macros & LUTRAMs
Phase 3.2 Commit Most Macros & LUTRAMs | Checksum: 1b99e83ef

Time (s): cpu = 00:29:11 ; elapsed = 00:09:19 . Memory (MB): peak = 11536.090 ; gain = 4322.465 ; free physical = 16387 ; free virtual = 151392

Phase 3.3 Small Shape DP

Phase 3.3.1 Small Shape Clustering
Phase 3.3.1 Small Shape Clustering | Checksum: 1e606b9a1

Time (s): cpu = 00:33:57 ; elapsed = 00:10:20 . Memory (MB): peak = 11536.090 ; gain = 4322.465 ; free physical = 15761 ; free virtual = 151264

Phase 3.3.2 Slice Area Swap

Phase 3.3.2.1 Slice Area Swap Initial
Phase 3.3.2.1 Slice Area Swap Initial | Checksum: 19975559f

Time (s): cpu = 00:34:18 ; elapsed = 00:10:31 . Memory (MB): peak = 11536.090 ; gain = 4322.465 ; free physical = 14935 ; free virtual = 151193
Phase 3.3.2 Slice Area Swap | Checksum: 1e481a33a

Time (s): cpu = 00:34:29 ; elapsed = 00:10:39 . Memory (MB): peak = 11536.090 ; gain = 4322.465 ; free physical = 14493 ; free virtual = 151170
Phase 3.3 Small Shape DP | Checksum: fa956766

Time (s): cpu = 00:35:05 ; elapsed = 00:10:50 . Memory (MB): peak = 11536.090 ; gain = 4322.465 ; free physical = 13821 ; free virtual = 151130

Phase 3.4 Re-assign LUT pins
Phase 3.4 Re-assign LUT pins | Checksum: d2935c29

Time (s): cpu = 00:35:26 ; elapsed = 00:11:08 . Memory (MB): peak = 11536.090 ; gain = 4322.465 ; free physical = 15691 ; free virtual = 151197

Phase 3.5 Pipeline Register Optimization
Phase 3.5 Pipeline Register Optimization | Checksum: 1be4b65ea

Time (s): cpu = 00:35:37 ; elapsed = 00:11:16 . Memory (MB): peak = 11536.090 ; gain = 4322.465 ; free physical = 15586 ; free virtual = 151328

Phase 3.6 Fast Optimization
Phase 3.6 Fast Optimization | Checksum: d83c3414

Time (s): cpu = 00:40:23 ; elapsed = 00:11:52 . Memory (MB): peak = 11536.090 ; gain = 4322.465 ; free physical = 15390 ; free virtual = 151248
Phase 3 Detail Placement | Checksum: d83c3414

Time (s): cpu = 00:40:27 ; elapsed = 00:11:53 . Memory (MB): peak = 11536.090 ; gain = 4322.465 ; free physical = 15291 ; free virtual = 151247

Phase 4 Post Placement Optimization and Clean-Up

Phase 4.1 Post Commit Optimization
INFO: [Timing 38-35] Done setting XDC timing constraints.

Phase 4.1.1 Post Placement Optimization
Post Placement Optimization Initialization | Checksum: 19f787101

Phase 4.1.1.1 BUFG Insertion

Starting Physical Synthesis Task

Phase 1 Physical Synthesis Initialization
INFO: [Physopt 32-721] Multithreading enabled for phys_opt_design using a maximum of 32 CPUs
INFO: [Physopt 32-619] Estimated Timing Summary | WNS=-0.213 | TNS=-6.359 |
Phase 1 Physical Synthesis Initialization | Checksum: 1cd46e429

Time (s): cpu = 00:00:39 ; elapsed = 00:00:04 . Memory (MB): peak = 11641.543 ; gain = 0.000 ; free physical = 13247 ; free virtual = 150625
INFO: [Place 46-56] BUFG insertion identified 0 candidate nets. Inserted BUFG: 0, Replicated BUFG Driver: 0, Skipped due to Placement/Routing Conflicts: 0, Skipped due to Timing Degradation: 0, Skipped due to netlist editing failed: 0.
Ending Physical Synthesis Task | Checksum: 173256700

Time (s): cpu = 00:00:44 ; elapsed = 00:00:05 . Memory (MB): peak = 11641.543 ; gain = 0.000 ; free physical = 13189 ; free virtual = 150620
Phase 4.1.1.1 BUFG Insertion | Checksum: 19f787101

Time (s): cpu = 00:48:14 ; elapsed = 00:13:00 . Memory (MB): peak = 11641.543 ; gain = 4427.918 ; free physical = 13118 ; free virtual = 150616

Phase 4.1.1.2 BUFG Replication
INFO: [Place 46-63] BUFG replication identified 0 candidate nets: Replicated nets: 0, Replicated BUFGs: 0, Replicated BUFG Driver: 0, moved BUFGs: 0, Skipped due to Placement / Routing Conflict: 0, Skipped due to Timing: 0, Skipped due to constraints: 0
Phase 4.1.1.2 BUFG Replication | Checksum: 19f787101

Time (s): cpu = 00:48:18 ; elapsed = 00:13:02 . Memory (MB): peak = 11641.543 ; gain = 4427.918 ; free physical = 12944 ; free virtual = 150599

Phase 4.1.1.3 Post Placement Timing Optimization
Phase 4.1.1.3 Post Placement Timing Optimization | Checksum: 1c9b03a61

Time (s): cpu = 00:51:01 ; elapsed = 00:14:41 . Memory (MB): peak = 11641.543 ; gain = 4427.918 ; free physical = 15488 ; free virtual = 150697

Phase 4.1.1.4 Replication
Phase 4.1.1.4 Replication | Checksum: 1fd43e59b

Time (s): cpu = 00:52:23 ; elapsed = 00:15:11 . Memory (MB): peak = 11641.543 ; gain = 4427.918 ; free physical = 14801 ; free virtual = 150483

Time (s): cpu = 00:52:23 ; elapsed = 00:15:11 . Memory (MB): peak = 11641.543 ; gain = 4427.918 ; free physical = 14799 ; free virtual = 150482
Phase 4.1 Post Commit Optimization | Checksum: 1fd43e59b

Time (s): cpu = 00:52:27 ; elapsed = 00:15:12 . Memory (MB): peak = 11641.543 ; gain = 4427.918 ; free physical = 14709 ; free virtual = 150476

Phase 4.2 Post Placement Cleanup
Phase 4.2 Post Placement Cleanup | Checksum: 1fd43e59b

Time (s): cpu = 00:54:01 ; elapsed = 00:16:01 . Memory (MB): peak = 12358.262 ; gain = 5144.637 ; free physical = 10958 ; free virtual = 149540

Phase 4.3 Placer Reporting

Phase 4.3.1 Dump Critical Paths 
Phase 4.3.1 Dump Critical Paths  | Checksum: 1fd43e59b

Time (s): cpu = 00:54:09 ; elapsed = 00:16:03 . Memory (MB): peak = 12358.262 ; gain = 5144.637 ; free physical = 10808 ; free virtual = 149531

Phase 4.3.2 Print Final WNS
INFO: [Place 30-100] Post Placement Timing Summary | WNS=-0.011 | TNS=-0.015 |

Phase 4.3.2 Print Final WNS | Checksum: 1fd43e59b

Time (s): cpu = 00:58:27 ; elapsed = 00:16:26 . Memory (MB): peak = 12358.262 ; gain = 5144.637 ; free physical = 13636 ; free virtual = 149579

Phase 4.3.3 Print Estimated Congestion
INFO: [Place 30-612] Post-Placement Estimated Congestion 
 ________________________________________________________________________
|           | Global Congestion | Long Congestion   | Short Congestion  |
| Direction | Region Size       | Region Size       | Region Size       |
|___________|___________________|___________________|___________________|
|      North|                1x1|                1x1|                2x2|
|___________|___________________|___________________|___________________|
|      South|                1x1|                1x1|                1x1|
|___________|___________________|___________________|___________________|
|       East|                1x1|                1x1|                1x1|
|___________|___________________|___________________|___________________|
|       West|                1x1|                1x1|                4x4|
|___________|___________________|___________________|___________________|

SLR0:
 ________________________________________________________________________
|           | Global Congestion | Long Congestion   | Short Congestion  |
| Direction | Region Size       | Region Size       | Region Size       |
|___________|___________________|___________________|___________________|
|      North|                1x1|                1x1|                1x1|
|___________|___________________|___________________|___________________|
|      South|                1x1|                1x1|                1x1|
|___________|___________________|___________________|___________________|
|       East|                1x1|                1x1|                1x1|
|___________|___________________|___________________|___________________|
|       West|                1x1|                1x1|                1x1|
|___________|___________________|___________________|___________________|

SLR1:
 ________________________________________________________________________
|           | Global Congestion | Long Congestion   | Short Congestion  |
| Direction | Region Size       | Region Size       | Region Size       |
|___________|___________________|___________________|___________________|
|      North|                1x1|                1x1|                1x1|
|___________|___________________|___________________|___________________|
|      South|                1x1|                1x1|                1x1|
|___________|___________________|___________________|___________________|
|       East|                1x1|                1x1|                1x1|
|___________|___________________|___________________|___________________|
|       West|                1x1|                1x1|                1x1|
|___________|___________________|___________________|___________________|

SLR2:
 ________________________________________________________________________
|           | Global Congestion | Long Congestion   | Short Congestion  |
| Direction | Region Size       | Region Size       | Region Size       |
|___________|___________________|___________________|___________________|
|      North|                1x1|                1x1|                2x2|
|___________|___________________|___________________|___________________|
|      South|                1x1|                1x1|                1x1|
|___________|___________________|___________________|___________________|
|       East|                1x1|                1x1|                1x1|
|___________|___________________|___________________|___________________|
|       West|                1x1|                1x1|                4x4|
|___________|___________________|___________________|___________________|

SLR3:
 ________________________________________________________________________
|           | Global Congestion | Long Congestion   | Short Congestion  |
| Direction | Region Size       | Region Size       | Region Size       |
|___________|___________________|___________________|___________________|
|      North|                1x1|                1x1|                1x1|
|___________|___________________|___________________|___________________|
|      South|                1x1|                1x1|                1x1|
|___________|___________________|___________________|___________________|
|       East|                1x1|                1x1|                1x1|
|___________|___________________|___________________|___________________|
|       West|                1x1|                1x1|                1x1|
|___________|___________________|___________________|___________________|

Phase 4.3.3 Print Estimated Congestion | Checksum: 1e475cfd9

Time (s): cpu = 00:58:52 ; elapsed = 00:16:29 . Memory (MB): peak = 12358.262 ; gain = 5144.637 ; free physical = 13397 ; free virtual = 149577
Phase 4.3 Placer Reporting | Checksum: 1e475cfd9

Time (s): cpu = 00:58:56 ; elapsed = 00:16:29 . Memory (MB): peak = 12358.262 ; gain = 5144.637 ; free physical = 13336 ; free virtual = 149578

Phase 4.4 Final Placement Cleanup
Netlist sorting complete. Time (s): cpu = 00:00:02 ; elapsed = 00:00:02 . Memory (MB): peak = 12358.262 ; gain = 0.000 ; free physical = 13194 ; free virtual = 149578

Time (s): cpu = 00:58:57 ; elapsed = 00:16:31 . Memory (MB): peak = 12358.262 ; gain = 5144.637 ; free physical = 13194 ; free virtual = 149578
Phase 4 Post Placement Optimization and Clean-Up | Checksum: 23fc8803d

Time (s): cpu = 00:59:01 ; elapsed = 00:16:32 . Memory (MB): peak = 12358.262 ; gain = 5144.637 ; free physical = 13131 ; free virtual = 149577
Ending Placer Task | Checksum: 16a0ac270

Time (s): cpu = 00:59:05 ; elapsed = 00:16:33 . Memory (MB): peak = 12358.262 ; gain = 5144.637 ; free physical = 13069 ; free virtual = 149578
89 Infos, 2 Warnings, 0 Critical Warnings and 0 Errors encountered.
place_design completed successfully
place_design: Time (s): cpu = 00:59:49 ; elapsed = 00:17:08 . Memory (MB): peak = 12358.262 ; gain = 5144.637 ; free physical = 13042 ; free virtual = 149578
# write_checkpoint \
#     -force \
#     [
#         file join \
#             $output_dir \
#             post_place.dcp
#     ]
INFO: [Timing 38-480] Writing timing data to binary archive.
Write ShapeDB Complete: Time (s): cpu = 00:00:06 ; elapsed = 00:00:01 . Memory (MB): peak = 12358.262 ; gain = 0.000 ; free physical = 12642 ; free virtual = 149581
Wrote PlaceDB: Time (s): cpu = 00:00:49 ; elapsed = 00:00:20 . Memory (MB): peak = 12358.262 ; gain = 0.000 ; free physical = 10416 ; free virtual = 148824
Wrote PulsedLatchDB: Time (s): cpu = 00:00:00 ; elapsed = 00:00:00 . Memory (MB): peak = 12358.262 ; gain = 0.000 ; free physical = 10325 ; free virtual = 148827
Writing XDEF routing.
Writing XDEF routing logical nets.
Writing XDEF routing special nets.
Wrote RouteStorage: Time (s): cpu = 00:00:00.06 ; elapsed = 00:00:00.07 . Memory (MB): peak = 12358.262 ; gain = 0.000 ; free physical = 10318 ; free virtual = 148827
Wrote Netlist Cache: Time (s): cpu = 00:00:00.75 ; elapsed = 00:00:00.8 . Memory (MB): peak = 12358.262 ; gain = 0.000 ; free physical = 10193 ; free virtual = 148823
Wrote Device Cache: Time (s): cpu = 00:00:00.01 ; elapsed = 00:00:00.01 . Memory (MB): peak = 12358.262 ; gain = 0.000 ; free physical = 10104 ; free virtual = 148820
Write Physdb Complete: Time (s): cpu = 00:00:50 ; elapsed = 00:00:25 . Memory (MB): peak = 12358.262 ; gain = 0.000 ; free physical = 10067 ; free virtual = 148818
INFO: [Common 17-1381] The checkpoint '/mnt_pool/c3_users/user/pleguina/graphsage_vivado_2024_1_sweep/build/vivado_sweep/qat_dsp_V2A1_allcut_ssi_retime_route_clk272/post_place.dcp' has been generated.
write_checkpoint: Time (s): cpu = 00:01:04 ; elapsed = 00:00:41 . Memory (MB): peak = 12358.262 ; gain = 0.000 ; free physical = 9533 ; free virtual = 148638
# report_timing_summary \
#     -delay_type min_max \
#     -max_paths 100 \
#     -file [
#         file join \
#             $reports_dir \
#             timing_post_place.rpt
#     ]
INFO: [Timing 38-91] UpdateTimingParams: Speed grade: -1, Temperature grade: E, Delay Type: min_max.
INFO: [Timing 38-191] Multithreading enabled for timing update using a maximum of 32 CPUs
report_timing_summary: Time (s): cpu = 00:01:45 ; elapsed = 00:00:23 . Memory (MB): peak = 12358.262 ; gain = 0.000 ; free physical = 12123 ; free virtual = 148637
# report_internal_timing $reports_dir post_place
CRITICAL WARNING: [Vivado 12-4439] The number of objects collected by the 'to' option of 'report_timing' is very large: 424100. This may lead to serious performance issues and out-of-memory conditions in handling the results.
Resolution: Further filtering of the command results, or narrowing the scope of the command is recommended.
CRITICAL WARNING: [Vivado 12-4439] The number of objects collected by the 'from' option of 'report_timing' is very large: 424100. This may lead to serious performance issues and out-of-memory conditions in handling the results.
Resolution: Further filtering of the command results, or narrowing the scope of the command is recommended.
INFO: [Timing 38-91] UpdateTimingParams: Speed grade: -1, Temperature grade: E, Delay Type: max.
INFO: [Timing 38-191] Multithreading enabled for timing update using a maximum of 32 CPUs
INFO: [Timing 38-78] ReportTimingParams: -from_pins  -to_pins  -max_paths 100 -nworst 1 -delay_type max -sort_by slack.
report_timing: Time (s): cpu = 00:00:36 ; elapsed = 00:00:05 . Memory (MB): peak = 12358.262 ; gain = 0.000 ; free physical = 12096 ; free virtual = 148635
CRITICAL WARNING: [Vivado 12-4439] The number of objects collected by the 'to' option of 'report_timing' is very large: 424100. This may lead to serious performance issues and out-of-memory conditions in handling the results.
Resolution: Further filtering of the command results, or narrowing the scope of the command is recommended.
CRITICAL WARNING: [Vivado 12-4439] The number of objects collected by the 'from' option of 'report_timing' is very large: 424100. This may lead to serious performance issues and out-of-memory conditions in handling the results.
Resolution: Further filtering of the command results, or narrowing the scope of the command is recommended.
INFO: [Timing 38-91] UpdateTimingParams: Speed grade: -1, Temperature grade: E, Delay Type: min.
INFO: [Timing 38-191] Multithreading enabled for timing update using a maximum of 32 CPUs
INFO: [Timing 38-78] ReportTimingParams: -from_pins  -to_pins  -max_paths 100 -nworst 1 -delay_type min -sort_by slack.
report_timing: Time (s): cpu = 00:01:15 ; elapsed = 00:00:10 . Memory (MB): peak = 12358.262 ; gain = 0.000 ; free physical = 13395 ; free virtual = 148647
# report_design_analysis \
#     -congestion \
#     -file [
#         file join \
#             $reports_dir \
#             congestion_post_place.rpt
#     ]
# report_utilization \
#     -slr \
#     -file [
#         file join \
#             $reports_dir \
#             utilization_slr_post_place.rpt
#     ]
report_utilization: Time (s): cpu = 00:00:26 ; elapsed = 00:00:26 . Memory (MB): peak = 12358.262 ; gain = 0.000 ; free physical = 11117 ; free virtual = 148622
# report_high_fanout_nets \
#     -file [
#         file join \
#             $reports_dir \
#             high_fanout_post_place.rpt
#     ]
report_high_fanout_nets: Time (s): cpu = 00:00:15 ; elapsed = 00:00:16 . Memory (MB): peak = 12358.262 ; gain = 0.000 ; free physical = 9674 ; free virtual = 148547
# if {$screen_only} {
# 
#     puts "============================================================"
#     puts "SCREEN_ONLY=1"
#     puts "STOPPING_AFTER_PLACEMENT"
#     puts "PLACEMENT_SCREEN_COMPLETE=$run_name"
#     puts "============================================================"
# 
#     write_metadata \
#         [file join $output_dir metadata.txt] \
#         "placement_complete" \
#         $run_name \
#         $place_directive \
#         $route_directive \
#         $screen_only \
#         $use_tns_cleanup \
#         $use_post_phys \
#         $post_place_phys_directive \
#         $start_time \
#         $clock_period
# 
#     exit 0
# }
# puts "============================================================"
============================================================
# puts "STARTING_POST_PLACE_PHYS_OPT=$post_place_phys_directive"
STARTING_POST_PLACE_PHYS_OPT=
# puts "============================================================"
============================================================
# if {$post_place_phys_directive eq ""} {
#     phys_opt_design
# } else {
#     phys_opt_design -directive $post_place_phys_directive
# }
Command: phys_opt_design
Attempting to get a license for feature 'Implementation' and/or device 'xcvu13p'
INFO: [Common 17-349] Got license for feature 'Implementation' and/or device 'xcvu13p'
INFO: [Common 17-1540] The version limit for your license is '2026.02' and has expired for new software. A version limit expiration means that, although you may be able to continue to use the current version of tools or IP with this license, you will not be eligible for new releases.

Starting Initial Update Timing Task

Time (s): cpu = 00:00:54 ; elapsed = 00:00:08 . Memory (MB): peak = 12358.262 ; gain = 0.000 ; free physical = 13399 ; free virtual = 148601
INFO: [Vivado_Tcl 4-1435] PhysOpt_Tcl_Interface Runtime Before Starting Physical Synthesis Task | CPU: 67.70s |  WALL: 34.73s
Netlist sorting complete. Time (s): cpu = 00:00:00.13 ; elapsed = 00:00:00.14 . Memory (MB): peak = 12358.262 ; gain = 0.000 ; free physical = 13399 ; free virtual = 148601

Starting Physical Synthesis Task

Phase 1 Physical Synthesis Initialization
INFO: [Physopt 32-721] Multithreading enabled for phys_opt_design using a maximum of 32 CPUs
INFO: [Place 30-3164] Check ILP status : ILP-based clock placer is skipped.
INFO: [Physopt 32-619] Estimated Timing Summary | WNS=-0.011 | TNS=-0.015 |
Phase 1 Physical Synthesis Initialization | Checksum: 1ecfa021c

Time (s): cpu = 00:01:22 ; elapsed = 00:00:42 . Memory (MB): peak = 12550.355 ; gain = 192.094 ; free physical = 12820 ; free virtual = 148715
INFO: [Physopt 32-619] Estimated Timing Summary | WNS=-0.011 | TNS=-0.015 |

Phase 2 DSP Register Optimization
INFO: [Physopt 32-456] No candidate cells for DSP register optimization found in the design.
INFO: [Physopt 32-775] End 2 Pass. Optimized 0 net or cell. Created 0 new cell, deleted 0 existing cell and moved 0 existing cell
Phase 2 DSP Register Optimization | Checksum: 1ecfa021c

Time (s): cpu = 00:01:36 ; elapsed = 00:00:44 . Memory (MB): peak = 12550.355 ; gain = 192.094 ; free physical = 13216 ; free virtual = 148816

Phase 3 Critical Path Optimization
INFO: [Physopt 32-619] Estimated Timing Summary | WNS=-0.011 | TNS=-0.015 |
INFO: [Physopt 32-702] Processed net grp_l1_neighbor_channel_false_23_true_s_fu_8214/mul_8s_8s_16_4_0_U10018/buff0[15]. Optimizations did not improve timing on the net.
INFO: [Physopt 32-81] Processed net grp_l1_neighbor_channel_false_16_true_s_fu_7462/mul_8s_5ns_13_4_0_U8566/DI[0]. Replicated 3 times.
INFO: [Physopt 32-735] Processed net grp_l1_neighbor_channel_false_16_true_s_fu_7462/mul_8s_5ns_13_4_0_U8566/DI[0]. Optimization improves timing on the net.
INFO: [Physopt 32-619] Estimated Timing Summary | WNS=0.022 | TNS=0.000 |
INFO: [Physopt 32-619] Estimated Timing Summary | WNS=0.022 | TNS=0.000 |
Netlist sorting complete. Time (s): cpu = 00:00:01 ; elapsed = 00:00:01 . Memory (MB): peak = 12550.355 ; gain = 0.000 ; free physical = 12711 ; free virtual = 148792
Phase 3 Critical Path Optimization | Checksum: 1ecfa021c

Time (s): cpu = 00:01:47 ; elapsed = 00:00:49 . Memory (MB): peak = 12550.355 ; gain = 192.094 ; free physical = 12710 ; free virtual = 148792

Phase 4 Critical Path Optimization
INFO: [Physopt 32-619] Estimated Timing Summary | WNS=0.022 | TNS=0.000 |
INFO: [Physopt 32-619] Estimated Timing Summary | WNS=0.022 | TNS=0.000 |
Netlist sorting complete. Time (s): cpu = 00:00:00.11 ; elapsed = 00:00:00.11 . Memory (MB): peak = 12550.355 ; gain = 0.000 ; free physical = 12707 ; free virtual = 148792
Phase 4 Critical Path Optimization | Checksum: 1ecfa021c

Time (s): cpu = 00:01:47 ; elapsed = 00:00:49 . Memory (MB): peak = 12550.355 ; gain = 192.094 ; free physical = 12707 ; free virtual = 148792
Netlist sorting complete. Time (s): cpu = 00:00:00.11 ; elapsed = 00:00:00.12 . Memory (MB): peak = 12550.355 ; gain = 0.000 ; free physical = 12707 ; free virtual = 148792
INFO: [Physopt 32-603] Post Physical Optimization Timing Summary | WNS=0.022 | TNS=0.000 |

Summary of Physical Synthesis Optimizations
============================================


-------------------------------------------------------------------------------------------------------------------------------------------------------------
|  Optimization   |  WNS Gain (ns)  |  TNS Gain (ns)  |  Added Cells  |  Removed Cells  |  Optimized Cells/Nets  |  Dont Touch  |  Iterations  |  Elapsed   |
-------------------------------------------------------------------------------------------------------------------------------------------------------------
|  DSP Register   |          0.000  |          0.000  |            0  |              0  |                     0  |           0  |           1  |  00:00:01  |
|  Critical Path  |          0.033  |          0.015  |            3  |              0  |                     1  |           0  |           2  |  00:00:04  |
|  Total          |          0.033  |          0.015  |            3  |              0  |                     1  |           0  |           3  |  00:00:04  |
-------------------------------------------------------------------------------------------------------------------------------------------------------------


Netlist sorting complete. Time (s): cpu = 00:00:00.11 ; elapsed = 00:00:00.11 . Memory (MB): peak = 12550.355 ; gain = 0.000 ; free physical = 12683 ; free virtual = 148792
Ending Physical Synthesis Task | Checksum: 2120e8739

Time (s): cpu = 00:01:53 ; elapsed = 00:00:51 . Memory (MB): peak = 12550.355 ; gain = 192.094 ; free physical = 12642 ; free virtual = 148791
INFO: [Common 17-83] Releasing license: Implementation
19 Infos, 0 Warnings, 0 Critical Warnings and 0 Errors encountered.
phys_opt_design completed successfully
phys_opt_design: Time (s): cpu = 00:02:55 ; elapsed = 00:01:27 . Memory (MB): peak = 12550.355 ; gain = 192.094 ; free physical = 12608 ; free virtual = 148790
# write_checkpoint \
#     -force \
#     [
#         file join \
#             $output_dir \
#             post_place_physopt.dcp
#     ]
INFO: [Timing 38-480] Writing timing data to binary archive.
Write ShapeDB Complete: Time (s): cpu = 00:00:02 ; elapsed = 00:00:00.35 . Memory (MB): peak = 12550.355 ; gain = 0.000 ; free physical = 12577 ; free virtual = 148787
Wrote PlaceDB: Time (s): cpu = 00:00:46 ; elapsed = 00:00:19 . Memory (MB): peak = 12550.355 ; gain = 0.000 ; free physical = 12359 ; free virtual = 148750
Wrote PulsedLatchDB: Time (s): cpu = 00:00:00 ; elapsed = 00:00:00 . Memory (MB): peak = 12550.355 ; gain = 0.000 ; free physical = 12217 ; free virtual = 148756
Writing XDEF routing.
Writing XDEF routing logical nets.
Writing XDEF routing special nets.
Wrote RouteStorage: Time (s): cpu = 00:00:00.03 ; elapsed = 00:00:00.04 . Memory (MB): peak = 12550.355 ; gain = 0.000 ; free physical = 12215 ; free virtual = 148756
Wrote Netlist Cache: Time (s): cpu = 00:00:00.74 ; elapsed = 00:00:00.81 . Memory (MB): peak = 12550.355 ; gain = 0.000 ; free physical = 12023 ; free virtual = 148756
Wrote Device Cache: Time (s): cpu = 00:00:00.01 ; elapsed = 00:00:00.01 . Memory (MB): peak = 12550.355 ; gain = 0.000 ; free physical = 11977 ; free virtual = 148761
Write Physdb Complete: Time (s): cpu = 00:00:47 ; elapsed = 00:00:24 . Memory (MB): peak = 12550.355 ; gain = 0.000 ; free physical = 11959 ; free virtual = 148762
INFO: [Common 17-1381] The checkpoint '/mnt_pool/c3_users/user/pleguina/graphsage_vivado_2024_1_sweep/build/vivado_sweep/qat_dsp_V2A1_allcut_ssi_retime_route_clk272/post_place_physopt.dcp' has been generated.
write_checkpoint: Time (s): cpu = 00:01:01 ; elapsed = 00:00:39 . Memory (MB): peak = 12550.355 ; gain = 0.000 ; free physical = 11330 ; free virtual = 148613
# report_timing_summary \
#     -delay_type min_max \
#     -max_paths 100 \
#     -file [
#         file join \
#             $reports_dir \
#             timing_post_place_physopt.rpt
#     ]
INFO: [Timing 38-91] UpdateTimingParams: Speed grade: -1, Temperature grade: E, Delay Type: min_max.
INFO: [Timing 38-191] Multithreading enabled for timing update using a maximum of 32 CPUs
report_timing_summary: Time (s): cpu = 00:01:45 ; elapsed = 00:00:22 . Memory (MB): peak = 12550.355 ; gain = 0.000 ; free physical = 10996 ; free virtual = 148066
# report_design_analysis \
#     -congestion \
#     -file [
#         file join \
#             $reports_dir \
#             congestion_post_place_physopt.rpt
#     ]
# report_utilization \
#     -slr \
#     -file [
#         file join \
#             $reports_dir \
#             utilization_slr_post_place_physopt.rpt
#     ]
report_utilization: Time (s): cpu = 00:00:25 ; elapsed = 00:00:25 . Memory (MB): peak = 12550.355 ; gain = 0.000 ; free physical = 11263 ; free virtual = 147923
# puts "============================================================"
============================================================
# puts "STARTING_ROUTING=$route_directive"
STARTING_ROUTING=Default
# puts "TNS_CLEANUP=$use_tns_cleanup"
TNS_CLEANUP=1
# puts "============================================================"
============================================================
# if {$use_tns_cleanup} {
# 
#     route_design \
#         -directive $route_directive \
#         -tns_cleanup
# 
# } else {
# 
#     route_design \
#         -directive $route_directive
# }
Command: route_design -directive Default -tns_cleanup
Attempting to get a license for feature 'Implementation' and/or device 'xcvu13p'
INFO: [Common 17-349] Got license for feature 'Implementation' and/or device 'xcvu13p'
INFO: [Common 17-1540] The version limit for your license is '2026.02' and has expired for new software. A version limit expiration means that, although you may be able to continue to use the current version of tools or IP with this license, you will not be eligible for new releases.
INFO: [DRC 23-27] Running DRC with 32 threads
WARNING: [DRC 23-814] Not all possible (connectivity based) DRCs may have been run because this design is seen as Out of Context.
INFO: [Vivado_Tcl 4-198] DRC finished with 0 Errors
INFO: [Vivado_Tcl 4-199] Please refer to the DRC report (report_drc) for more information.


Starting Routing Task
INFO: [Route 35-270] Using Router directive 'Default'.
INFO: [Route 35-254] Multithreading enabled for route_design using a maximum of 32 CPUs

Phase 1 Build RT Design
Checksum: PlaceDB: 6d22e58c ConstDB: 0 ShapeSum: da07062b RouteDB: 34b18ed7
Nodegraph reading from file.  Time (s): cpu = 00:00:01 ; elapsed = 00:00:01 . Memory (MB): peak = 12550.355 ; gain = 0.000 ; free physical = 9264 ; free virtual = 147812
WARNING: [Route 35-197] Clock port "ap_clk" does not have an associated HD.CLK_SRC. Without this constraint, timing analysis may not be accurate and upstream checks cannot be done to ensure correct clock placement.
WARNING: [Route 35-198] Port "input_1_6[5]" does not have an associated HD.PARTPIN_LOCS, which will prevent the partial routing of the signal "input_1_6[5]". Without this partial route, timing analysis to/from this port will not be accurate, and no routing information for this port can be exported.
WARNING: [Route 35-198] Port "input_6_6[3]" does not have an associated HD.PARTPIN_LOCS, which will prevent the partial routing of the signal "input_6_6[3]". Without this partial route, timing analysis to/from this port will not be accurate, and no routing information for this port can be exported.
WARNING: [Route 35-198] Port "input_2_7[6]" does not have an associated HD.PARTPIN_LOCS, which will prevent the partial routing of the signal "input_2_7[6]". Without this partial route, timing analysis to/from this port will not be accurate, and no routing information for this port can be exported.
WARNING: [Route 35-198] Port "input_6_4[4]" does not have an associated HD.PARTPIN_LOCS, which will prevent the partial routing of the signal "input_6_4[4]". Without this partial route, timing analysis to/from this port will not be accurate, and no routing information for this port can be exported.
WARNING: [Route 35-198] Port "input_1_11[5]" does not have an associated HD.PARTPIN_LOCS, which will prevent the partial routing of the signal "input_1_11[5]". Without this partial route, timing analysis to/from this port will not be accurate, and no routing information for this port can be exported.
WARNING: [Route 35-198] Port "input_2_4[7]" does not have an associated HD.PARTPIN_LOCS, which will prevent the partial routing of the signal "input_2_4[7]". Without this partial route, timing analysis to/from this port will not be accurate, and no routing information for this port can be exported.
WARNING: [Route 35-198] Port "input_2_5[6]" does not have an associated HD.PARTPIN_LOCS, which will prevent the partial routing of the signal "input_2_5[6]". Without this partial route, timing analysis to/from this port will not be accurate, and no routing information for this port can be exported.
WARNING: [Route 35-198] Port "input_4_14[4]" does not have an associated HD.PARTPIN_LOCS, which will prevent the partial routing of the signal "input_4_14[4]". Without this partial route, timing analysis to/from this port will not be accurate, and no routing information for this port can be exported.
WARNING: [Route 35-198] Port "input_4_5[3]" does not have an associated HD.PARTPIN_LOCS, which will prevent the partial routing of the signal "input_4_5[3]". Without this partial route, timing analysis to/from this port will not be accurate, and no routing information for this port can be exported.
WARNING: [Route 35-198] Port "input_2_0[7]" does not have an associated HD.PARTPIN_LOCS, which will prevent the partial routing of the signal "input_2_0[7]". Without this partial route, timing analysis to/from this port will not be accurate, and no routing information for this port can be exported.
WARNING: [Route 35-198] Port "input_2_9[5]" does not have an associated HD.PARTPIN_LOCS, which will prevent the partial routing of the signal "input_2_9[5]". Without this partial route, timing analysis to/from this port will not be accurate, and no routing information for this port can be exported.
WARNING: [Route 35-198] Port "input_1_4[4]" does not have an associated HD.PARTPIN_LOCS, which will prevent the partial routing of the signal "input_1_4[4]". Without this partial route, timing analysis to/from this port will not be accurate, and no routing information for this port can be exported.
WARNING: [Route 35-198] Port "input_1_7[2]" does not have an associated HD.PARTPIN_LOCS, which will prevent the partial routing of the signal "input_1_7[2]". Without this partial route, timing analysis to/from this port will not be accurate, and no routing information for this port can be exported.
WARNING: [Route 35-198] Port "input_1_5[5]" does not have an associated HD.PARTPIN_LOCS, which will prevent the partial routing of the signal "input_1_5[5]". Without this partial route, timing analysis to/from this port will not be accurate, and no routing information for this port can be exported.
WARNING: [Route 35-198] Port "input_1_7[0]" does not have an associated HD.PARTPIN_LOCS, which will prevent the partial routing of the signal "input_1_7[0]". Without this partial route, timing analysis to/from this port will not be accurate, and no routing information for this port can be exported.
WARNING: [Route 35-198] Port "input_6_7[7]" does not have an associated HD.PARTPIN_LOCS, which will prevent the partial routing of the signal "input_6_7[7]". Without this partial route, timing analysis to/from this port will not be accurate, and no routing information for this port can be exported.
WARNING: [Route 35-198] Port "input_1_4[3]" does not have an associated HD.PARTPIN_LOCS, which will prevent the partial routing of the signal "input_1_4[3]". Without this partial route, timing analysis to/from this port will not be accurate, and no routing information for this port can be exported.
WARNING: [Route 35-198] Port "input_1_8[6]" does not have an associated HD.PARTPIN_LOCS, which will prevent the partial routing of the signal "input_1_8[6]". Without this partial route, timing analysis to/from this port will not be accurate, and no routing information for this port can be exported.
WARNING: [Route 35-198] Port "input_1_15[2]" does not have an associated HD.PARTPIN_LOCS, which will prevent the partial routing of the signal "input_1_15[2]". Without this partial route, timing analysis to/from this port will not be accurate, and no routing information for this port can be exported.
WARNING: [Route 35-198] Port "input_1_15[0]" does not have an associated HD.PARTPIN_LOCS, which will prevent the partial routing of the signal "input_1_15[0]". Without this partial route, timing analysis to/from this port will not be accurate, and no routing information for this port can be exported.
WARNING: [Route 35-198] Port "input_1_5[2]" does not have an associated HD.PARTPIN_LOCS, which will prevent the partial routing of the signal "input_1_5[2]". Without this partial route, timing analysis to/from this port will not be accurate, and no routing information for this port can be exported.
WARNING: [Route 35-198] Port "input_6_15[3]" does not have an associated HD.PARTPIN_LOCS, which will prevent the partial routing of the signal "input_6_15[3]". Without this partial route, timing analysis to/from this port will not be accurate, and no routing information for this port can be exported.
WARNING: [Route 35-198] Port "input_6_7[4]" does not have an associated HD.PARTPIN_LOCS, which will prevent the partial routing of the signal "input_6_7[4]". Without this partial route, timing analysis to/from this port will not be accurate, and no routing information for this port can be exported.
WARNING: [Route 35-198] Port "input_6_7[1]" does not have an associated HD.PARTPIN_LOCS, which will prevent the partial routing of the signal "input_6_7[1]". Without this partial route, timing analysis to/from this port will not be accurate, and no routing information for this port can be exported.
WARNING: [Route 35-198] Port "input_1_8[0]" does not have an associated HD.PARTPIN_LOCS, which will prevent the partial routing of the signal "input_1_8[0]". Without this partial route, timing analysis to/from this port will not be accurate, and no routing information for this port can be exported.
WARNING: [Route 35-198] Port "input_6_15[4]" does not have an associated HD.PARTPIN_LOCS, which will prevent the partial routing of the signal "input_6_15[4]". Without this partial route, timing analysis to/from this port will not be accurate, and no routing information for this port can be exported.
WARNING: [Route 35-198] Port "input_1_4[7]" does not have an associated HD.PARTPIN_LOCS, which will prevent the partial routing of the signal "input_1_4[7]". Without this partial route, timing analysis to/from this port will not be accurate, and no routing information for this port can be exported.
WARNING: [Route 35-198] Port "input_1_10[0]" does not have an associated HD.PARTPIN_LOCS, which will prevent the partial routing of the signal "input_1_10[0]". Without this partial route, timing analysis to/from this port will not be accurate, and no routing information for this port can be exported.
WARNING: [Route 35-198] Port "input_6_6[4]" does not have an associated HD.PARTPIN_LOCS, which will prevent the partial routing of the signal "input_6_6[4]". Without this partial route, timing analysis to/from this port will not be accurate, and no routing information for this port can be exported.
WARNING: [Route 35-198] Port "input_1_5[4]" does not have an associated HD.PARTPIN_LOCS, which will prevent the partial routing of the signal "input_1_5[4]". Without this partial route, timing analysis to/from this port will not be accurate, and no routing information for this port can be exported.
WARNING: [Route 35-198] Port "input_6_15[6]" does not have an associated HD.PARTPIN_LOCS, which will prevent the partial routing of the signal "input_6_15[6]". Without this partial route, timing analysis to/from this port will not be accurate, and no routing information for this port can be exported.
WARNING: [Route 35-198] Port "input_6_15[1]" does not have an associated HD.PARTPIN_LOCS, which will prevent the partial routing of the signal "input_6_15[1]". Without this partial route, timing analysis to/from this port will not be accurate, and no routing information for this port can be exported.
WARNING: [Route 35-198] Port "input_6_7[3]" does not have an associated HD.PARTPIN_LOCS, which will prevent the partial routing of the signal "input_6_7[3]". Without this partial route, timing analysis to/from this port will not be accurate, and no routing information for this port can be exported.
WARNING: [Route 35-198] Port "input_6_6[7]" does not have an associated HD.PARTPIN_LOCS, which will prevent the partial routing of the signal "input_6_6[7]". Without this partial route, timing analysis to/from this port will not be accurate, and no routing information for this port can be exported.
WARNING: [Route 35-198] Port "input_6_6[2]" does not have an associated HD.PARTPIN_LOCS, which will prevent the partial routing of the signal "input_6_6[2]". Without this partial route, timing analysis to/from this port will not be accurate, and no routing information for this port can be exported.
WARNING: [Route 35-198] Port "input_6_7[6]" does not have an associated HD.PARTPIN_LOCS, which will prevent the partial routing of the signal "input_6_7[6]". Without this partial route, timing analysis to/from this port will not be accurate, and no routing information for this port can be exported.
WARNING: [Route 35-198] Port "input_6_7[2]" does not have an associated HD.PARTPIN_LOCS, which will prevent the partial routing of the signal "input_6_7[2]". Without this partial route, timing analysis to/from this port will not be accurate, and no routing information for this port can be exported.
WARNING: [Route 35-198] Port "input_6_15[0]" does not have an associated HD.PARTPIN_LOCS, which will prevent the partial routing of the signal "input_6_15[0]". Without this partial route, timing analysis to/from this port will not be accurate, and no routing information for this port can be exported.
WARNING: [Route 35-198] Port "input_1_13[6]" does not have an associated HD.PARTPIN_LOCS, which will prevent the partial routing of the signal "input_1_13[6]". Without this partial route, timing analysis to/from this port will not be accurate, and no routing information for this port can be exported.
WARNING: [Route 35-198] Port "input_1_0[7]" does not have an associated HD.PARTPIN_LOCS, which will prevent the partial routing of the signal "input_1_0[7]". Without this partial route, timing analysis to/from this port will not be accurate, and no routing information for this port can be exported.
WARNING: [Route 35-198] Port "input_6_15[5]" does not have an associated HD.PARTPIN_LOCS, which will prevent the partial routing of the signal "input_6_15[5]". Without this partial route, timing analysis to/from this port will not be accurate, and no routing information for this port can be exported.
WARNING: [Route 35-198] Port "input_6_6[5]" does not have an associated HD.PARTPIN_LOCS, which will prevent the partial routing of the signal "input_6_6[5]". Without this partial route, timing analysis to/from this port will not be accurate, and no routing information for this port can be exported.
WARNING: [Route 35-198] Port "input_6_3[5]" does not have an associated HD.PARTPIN_LOCS, which will prevent the partial routing of the signal "input_6_3[5]". Without this partial route, timing analysis to/from this port will not be accurate, and no routing information for this port can be exported.
WARNING: [Route 35-198] Port "input_6_7[5]" does not have an associated HD.PARTPIN_LOCS, which will prevent the partial routing of the signal "input_6_7[5]". Without this partial route, timing analysis to/from this port will not be accurate, and no routing information for this port can be exported.
WARNING: [Route 35-198] Port "input_6_7[0]" does not have an associated HD.PARTPIN_LOCS, which will prevent the partial routing of the signal "input_6_7[0]". Without this partial route, timing analysis to/from this port will not be accurate, and no routing information for this port can be exported.
WARNING: [Route 35-198] Port "input_1_10[5]" does not have an associated HD.PARTPIN_LOCS, which will prevent the partial routing of the signal "input_1_10[5]". Without this partial route, timing analysis to/from this port will not be accurate, and no routing information for this port can be exported.
WARNING: [Route 35-198] Port "input_1_8[7]" does not have an associated HD.PARTPIN_LOCS, which will prevent the partial routing of the signal "input_1_8[7]". Without this partial route, timing analysis to/from this port will not be accurate, and no routing information for this port can be exported.
WARNING: [Route 35-198] Port "input_1_4[6]" does not have an associated HD.PARTPIN_LOCS, which will prevent the partial routing of the signal "input_1_4[6]". Without this partial route, timing analysis to/from this port will not be accurate, and no routing information for this port can be exported.
WARNING: [Route 35-198] Port "input_1_7[4]" does not have an associated HD.PARTPIN_LOCS, which will prevent the partial routing of the signal "input_1_7[4]". Without this partial route, timing analysis to/from this port will not be accurate, and no routing information for this port can be exported.
WARNING: [Route 35-198] Port "input_1_7[3]" does not have an associated HD.PARTPIN_LOCS, which will prevent the partial routing of the signal "input_1_7[3]". Without this partial route, timing analysis to/from this port will not be accurate, and no routing information for this port can be exported.
WARNING: [Route 35-198] Port "input_1_0[3]" does not have an associated HD.PARTPIN_LOCS, which will prevent the partial routing of the signal "input_1_0[3]". Without this partial route, timing analysis to/from this port will not be accurate, and no routing information for this port can be exported.
WARNING: [Route 35-198] Port "input_6_15[7]" does not have an associated HD.PARTPIN_LOCS, which will prevent the partial routing of the signal "input_6_15[7]". Without this partial route, timing analysis to/from this port will not be accurate, and no routing information for this port can be exported.
WARNING: [Route 35-198] Port "input_6_15[2]" does not have an associated HD.PARTPIN_LOCS, which will prevent the partial routing of the signal "input_6_15[2]". Without this partial route, timing analysis to/from this port will not be accurate, and no routing information for this port can be exported.
WARNING: [Route 35-198] Port "input_1_0[6]" does not have an associated HD.PARTPIN_LOCS, which will prevent the partial routing of the signal "input_1_0[6]". Without this partial route, timing analysis to/from this port will not be accurate, and no routing information for this port can be exported.
WARNING: [Route 35-198] Port "input_6_10[4]" does not have an associated HD.PARTPIN_LOCS, which will prevent the partial routing of the signal "input_6_10[4]". Without this partial route, timing analysis to/from this port will not be accurate, and no routing information for this port can be exported.
WARNING: [Route 35-198] Port "input_1_15[7]" does not have an associated HD.PARTPIN_LOCS, which will prevent the partial routing of the signal "input_1_15[7]". Without this partial route, timing analysis to/from this port will not be accurate, and no routing information for this port can be exported.
WARNING: [Route 35-198] Port "input_1_15[6]" does not have an associated HD.PARTPIN_LOCS, which will prevent the partial routing of the signal "input_1_15[6]". Without this partial route, timing analysis to/from this port will not be accurate, and no routing information for this port can be exported.
WARNING: [Route 35-198] Port "input_6_6[6]" does not have an associated HD.PARTPIN_LOCS, which will prevent the partial routing of the signal "input_6_6[6]". Without this partial route, timing analysis to/from this port will not be accurate, and no routing information for this port can be exported.
WARNING: [Route 35-198] Port "input_1_5[7]" does not have an associated HD.PARTPIN_LOCS, which will prevent the partial routing of the signal "input_1_5[7]". Without this partial route, timing analysis to/from this port will not be accurate, and no routing information for this port can be exported.
WARNING: [Route 35-198] Port "input_1_8[1]" does not have an associated HD.PARTPIN_LOCS, which will prevent the partial routing of the signal "input_1_8[1]". Without this partial route, timing analysis to/from this port will not be accurate, and no routing information for this port can be exported.
WARNING: [Route 35-198] Port "input_1_15[5]" does not have an associated HD.PARTPIN_LOCS, which will prevent the partial routing of the signal "input_1_15[5]". Without this partial route, timing analysis to/from this port will not be accurate, and no routing information for this port can be exported.
WARNING: [Route 35-198] Port "input_6_4[7]" does not have an associated HD.PARTPIN_LOCS, which will prevent the partial routing of the signal "input_6_4[7]". Without this partial route, timing analysis to/from this port will not be accurate, and no routing information for this port can be exported.
WARNING: [Route 35-198] Port "input_4_7[6]" does not have an associated HD.PARTPIN_LOCS, which will prevent the partial routing of the signal "input_4_7[6]". Without this partial route, timing analysis to/from this port will not be accurate, and no routing information for this port can be exported.
WARNING: [Route 35-198] Port "input_4_7[5]" does not have an associated HD.PARTPIN_LOCS, which will prevent the partial routing of the signal "input_4_7[5]". Without this partial route, timing analysis to/from this port will not be accurate, and no routing information for this port can be exported.
WARNING: [Route 35-198] Port "input_4_7[0]" does not have an associated HD.PARTPIN_LOCS, which will prevent the partial routing of the signal "input_4_7[0]". Without this partial route, timing analysis to/from this port will not be accurate, and no routing information for this port can be exported.
WARNING: [Route 35-198] Port "input_1_7[7]" does not have an associated HD.PARTPIN_LOCS, which will prevent the partial routing of the signal "input_1_7[7]". Without this partial route, timing analysis to/from this port will not be accurate, and no routing information for this port can be exported.
WARNING: [Route 35-198] Port "input_1_7[5]" does not have an associated HD.PARTPIN_LOCS, which will prevent the partial routing of the signal "input_1_7[5]". Without this partial route, timing analysis to/from this port will not be accurate, and no routing information for this port can be exported.
WARNING: [Route 35-198] Port "input_4_6[3]" does not have an associated HD.PARTPIN_LOCS, which will prevent the partial routing of the signal "input_4_6[3]". Without this partial route, timing analysis to/from this port will not be accurate, and no routing information for this port can be exported.
WARNING: [Route 35-198] Port "input_4_6[0]" does not have an associated HD.PARTPIN_LOCS, which will prevent the partial routing of the signal "input_4_6[0]". Without this partial route, timing analysis to/from this port will not be accurate, and no routing information for this port can be exported.
WARNING: [Route 35-198] Port "input_1_8[5]" does not have an associated HD.PARTPIN_LOCS, which will prevent the partial routing of the signal "input_1_8[5]". Without this partial route, timing analysis to/from this port will not be accurate, and no routing information for this port can be exported.
WARNING: [Route 35-198] Port "input_1_15[4]" does not have an associated HD.PARTPIN_LOCS, which will prevent the partial routing of the signal "input_1_15[4]". Without this partial route, timing analysis to/from this port will not be accurate, and no routing information for this port can be exported.
WARNING: [Route 35-198] Port "input_1_15[3]" does not have an associated HD.PARTPIN_LOCS, which will prevent the partial routing of the signal "input_1_15[3]". Without this partial route, timing analysis to/from this port will not be accurate, and no routing information for this port can be exported.
WARNING: [Route 35-198] Port "input_2_4[3]" does not have an associated HD.PARTPIN_LOCS, which will prevent the partial routing of the signal "input_2_4[3]". Without this partial route, timing analysis to/from this port will not be accurate, and no routing information for this port can be exported.
WARNING: [Route 35-198] Port "input_1_2[4]" does not have an associated HD.PARTPIN_LOCS, which will prevent the partial routing of the signal "input_1_2[4]". Without this partial route, timing analysis to/from this port will not be accurate, and no routing information for this port can be exported.
WARNING: [Route 35-198] Port "input_1_12[3]" does not have an associated HD.PARTPIN_LOCS, which will prevent the partial routing of the signal "input_1_12[3]". Without this partial route, timing analysis to/from this port will not be accurate, and no routing information for this port can be exported.
WARNING: [Route 35-198] Port "input_1_13[2]" does not have an associated HD.PARTPIN_LOCS, which will prevent the partial routing of the signal "input_1_13[2]". Without this partial route, timing analysis to/from this port will not be accurate, and no routing information for this port can be exported.
WARNING: [Route 35-198] Port "input_6_13[4]" does not have an associated HD.PARTPIN_LOCS, which will prevent the partial routing of the signal "input_6_13[4]". Without this partial route, timing analysis to/from this port will not be accurate, and no routing information for this port can be exported.
WARNING: [Route 35-198] Port "input_2_7[7]" does not have an associated HD.PARTPIN_LOCS, which will prevent the partial routing of the signal "input_2_7[7]". Without this partial route, timing analysis to/from this port will not be accurate, and no routing information for this port can be exported.
WARNING: [Route 35-198] Port "input_6_8[1]" does not have an associated HD.PARTPIN_LOCS, which will prevent the partial routing of the signal "input_6_8[1]". Without this partial route, timing analysis to/from this port will not be accurate, and no routing information for this port can be exported.
WARNING: [Route 35-198] Port "input_1_10[6]" does not have an associated HD.PARTPIN_LOCS, which will prevent the partial routing of the signal "input_1_10[6]". Without this partial route, timing analysis to/from this port will not be accurate, and no routing information for this port can be exported.
WARNING: [Route 35-198] Port "input_1_10[1]" does not have an associated HD.PARTPIN_LOCS, which will prevent the partial routing of the signal "input_1_10[1]". Without this partial route, timing analysis to/from this port will not be accurate, and no routing information for this port can be exported.
WARNING: [Route 35-198] Port "input_1_11[2]" does not have an associated HD.PARTPIN_LOCS, which will prevent the partial routing of the signal "input_1_11[2]". Without this partial route, timing analysis to/from this port will not be accurate, and no routing information for this port can be exported.
WARNING: [Route 35-198] Port "input_4_15[4]" does not have an associated HD.PARTPIN_LOCS, which will prevent the partial routing of the signal "input_4_15[4]". Without this partial route, timing analysis to/from this port will not be accurate, and no routing information for this port can be exported.
WARNING: [Route 35-198] Port "input_6_8[6]" does not have an associated HD.PARTPIN_LOCS, which will prevent the partial routing of the signal "input_6_8[6]". Without this partial route, timing analysis to/from this port will not be accurate, and no routing information for this port can be exported.
WARNING: [Route 35-198] Port "input_6_8[4]" does not have an associated HD.PARTPIN_LOCS, which will prevent the partial routing of the signal "input_6_8[4]". Without this partial route, timing analysis to/from this port will not be accurate, and no routing information for this port can be exported.
WARNING: [Route 35-198] Port "input_4_4[5]" does not have an associated HD.PARTPIN_LOCS, which will prevent the partial routing of the signal "input_4_4[5]". Without this partial route, timing analysis to/from this port will not be accurate, and no routing information for this port can be exported.
WARNING: [Route 35-198] Port "input_4_4[3]" does not have an associated HD.PARTPIN_LOCS, which will prevent the partial routing of the signal "input_4_4[3]". Without this partial route, timing analysis to/from this port will not be accurate, and no routing information for this port can be exported.
WARNING: [Route 35-198] Port "input_4_4[1]" does not have an associated HD.PARTPIN_LOCS, which will prevent the partial routing of the signal "input_4_4[1]". Without this partial route, timing analysis to/from this port will not be accurate, and no routing information for this port can be exported.
WARNING: [Route 35-198] Port "input_4_4[0]" does not have an associated HD.PARTPIN_LOCS, which will prevent the partial routing of the signal "input_4_4[0]". Without this partial route, timing analysis to/from this port will not be accurate, and no routing information for this port can be exported.
WARNING: [Route 35-198] Port "input_6_13[3]" does not have an associated HD.PARTPIN_LOCS, which will prevent the partial routing of the signal "input_6_13[3]". Without this partial route, timing analysis to/from this port will not be accurate, and no routing information for this port can be exported.
WARNING: [Route 35-198] Port "input_6_13[2]" does not have an associated HD.PARTPIN_LOCS, which will prevent the partial routing of the signal "input_6_13[2]". Without this partial route, timing analysis to/from this port will not be accurate, and no routing information for this port can be exported.
WARNING: [Route 35-198] Port "input_1_4[2]" does not have an associated HD.PARTPIN_LOCS, which will prevent the partial routing of the signal "input_1_4[2]". Without this partial route, timing analysis to/from this port will not be accurate, and no routing information for this port can be exported.
WARNING: [Route 35-198] Port "input_1_6[7]" does not have an associated HD.PARTPIN_LOCS, which will prevent the partial routing of the signal "input_1_6[7]". Without this partial route, timing analysis to/from this port will not be accurate, and no routing information for this port can be exported.
WARNING: [Route 35-198] Port "input_1_10[4]" does not have an associated HD.PARTPIN_LOCS, which will prevent the partial routing of the signal "input_1_10[4]". Without this partial route, timing analysis to/from this port will not be accurate, and no routing information for this port can be exported.
WARNING: [Route 35-198] Port "input_2_4[6]" does not have an associated HD.PARTPIN_LOCS, which will prevent the partial routing of the signal "input_2_4[6]". Without this partial route, timing analysis to/from this port will not be accurate, and no routing information for this port can be exported.
WARNING: [Route 35-198] Port "input_4_4[6]" does not have an associated HD.PARTPIN_LOCS, which will prevent the partial routing of the signal "input_4_4[6]". Without this partial route, timing analysis to/from this port will not be accurate, and no routing information for this port can be exported.
WARNING: [Route 35-198] Port "input_4_6[6]" does not have an associated HD.PARTPIN_LOCS, which will prevent the partial routing of the signal "input_4_6[6]". Without this partial route, timing analysis to/from this port will not be accurate, and no routing information for this port can be exported.
WARNING: [Route 35-198] Port "input_6_6[1]" does not have an associated HD.PARTPIN_LOCS, which will prevent the partial routing of the signal "input_6_6[1]". Without this partial route, timing analysis to/from this port will not be accurate, and no routing information for this port can be exported.
WARNING: [Route 35-198] Port "input_4_15[7]" does not have an associated HD.PARTPIN_LOCS, which will prevent the partial routing of the signal "input_4_15[7]". Without this partial route, timing analysis to/from this port will not be accurate, and no routing information for this port can be exported.
WARNING: [Route 35-198] Port "input_4_15[5]" does not have an associated HD.PARTPIN_LOCS, which will prevent the partial routing of the signal "input_4_15[5]". Without this partial route, timing analysis to/from this port will not be accurate, and no routing information for this port can be exported.
INFO: [Common 17-14] Message 'Route 35-198' appears 100 times and further instances of the messages will be disabled. Use the Tcl command set_msg_config to change the current settings.
Post Restoration Checksum: NetGraph: 398262c1 | NumContArr: 2a3b690 | Constraints: c2a8fa9d | Timing: c2a8fa9d
Phase 1 Build RT Design | Checksum: 1c1780e8b

Time (s): cpu = 00:04:21 ; elapsed = 00:00:25 . Memory (MB): peak = 12550.355 ; gain = 0.000 ; free physical = 11403 ; free virtual = 147877

Phase 2 Router Initialization

Phase 2.1 Fix Topology Constraints
Phase 2.1 Fix Topology Constraints | Checksum: 1c1780e8b

Time (s): cpu = 00:04:29 ; elapsed = 00:00:25 . Memory (MB): peak = 12550.355 ; gain = 0.000 ; free physical = 11305 ; free virtual = 147877

Phase 2.2 Pre Route Cleanup
Phase 2.2 Pre Route Cleanup | Checksum: 1c1780e8b

Time (s): cpu = 00:04:32 ; elapsed = 00:00:26 . Memory (MB): peak = 12550.355 ; gain = 0.000 ; free physical = 11280 ; free virtual = 147875

Phase 2.3 Global Clock Net Routing
Phase 2.3 Global Clock Net Routing | Checksum: 1c1780e8b

Time (s): cpu = 00:05:06 ; elapsed = 00:00:31 . Memory (MB): peak = 12827.340 ; gain = 276.984 ; free physical = 11460 ; free virtual = 147489

Phase 2.4 Update Timing
Phase 2.4 Update Timing | Checksum: 172aa0bf3

Time (s): cpu = 00:08:02 ; elapsed = 00:00:46 . Memory (MB): peak = 12827.340 ; gain = 276.984 ; free physical = 11487 ; free virtual = 147441
INFO: [Route 35-416] Intermediate Timing Summary | WNS=0.113  | TNS=0.000  | WHS=0.004  | THS=0.000  |


Phase 2.5 Soft Constraint Pins - Fast Budgeting
Phase 2.5 Soft Constraint Pins - Fast Budgeting | Checksum: 127fcd604

Time (s): cpu = 00:11:56 ; elapsed = 00:01:17 . Memory (MB): peak = 12827.340 ; gain = 276.984 ; free physical = 8927 ; free virtual = 146823

Router Utilization Summary
  Global Vertical Routing Utilization    = 0 %
  Global Horizontal Routing Utilization  = 0 %
  Routable Net Status*
  *Does not include unroutable nets such as driverless and loadless.
  Run report_route_status for detailed report.
  Number of Failed Nets               = 585279
    (Failed Nets is the sum of unrouted and partially routed nets)
  Number of Unrouted Nets             = 544970
  Number of Partially Routed Nets     = 40309
  Number of Node Overlaps             = 0

Phase 2 Router Initialization | Checksum: 136711814

Time (s): cpu = 00:12:31 ; elapsed = 00:01:23 . Memory (MB): peak = 12899.098 ; gain = 348.742 ; free physical = 9191 ; free virtual = 147659

Phase 3 Global Routing

Phase 3.1 SLL Assignment
Number SLLs per Column: 1440
Estimated SLL Demand Per Column: 
  SLR [2-3]        0 (  0%)    30 (  2%)    83 (  6%)    87 (  6%)    73 (  5%)   255 ( 18%)   232 ( 16%)   211 ( 15%)   140 ( 10%)   336 ( 23%)   261 ( 18%)    86 (  6%)   109 (  8%)    67 (  5%)    10 (  1%)     0 (  0%)  Demand:  1980 Available: 23040 Utilization(%): 8.59
  SLR [1-2]        2 (  0%)     5 (  0%)    95 (  7%)   128 (  9%)   342 ( 24%)   398 ( 28%)   350 ( 24%)   264 ( 18%)   201 ( 14%)   276 ( 19%)   104 (  7%)   170 ( 12%)    20 (  1%)     4 (  0%)     1 (  0%)     0 (  0%)  Demand:  2360 Available: 23040 Utilization(%): 10.24
  SLR [0-1]        0 (  0%)     0 (  0%)     0 (  0%)     0 (  0%)     0 (  0%)     0 (  0%)     0 (  0%)     0 (  0%)     0 (  0%)     0 (  0%)     0 (  0%)     0 (  0%)     0 (  0%)     0 (  0%)     0 (  0%)     0 (  0%)  Demand:     0 Available: 23040 Utilization(%): 0.00
Phase 3.1 SLL Assignment | Checksum: 25f8c9bcd

Time (s): cpu = 00:12:38 ; elapsed = 00:01:28 . Memory (MB): peak = 12899.098 ; gain = 348.742 ; free physical = 8669 ; free virtual = 147638
Phase 3 Global Routing | Checksum: 25f8c9bcd

Time (s): cpu = 00:12:39 ; elapsed = 00:01:28 . Memory (MB): peak = 12899.098 ; gain = 348.742 ; free physical = 8665 ; free virtual = 147639

Phase 4 Initial Routing

Phase 4.1 Initial Net Routing Pass
Phase 4.1 Initial Net Routing Pass | Checksum: 27470aee1

Time (s): cpu = 00:14:39 ; elapsed = 00:01:50 . Memory (MB): peak = 12899.098 ; gain = 348.742 ; free physical = 10532 ; free virtual = 147706
Phase 4 Initial Routing | Checksum: 2b560c9ef

Time (s): cpu = 00:14:52 ; elapsed = 00:01:51 . Memory (MB): peak = 12899.098 ; gain = 348.742 ; free physical = 10470 ; free virtual = 147706

Phase 5 Rip-up And Reroute

Phase 5.1 Global Iteration 0
 Number of Nodes with overlaps = 37404
 Number of Nodes with overlaps = 3569
 Number of Nodes with overlaps = 493
 Number of Nodes with overlaps = 93
INFO: [Route 35-443] CLB routing congestion detected. Several CLBs have high routing utilization, which can impact timing closure. Congested CLBs and Nets are dumped in: iter_22_CongestedCLBsAndNets.txt
 Number of Nodes with overlaps = 32
 Number of Nodes with overlaps = 12
 Number of Nodes with overlaps = 5
 Number of Nodes with overlaps = 3
 Number of Nodes with overlaps = 1
 Number of Nodes with overlaps = 1
 Number of Nodes with overlaps = 0
INFO: [Route 35-416] Intermediate Timing Summary | WNS=-0.157 | TNS=-1.679 | WHS=0.019  | THS=0.000  |

Phase 5.1 Global Iteration 0 | Checksum: 1ade85bb7

Time (s): cpu = 00:30:27 ; elapsed = 00:05:33 . Memory (MB): peak = 12899.098 ; gain = 348.742 ; free physical = 12637 ; free virtual = 152728

Phase 5.2 Global Iteration 1
 Number of Nodes with overlaps = 60
 Number of Nodes with overlaps = 8
 Number of Nodes with overlaps = 4
 Number of Nodes with overlaps = 3
 Number of Nodes with overlaps = 2
 Number of Nodes with overlaps = 1
 Number of Nodes with overlaps = 1
 Number of Nodes with overlaps = 0
INFO: [Route 35-416] Intermediate Timing Summary | WNS=-0.031 | TNS=-0.064 | WHS=N/A    | THS=N/A    |

Phase 5.2 Global Iteration 1 | Checksum: 2f2ef6667

Time (s): cpu = 00:33:10 ; elapsed = 00:06:47 . Memory (MB): peak = 12899.098 ; gain = 348.742 ; free physical = 13720 ; free virtual = 152430

Phase 5.3 Global Iteration 2
 Number of Nodes with overlaps = 221
 Number of Nodes with overlaps = 53
 Number of Nodes with overlaps = 22
 Number of Nodes with overlaps = 14
 Number of Nodes with overlaps = 3
 Number of Nodes with overlaps = 0
INFO: [Route 35-416] Intermediate Timing Summary | WNS=-0.001 | TNS=-0.001 | WHS=N/A    | THS=N/A    |

Phase 5.3 Global Iteration 2 | Checksum: 323e85f95

Time (s): cpu = 00:35:15 ; elapsed = 00:07:46 . Memory (MB): peak = 12899.098 ; gain = 348.742 ; free physical = 13227 ; free virtual = 152244
Phase 5 Rip-up And Reroute | Checksum: 323e85f95

Time (s): cpu = 00:35:17 ; elapsed = 00:07:46 . Memory (MB): peak = 12899.098 ; gain = 348.742 ; free physical = 13214 ; free virtual = 152243

Phase 6 Delay and Skew Optimization

Phase 6.1 TNS Cleanup

Phase 6.1.1 Delay CleanUp
INFO: [Route 35-416] Intermediate Timing Summary | WNS=-0.001 | TNS=-0.001 | WHS=0.019  | THS=0.000  |

INFO: [Route 35-416] Intermediate Timing Summary | WNS=-0.001 | TNS=-0.001 | WHS=0.019  | THS=0.000  |

 Number of Nodes with overlaps = 0
INFO: [Route 35-416] Intermediate Timing Summary | WNS=-0.001 | TNS=-0.001 | WHS=0.019  | THS=0.000  |

Phase 6.1.1 Delay CleanUp | Checksum: 2766b3571

Time (s): cpu = 00:39:04 ; elapsed = 00:08:02 . Memory (MB): peak = 12899.098 ; gain = 348.742 ; free physical = 12315 ; free virtual = 152220
Phase 6.1 TNS Cleanup | Checksum: 2766b3571

Time (s): cpu = 00:39:06 ; elapsed = 00:08:03 . Memory (MB): peak = 12899.098 ; gain = 348.742 ; free physical = 12885 ; free virtual = 152199

Phase 6.2 Clock Skew Optimization
Phase 6.2 Clock Skew Optimization | Checksum: 2766b3571

Time (s): cpu = 00:39:08 ; elapsed = 00:08:03 . Memory (MB): peak = 12899.098 ; gain = 348.742 ; free physical = 13436 ; free virtual = 152181
Phase 6 Delay and Skew Optimization | Checksum: 2766b3571

Time (s): cpu = 00:39:10 ; elapsed = 00:08:03 . Memory (MB): peak = 12899.098 ; gain = 348.742 ; free physical = 14142 ; free virtual = 152191

Phase 7 Post Hold Fix

Phase 7.1 Hold Fix Iter
INFO: [Route 35-416] Intermediate Timing Summary | WNS=0.002  | TNS=0.000  | WHS=0.019  | THS=0.000  |

Phase 7.1 Hold Fix Iter | Checksum: 220b64d46

Time (s): cpu = 00:41:57 ; elapsed = 00:08:14 . Memory (MB): peak = 12899.098 ; gain = 348.742 ; free physical = 15151 ; free virtual = 152179
Phase 7 Post Hold Fix | Checksum: 220b64d46

Time (s): cpu = 00:41:59 ; elapsed = 00:08:14 . Memory (MB): peak = 12899.098 ; gain = 348.742 ; free physical = 15124 ; free virtual = 152178

Phase 8 Route finalize

Router Utilization Summary
  Global Vertical Routing Utilization    = 4.03254 %
  Global Horizontal Routing Utilization  = 4.05298 %
  Routable Net Status*
  *Does not include unroutable nets such as driverless and loadless.
  Run report_route_status for detailed report.
  Number of Failed Nets               = 0
    (Failed Nets is the sum of unrouted and partially routed nets)
  Number of Unrouted Nets             = 0
  Number of Partially Routed Nets     = 0
  Number of Node Overlaps             = 0

Phase 8 Route finalize | Checksum: 220b64d46

Time (s): cpu = 00:42:16 ; elapsed = 00:08:16 . Memory (MB): peak = 12899.098 ; gain = 348.742 ; free physical = 14843 ; free virtual = 152175

Phase 9 Verifying routed nets

 Verification completed successfully
Phase 9 Verifying routed nets | Checksum: 220b64d46

Time (s): cpu = 00:42:18 ; elapsed = 00:08:17 . Memory (MB): peak = 12899.098 ; gain = 348.742 ; free physical = 14834 ; free virtual = 152178

Phase 10 Depositing Routes
Phase 10 Depositing Routes | Checksum: 220b64d46

Time (s): cpu = 00:43:02 ; elapsed = 00:08:38 . Memory (MB): peak = 12899.098 ; gain = 348.742 ; free physical = 13461 ; free virtual = 152158

Phase 11 Resolve XTalk
Phase 11 Resolve XTalk | Checksum: 220b64d46

Time (s): cpu = 00:43:04 ; elapsed = 00:08:39 . Memory (MB): peak = 12899.098 ; gain = 348.742 ; free physical = 13377 ; free virtual = 152157

Phase 12 Post Process Routing
Phase 12 Post Process Routing | Checksum: 220b64d46

Time (s): cpu = 00:43:13 ; elapsed = 00:08:41 . Memory (MB): peak = 12899.098 ; gain = 348.742 ; free physical = 13350 ; free virtual = 152162

Phase 13 Post Router Timing
INFO: [Route 35-57] Estimated Timing Summary | WNS=0.002  | TNS=0.000  | WHS=0.019  | THS=0.000  |

INFO: [Route 35-327] The final timing numbers are based on the router estimated timing analysis. For a complete and accurate timing signoff, please run report_timing_summary.
Phase 13 Post Router Timing | Checksum: 220b64d46

Time (s): cpu = 00:43:15 ; elapsed = 00:08:41 . Memory (MB): peak = 12899.098 ; gain = 348.742 ; free physical = 13310 ; free virtual = 152162
Total Elapsed time in route_design: 521.29 secs

Phase 14 Post-Route Event Processing
Phase 14 Post-Route Event Processing | Checksum: 15b9190b8

Time (s): cpu = 00:43:21 ; elapsed = 00:08:43 . Memory (MB): peak = 12899.098 ; gain = 348.742 ; free physical = 13249 ; free virtual = 152159
INFO: [Route 35-16] Router Completed Successfully
Ending Routing Task | Checksum: 15b9190b8

Time (s): cpu = 00:43:30 ; elapsed = 00:08:45 . Memory (MB): peak = 12899.098 ; gain = 348.742 ; free physical = 14866 ; free virtual = 152156

Routing Is Done.
INFO: [Common 17-83] Releasing license: Implementation
21 Infos, 102 Warnings, 0 Critical Warnings and 0 Errors encountered.
route_design completed successfully
route_design: Time (s): cpu = 00:45:18 ; elapsed = 00:09:16 . Memory (MB): peak = 12899.098 ; gain = 348.742 ; free physical = 14281 ; free virtual = 152129
# write_checkpoint \
#     -force \
#     [
#         file join \
#             $output_dir \
#             post_route_before_physopt.dcp
#     ]
INFO: [Timing 38-480] Writing timing data to binary archive.
Write ShapeDB Complete: Time (s): cpu = 00:00:02 ; elapsed = 00:00:00.34 . Memory (MB): peak = 12899.098 ; gain = 0.000 ; free physical = 13996 ; free virtual = 152127
Wrote PlaceDB: Time (s): cpu = 00:00:50 ; elapsed = 00:00:20 . Memory (MB): peak = 12899.098 ; gain = 0.000 ; free physical = 13271 ; free virtual = 151949
Wrote PulsedLatchDB: Time (s): cpu = 00:00:00 ; elapsed = 00:00:00 . Memory (MB): peak = 12899.098 ; gain = 0.000 ; free physical = 15072 ; free virtual = 151991
Writing XDEF routing.
Writing XDEF routing logical nets.
Writing XDEF routing special nets.
Wrote RouteStorage: Time (s): cpu = 00:00:06 ; elapsed = 00:00:03 . Memory (MB): peak = 12899.098 ; gain = 0.000 ; free physical = 14618 ; free virtual = 151995
Wrote Netlist Cache: Time (s): cpu = 00:00:00.76 ; elapsed = 00:00:00.8 . Memory (MB): peak = 12899.098 ; gain = 0.000 ; free physical = 14409 ; free virtual = 152003
Wrote Device Cache: Time (s): cpu = 00:00:00.01 ; elapsed = 00:00:00.01 . Memory (MB): peak = 12899.098 ; gain = 0.000 ; free physical = 14357 ; free virtual = 152016
Write Physdb Complete: Time (s): cpu = 00:00:57 ; elapsed = 00:00:29 . Memory (MB): peak = 12899.098 ; gain = 0.000 ; free physical = 14347 ; free virtual = 152017
INFO: [Common 17-1381] The checkpoint '/mnt_pool/c3_users/user/pleguina/graphsage_vivado_2024_1_sweep/build/vivado_sweep/qat_dsp_V2A1_allcut_ssi_retime_route_clk272/post_route_before_physopt.dcp' has been generated.
write_checkpoint: Time (s): cpu = 00:01:29 ; elapsed = 00:00:46 . Memory (MB): peak = 12899.098 ; gain = 0.000 ; free physical = 13953 ; free virtual = 151845
# report_timing_summary \
#     -delay_type min_max \
#     -max_paths 100 \
#     -file [
#         file join \
#             $reports_dir \
#             timing_post_route_before_physopt.rpt
#     ]
INFO: [Timing 38-91] UpdateTimingParams: Speed grade: -1, Temperature grade: E, Delay Type: min_max.
INFO: [Timing 38-191] Multithreading enabled for timing update using a maximum of 32 CPUs
WARNING: [Timing 38-242] The property HD.CLK_SRC of clock port "ap_clk" is not set. In out-of-context mode, this prevents timing estimation for clock delay/skew
Resolution: Set the HD.CLK_SRC property of the out-of-context port to the location of the clock buffer instance in the top-level design
report_timing_summary: Time (s): cpu = 00:05:07 ; elapsed = 00:00:38 . Memory (MB): peak = 12899.098 ; gain = 0.000 ; free physical = 15928 ; free virtual = 152265
# report_route_status \
#     -file [
#         file join \
#             $reports_dir \
#             route_status_before_physopt.rpt
#     ]
report_route_status: Time (s): cpu = 00:01:40 ; elapsed = 00:00:17 . Memory (MB): peak = 12899.098 ; gain = 0.000 ; free physical = 14476 ; free virtual = 152202
# if {$use_post_phys} {
# 
#     puts "============================================================"
#     puts "STARTING_DEFAULT_POST_ROUTE_PHYS_OPT"
#     puts "USE_RETIME=$use_retime"
#     puts "============================================================"
# 
#     if {$use_retime} {
#         phys_opt_design -retime
#     } else {
#         phys_opt_design
#     }
# }
============================================================
STARTING_DEFAULT_POST_ROUTE_PHYS_OPT
USE_RETIME=1
============================================================
Command: phys_opt_design -retime
Attempting to get a license for feature 'Implementation' and/or device 'xcvu13p'
INFO: [Common 17-349] Got license for feature 'Implementation' and/or device 'xcvu13p'
INFO: [Common 17-1540] The version limit for your license is '2026.02' and has expired for new software. A version limit expiration means that, although you may be able to continue to use the current version of tools or IP with this license, you will not be eligible for new releases.
INFO: [Vivado_Tcl 4-241] Physical synthesis in post route mode 
INFO: [Vivado_Tcl 4-2279] Estimated Timing Summary | WNS= 0.002 | TNS= 0.000 | 
INFO: [Vivado_Tcl 4-383] Design worst setup slack (WNS) is greater than or equal to 0.000 ns. All physical synthesis setup optimizations will be skipped.
INFO: [Vivado_Tcl 4-232] No setup violation found. The netlist was not modified.
INFO: [Common 17-83] Releasing license: Implementation
7 Infos, 0 Warnings, 0 Critical Warnings and 0 Errors encountered.
phys_opt_design completed successfully
phys_opt_design: Time (s): cpu = 00:00:16 ; elapsed = 00:00:37 . Memory (MB): peak = 12899.098 ; gain = 0.000 ; free physical = 14609 ; free virtual = 152217
# write_checkpoint \
#     -force \
#     [
#         file join \
#             $output_dir \
#             final.dcp
#     ]
INFO: [Timing 38-480] Writing timing data to binary archive.
Write ShapeDB Complete: Time (s): cpu = 00:00:02 ; elapsed = 00:00:00.37 . Memory (MB): peak = 12899.098 ; gain = 0.000 ; free physical = 14388 ; free virtual = 152244
Wrote PlaceDB: Time (s): cpu = 00:00:47 ; elapsed = 00:00:20 . Memory (MB): peak = 12899.098 ; gain = 0.000 ; free physical = 13337 ; free virtual = 152085
Wrote PulsedLatchDB: Time (s): cpu = 00:00:00 ; elapsed = 00:00:00 . Memory (MB): peak = 12899.098 ; gain = 0.000 ; free physical = 13115 ; free virtual = 152067
Writing XDEF routing.
Writing XDEF routing logical nets.
Writing XDEF routing special nets.
Wrote RouteStorage: Time (s): cpu = 00:00:07 ; elapsed = 00:00:04 . Memory (MB): peak = 12899.098 ; gain = 0.000 ; free physical = 12746 ; free virtual = 152062
Wrote Netlist Cache: Time (s): cpu = 00:00:00.74 ; elapsed = 00:00:00.78 . Memory (MB): peak = 12899.098 ; gain = 0.000 ; free physical = 12516 ; free virtual = 152051
Wrote Device Cache: Time (s): cpu = 00:00:00 ; elapsed = 00:00:00.01 . Memory (MB): peak = 12899.098 ; gain = 0.000 ; free physical = 12501 ; free virtual = 152051
Write Physdb Complete: Time (s): cpu = 00:00:55 ; elapsed = 00:00:30 . Memory (MB): peak = 12899.098 ; gain = 0.000 ; free physical = 12494 ; free virtual = 152053
INFO: [Common 17-1381] The checkpoint '/mnt_pool/c3_users/user/pleguina/graphsage_vivado_2024_1_sweep/build/vivado_sweep/qat_dsp_V2A1_allcut_ssi_retime_route_clk272/final.dcp' has been generated.
write_checkpoint: Time (s): cpu = 00:01:09 ; elapsed = 00:00:48 . Memory (MB): peak = 12899.098 ; gain = 0.000 ; free physical = 11662 ; free virtual = 151859
# report_timing_summary \
#     -delay_type min_max \
#     -max_paths 100 \
#     -report_unconstrained \
#     -check_timing_verbose \
#     -file [
#         file join \
#             $reports_dir \
#             timing_final.rpt
#     ]
INFO: [Timing 38-91] UpdateTimingParams: Speed grade: -1, Temperature grade: E, Delay Type: min_max.
INFO: [Timing 38-191] Multithreading enabled for timing update using a maximum of 32 CPUs
report_timing_summary: Time (s): cpu = 00:00:30 ; elapsed = 00:00:13 . Memory (MB): peak = 12899.098 ; gain = 0.000 ; free physical = 11000 ; free virtual = 151756
# report_internal_timing $reports_dir final
CRITICAL WARNING: [Vivado 12-4439] The number of objects collected by the 'to' option of 'report_timing' is very large: 424103. This may lead to serious performance issues and out-of-memory conditions in handling the results.
Resolution: Further filtering of the command results, or narrowing the scope of the command is recommended.
CRITICAL WARNING: [Vivado 12-4439] The number of objects collected by the 'from' option of 'report_timing' is very large: 424103. This may lead to serious performance issues and out-of-memory conditions in handling the results.
Resolution: Further filtering of the command results, or narrowing the scope of the command is recommended.
INFO: [Timing 38-91] UpdateTimingParams: Speed grade: -1, Temperature grade: E, Delay Type: max.
INFO: [Timing 38-191] Multithreading enabled for timing update using a maximum of 32 CPUs
INFO: [Timing 38-78] ReportTimingParams: -from_pins  -to_pins  -max_paths 100 -nworst 1 -delay_type max -sort_by slack.
report_timing: Time (s): cpu = 00:00:36 ; elapsed = 00:00:05 . Memory (MB): peak = 12899.098 ; gain = 0.000 ; free physical = 14783 ; free virtual = 151998
CRITICAL WARNING: [Vivado 12-4439] The number of objects collected by the 'to' option of 'report_timing' is very large: 424103. This may lead to serious performance issues and out-of-memory conditions in handling the results.
Resolution: Further filtering of the command results, or narrowing the scope of the command is recommended.
CRITICAL WARNING: [Vivado 12-4439] The number of objects collected by the 'from' option of 'report_timing' is very large: 424103. This may lead to serious performance issues and out-of-memory conditions in handling the results.
Resolution: Further filtering of the command results, or narrowing the scope of the command is recommended.
INFO: [Timing 38-91] UpdateTimingParams: Speed grade: -1, Temperature grade: E, Delay Type: min.
INFO: [Timing 38-191] Multithreading enabled for timing update using a maximum of 32 CPUs
INFO: [Timing 38-78] ReportTimingParams: -from_pins  -to_pins  -max_paths 100 -nworst 1 -delay_type min -sort_by slack.
report_timing: Time (s): cpu = 00:01:15 ; elapsed = 00:00:09 . Memory (MB): peak = 12899.098 ; gain = 0.000 ; free physical = 14171 ; free virtual = 151976
# report_timing \
#     -delay_type max \
#     -max_paths 100 \
#     -file [
#         file join \
#             $reports_dir \
#             worst_setup_paths.rpt
#     ]
INFO: [Timing 38-91] UpdateTimingParams: Speed grade: -1, Temperature grade: E, Delay Type: max.
INFO: [Timing 38-191] Multithreading enabled for timing update using a maximum of 32 CPUs
INFO: [Timing 38-78] ReportTimingParams: -max_paths 100 -nworst 1 -delay_type max -sort_by slack.
report_timing: Time (s): cpu = 00:00:44 ; elapsed = 00:00:05 . Memory (MB): peak = 12899.098 ; gain = 0.000 ; free physical = 13796 ; free virtual = 151973
# report_route_status \
#     -file [
#         file join \
#             $reports_dir \
#             route_status.rpt
#     ]
# report_design_analysis \
#     -congestion \
#     -file [
#         file join \
#             $reports_dir \
#             congestion_final.rpt
#     ]
# report_design_analysis \
#     -complexity \
#     -hierarchical_depth 4 \
#     -file [
#         file join \
#             $reports_dir \
#             complexity_final.rpt
#     ]
report_design_analysis: Time (s): cpu = 00:00:06 ; elapsed = 00:00:08 . Memory (MB): peak = 12899.098 ; gain = 0.000 ; free physical = 14628 ; free virtual = 152100
# report_utilization \
#     -file [
#         file join \
#             $reports_dir \
#             utilization_final.rpt
#     ]
report_utilization: Time (s): cpu = 00:00:22 ; elapsed = 00:00:22 . Memory (MB): peak = 12899.098 ; gain = 0.000 ; free physical = 13957 ; free virtual = 152093
# report_utilization \
#     -hierarchical \
#     -file [
#         file join \
#             $reports_dir \
#             utilization_hier_final.rpt
#     ]
report_utilization: Time (s): cpu = 00:00:36 ; elapsed = 00:00:36 . Memory (MB): peak = 12899.098 ; gain = 0.000 ; free physical = 14290 ; free virtual = 151996
# report_utilization \
#     -slr \
#     -file [
#         file join \
#             $reports_dir \
#             utilization_slr_final.rpt
#     ]
report_utilization: Time (s): cpu = 00:00:39 ; elapsed = 00:00:39 . Memory (MB): peak = 12899.098 ; gain = 0.000 ; free physical = 11859 ; free virtual = 151914
# report_high_fanout_nets \
#     -file [
#         file join \
#             $reports_dir \
#             high_fanout_final.rpt
#     ]
report_high_fanout_nets: Time (s): cpu = 00:00:16 ; elapsed = 00:00:16 . Memory (MB): peak = 12899.098 ; gain = 0.000 ; free physical = 10270 ; free virtual = 151808
# report_methodology \
#     -file [
#         file join \
#             $reports_dir \
#             methodology_final.rpt
#     ]
Command: report_methodology -file /mnt_pool/c3_users/user/pleguina/graphsage_vivado_2024_1_sweep/build/vivado_sweep/qat_dsp_V2A1_allcut_ssi_retime_route_clk272/reports/methodology_final.rpt
INFO: [Timing 38-35] Done setting XDC timing constraints.
INFO: [DRC 23-133] Running Methodology with 32 threads
WARNING: [DRC 23-814] Not all possible (connectivity based) DRCs may have been run because this design is seen as Out of Context.
INFO: [Vivado_Tcl 2-1520] The results of Report Methodology are in file /mnt_pool/c3_users/user/pleguina/graphsage_vivado_2024_1_sweep/build/vivado_sweep/qat_dsp_V2A1_allcut_ssi_retime_route_clk272/reports/methodology_final.rpt.
report_methodology completed successfully
report_methodology: Time (s): cpu = 00:04:49 ; elapsed = 00:00:31 . Memory (MB): peak = 12899.098 ; gain = 0.000 ; free physical = 11883 ; free virtual = 151726
# report_qor_suggestions \
#     -file [
#         file join \
#             $reports_dir \
#             qor_suggestions_final.rpt
#     ]
Command: report_qor_suggestions -file /mnt_pool/c3_users/user/pleguina/graphsage_vivado_2024_1_sweep/build/vivado_sweep/qat_dsp_V2A1_allcut_ssi_retime_route_clk272/reports/qor_suggestions_final.rpt
Congestion Prediction Time (s): cpu = 00:00:18 ; elapsed = 00:00:18 . Memory (MB): peak = 13387.332 ; gain = 0.000 ; free physical = 13160 ; free virtual = 152050
INFO: [Implflow 47-1309] PredResultString: 1:49.39:50.61
INFO: [Implflow 47-1276] The design is not compatible for suggesting strategy, as it was not run using vivado implementation default or vivado implementation explore strategy.
report_qor_suggestions completed successfully
report_qor_suggestions: Time (s): cpu = 00:05:41 ; elapsed = 00:01:17 . Memory (MB): peak = 13387.332 ; gain = 488.234 ; free physical = 14066 ; free virtual = 152064
# report_clocks \
#     -file [
#         file join \
#             $reports_dir \
#             clocks_final.rpt
#     ]
# report_clock_utilization \
#     -file [
#         file join \
#             $reports_dir \
#             clock_utilization_final.rpt
#     ]
report_clock_utilization: Time (s): cpu = 00:00:22 ; elapsed = 00:00:23 . Memory (MB): peak = 13387.332 ; gain = 0.000 ; free physical = 12698 ; free virtual = 151977
# report_drc \
#     -file [
#         file join \
#             $reports_dir \
#             drc_final.rpt
#     ]
Command: report_drc -file /mnt_pool/c3_users/user/pleguina/graphsage_vivado_2024_1_sweep/build/vivado_sweep/qat_dsp_V2A1_allcut_ssi_retime_route_clk272/reports/drc_final.rpt
INFO: [IP_Flow 19-234] Refreshing IP repositories
INFO: [IP_Flow 19-1704] No user IP repositories specified
INFO: [IP_Flow 19-2313] Loaded Vivado IP repository '/mnt_pool/c3_users/vivado/2025.2/data/ip'.
INFO: [DRC 23-27] Running DRC with 32 threads
WARNING: [DRC 23-814] Not all possible (connectivity based) DRCs may have been run because this design is seen as Out of Context.
INFO: [Vivado_Tcl 2-168] The results of DRC are in file /mnt_pool/c3_users/user/pleguina/graphsage_vivado_2024_1_sweep/build/vivado_sweep/qat_dsp_V2A1_allcut_ssi_retime_route_clk272/reports/drc_final.rpt.
report_drc completed successfully
report_drc: Time (s): cpu = 00:02:39 ; elapsed = 00:00:41 . Memory (MB): peak = 13387.332 ; gain = 0.000 ; free physical = 23684 ; free virtual = 163564
# set setup_wns [timing_slack max]
# set timing_met [
#     expr {
#         $setup_wns ne "NA"
#         && $setup_wns >= 0.0
#     }
# ]
# write_metadata \
#     [file join $output_dir metadata.txt] \
#     [expr {
#         $timing_met
#             ? "timing_met"
#             : "timing_failed"
#     }] \
#     $run_name \
#     $place_directive \
#     $route_directive \
#     $screen_only \
#     $use_tns_cleanup \
#     $use_post_phys \
#     $post_place_phys_directive \
#     $start_time \
#     $clock_period
# puts "============================================================"
============================================================
# puts "RUN_COMPLETE=$run_name"
RUN_COMPLETE=qat_dsp_V2A1_allcut_ssi_retime_route_clk272
# puts "SETUP_WNS_NS=$setup_wns"
SETUP_WNS_NS=0.002
# puts "TIMING_MET=$timing_met"
TIMING_MET=1
# puts "============================================================"
============================================================
# exit [expr {$timing_met ? 0 : 2}]
INFO: [Common 17-206] Exiting Vivado at Thu Aug 27 16:49:58 2026...
