CLOCK_SWEEP_VARIANT=clk280 PERIOD_NS=2.80

****** Vivado v2025.2 (64-bit)
  **** SW Build 6299465 on Fri Nov 14 12:34:56 MST 2025
  **** IP Build 6300035 on Fri Nov 14 10:48:45 MST 2025
  **** SharedData Build 6298862 on Thu Nov 13 04:50:51 MST 2025
  **** Start of session at: Thu Aug 27 16:06:05 2026
    ** Copyright 1986-2022 Xilinx, Inc. All Rights Reserved.
    ** Copyright 2022-2025 Advanced Micro Devices, Inc. All Rights Reserved.

source hls/run_vivado_int8_po2_strategy.tcl
# set script_dir [file dirname [file normalize [info script]]]
# set repo_root [file normalize [file join $script_dir ..]]
# set sweep_dir [file join $repo_root build vivado_sweep]
# foreach required_env {RUN_NAME PLACE_DIRECTIVE} {
#     if {![info exists ::env($required_env)] || $::env($required_env) eq ""} {
#         error "Missing required environment variable $required_env"
#     }
# }
# set run_name $::env(RUN_NAME)
# set place_directive $::env(PLACE_DIRECTIVE)
# set clock_period [expr {
#     [info exists ::env(CLOCK_PERIOD_NS)]
#         ? $::env(CLOCK_PERIOD_NS)
#         : 2.77
# }]
# set xdc_file [file join $script_dir graphsage_int8_po2_ooc.xdc]
# set input_checkpoint [expr {
#     [info exists ::env(INPUT_CHECKPOINT)]
#         ? [file normalize $::env(INPUT_CHECKPOINT)]
#         : [file join $sweep_dir baseline_post_synth.dcp]
# }]
# set route_directive [expr {
#     [info exists ::env(ROUTE_DIRECTIVE)]
#         ? $::env(ROUTE_DIRECTIVE)
#         : "Default"
# }]
# set screen_only [expr {
#     [info exists ::env(SCREEN_ONLY)]
#         ? $::env(SCREEN_ONLY)
#         : 1
# }]
# set use_tns_cleanup [expr {
#     [info exists ::env(USE_TNS_CLEANUP)]
#         ? $::env(USE_TNS_CLEANUP)
#         : 1
# }]
# set use_post_phys [expr {
#     [info exists ::env(USE_POST_PHYS)]
#         ? $::env(USE_POST_PHYS)
#         : 1
# }]
# set post_place_phys_directive [expr {
#     [info exists ::env(POST_PLACE_PHYS_DIRECTIVE)]
#         ? $::env(POST_PLACE_PHYS_DIRECTIVE)
#         : ""
# }]
# set use_retime [expr {
#     [info exists ::env(USE_RETIME)]
#         ? $::env(USE_RETIME)
#         : 0
# }]
# set output_dir [file join $sweep_dir $run_name]
# set reports_dir [file join $output_dir reports]
# set start_time [clock seconds]
# file mkdir $output_dir
# file mkdir $reports_dir
# set vivado_threads [expr {
#     [info exists ::env(SLURM_CPUS_PER_TASK)]
#         ? $::env(SLURM_CPUS_PER_TASK)
#         : 4
# }]
# set_param general.maxThreads $vivado_threads
# puts "============================================================"
============================================================
# puts "RUN_NAME=$run_name"
RUN_NAME=qat_dsp_V2A1_allcut_ssi_retime_route_clk280
# puts "INPUT_CHECKPOINT=$input_checkpoint"
INPUT_CHECKPOINT=/mnt_pool/c3_users/user/pleguina/graphsage_vivado_2024_1_sweep/build/vivado_sweep/qat_dsp_V2A1_allcut_post_synth.dcp
# puts "PLACE_DIRECTIVE=$place_directive"
PLACE_DIRECTIVE=SSI_SpreadLogic_high
# puts "ROUTE_DIRECTIVE=$route_directive"
ROUTE_DIRECTIVE=Default
# puts "SCREEN_ONLY=$screen_only"
SCREEN_ONLY=0
# puts "USE_TNS_CLEANUP=$use_tns_cleanup"
USE_TNS_CLEANUP=1
# puts "USE_POST_PHYS=$use_post_phys"
USE_POST_PHYS=1
# puts "POST_PLACE_PHYS_DIRECTIVE=$post_place_phys_directive"
POST_PLACE_PHYS_DIRECTIVE=
# puts "VIVADO_MAX_THREADS=$vivado_threads"
VIVADO_MAX_THREADS=32
# puts "============================================================"
============================================================
# proc timing_slack {delay_type} {
# 
#     set paths [
#         get_timing_paths \
#             -delay_type $delay_type \
#             -max_paths 1 \
#             -quiet
#     ]
# 
#     if {[llength $paths] == 0} {
#         return "NA"
#     }
# 
#     return [get_property SLACK [lindex $paths 0]]
# }
# proc report_internal_timing {reports_dir stage} {
#     set registers [all_registers]
# 
#     report_timing \
#         -from $registers \
#         -to $registers \
#         -delay_type max \
#         -max_paths 100 \
#         -path_type full_clock_expanded \
#         -file [file join $reports_dir timing_internal_setup_${stage}.rpt]
# 
#     report_timing \
#         -from $registers \
#         -to $registers \
#         -delay_type min \
#         -max_paths 100 \
#         -path_type full_clock_expanded \
#         -file [file join $reports_dir timing_internal_hold_${stage}.rpt]
# }
# proc write_metadata {
#     path
#     status
#     run_name
#     place_directive
#     route_directive
#     screen_only
#     use_tns_cleanup
#     use_post_phys
#     post_place_phys_directive
#     start_time
#     clock_period_ns
# } {
# 
#     set metadata [open $path w]
# 
#     puts $metadata "run_name=$run_name"
#     puts $metadata "place_directive=$place_directive"
#     puts $metadata "route_directive=$route_directive"
#     puts $metadata "screen_only=$screen_only"
#     puts $metadata "tns_cleanup=$use_tns_cleanup"
#     puts $metadata "postroute_physopt=$use_post_phys"
#     puts $metadata "post_place_phys_directive=$post_place_phys_directive"
# 
#     puts $metadata "clock_period_ns=$clock_period_ns"
# 
#     puts $metadata \
#         "post_stage_setup_wns_ns=[timing_slack max]"
# 
#     puts $metadata \
#         "post_stage_hold_wns_ns=[timing_slack min]"
# 
#     puts $metadata \
#         "runtime_seconds=[expr {[clock seconds] - $start_time}]"
# 
#     puts $metadata "status=$status"
# 
#     close $metadata
# }
# if {![file exists $input_checkpoint]} {
#     error "Missing input checkpoint: $input_checkpoint"
# }
# open_checkpoint $input_checkpoint
Command: open_checkpoint /mnt_pool/c3_users/user/pleguina/graphsage_vivado_2024_1_sweep/build/vivado_sweep/qat_dsp_V2A1_allcut_post_synth.dcp

Starting open_checkpoint Task

Time (s): cpu = 00:00:00.02 ; elapsed = 00:00:00.03 . Memory (MB): peak = 1489.504 ; gain = 6.938 ; free physical = 50866 ; free virtual = 184021
INFO: [Device 21-403] Loading part xcvu13p-fsga2577-1-e
Netlist sorting complete. Time (s): cpu = 00:00:04 ; elapsed = 00:00:04 . Memory (MB): peak = 3761.918 ; gain = 29.867 ; free physical = 40610 ; free virtual = 175914
INFO: [Netlist 29-17] Analyzing 49531 Unisim elements for replacement
INFO: [Netlist 29-28] Unisim Transformation completed in 2 CPU seconds
INFO: [Project 1-479] Netlist was created with Vivado 2025.2
INFO: [Project 1-570] Preparing netlist for logic optimization
Read ShapeDB Complete: Time (s): cpu = 00:00:01 ; elapsed = 00:00:02 . Memory (MB): peak = 4328.684 ; gain = 193.531 ; free physical = 38035 ; free virtual = 174382
INFO: [Timing 38-478] Restoring timing data from binary archive.
INFO: [Timing 38-479] Binary timing data restore complete.
INFO: [Project 1-856] Restoring constraints from binary archive.
INFO: [Project 1-853] Binary constraint restore complete.
Netlist sorting complete. Time (s): cpu = 00:00:00.11 ; elapsed = 00:00:00.12 . Memory (MB): peak = 6208.102 ; gain = 0.000 ; free physical = 34112 ; free virtual = 168131
INFO: [Project 1-111] Unisim Transformation Summary:
  A total of 432 instances were transformed.
  DSP48E2 => DSP48E2 (DSP_ALU, DSP_A_B_DATA, DSP_C_DATA, DSP_MULTIPLIER, DSP_M_DATA, DSP_OUTPUT, DSP_PREADD, DSP_PREADD_DATA): 432 instances

INFO: [Project 1-604] Checkpoint was created with Vivado v2025.2 (64-bit) build 6299465
open_checkpoint: Time (s): cpu = 00:01:30 ; elapsed = 00:01:40 . Memory (MB): peak = 6208.137 ; gain = 4729.539 ; free physical = 34076 ; free virtual = 168130
# if {[llength [get_clocks -quiet ap_clk]] == 0} {
#     puts "LOADING_MISSING_TIMING_CONSTRAINTS=$xdc_file"
#     read_xdc $xdc_file
# }
# if {[llength [get_clocks -quiet ap_clk]] != 1} {
#     error "Expected exactly one ap_clk timing clock after loading $input_checkpoint"
# }
# if {[info exists ::env(CLOCK_PERIOD_NS)]} {
#     puts "OVERRIDING_CLOCK_PERIOD_NS=$clock_period"
#     create_clock -name ap_clk -period $clock_period [get_ports ap_clk]
# }
OVERRIDING_CLOCK_PERIOD_NS=2.8
WARNING: [Constraints 18-619] A clock with name 'ap_clk' already exists, overwriting the previous clock with the same name.
# report_property \
#     [get_ports ap_clk] \
#     -file [
#         file join \
#             $reports_dir \
#             ap_clk_properties.rpt
#     ]
# opt_design -directive Explore
Command: opt_design -directive Explore
INFO: [Vivado_Tcl 4-136] Directive used for opt_design is: Explore
Attempting to get a license for feature 'Implementation' and/or device 'xcvu13p'
INFO: [Common 17-349] Got license for feature 'Implementation' and/or device 'xcvu13p'
INFO: [Common 17-1540] The version limit for your license is '2026.02' and has expired for new software. A version limit expiration means that, although you may be able to continue to use the current version of tools or IP with this license, you will not be eligible for new releases.
Running DRC as a precondition to command opt_design

Starting DRC Task
INFO: [DRC 23-27] Running DRC with 32 threads
WARNING: [DRC 23-814] Not all possible (connectivity based) DRCs may have been run because this design is seen as Out of Context.
INFO: [Project 1-461] DRC finished with 0 Errors
INFO: [Project 1-462] Please refer to the DRC report (report_drc) for more information.

Time (s): cpu = 00:00:10 ; elapsed = 00:00:03 . Memory (MB): peak = 6603.184 ; gain = 387.078 ; free physical = 29713 ; free virtual = 165728

Starting Logic Optimization Task

Phase 1 Initialization

Phase 1.1 Core Generation And Design Setup
Phase 1.1 Core Generation And Design Setup | Checksum: 156bacec0

Time (s): cpu = 00:00:00.58 ; elapsed = 00:00:00.58 . Memory (MB): peak = 6611.184 ; gain = 0.000 ; free physical = 29461 ; free virtual = 165572

Phase 1.2 Setup Constraints And Sort Netlist
Phase 1.2 Setup Constraints And Sort Netlist | Checksum: 156bacec0

Time (s): cpu = 00:00:00.82 ; elapsed = 00:00:00.83 . Memory (MB): peak = 6611.184 ; gain = 0.000 ; free physical = 29355 ; free virtual = 165466
Phase 1 Initialization | Checksum: 156bacec0

Time (s): cpu = 00:00:00.86 ; elapsed = 00:00:00.87 . Memory (MB): peak = 6611.184 ; gain = 0.000 ; free physical = 29355 ; free virtual = 165466

Phase 2 Timer Update And Timing Data Collection

Phase 2.1 Detect if minReqCache needed
Phase 2.1 Detect if minReqCache needed | Checksum: 156bacec0

Time (s): cpu = 00:00:02 ; elapsed = 00:00:02 . Memory (MB): peak = 6835.184 ; gain = 224.000 ; free physical = 29142 ; free virtual = 165260

Phase 2.2 Timer Update
Phase 2.2 Timer Update | Checksum: 156bacec0

Time (s): cpu = 00:00:13 ; elapsed = 00:00:06 . Memory (MB): peak = 6835.184 ; gain = 224.000 ; free physical = 28966 ; free virtual = 165242
Phase 2 Timer Update And Timing Data Collection | Checksum: 156bacec0

Time (s): cpu = 00:00:13 ; elapsed = 00:00:06 . Memory (MB): peak = 6835.184 ; gain = 224.000 ; free physical = 28955 ; free virtual = 165242

Phase 3 Retarget
INFO: [Opt 31-1851] Number of loadless carry chains removed were: 0
INFO: [Opt 31-1834] Total Chains To Be Transformed Were: 0 AND Number of Transformed insts Created are: 0
INFO: [Opt 31-138] Pushed 104 inverter(s) to 424 load pin(s).
INFO: [Opt 31-49] Retargeted 0 cell(s).
Phase 3 Retarget | Checksum: 14bcca2e8

Time (s): cpu = 00:00:24 ; elapsed = 00:00:16 . Memory (MB): peak = 7083.305 ; gain = 472.121 ; free physical = 28113 ; free virtual = 164666
Retarget | Checksum: 14bcca2e8
INFO: [Opt 31-389] Phase Retarget created 76 cells and removed 180 cells

Phase 4 Constant propagation
INFO: [Opt 31-138] Pushed 0 inverter(s) to 0 load pin(s).
Phase 4 Constant propagation | Checksum: 14537d243

Time (s): cpu = 00:00:29 ; elapsed = 00:00:21 . Memory (MB): peak = 7083.305 ; gain = 472.121 ; free physical = 27314 ; free virtual = 164180
Constant propagation | Checksum: 14537d243
INFO: [Opt 31-389] Phase Constant propagation created 104 cells and removed 106 cells

Phase 5 Sweep
INFO: [Constraints 18-11670] Building netlist checker database with flags, 0x8
Done building netlist checker database: Time (s): cpu = 00:00:00.16 ; elapsed = 00:00:00.17 . Memory (MB): peak = 7083.305 ; gain = 0.000 ; free physical = 27172 ; free virtual = 164128
INFO: [Constraints 18-11670] Building netlist checker database with flags, 0x8
Done building netlist checker database: Time (s): cpu = 00:00:00.15 ; elapsed = 00:00:00.16 . Memory (MB): peak = 7083.305 ; gain = 0.000 ; free physical = 26037 ; free virtual = 163675
Phase 5 Sweep | Checksum: 1247709e3

Time (s): cpu = 00:00:39 ; elapsed = 00:00:31 . Memory (MB): peak = 7083.305 ; gain = 472.121 ; free physical = 29327 ; free virtual = 163747
Sweep | Checksum: 1247709e3
INFO: [Opt 31-389] Phase Sweep created 0 cells and removed 52 cells

Phase 6 BUFG optimization
INFO: [Opt 31-1077] Phase BUFG optimization inserted 0 global clock buffer(s) for CLOCK_LOW_FANOUT.
Phase 6 BUFG optimization | Checksum: 1247709e3

Time (s): cpu = 00:00:42 ; elapsed = 00:00:34 . Memory (MB): peak = 7115.320 ; gain = 504.137 ; free physical = 29147 ; free virtual = 163736
BUFG optimization | Checksum: 1247709e3
INFO: [Opt 31-662] Phase BUFG optimization created 0 cells of which 0 are BUFGs and removed 0 cells.

Phase 7 Shift Register Optimization
INFO: [Opt 31-1064] SRL Remap converted 0 SRLs to 0 registers and converted 0 registers of register chains to 0 SRLs
Phase 7 Shift Register Optimization | Checksum: 1247709e3

Time (s): cpu = 00:00:43 ; elapsed = 00:00:35 . Memory (MB): peak = 7115.320 ; gain = 504.137 ; free physical = 29118 ; free virtual = 163736
Shift Register Optimization | Checksum: 1247709e3
INFO: [Opt 31-389] Phase Shift Register Optimization created 0 cells and removed 0 cells
INFO: [Opt 31-1555] control_set_opt supports Versal devices only, and device xcvu13p is unsupported

Phase 8 Post Processing Netlist
Phase 8 Post Processing Netlist | Checksum: 1247709e3

Time (s): cpu = 00:00:45 ; elapsed = 00:00:37 . Memory (MB): peak = 7115.320 ; gain = 504.137 ; free physical = 28951 ; free virtual = 163659
Post Processing Netlist | Checksum: 1247709e3
INFO: [Opt 31-389] Phase Post Processing Netlist created 0 cells and removed 0 cells

Phase 9 Finalization

Phase 9.1 Finalizing Design Cores and Updating Shapes
Phase 9.1 Finalizing Design Cores and Updating Shapes | Checksum: 197bf2352

Time (s): cpu = 00:01:14 ; elapsed = 00:01:03 . Memory (MB): peak = 7115.320 ; gain = 504.137 ; free physical = 28306 ; free virtual = 163804

Phase 9.2 Verifying Netlist Connectivity

Starting Connectivity Check Task

Time (s): cpu = 00:00:00.84 ; elapsed = 00:00:00.85 . Memory (MB): peak = 7115.320 ; gain = 0.000 ; free physical = 30048 ; free virtual = 163799
Phase 9.2 Verifying Netlist Connectivity | Checksum: 197bf2352

Time (s): cpu = 00:01:15 ; elapsed = 00:01:03 . Memory (MB): peak = 7115.320 ; gain = 504.137 ; free physical = 30042 ; free virtual = 163795
Phase 9 Finalization | Checksum: 197bf2352

Time (s): cpu = 00:01:15 ; elapsed = 00:01:04 . Memory (MB): peak = 7115.320 ; gain = 504.137 ; free physical = 30040 ; free virtual = 163796
Opt_design Change Summary
=========================


-------------------------------------------------------------------------------------------------------------------------
|  Phase                        |  #Cells created  |  #Cells Removed  |  #Constrained objects preventing optimizations  |
-------------------------------------------------------------------------------------------------------------------------
|  Retarget                     |              76  |             180  |                                              0  |
|  Constant propagation         |             104  |             106  |                                              0  |
|  Sweep                        |               0  |              52  |                                              0  |
|  BUFG optimization            |               0  |               0  |                                              0  |
|  Shift Register Optimization  |               0  |               0  |                                              0  |
|  Post Processing Netlist      |               0  |               0  |                                              0  |
-------------------------------------------------------------------------------------------------------------------------


Ending Logic Optimization Task | Checksum: 197bf2352

Time (s): cpu = 00:01:15 ; elapsed = 00:01:04 . Memory (MB): peak = 7115.320 ; gain = 504.137 ; free physical = 30035 ; free virtual = 163795
Netlist sorting complete. Time (s): cpu = 00:00:00.12 ; elapsed = 00:00:00.12 . Memory (MB): peak = 7115.320 ; gain = 0.000 ; free physical = 30005 ; free virtual = 163795
INFO: [Common 17-83] Releasing license: Implementation
23 Infos, 1 Warnings, 0 Critical Warnings and 0 Errors encountered.
opt_design completed successfully
opt_design: Time (s): cpu = 00:01:28 ; elapsed = 00:01:30 . Memory (MB): peak = 7115.320 ; gain = 907.184 ; free physical = 30004 ; free virtual = 163794
# if {[info exists ::env(PRE_PLACE_TCL)] && $::env(PRE_PLACE_TCL) ne ""} {
#     set pre_place_tcl [file normalize $::env(PRE_PLACE_TCL)]
#     if {![file exists $pre_place_tcl]} {
#         error "Missing PRE_PLACE_TCL hook: $pre_place_tcl"
#     }
#     puts "SOURCING_PRE_PLACE_TCL=$pre_place_tcl"
#     source $pre_place_tcl
# }
# write_checkpoint \
#     -force \
#     [
#         file join \
#             $output_dir \
#             post_opt.dcp
#     ]
INFO: [Timing 38-35] Done setting XDC timing constraints.
INFO: [Timing 38-480] Writing timing data to binary archive.
Write ShapeDB Complete: Time (s): cpu = 00:00:04 ; elapsed = 00:00:01 . Memory (MB): peak = 7115.320 ; gain = 0.000 ; free physical = 28470 ; free virtual = 163640
INFO: [Common 17-1381] The checkpoint '/mnt_pool/c3_users/user/pleguina/graphsage_vivado_2024_1_sweep/build/vivado_sweep/qat_dsp_V2A1_allcut_ssi_retime_route_clk280/post_opt.dcp' has been generated.
write_checkpoint: Time (s): cpu = 00:02:17 ; elapsed = 00:00:38 . Memory (MB): peak = 7115.320 ; gain = 0.000 ; free physical = 28989 ; free virtual = 163499
# puts "============================================================"
============================================================
# puts "STARTING_PLACEMENT=$place_directive"
STARTING_PLACEMENT=SSI_SpreadLogic_high
# puts "============================================================"
============================================================
# place_design \
#     -directive $place_directive \
#     -timing_summary
Command: place_design -directive SSI_SpreadLogic_high -timing_summary
Attempting to get a license for feature 'Implementation' and/or device 'xcvu13p'
INFO: [Common 17-349] Got license for feature 'Implementation' and/or device 'xcvu13p'
INFO: [Common 17-1540] The version limit for your license is '2026.02' and has expired for new software. A version limit expiration means that, although you may be able to continue to use the current version of tools or IP with this license, you will not be eligible for new releases.
INFO: [Common 17-83] Releasing license: Implementation
INFO: [DRC 23-27] Running DRC with 32 threads
WARNING: [DRC 23-814] Not all possible (connectivity based) DRCs may have been run because this design is seen as Out of Context.
INFO: [Vivado_Tcl 4-198] DRC finished with 0 Errors
INFO: [Vivado_Tcl 4-199] Please refer to the DRC report (report_drc) for more information.
INFO: [Vivado_Tcl 4-2302] The placer was invoked with the 'SSI_SpreadLogic_high' directive.
Running DRC as a precondition to command place_design
INFO: [DRC 23-27] Running DRC with 32 threads
WARNING: [DRC 23-814] Not all possible (connectivity based) DRCs may have been run because this design is seen as Out of Context.
INFO: [Vivado_Tcl 4-198] DRC finished with 0 Errors
INFO: [Vivado_Tcl 4-199] Please refer to the DRC report (report_drc) for more information.
INFO: [Place 30-611] Multithreading enabled for place_design using a maximum of 32 CPUs

Starting Placer Task

Phase 1 Placer Initialization

Phase 1.1 Placer Initialization Netlist Sorting
Netlist sorting complete. Time (s): cpu = 00:00:00.11 ; elapsed = 00:00:00.12 . Memory (MB): peak = 7134.383 ; gain = 0.000 ; free physical = 27653 ; free virtual = 163646
Phase 1.1 Placer Initialization Netlist Sorting | Checksum: af780353

Time (s): cpu = 00:00:00.23 ; elapsed = 00:00:00.24 . Memory (MB): peak = 7134.383 ; gain = 0.000 ; free physical = 27653 ; free virtual = 163646
Netlist sorting complete. Time (s): cpu = 00:00:00.12 ; elapsed = 00:00:00.11 . Memory (MB): peak = 7134.383 ; gain = 0.000 ; free physical = 27648 ; free virtual = 163645

Phase 1.2 IO Placement/ Clock Placement/ Build Placer Device
Phase 1.2 IO Placement/ Clock Placement/ Build Placer Device | Checksum: 907cf9a8

Time (s): cpu = 00:00:39 ; elapsed = 00:00:30 . Memory (MB): peak = 7361.695 ; gain = 227.312 ; free physical = 25169 ; free virtual = 162752

Phase 1.3 Build Placer Netlist Model
Phase 1.3 Build Placer Netlist Model | Checksum: 94221844

Time (s): cpu = 00:05:14 ; elapsed = 00:01:46 . Memory (MB): peak = 9741.816 ; gain = 2607.434 ; free physical = 20637 ; free virtual = 155733

Phase 1.4 Constrain Clocks/Macros
Phase 1.4 Constrain Clocks/Macros | Checksum: 94221844

Time (s): cpu = 00:05:14 ; elapsed = 00:01:47 . Memory (MB): peak = 9741.816 ; gain = 2607.434 ; free physical = 20615 ; free virtual = 155732
Phase 1 Placer Initialization | Checksum: 94221844

Time (s): cpu = 00:05:16 ; elapsed = 00:01:48 . Memory (MB): peak = 9741.816 ; gain = 2607.434 ; free physical = 20540 ; free virtual = 155726

Phase 2 Global Placement

Phase 2.1 Floorplanning

Phase 2.1.1 Partition Driven Placement

Phase 2.1.1.1 PBP: Partition Driven Placement
Phase 2.1.1.1 PBP: Partition Driven Placement | Checksum: 12e09ed38

Time (s): cpu = 00:09:27 ; elapsed = 00:03:16 . Memory (MB): peak = 10013.949 ; gain = 2879.566 ; free physical = 19000 ; free virtual = 155223

Phase 2.1.1.2 PBP: Clock Region Placement
INFO: [Place 30-3164] Check ILP status : ILP-based clock placer is skipped.
Phase 2.1.1.2 PBP: Clock Region Placement | Checksum: 12e09ed38

Time (s): cpu = 00:09:29 ; elapsed = 00:03:18 . Memory (MB): peak = 10013.949 ; gain = 2879.566 ; free physical = 18988 ; free virtual = 155222

Phase 2.1.1.3 PBP: Compute Congestion
Phase 2.1.1.3 PBP: Compute Congestion | Checksum: 12e09ed38

Time (s): cpu = 00:10:24 ; elapsed = 00:03:32 . Memory (MB): peak = 10238.738 ; gain = 3104.355 ; free physical = 19064 ; free virtual = 154676

Phase 2.1.1.4 PBP: UpdateTiming
Phase 2.1.1.4 PBP: UpdateTiming | Checksum: 10bf99e18

Time (s): cpu = 00:11:28 ; elapsed = 00:03:45 . Memory (MB): peak = 10430.832 ; gain = 3296.449 ; free physical = 18538 ; free virtual = 154652

Phase 2.1.1.5 PBP: Add part constraints
Phase 2.1.1.5 PBP: Add part constraints | Checksum: 10bf99e18

Time (s): cpu = 00:11:31 ; elapsed = 00:03:48 . Memory (MB): peak = 10430.832 ; gain = 3296.449 ; free physical = 19524 ; free virtual = 154787
Phase 2.1.1 Partition Driven Placement | Checksum: 10bf99e18

Time (s): cpu = 00:11:31 ; elapsed = 00:03:49 . Memory (MB): peak = 10430.832 ; gain = 3296.449 ; free physical = 19485 ; free virtual = 154783
Phase 2.1 Floorplanning | Checksum: 10bf99e18

Time (s): cpu = 00:11:31 ; elapsed = 00:03:49 . Memory (MB): peak = 10430.832 ; gain = 3296.449 ; free physical = 19459 ; free virtual = 154781

Phase 2.2 Physical Synthesis After Floorplan
INFO: [Physopt 32-775] End 1 Pass. Optimized 0 net or cell. Created 0 new cell, deleted 0 existing cell and moved 0 existing cell
Netlist sorting complete. Time (s): cpu = 00:00:00.12 ; elapsed = 00:00:00.12 . Memory (MB): peak = 10430.832 ; gain = 0.000 ; free physical = 19046 ; free virtual = 154781

Summary of Physical Synthesis Optimizations
============================================


-----------------------------------------------------------------------------------------------------------------------------------------------
|  Optimization                         |  Added Cells  |  Removed Cells  |  Optimized Cells/Nets  |  Dont Touch  |  Iterations  |  Elapsed   |
-----------------------------------------------------------------------------------------------------------------------------------------------
|  PSIP Post Floorplan SLR Replication  |            0  |              0  |                     0  |           0  |           1  |  00:00:03  |
|  Total                                |            0  |              0  |                     0  |           0  |           1  |  00:00:03  |
-----------------------------------------------------------------------------------------------------------------------------------------------


Phase 2.2 Physical Synthesis After Floorplan | Checksum: 10bf99e18

Time (s): cpu = 00:11:35 ; elapsed = 00:03:53 . Memory (MB): peak = 10430.832 ; gain = 3296.449 ; free physical = 19046 ; free virtual = 154781

Phase 2.3 Update Timing before SLR Path Opt
Phase 2.3 Update Timing before SLR Path Opt | Checksum: 10bf99e18

Time (s): cpu = 00:11:35 ; elapsed = 00:03:53 . Memory (MB): peak = 10430.832 ; gain = 3296.449 ; free physical = 19040 ; free virtual = 154781

Phase 2.4 Post-Processing in Floorplanning
Phase 2.4 Post-Processing in Floorplanning | Checksum: b643add0

Time (s): cpu = 00:11:37 ; elapsed = 00:03:54 . Memory (MB): peak = 10430.832 ; gain = 3296.449 ; free physical = 20237 ; free virtual = 154807

Phase 2.5 Global Place Phase1
Phase 2.5 Global Place Phase1 | Checksum: 1d8832ae3

Time (s): cpu = 00:21:49 ; elapsed = 00:07:13 . Memory (MB): peak = 11338.629 ; gain = 4204.246 ; free physical = 23085 ; free virtual = 151610

Phase 2.6 Global Place Phase2

Phase 2.6.1 UpdateTiming Before Physical Synthesis
Phase 2.6.1 UpdateTiming Before Physical Synthesis | Checksum: 122469a21

Time (s): cpu = 00:23:26 ; elapsed = 00:07:22 . Memory (MB): peak = 11338.629 ; gain = 4204.246 ; free physical = 22885 ; free virtual = 151715

Phase 2.6.2 Physical Synthesis In Placer
INFO: [Physopt 32-1035] Found 3 LUTNM shape to break, 6284 LUT instances to create LUTNM shape
INFO: [Physopt 32-1044] Break lutnm for timing: one critical 3, two critical 0, total 2, new lutff created 0
INFO: [Physopt 32-1138] End 1 Pass. Optimized 2885 nets or LUTs. Breaked 2 LUTs, combined 2883 existing LUTs and moved 0 existing LUT
INFO: [Physopt 32-1030] Pass 1. Identified 206 candidate driver sets for equivalent driver rewiring.
INFO: [Physopt 32-661] Optimized 167 nets.  Re-placed 386 instances.
INFO: [Physopt 32-775] End 1 Pass. Optimized 167 nets or cells. Created 0 new cell, deleted 0 existing cell and moved 386 existing cells
Netlist sorting complete. Time (s): cpu = 00:00:02 ; elapsed = 00:00:02 . Memory (MB): peak = 11338.629 ; gain = 0.000 ; free physical = 22214 ; free virtual = 151675
INFO: [Physopt 32-65] No nets found for high-fanout optimization.
INFO: [Physopt 32-232] Optimized 0 net. Created 0 new instance.
INFO: [Physopt 32-775] End 1 Pass. Optimized 0 net or cell. Created 0 new cell, deleted 0 existing cell and moved 0 existing cell
INFO: [Physopt 32-76] Pass 1. Identified 10 candidate nets for fanout optimization.
INFO: [Physopt 32-81] Processed net grp_l1_neighbor_channel_false_23_true_s_fu_8214/mul_8s_7ns_15_4_0_U10035/din0_reg_reg[4]_0. Replicated 9 times.
INFO: [Physopt 32-81] Processed net grp_l1_neighbor_channel_false_22_true_s_fu_8090/mul_8s_8ns_16_4_0_U9781/din0_reg_reg[6]_0. Replicated 9 times.
INFO: [Physopt 32-81] Processed net grp_l1_neighbor_channel_false_22_true_s_fu_8090/aggregate_input_1_6_val_read_reg_4006_reg[7]_0[6]. Replicated 7 times.
INFO: [Physopt 32-81] Processed net grp_l1_neighbor_channel_false_22_true_s_fu_8090/aggregate_input_1_6_val_read_reg_4006_reg[7]_0[5]. Replicated 7 times.
INFO: [Physopt 32-81] Processed net grp_l1_neighbor_channel_false_22_true_s_fu_8090/aggregate_input_1_6_val_read_reg_4006_reg[7]_0[4]. Replicated 6 times.
INFO: [Physopt 32-81] Processed net grp_l1_neighbor_channel_false_22_true_s_fu_8090/mul_8s_8ns_16_4_0_U9781/din0_reg_reg[5]_0. Replicated 9 times.
INFO: [Physopt 32-81] Processed net grp_l1_neighbor_channel_false_22_true_s_fu_8090/aggregate_input_1_6_val_read_reg_4006_reg[7]_0[2]. Replicated 6 times.
INFO: [Physopt 32-81] Processed net grp_l1_neighbor_channel_false_22_true_s_fu_8090/aggregate_input_1_6_val_read_reg_4006_reg[7]_0[1]. Replicated 6 times.
INFO: [Physopt 32-81] Processed net grp_l1_neighbor_channel_false_23_true_s_fu_8214/mul_8s_7ns_15_4_0_U10059/din0_reg_reg[3]_0. Replicated 9 times.
INFO: [Physopt 32-81] Processed net grp_l1_neighbor_channel_false_22_true_s_fu_8090/aggregate_input_1_6_val_read_reg_4006_reg[7]_0[3]. Replicated 6 times.
INFO: [Physopt 32-232] Optimized 10 nets. Created 74 new instances.
INFO: [Physopt 32-775] End 1 Pass. Optimized 10 nets or cells. Created 74 new cells, deleted 0 existing cell and moved 0 existing cell
Netlist sorting complete. Time (s): cpu = 00:00:01 ; elapsed = 00:00:01 . Memory (MB): peak = 11338.629 ; gain = 0.000 ; free physical = 21751 ; free virtual = 151597
INFO: [Physopt 32-456] No candidate cells for DSP register optimization found in the design.
INFO: [Physopt 32-775] End 2 Pass. Optimized 0 net or cell. Created 0 new cell, deleted 0 existing cell and moved 0 existing cell
INFO: [Physopt 32-1123] No candidate cells found for Shift Register to Pipeline optimization
INFO: [Physopt 32-775] End 2 Pass. Optimized 0 net or cell. Created 0 new cell, deleted 0 existing cell and moved 0 existing cell
INFO: [Physopt 32-1402] Pass 1: Identified 25 candidate cells for Shift Register optimization.
INFO: [Physopt 32-775] End 1 Pass. Optimized 24 nets or cells. Created 24 new cells, deleted 0 existing cell and moved 0 existing cell
Netlist sorting complete. Time (s): cpu = 00:00:00.33 ; elapsed = 00:00:00.34 . Memory (MB): peak = 11338.629 ; gain = 0.000 ; free physical = 21498 ; free virtual = 151583
INFO: [Physopt 32-526] No candidate cells for BRAM register optimization found in the design
INFO: [Physopt 32-775] End 1 Pass. Optimized 0 net or cell. Created 0 new cell, deleted 0 existing cell and moved 0 existing cell
INFO: [Physopt 32-846] No candidate cells for URAM register optimization found in the design
INFO: [Physopt 32-775] End 1 Pass. Optimized 0 net or cell. Created 0 new cell, deleted 0 existing cell and moved 0 existing cell
INFO: [Physopt 32-846] No candidate cells for URAM register optimization found in the design
INFO: [Physopt 32-775] End 1 Pass. Optimized 0 net or cell. Created 0 new cell, deleted 0 existing cell and moved 0 existing cell
INFO: [Physopt 32-949] No candidate nets found for dynamic/static region interface net replication
INFO: [Physopt 32-775] End 1 Pass. Optimized 0 net or cell. Created 0 new cell, deleted 0 existing cell and moved 0 existing cell
Netlist sorting complete. Time (s): cpu = 00:00:00.13 ; elapsed = 00:00:00.13 . Memory (MB): peak = 11338.629 ; gain = 0.000 ; free physical = 21340 ; free virtual = 151578

Summary of Physical Synthesis Optimizations
============================================


-----------------------------------------------------------------------------------------------------------------------------------------------------------
|  Optimization                                     |  Added Cells  |  Removed Cells  |  Optimized Cells/Nets  |  Dont Touch  |  Iterations  |  Elapsed   |
-----------------------------------------------------------------------------------------------------------------------------------------------------------
|  LUT Combining                                    |            2  |           2883  |                  2885  |           0  |           1  |  00:00:04  |
|  Retime                                           |            0  |              0  |                     0  |           0  |           1  |  00:00:00  |
|  Equivalent Driver Rewiring                       |            0  |              0  |                   167  |           0  |           1  |  00:00:06  |
|  Very High Fanout                                 |            0  |              0  |                     0  |           0  |           1  |  00:00:01  |
|  Fanout                                           |           74  |              0  |                    10  |           0  |           1  |  00:00:02  |
|  DSP Register                                     |            0  |              0  |                     0  |           0  |           1  |  00:00:00  |
|  Shift Register to Pipeline                       |            0  |              0  |                     0  |           0  |           1  |  00:00:00  |
|  Shift Register                                   |           24  |              0  |                    24  |           0  |           1  |  00:00:01  |
|  BRAM Register                                    |            0  |              0  |                     0  |           0  |           1  |  00:00:00  |
|  URAM Register                                    |            0  |              0  |                     0  |           0  |           1  |  00:00:01  |
|  Dynamic/Static Region Interface Net Replication  |            0  |              0  |                     0  |           0  |           1  |  00:00:00  |
|  Total                                            |          100  |           2883  |                  3086  |           0  |          11  |  00:00:15  |
-----------------------------------------------------------------------------------------------------------------------------------------------------------


Phase 2.6.2 Physical Synthesis In Placer | Checksum: 274de386d

Time (s): cpu = 00:24:58 ; elapsed = 00:07:56 . Memory (MB): peak = 11338.629 ; gain = 4204.246 ; free physical = 20752 ; free virtual = 151609
Phase 2.6 Global Place Phase2 | Checksum: 144dc487f

Time (s): cpu = 00:27:44 ; elapsed = 00:08:46 . Memory (MB): peak = 11530.723 ; gain = 4396.340 ; free physical = 18340 ; free virtual = 151523
Phase 2 Global Placement | Checksum: 144dc487f

Time (s): cpu = 00:27:44 ; elapsed = 00:08:47 . Memory (MB): peak = 11530.723 ; gain = 4396.340 ; free physical = 18325 ; free virtual = 151522

Phase 3 Detail Placement

Phase 3.1 Commit Multi Column Macros
Phase 3.1 Commit Multi Column Macros | Checksum: 11b158737

Time (s): cpu = 00:28:46 ; elapsed = 00:09:04 . Memory (MB): peak = 11530.723 ; gain = 4396.340 ; free physical = 17306 ; free virtual = 151437

Phase 3.2 Commit Most Macros & LUTRAMs
Phase 3.2 Commit Most Macros & LUTRAMs | Checksum: 23beb16b8

Time (s): cpu = 00:30:14 ; elapsed = 00:09:36 . Memory (MB): peak = 11530.723 ; gain = 4396.340 ; free physical = 15147 ; free virtual = 151305

Phase 3.3 Small Shape DP

Phase 3.3.1 Small Shape Clustering
Phase 3.3.1 Small Shape Clustering | Checksum: 166e1d710

Time (s): cpu = 00:35:00 ; elapsed = 00:10:37 . Memory (MB): peak = 11530.723 ; gain = 4396.340 ; free physical = 14599 ; free virtual = 151175

Phase 3.3.2 Slice Area Swap

Phase 3.3.2.1 Slice Area Swap Initial
Phase 3.3.2.1 Slice Area Swap Initial | Checksum: 1f198bf44

Time (s): cpu = 00:35:20 ; elapsed = 00:10:47 . Memory (MB): peak = 11530.723 ; gain = 4396.340 ; free physical = 14033 ; free virtual = 151143
Phase 3.3.2 Slice Area Swap | Checksum: 1d3fadf8e

Time (s): cpu = 00:35:31 ; elapsed = 00:10:55 . Memory (MB): peak = 11530.723 ; gain = 4396.340 ; free physical = 13280 ; free virtual = 151099
Phase 3.3 Small Shape DP | Checksum: 2e2740bf5

Time (s): cpu = 00:36:08 ; elapsed = 00:11:07 . Memory (MB): peak = 11530.723 ; gain = 4396.340 ; free physical = 15768 ; free virtual = 151201

Phase 3.4 Re-assign LUT pins
Phase 3.4 Re-assign LUT pins | Checksum: 289312329

Time (s): cpu = 00:36:29 ; elapsed = 00:11:25 . Memory (MB): peak = 11530.723 ; gain = 4396.340 ; free physical = 15033 ; free virtual = 151280

Phase 3.5 Pipeline Register Optimization
Phase 3.5 Pipeline Register Optimization | Checksum: 1d692d04a

Time (s): cpu = 00:36:41 ; elapsed = 00:11:34 . Memory (MB): peak = 11530.723 ; gain = 4396.340 ; free physical = 16364 ; free virtual = 151264

Phase 3.6 Fast Optimization
Phase 3.6 Fast Optimization | Checksum: 1d9a736cc

Time (s): cpu = 00:41:38 ; elapsed = 00:12:11 . Memory (MB): peak = 11530.723 ; gain = 4396.340 ; free physical = 13832 ; free virtual = 150890
Phase 3 Detail Placement | Checksum: 1d9a736cc

Time (s): cpu = 00:41:42 ; elapsed = 00:12:11 . Memory (MB): peak = 11530.723 ; gain = 4396.340 ; free physical = 16393 ; free virtual = 150989

Phase 4 Post Placement Optimization and Clean-Up

Phase 4.1 Post Commit Optimization
INFO: [Timing 38-35] Done setting XDC timing constraints.

Phase 4.1.1 Post Placement Optimization
Post Placement Optimization Initialization | Checksum: 1989018ab

Phase 4.1.1.1 BUFG Insertion

Starting Physical Synthesis Task

Phase 1 Physical Synthesis Initialization
INFO: [Physopt 32-721] Multithreading enabled for phys_opt_design using a maximum of 32 CPUs
INFO: [Physopt 32-619] Estimated Timing Summary | WNS=-0.158 | TNS=-1.403 |
Phase 1 Physical Synthesis Initialization | Checksum: 1d4b351c6

Time (s): cpu = 00:00:39 ; elapsed = 00:00:03 . Memory (MB): peak = 11625.316 ; gain = 0.000 ; free physical = 11900 ; free virtual = 150524
INFO: [Place 46-56] BUFG insertion identified 0 candidate nets. Inserted BUFG: 0, Replicated BUFG Driver: 0, Skipped due to Placement/Routing Conflicts: 0, Skipped due to Timing Degradation: 0, Skipped due to netlist editing failed: 0.
Ending Physical Synthesis Task | Checksum: 134cd9991

Time (s): cpu = 00:00:44 ; elapsed = 00:00:05 . Memory (MB): peak = 11625.316 ; gain = 0.000 ; free physical = 11724 ; free virtual = 150512
Phase 4.1.1.1 BUFG Insertion | Checksum: 1989018ab

Time (s): cpu = 00:49:39 ; elapsed = 00:13:19 . Memory (MB): peak = 11625.316 ; gain = 4490.934 ; free physical = 11719 ; free virtual = 150512

Phase 4.1.1.2 BUFG Replication
INFO: [Place 46-63] BUFG replication identified 0 candidate nets: Replicated nets: 0, Replicated BUFGs: 0, Replicated BUFG Driver: 0, moved BUFGs: 0, Skipped due to Placement / Routing Conflict: 0, Skipped due to Timing: 0, Skipped due to constraints: 0
Phase 4.1.1.2 BUFG Replication | Checksum: 1989018ab

Time (s): cpu = 00:49:44 ; elapsed = 00:13:21 . Memory (MB): peak = 11625.316 ; gain = 4490.934 ; free physical = 11586 ; free virtual = 150506

Phase 4.1.1.3 Post Placement Timing Optimization
Phase 4.1.1.3 Post Placement Timing Optimization | Checksum: 1e1c28d60

Time (s): cpu = 00:53:45 ; elapsed = 00:16:13 . Memory (MB): peak = 11625.316 ; gain = 4490.934 ; free physical = 14036 ; free virtual = 149599

Phase 4.1.1.4 Replication
Phase 4.1.1.4 Replication | Checksum: f9cc32d6

Time (s): cpu = 00:55:11 ; elapsed = 00:16:43 . Memory (MB): peak = 11625.316 ; gain = 4490.934 ; free physical = 11893 ; free virtual = 149571

Time (s): cpu = 00:55:11 ; elapsed = 00:16:43 . Memory (MB): peak = 11625.316 ; gain = 4490.934 ; free physical = 11893 ; free virtual = 149572
Phase 4.1 Post Commit Optimization | Checksum: f9cc32d6

Time (s): cpu = 00:55:15 ; elapsed = 00:16:44 . Memory (MB): peak = 11625.316 ; gain = 4490.934 ; free physical = 11856 ; free virtual = 149572

Phase 4.2 Post Placement Cleanup
Phase 4.2 Post Placement Cleanup | Checksum: f9cc32d6

Time (s): cpu = 00:56:49 ; elapsed = 00:17:34 . Memory (MB): peak = 12340.949 ; gain = 5206.566 ; free physical = 12196 ; free virtual = 148635

Phase 4.3 Placer Reporting

Phase 4.3.1 Dump Critical Paths 
Phase 4.3.1 Dump Critical Paths  | Checksum: f9cc32d6

Time (s): cpu = 00:56:57 ; elapsed = 00:17:36 . Memory (MB): peak = 12340.949 ; gain = 5206.566 ; free physical = 12123 ; free virtual = 148637

Phase 4.3.2 Print Final WNS
INFO: [Place 30-100] Post Placement Timing Summary | WNS=0.108  | TNS=0.000  |

Phase 4.3.2 Print Final WNS | Checksum: f9cc32d6

Time (s): cpu = 01:01:19 ; elapsed = 00:18:00 . Memory (MB): peak = 12340.949 ; gain = 5206.566 ; free physical = 12896 ; free virtual = 148652

Phase 4.3.3 Print Estimated Congestion
INFO: [Place 30-612] Post-Placement Estimated Congestion 
 ________________________________________________________________________
|           | Global Congestion | Long Congestion   | Short Congestion  |
| Direction | Region Size       | Region Size       | Region Size       |
|___________|___________________|___________________|___________________|
|      North|                1x1|                1x1|                1x1|
|___________|___________________|___________________|___________________|
|      South|                1x1|                8x8|                1x1|
|___________|___________________|___________________|___________________|
|       East|                1x1|                1x1|                2x2|
|___________|___________________|___________________|___________________|
|       West|                1x1|                1x1|                1x1|
|___________|___________________|___________________|___________________|

SLR0:
 ________________________________________________________________________
|           | Global Congestion | Long Congestion   | Short Congestion  |
| Direction | Region Size       | Region Size       | Region Size       |
|___________|___________________|___________________|___________________|
|      North|                1x1|                1x1|                1x1|
|___________|___________________|___________________|___________________|
|      South|                1x1|                1x1|                1x1|
|___________|___________________|___________________|___________________|
|       East|                1x1|                1x1|                1x1|
|___________|___________________|___________________|___________________|
|       West|                1x1|                1x1|                1x1|
|___________|___________________|___________________|___________________|

SLR1:
 ________________________________________________________________________
|           | Global Congestion | Long Congestion   | Short Congestion  |
| Direction | Region Size       | Region Size       | Region Size       |
|___________|___________________|___________________|___________________|
|      North|                1x1|                1x1|                1x1|
|___________|___________________|___________________|___________________|
|      South|                1x1|                8x8|                1x1|
|___________|___________________|___________________|___________________|
|       East|                1x1|                1x1|                2x2|
|___________|___________________|___________________|___________________|
|       West|                1x1|                1x1|                1x1|
|___________|___________________|___________________|___________________|

SLR2:
 ________________________________________________________________________
|           | Global Congestion | Long Congestion   | Short Congestion  |
| Direction | Region Size       | Region Size       | Region Size       |
|___________|___________________|___________________|___________________|
|      North|                1x1|                1x1|                1x1|
|___________|___________________|___________________|___________________|
|      South|                1x1|                1x1|                1x1|
|___________|___________________|___________________|___________________|
|       East|                1x1|                1x1|                1x1|
|___________|___________________|___________________|___________________|
|       West|                1x1|                1x1|                1x1|
|___________|___________________|___________________|___________________|

SLR3:
 ________________________________________________________________________
|           | Global Congestion | Long Congestion   | Short Congestion  |
| Direction | Region Size       | Region Size       | Region Size       |
|___________|___________________|___________________|___________________|
|      North|                1x1|                1x1|                1x1|
|___________|___________________|___________________|___________________|
|      South|                1x1|                1x1|                1x1|
|___________|___________________|___________________|___________________|
|       East|                1x1|                1x1|                1x1|
|___________|___________________|___________________|___________________|
|       West|                1x1|                1x1|                1x1|
|___________|___________________|___________________|___________________|

Phase 4.3.3 Print Estimated Congestion | Checksum: 14ea6008e

Time (s): cpu = 01:01:41 ; elapsed = 00:18:02 . Memory (MB): peak = 12340.949 ; gain = 5206.566 ; free physical = 12791 ; free virtual = 148650
Phase 4.3 Placer Reporting | Checksum: 14ea6008e

Time (s): cpu = 01:01:45 ; elapsed = 00:18:03 . Memory (MB): peak = 12340.949 ; gain = 5206.566 ; free physical = 12748 ; free virtual = 148652

Phase 4.4 Final Placement Cleanup
Netlist sorting complete. Time (s): cpu = 00:00:02 ; elapsed = 00:00:02 . Memory (MB): peak = 12340.949 ; gain = 0.000 ; free physical = 12636 ; free virtual = 148654

Time (s): cpu = 01:01:47 ; elapsed = 00:18:04 . Memory (MB): peak = 12340.949 ; gain = 5206.566 ; free physical = 12636 ; free virtual = 148654
Phase 4 Post Placement Optimization and Clean-Up | Checksum: 17224de3d

Time (s): cpu = 01:01:51 ; elapsed = 00:18:05 . Memory (MB): peak = 12340.949 ; gain = 5206.566 ; free physical = 12569 ; free virtual = 148654
Ending Placer Task | Checksum: b36d7c58

Time (s): cpu = 01:01:55 ; elapsed = 00:18:06 . Memory (MB): peak = 12340.949 ; gain = 5206.566 ; free physical = 12544 ; free virtual = 148654
56 Infos, 2 Warnings, 0 Critical Warnings and 0 Errors encountered.
place_design completed successfully
place_design: Time (s): cpu = 01:02:38 ; elapsed = 00:18:41 . Memory (MB): peak = 12340.949 ; gain = 5225.629 ; free physical = 12544 ; free virtual = 148655
# write_checkpoint \
#     -force \
#     [
#         file join \
#             $output_dir \
#             post_place.dcp
#     ]
INFO: [Timing 38-480] Writing timing data to binary archive.
Write ShapeDB Complete: Time (s): cpu = 00:00:06 ; elapsed = 00:00:01 . Memory (MB): peak = 12340.949 ; gain = 0.000 ; free physical = 12313 ; free virtual = 148662
Wrote PlaceDB: Time (s): cpu = 00:00:48 ; elapsed = 00:00:19 . Memory (MB): peak = 12340.949 ; gain = 0.000 ; free physical = 10374 ; free virtual = 148584
Wrote PulsedLatchDB: Time (s): cpu = 00:00:00 ; elapsed = 00:00:00 . Memory (MB): peak = 12340.949 ; gain = 0.000 ; free physical = 10027 ; free virtual = 148571
Writing XDEF routing.
Writing XDEF routing logical nets.
Writing XDEF routing special nets.
Wrote RouteStorage: Time (s): cpu = 00:00:00.06 ; elapsed = 00:00:00.07 . Memory (MB): peak = 12340.949 ; gain = 0.000 ; free physical = 10011 ; free virtual = 148571
Wrote Netlist Cache: Time (s): cpu = 00:00:00.76 ; elapsed = 00:00:00.81 . Memory (MB): peak = 12340.949 ; gain = 0.000 ; free physical = 9857 ; free virtual = 148566
Wrote Device Cache: Time (s): cpu = 00:00:00.01 ; elapsed = 00:00:00.01 . Memory (MB): peak = 12340.949 ; gain = 0.000 ; free physical = 9814 ; free virtual = 148551
Write Physdb Complete: Time (s): cpu = 00:00:49 ; elapsed = 00:00:24 . Memory (MB): peak = 12340.949 ; gain = 0.000 ; free physical = 9771 ; free virtual = 148551
INFO: [Common 17-1381] The checkpoint '/mnt_pool/c3_users/user/pleguina/graphsage_vivado_2024_1_sweep/build/vivado_sweep/qat_dsp_V2A1_allcut_ssi_retime_route_clk280/post_place.dcp' has been generated.
write_checkpoint: Time (s): cpu = 00:01:03 ; elapsed = 00:00:40 . Memory (MB): peak = 12340.949 ; gain = 0.000 ; free physical = 12466 ; free virtual = 148592
# report_timing_summary \
#     -delay_type min_max \
#     -max_paths 100 \
#     -file [
#         file join \
#             $reports_dir \
#             timing_post_place.rpt
#     ]
INFO: [Timing 38-91] UpdateTimingParams: Speed grade: -1, Temperature grade: E, Delay Type: min_max.
INFO: [Timing 38-191] Multithreading enabled for timing update using a maximum of 32 CPUs
report_timing_summary: Time (s): cpu = 00:01:45 ; elapsed = 00:00:23 . Memory (MB): peak = 12340.949 ; gain = 0.000 ; free physical = 13400 ; free virtual = 148603
# report_internal_timing $reports_dir post_place
CRITICAL WARNING: [Vivado 12-4439] The number of objects collected by the 'to' option of 'report_timing' is very large: 423922. This may lead to serious performance issues and out-of-memory conditions in handling the results.
Resolution: Further filtering of the command results, or narrowing the scope of the command is recommended.
CRITICAL WARNING: [Vivado 12-4439] The number of objects collected by the 'from' option of 'report_timing' is very large: 423922. This may lead to serious performance issues and out-of-memory conditions in handling the results.
Resolution: Further filtering of the command results, or narrowing the scope of the command is recommended.
INFO: [Timing 38-91] UpdateTimingParams: Speed grade: -1, Temperature grade: E, Delay Type: max.
INFO: [Timing 38-191] Multithreading enabled for timing update using a maximum of 32 CPUs
INFO: [Timing 38-78] ReportTimingParams: -from_pins  -to_pins  -max_paths 100 -nworst 1 -delay_type max -sort_by slack.
report_timing: Time (s): cpu = 00:00:36 ; elapsed = 00:00:05 . Memory (MB): peak = 12340.949 ; gain = 0.000 ; free physical = 12933 ; free virtual = 148580
CRITICAL WARNING: [Vivado 12-4439] The number of objects collected by the 'to' option of 'report_timing' is very large: 423922. This may lead to serious performance issues and out-of-memory conditions in handling the results.
Resolution: Further filtering of the command results, or narrowing the scope of the command is recommended.
CRITICAL WARNING: [Vivado 12-4439] The number of objects collected by the 'from' option of 'report_timing' is very large: 423922. This may lead to serious performance issues and out-of-memory conditions in handling the results.
Resolution: Further filtering of the command results, or narrowing the scope of the command is recommended.
INFO: [Timing 38-91] UpdateTimingParams: Speed grade: -1, Temperature grade: E, Delay Type: min.
INFO: [Timing 38-191] Multithreading enabled for timing update using a maximum of 32 CPUs
INFO: [Timing 38-78] ReportTimingParams: -from_pins  -to_pins  -max_paths 100 -nworst 1 -delay_type min -sort_by slack.
report_timing: Time (s): cpu = 00:01:12 ; elapsed = 00:00:09 . Memory (MB): peak = 12340.949 ; gain = 0.000 ; free physical = 12551 ; free virtual = 148566
# report_design_analysis \
#     -congestion \
#     -file [
#         file join \
#             $reports_dir \
#             congestion_post_place.rpt
#     ]
# report_utilization \
#     -slr \
#     -file [
#         file join \
#             $reports_dir \
#             utilization_slr_post_place.rpt
#     ]
report_utilization: Time (s): cpu = 00:00:25 ; elapsed = 00:00:26 . Memory (MB): peak = 12340.949 ; gain = 0.000 ; free physical = 12861 ; free virtual = 148715
# report_high_fanout_nets \
#     -file [
#         file join \
#             $reports_dir \
#             high_fanout_post_place.rpt
#     ]
report_high_fanout_nets: Time (s): cpu = 00:00:16 ; elapsed = 00:00:16 . Memory (MB): peak = 12340.949 ; gain = 0.000 ; free physical = 12016 ; free virtual = 148781
# if {$screen_only} {
# 
#     puts "============================================================"
#     puts "SCREEN_ONLY=1"
#     puts "STOPPING_AFTER_PLACEMENT"
#     puts "PLACEMENT_SCREEN_COMPLETE=$run_name"
#     puts "============================================================"
# 
#     write_metadata \
#         [file join $output_dir metadata.txt] \
#         "placement_complete" \
#         $run_name \
#         $place_directive \
#         $route_directive \
#         $screen_only \
#         $use_tns_cleanup \
#         $use_post_phys \
#         $post_place_phys_directive \
#         $start_time \
#         $clock_period
# 
#     exit 0
# }
# puts "============================================================"
============================================================
# puts "STARTING_POST_PLACE_PHYS_OPT=$post_place_phys_directive"
STARTING_POST_PLACE_PHYS_OPT=
# puts "============================================================"
============================================================
# if {$post_place_phys_directive eq ""} {
#     phys_opt_design
# } else {
#     phys_opt_design -directive $post_place_phys_directive
# }
Command: phys_opt_design
Attempting to get a license for feature 'Implementation' and/or device 'xcvu13p'
INFO: [Common 17-349] Got license for feature 'Implementation' and/or device 'xcvu13p'
INFO: [Common 17-1540] The version limit for your license is '2026.02' and has expired for new software. A version limit expiration means that, although you may be able to continue to use the current version of tools or IP with this license, you will not be eligible for new releases.

Starting Initial Update Timing Task

Time (s): cpu = 00:00:54 ; elapsed = 00:00:08 . Memory (MB): peak = 12340.949 ; gain = 0.000 ; free physical = 11255 ; free virtual = 148610
INFO: [Vivado_Tcl 4-2279] Estimated Timing Summary | WNS= 0.108 | TNS= 0.000 | 
INFO: [Vivado_Tcl 4-383] Design worst setup slack (WNS) is greater than or equal to 0.000 ns. All physical synthesis setup optimizations will be skipped.
INFO: [Vivado_Tcl 4-232] No setup violation found. The netlist was not modified.
INFO: [Common 17-83] Releasing license: Implementation
6 Infos, 0 Warnings, 0 Critical Warnings and 0 Errors encountered.
phys_opt_design completed successfully
phys_opt_design: Time (s): cpu = 00:01:01 ; elapsed = 00:00:35 . Memory (MB): peak = 12340.949 ; gain = 0.000 ; free physical = 11226 ; free virtual = 148608
# write_checkpoint \
#     -force \
#     [
#         file join \
#             $output_dir \
#             post_place_physopt.dcp
#     ]
INFO: [Timing 38-480] Writing timing data to binary archive.
Write ShapeDB Complete: Time (s): cpu = 00:00:06 ; elapsed = 00:00:01 . Memory (MB): peak = 12340.949 ; gain = 0.000 ; free physical = 11040 ; free virtual = 148599
Wrote PlaceDB: Time (s): cpu = 00:00:50 ; elapsed = 00:00:20 . Memory (MB): peak = 12340.949 ; gain = 0.000 ; free physical = 11932 ; free virtual = 147937
Wrote PulsedLatchDB: Time (s): cpu = 00:00:00 ; elapsed = 00:00:00 . Memory (MB): peak = 12340.949 ; gain = 0.000 ; free physical = 11623 ; free virtual = 147921
Writing XDEF routing.
Writing XDEF routing logical nets.
Writing XDEF routing special nets.
Wrote RouteStorage: Time (s): cpu = 00:00:00.02 ; elapsed = 00:00:00.03 . Memory (MB): peak = 12340.949 ; gain = 0.000 ; free physical = 11813 ; free virtual = 148113
Wrote Netlist Cache: Time (s): cpu = 00:00:00.76 ; elapsed = 00:00:00.8 . Memory (MB): peak = 12340.949 ; gain = 0.000 ; free physical = 11610 ; free virtual = 148098
Wrote Device Cache: Time (s): cpu = 00:00:00 ; elapsed = 00:00:00.01 . Memory (MB): peak = 12340.949 ; gain = 0.000 ; free physical = 11595 ; free virtual = 148091
Write Physdb Complete: Time (s): cpu = 00:00:51 ; elapsed = 00:00:24 . Memory (MB): peak = 12340.949 ; gain = 0.000 ; free physical = 11596 ; free virtual = 148093
INFO: [Common 17-1381] The checkpoint '/mnt_pool/c3_users/user/pleguina/graphsage_vivado_2024_1_sweep/build/vivado_sweep/qat_dsp_V2A1_allcut_ssi_retime_route_clk280/post_place_physopt.dcp' has been generated.
write_checkpoint: Time (s): cpu = 00:01:05 ; elapsed = 00:00:40 . Memory (MB): peak = 12340.949 ; gain = 0.000 ; free physical = 11792 ; free virtual = 147954
# report_timing_summary \
#     -delay_type min_max \
#     -max_paths 100 \
#     -file [
#         file join \
#             $reports_dir \
#             timing_post_place_physopt.rpt
#     ]
INFO: [Timing 38-91] UpdateTimingParams: Speed grade: -1, Temperature grade: E, Delay Type: min_max.
INFO: [Timing 38-191] Multithreading enabled for timing update using a maximum of 32 CPUs
report_timing_summary: Time (s): cpu = 00:01:41 ; elapsed = 00:00:21 . Memory (MB): peak = 12340.949 ; gain = 0.000 ; free physical = 10206 ; free virtual = 147877
# report_design_analysis \
#     -congestion \
#     -file [
#         file join \
#             $reports_dir \
#             congestion_post_place_physopt.rpt
#     ]
# report_utilization \
#     -slr \
#     -file [
#         file join \
#             $reports_dir \
#             utilization_slr_post_place_physopt.rpt
#     ]
report_utilization: Time (s): cpu = 00:00:26 ; elapsed = 00:00:27 . Memory (MB): peak = 12340.949 ; gain = 0.000 ; free physical = 12044 ; free virtual = 147906
# puts "============================================================"
============================================================
# puts "STARTING_ROUTING=$route_directive"
STARTING_ROUTING=Default
# puts "TNS_CLEANUP=$use_tns_cleanup"
TNS_CLEANUP=1
# puts "============================================================"
============================================================
# if {$use_tns_cleanup} {
# 
#     route_design \
#         -directive $route_directive \
#         -tns_cleanup
# 
# } else {
# 
#     route_design \
#         -directive $route_directive
# }
Command: route_design -directive Default -tns_cleanup
Attempting to get a license for feature 'Implementation' and/or device 'xcvu13p'
INFO: [Common 17-349] Got license for feature 'Implementation' and/or device 'xcvu13p'
INFO: [Common 17-1540] The version limit for your license is '2026.02' and has expired for new software. A version limit expiration means that, although you may be able to continue to use the current version of tools or IP with this license, you will not be eligible for new releases.


Starting Routing Task
INFO: [Route 35-270] Using Router directive 'Default'.
INFO: [Route 35-254] Multithreading enabled for route_design using a maximum of 32 CPUs

Phase 1 Build RT Design
Checksum: PlaceDB: 80ea044 ConstDB: 0 ShapeSum: 76ad4d3d RouteDB: 34b18ed7
Nodegraph reading from file.  Time (s): cpu = 00:00:02 ; elapsed = 00:00:02 . Memory (MB): peak = 12340.949 ; gain = 0.000 ; free physical = 11063 ; free virtual = 147465
WARNING: [Route 35-197] Clock port "ap_clk" does not have an associated HD.CLK_SRC. Without this constraint, timing analysis may not be accurate and upstream checks cannot be done to ensure correct clock placement.
WARNING: [Route 35-198] Port "ap_rst" does not have an associated HD.PARTPIN_LOCS, which will prevent the partial routing of the signal "ap_rst". Without this partial route, timing analysis to/from this port will not be accurate, and no routing information for this port can be exported.
WARNING: [Route 35-198] Port "edge_masks_7[7]" does not have an associated HD.PARTPIN_LOCS, which will prevent the partial routing of the signal "edge_masks_7[7]". Without this partial route, timing analysis to/from this port will not be accurate, and no routing information for this port can be exported.
WARNING: [Route 35-198] Port "edge_masks_7[3]" does not have an associated HD.PARTPIN_LOCS, which will prevent the partial routing of the signal "edge_masks_7[3]". Without this partial route, timing analysis to/from this port will not be accurate, and no routing information for this port can be exported.
WARNING: [Route 35-198] Port "edge_masks_7[5]" does not have an associated HD.PARTPIN_LOCS, which will prevent the partial routing of the signal "edge_masks_7[5]". Without this partial route, timing analysis to/from this port will not be accurate, and no routing information for this port can be exported.
WARNING: [Route 35-198] Port "edge_masks_7[4]" does not have an associated HD.PARTPIN_LOCS, which will prevent the partial routing of the signal "edge_masks_7[4]". Without this partial route, timing analysis to/from this port will not be accurate, and no routing information for this port can be exported.
WARNING: [Route 35-198] Port "edge_masks_4[3]" does not have an associated HD.PARTPIN_LOCS, which will prevent the partial routing of the signal "edge_masks_4[3]". Without this partial route, timing analysis to/from this port will not be accurate, and no routing information for this port can be exported.
WARNING: [Route 35-198] Port "edge_masks_3[1]" does not have an associated HD.PARTPIN_LOCS, which will prevent the partial routing of the signal "edge_masks_3[1]". Without this partial route, timing analysis to/from this port will not be accurate, and no routing information for this port can be exported.
WARNING: [Route 35-198] Port "edge_masks_7[6]" does not have an associated HD.PARTPIN_LOCS, which will prevent the partial routing of the signal "edge_masks_7[6]". Without this partial route, timing analysis to/from this port will not be accurate, and no routing information for this port can be exported.
WARNING: [Route 35-198] Port "edge_masks_5[5]" does not have an associated HD.PARTPIN_LOCS, which will prevent the partial routing of the signal "edge_masks_5[5]". Without this partial route, timing analysis to/from this port will not be accurate, and no routing information for this port can be exported.
WARNING: [Route 35-198] Port "edge_masks_6[7]" does not have an associated HD.PARTPIN_LOCS, which will prevent the partial routing of the signal "edge_masks_6[7]". Without this partial route, timing analysis to/from this port will not be accurate, and no routing information for this port can be exported.
WARNING: [Route 35-198] Port "edge_masks_3[3]" does not have an associated HD.PARTPIN_LOCS, which will prevent the partial routing of the signal "edge_masks_3[3]". Without this partial route, timing analysis to/from this port will not be accurate, and no routing information for this port can be exported.
WARNING: [Route 35-198] Port "edge_masks_6[0]" does not have an associated HD.PARTPIN_LOCS, which will prevent the partial routing of the signal "edge_masks_6[0]". Without this partial route, timing analysis to/from this port will not be accurate, and no routing information for this port can be exported.
WARNING: [Route 35-198] Port "edge_masks_3[7]" does not have an associated HD.PARTPIN_LOCS, which will prevent the partial routing of the signal "edge_masks_3[7]". Without this partial route, timing analysis to/from this port will not be accurate, and no routing information for this port can be exported.
WARNING: [Route 35-198] Port "edge_masks_6[5]" does not have an associated HD.PARTPIN_LOCS, which will prevent the partial routing of the signal "edge_masks_6[5]". Without this partial route, timing analysis to/from this port will not be accurate, and no routing information for this port can be exported.
WARNING: [Route 35-198] Port "edge_masks_7[2]" does not have an associated HD.PARTPIN_LOCS, which will prevent the partial routing of the signal "edge_masks_7[2]". Without this partial route, timing analysis to/from this port will not be accurate, and no routing information for this port can be exported.
WARNING: [Route 35-198] Port "edge_masks_4[6]" does not have an associated HD.PARTPIN_LOCS, which will prevent the partial routing of the signal "edge_masks_4[6]". Without this partial route, timing analysis to/from this port will not be accurate, and no routing information for this port can be exported.
WARNING: [Route 35-198] Port "edge_masks_4[4]" does not have an associated HD.PARTPIN_LOCS, which will prevent the partial routing of the signal "edge_masks_4[4]". Without this partial route, timing analysis to/from this port will not be accurate, and no routing information for this port can be exported.
WARNING: [Route 35-198] Port "edge_masks_0[2]" does not have an associated HD.PARTPIN_LOCS, which will prevent the partial routing of the signal "edge_masks_0[2]". Without this partial route, timing analysis to/from this port will not be accurate, and no routing information for this port can be exported.
WARNING: [Route 35-198] Port "edge_masks_6[3]" does not have an associated HD.PARTPIN_LOCS, which will prevent the partial routing of the signal "edge_masks_6[3]". Without this partial route, timing analysis to/from this port will not be accurate, and no routing information for this port can be exported.
WARNING: [Route 35-198] Port "edge_masks_4[2]" does not have an associated HD.PARTPIN_LOCS, which will prevent the partial routing of the signal "edge_masks_4[2]". Without this partial route, timing analysis to/from this port will not be accurate, and no routing information for this port can be exported.
WARNING: [Route 35-198] Port "edge_masks_4[1]" does not have an associated HD.PARTPIN_LOCS, which will prevent the partial routing of the signal "edge_masks_4[1]". Without this partial route, timing analysis to/from this port will not be accurate, and no routing information for this port can be exported.
WARNING: [Route 35-198] Port "edge_masks_4[0]" does not have an associated HD.PARTPIN_LOCS, which will prevent the partial routing of the signal "edge_masks_4[0]". Without this partial route, timing analysis to/from this port will not be accurate, and no routing information for this port can be exported.
WARNING: [Route 35-198] Port "edge_masks_0[1]" does not have an associated HD.PARTPIN_LOCS, which will prevent the partial routing of the signal "edge_masks_0[1]". Without this partial route, timing analysis to/from this port will not be accurate, and no routing information for this port can be exported.
WARNING: [Route 35-198] Port "edge_masks_0[0]" does not have an associated HD.PARTPIN_LOCS, which will prevent the partial routing of the signal "edge_masks_0[0]". Without this partial route, timing analysis to/from this port will not be accurate, and no routing information for this port can be exported.
WARNING: [Route 35-198] Port "edge_masks_6[2]" does not have an associated HD.PARTPIN_LOCS, which will prevent the partial routing of the signal "edge_masks_6[2]". Without this partial route, timing analysis to/from this port will not be accurate, and no routing information for this port can be exported.
WARNING: [Route 35-198] Port "edge_masks_7[0]" does not have an associated HD.PARTPIN_LOCS, which will prevent the partial routing of the signal "edge_masks_7[0]". Without this partial route, timing analysis to/from this port will not be accurate, and no routing information for this port can be exported.
WARNING: [Route 35-198] Port "edge_masks_1[1]" does not have an associated HD.PARTPIN_LOCS, which will prevent the partial routing of the signal "edge_masks_1[1]". Without this partial route, timing analysis to/from this port will not be accurate, and no routing information for this port can be exported.
WARNING: [Route 35-198] Port "edge_masks_3[4]" does not have an associated HD.PARTPIN_LOCS, which will prevent the partial routing of the signal "edge_masks_3[4]". Without this partial route, timing analysis to/from this port will not be accurate, and no routing information for this port can be exported.
WARNING: [Route 35-198] Port "edge_masks_3[5]" does not have an associated HD.PARTPIN_LOCS, which will prevent the partial routing of the signal "edge_masks_3[5]". Without this partial route, timing analysis to/from this port will not be accurate, and no routing information for this port can be exported.
WARNING: [Route 35-198] Port "edge_masks_0[6]" does not have an associated HD.PARTPIN_LOCS, which will prevent the partial routing of the signal "edge_masks_0[6]". Without this partial route, timing analysis to/from this port will not be accurate, and no routing information for this port can be exported.
WARNING: [Route 35-198] Port "edge_masks_0[4]" does not have an associated HD.PARTPIN_LOCS, which will prevent the partial routing of the signal "edge_masks_0[4]". Without this partial route, timing analysis to/from this port will not be accurate, and no routing information for this port can be exported.
WARNING: [Route 35-198] Port "edge_masks_3[6]" does not have an associated HD.PARTPIN_LOCS, which will prevent the partial routing of the signal "edge_masks_3[6]". Without this partial route, timing analysis to/from this port will not be accurate, and no routing information for this port can be exported.
WARNING: [Route 35-198] Port "edge_masks_1[0]" does not have an associated HD.PARTPIN_LOCS, which will prevent the partial routing of the signal "edge_masks_1[0]". Without this partial route, timing analysis to/from this port will not be accurate, and no routing information for this port can be exported.
WARNING: [Route 35-198] Port "edge_masks_3[0]" does not have an associated HD.PARTPIN_LOCS, which will prevent the partial routing of the signal "edge_masks_3[0]". Without this partial route, timing analysis to/from this port will not be accurate, and no routing information for this port can be exported.
WARNING: [Route 35-198] Port "edge_masks_3[2]" does not have an associated HD.PARTPIN_LOCS, which will prevent the partial routing of the signal "edge_masks_3[2]". Without this partial route, timing analysis to/from this port will not be accurate, and no routing information for this port can be exported.
WARNING: [Route 35-198] Port "edge_masks_0[3]" does not have an associated HD.PARTPIN_LOCS, which will prevent the partial routing of the signal "edge_masks_0[3]". Without this partial route, timing analysis to/from this port will not be accurate, and no routing information for this port can be exported.
WARNING: [Route 35-198] Port "edge_masks_0[5]" does not have an associated HD.PARTPIN_LOCS, which will prevent the partial routing of the signal "edge_masks_0[5]". Without this partial route, timing analysis to/from this port will not be accurate, and no routing information for this port can be exported.
WARNING: [Route 35-198] Port "edge_masks_6[6]" does not have an associated HD.PARTPIN_LOCS, which will prevent the partial routing of the signal "edge_masks_6[6]". Without this partial route, timing analysis to/from this port will not be accurate, and no routing information for this port can be exported.
WARNING: [Route 35-198] Port "edge_masks_4[7]" does not have an associated HD.PARTPIN_LOCS, which will prevent the partial routing of the signal "edge_masks_4[7]". Without this partial route, timing analysis to/from this port will not be accurate, and no routing information for this port can be exported.
WARNING: [Route 35-198] Port "edge_masks_4[5]" does not have an associated HD.PARTPIN_LOCS, which will prevent the partial routing of the signal "edge_masks_4[5]". Without this partial route, timing analysis to/from this port will not be accurate, and no routing information for this port can be exported.
WARNING: [Route 35-198] Port "edge_masks_5[0]" does not have an associated HD.PARTPIN_LOCS, which will prevent the partial routing of the signal "edge_masks_5[0]". Without this partial route, timing analysis to/from this port will not be accurate, and no routing information for this port can be exported.
WARNING: [Route 35-198] Port "edge_masks_0[7]" does not have an associated HD.PARTPIN_LOCS, which will prevent the partial routing of the signal "edge_masks_0[7]". Without this partial route, timing analysis to/from this port will not be accurate, and no routing information for this port can be exported.
WARNING: [Route 35-198] Port "edge_masks_6[4]" does not have an associated HD.PARTPIN_LOCS, which will prevent the partial routing of the signal "edge_masks_6[4]". Without this partial route, timing analysis to/from this port will not be accurate, and no routing information for this port can be exported.
WARNING: [Route 35-198] Port "input_3_7[3]" does not have an associated HD.PARTPIN_LOCS, which will prevent the partial routing of the signal "input_3_7[3]". Without this partial route, timing analysis to/from this port will not be accurate, and no routing information for this port can be exported.
WARNING: [Route 35-198] Port "edge_masks_7[1]" does not have an associated HD.PARTPIN_LOCS, which will prevent the partial routing of the signal "edge_masks_7[1]". Without this partial route, timing analysis to/from this port will not be accurate, and no routing information for this port can be exported.
WARNING: [Route 35-198] Port "edge_masks_6[1]" does not have an associated HD.PARTPIN_LOCS, which will prevent the partial routing of the signal "edge_masks_6[1]". Without this partial route, timing analysis to/from this port will not be accurate, and no routing information for this port can be exported.
WARNING: [Route 35-198] Port "edge_masks_5[2]" does not have an associated HD.PARTPIN_LOCS, which will prevent the partial routing of the signal "edge_masks_5[2]". Without this partial route, timing analysis to/from this port will not be accurate, and no routing information for this port can be exported.
WARNING: [Route 35-198] Port "input_3_2[4]" does not have an associated HD.PARTPIN_LOCS, which will prevent the partial routing of the signal "input_3_2[4]". Without this partial route, timing analysis to/from this port will not be accurate, and no routing information for this port can be exported.
WARNING: [Route 35-198] Port "edge_masks_2[7]" does not have an associated HD.PARTPIN_LOCS, which will prevent the partial routing of the signal "edge_masks_2[7]". Without this partial route, timing analysis to/from this port will not be accurate, and no routing information for this port can be exported.
WARNING: [Route 35-198] Port "edge_masks_5[3]" does not have an associated HD.PARTPIN_LOCS, which will prevent the partial routing of the signal "edge_masks_5[3]". Without this partial route, timing analysis to/from this port will not be accurate, and no routing information for this port can be exported.
WARNING: [Route 35-198] Port "edge_masks_2[5]" does not have an associated HD.PARTPIN_LOCS, which will prevent the partial routing of the signal "edge_masks_2[5]". Without this partial route, timing analysis to/from this port will not be accurate, and no routing information for this port can be exported.
WARNING: [Route 35-198] Port "edge_masks_2[2]" does not have an associated HD.PARTPIN_LOCS, which will prevent the partial routing of the signal "edge_masks_2[2]". Without this partial route, timing analysis to/from this port will not be accurate, and no routing information for this port can be exported.
WARNING: [Route 35-198] Port "edge_masks_2[1]" does not have an associated HD.PARTPIN_LOCS, which will prevent the partial routing of the signal "edge_masks_2[1]". Without this partial route, timing analysis to/from this port will not be accurate, and no routing information for this port can be exported.
WARNING: [Route 35-198] Port "input_3_8[4]" does not have an associated HD.PARTPIN_LOCS, which will prevent the partial routing of the signal "input_3_8[4]". Without this partial route, timing analysis to/from this port will not be accurate, and no routing information for this port can be exported.
WARNING: [Route 35-198] Port "input_3_12[6]" does not have an associated HD.PARTPIN_LOCS, which will prevent the partial routing of the signal "input_3_12[6]". Without this partial route, timing analysis to/from this port will not be accurate, and no routing information for this port can be exported.
WARNING: [Route 35-198] Port "input_3_1[7]" does not have an associated HD.PARTPIN_LOCS, which will prevent the partial routing of the signal "input_3_1[7]". Without this partial route, timing analysis to/from this port will not be accurate, and no routing information for this port can be exported.
WARNING: [Route 35-198] Port "input_3_1[3]" does not have an associated HD.PARTPIN_LOCS, which will prevent the partial routing of the signal "input_3_1[3]". Without this partial route, timing analysis to/from this port will not be accurate, and no routing information for this port can be exported.
WARNING: [Route 35-198] Port "input_3_12[7]" does not have an associated HD.PARTPIN_LOCS, which will prevent the partial routing of the signal "input_3_12[7]". Without this partial route, timing analysis to/from this port will not be accurate, and no routing information for this port can be exported.
WARNING: [Route 35-198] Port "edge_masks_5[7]" does not have an associated HD.PARTPIN_LOCS, which will prevent the partial routing of the signal "edge_masks_5[7]". Without this partial route, timing analysis to/from this port will not be accurate, and no routing information for this port can be exported.
WARNING: [Route 35-198] Port "edge_masks_2[6]" does not have an associated HD.PARTPIN_LOCS, which will prevent the partial routing of the signal "edge_masks_2[6]". Without this partial route, timing analysis to/from this port will not be accurate, and no routing information for this port can be exported.
WARNING: [Route 35-198] Port "edge_masks_2[3]" does not have an associated HD.PARTPIN_LOCS, which will prevent the partial routing of the signal "edge_masks_2[3]". Without this partial route, timing analysis to/from this port will not be accurate, and no routing information for this port can be exported.
WARNING: [Route 35-198] Port "input_6_3[7]" does not have an associated HD.PARTPIN_LOCS, which will prevent the partial routing of the signal "input_6_3[7]". Without this partial route, timing analysis to/from this port will not be accurate, and no routing information for this port can be exported.
WARNING: [Route 35-198] Port "input_6_3[6]" does not have an associated HD.PARTPIN_LOCS, which will prevent the partial routing of the signal "input_6_3[6]". Without this partial route, timing analysis to/from this port will not be accurate, and no routing information for this port can be exported.
WARNING: [Route 35-198] Port "input_6_3[5]" does not have an associated HD.PARTPIN_LOCS, which will prevent the partial routing of the signal "input_6_3[5]". Without this partial route, timing analysis to/from this port will not be accurate, and no routing information for this port can be exported.
WARNING: [Route 35-198] Port "input_6_3[4]" does not have an associated HD.PARTPIN_LOCS, which will prevent the partial routing of the signal "input_6_3[4]". Without this partial route, timing analysis to/from this port will not be accurate, and no routing information for this port can be exported.
WARNING: [Route 35-198] Port "input_0_2[3]" does not have an associated HD.PARTPIN_LOCS, which will prevent the partial routing of the signal "input_0_2[3]". Without this partial route, timing analysis to/from this port will not be accurate, and no routing information for this port can be exported.
WARNING: [Route 35-198] Port "input_0_7[6]" does not have an associated HD.PARTPIN_LOCS, which will prevent the partial routing of the signal "input_0_7[6]". Without this partial route, timing analysis to/from this port will not be accurate, and no routing information for this port can be exported.
WARNING: [Route 35-198] Port "input_6_9[5]" does not have an associated HD.PARTPIN_LOCS, which will prevent the partial routing of the signal "input_6_9[5]". Without this partial route, timing analysis to/from this port will not be accurate, and no routing information for this port can be exported.
WARNING: [Route 35-198] Port "input_3_7[0]" does not have an associated HD.PARTPIN_LOCS, which will prevent the partial routing of the signal "input_3_7[0]". Without this partial route, timing analysis to/from this port will not be accurate, and no routing information for this port can be exported.
WARNING: [Route 35-198] Port "input_3_7[5]" does not have an associated HD.PARTPIN_LOCS, which will prevent the partial routing of the signal "input_3_7[5]". Without this partial route, timing analysis to/from this port will not be accurate, and no routing information for this port can be exported.
WARNING: [Route 35-198] Port "input_3_12[0]" does not have an associated HD.PARTPIN_LOCS, which will prevent the partial routing of the signal "input_3_12[0]". Without this partial route, timing analysis to/from this port will not be accurate, and no routing information for this port can be exported.
WARNING: [Route 35-198] Port "edge_masks_5[1]" does not have an associated HD.PARTPIN_LOCS, which will prevent the partial routing of the signal "edge_masks_5[1]". Without this partial route, timing analysis to/from this port will not be accurate, and no routing information for this port can be exported.
WARNING: [Route 35-198] Port "edge_masks_2[0]" does not have an associated HD.PARTPIN_LOCS, which will prevent the partial routing of the signal "edge_masks_2[0]". Without this partial route, timing analysis to/from this port will not be accurate, and no routing information for this port can be exported.
WARNING: [Route 35-198] Port "input_3_4[2]" does not have an associated HD.PARTPIN_LOCS, which will prevent the partial routing of the signal "input_3_4[2]". Without this partial route, timing analysis to/from this port will not be accurate, and no routing information for this port can be exported.
WARNING: [Route 35-198] Port "input_3_2[1]" does not have an associated HD.PARTPIN_LOCS, which will prevent the partial routing of the signal "input_3_2[1]". Without this partial route, timing analysis to/from this port will not be accurate, and no routing information for this port can be exported.
WARNING: [Route 35-198] Port "input_3_12[1]" does not have an associated HD.PARTPIN_LOCS, which will prevent the partial routing of the signal "input_3_12[1]". Without this partial route, timing analysis to/from this port will not be accurate, and no routing information for this port can be exported.
WARNING: [Route 35-198] Port "input_3_2[6]" does not have an associated HD.PARTPIN_LOCS, which will prevent the partial routing of the signal "input_3_2[6]". Without this partial route, timing analysis to/from this port will not be accurate, and no routing information for this port can be exported.
WARNING: [Route 35-198] Port "input_3_4[6]" does not have an associated HD.PARTPIN_LOCS, which will prevent the partial routing of the signal "input_3_4[6]". Without this partial route, timing analysis to/from this port will not be accurate, and no routing information for this port can be exported.
WARNING: [Route 35-198] Port "input_3_2[7]" does not have an associated HD.PARTPIN_LOCS, which will prevent the partial routing of the signal "input_3_2[7]". Without this partial route, timing analysis to/from this port will not be accurate, and no routing information for this port can be exported.
WARNING: [Route 35-198] Port "input_3_12[4]" does not have an associated HD.PARTPIN_LOCS, which will prevent the partial routing of the signal "input_3_12[4]". Without this partial route, timing analysis to/from this port will not be accurate, and no routing information for this port can be exported.
WARNING: [Route 35-198] Port "input_3_11[7]" does not have an associated HD.PARTPIN_LOCS, which will prevent the partial routing of the signal "input_3_11[7]". Without this partial route, timing analysis to/from this port will not be accurate, and no routing information for this port can be exported.
WARNING: [Route 35-198] Port "input_3_11[0]" does not have an associated HD.PARTPIN_LOCS, which will prevent the partial routing of the signal "input_3_11[0]". Without this partial route, timing analysis to/from this port will not be accurate, and no routing information for this port can be exported.
WARNING: [Route 35-198] Port "input_7_6[7]" does not have an associated HD.PARTPIN_LOCS, which will prevent the partial routing of the signal "input_7_6[7]". Without this partial route, timing analysis to/from this port will not be accurate, and no routing information for this port can be exported.
WARNING: [Route 35-198] Port "input_6_0[6]" does not have an associated HD.PARTPIN_LOCS, which will prevent the partial routing of the signal "input_6_0[6]". Without this partial route, timing analysis to/from this port will not be accurate, and no routing information for this port can be exported.
WARNING: [Route 35-198] Port "input_5_2[3]" does not have an associated HD.PARTPIN_LOCS, which will prevent the partial routing of the signal "input_5_2[3]". Without this partial route, timing analysis to/from this port will not be accurate, and no routing information for this port can be exported.
WARNING: [Route 35-198] Port "input_0_7[4]" does not have an associated HD.PARTPIN_LOCS, which will prevent the partial routing of the signal "input_0_7[4]". Without this partial route, timing analysis to/from this port will not be accurate, and no routing information for this port can be exported.
WARNING: [Route 35-198] Port "input_0_7[3]" does not have an associated HD.PARTPIN_LOCS, which will prevent the partial routing of the signal "input_0_7[3]". Without this partial route, timing analysis to/from this port will not be accurate, and no routing information for this port can be exported.
WARNING: [Route 35-198] Port "input_7_9[6]" does not have an associated HD.PARTPIN_LOCS, which will prevent the partial routing of the signal "input_7_9[6]". Without this partial route, timing analysis to/from this port will not be accurate, and no routing information for this port can be exported.
WARNING: [Route 35-198] Port "input_4_5[5]" does not have an associated HD.PARTPIN_LOCS, which will prevent the partial routing of the signal "input_4_5[5]". Without this partial route, timing analysis to/from this port will not be accurate, and no routing information for this port can be exported.
WARNING: [Route 35-198] Port "input_3_1[4]" does not have an associated HD.PARTPIN_LOCS, which will prevent the partial routing of the signal "input_3_1[4]". Without this partial route, timing analysis to/from this port will not be accurate, and no routing information for this port can be exported.
WARNING: [Route 35-198] Port "input_0_0[4]" does not have an associated HD.PARTPIN_LOCS, which will prevent the partial routing of the signal "input_0_0[4]". Without this partial route, timing analysis to/from this port will not be accurate, and no routing information for this port can be exported.
WARNING: [Route 35-198] Port "input_4_6[2]" does not have an associated HD.PARTPIN_LOCS, which will prevent the partial routing of the signal "input_4_6[2]". Without this partial route, timing analysis to/from this port will not be accurate, and no routing information for this port can be exported.
WARNING: [Route 35-198] Port "input_6_0[4]" does not have an associated HD.PARTPIN_LOCS, which will prevent the partial routing of the signal "input_6_0[4]". Without this partial route, timing analysis to/from this port will not be accurate, and no routing information for this port can be exported.
WARNING: [Route 35-198] Port "input_4_2[5]" does not have an associated HD.PARTPIN_LOCS, which will prevent the partial routing of the signal "input_4_2[5]". Without this partial route, timing analysis to/from this port will not be accurate, and no routing information for this port can be exported.
WARNING: [Route 35-198] Port "input_7_3[5]" does not have an associated HD.PARTPIN_LOCS, which will prevent the partial routing of the signal "input_7_3[5]". Without this partial route, timing analysis to/from this port will not be accurate, and no routing information for this port can be exported.
WARNING: [Route 35-198] Port "input_7_9[5]" does not have an associated HD.PARTPIN_LOCS, which will prevent the partial routing of the signal "input_7_9[5]". Without this partial route, timing analysis to/from this port will not be accurate, and no routing information for this port can be exported.
WARNING: [Route 35-198] Port "input_4_5[6]" does not have an associated HD.PARTPIN_LOCS, which will prevent the partial routing of the signal "input_4_5[6]". Without this partial route, timing analysis to/from this port will not be accurate, and no routing information for this port can be exported.
WARNING: [Route 35-198] Port "input_4_5[0]" does not have an associated HD.PARTPIN_LOCS, which will prevent the partial routing of the signal "input_4_5[0]". Without this partial route, timing analysis to/from this port will not be accurate, and no routing information for this port can be exported.
WARNING: [Route 35-198] Port "edge_masks_2[4]" does not have an associated HD.PARTPIN_LOCS, which will prevent the partial routing of the signal "edge_masks_2[4]". Without this partial route, timing analysis to/from this port will not be accurate, and no routing information for this port can be exported.
WARNING: [Route 35-198] Port "edge_masks_1[7]" does not have an associated HD.PARTPIN_LOCS, which will prevent the partial routing of the signal "edge_masks_1[7]". Without this partial route, timing analysis to/from this port will not be accurate, and no routing information for this port can be exported.
INFO: [Common 17-14] Message 'Route 35-198' appears 100 times and further instances of the messages will be disabled. Use the Tcl command set_msg_config to change the current settings.
Post Restoration Checksum: NetGraph: d515d2d9 | NumContArr: ae909700 | Constraints: c2a8fa9d | Timing: c2a8fa9d
Phase 1 Build RT Design | Checksum: 308f85f13

Time (s): cpu = 00:04:35 ; elapsed = 00:00:27 . Memory (MB): peak = 12340.949 ; gain = 0.000 ; free physical = 10515 ; free virtual = 147437

Phase 2 Router Initialization

Phase 2.1 Fix Topology Constraints
Phase 2.1 Fix Topology Constraints | Checksum: 308f85f13

Time (s): cpu = 00:04:43 ; elapsed = 00:00:27 . Memory (MB): peak = 12340.949 ; gain = 0.000 ; free physical = 10467 ; free virtual = 147435

Phase 2.2 Pre Route Cleanup
Phase 2.2 Pre Route Cleanup | Checksum: 308f85f13

Time (s): cpu = 00:04:47 ; elapsed = 00:00:28 . Memory (MB): peak = 12340.949 ; gain = 0.000 ; free physical = 10446 ; free virtual = 147433

Phase 2.3 Global Clock Net Routing
Phase 2.3 Global Clock Net Routing | Checksum: 308f85f13

Time (s): cpu = 00:05:22 ; elapsed = 00:00:33 . Memory (MB): peak = 12851.785 ; gain = 510.836 ; free physical = 9269 ; free virtual = 146821

Phase 2.4 Update Timing
Phase 2.4 Update Timing | Checksum: 33c6cabf4

Time (s): cpu = 00:08:17 ; elapsed = 00:00:49 . Memory (MB): peak = 12851.785 ; gain = 510.836 ; free physical = 8821 ; free virtual = 147637
INFO: [Route 35-416] Intermediate Timing Summary | WNS=0.182  | TNS=0.000  | WHS=0.018  | THS=0.000  |


Phase 2.5 Soft Constraint Pins - Fast Budgeting
Phase 2.5 Soft Constraint Pins - Fast Budgeting | Checksum: 30affa627

Time (s): cpu = 00:12:05 ; elapsed = 00:01:18 . Memory (MB): peak = 12851.785 ; gain = 510.836 ; free physical = 10310 ; free virtual = 147704

Router Utilization Summary
  Global Vertical Routing Utilization    = 0 %
  Global Horizontal Routing Utilization  = 0 %
  Routable Net Status*
  *Does not include unroutable nets such as driverless and loadless.
  Run report_route_status for detailed report.
  Number of Failed Nets               = 585072
    (Failed Nets is the sum of unrouted and partially routed nets)
  Number of Unrouted Nets             = 544778
  Number of Partially Routed Nets     = 40294
  Number of Node Overlaps             = 0

Phase 2 Router Initialization | Checksum: 2f1a64813

Time (s): cpu = 00:12:41 ; elapsed = 00:01:25 . Memory (MB): peak = 13034.816 ; gain = 693.867 ; free physical = 9856 ; free virtual = 147532

Phase 3 Global Routing

Phase 3.1 SLL Assignment
Number SLLs per Column: 1440
Estimated SLL Demand Per Column: 
  SLR [2-3]        0 (  0%)     0 (  0%)     0 (  0%)     0 (  0%)     0 (  0%)     0 (  0%)     0 (  0%)     0 (  0%)     0 (  0%)     0 (  0%)     0 (  0%)     0 (  0%)     0 (  0%)     0 (  0%)     0 (  0%)     0 (  0%)  Demand:     0 Available: 23040 Utilization(%): 0.00
  SLR [1-2]        0 (  0%)     0 (  0%)     0 (  0%)     0 (  0%)    51 (  4%)   109 (  8%)   108 (  8%)   557 ( 39%)   224 ( 16%)   430 ( 30%)   291 ( 20%)   363 ( 25%)   121 (  8%)    78 (  5%)    15 (  1%)    11 (  1%)  Demand:  2358 Available: 23040 Utilization(%): 10.23
  SLR [0-1]        0 (  0%)     0 (  0%)    55 (  4%)    97 (  7%)   215 ( 15%)   274 ( 19%)   406 ( 28%)   253 ( 18%)   172 ( 12%)   218 ( 15%)   518 ( 36%)   238 ( 17%)    45 (  3%)   160 ( 11%)     0 (  0%)     0 (  0%)  Demand:  2651 Available: 23040 Utilization(%): 11.51
Phase 3.1 SLL Assignment | Checksum: 17b3bd41b

Time (s): cpu = 00:12:49 ; elapsed = 00:01:30 . Memory (MB): peak = 13034.816 ; gain = 693.867 ; free physical = 9224 ; free virtual = 147498
Phase 3 Global Routing | Checksum: 17b3bd41b

Time (s): cpu = 00:12:50 ; elapsed = 00:01:31 . Memory (MB): peak = 13034.816 ; gain = 693.867 ; free physical = 9223 ; free virtual = 147498

Phase 4 Initial Routing

Phase 4.1 Initial Net Routing Pass
Phase 4.1 Initial Net Routing Pass | Checksum: 1adc769d7

Time (s): cpu = 00:15:32 ; elapsed = 00:02:04 . Memory (MB): peak = 13034.816 ; gain = 693.867 ; free physical = 10971 ; free virtual = 147660
Phase 4 Initial Routing | Checksum: 1d453c115

Time (s): cpu = 00:15:47 ; elapsed = 00:02:05 . Memory (MB): peak = 13034.816 ; gain = 693.867 ; free physical = 10937 ; free virtual = 147658

Phase 5 Rip-up And Reroute

Phase 5.1 Global Iteration 0
 Number of Nodes with overlaps = 38914
 Number of Nodes with overlaps = 3577
 Number of Nodes with overlaps = 461
 Number of Nodes with overlaps = 80
 Number of Nodes with overlaps = 28
 Number of Nodes with overlaps = 10
 Number of Nodes with overlaps = 4
 Number of Nodes with overlaps = 2
 Number of Nodes with overlaps = 0
INFO: [Route 35-416] Intermediate Timing Summary | WNS=-0.055 | TNS=-0.333 | WHS=0.028  | THS=0.000  |

Phase 5.1 Global Iteration 0 | Checksum: 202929c41

Time (s): cpu = 00:31:12 ; elapsed = 00:05:34 . Memory (MB): peak = 13034.816 ; gain = 693.867 ; free physical = 16712 ; free virtual = 153029

Phase 5.2 Global Iteration 1
 Number of Nodes with overlaps = 391
 Number of Nodes with overlaps = 86
 Number of Nodes with overlaps = 26
 Number of Nodes with overlaps = 11
 Number of Nodes with overlaps = 4
 Number of Nodes with overlaps = 1
 Number of Nodes with overlaps = 3
 Number of Nodes with overlaps = 0
INFO: [Route 35-416] Intermediate Timing Summary | WNS=0.005  | TNS=0.000  | WHS=N/A    | THS=N/A    |

Phase 5.2 Global Iteration 1 | Checksum: 23962f652

Time (s): cpu = 00:33:26 ; elapsed = 00:06:41 . Memory (MB): peak = 13034.816 ; gain = 693.867 ; free physical = 14859 ; free virtual = 152390
Phase 5 Rip-up And Reroute | Checksum: 23962f652

Time (s): cpu = 00:33:28 ; elapsed = 00:06:41 . Memory (MB): peak = 13034.816 ; gain = 693.867 ; free physical = 14855 ; free virtual = 152390

Phase 6 Delay and Skew Optimization

Phase 6.1 TNS Cleanup

Phase 6.1.1 Delay CleanUp
Phase 6.1.1 Delay CleanUp | Checksum: 23962f652

Time (s): cpu = 00:33:35 ; elapsed = 00:06:41 . Memory (MB): peak = 13034.816 ; gain = 693.867 ; free physical = 14827 ; free virtual = 152388
Phase 6.1 TNS Cleanup | Checksum: 23962f652

Time (s): cpu = 00:33:37 ; elapsed = 00:06:42 . Memory (MB): peak = 13034.816 ; gain = 693.867 ; free physical = 14818 ; free virtual = 152388

Phase 6.2 Clock Skew Optimization
Phase 6.2 Clock Skew Optimization | Checksum: 23962f652

Time (s): cpu = 00:33:39 ; elapsed = 00:06:42 . Memory (MB): peak = 13034.816 ; gain = 693.867 ; free physical = 14806 ; free virtual = 152387
Phase 6 Delay and Skew Optimization | Checksum: 23962f652

Time (s): cpu = 00:33:41 ; elapsed = 00:06:42 . Memory (MB): peak = 13034.816 ; gain = 693.867 ; free physical = 14800 ; free virtual = 152387

Phase 7 Post Hold Fix

Phase 7.1 Hold Fix Iter
INFO: [Route 35-416] Intermediate Timing Summary | WNS=0.005  | TNS=0.000  | WHS=0.028  | THS=0.000  |

Phase 7.1 Hold Fix Iter | Checksum: 23be13e44

Time (s): cpu = 00:37:05 ; elapsed = 00:06:55 . Memory (MB): peak = 13034.816 ; gain = 693.867 ; free physical = 14175 ; free virtual = 152326
Phase 7 Post Hold Fix | Checksum: 23be13e44

Time (s): cpu = 00:37:07 ; elapsed = 00:06:55 . Memory (MB): peak = 13034.816 ; gain = 693.867 ; free physical = 14175 ; free virtual = 152326

Phase 8 Route finalize

Router Utilization Summary
  Global Vertical Routing Utilization    = 4.21106 %
  Global Horizontal Routing Utilization  = 3.80128 %
  Routable Net Status*
  *Does not include unroutable nets such as driverless and loadless.
  Run report_route_status for detailed report.
  Number of Failed Nets               = 0
    (Failed Nets is the sum of unrouted and partially routed nets)
  Number of Unrouted Nets             = 0
  Number of Partially Routed Nets     = 0
  Number of Node Overlaps             = 0

Phase 8 Route finalize | Checksum: 23be13e44

Time (s): cpu = 00:37:24 ; elapsed = 00:06:57 . Memory (MB): peak = 13034.816 ; gain = 693.867 ; free physical = 14162 ; free virtual = 152324

Phase 9 Verifying routed nets

 Verification completed successfully
Phase 9 Verifying routed nets | Checksum: 23be13e44

Time (s): cpu = 00:37:26 ; elapsed = 00:06:57 . Memory (MB): peak = 13034.816 ; gain = 693.867 ; free physical = 14136 ; free virtual = 152322

Phase 10 Depositing Routes
Phase 10 Depositing Routes | Checksum: 23be13e44

Time (s): cpu = 00:38:11 ; elapsed = 00:07:21 . Memory (MB): peak = 13034.816 ; gain = 693.867 ; free physical = 12729 ; free virtual = 152207

Phase 11 Resolve XTalk
Phase 11 Resolve XTalk | Checksum: 23be13e44

Time (s): cpu = 00:38:14 ; elapsed = 00:07:22 . Memory (MB): peak = 13034.816 ; gain = 693.867 ; free physical = 12611 ; free virtual = 152200

Phase 12 Post Process Routing
Phase 12 Post Process Routing | Checksum: 23be13e44

Time (s): cpu = 00:38:24 ; elapsed = 00:07:24 . Memory (MB): peak = 13034.816 ; gain = 693.867 ; free physical = 12452 ; free virtual = 152190

Phase 13 Post Router Timing
INFO: [Route 35-57] Estimated Timing Summary | WNS=0.005  | TNS=0.000  | WHS=0.028  | THS=0.000  |

INFO: [Route 35-327] The final timing numbers are based on the router estimated timing analysis. For a complete and accurate timing signoff, please run report_timing_summary.
Phase 13 Post Router Timing | Checksum: 23be13e44

Time (s): cpu = 00:38:26 ; elapsed = 00:07:24 . Memory (MB): peak = 13034.816 ; gain = 693.867 ; free physical = 12360 ; free virtual = 152185
Total Elapsed time in route_design: 443.96 secs

Phase 14 Post-Route Event Processing
Phase 14 Post-Route Event Processing | Checksum: 1abe396a0

Time (s): cpu = 00:38:33 ; elapsed = 00:07:26 . Memory (MB): peak = 13034.816 ; gain = 693.867 ; free physical = 12093 ; free virtual = 152169
INFO: [Route 35-16] Router Completed Successfully
Ending Routing Task | Checksum: 1abe396a0

Time (s): cpu = 00:38:42 ; elapsed = 00:07:28 . Memory (MB): peak = 13034.816 ; gain = 693.867 ; free physical = 15867 ; free virtual = 152208

Routing Is Done.
INFO: [Common 17-83] Releasing license: Implementation
13 Infos, 101 Warnings, 0 Critical Warnings and 0 Errors encountered.
route_design completed successfully
route_design: Time (s): cpu = 00:38:48 ; elapsed = 00:07:54 . Memory (MB): peak = 13034.816 ; gain = 693.867 ; free physical = 15561 ; free virtual = 152182
# write_checkpoint \
#     -force \
#     [
#         file join \
#             $output_dir \
#             post_route_before_physopt.dcp
#     ]
INFO: [Timing 38-480] Writing timing data to binary archive.
Write ShapeDB Complete: Time (s): cpu = 00:00:06 ; elapsed = 00:00:01 . Memory (MB): peak = 13034.816 ; gain = 0.000 ; free physical = 15204 ; free virtual = 152180
Wrote PlaceDB: Time (s): cpu = 00:00:49 ; elapsed = 00:00:20 . Memory (MB): peak = 13034.816 ; gain = 0.000 ; free physical = 13811 ; free virtual = 152118
Wrote PulsedLatchDB: Time (s): cpu = 00:00:00 ; elapsed = 00:00:00 . Memory (MB): peak = 13034.816 ; gain = 0.000 ; free physical = 13619 ; free virtual = 152136
Writing XDEF routing.
Writing XDEF routing logical nets.
Writing XDEF routing special nets.
Wrote RouteStorage: Time (s): cpu = 00:00:06 ; elapsed = 00:00:03 . Memory (MB): peak = 13034.816 ; gain = 0.000 ; free physical = 13459 ; free virtual = 152155
Wrote Netlist Cache: Time (s): cpu = 00:00:00.74 ; elapsed = 00:00:00.79 . Memory (MB): peak = 13034.816 ; gain = 0.000 ; free physical = 13378 ; free virtual = 152158
Wrote Device Cache: Time (s): cpu = 00:00:00.01 ; elapsed = 00:00:00.01 . Memory (MB): peak = 13034.816 ; gain = 0.000 ; free physical = 13379 ; free virtual = 152160
Write Physdb Complete: Time (s): cpu = 00:00:56 ; elapsed = 00:00:28 . Memory (MB): peak = 13034.816 ; gain = 0.000 ; free physical = 13379 ; free virtual = 152161
INFO: [Common 17-1381] The checkpoint '/mnt_pool/c3_users/user/pleguina/graphsage_vivado_2024_1_sweep/build/vivado_sweep/qat_dsp_V2A1_allcut_ssi_retime_route_clk280/post_route_before_physopt.dcp' has been generated.
write_checkpoint: Time (s): cpu = 00:01:29 ; elapsed = 00:00:46 . Memory (MB): peak = 13034.816 ; gain = 0.000 ; free physical = 14293 ; free virtual = 151952
# report_timing_summary \
#     -delay_type min_max \
#     -max_paths 100 \
#     -file [
#         file join \
#             $reports_dir \
#             timing_post_route_before_physopt.rpt
#     ]
INFO: [Timing 38-91] UpdateTimingParams: Speed grade: -1, Temperature grade: E, Delay Type: min_max.
INFO: [Timing 38-191] Multithreading enabled for timing update using a maximum of 32 CPUs
WARNING: [Timing 38-242] The property HD.CLK_SRC of clock port "ap_clk" is not set. In out-of-context mode, this prevents timing estimation for clock delay/skew
Resolution: Set the HD.CLK_SRC property of the out-of-context port to the location of the clock buffer instance in the top-level design
report_timing_summary: Time (s): cpu = 00:04:59 ; elapsed = 00:00:38 . Memory (MB): peak = 13034.816 ; gain = 0.000 ; free physical = 13294 ; free virtual = 151982
# report_route_status \
#     -file [
#         file join \
#             $reports_dir \
#             route_status_before_physopt.rpt
#     ]
report_route_status: Time (s): cpu = 00:01:53 ; elapsed = 00:00:17 . Memory (MB): peak = 13042.816 ; gain = 8.000 ; free physical = 15234 ; free virtual = 152241
# if {$use_post_phys} {
# 
#     puts "============================================================"
#     puts "STARTING_DEFAULT_POST_ROUTE_PHYS_OPT"
#     puts "USE_RETIME=$use_retime"
#     puts "============================================================"
# 
#     if {$use_retime} {
#         phys_opt_design -retime
#     } else {
#         phys_opt_design
#     }
# }
============================================================
STARTING_DEFAULT_POST_ROUTE_PHYS_OPT
USE_RETIME=1
============================================================
Command: phys_opt_design -retime
Attempting to get a license for feature 'Implementation' and/or device 'xcvu13p'
INFO: [Common 17-349] Got license for feature 'Implementation' and/or device 'xcvu13p'
INFO: [Common 17-1540] The version limit for your license is '2026.02' and has expired for new software. A version limit expiration means that, although you may be able to continue to use the current version of tools or IP with this license, you will not be eligible for new releases.
INFO: [Vivado_Tcl 4-241] Physical synthesis in post route mode 
INFO: [Vivado_Tcl 4-2279] Estimated Timing Summary | WNS= 0.006 | TNS= 0.000 | 
INFO: [Vivado_Tcl 4-383] Design worst setup slack (WNS) is greater than or equal to 0.000 ns. All physical synthesis setup optimizations will be skipped.
INFO: [Vivado_Tcl 4-232] No setup violation found. The netlist was not modified.
INFO: [Common 17-83] Releasing license: Implementation
7 Infos, 0 Warnings, 0 Critical Warnings and 0 Errors encountered.
phys_opt_design completed successfully
phys_opt_design: Time (s): cpu = 00:00:17 ; elapsed = 00:00:38 . Memory (MB): peak = 13042.816 ; gain = 0.000 ; free physical = 14593 ; free virtual = 152227
# write_checkpoint \
#     -force \
#     [
#         file join \
#             $output_dir \
#             final.dcp
#     ]
INFO: [Timing 38-480] Writing timing data to binary archive.
Write ShapeDB Complete: Time (s): cpu = 00:00:06 ; elapsed = 00:00:01 . Memory (MB): peak = 13042.816 ; gain = 0.000 ; free physical = 14349 ; free virtual = 152203
Wrote PlaceDB: Time (s): cpu = 00:00:47 ; elapsed = 00:00:19 . Memory (MB): peak = 13042.816 ; gain = 0.000 ; free physical = 12789 ; free virtual = 152139
Wrote PulsedLatchDB: Time (s): cpu = 00:00:00 ; elapsed = 00:00:00 . Memory (MB): peak = 13042.816 ; gain = 0.000 ; free physical = 12632 ; free virtual = 152138
Writing XDEF routing.
Writing XDEF routing logical nets.
Writing XDEF routing special nets.
Wrote RouteStorage: Time (s): cpu = 00:00:07 ; elapsed = 00:00:04 . Memory (MB): peak = 13042.816 ; gain = 0.000 ; free physical = 12212 ; free virtual = 152123
Wrote Netlist Cache: Time (s): cpu = 00:00:00.76 ; elapsed = 00:00:00.8 . Memory (MB): peak = 13042.816 ; gain = 0.000 ; free physical = 12070 ; free virtual = 152119
Wrote Device Cache: Time (s): cpu = 00:00:00 ; elapsed = 00:00:00 . Memory (MB): peak = 13042.816 ; gain = 0.000 ; free physical = 12015 ; free virtual = 152119
Write Physdb Complete: Time (s): cpu = 00:00:55 ; elapsed = 00:00:28 . Memory (MB): peak = 13042.816 ; gain = 0.000 ; free physical = 11979 ; free virtual = 152116
INFO: [Common 17-1381] The checkpoint '/mnt_pool/c3_users/user/pleguina/graphsage_vivado_2024_1_sweep/build/vivado_sweep/qat_dsp_V2A1_allcut_ssi_retime_route_clk280/final.dcp' has been generated.
write_checkpoint: Time (s): cpu = 00:01:10 ; elapsed = 00:00:45 . Memory (MB): peak = 13042.816 ; gain = 0.000 ; free physical = 14689 ; free virtual = 152104
# report_timing_summary \
#     -delay_type min_max \
#     -max_paths 100 \
#     -report_unconstrained \
#     -check_timing_verbose \
#     -file [
#         file join \
#             $reports_dir \
#             timing_final.rpt
#     ]
INFO: [Timing 38-91] UpdateTimingParams: Speed grade: -1, Temperature grade: E, Delay Type: min_max.
INFO: [Timing 38-191] Multithreading enabled for timing update using a maximum of 32 CPUs
report_timing_summary: Time (s): cpu = 00:00:31 ; elapsed = 00:00:13 . Memory (MB): peak = 13042.816 ; gain = 0.000 ; free physical = 13389 ; free virtual = 152086
# report_internal_timing $reports_dir final
CRITICAL WARNING: [Vivado 12-4439] The number of objects collected by the 'to' option of 'report_timing' is very large: 423922. This may lead to serious performance issues and out-of-memory conditions in handling the results.
Resolution: Further filtering of the command results, or narrowing the scope of the command is recommended.
CRITICAL WARNING: [Vivado 12-4439] The number of objects collected by the 'from' option of 'report_timing' is very large: 423922. This may lead to serious performance issues and out-of-memory conditions in handling the results.
Resolution: Further filtering of the command results, or narrowing the scope of the command is recommended.
INFO: [Timing 38-91] UpdateTimingParams: Speed grade: -1, Temperature grade: E, Delay Type: max.
INFO: [Timing 38-191] Multithreading enabled for timing update using a maximum of 32 CPUs
INFO: [Timing 38-78] ReportTimingParams: -from_pins  -to_pins  -max_paths 100 -nworst 1 -delay_type max -sort_by slack.
report_timing: Time (s): cpu = 00:00:35 ; elapsed = 00:00:05 . Memory (MB): peak = 13042.816 ; gain = 0.000 ; free physical = 13127 ; free virtual = 152052
CRITICAL WARNING: [Vivado 12-4439] The number of objects collected by the 'to' option of 'report_timing' is very large: 423922. This may lead to serious performance issues and out-of-memory conditions in handling the results.
Resolution: Further filtering of the command results, or narrowing the scope of the command is recommended.
CRITICAL WARNING: [Vivado 12-4439] The number of objects collected by the 'from' option of 'report_timing' is very large: 423922. This may lead to serious performance issues and out-of-memory conditions in handling the results.
Resolution: Further filtering of the command results, or narrowing the scope of the command is recommended.
INFO: [Timing 38-91] UpdateTimingParams: Speed grade: -1, Temperature grade: E, Delay Type: min.
INFO: [Timing 38-191] Multithreading enabled for timing update using a maximum of 32 CPUs
INFO: [Timing 38-78] ReportTimingParams: -from_pins  -to_pins  -max_paths 100 -nworst 1 -delay_type min -sort_by slack.
report_timing: Time (s): cpu = 00:01:15 ; elapsed = 00:00:10 . Memory (MB): peak = 13042.816 ; gain = 0.000 ; free physical = 12272 ; free virtual = 152041
# report_timing \
#     -delay_type max \
#     -max_paths 100 \
#     -file [
#         file join \
#             $reports_dir \
#             worst_setup_paths.rpt
#     ]
INFO: [Timing 38-91] UpdateTimingParams: Speed grade: -1, Temperature grade: E, Delay Type: max.
INFO: [Timing 38-191] Multithreading enabled for timing update using a maximum of 32 CPUs
INFO: [Timing 38-78] ReportTimingParams: -max_paths 100 -nworst 1 -delay_type max -sort_by slack.
report_timing: Time (s): cpu = 00:00:43 ; elapsed = 00:00:05 . Memory (MB): peak = 13042.816 ; gain = 0.000 ; free physical = 11793 ; free virtual = 152013
# report_route_status \
#     -file [
#         file join \
#             $reports_dir \
#             route_status.rpt
#     ]
# report_design_analysis \
#     -congestion \
#     -file [
#         file join \
#             $reports_dir \
#             congestion_final.rpt
#     ]
# report_design_analysis \
#     -complexity \
#     -hierarchical_depth 4 \
#     -file [
#         file join \
#             $reports_dir \
#             complexity_final.rpt
#     ]
report_design_analysis: Time (s): cpu = 00:00:06 ; elapsed = 00:00:08 . Memory (MB): peak = 13042.816 ; gain = 0.000 ; free physical = 11568 ; free virtual = 151859
# report_utilization \
#     -file [
#         file join \
#             $reports_dir \
#             utilization_final.rpt
#     ]
report_utilization: Time (s): cpu = 00:00:22 ; elapsed = 00:00:22 . Memory (MB): peak = 13042.816 ; gain = 0.000 ; free physical = 14310 ; free virtual = 151995
# report_utilization \
#     -hierarchical \
#     -file [
#         file join \
#             $reports_dir \
#             utilization_hier_final.rpt
#     ]
report_utilization: Time (s): cpu = 00:00:35 ; elapsed = 00:00:36 . Memory (MB): peak = 13042.816 ; gain = 0.000 ; free physical = 14249 ; free virtual = 152094
# report_utilization \
#     -slr \
#     -file [
#         file join \
#             $reports_dir \
#             utilization_slr_final.rpt
#     ]
report_utilization: Time (s): cpu = 00:00:37 ; elapsed = 00:00:37 . Memory (MB): peak = 13042.816 ; gain = 0.000 ; free physical = 11705 ; free virtual = 151934
# report_high_fanout_nets \
#     -file [
#         file join \
#             $reports_dir \
#             high_fanout_final.rpt
#     ]
report_high_fanout_nets: Time (s): cpu = 00:00:15 ; elapsed = 00:00:15 . Memory (MB): peak = 13042.816 ; gain = 0.000 ; free physical = 14057 ; free virtual = 151960
# report_methodology \
#     -file [
#         file join \
#             $reports_dir \
#             methodology_final.rpt
#     ]
Command: report_methodology -file /mnt_pool/c3_users/user/pleguina/graphsage_vivado_2024_1_sweep/build/vivado_sweep/qat_dsp_V2A1_allcut_ssi_retime_route_clk280/reports/methodology_final.rpt
INFO: [Timing 38-35] Done setting XDC timing constraints.
INFO: [DRC 23-133] Running Methodology with 32 threads
WARNING: [DRC 23-814] Not all possible (connectivity based) DRCs may have been run because this design is seen as Out of Context.
INFO: [Vivado_Tcl 2-1520] The results of Report Methodology are in file /mnt_pool/c3_users/user/pleguina/graphsage_vivado_2024_1_sweep/build/vivado_sweep/qat_dsp_V2A1_allcut_ssi_retime_route_clk280/reports/methodology_final.rpt.
report_methodology completed successfully
report_methodology: Time (s): cpu = 00:04:40 ; elapsed = 00:00:30 . Memory (MB): peak = 13042.816 ; gain = 0.000 ; free physical = 11662 ; free virtual = 151897
# report_qor_suggestions \
#     -file [
#         file join \
#             $reports_dir \
#             qor_suggestions_final.rpt
#     ]
Command: report_qor_suggestions -file /mnt_pool/c3_users/user/pleguina/graphsage_vivado_2024_1_sweep/build/vivado_sweep/qat_dsp_V2A1_allcut_ssi_retime_route_clk280/reports/qor_suggestions_final.rpt
Congestion Prediction Time (s): cpu = 00:00:19 ; elapsed = 00:00:19 . Memory (MB): peak = 13523.051 ; gain = 0.000 ; free physical = 12588 ; free virtual = 151790
INFO: [Implflow 47-1309] PredResultString: 1:49.06:50.94
INFO: [Implflow 47-1276] The design is not compatible for suggesting strategy, as it was not run using vivado implementation default or vivado implementation explore strategy.
report_qor_suggestions completed successfully
report_qor_suggestions: Time (s): cpu = 00:06:00 ; elapsed = 00:01:37 . Memory (MB): peak = 13523.051 ; gain = 480.234 ; free physical = 12257 ; free virtual = 151790
# report_clocks \
#     -file [
#         file join \
#             $reports_dir \
#             clocks_final.rpt
#     ]
# report_clock_utilization \
#     -file [
#         file join \
#             $reports_dir \
#             clock_utilization_final.rpt
#     ]
report_clock_utilization: Time (s): cpu = 00:00:22 ; elapsed = 00:00:22 . Memory (MB): peak = 13523.051 ; gain = 0.000 ; free physical = 13125 ; free virtual = 152047
# report_drc \
#     -file [
#         file join \
#             $reports_dir \
#             drc_final.rpt
#     ]
Command: report_drc -file /mnt_pool/c3_users/user/pleguina/graphsage_vivado_2024_1_sweep/build/vivado_sweep/qat_dsp_V2A1_allcut_ssi_retime_route_clk280/reports/drc_final.rpt
INFO: [IP_Flow 19-234] Refreshing IP repositories
INFO: [IP_Flow 19-1704] No user IP repositories specified
INFO: [IP_Flow 19-2313] Loaded Vivado IP repository '/mnt_pool/c3_users/vivado/2025.2/data/ip'.
INFO: [DRC 23-27] Running DRC with 32 threads
WARNING: [DRC 23-814] Not all possible (connectivity based) DRCs may have been run because this design is seen as Out of Context.
INFO: [Vivado_Tcl 2-168] The results of DRC are in file /mnt_pool/c3_users/user/pleguina/graphsage_vivado_2024_1_sweep/build/vivado_sweep/qat_dsp_V2A1_allcut_ssi_retime_route_clk280/reports/drc_final.rpt.
report_drc completed successfully
report_drc: Time (s): cpu = 00:02:44 ; elapsed = 00:00:43 . Memory (MB): peak = 13523.051 ; gain = 0.000 ; free physical = 10964 ; free virtual = 151842
# set setup_wns [timing_slack max]
# set timing_met [
#     expr {
#         $setup_wns ne "NA"
#         && $setup_wns >= 0.0
#     }
# ]
# write_metadata \
#     [file join $output_dir metadata.txt] \
#     [expr {
#         $timing_met
#             ? "timing_met"
#             : "timing_failed"
#     }] \
#     $run_name \
#     $place_directive \
#     $route_directive \
#     $screen_only \
#     $use_tns_cleanup \
#     $use_post_phys \
#     $post_place_phys_directive \
#     $start_time \
#     $clock_period
# puts "============================================================"
============================================================
# puts "RUN_COMPLETE=$run_name"
RUN_COMPLETE=qat_dsp_V2A1_allcut_ssi_retime_route_clk280
# puts "SETUP_WNS_NS=$setup_wns"
SETUP_WNS_NS=0.006
# puts "TIMING_MET=$timing_met"
TIMING_MET=1
# puts "============================================================"
============================================================
# exit [expr {$timing_met ? 0 : 2}]
INFO: [Common 17-206] Exiting Vivado at Thu Aug 27 16:49:34 2026...
