=== [1/5] Training float+QAT at hidden=16 ===

========================================================================
Cora: root_weight=True, seed=42
========================================================================
✓ Loaded weights from float model
Calibrating with 50 forward passes...
✓ Calibration complete, observers frozen
Cora: float=73.20%  PTQ=72.80%  PO2=72.30%  QAT=73.00%

Summary: /mnt_pool/c3_users/user/pleguina/graphsage_vivado_2024_1_sweep/campaigns/tns_final/scaling/root_planetoid_h16/summary_seed_42.json
=== [2/5] PO2-QAT projection at hidden=16 ===
Cora seed=42 PO2-QAT test=72.30%
=== [3/5] Exporting HLS constants (self-validated against PyTorch model) ===
{
  "model": "ReducedGraphSAGE root_weight=True",
  "checkpoint": "/mnt_pool/c3_users/user/pleguina/graphsage_vivado_2024_1_sweep/campaigns/tns_final/scaling/po2_qat_h16/cora/seed_42/po2_qat_root.pth",
  "quantization": "symmetric INT8 activations/weights, INT32 bias, PO2 branch requantization",
  "input_is_projected": true,
  "degree_scale": [
    0,
    4096,
    2048,
    1365,
    1024,
    819,
    683,
    585,
    512
  ],
  "activation_scales": {
    "input": 0.008754396063136303,
    "aggregate1": 0.005934663644925816,
    "hidden": 0.03865765398881567,
    "aggregate2": 0.03308517350925235,
    "output": 0.21958689051350272
  },
  "po2_shifts": {
    "aggregate1": 11,
    "aggregate2": 12,
    "layer1_neighbor": 10,
    "layer1_root": 9,
    "layer2_neighbor": 10,
    "layer2_root": 9
  },
  "historical_float_comparison": {
    "max_abs_logit_error": 6.082489729664076e-07,
    "prediction_matches": 8,
    "total_nodes": 8,
    "integer_predictions": [
      3,
      3,
      3,
      3,
      3,
      3,
      3,
      3
    ],
    "float_predictions": [
      3,
      3,
      3,
      3,
      3,
      3,
      3,
      3
    ]
  },
  "test_events": 256,
  "test_seed": 20260822,
  "named_cases": [
    "historical_cora",
    "degree1_ring",
    "degree_sweep_0_to_8",
    "dense_with_self",
    "mixed_including_degree0",
    "empty_graph",
    "fully_connected_no_self",
    "single_neighbor_graph",
    "alternating_sparse_dense",
    "same_degree_different_neighbors",
    "zero_input",
    "positive_saturation_input",
    "negative_saturation_input",
    "alternating_extremes_input",
    "single_nonzero_feature",
    "saturation_dense_aggregation"
  ],
  "random_case_count": 240,
  "tests": [
    "historical_cora",
    "degree1_ring",
    "degree_sweep_0_to_8",
    "dense_with_self",
    "mixed_including_degree0",
    "empty_graph",
    "fully_connected_no_self",
    "single_neighbor_graph",
    "alternating_sparse_dense",
    "same_degree_different_neighbors",
    "zero_input",
    "positive_saturation_input",
    "negative_saturation_input",
    "alternating_extremes_input",
    "single_nonzero_feature",
    "saturation_dense_aggregation",
    "deterministic_random_0",
    "deterministic_random_1",
    "deterministic_random_2",
    "deterministic_random_3",
    "deterministic_random_4",
    "deterministic_random_5",
    "deterministic_random_6",
    "deterministic_random_7",
    "deterministic_random_8",
    "deterministic_random_9",
    "deterministic_random_10",
    "deterministic_random_11",
    "deterministic_random_12",
    "deterministic_random_13",
    "deterministic_random_14",
    "deterministic_random_15",
    "deterministic_random_16",
    "deterministic_random_17",
    "deterministic_random_18",
    "deterministic_random_19",
    "deterministic_random_20",
    "deterministic_random_21",
    "deterministic_random_22",
    "deterministic_random_23",
    "deterministic_random_24",
    "deterministic_random_25",
    "deterministic_random_26",
    "deterministic_random_27",
    "deterministic_random_28",
    "deterministic_random_29",
    "deterministic_random_30",
    "deterministic_random_31",
    "deterministic_random_32",
    "deterministic_random_33",
    "deterministic_random_34",
    "deterministic_random_35",
    "deterministic_random_36",
    "deterministic_random_37",
    "deterministic_random_38",
    "deterministic_random_39",
    "deterministic_random_40",
    "deterministic_random_41",
    "deterministic_random_42",
    "deterministic_random_43",
    "deterministic_random_44",
    "deterministic_random_45",
    "deterministic_random_46",
    "deterministic_random_47",
    "deterministic_random_48",
    "deterministic_random_49",
    "deterministic_random_50",
    "deterministic_random_51",
    "deterministic_random_52",
    "deterministic_random_53",
    "deterministic_random_54",
    "deterministic_random_55",
    "deterministic_random_56",
    "deterministic_random_57",
    "deterministic_random_58",
    "deterministic_random_59",
    "deterministic_random_60",
    "deterministic_random_61",
    "deterministic_random_62",
    "deterministic_random_63",
    "deterministic_random_64",
    "deterministic_random_65",
    "deterministic_random_66",
    "deterministic_random_67",
    "deterministic_random_68",
    "deterministic_random_69",
    "deterministic_random_70",
    "deterministic_random_71",
    "deterministic_random_72",
    "deterministic_random_73",
    "deterministic_random_74",
    "deterministic_random_75",
    "deterministic_random_76",
    "deterministic_random_77",
    "deterministic_random_78",
    "deterministic_random_79",
    "deterministic_random_80",
    "deterministic_random_81",
    "deterministic_random_82",
    "deterministic_random_83",
    "deterministic_random_84",
    "deterministic_random_85",
    "deterministic_random_86",
    "deterministic_random_87",
    "deterministic_random_88",
    "deterministic_random_89",
    "deterministic_random_90",
    "deterministic_random_91",
    "deterministic_random_92",
    "deterministic_random_93",
    "deterministic_random_94",
    "deterministic_random_95",
    "deterministic_random_96",
    "deterministic_random_97",
    "deterministic_random_98",
    "deterministic_random_99",
    "deterministic_random_100",
    "deterministic_random_101",
    "deterministic_random_102",
    "deterministic_random_103",
    "deterministic_random_104",
    "deterministic_random_105",
    "deterministic_random_106",
    "deterministic_random_107",
    "deterministic_random_108",
    "deterministic_random_109",
    "deterministic_random_110",
    "deterministic_random_111",
    "deterministic_random_112",
    "deterministic_random_113",
    "deterministic_random_114",
    "deterministic_random_115",
    "deterministic_random_116",
    "deterministic_random_117",
    "deterministic_random_118",
    "deterministic_random_119",
    "deterministic_random_120",
    "deterministic_random_121",
    "deterministic_random_122",
    "deterministic_random_123",
    "deterministic_random_124",
    "deterministic_random_125",
    "deterministic_random_126",
    "deterministic_random_127",
    "deterministic_random_128",
    "deterministic_random_129",
    "deterministic_random_130",
    "deterministic_random_131",
    "deterministic_random_132",
    "deterministic_random_133",
    "deterministic_random_134",
    "deterministic_random_135",
    "deterministic_random_136",
    "deterministic_random_137",
    "deterministic_random_138",
    "deterministic_random_139",
    "deterministic_random_140",
    "deterministic_random_141",
    "deterministic_random_142",
    "deterministic_random_143",
    "deterministic_random_144",
    "deterministic_random_145",
    "deterministic_random_146",
    "deterministic_random_147",
    "deterministic_random_148",
    "deterministic_random_149",
    "deterministic_random_150",
    "deterministic_random_151",
    "deterministic_random_152",
    "deterministic_random_153",
    "deterministic_random_154",
    "deterministic_random_155",
    "deterministic_random_156",
    "deterministic_random_157",
    "deterministic_random_158",
    "deterministic_random_159",
    "deterministic_random_160",
    "deterministic_random_161",
    "deterministic_random_162",
    "deterministic_random_163",
    "deterministic_random_164",
    "deterministic_random_165",
    "deterministic_random_166",
    "deterministic_random_167",
    "deterministic_random_168",
    "deterministic_random_169",
    "deterministic_random_170",
    "deterministic_random_171",
    "deterministic_random_172",
    "deterministic_random_173",
    "deterministic_random_174",
    "deterministic_random_175",
    "deterministic_random_176",
    "deterministic_random_177",
    "deterministic_random_178",
    "deterministic_random_179",
    "deterministic_random_180",
    "deterministic_random_181",
    "deterministic_random_182",
    "deterministic_random_183",
    "deterministic_random_184",
    "deterministic_random_185",
    "deterministic_random_186",
    "deterministic_random_187",
    "deterministic_random_188",
    "deterministic_random_189",
    "deterministic_random_190",
    "deterministic_random_191",
    "deterministic_random_192",
    "deterministic_random_193",
    "deterministic_random_194",
    "deterministic_random_195",
    "deterministic_random_196",
    "deterministic_random_197",
    "deterministic_random_198",
    "deterministic_random_199",
    "deterministic_random_200",
    "deterministic_random_201",
    "deterministic_random_202",
    "deterministic_random_203",
    "deterministic_random_204",
    "deterministic_random_205",
    "deterministic_random_206",
    "deterministic_random_207",
    "deterministic_random_208",
    "deterministic_random_209",
    "deterministic_random_210",
    "deterministic_random_211",
    "deterministic_random_212",
    "deterministic_random_213",
    "deterministic_random_214",
    "deterministic_random_215",
    "deterministic_random_216",
    "deterministic_random_217",
    "deterministic_random_218",
    "deterministic_random_219",
    "deterministic_random_220",
    "deterministic_random_221",
    "deterministic_random_222",
    "deterministic_random_223",
    "deterministic_random_224",
    "deterministic_random_225",
    "deterministic_random_226",
    "deterministic_random_227",
    "deterministic_random_228",
    "deterministic_random_229",
    "deterministic_random_230",
    "deterministic_random_231",
    "deterministic_random_232",
    "deterministic_random_233",
    "deterministic_random_234",
    "deterministic_random_235",
    "deterministic_random_236",
    "deterministic_random_237",
    "deterministic_random_238",
    "deterministic_random_239"
  ]
}
=== [4/5] Generating partitioned channel source for hidden=16 ===
Wrote /mnt_pool/c3_users/user/pleguina/graphsage_vivado_2024_1_sweep/transfer/cora_graphsage_dynamic_root_hls_updated/build/cora_graphsage_dynamic_root_hls/hls/cora_graphsage_hls_test_bundle/build/cora_hls_bundle/hls/po2_qat_root_dynamic_const_weights_partitioned_h16/graphsage_po2_qat_partitioned.cpp with 16 L1 channels, 7 L2 channels
=== [5/5] HLS csynth for hidden=16 ===

****** vitis-run v2025.2 (64-bit)
  **** SW Build 6295257 on 2025-11-13-01:29:13
  **** Start of session at: Sun Aug 30 00:34:09 2026
    ** Copyright 1986-2022 Xilinx, Inc. All Rights Reserved.
    ** Copyright 2022-2025 Advanced Micro Devices, Inc. All Rights Reserved.

  **** HLS Build v2025.2 6295257
Sourcing Tcl script '/mnt_pool/c3_users/user/pleguina/graphsage_vivado_2024_1_sweep/transfer/cora_graphsage_dynamic_root_hls_updated/build/cora_graphsage_dynamic_root_hls/hls/cora_graphsage_hls_test_bundle/build/cora_hls_bundle/hls/po2_qat_root_dynamic_const_weights_partitioned_h16/run_hls_variant.tcl'
INFO: [HLS 200-1510] Running: open_project -reset /mnt_pool/c3_users/user/pleguina/graphsage_vivado_2024_1_sweep/transfer/cora_graphsage_dynamic_root_hls_updated/build/cora_graphsage_dynamic_root_hls/build/hls/cora_po2_qat_h16_scaling_2024_1 
WARNING: [HLS 200-2182] The 'cora_po2_qat_h16_scaling_2024_1' project will not automatically appear within Vitis IDE workspaces and is meant only for TCL batch use.  Please use open_component instead of open_project/open_solution to generate Vitis IDE compatible component files and directory structure.
Resolution: For help on HLS 200-2182 see docs.amd.com/access/sources/dita/topic?Doc_Version=2025.2%20English&url=ug1448-hls-guidance&resourceid=200-2182.html
INFO: [HLS 200-10] Creating and opening solution '/mnt_pool/c3_users/user/pleguina/graphsage_vivado_2024_1_sweep/transfer/cora_graphsage_dynamic_root_hls_updated/build/cora_graphsage_dynamic_root_hls/build/hls/cora_po2_qat_h16_scaling_2024_1'.
INFO: [HLS 200-1510] Running: set_top graphsage_po2_qat_partitioned 
INFO: [HLS 200-1510] Running: add_files /mnt_pool/c3_users/user/pleguina/graphsage_vivado_2024_1_sweep/transfer/cora_graphsage_dynamic_root_hls_updated/build/cora_graphsage_dynamic_root_hls/build/hls/cora_graphsage_hls_test_bundle/build/cora_hls_bundle/hls/po2_qat_root_dynamic_const_weights_partitioned_h16/graphsage_po2_qat_partitioned.cpp -cflags -std=c++17 -I/mnt_pool/c3_users/user/pleguina/graphsage_vivado_2024_1_sweep/transfer/cora_graphsage_dynamic_root_hls_updated/build/cora_graphsage_dynamic_root_hls/build/hls/cora_graphsage_hls_test_bundle/build/cora_hls_bundle/hls/po2_qat_root_dynamic_const_weights_partitioned_h16 -DL1_ROOT_DSP_MASK=0u -DL1_NEIGHBOR_DSP_MASK=0u -DL2_ROOT_DSP_MASK=0u -DL2_NEIGHBOR_DSP_MASK=0u -DROOT_AGGREGATION_MODE=4 -DL1_ROOT_ACC_PIPELINE_MASK=65535u -DL1_NEIGHBOR_ACC_PIPELINE_MASK=65535u -DL2_ROOT_ACC_PIPELINE_MASK=127u -DL2_NEIGHBOR_ACC_PIPELINE_MASK=127u   -DGS_HIDDEN_FEATURES=16 
INFO: [HLS 200-10] Adding design file '/mnt_pool/c3_users/user/pleguina/graphsage_vivado_2024_1_sweep/transfer/cora_graphsage_dynamic_root_hls_updated/build/cora_graphsage_dynamic_root_hls/build/hls/cora_graphsage_hls_test_bundle/build/cora_hls_bundle/hls/po2_qat_root_dynamic_const_weights_partitioned_h16/graphsage_po2_qat_partitioned.cpp' to the project
INFO: [HLS 200-1510] Running: add_files -tb /mnt_pool/c3_users/user/pleguina/graphsage_vivado_2024_1_sweep/transfer/cora_graphsage_dynamic_root_hls_updated/build/cora_graphsage_dynamic_root_hls/build/hls/cora_graphsage_hls_test_bundle/build/cora_hls_bundle/hls/po2_qat_root_dynamic_const_weights_partitioned_h16/testbench_partitioned.cpp -cflags -std=c++17 -I/mnt_pool/c3_users/user/pleguina/graphsage_vivado_2024_1_sweep/transfer/cora_graphsage_dynamic_root_hls_updated/build/cora_graphsage_dynamic_root_hls/build/hls/cora_graphsage_hls_test_bundle/build/cora_hls_bundle/hls/po2_qat_root_dynamic_const_weights_partitioned_h16 -DL1_ROOT_DSP_MASK=0u -DL1_NEIGHBOR_DSP_MASK=0u -DL2_ROOT_DSP_MASK=0u -DL2_NEIGHBOR_DSP_MASK=0u -DROOT_AGGREGATION_MODE=4 -DL1_ROOT_ACC_PIPELINE_MASK=65535u -DL1_NEIGHBOR_ACC_PIPELINE_MASK=65535u -DL2_ROOT_ACC_PIPELINE_MASK=127u -DL2_NEIGHBOR_ACC_PIPELINE_MASK=127u   -DGS_HIDDEN_FEATURES=16 
INFO: [HLS 200-10] Adding test bench file '/mnt_pool/c3_users/user/pleguina/graphsage_vivado_2024_1_sweep/transfer/cora_graphsage_dynamic_root_hls_updated/build/cora_graphsage_dynamic_root_hls/build/hls/cora_graphsage_hls_test_bundle/build/cora_hls_bundle/hls/po2_qat_root_dynamic_const_weights_partitioned_h16/testbench_partitioned.cpp' to the project
INFO: [HLS 200-1510] Running: open_solution -reset solution1 -flow_target vivado 
INFO: [HLS 200-10] Creating and opening solution '/mnt_pool/c3_users/user/pleguina/graphsage_vivado_2024_1_sweep/transfer/cora_graphsage_dynamic_root_hls_updated/build/cora_graphsage_dynamic_root_hls/build/hls/cora_po2_qat_h16_scaling_2024_1/solution1'.
INFO: [HLS 200-10] Cleaning up the solution database.
INFO: [HLS 200-1505] Using flow_target 'vivado'
Resolution: For help on HLS 200-1505 see docs.amd.com/access/sources/dita/topic?Doc_Version=2025.2%20English&url=ug1448-hls-guidance&resourceid=200-1505.html
INFO: [HLS 200-1510] Running: set_part xcvu13p-fsga2577-1-e 
INFO: [HLS 200-1611] Setting target device to 'xcvu13p-fsga2577-1-e'
INFO: [HLS 200-1510] Running: create_clock -period 2.77 -name default 
INFO: [SYN 201-201] Setting up clock 'default' with a period of 2.77ns.
INFO: [HLS 200-1510] Running: set_clock_uncertainty 1.0 
INFO: [SYN 201-201] Setting up clock 'default' with an uncertainty of 1ns.
INFO: [HLS 200-1510] Running: config_op mul -impl dsp -latency 3 
INFO: [HLS 200-1445] Configure operator 'mul' with implementation style 'dsp'.
INFO: [HLS 200-1446] Configure operator 'mul' with latency 3.
INFO: [HLS 200-1510] Running: config_schedule -enable_dsp_full_reg 
VARIANT=h16_scaling
L1_ROOT_MASK=0
L1_NEIGHBOR_MASK=0
L2_ROOT_MASK=0
L2_NEIGHBOR_MASK=0
AGGREGATION_MODE=4
L1_NEIGHBOR_ACC_PIPELINE_MASK=65535
L1_ROOT_ACC_PIPELINE_MASK=65535
L2_ROOT_ACC_PIPELINE_MASK=127
L2_NEIGHBOR_ACC_PIPELINE_MASK=127
GS_FABRIC_MUL_LATENCY_DEFINE=
GS_DSP_MUL_LATENCY_DEFINE=
INFO: [HLS 200-1510] Running: csynth_design 
INFO: [HLS 200-111] Finished File checks and directory preparation: CPU user time: 3.3 seconds. CPU system time: 0.14 seconds. Elapsed time: 3.55 seconds; current allocated memory: 609.887 MB.
INFO: [HLS 200-2191] C-Synthesis will use clang-16 as the compiler
INFO: [HLS 200-10] Analyzing design file '/mnt_pool/c3_users/user/pleguina/graphsage_vivado_2024_1_sweep/transfer/cora_graphsage_dynamic_root_hls_updated/build/cora_graphsage_dynamic_root_hls/hls/cora_graphsage_hls_test_bundle/build/cora_hls_bundle/hls/po2_qat_root_dynamic_const_weights_partitioned_h16/graphsage_po2_qat_partitioned.cpp' ... 
WARNING: [HLS 207-6591] unused parameter 'aggregate_input' (/mnt_pool/c3_users/user/pleguina/graphsage_vivado_2024_1_sweep/transfer/cora_graphsage_dynamic_root_hls_updated/build/cora_graphsage_dynamic_root_hls/build/hls/cora_graphsage_hls_test_bundle/build/cora_hls_bundle/hls/po2_qat_root_dynamic_const_weights_partitioned_h16/graphsage_po2_qat_partitioned.h:211:18)
INFO: [HLS 200-111] Finished Source Code Analysis and Preprocessing: CPU user time: 21.73 seconds. CPU system time: 1.02 seconds. Elapsed time: 23.08 seconds; current allocated memory: 613.383 MB.
INFO: [HLS 200-777] Using interface defaults for 'Vivado' flow target.
INFO: [HLS 200-1995] There were 48,455 instructions in the design after the 'Compile/Link' phase of compilation. See the Design Size Report for more details (/mnt_pool/c3_users/user/pleguina/graphsage_vivado_2024_1_sweep/transfer/cora_graphsage_dynamic_root_hls_updated/build/cora_graphsage_dynamic_root_hls/build/hls/cora_po2_qat_h16_scaling_2024_1/solution1/syn/report/csynth_design_size.rpt:2)
INFO: [HLS 200-1995] There were 89,930 instructions in the design after the 'Unroll/Inline (step 1)' phase of compilation. See the Design Size Report for more details (/mnt_pool/c3_users/user/pleguina/graphsage_vivado_2024_1_sweep/transfer/cora_graphsage_dynamic_root_hls_updated/build/cora_graphsage_dynamic_root_hls/build/hls/cora_po2_qat_h16_scaling_2024_1/solution1/syn/report/csynth_design_size.rpt:2)
INFO: [HLS 200-1995] There were 66,620 instructions in the design after the 'Unroll/Inline (step 2)' phase of compilation. See the Design Size Report for more details (/mnt_pool/c3_users/user/pleguina/graphsage_vivado_2024_1_sweep/transfer/cora_graphsage_dynamic_root_hls_updated/build/cora_graphsage_dynamic_root_hls/build/hls/cora_po2_qat_h16_scaling_2024_1/solution1/syn/report/csynth_design_size.rpt:2)
INFO: [HLS 200-1995] There were 66,620 instructions in the design after the 'Unroll/Inline (step 3)' phase of compilation. See the Design Size Report for more details (/mnt_pool/c3_users/user/pleguina/graphsage_vivado_2024_1_sweep/transfer/cora_graphsage_dynamic_root_hls_updated/build/cora_graphsage_dynamic_root_hls/build/hls/cora_po2_qat_h16_scaling_2024_1/solution1/syn/report/csynth_design_size.rpt:2)
INFO: [HLS 200-1995] There were 66,620 instructions in the design after the 'Unroll/Inline (step 4)' phase of compilation. See the Design Size Report for more details (/mnt_pool/c3_users/user/pleguina/graphsage_vivado_2024_1_sweep/transfer/cora_graphsage_dynamic_root_hls_updated/build/cora_graphsage_dynamic_root_hls/build/hls/cora_po2_qat_h16_scaling_2024_1/solution1/syn/report/csynth_design_size.rpt:2)
WARNING: [HLS 200-1995] There were 209,232 instructions in the design after the 'Array/Struct' phase of compilation. See the Design Size Report for more details (/mnt_pool/c3_users/user/pleguina/graphsage_vivado_2024_1_sweep/transfer/cora_graphsage_dynamic_root_hls_updated/build/cora_graphsage_dynamic_root_hls/build/hls/cora_po2_qat_h16_scaling_2024_1/solution1/syn/report/csynth_design_size.rpt:2)
INFO: [HLS 200-1995] There were 59,485 instructions in the design after the 'Array/Struct (step 2)' phase of compilation. See the Design Size Report for more details (/mnt_pool/c3_users/user/pleguina/graphsage_vivado_2024_1_sweep/transfer/cora_graphsage_dynamic_root_hls_updated/build/cora_graphsage_dynamic_root_hls/build/hls/cora_po2_qat_h16_scaling_2024_1/solution1/syn/report/csynth_design_size.rpt:2)
INFO: [HLS 200-1995] There were 60,693 instructions in the design after the 'Array/Struct (step 3)' phase of compilation. See the Design Size Report for more details (/mnt_pool/c3_users/user/pleguina/graphsage_vivado_2024_1_sweep/transfer/cora_graphsage_dynamic_root_hls_updated/build/cora_graphsage_dynamic_root_hls/build/hls/cora_po2_qat_h16_scaling_2024_1/solution1/syn/report/csynth_design_size.rpt:2)
INFO: [HLS 200-1995] There were 60,693 instructions in the design after the 'Array/Struct (step 4)' phase of compilation. See the Design Size Report for more details (/mnt_pool/c3_users/user/pleguina/graphsage_vivado_2024_1_sweep/transfer/cora_graphsage_dynamic_root_hls_updated/build/cora_graphsage_dynamic_root_hls/build/hls/cora_po2_qat_h16_scaling_2024_1/solution1/syn/report/csynth_design_size.rpt:2)
INFO: [HLS 200-1995] There were 59,765 instructions in the design after the 'Array/Struct (step 5)' phase of compilation. See the Design Size Report for more details (/mnt_pool/c3_users/user/pleguina/graphsage_vivado_2024_1_sweep/transfer/cora_graphsage_dynamic_root_hls_updated/build/cora_graphsage_dynamic_root_hls/build/hls/cora_po2_qat_h16_scaling_2024_1/solution1/syn/report/csynth_design_size.rpt:2)
INFO: [HLS 200-1995] There were 54,464 instructions in the design after the 'Performance (step 1)' phase of compilation. See the Design Size Report for more details (/mnt_pool/c3_users/user/pleguina/graphsage_vivado_2024_1_sweep/transfer/cora_graphsage_dynamic_root_hls_updated/build/cora_graphsage_dynamic_root_hls/build/hls/cora_po2_qat_h16_scaling_2024_1/solution1/syn/report/csynth_design_size.rpt:2)
INFO: [HLS 200-1995] There were 53,356 instructions in the design after the 'Performance (step 2)' phase of compilation. See the Design Size Report for more details (/mnt_pool/c3_users/user/pleguina/graphsage_vivado_2024_1_sweep/transfer/cora_graphsage_dynamic_root_hls_updated/build/cora_graphsage_dynamic_root_hls/build/hls/cora_po2_qat_h16_scaling_2024_1/solution1/syn/report/csynth_design_size.rpt:2)
INFO: [HLS 200-1995] There were 53,228 instructions in the design after the 'Performance (step 3)' phase of compilation. See the Design Size Report for more details (/mnt_pool/c3_users/user/pleguina/graphsage_vivado_2024_1_sweep/transfer/cora_graphsage_dynamic_root_hls_updated/build/cora_graphsage_dynamic_root_hls/build/hls/cora_po2_qat_h16_scaling_2024_1/solution1/syn/report/csynth_design_size.rpt:2)
INFO: [HLS 200-1995] There were 53,164 instructions in the design after the 'Performance (step 4)' phase of compilation. See the Design Size Report for more details (/mnt_pool/c3_users/user/pleguina/graphsage_vivado_2024_1_sweep/transfer/cora_graphsage_dynamic_root_hls_updated/build/cora_graphsage_dynamic_root_hls/build/hls/cora_po2_qat_h16_scaling_2024_1/solution1/syn/report/csynth_design_size.rpt:2)
INFO: [HLS 200-1995] There were 40,404 instructions in the design after the 'HW Transforms (step 1)' phase of compilation. See the Design Size Report for more details (/mnt_pool/c3_users/user/pleguina/graphsage_vivado_2024_1_sweep/transfer/cora_graphsage_dynamic_root_hls_updated/build/cora_graphsage_dynamic_root_hls/build/hls/cora_po2_qat_h16_scaling_2024_1/solution1/syn/report/csynth_design_size.rpt:2)
INFO: [HLS 200-1995] There were 40,197 instructions in the design after the 'HW Transforms (step 2)' phase of compilation. See the Design Size Report for more details (/mnt_pool/c3_users/user/pleguina/graphsage_vivado_2024_1_sweep/transfer/cora_graphsage_dynamic_root_hls_updated/build/cora_graphsage_dynamic_root_hls/build/hls/cora_po2_qat_h16_scaling_2024_1/solution1/syn/report/csynth_design_size.rpt:2)
INFO: [HLS 214-131] Inlining function 'root_popcount(ap_uint<8>)' into 'void root_dynamic_mean<16, 12>(ap_int<8> const (*) [16], ap_uint<8> const*, ap_int<8> (*) [16])' (cora_graphsage_hls_test_bundle/build/cora_hls_bundle/hls/po2_qat_root_dynamic_const_weights_partitioned_h16/../root_dynamic_const_weights_h16/graphsage_root_dynamic_const_weights.h:279:33)
INFO: [HLS 214-131] Inlining function 'root_int8_clamp(ap_int<48>)' into 'void root_dynamic_mean<16, 12>(ap_int<8> const (*) [16], ap_uint<8> const*, ap_int<8> (*) [16])' (cora_graphsage_hls_test_bundle/build/cora_hls_bundle/hls/po2_qat_root_dynamic_const_weights_partitioned_h16/../root_dynamic_const_weights_h16/graphsage_root_dynamic_const_weights.h:309:37)
INFO: [HLS 214-131] Inlining function 'root_degree_scale(ap_uint<4>)' into 'void root_dynamic_mean<16, 12>(ap_int<8> const (*) [16], ap_uint<8> const*, ap_int<8> (*) [16])' (cora_graphsage_hls_test_bundle/build/cora_hls_bundle/hls/po2_qat_root_dynamic_const_weights_partitioned_h16/../root_dynamic_const_weights_h16/graphsage_root_dynamic_const_weights.h:280:35)
INFO: [HLS 214-131] Inlining function 'root_int8_clamp(ap_int<48>)' into 'void l1_root_channel<false, 0, true>(ap_int<8> const (*) [16], ap_int<8>*)' (cora_graphsage_hls_test_bundle/build/cora_hls_bundle/hls/po2_qat_root_dynamic_const_weights_partitioned_h16/graphsage_po2_qat_partitioned.h:117:24)
INFO: [HLS 214-131] Inlining function 'root_int8_clamp(ap_int<48>)' into 'void l1_root_channel<false, 1, true>(ap_int<8> const (*) [16], ap_int<8>*)' (cora_graphsage_hls_test_bundle/build/cora_hls_bundle/hls/po2_qat_root_dynamic_const_weights_partitioned_h16/graphsage_po2_qat_partitioned.h:117:24)
INFO: [HLS 214-131] Inlining function 'root_int8_clamp(ap_int<48>)' into 'void l1_root_channel<false, 2, true>(ap_int<8> const (*) [16], ap_int<8>*)' (cora_graphsage_hls_test_bundle/build/cora_hls_bundle/hls/po2_qat_root_dynamic_const_weights_partitioned_h16/graphsage_po2_qat_partitioned.h:117:24)
INFO: [HLS 214-131] Inlining function 'root_int8_clamp(ap_int<48>)' into 'void l1_root_channel<false, 3, true>(ap_int<8> const (*) [16], ap_int<8>*)' (cora_graphsage_hls_test_bundle/build/cora_hls_bundle/hls/po2_qat_root_dynamic_const_weights_partitioned_h16/graphsage_po2_qat_partitioned.h:117:24)
INFO: [HLS 214-131] Inlining function 'root_int8_clamp(ap_int<48>)' into 'void l1_root_channel<false, 4, true>(ap_int<8> const (*) [16], ap_int<8>*)' (cora_graphsage_hls_test_bundle/build/cora_hls_bundle/hls/po2_qat_root_dynamic_const_weights_partitioned_h16/graphsage_po2_qat_partitioned.h:117:24)
INFO: [HLS 214-131] Inlining function 'root_int8_clamp(ap_int<48>)' into 'void l1_root_channel<false, 5, true>(ap_int<8> const (*) [16], ap_int<8>*)' (cora_graphsage_hls_test_bundle/build/cora_hls_bundle/hls/po2_qat_root_dynamic_const_weights_partitioned_h16/graphsage_po2_qat_partitioned.h:117:24)
INFO: [HLS 214-131] Inlining function 'root_int8_clamp(ap_int<48>)' into 'void l1_root_channel<false, 6, true>(ap_int<8> const (*) [16], ap_int<8>*)' (cora_graphsage_hls_test_bundle/build/cora_hls_bundle/hls/po2_qat_root_dynamic_const_weights_partitioned_h16/graphsage_po2_qat_partitioned.h:117:24)
INFO: [HLS 214-131] Inlining function 'root_int8_clamp(ap_int<48>)' into 'void l1_root_channel<false, 7, true>(ap_int<8> const (*) [16], ap_int<8>*)' (cora_graphsage_hls_test_bundle/build/cora_hls_bundle/hls/po2_qat_root_dynamic_const_weights_partitioned_h16/graphsage_po2_qat_partitioned.h:117:24)
INFO: [HLS 214-131] Inlining function 'root_int8_clamp(ap_int<48>)' into 'void l1_root_channel<false, 8, true>(ap_int<8> const (*) [16], ap_int<8>*)' (cora_graphsage_hls_test_bundle/build/cora_hls_bundle/hls/po2_qat_root_dynamic_const_weights_partitioned_h16/graphsage_po2_qat_partitioned.h:117:24)
INFO: [HLS 214-131] Inlining function 'root_int8_clamp(ap_int<48>)' into 'void l1_root_channel<false, 9, true>(ap_int<8> const (*) [16], ap_int<8>*)' (cora_graphsage_hls_test_bundle/build/cora_hls_bundle/hls/po2_qat_root_dynamic_const_weights_partitioned_h16/graphsage_po2_qat_partitioned.h:117:24)
INFO: [HLS 214-131] Inlining function 'root_int8_clamp(ap_int<48>)' into 'void l1_root_channel<false, 10, true>(ap_int<8> const (*) [16], ap_int<8>*)' (cora_graphsage_hls_test_bundle/build/cora_hls_bundle/hls/po2_qat_root_dynamic_const_weights_partitioned_h16/graphsage_po2_qat_partitioned.h:117:24)
INFO: [HLS 214-131] Inlining function 'root_int8_clamp(ap_int<48>)' into 'void l1_root_channel<false, 11, true>(ap_int<8> const (*) [16], ap_int<8>*)' (cora_graphsage_hls_test_bundle/build/cora_hls_bundle/hls/po2_qat_root_dynamic_const_weights_partitioned_h16/graphsage_po2_qat_partitioned.h:117:24)
INFO: [HLS 214-131] Inlining function 'root_int8_clamp(ap_int<48>)' into 'void l1_root_channel<false, 12, true>(ap_int<8> const (*) [16], ap_int<8>*)' (cora_graphsage_hls_test_bundle/build/cora_hls_bundle/hls/po2_qat_root_dynamic_const_weights_partitioned_h16/graphsage_po2_qat_partitioned.h:117:24)
INFO: [HLS 214-131] Inlining function 'root_int8_clamp(ap_int<48>)' into 'void l1_root_channel<false, 13, true>(ap_int<8> const (*) [16], ap_int<8>*)' (cora_graphsage_hls_test_bundle/build/cora_hls_bundle/hls/po2_qat_root_dynamic_const_weights_partitioned_h16/graphsage_po2_qat_partitioned.h:117:24)
INFO: [HLS 214-131] Inlining function 'root_int8_clamp(ap_int<48>)' into 'void l1_root_channel<false, 14, true>(ap_int<8> const (*) [16], ap_int<8>*)' (cora_graphsage_hls_test_bundle/build/cora_hls_bundle/hls/po2_qat_root_dynamic_const_weights_partitioned_h16/graphsage_po2_qat_partitioned.h:117:24)
INFO: [HLS 214-131] Inlining function 'root_int8_clamp(ap_int<48>)' into 'void l1_root_channel<false, 15, true>(ap_int<8> const (*) [16], ap_int<8>*)' (cora_graphsage_hls_test_bundle/build/cora_hls_bundle/hls/po2_qat_root_dynamic_const_weights_partitioned_h16/graphsage_po2_qat_partitioned.h:117:24)
INFO: [HLS 214-131] Inlining function 'root_int8_clamp(ap_int<48>)' into 'void l1_neighbor_channel<false, 0, true>(ap_int<8> const (*) [16], ap_int<8>*)' (cora_graphsage_hls_test_bundle/build/cora_hls_bundle/hls/po2_qat_root_dynamic_const_weights_partitioned_h16/graphsage_po2_qat_partitioned.h:204:24)
INFO: [HLS 214-131] Inlining function 'root_int8_clamp(ap_int<48>)' into 'void l1_neighbor_channel<false, 1, true>(ap_int<8> const (*) [16], ap_int<8>*)' (cora_graphsage_hls_test_bundle/build/cora_hls_bundle/hls/po2_qat_root_dynamic_const_weights_partitioned_h16/graphsage_po2_qat_partitioned.h:204:24)
INFO: [HLS 214-131] Inlining function 'root_int8_clamp(ap_int<48>)' into 'void l1_neighbor_channel<false, 2, true>(ap_int<8> const (*) [16], ap_int<8>*)' (cora_graphsage_hls_test_bundle/build/cora_hls_bundle/hls/po2_qat_root_dynamic_const_weights_partitioned_h16/graphsage_po2_qat_partitioned.h:204:24)
INFO: [HLS 214-131] Inlining function 'root_int8_clamp(ap_int<48>)' into 'void l1_neighbor_channel<false, 3, true>(ap_int<8> const (*) [16], ap_int<8>*)' (cora_graphsage_hls_test_bundle/build/cora_hls_bundle/hls/po2_qat_root_dynamic_const_weights_partitioned_h16/graphsage_po2_qat_partitioned.h:204:24)
INFO: [HLS 214-131] Inlining function 'root_int8_clamp(ap_int<48>)' into 'void l1_neighbor_channel<false, 4, true>(ap_int<8> const (*) [16], ap_int<8>*)' (cora_graphsage_hls_test_bundle/build/cora_hls_bundle/hls/po2_qat_root_dynamic_const_weights_partitioned_h16/graphsage_po2_qat_partitioned.h:204:24)
INFO: [HLS 214-131] Inlining function 'root_int8_clamp(ap_int<48>)' into 'void l1_neighbor_channel<false, 5, true>(ap_int<8> const (*) [16], ap_int<8>*)' (cora_graphsage_hls_test_bundle/build/cora_hls_bundle/hls/po2_qat_root_dynamic_const_weights_partitioned_h16/graphsage_po2_qat_partitioned.h:204:24)
INFO: [HLS 214-131] Inlining function 'root_int8_clamp(ap_int<48>)' into 'void l1_neighbor_channel<false, 6, true>(ap_int<8> const (*) [16], ap_int<8>*)' (cora_graphsage_hls_test_bundle/build/cora_hls_bundle/hls/po2_qat_root_dynamic_const_weights_partitioned_h16/graphsage_po2_qat_partitioned.h:204:24)
INFO: [HLS 214-131] Inlining function 'root_int8_clamp(ap_int<48>)' into 'void l1_neighbor_channel<false, 7, true>(ap_int<8> const (*) [16], ap_int<8>*)' (cora_graphsage_hls_test_bundle/build/cora_hls_bundle/hls/po2_qat_root_dynamic_const_weights_partitioned_h16/graphsage_po2_qat_partitioned.h:204:24)
INFO: [HLS 214-131] Inlining function 'root_int8_clamp(ap_int<48>)' into 'void l1_neighbor_channel<false, 8, true>(ap_int<8> const (*) [16], ap_int<8>*)' (cora_graphsage_hls_test_bundle/build/cora_hls_bundle/hls/po2_qat_root_dynamic_const_weights_partitioned_h16/graphsage_po2_qat_partitioned.h:204:24)
INFO: [HLS 214-131] Inlining function 'root_int8_clamp(ap_int<48>)' into 'void l1_neighbor_channel<false, 9, true>(ap_int<8> const (*) [16], ap_int<8>*)' (cora_graphsage_hls_test_bundle/build/cora_hls_bundle/hls/po2_qat_root_dynamic_const_weights_partitioned_h16/graphsage_po2_qat_partitioned.h:204:24)
INFO: [HLS 214-131] Inlining function 'root_int8_clamp(ap_int<48>)' into 'void l1_neighbor_channel<false, 10, true>(ap_int<8> const (*) [16], ap_int<8>*)' (cora_graphsage_hls_test_bundle/build/cora_hls_bundle/hls/po2_qat_root_dynamic_const_weights_partitioned_h16/graphsage_po2_qat_partitioned.h:204:24)
INFO: [HLS 214-131] Inlining function 'root_int8_clamp(ap_int<48>)' into 'void l1_neighbor_channel<false, 11, true>(ap_int<8> const (*) [16], ap_int<8>*)' (cora_graphsage_hls_test_bundle/build/cora_hls_bundle/hls/po2_qat_root_dynamic_const_weights_partitioned_h16/graphsage_po2_qat_partitioned.h:204:24)
INFO: [HLS 214-131] Inlining function 'root_int8_clamp(ap_int<48>)' into 'void l1_neighbor_channel<false, 12, true>(ap_int<8> const (*) [16], ap_int<8>*)' (cora_graphsage_hls_test_bundle/build/cora_hls_bundle/hls/po2_qat_root_dynamic_const_weights_partitioned_h16/graphsage_po2_qat_partitioned.h:204:24)
INFO: [HLS 214-131] Inlining function 'root_int8_clamp(ap_int<48>)' into 'void l1_neighbor_channel<false, 13, true>(ap_int<8> const (*) [16], ap_int<8>*)' (cora_graphsage_hls_test_bundle/build/cora_hls_bundle/hls/po2_qat_root_dynamic_const_weights_partitioned_h16/graphsage_po2_qat_partitioned.h:204:24)
INFO: [HLS 214-131] Inlining function 'root_int8_clamp(ap_int<48>)' into 'void l1_neighbor_channel<false, 14, true>(ap_int<8> const (*) [16], ap_int<8>*)' (cora_graphsage_hls_test_bundle/build/cora_hls_bundle/hls/po2_qat_root_dynamic_const_weights_partitioned_h16/graphsage_po2_qat_partitioned.h:204:24)
INFO: [HLS 214-131] Inlining function 'root_int8_clamp(ap_int<48>)' into 'void l1_neighbor_channel<false, 15, true>(ap_int<8> const (*) [16], ap_int<8>*)' (cora_graphsage_hls_test_bundle/build/cora_hls_bundle/hls/po2_qat_root_dynamic_const_weights_partitioned_h16/graphsage_po2_qat_partitioned.h:204:24)
INFO: [HLS 214-131] Inlining function 'root_int8_clamp(ap_int<48>)' into 'void l2_root_channel<false, 0, true>(ap_int<8> const (*) [16], ap_int<8> const (*) [16], ap_int<8>*)' (cora_graphsage_hls_test_bundle/build/cora_hls_bundle/hls/po2_qat_root_dynamic_const_weights_partitioned_h16/graphsage_po2_qat_partitioned.h:292:24)
INFO: [HLS 214-131] Inlining function 'root_int8_clamp(ap_int<48>)' into 'void l2_root_channel<false, 1, true>(ap_int<8> const (*) [16], ap_int<8> const (*) [16], ap_int<8>*)' (cora_graphsage_hls_test_bundle/build/cora_hls_bundle/hls/po2_qat_root_dynamic_const_weights_partitioned_h16/graphsage_po2_qat_partitioned.h:292:24)
INFO: [HLS 214-131] Inlining function 'root_int8_clamp(ap_int<48>)' into 'void l2_root_channel<false, 2, true>(ap_int<8> const (*) [16], ap_int<8> const (*) [16], ap_int<8>*)' (cora_graphsage_hls_test_bundle/build/cora_hls_bundle/hls/po2_qat_root_dynamic_const_weights_partitioned_h16/graphsage_po2_qat_partitioned.h:292:24)
INFO: [HLS 214-131] Inlining function 'root_int8_clamp(ap_int<48>)' into 'void l2_root_channel<false, 3, true>(ap_int<8> const (*) [16], ap_int<8> const (*) [16], ap_int<8>*)' (cora_graphsage_hls_test_bundle/build/cora_hls_bundle/hls/po2_qat_root_dynamic_const_weights_partitioned_h16/graphsage_po2_qat_partitioned.h:292:24)
INFO: [HLS 214-131] Inlining function 'root_int8_clamp(ap_int<48>)' into 'void l2_root_channel<false, 4, true>(ap_int<8> const (*) [16], ap_int<8> const (*) [16], ap_int<8>*)' (cora_graphsage_hls_test_bundle/build/cora_hls_bundle/hls/po2_qat_root_dynamic_const_weights_partitioned_h16/graphsage_po2_qat_partitioned.h:292:24)
INFO: [HLS 214-131] Inlining function 'root_int8_clamp(ap_int<48>)' into 'void l2_root_channel<false, 5, true>(ap_int<8> const (*) [16], ap_int<8> const (*) [16], ap_int<8>*)' (cora_graphsage_hls_test_bundle/build/cora_hls_bundle/hls/po2_qat_root_dynamic_const_weights_partitioned_h16/graphsage_po2_qat_partitioned.h:292:24)
INFO: [HLS 214-131] Inlining function 'root_int8_clamp(ap_int<48>)' into 'void l2_root_channel<false, 6, true>(ap_int<8> const (*) [16], ap_int<8> const (*) [16], ap_int<8>*)' (cora_graphsage_hls_test_bundle/build/cora_hls_bundle/hls/po2_qat_root_dynamic_const_weights_partitioned_h16/graphsage_po2_qat_partitioned.h:292:24)
INFO: [HLS 214-131] Inlining function 'root_int8_clamp(ap_int<48>)' into 'void l2_neighbor_channel<false, 0, true>(ap_int<8> const (*) [16], ap_int<8>*)' (cora_graphsage_hls_test_bundle/build/cora_hls_bundle/hls/po2_qat_root_dynamic_const_weights_partitioned_h16/graphsage_po2_qat_partitioned.h:379:24)
INFO: [HLS 214-131] Inlining function 'root_int8_clamp(ap_int<48>)' into 'void l2_neighbor_channel<false, 1, true>(ap_int<8> const (*) [16], ap_int<8>*)' (cora_graphsage_hls_test_bundle/build/cora_hls_bundle/hls/po2_qat_root_dynamic_const_weights_partitioned_h16/graphsage_po2_qat_partitioned.h:379:24)
INFO: [HLS 214-131] Inlining function 'root_int8_clamp(ap_int<48>)' into 'void l2_neighbor_channel<false, 2, true>(ap_int<8> const (*) [16], ap_int<8>*)' (cora_graphsage_hls_test_bundle/build/cora_hls_bundle/hls/po2_qat_root_dynamic_const_weights_partitioned_h16/graphsage_po2_qat_partitioned.h:379:24)
INFO: [HLS 214-131] Inlining function 'root_int8_clamp(ap_int<48>)' into 'void l2_neighbor_channel<false, 3, true>(ap_int<8> const (*) [16], ap_int<8>*)' (cora_graphsage_hls_test_bundle/build/cora_hls_bundle/hls/po2_qat_root_dynamic_const_weights_partitioned_h16/graphsage_po2_qat_partitioned.h:379:24)
INFO: [HLS 214-131] Inlining function 'root_int8_clamp(ap_int<48>)' into 'void l2_neighbor_channel<false, 4, true>(ap_int<8> const (*) [16], ap_int<8>*)' (cora_graphsage_hls_test_bundle/build/cora_hls_bundle/hls/po2_qat_root_dynamic_const_weights_partitioned_h16/graphsage_po2_qat_partitioned.h:379:24)
INFO: [HLS 214-131] Inlining function 'root_int8_clamp(ap_int<48>)' into 'void l2_neighbor_channel<false, 5, true>(ap_int<8> const (*) [16], ap_int<8>*)' (cora_graphsage_hls_test_bundle/build/cora_hls_bundle/hls/po2_qat_root_dynamic_const_weights_partitioned_h16/graphsage_po2_qat_partitioned.h:379:24)
INFO: [HLS 214-131] Inlining function 'root_int8_clamp(ap_int<48>)' into 'void l2_neighbor_channel<false, 6, true>(ap_int<8> const (*) [16], ap_int<8>*)' (cora_graphsage_hls_test_bundle/build/cora_hls_bundle/hls/po2_qat_root_dynamic_const_weights_partitioned_h16/graphsage_po2_qat_partitioned.h:379:24)
INFO: [HLS 214-131] Inlining function 'void root_dynamic_mean<16, 12>(ap_int<8> const (*) [16], ap_uint<8> const*, ap_int<8> (*) [16])' into 'graphsage_po2_qat_partitioned(ap_int<8> const (*) [16], ap_uint<8> const*, ap_int<8> (*) [7])' (hls/cora_graphsage_hls_test_bundle/build/cora_hls_bundle/hls/po2_qat_root_dynamic_const_weights_partitioned_h16/graphsage_po2_qat_partitioned.cpp:47:5)
INFO: [HLS 214-131] Inlining function 'root_int8_clamp(ap_int<48>)' into 'graphsage_po2_qat_partitioned(ap_int<8> const (*) [16], ap_uint<8> const*, ap_int<8> (*) [7])' (hls/cora_graphsage_hls_test_bundle/build/cora_hls_bundle/hls/po2_qat_root_dynamic_const_weights_partitioned_h16/graphsage_po2_qat_partitioned.cpp:127:41)
INFO: [HLS 214-291] Loop 'PARTITIONED_OUTPUT_NODE' is marked as complete unroll implied by the pipeline pragma (hls/cora_graphsage_hls_test_bundle/build/cora_hls_bundle/hls/po2_qat_root_dynamic_const_weights_partitioned_h16/graphsage_po2_qat_partitioned.cpp:122:5)
INFO: [HLS 214-291] Loop 'PARTITIONED_OUTPUT_FEATURE' is marked as complete unroll implied by the pipeline pragma (hls/cora_graphsage_hls_test_bundle/build/cora_hls_bundle/hls/po2_qat_root_dynamic_const_weights_partitioned_h16/graphsage_po2_qat_partitioned.cpp:125:9)
INFO: [HLS 214-291] Loop 'ROOT_AGG_NODE' is marked as complete unroll implied by the pipeline pragma (cora_graphsage_hls_test_bundle/build/cora_hls_bundle/hls/po2_qat_root_dynamic_const_weights_partitioned_h16/../root_dynamic_const_weights_h16/graphsage_root_dynamic_const_weights.h:277:5)
INFO: [HLS 214-291] Loop 'ROOT_AGG_FEATURE' is marked as complete unroll implied by the pipeline pragma (cora_graphsage_hls_test_bundle/build/cora_hls_bundle/hls/po2_qat_root_dynamic_const_weights_partitioned_h16/../root_dynamic_const_weights_h16/graphsage_root_dynamic_const_weights.h:282:9)
INFO: [HLS 214-291] Loop 'PARTITIONED_RELU_NODE' is marked as complete unroll implied by the pipeline pragma (hls/cora_graphsage_hls_test_bundle/build/cora_hls_bundle/hls/po2_qat_root_dynamic_const_weights_partitioned_h16/graphsage_po2_qat_partitioned.cpp:95:5)
INFO: [HLS 214-291] Loop 'PARTITIONED_RELU_FEATURE' is marked as complete unroll implied by the pipeline pragma (hls/cora_graphsage_hls_test_bundle/build/cora_hls_bundle/hls/po2_qat_root_dynamic_const_weights_partitioned_h16/graphsage_po2_qat_partitioned.cpp:98:9)
INFO: [HLS 214-291] Loop 'PARTITIONED_L1_COMBINE_NODE' is marked as complete unroll implied by the pipeline pragma (hls/cora_graphsage_hls_test_bundle/build/cora_hls_bundle/hls/po2_qat_root_dynamic_const_weights_partitioned_h16/graphsage_po2_qat_partitioned.cpp:84:5)
INFO: [HLS 214-291] Loop 'PARTITIONED_L1_COMBINE_FEATURE' is marked as complete unroll implied by the pipeline pragma (hls/cora_graphsage_hls_test_bundle/build/cora_hls_bundle/hls/po2_qat_root_dynamic_const_weights_partitioned_h16/graphsage_po2_qat_partitioned.cpp:87:9)
INFO: [HLS 214-291] Loop 'L2_NEIGHBOR_CHANNEL_NODE' is marked as complete unroll implied by the pipeline pragma (cora_graphsage_hls_test_bundle/build/cora_hls_bundle/hls/po2_qat_root_dynamic_const_weights_partitioned_h16/graphsage_po2_qat_partitioned.h:304:5)
INFO: [HLS 214-291] Loop 'L2_NEIGHBOR_CHANNEL_INPUT_LO' is marked as complete unroll implied by the pipeline pragma (cora_graphsage_hls_test_bundle/build/cora_hls_bundle/hls/po2_qat_root_dynamic_const_weights_partitioned_h16/graphsage_po2_qat_partitioned.h:311:13)
INFO: [HLS 214-291] Loop 'L2_NEIGHBOR_CHANNEL_INPUT_HI' is marked as complete unroll implied by the pipeline pragma (cora_graphsage_hls_test_bundle/build/cora_hls_bundle/hls/po2_qat_root_dynamic_const_weights_partitioned_h16/graphsage_po2_qat_partitioned.h:332:13)
INFO: [HLS 214-291] Loop 'L2_ROOT_CHANNEL_NODE' is marked as complete unroll implied by the pipeline pragma (cora_graphsage_hls_test_bundle/build/cora_hls_bundle/hls/po2_qat_root_dynamic_const_weights_partitioned_h16/graphsage_po2_qat_partitioned.h:217:5)
INFO: [HLS 214-291] Loop 'L2_ROOT_CHANNEL_INPUT_LO' is marked as complete unroll implied by the pipeline pragma (cora_graphsage_hls_test_bundle/build/cora_hls_bundle/hls/po2_qat_root_dynamic_const_weights_partitioned_h16/graphsage_po2_qat_partitioned.h:224:13)
INFO: [HLS 214-291] Loop 'L2_ROOT_CHANNEL_INPUT_HI' is marked as complete unroll implied by the pipeline pragma (cora_graphsage_hls_test_bundle/build/cora_hls_bundle/hls/po2_qat_root_dynamic_const_weights_partitioned_h16/graphsage_po2_qat_partitioned.h:245:13)
INFO: [HLS 214-291] Loop 'L1_NEIGHBOR_CHANNEL_NODE' is marked as complete unroll implied by the pipeline pragma (cora_graphsage_hls_test_bundle/build/cora_hls_bundle/hls/po2_qat_root_dynamic_const_weights_partitioned_h16/graphsage_po2_qat_partitioned.h:129:5)
INFO: [HLS 214-291] Loop 'L1_NEIGHBOR_CHANNEL_INPUT_LO' is marked as complete unroll implied by the pipeline pragma (cora_graphsage_hls_test_bundle/build/cora_hls_bundle/hls/po2_qat_root_dynamic_const_weights_partitioned_h16/graphsage_po2_qat_partitioned.h:136:13)
INFO: [HLS 214-291] Loop 'L1_NEIGHBOR_CHANNEL_INPUT_HI' is marked as complete unroll implied by the pipeline pragma (cora_graphsage_hls_test_bundle/build/cora_hls_bundle/hls/po2_qat_root_dynamic_const_weights_partitioned_h16/graphsage_po2_qat_partitioned.h:157:13)
INFO: [HLS 214-291] Loop 'L1_ROOT_CHANNEL_NODE' is marked as complete unroll implied by the pipeline pragma (cora_graphsage_hls_test_bundle/build/cora_hls_bundle/hls/po2_qat_root_dynamic_const_weights_partitioned_h16/graphsage_po2_qat_partitioned.h:42:5)
INFO: [HLS 214-291] Loop 'L1_ROOT_CHANNEL_INPUT_LO' is marked as complete unroll implied by the pipeline pragma (cora_graphsage_hls_test_bundle/build/cora_hls_bundle/hls/po2_qat_root_dynamic_const_weights_partitioned_h16/graphsage_po2_qat_partitioned.h:49:13)
INFO: [HLS 214-291] Loop 'L1_ROOT_CHANNEL_INPUT_HI' is marked as complete unroll implied by the pipeline pragma (cora_graphsage_hls_test_bundle/build/cora_hls_bundle/hls/po2_qat_root_dynamic_const_weights_partitioned_h16/graphsage_po2_qat_partitioned.h:70:13)
INFO: [HLS 214-186] Unrolling loop 'PARTITIONED_OUTPUT_NODE' (hls/cora_graphsage_hls_test_bundle/build/cora_hls_bundle/hls/po2_qat_root_dynamic_const_weights_partitioned_h16/graphsage_po2_qat_partitioned.cpp:122:5) in function 'graphsage_po2_qat_partitioned' completely with a factor of 8 (hls/cora_graphsage_hls_test_bundle/build/cora_hls_bundle/hls/po2_qat_root_dynamic_const_weights_partitioned_h16/graphsage_po2_qat_partitioned.cpp:7:0)
INFO: [HLS 214-186] Unrolling loop 'PARTITIONED_OUTPUT_FEATURE' (hls/cora_graphsage_hls_test_bundle/build/cora_hls_bundle/hls/po2_qat_root_dynamic_const_weights_partitioned_h16/graphsage_po2_qat_partitioned.cpp:125:9) in function 'graphsage_po2_qat_partitioned' completely with a factor of 7 (hls/cora_graphsage_hls_test_bundle/build/cora_hls_bundle/hls/po2_qat_root_dynamic_const_weights_partitioned_h16/graphsage_po2_qat_partitioned.cpp:7:0)
INFO: [HLS 214-186] Unrolling loop 'ROOT_AGG_NODE' (cora_graphsage_hls_test_bundle/build/cora_hls_bundle/hls/po2_qat_root_dynamic_const_weights_partitioned_h16/../root_dynamic_const_weights_h16/graphsage_root_dynamic_const_weights.h:277:5) in function 'graphsage_po2_qat_partitioned' completely with a factor of 8 (hls/cora_graphsage_hls_test_bundle/build/cora_hls_bundle/hls/po2_qat_root_dynamic_const_weights_partitioned_h16/graphsage_po2_qat_partitioned.cpp:7:0)
INFO: [HLS 214-186] Unrolling loop 'ROOT_AGG_FEATURE' (cora_graphsage_hls_test_bundle/build/cora_hls_bundle/hls/po2_qat_root_dynamic_const_weights_partitioned_h16/../root_dynamic_const_weights_h16/graphsage_root_dynamic_const_weights.h:282:9) in function 'graphsage_po2_qat_partitioned' completely with a factor of 16 (hls/cora_graphsage_hls_test_bundle/build/cora_hls_bundle/hls/po2_qat_root_dynamic_const_weights_partitioned_h16/graphsage_po2_qat_partitioned.cpp:7:0)
INFO: [HLS 214-186] Unrolling loop 'PARTITIONED_RELU_NODE' (hls/cora_graphsage_hls_test_bundle/build/cora_hls_bundle/hls/po2_qat_root_dynamic_const_weights_partitioned_h16/graphsage_po2_qat_partitioned.cpp:95:5) in function 'graphsage_po2_qat_partitioned' completely with a factor of 8 (hls/cora_graphsage_hls_test_bundle/build/cora_hls_bundle/hls/po2_qat_root_dynamic_const_weights_partitioned_h16/graphsage_po2_qat_partitioned.cpp:7:0)
INFO: [HLS 214-186] Unrolling loop 'PARTITIONED_RELU_FEATURE' (hls/cora_graphsage_hls_test_bundle/build/cora_hls_bundle/hls/po2_qat_root_dynamic_const_weights_partitioned_h16/graphsage_po2_qat_partitioned.cpp:98:9) in function 'graphsage_po2_qat_partitioned' completely with a factor of 16 (hls/cora_graphsage_hls_test_bundle/build/cora_hls_bundle/hls/po2_qat_root_dynamic_const_weights_partitioned_h16/graphsage_po2_qat_partitioned.cpp:7:0)
INFO: [HLS 214-186] Unrolling loop 'PARTITIONED_L1_COMBINE_NODE' (hls/cora_graphsage_hls_test_bundle/build/cora_hls_bundle/hls/po2_qat_root_dynamic_const_weights_partitioned_h16/graphsage_po2_qat_partitioned.cpp:84:5) in function 'graphsage_po2_qat_partitioned' completely with a factor of 8 (hls/cora_graphsage_hls_test_bundle/build/cora_hls_bundle/hls/po2_qat_root_dynamic_const_weights_partitioned_h16/graphsage_po2_qat_partitioned.cpp:7:0)
INFO: [HLS 214-186] Unrolling loop 'PARTITIONED_L1_COMBINE_FEATURE' (hls/cora_graphsage_hls_test_bundle/build/cora_hls_bundle/hls/po2_qat_root_dynamic_const_weights_partitioned_h16/graphsage_po2_qat_partitioned.cpp:87:9) in function 'graphsage_po2_qat_partitioned' completely with a factor of 16 (hls/cora_graphsage_hls_test_bundle/build/cora_hls_bundle/hls/po2_qat_root_dynamic_const_weights_partitioned_h16/graphsage_po2_qat_partitioned.cpp:7:0)
INFO: [HLS 214-186] Unrolling loop 'L2_NEIGHBOR_CHANNEL_NODE' (cora_graphsage_hls_test_bundle/build/cora_hls_bundle/hls/po2_qat_root_dynamic_const_weights_partitioned_h16/graphsage_po2_qat_partitioned.h:304:5) in function 'l2_neighbor_channel<false, 6, true>' completely with a factor of 8 (cora_graphsage_hls_test_bundle/build/cora_hls_bundle/hls/po2_qat_root_dynamic_const_weights_partitioned_h16/graphsage_po2_qat_partitioned.h:301:0)
INFO: [HLS 214-186] Unrolling loop 'L2_NEIGHBOR_CHANNEL_INPUT_HI' (cora_graphsage_hls_test_bundle/build/cora_hls_bundle/hls/po2_qat_root_dynamic_const_weights_partitioned_h16/graphsage_po2_qat_partitioned.h:332:13) in function 'l2_neighbor_channel<false, 6, true>' completely with a factor of 8 (cora_graphsage_hls_test_bundle/build/cora_hls_bundle/hls/po2_qat_root_dynamic_const_weights_partitioned_h16/graphsage_po2_qat_partitioned.h:301:0)
INFO: [HLS 214-186] Unrolling loop 'L2_NEIGHBOR_CHANNEL_INPUT_LO' (cora_graphsage_hls_test_bundle/build/cora_hls_bundle/hls/po2_qat_root_dynamic_const_weights_partitioned_h16/graphsage_po2_qat_partitioned.h:311:13) in function 'l2_neighbor_channel<false, 6, true>' completely with a factor of 8 (cora_graphsage_hls_test_bundle/build/cora_hls_bundle/hls/po2_qat_root_dynamic_const_weights_partitioned_h16/graphsage_po2_qat_partitioned.h:301:0)
INFO: [HLS 214-186] Unrolling loop 'L2_NEIGHBOR_CHANNEL_NODE' (cora_graphsage_hls_test_bundle/build/cora_hls_bundle/hls/po2_qat_root_dynamic_const_weights_partitioned_h16/graphsage_po2_qat_partitioned.h:304:5) in function 'l2_neighbor_channel<false, 5, true>' completely with a factor of 8 (cora_graphsage_hls_test_bundle/build/cora_hls_bundle/hls/po2_qat_root_dynamic_const_weights_partitioned_h16/graphsage_po2_qat_partitioned.h:301:0)
INFO: [HLS 214-186] Unrolling loop 'L2_NEIGHBOR_CHANNEL_INPUT_HI' (cora_graphsage_hls_test_bundle/build/cora_hls_bundle/hls/po2_qat_root_dynamic_const_weights_partitioned_h16/graphsage_po2_qat_partitioned.h:332:13) in function 'l2_neighbor_channel<false, 5, true>' completely with a factor of 8 (cora_graphsage_hls_test_bundle/build/cora_hls_bundle/hls/po2_qat_root_dynamic_const_weights_partitioned_h16/graphsage_po2_qat_partitioned.h:301:0)
INFO: [HLS 214-186] Unrolling loop 'L2_NEIGHBOR_CHANNEL_INPUT_LO' (cora_graphsage_hls_test_bundle/build/cora_hls_bundle/hls/po2_qat_root_dynamic_const_weights_partitioned_h16/graphsage_po2_qat_partitioned.h:311:13) in function 'l2_neighbor_channel<false, 5, true>' completely with a factor of 8 (cora_graphsage_hls_test_bundle/build/cora_hls_bundle/hls/po2_qat_root_dynamic_const_weights_partitioned_h16/graphsage_po2_qat_partitioned.h:301:0)
INFO: [HLS 214-186] Unrolling loop 'L2_NEIGHBOR_CHANNEL_NODE' (cora_graphsage_hls_test_bundle/build/cora_hls_bundle/hls/po2_qat_root_dynamic_const_weights_partitioned_h16/graphsage_po2_qat_partitioned.h:304:5) in function 'l2_neighbor_channel<false, 4, true>' completely with a factor of 8 (cora_graphsage_hls_test_bundle/build/cora_hls_bundle/hls/po2_qat_root_dynamic_const_weights_partitioned_h16/graphsage_po2_qat_partitioned.h:301:0)
INFO: [HLS 214-186] Unrolling loop 'L2_NEIGHBOR_CHANNEL_INPUT_HI' (cora_graphsage_hls_test_bundle/build/cora_hls_bundle/hls/po2_qat_root_dynamic_const_weights_partitioned_h16/graphsage_po2_qat_partitioned.h:332:13) in function 'l2_neighbor_channel<false, 4, true>' completely with a factor of 8 (cora_graphsage_hls_test_bundle/build/cora_hls_bundle/hls/po2_qat_root_dynamic_const_weights_partitioned_h16/graphsage_po2_qat_partitioned.h:301:0)
INFO: [HLS 214-186] Unrolling loop 'L2_NEIGHBOR_CHANNEL_INPUT_LO' (cora_graphsage_hls_test_bundle/build/cora_hls_bundle/hls/po2_qat_root_dynamic_const_weights_partitioned_h16/graphsage_po2_qat_partitioned.h:311:13) in function 'l2_neighbor_channel<false, 4, true>' completely with a factor of 8 (cora_graphsage_hls_test_bundle/build/cora_hls_bundle/hls/po2_qat_root_dynamic_const_weights_partitioned_h16/graphsage_po2_qat_partitioned.h:301:0)
INFO: [HLS 214-186] Unrolling loop 'L2_NEIGHBOR_CHANNEL_NODE' (cora_graphsage_hls_test_bundle/build/cora_hls_bundle/hls/po2_qat_root_dynamic_const_weights_partitioned_h16/graphsage_po2_qat_partitioned.h:304:5) in function 'l2_neighbor_channel<false, 3, true>' completely with a factor of 8 (cora_graphsage_hls_test_bundle/build/cora_hls_bundle/hls/po2_qat_root_dynamic_const_weights_partitioned_h16/graphsage_po2_qat_partitioned.h:301:0)
INFO: [HLS 214-186] Unrolling loop 'L2_NEIGHBOR_CHANNEL_INPUT_HI' (cora_graphsage_hls_test_bundle/build/cora_hls_bundle/hls/po2_qat_root_dynamic_const_weights_partitioned_h16/graphsage_po2_qat_partitioned.h:332:13) in function 'l2_neighbor_channel<false, 3, true>' completely with a factor of 8 (cora_graphsage_hls_test_bundle/build/cora_hls_bundle/hls/po2_qat_root_dynamic_const_weights_partitioned_h16/graphsage_po2_qat_partitioned.h:301:0)
INFO: [HLS 214-186] Unrolling loop 'L2_NEIGHBOR_CHANNEL_INPUT_LO' (cora_graphsage_hls_test_bundle/build/cora_hls_bundle/hls/po2_qat_root_dynamic_const_weights_partitioned_h16/graphsage_po2_qat_partitioned.h:311:13) in function 'l2_neighbor_channel<false, 3, true>' completely with a factor of 8 (cora_graphsage_hls_test_bundle/build/cora_hls_bundle/hls/po2_qat_root_dynamic_const_weights_partitioned_h16/graphsage_po2_qat_partitioned.h:301:0)
INFO: [HLS 214-186] Unrolling loop 'L2_NEIGHBOR_CHANNEL_NODE' (cora_graphsage_hls_test_bundle/build/cora_hls_bundle/hls/po2_qat_root_dynamic_const_weights_partitioned_h16/graphsage_po2_qat_partitioned.h:304:5) in function 'l2_neighbor_channel<false, 2, true>' completely with a factor of 8 (cora_graphsage_hls_test_bundle/build/cora_hls_bundle/hls/po2_qat_root_dynamic_const_weights_partitioned_h16/graphsage_po2_qat_partitioned.h:301:0)
INFO: [HLS 214-186] Unrolling loop 'L2_NEIGHBOR_CHANNEL_INPUT_HI' (cora_graphsage_hls_test_bundle/build/cora_hls_bundle/hls/po2_qat_root_dynamic_const_weights_partitioned_h16/graphsage_po2_qat_partitioned.h:332:13) in function 'l2_neighbor_channel<false, 2, true>' completely with a factor of 8 (cora_graphsage_hls_test_bundle/build/cora_hls_bundle/hls/po2_qat_root_dynamic_const_weights_partitioned_h16/graphsage_po2_qat_partitioned.h:301:0)
INFO: [HLS 214-186] Unrolling loop 'L2_NEIGHBOR_CHANNEL_INPUT_LO' (cora_graphsage_hls_test_bundle/build/cora_hls_bundle/hls/po2_qat_root_dynamic_const_weights_partitioned_h16/graphsage_po2_qat_partitioned.h:311:13) in function 'l2_neighbor_channel<false, 2, true>' completely with a factor of 8 (cora_graphsage_hls_test_bundle/build/cora_hls_bundle/hls/po2_qat_root_dynamic_const_weights_partitioned_h16/graphsage_po2_qat_partitioned.h:301:0)
INFO: [HLS 214-186] Unrolling loop 'L2_NEIGHBOR_CHANNEL_NODE' (cora_graphsage_hls_test_bundle/build/cora_hls_bundle/hls/po2_qat_root_dynamic_const_weights_partitioned_h16/graphsage_po2_qat_partitioned.h:304:5) in function 'l2_neighbor_channel<false, 1, true>' completely with a factor of 8 (cora_graphsage_hls_test_bundle/build/cora_hls_bundle/hls/po2_qat_root_dynamic_const_weights_partitioned_h16/graphsage_po2_qat_partitioned.h:301:0)
INFO: [HLS 214-186] Unrolling loop 'L2_NEIGHBOR_CHANNEL_INPUT_HI' (cora_graphsage_hls_test_bundle/build/cora_hls_bundle/hls/po2_qat_root_dynamic_const_weights_partitioned_h16/graphsage_po2_qat_partitioned.h:332:13) in function 'l2_neighbor_channel<false, 1, true>' completely with a factor of 8 (cora_graphsage_hls_test_bundle/build/cora_hls_bundle/hls/po2_qat_root_dynamic_const_weights_partitioned_h16/graphsage_po2_qat_partitioned.h:301:0)
INFO: [HLS 214-186] Unrolling loop 'L2_NEIGHBOR_CHANNEL_INPUT_LO' (cora_graphsage_hls_test_bundle/build/cora_hls_bundle/hls/po2_qat_root_dynamic_const_weights_partitioned_h16/graphsage_po2_qat_partitioned.h:311:13) in function 'l2_neighbor_channel<false, 1, true>' completely with a factor of 8 (cora_graphsage_hls_test_bundle/build/cora_hls_bundle/hls/po2_qat_root_dynamic_const_weights_partitioned_h16/graphsage_po2_qat_partitioned.h:301:0)
INFO: [HLS 214-186] Unrolling loop 'L2_NEIGHBOR_CHANNEL_NODE' (cora_graphsage_hls_test_bundle/build/cora_hls_bundle/hls/po2_qat_root_dynamic_const_weights_partitioned_h16/graphsage_po2_qat_partitioned.h:304:5) in function 'l2_neighbor_channel<false, 0, true>' completely with a factor of 8 (cora_graphsage_hls_test_bundle/build/cora_hls_bundle/hls/po2_qat_root_dynamic_const_weights_partitioned_h16/graphsage_po2_qat_partitioned.h:301:0)
INFO: [HLS 214-186] Unrolling loop 'L2_NEIGHBOR_CHANNEL_INPUT_HI' (cora_graphsage_hls_test_bundle/build/cora_hls_bundle/hls/po2_qat_root_dynamic_const_weights_partitioned_h16/graphsage_po2_qat_partitioned.h:332:13) in function 'l2_neighbor_channel<false, 0, true>' completely with a factor of 8 (cora_graphsage_hls_test_bundle/build/cora_hls_bundle/hls/po2_qat_root_dynamic_const_weights_partitioned_h16/graphsage_po2_qat_partitioned.h:301:0)
INFO: [HLS 214-186] Unrolling loop 'L2_NEIGHBOR_CHANNEL_INPUT_LO' (cora_graphsage_hls_test_bundle/build/cora_hls_bundle/hls/po2_qat_root_dynamic_const_weights_partitioned_h16/graphsage_po2_qat_partitioned.h:311:13) in function 'l2_neighbor_channel<false, 0, true>' completely with a factor of 8 (cora_graphsage_hls_test_bundle/build/cora_hls_bundle/hls/po2_qat_root_dynamic_const_weights_partitioned_h16/graphsage_po2_qat_partitioned.h:301:0)
INFO: [HLS 214-186] Unrolling loop 'L2_ROOT_CHANNEL_NODE' (cora_graphsage_hls_test_bundle/build/cora_hls_bundle/hls/po2_qat_root_dynamic_const_weights_partitioned_h16/graphsage_po2_qat_partitioned.h:217:5) in function 'l2_root_channel<false, 6, true>' completely with a factor of 8 (cora_graphsage_hls_test_bundle/build/cora_hls_bundle/hls/po2_qat_root_dynamic_const_weights_partitioned_h16/graphsage_po2_qat_partitioned.h:214:0)
INFO: [HLS 214-186] Unrolling loop 'L2_ROOT_CHANNEL_INPUT_HI' (cora_graphsage_hls_test_bundle/build/cora_hls_bundle/hls/po2_qat_root_dynamic_const_weights_partitioned_h16/graphsage_po2_qat_partitioned.h:245:13) in function 'l2_root_channel<false, 6, true>' completely with a factor of 8 (cora_graphsage_hls_test_bundle/build/cora_hls_bundle/hls/po2_qat_root_dynamic_const_weights_partitioned_h16/graphsage_po2_qat_partitioned.h:214:0)
INFO: [HLS 214-186] Unrolling loop 'L2_ROOT_CHANNEL_INPUT_LO' (cora_graphsage_hls_test_bundle/build/cora_hls_bundle/hls/po2_qat_root_dynamic_const_weights_partitioned_h16/graphsage_po2_qat_partitioned.h:224:13) in function 'l2_root_channel<false, 6, true>' completely with a factor of 8 (cora_graphsage_hls_test_bundle/build/cora_hls_bundle/hls/po2_qat_root_dynamic_const_weights_partitioned_h16/graphsage_po2_qat_partitioned.h:214:0)
INFO: [HLS 214-186] Unrolling loop 'L2_ROOT_CHANNEL_NODE' (cora_graphsage_hls_test_bundle/build/cora_hls_bundle/hls/po2_qat_root_dynamic_const_weights_partitioned_h16/graphsage_po2_qat_partitioned.h:217:5) in function 'l2_root_channel<false, 5, true>' completely with a factor of 8 (cora_graphsage_hls_test_bundle/build/cora_hls_bundle/hls/po2_qat_root_dynamic_const_weights_partitioned_h16/graphsage_po2_qat_partitioned.h:214:0)
INFO: [HLS 214-186] Unrolling loop 'L2_ROOT_CHANNEL_INPUT_HI' (cora_graphsage_hls_test_bundle/build/cora_hls_bundle/hls/po2_qat_root_dynamic_const_weights_partitioned_h16/graphsage_po2_qat_partitioned.h:245:13) in function 'l2_root_channel<false, 5, true>' completely with a factor of 8 (cora_graphsage_hls_test_bundle/build/cora_hls_bundle/hls/po2_qat_root_dynamic_const_weights_partitioned_h16/graphsage_po2_qat_partitioned.h:214:0)
INFO: [HLS 214-186] Unrolling loop 'L2_ROOT_CHANNEL_INPUT_LO' (cora_graphsage_hls_test_bundle/build/cora_hls_bundle/hls/po2_qat_root_dynamic_const_weights_partitioned_h16/graphsage_po2_qat_partitioned.h:224:13) in function 'l2_root_channel<false, 5, true>' completely with a factor of 8 (cora_graphsage_hls_test_bundle/build/cora_hls_bundle/hls/po2_qat_root_dynamic_const_weights_partitioned_h16/graphsage_po2_qat_partitioned.h:214:0)
INFO: [HLS 214-186] Unrolling loop 'L2_ROOT_CHANNEL_NODE' (cora_graphsage_hls_test_bundle/build/cora_hls_bundle/hls/po2_qat_root_dynamic_const_weights_partitioned_h16/graphsage_po2_qat_partitioned.h:217:5) in function 'l2_root_channel<false, 4, true>' completely with a factor of 8 (cora_graphsage_hls_test_bundle/build/cora_hls_bundle/hls/po2_qat_root_dynamic_const_weights_partitioned_h16/graphsage_po2_qat_partitioned.h:214:0)
INFO: [HLS 214-186] Unrolling loop 'L2_ROOT_CHANNEL_INPUT_HI' (cora_graphsage_hls_test_bundle/build/cora_hls_bundle/hls/po2_qat_root_dynamic_const_weights_partitioned_h16/graphsage_po2_qat_partitioned.h:245:13) in function 'l2_root_channel<false, 4, true>' completely with a factor of 8 (cora_graphsage_hls_test_bundle/build/cora_hls_bundle/hls/po2_qat_root_dynamic_const_weights_partitioned_h16/graphsage_po2_qat_partitioned.h:214:0)
INFO: [HLS 214-186] Unrolling loop 'L2_ROOT_CHANNEL_INPUT_LO' (cora_graphsage_hls_test_bundle/build/cora_hls_bundle/hls/po2_qat_root_dynamic_const_weights_partitioned_h16/graphsage_po2_qat_partitioned.h:224:13) in function 'l2_root_channel<false, 4, true>' completely with a factor of 8 (cora_graphsage_hls_test_bundle/build/cora_hls_bundle/hls/po2_qat_root_dynamic_const_weights_partitioned_h16/graphsage_po2_qat_partitioned.h:214:0)
INFO: [HLS 214-186] Unrolling loop 'L2_ROOT_CHANNEL_NODE' (cora_graphsage_hls_test_bundle/build/cora_hls_bundle/hls/po2_qat_root_dynamic_const_weights_partitioned_h16/graphsage_po2_qat_partitioned.h:217:5) in function 'l2_root_channel<false, 3, true>' completely with a factor of 8 (cora_graphsage_hls_test_bundle/build/cora_hls_bundle/hls/po2_qat_root_dynamic_const_weights_partitioned_h16/graphsage_po2_qat_partitioned.h:214:0)
INFO: [HLS 214-186] Unrolling loop 'L2_ROOT_CHANNEL_INPUT_HI' (cora_graphsage_hls_test_bundle/build/cora_hls_bundle/hls/po2_qat_root_dynamic_const_weights_partitioned_h16/graphsage_po2_qat_partitioned.h:245:13) in function 'l2_root_channel<false, 3, true>' completely with a factor of 8 (cora_graphsage_hls_test_bundle/build/cora_hls_bundle/hls/po2_qat_root_dynamic_const_weights_partitioned_h16/graphsage_po2_qat_partitioned.h:214:0)
INFO: [HLS 214-186] Unrolling loop 'L2_ROOT_CHANNEL_INPUT_LO' (cora_graphsage_hls_test_bundle/build/cora_hls_bundle/hls/po2_qat_root_dynamic_const_weights_partitioned_h16/graphsage_po2_qat_partitioned.h:224:13) in function 'l2_root_channel<false, 3, true>' completely with a factor of 8 (cora_graphsage_hls_test_bundle/build/cora_hls_bundle/hls/po2_qat_root_dynamic_const_weights_partitioned_h16/graphsage_po2_qat_partitioned.h:214:0)
INFO: [HLS 214-186] Unrolling loop 'L2_ROOT_CHANNEL_NODE' (cora_graphsage_hls_test_bundle/build/cora_hls_bundle/hls/po2_qat_root_dynamic_const_weights_partitioned_h16/graphsage_po2_qat_partitioned.h:217:5) in function 'l2_root_channel<false, 2, true>' completely with a factor of 8 (cora_graphsage_hls_test_bundle/build/cora_hls_bundle/hls/po2_qat_root_dynamic_const_weights_partitioned_h16/graphsage_po2_qat_partitioned.h:214:0)
INFO: [HLS 214-186] Unrolling loop 'L2_ROOT_CHANNEL_INPUT_HI' (cora_graphsage_hls_test_bundle/build/cora_hls_bundle/hls/po2_qat_root_dynamic_const_weights_partitioned_h16/graphsage_po2_qat_partitioned.h:245:13) in function 'l2_root_channel<false, 2, true>' completely with a factor of 8 (cora_graphsage_hls_test_bundle/build/cora_hls_bundle/hls/po2_qat_root_dynamic_const_weights_partitioned_h16/graphsage_po2_qat_partitioned.h:214:0)
INFO: [HLS 214-186] Unrolling loop 'L2_ROOT_CHANNEL_INPUT_LO' (cora_graphsage_hls_test_bundle/build/cora_hls_bundle/hls/po2_qat_root_dynamic_const_weights_partitioned_h16/graphsage_po2_qat_partitioned.h:224:13) in function 'l2_root_channel<false, 2, true>' completely with a factor of 8 (cora_graphsage_hls_test_bundle/build/cora_hls_bundle/hls/po2_qat_root_dynamic_const_weights_partitioned_h16/graphsage_po2_qat_partitioned.h:214:0)
INFO: [HLS 214-186] Unrolling loop 'L2_ROOT_CHANNEL_NODE' (cora_graphsage_hls_test_bundle/build/cora_hls_bundle/hls/po2_qat_root_dynamic_const_weights_partitioned_h16/graphsage_po2_qat_partitioned.h:217:5) in function 'l2_root_channel<false, 1, true>' completely with a factor of 8 (cora_graphsage_hls_test_bundle/build/cora_hls_bundle/hls/po2_qat_root_dynamic_const_weights_partitioned_h16/graphsage_po2_qat_partitioned.h:214:0)
INFO: [HLS 214-186] Unrolling loop 'L2_ROOT_CHANNEL_INPUT_HI' (cora_graphsage_hls_test_bundle/build/cora_hls_bundle/hls/po2_qat_root_dynamic_const_weights_partitioned_h16/graphsage_po2_qat_partitioned.h:245:13) in function 'l2_root_channel<false, 1, true>' completely with a factor of 8 (cora_graphsage_hls_test_bundle/build/cora_hls_bundle/hls/po2_qat_root_dynamic_const_weights_partitioned_h16/graphsage_po2_qat_partitioned.h:214:0)
INFO: [HLS 214-186] Unrolling loop 'L2_ROOT_CHANNEL_INPUT_LO' (cora_graphsage_hls_test_bundle/build/cora_hls_bundle/hls/po2_qat_root_dynamic_const_weights_partitioned_h16/graphsage_po2_qat_partitioned.h:224:13) in function 'l2_root_channel<false, 1, true>' completely with a factor of 8 (cora_graphsage_hls_test_bundle/build/cora_hls_bundle/hls/po2_qat_root_dynamic_const_weights_partitioned_h16/graphsage_po2_qat_partitioned.h:214:0)
INFO: [HLS 214-186] Unrolling loop 'L2_ROOT_CHANNEL_NODE' (cora_graphsage_hls_test_bundle/build/cora_hls_bundle/hls/po2_qat_root_dynamic_const_weights_partitioned_h16/graphsage_po2_qat_partitioned.h:217:5) in function 'l2_root_channel<false, 0, true>' completely with a factor of 8 (cora_graphsage_hls_test_bundle/build/cora_hls_bundle/hls/po2_qat_root_dynamic_const_weights_partitioned_h16/graphsage_po2_qat_partitioned.h:214:0)
INFO: [HLS 214-186] Unrolling loop 'L2_ROOT_CHANNEL_INPUT_HI' (cora_graphsage_hls_test_bundle/build/cora_hls_bundle/hls/po2_qat_root_dynamic_const_weights_partitioned_h16/graphsage_po2_qat_partitioned.h:245:13) in function 'l2_root_channel<false, 0, true>' completely with a factor of 8 (cora_graphsage_hls_test_bundle/build/cora_hls_bundle/hls/po2_qat_root_dynamic_const_weights_partitioned_h16/graphsage_po2_qat_partitioned.h:214:0)
INFO: [HLS 214-186] Unrolling loop 'L2_ROOT_CHANNEL_INPUT_LO' (cora_graphsage_hls_test_bundle/build/cora_hls_bundle/hls/po2_qat_root_dynamic_const_weights_partitioned_h16/graphsage_po2_qat_partitioned.h:224:13) in function 'l2_root_channel<false, 0, true>' completely with a factor of 8 (cora_graphsage_hls_test_bundle/build/cora_hls_bundle/hls/po2_qat_root_dynamic_const_weights_partitioned_h16/graphsage_po2_qat_partitioned.h:214:0)
INFO: [HLS 214-186] Unrolling loop 'L1_NEIGHBOR_CHANNEL_NODE' (cora_graphsage_hls_test_bundle/build/cora_hls_bundle/hls/po2_qat_root_dynamic_const_weights_partitioned_h16/graphsage_po2_qat_partitioned.h:129:5) in function 'l1_neighbor_channel<false, 15, true>' completely with a factor of 8 (cora_graphsage_hls_test_bundle/build/cora_hls_bundle/hls/po2_qat_root_dynamic_const_weights_partitioned_h16/graphsage_po2_qat_partitioned.h:126:0)
INFO: [HLS 214-186] Unrolling loop 'L1_NEIGHBOR_CHANNEL_INPUT_HI' (cora_graphsage_hls_test_bundle/build/cora_hls_bundle/hls/po2_qat_root_dynamic_const_weights_partitioned_h16/graphsage_po2_qat_partitioned.h:157:13) in function 'l1_neighbor_channel<false, 15, true>' completely with a factor of 8 (cora_graphsage_hls_test_bundle/build/cora_hls_bundle/hls/po2_qat_root_dynamic_const_weights_partitioned_h16/graphsage_po2_qat_partitioned.h:126:0)
INFO: [HLS 214-186] Unrolling loop 'L1_NEIGHBOR_CHANNEL_INPUT_LO' (cora_graphsage_hls_test_bundle/build/cora_hls_bundle/hls/po2_qat_root_dynamic_const_weights_partitioned_h16/graphsage_po2_qat_partitioned.h:136:13) in function 'l1_neighbor_channel<false, 15, true>' completely with a factor of 8 (cora_graphsage_hls_test_bundle/build/cora_hls_bundle/hls/po2_qat_root_dynamic_const_weights_partitioned_h16/graphsage_po2_qat_partitioned.h:126:0)
INFO: [HLS 214-186] Unrolling loop 'L1_NEIGHBOR_CHANNEL_NODE' (cora_graphsage_hls_test_bundle/build/cora_hls_bundle/hls/po2_qat_root_dynamic_const_weights_partitioned_h16/graphsage_po2_qat_partitioned.h:129:5) in function 'l1_neighbor_channel<false, 14, true>' completely with a factor of 8 (cora_graphsage_hls_test_bundle/build/cora_hls_bundle/hls/po2_qat_root_dynamic_const_weights_partitioned_h16/graphsage_po2_qat_partitioned.h:126:0)
INFO: [HLS 214-186] Unrolling loop 'L1_NEIGHBOR_CHANNEL_INPUT_HI' (cora_graphsage_hls_test_bundle/build/cora_hls_bundle/hls/po2_qat_root_dynamic_const_weights_partitioned_h16/graphsage_po2_qat_partitioned.h:157:13) in function 'l1_neighbor_channel<false, 14, true>' completely with a factor of 8 (cora_graphsage_hls_test_bundle/build/cora_hls_bundle/hls/po2_qat_root_dynamic_const_weights_partitioned_h16/graphsage_po2_qat_partitioned.h:126:0)
INFO: [HLS 214-186] Unrolling loop 'L1_NEIGHBOR_CHANNEL_INPUT_LO' (cora_graphsage_hls_test_bundle/build/cora_hls_bundle/hls/po2_qat_root_dynamic_const_weights_partitioned_h16/graphsage_po2_qat_partitioned.h:136:13) in function 'l1_neighbor_channel<false, 14, true>' completely with a factor of 8 (cora_graphsage_hls_test_bundle/build/cora_hls_bundle/hls/po2_qat_root_dynamic_const_weights_partitioned_h16/graphsage_po2_qat_partitioned.h:126:0)
INFO: [HLS 214-186] Unrolling loop 'L1_NEIGHBOR_CHANNEL_NODE' (cora_graphsage_hls_test_bundle/build/cora_hls_bundle/hls/po2_qat_root_dynamic_const_weights_partitioned_h16/graphsage_po2_qat_partitioned.h:129:5) in function 'l1_neighbor_channel<false, 13, true>' completely with a factor of 8 (cora_graphsage_hls_test_bundle/build/cora_hls_bundle/hls/po2_qat_root_dynamic_const_weights_partitioned_h16/graphsage_po2_qat_partitioned.h:126:0)
INFO: [HLS 214-186] Unrolling loop 'L1_NEIGHBOR_CHANNEL_INPUT_HI' (cora_graphsage_hls_test_bundle/build/cora_hls_bundle/hls/po2_qat_root_dynamic_const_weights_partitioned_h16/graphsage_po2_qat_partitioned.h:157:13) in function 'l1_neighbor_channel<false, 13, true>' completely with a factor of 8 (cora_graphsage_hls_test_bundle/build/cora_hls_bundle/hls/po2_qat_root_dynamic_const_weights_partitioned_h16/graphsage_po2_qat_partitioned.h:126:0)
INFO: [HLS 214-186] Unrolling loop 'L1_NEIGHBOR_CHANNEL_INPUT_LO' (cora_graphsage_hls_test_bundle/build/cora_hls_bundle/hls/po2_qat_root_dynamic_const_weights_partitioned_h16/graphsage_po2_qat_partitioned.h:136:13) in function 'l1_neighbor_channel<false, 13, true>' completely with a factor of 8 (cora_graphsage_hls_test_bundle/build/cora_hls_bundle/hls/po2_qat_root_dynamic_const_weights_partitioned_h16/graphsage_po2_qat_partitioned.h:126:0)
INFO: [HLS 214-186] Unrolling loop 'L1_NEIGHBOR_CHANNEL_NODE' (cora_graphsage_hls_test_bundle/build/cora_hls_bundle/hls/po2_qat_root_dynamic_const_weights_partitioned_h16/graphsage_po2_qat_partitioned.h:129:5) in function 'l1_neighbor_channel<false, 12, true>' completely with a factor of 8 (cora_graphsage_hls_test_bundle/build/cora_hls_bundle/hls/po2_qat_root_dynamic_const_weights_partitioned_h16/graphsage_po2_qat_partitioned.h:126:0)
INFO: [HLS 214-186] Unrolling loop 'L1_NEIGHBOR_CHANNEL_INPUT_HI' (cora_graphsage_hls_test_bundle/build/cora_hls_bundle/hls/po2_qat_root_dynamic_const_weights_partitioned_h16/graphsage_po2_qat_partitioned.h:157:13) in function 'l1_neighbor_channel<false, 12, true>' completely with a factor of 8 (cora_graphsage_hls_test_bundle/build/cora_hls_bundle/hls/po2_qat_root_dynamic_const_weights_partitioned_h16/graphsage_po2_qat_partitioned.h:126:0)
INFO: [HLS 214-186] Unrolling loop 'L1_NEIGHBOR_CHANNEL_INPUT_LO' (cora_graphsage_hls_test_bundle/build/cora_hls_bundle/hls/po2_qat_root_dynamic_const_weights_partitioned_h16/graphsage_po2_qat_partitioned.h:136:13) in function 'l1_neighbor_channel<false, 12, true>' completely with a factor of 8 (cora_graphsage_hls_test_bundle/build/cora_hls_bundle/hls/po2_qat_root_dynamic_const_weights_partitioned_h16/graphsage_po2_qat_partitioned.h:126:0)
INFO: [HLS 214-186] Unrolling loop 'L1_NEIGHBOR_CHANNEL_NODE' (cora_graphsage_hls_test_bundle/build/cora_hls_bundle/hls/po2_qat_root_dynamic_const_weights_partitioned_h16/graphsage_po2_qat_partitioned.h:129:5) in function 'l1_neighbor_channel<false, 11, true>' completely with a factor of 8 (cora_graphsage_hls_test_bundle/build/cora_hls_bundle/hls/po2_qat_root_dynamic_const_weights_partitioned_h16/graphsage_po2_qat_partitioned.h:126:0)
INFO: [HLS 214-186] Unrolling loop 'L1_NEIGHBOR_CHANNEL_INPUT_HI' (cora_graphsage_hls_test_bundle/build/cora_hls_bundle/hls/po2_qat_root_dynamic_const_weights_partitioned_h16/graphsage_po2_qat_partitioned.h:157:13) in function 'l1_neighbor_channel<false, 11, true>' completely with a factor of 8 (cora_graphsage_hls_test_bundle/build/cora_hls_bundle/hls/po2_qat_root_dynamic_const_weights_partitioned_h16/graphsage_po2_qat_partitioned.h:126:0)
INFO: [HLS 214-186] Unrolling loop 'L1_NEIGHBOR_CHANNEL_INPUT_LO' (cora_graphsage_hls_test_bundle/build/cora_hls_bundle/hls/po2_qat_root_dynamic_const_weights_partitioned_h16/graphsage_po2_qat_partitioned.h:136:13) in function 'l1_neighbor_channel<false, 11, true>' completely with a factor of 8 (cora_graphsage_hls_test_bundle/build/cora_hls_bundle/hls/po2_qat_root_dynamic_const_weights_partitioned_h16/graphsage_po2_qat_partitioned.h:126:0)
INFO: [HLS 214-186] Unrolling loop 'L1_NEIGHBOR_CHANNEL_NODE' (cora_graphsage_hls_test_bundle/build/cora_hls_bundle/hls/po2_qat_root_dynamic_const_weights_partitioned_h16/graphsage_po2_qat_partitioned.h:129:5) in function 'l1_neighbor_channel<false, 10, true>' completely with a factor of 8 (cora_graphsage_hls_test_bundle/build/cora_hls_bundle/hls/po2_qat_root_dynamic_const_weights_partitioned_h16/graphsage_po2_qat_partitioned.h:126:0)
INFO: [HLS 214-186] Unrolling loop 'L1_NEIGHBOR_CHANNEL_INPUT_HI' (cora_graphsage_hls_test_bundle/build/cora_hls_bundle/hls/po2_qat_root_dynamic_const_weights_partitioned_h16/graphsage_po2_qat_partitioned.h:157:13) in function 'l1_neighbor_channel<false, 10, true>' completely with a factor of 8 (cora_graphsage_hls_test_bundle/build/cora_hls_bundle/hls/po2_qat_root_dynamic_const_weights_partitioned_h16/graphsage_po2_qat_partitioned.h:126:0)
INFO: [HLS 214-186] Unrolling loop 'L1_NEIGHBOR_CHANNEL_INPUT_LO' (cora_graphsage_hls_test_bundle/build/cora_hls_bundle/hls/po2_qat_root_dynamic_const_weights_partitioned_h16/graphsage_po2_qat_partitioned.h:136:13) in function 'l1_neighbor_channel<false, 10, true>' completely with a factor of 8 (cora_graphsage_hls_test_bundle/build/cora_hls_bundle/hls/po2_qat_root_dynamic_const_weights_partitioned_h16/graphsage_po2_qat_partitioned.h:126:0)
INFO: [HLS 214-186] Unrolling loop 'L1_NEIGHBOR_CHANNEL_NODE' (cora_graphsage_hls_test_bundle/build/cora_hls_bundle/hls/po2_qat_root_dynamic_const_weights_partitioned_h16/graphsage_po2_qat_partitioned.h:129:5) in function 'l1_neighbor_channel<false, 9, true>' completely with a factor of 8 (cora_graphsage_hls_test_bundle/build/cora_hls_bundle/hls/po2_qat_root_dynamic_const_weights_partitioned_h16/graphsage_po2_qat_partitioned.h:126:0)
INFO: [HLS 214-186] Unrolling loop 'L1_NEIGHBOR_CHANNEL_INPUT_HI' (cora_graphsage_hls_test_bundle/build/cora_hls_bundle/hls/po2_qat_root_dynamic_const_weights_partitioned_h16/graphsage_po2_qat_partitioned.h:157:13) in function 'l1_neighbor_channel<false, 9, true>' completely with a factor of 8 (cora_graphsage_hls_test_bundle/build/cora_hls_bundle/hls/po2_qat_root_dynamic_const_weights_partitioned_h16/graphsage_po2_qat_partitioned.h:126:0)
INFO: [HLS 214-186] Unrolling loop 'L1_NEIGHBOR_CHANNEL_INPUT_LO' (cora_graphsage_hls_test_bundle/build/cora_hls_bundle/hls/po2_qat_root_dynamic_const_weights_partitioned_h16/graphsage_po2_qat_partitioned.h:136:13) in function 'l1_neighbor_channel<false, 9, true>' completely with a factor of 8 (cora_graphsage_hls_test_bundle/build/cora_hls_bundle/hls/po2_qat_root_dynamic_const_weights_partitioned_h16/graphsage_po2_qat_partitioned.h:126:0)
INFO: [HLS 214-186] Unrolling loop 'L1_NEIGHBOR_CHANNEL_NODE' (cora_graphsage_hls_test_bundle/build/cora_hls_bundle/hls/po2_qat_root_dynamic_const_weights_partitioned_h16/graphsage_po2_qat_partitioned.h:129:5) in function 'l1_neighbor_channel<false, 8, true>' completely with a factor of 8 (cora_graphsage_hls_test_bundle/build/cora_hls_bundle/hls/po2_qat_root_dynamic_const_weights_partitioned_h16/graphsage_po2_qat_partitioned.h:126:0)
INFO: [HLS 214-186] Unrolling loop 'L1_NEIGHBOR_CHANNEL_INPUT_HI' (cora_graphsage_hls_test_bundle/build/cora_hls_bundle/hls/po2_qat_root_dynamic_const_weights_partitioned_h16/graphsage_po2_qat_partitioned.h:157:13) in function 'l1_neighbor_channel<false, 8, true>' completely with a factor of 8 (cora_graphsage_hls_test_bundle/build/cora_hls_bundle/hls/po2_qat_root_dynamic_const_weights_partitioned_h16/graphsage_po2_qat_partitioned.h:126:0)
INFO: [HLS 214-186] Unrolling loop 'L1_NEIGHBOR_CHANNEL_INPUT_LO' (cora_graphsage_hls_test_bundle/build/cora_hls_bundle/hls/po2_qat_root_dynamic_const_weights_partitioned_h16/graphsage_po2_qat_partitioned.h:136:13) in function 'l1_neighbor_channel<false, 8, true>' completely with a factor of 8 (cora_graphsage_hls_test_bundle/build/cora_hls_bundle/hls/po2_qat_root_dynamic_const_weights_partitioned_h16/graphsage_po2_qat_partitioned.h:126:0)
INFO: [HLS 214-186] Unrolling loop 'L1_NEIGHBOR_CHANNEL_NODE' (cora_graphsage_hls_test_bundle/build/cora_hls_bundle/hls/po2_qat_root_dynamic_const_weights_partitioned_h16/graphsage_po2_qat_partitioned.h:129:5) in function 'l1_neighbor_channel<false, 7, true>' completely with a factor of 8 (cora_graphsage_hls_test_bundle/build/cora_hls_bundle/hls/po2_qat_root_dynamic_const_weights_partitioned_h16/graphsage_po2_qat_partitioned.h:126:0)
INFO: [HLS 214-186] Unrolling loop 'L1_NEIGHBOR_CHANNEL_INPUT_HI' (cora_graphsage_hls_test_bundle/build/cora_hls_bundle/hls/po2_qat_root_dynamic_const_weights_partitioned_h16/graphsage_po2_qat_partitioned.h:157:13) in function 'l1_neighbor_channel<false, 7, true>' completely with a factor of 8 (cora_graphsage_hls_test_bundle/build/cora_hls_bundle/hls/po2_qat_root_dynamic_const_weights_partitioned_h16/graphsage_po2_qat_partitioned.h:126:0)
INFO: [HLS 214-186] Unrolling loop 'L1_NEIGHBOR_CHANNEL_INPUT_LO' (cora_graphsage_hls_test_bundle/build/cora_hls_bundle/hls/po2_qat_root_dynamic_const_weights_partitioned_h16/graphsage_po2_qat_partitioned.h:136:13) in function 'l1_neighbor_channel<false, 7, true>' completely with a factor of 8 (cora_graphsage_hls_test_bundle/build/cora_hls_bundle/hls/po2_qat_root_dynamic_const_weights_partitioned_h16/graphsage_po2_qat_partitioned.h:126:0)
INFO: [HLS 214-186] Unrolling loop 'L1_NEIGHBOR_CHANNEL_NODE' (cora_graphsage_hls_test_bundle/build/cora_hls_bundle/hls/po2_qat_root_dynamic_const_weights_partitioned_h16/graphsage_po2_qat_partitioned.h:129:5) in function 'l1_neighbor_channel<false, 6, true>' completely with a factor of 8 (cora_graphsage_hls_test_bundle/build/cora_hls_bundle/hls/po2_qat_root_dynamic_const_weights_partitioned_h16/graphsage_po2_qat_partitioned.h:126:0)
INFO: [HLS 214-186] Unrolling loop 'L1_NEIGHBOR_CHANNEL_INPUT_HI' (cora_graphsage_hls_test_bundle/build/cora_hls_bundle/hls/po2_qat_root_dynamic_const_weights_partitioned_h16/graphsage_po2_qat_partitioned.h:157:13) in function 'l1_neighbor_channel<false, 6, true>' completely with a factor of 8 (cora_graphsage_hls_test_bundle/build/cora_hls_bundle/hls/po2_qat_root_dynamic_const_weights_partitioned_h16/graphsage_po2_qat_partitioned.h:126:0)
INFO: [HLS 214-186] Unrolling loop 'L1_NEIGHBOR_CHANNEL_INPUT_LO' (cora_graphsage_hls_test_bundle/build/cora_hls_bundle/hls/po2_qat_root_dynamic_const_weights_partitioned_h16/graphsage_po2_qat_partitioned.h:136:13) in function 'l1_neighbor_channel<false, 6, true>' completely with a factor of 8 (cora_graphsage_hls_test_bundle/build/cora_hls_bundle/hls/po2_qat_root_dynamic_const_weights_partitioned_h16/graphsage_po2_qat_partitioned.h:126:0)
INFO: [HLS 214-186] Unrolling loop 'L1_NEIGHBOR_CHANNEL_NODE' (cora_graphsage_hls_test_bundle/build/cora_hls_bundle/hls/po2_qat_root_dynamic_const_weights_partitioned_h16/graphsage_po2_qat_partitioned.h:129:5) in function 'l1_neighbor_channel<false, 5, true>' completely with a factor of 8 (cora_graphsage_hls_test_bundle/build/cora_hls_bundle/hls/po2_qat_root_dynamic_const_weights_partitioned_h16/graphsage_po2_qat_partitioned.h:126:0)
INFO: [HLS 214-186] Unrolling loop 'L1_NEIGHBOR_CHANNEL_INPUT_HI' (cora_graphsage_hls_test_bundle/build/cora_hls_bundle/hls/po2_qat_root_dynamic_const_weights_partitioned_h16/graphsage_po2_qat_partitioned.h:157:13) in function 'l1_neighbor_channel<false, 5, true>' completely with a factor of 8 (cora_graphsage_hls_test_bundle/build/cora_hls_bundle/hls/po2_qat_root_dynamic_const_weights_partitioned_h16/graphsage_po2_qat_partitioned.h:126:0)
INFO: [HLS 214-186] Unrolling loop 'L1_NEIGHBOR_CHANNEL_INPUT_LO' (cora_graphsage_hls_test_bundle/build/cora_hls_bundle/hls/po2_qat_root_dynamic_const_weights_partitioned_h16/graphsage_po2_qat_partitioned.h:136:13) in function 'l1_neighbor_channel<false, 5, true>' completely with a factor of 8 (cora_graphsage_hls_test_bundle/build/cora_hls_bundle/hls/po2_qat_root_dynamic_const_weights_partitioned_h16/graphsage_po2_qat_partitioned.h:126:0)
INFO: [HLS 214-186] Unrolling loop 'L1_NEIGHBOR_CHANNEL_NODE' (cora_graphsage_hls_test_bundle/build/cora_hls_bundle/hls/po2_qat_root_dynamic_const_weights_partitioned_h16/graphsage_po2_qat_partitioned.h:129:5) in function 'l1_neighbor_channel<false, 4, true>' completely with a factor of 8 (cora_graphsage_hls_test_bundle/build/cora_hls_bundle/hls/po2_qat_root_dynamic_const_weights_partitioned_h16/graphsage_po2_qat_partitioned.h:126:0)
INFO: [HLS 214-186] Unrolling loop 'L1_NEIGHBOR_CHANNEL_INPUT_HI' (cora_graphsage_hls_test_bundle/build/cora_hls_bundle/hls/po2_qat_root_dynamic_const_weights_partitioned_h16/graphsage_po2_qat_partitioned.h:157:13) in function 'l1_neighbor_channel<false, 4, true>' completely with a factor of 8 (cora_graphsage_hls_test_bundle/build/cora_hls_bundle/hls/po2_qat_root_dynamic_const_weights_partitioned_h16/graphsage_po2_qat_partitioned.h:126:0)
INFO: [HLS 214-186] Unrolling loop 'L1_NEIGHBOR_CHANNEL_INPUT_LO' (cora_graphsage_hls_test_bundle/build/cora_hls_bundle/hls/po2_qat_root_dynamic_const_weights_partitioned_h16/graphsage_po2_qat_partitioned.h:136:13) in function 'l1_neighbor_channel<false, 4, true>' completely with a factor of 8 (cora_graphsage_hls_test_bundle/build/cora_hls_bundle/hls/po2_qat_root_dynamic_const_weights_partitioned_h16/graphsage_po2_qat_partitioned.h:126:0)
INFO: [HLS 214-186] Unrolling loop 'L1_NEIGHBOR_CHANNEL_NODE' (cora_graphsage_hls_test_bundle/build/cora_hls_bundle/hls/po2_qat_root_dynamic_const_weights_partitioned_h16/graphsage_po2_qat_partitioned.h:129:5) in function 'l1_neighbor_channel<false, 3, true>' completely with a factor of 8 (cora_graphsage_hls_test_bundle/build/cora_hls_bundle/hls/po2_qat_root_dynamic_const_weights_partitioned_h16/graphsage_po2_qat_partitioned.h:126:0)
INFO: [HLS 214-186] Unrolling loop 'L1_NEIGHBOR_CHANNEL_INPUT_HI' (cora_graphsage_hls_test_bundle/build/cora_hls_bundle/hls/po2_qat_root_dynamic_const_weights_partitioned_h16/graphsage_po2_qat_partitioned.h:157:13) in function 'l1_neighbor_channel<false, 3, true>' completely with a factor of 8 (cora_graphsage_hls_test_bundle/build/cora_hls_bundle/hls/po2_qat_root_dynamic_const_weights_partitioned_h16/graphsage_po2_qat_partitioned.h:126:0)
INFO: [HLS 214-186] Unrolling loop 'L1_NEIGHBOR_CHANNEL_INPUT_LO' (cora_graphsage_hls_test_bundle/build/cora_hls_bundle/hls/po2_qat_root_dynamic_const_weights_partitioned_h16/graphsage_po2_qat_partitioned.h:136:13) in function 'l1_neighbor_channel<false, 3, true>' completely with a factor of 8 (cora_graphsage_hls_test_bundle/build/cora_hls_bundle/hls/po2_qat_root_dynamic_const_weights_partitioned_h16/graphsage_po2_qat_partitioned.h:126:0)
INFO: [HLS 214-186] Unrolling loop 'L1_NEIGHBOR_CHANNEL_NODE' (cora_graphsage_hls_test_bundle/build/cora_hls_bundle/hls/po2_qat_root_dynamic_const_weights_partitioned_h16/graphsage_po2_qat_partitioned.h:129:5) in function 'l1_neighbor_channel<false, 2, true>' completely with a factor of 8 (cora_graphsage_hls_test_bundle/build/cora_hls_bundle/hls/po2_qat_root_dynamic_const_weights_partitioned_h16/graphsage_po2_qat_partitioned.h:126:0)
INFO: [HLS 214-186] Unrolling loop 'L1_NEIGHBOR_CHANNEL_INPUT_HI' (cora_graphsage_hls_test_bundle/build/cora_hls_bundle/hls/po2_qat_root_dynamic_const_weights_partitioned_h16/graphsage_po2_qat_partitioned.h:157:13) in function 'l1_neighbor_channel<false, 2, true>' completely with a factor of 8 (cora_graphsage_hls_test_bundle/build/cora_hls_bundle/hls/po2_qat_root_dynamic_const_weights_partitioned_h16/graphsage_po2_qat_partitioned.h:126:0)
INFO: [HLS 214-186] Unrolling loop 'L1_NEIGHBOR_CHANNEL_INPUT_LO' (cora_graphsage_hls_test_bundle/build/cora_hls_bundle/hls/po2_qat_root_dynamic_const_weights_partitioned_h16/graphsage_po2_qat_partitioned.h:136:13) in function 'l1_neighbor_channel<false, 2, true>' completely with a factor of 8 (cora_graphsage_hls_test_bundle/build/cora_hls_bundle/hls/po2_qat_root_dynamic_const_weights_partitioned_h16/graphsage_po2_qat_partitioned.h:126:0)
INFO: [HLS 214-186] Unrolling loop 'L1_NEIGHBOR_CHANNEL_NODE' (cora_graphsage_hls_test_bundle/build/cora_hls_bundle/hls/po2_qat_root_dynamic_const_weights_partitioned_h16/graphsage_po2_qat_partitioned.h:129:5) in function 'l1_neighbor_channel<false, 1, true>' completely with a factor of 8 (cora_graphsage_hls_test_bundle/build/cora_hls_bundle/hls/po2_qat_root_dynamic_const_weights_partitioned_h16/graphsage_po2_qat_partitioned.h:126:0)
INFO: [HLS 214-186] Unrolling loop 'L1_NEIGHBOR_CHANNEL_INPUT_HI' (cora_graphsage_hls_test_bundle/build/cora_hls_bundle/hls/po2_qat_root_dynamic_const_weights_partitioned_h16/graphsage_po2_qat_partitioned.h:157:13) in function 'l1_neighbor_channel<false, 1, true>' completely with a factor of 8 (cora_graphsage_hls_test_bundle/build/cora_hls_bundle/hls/po2_qat_root_dynamic_const_weights_partitioned_h16/graphsage_po2_qat_partitioned.h:126:0)
INFO: [HLS 214-186] Unrolling loop 'L1_NEIGHBOR_CHANNEL_INPUT_LO' (cora_graphsage_hls_test_bundle/build/cora_hls_bundle/hls/po2_qat_root_dynamic_const_weights_partitioned_h16/graphsage_po2_qat_partitioned.h:136:13) in function 'l1_neighbor_channel<false, 1, true>' completely with a factor of 8 (cora_graphsage_hls_test_bundle/build/cora_hls_bundle/hls/po2_qat_root_dynamic_const_weights_partitioned_h16/graphsage_po2_qat_partitioned.h:126:0)
INFO: [HLS 214-186] Unrolling loop 'L1_NEIGHBOR_CHANNEL_NODE' (cora_graphsage_hls_test_bundle/build/cora_hls_bundle/hls/po2_qat_root_dynamic_const_weights_partitioned_h16/graphsage_po2_qat_partitioned.h:129:5) in function 'l1_neighbor_channel<false, 0, true>' completely with a factor of 8 (cora_graphsage_hls_test_bundle/build/cora_hls_bundle/hls/po2_qat_root_dynamic_const_weights_partitioned_h16/graphsage_po2_qat_partitioned.h:126:0)
INFO: [HLS 214-186] Unrolling loop 'L1_NEIGHBOR_CHANNEL_INPUT_HI' (cora_graphsage_hls_test_bundle/build/cora_hls_bundle/hls/po2_qat_root_dynamic_const_weights_partitioned_h16/graphsage_po2_qat_partitioned.h:157:13) in function 'l1_neighbor_channel<false, 0, true>' completely with a factor of 8 (cora_graphsage_hls_test_bundle/build/cora_hls_bundle/hls/po2_qat_root_dynamic_const_weights_partitioned_h16/graphsage_po2_qat_partitioned.h:126:0)
INFO: [HLS 214-186] Unrolling loop 'L1_NEIGHBOR_CHANNEL_INPUT_LO' (cora_graphsage_hls_test_bundle/build/cora_hls_bundle/hls/po2_qat_root_dynamic_const_weights_partitioned_h16/graphsage_po2_qat_partitioned.h:136:13) in function 'l1_neighbor_channel<false, 0, true>' completely with a factor of 8 (cora_graphsage_hls_test_bundle/build/cora_hls_bundle/hls/po2_qat_root_dynamic_const_weights_partitioned_h16/graphsage_po2_qat_partitioned.h:126:0)
INFO: [HLS 214-186] Unrolling loop 'L1_ROOT_CHANNEL_NODE' (cora_graphsage_hls_test_bundle/build/cora_hls_bundle/hls/po2_qat_root_dynamic_const_weights_partitioned_h16/graphsage_po2_qat_partitioned.h:42:5) in function 'l1_root_channel<false, 15, true>' completely with a factor of 8 (cora_graphsage_hls_test_bundle/build/cora_hls_bundle/hls/po2_qat_root_dynamic_const_weights_partitioned_h16/graphsage_po2_qat_partitioned.h:39:0)
INFO: [HLS 214-186] Unrolling loop 'L1_ROOT_CHANNEL_INPUT_HI' (cora_graphsage_hls_test_bundle/build/cora_hls_bundle/hls/po2_qat_root_dynamic_const_weights_partitioned_h16/graphsage_po2_qat_partitioned.h:70:13) in function 'l1_root_channel<false, 15, true>' completely with a factor of 8 (cora_graphsage_hls_test_bundle/build/cora_hls_bundle/hls/po2_qat_root_dynamic_const_weights_partitioned_h16/graphsage_po2_qat_partitioned.h:39:0)
INFO: [HLS 214-186] Unrolling loop 'L1_ROOT_CHANNEL_INPUT_LO' (cora_graphsage_hls_test_bundle/build/cora_hls_bundle/hls/po2_qat_root_dynamic_const_weights_partitioned_h16/graphsage_po2_qat_partitioned.h:49:13) in function 'l1_root_channel<false, 15, true>' completely with a factor of 8 (cora_graphsage_hls_test_bundle/build/cora_hls_bundle/hls/po2_qat_root_dynamic_const_weights_partitioned_h16/graphsage_po2_qat_partitioned.h:39:0)
INFO: [HLS 214-186] Unrolling loop 'L1_ROOT_CHANNEL_NODE' (cora_graphsage_hls_test_bundle/build/cora_hls_bundle/hls/po2_qat_root_dynamic_const_weights_partitioned_h16/graphsage_po2_qat_partitioned.h:42:5) in function 'l1_root_channel<false, 14, true>' completely with a factor of 8 (cora_graphsage_hls_test_bundle/build/cora_hls_bundle/hls/po2_qat_root_dynamic_const_weights_partitioned_h16/graphsage_po2_qat_partitioned.h:39:0)
INFO: [HLS 214-186] Unrolling loop 'L1_ROOT_CHANNEL_INPUT_HI' (cora_graphsage_hls_test_bundle/build/cora_hls_bundle/hls/po2_qat_root_dynamic_const_weights_partitioned_h16/graphsage_po2_qat_partitioned.h:70:13) in function 'l1_root_channel<false, 14, true>' completely with a factor of 8 (cora_graphsage_hls_test_bundle/build/cora_hls_bundle/hls/po2_qat_root_dynamic_const_weights_partitioned_h16/graphsage_po2_qat_partitioned.h:39:0)
INFO: [HLS 214-186] Unrolling loop 'L1_ROOT_CHANNEL_INPUT_LO' (cora_graphsage_hls_test_bundle/build/cora_hls_bundle/hls/po2_qat_root_dynamic_const_weights_partitioned_h16/graphsage_po2_qat_partitioned.h:49:13) in function 'l1_root_channel<false, 14, true>' completely with a factor of 8 (cora_graphsage_hls_test_bundle/build/cora_hls_bundle/hls/po2_qat_root_dynamic_const_weights_partitioned_h16/graphsage_po2_qat_partitioned.h:39:0)
INFO: [HLS 214-186] Unrolling loop 'L1_ROOT_CHANNEL_NODE' (cora_graphsage_hls_test_bundle/build/cora_hls_bundle/hls/po2_qat_root_dynamic_const_weights_partitioned_h16/graphsage_po2_qat_partitioned.h:42:5) in function 'l1_root_channel<false, 13, true>' completely with a factor of 8 (cora_graphsage_hls_test_bundle/build/cora_hls_bundle/hls/po2_qat_root_dynamic_const_weights_partitioned_h16/graphsage_po2_qat_partitioned.h:39:0)
INFO: [HLS 214-186] Unrolling loop 'L1_ROOT_CHANNEL_INPUT_HI' (cora_graphsage_hls_test_bundle/build/cora_hls_bundle/hls/po2_qat_root_dynamic_const_weights_partitioned_h16/graphsage_po2_qat_partitioned.h:70:13) in function 'l1_root_channel<false, 13, true>' completely with a factor of 8 (cora_graphsage_hls_test_bundle/build/cora_hls_bundle/hls/po2_qat_root_dynamic_const_weights_partitioned_h16/graphsage_po2_qat_partitioned.h:39:0)
INFO: [HLS 214-186] Unrolling loop 'L1_ROOT_CHANNEL_INPUT_LO' (cora_graphsage_hls_test_bundle/build/cora_hls_bundle/hls/po2_qat_root_dynamic_const_weights_partitioned_h16/graphsage_po2_qat_partitioned.h:49:13) in function 'l1_root_channel<false, 13, true>' completely with a factor of 8 (cora_graphsage_hls_test_bundle/build/cora_hls_bundle/hls/po2_qat_root_dynamic_const_weights_partitioned_h16/graphsage_po2_qat_partitioned.h:39:0)
INFO: [HLS 214-186] Unrolling loop 'L1_ROOT_CHANNEL_NODE' (cora_graphsage_hls_test_bundle/build/cora_hls_bundle/hls/po2_qat_root_dynamic_const_weights_partitioned_h16/graphsage_po2_qat_partitioned.h:42:5) in function 'l1_root_channel<false, 12, true>' completely with a factor of 8 (cora_graphsage_hls_test_bundle/build/cora_hls_bundle/hls/po2_qat_root_dynamic_const_weights_partitioned_h16/graphsage_po2_qat_partitioned.h:39:0)
INFO: [HLS 214-186] Unrolling loop 'L1_ROOT_CHANNEL_INPUT_HI' (cora_graphsage_hls_test_bundle/build/cora_hls_bundle/hls/po2_qat_root_dynamic_const_weights_partitioned_h16/graphsage_po2_qat_partitioned.h:70:13) in function 'l1_root_channel<false, 12, true>' completely with a factor of 8 (cora_graphsage_hls_test_bundle/build/cora_hls_bundle/hls/po2_qat_root_dynamic_const_weights_partitioned_h16/graphsage_po2_qat_partitioned.h:39:0)
INFO: [HLS 214-186] Unrolling loop 'L1_ROOT_CHANNEL_INPUT_LO' (cora_graphsage_hls_test_bundle/build/cora_hls_bundle/hls/po2_qat_root_dynamic_const_weights_partitioned_h16/graphsage_po2_qat_partitioned.h:49:13) in function 'l1_root_channel<false, 12, true>' completely with a factor of 8 (cora_graphsage_hls_test_bundle/build/cora_hls_bundle/hls/po2_qat_root_dynamic_const_weights_partitioned_h16/graphsage_po2_qat_partitioned.h:39:0)
INFO: [HLS 214-186] Unrolling loop 'L1_ROOT_CHANNEL_NODE' (cora_graphsage_hls_test_bundle/build/cora_hls_bundle/hls/po2_qat_root_dynamic_const_weights_partitioned_h16/graphsage_po2_qat_partitioned.h:42:5) in function 'l1_root_channel<false, 11, true>' completely with a factor of 8 (cora_graphsage_hls_test_bundle/build/cora_hls_bundle/hls/po2_qat_root_dynamic_const_weights_partitioned_h16/graphsage_po2_qat_partitioned.h:39:0)
INFO: [HLS 214-186] Unrolling loop 'L1_ROOT_CHANNEL_INPUT_HI' (cora_graphsage_hls_test_bundle/build/cora_hls_bundle/hls/po2_qat_root_dynamic_const_weights_partitioned_h16/graphsage_po2_qat_partitioned.h:70:13) in function 'l1_root_channel<false, 11, true>' completely with a factor of 8 (cora_graphsage_hls_test_bundle/build/cora_hls_bundle/hls/po2_qat_root_dynamic_const_weights_partitioned_h16/graphsage_po2_qat_partitioned.h:39:0)
INFO: [HLS 214-186] Unrolling loop 'L1_ROOT_CHANNEL_INPUT_LO' (cora_graphsage_hls_test_bundle/build/cora_hls_bundle/hls/po2_qat_root_dynamic_const_weights_partitioned_h16/graphsage_po2_qat_partitioned.h:49:13) in function 'l1_root_channel<false, 11, true>' completely with a factor of 8 (cora_graphsage_hls_test_bundle/build/cora_hls_bundle/hls/po2_qat_root_dynamic_const_weights_partitioned_h16/graphsage_po2_qat_partitioned.h:39:0)
INFO: [HLS 214-186] Unrolling loop 'L1_ROOT_CHANNEL_NODE' (cora_graphsage_hls_test_bundle/build/cora_hls_bundle/hls/po2_qat_root_dynamic_const_weights_partitioned_h16/graphsage_po2_qat_partitioned.h:42:5) in function 'l1_root_channel<false, 10, true>' completely with a factor of 8 (cora_graphsage_hls_test_bundle/build/cora_hls_bundle/hls/po2_qat_root_dynamic_const_weights_partitioned_h16/graphsage_po2_qat_partitioned.h:39:0)
INFO: [HLS 214-186] Unrolling loop 'L1_ROOT_CHANNEL_INPUT_HI' (cora_graphsage_hls_test_bundle/build/cora_hls_bundle/hls/po2_qat_root_dynamic_const_weights_partitioned_h16/graphsage_po2_qat_partitioned.h:70:13) in function 'l1_root_channel<false, 10, true>' completely with a factor of 8 (cora_graphsage_hls_test_bundle/build/cora_hls_bundle/hls/po2_qat_root_dynamic_const_weights_partitioned_h16/graphsage_po2_qat_partitioned.h:39:0)
INFO: [HLS 214-186] Unrolling loop 'L1_ROOT_CHANNEL_INPUT_LO' (cora_graphsage_hls_test_bundle/build/cora_hls_bundle/hls/po2_qat_root_dynamic_const_weights_partitioned_h16/graphsage_po2_qat_partitioned.h:49:13) in function 'l1_root_channel<false, 10, true>' completely with a factor of 8 (cora_graphsage_hls_test_bundle/build/cora_hls_bundle/hls/po2_qat_root_dynamic_const_weights_partitioned_h16/graphsage_po2_qat_partitioned.h:39:0)
INFO: [HLS 214-186] Unrolling loop 'L1_ROOT_CHANNEL_NODE' (cora_graphsage_hls_test_bundle/build/cora_hls_bundle/hls/po2_qat_root_dynamic_const_weights_partitioned_h16/graphsage_po2_qat_partitioned.h:42:5) in function 'l1_root_channel<false, 9, true>' completely with a factor of 8 (cora_graphsage_hls_test_bundle/build/cora_hls_bundle/hls/po2_qat_root_dynamic_const_weights_partitioned_h16/graphsage_po2_qat_partitioned.h:39:0)
INFO: [HLS 214-186] Unrolling loop 'L1_ROOT_CHANNEL_INPUT_HI' (cora_graphsage_hls_test_bundle/build/cora_hls_bundle/hls/po2_qat_root_dynamic_const_weights_partitioned_h16/graphsage_po2_qat_partitioned.h:70:13) in function 'l1_root_channel<false, 9, true>' completely with a factor of 8 (cora_graphsage_hls_test_bundle/build/cora_hls_bundle/hls/po2_qat_root_dynamic_const_weights_partitioned_h16/graphsage_po2_qat_partitioned.h:39:0)
INFO: [HLS 214-186] Unrolling loop 'L1_ROOT_CHANNEL_INPUT_LO' (cora_graphsage_hls_test_bundle/build/cora_hls_bundle/hls/po2_qat_root_dynamic_const_weights_partitioned_h16/graphsage_po2_qat_partitioned.h:49:13) in function 'l1_root_channel<false, 9, true>' completely with a factor of 8 (cora_graphsage_hls_test_bundle/build/cora_hls_bundle/hls/po2_qat_root_dynamic_const_weights_partitioned_h16/graphsage_po2_qat_partitioned.h:39:0)
INFO: [HLS 214-186] Unrolling loop 'L1_ROOT_CHANNEL_NODE' (cora_graphsage_hls_test_bundle/build/cora_hls_bundle/hls/po2_qat_root_dynamic_const_weights_partitioned_h16/graphsage_po2_qat_partitioned.h:42:5) in function 'l1_root_channel<false, 8, true>' completely with a factor of 8 (cora_graphsage_hls_test_bundle/build/cora_hls_bundle/hls/po2_qat_root_dynamic_const_weights_partitioned_h16/graphsage_po2_qat_partitioned.h:39:0)
INFO: [HLS 214-186] Unrolling loop 'L1_ROOT_CHANNEL_INPUT_HI' (cora_graphsage_hls_test_bundle/build/cora_hls_bundle/hls/po2_qat_root_dynamic_const_weights_partitioned_h16/graphsage_po2_qat_partitioned.h:70:13) in function 'l1_root_channel<false, 8, true>' completely with a factor of 8 (cora_graphsage_hls_test_bundle/build/cora_hls_bundle/hls/po2_qat_root_dynamic_const_weights_partitioned_h16/graphsage_po2_qat_partitioned.h:39:0)
INFO: [HLS 214-186] Unrolling loop 'L1_ROOT_CHANNEL_INPUT_LO' (cora_graphsage_hls_test_bundle/build/cora_hls_bundle/hls/po2_qat_root_dynamic_const_weights_partitioned_h16/graphsage_po2_qat_partitioned.h:49:13) in function 'l1_root_channel<false, 8, true>' completely with a factor of 8 (cora_graphsage_hls_test_bundle/build/cora_hls_bundle/hls/po2_qat_root_dynamic_const_weights_partitioned_h16/graphsage_po2_qat_partitioned.h:39:0)
INFO: [HLS 214-186] Unrolling loop 'L1_ROOT_CHANNEL_NODE' (cora_graphsage_hls_test_bundle/build/cora_hls_bundle/hls/po2_qat_root_dynamic_const_weights_partitioned_h16/graphsage_po2_qat_partitioned.h:42:5) in function 'l1_root_channel<false, 7, true>' completely with a factor of 8 (cora_graphsage_hls_test_bundle/build/cora_hls_bundle/hls/po2_qat_root_dynamic_const_weights_partitioned_h16/graphsage_po2_qat_partitioned.h:39:0)
INFO: [HLS 214-186] Unrolling loop 'L1_ROOT_CHANNEL_INPUT_HI' (cora_graphsage_hls_test_bundle/build/cora_hls_bundle/hls/po2_qat_root_dynamic_const_weights_partitioned_h16/graphsage_po2_qat_partitioned.h:70:13) in function 'l1_root_channel<false, 7, true>' completely with a factor of 8 (cora_graphsage_hls_test_bundle/build/cora_hls_bundle/hls/po2_qat_root_dynamic_const_weights_partitioned_h16/graphsage_po2_qat_partitioned.h:39:0)
INFO: [HLS 214-186] Unrolling loop 'L1_ROOT_CHANNEL_INPUT_LO' (cora_graphsage_hls_test_bundle/build/cora_hls_bundle/hls/po2_qat_root_dynamic_const_weights_partitioned_h16/graphsage_po2_qat_partitioned.h:49:13) in function 'l1_root_channel<false, 7, true>' completely with a factor of 8 (cora_graphsage_hls_test_bundle/build/cora_hls_bundle/hls/po2_qat_root_dynamic_const_weights_partitioned_h16/graphsage_po2_qat_partitioned.h:39:0)
INFO: [HLS 214-186] Unrolling loop 'L1_ROOT_CHANNEL_NODE' (cora_graphsage_hls_test_bundle/build/cora_hls_bundle/hls/po2_qat_root_dynamic_const_weights_partitioned_h16/graphsage_po2_qat_partitioned.h:42:5) in function 'l1_root_channel<false, 6, true>' completely with a factor of 8 (cora_graphsage_hls_test_bundle/build/cora_hls_bundle/hls/po2_qat_root_dynamic_const_weights_partitioned_h16/graphsage_po2_qat_partitioned.h:39:0)
INFO: [HLS 214-186] Unrolling loop 'L1_ROOT_CHANNEL_INPUT_HI' (cora_graphsage_hls_test_bundle/build/cora_hls_bundle/hls/po2_qat_root_dynamic_const_weights_partitioned_h16/graphsage_po2_qat_partitioned.h:70:13) in function 'l1_root_channel<false, 6, true>' completely with a factor of 8 (cora_graphsage_hls_test_bundle/build/cora_hls_bundle/hls/po2_qat_root_dynamic_const_weights_partitioned_h16/graphsage_po2_qat_partitioned.h:39:0)
INFO: [HLS 214-186] Unrolling loop 'L1_ROOT_CHANNEL_INPUT_LO' (cora_graphsage_hls_test_bundle/build/cora_hls_bundle/hls/po2_qat_root_dynamic_const_weights_partitioned_h16/graphsage_po2_qat_partitioned.h:49:13) in function 'l1_root_channel<false, 6, true>' completely with a factor of 8 (cora_graphsage_hls_test_bundle/build/cora_hls_bundle/hls/po2_qat_root_dynamic_const_weights_partitioned_h16/graphsage_po2_qat_partitioned.h:39:0)
INFO: [HLS 214-186] Unrolling loop 'L1_ROOT_CHANNEL_NODE' (cora_graphsage_hls_test_bundle/build/cora_hls_bundle/hls/po2_qat_root_dynamic_const_weights_partitioned_h16/graphsage_po2_qat_partitioned.h:42:5) in function 'l1_root_channel<false, 5, true>' completely with a factor of 8 (cora_graphsage_hls_test_bundle/build/cora_hls_bundle/hls/po2_qat_root_dynamic_const_weights_partitioned_h16/graphsage_po2_qat_partitioned.h:39:0)
INFO: [HLS 214-186] Unrolling loop 'L1_ROOT_CHANNEL_INPUT_HI' (cora_graphsage_hls_test_bundle/build/cora_hls_bundle/hls/po2_qat_root_dynamic_const_weights_partitioned_h16/graphsage_po2_qat_partitioned.h:70:13) in function 'l1_root_channel<false, 5, true>' completely with a factor of 8 (cora_graphsage_hls_test_bundle/build/cora_hls_bundle/hls/po2_qat_root_dynamic_const_weights_partitioned_h16/graphsage_po2_qat_partitioned.h:39:0)
INFO: [HLS 214-186] Unrolling loop 'L1_ROOT_CHANNEL_INPUT_LO' (cora_graphsage_hls_test_bundle/build/cora_hls_bundle/hls/po2_qat_root_dynamic_const_weights_partitioned_h16/graphsage_po2_qat_partitioned.h:49:13) in function 'l1_root_channel<false, 5, true>' completely with a factor of 8 (cora_graphsage_hls_test_bundle/build/cora_hls_bundle/hls/po2_qat_root_dynamic_const_weights_partitioned_h16/graphsage_po2_qat_partitioned.h:39:0)
INFO: [HLS 214-186] Unrolling loop 'L1_ROOT_CHANNEL_NODE' (cora_graphsage_hls_test_bundle/build/cora_hls_bundle/hls/po2_qat_root_dynamic_const_weights_partitioned_h16/graphsage_po2_qat_partitioned.h:42:5) in function 'l1_root_channel<false, 4, true>' completely with a factor of 8 (cora_graphsage_hls_test_bundle/build/cora_hls_bundle/hls/po2_qat_root_dynamic_const_weights_partitioned_h16/graphsage_po2_qat_partitioned.h:39:0)
INFO: [HLS 214-186] Unrolling loop 'L1_ROOT_CHANNEL_INPUT_HI' (cora_graphsage_hls_test_bundle/build/cora_hls_bundle/hls/po2_qat_root_dynamic_const_weights_partitioned_h16/graphsage_po2_qat_partitioned.h:70:13) in function 'l1_root_channel<false, 4, true>' completely with a factor of 8 (cora_graphsage_hls_test_bundle/build/cora_hls_bundle/hls/po2_qat_root_dynamic_const_weights_partitioned_h16/graphsage_po2_qat_partitioned.h:39:0)
INFO: [HLS 214-186] Unrolling loop 'L1_ROOT_CHANNEL_INPUT_LO' (cora_graphsage_hls_test_bundle/build/cora_hls_bundle/hls/po2_qat_root_dynamic_const_weights_partitioned_h16/graphsage_po2_qat_partitioned.h:49:13) in function 'l1_root_channel<false, 4, true>' completely with a factor of 8 (cora_graphsage_hls_test_bundle/build/cora_hls_bundle/hls/po2_qat_root_dynamic_const_weights_partitioned_h16/graphsage_po2_qat_partitioned.h:39:0)
INFO: [HLS 214-186] Unrolling loop 'L1_ROOT_CHANNEL_NODE' (cora_graphsage_hls_test_bundle/build/cora_hls_bundle/hls/po2_qat_root_dynamic_const_weights_partitioned_h16/graphsage_po2_qat_partitioned.h:42:5) in function 'l1_root_channel<false, 3, true>' completely with a factor of 8 (cora_graphsage_hls_test_bundle/build/cora_hls_bundle/hls/po2_qat_root_dynamic_const_weights_partitioned_h16/graphsage_po2_qat_partitioned.h:39:0)
INFO: [HLS 214-186] Unrolling loop 'L1_ROOT_CHANNEL_INPUT_HI' (cora_graphsage_hls_test_bundle/build/cora_hls_bundle/hls/po2_qat_root_dynamic_const_weights_partitioned_h16/graphsage_po2_qat_partitioned.h:70:13) in function 'l1_root_channel<false, 3, true>' completely with a factor of 8 (cora_graphsage_hls_test_bundle/build/cora_hls_bundle/hls/po2_qat_root_dynamic_const_weights_partitioned_h16/graphsage_po2_qat_partitioned.h:39:0)
INFO: [HLS 214-186] Unrolling loop 'L1_ROOT_CHANNEL_INPUT_LO' (cora_graphsage_hls_test_bundle/build/cora_hls_bundle/hls/po2_qat_root_dynamic_const_weights_partitioned_h16/graphsage_po2_qat_partitioned.h:49:13) in function 'l1_root_channel<false, 3, true>' completely with a factor of 8 (cora_graphsage_hls_test_bundle/build/cora_hls_bundle/hls/po2_qat_root_dynamic_const_weights_partitioned_h16/graphsage_po2_qat_partitioned.h:39:0)
INFO: [HLS 214-186] Unrolling loop 'L1_ROOT_CHANNEL_NODE' (cora_graphsage_hls_test_bundle/build/cora_hls_bundle/hls/po2_qat_root_dynamic_const_weights_partitioned_h16/graphsage_po2_qat_partitioned.h:42:5) in function 'l1_root_channel<false, 2, true>' completely with a factor of 8 (cora_graphsage_hls_test_bundle/build/cora_hls_bundle/hls/po2_qat_root_dynamic_const_weights_partitioned_h16/graphsage_po2_qat_partitioned.h:39:0)
INFO: [HLS 214-186] Unrolling loop 'L1_ROOT_CHANNEL_INPUT_HI' (cora_graphsage_hls_test_bundle/build/cora_hls_bundle/hls/po2_qat_root_dynamic_const_weights_partitioned_h16/graphsage_po2_qat_partitioned.h:70:13) in function 'l1_root_channel<false, 2, true>' completely with a factor of 8 (cora_graphsage_hls_test_bundle/build/cora_hls_bundle/hls/po2_qat_root_dynamic_const_weights_partitioned_h16/graphsage_po2_qat_partitioned.h:39:0)
INFO: [HLS 214-186] Unrolling loop 'L1_ROOT_CHANNEL_INPUT_LO' (cora_graphsage_hls_test_bundle/build/cora_hls_bundle/hls/po2_qat_root_dynamic_const_weights_partitioned_h16/graphsage_po2_qat_partitioned.h:49:13) in function 'l1_root_channel<false, 2, true>' completely with a factor of 8 (cora_graphsage_hls_test_bundle/build/cora_hls_bundle/hls/po2_qat_root_dynamic_const_weights_partitioned_h16/graphsage_po2_qat_partitioned.h:39:0)
INFO: [HLS 214-186] Unrolling loop 'L1_ROOT_CHANNEL_NODE' (cora_graphsage_hls_test_bundle/build/cora_hls_bundle/hls/po2_qat_root_dynamic_const_weights_partitioned_h16/graphsage_po2_qat_partitioned.h:42:5) in function 'l1_root_channel<false, 1, true>' completely with a factor of 8 (cora_graphsage_hls_test_bundle/build/cora_hls_bundle/hls/po2_qat_root_dynamic_const_weights_partitioned_h16/graphsage_po2_qat_partitioned.h:39:0)
INFO: [HLS 214-186] Unrolling loop 'L1_ROOT_CHANNEL_INPUT_HI' (cora_graphsage_hls_test_bundle/build/cora_hls_bundle/hls/po2_qat_root_dynamic_const_weights_partitioned_h16/graphsage_po2_qat_partitioned.h:70:13) in function 'l1_root_channel<false, 1, true>' completely with a factor of 8 (cora_graphsage_hls_test_bundle/build/cora_hls_bundle/hls/po2_qat_root_dynamic_const_weights_partitioned_h16/graphsage_po2_qat_partitioned.h:39:0)
INFO: [HLS 214-186] Unrolling loop 'L1_ROOT_CHANNEL_INPUT_LO' (cora_graphsage_hls_test_bundle/build/cora_hls_bundle/hls/po2_qat_root_dynamic_const_weights_partitioned_h16/graphsage_po2_qat_partitioned.h:49:13) in function 'l1_root_channel<false, 1, true>' completely with a factor of 8 (cora_graphsage_hls_test_bundle/build/cora_hls_bundle/hls/po2_qat_root_dynamic_const_weights_partitioned_h16/graphsage_po2_qat_partitioned.h:39:0)
INFO: [HLS 214-186] Unrolling loop 'L1_ROOT_CHANNEL_NODE' (cora_graphsage_hls_test_bundle/build/cora_hls_bundle/hls/po2_qat_root_dynamic_const_weights_partitioned_h16/graphsage_po2_qat_partitioned.h:42:5) in function 'l1_root_channel<false, 0, true>' completely with a factor of 8 (cora_graphsage_hls_test_bundle/build/cora_hls_bundle/hls/po2_qat_root_dynamic_const_weights_partitioned_h16/graphsage_po2_qat_partitioned.h:39:0)
INFO: [HLS 214-186] Unrolling loop 'L1_ROOT_CHANNEL_INPUT_HI' (cora_graphsage_hls_test_bundle/build/cora_hls_bundle/hls/po2_qat_root_dynamic_const_weights_partitioned_h16/graphsage_po2_qat_partitioned.h:70:13) in function 'l1_root_channel<false, 0, true>' completely with a factor of 8 (cora_graphsage_hls_test_bundle/build/cora_hls_bundle/hls/po2_qat_root_dynamic_const_weights_partitioned_h16/graphsage_po2_qat_partitioned.h:39:0)
INFO: [HLS 214-186] Unrolling loop 'L1_ROOT_CHANNEL_INPUT_LO' (cora_graphsage_hls_test_bundle/build/cora_hls_bundle/hls/po2_qat_root_dynamic_const_weights_partitioned_h16/graphsage_po2_qat_partitioned.h:49:13) in function 'l1_root_channel<false, 0, true>' completely with a factor of 8 (cora_graphsage_hls_test_bundle/build/cora_hls_bundle/hls/po2_qat_root_dynamic_const_weights_partitioned_h16/graphsage_po2_qat_partitioned.h:39:0)
INFO: [HLS 214-248] Applying array_partition to 'aggregate1': Complete partitioning on dimension 1. Complete partitioning on dimension 2. (hls/cora_graphsage_hls_test_bundle/build/cora_hls_bundle/hls/po2_qat_root_dynamic_const_weights_partitioned_h16/graphsage_po2_qat_partitioned.cpp:25:12)
INFO: [HLS 214-248] Applying array_partition to 'hidden': Complete partitioning on dimension 1. Complete partitioning on dimension 2. (hls/cora_graphsage_hls_test_bundle/build/cora_hls_bundle/hls/po2_qat_root_dynamic_const_weights_partitioned_h16/graphsage_po2_qat_partitioned.cpp:26:12)
INFO: [HLS 214-248] Applying array_partition to 'aggregate2': Complete partitioning on dimension 1. Complete partitioning on dimension 2. (hls/cora_graphsage_hls_test_bundle/build/cora_hls_bundle/hls/po2_qat_root_dynamic_const_weights_partitioned_h16/graphsage_po2_qat_partitioned.cpp:27:12)
INFO: [HLS 214-248] Applying array_partition to 'root_output1': Complete partitioning on dimension 1. Complete partitioning on dimension 2. (hls/cora_graphsage_hls_test_bundle/build/cora_hls_bundle/hls/po2_qat_root_dynamic_const_weights_partitioned_h16/graphsage_po2_qat_partitioned.cpp:28:12)
INFO: [HLS 214-248] Applying array_partition to 'neighbor_output1': Complete partitioning on dimension 1. Complete partitioning on dimension 2. (hls/cora_graphsage_hls_test_bundle/build/cora_hls_bundle/hls/po2_qat_root_dynamic_const_weights_partitioned_h16/graphsage_po2_qat_partitioned.cpp:29:12)
INFO: [HLS 214-248] Applying array_partition to 'root_output': Complete partitioning on dimension 1. Complete partitioning on dimension 2. (hls/cora_graphsage_hls_test_bundle/build/cora_hls_bundle/hls/po2_qat_root_dynamic_const_weights_partitioned_h16/graphsage_po2_qat_partitioned.cpp:30:12)
INFO: [HLS 214-248] Applying array_partition to 'neighbor_output': Complete partitioning on dimension 1. Complete partitioning on dimension 2. (hls/cora_graphsage_hls_test_bundle/build/cora_hls_bundle/hls/po2_qat_root_dynamic_const_weights_partitioned_h16/graphsage_po2_qat_partitioned.cpp:31:12)
INFO: [HLS 214-248] Applying array_partition to 'input': Complete partitioning on dimension 1. Complete partitioning on dimension 2. (hls/cora_graphsage_hls_test_bundle/build/cora_hls_bundle/hls/po2_qat_root_dynamic_const_weights_partitioned_h16/graphsage_po2_qat_partitioned.cpp:7:0)
INFO: [HLS 214-248] Applying array_partition to 'edge_masks': Complete partitioning on dimension 1. (hls/cora_graphsage_hls_test_bundle/build/cora_hls_bundle/hls/po2_qat_root_dynamic_const_weights_partitioned_h16/graphsage_po2_qat_partitioned.cpp:7:0)
INFO: [HLS 214-248] Applying array_partition to 'output': Complete partitioning on dimension 1. Complete partitioning on dimension 2. (hls/cora_graphsage_hls_test_bundle/build/cora_hls_bundle/hls/po2_qat_root_dynamic_const_weights_partitioned_h16/graphsage_po2_qat_partitioned.cpp:7:0)
INFO: [HLS 214-241] Aggregating scalar variable 'output_7_6' with compact=bit mode in 8-bits (hls/cora_graphsage_hls_test_bundle/build/cora_hls_bundle/hls/po2_qat_root_dynamic_const_weights_partitioned_h16/graphsage_po2_qat_partitioned.cpp:7:0)
INFO: [HLS 214-241] Aggregating scalar variable 'output_7_5' with compact=bit mode in 8-bits (hls/cora_graphsage_hls_test_bundle/build/cora_hls_bundle/hls/po2_qat_root_dynamic_const_weights_partitioned_h16/graphsage_po2_qat_partitioned.cpp:7:0)
INFO: [HLS 214-241] Aggregating scalar variable 'output_7_4' with compact=bit mode in 8-bits (hls/cora_graphsage_hls_test_bundle/build/cora_hls_bundle/hls/po2_qat_root_dynamic_const_weights_partitioned_h16/graphsage_po2_qat_partitioned.cpp:7:0)
INFO: [HLS 214-241] Aggregating scalar variable 'output_7_3' with compact=bit mode in 8-bits (hls/cora_graphsage_hls_test_bundle/build/cora_hls_bundle/hls/po2_qat_root_dynamic_const_weights_partitioned_h16/graphsage_po2_qat_partitioned.cpp:7:0)
INFO: [HLS 214-241] Aggregating scalar variable 'output_7_2' with compact=bit mode in 8-bits (hls/cora_graphsage_hls_test_bundle/build/cora_hls_bundle/hls/po2_qat_root_dynamic_const_weights_partitioned_h16/graphsage_po2_qat_partitioned.cpp:7:0)
INFO: [HLS 214-241] Aggregating scalar variable 'output_7_1' with compact=bit mode in 8-bits (hls/cora_graphsage_hls_test_bundle/build/cora_hls_bundle/hls/po2_qat_root_dynamic_const_weights_partitioned_h16/graphsage_po2_qat_partitioned.cpp:7:0)
INFO: [HLS 214-241] Aggregating scalar variable 'output_7_0' with compact=bit mode in 8-bits (hls/cora_graphsage_hls_test_bundle/build/cora_hls_bundle/hls/po2_qat_root_dynamic_const_weights_partitioned_h16/graphsage_po2_qat_partitioned.cpp:7:0)
INFO: [HLS 214-241] Aggregating scalar variable 'output_6_6' with compact=bit mode in 8-bits (hls/cora_graphsage_hls_test_bundle/build/cora_hls_bundle/hls/po2_qat_root_dynamic_const_weights_partitioned_h16/graphsage_po2_qat_partitioned.cpp:7:0)
INFO: [HLS 214-241] Aggregating scalar variable 'output_6_5' with compact=bit mode in 8-bits (hls/cora_graphsage_hls_test_bundle/build/cora_hls_bundle/hls/po2_qat_root_dynamic_const_weights_partitioned_h16/graphsage_po2_qat_partitioned.cpp:7:0)
INFO: [HLS 214-241] Aggregating scalar variable 'output_6_4' with compact=bit mode in 8-bits (hls/cora_graphsage_hls_test_bundle/build/cora_hls_bundle/hls/po2_qat_root_dynamic_const_weights_partitioned_h16/graphsage_po2_qat_partitioned.cpp:7:0)
INFO: [HLS 214-241] Aggregating scalar variable 'output_6_3' with compact=bit mode in 8-bits (hls/cora_graphsage_hls_test_bundle/build/cora_hls_bundle/hls/po2_qat_root_dynamic_const_weights_partitioned_h16/graphsage_po2_qat_partitioned.cpp:7:0)
INFO: [HLS 214-241] Aggregating scalar variable 'output_6_2' with compact=bit mode in 8-bits (hls/cora_graphsage_hls_test_bundle/build/cora_hls_bundle/hls/po2_qat_root_dynamic_const_weights_partitioned_h16/graphsage_po2_qat_partitioned.cpp:7:0)
INFO: [HLS 214-241] Aggregating scalar variable 'output_6_1' with compact=bit mode in 8-bits (hls/cora_graphsage_hls_test_bundle/build/cora_hls_bundle/hls/po2_qat_root_dynamic_const_weights_partitioned_h16/graphsage_po2_qat_partitioned.cpp:7:0)
INFO: [HLS 214-241] Aggregating scalar variable 'output_6_0' with compact=bit mode in 8-bits (hls/cora_graphsage_hls_test_bundle/build/cora_hls_bundle/hls/po2_qat_root_dynamic_const_weights_partitioned_h16/graphsage_po2_qat_partitioned.cpp:7:0)
INFO: [HLS 214-241] Aggregating scalar variable 'output_5_6' with compact=bit mode in 8-bits (hls/cora_graphsage_hls_test_bundle/build/cora_hls_bundle/hls/po2_qat_root_dynamic_const_weights_partitioned_h16/graphsage_po2_qat_partitioned.cpp:7:0)
INFO: [HLS 214-241] Aggregating scalar variable 'output_5_5' with compact=bit mode in 8-bits (hls/cora_graphsage_hls_test_bundle/build/cora_hls_bundle/hls/po2_qat_root_dynamic_const_weights_partitioned_h16/graphsage_po2_qat_partitioned.cpp:7:0)
INFO: [HLS 214-241] Aggregating scalar variable 'output_5_4' with compact=bit mode in 8-bits (hls/cora_graphsage_hls_test_bundle/build/cora_hls_bundle/hls/po2_qat_root_dynamic_const_weights_partitioned_h16/graphsage_po2_qat_partitioned.cpp:7:0)
INFO: [HLS 214-241] Aggregating scalar variable 'output_5_3' with compact=bit mode in 8-bits (hls/cora_graphsage_hls_test_bundle/build/cora_hls_bundle/hls/po2_qat_root_dynamic_const_weights_partitioned_h16/graphsage_po2_qat_partitioned.cpp:7:0)
INFO: [HLS 214-241] Aggregating scalar variable 'output_5_2' with compact=bit mode in 8-bits (hls/cora_graphsage_hls_test_bundle/build/cora_hls_bundle/hls/po2_qat_root_dynamic_const_weights_partitioned_h16/graphsage_po2_qat_partitioned.cpp:7:0)
INFO: [HLS 214-241] Aggregating scalar variable 'output_5_1' with compact=bit mode in 8-bits (hls/cora_graphsage_hls_test_bundle/build/cora_hls_bundle/hls/po2_qat_root_dynamic_const_weights_partitioned_h16/graphsage_po2_qat_partitioned.cpp:7:0)
INFO: [HLS 214-241] Aggregating scalar variable 'output_5_0' with compact=bit mode in 8-bits (hls/cora_graphsage_hls_test_bundle/build/cora_hls_bundle/hls/po2_qat_root_dynamic_const_weights_partitioned_h16/graphsage_po2_qat_partitioned.cpp:7:0)
INFO: [HLS 214-241] Aggregating scalar variable 'output_4_6' with compact=bit mode in 8-bits (hls/cora_graphsage_hls_test_bundle/build/cora_hls_bundle/hls/po2_qat_root_dynamic_const_weights_partitioned_h16/graphsage_po2_qat_partitioned.cpp:7:0)
INFO: [HLS 214-241] Aggregating scalar variable 'output_4_5' with compact=bit mode in 8-bits (hls/cora_graphsage_hls_test_bundle/build/cora_hls_bundle/hls/po2_qat_root_dynamic_const_weights_partitioned_h16/graphsage_po2_qat_partitioned.cpp:7:0)
INFO: [HLS 214-241] Aggregating scalar variable 'output_4_4' with compact=bit mode in 8-bits (hls/cora_graphsage_hls_test_bundle/build/cora_hls_bundle/hls/po2_qat_root_dynamic_const_weights_partitioned_h16/graphsage_po2_qat_partitioned.cpp:7:0)
INFO: [HLS 214-241] Aggregating scalar variable 'output_4_3' with compact=bit mode in 8-bits (hls/cora_graphsage_hls_test_bundle/build/cora_hls_bundle/hls/po2_qat_root_dynamic_const_weights_partitioned_h16/graphsage_po2_qat_partitioned.cpp:7:0)
INFO: [HLS 214-241] Aggregating scalar variable 'output_4_2' with compact=bit mode in 8-bits (hls/cora_graphsage_hls_test_bundle/build/cora_hls_bundle/hls/po2_qat_root_dynamic_const_weights_partitioned_h16/graphsage_po2_qat_partitioned.cpp:7:0)
INFO: [HLS 214-241] Aggregating scalar variable 'output_4_1' with compact=bit mode in 8-bits (hls/cora_graphsage_hls_test_bundle/build/cora_hls_bundle/hls/po2_qat_root_dynamic_const_weights_partitioned_h16/graphsage_po2_qat_partitioned.cpp:7:0)
INFO: [HLS 214-241] Aggregating scalar variable 'output_4_0' with compact=bit mode in 8-bits (hls/cora_graphsage_hls_test_bundle/build/cora_hls_bundle/hls/po2_qat_root_dynamic_const_weights_partitioned_h16/graphsage_po2_qat_partitioned.cpp:7:0)
INFO: [HLS 214-241] Aggregating scalar variable 'output_3_6' with compact=bit mode in 8-bits (hls/cora_graphsage_hls_test_bundle/build/cora_hls_bundle/hls/po2_qat_root_dynamic_const_weights_partitioned_h16/graphsage_po2_qat_partitioned.cpp:7:0)
INFO: [HLS 214-241] Aggregating scalar variable 'output_3_5' with compact=bit mode in 8-bits (hls/cora_graphsage_hls_test_bundle/build/cora_hls_bundle/hls/po2_qat_root_dynamic_const_weights_partitioned_h16/graphsage_po2_qat_partitioned.cpp:7:0)
INFO: [HLS 214-241] Aggregating scalar variable 'output_3_4' with compact=bit mode in 8-bits (hls/cora_graphsage_hls_test_bundle/build/cora_hls_bundle/hls/po2_qat_root_dynamic_const_weights_partitioned_h16/graphsage_po2_qat_partitioned.cpp:7:0)
INFO: [HLS 214-241] Aggregating scalar variable 'output_3_3' with compact=bit mode in 8-bits (hls/cora_graphsage_hls_test_bundle/build/cora_hls_bundle/hls/po2_qat_root_dynamic_const_weights_partitioned_h16/graphsage_po2_qat_partitioned.cpp:7:0)
INFO: [HLS 214-241] Aggregating scalar variable 'output_3_2' with compact=bit mode in 8-bits (hls/cora_graphsage_hls_test_bundle/build/cora_hls_bundle/hls/po2_qat_root_dynamic_const_weights_partitioned_h16/graphsage_po2_qat_partitioned.cpp:7:0)
INFO: [HLS 214-241] Aggregating scalar variable 'output_3_1' with compact=bit mode in 8-bits (hls/cora_graphsage_hls_test_bundle/build/cora_hls_bundle/hls/po2_qat_root_dynamic_const_weights_partitioned_h16/graphsage_po2_qat_partitioned.cpp:7:0)
INFO: [HLS 214-241] Aggregating scalar variable 'output_3_0' with compact=bit mode in 8-bits (hls/cora_graphsage_hls_test_bundle/build/cora_hls_bundle/hls/po2_qat_root_dynamic_const_weights_partitioned_h16/graphsage_po2_qat_partitioned.cpp:7:0)
INFO: [HLS 214-241] Aggregating scalar variable 'output_2_6' with compact=bit mode in 8-bits (hls/cora_graphsage_hls_test_bundle/build/cora_hls_bundle/hls/po2_qat_root_dynamic_const_weights_partitioned_h16/graphsage_po2_qat_partitioned.cpp:7:0)
INFO: [HLS 214-241] Aggregating scalar variable 'output_2_5' with compact=bit mode in 8-bits (hls/cora_graphsage_hls_test_bundle/build/cora_hls_bundle/hls/po2_qat_root_dynamic_const_weights_partitioned_h16/graphsage_po2_qat_partitioned.cpp:7:0)
INFO: [HLS 214-241] Aggregating scalar variable 'output_2_4' with compact=bit mode in 8-bits (hls/cora_graphsage_hls_test_bundle/build/cora_hls_bundle/hls/po2_qat_root_dynamic_const_weights_partitioned_h16/graphsage_po2_qat_partitioned.cpp:7:0)
INFO: [HLS 214-241] Aggregating scalar variable 'output_2_3' with compact=bit mode in 8-bits (hls/cora_graphsage_hls_test_bundle/build/cora_hls_bundle/hls/po2_qat_root_dynamic_const_weights_partitioned_h16/graphsage_po2_qat_partitioned.cpp:7:0)
INFO: [HLS 214-241] Aggregating scalar variable 'output_2_2' with compact=bit mode in 8-bits (hls/cora_graphsage_hls_test_bundle/build/cora_hls_bundle/hls/po2_qat_root_dynamic_const_weights_partitioned_h16/graphsage_po2_qat_partitioned.cpp:7:0)
INFO: [HLS 214-241] Aggregating scalar variable 'output_2_1' with compact=bit mode in 8-bits (hls/cora_graphsage_hls_test_bundle/build/cora_hls_bundle/hls/po2_qat_root_dynamic_const_weights_partitioned_h16/graphsage_po2_qat_partitioned.cpp:7:0)
INFO: [HLS 214-241] Aggregating scalar variable 'output_2_0' with compact=bit mode in 8-bits (hls/cora_graphsage_hls_test_bundle/build/cora_hls_bundle/hls/po2_qat_root_dynamic_const_weights_partitioned_h16/graphsage_po2_qat_partitioned.cpp:7:0)
INFO: [HLS 214-241] Aggregating scalar variable 'output_1_6' with compact=bit mode in 8-bits (hls/cora_graphsage_hls_test_bundle/build/cora_hls_bundle/hls/po2_qat_root_dynamic_const_weights_partitioned_h16/graphsage_po2_qat_partitioned.cpp:7:0)
INFO: [HLS 214-241] Aggregating scalar variable 'output_1_5' with compact=bit mode in 8-bits (hls/cora_graphsage_hls_test_bundle/build/cora_hls_bundle/hls/po2_qat_root_dynamic_const_weights_partitioned_h16/graphsage_po2_qat_partitioned.cpp:7:0)
INFO: [HLS 214-241] Aggregating scalar variable 'output_1_4' with compact=bit mode in 8-bits (hls/cora_graphsage_hls_test_bundle/build/cora_hls_bundle/hls/po2_qat_root_dynamic_const_weights_partitioned_h16/graphsage_po2_qat_partitioned.cpp:7:0)
INFO: [HLS 214-241] Aggregating scalar variable 'output_1_3' with compact=bit mode in 8-bits (hls/cora_graphsage_hls_test_bundle/build/cora_hls_bundle/hls/po2_qat_root_dynamic_const_weights_partitioned_h16/graphsage_po2_qat_partitioned.cpp:7:0)
INFO: [HLS 214-241] Aggregating scalar variable 'output_1_2' with compact=bit mode in 8-bits (hls/cora_graphsage_hls_test_bundle/build/cora_hls_bundle/hls/po2_qat_root_dynamic_const_weights_partitioned_h16/graphsage_po2_qat_partitioned.cpp:7:0)
INFO: [HLS 214-241] Aggregating scalar variable 'output_1_1' with compact=bit mode in 8-bits (hls/cora_graphsage_hls_test_bundle/build/cora_hls_bundle/hls/po2_qat_root_dynamic_const_weights_partitioned_h16/graphsage_po2_qat_partitioned.cpp:7:0)
INFO: [HLS 214-241] Aggregating scalar variable 'output_1_0' with compact=bit mode in 8-bits (hls/cora_graphsage_hls_test_bundle/build/cora_hls_bundle/hls/po2_qat_root_dynamic_const_weights_partitioned_h16/graphsage_po2_qat_partitioned.cpp:7:0)
INFO: [HLS 214-241] Aggregating scalar variable 'output_0_6' with compact=bit mode in 8-bits (hls/cora_graphsage_hls_test_bundle/build/cora_hls_bundle/hls/po2_qat_root_dynamic_const_weights_partitioned_h16/graphsage_po2_qat_partitioned.cpp:7:0)
INFO: [HLS 214-241] Aggregating scalar variable 'output_0_5' with compact=bit mode in 8-bits (hls/cora_graphsage_hls_test_bundle/build/cora_hls_bundle/hls/po2_qat_root_dynamic_const_weights_partitioned_h16/graphsage_po2_qat_partitioned.cpp:7:0)
INFO: [HLS 214-241] Aggregating scalar variable 'output_0_4' with compact=bit mode in 8-bits (hls/cora_graphsage_hls_test_bundle/build/cora_hls_bundle/hls/po2_qat_root_dynamic_const_weights_partitioned_h16/graphsage_po2_qat_partitioned.cpp:7:0)
INFO: [HLS 214-241] Aggregating scalar variable 'output_0_3' with compact=bit mode in 8-bits (hls/cora_graphsage_hls_test_bundle/build/cora_hls_bundle/hls/po2_qat_root_dynamic_const_weights_partitioned_h16/graphsage_po2_qat_partitioned.cpp:7:0)
INFO: [HLS 214-241] Aggregating scalar variable 'output_0_2' with compact=bit mode in 8-bits (hls/cora_graphsage_hls_test_bundle/build/cora_hls_bundle/hls/po2_qat_root_dynamic_const_weights_partitioned_h16/graphsage_po2_qat_partitioned.cpp:7:0)
INFO: [HLS 214-241] Aggregating scalar variable 'output_0_1' with compact=bit mode in 8-bits (hls/cora_graphsage_hls_test_bundle/build/cora_hls_bundle/hls/po2_qat_root_dynamic_const_weights_partitioned_h16/graphsage_po2_qat_partitioned.cpp:7:0)
INFO: [HLS 214-241] Aggregating scalar variable 'output_0_0' with compact=bit mode in 8-bits (hls/cora_graphsage_hls_test_bundle/build/cora_hls_bundle/hls/po2_qat_root_dynamic_const_weights_partitioned_h16/graphsage_po2_qat_partitioned.cpp:7:0)
INFO: [HLS 214-241] Aggregating scalar variable 'input_7_15' with compact=bit mode in 8-bits (hls/cora_graphsage_hls_test_bundle/build/cora_hls_bundle/hls/po2_qat_root_dynamic_const_weights_partitioned_h16/graphsage_po2_qat_partitioned.cpp:7:0)
INFO: [HLS 214-241] Aggregating scalar variable 'input_7_14' with compact=bit mode in 8-bits (hls/cora_graphsage_hls_test_bundle/build/cora_hls_bundle/hls/po2_qat_root_dynamic_const_weights_partitioned_h16/graphsage_po2_qat_partitioned.cpp:7:0)
INFO: [HLS 214-241] Aggregating scalar variable 'input_7_13' with compact=bit mode in 8-bits (hls/cora_graphsage_hls_test_bundle/build/cora_hls_bundle/hls/po2_qat_root_dynamic_const_weights_partitioned_h16/graphsage_po2_qat_partitioned.cpp:7:0)
INFO: [HLS 214-241] Aggregating scalar variable 'input_7_12' with compact=bit mode in 8-bits (hls/cora_graphsage_hls_test_bundle/build/cora_hls_bundle/hls/po2_qat_root_dynamic_const_weights_partitioned_h16/graphsage_po2_qat_partitioned.cpp:7:0)
INFO: [HLS 214-241] Aggregating scalar variable 'input_7_11' with compact=bit mode in 8-bits (hls/cora_graphsage_hls_test_bundle/build/cora_hls_bundle/hls/po2_qat_root_dynamic_const_weights_partitioned_h16/graphsage_po2_qat_partitioned.cpp:7:0)
INFO: [HLS 214-241] Aggregating scalar variable 'input_7_10' with compact=bit mode in 8-bits (hls/cora_graphsage_hls_test_bundle/build/cora_hls_bundle/hls/po2_qat_root_dynamic_const_weights_partitioned_h16/graphsage_po2_qat_partitioned.cpp:7:0)
INFO: [HLS 214-241] Aggregating scalar variable 'input_7_9' with compact=bit mode in 8-bits (hls/cora_graphsage_hls_test_bundle/build/cora_hls_bundle/hls/po2_qat_root_dynamic_const_weights_partitioned_h16/graphsage_po2_qat_partitioned.cpp:7:0)
INFO: [HLS 214-241] Aggregating scalar variable 'input_7_8' with compact=bit mode in 8-bits (hls/cora_graphsage_hls_test_bundle/build/cora_hls_bundle/hls/po2_qat_root_dynamic_const_weights_partitioned_h16/graphsage_po2_qat_partitioned.cpp:7:0)
INFO: [HLS 214-241] Aggregating scalar variable 'input_7_7' with compact=bit mode in 8-bits (hls/cora_graphsage_hls_test_bundle/build/cora_hls_bundle/hls/po2_qat_root_dynamic_const_weights_partitioned_h16/graphsage_po2_qat_partitioned.cpp:7:0)
INFO: [HLS 214-241] Aggregating scalar variable 'input_7_6' with compact=bit mode in 8-bits (hls/cora_graphsage_hls_test_bundle/build/cora_hls_bundle/hls/po2_qat_root_dynamic_const_weights_partitioned_h16/graphsage_po2_qat_partitioned.cpp:7:0)
INFO: [HLS 214-241] Aggregating scalar variable 'input_7_5' with compact=bit mode in 8-bits (hls/cora_graphsage_hls_test_bundle/build/cora_hls_bundle/hls/po2_qat_root_dynamic_const_weights_partitioned_h16/graphsage_po2_qat_partitioned.cpp:7:0)
INFO: [HLS 214-241] Aggregating scalar variable 'input_7_4' with compact=bit mode in 8-bits (hls/cora_graphsage_hls_test_bundle/build/cora_hls_bundle/hls/po2_qat_root_dynamic_const_weights_partitioned_h16/graphsage_po2_qat_partitioned.cpp:7:0)
INFO: [HLS 214-241] Aggregating scalar variable 'input_7_3' with compact=bit mode in 8-bits (hls/cora_graphsage_hls_test_bundle/build/cora_hls_bundle/hls/po2_qat_root_dynamic_const_weights_partitioned_h16/graphsage_po2_qat_partitioned.cpp:7:0)
INFO: [HLS 214-241] Aggregating scalar variable 'input_7_2' with compact=bit mode in 8-bits (hls/cora_graphsage_hls_test_bundle/build/cora_hls_bundle/hls/po2_qat_root_dynamic_const_weights_partitioned_h16/graphsage_po2_qat_partitioned.cpp:7:0)
INFO: [HLS 214-241] Aggregating scalar variable 'input_7_1' with compact=bit mode in 8-bits (hls/cora_graphsage_hls_test_bundle/build/cora_hls_bundle/hls/po2_qat_root_dynamic_const_weights_partitioned_h16/graphsage_po2_qat_partitioned.cpp:7:0)
INFO: [HLS 214-241] Aggregating scalar variable 'input_7_0' with compact=bit mode in 8-bits (hls/cora_graphsage_hls_test_bundle/build/cora_hls_bundle/hls/po2_qat_root_dynamic_const_weights_partitioned_h16/graphsage_po2_qat_partitioned.cpp:7:0)
INFO: [HLS 214-241] Aggregating scalar variable 'input_6_15' with compact=bit mode in 8-bits (hls/cora_graphsage_hls_test_bundle/build/cora_hls_bundle/hls/po2_qat_root_dynamic_const_weights_partitioned_h16/graphsage_po2_qat_partitioned.cpp:7:0)
INFO: [HLS 214-241] Aggregating scalar variable 'input_6_14' with compact=bit mode in 8-bits (hls/cora_graphsage_hls_test_bundle/build/cora_hls_bundle/hls/po2_qat_root_dynamic_const_weights_partitioned_h16/graphsage_po2_qat_partitioned.cpp:7:0)
INFO: [HLS 214-241] Aggregating scalar variable 'input_6_13' with compact=bit mode in 8-bits (hls/cora_graphsage_hls_test_bundle/build/cora_hls_bundle/hls/po2_qat_root_dynamic_const_weights_partitioned_h16/graphsage_po2_qat_partitioned.cpp:7:0)
INFO: [HLS 214-241] Aggregating scalar variable 'input_6_12' with compact=bit mode in 8-bits (hls/cora_graphsage_hls_test_bundle/build/cora_hls_bundle/hls/po2_qat_root_dynamic_const_weights_partitioned_h16/graphsage_po2_qat_partitioned.cpp:7:0)
INFO: [HLS 214-241] Aggregating scalar variable 'input_6_11' with compact=bit mode in 8-bits (hls/cora_graphsage_hls_test_bundle/build/cora_hls_bundle/hls/po2_qat_root_dynamic_const_weights_partitioned_h16/graphsage_po2_qat_partitioned.cpp:7:0)
INFO: [HLS 214-241] Aggregating scalar variable 'input_6_10' with compact=bit mode in 8-bits (hls/cora_graphsage_hls_test_bundle/build/cora_hls_bundle/hls/po2_qat_root_dynamic_const_weights_partitioned_h16/graphsage_po2_qat_partitioned.cpp:7:0)
INFO: [HLS 214-241] Aggregating scalar variable 'input_6_9' with compact=bit mode in 8-bits (hls/cora_graphsage_hls_test_bundle/build/cora_hls_bundle/hls/po2_qat_root_dynamic_const_weights_partitioned_h16/graphsage_po2_qat_partitioned.cpp:7:0)
INFO: [HLS 214-241] Aggregating scalar variable 'input_6_8' with compact=bit mode in 8-bits (hls/cora_graphsage_hls_test_bundle/build/cora_hls_bundle/hls/po2_qat_root_dynamic_const_weights_partitioned_h16/graphsage_po2_qat_partitioned.cpp:7:0)
INFO: [HLS 214-241] Aggregating scalar variable 'input_6_7' with compact=bit mode in 8-bits (hls/cora_graphsage_hls_test_bundle/build/cora_hls_bundle/hls/po2_qat_root_dynamic_const_weights_partitioned_h16/graphsage_po2_qat_partitioned.cpp:7:0)
INFO: [HLS 214-241] Aggregating scalar variable 'input_6_6' with compact=bit mode in 8-bits (hls/cora_graphsage_hls_test_bundle/build/cora_hls_bundle/hls/po2_qat_root_dynamic_const_weights_partitioned_h16/graphsage_po2_qat_partitioned.cpp:7:0)
INFO: [HLS 214-241] Aggregating scalar variable 'input_6_5' with compact=bit mode in 8-bits (hls/cora_graphsage_hls_test_bundle/build/cora_hls_bundle/hls/po2_qat_root_dynamic_const_weights_partitioned_h16/graphsage_po2_qat_partitioned.cpp:7:0)
INFO: [HLS 214-241] Aggregating scalar variable 'input_6_4' with compact=bit mode in 8-bits (hls/cora_graphsage_hls_test_bundle/build/cora_hls_bundle/hls/po2_qat_root_dynamic_const_weights_partitioned_h16/graphsage_po2_qat_partitioned.cpp:7:0)
INFO: [HLS 214-241] Aggregating scalar variable 'input_6_3' with compact=bit mode in 8-bits (hls/cora_graphsage_hls_test_bundle/build/cora_hls_bundle/hls/po2_qat_root_dynamic_const_weights_partitioned_h16/graphsage_po2_qat_partitioned.cpp:7:0)
INFO: [HLS 214-241] Aggregating scalar variable 'input_6_2' with compact=bit mode in 8-bits (hls/cora_graphsage_hls_test_bundle/build/cora_hls_bundle/hls/po2_qat_root_dynamic_const_weights_partitioned_h16/graphsage_po2_qat_partitioned.cpp:7:0)
INFO: [HLS 214-241] Aggregating scalar variable 'input_6_1' with compact=bit mode in 8-bits (hls/cora_graphsage_hls_test_bundle/build/cora_hls_bundle/hls/po2_qat_root_dynamic_const_weights_partitioned_h16/graphsage_po2_qat_partitioned.cpp:7:0)
INFO: [HLS 214-241] Aggregating scalar variable 'input_6_0' with compact=bit mode in 8-bits (hls/cora_graphsage_hls_test_bundle/build/cora_hls_bundle/hls/po2_qat_root_dynamic_const_weights_partitioned_h16/graphsage_po2_qat_partitioned.cpp:7:0)
INFO: [HLS 214-241] Aggregating scalar variable 'input_5_15' with compact=bit mode in 8-bits (hls/cora_graphsage_hls_test_bundle/build/cora_hls_bundle/hls/po2_qat_root_dynamic_const_weights_partitioned_h16/graphsage_po2_qat_partitioned.cpp:7:0)
INFO: [HLS 214-241] Aggregating scalar variable 'input_5_14' with compact=bit mode in 8-bits (hls/cora_graphsage_hls_test_bundle/build/cora_hls_bundle/hls/po2_qat_root_dynamic_const_weights_partitioned_h16/graphsage_po2_qat_partitioned.cpp:7:0)
INFO: [HLS 214-241] Aggregating scalar variable 'input_5_13' with compact=bit mode in 8-bits (hls/cora_graphsage_hls_test_bundle/build/cora_hls_bundle/hls/po2_qat_root_dynamic_const_weights_partitioned_h16/graphsage_po2_qat_partitioned.cpp:7:0)
INFO: [HLS 214-241] Aggregating scalar variable 'input_5_12' with compact=bit mode in 8-bits (hls/cora_graphsage_hls_test_bundle/build/cora_hls_bundle/hls/po2_qat_root_dynamic_const_weights_partitioned_h16/graphsage_po2_qat_partitioned.cpp:7:0)
INFO: [HLS 214-241] Aggregating scalar variable 'input_5_11' with compact=bit mode in 8-bits (hls/cora_graphsage_hls_test_bundle/build/cora_hls_bundle/hls/po2_qat_root_dynamic_const_weights_partitioned_h16/graphsage_po2_qat_partitioned.cpp:7:0)
INFO: [HLS 214-241] Aggregating scalar variable 'input_5_10' with compact=bit mode in 8-bits (hls/cora_graphsage_hls_test_bundle/build/cora_hls_bundle/hls/po2_qat_root_dynamic_const_weights_partitioned_h16/graphsage_po2_qat_partitioned.cpp:7:0)
INFO: [HLS 214-241] Aggregating scalar variable 'input_5_9' with compact=bit mode in 8-bits (hls/cora_graphsage_hls_test_bundle/build/cora_hls_bundle/hls/po2_qat_root_dynamic_const_weights_partitioned_h16/graphsage_po2_qat_partitioned.cpp:7:0)
INFO: [HLS 214-241] Aggregating scalar variable 'input_5_8' with compact=bit mode in 8-bits (hls/cora_graphsage_hls_test_bundle/build/cora_hls_bundle/hls/po2_qat_root_dynamic_const_weights_partitioned_h16/graphsage_po2_qat_partitioned.cpp:7:0)
INFO: [HLS 214-241] Aggregating scalar variable 'input_5_7' with compact=bit mode in 8-bits (hls/cora_graphsage_hls_test_bundle/build/cora_hls_bundle/hls/po2_qat_root_dynamic_const_weights_partitioned_h16/graphsage_po2_qat_partitioned.cpp:7:0)
INFO: [HLS 214-241] Aggregating scalar variable 'input_5_6' with compact=bit mode in 8-bits (hls/cora_graphsage_hls_test_bundle/build/cora_hls_bundle/hls/po2_qat_root_dynamic_const_weights_partitioned_h16/graphsage_po2_qat_partitioned.cpp:7:0)
INFO: [HLS 214-241] Aggregating scalar variable 'input_5_5' with compact=bit mode in 8-bits (hls/cora_graphsage_hls_test_bundle/build/cora_hls_bundle/hls/po2_qat_root_dynamic_const_weights_partitioned_h16/graphsage_po2_qat_partitioned.cpp:7:0)
INFO: [HLS 214-241] Aggregating scalar variable 'input_5_4' with compact=bit mode in 8-bits (hls/cora_graphsage_hls_test_bundle/build/cora_hls_bundle/hls/po2_qat_root_dynamic_const_weights_partitioned_h16/graphsage_po2_qat_partitioned.cpp:7:0)
INFO: [HLS 214-241] Aggregating scalar variable 'input_5_3' with compact=bit mode in 8-bits (hls/cora_graphsage_hls_test_bundle/build/cora_hls_bundle/hls/po2_qat_root_dynamic_const_weights_partitioned_h16/graphsage_po2_qat_partitioned.cpp:7:0)
INFO: [HLS 214-241] Aggregating scalar variable 'input_5_2' with compact=bit mode in 8-bits (hls/cora_graphsage_hls_test_bundle/build/cora_hls_bundle/hls/po2_qat_root_dynamic_const_weights_partitioned_h16/graphsage_po2_qat_partitioned.cpp:7:0)
INFO: [HLS 214-241] Aggregating scalar variable 'input_5_1' with compact=bit mode in 8-bits (hls/cora_graphsage_hls_test_bundle/build/cora_hls_bundle/hls/po2_qat_root_dynamic_const_weights_partitioned_h16/graphsage_po2_qat_partitioned.cpp:7:0)
INFO: [HLS 214-241] Aggregating scalar variable 'input_5_0' with compact=bit mode in 8-bits (hls/cora_graphsage_hls_test_bundle/build/cora_hls_bundle/hls/po2_qat_root_dynamic_const_weights_partitioned_h16/graphsage_po2_qat_partitioned.cpp:7:0)
INFO: [HLS 214-241] Aggregating scalar variable 'input_4_15' with compact=bit mode in 8-bits (hls/cora_graphsage_hls_test_bundle/build/cora_hls_bundle/hls/po2_qat_root_dynamic_const_weights_partitioned_h16/graphsage_po2_qat_partitioned.cpp:7:0)
INFO: [HLS 214-241] Aggregating scalar variable 'input_4_14' with compact=bit mode in 8-bits (hls/cora_graphsage_hls_test_bundle/build/cora_hls_bundle/hls/po2_qat_root_dynamic_const_weights_partitioned_h16/graphsage_po2_qat_partitioned.cpp:7:0)
INFO: [HLS 214-241] Aggregating scalar variable 'input_4_13' with compact=bit mode in 8-bits (hls/cora_graphsage_hls_test_bundle/build/cora_hls_bundle/hls/po2_qat_root_dynamic_const_weights_partitioned_h16/graphsage_po2_qat_partitioned.cpp:7:0)
INFO: [HLS 214-241] Aggregating scalar variable 'input_4_12' with compact=bit mode in 8-bits (hls/cora_graphsage_hls_test_bundle/build/cora_hls_bundle/hls/po2_qat_root_dynamic_const_weights_partitioned_h16/graphsage_po2_qat_partitioned.cpp:7:0)
INFO: [HLS 214-241] Aggregating scalar variable 'input_4_11' with compact=bit mode in 8-bits (hls/cora_graphsage_hls_test_bundle/build/cora_hls_bundle/hls/po2_qat_root_dynamic_const_weights_partitioned_h16/graphsage_po2_qat_partitioned.cpp:7:0)
INFO: [HLS 214-241] Aggregating scalar variable 'input_4_10' with compact=bit mode in 8-bits (hls/cora_graphsage_hls_test_bundle/build/cora_hls_bundle/hls/po2_qat_root_dynamic_const_weights_partitioned_h16/graphsage_po2_qat_partitioned.cpp:7:0)
INFO: [HLS 214-241] Aggregating scalar variable 'input_4_9' with compact=bit mode in 8-bits (hls/cora_graphsage_hls_test_bundle/build/cora_hls_bundle/hls/po2_qat_root_dynamic_const_weights_partitioned_h16/graphsage_po2_qat_partitioned.cpp:7:0)
INFO: [HLS 214-241] Aggregating scalar variable 'input_4_8' with compact=bit mode in 8-bits (hls/cora_graphsage_hls_test_bundle/build/cora_hls_bundle/hls/po2_qat_root_dynamic_const_weights_partitioned_h16/graphsage_po2_qat_partitioned.cpp:7:0)
INFO: [HLS 214-241] Aggregating scalar variable 'input_4_7' with compact=bit mode in 8-bits (hls/cora_graphsage_hls_test_bundle/build/cora_hls_bundle/hls/po2_qat_root_dynamic_const_weights_partitioned_h16/graphsage_po2_qat_partitioned.cpp:7:0)
INFO: [HLS 214-241] Aggregating scalar variable 'input_4_6' with compact=bit mode in 8-bits (hls/cora_graphsage_hls_test_bundle/build/cora_hls_bundle/hls/po2_qat_root_dynamic_const_weights_partitioned_h16/graphsage_po2_qat_partitioned.cpp:7:0)
INFO: [HLS 214-241] Aggregating scalar variable 'input_4_5' with compact=bit mode in 8-bits (hls/cora_graphsage_hls_test_bundle/build/cora_hls_bundle/hls/po2_qat_root_dynamic_const_weights_partitioned_h16/graphsage_po2_qat_partitioned.cpp:7:0)
INFO: [HLS 214-241] Aggregating scalar variable 'input_4_4' with compact=bit mode in 8-bits (hls/cora_graphsage_hls_test_bundle/build/cora_hls_bundle/hls/po2_qat_root_dynamic_const_weights_partitioned_h16/graphsage_po2_qat_partitioned.cpp:7:0)
INFO: [HLS 214-241] Aggregating scalar variable 'input_4_3' with compact=bit mode in 8-bits (hls/cora_graphsage_hls_test_bundle/build/cora_hls_bundle/hls/po2_qat_root_dynamic_const_weights_partitioned_h16/graphsage_po2_qat_partitioned.cpp:7:0)
INFO: [HLS 214-241] Aggregating scalar variable 'input_4_2' with compact=bit mode in 8-bits (hls/cora_graphsage_hls_test_bundle/build/cora_hls_bundle/hls/po2_qat_root_dynamic_const_weights_partitioned_h16/graphsage_po2_qat_partitioned.cpp:7:0)
INFO: [HLS 214-241] Aggregating scalar variable 'input_4_1' with compact=bit mode in 8-bits (hls/cora_graphsage_hls_test_bundle/build/cora_hls_bundle/hls/po2_qat_root_dynamic_const_weights_partitioned_h16/graphsage_po2_qat_partitioned.cpp:7:0)
INFO: [HLS 214-241] Aggregating scalar variable 'input_4_0' with compact=bit mode in 8-bits (hls/cora_graphsage_hls_test_bundle/build/cora_hls_bundle/hls/po2_qat_root_dynamic_const_weights_partitioned_h16/graphsage_po2_qat_partitioned.cpp:7:0)
INFO: [HLS 214-241] Aggregating scalar variable 'input_3_15' with compact=bit mode in 8-bits (hls/cora_graphsage_hls_test_bundle/build/cora_hls_bundle/hls/po2_qat_root_dynamic_const_weights_partitioned_h16/graphsage_po2_qat_partitioned.cpp:7:0)
INFO: [HLS 214-241] Aggregating scalar variable 'input_3_14' with compact=bit mode in 8-bits (hls/cora_graphsage_hls_test_bundle/build/cora_hls_bundle/hls/po2_qat_root_dynamic_const_weights_partitioned_h16/graphsage_po2_qat_partitioned.cpp:7:0)
INFO: [HLS 214-241] Aggregating scalar variable 'input_3_13' with compact=bit mode in 8-bits (hls/cora_graphsage_hls_test_bundle/build/cora_hls_bundle/hls/po2_qat_root_dynamic_const_weights_partitioned_h16/graphsage_po2_qat_partitioned.cpp:7:0)
INFO: [HLS 214-241] Aggregating scalar variable 'input_3_12' with compact=bit mode in 8-bits (hls/cora_graphsage_hls_test_bundle/build/cora_hls_bundle/hls/po2_qat_root_dynamic_const_weights_partitioned_h16/graphsage_po2_qat_partitioned.cpp:7:0)
INFO: [HLS 214-241] Aggregating scalar variable 'input_3_11' with compact=bit mode in 8-bits (hls/cora_graphsage_hls_test_bundle/build/cora_hls_bundle/hls/po2_qat_root_dynamic_const_weights_partitioned_h16/graphsage_po2_qat_partitioned.cpp:7:0)
INFO: [HLS 214-241] Aggregating scalar variable 'input_3_10' with compact=bit mode in 8-bits (hls/cora_graphsage_hls_test_bundle/build/cora_hls_bundle/hls/po2_qat_root_dynamic_const_weights_partitioned_h16/graphsage_po2_qat_partitioned.cpp:7:0)
INFO: [HLS 214-241] Aggregating scalar variable 'input_3_9' with compact=bit mode in 8-bits (hls/cora_graphsage_hls_test_bundle/build/cora_hls_bundle/hls/po2_qat_root_dynamic_const_weights_partitioned_h16/graphsage_po2_qat_partitioned.cpp:7:0)
INFO: [HLS 214-241] Aggregating scalar variable 'input_3_8' with compact=bit mode in 8-bits (hls/cora_graphsage_hls_test_bundle/build/cora_hls_bundle/hls/po2_qat_root_dynamic_const_weights_partitioned_h16/graphsage_po2_qat_partitioned.cpp:7:0)
INFO: [HLS 214-241] Aggregating scalar variable 'input_3_7' with compact=bit mode in 8-bits (hls/cora_graphsage_hls_test_bundle/build/cora_hls_bundle/hls/po2_qat_root_dynamic_const_weights_partitioned_h16/graphsage_po2_qat_partitioned.cpp:7:0)
INFO: [HLS 214-241] Aggregating scalar variable 'input_3_6' with compact=bit mode in 8-bits (hls/cora_graphsage_hls_test_bundle/build/cora_hls_bundle/hls/po2_qat_root_dynamic_const_weights_partitioned_h16/graphsage_po2_qat_partitioned.cpp:7:0)
INFO: [HLS 214-241] Aggregating scalar variable 'input_3_5' with compact=bit mode in 8-bits (hls/cora_graphsage_hls_test_bundle/build/cora_hls_bundle/hls/po2_qat_root_dynamic_const_weights_partitioned_h16/graphsage_po2_qat_partitioned.cpp:7:0)
INFO: [HLS 214-241] Aggregating scalar variable 'input_3_4' with compact=bit mode in 8-bits (hls/cora_graphsage_hls_test_bundle/build/cora_hls_bundle/hls/po2_qat_root_dynamic_const_weights_partitioned_h16/graphsage_po2_qat_partitioned.cpp:7:0)
INFO: [HLS 214-241] Aggregating scalar variable 'input_3_3' with compact=bit mode in 8-bits (hls/cora_graphsage_hls_test_bundle/build/cora_hls_bundle/hls/po2_qat_root_dynamic_const_weights_partitioned_h16/graphsage_po2_qat_partitioned.cpp:7:0)
INFO: [HLS 214-241] Aggregating scalar variable 'input_3_2' with compact=bit mode in 8-bits (hls/cora_graphsage_hls_test_bundle/build/cora_hls_bundle/hls/po2_qat_root_dynamic_const_weights_partitioned_h16/graphsage_po2_qat_partitioned.cpp:7:0)
INFO: [HLS 214-241] Aggregating scalar variable 'input_3_1' with compact=bit mode in 8-bits (hls/cora_graphsage_hls_test_bundle/build/cora_hls_bundle/hls/po2_qat_root_dynamic_const_weights_partitioned_h16/graphsage_po2_qat_partitioned.cpp:7:0)
INFO: [HLS 214-241] Aggregating scalar variable 'input_3_0' with compact=bit mode in 8-bits (hls/cora_graphsage_hls_test_bundle/build/cora_hls_bundle/hls/po2_qat_root_dynamic_const_weights_partitioned_h16/graphsage_po2_qat_partitioned.cpp:7:0)
INFO: [HLS 214-241] Aggregating scalar variable 'input_2_15' with compact=bit mode in 8-bits (hls/cora_graphsage_hls_test_bundle/build/cora_hls_bundle/hls/po2_qat_root_dynamic_const_weights_partitioned_h16/graphsage_po2_qat_partitioned.cpp:7:0)
INFO: [HLS 214-241] Aggregating scalar variable 'input_2_14' with compact=bit mode in 8-bits (hls/cora_graphsage_hls_test_bundle/build/cora_hls_bundle/hls/po2_qat_root_dynamic_const_weights_partitioned_h16/graphsage_po2_qat_partitioned.cpp:7:0)
INFO: [HLS 214-241] Aggregating scalar variable 'input_2_13' with compact=bit mode in 8-bits (hls/cora_graphsage_hls_test_bundle/build/cora_hls_bundle/hls/po2_qat_root_dynamic_const_weights_partitioned_h16/graphsage_po2_qat_partitioned.cpp:7:0)
INFO: [HLS 214-241] Aggregating scalar variable 'input_2_12' with compact=bit mode in 8-bits (hls/cora_graphsage_hls_test_bundle/build/cora_hls_bundle/hls/po2_qat_root_dynamic_const_weights_partitioned_h16/graphsage_po2_qat_partitioned.cpp:7:0)
INFO: [HLS 214-241] Aggregating scalar variable 'input_2_11' with compact=bit mode in 8-bits (hls/cora_graphsage_hls_test_bundle/build/cora_hls_bundle/hls/po2_qat_root_dynamic_const_weights_partitioned_h16/graphsage_po2_qat_partitioned.cpp:7:0)
INFO: [HLS 214-241] Aggregating scalar variable 'input_2_10' with compact=bit mode in 8-bits (hls/cora_graphsage_hls_test_bundle/build/cora_hls_bundle/hls/po2_qat_root_dynamic_const_weights_partitioned_h16/graphsage_po2_qat_partitioned.cpp:7:0)
INFO: [HLS 214-241] Aggregating scalar variable 'input_2_9' with compact=bit mode in 8-bits (hls/cora_graphsage_hls_test_bundle/build/cora_hls_bundle/hls/po2_qat_root_dynamic_const_weights_partitioned_h16/graphsage_po2_qat_partitioned.cpp:7:0)
INFO: [HLS 214-241] Aggregating scalar variable 'input_2_8' with compact=bit mode in 8-bits (hls/cora_graphsage_hls_test_bundle/build/cora_hls_bundle/hls/po2_qat_root_dynamic_const_weights_partitioned_h16/graphsage_po2_qat_partitioned.cpp:7:0)
INFO: [HLS 214-241] Aggregating scalar variable 'input_2_7' with compact=bit mode in 8-bits (hls/cora_graphsage_hls_test_bundle/build/cora_hls_bundle/hls/po2_qat_root_dynamic_const_weights_partitioned_h16/graphsage_po2_qat_partitioned.cpp:7:0)
INFO: [HLS 214-241] Aggregating scalar variable 'input_2_6' with compact=bit mode in 8-bits (hls/cora_graphsage_hls_test_bundle/build/cora_hls_bundle/hls/po2_qat_root_dynamic_const_weights_partitioned_h16/graphsage_po2_qat_partitioned.cpp:7:0)
INFO: [HLS 214-241] Aggregating scalar variable 'input_2_5' with compact=bit mode in 8-bits (hls/cora_graphsage_hls_test_bundle/build/cora_hls_bundle/hls/po2_qat_root_dynamic_const_weights_partitioned_h16/graphsage_po2_qat_partitioned.cpp:7:0)
INFO: [HLS 214-241] Aggregating scalar variable 'input_2_4' with compact=bit mode in 8-bits (hls/cora_graphsage_hls_test_bundle/build/cora_hls_bundle/hls/po2_qat_root_dynamic_const_weights_partitioned_h16/graphsage_po2_qat_partitioned.cpp:7:0)
INFO: [HLS 214-241] Aggregating scalar variable 'input_2_3' with compact=bit mode in 8-bits (hls/cora_graphsage_hls_test_bundle/build/cora_hls_bundle/hls/po2_qat_root_dynamic_const_weights_partitioned_h16/graphsage_po2_qat_partitioned.cpp:7:0)
INFO: [HLS 214-241] Aggregating scalar variable 'input_2_2' with compact=bit mode in 8-bits (hls/cora_graphsage_hls_test_bundle/build/cora_hls_bundle/hls/po2_qat_root_dynamic_const_weights_partitioned_h16/graphsage_po2_qat_partitioned.cpp:7:0)
INFO: [HLS 214-241] Aggregating scalar variable 'input_2_1' with compact=bit mode in 8-bits (hls/cora_graphsage_hls_test_bundle/build/cora_hls_bundle/hls/po2_qat_root_dynamic_const_weights_partitioned_h16/graphsage_po2_qat_partitioned.cpp:7:0)
INFO: [HLS 214-241] Aggregating scalar variable 'input_2_0' with compact=bit mode in 8-bits (hls/cora_graphsage_hls_test_bundle/build/cora_hls_bundle/hls/po2_qat_root_dynamic_const_weights_partitioned_h16/graphsage_po2_qat_partitioned.cpp:7:0)
INFO: [HLS 214-241] Aggregating scalar variable 'input_1_15' with compact=bit mode in 8-bits (hls/cora_graphsage_hls_test_bundle/build/cora_hls_bundle/hls/po2_qat_root_dynamic_const_weights_partitioned_h16/graphsage_po2_qat_partitioned.cpp:7:0)
INFO: [HLS 214-241] Aggregating scalar variable 'input_1_14' with compact=bit mode in 8-bits (hls/cora_graphsage_hls_test_bundle/build/cora_hls_bundle/hls/po2_qat_root_dynamic_const_weights_partitioned_h16/graphsage_po2_qat_partitioned.cpp:7:0)
INFO: [HLS 214-241] Aggregating scalar variable 'input_1_13' with compact=bit mode in 8-bits (hls/cora_graphsage_hls_test_bundle/build/cora_hls_bundle/hls/po2_qat_root_dynamic_const_weights_partitioned_h16/graphsage_po2_qat_partitioned.cpp:7:0)
INFO: [HLS 214-241] Aggregating scalar variable 'input_1_12' with compact=bit mode in 8-bits (hls/cora_graphsage_hls_test_bundle/build/cora_hls_bundle/hls/po2_qat_root_dynamic_const_weights_partitioned_h16/graphsage_po2_qat_partitioned.cpp:7:0)
INFO: [HLS 214-241] Aggregating scalar variable 'input_1_11' with compact=bit mode in 8-bits (hls/cora_graphsage_hls_test_bundle/build/cora_hls_bundle/hls/po2_qat_root_dynamic_const_weights_partitioned_h16/graphsage_po2_qat_partitioned.cpp:7:0)
INFO: [HLS 214-241] Aggregating scalar variable 'input_1_10' with compact=bit mode in 8-bits (hls/cora_graphsage_hls_test_bundle/build/cora_hls_bundle/hls/po2_qat_root_dynamic_const_weights_partitioned_h16/graphsage_po2_qat_partitioned.cpp:7:0)
INFO: [HLS 214-241] Aggregating scalar variable 'input_1_9' with compact=bit mode in 8-bits (hls/cora_graphsage_hls_test_bundle/build/cora_hls_bundle/hls/po2_qat_root_dynamic_const_weights_partitioned_h16/graphsage_po2_qat_partitioned.cpp:7:0)
INFO: [HLS 214-241] Aggregating scalar variable 'input_1_8' with compact=bit mode in 8-bits (hls/cora_graphsage_hls_test_bundle/build/cora_hls_bundle/hls/po2_qat_root_dynamic_const_weights_partitioned_h16/graphsage_po2_qat_partitioned.cpp:7:0)
INFO: [HLS 214-241] Aggregating scalar variable 'input_1_7' with compact=bit mode in 8-bits (hls/cora_graphsage_hls_test_bundle/build/cora_hls_bundle/hls/po2_qat_root_dynamic_const_weights_partitioned_h16/graphsage_po2_qat_partitioned.cpp:7:0)
INFO: [HLS 214-241] Aggregating scalar variable 'input_1_6' with compact=bit mode in 8-bits (hls/cora_graphsage_hls_test_bundle/build/cora_hls_bundle/hls/po2_qat_root_dynamic_const_weights_partitioned_h16/graphsage_po2_qat_partitioned.cpp:7:0)
INFO: [HLS 214-241] Aggregating scalar variable 'input_1_5' with compact=bit mode in 8-bits (hls/cora_graphsage_hls_test_bundle/build/cora_hls_bundle/hls/po2_qat_root_dynamic_const_weights_partitioned_h16/graphsage_po2_qat_partitioned.cpp:7:0)
INFO: [HLS 214-241] Aggregating scalar variable 'input_1_4' with compact=bit mode in 8-bits (hls/cora_graphsage_hls_test_bundle/build/cora_hls_bundle/hls/po2_qat_root_dynamic_const_weights_partitioned_h16/graphsage_po2_qat_partitioned.cpp:7:0)
INFO: [HLS 214-241] Aggregating scalar variable 'input_1_3' with compact=bit mode in 8-bits (hls/cora_graphsage_hls_test_bundle/build/cora_hls_bundle/hls/po2_qat_root_dynamic_const_weights_partitioned_h16/graphsage_po2_qat_partitioned.cpp:7:0)
INFO: [HLS 214-241] Aggregating scalar variable 'input_1_2' with compact=bit mode in 8-bits (hls/cora_graphsage_hls_test_bundle/build/cora_hls_bundle/hls/po2_qat_root_dynamic_const_weights_partitioned_h16/graphsage_po2_qat_partitioned.cpp:7:0)
INFO: [HLS 214-241] Aggregating scalar variable 'input_1_1' with compact=bit mode in 8-bits (hls/cora_graphsage_hls_test_bundle/build/cora_hls_bundle/hls/po2_qat_root_dynamic_const_weights_partitioned_h16/graphsage_po2_qat_partitioned.cpp:7:0)
INFO: [HLS 214-241] Aggregating scalar variable 'input_1_0' with compact=bit mode in 8-bits (hls/cora_graphsage_hls_test_bundle/build/cora_hls_bundle/hls/po2_qat_root_dynamic_const_weights_partitioned_h16/graphsage_po2_qat_partitioned.cpp:7:0)
INFO: [HLS 214-241] Aggregating scalar variable 'input_0_15' with compact=bit mode in 8-bits (hls/cora_graphsage_hls_test_bundle/build/cora_hls_bundle/hls/po2_qat_root_dynamic_const_weights_partitioned_h16/graphsage_po2_qat_partitioned.cpp:7:0)
INFO: [HLS 214-241] Aggregating scalar variable 'input_0_14' with compact=bit mode in 8-bits (hls/cora_graphsage_hls_test_bundle/build/cora_hls_bundle/hls/po2_qat_root_dynamic_const_weights_partitioned_h16/graphsage_po2_qat_partitioned.cpp:7:0)
INFO: [HLS 214-241] Aggregating scalar variable 'input_0_13' with compact=bit mode in 8-bits (hls/cora_graphsage_hls_test_bundle/build/cora_hls_bundle/hls/po2_qat_root_dynamic_const_weights_partitioned_h16/graphsage_po2_qat_partitioned.cpp:7:0)
INFO: [HLS 214-241] Aggregating scalar variable 'input_0_12' with compact=bit mode in 8-bits (hls/cora_graphsage_hls_test_bundle/build/cora_hls_bundle/hls/po2_qat_root_dynamic_const_weights_partitioned_h16/graphsage_po2_qat_partitioned.cpp:7:0)
INFO: [HLS 214-241] Aggregating scalar variable 'input_0_11' with compact=bit mode in 8-bits (hls/cora_graphsage_hls_test_bundle/build/cora_hls_bundle/hls/po2_qat_root_dynamic_const_weights_partitioned_h16/graphsage_po2_qat_partitioned.cpp:7:0)
INFO: [HLS 214-241] Aggregating scalar variable 'input_0_10' with compact=bit mode in 8-bits (hls/cora_graphsage_hls_test_bundle/build/cora_hls_bundle/hls/po2_qat_root_dynamic_const_weights_partitioned_h16/graphsage_po2_qat_partitioned.cpp:7:0)
INFO: [HLS 214-241] Aggregating scalar variable 'input_0_9' with compact=bit mode in 8-bits (hls/cora_graphsage_hls_test_bundle/build/cora_hls_bundle/hls/po2_qat_root_dynamic_const_weights_partitioned_h16/graphsage_po2_qat_partitioned.cpp:7:0)
INFO: [HLS 214-241] Aggregating scalar variable 'input_0_8' with compact=bit mode in 8-bits (hls/cora_graphsage_hls_test_bundle/build/cora_hls_bundle/hls/po2_qat_root_dynamic_const_weights_partitioned_h16/graphsage_po2_qat_partitioned.cpp:7:0)
INFO: [HLS 214-241] Aggregating scalar variable 'input_0_7' with compact=bit mode in 8-bits (hls/cora_graphsage_hls_test_bundle/build/cora_hls_bundle/hls/po2_qat_root_dynamic_const_weights_partitioned_h16/graphsage_po2_qat_partitioned.cpp:7:0)
INFO: [HLS 214-241] Aggregating scalar variable 'input_0_6' with compact=bit mode in 8-bits (hls/cora_graphsage_hls_test_bundle/build/cora_hls_bundle/hls/po2_qat_root_dynamic_const_weights_partitioned_h16/graphsage_po2_qat_partitioned.cpp:7:0)
INFO: [HLS 214-241] Aggregating scalar variable 'input_0_5' with compact=bit mode in 8-bits (hls/cora_graphsage_hls_test_bundle/build/cora_hls_bundle/hls/po2_qat_root_dynamic_const_weights_partitioned_h16/graphsage_po2_qat_partitioned.cpp:7:0)
INFO: [HLS 214-241] Aggregating scalar variable 'input_0_4' with compact=bit mode in 8-bits (hls/cora_graphsage_hls_test_bundle/build/cora_hls_bundle/hls/po2_qat_root_dynamic_const_weights_partitioned_h16/graphsage_po2_qat_partitioned.cpp:7:0)
INFO: [HLS 214-241] Aggregating scalar variable 'input_0_3' with compact=bit mode in 8-bits (hls/cora_graphsage_hls_test_bundle/build/cora_hls_bundle/hls/po2_qat_root_dynamic_const_weights_partitioned_h16/graphsage_po2_qat_partitioned.cpp:7:0)
INFO: [HLS 214-241] Aggregating scalar variable 'input_0_2' with compact=bit mode in 8-bits (hls/cora_graphsage_hls_test_bundle/build/cora_hls_bundle/hls/po2_qat_root_dynamic_const_weights_partitioned_h16/graphsage_po2_qat_partitioned.cpp:7:0)
INFO: [HLS 214-241] Aggregating scalar variable 'input_0_1' with compact=bit mode in 8-bits (hls/cora_graphsage_hls_test_bundle/build/cora_hls_bundle/hls/po2_qat_root_dynamic_const_weights_partitioned_h16/graphsage_po2_qat_partitioned.cpp:7:0)
INFO: [HLS 214-241] Aggregating scalar variable 'input_0_0' with compact=bit mode in 8-bits (hls/cora_graphsage_hls_test_bundle/build/cora_hls_bundle/hls/po2_qat_root_dynamic_const_weights_partitioned_h16/graphsage_po2_qat_partitioned.cpp:7:0)
INFO: [HLS 200-111] Finished Compiling Optimization and Transform: CPU user time: 53.06 seconds. CPU system time: 1.01 seconds. Elapsed time: 55.6 seconds; current allocated memory: 648.008 MB.
INFO: [HLS 200-111] Finished Checking Pragmas: CPU user time: 0 seconds. CPU system time: 0 seconds. Elapsed time: 0 seconds; current allocated memory: 648.008 MB.
INFO: [HLS 200-10] Starting code transformations ...
INFO: [HLS 200-111] Finished Standard Transforms: CPU user time: 3.73 seconds. CPU system time: 0.02 seconds. Elapsed time: 3.81 seconds; current allocated memory: 684.086 MB.
INFO: [HLS 200-10] Checking synthesizability ...
INFO: [HLS 200-111] Finished Checking Synthesizability: CPU user time: 12.44 seconds. CPU system time: 0.02 seconds. Elapsed time: 12.5 seconds; current allocated memory: 696.141 MB.
INFO: [XFORM 203-11] Balancing expressions in function 'l2_root_channel<false, 6, true>' (cora_graphsage_hls_test_bundle/build/cora_hls_bundle/hls/po2_qat_root_dynamic_const_weights_partitioned_h16/graphsage_po2_qat_partitioned.h:77:65)...56 expression(s) balanced.
INFO: [XFORM 203-11] Balancing expressions in function 'l2_root_channel<false, 5, true>' (cora_graphsage_hls_test_bundle/build/cora_hls_bundle/hls/po2_qat_root_dynamic_const_weights_partitioned_h16/graphsage_po2_qat_partitioned.h:77:65)...56 expression(s) balanced.
INFO: [XFORM 203-11] Balancing expressions in function 'l2_root_channel<false, 4, true>' (cora_graphsage_hls_test_bundle/build/cora_hls_bundle/hls/po2_qat_root_dynamic_const_weights_partitioned_h16/graphsage_po2_qat_partitioned.h:77:1)...48 expression(s) balanced.
INFO: [XFORM 203-11] Balancing expressions in function 'l2_root_channel<false, 3, true>' (cora_graphsage_hls_test_bundle/build/cora_hls_bundle/hls/po2_qat_root_dynamic_const_weights_partitioned_h16/graphsage_po2_qat_partitioned.h:75:65)...56 expression(s) balanced.
INFO: [XFORM 203-11] Balancing expressions in function 'l2_root_channel<false, 2, true>' (cora_graphsage_hls_test_bundle/build/cora_hls_bundle/hls/po2_qat_root_dynamic_const_weights_partitioned_h16/graphsage_po2_qat_partitioned.h:77:65)...56 expression(s) balanced.
INFO: [XFORM 203-11] Balancing expressions in function 'l2_root_channel<false, 1, true>' (cora_graphsage_hls_test_bundle/build/cora_hls_bundle/hls/po2_qat_root_dynamic_const_weights_partitioned_h16/graphsage_po2_qat_partitioned.h:77:28)...56 expression(s) balanced.
INFO: [XFORM 203-11] Balancing expressions in function 'l2_root_channel<false, 0, true>' (cora_graphsage_hls_test_bundle/build/cora_hls_bundle/hls/po2_qat_root_dynamic_const_weights_partitioned_h16/graphsage_po2_qat_partitioned.h:77:65)...56 expression(s) balanced.
INFO: [XFORM 203-11] Balancing expressions in function 'l2_neighbor_channel<false, 6, true>' (cora_graphsage_hls_test_bundle/build/cora_hls_bundle/hls/po2_qat_root_dynamic_const_weights_partitioned_h16/graphsage_po2_qat_partitioned.h:75:28)...64 expression(s) balanced.
INFO: [XFORM 203-11] Balancing expressions in function 'l2_neighbor_channel<false, 5, true>' (cora_graphsage_hls_test_bundle/build/cora_hls_bundle/hls/po2_qat_root_dynamic_const_weights_partitioned_h16/graphsage_po2_qat_partitioned.h:75:28)...64 expression(s) balanced.
INFO: [XFORM 203-11] Balancing expressions in function 'l2_neighbor_channel<false, 4, true>' (cora_graphsage_hls_test_bundle/build/cora_hls_bundle/hls/po2_qat_root_dynamic_const_weights_partitioned_h16/graphsage_po2_qat_partitioned.h:77:28)...64 expression(s) balanced.
INFO: [XFORM 203-11] Balancing expressions in function 'l2_neighbor_channel<false, 3, true>' (cora_graphsage_hls_test_bundle/build/cora_hls_bundle/hls/po2_qat_root_dynamic_const_weights_partitioned_h16/graphsage_po2_qat_partitioned.h:77:28)...64 expression(s) balanced.
INFO: [XFORM 203-11] Balancing expressions in function 'l2_neighbor_channel<false, 2, true>' (cora_graphsage_hls_test_bundle/build/cora_hls_bundle/hls/po2_qat_root_dynamic_const_weights_partitioned_h16/graphsage_po2_qat_partitioned.h:75:28)...64 expression(s) balanced.
INFO: [XFORM 203-11] Balancing expressions in function 'l2_neighbor_channel<false, 1, true>' (cora_graphsage_hls_test_bundle/build/cora_hls_bundle/hls/po2_qat_root_dynamic_const_weights_partitioned_h16/graphsage_po2_qat_partitioned.h:77:28)...64 expression(s) balanced.
INFO: [XFORM 203-11] Balancing expressions in function 'l2_neighbor_channel<false, 0, true>' (cora_graphsage_hls_test_bundle/build/cora_hls_bundle/hls/po2_qat_root_dynamic_const_weights_partitioned_h16/graphsage_po2_qat_partitioned.h:75:28)...64 expression(s) balanced.
INFO: [XFORM 203-11] Balancing expressions in function 'l1_root_channel<false, 7, true>' (cora_graphsage_hls_test_bundle/build/cora_hls_bundle/hls/po2_qat_root_dynamic_const_weights_partitioned_h16/graphsage_po2_qat_partitioned.h:59:28)...112 expression(s) balanced.
INFO: [XFORM 203-11] Balancing expressions in function 'l1_root_channel<false, 6, true>' (cora_graphsage_hls_test_bundle/build/cora_hls_bundle/hls/po2_qat_root_dynamic_const_weights_partitioned_h16/graphsage_po2_qat_partitioned.h:59:35)...112 expression(s) balanced.
INFO: [XFORM 203-11] Balancing expressions in function 'l1_root_channel<false, 5, true>' (cora_graphsage_hls_test_bundle/build/cora_hls_bundle/hls/po2_qat_root_dynamic_const_weights_partitioned_h16/graphsage_po2_qat_partitioned.h:59:35)...112 expression(s) balanced.
INFO: [XFORM 203-11] Balancing expressions in function 'l1_root_channel<false, 4, true>' (cora_graphsage_hls_test_bundle/build/cora_hls_bundle/hls/po2_qat_root_dynamic_const_weights_partitioned_h16/graphsage_po2_qat_partitioned.h:59:28)...112 expression(s) balanced.
INFO: [XFORM 203-11] Balancing expressions in function 'l1_root_channel<false, 3, true>' (cora_graphsage_hls_test_bundle/build/cora_hls_bundle/hls/po2_qat_root_dynamic_const_weights_partitioned_h16/graphsage_po2_qat_partitioned.h:59:35)...112 expression(s) balanced.
INFO: [XFORM 203-11] Balancing expressions in function 'l1_root_channel<false, 2, true>' (cora_graphsage_hls_test_bundle/build/cora_hls_bundle/hls/po2_qat_root_dynamic_const_weights_partitioned_h16/graphsage_po2_qat_partitioned.h:59:28)...112 expression(s) balanced.
INFO: [XFORM 203-11] Balancing expressions in function 'l1_root_channel<false, 1, true>' (cora_graphsage_hls_test_bundle/build/cora_hls_bundle/hls/po2_qat_root_dynamic_const_weights_partitioned_h16/graphsage_po2_qat_partitioned.h:59:28)...112 expression(s) balanced.
INFO: [XFORM 203-11] Balancing expressions in function 'l1_root_channel<false, 0, true>' (cora_graphsage_hls_test_bundle/build/cora_hls_bundle/hls/po2_qat_root_dynamic_const_weights_partitioned_h16/graphsage_po2_qat_partitioned.h:59:35)...112 expression(s) balanced.
INFO: [XFORM 203-11] Balancing expressions in function 'l1_neighbor_channel<false, 7, true>' (cora_graphsage_hls_test_bundle/build/cora_hls_bundle/hls/po2_qat_root_dynamic_const_weights_partitioned_h16/graphsage_po2_qat_partitioned.h:77:28)...120 expression(s) balanced.
INFO: [XFORM 203-11] Balancing expressions in function 'l1_neighbor_channel<false, 6, true>' (cora_graphsage_hls_test_bundle/build/cora_hls_bundle/hls/po2_qat_root_dynamic_const_weights_partitioned_h16/graphsage_po2_qat_partitioned.h:75:74)...120 expression(s) balanced.
INFO: [XFORM 203-11] Balancing expressions in function 'l1_neighbor_channel<false, 5, true>' (cora_graphsage_hls_test_bundle/build/cora_hls_bundle/hls/po2_qat_root_dynamic_const_weights_partitioned_h16/graphsage_po2_qat_partitioned.h:77:28)...120 expression(s) balanced.
INFO: [XFORM 203-11] Balancing expressions in function 'l1_neighbor_channel<false, 4, true>' (cora_graphsage_hls_test_bundle/build/cora_hls_bundle/hls/po2_qat_root_dynamic_const_weights_partitioned_h16/graphsage_po2_qat_partitioned.h:75:28)...120 expression(s) balanced.
INFO: [XFORM 203-11] Balancing expressions in function 'l1_neighbor_channel<false, 3, true>' (cora_graphsage_hls_test_bundle/build/cora_hls_bundle/hls/po2_qat_root_dynamic_const_weights_partitioned_h16/graphsage_po2_qat_partitioned.h:77:74)...112 expression(s) balanced.
INFO: [XFORM 203-11] Balancing expressions in function 'l1_neighbor_channel<false, 2, true>' (cora_graphsage_hls_test_bundle/build/cora_hls_bundle/hls/po2_qat_root_dynamic_const_weights_partitioned_h16/graphsage_po2_qat_partitioned.h:77:74)...120 expression(s) balanced.
INFO: [XFORM 203-11] Balancing expressions in function 'l1_neighbor_channel<false, 1, true>' (cora_graphsage_hls_test_bundle/build/cora_hls_bundle/hls/po2_qat_root_dynamic_const_weights_partitioned_h16/graphsage_po2_qat_partitioned.h:77:28)...120 expression(s) balanced.
INFO: [XFORM 203-11] Balancing expressions in function 'l1_neighbor_channel<false, 0, true>' (cora_graphsage_hls_test_bundle/build/cora_hls_bundle/hls/po2_qat_root_dynamic_const_weights_partitioned_h16/graphsage_po2_qat_partitioned.h:75:28)...120 expression(s) balanced.
INFO: [HLS 200-111] Finished Loop, function and other optimizations: CPU user time: 26.1 seconds. CPU system time: 0.02 seconds. Elapsed time: 26.23 seconds; current allocated memory: 768.578 MB.
INFO: [HLS 200-111] Finished Architecture Synthesis: CPU user time: 19.34 seconds. CPU system time: 0.08 seconds. Elapsed time: 19.5 seconds; current allocated memory: 1.129 GB.
INFO: [HLS 200-10] Starting hardware synthesis ...
INFO: [HLS 200-10] Synthesizing 'graphsage_po2_qat_partitioned' ...
WARNING: [SYN 201-103] Legalizing function name 'l1_root_channel<false, 0, true>' to 'l1_root_channel_false_0_true_s'.
WARNING: [SYN 201-103] Legalizing function name 'l1_root_channel<false, 1, true>' to 'l1_root_channel_false_1_true_s'.
WARNING: [SYN 201-103] Legalizing function name 'l1_root_channel<false, 2, true>' to 'l1_root_channel_false_2_true_s'.
WARNING: [SYN 201-103] Legalizing function name 'l1_root_channel<false, 3, true>' to 'l1_root_channel_false_3_true_s'.
WARNING: [SYN 201-103] Legalizing function name 'l1_root_channel<false, 4, true>' to 'l1_root_channel_false_4_true_s'.
WARNING: [SYN 201-103] Legalizing function name 'l1_root_channel<false, 5, true>' to 'l1_root_channel_false_5_true_s'.
WARNING: [SYN 201-103] Legalizing function name 'l1_root_channel<false, 6, true>' to 'l1_root_channel_false_6_true_s'.
WARNING: [SYN 201-103] Legalizing function name 'l1_root_channel<false, 7, true>' to 'l1_root_channel_false_7_true_s'.
WARNING: [SYN 201-103] Legalizing function name 'l1_neighbor_channel<false, 0, true>' to 'l1_neighbor_channel_false_0_true_s'.
WARNING: [SYN 201-103] Legalizing function name 'l1_neighbor_channel<false, 1, true>' to 'l1_neighbor_channel_false_1_true_s'.
WARNING: [SYN 201-103] Legalizing function name 'l1_neighbor_channel<false, 2, true>' to 'l1_neighbor_channel_false_2_true_s'.
WARNING: [SYN 201-103] Legalizing function name 'l1_neighbor_channel<false, 3, true>' to 'l1_neighbor_channel_false_3_true_s'.
WARNING: [SYN 201-103] Legalizing function name 'l1_neighbor_channel<false, 4, true>' to 'l1_neighbor_channel_false_4_true_s'.
WARNING: [SYN 201-103] Legalizing function name 'l1_neighbor_channel<false, 5, true>' to 'l1_neighbor_channel_false_5_true_s'.
WARNING: [SYN 201-103] Legalizing function name 'l1_neighbor_channel<false, 6, true>' to 'l1_neighbor_channel_false_6_true_s'.
WARNING: [SYN 201-103] Legalizing function name 'l1_neighbor_channel<false, 7, true>' to 'l1_neighbor_channel_false_7_true_s'.
WARNING: [SYN 201-103] Legalizing function name 'l2_root_channel<false, 0, true>' to 'l2_root_channel_false_0_true_s'.
WARNING: [SYN 201-103] Legalizing function name 'l2_root_channel<false, 1, true>' to 'l2_root_channel_false_1_true_s'.
WARNING: [SYN 201-103] Legalizing function name 'l2_root_channel<false, 2, true>' to 'l2_root_channel_false_2_true_s'.
WARNING: [SYN 201-103] Legalizing function name 'l2_root_channel<false, 3, true>' to 'l2_root_channel_false_3_true_s'.
WARNING: [SYN 201-103] Legalizing function name 'l2_root_channel<false, 4, true>' to 'l2_root_channel_false_4_true_s'.
WARNING: [SYN 201-103] Legalizing function name 'l2_root_channel<false, 5, true>' to 'l2_root_channel_false_5_true_s'.
WARNING: [SYN 201-103] Legalizing function name 'l2_root_channel<false, 6, true>' to 'l2_root_channel_false_6_true_s'.
WARNING: [SYN 201-103] Legalizing function name 'l2_neighbor_channel<false, 0, true>' to 'l2_neighbor_channel_false_0_true_s'.
WARNING: [SYN 201-103] Legalizing function name 'l2_neighbor_channel<false, 1, true>' to 'l2_neighbor_channel_false_1_true_s'.
WARNING: [SYN 201-103] Legalizing function name 'l2_neighbor_channel<false, 2, true>' to 'l2_neighbor_channel_false_2_true_s'.
WARNING: [SYN 201-103] Legalizing function name 'l2_neighbor_channel<false, 3, true>' to 'l2_neighbor_channel_false_3_true_s'.
WARNING: [SYN 201-103] Legalizing function name 'l2_neighbor_channel<false, 4, true>' to 'l2_neighbor_channel_false_4_true_s'.
WARNING: [SYN 201-103] Legalizing function name 'l2_neighbor_channel<false, 5, true>' to 'l2_neighbor_channel_false_5_true_s'.
WARNING: [SYN 201-103] Legalizing function name 'l2_neighbor_channel<false, 6, true>' to 'l2_neighbor_channel_false_6_true_s'.
WARNING: [SYN 201-303] Cannot apply functional unit assignment of 'Mul_LUT' (cora_graphsage_hls_test_bundle/build/cora_hls_bundle/hls/po2_qat_root_dynamic_const_weights_partitioned_h16/graphsage_po2_qat_partitioned.h:63) on 'root_input_0_0_val', which is not an operation.
WARNING: [SYN 201-303] Cannot apply functional unit assignment of 'Mul_LUT' (cora_graphsage_hls_test_bundle/build/cora_hls_bundle/hls/po2_qat_root_dynamic_const_weights_partitioned_h16/graphsage_po2_qat_partitioned.h:63) on 'root_input_1_0_val', which is not an operation.
WARNING: [SYN 201-303] Cannot apply functional unit assignment of 'Mul_LUT' (cora_graphsage_hls_test_bundle/build/cora_hls_bundle/hls/po2_qat_root_dynamic_const_weights_partitioned_h16/graphsage_po2_qat_partitioned.h:63) on 'root_input_2_0_val', which is not an operation.
WARNING: [SYN 201-303] Cannot apply functional unit assignment of 'Mul_LUT' (cora_graphsage_hls_test_bundle/build/cora_hls_bundle/hls/po2_qat_root_dynamic_const_weights_partitioned_h16/graphsage_po2_qat_partitioned.h:63) on 'root_input_3_0_val', which is not an operation.
WARNING: [SYN 201-303] Cannot apply functional unit assignment of 'Mul_LUT' (cora_graphsage_hls_test_bundle/build/cora_hls_bundle/hls/po2_qat_root_dynamic_const_weights_partitioned_h16/graphsage_po2_qat_partitioned.h:63) on 'root_input_4_0_val', which is not an operation.
WARNING: [SYN 201-303] Cannot apply functional unit assignment of 'Mul_LUT' (cora_graphsage_hls_test_bundle/build/cora_hls_bundle/hls/po2_qat_root_dynamic_const_weights_partitioned_h16/graphsage_po2_qat_partitioned.h:63) on 'root_input_5_0_val', which is not an operation.
WARNING: [SYN 201-303] Cannot apply functional unit assignment of 'Mul_LUT' (cora_graphsage_hls_test_bundle/build/cora_hls_bundle/hls/po2_qat_root_dynamic_const_weights_partitioned_h16/graphsage_po2_qat_partitioned.h:63) on 'root_input_6_0_val', which is not an operation.
WARNING: [SYN 201-303] Cannot apply functional unit assignment of 'Mul_LUT' (cora_graphsage_hls_test_bundle/build/cora_hls_bundle/hls/po2_qat_root_dynamic_const_weights_partitioned_h16/graphsage_po2_qat_partitioned.h:63) on 'root_input_7_0_val', which is not an operation.
WARNING: [SYN 201-303] Cannot apply functional unit assignment of 'Mul_LUT' (cora_graphsage_hls_test_bundle/build/cora_hls_bundle/hls/po2_qat_root_dynamic_const_weights_partitioned_h16/graphsage_po2_qat_partitioned.h:171) on 'insertvalue' operation 64 bit ('mrv_7', cora_graphsage_hls_test_bundle/build/cora_hls_bundle/hls/po2_qat_root_dynamic_const_weights_partitioned_h16/graphsage_po2_qat_partitioned.h:207) due to incompatible operation sets.
WARNING: [SYN 201-303] Cannot apply functional unit assignment of 'Mul_LUT' (cora_graphsage_hls_test_bundle/build/cora_hls_bundle/hls/po2_qat_root_dynamic_const_weights_partitioned_h16/graphsage_po2_qat_partitioned.h:171) on 'aggregate_input_0_15_val', which is not an operation.
WARNING: [SYN 201-303] Cannot apply functional unit assignment of 'Mul_LUT' (cora_graphsage_hls_test_bundle/build/cora_hls_bundle/hls/po2_qat_root_dynamic_const_weights_partitioned_h16/graphsage_po2_qat_partitioned.h:171) on 'aggregate_input_1_15_val', which is not an operation.
WARNING: [SYN 201-303] Cannot apply functional unit assignment of 'Mul_LUT' (cora_graphsage_hls_test_bundle/build/cora_hls_bundle/hls/po2_qat_root_dynamic_const_weights_partitioned_h16/graphsage_po2_qat_partitioned.h:171) on 'aggregate_input_2_15_val', which is not an operation.
WARNING: [SYN 201-303] Cannot apply functional unit assignment of 'Mul_LUT' (cora_graphsage_hls_test_bundle/build/cora_hls_bundle/hls/po2_qat_root_dynamic_const_weights_partitioned_h16/graphsage_po2_qat_partitioned.h:171) on 'aggregate_input_3_15_val', which is not an operation.
WARNING: [SYN 201-303] Cannot apply functional unit assignment of 'Mul_LUT' (cora_graphsage_hls_test_bundle/build/cora_hls_bundle/hls/po2_qat_root_dynamic_const_weights_partitioned_h16/graphsage_po2_qat_partitioned.h:171) on 'aggregate_input_4_15_val', which is not an operation.
WARNING: [SYN 201-303] Cannot apply functional unit assignment of 'Mul_LUT' (cora_graphsage_hls_test_bundle/build/cora_hls_bundle/hls/po2_qat_root_dynamic_const_weights_partitioned_h16/graphsage_po2_qat_partitioned.h:171) on 'aggregate_input_5_15_val', which is not an operation.
WARNING: [SYN 201-303] Cannot apply functional unit assignment of 'Mul_LUT' (cora_graphsage_hls_test_bundle/build/cora_hls_bundle/hls/po2_qat_root_dynamic_const_weights_partitioned_h16/graphsage_po2_qat_partitioned.h:171) on 'aggregate_input_6_15_val', which is not an operation.
WARNING: [SYN 201-303] Cannot apply functional unit assignment of 'Mul_LUT' (cora_graphsage_hls_test_bundle/build/cora_hls_bundle/hls/po2_qat_root_dynamic_const_weights_partitioned_h16/graphsage_po2_qat_partitioned.h:171) on 'aggregate_input_7_15_val', which is not an operation.
WARNING: [SYN 201-303] Cannot apply functional unit assignment of 'Mul_LUT' (cora_graphsage_hls_test_bundle/build/cora_hls_bundle/hls/po2_qat_root_dynamic_const_weights_partitioned_h16/graphsage_po2_qat_partitioned.h:259) on 'insertvalue' operation 64 bit ('mrv_7', cora_graphsage_hls_test_bundle/build/cora_hls_bundle/hls/po2_qat_root_dynamic_const_weights_partitioned_h16/graphsage_po2_qat_partitioned.h:295) due to incompatible operation sets.
WARNING: [SYN 201-303] Cannot apply functional unit assignment of 'Mul_LUT' (cora_graphsage_hls_test_bundle/build/cora_hls_bundle/hls/po2_qat_root_dynamic_const_weights_partitioned_h16/graphsage_po2_qat_partitioned.h:259) on 'insertvalue' operation 64 bit ('mrv_7', cora_graphsage_hls_test_bundle/build/cora_hls_bundle/hls/po2_qat_root_dynamic_const_weights_partitioned_h16/graphsage_po2_qat_partitioned.h:295) due to incompatible operation sets.
WARNING: [SYN 201-303] Cannot apply functional unit assignment of 'Mul_LUT' (cora_graphsage_hls_test_bundle/build/cora_hls_bundle/hls/po2_qat_root_dynamic_const_weights_partitioned_h16/graphsage_po2_qat_partitioned.h:259) on 'insertvalue' operation 64 bit ('mrv_7', cora_graphsage_hls_test_bundle/build/cora_hls_bundle/hls/po2_qat_root_dynamic_const_weights_partitioned_h16/graphsage_po2_qat_partitioned.h:295) due to incompatible operation sets.
WARNING: [SYN 201-303] Cannot apply functional unit assignment of 'Mul_LUT' (cora_graphsage_hls_test_bundle/build/cora_hls_bundle/hls/po2_qat_root_dynamic_const_weights_partitioned_h16/graphsage_po2_qat_partitioned.h:259) on 'insertvalue' operation 64 bit ('mrv_7', cora_graphsage_hls_test_bundle/build/cora_hls_bundle/hls/po2_qat_root_dynamic_const_weights_partitioned_h16/graphsage_po2_qat_partitioned.h:295) due to incompatible operation sets.
WARNING: [SYN 201-303] Cannot apply functional unit assignment of 'Mul_LUT' (cora_graphsage_hls_test_bundle/build/cora_hls_bundle/hls/po2_qat_root_dynamic_const_weights_partitioned_h16/graphsage_po2_qat_partitioned.h:238) on 'insertvalue' operation 64 bit ('mrv_7', cora_graphsage_hls_test_bundle/build/cora_hls_bundle/hls/po2_qat_root_dynamic_const_weights_partitioned_h16/graphsage_po2_qat_partitioned.h:295) due to incompatible operation sets.
WARNING: [SYN 201-303] Cannot apply functional unit assignment of 'Mul_LUT' (cora_graphsage_hls_test_bundle/build/cora_hls_bundle/hls/po2_qat_root_dynamic_const_weights_partitioned_h16/graphsage_po2_qat_partitioned.h:259) on 'insertvalue' operation 64 bit ('mrv_7', cora_graphsage_hls_test_bundle/build/cora_hls_bundle/hls/po2_qat_root_dynamic_const_weights_partitioned_h16/graphsage_po2_qat_partitioned.h:295) due to incompatible operation sets.
WARNING: [SYN 201-303] Cannot apply functional unit assignment of 'Mul_LUT' (cora_graphsage_hls_test_bundle/build/cora_hls_bundle/hls/po2_qat_root_dynamic_const_weights_partitioned_h16/graphsage_po2_qat_partitioned.h:259) on 'insertvalue' operation 64 bit ('mrv_7', cora_graphsage_hls_test_bundle/build/cora_hls_bundle/hls/po2_qat_root_dynamic_const_weights_partitioned_h16/graphsage_po2_qat_partitioned.h:295) due to incompatible operation sets.
WARNING: [SYN 201-303] Cannot apply functional unit assignment of 'Mul_LUT' (cora_graphsage_hls_test_bundle/build/cora_hls_bundle/hls/po2_qat_root_dynamic_const_weights_partitioned_h16/graphsage_po2_qat_partitioned.h:346) on 'insertvalue' operation 64 bit ('mrv_7', cora_graphsage_hls_test_bundle/build/cora_hls_bundle/hls/po2_qat_root_dynamic_const_weights_partitioned_h16/graphsage_po2_qat_partitioned.h:382) due to incompatible operation sets.
WARNING: [SYN 201-303] Cannot apply functional unit assignment of 'Mul_LUT' (cora_graphsage_hls_test_bundle/build/cora_hls_bundle/hls/po2_qat_root_dynamic_const_weights_partitioned_h16/graphsage_po2_qat_partitioned.h:346) on 'insertvalue' operation 64 bit ('mrv_7', cora_graphsage_hls_test_bundle/build/cora_hls_bundle/hls/po2_qat_root_dynamic_const_weights_partitioned_h16/graphsage_po2_qat_partitioned.h:382) due to incompatible operation sets.
WARNING: [SYN 201-303] Cannot apply functional unit assignment of 'Mul_LUT' (cora_graphsage_hls_test_bundle/build/cora_hls_bundle/hls/po2_qat_root_dynamic_const_weights_partitioned_h16/graphsage_po2_qat_partitioned.h:346) on 'insertvalue' operation 64 bit ('mrv_7', cora_graphsage_hls_test_bundle/build/cora_hls_bundle/hls/po2_qat_root_dynamic_const_weights_partitioned_h16/graphsage_po2_qat_partitioned.h:382) due to incompatible operation sets.
WARNING: [SYN 201-303] Cannot apply functional unit assignment of 'Mul_LUT' (cora_graphsage_hls_test_bundle/build/cora_hls_bundle/hls/po2_qat_root_dynamic_const_weights_partitioned_h16/graphsage_po2_qat_partitioned.h:346) on 'insertvalue' operation 64 bit ('mrv_7', cora_graphsage_hls_test_bundle/build/cora_hls_bundle/hls/po2_qat_root_dynamic_const_weights_partitioned_h16/graphsage_po2_qat_partitioned.h:382) due to incompatible operation sets.
WARNING: [SYN 201-303] Cannot apply functional unit assignment of 'Mul_LUT' (cora_graphsage_hls_test_bundle/build/cora_hls_bundle/hls/po2_qat_root_dynamic_const_weights_partitioned_h16/graphsage_po2_qat_partitioned.h:346) on 'insertvalue' operation 64 bit ('mrv_7', cora_graphsage_hls_test_bundle/build/cora_hls_bundle/hls/po2_qat_root_dynamic_const_weights_partitioned_h16/graphsage_po2_qat_partitioned.h:382) due to incompatible operation sets.
WARNING: [SYN 201-303] Cannot apply functional unit assignment of 'Mul_LUT' (cora_graphsage_hls_test_bundle/build/cora_hls_bundle/hls/po2_qat_root_dynamic_const_weights_partitioned_h16/graphsage_po2_qat_partitioned.h:346) on 'insertvalue' operation 64 bit ('mrv_7', cora_graphsage_hls_test_bundle/build/cora_hls_bundle/hls/po2_qat_root_dynamic_const_weights_partitioned_h16/graphsage_po2_qat_partitioned.h:382) due to incompatible operation sets.
WARNING: [SYN 201-303] Cannot apply functional unit assignment of 'Mul_LUT' (cora_graphsage_hls_test_bundle/build/cora_hls_bundle/hls/po2_qat_root_dynamic_const_weights_partitioned_h16/graphsage_po2_qat_partitioned.h:346) on 'insertvalue' operation 64 bit ('mrv_7', cora_graphsage_hls_test_bundle/build/cora_hls_bundle/hls/po2_qat_root_dynamic_const_weights_partitioned_h16/graphsage_po2_qat_partitioned.h:382) due to incompatible operation sets.
INFO: [HLS 200-10] ----------------------------------------------------------------
INFO: [HLS 200-42] -- Implementing module 'l1_root_channel_false_0_true_s' 
INFO: [HLS 200-10] ----------------------------------------------------------------
INFO: [SCHED 204-11] Starting scheduling ...
INFO: [SCHED 204-61] Pipelining function 'l1_root_channel<false, 0, true>'.
INFO: [HLS 200-1470] Pipelining result : Target II = 1, Final II = 1, Depth = 10, function 'l1_root_channel<false, 0, true>'
INFO: [SCHED 204-11] Finished scheduling.
INFO: [HLS 200-111] Finished Scheduling: CPU user time: 0.86 seconds. CPU system time: 0.07 seconds. Elapsed time: 0.98 seconds; current allocated memory: 1.138 GB.
INFO: [BIND 205-100] Starting micro-architecture generation ...
INFO: [BIND 205-101] Performing variable lifetime analysis.
INFO: [BIND 205-101] Exploring resource sharing.
INFO: [BIND 205-101] Binding ...
INFO: [BIND 205-100] Finished micro-architecture generation.
INFO: [HLS 200-111] Finished Binding: CPU user time: 0.1 seconds. CPU system time: 0.01 seconds. Elapsed time: 0.16 seconds; current allocated memory: 1.138 GB.
INFO: [HLS 200-10] ----------------------------------------------------------------
INFO: [HLS 200-42] -- Implementing module 'l1_root_channel_false_1_true_s' 
INFO: [HLS 200-10] ----------------------------------------------------------------
INFO: [SCHED 204-11] Starting scheduling ...
INFO: [SCHED 204-61] Pipelining function 'l1_root_channel<false, 1, true>'.
INFO: [HLS 200-1470] Pipelining result : Target II = 1, Final II = 1, Depth = 10, function 'l1_root_channel<false, 1, true>'
INFO: [SCHED 204-11] Finished scheduling.
INFO: [HLS 200-111] Finished Scheduling: CPU user time: 0.42 seconds. CPU system time: 0 seconds. Elapsed time: 0.51 seconds; current allocated memory: 1.145 GB.
INFO: [BIND 205-100] Starting micro-architecture generation ...
INFO: [BIND 205-101] Performing variable lifetime analysis.
INFO: [BIND 205-101] Exploring resource sharing.
INFO: [BIND 205-101] Binding ...
INFO: [BIND 205-100] Finished micro-architecture generation.
INFO: [HLS 200-111] Finished Binding: CPU user time: 0.1 seconds. CPU system time: 0.01 seconds. Elapsed time: 0.14 seconds; current allocated memory: 1.145 GB.
INFO: [HLS 200-10] ----------------------------------------------------------------
INFO: [HLS 200-42] -- Implementing module 'l1_root_channel_false_2_true_s' 
INFO: [HLS 200-10] ----------------------------------------------------------------
INFO: [SCHED 204-11] Starting scheduling ...
INFO: [SCHED 204-61] Pipelining function 'l1_root_channel<false, 2, true>'.
INFO: [HLS 200-1470] Pipelining result : Target II = 1, Final II = 1, Depth = 10, function 'l1_root_channel<false, 2, true>'
INFO: [SCHED 204-11] Finished scheduling.
INFO: [HLS 200-111] Finished Scheduling: CPU user time: 0.41 seconds. CPU system time: 0 seconds. Elapsed time: 0.47 seconds; current allocated memory: 1.152 GB.
INFO: [BIND 205-100] Starting micro-architecture generation ...
INFO: [BIND 205-101] Performing variable lifetime analysis.
INFO: [BIND 205-101] Exploring resource sharing.
INFO: [BIND 205-101] Binding ...
INFO: [BIND 205-100] Finished micro-architecture generation.
INFO: [HLS 200-111] Finished Binding: CPU user time: 0.09 seconds. CPU system time: 0.01 seconds. Elapsed time: 0.13 seconds; current allocated memory: 1.152 GB.
INFO: [HLS 200-10] ----------------------------------------------------------------
INFO: [HLS 200-42] -- Implementing module 'l1_root_channel_false_3_true_s' 
INFO: [HLS 200-10] ----------------------------------------------------------------
INFO: [SCHED 204-11] Starting scheduling ...
INFO: [SCHED 204-61] Pipelining function 'l1_root_channel<false, 3, true>'.
INFO: [HLS 200-1470] Pipelining result : Target II = 1, Final II = 1, Depth = 10, function 'l1_root_channel<false, 3, true>'
INFO: [SCHED 204-11] Finished scheduling.
INFO: [HLS 200-111] Finished Scheduling: CPU user time: 0.39 seconds. CPU system time: 0.01 seconds. Elapsed time: 0.44 seconds; current allocated memory: 1.159 GB.
INFO: [BIND 205-100] Starting micro-architecture generation ...
INFO: [BIND 205-101] Performing variable lifetime analysis.
INFO: [BIND 205-101] Exploring resource sharing.
INFO: [BIND 205-101] Binding ...
INFO: [BIND 205-100] Finished micro-architecture generation.
INFO: [HLS 200-111] Finished Binding: CPU user time: 0.09 seconds. CPU system time: 0 seconds. Elapsed time: 0.15 seconds; current allocated memory: 1.159 GB.
INFO: [HLS 200-10] ----------------------------------------------------------------
INFO: [HLS 200-42] -- Implementing module 'l1_root_channel_false_4_true_s' 
INFO: [HLS 200-10] ----------------------------------------------------------------
INFO: [SCHED 204-11] Starting scheduling ...
INFO: [SCHED 204-61] Pipelining function 'l1_root_channel<false, 4, true>'.
INFO: [HLS 200-1470] Pipelining result : Target II = 1, Final II = 1, Depth = 10, function 'l1_root_channel<false, 4, true>'
INFO: [SCHED 204-11] Finished scheduling.
INFO: [HLS 200-111] Finished Scheduling: CPU user time: 0.4 seconds. CPU system time: 0.01 seconds. Elapsed time: 0.46 seconds; current allocated memory: 1.166 GB.
INFO: [BIND 205-100] Starting micro-architecture generation ...
INFO: [BIND 205-101] Performing variable lifetime analysis.
INFO: [BIND 205-101] Exploring resource sharing.
INFO: [BIND 205-101] Binding ...
INFO: [BIND 205-100] Finished micro-architecture generation.
INFO: [HLS 200-111] Finished Binding: CPU user time: 0.09 seconds. CPU system time: 0.01 seconds. Elapsed time: 0.13 seconds; current allocated memory: 1.166 GB.
INFO: [HLS 200-10] ----------------------------------------------------------------
INFO: [HLS 200-42] -- Implementing module 'l1_root_channel_false_5_true_s' 
INFO: [HLS 200-10] ----------------------------------------------------------------
INFO: [SCHED 204-11] Starting scheduling ...
INFO: [SCHED 204-61] Pipelining function 'l1_root_channel<false, 5, true>'.
INFO: [HLS 200-1470] Pipelining result : Target II = 1, Final II = 1, Depth = 10, function 'l1_root_channel<false, 5, true>'
INFO: [SCHED 204-11] Finished scheduling.
INFO: [HLS 200-111] Finished Scheduling: CPU user time: 0.39 seconds. CPU system time: 0 seconds. Elapsed time: 0.44 seconds; current allocated memory: 1.173 GB.
INFO: [BIND 205-100] Starting micro-architecture generation ...
INFO: [BIND 205-101] Performing variable lifetime analysis.
INFO: [BIND 205-101] Exploring resource sharing.
INFO: [BIND 205-101] Binding ...
INFO: [BIND 205-100] Finished micro-architecture generation.
INFO: [HLS 200-111] Finished Binding: CPU user time: 0.08 seconds. CPU system time: 0 seconds. Elapsed time: 0.21 seconds; current allocated memory: 1.173 GB.
INFO: [HLS 200-10] ----------------------------------------------------------------
INFO: [HLS 200-42] -- Implementing module 'l1_root_channel_false_6_true_s' 
INFO: [HLS 200-10] ----------------------------------------------------------------
INFO: [SCHED 204-11] Starting scheduling ...
INFO: [SCHED 204-61] Pipelining function 'l1_root_channel<false, 6, true>'.
INFO: [HLS 200-1470] Pipelining result : Target II = 1, Final II = 1, Depth = 10, function 'l1_root_channel<false, 6, true>'
INFO: [SCHED 204-11] Finished scheduling.
INFO: [HLS 200-111] Finished Scheduling: CPU user time: 0.4 seconds. CPU system time: 0.01 seconds. Elapsed time: 0.45 seconds; current allocated memory: 1.180 GB.
INFO: [BIND 205-100] Starting micro-architecture generation ...
INFO: [BIND 205-101] Performing variable lifetime analysis.
INFO: [BIND 205-101] Exploring resource sharing.
INFO: [BIND 205-101] Binding ...
INFO: [BIND 205-100] Finished micro-architecture generation.
INFO: [HLS 200-111] Finished Binding: CPU user time: 0.08 seconds. CPU system time: 0 seconds. Elapsed time: 0.16 seconds; current allocated memory: 1.180 GB.
INFO: [HLS 200-10] ----------------------------------------------------------------
INFO: [HLS 200-42] -- Implementing module 'l1_root_channel_false_7_true_s' 
INFO: [HLS 200-10] ----------------------------------------------------------------
INFO: [SCHED 204-11] Starting scheduling ...
INFO: [SCHED 204-61] Pipelining function 'l1_root_channel<false, 7, true>'.
INFO: [HLS 200-1470] Pipelining result : Target II = 1, Final II = 1, Depth = 10, function 'l1_root_channel<false, 7, true>'
INFO: [SCHED 204-11] Finished scheduling.
INFO: [HLS 200-111] Finished Scheduling: CPU user time: 0.41 seconds. CPU system time: 0.01 seconds. Elapsed time: 0.47 seconds; current allocated memory: 1.187 GB.
INFO: [BIND 205-100] Starting micro-architecture generation ...
INFO: [BIND 205-101] Performing variable lifetime analysis.
INFO: [BIND 205-101] Exploring resource sharing.
INFO: [BIND 205-101] Binding ...
INFO: [BIND 205-100] Finished micro-architecture generation.
INFO: [HLS 200-111] Finished Binding: CPU user time: 0.09 seconds. CPU system time: 0 seconds. Elapsed time: 0.15 seconds; current allocated memory: 1.187 GB.
INFO: [HLS 200-10] ----------------------------------------------------------------
INFO: [HLS 200-42] -- Implementing module 'l1_neighbor_channel_false_0_true_s' 
INFO: [HLS 200-10] ----------------------------------------------------------------
INFO: [SCHED 204-11] Starting scheduling ...
INFO: [SCHED 204-61] Pipelining function 'l1_neighbor_channel<false, 0, true>'.
INFO: [HLS 200-1470] Pipelining result : Target II = 1, Final II = 1, Depth = 11, function 'l1_neighbor_channel<false, 0, true>'
INFO: [SCHED 204-11] Finished scheduling.
INFO: [HLS 200-111] Finished Scheduling: CPU user time: 0.41 seconds. CPU system time: 0.01 seconds. Elapsed time: 0.52 seconds; current allocated memory: 1.194 GB.
INFO: [BIND 205-100] Starting micro-architecture generation ...
INFO: [BIND 205-101] Performing variable lifetime analysis.
INFO: [BIND 205-101] Exploring resource sharing.
INFO: [BIND 205-101] Binding ...
INFO: [BIND 205-100] Finished micro-architecture generation.
INFO: [HLS 200-111] Finished Binding: CPU user time: 0.09 seconds. CPU system time: 0 seconds. Elapsed time: 0.12 seconds; current allocated memory: 1.194 GB.
INFO: [HLS 200-10] ----------------------------------------------------------------
INFO: [HLS 200-42] -- Implementing module 'l1_neighbor_channel_false_1_true_s' 
INFO: [HLS 200-10] ----------------------------------------------------------------
INFO: [SCHED 204-11] Starting scheduling ...
INFO: [SCHED 204-61] Pipelining function 'l1_neighbor_channel<false, 1, true>'.
INFO: [HLS 200-1470] Pipelining result : Target II = 1, Final II = 1, Depth = 10, function 'l1_neighbor_channel<false, 1, true>'
INFO: [SCHED 204-11] Finished scheduling.
INFO: [HLS 200-111] Finished Scheduling: CPU user time: 0.41 seconds. CPU system time: 0.01 seconds. Elapsed time: 0.47 seconds; current allocated memory: 1.201 GB.
INFO: [BIND 205-100] Starting micro-architecture generation ...
INFO: [BIND 205-101] Performing variable lifetime analysis.
INFO: [BIND 205-101] Exploring resource sharing.
INFO: [BIND 205-101] Binding ...
INFO: [BIND 205-100] Finished micro-architecture generation.
INFO: [HLS 200-111] Finished Binding: CPU user time: 0.09 seconds. CPU system time: 0 seconds. Elapsed time: 0.19 seconds; current allocated memory: 1.201 GB.
INFO: [HLS 200-10] ----------------------------------------------------------------
INFO: [HLS 200-42] -- Implementing module 'l1_neighbor_channel_false_2_true_s' 
INFO: [HLS 200-10] ----------------------------------------------------------------
INFO: [SCHED 204-11] Starting scheduling ...
INFO: [SCHED 204-61] Pipelining function 'l1_neighbor_channel<false, 2, true>'.
INFO: [HLS 200-1470] Pipelining result : Target II = 1, Final II = 1, Depth = 10, function 'l1_neighbor_channel<false, 2, true>'
INFO: [SCHED 204-11] Finished scheduling.
INFO: [HLS 200-111] Finished Scheduling: CPU user time: 0.39 seconds. CPU system time: 0.01 seconds. Elapsed time: 0.52 seconds; current allocated memory: 1.208 GB.
INFO: [BIND 205-100] Starting micro-architecture generation ...
INFO: [BIND 205-101] Performing variable lifetime analysis.
INFO: [BIND 205-101] Exploring resource sharing.
INFO: [BIND 205-101] Binding ...
INFO: [BIND 205-100] Finished micro-architecture generation.
INFO: [HLS 200-111] Finished Binding: CPU user time: 0.09 seconds. CPU system time: 0.01 seconds. Elapsed time: 0.15 seconds; current allocated memory: 1.208 GB.
INFO: [HLS 200-10] ----------------------------------------------------------------
INFO: [HLS 200-42] -- Implementing module 'l1_neighbor_channel_false_3_true_s' 
INFO: [HLS 200-10] ----------------------------------------------------------------
INFO: [SCHED 204-11] Starting scheduling ...
INFO: [SCHED 204-61] Pipelining function 'l1_neighbor_channel<false, 3, true>'.
INFO: [HLS 200-1470] Pipelining result : Target II = 1, Final II = 1, Depth = 9, function 'l1_neighbor_channel<false, 3, true>'
INFO: [SCHED 204-11] Finished scheduling.
INFO: [HLS 200-111] Finished Scheduling: CPU user time: 0.37 seconds. CPU system time: 0 seconds. Elapsed time: 0.43 seconds; current allocated memory: 1.214 GB.
INFO: [BIND 205-100] Starting micro-architecture generation ...
INFO: [BIND 205-101] Performing variable lifetime analysis.
INFO: [BIND 205-101] Exploring resource sharing.
INFO: [BIND 205-101] Binding ...
INFO: [BIND 205-100] Finished micro-architecture generation.
INFO: [HLS 200-111] Finished Binding: CPU user time: 0.08 seconds. CPU system time: 0.01 seconds. Elapsed time: 0.14 seconds; current allocated memory: 1.214 GB.
INFO: [HLS 200-10] ----------------------------------------------------------------
INFO: [HLS 200-42] -- Implementing module 'l1_neighbor_channel_false_4_true_s' 
INFO: [HLS 200-10] ----------------------------------------------------------------
INFO: [SCHED 204-11] Starting scheduling ...
INFO: [SCHED 204-61] Pipelining function 'l1_neighbor_channel<false, 4, true>'.
INFO: [HLS 200-1470] Pipelining result : Target II = 1, Final II = 1, Depth = 10, function 'l1_neighbor_channel<false, 4, true>'
INFO: [SCHED 204-11] Finished scheduling.
INFO: [HLS 200-111] Finished Scheduling: CPU user time: 0.4 seconds. CPU system time: 0 seconds. Elapsed time: 0.45 seconds; current allocated memory: 1.221 GB.
INFO: [BIND 205-100] Starting micro-architecture generation ...
INFO: [BIND 205-101] Performing variable lifetime analysis.
INFO: [BIND 205-101] Exploring resource sharing.
INFO: [BIND 205-101] Binding ...
INFO: [BIND 205-100] Finished micro-architecture generation.
INFO: [HLS 200-111] Finished Binding: CPU user time: 0.09 seconds. CPU system time: 0 seconds. Elapsed time: 0.22 seconds; current allocated memory: 1.221 GB.
INFO: [HLS 200-10] ----------------------------------------------------------------
INFO: [HLS 200-42] -- Implementing module 'l1_neighbor_channel_false_5_true_s' 
INFO: [HLS 200-10] ----------------------------------------------------------------
INFO: [SCHED 204-11] Starting scheduling ...
INFO: [SCHED 204-61] Pipelining function 'l1_neighbor_channel<false, 5, true>'.
INFO: [HLS 200-1470] Pipelining result : Target II = 1, Final II = 1, Depth = 11, function 'l1_neighbor_channel<false, 5, true>'
INFO: [SCHED 204-11] Finished scheduling.
INFO: [HLS 200-111] Finished Scheduling: CPU user time: 0.4 seconds. CPU system time: 0.01 seconds. Elapsed time: 0.48 seconds; current allocated memory: 1.228 GB.
INFO: [BIND 205-100] Starting micro-architecture generation ...
INFO: [BIND 205-101] Performing variable lifetime analysis.
INFO: [BIND 205-101] Exploring resource sharing.
INFO: [BIND 205-101] Binding ...
INFO: [BIND 205-100] Finished micro-architecture generation.
INFO: [HLS 200-111] Finished Binding: CPU user time: 0.09 seconds. CPU system time: 0 seconds. Elapsed time: 0.13 seconds; current allocated memory: 1.228 GB.
INFO: [HLS 200-10] ----------------------------------------------------------------
INFO: [HLS 200-42] -- Implementing module 'l1_neighbor_channel_false_6_true_s' 
INFO: [HLS 200-10] ----------------------------------------------------------------
INFO: [SCHED 204-11] Starting scheduling ...
INFO: [SCHED 204-61] Pipelining function 'l1_neighbor_channel<false, 6, true>'.
INFO: [HLS 200-1470] Pipelining result : Target II = 1, Final II = 1, Depth = 10, function 'l1_neighbor_channel<false, 6, true>'
INFO: [SCHED 204-11] Finished scheduling.
INFO: [HLS 200-111] Finished Scheduling: CPU user time: 0.42 seconds. CPU system time: 0.01 seconds. Elapsed time: 0.48 seconds; current allocated memory: 1.235 GB.
INFO: [BIND 205-100] Starting micro-architecture generation ...
INFO: [BIND 205-101] Performing variable lifetime analysis.
INFO: [BIND 205-101] Exploring resource sharing.
INFO: [BIND 205-101] Binding ...
INFO: [BIND 205-100] Finished micro-architecture generation.
INFO: [HLS 200-111] Finished Binding: CPU user time: 0.09 seconds. CPU system time: 0 seconds. Elapsed time: 0.16 seconds; current allocated memory: 1.235 GB.
INFO: [HLS 200-10] ----------------------------------------------------------------
INFO: [HLS 200-42] -- Implementing module 'l1_neighbor_channel_false_7_true_s' 
INFO: [HLS 200-10] ----------------------------------------------------------------
INFO: [SCHED 204-11] Starting scheduling ...
INFO: [SCHED 204-61] Pipelining function 'l1_neighbor_channel<false, 7, true>'.
INFO: [HLS 200-1470] Pipelining result : Target II = 1, Final II = 1, Depth = 10, function 'l1_neighbor_channel<false, 7, true>'
INFO: [SCHED 204-11] Finished scheduling.
INFO: [HLS 200-111] Finished Scheduling: CPU user time: 0.39 seconds. CPU system time: 0.01 seconds. Elapsed time: 0.58 seconds; current allocated memory: 1.242 GB.
INFO: [BIND 205-100] Starting micro-architecture generation ...
INFO: [BIND 205-101] Performing variable lifetime analysis.
INFO: [BIND 205-101] Exploring resource sharing.
INFO: [BIND 205-101] Binding ...
INFO: [BIND 205-100] Finished micro-architecture generation.
INFO: [HLS 200-111] Finished Binding: CPU user time: 0.08 seconds. CPU system time: 0 seconds. Elapsed time: 0.12 seconds; current allocated memory: 1.242 GB.
INFO: [HLS 200-10] ----------------------------------------------------------------
INFO: [HLS 200-42] -- Implementing module 'l2_root_channel_false_0_true_s' 
INFO: [HLS 200-10] ----------------------------------------------------------------
INFO: [SCHED 204-11] Starting scheduling ...
INFO: [SCHED 204-61] Pipelining function 'l2_root_channel<false, 0, true>'.
INFO: [HLS 200-1470] Pipelining result : Target II = 1, Final II = 1, Depth = 7, function 'l2_root_channel<false, 0, true>'
INFO: [SCHED 204-11] Finished scheduling.
INFO: [HLS 200-111] Finished Scheduling: CPU user time: 0.2 seconds. CPU system time: 0.01 seconds. Elapsed time: 0.24 seconds; current allocated memory: 1.246 GB.
INFO: [BIND 205-100] Starting micro-architecture generation ...
INFO: [BIND 205-101] Performing variable lifetime analysis.
INFO: [BIND 205-101] Exploring resource sharing.
INFO: [BIND 205-101] Binding ...
INFO: [BIND 205-100] Finished micro-architecture generation.
INFO: [HLS 200-111] Finished Binding: CPU user time: 0.04 seconds. CPU system time: 0 seconds. Elapsed time: 0.09 seconds; current allocated memory: 1.246 GB.
INFO: [HLS 200-10] ----------------------------------------------------------------
INFO: [HLS 200-42] -- Implementing module 'l2_root_channel_false_1_true_s' 
INFO: [HLS 200-10] ----------------------------------------------------------------
INFO: [SCHED 204-11] Starting scheduling ...
INFO: [SCHED 204-61] Pipelining function 'l2_root_channel<false, 1, true>'.
INFO: [HLS 200-1470] Pipelining result : Target II = 1, Final II = 1, Depth = 7, function 'l2_root_channel<false, 1, true>'
INFO: [SCHED 204-11] Finished scheduling.
INFO: [HLS 200-111] Finished Scheduling: CPU user time: 0.16 seconds. CPU system time: 0.01 seconds. Elapsed time: 0.2 seconds; current allocated memory: 1.249 GB.
INFO: [BIND 205-100] Starting micro-architecture generation ...
INFO: [BIND 205-101] Performing variable lifetime analysis.
INFO: [BIND 205-101] Exploring resource sharing.
INFO: [BIND 205-101] Binding ...
INFO: [BIND 205-100] Finished micro-architecture generation.
INFO: [HLS 200-111] Finished Binding: CPU user time: 0.04 seconds. CPU system time: 0 seconds. Elapsed time: 0.17 seconds; current allocated memory: 1.249 GB.
INFO: [HLS 200-10] ----------------------------------------------------------------
INFO: [HLS 200-42] -- Implementing module 'l2_root_channel_false_2_true_s' 
INFO: [HLS 200-10] ----------------------------------------------------------------
INFO: [SCHED 204-11] Starting scheduling ...
INFO: [SCHED 204-61] Pipelining function 'l2_root_channel<false, 2, true>'.
INFO: [HLS 200-1470] Pipelining result : Target II = 1, Final II = 1, Depth = 7, function 'l2_root_channel<false, 2, true>'
INFO: [SCHED 204-11] Finished scheduling.
INFO: [HLS 200-111] Finished Scheduling: CPU user time: 0.17 seconds. CPU system time: 0 seconds. Elapsed time: 0.23 seconds; current allocated memory: 1.253 GB.
INFO: [BIND 205-100] Starting micro-architecture generation ...
INFO: [BIND 205-101] Performing variable lifetime analysis.
INFO: [BIND 205-101] Exploring resource sharing.
INFO: [BIND 205-101] Binding ...
INFO: [BIND 205-100] Finished micro-architecture generation.
INFO: [HLS 200-111] Finished Binding: CPU user time: 0.05 seconds. CPU system time: 0 seconds. Elapsed time: 0.16 seconds; current allocated memory: 1.253 GB.
INFO: [HLS 200-10] ----------------------------------------------------------------
INFO: [HLS 200-42] -- Implementing module 'l2_root_channel_false_3_true_s' 
INFO: [HLS 200-10] ----------------------------------------------------------------
INFO: [SCHED 204-11] Starting scheduling ...
INFO: [SCHED 204-61] Pipelining function 'l2_root_channel<false, 3, true>'.
INFO: [HLS 200-1470] Pipelining result : Target II = 1, Final II = 1, Depth = 8, function 'l2_root_channel<false, 3, true>'
INFO: [SCHED 204-11] Finished scheduling.
INFO: [HLS 200-111] Finished Scheduling: CPU user time: 0.18 seconds. CPU system time: 0.01 seconds. Elapsed time: 0.28 seconds; current allocated memory: 1.256 GB.
INFO: [BIND 205-100] Starting micro-architecture generation ...
INFO: [BIND 205-101] Performing variable lifetime analysis.
INFO: [BIND 205-101] Exploring resource sharing.
INFO: [BIND 205-101] Binding ...
INFO: [BIND 205-100] Finished micro-architecture generation.
INFO: [HLS 200-111] Finished Binding: CPU user time: 0.04 seconds. CPU system time: 0 seconds. Elapsed time: 0.09 seconds; current allocated memory: 1.256 GB.
INFO: [HLS 200-10] ----------------------------------------------------------------
INFO: [HLS 200-42] -- Implementing module 'l2_root_channel_false_4_true_s' 
INFO: [HLS 200-10] ----------------------------------------------------------------
INFO: [SCHED 204-11] Starting scheduling ...
INFO: [SCHED 204-61] Pipelining function 'l2_root_channel<false, 4, true>'.
INFO: [HLS 200-1470] Pipelining result : Target II = 1, Final II = 1, Depth = 7, function 'l2_root_channel<false, 4, true>'
INFO: [SCHED 204-11] Finished scheduling.
INFO: [HLS 200-111] Finished Scheduling: CPU user time: 0.16 seconds. CPU system time: 0 seconds. Elapsed time: 0.2 seconds; current allocated memory: 1.259 GB.
INFO: [BIND 205-100] Starting micro-architecture generation ...
INFO: [BIND 205-101] Performing variable lifetime analysis.
INFO: [BIND 205-101] Exploring resource sharing.
INFO: [BIND 205-101] Binding ...
INFO: [BIND 205-100] Finished micro-architecture generation.
INFO: [HLS 200-111] Finished Binding: CPU user time: 0.03 seconds. CPU system time: 0.01 seconds. Elapsed time: 0.14 seconds; current allocated memory: 1.259 GB.
INFO: [HLS 200-10] ----------------------------------------------------------------
INFO: [HLS 200-42] -- Implementing module 'l2_root_channel_false_5_true_s' 
INFO: [HLS 200-10] ----------------------------------------------------------------
INFO: [SCHED 204-11] Starting scheduling ...
INFO: [SCHED 204-61] Pipelining function 'l2_root_channel<false, 5, true>'.
INFO: [HLS 200-1470] Pipelining result : Target II = 1, Final II = 1, Depth = 7, function 'l2_root_channel<false, 5, true>'
INFO: [SCHED 204-11] Finished scheduling.
INFO: [HLS 200-111] Finished Scheduling: CPU user time: 0.17 seconds. CPU system time: 0 seconds. Elapsed time: 0.22 seconds; current allocated memory: 1.262 GB.
INFO: [BIND 205-100] Starting micro-architecture generation ...
INFO: [BIND 205-101] Performing variable lifetime analysis.
INFO: [BIND 205-101] Exploring resource sharing.
INFO: [BIND 205-101] Binding ...
INFO: [BIND 205-100] Finished micro-architecture generation.
INFO: [HLS 200-111] Finished Binding: CPU user time: 0.04 seconds. CPU system time: 0 seconds. Elapsed time: 0.11 seconds; current allocated memory: 1.262 GB.
INFO: [HLS 200-10] ----------------------------------------------------------------
INFO: [HLS 200-42] -- Implementing module 'l2_root_channel_false_6_true_s' 
INFO: [HLS 200-10] ----------------------------------------------------------------
INFO: [SCHED 204-11] Starting scheduling ...
INFO: [SCHED 204-61] Pipelining function 'l2_root_channel<false, 6, true>'.
INFO: [HLS 200-1470] Pipelining result : Target II = 1, Final II = 1, Depth = 7, function 'l2_root_channel<false, 6, true>'
INFO: [SCHED 204-11] Finished scheduling.
INFO: [HLS 200-111] Finished Scheduling: CPU user time: 0.17 seconds. CPU system time: 0.01 seconds. Elapsed time: 0.21 seconds; current allocated memory: 1.266 GB.
INFO: [BIND 205-100] Starting micro-architecture generation ...
INFO: [BIND 205-101] Performing variable lifetime analysis.
INFO: [BIND 205-101] Exploring resource sharing.
INFO: [BIND 205-101] Binding ...
INFO: [BIND 205-100] Finished micro-architecture generation.
INFO: [HLS 200-111] Finished Binding: CPU user time: 0.04 seconds. CPU system time: 0 seconds. Elapsed time: 0.11 seconds; current allocated memory: 1.266 GB.
INFO: [HLS 200-10] ----------------------------------------------------------------
INFO: [HLS 200-42] -- Implementing module 'l2_neighbor_channel_false_0_true_s' 
INFO: [HLS 200-10] ----------------------------------------------------------------
INFO: [SCHED 204-11] Starting scheduling ...
INFO: [SCHED 204-61] Pipelining function 'l2_neighbor_channel<false, 0, true>'.
INFO: [HLS 200-1470] Pipelining result : Target II = 1, Final II = 1, Depth = 7, function 'l2_neighbor_channel<false, 0, true>'
INFO: [SCHED 204-11] Finished scheduling.
INFO: [HLS 200-111] Finished Scheduling: CPU user time: 0.18 seconds. CPU system time: 0 seconds. Elapsed time: 0.22 seconds; current allocated memory: 1.269 GB.
INFO: [BIND 205-100] Starting micro-architecture generation ...
INFO: [BIND 205-101] Performing variable lifetime analysis.
INFO: [BIND 205-101] Exploring resource sharing.
INFO: [BIND 205-101] Binding ...
INFO: [BIND 205-100] Finished micro-architecture generation.
INFO: [HLS 200-111] Finished Binding: CPU user time: 0.05 seconds. CPU system time: 0.01 seconds. Elapsed time: 0.08 seconds; current allocated memory: 1.269 GB.
INFO: [HLS 200-10] ----------------------------------------------------------------
INFO: [HLS 200-42] -- Implementing module 'l2_neighbor_channel_false_1_true_s' 
INFO: [HLS 200-10] ----------------------------------------------------------------
INFO: [SCHED 204-11] Starting scheduling ...
INFO: [SCHED 204-61] Pipelining function 'l2_neighbor_channel<false, 1, true>'.
INFO: [HLS 200-1470] Pipelining result : Target II = 1, Final II = 1, Depth = 7, function 'l2_neighbor_channel<false, 1, true>'
INFO: [SCHED 204-11] Finished scheduling.
INFO: [HLS 200-111] Finished Scheduling: CPU user time: 0.17 seconds. CPU system time: 0 seconds. Elapsed time: 0.22 seconds; current allocated memory: 1.273 GB.
INFO: [BIND 205-100] Starting micro-architecture generation ...
INFO: [BIND 205-101] Performing variable lifetime analysis.
INFO: [BIND 205-101] Exploring resource sharing.
INFO: [BIND 205-101] Binding ...
INFO: [BIND 205-100] Finished micro-architecture generation.
INFO: [HLS 200-111] Finished Binding: CPU user time: 0.04 seconds. CPU system time: 0 seconds. Elapsed time: 0.06 seconds; current allocated memory: 1.273 GB.
INFO: [HLS 200-10] ----------------------------------------------------------------
INFO: [HLS 200-42] -- Implementing module 'l2_neighbor_channel_false_2_true_s' 
INFO: [HLS 200-10] ----------------------------------------------------------------
INFO: [SCHED 204-11] Starting scheduling ...
INFO: [SCHED 204-61] Pipelining function 'l2_neighbor_channel<false, 2, true>'.
INFO: [HLS 200-1470] Pipelining result : Target II = 1, Final II = 1, Depth = 8, function 'l2_neighbor_channel<false, 2, true>'
INFO: [SCHED 204-11] Finished scheduling.
INFO: [HLS 200-111] Finished Scheduling: CPU user time: 0.18 seconds. CPU system time: 0.01 seconds. Elapsed time: 0.25 seconds; current allocated memory: 1.276 GB.
INFO: [BIND 205-100] Starting micro-architecture generation ...
INFO: [BIND 205-101] Performing variable lifetime analysis.
INFO: [BIND 205-101] Exploring resource sharing.
INFO: [BIND 205-101] Binding ...
INFO: [BIND 205-100] Finished micro-architecture generation.
INFO: [HLS 200-111] Finished Binding: CPU user time: 0.05 seconds. CPU system time: 0 seconds. Elapsed time: 0.08 seconds; current allocated memory: 1.276 GB.
INFO: [HLS 200-10] ----------------------------------------------------------------
INFO: [HLS 200-42] -- Implementing module 'l2_neighbor_channel_false_3_true_s' 
INFO: [HLS 200-10] ----------------------------------------------------------------
INFO: [SCHED 204-11] Starting scheduling ...
INFO: [SCHED 204-61] Pipelining function 'l2_neighbor_channel<false, 3, true>'.
INFO: [HLS 200-1470] Pipelining result : Target II = 1, Final II = 1, Depth = 7, function 'l2_neighbor_channel<false, 3, true>'
INFO: [SCHED 204-11] Finished scheduling.
INFO: [HLS 200-111] Finished Scheduling: CPU user time: 0.17 seconds. CPU system time: 0.01 seconds. Elapsed time: 0.22 seconds; current allocated memory: 1.280 GB.
INFO: [BIND 205-100] Starting micro-architecture generation ...
INFO: [BIND 205-101] Performing variable lifetime analysis.
INFO: [BIND 205-101] Exploring resource sharing.
INFO: [BIND 205-101] Binding ...
INFO: [BIND 205-100] Finished micro-architecture generation.
INFO: [HLS 200-111] Finished Binding: CPU user time: 0.05 seconds. CPU system time: 0 seconds. Elapsed time: 0.07 seconds; current allocated memory: 1.280 GB.
INFO: [HLS 200-10] ----------------------------------------------------------------
INFO: [HLS 200-42] -- Implementing module 'l2_neighbor_channel_false_4_true_s' 
INFO: [HLS 200-10] ----------------------------------------------------------------
INFO: [SCHED 204-11] Starting scheduling ...
INFO: [SCHED 204-61] Pipelining function 'l2_neighbor_channel<false, 4, true>'.
INFO: [HLS 200-1470] Pipelining result : Target II = 1, Final II = 1, Depth = 7, function 'l2_neighbor_channel<false, 4, true>'
INFO: [SCHED 204-11] Finished scheduling.
INFO: [HLS 200-111] Finished Scheduling: CPU user time: 0.17 seconds. CPU system time: 0 seconds. Elapsed time: 0.21 seconds; current allocated memory: 1.283 GB.
INFO: [BIND 205-100] Starting micro-architecture generation ...
INFO: [BIND 205-101] Performing variable lifetime analysis.
INFO: [BIND 205-101] Exploring resource sharing.
INFO: [BIND 205-101] Binding ...
INFO: [BIND 205-100] Finished micro-architecture generation.
INFO: [HLS 200-111] Finished Binding: CPU user time: 0.05 seconds. CPU system time: 0 seconds. Elapsed time: 0.06 seconds; current allocated memory: 1.283 GB.
INFO: [HLS 200-10] ----------------------------------------------------------------
INFO: [HLS 200-42] -- Implementing module 'l2_neighbor_channel_false_5_true_s' 
INFO: [HLS 200-10] ----------------------------------------------------------------
INFO: [SCHED 204-11] Starting scheduling ...
INFO: [SCHED 204-61] Pipelining function 'l2_neighbor_channel<false, 5, true>'.
INFO: [HLS 200-1470] Pipelining result : Target II = 1, Final II = 1, Depth = 7, function 'l2_neighbor_channel<false, 5, true>'
INFO: [SCHED 204-11] Finished scheduling.
INFO: [HLS 200-111] Finished Scheduling: CPU user time: 0.17 seconds. CPU system time: 0.01 seconds. Elapsed time: 0.23 seconds; current allocated memory: 1.287 GB.
INFO: [BIND 205-100] Starting micro-architecture generation ...
INFO: [BIND 205-101] Performing variable lifetime analysis.
INFO: [BIND 205-101] Exploring resource sharing.
INFO: [BIND 205-101] Binding ...
INFO: [BIND 205-100] Finished micro-architecture generation.
INFO: [HLS 200-111] Finished Binding: CPU user time: 0.05 seconds. CPU system time: 0 seconds. Elapsed time: 0.11 seconds; current allocated memory: 1.287 GB.
INFO: [HLS 200-10] ----------------------------------------------------------------
INFO: [HLS 200-42] -- Implementing module 'l2_neighbor_channel_false_6_true_s' 
INFO: [HLS 200-10] ----------------------------------------------------------------
INFO: [SCHED 204-11] Starting scheduling ...
INFO: [SCHED 204-61] Pipelining function 'l2_neighbor_channel<false, 6, true>'.
INFO: [HLS 200-1470] Pipelining result : Target II = 1, Final II = 1, Depth = 7, function 'l2_neighbor_channel<false, 6, true>'
INFO: [SCHED 204-11] Finished scheduling.
INFO: [HLS 200-111] Finished Scheduling: CPU user time: 0.17 seconds. CPU system time: 0.01 seconds. Elapsed time: 0.27 seconds; current allocated memory: 1.290 GB.
INFO: [BIND 205-100] Starting micro-architecture generation ...
INFO: [BIND 205-101] Performing variable lifetime analysis.
INFO: [BIND 205-101] Exploring resource sharing.
INFO: [BIND 205-101] Binding ...
INFO: [BIND 205-100] Finished micro-architecture generation.
INFO: [HLS 200-111] Finished Binding: CPU user time: 0.05 seconds. CPU system time: 0 seconds. Elapsed time: 0.07 seconds; current allocated memory: 1.290 GB.
INFO: [HLS 200-10] ----------------------------------------------------------------
INFO: [HLS 200-42] -- Implementing module 'graphsage_po2_qat_partitioned' 
INFO: [HLS 200-10] ----------------------------------------------------------------
INFO: [SCHED 204-11] Starting scheduling ...
INFO: [SCHED 204-61] Pipelining function 'graphsage_po2_qat_partitioned'.
INFO: [HLS 200-1470] Pipelining result : Target II = 1, Final II = 1, Depth = 47, function 'graphsage_po2_qat_partitioned'
INFO: [SCHED 204-11] Finished scheduling.
INFO: [HLS 200-111] Finished Scheduling: CPU user time: 9.38 seconds. CPU system time: 0.04 seconds. Elapsed time: 9.55 seconds; current allocated memory: 1.401 GB.
INFO: [BIND 205-100] Starting micro-architecture generation ...
INFO: [BIND 205-101] Performing variable lifetime analysis.
INFO: [BIND 205-101] Exploring resource sharing.
INFO: [BIND 205-101] Binding ...
INFO: [BIND 205-100] Finished micro-architecture generation.
INFO: [HLS 200-111] Finished Binding: CPU user time: 2.22 seconds. CPU system time: 0.03 seconds. Elapsed time: 2.46 seconds; current allocated memory: 1.417 GB.
INFO: [HLS 200-10] ----------------------------------------------------------------
INFO: [HLS 200-10] -- Generating RTL for module 'l1_root_channel_false_0_true_s' 
INFO: [HLS 200-10] ----------------------------------------------------------------
INFO: [RTGEN 206-100] Generating core module 'add_18s_18s_18_2_0': 8 instance(s).
INFO: [RTGEN 206-100] Generating core module 'mul_8s_3s_11_4_0': 8 instance(s).
INFO: [RTGEN 206-100] Generating core module 'mul_8s_5ns_13_4_0': 16 instance(s).
INFO: [RTGEN 206-100] Generating core module 'mul_8s_5s_13_4_0': 8 instance(s).
INFO: [RTGEN 206-100] Generating core module 'mul_8s_7ns_15_4_0': 16 instance(s).
INFO: [RTGEN 206-100] Generating core module 'mul_8s_7s_15_4_0': 24 instance(s).
INFO: [RTGEN 206-100] Generating core module 'mul_8s_8ns_16_4_0': 24 instance(s).
INFO: [RTGEN 206-100] Generating core module 'mul_8s_8s_16_4_0': 24 instance(s).
INFO: [RTGEN 206-100] Finished creating RTL model for 'l1_root_channel_false_0_true_s'.
INFO: [HLS 200-111] Finished Creating RTL model: CPU user time: 2 seconds. CPU system time: 0.03 seconds. Elapsed time: 2.43 seconds; current allocated memory: 1.417 GB.
INFO: [HLS 200-10] ----------------------------------------------------------------
INFO: [HLS 200-10] -- Generating RTL for module 'l1_root_channel_false_1_true_s' 
INFO: [HLS 200-10] ----------------------------------------------------------------
INFO: [RTGEN 206-100] Generating core module 'add_18ns_18s_18_2_0': 8 instance(s).
INFO: [RTGEN 206-100] Generating core module 'mul_8s_6ns_14_4_0': 32 instance(s).
INFO: [RTGEN 206-100] Generating core module 'mul_8s_6s_14_4_0': 8 instance(s).
INFO: [RTGEN 206-100] Generating core module 'mul_8s_7ns_15_4_0': 24 instance(s).
INFO: [RTGEN 206-100] Generating core module 'mul_8s_7s_15_4_0': 16 instance(s).
INFO: [RTGEN 206-100] Generating core module 'mul_8s_8ns_16_4_0': 8 instance(s).
INFO: [RTGEN 206-100] Generating core module 'mul_8s_8s_16_4_0': 40 instance(s).
INFO: [RTGEN 206-100] Finished creating RTL model for 'l1_root_channel_false_1_true_s'.
INFO: [HLS 200-111] Finished Creating RTL model: CPU user time: 0.6 seconds. CPU system time: 0.05 seconds. Elapsed time: 0.79 seconds; current allocated memory: 1.431 GB.
INFO: [HLS 200-10] ----------------------------------------------------------------
INFO: [HLS 200-10] -- Generating RTL for module 'l1_root_channel_false_2_true_s' 
INFO: [HLS 200-10] ----------------------------------------------------------------
INFO: [RTGEN 206-100] Generating core module 'add_18s_18s_18_2_0': 8 instance(s).
INFO: [RTGEN 206-100] Generating core module 'mul_8s_3s_11_4_0': 8 instance(s).
INFO: [RTGEN 206-100] Generating core module 'mul_8s_5ns_13_4_0': 16 instance(s).
INFO: [RTGEN 206-100] Generating core module 'mul_8s_6ns_14_4_0': 8 instance(s).
INFO: [RTGEN 206-100] Generating core module 'mul_8s_6s_14_4_0': 16 instance(s).
INFO: [RTGEN 206-100] Generating core module 'mul_8s_7ns_15_4_0': 16 instance(s).
INFO: [RTGEN 206-100] Generating core module 'mul_8s_7s_15_4_0': 16 instance(s).
INFO: [RTGEN 206-100] Generating core module 'mul_8s_8ns_16_4_0': 16 instance(s).
INFO: [RTGEN 206-100] Generating core module 'mul_8s_8s_16_4_0': 32 instance(s).
INFO: [RTGEN 206-100] Finished creating RTL model for 'l1_root_channel_false_2_true_s'.
INFO: [HLS 200-111] Finished Creating RTL model: CPU user time: 0.6 seconds. CPU system time: 0.04 seconds. Elapsed time: 0.77 seconds; current allocated memory: 1.450 GB.
INFO: [HLS 200-10] ----------------------------------------------------------------
INFO: [HLS 200-10] -- Generating RTL for module 'l1_root_channel_false_3_true_s' 
INFO: [HLS 200-10] ----------------------------------------------------------------
INFO: [RTGEN 206-100] Generating core module 'add_19s_19s_19_2_0': 8 instance(s).
INFO: [RTGEN 206-100] Generating core module 'mul_8s_3s_11_4_0': 8 instance(s).
INFO: [RTGEN 206-100] Generating core module 'mul_8s_6s_14_4_0': 16 instance(s).
INFO: [RTGEN 206-100] Generating core module 'mul_8s_7ns_15_4_0': 8 instance(s).
INFO: [RTGEN 206-100] Generating core module 'mul_8s_7s_15_4_0': 16 instance(s).
INFO: [RTGEN 206-100] Generating core module 'mul_8s_8ns_16_4_0': 32 instance(s).
INFO: [RTGEN 206-100] Generating core module 'mul_8s_8s_16_4_0': 40 instance(s).
INFO: [RTGEN 206-100] Finished creating RTL model for 'l1_root_channel_false_3_true_s'.
INFO: [HLS 200-111] Finished Creating RTL model: CPU user time: 0.61 seconds. CPU system time: 0.04 seconds. Elapsed time: 0.75 seconds; current allocated memory: 1.469 GB.
INFO: [HLS 200-10] ----------------------------------------------------------------
INFO: [HLS 200-10] -- Generating RTL for module 'l1_root_channel_false_4_true_s' 
INFO: [HLS 200-10] ----------------------------------------------------------------
INFO: [RTGEN 206-100] Generating core module 'add_19s_19s_19_2_0': 8 instance(s).
INFO: [RTGEN 206-100] Generating core module 'mul_8s_3s_11_4_0': 8 instance(s).
INFO: [RTGEN 206-100] Generating core module 'mul_8s_5s_13_4_0': 8 instance(s).
INFO: [RTGEN 206-100] Generating core module 'mul_8s_6s_14_4_0': 8 instance(s).
INFO: [RTGEN 206-100] Generating core module 'mul_8s_7s_15_4_0': 8 instance(s).
INFO: [RTGEN 206-100] Generating core module 'mul_8s_8ns_16_4_0': 32 instance(s).
INFO: [RTGEN 206-100] Generating core module 'mul_8s_8s_16_4_0': 64 instance(s).
INFO: [RTGEN 206-100] Finished creating RTL model for 'l1_root_channel_false_4_true_s'.
INFO: [HLS 200-111] Finished Creating RTL model: CPU user time: 0.6 seconds. CPU system time: 0.04 seconds. Elapsed time: 0.8 seconds; current allocated memory: 1.488 GB.
INFO: [HLS 200-10] ----------------------------------------------------------------
INFO: [HLS 200-10] -- Generating RTL for module 'l1_root_channel_false_5_true_s' 
INFO: [HLS 200-10] ----------------------------------------------------------------
INFO: [RTGEN 206-100] Generating core module 'add_18s_18s_18_2_0': 8 instance(s).
INFO: [RTGEN 206-100] Generating core module 'mul_8s_2s_10_4_0': 8 instance(s).
INFO: [RTGEN 206-100] Generating core module 'mul_8s_5s_13_4_0': 8 instance(s).
INFO: [RTGEN 206-100] Generating core module 'mul_8s_6ns_14_4_0': 16 instance(s).
INFO: [RTGEN 206-100] Generating core module 'mul_8s_7ns_15_4_0': 24 instance(s).
INFO: [RTGEN 206-100] Generating core module 'mul_8s_7s_15_4_0': 8 instance(s).
INFO: [RTGEN 206-100] Generating core module 'mul_8s_8ns_16_4_0': 32 instance(s).
INFO: [RTGEN 206-100] Generating core module 'mul_8s_8s_16_4_0': 24 instance(s).
INFO: [RTGEN 206-100] Finished creating RTL model for 'l1_root_channel_false_5_true_s'.
INFO: [HLS 200-111] Finished Creating RTL model: CPU user time: 0.59 seconds. CPU system time: 0.06 seconds. Elapsed time: 0.81 seconds; current allocated memory: 1.507 GB.
INFO: [HLS 200-10] ----------------------------------------------------------------
INFO: [HLS 200-10] -- Generating RTL for module 'l1_root_channel_false_6_true_s' 
INFO: [HLS 200-10] ----------------------------------------------------------------
INFO: [RTGEN 206-100] Generating core module 'add_18s_18s_18_2_0': 8 instance(s).
INFO: [RTGEN 206-100] Generating core module 'mul_8s_3s_11_4_0': 8 instance(s).
INFO: [RTGEN 206-100] Generating core module 'mul_8s_5s_13_4_0': 16 instance(s).
INFO: [RTGEN 206-100] Generating core module 'mul_8s_7ns_15_4_0': 8 instance(s).
INFO: [RTGEN 206-100] Generating core module 'mul_8s_7s_15_4_0': 40 instance(s).
INFO: [RTGEN 206-100] Generating core module 'mul_8s_8ns_16_4_0': 40 instance(s).
INFO: [RTGEN 206-100] Generating core module 'mul_8s_8s_16_4_0': 8 instance(s).
INFO: [RTGEN 206-100] Finished creating RTL model for 'l1_root_channel_false_6_true_s'.
INFO: [HLS 200-111] Finished Creating RTL model: CPU user time: 0.61 seconds. CPU system time: 0.02 seconds. Elapsed time: 0.8 seconds; current allocated memory: 1.526 GB.
INFO: [HLS 200-10] ----------------------------------------------------------------
INFO: [HLS 200-10] -- Generating RTL for module 'l1_root_channel_false_7_true_s' 
INFO: [HLS 200-10] ----------------------------------------------------------------
INFO: [RTGEN 206-100] Generating core module 'add_18s_18s_18_2_0': 8 instance(s).
INFO: [RTGEN 206-100] Generating core module 'mul_8s_3ns_11_4_0': 8 instance(s).
INFO: [RTGEN 206-100] Generating core module 'mul_8s_3s_11_4_0': 16 instance(s).
INFO: [RTGEN 206-100] Generating core module 'mul_8s_6ns_14_4_0': 8 instance(s).
INFO: [RTGEN 206-100] Generating core module 'mul_8s_6s_14_4_0': 8 instance(s).
INFO: [RTGEN 206-100] Generating core module 'mul_8s_7ns_15_4_0': 16 instance(s).
INFO: [RTGEN 206-100] Generating core module 'mul_8s_7s_15_4_0': 24 instance(s).
INFO: [RTGEN 206-100] Generating core module 'mul_8s_8ns_16_4_0': 16 instance(s).
INFO: [RTGEN 206-100] Generating core module 'mul_8s_8s_16_4_0': 24 instance(s).
INFO: [RTGEN 206-100] Finished creating RTL model for 'l1_root_channel_false_7_true_s'.
INFO: [HLS 200-111] Finished Creating RTL model: CPU user time: 0.62 seconds. CPU system time: 0.05 seconds. Elapsed time: 0.83 seconds; current allocated memory: 1.547 GB.
INFO: [HLS 200-10] ----------------------------------------------------------------
INFO: [HLS 200-10] -- Generating RTL for module 'l1_neighbor_channel_false_0_true_s' 
INFO: [HLS 200-10] ----------------------------------------------------------------
INFO: [RTGEN 206-100] Generating core module 'add_20s_20ns_20_2_0': 8 instance(s).
INFO: [RTGEN 206-100] Generating core module 'mul_8s_4ns_12_4_0': 8 instance(s).
INFO: [RTGEN 206-100] Generating core module 'mul_8s_4s_12_4_0': 8 instance(s).
INFO: [RTGEN 206-100] Generating core module 'mul_8s_6ns_14_4_0': 8 instance(s).
INFO: [RTGEN 206-100] Generating core module 'mul_8s_7ns_15_4_0': 24 instance(s).
INFO: [RTGEN 206-100] Generating core module 'mul_8s_7s_15_4_0': 8 instance(s).
INFO: [RTGEN 206-100] Generating core module 'mul_8s_8ns_16_4_0': 40 instance(s).
INFO: [RTGEN 206-100] Generating core module 'mul_8s_8s_16_4_0': 32 instance(s).
INFO: [RTGEN 206-100] Finished creating RTL model for 'l1_neighbor_channel_false_0_true_s'.
INFO: [HLS 200-111] Finished Creating RTL model: CPU user time: 0.65 seconds. CPU system time: 0.04 seconds. Elapsed time: 0.85 seconds; current allocated memory: 1.568 GB.
INFO: [HLS 200-10] ----------------------------------------------------------------
INFO: [HLS 200-10] -- Generating RTL for module 'l1_neighbor_channel_false_1_true_s' 
INFO: [HLS 200-10] ----------------------------------------------------------------
INFO: [RTGEN 206-100] Generating core module 'add_19s_19ns_19_2_0': 8 instance(s).
INFO: [RTGEN 206-100] Generating core module 'mul_8s_6ns_14_4_0': 16 instance(s).
INFO: [RTGEN 206-100] Generating core module 'mul_8s_6s_14_4_0': 8 instance(s).
INFO: [RTGEN 206-100] Generating core module 'mul_8s_7ns_15_4_0': 24 instance(s).
INFO: [RTGEN 206-100] Generating core module 'mul_8s_7s_15_4_0': 16 instance(s).
INFO: [RTGEN 206-100] Generating core module 'mul_8s_8ns_16_4_0': 32 instance(s).
INFO: [RTGEN 206-100] Generating core module 'mul_8s_8s_16_4_0': 24 instance(s).
INFO: [RTGEN 206-100] Finished creating RTL model for 'l1_neighbor_channel_false_1_true_s'.
INFO: [HLS 200-111] Finished Creating RTL model: CPU user time: 0.65 seconds. CPU system time: 0.03 seconds. Elapsed time: 0.83 seconds; current allocated memory: 1.588 GB.
INFO: [HLS 200-10] ----------------------------------------------------------------
INFO: [HLS 200-10] -- Generating RTL for module 'l1_neighbor_channel_false_2_true_s' 
INFO: [HLS 200-10] ----------------------------------------------------------------
INFO: [RTGEN 206-100] Generating core module 'add_19s_19s_19_2_0': 8 instance(s).
INFO: [RTGEN 206-100] Generating core module 'mul_8s_4ns_12_4_0': 8 instance(s).
INFO: [RTGEN 206-100] Generating core module 'mul_8s_6ns_14_4_0': 8 instance(s).
INFO: [RTGEN 206-100] Generating core module 'mul_8s_7ns_15_4_0': 32 instance(s).
INFO: [RTGEN 206-100] Generating core module 'mul_8s_7s_15_4_0': 32 instance(s).
INFO: [RTGEN 206-100] Generating core module 'mul_8s_8ns_16_4_0': 32 instance(s).
INFO: [RTGEN 206-100] Generating core module 'mul_8s_8s_16_4_0': 16 instance(s).
INFO: [RTGEN 206-100] Finished creating RTL model for 'l1_neighbor_channel_false_2_true_s'.
INFO: [HLS 200-111] Finished Creating RTL model: CPU user time: 0.63 seconds. CPU system time: 0.06 seconds. Elapsed time: 0.84 seconds; current allocated memory: 1.611 GB.
INFO: [HLS 200-10] ----------------------------------------------------------------
INFO: [HLS 200-10] -- Generating RTL for module 'l1_neighbor_channel_false_3_true_s' 
INFO: [HLS 200-10] ----------------------------------------------------------------
INFO: [RTGEN 206-100] Generating core module 'add_19s_19ns_19_2_0': 8 instance(s).
INFO: [RTGEN 206-100] Generating core module 'mul_8s_5ns_13_4_0': 8 instance(s).
INFO: [RTGEN 206-100] Generating core module 'mul_8s_5s_13_4_0': 8 instance(s).
INFO: [RTGEN 206-100] Generating core module 'mul_8s_7s_15_4_0': 8 instance(s).
INFO: [RTGEN 206-100] Generating core module 'mul_8s_8ns_16_4_0': 40 instance(s).
INFO: [RTGEN 206-100] Generating core module 'mul_8s_8s_16_4_0': 48 instance(s).
INFO: [RTGEN 206-100] Finished creating RTL model for 'l1_neighbor_channel_false_3_true_s'.
INFO: [HLS 200-111] Finished Creating RTL model: CPU user time: 0.59 seconds. CPU system time: 0.06 seconds. Elapsed time: 0.75 seconds; current allocated memory: 1.631 GB.
INFO: [HLS 200-10] ----------------------------------------------------------------
INFO: [HLS 200-10] -- Generating RTL for module 'l1_neighbor_channel_false_4_true_s' 
INFO: [HLS 200-10] ----------------------------------------------------------------
INFO: [RTGEN 206-100] Generating core module 'add_20s_20s_20_2_0': 8 instance(s).
INFO: [RTGEN 206-100] Generating core module 'mul_8s_4ns_12_4_0': 8 instance(s).
INFO: [RTGEN 206-100] Generating core module 'mul_8s_4s_12_4_0': 8 instance(s).
INFO: [RTGEN 206-100] Generating core module 'mul_8s_5ns_13_4_0': 8 instance(s).
INFO: [RTGEN 206-100] Generating core module 'mul_8s_6ns_14_4_0': 8 instance(s).
INFO: [RTGEN 206-100] Generating core module 'mul_8s_6s_14_4_0': 8 instance(s).
INFO: [RTGEN 206-100] Generating core module 'mul_8s_7ns_15_4_0': 16 instance(s).
INFO: [RTGEN 206-100] Generating core module 'mul_8s_7s_15_4_0': 16 instance(s).
INFO: [RTGEN 206-100] Generating core module 'mul_8s_8ns_16_4_0': 16 instance(s).
INFO: [RTGEN 206-100] Generating core module 'mul_8s_8s_16_4_0': 40 instance(s).
INFO: [RTGEN 206-100] Finished creating RTL model for 'l1_neighbor_channel_false_4_true_s'.
INFO: [HLS 200-111] Finished Creating RTL model: CPU user time: 0.6 seconds. CPU system time: 0.06 seconds. Elapsed time: 0.77 seconds; current allocated memory: 1.651 GB.
INFO: [HLS 200-10] ----------------------------------------------------------------
INFO: [HLS 200-10] -- Generating RTL for module 'l1_neighbor_channel_false_5_true_s' 
INFO: [HLS 200-10] ----------------------------------------------------------------
INFO: [RTGEN 206-100] Generating core module 'add_19s_19ns_19_2_0': 8 instance(s).
INFO: [RTGEN 206-100] Generating core module 'mul_8s_4ns_12_4_0': 8 instance(s).
INFO: [RTGEN 206-100] Generating core module 'mul_8s_6ns_14_4_0': 24 instance(s).
INFO: [RTGEN 206-100] Generating core module 'mul_8s_7ns_15_4_0': 16 instance(s).
INFO: [RTGEN 206-100] Generating core module 'mul_8s_7s_15_4_0': 16 instance(s).
INFO: [RTGEN 206-100] Generating core module 'mul_8s_8ns_16_4_0': 8 instance(s).
INFO: [RTGEN 206-100] Generating core module 'mul_8s_8s_16_4_0': 48 instance(s).
INFO: [RTGEN 206-100] Finished creating RTL model for 'l1_neighbor_channel_false_5_true_s'.
INFO: [HLS 200-111] Finished Creating RTL model: CPU user time: 0.65 seconds. CPU system time: 0.04 seconds. Elapsed time: 0.8 seconds; current allocated memory: 1.672 GB.
INFO: [HLS 200-10] ----------------------------------------------------------------
INFO: [HLS 200-10] -- Generating RTL for module 'l1_neighbor_channel_false_6_true_s' 
INFO: [HLS 200-10] ----------------------------------------------------------------
INFO: [RTGEN 206-100] Generating core module 'add_19s_19ns_19_2_0': 8 instance(s).
INFO: [RTGEN 206-100] Generating core module 'mul_8s_3ns_11_4_0': 8 instance(s).
INFO: [RTGEN 206-100] Generating core module 'mul_8s_4s_12_4_0': 8 instance(s).
INFO: [RTGEN 206-100] Generating core module 'mul_8s_6s_14_4_0': 8 instance(s).
INFO: [RTGEN 206-100] Generating core module 'mul_8s_7ns_15_4_0': 16 instance(s).
INFO: [RTGEN 206-100] Generating core module 'mul_8s_7s_15_4_0': 16 instance(s).
INFO: [RTGEN 206-100] Generating core module 'mul_8s_8ns_16_4_0': 48 instance(s).
INFO: [RTGEN 206-100] Generating core module 'mul_8s_8s_16_4_0': 24 instance(s).
INFO: [RTGEN 206-100] Finished creating RTL model for 'l1_neighbor_channel_false_6_true_s'.
INFO: [HLS 200-111] Finished Creating RTL model: CPU user time: 0.66 seconds. CPU system time: 0.05 seconds. Elapsed time: 0.84 seconds; current allocated memory: 1.693 GB.
INFO: [HLS 200-10] ----------------------------------------------------------------
INFO: [HLS 200-10] -- Generating RTL for module 'l1_neighbor_channel_false_7_true_s' 
INFO: [HLS 200-10] ----------------------------------------------------------------
INFO: [RTGEN 206-100] Generating core module 'add_19s_19s_19_2_0': 8 instance(s).
INFO: [RTGEN 206-100] Generating core module 'mul_8s_5ns_13_4_0': 8 instance(s).
INFO: [RTGEN 206-100] Generating core module 'mul_8s_7ns_15_4_0': 16 instance(s).
INFO: [RTGEN 206-100] Generating core module 'mul_8s_7s_15_4_0': 16 instance(s).
INFO: [RTGEN 206-100] Generating core module 'mul_8s_8ns_16_4_0': 24 instance(s).
INFO: [RTGEN 206-100] Generating core module 'mul_8s_8s_16_4_0': 56 instance(s).
INFO: [RTGEN 206-100] Finished creating RTL model for 'l1_neighbor_channel_false_7_true_s'.
INFO: [HLS 200-111] Finished Creating RTL model: CPU user time: 0.65 seconds. CPU system time: 0.05 seconds. Elapsed time: 0.79 seconds; current allocated memory: 1.714 GB.
INFO: [HLS 200-10] ----------------------------------------------------------------
INFO: [HLS 200-10] -- Generating RTL for module 'l2_root_channel_false_0_true_s' 
INFO: [HLS 200-10] ----------------------------------------------------------------
INFO: [RTGEN 206-100] Generating core module 'mul_7ns_4s_11_4_0': 8 instance(s).
INFO: [RTGEN 206-100] Generating core module 'mul_7ns_6ns_12_4_0': 16 instance(s).
INFO: [RTGEN 206-100] Generating core module 'mul_7ns_7s_14_4_0': 8 instance(s).
INFO: [RTGEN 206-100] Generating core module 'mul_7ns_8ns_14_4_0': 16 instance(s).
INFO: [RTGEN 206-100] Generating core module 'mul_7ns_8s_15_4_0': 16 instance(s).
INFO: [RTGEN 206-100] Finished creating RTL model for 'l2_root_channel_false_0_true_s'.
INFO: [HLS 200-111] Finished Creating RTL model: CPU user time: 0.48 seconds. CPU system time: 0.05 seconds. Elapsed time: 0.7 seconds; current allocated memory: 1.735 GB.
INFO: [HLS 200-10] ----------------------------------------------------------------
INFO: [HLS 200-10] -- Generating RTL for module 'l2_root_channel_false_1_true_s' 
INFO: [HLS 200-10] ----------------------------------------------------------------
INFO: [RTGEN 206-100] Generating core module 'mul_7ns_3ns_9_4_0': 8 instance(s).
INFO: [RTGEN 206-100] Generating core module 'mul_7ns_6s_13_4_0': 16 instance(s).
INFO: [RTGEN 206-100] Generating core module 'mul_7ns_8ns_14_4_0': 8 instance(s).
INFO: [RTGEN 206-100] Generating core module 'mul_7ns_8s_15_4_0': 16 instance(s).
INFO: [RTGEN 206-100] Finished creating RTL model for 'l2_root_channel_false_1_true_s'.
INFO: [HLS 200-111] Finished Creating RTL model: CPU user time: 0.35 seconds. CPU system time: 0.02 seconds. Elapsed time: 0.54 seconds; current allocated memory: 1.747 GB.
INFO: [HLS 200-10] ----------------------------------------------------------------
INFO: [HLS 200-10] -- Generating RTL for module 'l2_root_channel_false_2_true_s' 
INFO: [HLS 200-10] ----------------------------------------------------------------
INFO: [RTGEN 206-100] Generating core module 'mul_7ns_6ns_12_4_0': 8 instance(s).
INFO: [RTGEN 206-100] Generating core module 'mul_7ns_7ns_13_4_0': 8 instance(s).
INFO: [RTGEN 206-100] Generating core module 'mul_7ns_7s_14_4_0': 16 instance(s).
INFO: [RTGEN 206-100] Generating core module 'mul_7ns_8ns_14_4_0': 32 instance(s).
INFO: [RTGEN 206-100] Finished creating RTL model for 'l2_root_channel_false_2_true_s'.
INFO: [HLS 200-111] Finished Creating RTL model: CPU user time: 0.35 seconds. CPU system time: 0.02 seconds. Elapsed time: 0.47 seconds; current allocated memory: 1.757 GB.
INFO: [HLS 200-10] ----------------------------------------------------------------
INFO: [HLS 200-10] -- Generating RTL for module 'l2_root_channel_false_3_true_s' 
INFO: [HLS 200-10] ----------------------------------------------------------------
INFO: [RTGEN 206-100] Generating core module 'mul_7ns_7ns_13_4_0': 8 instance(s).
INFO: [RTGEN 206-100] Generating core module 'mul_7ns_7s_14_4_0': 8 instance(s).
INFO: [RTGEN 206-100] Generating core module 'mul_7ns_8ns_14_4_0': 8 instance(s).
INFO: [RTGEN 206-100] Generating core module 'mul_7ns_8s_15_4_0': 40 instance(s).
INFO: [RTGEN 206-100] Finished creating RTL model for 'l2_root_channel_false_3_true_s'.
INFO: [HLS 200-111] Finished Creating RTL model: CPU user time: 0.35 seconds. CPU system time: 0.04 seconds. Elapsed time: 0.51 seconds; current allocated memory: 1.768 GB.
INFO: [HLS 200-10] ----------------------------------------------------------------
INFO: [HLS 200-10] -- Generating RTL for module 'l2_root_channel_false_4_true_s' 
INFO: [HLS 200-10] ----------------------------------------------------------------
INFO: [RTGEN 206-100] Generating core module 'mul_7ns_6s_13_4_0': 8 instance(s).
INFO: [RTGEN 206-100] Generating core module 'mul_7ns_7ns_13_4_0': 8 instance(s).
INFO: [RTGEN 206-100] Generating core module 'mul_7ns_7s_14_4_0': 8 instance(s).
INFO: [RTGEN 206-100] Generating core module 'mul_7ns_8ns_14_4_0': 16 instance(s).
INFO: [RTGEN 206-100] Generating core module 'mul_7ns_8s_15_4_0': 16 instance(s).
INFO: [RTGEN 206-100] Finished creating RTL model for 'l2_root_channel_false_4_true_s'.
INFO: [HLS 200-111] Finished Creating RTL model: CPU user time: 0.34 seconds. CPU system time: 0.02 seconds. Elapsed time: 0.46 seconds; current allocated memory: 1.777 GB.
INFO: [HLS 200-10] ----------------------------------------------------------------
INFO: [HLS 200-10] -- Generating RTL for module 'l2_root_channel_false_5_true_s' 
INFO: [HLS 200-10] ----------------------------------------------------------------
INFO: [RTGEN 206-100] Generating core module 'mul_7ns_5s_12_4_0': 24 instance(s).
INFO: [RTGEN 206-100] Generating core module 'mul_7ns_6s_13_4_0': 8 instance(s).
INFO: [RTGEN 206-100] Generating core module 'mul_7ns_7ns_13_4_0': 16 instance(s).
INFO: [RTGEN 206-100] Generating core module 'mul_7ns_7s_14_4_0': 8 instance(s).
INFO: [RTGEN 206-100] Generating core module 'mul_7ns_8s_15_4_0': 8 instance(s).
INFO: [RTGEN 206-100] Finished creating RTL model for 'l2_root_channel_false_5_true_s'.
INFO: [HLS 200-111] Finished Creating RTL model: CPU user time: 0.33 seconds. CPU system time: 0.03 seconds. Elapsed time: 0.45 seconds; current allocated memory: 1.777 GB.
INFO: [HLS 200-10] ----------------------------------------------------------------
INFO: [HLS 200-10] -- Generating RTL for module 'l2_root_channel_false_6_true_s' 
INFO: [HLS 200-10] ----------------------------------------------------------------
INFO: [RTGEN 206-100] Generating core module 'mul_7ns_3s_10_4_0': 8 instance(s).
INFO: [RTGEN 206-100] Generating core module 'mul_7ns_7ns_13_4_0': 8 instance(s).
INFO: [RTGEN 206-100] Generating core module 'mul_7ns_7s_14_4_0': 16 instance(s).
INFO: [RTGEN 206-100] Generating core module 'mul_7ns_8ns_14_4_0': 8 instance(s).
INFO: [RTGEN 206-100] Generating core module 'mul_7ns_8s_15_4_0': 24 instance(s).
INFO: [RTGEN 206-100] Finished creating RTL model for 'l2_root_channel_false_6_true_s'.
INFO: [HLS 200-111] Finished Creating RTL model: CPU user time: 0.35 seconds. CPU system time: 0.04 seconds. Elapsed time: 0.49 seconds; current allocated memory: 1.777 GB.
INFO: [HLS 200-10] ----------------------------------------------------------------
INFO: [HLS 200-10] -- Generating RTL for module 'l2_neighbor_channel_false_0_true_s' 
INFO: [HLS 200-10] ----------------------------------------------------------------
INFO: [RTGEN 206-100] Generating core module 'mul_7ns_6s_13_4_0': 8 instance(s).
INFO: [RTGEN 206-100] Generating core module 'mul_7ns_7ns_13_4_0': 8 instance(s).
INFO: [RTGEN 206-100] Generating core module 'mul_7ns_7s_14_4_0': 24 instance(s).
INFO: [RTGEN 206-100] Generating core module 'mul_7ns_8ns_14_4_0': 8 instance(s).
INFO: [RTGEN 206-100] Generating core module 'mul_7ns_8s_15_4_0': 16 instance(s).
INFO: [RTGEN 206-100] Finished creating RTL model for 'l2_neighbor_channel_false_0_true_s'.
INFO: [HLS 200-111] Finished Creating RTL model: CPU user time: 0.36 seconds. CPU system time: 0.04 seconds. Elapsed time: 0.49 seconds; current allocated memory: 1.811 GB.
INFO: [HLS 200-10] ----------------------------------------------------------------
INFO: [HLS 200-10] -- Generating RTL for module 'l2_neighbor_channel_false_1_true_s' 
INFO: [HLS 200-10] ----------------------------------------------------------------
INFO: [RTGEN 206-100] Generating core module 'mul_7ns_6ns_12_4_0': 8 instance(s).
INFO: [RTGEN 206-100] Generating core module 'mul_7ns_6s_13_4_0': 8 instance(s).
INFO: [RTGEN 206-100] Generating core module 'mul_7ns_7ns_13_4_0': 8 instance(s).
INFO: [RTGEN 206-100] Generating core module 'mul_7ns_7s_14_4_0': 16 instance(s).
INFO: [RTGEN 206-100] Generating core module 'mul_7ns_8ns_14_4_0': 8 instance(s).
INFO: [RTGEN 206-100] Generating core module 'mul_7ns_8s_15_4_0': 16 instance(s).
INFO: [RTGEN 206-100] Finished creating RTL model for 'l2_neighbor_channel_false_1_true_s'.
INFO: [HLS 200-111] Finished Creating RTL model: CPU user time: 0.36 seconds. CPU system time: 0.03 seconds. Elapsed time: 0.47 seconds; current allocated memory: 1.823 GB.
INFO: [HLS 200-10] ----------------------------------------------------------------
INFO: [HLS 200-10] -- Generating RTL for module 'l2_neighbor_channel_false_2_true_s' 
INFO: [HLS 200-10] ----------------------------------------------------------------
INFO: [RTGEN 206-100] Generating core module 'mul_7ns_6s_13_4_0': 8 instance(s).
INFO: [RTGEN 206-100] Generating core module 'mul_7ns_7ns_13_4_0': 8 instance(s).
INFO: [RTGEN 206-100] Generating core module 'mul_7ns_7s_14_4_0': 16 instance(s).
INFO: [RTGEN 206-100] Generating core module 'mul_7ns_8ns_14_4_0': 16 instance(s).
INFO: [RTGEN 206-100] Generating core module 'mul_7ns_8s_15_4_0': 16 instance(s).
INFO: [RTGEN 206-100] Finished creating RTL model for 'l2_neighbor_channel_false_2_true_s'.
INFO: [HLS 200-111] Finished Creating RTL model: CPU user time: 0.37 seconds. CPU system time: 0.03 seconds. Elapsed time: 0.48 seconds; current allocated memory: 1.834 GB.
INFO: [HLS 200-10] ----------------------------------------------------------------
INFO: [HLS 200-10] -- Generating RTL for module 'l2_neighbor_channel_false_3_true_s' 
INFO: [HLS 200-10] ----------------------------------------------------------------
INFO: [RTGEN 206-100] Generating core module 'mul_7ns_4ns_10_4_0': 8 instance(s).
INFO: [RTGEN 206-100] Generating core module 'mul_7ns_8ns_14_4_0': 40 instance(s).
INFO: [RTGEN 206-100] Generating core module 'mul_7ns_8s_15_4_0': 16 instance(s).
INFO: [RTGEN 206-100] Finished creating RTL model for 'l2_neighbor_channel_false_3_true_s'.
INFO: [HLS 200-111] Finished Creating RTL model: CPU user time: 0.37 seconds. CPU system time: 0.02 seconds. Elapsed time: 0.49 seconds; current allocated memory: 1.839 GB.
INFO: [HLS 200-10] ----------------------------------------------------------------
INFO: [HLS 200-10] -- Generating RTL for module 'l2_neighbor_channel_false_4_true_s' 
INFO: [HLS 200-10] ----------------------------------------------------------------
INFO: [RTGEN 206-100] Generating core module 'mul_7ns_6ns_12_4_0': 8 instance(s).
INFO: [RTGEN 206-100] Generating core module 'mul_7ns_6s_13_4_0': 8 instance(s).
INFO: [RTGEN 206-100] Generating core module 'mul_7ns_7ns_13_4_0': 16 instance(s).
INFO: [RTGEN 206-100] Generating core module 'mul_7ns_8ns_14_4_0': 16 instance(s).
INFO: [RTGEN 206-100] Generating core module 'mul_7ns_8s_15_4_0': 16 instance(s).
INFO: [RTGEN 206-100] Finished creating RTL model for 'l2_neighbor_channel_false_4_true_s'.
INFO: [HLS 200-111] Finished Creating RTL model: CPU user time: 0.37 seconds. CPU system time: 0.03 seconds. Elapsed time: 0.51 seconds; current allocated memory: 1.857 GB.
INFO: [HLS 200-10] ----------------------------------------------------------------
INFO: [HLS 200-10] -- Generating RTL for module 'l2_neighbor_channel_false_5_true_s' 
INFO: [HLS 200-10] ----------------------------------------------------------------
INFO: [RTGEN 206-100] Generating core module 'mul_7ns_7ns_13_4_0': 16 instance(s).
INFO: [RTGEN 206-100] Generating core module 'mul_7ns_7s_14_4_0': 8 instance(s).
INFO: [RTGEN 206-100] Generating core module 'mul_7ns_8ns_14_4_0': 32 instance(s).
INFO: [RTGEN 206-100] Generating core module 'mul_7ns_8s_15_4_0': 8 instance(s).
INFO: [RTGEN 206-100] Finished creating RTL model for 'l2_neighbor_channel_false_5_true_s'.
INFO: [HLS 200-111] Finished Creating RTL model: CPU user time: 0.37 seconds. CPU system time: 0.03 seconds. Elapsed time: 0.47 seconds; current allocated memory: 1.868 GB.
INFO: [HLS 200-10] ----------------------------------------------------------------
INFO: [HLS 200-10] -- Generating RTL for module 'l2_neighbor_channel_false_6_true_s' 
INFO: [HLS 200-10] ----------------------------------------------------------------
INFO: [RTGEN 206-100] Generating core module 'mul_7ns_7ns_13_4_0': 16 instance(s).
INFO: [RTGEN 206-100] Generating core module 'mul_7ns_8ns_14_4_0': 8 instance(s).
INFO: [RTGEN 206-100] Generating core module 'mul_7ns_8s_15_4_0': 40 instance(s).
INFO: [RTGEN 206-100] Finished creating RTL model for 'l2_neighbor_channel_false_6_true_s'.
INFO: [HLS 200-111] Finished Creating RTL model: CPU user time: 0.37 seconds. CPU system time: 0.03 seconds. Elapsed time: 0.5 seconds; current allocated memory: 1.882 GB.
INFO: [HLS 200-10] ----------------------------------------------------------------
INFO: [HLS 200-10] -- Generating RTL for module 'graphsage_po2_qat_partitioned' 
INFO: [HLS 200-10] ----------------------------------------------------------------
INFO: [RTGEN 206-500] Setting interface mode on port 'graphsage_po2_qat_partitioned/input_0_0' to 'ap_none' (register).
INFO: [RTGEN 206-500] Setting interface mode on port 'graphsage_po2_qat_partitioned/input_0_1' to 'ap_none' (register).
INFO: [RTGEN 206-500] Setting interface mode on port 'graphsage_po2_qat_partitioned/input_0_2' to 'ap_none' (register).
INFO: [RTGEN 206-500] Setting interface mode on port 'graphsage_po2_qat_partitioned/input_0_3' to 'ap_none' (register).
INFO: [RTGEN 206-500] Setting interface mode on port 'graphsage_po2_qat_partitioned/input_0_4' to 'ap_none' (register).
INFO: [RTGEN 206-500] Setting interface mode on port 'graphsage_po2_qat_partitioned/input_0_5' to 'ap_none' (register).
INFO: [RTGEN 206-500] Setting interface mode on port 'graphsage_po2_qat_partitioned/input_0_6' to 'ap_none' (register).
INFO: [RTGEN 206-500] Setting interface mode on port 'graphsage_po2_qat_partitioned/input_0_7' to 'ap_none' (register).
INFO: [RTGEN 206-500] Setting interface mode on port 'graphsage_po2_qat_partitioned/input_0_8' to 'ap_none' (register).
INFO: [RTGEN 206-500] Setting interface mode on port 'graphsage_po2_qat_partitioned/input_0_9' to 'ap_none' (register).
INFO: [RTGEN 206-500] Setting interface mode on port 'graphsage_po2_qat_partitioned/input_0_10' to 'ap_none' (register).
INFO: [RTGEN 206-500] Setting interface mode on port 'graphsage_po2_qat_partitioned/input_0_11' to 'ap_none' (register).
INFO: [RTGEN 206-500] Setting interface mode on port 'graphsage_po2_qat_partitioned/input_0_12' to 'ap_none' (register).
INFO: [RTGEN 206-500] Setting interface mode on port 'graphsage_po2_qat_partitioned/input_0_13' to 'ap_none' (register).
INFO: [RTGEN 206-500] Setting interface mode on port 'graphsage_po2_qat_partitioned/input_0_14' to 'ap_none' (register).
INFO: [RTGEN 206-500] Setting interface mode on port 'graphsage_po2_qat_partitioned/input_0_15' to 'ap_none' (register).
INFO: [RTGEN 206-500] Setting interface mode on port 'graphsage_po2_qat_partitioned/input_1_0' to 'ap_none' (register).
INFO: [RTGEN 206-500] Setting interface mode on port 'graphsage_po2_qat_partitioned/input_1_1' to 'ap_none' (register).
INFO: [RTGEN 206-500] Setting interface mode on port 'graphsage_po2_qat_partitioned/input_1_2' to 'ap_none' (register).
INFO: [RTGEN 206-500] Setting interface mode on port 'graphsage_po2_qat_partitioned/input_1_3' to 'ap_none' (register).
INFO: [RTGEN 206-500] Setting interface mode on port 'graphsage_po2_qat_partitioned/input_1_4' to 'ap_none' (register).
INFO: [RTGEN 206-500] Setting interface mode on port 'graphsage_po2_qat_partitioned/input_1_5' to 'ap_none' (register).
INFO: [RTGEN 206-500] Setting interface mode on port 'graphsage_po2_qat_partitioned/input_1_6' to 'ap_none' (register).
INFO: [RTGEN 206-500] Setting interface mode on port 'graphsage_po2_qat_partitioned/input_1_7' to 'ap_none' (register).
INFO: [RTGEN 206-500] Setting interface mode on port 'graphsage_po2_qat_partitioned/input_1_8' to 'ap_none' (register).
INFO: [RTGEN 206-500] Setting interface mode on port 'graphsage_po2_qat_partitioned/input_1_9' to 'ap_none' (register).
INFO: [RTGEN 206-500] Setting interface mode on port 'graphsage_po2_qat_partitioned/input_1_10' to 'ap_none' (register).
INFO: [RTGEN 206-500] Setting interface mode on port 'graphsage_po2_qat_partitioned/input_1_11' to 'ap_none' (register).
INFO: [RTGEN 206-500] Setting interface mode on port 'graphsage_po2_qat_partitioned/input_1_12' to 'ap_none' (register).
INFO: [RTGEN 206-500] Setting interface mode on port 'graphsage_po2_qat_partitioned/input_1_13' to 'ap_none' (register).
INFO: [RTGEN 206-500] Setting interface mode on port 'graphsage_po2_qat_partitioned/input_1_14' to 'ap_none' (register).
INFO: [RTGEN 206-500] Setting interface mode on port 'graphsage_po2_qat_partitioned/input_1_15' to 'ap_none' (register).
INFO: [RTGEN 206-500] Setting interface mode on port 'graphsage_po2_qat_partitioned/input_2_0' to 'ap_none' (register).
INFO: [RTGEN 206-500] Setting interface mode on port 'graphsage_po2_qat_partitioned/input_2_1' to 'ap_none' (register).
INFO: [RTGEN 206-500] Setting interface mode on port 'graphsage_po2_qat_partitioned/input_2_2' to 'ap_none' (register).
INFO: [RTGEN 206-500] Setting interface mode on port 'graphsage_po2_qat_partitioned/input_2_3' to 'ap_none' (register).
INFO: [RTGEN 206-500] Setting interface mode on port 'graphsage_po2_qat_partitioned/input_2_4' to 'ap_none' (register).
INFO: [RTGEN 206-500] Setting interface mode on port 'graphsage_po2_qat_partitioned/input_2_5' to 'ap_none' (register).
INFO: [RTGEN 206-500] Setting interface mode on port 'graphsage_po2_qat_partitioned/input_2_6' to 'ap_none' (register).
INFO: [RTGEN 206-500] Setting interface mode on port 'graphsage_po2_qat_partitioned/input_2_7' to 'ap_none' (register).
INFO: [RTGEN 206-500] Setting interface mode on port 'graphsage_po2_qat_partitioned/input_2_8' to 'ap_none' (register).
INFO: [RTGEN 206-500] Setting interface mode on port 'graphsage_po2_qat_partitioned/input_2_9' to 'ap_none' (register).
INFO: [RTGEN 206-500] Setting interface mode on port 'graphsage_po2_qat_partitioned/input_2_10' to 'ap_none' (register).
INFO: [RTGEN 206-500] Setting interface mode on port 'graphsage_po2_qat_partitioned/input_2_11' to 'ap_none' (register).
INFO: [RTGEN 206-500] Setting interface mode on port 'graphsage_po2_qat_partitioned/input_2_12' to 'ap_none' (register).
INFO: [RTGEN 206-500] Setting interface mode on port 'graphsage_po2_qat_partitioned/input_2_13' to 'ap_none' (register).
INFO: [RTGEN 206-500] Setting interface mode on port 'graphsage_po2_qat_partitioned/input_2_14' to 'ap_none' (register).
INFO: [RTGEN 206-500] Setting interface mode on port 'graphsage_po2_qat_partitioned/input_2_15' to 'ap_none' (register).
INFO: [RTGEN 206-500] Setting interface mode on port 'graphsage_po2_qat_partitioned/input_3_0' to 'ap_none' (register).
INFO: [RTGEN 206-500] Setting interface mode on port 'graphsage_po2_qat_partitioned/input_3_1' to 'ap_none' (register).
INFO: [RTGEN 206-500] Setting interface mode on port 'graphsage_po2_qat_partitioned/input_3_2' to 'ap_none' (register).
INFO: [RTGEN 206-500] Setting interface mode on port 'graphsage_po2_qat_partitioned/input_3_3' to 'ap_none' (register).
INFO: [RTGEN 206-500] Setting interface mode on port 'graphsage_po2_qat_partitioned/input_3_4' to 'ap_none' (register).
INFO: [RTGEN 206-500] Setting interface mode on port 'graphsage_po2_qat_partitioned/input_3_5' to 'ap_none' (register).
INFO: [RTGEN 206-500] Setting interface mode on port 'graphsage_po2_qat_partitioned/input_3_6' to 'ap_none' (register).
INFO: [RTGEN 206-500] Setting interface mode on port 'graphsage_po2_qat_partitioned/input_3_7' to 'ap_none' (register).
INFO: [RTGEN 206-500] Setting interface mode on port 'graphsage_po2_qat_partitioned/input_3_8' to 'ap_none' (register).
INFO: [RTGEN 206-500] Setting interface mode on port 'graphsage_po2_qat_partitioned/input_3_9' to 'ap_none' (register).
INFO: [RTGEN 206-500] Setting interface mode on port 'graphsage_po2_qat_partitioned/input_3_10' to 'ap_none' (register).
INFO: [RTGEN 206-500] Setting interface mode on port 'graphsage_po2_qat_partitioned/input_3_11' to 'ap_none' (register).
INFO: [RTGEN 206-500] Setting interface mode on port 'graphsage_po2_qat_partitioned/input_3_12' to 'ap_none' (register).
INFO: [RTGEN 206-500] Setting interface mode on port 'graphsage_po2_qat_partitioned/input_3_13' to 'ap_none' (register).
INFO: [RTGEN 206-500] Setting interface mode on port 'graphsage_po2_qat_partitioned/input_3_14' to 'ap_none' (register).
INFO: [RTGEN 206-500] Setting interface mode on port 'graphsage_po2_qat_partitioned/input_3_15' to 'ap_none' (register).
INFO: [RTGEN 206-500] Setting interface mode on port 'graphsage_po2_qat_partitioned/input_4_0' to 'ap_none' (register).
INFO: [RTGEN 206-500] Setting interface mode on port 'graphsage_po2_qat_partitioned/input_4_1' to 'ap_none' (register).
INFO: [RTGEN 206-500] Setting interface mode on port 'graphsage_po2_qat_partitioned/input_4_2' to 'ap_none' (register).
INFO: [RTGEN 206-500] Setting interface mode on port 'graphsage_po2_qat_partitioned/input_4_3' to 'ap_none' (register).
INFO: [RTGEN 206-500] Setting interface mode on port 'graphsage_po2_qat_partitioned/input_4_4' to 'ap_none' (register).
INFO: [RTGEN 206-500] Setting interface mode on port 'graphsage_po2_qat_partitioned/input_4_5' to 'ap_none' (register).
INFO: [RTGEN 206-500] Setting interface mode on port 'graphsage_po2_qat_partitioned/input_4_6' to 'ap_none' (register).
INFO: [RTGEN 206-500] Setting interface mode on port 'graphsage_po2_qat_partitioned/input_4_7' to 'ap_none' (register).
INFO: [RTGEN 206-500] Setting interface mode on port 'graphsage_po2_qat_partitioned/input_4_8' to 'ap_none' (register).
INFO: [RTGEN 206-500] Setting interface mode on port 'graphsage_po2_qat_partitioned/input_4_9' to 'ap_none' (register).
INFO: [RTGEN 206-500] Setting interface mode on port 'graphsage_po2_qat_partitioned/input_4_10' to 'ap_none' (register).
INFO: [RTGEN 206-500] Setting interface mode on port 'graphsage_po2_qat_partitioned/input_4_11' to 'ap_none' (register).
INFO: [RTGEN 206-500] Setting interface mode on port 'graphsage_po2_qat_partitioned/input_4_12' to 'ap_none' (register).
INFO: [RTGEN 206-500] Setting interface mode on port 'graphsage_po2_qat_partitioned/input_4_13' to 'ap_none' (register).
INFO: [RTGEN 206-500] Setting interface mode on port 'graphsage_po2_qat_partitioned/input_4_14' to 'ap_none' (register).
INFO: [RTGEN 206-500] Setting interface mode on port 'graphsage_po2_qat_partitioned/input_4_15' to 'ap_none' (register).
INFO: [RTGEN 206-500] Setting interface mode on port 'graphsage_po2_qat_partitioned/input_5_0' to 'ap_none' (register).
INFO: [RTGEN 206-500] Setting interface mode on port 'graphsage_po2_qat_partitioned/input_5_1' to 'ap_none' (register).
INFO: [RTGEN 206-500] Setting interface mode on port 'graphsage_po2_qat_partitioned/input_5_2' to 'ap_none' (register).
INFO: [RTGEN 206-500] Setting interface mode on port 'graphsage_po2_qat_partitioned/input_5_3' to 'ap_none' (register).
INFO: [RTGEN 206-500] Setting interface mode on port 'graphsage_po2_qat_partitioned/input_5_4' to 'ap_none' (register).
INFO: [RTGEN 206-500] Setting interface mode on port 'graphsage_po2_qat_partitioned/input_5_5' to 'ap_none' (register).
INFO: [RTGEN 206-500] Setting interface mode on port 'graphsage_po2_qat_partitioned/input_5_6' to 'ap_none' (register).
INFO: [RTGEN 206-500] Setting interface mode on port 'graphsage_po2_qat_partitioned/input_5_7' to 'ap_none' (register).
INFO: [RTGEN 206-500] Setting interface mode on port 'graphsage_po2_qat_partitioned/input_5_8' to 'ap_none' (register).
INFO: [RTGEN 206-500] Setting interface mode on port 'graphsage_po2_qat_partitioned/input_5_9' to 'ap_none' (register).
INFO: [RTGEN 206-500] Setting interface mode on port 'graphsage_po2_qat_partitioned/input_5_10' to 'ap_none' (register).
INFO: [RTGEN 206-500] Setting interface mode on port 'graphsage_po2_qat_partitioned/input_5_11' to 'ap_none' (register).
INFO: [RTGEN 206-500] Setting interface mode on port 'graphsage_po2_qat_partitioned/input_5_12' to 'ap_none' (register).
INFO: [RTGEN 206-500] Setting interface mode on port 'graphsage_po2_qat_partitioned/input_5_13' to 'ap_none' (register).
INFO: [RTGEN 206-500] Setting interface mode on port 'graphsage_po2_qat_partitioned/input_5_14' to 'ap_none' (register).
INFO: [RTGEN 206-500] Setting interface mode on port 'graphsage_po2_qat_partitioned/input_5_15' to 'ap_none' (register).
INFO: [RTGEN 206-500] Setting interface mode on port 'graphsage_po2_qat_partitioned/input_6_0' to 'ap_none' (register).
INFO: [RTGEN 206-500] Setting interface mode on port 'graphsage_po2_qat_partitioned/input_6_1' to 'ap_none' (register).
INFO: [RTGEN 206-500] Setting interface mode on port 'graphsage_po2_qat_partitioned/input_6_2' to 'ap_none' (register).
INFO: [RTGEN 206-500] Setting interface mode on port 'graphsage_po2_qat_partitioned/input_6_3' to 'ap_none' (register).
INFO: [RTGEN 206-500] Setting interface mode on port 'graphsage_po2_qat_partitioned/input_6_4' to 'ap_none' (register).
INFO: [RTGEN 206-500] Setting interface mode on port 'graphsage_po2_qat_partitioned/input_6_5' to 'ap_none' (register).
INFO: [RTGEN 206-500] Setting interface mode on port 'graphsage_po2_qat_partitioned/input_6_6' to 'ap_none' (register).
INFO: [RTGEN 206-500] Setting interface mode on port 'graphsage_po2_qat_partitioned/input_6_7' to 'ap_none' (register).
INFO: [RTGEN 206-500] Setting interface mode on port 'graphsage_po2_qat_partitioned/input_6_8' to 'ap_none' (register).
INFO: [RTGEN 206-500] Setting interface mode on port 'graphsage_po2_qat_partitioned/input_6_9' to 'ap_none' (register).
INFO: [RTGEN 206-500] Setting interface mode on port 'graphsage_po2_qat_partitioned/input_6_10' to 'ap_none' (register).
INFO: [RTGEN 206-500] Setting interface mode on port 'graphsage_po2_qat_partitioned/input_6_11' to 'ap_none' (register).
INFO: [RTGEN 206-500] Setting interface mode on port 'graphsage_po2_qat_partitioned/input_6_12' to 'ap_none' (register).
INFO: [RTGEN 206-500] Setting interface mode on port 'graphsage_po2_qat_partitioned/input_6_13' to 'ap_none' (register).
INFO: [RTGEN 206-500] Setting interface mode on port 'graphsage_po2_qat_partitioned/input_6_14' to 'ap_none' (register).
INFO: [RTGEN 206-500] Setting interface mode on port 'graphsage_po2_qat_partitioned/input_6_15' to 'ap_none' (register).
INFO: [RTGEN 206-500] Setting interface mode on port 'graphsage_po2_qat_partitioned/input_7_0' to 'ap_none' (register).
INFO: [RTGEN 206-500] Setting interface mode on port 'graphsage_po2_qat_partitioned/input_7_1' to 'ap_none' (register).
INFO: [RTGEN 206-500] Setting interface mode on port 'graphsage_po2_qat_partitioned/input_7_2' to 'ap_none' (register).
INFO: [RTGEN 206-500] Setting interface mode on port 'graphsage_po2_qat_partitioned/input_7_3' to 'ap_none' (register).
INFO: [RTGEN 206-500] Setting interface mode on port 'graphsage_po2_qat_partitioned/input_7_4' to 'ap_none' (register).
INFO: [RTGEN 206-500] Setting interface mode on port 'graphsage_po2_qat_partitioned/input_7_5' to 'ap_none' (register).
INFO: [RTGEN 206-500] Setting interface mode on port 'graphsage_po2_qat_partitioned/input_7_6' to 'ap_none' (register).
INFO: [RTGEN 206-500] Setting interface mode on port 'graphsage_po2_qat_partitioned/input_7_7' to 'ap_none' (register).
INFO: [RTGEN 206-500] Setting interface mode on port 'graphsage_po2_qat_partitioned/input_7_8' to 'ap_none' (register).
INFO: [RTGEN 206-500] Setting interface mode on port 'graphsage_po2_qat_partitioned/input_7_9' to 'ap_none' (register).
INFO: [RTGEN 206-500] Setting interface mode on port 'graphsage_po2_qat_partitioned/input_7_10' to 'ap_none' (register).
INFO: [RTGEN 206-500] Setting interface mode on port 'graphsage_po2_qat_partitioned/input_7_11' to 'ap_none' (register).
INFO: [RTGEN 206-500] Setting interface mode on port 'graphsage_po2_qat_partitioned/input_7_12' to 'ap_none' (register).
INFO: [RTGEN 206-500] Setting interface mode on port 'graphsage_po2_qat_partitioned/input_7_13' to 'ap_none' (register).
INFO: [RTGEN 206-500] Setting interface mode on port 'graphsage_po2_qat_partitioned/input_7_14' to 'ap_none' (register).
INFO: [RTGEN 206-500] Setting interface mode on port 'graphsage_po2_qat_partitioned/input_7_15' to 'ap_none' (register).
INFO: [RTGEN 206-500] Setting interface mode on port 'graphsage_po2_qat_partitioned/edge_masks_0' to 'ap_none' (register).
INFO: [RTGEN 206-500] Setting interface mode on port 'graphsage_po2_qat_partitioned/edge_masks_1' to 'ap_none' (register).
INFO: [RTGEN 206-500] Setting interface mode on port 'graphsage_po2_qat_partitioned/edge_masks_2' to 'ap_none' (register).
INFO: [RTGEN 206-500] Setting interface mode on port 'graphsage_po2_qat_partitioned/edge_masks_3' to 'ap_none' (register).
INFO: [RTGEN 206-500] Setting interface mode on port 'graphsage_po2_qat_partitioned/edge_masks_4' to 'ap_none' (register).
INFO: [RTGEN 206-500] Setting interface mode on port 'graphsage_po2_qat_partitioned/edge_masks_5' to 'ap_none' (register).
INFO: [RTGEN 206-500] Setting interface mode on port 'graphsage_po2_qat_partitioned/edge_masks_6' to 'ap_none' (register).
INFO: [RTGEN 206-500] Setting interface mode on port 'graphsage_po2_qat_partitioned/edge_masks_7' to 'ap_none' (register).
INFO: [RTGEN 206-500] Setting interface mode on port 'graphsage_po2_qat_partitioned/output_0_0' to 'ap_none' (register).
WARNING: [RTGEN 206-101] Port 'output_0_0' with mode 'ap_none' may require an associated data valid signal to correctly communicate with other blocks or a test bench; automatic C/RTL co-simulation may not be able to verify such a port.
INFO: [RTGEN 206-500] Setting interface mode on port 'graphsage_po2_qat_partitioned/output_0_1' to 'ap_none' (register).
WARNING: [RTGEN 206-101] Port 'output_0_1' with mode 'ap_none' may require an associated data valid signal to correctly communicate with other blocks or a test bench; automatic C/RTL co-simulation may not be able to verify such a port.
INFO: [RTGEN 206-500] Setting interface mode on port 'graphsage_po2_qat_partitioned/output_0_2' to 'ap_none' (register).
WARNING: [RTGEN 206-101] Port 'output_0_2' with mode 'ap_none' may require an associated data valid signal to correctly communicate with other blocks or a test bench; automatic C/RTL co-simulation may not be able to verify such a port.
INFO: [RTGEN 206-500] Setting interface mode on port 'graphsage_po2_qat_partitioned/output_0_3' to 'ap_none' (register).
WARNING: [RTGEN 206-101] Port 'output_0_3' with mode 'ap_none' may require an associated data valid signal to correctly communicate with other blocks or a test bench; automatic C/RTL co-simulation may not be able to verify such a port.
INFO: [RTGEN 206-500] Setting interface mode on port 'graphsage_po2_qat_partitioned/output_0_4' to 'ap_none' (register).
WARNING: [RTGEN 206-101] Port 'output_0_4' with mode 'ap_none' may require an associated data valid signal to correctly communicate with other blocks or a test bench; automatic C/RTL co-simulation may not be able to verify such a port.
INFO: [RTGEN 206-500] Setting interface mode on port 'graphsage_po2_qat_partitioned/output_0_5' to 'ap_none' (register).
WARNING: [RTGEN 206-101] Port 'output_0_5' with mode 'ap_none' may require an associated data valid signal to correctly communicate with other blocks or a test bench; automatic C/RTL co-simulation may not be able to verify such a port.
INFO: [RTGEN 206-500] Setting interface mode on port 'graphsage_po2_qat_partitioned/output_0_6' to 'ap_none' (register).
WARNING: [RTGEN 206-101] Port 'output_0_6' with mode 'ap_none' may require an associated data valid signal to correctly communicate with other blocks or a test bench; automatic C/RTL co-simulation may not be able to verify such a port.
INFO: [RTGEN 206-500] Setting interface mode on port 'graphsage_po2_qat_partitioned/output_1_0' to 'ap_none' (register).
WARNING: [RTGEN 206-101] Port 'output_1_0' with mode 'ap_none' may require an associated data valid signal to correctly communicate with other blocks or a test bench; automatic C/RTL co-simulation may not be able to verify such a port.
INFO: [RTGEN 206-500] Setting interface mode on port 'graphsage_po2_qat_partitioned/output_1_1' to 'ap_none' (register).
WARNING: [RTGEN 206-101] Port 'output_1_1' with mode 'ap_none' may require an associated data valid signal to correctly communicate with other blocks or a test bench; automatic C/RTL co-simulation may not be able to verify such a port.
INFO: [RTGEN 206-500] Setting interface mode on port 'graphsage_po2_qat_partitioned/output_1_2' to 'ap_none' (register).
WARNING: [RTGEN 206-101] Port 'output_1_2' with mode 'ap_none' may require an associated data valid signal to correctly communicate with other blocks or a test bench; automatic C/RTL co-simulation may not be able to verify such a port.
INFO: [RTGEN 206-500] Setting interface mode on port 'graphsage_po2_qat_partitioned/output_1_3' to 'ap_none' (register).
WARNING: [RTGEN 206-101] Port 'output_1_3' with mode 'ap_none' may require an associated data valid signal to correctly communicate with other blocks or a test bench; automatic C/RTL co-simulation may not be able to verify such a port.
INFO: [RTGEN 206-500] Setting interface mode on port 'graphsage_po2_qat_partitioned/output_1_4' to 'ap_none' (register).
WARNING: [RTGEN 206-101] Port 'output_1_4' with mode 'ap_none' may require an associated data valid signal to correctly communicate with other blocks or a test bench; automatic C/RTL co-simulation may not be able to verify such a port.
INFO: [RTGEN 206-500] Setting interface mode on port 'graphsage_po2_qat_partitioned/output_1_5' to 'ap_none' (register).
WARNING: [RTGEN 206-101] Port 'output_1_5' with mode 'ap_none' may require an associated data valid signal to correctly communicate with other blocks or a test bench; automatic C/RTL co-simulation may not be able to verify such a port.
INFO: [RTGEN 206-500] Setting interface mode on port 'graphsage_po2_qat_partitioned/output_1_6' to 'ap_none' (register).
WARNING: [RTGEN 206-101] Port 'output_1_6' with mode 'ap_none' may require an associated data valid signal to correctly communicate with other blocks or a test bench; automatic C/RTL co-simulation may not be able to verify such a port.
INFO: [RTGEN 206-500] Setting interface mode on port 'graphsage_po2_qat_partitioned/output_2_0' to 'ap_none' (register).
WARNING: [RTGEN 206-101] Port 'output_2_0' with mode 'ap_none' may require an associated data valid signal to correctly communicate with other blocks or a test bench; automatic C/RTL co-simulation may not be able to verify such a port.
INFO: [RTGEN 206-500] Setting interface mode on port 'graphsage_po2_qat_partitioned/output_2_1' to 'ap_none' (register).
WARNING: [RTGEN 206-101] Port 'output_2_1' with mode 'ap_none' may require an associated data valid signal to correctly communicate with other blocks or a test bench; automatic C/RTL co-simulation may not be able to verify such a port.
INFO: [RTGEN 206-500] Setting interface mode on port 'graphsage_po2_qat_partitioned/output_2_2' to 'ap_none' (register).
WARNING: [RTGEN 206-101] Port 'output_2_2' with mode 'ap_none' may require an associated data valid signal to correctly communicate with other blocks or a test bench; automatic C/RTL co-simulation may not be able to verify such a port.
INFO: [RTGEN 206-500] Setting interface mode on port 'graphsage_po2_qat_partitioned/output_2_3' to 'ap_none' (register).
WARNING: [RTGEN 206-101] Port 'output_2_3' with mode 'ap_none' may require an associated data valid signal to correctly communicate with other blocks or a test bench; automatic C/RTL co-simulation may not be able to verify such a port.
INFO: [RTGEN 206-500] Setting interface mode on port 'graphsage_po2_qat_partitioned/output_2_4' to 'ap_none' (register).
WARNING: [RTGEN 206-101] Port 'output_2_4' with mode 'ap_none' may require an associated data valid signal to correctly communicate with other blocks or a test bench; automatic C/RTL co-simulation may not be able to verify such a port.
INFO: [RTGEN 206-500] Setting interface mode on port 'graphsage_po2_qat_partitioned/output_2_5' to 'ap_none' (register).
WARNING: [RTGEN 206-101] Port 'output_2_5' with mode 'ap_none' may require an associated data valid signal to correctly communicate with other blocks or a test bench; automatic C/RTL co-simulation may not be able to verify such a port.
INFO: [RTGEN 206-500] Setting interface mode on port 'graphsage_po2_qat_partitioned/output_2_6' to 'ap_none' (register).
WARNING: [RTGEN 206-101] Port 'output_2_6' with mode 'ap_none' may require an associated data valid signal to correctly communicate with other blocks or a test bench; automatic C/RTL co-simulation may not be able to verify such a port.
INFO: [RTGEN 206-500] Setting interface mode on port 'graphsage_po2_qat_partitioned/output_3_0' to 'ap_none' (register).
WARNING: [RTGEN 206-101] Port 'output_3_0' with mode 'ap_none' may require an associated data valid signal to correctly communicate with other blocks or a test bench; automatic C/RTL co-simulation may not be able to verify such a port.
INFO: [RTGEN 206-500] Setting interface mode on port 'graphsage_po2_qat_partitioned/output_3_1' to 'ap_none' (register).
WARNING: [RTGEN 206-101] Port 'output_3_1' with mode 'ap_none' may require an associated data valid signal to correctly communicate with other blocks or a test bench; automatic C/RTL co-simulation may not be able to verify such a port.
INFO: [RTGEN 206-500] Setting interface mode on port 'graphsage_po2_qat_partitioned/output_3_2' to 'ap_none' (register).
WARNING: [RTGEN 206-101] Port 'output_3_2' with mode 'ap_none' may require an associated data valid signal to correctly communicate with other blocks or a test bench; automatic C/RTL co-simulation may not be able to verify such a port.
INFO: [RTGEN 206-500] Setting interface mode on port 'graphsage_po2_qat_partitioned/output_3_3' to 'ap_none' (register).
WARNING: [RTGEN 206-101] Port 'output_3_3' with mode 'ap_none' may require an associated data valid signal to correctly communicate with other blocks or a test bench; automatic C/RTL co-simulation may not be able to verify such a port.
INFO: [RTGEN 206-500] Setting interface mode on port 'graphsage_po2_qat_partitioned/output_3_4' to 'ap_none' (register).
WARNING: [RTGEN 206-101] Port 'output_3_4' with mode 'ap_none' may require an associated data valid signal to correctly communicate with other blocks or a test bench; automatic C/RTL co-simulation may not be able to verify such a port.
INFO: [RTGEN 206-500] Setting interface mode on port 'graphsage_po2_qat_partitioned/output_3_5' to 'ap_none' (register).
WARNING: [RTGEN 206-101] Port 'output_3_5' with mode 'ap_none' may require an associated data valid signal to correctly communicate with other blocks or a test bench; automatic C/RTL co-simulation may not be able to verify such a port.
INFO: [RTGEN 206-500] Setting interface mode on port 'graphsage_po2_qat_partitioned/output_3_6' to 'ap_none' (register).
WARNING: [RTGEN 206-101] Port 'output_3_6' with mode 'ap_none' may require an associated data valid signal to correctly communicate with other blocks or a test bench; automatic C/RTL co-simulation may not be able to verify such a port.
INFO: [RTGEN 206-500] Setting interface mode on port 'graphsage_po2_qat_partitioned/output_4_0' to 'ap_none' (register).
WARNING: [RTGEN 206-101] Port 'output_4_0' with mode 'ap_none' may require an associated data valid signal to correctly communicate with other blocks or a test bench; automatic C/RTL co-simulation may not be able to verify such a port.
INFO: [RTGEN 206-500] Setting interface mode on port 'graphsage_po2_qat_partitioned/output_4_1' to 'ap_none' (register).
WARNING: [RTGEN 206-101] Port 'output_4_1' with mode 'ap_none' may require an associated data valid signal to correctly communicate with other blocks or a test bench; automatic C/RTL co-simulation may not be able to verify such a port.
INFO: [RTGEN 206-500] Setting interface mode on port 'graphsage_po2_qat_partitioned/output_4_2' to 'ap_none' (register).
WARNING: [RTGEN 206-101] Port 'output_4_2' with mode 'ap_none' may require an associated data valid signal to correctly communicate with other blocks or a test bench; automatic C/RTL co-simulation may not be able to verify such a port.
INFO: [RTGEN 206-500] Setting interface mode on port 'graphsage_po2_qat_partitioned/output_4_3' to 'ap_none' (register).
WARNING: [RTGEN 206-101] Port 'output_4_3' with mode 'ap_none' may require an associated data valid signal to correctly communicate with other blocks or a test bench; automatic C/RTL co-simulation may not be able to verify such a port.
INFO: [RTGEN 206-500] Setting interface mode on port 'graphsage_po2_qat_partitioned/output_4_4' to 'ap_none' (register).
WARNING: [RTGEN 206-101] Port 'output_4_4' with mode 'ap_none' may require an associated data valid signal to correctly communicate with other blocks or a test bench; automatic C/RTL co-simulation may not be able to verify such a port.
INFO: [RTGEN 206-500] Setting interface mode on port 'graphsage_po2_qat_partitioned/output_4_5' to 'ap_none' (register).
WARNING: [RTGEN 206-101] Port 'output_4_5' with mode 'ap_none' may require an associated data valid signal to correctly communicate with other blocks or a test bench; automatic C/RTL co-simulation may not be able to verify such a port.
INFO: [RTGEN 206-500] Setting interface mode on port 'graphsage_po2_qat_partitioned/output_4_6' to 'ap_none' (register).
WARNING: [RTGEN 206-101] Port 'output_4_6' with mode 'ap_none' may require an associated data valid signal to correctly communicate with other blocks or a test bench; automatic C/RTL co-simulation may not be able to verify such a port.
INFO: [RTGEN 206-500] Setting interface mode on port 'graphsage_po2_qat_partitioned/output_5_0' to 'ap_none' (register).
WARNING: [RTGEN 206-101] Port 'output_5_0' with mode 'ap_none' may require an associated data valid signal to correctly communicate with other blocks or a test bench; automatic C/RTL co-simulation may not be able to verify such a port.
INFO: [RTGEN 206-500] Setting interface mode on port 'graphsage_po2_qat_partitioned/output_5_1' to 'ap_none' (register).
WARNING: [RTGEN 206-101] Port 'output_5_1' with mode 'ap_none' may require an associated data valid signal to correctly communicate with other blocks or a test bench; automatic C/RTL co-simulation may not be able to verify such a port.
INFO: [RTGEN 206-500] Setting interface mode on port 'graphsage_po2_qat_partitioned/output_5_2' to 'ap_none' (register).
WARNING: [RTGEN 206-101] Port 'output_5_2' with mode 'ap_none' may require an associated data valid signal to correctly communicate with other blocks or a test bench; automatic C/RTL co-simulation may not be able to verify such a port.
INFO: [RTGEN 206-500] Setting interface mode on port 'graphsage_po2_qat_partitioned/output_5_3' to 'ap_none' (register).
WARNING: [RTGEN 206-101] Port 'output_5_3' with mode 'ap_none' may require an associated data valid signal to correctly communicate with other blocks or a test bench; automatic C/RTL co-simulation may not be able to verify such a port.
INFO: [RTGEN 206-500] Setting interface mode on port 'graphsage_po2_qat_partitioned/output_5_4' to 'ap_none' (register).
WARNING: [RTGEN 206-101] Port 'output_5_4' with mode 'ap_none' may require an associated data valid signal to correctly communicate with other blocks or a test bench; automatic C/RTL co-simulation may not be able to verify such a port.
INFO: [RTGEN 206-500] Setting interface mode on port 'graphsage_po2_qat_partitioned/output_5_5' to 'ap_none' (register).
WARNING: [RTGEN 206-101] Port 'output_5_5' with mode 'ap_none' may require an associated data valid signal to correctly communicate with other blocks or a test bench; automatic C/RTL co-simulation may not be able to verify such a port.
INFO: [RTGEN 206-500] Setting interface mode on port 'graphsage_po2_qat_partitioned/output_5_6' to 'ap_none' (register).
WARNING: [RTGEN 206-101] Port 'output_5_6' with mode 'ap_none' may require an associated data valid signal to correctly communicate with other blocks or a test bench; automatic C/RTL co-simulation may not be able to verify such a port.
INFO: [RTGEN 206-500] Setting interface mode on port 'graphsage_po2_qat_partitioned/output_6_0' to 'ap_none' (register).
WARNING: [RTGEN 206-101] Port 'output_6_0' with mode 'ap_none' may require an associated data valid signal to correctly communicate with other blocks or a test bench; automatic C/RTL co-simulation may not be able to verify such a port.
INFO: [RTGEN 206-500] Setting interface mode on port 'graphsage_po2_qat_partitioned/output_6_1' to 'ap_none' (register).
WARNING: [RTGEN 206-101] Port 'output_6_1' with mode 'ap_none' may require an associated data valid signal to correctly communicate with other blocks or a test bench; automatic C/RTL co-simulation may not be able to verify such a port.
INFO: [RTGEN 206-500] Setting interface mode on port 'graphsage_po2_qat_partitioned/output_6_2' to 'ap_none' (register).
WARNING: [RTGEN 206-101] Port 'output_6_2' with mode 'ap_none' may require an associated data valid signal to correctly communicate with other blocks or a test bench; automatic C/RTL co-simulation may not be able to verify such a port.
INFO: [RTGEN 206-500] Setting interface mode on port 'graphsage_po2_qat_partitioned/output_6_3' to 'ap_none' (register).
WARNING: [RTGEN 206-101] Port 'output_6_3' with mode 'ap_none' may require an associated data valid signal to correctly communicate with other blocks or a test bench; automatic C/RTL co-simulation may not be able to verify such a port.
INFO: [RTGEN 206-500] Setting interface mode on port 'graphsage_po2_qat_partitioned/output_6_4' to 'ap_none' (register).
WARNING: [RTGEN 206-101] Port 'output_6_4' with mode 'ap_none' may require an associated data valid signal to correctly communicate with other blocks or a test bench; automatic C/RTL co-simulation may not be able to verify such a port.
INFO: [RTGEN 206-500] Setting interface mode on port 'graphsage_po2_qat_partitioned/output_6_5' to 'ap_none' (register).
WARNING: [RTGEN 206-101] Port 'output_6_5' with mode 'ap_none' may require an associated data valid signal to correctly communicate with other blocks or a test bench; automatic C/RTL co-simulation may not be able to verify such a port.
INFO: [RTGEN 206-500] Setting interface mode on port 'graphsage_po2_qat_partitioned/output_6_6' to 'ap_none' (register).
WARNING: [RTGEN 206-101] Port 'output_6_6' with mode 'ap_none' may require an associated data valid signal to correctly communicate with other blocks or a test bench; automatic C/RTL co-simulation may not be able to verify such a port.
INFO: [RTGEN 206-500] Setting interface mode on port 'graphsage_po2_qat_partitioned/output_7_0' to 'ap_none' (register).
WARNING: [RTGEN 206-101] Port 'output_7_0' with mode 'ap_none' may require an associated data valid signal to correctly communicate with other blocks or a test bench; automatic C/RTL co-simulation may not be able to verify such a port.
INFO: [RTGEN 206-500] Setting interface mode on port 'graphsage_po2_qat_partitioned/output_7_1' to 'ap_none' (register).
WARNING: [RTGEN 206-101] Port 'output_7_1' with mode 'ap_none' may require an associated data valid signal to correctly communicate with other blocks or a test bench; automatic C/RTL co-simulation may not be able to verify such a port.
INFO: [RTGEN 206-500] Setting interface mode on port 'graphsage_po2_qat_partitioned/output_7_2' to 'ap_none' (register).
WARNING: [RTGEN 206-101] Port 'output_7_2' with mode 'ap_none' may require an associated data valid signal to correctly communicate with other blocks or a test bench; automatic C/RTL co-simulation may not be able to verify such a port.
INFO: [RTGEN 206-500] Setting interface mode on port 'graphsage_po2_qat_partitioned/output_7_3' to 'ap_none' (register).
WARNING: [RTGEN 206-101] Port 'output_7_3' with mode 'ap_none' may require an associated data valid signal to correctly communicate with other blocks or a test bench; automatic C/RTL co-simulation may not be able to verify such a port.
INFO: [RTGEN 206-500] Setting interface mode on port 'graphsage_po2_qat_partitioned/output_7_4' to 'ap_none' (register).
WARNING: [RTGEN 206-101] Port 'output_7_4' with mode 'ap_none' may require an associated data valid signal to correctly communicate with other blocks or a test bench; automatic C/RTL co-simulation may not be able to verify such a port.
INFO: [RTGEN 206-500] Setting interface mode on port 'graphsage_po2_qat_partitioned/output_7_5' to 'ap_none' (register).
WARNING: [RTGEN 206-101] Port 'output_7_5' with mode 'ap_none' may require an associated data valid signal to correctly communicate with other blocks or a test bench; automatic C/RTL co-simulation may not be able to verify such a port.
INFO: [RTGEN 206-500] Setting interface mode on port 'graphsage_po2_qat_partitioned/output_7_6' to 'ap_none' (register).
WARNING: [RTGEN 206-101] Port 'output_7_6' with mode 'ap_none' may require an associated data valid signal to correctly communicate with other blocks or a test bench; automatic C/RTL co-simulation may not be able to verify such a port.
INFO: [RTGEN 206-500] Setting interface mode on function 'graphsage_po2_qat_partitioned' to 'ap_ctrl_none'.
INFO: [HLS 200-1030] Apply Unified Pipeline Control on module 'graphsage_po2_qat_partitioned' pipeline 'graphsage_po2_qat_partitioned' pipeline type 'function pipeline'
INFO: [RTGEN 206-104] Estimated max fanout for 'graphsage_po2_qat_partitioned' is 28720 from HDL expression: ((1'b0 == ap_block_pp0_stage0_subdone_grp0_done_reg) & (1'b0 == ap_block_pp0_stage0_11001_grp0))
INFO: [RTGEN 206-100] Generating core module 'add_10ns_10ns_10_2_1': 64 instance(s).
INFO: [RTGEN 206-100] Generating core module 'add_11s_11s_11_2_1': 128 instance(s).
INFO: [RTGEN 206-100] Generating core module 'mul_13ns_10ns_23_5_1': 64 instance(s).
INFO: [RTGEN 206-100] Generating core module 'mul_13ns_11s_24_5_1': 128 instance(s).
INFO: [RTGEN 206-100] Generating core module 'sparsemux_17_4_13_1_1': 8 instance(s).
INFO: [RTGEN 206-100] Finished creating RTL model for 'graphsage_po2_qat_partitioned'.
INFO: [HLS 200-111] Finished Creating RTL model: CPU user time: 3.82 seconds. CPU system time: 0.09 seconds. Elapsed time: 4.01 seconds; current allocated memory: 1.976 GB.
INFO: [HLS 200-111] Finished Generating all RTL models: CPU user time: 8.92 seconds. CPU system time: 0.7 seconds. Elapsed time: 11.89 seconds; current allocated memory: 2.196 GB.
INFO: [HLS 200-2225] Wrote inferred directives to file /mnt_pool/c3_users/user/pleguina/graphsage_vivado_2024_1_sweep/transfer/cora_graphsage_dynamic_root_hls_updated/build/cora_graphsage_dynamic_root_hls/build/hls/cora_po2_qat_h16_scaling_2024_1/solution1/syn/inferred_directives.ini
INFO: [HLS 200-111] Finished Updating report files: CPU user time: 4.03 seconds. CPU system time: 0.15 seconds. Elapsed time: 4.29 seconds; current allocated memory: 2.348 GB.
INFO: [VHDL 208-304] Generating VHDL RTL for graphsage_po2_qat_partitioned.
INFO: [VLOG 209-307] Generating Verilog RTL for graphsage_po2_qat_partitioned.
INFO: [HLS 200-789] **** Estimated Fmax: 573.23 MHz
INFO: [HLS 200-2161] Finished Command csynth_design Elapsed time: 00:03:33; Allocated memory: 1.753 GB.
QAT_VARIANT_HLS_COMPLETE=1
INFO: [HLS 200-1510] Running: close_project 
INFO: [HLS 200-112] Total CPU user time: 198.92 seconds. Total CPU system time: 5.71 seconds. Total elapsed time: 220.64 seconds; peak allocated memory: 2.348 GB.
INFO: [vitis-run 60-791] Total elapsed time: 0h 3m 42s
INFO: [vitis-run 60-1662] Stopping dispatch session having empty uuid.
