=== [1/5] Training float+QAT at hidden=32 ===

========================================================================
Cora: root_weight=True, seed=42
========================================================================
✓ Loaded weights from float model
Calibrating with 50 forward passes...
✓ Calibration complete, observers frozen
Cora: float=76.50%  PTQ=76.70%  PO2=76.30%  QAT=75.60%

Summary: /mnt_pool/c3_users/user/pleguina/graphsage_vivado_2024_1_sweep/campaigns/tns_final/scaling/root_planetoid_h32/summary_seed_42.json
=== [2/5] PO2-QAT projection at hidden=32 ===
Cora seed=42 PO2-QAT test=75.40%
=== [3/5] Exporting HLS constants (self-validated against PyTorch model) ===
{
  "model": "ReducedGraphSAGE root_weight=True",
  "checkpoint": "/mnt_pool/c3_users/user/pleguina/graphsage_vivado_2024_1_sweep/campaigns/tns_final/scaling/po2_qat_h32/cora/seed_42/po2_qat_root.pth",
  "quantization": "symmetric INT8 activations/weights, INT32 bias, PO2 branch requantization",
  "input_is_projected": true,
  "degree_scale": [
    0,
    4096,
    2048,
    1365,
    1024,
    819,
    683,
    585,
    512
  ],
  "activation_scales": {
    "input": 0.005679484427444578,
    "aggregate1": 0.005502526215680941,
    "hidden": 0.01669747622932975,
    "aggregate2": 0.016053725415327416,
    "output": 0.12119901461864081
  },
  "po2_shifts": {
    "aggregate1": 12,
    "aggregate2": 12,
    "layer1_neighbor": 9,
    "layer1_root": 9,
    "layer2_neighbor": 10,
    "layer2_root": 10
  },
  "historical_float_comparison": {
    "max_abs_logit_error": 3.67953083113548e-07,
    "prediction_matches": 8,
    "total_nodes": 8,
    "integer_predictions": [
      3,
      3,
      3,
      6,
      3,
      3,
      3,
      3
    ],
    "float_predictions": [
      3,
      3,
      3,
      6,
      3,
      3,
      3,
      3
    ]
  },
  "test_events": 256,
  "test_seed": 20260822,
  "named_cases": [
    "historical_cora",
    "degree1_ring",
    "degree_sweep_0_to_8",
    "dense_with_self",
    "mixed_including_degree0",
    "empty_graph",
    "fully_connected_no_self",
    "single_neighbor_graph",
    "alternating_sparse_dense",
    "same_degree_different_neighbors",
    "zero_input",
    "positive_saturation_input",
    "negative_saturation_input",
    "alternating_extremes_input",
    "single_nonzero_feature",
    "saturation_dense_aggregation"
  ],
  "random_case_count": 240,
  "tests": [
    "historical_cora",
    "degree1_ring",
    "degree_sweep_0_to_8",
    "dense_with_self",
    "mixed_including_degree0",
    "empty_graph",
    "fully_connected_no_self",
    "single_neighbor_graph",
    "alternating_sparse_dense",
    "same_degree_different_neighbors",
    "zero_input",
    "positive_saturation_input",
    "negative_saturation_input",
    "alternating_extremes_input",
    "single_nonzero_feature",
    "saturation_dense_aggregation",
    "deterministic_random_0",
    "deterministic_random_1",
    "deterministic_random_2",
    "deterministic_random_3",
    "deterministic_random_4",
    "deterministic_random_5",
    "deterministic_random_6",
    "deterministic_random_7",
    "deterministic_random_8",
    "deterministic_random_9",
    "deterministic_random_10",
    "deterministic_random_11",
    "deterministic_random_12",
    "deterministic_random_13",
    "deterministic_random_14",
    "deterministic_random_15",
    "deterministic_random_16",
    "deterministic_random_17",
    "deterministic_random_18",
    "deterministic_random_19",
    "deterministic_random_20",
    "deterministic_random_21",
    "deterministic_random_22",
    "deterministic_random_23",
    "deterministic_random_24",
    "deterministic_random_25",
    "deterministic_random_26",
    "deterministic_random_27",
    "deterministic_random_28",
    "deterministic_random_29",
    "deterministic_random_30",
    "deterministic_random_31",
    "deterministic_random_32",
    "deterministic_random_33",
    "deterministic_random_34",
    "deterministic_random_35",
    "deterministic_random_36",
    "deterministic_random_37",
    "deterministic_random_38",
    "deterministic_random_39",
    "deterministic_random_40",
    "deterministic_random_41",
    "deterministic_random_42",
    "deterministic_random_43",
    "deterministic_random_44",
    "deterministic_random_45",
    "deterministic_random_46",
    "deterministic_random_47",
    "deterministic_random_48",
    "deterministic_random_49",
    "deterministic_random_50",
    "deterministic_random_51",
    "deterministic_random_52",
    "deterministic_random_53",
    "deterministic_random_54",
    "deterministic_random_55",
    "deterministic_random_56",
    "deterministic_random_57",
    "deterministic_random_58",
    "deterministic_random_59",
    "deterministic_random_60",
    "deterministic_random_61",
    "deterministic_random_62",
    "deterministic_random_63",
    "deterministic_random_64",
    "deterministic_random_65",
    "deterministic_random_66",
    "deterministic_random_67",
    "deterministic_random_68",
    "deterministic_random_69",
    "deterministic_random_70",
    "deterministic_random_71",
    "deterministic_random_72",
    "deterministic_random_73",
    "deterministic_random_74",
    "deterministic_random_75",
    "deterministic_random_76",
    "deterministic_random_77",
    "deterministic_random_78",
    "deterministic_random_79",
    "deterministic_random_80",
    "deterministic_random_81",
    "deterministic_random_82",
    "deterministic_random_83",
    "deterministic_random_84",
    "deterministic_random_85",
    "deterministic_random_86",
    "deterministic_random_87",
    "deterministic_random_88",
    "deterministic_random_89",
    "deterministic_random_90",
    "deterministic_random_91",
    "deterministic_random_92",
    "deterministic_random_93",
    "deterministic_random_94",
    "deterministic_random_95",
    "deterministic_random_96",
    "deterministic_random_97",
    "deterministic_random_98",
    "deterministic_random_99",
    "deterministic_random_100",
    "deterministic_random_101",
    "deterministic_random_102",
    "deterministic_random_103",
    "deterministic_random_104",
    "deterministic_random_105",
    "deterministic_random_106",
    "deterministic_random_107",
    "deterministic_random_108",
    "deterministic_random_109",
    "deterministic_random_110",
    "deterministic_random_111",
    "deterministic_random_112",
    "deterministic_random_113",
    "deterministic_random_114",
    "deterministic_random_115",
    "deterministic_random_116",
    "deterministic_random_117",
    "deterministic_random_118",
    "deterministic_random_119",
    "deterministic_random_120",
    "deterministic_random_121",
    "deterministic_random_122",
    "deterministic_random_123",
    "deterministic_random_124",
    "deterministic_random_125",
    "deterministic_random_126",
    "deterministic_random_127",
    "deterministic_random_128",
    "deterministic_random_129",
    "deterministic_random_130",
    "deterministic_random_131",
    "deterministic_random_132",
    "deterministic_random_133",
    "deterministic_random_134",
    "deterministic_random_135",
    "deterministic_random_136",
    "deterministic_random_137",
    "deterministic_random_138",
    "deterministic_random_139",
    "deterministic_random_140",
    "deterministic_random_141",
    "deterministic_random_142",
    "deterministic_random_143",
    "deterministic_random_144",
    "deterministic_random_145",
    "deterministic_random_146",
    "deterministic_random_147",
    "deterministic_random_148",
    "deterministic_random_149",
    "deterministic_random_150",
    "deterministic_random_151",
    "deterministic_random_152",
    "deterministic_random_153",
    "deterministic_random_154",
    "deterministic_random_155",
    "deterministic_random_156",
    "deterministic_random_157",
    "deterministic_random_158",
    "deterministic_random_159",
    "deterministic_random_160",
    "deterministic_random_161",
    "deterministic_random_162",
    "deterministic_random_163",
    "deterministic_random_164",
    "deterministic_random_165",
    "deterministic_random_166",
    "deterministic_random_167",
    "deterministic_random_168",
    "deterministic_random_169",
    "deterministic_random_170",
    "deterministic_random_171",
    "deterministic_random_172",
    "deterministic_random_173",
    "deterministic_random_174",
    "deterministic_random_175",
    "deterministic_random_176",
    "deterministic_random_177",
    "deterministic_random_178",
    "deterministic_random_179",
    "deterministic_random_180",
    "deterministic_random_181",
    "deterministic_random_182",
    "deterministic_random_183",
    "deterministic_random_184",
    "deterministic_random_185",
    "deterministic_random_186",
    "deterministic_random_187",
    "deterministic_random_188",
    "deterministic_random_189",
    "deterministic_random_190",
    "deterministic_random_191",
    "deterministic_random_192",
    "deterministic_random_193",
    "deterministic_random_194",
    "deterministic_random_195",
    "deterministic_random_196",
    "deterministic_random_197",
    "deterministic_random_198",
    "deterministic_random_199",
    "deterministic_random_200",
    "deterministic_random_201",
    "deterministic_random_202",
    "deterministic_random_203",
    "deterministic_random_204",
    "deterministic_random_205",
    "deterministic_random_206",
    "deterministic_random_207",
    "deterministic_random_208",
    "deterministic_random_209",
    "deterministic_random_210",
    "deterministic_random_211",
    "deterministic_random_212",
    "deterministic_random_213",
    "deterministic_random_214",
    "deterministic_random_215",
    "deterministic_random_216",
    "deterministic_random_217",
    "deterministic_random_218",
    "deterministic_random_219",
    "deterministic_random_220",
    "deterministic_random_221",
    "deterministic_random_222",
    "deterministic_random_223",
    "deterministic_random_224",
    "deterministic_random_225",
    "deterministic_random_226",
    "deterministic_random_227",
    "deterministic_random_228",
    "deterministic_random_229",
    "deterministic_random_230",
    "deterministic_random_231",
    "deterministic_random_232",
    "deterministic_random_233",
    "deterministic_random_234",
    "deterministic_random_235",
    "deterministic_random_236",
    "deterministic_random_237",
    "deterministic_random_238",
    "deterministic_random_239"
  ]
}
=== [4/5] Generating partitioned channel source for hidden=32 ===
Wrote /mnt_pool/c3_users/user/pleguina/graphsage_vivado_2024_1_sweep/transfer/cora_graphsage_dynamic_root_hls_updated/build/cora_graphsage_dynamic_root_hls/hls/cora_graphsage_hls_test_bundle/build/cora_hls_bundle/hls/po2_qat_root_dynamic_const_weights_partitioned_h32/graphsage_po2_qat_partitioned.cpp with 32 L1 channels, 7 L2 channels
=== [5/5] HLS csynth for hidden=32 ===

****** vitis-run v2025.2 (64-bit)
  **** SW Build 6295257 on 2025-11-13-01:29:13
  **** Start of session at: Sun Aug 30 01:11:59 2026
    ** Copyright 1986-2022 Xilinx, Inc. All Rights Reserved.
    ** Copyright 2022-2025 Advanced Micro Devices, Inc. All Rights Reserved.

  **** HLS Build v2025.2 6295257
Sourcing Tcl script '/mnt_pool/c3_users/user/pleguina/graphsage_vivado_2024_1_sweep/transfer/cora_graphsage_dynamic_root_hls_updated/build/cora_graphsage_dynamic_root_hls/hls/cora_graphsage_hls_test_bundle/build/cora_hls_bundle/hls/po2_qat_root_dynamic_const_weights_partitioned_h32/run_hls_variant.tcl'
INFO: [HLS 200-1510] Running: open_project -reset /mnt_pool/c3_users/user/pleguina/graphsage_vivado_2024_1_sweep/transfer/cora_graphsage_dynamic_root_hls_updated/build/cora_graphsage_dynamic_root_hls/build/hls/cora_po2_qat_h32_scaling_2024_1 
WARNING: [HLS 200-2182] The 'cora_po2_qat_h32_scaling_2024_1' project will not automatically appear within Vitis IDE workspaces and is meant only for TCL batch use.  Please use open_component instead of open_project/open_solution to generate Vitis IDE compatible component files and directory structure.
Resolution: For help on HLS 200-2182 see docs.amd.com/access/sources/dita/topic?Doc_Version=2025.2%20English&url=ug1448-hls-guidance&resourceid=200-2182.html
INFO: [HLS 200-10] Creating and opening solution '/mnt_pool/c3_users/user/pleguina/graphsage_vivado_2024_1_sweep/transfer/cora_graphsage_dynamic_root_hls_updated/build/cora_graphsage_dynamic_root_hls/build/hls/cora_po2_qat_h32_scaling_2024_1'.
INFO: [HLS 200-1510] Running: set_top graphsage_po2_qat_partitioned 
INFO: [HLS 200-1510] Running: add_files /mnt_pool/c3_users/user/pleguina/graphsage_vivado_2024_1_sweep/transfer/cora_graphsage_dynamic_root_hls_updated/build/cora_graphsage_dynamic_root_hls/build/hls/cora_graphsage_hls_test_bundle/build/cora_hls_bundle/hls/po2_qat_root_dynamic_const_weights_partitioned_h32/graphsage_po2_qat_partitioned.cpp -cflags -std=c++17 -I/mnt_pool/c3_users/user/pleguina/graphsage_vivado_2024_1_sweep/transfer/cora_graphsage_dynamic_root_hls_updated/build/cora_graphsage_dynamic_root_hls/build/hls/cora_graphsage_hls_test_bundle/build/cora_hls_bundle/hls/po2_qat_root_dynamic_const_weights_partitioned_h32 -DL1_ROOT_DSP_MASK=0u -DL1_NEIGHBOR_DSP_MASK=0u -DL2_ROOT_DSP_MASK=0u -DL2_NEIGHBOR_DSP_MASK=0u -DROOT_AGGREGATION_MODE=4 -DL1_ROOT_ACC_PIPELINE_MASK=4294967295u -DL1_NEIGHBOR_ACC_PIPELINE_MASK=4294967295u -DL2_ROOT_ACC_PIPELINE_MASK=127u -DL2_NEIGHBOR_ACC_PIPELINE_MASK=127u   -DGS_HIDDEN_FEATURES=32 
INFO: [HLS 200-10] Adding design file '/mnt_pool/c3_users/user/pleguina/graphsage_vivado_2024_1_sweep/transfer/cora_graphsage_dynamic_root_hls_updated/build/cora_graphsage_dynamic_root_hls/build/hls/cora_graphsage_hls_test_bundle/build/cora_hls_bundle/hls/po2_qat_root_dynamic_const_weights_partitioned_h32/graphsage_po2_qat_partitioned.cpp' to the project
INFO: [HLS 200-1510] Running: add_files -tb /mnt_pool/c3_users/user/pleguina/graphsage_vivado_2024_1_sweep/transfer/cora_graphsage_dynamic_root_hls_updated/build/cora_graphsage_dynamic_root_hls/build/hls/cora_graphsage_hls_test_bundle/build/cora_hls_bundle/hls/po2_qat_root_dynamic_const_weights_partitioned_h32/testbench_partitioned.cpp -cflags -std=c++17 -I/mnt_pool/c3_users/user/pleguina/graphsage_vivado_2024_1_sweep/transfer/cora_graphsage_dynamic_root_hls_updated/build/cora_graphsage_dynamic_root_hls/build/hls/cora_graphsage_hls_test_bundle/build/cora_hls_bundle/hls/po2_qat_root_dynamic_const_weights_partitioned_h32 -DL1_ROOT_DSP_MASK=0u -DL1_NEIGHBOR_DSP_MASK=0u -DL2_ROOT_DSP_MASK=0u -DL2_NEIGHBOR_DSP_MASK=0u -DROOT_AGGREGATION_MODE=4 -DL1_ROOT_ACC_PIPELINE_MASK=4294967295u -DL1_NEIGHBOR_ACC_PIPELINE_MASK=4294967295u -DL2_ROOT_ACC_PIPELINE_MASK=127u -DL2_NEIGHBOR_ACC_PIPELINE_MASK=127u   -DGS_HIDDEN_FEATURES=32 
INFO: [HLS 200-10] Adding test bench file '/mnt_pool/c3_users/user/pleguina/graphsage_vivado_2024_1_sweep/transfer/cora_graphsage_dynamic_root_hls_updated/build/cora_graphsage_dynamic_root_hls/build/hls/cora_graphsage_hls_test_bundle/build/cora_hls_bundle/hls/po2_qat_root_dynamic_const_weights_partitioned_h32/testbench_partitioned.cpp' to the project
INFO: [HLS 200-1510] Running: open_solution -reset solution1 -flow_target vivado 
INFO: [HLS 200-10] Creating and opening solution '/mnt_pool/c3_users/user/pleguina/graphsage_vivado_2024_1_sweep/transfer/cora_graphsage_dynamic_root_hls_updated/build/cora_graphsage_dynamic_root_hls/build/hls/cora_po2_qat_h32_scaling_2024_1/solution1'.
INFO: [HLS 200-10] Cleaning up the solution database.
INFO: [HLS 200-1505] Using flow_target 'vivado'
Resolution: For help on HLS 200-1505 see docs.amd.com/access/sources/dita/topic?Doc_Version=2025.2%20English&url=ug1448-hls-guidance&resourceid=200-1505.html
INFO: [HLS 200-1510] Running: set_part xcvu13p-fsga2577-1-e 
INFO: [HLS 200-1611] Setting target device to 'xcvu13p-fsga2577-1-e'
INFO: [HLS 200-1510] Running: create_clock -period 2.77 -name default 
INFO: [SYN 201-201] Setting up clock 'default' with a period of 2.77ns.
INFO: [HLS 200-1510] Running: set_clock_uncertainty 1.0 
INFO: [SYN 201-201] Setting up clock 'default' with an uncertainty of 1ns.
INFO: [HLS 200-1510] Running: config_op mul -impl dsp -latency 3 
INFO: [HLS 200-1445] Configure operator 'mul' with implementation style 'dsp'.
INFO: [HLS 200-1446] Configure operator 'mul' with latency 3.
INFO: [HLS 200-1510] Running: config_schedule -enable_dsp_full_reg 
VARIANT=h32_scaling
L1_ROOT_MASK=0
L1_NEIGHBOR_MASK=0
L2_ROOT_MASK=0
L2_NEIGHBOR_MASK=0
AGGREGATION_MODE=4
L1_NEIGHBOR_ACC_PIPELINE_MASK=4294967295
L1_ROOT_ACC_PIPELINE_MASK=4294967295
L2_ROOT_ACC_PIPELINE_MASK=127
L2_NEIGHBOR_ACC_PIPELINE_MASK=127
GS_FABRIC_MUL_LATENCY_DEFINE=
GS_DSP_MUL_LATENCY_DEFINE=
INFO: [HLS 200-1510] Running: csynth_design 
INFO: [HLS 200-111] Finished File checks and directory preparation: CPU user time: 1.12 seconds. CPU system time: 0.12 seconds. Elapsed time: 1.51 seconds; current allocated memory: 609.887 MB.
INFO: [HLS 200-2191] C-Synthesis will use clang-16 as the compiler
INFO: [HLS 200-10] Analyzing design file '/mnt_pool/c3_users/user/pleguina/graphsage_vivado_2024_1_sweep/transfer/cora_graphsage_dynamic_root_hls_updated/build/cora_graphsage_dynamic_root_hls/hls/cora_graphsage_hls_test_bundle/build/cora_hls_bundle/hls/po2_qat_root_dynamic_const_weights_partitioned_h32/graphsage_po2_qat_partitioned.cpp' ... 
WARNING: [HLS 207-6591] unused parameter 'aggregate_input' (/mnt_pool/c3_users/user/pleguina/graphsage_vivado_2024_1_sweep/transfer/cora_graphsage_dynamic_root_hls_updated/build/cora_graphsage_dynamic_root_hls/build/hls/cora_graphsage_hls_test_bundle/build/cora_hls_bundle/hls/po2_qat_root_dynamic_const_weights_partitioned_h32/graphsage_po2_qat_partitioned.h:211:18)
INFO: [HLS 200-111] Finished Source Code Analysis and Preprocessing: CPU user time: 7.36 seconds. CPU system time: 0.65 seconds. Elapsed time: 8.67 seconds; current allocated memory: 613.383 MB.
INFO: [HLS 200-777] Using interface defaults for 'Vivado' flow target.
INFO: [HLS 200-1995] There were 76,791 instructions in the design after the 'Compile/Link' phase of compilation. See the Design Size Report for more details (/mnt_pool/c3_users/user/pleguina/graphsage_vivado_2024_1_sweep/transfer/cora_graphsage_dynamic_root_hls_updated/build/cora_graphsage_dynamic_root_hls/build/hls/cora_po2_qat_h32_scaling_2024_1/solution1/syn/report/csynth_design_size.rpt:2)
WARNING: [HLS 200-1995] There were 170,178 instructions in the design after the 'Unroll/Inline' phase of compilation. See the Design Size Report for more details (/mnt_pool/c3_users/user/pleguina/graphsage_vivado_2024_1_sweep/transfer/cora_graphsage_dynamic_root_hls_updated/build/cora_graphsage_dynamic_root_hls/build/hls/cora_po2_qat_h32_scaling_2024_1/solution1/syn/report/csynth_design_size.rpt:2)
WARNING: [HLS 200-1995] There were 143,313 instructions in the design after the 'Unroll/Inline (step 2)' phase of compilation. See the Design Size Report for more details (/mnt_pool/c3_users/user/pleguina/graphsage_vivado_2024_1_sweep/transfer/cora_graphsage_dynamic_root_hls_updated/build/cora_graphsage_dynamic_root_hls/build/hls/cora_po2_qat_h32_scaling_2024_1/solution1/syn/report/csynth_design_size.rpt:2)
WARNING: [HLS 200-1995] There were 143,313 instructions in the design after the 'Unroll/Inline (step 3)' phase of compilation. See the Design Size Report for more details (/mnt_pool/c3_users/user/pleguina/graphsage_vivado_2024_1_sweep/transfer/cora_graphsage_dynamic_root_hls_updated/build/cora_graphsage_dynamic_root_hls/build/hls/cora_po2_qat_h32_scaling_2024_1/solution1/syn/report/csynth_design_size.rpt:2)
WARNING: [HLS 200-1995] There were 143,313 instructions in the design after the 'Unroll/Inline (step 4)' phase of compilation. See the Design Size Report for more details (/mnt_pool/c3_users/user/pleguina/graphsage_vivado_2024_1_sweep/transfer/cora_graphsage_dynamic_root_hls_updated/build/cora_graphsage_dynamic_root_hls/build/hls/cora_po2_qat_h32_scaling_2024_1/solution1/syn/report/csynth_design_size.rpt:2)
WARNING: [HLS 200-1995] There were 551,757 instructions in the design after the 'Array/Struct' phase of compilation. See the Design Size Report for more details (/mnt_pool/c3_users/user/pleguina/graphsage_vivado_2024_1_sweep/transfer/cora_graphsage_dynamic_root_hls_updated/build/cora_graphsage_dynamic_root_hls/build/hls/cora_po2_qat_h32_scaling_2024_1/solution1/syn/report/csynth_design_size.rpt:2)
WARNING: [HLS 200-1995] There were 130,738 instructions in the design after the 'Array/Struct (step 2)' phase of compilation. See the Design Size Report for more details (/mnt_pool/c3_users/user/pleguina/graphsage_vivado_2024_1_sweep/transfer/cora_graphsage_dynamic_root_hls_updated/build/cora_graphsage_dynamic_root_hls/build/hls/cora_po2_qat_h32_scaling_2024_1/solution1/syn/report/csynth_design_size.rpt:2)
WARNING: [HLS 200-1995] There were 134,082 instructions in the design after the 'Array/Struct (step 3)' phase of compilation. See the Design Size Report for more details (/mnt_pool/c3_users/user/pleguina/graphsage_vivado_2024_1_sweep/transfer/cora_graphsage_dynamic_root_hls_updated/build/cora_graphsage_dynamic_root_hls/build/hls/cora_po2_qat_h32_scaling_2024_1/solution1/syn/report/csynth_design_size.rpt:2)
WARNING: [HLS 200-1995] There were 134,082 instructions in the design after the 'Array/Struct (step 4)' phase of compilation. See the Design Size Report for more details (/mnt_pool/c3_users/user/pleguina/graphsage_vivado_2024_1_sweep/transfer/cora_graphsage_dynamic_root_hls_updated/build/cora_graphsage_dynamic_root_hls/build/hls/cora_po2_qat_h32_scaling_2024_1/solution1/syn/report/csynth_design_size.rpt:2)
WARNING: [HLS 200-1995] There were 133,748 instructions in the design after the 'Array/Struct (step 5)' phase of compilation. See the Design Size Report for more details (/mnt_pool/c3_users/user/pleguina/graphsage_vivado_2024_1_sweep/transfer/cora_graphsage_dynamic_root_hls_updated/build/cora_graphsage_dynamic_root_hls/build/hls/cora_po2_qat_h32_scaling_2024_1/solution1/syn/report/csynth_design_size.rpt:2)
WARNING: [HLS 200-1995] There were 118,653 instructions in the design after the 'Performance' phase of compilation. See the Design Size Report for more details (/mnt_pool/c3_users/user/pleguina/graphsage_vivado_2024_1_sweep/transfer/cora_graphsage_dynamic_root_hls_updated/build/cora_graphsage_dynamic_root_hls/build/hls/cora_po2_qat_h32_scaling_2024_1/solution1/syn/report/csynth_design_size.rpt:2)
WARNING: [HLS 200-1995] There were 115,033 instructions in the design after the 'Performance (step 2)' phase of compilation. See the Design Size Report for more details (/mnt_pool/c3_users/user/pleguina/graphsage_vivado_2024_1_sweep/transfer/cora_graphsage_dynamic_root_hls_updated/build/cora_graphsage_dynamic_root_hls/build/hls/cora_po2_qat_h32_scaling_2024_1/solution1/syn/report/csynth_design_size.rpt:2)
WARNING: [HLS 200-1995] There were 114,913 instructions in the design after the 'Performance (step 3)' phase of compilation. See the Design Size Report for more details (/mnt_pool/c3_users/user/pleguina/graphsage_vivado_2024_1_sweep/transfer/cora_graphsage_dynamic_root_hls_updated/build/cora_graphsage_dynamic_root_hls/build/hls/cora_po2_qat_h32_scaling_2024_1/solution1/syn/report/csynth_design_size.rpt:2)
WARNING: [HLS 200-1995] There were 114,889 instructions in the design after the 'Performance (step 4)' phase of compilation. See the Design Size Report for more details (/mnt_pool/c3_users/user/pleguina/graphsage_vivado_2024_1_sweep/transfer/cora_graphsage_dynamic_root_hls_updated/build/cora_graphsage_dynamic_root_hls/build/hls/cora_po2_qat_h32_scaling_2024_1/solution1/syn/report/csynth_design_size.rpt:2)
WARNING: [HLS 200-1995] There were 108,315 instructions in the design after the 'HW Transforms (step 1)' phase of compilation. See the Design Size Report for more details (/mnt_pool/c3_users/user/pleguina/graphsage_vivado_2024_1_sweep/transfer/cora_graphsage_dynamic_root_hls_updated/build/cora_graphsage_dynamic_root_hls/build/hls/cora_po2_qat_h32_scaling_2024_1/solution1/syn/report/csynth_design_size.rpt:2)
WARNING: [HLS 200-1995] There were 108,332 instructions in the design after the 'HW Transforms (step 2)' phase of compilation. See the Design Size Report for more details (/mnt_pool/c3_users/user/pleguina/graphsage_vivado_2024_1_sweep/transfer/cora_graphsage_dynamic_root_hls_updated/build/cora_graphsage_dynamic_root_hls/build/hls/cora_po2_qat_h32_scaling_2024_1/solution1/syn/report/csynth_design_size.rpt:2)
INFO: [HLS 214-131] Inlining function 'root_popcount(ap_uint<8>)' into 'void root_dynamic_mean<16, 12>(ap_int<8> const (*) [16], ap_uint<8> const*, ap_int<8> (*) [16])' (cora_graphsage_hls_test_bundle/build/cora_hls_bundle/hls/po2_qat_root_dynamic_const_weights_partitioned_h32/../root_dynamic_const_weights_h32/graphsage_root_dynamic_const_weights.h:279:33)
INFO: [HLS 214-131] Inlining function 'root_int8_clamp(ap_int<48>)' into 'void root_dynamic_mean<16, 12>(ap_int<8> const (*) [16], ap_uint<8> const*, ap_int<8> (*) [16])' (cora_graphsage_hls_test_bundle/build/cora_hls_bundle/hls/po2_qat_root_dynamic_const_weights_partitioned_h32/../root_dynamic_const_weights_h32/graphsage_root_dynamic_const_weights.h:309:37)
INFO: [HLS 214-131] Inlining function 'root_degree_scale(ap_uint<4>)' into 'void root_dynamic_mean<16, 12>(ap_int<8> const (*) [16], ap_uint<8> const*, ap_int<8> (*) [16])' (cora_graphsage_hls_test_bundle/build/cora_hls_bundle/hls/po2_qat_root_dynamic_const_weights_partitioned_h32/../root_dynamic_const_weights_h32/graphsage_root_dynamic_const_weights.h:280:35)
INFO: [HLS 214-131] Inlining function 'root_int8_clamp(ap_int<48>)' into 'void l1_root_channel<false, 0, true>(ap_int<8> const (*) [16], ap_int<8>*)' (cora_graphsage_hls_test_bundle/build/cora_hls_bundle/hls/po2_qat_root_dynamic_const_weights_partitioned_h32/graphsage_po2_qat_partitioned.h:117:24)
INFO: [HLS 214-131] Inlining function 'root_int8_clamp(ap_int<48>)' into 'void l1_root_channel<false, 1, true>(ap_int<8> const (*) [16], ap_int<8>*)' (cora_graphsage_hls_test_bundle/build/cora_hls_bundle/hls/po2_qat_root_dynamic_const_weights_partitioned_h32/graphsage_po2_qat_partitioned.h:117:24)
INFO: [HLS 214-131] Inlining function 'root_int8_clamp(ap_int<48>)' into 'void l1_root_channel<false, 2, true>(ap_int<8> const (*) [16], ap_int<8>*)' (cora_graphsage_hls_test_bundle/build/cora_hls_bundle/hls/po2_qat_root_dynamic_const_weights_partitioned_h32/graphsage_po2_qat_partitioned.h:117:24)
INFO: [HLS 214-131] Inlining function 'root_int8_clamp(ap_int<48>)' into 'void l1_root_channel<false, 3, true>(ap_int<8> const (*) [16], ap_int<8>*)' (cora_graphsage_hls_test_bundle/build/cora_hls_bundle/hls/po2_qat_root_dynamic_const_weights_partitioned_h32/graphsage_po2_qat_partitioned.h:117:24)
INFO: [HLS 214-131] Inlining function 'root_int8_clamp(ap_int<48>)' into 'void l1_root_channel<false, 4, true>(ap_int<8> const (*) [16], ap_int<8>*)' (cora_graphsage_hls_test_bundle/build/cora_hls_bundle/hls/po2_qat_root_dynamic_const_weights_partitioned_h32/graphsage_po2_qat_partitioned.h:117:24)
INFO: [HLS 214-131] Inlining function 'root_int8_clamp(ap_int<48>)' into 'void l1_root_channel<false, 5, true>(ap_int<8> const (*) [16], ap_int<8>*)' (cora_graphsage_hls_test_bundle/build/cora_hls_bundle/hls/po2_qat_root_dynamic_const_weights_partitioned_h32/graphsage_po2_qat_partitioned.h:117:24)
INFO: [HLS 214-131] Inlining function 'root_int8_clamp(ap_int<48>)' into 'void l1_root_channel<false, 6, true>(ap_int<8> const (*) [16], ap_int<8>*)' (cora_graphsage_hls_test_bundle/build/cora_hls_bundle/hls/po2_qat_root_dynamic_const_weights_partitioned_h32/graphsage_po2_qat_partitioned.h:117:24)
INFO: [HLS 214-131] Inlining function 'root_int8_clamp(ap_int<48>)' into 'void l1_root_channel<false, 7, true>(ap_int<8> const (*) [16], ap_int<8>*)' (cora_graphsage_hls_test_bundle/build/cora_hls_bundle/hls/po2_qat_root_dynamic_const_weights_partitioned_h32/graphsage_po2_qat_partitioned.h:117:24)
INFO: [HLS 214-131] Inlining function 'root_int8_clamp(ap_int<48>)' into 'void l1_root_channel<false, 8, true>(ap_int<8> const (*) [16], ap_int<8>*)' (cora_graphsage_hls_test_bundle/build/cora_hls_bundle/hls/po2_qat_root_dynamic_const_weights_partitioned_h32/graphsage_po2_qat_partitioned.h:117:24)
INFO: [HLS 214-131] Inlining function 'root_int8_clamp(ap_int<48>)' into 'void l1_root_channel<false, 9, true>(ap_int<8> const (*) [16], ap_int<8>*)' (cora_graphsage_hls_test_bundle/build/cora_hls_bundle/hls/po2_qat_root_dynamic_const_weights_partitioned_h32/graphsage_po2_qat_partitioned.h:117:24)
INFO: [HLS 214-131] Inlining function 'root_int8_clamp(ap_int<48>)' into 'void l1_root_channel<false, 10, true>(ap_int<8> const (*) [16], ap_int<8>*)' (cora_graphsage_hls_test_bundle/build/cora_hls_bundle/hls/po2_qat_root_dynamic_const_weights_partitioned_h32/graphsage_po2_qat_partitioned.h:117:24)
INFO: [HLS 214-131] Inlining function 'root_int8_clamp(ap_int<48>)' into 'void l1_root_channel<false, 11, true>(ap_int<8> const (*) [16], ap_int<8>*)' (cora_graphsage_hls_test_bundle/build/cora_hls_bundle/hls/po2_qat_root_dynamic_const_weights_partitioned_h32/graphsage_po2_qat_partitioned.h:117:24)
INFO: [HLS 214-131] Inlining function 'root_int8_clamp(ap_int<48>)' into 'void l1_root_channel<false, 12, true>(ap_int<8> const (*) [16], ap_int<8>*)' (cora_graphsage_hls_test_bundle/build/cora_hls_bundle/hls/po2_qat_root_dynamic_const_weights_partitioned_h32/graphsage_po2_qat_partitioned.h:117:24)
INFO: [HLS 214-131] Inlining function 'root_int8_clamp(ap_int<48>)' into 'void l1_root_channel<false, 13, true>(ap_int<8> const (*) [16], ap_int<8>*)' (cora_graphsage_hls_test_bundle/build/cora_hls_bundle/hls/po2_qat_root_dynamic_const_weights_partitioned_h32/graphsage_po2_qat_partitioned.h:117:24)
INFO: [HLS 214-131] Inlining function 'root_int8_clamp(ap_int<48>)' into 'void l1_root_channel<false, 14, true>(ap_int<8> const (*) [16], ap_int<8>*)' (cora_graphsage_hls_test_bundle/build/cora_hls_bundle/hls/po2_qat_root_dynamic_const_weights_partitioned_h32/graphsage_po2_qat_partitioned.h:117:24)
INFO: [HLS 214-131] Inlining function 'root_int8_clamp(ap_int<48>)' into 'void l1_root_channel<false, 15, true>(ap_int<8> const (*) [16], ap_int<8>*)' (cora_graphsage_hls_test_bundle/build/cora_hls_bundle/hls/po2_qat_root_dynamic_const_weights_partitioned_h32/graphsage_po2_qat_partitioned.h:117:24)
INFO: [HLS 214-131] Inlining function 'root_int8_clamp(ap_int<48>)' into 'void l1_root_channel<false, 16, true>(ap_int<8> const (*) [16], ap_int<8>*)' (cora_graphsage_hls_test_bundle/build/cora_hls_bundle/hls/po2_qat_root_dynamic_const_weights_partitioned_h32/graphsage_po2_qat_partitioned.h:117:24)
INFO: [HLS 214-131] Inlining function 'root_int8_clamp(ap_int<48>)' into 'void l1_root_channel<false, 17, true>(ap_int<8> const (*) [16], ap_int<8>*)' (cora_graphsage_hls_test_bundle/build/cora_hls_bundle/hls/po2_qat_root_dynamic_const_weights_partitioned_h32/graphsage_po2_qat_partitioned.h:117:24)
INFO: [HLS 214-131] Inlining function 'root_int8_clamp(ap_int<48>)' into 'void l1_root_channel<false, 18, true>(ap_int<8> const (*) [16], ap_int<8>*)' (cora_graphsage_hls_test_bundle/build/cora_hls_bundle/hls/po2_qat_root_dynamic_const_weights_partitioned_h32/graphsage_po2_qat_partitioned.h:117:24)
INFO: [HLS 214-131] Inlining function 'root_int8_clamp(ap_int<48>)' into 'void l1_root_channel<false, 19, true>(ap_int<8> const (*) [16], ap_int<8>*)' (cora_graphsage_hls_test_bundle/build/cora_hls_bundle/hls/po2_qat_root_dynamic_const_weights_partitioned_h32/graphsage_po2_qat_partitioned.h:117:24)
INFO: [HLS 214-131] Inlining function 'root_int8_clamp(ap_int<48>)' into 'void l1_root_channel<false, 20, true>(ap_int<8> const (*) [16], ap_int<8>*)' (cora_graphsage_hls_test_bundle/build/cora_hls_bundle/hls/po2_qat_root_dynamic_const_weights_partitioned_h32/graphsage_po2_qat_partitioned.h:117:24)
INFO: [HLS 214-131] Inlining function 'root_int8_clamp(ap_int<48>)' into 'void l1_root_channel<false, 21, true>(ap_int<8> const (*) [16], ap_int<8>*)' (cora_graphsage_hls_test_bundle/build/cora_hls_bundle/hls/po2_qat_root_dynamic_const_weights_partitioned_h32/graphsage_po2_qat_partitioned.h:117:24)
INFO: [HLS 214-131] Inlining function 'root_int8_clamp(ap_int<48>)' into 'void l1_root_channel<false, 22, true>(ap_int<8> const (*) [16], ap_int<8>*)' (cora_graphsage_hls_test_bundle/build/cora_hls_bundle/hls/po2_qat_root_dynamic_const_weights_partitioned_h32/graphsage_po2_qat_partitioned.h:117:24)
INFO: [HLS 214-131] Inlining function 'root_int8_clamp(ap_int<48>)' into 'void l1_root_channel<false, 23, true>(ap_int<8> const (*) [16], ap_int<8>*)' (cora_graphsage_hls_test_bundle/build/cora_hls_bundle/hls/po2_qat_root_dynamic_const_weights_partitioned_h32/graphsage_po2_qat_partitioned.h:117:24)
INFO: [HLS 214-131] Inlining function 'root_int8_clamp(ap_int<48>)' into 'void l1_root_channel<false, 24, true>(ap_int<8> const (*) [16], ap_int<8>*)' (cora_graphsage_hls_test_bundle/build/cora_hls_bundle/hls/po2_qat_root_dynamic_const_weights_partitioned_h32/graphsage_po2_qat_partitioned.h:117:24)
INFO: [HLS 214-131] Inlining function 'root_int8_clamp(ap_int<48>)' into 'void l1_root_channel<false, 25, true>(ap_int<8> const (*) [16], ap_int<8>*)' (cora_graphsage_hls_test_bundle/build/cora_hls_bundle/hls/po2_qat_root_dynamic_const_weights_partitioned_h32/graphsage_po2_qat_partitioned.h:117:24)
INFO: [HLS 214-131] Inlining function 'root_int8_clamp(ap_int<48>)' into 'void l1_root_channel<false, 26, true>(ap_int<8> const (*) [16], ap_int<8>*)' (cora_graphsage_hls_test_bundle/build/cora_hls_bundle/hls/po2_qat_root_dynamic_const_weights_partitioned_h32/graphsage_po2_qat_partitioned.h:117:24)
INFO: [HLS 214-131] Inlining function 'root_int8_clamp(ap_int<48>)' into 'void l1_root_channel<false, 27, true>(ap_int<8> const (*) [16], ap_int<8>*)' (cora_graphsage_hls_test_bundle/build/cora_hls_bundle/hls/po2_qat_root_dynamic_const_weights_partitioned_h32/graphsage_po2_qat_partitioned.h:117:24)
INFO: [HLS 214-131] Inlining function 'root_int8_clamp(ap_int<48>)' into 'void l1_root_channel<false, 28, true>(ap_int<8> const (*) [16], ap_int<8>*)' (cora_graphsage_hls_test_bundle/build/cora_hls_bundle/hls/po2_qat_root_dynamic_const_weights_partitioned_h32/graphsage_po2_qat_partitioned.h:117:24)
INFO: [HLS 214-131] Inlining function 'root_int8_clamp(ap_int<48>)' into 'void l1_root_channel<false, 29, true>(ap_int<8> const (*) [16], ap_int<8>*)' (cora_graphsage_hls_test_bundle/build/cora_hls_bundle/hls/po2_qat_root_dynamic_const_weights_partitioned_h32/graphsage_po2_qat_partitioned.h:117:24)
INFO: [HLS 214-131] Inlining function 'root_int8_clamp(ap_int<48>)' into 'void l1_root_channel<false, 30, true>(ap_int<8> const (*) [16], ap_int<8>*)' (cora_graphsage_hls_test_bundle/build/cora_hls_bundle/hls/po2_qat_root_dynamic_const_weights_partitioned_h32/graphsage_po2_qat_partitioned.h:117:24)
INFO: [HLS 214-131] Inlining function 'root_int8_clamp(ap_int<48>)' into 'void l1_root_channel<false, 31, true>(ap_int<8> const (*) [16], ap_int<8>*)' (cora_graphsage_hls_test_bundle/build/cora_hls_bundle/hls/po2_qat_root_dynamic_const_weights_partitioned_h32/graphsage_po2_qat_partitioned.h:117:24)
INFO: [HLS 214-131] Inlining function 'root_int8_clamp(ap_int<48>)' into 'void l1_neighbor_channel<false, 0, true>(ap_int<8> const (*) [16], ap_int<8>*)' (cora_graphsage_hls_test_bundle/build/cora_hls_bundle/hls/po2_qat_root_dynamic_const_weights_partitioned_h32/graphsage_po2_qat_partitioned.h:204:24)
INFO: [HLS 214-131] Inlining function 'root_int8_clamp(ap_int<48>)' into 'void l1_neighbor_channel<false, 1, true>(ap_int<8> const (*) [16], ap_int<8>*)' (cora_graphsage_hls_test_bundle/build/cora_hls_bundle/hls/po2_qat_root_dynamic_const_weights_partitioned_h32/graphsage_po2_qat_partitioned.h:204:24)
INFO: [HLS 214-131] Inlining function 'root_int8_clamp(ap_int<48>)' into 'void l1_neighbor_channel<false, 2, true>(ap_int<8> const (*) [16], ap_int<8>*)' (cora_graphsage_hls_test_bundle/build/cora_hls_bundle/hls/po2_qat_root_dynamic_const_weights_partitioned_h32/graphsage_po2_qat_partitioned.h:204:24)
INFO: [HLS 214-131] Inlining function 'root_int8_clamp(ap_int<48>)' into 'void l1_neighbor_channel<false, 3, true>(ap_int<8> const (*) [16], ap_int<8>*)' (cora_graphsage_hls_test_bundle/build/cora_hls_bundle/hls/po2_qat_root_dynamic_const_weights_partitioned_h32/graphsage_po2_qat_partitioned.h:204:24)
INFO: [HLS 214-131] Inlining function 'root_int8_clamp(ap_int<48>)' into 'void l1_neighbor_channel<false, 4, true>(ap_int<8> const (*) [16], ap_int<8>*)' (cora_graphsage_hls_test_bundle/build/cora_hls_bundle/hls/po2_qat_root_dynamic_const_weights_partitioned_h32/graphsage_po2_qat_partitioned.h:204:24)
INFO: [HLS 214-131] Inlining function 'root_int8_clamp(ap_int<48>)' into 'void l1_neighbor_channel<false, 5, true>(ap_int<8> const (*) [16], ap_int<8>*)' (cora_graphsage_hls_test_bundle/build/cora_hls_bundle/hls/po2_qat_root_dynamic_const_weights_partitioned_h32/graphsage_po2_qat_partitioned.h:204:24)
INFO: [HLS 214-131] Inlining function 'root_int8_clamp(ap_int<48>)' into 'void l1_neighbor_channel<false, 6, true>(ap_int<8> const (*) [16], ap_int<8>*)' (cora_graphsage_hls_test_bundle/build/cora_hls_bundle/hls/po2_qat_root_dynamic_const_weights_partitioned_h32/graphsage_po2_qat_partitioned.h:204:24)
INFO: [HLS 214-131] Inlining function 'root_int8_clamp(ap_int<48>)' into 'void l1_neighbor_channel<false, 7, true>(ap_int<8> const (*) [16], ap_int<8>*)' (cora_graphsage_hls_test_bundle/build/cora_hls_bundle/hls/po2_qat_root_dynamic_const_weights_partitioned_h32/graphsage_po2_qat_partitioned.h:204:24)
INFO: [HLS 214-131] Inlining function 'root_int8_clamp(ap_int<48>)' into 'void l1_neighbor_channel<false, 8, true>(ap_int<8> const (*) [16], ap_int<8>*)' (cora_graphsage_hls_test_bundle/build/cora_hls_bundle/hls/po2_qat_root_dynamic_const_weights_partitioned_h32/graphsage_po2_qat_partitioned.h:204:24)
INFO: [HLS 214-131] Inlining function 'root_int8_clamp(ap_int<48>)' into 'void l1_neighbor_channel<false, 9, true>(ap_int<8> const (*) [16], ap_int<8>*)' (cora_graphsage_hls_test_bundle/build/cora_hls_bundle/hls/po2_qat_root_dynamic_const_weights_partitioned_h32/graphsage_po2_qat_partitioned.h:204:24)
INFO: [HLS 214-131] Inlining function 'root_int8_clamp(ap_int<48>)' into 'void l1_neighbor_channel<false, 10, true>(ap_int<8> const (*) [16], ap_int<8>*)' (cora_graphsage_hls_test_bundle/build/cora_hls_bundle/hls/po2_qat_root_dynamic_const_weights_partitioned_h32/graphsage_po2_qat_partitioned.h:204:24)
INFO: [HLS 214-131] Inlining function 'root_int8_clamp(ap_int<48>)' into 'void l1_neighbor_channel<false, 11, true>(ap_int<8> const (*) [16], ap_int<8>*)' (cora_graphsage_hls_test_bundle/build/cora_hls_bundle/hls/po2_qat_root_dynamic_const_weights_partitioned_h32/graphsage_po2_qat_partitioned.h:204:24)
INFO: [HLS 214-131] Inlining function 'root_int8_clamp(ap_int<48>)' into 'void l1_neighbor_channel<false, 12, true>(ap_int<8> const (*) [16], ap_int<8>*)' (cora_graphsage_hls_test_bundle/build/cora_hls_bundle/hls/po2_qat_root_dynamic_const_weights_partitioned_h32/graphsage_po2_qat_partitioned.h:204:24)
INFO: [HLS 214-131] Inlining function 'root_int8_clamp(ap_int<48>)' into 'void l1_neighbor_channel<false, 13, true>(ap_int<8> const (*) [16], ap_int<8>*)' (cora_graphsage_hls_test_bundle/build/cora_hls_bundle/hls/po2_qat_root_dynamic_const_weights_partitioned_h32/graphsage_po2_qat_partitioned.h:204:24)
INFO: [HLS 214-131] Inlining function 'root_int8_clamp(ap_int<48>)' into 'void l1_neighbor_channel<false, 14, true>(ap_int<8> const (*) [16], ap_int<8>*)' (cora_graphsage_hls_test_bundle/build/cora_hls_bundle/hls/po2_qat_root_dynamic_const_weights_partitioned_h32/graphsage_po2_qat_partitioned.h:204:24)
INFO: [HLS 214-131] Inlining function 'root_int8_clamp(ap_int<48>)' into 'void l1_neighbor_channel<false, 15, true>(ap_int<8> const (*) [16], ap_int<8>*)' (cora_graphsage_hls_test_bundle/build/cora_hls_bundle/hls/po2_qat_root_dynamic_const_weights_partitioned_h32/graphsage_po2_qat_partitioned.h:204:24)
INFO: [HLS 214-131] Inlining function 'root_int8_clamp(ap_int<48>)' into 'void l1_neighbor_channel<false, 16, true>(ap_int<8> const (*) [16], ap_int<8>*)' (cora_graphsage_hls_test_bundle/build/cora_hls_bundle/hls/po2_qat_root_dynamic_const_weights_partitioned_h32/graphsage_po2_qat_partitioned.h:204:24)
INFO: [HLS 214-131] Inlining function 'root_int8_clamp(ap_int<48>)' into 'void l1_neighbor_channel<false, 17, true>(ap_int<8> const (*) [16], ap_int<8>*)' (cora_graphsage_hls_test_bundle/build/cora_hls_bundle/hls/po2_qat_root_dynamic_const_weights_partitioned_h32/graphsage_po2_qat_partitioned.h:204:24)
INFO: [HLS 214-131] Inlining function 'root_int8_clamp(ap_int<48>)' into 'void l1_neighbor_channel<false, 18, true>(ap_int<8> const (*) [16], ap_int<8>*)' (cora_graphsage_hls_test_bundle/build/cora_hls_bundle/hls/po2_qat_root_dynamic_const_weights_partitioned_h32/graphsage_po2_qat_partitioned.h:204:24)
INFO: [HLS 214-131] Inlining function 'root_int8_clamp(ap_int<48>)' into 'void l1_neighbor_channel<false, 19, true>(ap_int<8> const (*) [16], ap_int<8>*)' (cora_graphsage_hls_test_bundle/build/cora_hls_bundle/hls/po2_qat_root_dynamic_const_weights_partitioned_h32/graphsage_po2_qat_partitioned.h:204:24)
INFO: [HLS 214-131] Inlining function 'root_int8_clamp(ap_int<48>)' into 'void l1_neighbor_channel<false, 20, true>(ap_int<8> const (*) [16], ap_int<8>*)' (cora_graphsage_hls_test_bundle/build/cora_hls_bundle/hls/po2_qat_root_dynamic_const_weights_partitioned_h32/graphsage_po2_qat_partitioned.h:204:24)
INFO: [HLS 214-131] Inlining function 'root_int8_clamp(ap_int<48>)' into 'void l1_neighbor_channel<false, 21, true>(ap_int<8> const (*) [16], ap_int<8>*)' (cora_graphsage_hls_test_bundle/build/cora_hls_bundle/hls/po2_qat_root_dynamic_const_weights_partitioned_h32/graphsage_po2_qat_partitioned.h:204:24)
INFO: [HLS 214-131] Inlining function 'root_int8_clamp(ap_int<48>)' into 'void l1_neighbor_channel<false, 22, true>(ap_int<8> const (*) [16], ap_int<8>*)' (cora_graphsage_hls_test_bundle/build/cora_hls_bundle/hls/po2_qat_root_dynamic_const_weights_partitioned_h32/graphsage_po2_qat_partitioned.h:204:24)
INFO: [HLS 214-131] Inlining function 'root_int8_clamp(ap_int<48>)' into 'void l1_neighbor_channel<false, 23, true>(ap_int<8> const (*) [16], ap_int<8>*)' (cora_graphsage_hls_test_bundle/build/cora_hls_bundle/hls/po2_qat_root_dynamic_const_weights_partitioned_h32/graphsage_po2_qat_partitioned.h:204:24)
INFO: [HLS 214-131] Inlining function 'root_int8_clamp(ap_int<48>)' into 'void l1_neighbor_channel<false, 24, true>(ap_int<8> const (*) [16], ap_int<8>*)' (cora_graphsage_hls_test_bundle/build/cora_hls_bundle/hls/po2_qat_root_dynamic_const_weights_partitioned_h32/graphsage_po2_qat_partitioned.h:204:24)
INFO: [HLS 214-131] Inlining function 'root_int8_clamp(ap_int<48>)' into 'void l1_neighbor_channel<false, 25, true>(ap_int<8> const (*) [16], ap_int<8>*)' (cora_graphsage_hls_test_bundle/build/cora_hls_bundle/hls/po2_qat_root_dynamic_const_weights_partitioned_h32/graphsage_po2_qat_partitioned.h:204:24)
INFO: [HLS 214-131] Inlining function 'root_int8_clamp(ap_int<48>)' into 'void l1_neighbor_channel<false, 26, true>(ap_int<8> const (*) [16], ap_int<8>*)' (cora_graphsage_hls_test_bundle/build/cora_hls_bundle/hls/po2_qat_root_dynamic_const_weights_partitioned_h32/graphsage_po2_qat_partitioned.h:204:24)
INFO: [HLS 214-131] Inlining function 'root_int8_clamp(ap_int<48>)' into 'void l1_neighbor_channel<false, 27, true>(ap_int<8> const (*) [16], ap_int<8>*)' (cora_graphsage_hls_test_bundle/build/cora_hls_bundle/hls/po2_qat_root_dynamic_const_weights_partitioned_h32/graphsage_po2_qat_partitioned.h:204:24)
INFO: [HLS 214-131] Inlining function 'root_int8_clamp(ap_int<48>)' into 'void l1_neighbor_channel<false, 28, true>(ap_int<8> const (*) [16], ap_int<8>*)' (cora_graphsage_hls_test_bundle/build/cora_hls_bundle/hls/po2_qat_root_dynamic_const_weights_partitioned_h32/graphsage_po2_qat_partitioned.h:204:24)
INFO: [HLS 214-131] Inlining function 'root_int8_clamp(ap_int<48>)' into 'void l1_neighbor_channel<false, 29, true>(ap_int<8> const (*) [16], ap_int<8>*)' (cora_graphsage_hls_test_bundle/build/cora_hls_bundle/hls/po2_qat_root_dynamic_const_weights_partitioned_h32/graphsage_po2_qat_partitioned.h:204:24)
INFO: [HLS 214-131] Inlining function 'root_int8_clamp(ap_int<48>)' into 'void l1_neighbor_channel<false, 30, true>(ap_int<8> const (*) [16], ap_int<8>*)' (cora_graphsage_hls_test_bundle/build/cora_hls_bundle/hls/po2_qat_root_dynamic_const_weights_partitioned_h32/graphsage_po2_qat_partitioned.h:204:24)
INFO: [HLS 214-131] Inlining function 'root_int8_clamp(ap_int<48>)' into 'void l1_neighbor_channel<false, 31, true>(ap_int<8> const (*) [16], ap_int<8>*)' (cora_graphsage_hls_test_bundle/build/cora_hls_bundle/hls/po2_qat_root_dynamic_const_weights_partitioned_h32/graphsage_po2_qat_partitioned.h:204:24)
INFO: [HLS 214-131] Inlining function 'root_popcount(ap_uint<8>)' into 'void root_dynamic_mean<32, 12>(ap_int<8> const (*) [32], ap_uint<8> const*, ap_int<8> (*) [32])' (cora_graphsage_hls_test_bundle/build/cora_hls_bundle/hls/po2_qat_root_dynamic_const_weights_partitioned_h32/../root_dynamic_const_weights_h32/graphsage_root_dynamic_const_weights.h:279:33)
INFO: [HLS 214-131] Inlining function 'root_int8_clamp(ap_int<48>)' into 'void root_dynamic_mean<32, 12>(ap_int<8> const (*) [32], ap_uint<8> const*, ap_int<8> (*) [32])' (cora_graphsage_hls_test_bundle/build/cora_hls_bundle/hls/po2_qat_root_dynamic_const_weights_partitioned_h32/../root_dynamic_const_weights_h32/graphsage_root_dynamic_const_weights.h:309:37)
INFO: [HLS 214-131] Inlining function 'root_degree_scale(ap_uint<4>)' into 'void root_dynamic_mean<32, 12>(ap_int<8> const (*) [32], ap_uint<8> const*, ap_int<8> (*) [32])' (cora_graphsage_hls_test_bundle/build/cora_hls_bundle/hls/po2_qat_root_dynamic_const_weights_partitioned_h32/../root_dynamic_const_weights_h32/graphsage_root_dynamic_const_weights.h:280:35)
INFO: [HLS 214-131] Inlining function 'root_int8_clamp(ap_int<48>)' into 'void l2_root_channel<false, 0, true>(ap_int<8> const (*) [32], ap_int<8> const (*) [32], ap_int<8>*)' (cora_graphsage_hls_test_bundle/build/cora_hls_bundle/hls/po2_qat_root_dynamic_const_weights_partitioned_h32/graphsage_po2_qat_partitioned.h:292:24)
INFO: [HLS 214-131] Inlining function 'root_int8_clamp(ap_int<48>)' into 'void l2_root_channel<false, 1, true>(ap_int<8> const (*) [32], ap_int<8> const (*) [32], ap_int<8>*)' (cora_graphsage_hls_test_bundle/build/cora_hls_bundle/hls/po2_qat_root_dynamic_const_weights_partitioned_h32/graphsage_po2_qat_partitioned.h:292:24)
INFO: [HLS 214-131] Inlining function 'root_int8_clamp(ap_int<48>)' into 'void l2_root_channel<false, 2, true>(ap_int<8> const (*) [32], ap_int<8> const (*) [32], ap_int<8>*)' (cora_graphsage_hls_test_bundle/build/cora_hls_bundle/hls/po2_qat_root_dynamic_const_weights_partitioned_h32/graphsage_po2_qat_partitioned.h:292:24)
INFO: [HLS 214-131] Inlining function 'root_int8_clamp(ap_int<48>)' into 'void l2_root_channel<false, 3, true>(ap_int<8> const (*) [32], ap_int<8> const (*) [32], ap_int<8>*)' (cora_graphsage_hls_test_bundle/build/cora_hls_bundle/hls/po2_qat_root_dynamic_const_weights_partitioned_h32/graphsage_po2_qat_partitioned.h:292:24)
INFO: [HLS 214-131] Inlining function 'root_int8_clamp(ap_int<48>)' into 'void l2_root_channel<false, 4, true>(ap_int<8> const (*) [32], ap_int<8> const (*) [32], ap_int<8>*)' (cora_graphsage_hls_test_bundle/build/cora_hls_bundle/hls/po2_qat_root_dynamic_const_weights_partitioned_h32/graphsage_po2_qat_partitioned.h:292:24)
INFO: [HLS 214-131] Inlining function 'root_int8_clamp(ap_int<48>)' into 'void l2_root_channel<false, 5, true>(ap_int<8> const (*) [32], ap_int<8> const (*) [32], ap_int<8>*)' (cora_graphsage_hls_test_bundle/build/cora_hls_bundle/hls/po2_qat_root_dynamic_const_weights_partitioned_h32/graphsage_po2_qat_partitioned.h:292:24)
INFO: [HLS 214-131] Inlining function 'root_int8_clamp(ap_int<48>)' into 'void l2_root_channel<false, 6, true>(ap_int<8> const (*) [32], ap_int<8> const (*) [32], ap_int<8>*)' (cora_graphsage_hls_test_bundle/build/cora_hls_bundle/hls/po2_qat_root_dynamic_const_weights_partitioned_h32/graphsage_po2_qat_partitioned.h:292:24)
INFO: [HLS 214-131] Inlining function 'root_int8_clamp(ap_int<48>)' into 'void l2_neighbor_channel<false, 0, true>(ap_int<8> const (*) [32], ap_int<8>*)' (cora_graphsage_hls_test_bundle/build/cora_hls_bundle/hls/po2_qat_root_dynamic_const_weights_partitioned_h32/graphsage_po2_qat_partitioned.h:379:24)
INFO: [HLS 214-131] Inlining function 'root_int8_clamp(ap_int<48>)' into 'void l2_neighbor_channel<false, 1, true>(ap_int<8> const (*) [32], ap_int<8>*)' (cora_graphsage_hls_test_bundle/build/cora_hls_bundle/hls/po2_qat_root_dynamic_const_weights_partitioned_h32/graphsage_po2_qat_partitioned.h:379:24)
INFO: [HLS 214-131] Inlining function 'root_int8_clamp(ap_int<48>)' into 'void l2_neighbor_channel<false, 2, true>(ap_int<8> const (*) [32], ap_int<8>*)' (cora_graphsage_hls_test_bundle/build/cora_hls_bundle/hls/po2_qat_root_dynamic_const_weights_partitioned_h32/graphsage_po2_qat_partitioned.h:379:24)
INFO: [HLS 214-131] Inlining function 'root_int8_clamp(ap_int<48>)' into 'void l2_neighbor_channel<false, 3, true>(ap_int<8> const (*) [32], ap_int<8>*)' (cora_graphsage_hls_test_bundle/build/cora_hls_bundle/hls/po2_qat_root_dynamic_const_weights_partitioned_h32/graphsage_po2_qat_partitioned.h:379:24)
INFO: [HLS 214-131] Inlining function 'root_int8_clamp(ap_int<48>)' into 'void l2_neighbor_channel<false, 4, true>(ap_int<8> const (*) [32], ap_int<8>*)' (cora_graphsage_hls_test_bundle/build/cora_hls_bundle/hls/po2_qat_root_dynamic_const_weights_partitioned_h32/graphsage_po2_qat_partitioned.h:379:24)
INFO: [HLS 214-131] Inlining function 'root_int8_clamp(ap_int<48>)' into 'void l2_neighbor_channel<false, 5, true>(ap_int<8> const (*) [32], ap_int<8>*)' (cora_graphsage_hls_test_bundle/build/cora_hls_bundle/hls/po2_qat_root_dynamic_const_weights_partitioned_h32/graphsage_po2_qat_partitioned.h:379:24)
INFO: [HLS 214-131] Inlining function 'root_int8_clamp(ap_int<48>)' into 'void l2_neighbor_channel<false, 6, true>(ap_int<8> const (*) [32], ap_int<8>*)' (cora_graphsage_hls_test_bundle/build/cora_hls_bundle/hls/po2_qat_root_dynamic_const_weights_partitioned_h32/graphsage_po2_qat_partitioned.h:379:24)
INFO: [HLS 214-131] Inlining function 'void root_dynamic_mean<16, 12>(ap_int<8> const (*) [16], ap_uint<8> const*, ap_int<8> (*) [16])' into 'graphsage_po2_qat_partitioned(ap_int<8> const (*) [16], ap_uint<8> const*, ap_int<8> (*) [7])' (hls/cora_graphsage_hls_test_bundle/build/cora_hls_bundle/hls/po2_qat_root_dynamic_const_weights_partitioned_h32/graphsage_po2_qat_partitioned.cpp:47:5)
INFO: [HLS 214-131] Inlining function 'root_int8_clamp(ap_int<48>)' into 'graphsage_po2_qat_partitioned(ap_int<8> const (*) [16], ap_uint<8> const*, ap_int<8> (*) [7])' (hls/cora_graphsage_hls_test_bundle/build/cora_hls_bundle/hls/po2_qat_root_dynamic_const_weights_partitioned_h32/graphsage_po2_qat_partitioned.cpp:159:41)
INFO: [HLS 214-131] Inlining function 'void root_dynamic_mean<32, 12>(ap_int<8> const (*) [32], ap_uint<8> const*, ap_int<8> (*) [32])' into 'graphsage_po2_qat_partitioned(ap_int<8> const (*) [16], ap_uint<8> const*, ap_int<8> (*) [7])' (hls/cora_graphsage_hls_test_bundle/build/cora_hls_bundle/hls/po2_qat_root_dynamic_const_weights_partitioned_h32/graphsage_po2_qat_partitioned.cpp:136:5)
INFO: [HLS 214-291] Loop 'PARTITIONED_OUTPUT_NODE' is marked as complete unroll implied by the pipeline pragma (hls/cora_graphsage_hls_test_bundle/build/cora_hls_bundle/hls/po2_qat_root_dynamic_const_weights_partitioned_h32/graphsage_po2_qat_partitioned.cpp:154:5)
INFO: [HLS 214-291] Loop 'PARTITIONED_OUTPUT_FEATURE' is marked as complete unroll implied by the pipeline pragma (hls/cora_graphsage_hls_test_bundle/build/cora_hls_bundle/hls/po2_qat_root_dynamic_const_weights_partitioned_h32/graphsage_po2_qat_partitioned.cpp:157:9)
INFO: [HLS 214-291] Loop 'ROOT_AGG_NODE' is marked as complete unroll implied by the pipeline pragma (cora_graphsage_hls_test_bundle/build/cora_hls_bundle/hls/po2_qat_root_dynamic_const_weights_partitioned_h32/../root_dynamic_const_weights_h32/graphsage_root_dynamic_const_weights.h:277:5)
INFO: [HLS 214-291] Loop 'ROOT_AGG_FEATURE' is marked as complete unroll implied by the pipeline pragma (cora_graphsage_hls_test_bundle/build/cora_hls_bundle/hls/po2_qat_root_dynamic_const_weights_partitioned_h32/../root_dynamic_const_weights_h32/graphsage_root_dynamic_const_weights.h:282:9)
INFO: [HLS 214-291] Loop 'PARTITIONED_RELU_NODE' is marked as complete unroll implied by the pipeline pragma (hls/cora_graphsage_hls_test_bundle/build/cora_hls_bundle/hls/po2_qat_root_dynamic_const_weights_partitioned_h32/graphsage_po2_qat_partitioned.cpp:127:5)
INFO: [HLS 214-291] Loop 'PARTITIONED_RELU_FEATURE' is marked as complete unroll implied by the pipeline pragma (hls/cora_graphsage_hls_test_bundle/build/cora_hls_bundle/hls/po2_qat_root_dynamic_const_weights_partitioned_h32/graphsage_po2_qat_partitioned.cpp:130:9)
INFO: [HLS 214-291] Loop 'PARTITIONED_L1_COMBINE_NODE' is marked as complete unroll implied by the pipeline pragma (hls/cora_graphsage_hls_test_bundle/build/cora_hls_bundle/hls/po2_qat_root_dynamic_const_weights_partitioned_h32/graphsage_po2_qat_partitioned.cpp:116:5)
INFO: [HLS 214-291] Loop 'PARTITIONED_L1_COMBINE_FEATURE' is marked as complete unroll implied by the pipeline pragma (hls/cora_graphsage_hls_test_bundle/build/cora_hls_bundle/hls/po2_qat_root_dynamic_const_weights_partitioned_h32/graphsage_po2_qat_partitioned.cpp:119:9)
INFO: [HLS 214-291] Loop 'L2_NEIGHBOR_CHANNEL_NODE' is marked as complete unroll implied by the pipeline pragma (cora_graphsage_hls_test_bundle/build/cora_hls_bundle/hls/po2_qat_root_dynamic_const_weights_partitioned_h32/graphsage_po2_qat_partitioned.h:304:5)
INFO: [HLS 214-291] Loop 'L2_NEIGHBOR_CHANNEL_INPUT_LO' is marked as complete unroll implied by the pipeline pragma (cora_graphsage_hls_test_bundle/build/cora_hls_bundle/hls/po2_qat_root_dynamic_const_weights_partitioned_h32/graphsage_po2_qat_partitioned.h:311:13)
INFO: [HLS 214-291] Loop 'L2_NEIGHBOR_CHANNEL_INPUT_HI' is marked as complete unroll implied by the pipeline pragma (cora_graphsage_hls_test_bundle/build/cora_hls_bundle/hls/po2_qat_root_dynamic_const_weights_partitioned_h32/graphsage_po2_qat_partitioned.h:332:13)
INFO: [HLS 214-291] Loop 'L2_ROOT_CHANNEL_NODE' is marked as complete unroll implied by the pipeline pragma (cora_graphsage_hls_test_bundle/build/cora_hls_bundle/hls/po2_qat_root_dynamic_const_weights_partitioned_h32/graphsage_po2_qat_partitioned.h:217:5)
INFO: [HLS 214-291] Loop 'L2_ROOT_CHANNEL_INPUT_LO' is marked as complete unroll implied by the pipeline pragma (cora_graphsage_hls_test_bundle/build/cora_hls_bundle/hls/po2_qat_root_dynamic_const_weights_partitioned_h32/graphsage_po2_qat_partitioned.h:224:13)
INFO: [HLS 214-291] Loop 'L2_ROOT_CHANNEL_INPUT_HI' is marked as complete unroll implied by the pipeline pragma (cora_graphsage_hls_test_bundle/build/cora_hls_bundle/hls/po2_qat_root_dynamic_const_weights_partitioned_h32/graphsage_po2_qat_partitioned.h:245:13)
INFO: [HLS 214-291] Loop 'L1_NEIGHBOR_CHANNEL_NODE' is marked as complete unroll implied by the pipeline pragma (cora_graphsage_hls_test_bundle/build/cora_hls_bundle/hls/po2_qat_root_dynamic_const_weights_partitioned_h32/graphsage_po2_qat_partitioned.h:129:5)
INFO: [HLS 214-291] Loop 'L1_NEIGHBOR_CHANNEL_INPUT_LO' is marked as complete unroll implied by the pipeline pragma (cora_graphsage_hls_test_bundle/build/cora_hls_bundle/hls/po2_qat_root_dynamic_const_weights_partitioned_h32/graphsage_po2_qat_partitioned.h:136:13)
INFO: [HLS 214-291] Loop 'L1_NEIGHBOR_CHANNEL_INPUT_HI' is marked as complete unroll implied by the pipeline pragma (cora_graphsage_hls_test_bundle/build/cora_hls_bundle/hls/po2_qat_root_dynamic_const_weights_partitioned_h32/graphsage_po2_qat_partitioned.h:157:13)
INFO: [HLS 214-291] Loop 'L1_ROOT_CHANNEL_NODE' is marked as complete unroll implied by the pipeline pragma (cora_graphsage_hls_test_bundle/build/cora_hls_bundle/hls/po2_qat_root_dynamic_const_weights_partitioned_h32/graphsage_po2_qat_partitioned.h:42:5)
INFO: [HLS 214-291] Loop 'L1_ROOT_CHANNEL_INPUT_LO' is marked as complete unroll implied by the pipeline pragma (cora_graphsage_hls_test_bundle/build/cora_hls_bundle/hls/po2_qat_root_dynamic_const_weights_partitioned_h32/graphsage_po2_qat_partitioned.h:49:13)
INFO: [HLS 214-291] Loop 'L1_ROOT_CHANNEL_INPUT_HI' is marked as complete unroll implied by the pipeline pragma (cora_graphsage_hls_test_bundle/build/cora_hls_bundle/hls/po2_qat_root_dynamic_const_weights_partitioned_h32/graphsage_po2_qat_partitioned.h:70:13)
INFO: [HLS 214-186] Unrolling loop 'PARTITIONED_OUTPUT_NODE' (hls/cora_graphsage_hls_test_bundle/build/cora_hls_bundle/hls/po2_qat_root_dynamic_const_weights_partitioned_h32/graphsage_po2_qat_partitioned.cpp:154:5) in function 'graphsage_po2_qat_partitioned' completely with a factor of 8 (hls/cora_graphsage_hls_test_bundle/build/cora_hls_bundle/hls/po2_qat_root_dynamic_const_weights_partitioned_h32/graphsage_po2_qat_partitioned.cpp:7:0)
INFO: [HLS 214-186] Unrolling loop 'PARTITIONED_OUTPUT_FEATURE' (hls/cora_graphsage_hls_test_bundle/build/cora_hls_bundle/hls/po2_qat_root_dynamic_const_weights_partitioned_h32/graphsage_po2_qat_partitioned.cpp:157:9) in function 'graphsage_po2_qat_partitioned' completely with a factor of 7 (hls/cora_graphsage_hls_test_bundle/build/cora_hls_bundle/hls/po2_qat_root_dynamic_const_weights_partitioned_h32/graphsage_po2_qat_partitioned.cpp:7:0)
INFO: [HLS 214-186] Unrolling loop 'ROOT_AGG_NODE' (cora_graphsage_hls_test_bundle/build/cora_hls_bundle/hls/po2_qat_root_dynamic_const_weights_partitioned_h32/../root_dynamic_const_weights_h32/graphsage_root_dynamic_const_weights.h:277:5) in function 'graphsage_po2_qat_partitioned' completely with a factor of 8 (hls/cora_graphsage_hls_test_bundle/build/cora_hls_bundle/hls/po2_qat_root_dynamic_const_weights_partitioned_h32/graphsage_po2_qat_partitioned.cpp:7:0)
INFO: [HLS 214-186] Unrolling loop 'ROOT_AGG_FEATURE' (cora_graphsage_hls_test_bundle/build/cora_hls_bundle/hls/po2_qat_root_dynamic_const_weights_partitioned_h32/../root_dynamic_const_weights_h32/graphsage_root_dynamic_const_weights.h:282:9) in function 'graphsage_po2_qat_partitioned' completely with a factor of 32 (hls/cora_graphsage_hls_test_bundle/build/cora_hls_bundle/hls/po2_qat_root_dynamic_const_weights_partitioned_h32/graphsage_po2_qat_partitioned.cpp:7:0)
INFO: [HLS 214-186] Unrolling loop 'PARTITIONED_RELU_NODE' (hls/cora_graphsage_hls_test_bundle/build/cora_hls_bundle/hls/po2_qat_root_dynamic_const_weights_partitioned_h32/graphsage_po2_qat_partitioned.cpp:127:5) in function 'graphsage_po2_qat_partitioned' completely with a factor of 8 (hls/cora_graphsage_hls_test_bundle/build/cora_hls_bundle/hls/po2_qat_root_dynamic_const_weights_partitioned_h32/graphsage_po2_qat_partitioned.cpp:7:0)
INFO: [HLS 214-186] Unrolling loop 'PARTITIONED_RELU_FEATURE' (hls/cora_graphsage_hls_test_bundle/build/cora_hls_bundle/hls/po2_qat_root_dynamic_const_weights_partitioned_h32/graphsage_po2_qat_partitioned.cpp:130:9) in function 'graphsage_po2_qat_partitioned' completely with a factor of 32 (hls/cora_graphsage_hls_test_bundle/build/cora_hls_bundle/hls/po2_qat_root_dynamic_const_weights_partitioned_h32/graphsage_po2_qat_partitioned.cpp:7:0)
INFO: [HLS 214-186] Unrolling loop 'PARTITIONED_L1_COMBINE_NODE' (hls/cora_graphsage_hls_test_bundle/build/cora_hls_bundle/hls/po2_qat_root_dynamic_const_weights_partitioned_h32/graphsage_po2_qat_partitioned.cpp:116:5) in function 'graphsage_po2_qat_partitioned' completely with a factor of 8 (hls/cora_graphsage_hls_test_bundle/build/cora_hls_bundle/hls/po2_qat_root_dynamic_const_weights_partitioned_h32/graphsage_po2_qat_partitioned.cpp:7:0)
INFO: [HLS 214-186] Unrolling loop 'PARTITIONED_L1_COMBINE_FEATURE' (hls/cora_graphsage_hls_test_bundle/build/cora_hls_bundle/hls/po2_qat_root_dynamic_const_weights_partitioned_h32/graphsage_po2_qat_partitioned.cpp:119:9) in function 'graphsage_po2_qat_partitioned' completely with a factor of 32 (hls/cora_graphsage_hls_test_bundle/build/cora_hls_bundle/hls/po2_qat_root_dynamic_const_weights_partitioned_h32/graphsage_po2_qat_partitioned.cpp:7:0)
INFO: [HLS 214-186] Unrolling loop 'ROOT_AGG_FEATURE' (cora_graphsage_hls_test_bundle/build/cora_hls_bundle/hls/po2_qat_root_dynamic_const_weights_partitioned_h32/../root_dynamic_const_weights_h32/graphsage_root_dynamic_const_weights.h:282:9) in function 'graphsage_po2_qat_partitioned' completely with a factor of 16 (hls/cora_graphsage_hls_test_bundle/build/cora_hls_bundle/hls/po2_qat_root_dynamic_const_weights_partitioned_h32/graphsage_po2_qat_partitioned.cpp:7:0)
INFO: [HLS 214-186] Unrolling loop 'L2_NEIGHBOR_CHANNEL_NODE' (cora_graphsage_hls_test_bundle/build/cora_hls_bundle/hls/po2_qat_root_dynamic_const_weights_partitioned_h32/graphsage_po2_qat_partitioned.h:304:5) in function 'l2_neighbor_channel<false, 6, true>' completely with a factor of 8 (cora_graphsage_hls_test_bundle/build/cora_hls_bundle/hls/po2_qat_root_dynamic_const_weights_partitioned_h32/graphsage_po2_qat_partitioned.h:301:0)
INFO: [HLS 214-186] Unrolling loop 'L2_NEIGHBOR_CHANNEL_INPUT_HI' (cora_graphsage_hls_test_bundle/build/cora_hls_bundle/hls/po2_qat_root_dynamic_const_weights_partitioned_h32/graphsage_po2_qat_partitioned.h:332:13) in function 'l2_neighbor_channel<false, 6, true>' completely with a factor of 16 (cora_graphsage_hls_test_bundle/build/cora_hls_bundle/hls/po2_qat_root_dynamic_const_weights_partitioned_h32/graphsage_po2_qat_partitioned.h:301:0)
INFO: [HLS 214-186] Unrolling loop 'L2_NEIGHBOR_CHANNEL_INPUT_LO' (cora_graphsage_hls_test_bundle/build/cora_hls_bundle/hls/po2_qat_root_dynamic_const_weights_partitioned_h32/graphsage_po2_qat_partitioned.h:311:13) in function 'l2_neighbor_channel<false, 6, true>' completely with a factor of 16 (cora_graphsage_hls_test_bundle/build/cora_hls_bundle/hls/po2_qat_root_dynamic_const_weights_partitioned_h32/graphsage_po2_qat_partitioned.h:301:0)
INFO: [HLS 214-186] Unrolling loop 'L2_NEIGHBOR_CHANNEL_NODE' (cora_graphsage_hls_test_bundle/build/cora_hls_bundle/hls/po2_qat_root_dynamic_const_weights_partitioned_h32/graphsage_po2_qat_partitioned.h:304:5) in function 'l2_neighbor_channel<false, 5, true>' completely with a factor of 8 (cora_graphsage_hls_test_bundle/build/cora_hls_bundle/hls/po2_qat_root_dynamic_const_weights_partitioned_h32/graphsage_po2_qat_partitioned.h:301:0)
INFO: [HLS 214-186] Unrolling loop 'L2_NEIGHBOR_CHANNEL_INPUT_HI' (cora_graphsage_hls_test_bundle/build/cora_hls_bundle/hls/po2_qat_root_dynamic_const_weights_partitioned_h32/graphsage_po2_qat_partitioned.h:332:13) in function 'l2_neighbor_channel<false, 5, true>' completely with a factor of 16 (cora_graphsage_hls_test_bundle/build/cora_hls_bundle/hls/po2_qat_root_dynamic_const_weights_partitioned_h32/graphsage_po2_qat_partitioned.h:301:0)
INFO: [HLS 214-186] Unrolling loop 'L2_NEIGHBOR_CHANNEL_INPUT_LO' (cora_graphsage_hls_test_bundle/build/cora_hls_bundle/hls/po2_qat_root_dynamic_const_weights_partitioned_h32/graphsage_po2_qat_partitioned.h:311:13) in function 'l2_neighbor_channel<false, 5, true>' completely with a factor of 16 (cora_graphsage_hls_test_bundle/build/cora_hls_bundle/hls/po2_qat_root_dynamic_const_weights_partitioned_h32/graphsage_po2_qat_partitioned.h:301:0)
INFO: [HLS 214-186] Unrolling loop 'L2_NEIGHBOR_CHANNEL_NODE' (cora_graphsage_hls_test_bundle/build/cora_hls_bundle/hls/po2_qat_root_dynamic_const_weights_partitioned_h32/graphsage_po2_qat_partitioned.h:304:5) in function 'l2_neighbor_channel<false, 4, true>' completely with a factor of 8 (cora_graphsage_hls_test_bundle/build/cora_hls_bundle/hls/po2_qat_root_dynamic_const_weights_partitioned_h32/graphsage_po2_qat_partitioned.h:301:0)
INFO: [HLS 214-186] Unrolling loop 'L2_NEIGHBOR_CHANNEL_INPUT_HI' (cora_graphsage_hls_test_bundle/build/cora_hls_bundle/hls/po2_qat_root_dynamic_const_weights_partitioned_h32/graphsage_po2_qat_partitioned.h:332:13) in function 'l2_neighbor_channel<false, 4, true>' completely with a factor of 16 (cora_graphsage_hls_test_bundle/build/cora_hls_bundle/hls/po2_qat_root_dynamic_const_weights_partitioned_h32/graphsage_po2_qat_partitioned.h:301:0)
INFO: [HLS 214-186] Unrolling loop 'L2_NEIGHBOR_CHANNEL_INPUT_LO' (cora_graphsage_hls_test_bundle/build/cora_hls_bundle/hls/po2_qat_root_dynamic_const_weights_partitioned_h32/graphsage_po2_qat_partitioned.h:311:13) in function 'l2_neighbor_channel<false, 4, true>' completely with a factor of 16 (cora_graphsage_hls_test_bundle/build/cora_hls_bundle/hls/po2_qat_root_dynamic_const_weights_partitioned_h32/graphsage_po2_qat_partitioned.h:301:0)
INFO: [HLS 214-186] Unrolling loop 'L2_NEIGHBOR_CHANNEL_NODE' (cora_graphsage_hls_test_bundle/build/cora_hls_bundle/hls/po2_qat_root_dynamic_const_weights_partitioned_h32/graphsage_po2_qat_partitioned.h:304:5) in function 'l2_neighbor_channel<false, 3, true>' completely with a factor of 8 (cora_graphsage_hls_test_bundle/build/cora_hls_bundle/hls/po2_qat_root_dynamic_const_weights_partitioned_h32/graphsage_po2_qat_partitioned.h:301:0)
INFO: [HLS 214-186] Unrolling loop 'L2_NEIGHBOR_CHANNEL_INPUT_HI' (cora_graphsage_hls_test_bundle/build/cora_hls_bundle/hls/po2_qat_root_dynamic_const_weights_partitioned_h32/graphsage_po2_qat_partitioned.h:332:13) in function 'l2_neighbor_channel<false, 3, true>' completely with a factor of 16 (cora_graphsage_hls_test_bundle/build/cora_hls_bundle/hls/po2_qat_root_dynamic_const_weights_partitioned_h32/graphsage_po2_qat_partitioned.h:301:0)
INFO: [HLS 214-186] Unrolling loop 'L2_NEIGHBOR_CHANNEL_INPUT_LO' (cora_graphsage_hls_test_bundle/build/cora_hls_bundle/hls/po2_qat_root_dynamic_const_weights_partitioned_h32/graphsage_po2_qat_partitioned.h:311:13) in function 'l2_neighbor_channel<false, 3, true>' completely with a factor of 16 (cora_graphsage_hls_test_bundle/build/cora_hls_bundle/hls/po2_qat_root_dynamic_const_weights_partitioned_h32/graphsage_po2_qat_partitioned.h:301:0)
INFO: [HLS 214-186] Unrolling loop 'L2_NEIGHBOR_CHANNEL_NODE' (cora_graphsage_hls_test_bundle/build/cora_hls_bundle/hls/po2_qat_root_dynamic_const_weights_partitioned_h32/graphsage_po2_qat_partitioned.h:304:5) in function 'l2_neighbor_channel<false, 2, true>' completely with a factor of 8 (cora_graphsage_hls_test_bundle/build/cora_hls_bundle/hls/po2_qat_root_dynamic_const_weights_partitioned_h32/graphsage_po2_qat_partitioned.h:301:0)
INFO: [HLS 214-186] Unrolling loop 'L2_NEIGHBOR_CHANNEL_INPUT_HI' (cora_graphsage_hls_test_bundle/build/cora_hls_bundle/hls/po2_qat_root_dynamic_const_weights_partitioned_h32/graphsage_po2_qat_partitioned.h:332:13) in function 'l2_neighbor_channel<false, 2, true>' completely with a factor of 16 (cora_graphsage_hls_test_bundle/build/cora_hls_bundle/hls/po2_qat_root_dynamic_const_weights_partitioned_h32/graphsage_po2_qat_partitioned.h:301:0)
INFO: [HLS 214-186] Unrolling loop 'L2_NEIGHBOR_CHANNEL_INPUT_LO' (cora_graphsage_hls_test_bundle/build/cora_hls_bundle/hls/po2_qat_root_dynamic_const_weights_partitioned_h32/graphsage_po2_qat_partitioned.h:311:13) in function 'l2_neighbor_channel<false, 2, true>' completely with a factor of 16 (cora_graphsage_hls_test_bundle/build/cora_hls_bundle/hls/po2_qat_root_dynamic_const_weights_partitioned_h32/graphsage_po2_qat_partitioned.h:301:0)
INFO: [HLS 214-186] Unrolling loop 'L2_NEIGHBOR_CHANNEL_NODE' (cora_graphsage_hls_test_bundle/build/cora_hls_bundle/hls/po2_qat_root_dynamic_const_weights_partitioned_h32/graphsage_po2_qat_partitioned.h:304:5) in function 'l2_neighbor_channel<false, 1, true>' completely with a factor of 8 (cora_graphsage_hls_test_bundle/build/cora_hls_bundle/hls/po2_qat_root_dynamic_const_weights_partitioned_h32/graphsage_po2_qat_partitioned.h:301:0)
INFO: [HLS 214-186] Unrolling loop 'L2_NEIGHBOR_CHANNEL_INPUT_HI' (cora_graphsage_hls_test_bundle/build/cora_hls_bundle/hls/po2_qat_root_dynamic_const_weights_partitioned_h32/graphsage_po2_qat_partitioned.h:332:13) in function 'l2_neighbor_channel<false, 1, true>' completely with a factor of 16 (cora_graphsage_hls_test_bundle/build/cora_hls_bundle/hls/po2_qat_root_dynamic_const_weights_partitioned_h32/graphsage_po2_qat_partitioned.h:301:0)
INFO: [HLS 214-186] Unrolling loop 'L2_NEIGHBOR_CHANNEL_INPUT_LO' (cora_graphsage_hls_test_bundle/build/cora_hls_bundle/hls/po2_qat_root_dynamic_const_weights_partitioned_h32/graphsage_po2_qat_partitioned.h:311:13) in function 'l2_neighbor_channel<false, 1, true>' completely with a factor of 16 (cora_graphsage_hls_test_bundle/build/cora_hls_bundle/hls/po2_qat_root_dynamic_const_weights_partitioned_h32/graphsage_po2_qat_partitioned.h:301:0)
INFO: [HLS 214-186] Unrolling loop 'L2_NEIGHBOR_CHANNEL_NODE' (cora_graphsage_hls_test_bundle/build/cora_hls_bundle/hls/po2_qat_root_dynamic_const_weights_partitioned_h32/graphsage_po2_qat_partitioned.h:304:5) in function 'l2_neighbor_channel<false, 0, true>' completely with a factor of 8 (cora_graphsage_hls_test_bundle/build/cora_hls_bundle/hls/po2_qat_root_dynamic_const_weights_partitioned_h32/graphsage_po2_qat_partitioned.h:301:0)
INFO: [HLS 214-186] Unrolling loop 'L2_NEIGHBOR_CHANNEL_INPUT_HI' (cora_graphsage_hls_test_bundle/build/cora_hls_bundle/hls/po2_qat_root_dynamic_const_weights_partitioned_h32/graphsage_po2_qat_partitioned.h:332:13) in function 'l2_neighbor_channel<false, 0, true>' completely with a factor of 16 (cora_graphsage_hls_test_bundle/build/cora_hls_bundle/hls/po2_qat_root_dynamic_const_weights_partitioned_h32/graphsage_po2_qat_partitioned.h:301:0)
INFO: [HLS 214-186] Unrolling loop 'L2_NEIGHBOR_CHANNEL_INPUT_LO' (cora_graphsage_hls_test_bundle/build/cora_hls_bundle/hls/po2_qat_root_dynamic_const_weights_partitioned_h32/graphsage_po2_qat_partitioned.h:311:13) in function 'l2_neighbor_channel<false, 0, true>' completely with a factor of 16 (cora_graphsage_hls_test_bundle/build/cora_hls_bundle/hls/po2_qat_root_dynamic_const_weights_partitioned_h32/graphsage_po2_qat_partitioned.h:301:0)
INFO: [HLS 214-186] Unrolling loop 'L2_ROOT_CHANNEL_NODE' (cora_graphsage_hls_test_bundle/build/cora_hls_bundle/hls/po2_qat_root_dynamic_const_weights_partitioned_h32/graphsage_po2_qat_partitioned.h:217:5) in function 'l2_root_channel<false, 6, true>' completely with a factor of 8 (cora_graphsage_hls_test_bundle/build/cora_hls_bundle/hls/po2_qat_root_dynamic_const_weights_partitioned_h32/graphsage_po2_qat_partitioned.h:214:0)
INFO: [HLS 214-186] Unrolling loop 'L2_ROOT_CHANNEL_INPUT_HI' (cora_graphsage_hls_test_bundle/build/cora_hls_bundle/hls/po2_qat_root_dynamic_const_weights_partitioned_h32/graphsage_po2_qat_partitioned.h:245:13) in function 'l2_root_channel<false, 6, true>' completely with a factor of 16 (cora_graphsage_hls_test_bundle/build/cora_hls_bundle/hls/po2_qat_root_dynamic_const_weights_partitioned_h32/graphsage_po2_qat_partitioned.h:214:0)
INFO: [HLS 214-186] Unrolling loop 'L2_ROOT_CHANNEL_INPUT_LO' (cora_graphsage_hls_test_bundle/build/cora_hls_bundle/hls/po2_qat_root_dynamic_const_weights_partitioned_h32/graphsage_po2_qat_partitioned.h:224:13) in function 'l2_root_channel<false, 6, true>' completely with a factor of 16 (cora_graphsage_hls_test_bundle/build/cora_hls_bundle/hls/po2_qat_root_dynamic_const_weights_partitioned_h32/graphsage_po2_qat_partitioned.h:214:0)
INFO: [HLS 214-186] Unrolling loop 'L2_ROOT_CHANNEL_NODE' (cora_graphsage_hls_test_bundle/build/cora_hls_bundle/hls/po2_qat_root_dynamic_const_weights_partitioned_h32/graphsage_po2_qat_partitioned.h:217:5) in function 'l2_root_channel<false, 5, true>' completely with a factor of 8 (cora_graphsage_hls_test_bundle/build/cora_hls_bundle/hls/po2_qat_root_dynamic_const_weights_partitioned_h32/graphsage_po2_qat_partitioned.h:214:0)
INFO: [HLS 214-186] Unrolling loop 'L2_ROOT_CHANNEL_INPUT_HI' (cora_graphsage_hls_test_bundle/build/cora_hls_bundle/hls/po2_qat_root_dynamic_const_weights_partitioned_h32/graphsage_po2_qat_partitioned.h:245:13) in function 'l2_root_channel<false, 5, true>' completely with a factor of 16 (cora_graphsage_hls_test_bundle/build/cora_hls_bundle/hls/po2_qat_root_dynamic_const_weights_partitioned_h32/graphsage_po2_qat_partitioned.h:214:0)
INFO: [HLS 214-186] Unrolling loop 'L2_ROOT_CHANNEL_INPUT_LO' (cora_graphsage_hls_test_bundle/build/cora_hls_bundle/hls/po2_qat_root_dynamic_const_weights_partitioned_h32/graphsage_po2_qat_partitioned.h:224:13) in function 'l2_root_channel<false, 5, true>' completely with a factor of 16 (cora_graphsage_hls_test_bundle/build/cora_hls_bundle/hls/po2_qat_root_dynamic_const_weights_partitioned_h32/graphsage_po2_qat_partitioned.h:214:0)
INFO: [HLS 214-186] Unrolling loop 'L2_ROOT_CHANNEL_NODE' (cora_graphsage_hls_test_bundle/build/cora_hls_bundle/hls/po2_qat_root_dynamic_const_weights_partitioned_h32/graphsage_po2_qat_partitioned.h:217:5) in function 'l2_root_channel<false, 4, true>' completely with a factor of 8 (cora_graphsage_hls_test_bundle/build/cora_hls_bundle/hls/po2_qat_root_dynamic_const_weights_partitioned_h32/graphsage_po2_qat_partitioned.h:214:0)
INFO: [HLS 214-186] Unrolling loop 'L2_ROOT_CHANNEL_INPUT_HI' (cora_graphsage_hls_test_bundle/build/cora_hls_bundle/hls/po2_qat_root_dynamic_const_weights_partitioned_h32/graphsage_po2_qat_partitioned.h:245:13) in function 'l2_root_channel<false, 4, true>' completely with a factor of 16 (cora_graphsage_hls_test_bundle/build/cora_hls_bundle/hls/po2_qat_root_dynamic_const_weights_partitioned_h32/graphsage_po2_qat_partitioned.h:214:0)
INFO: [HLS 214-186] Unrolling loop 'L2_ROOT_CHANNEL_INPUT_LO' (cora_graphsage_hls_test_bundle/build/cora_hls_bundle/hls/po2_qat_root_dynamic_const_weights_partitioned_h32/graphsage_po2_qat_partitioned.h:224:13) in function 'l2_root_channel<false, 4, true>' completely with a factor of 16 (cora_graphsage_hls_test_bundle/build/cora_hls_bundle/hls/po2_qat_root_dynamic_const_weights_partitioned_h32/graphsage_po2_qat_partitioned.h:214:0)
INFO: [HLS 214-186] Unrolling loop 'L2_ROOT_CHANNEL_NODE' (cora_graphsage_hls_test_bundle/build/cora_hls_bundle/hls/po2_qat_root_dynamic_const_weights_partitioned_h32/graphsage_po2_qat_partitioned.h:217:5) in function 'l2_root_channel<false, 3, true>' completely with a factor of 8 (cora_graphsage_hls_test_bundle/build/cora_hls_bundle/hls/po2_qat_root_dynamic_const_weights_partitioned_h32/graphsage_po2_qat_partitioned.h:214:0)
INFO: [HLS 214-186] Unrolling loop 'L2_ROOT_CHANNEL_INPUT_HI' (cora_graphsage_hls_test_bundle/build/cora_hls_bundle/hls/po2_qat_root_dynamic_const_weights_partitioned_h32/graphsage_po2_qat_partitioned.h:245:13) in function 'l2_root_channel<false, 3, true>' completely with a factor of 16 (cora_graphsage_hls_test_bundle/build/cora_hls_bundle/hls/po2_qat_root_dynamic_const_weights_partitioned_h32/graphsage_po2_qat_partitioned.h:214:0)
INFO: [HLS 214-186] Unrolling loop 'L2_ROOT_CHANNEL_INPUT_LO' (cora_graphsage_hls_test_bundle/build/cora_hls_bundle/hls/po2_qat_root_dynamic_const_weights_partitioned_h32/graphsage_po2_qat_partitioned.h:224:13) in function 'l2_root_channel<false, 3, true>' completely with a factor of 16 (cora_graphsage_hls_test_bundle/build/cora_hls_bundle/hls/po2_qat_root_dynamic_const_weights_partitioned_h32/graphsage_po2_qat_partitioned.h:214:0)
INFO: [HLS 214-186] Unrolling loop 'L2_ROOT_CHANNEL_NODE' (cora_graphsage_hls_test_bundle/build/cora_hls_bundle/hls/po2_qat_root_dynamic_const_weights_partitioned_h32/graphsage_po2_qat_partitioned.h:217:5) in function 'l2_root_channel<false, 2, true>' completely with a factor of 8 (cora_graphsage_hls_test_bundle/build/cora_hls_bundle/hls/po2_qat_root_dynamic_const_weights_partitioned_h32/graphsage_po2_qat_partitioned.h:214:0)
INFO: [HLS 214-186] Unrolling loop 'L2_ROOT_CHANNEL_INPUT_HI' (cora_graphsage_hls_test_bundle/build/cora_hls_bundle/hls/po2_qat_root_dynamic_const_weights_partitioned_h32/graphsage_po2_qat_partitioned.h:245:13) in function 'l2_root_channel<false, 2, true>' completely with a factor of 16 (cora_graphsage_hls_test_bundle/build/cora_hls_bundle/hls/po2_qat_root_dynamic_const_weights_partitioned_h32/graphsage_po2_qat_partitioned.h:214:0)
INFO: [HLS 214-186] Unrolling loop 'L2_ROOT_CHANNEL_INPUT_LO' (cora_graphsage_hls_test_bundle/build/cora_hls_bundle/hls/po2_qat_root_dynamic_const_weights_partitioned_h32/graphsage_po2_qat_partitioned.h:224:13) in function 'l2_root_channel<false, 2, true>' completely with a factor of 16 (cora_graphsage_hls_test_bundle/build/cora_hls_bundle/hls/po2_qat_root_dynamic_const_weights_partitioned_h32/graphsage_po2_qat_partitioned.h:214:0)
INFO: [HLS 214-186] Unrolling loop 'L2_ROOT_CHANNEL_NODE' (cora_graphsage_hls_test_bundle/build/cora_hls_bundle/hls/po2_qat_root_dynamic_const_weights_partitioned_h32/graphsage_po2_qat_partitioned.h:217:5) in function 'l2_root_channel<false, 1, true>' completely with a factor of 8 (cora_graphsage_hls_test_bundle/build/cora_hls_bundle/hls/po2_qat_root_dynamic_const_weights_partitioned_h32/graphsage_po2_qat_partitioned.h:214:0)
INFO: [HLS 214-186] Unrolling loop 'L2_ROOT_CHANNEL_INPUT_HI' (cora_graphsage_hls_test_bundle/build/cora_hls_bundle/hls/po2_qat_root_dynamic_const_weights_partitioned_h32/graphsage_po2_qat_partitioned.h:245:13) in function 'l2_root_channel<false, 1, true>' completely with a factor of 16 (cora_graphsage_hls_test_bundle/build/cora_hls_bundle/hls/po2_qat_root_dynamic_const_weights_partitioned_h32/graphsage_po2_qat_partitioned.h:214:0)
INFO: [HLS 214-186] Unrolling loop 'L2_ROOT_CHANNEL_INPUT_LO' (cora_graphsage_hls_test_bundle/build/cora_hls_bundle/hls/po2_qat_root_dynamic_const_weights_partitioned_h32/graphsage_po2_qat_partitioned.h:224:13) in function 'l2_root_channel<false, 1, true>' completely with a factor of 16 (cora_graphsage_hls_test_bundle/build/cora_hls_bundle/hls/po2_qat_root_dynamic_const_weights_partitioned_h32/graphsage_po2_qat_partitioned.h:214:0)
INFO: [HLS 214-186] Unrolling loop 'L2_ROOT_CHANNEL_NODE' (cora_graphsage_hls_test_bundle/build/cora_hls_bundle/hls/po2_qat_root_dynamic_const_weights_partitioned_h32/graphsage_po2_qat_partitioned.h:217:5) in function 'l2_root_channel<false, 0, true>' completely with a factor of 8 (cora_graphsage_hls_test_bundle/build/cora_hls_bundle/hls/po2_qat_root_dynamic_const_weights_partitioned_h32/graphsage_po2_qat_partitioned.h:214:0)
INFO: [HLS 214-186] Unrolling loop 'L2_ROOT_CHANNEL_INPUT_HI' (cora_graphsage_hls_test_bundle/build/cora_hls_bundle/hls/po2_qat_root_dynamic_const_weights_partitioned_h32/graphsage_po2_qat_partitioned.h:245:13) in function 'l2_root_channel<false, 0, true>' completely with a factor of 16 (cora_graphsage_hls_test_bundle/build/cora_hls_bundle/hls/po2_qat_root_dynamic_const_weights_partitioned_h32/graphsage_po2_qat_partitioned.h:214:0)
INFO: [HLS 214-186] Unrolling loop 'L2_ROOT_CHANNEL_INPUT_LO' (cora_graphsage_hls_test_bundle/build/cora_hls_bundle/hls/po2_qat_root_dynamic_const_weights_partitioned_h32/graphsage_po2_qat_partitioned.h:224:13) in function 'l2_root_channel<false, 0, true>' completely with a factor of 16 (cora_graphsage_hls_test_bundle/build/cora_hls_bundle/hls/po2_qat_root_dynamic_const_weights_partitioned_h32/graphsage_po2_qat_partitioned.h:214:0)
INFO: [HLS 214-186] Unrolling loop 'L1_NEIGHBOR_CHANNEL_NODE' (cora_graphsage_hls_test_bundle/build/cora_hls_bundle/hls/po2_qat_root_dynamic_const_weights_partitioned_h32/graphsage_po2_qat_partitioned.h:129:5) in function 'l1_neighbor_channel<false, 31, true>' completely with a factor of 8 (cora_graphsage_hls_test_bundle/build/cora_hls_bundle/hls/po2_qat_root_dynamic_const_weights_partitioned_h32/graphsage_po2_qat_partitioned.h:126:0)
INFO: [HLS 214-186] Unrolling loop 'L1_NEIGHBOR_CHANNEL_INPUT_HI' (cora_graphsage_hls_test_bundle/build/cora_hls_bundle/hls/po2_qat_root_dynamic_const_weights_partitioned_h32/graphsage_po2_qat_partitioned.h:157:13) in function 'l1_neighbor_channel<false, 31, true>' completely with a factor of 8 (cora_graphsage_hls_test_bundle/build/cora_hls_bundle/hls/po2_qat_root_dynamic_const_weights_partitioned_h32/graphsage_po2_qat_partitioned.h:126:0)
INFO: [HLS 214-186] Unrolling loop 'L1_NEIGHBOR_CHANNEL_INPUT_LO' (cora_graphsage_hls_test_bundle/build/cora_hls_bundle/hls/po2_qat_root_dynamic_const_weights_partitioned_h32/graphsage_po2_qat_partitioned.h:136:13) in function 'l1_neighbor_channel<false, 31, true>' completely with a factor of 8 (cora_graphsage_hls_test_bundle/build/cora_hls_bundle/hls/po2_qat_root_dynamic_const_weights_partitioned_h32/graphsage_po2_qat_partitioned.h:126:0)
INFO: [HLS 214-186] Unrolling loop 'L1_NEIGHBOR_CHANNEL_NODE' (cora_graphsage_hls_test_bundle/build/cora_hls_bundle/hls/po2_qat_root_dynamic_const_weights_partitioned_h32/graphsage_po2_qat_partitioned.h:129:5) in function 'l1_neighbor_channel<false, 30, true>' completely with a factor of 8 (cora_graphsage_hls_test_bundle/build/cora_hls_bundle/hls/po2_qat_root_dynamic_const_weights_partitioned_h32/graphsage_po2_qat_partitioned.h:126:0)
INFO: [HLS 214-186] Unrolling loop 'L1_NEIGHBOR_CHANNEL_INPUT_HI' (cora_graphsage_hls_test_bundle/build/cora_hls_bundle/hls/po2_qat_root_dynamic_const_weights_partitioned_h32/graphsage_po2_qat_partitioned.h:157:13) in function 'l1_neighbor_channel<false, 30, true>' completely with a factor of 8 (cora_graphsage_hls_test_bundle/build/cora_hls_bundle/hls/po2_qat_root_dynamic_const_weights_partitioned_h32/graphsage_po2_qat_partitioned.h:126:0)
INFO: [HLS 214-186] Unrolling loop 'L1_NEIGHBOR_CHANNEL_INPUT_LO' (cora_graphsage_hls_test_bundle/build/cora_hls_bundle/hls/po2_qat_root_dynamic_const_weights_partitioned_h32/graphsage_po2_qat_partitioned.h:136:13) in function 'l1_neighbor_channel<false, 30, true>' completely with a factor of 8 (cora_graphsage_hls_test_bundle/build/cora_hls_bundle/hls/po2_qat_root_dynamic_const_weights_partitioned_h32/graphsage_po2_qat_partitioned.h:126:0)
INFO: [HLS 214-186] Unrolling loop 'L1_NEIGHBOR_CHANNEL_NODE' (cora_graphsage_hls_test_bundle/build/cora_hls_bundle/hls/po2_qat_root_dynamic_const_weights_partitioned_h32/graphsage_po2_qat_partitioned.h:129:5) in function 'l1_neighbor_channel<false, 29, true>' completely with a factor of 8 (cora_graphsage_hls_test_bundle/build/cora_hls_bundle/hls/po2_qat_root_dynamic_const_weights_partitioned_h32/graphsage_po2_qat_partitioned.h:126:0)
INFO: [HLS 214-186] Unrolling loop 'L1_NEIGHBOR_CHANNEL_INPUT_HI' (cora_graphsage_hls_test_bundle/build/cora_hls_bundle/hls/po2_qat_root_dynamic_const_weights_partitioned_h32/graphsage_po2_qat_partitioned.h:157:13) in function 'l1_neighbor_channel<false, 29, true>' completely with a factor of 8 (cora_graphsage_hls_test_bundle/build/cora_hls_bundle/hls/po2_qat_root_dynamic_const_weights_partitioned_h32/graphsage_po2_qat_partitioned.h:126:0)
INFO: [HLS 214-186] Unrolling loop 'L1_NEIGHBOR_CHANNEL_INPUT_LO' (cora_graphsage_hls_test_bundle/build/cora_hls_bundle/hls/po2_qat_root_dynamic_const_weights_partitioned_h32/graphsage_po2_qat_partitioned.h:136:13) in function 'l1_neighbor_channel<false, 29, true>' completely with a factor of 8 (cora_graphsage_hls_test_bundle/build/cora_hls_bundle/hls/po2_qat_root_dynamic_const_weights_partitioned_h32/graphsage_po2_qat_partitioned.h:126:0)
INFO: [HLS 214-186] Unrolling loop 'L1_NEIGHBOR_CHANNEL_NODE' (cora_graphsage_hls_test_bundle/build/cora_hls_bundle/hls/po2_qat_root_dynamic_const_weights_partitioned_h32/graphsage_po2_qat_partitioned.h:129:5) in function 'l1_neighbor_channel<false, 28, true>' completely with a factor of 8 (cora_graphsage_hls_test_bundle/build/cora_hls_bundle/hls/po2_qat_root_dynamic_const_weights_partitioned_h32/graphsage_po2_qat_partitioned.h:126:0)
INFO: [HLS 214-186] Unrolling loop 'L1_NEIGHBOR_CHANNEL_INPUT_HI' (cora_graphsage_hls_test_bundle/build/cora_hls_bundle/hls/po2_qat_root_dynamic_const_weights_partitioned_h32/graphsage_po2_qat_partitioned.h:157:13) in function 'l1_neighbor_channel<false, 28, true>' completely with a factor of 8 (cora_graphsage_hls_test_bundle/build/cora_hls_bundle/hls/po2_qat_root_dynamic_const_weights_partitioned_h32/graphsage_po2_qat_partitioned.h:126:0)
INFO: [HLS 214-186] Unrolling loop 'L1_NEIGHBOR_CHANNEL_INPUT_LO' (cora_graphsage_hls_test_bundle/build/cora_hls_bundle/hls/po2_qat_root_dynamic_const_weights_partitioned_h32/graphsage_po2_qat_partitioned.h:136:13) in function 'l1_neighbor_channel<false, 28, true>' completely with a factor of 8 (cora_graphsage_hls_test_bundle/build/cora_hls_bundle/hls/po2_qat_root_dynamic_const_weights_partitioned_h32/graphsage_po2_qat_partitioned.h:126:0)
INFO: [HLS 214-186] Unrolling loop 'L1_NEIGHBOR_CHANNEL_NODE' (cora_graphsage_hls_test_bundle/build/cora_hls_bundle/hls/po2_qat_root_dynamic_const_weights_partitioned_h32/graphsage_po2_qat_partitioned.h:129:5) in function 'l1_neighbor_channel<false, 27, true>' completely with a factor of 8 (cora_graphsage_hls_test_bundle/build/cora_hls_bundle/hls/po2_qat_root_dynamic_const_weights_partitioned_h32/graphsage_po2_qat_partitioned.h:126:0)
INFO: [HLS 214-186] Unrolling loop 'L1_NEIGHBOR_CHANNEL_INPUT_HI' (cora_graphsage_hls_test_bundle/build/cora_hls_bundle/hls/po2_qat_root_dynamic_const_weights_partitioned_h32/graphsage_po2_qat_partitioned.h:157:13) in function 'l1_neighbor_channel<false, 27, true>' completely with a factor of 8 (cora_graphsage_hls_test_bundle/build/cora_hls_bundle/hls/po2_qat_root_dynamic_const_weights_partitioned_h32/graphsage_po2_qat_partitioned.h:126:0)
INFO: [HLS 214-186] Unrolling loop 'L1_NEIGHBOR_CHANNEL_INPUT_LO' (cora_graphsage_hls_test_bundle/build/cora_hls_bundle/hls/po2_qat_root_dynamic_const_weights_partitioned_h32/graphsage_po2_qat_partitioned.h:136:13) in function 'l1_neighbor_channel<false, 27, true>' completely with a factor of 8 (cora_graphsage_hls_test_bundle/build/cora_hls_bundle/hls/po2_qat_root_dynamic_const_weights_partitioned_h32/graphsage_po2_qat_partitioned.h:126:0)
INFO: [HLS 214-186] Unrolling loop 'L1_NEIGHBOR_CHANNEL_NODE' (cora_graphsage_hls_test_bundle/build/cora_hls_bundle/hls/po2_qat_root_dynamic_const_weights_partitioned_h32/graphsage_po2_qat_partitioned.h:129:5) in function 'l1_neighbor_channel<false, 26, true>' completely with a factor of 8 (cora_graphsage_hls_test_bundle/build/cora_hls_bundle/hls/po2_qat_root_dynamic_const_weights_partitioned_h32/graphsage_po2_qat_partitioned.h:126:0)
INFO: [HLS 214-186] Unrolling loop 'L1_NEIGHBOR_CHANNEL_INPUT_HI' (cora_graphsage_hls_test_bundle/build/cora_hls_bundle/hls/po2_qat_root_dynamic_const_weights_partitioned_h32/graphsage_po2_qat_partitioned.h:157:13) in function 'l1_neighbor_channel<false, 26, true>' completely with a factor of 8 (cora_graphsage_hls_test_bundle/build/cora_hls_bundle/hls/po2_qat_root_dynamic_const_weights_partitioned_h32/graphsage_po2_qat_partitioned.h:126:0)
INFO: [HLS 214-186] Unrolling loop 'L1_NEIGHBOR_CHANNEL_INPUT_LO' (cora_graphsage_hls_test_bundle/build/cora_hls_bundle/hls/po2_qat_root_dynamic_const_weights_partitioned_h32/graphsage_po2_qat_partitioned.h:136:13) in function 'l1_neighbor_channel<false, 26, true>' completely with a factor of 8 (cora_graphsage_hls_test_bundle/build/cora_hls_bundle/hls/po2_qat_root_dynamic_const_weights_partitioned_h32/graphsage_po2_qat_partitioned.h:126:0)
INFO: [HLS 214-186] Unrolling loop 'L1_NEIGHBOR_CHANNEL_NODE' (cora_graphsage_hls_test_bundle/build/cora_hls_bundle/hls/po2_qat_root_dynamic_const_weights_partitioned_h32/graphsage_po2_qat_partitioned.h:129:5) in function 'l1_neighbor_channel<false, 25, true>' completely with a factor of 8 (cora_graphsage_hls_test_bundle/build/cora_hls_bundle/hls/po2_qat_root_dynamic_const_weights_partitioned_h32/graphsage_po2_qat_partitioned.h:126:0)
INFO: [HLS 214-186] Unrolling loop 'L1_NEIGHBOR_CHANNEL_INPUT_HI' (cora_graphsage_hls_test_bundle/build/cora_hls_bundle/hls/po2_qat_root_dynamic_const_weights_partitioned_h32/graphsage_po2_qat_partitioned.h:157:13) in function 'l1_neighbor_channel<false, 25, true>' completely with a factor of 8 (cora_graphsage_hls_test_bundle/build/cora_hls_bundle/hls/po2_qat_root_dynamic_const_weights_partitioned_h32/graphsage_po2_qat_partitioned.h:126:0)
INFO: [HLS 214-186] Unrolling loop 'L1_NEIGHBOR_CHANNEL_INPUT_LO' (cora_graphsage_hls_test_bundle/build/cora_hls_bundle/hls/po2_qat_root_dynamic_const_weights_partitioned_h32/graphsage_po2_qat_partitioned.h:136:13) in function 'l1_neighbor_channel<false, 25, true>' completely with a factor of 8 (cora_graphsage_hls_test_bundle/build/cora_hls_bundle/hls/po2_qat_root_dynamic_const_weights_partitioned_h32/graphsage_po2_qat_partitioned.h:126:0)
INFO: [HLS 214-186] Unrolling loop 'L1_NEIGHBOR_CHANNEL_NODE' (cora_graphsage_hls_test_bundle/build/cora_hls_bundle/hls/po2_qat_root_dynamic_const_weights_partitioned_h32/graphsage_po2_qat_partitioned.h:129:5) in function 'l1_neighbor_channel<false, 24, true>' completely with a factor of 8 (cora_graphsage_hls_test_bundle/build/cora_hls_bundle/hls/po2_qat_root_dynamic_const_weights_partitioned_h32/graphsage_po2_qat_partitioned.h:126:0)
INFO: [HLS 214-186] Unrolling loop 'L1_NEIGHBOR_CHANNEL_INPUT_HI' (cora_graphsage_hls_test_bundle/build/cora_hls_bundle/hls/po2_qat_root_dynamic_const_weights_partitioned_h32/graphsage_po2_qat_partitioned.h:157:13) in function 'l1_neighbor_channel<false, 24, true>' completely with a factor of 8 (cora_graphsage_hls_test_bundle/build/cora_hls_bundle/hls/po2_qat_root_dynamic_const_weights_partitioned_h32/graphsage_po2_qat_partitioned.h:126:0)
INFO: [HLS 214-186] Unrolling loop 'L1_NEIGHBOR_CHANNEL_INPUT_LO' (cora_graphsage_hls_test_bundle/build/cora_hls_bundle/hls/po2_qat_root_dynamic_const_weights_partitioned_h32/graphsage_po2_qat_partitioned.h:136:13) in function 'l1_neighbor_channel<false, 24, true>' completely with a factor of 8 (cora_graphsage_hls_test_bundle/build/cora_hls_bundle/hls/po2_qat_root_dynamic_const_weights_partitioned_h32/graphsage_po2_qat_partitioned.h:126:0)
INFO: [HLS 214-186] Unrolling loop 'L1_NEIGHBOR_CHANNEL_NODE' (cora_graphsage_hls_test_bundle/build/cora_hls_bundle/hls/po2_qat_root_dynamic_const_weights_partitioned_h32/graphsage_po2_qat_partitioned.h:129:5) in function 'l1_neighbor_channel<false, 23, true>' completely with a factor of 8 (cora_graphsage_hls_test_bundle/build/cora_hls_bundle/hls/po2_qat_root_dynamic_const_weights_partitioned_h32/graphsage_po2_qat_partitioned.h:126:0)
INFO: [HLS 214-186] Unrolling loop 'L1_NEIGHBOR_CHANNEL_INPUT_HI' (cora_graphsage_hls_test_bundle/build/cora_hls_bundle/hls/po2_qat_root_dynamic_const_weights_partitioned_h32/graphsage_po2_qat_partitioned.h:157:13) in function 'l1_neighbor_channel<false, 23, true>' completely with a factor of 8 (cora_graphsage_hls_test_bundle/build/cora_hls_bundle/hls/po2_qat_root_dynamic_const_weights_partitioned_h32/graphsage_po2_qat_partitioned.h:126:0)
INFO: [HLS 214-186] Unrolling loop 'L1_NEIGHBOR_CHANNEL_INPUT_LO' (cora_graphsage_hls_test_bundle/build/cora_hls_bundle/hls/po2_qat_root_dynamic_const_weights_partitioned_h32/graphsage_po2_qat_partitioned.h:136:13) in function 'l1_neighbor_channel<false, 23, true>' completely with a factor of 8 (cora_graphsage_hls_test_bundle/build/cora_hls_bundle/hls/po2_qat_root_dynamic_const_weights_partitioned_h32/graphsage_po2_qat_partitioned.h:126:0)
INFO: [HLS 214-186] Unrolling loop 'L1_NEIGHBOR_CHANNEL_NODE' (cora_graphsage_hls_test_bundle/build/cora_hls_bundle/hls/po2_qat_root_dynamic_const_weights_partitioned_h32/graphsage_po2_qat_partitioned.h:129:5) in function 'l1_neighbor_channel<false, 22, true>' completely with a factor of 8 (cora_graphsage_hls_test_bundle/build/cora_hls_bundle/hls/po2_qat_root_dynamic_const_weights_partitioned_h32/graphsage_po2_qat_partitioned.h:126:0)
INFO: [HLS 214-186] Unrolling loop 'L1_NEIGHBOR_CHANNEL_INPUT_HI' (cora_graphsage_hls_test_bundle/build/cora_hls_bundle/hls/po2_qat_root_dynamic_const_weights_partitioned_h32/graphsage_po2_qat_partitioned.h:157:13) in function 'l1_neighbor_channel<false, 22, true>' completely with a factor of 8 (cora_graphsage_hls_test_bundle/build/cora_hls_bundle/hls/po2_qat_root_dynamic_const_weights_partitioned_h32/graphsage_po2_qat_partitioned.h:126:0)
INFO: [HLS 214-186] Unrolling loop 'L1_NEIGHBOR_CHANNEL_INPUT_LO' (cora_graphsage_hls_test_bundle/build/cora_hls_bundle/hls/po2_qat_root_dynamic_const_weights_partitioned_h32/graphsage_po2_qat_partitioned.h:136:13) in function 'l1_neighbor_channel<false, 22, true>' completely with a factor of 8 (cora_graphsage_hls_test_bundle/build/cora_hls_bundle/hls/po2_qat_root_dynamic_const_weights_partitioned_h32/graphsage_po2_qat_partitioned.h:126:0)
INFO: [HLS 214-186] Unrolling loop 'L1_NEIGHBOR_CHANNEL_NODE' (cora_graphsage_hls_test_bundle/build/cora_hls_bundle/hls/po2_qat_root_dynamic_const_weights_partitioned_h32/graphsage_po2_qat_partitioned.h:129:5) in function 'l1_neighbor_channel<false, 21, true>' completely with a factor of 8 (cora_graphsage_hls_test_bundle/build/cora_hls_bundle/hls/po2_qat_root_dynamic_const_weights_partitioned_h32/graphsage_po2_qat_partitioned.h:126:0)
INFO: [HLS 214-186] Unrolling loop 'L1_NEIGHBOR_CHANNEL_INPUT_HI' (cora_graphsage_hls_test_bundle/build/cora_hls_bundle/hls/po2_qat_root_dynamic_const_weights_partitioned_h32/graphsage_po2_qat_partitioned.h:157:13) in function 'l1_neighbor_channel<false, 21, true>' completely with a factor of 8 (cora_graphsage_hls_test_bundle/build/cora_hls_bundle/hls/po2_qat_root_dynamic_const_weights_partitioned_h32/graphsage_po2_qat_partitioned.h:126:0)
INFO: [HLS 214-186] Unrolling loop 'L1_NEIGHBOR_CHANNEL_INPUT_LO' (cora_graphsage_hls_test_bundle/build/cora_hls_bundle/hls/po2_qat_root_dynamic_const_weights_partitioned_h32/graphsage_po2_qat_partitioned.h:136:13) in function 'l1_neighbor_channel<false, 21, true>' completely with a factor of 8 (cora_graphsage_hls_test_bundle/build/cora_hls_bundle/hls/po2_qat_root_dynamic_const_weights_partitioned_h32/graphsage_po2_qat_partitioned.h:126:0)
INFO: [HLS 214-186] Unrolling loop 'L1_NEIGHBOR_CHANNEL_NODE' (cora_graphsage_hls_test_bundle/build/cora_hls_bundle/hls/po2_qat_root_dynamic_const_weights_partitioned_h32/graphsage_po2_qat_partitioned.h:129:5) in function 'l1_neighbor_channel<false, 20, true>' completely with a factor of 8 (cora_graphsage_hls_test_bundle/build/cora_hls_bundle/hls/po2_qat_root_dynamic_const_weights_partitioned_h32/graphsage_po2_qat_partitioned.h:126:0)
INFO: [HLS 214-186] Unrolling loop 'L1_NEIGHBOR_CHANNEL_INPUT_HI' (cora_graphsage_hls_test_bundle/build/cora_hls_bundle/hls/po2_qat_root_dynamic_const_weights_partitioned_h32/graphsage_po2_qat_partitioned.h:157:13) in function 'l1_neighbor_channel<false, 20, true>' completely with a factor of 8 (cora_graphsage_hls_test_bundle/build/cora_hls_bundle/hls/po2_qat_root_dynamic_const_weights_partitioned_h32/graphsage_po2_qat_partitioned.h:126:0)
INFO: [HLS 214-186] Unrolling loop 'L1_NEIGHBOR_CHANNEL_INPUT_LO' (cora_graphsage_hls_test_bundle/build/cora_hls_bundle/hls/po2_qat_root_dynamic_const_weights_partitioned_h32/graphsage_po2_qat_partitioned.h:136:13) in function 'l1_neighbor_channel<false, 20, true>' completely with a factor of 8 (cora_graphsage_hls_test_bundle/build/cora_hls_bundle/hls/po2_qat_root_dynamic_const_weights_partitioned_h32/graphsage_po2_qat_partitioned.h:126:0)
INFO: [HLS 214-186] Unrolling loop 'L1_NEIGHBOR_CHANNEL_NODE' (cora_graphsage_hls_test_bundle/build/cora_hls_bundle/hls/po2_qat_root_dynamic_const_weights_partitioned_h32/graphsage_po2_qat_partitioned.h:129:5) in function 'l1_neighbor_channel<false, 19, true>' completely with a factor of 8 (cora_graphsage_hls_test_bundle/build/cora_hls_bundle/hls/po2_qat_root_dynamic_const_weights_partitioned_h32/graphsage_po2_qat_partitioned.h:126:0)
INFO: [HLS 214-186] Unrolling loop 'L1_NEIGHBOR_CHANNEL_INPUT_HI' (cora_graphsage_hls_test_bundle/build/cora_hls_bundle/hls/po2_qat_root_dynamic_const_weights_partitioned_h32/graphsage_po2_qat_partitioned.h:157:13) in function 'l1_neighbor_channel<false, 19, true>' completely with a factor of 8 (cora_graphsage_hls_test_bundle/build/cora_hls_bundle/hls/po2_qat_root_dynamic_const_weights_partitioned_h32/graphsage_po2_qat_partitioned.h:126:0)
INFO: [HLS 214-186] Unrolling loop 'L1_NEIGHBOR_CHANNEL_INPUT_LO' (cora_graphsage_hls_test_bundle/build/cora_hls_bundle/hls/po2_qat_root_dynamic_const_weights_partitioned_h32/graphsage_po2_qat_partitioned.h:136:13) in function 'l1_neighbor_channel<false, 19, true>' completely with a factor of 8 (cora_graphsage_hls_test_bundle/build/cora_hls_bundle/hls/po2_qat_root_dynamic_const_weights_partitioned_h32/graphsage_po2_qat_partitioned.h:126:0)
INFO: [HLS 214-186] Unrolling loop 'L1_NEIGHBOR_CHANNEL_NODE' (cora_graphsage_hls_test_bundle/build/cora_hls_bundle/hls/po2_qat_root_dynamic_const_weights_partitioned_h32/graphsage_po2_qat_partitioned.h:129:5) in function 'l1_neighbor_channel<false, 18, true>' completely with a factor of 8 (cora_graphsage_hls_test_bundle/build/cora_hls_bundle/hls/po2_qat_root_dynamic_const_weights_partitioned_h32/graphsage_po2_qat_partitioned.h:126:0)
INFO: [HLS 214-186] Unrolling loop 'L1_NEIGHBOR_CHANNEL_INPUT_HI' (cora_graphsage_hls_test_bundle/build/cora_hls_bundle/hls/po2_qat_root_dynamic_const_weights_partitioned_h32/graphsage_po2_qat_partitioned.h:157:13) in function 'l1_neighbor_channel<false, 18, true>' completely with a factor of 8 (cora_graphsage_hls_test_bundle/build/cora_hls_bundle/hls/po2_qat_root_dynamic_const_weights_partitioned_h32/graphsage_po2_qat_partitioned.h:126:0)
INFO: [HLS 214-186] Unrolling loop 'L1_NEIGHBOR_CHANNEL_INPUT_LO' (cora_graphsage_hls_test_bundle/build/cora_hls_bundle/hls/po2_qat_root_dynamic_const_weights_partitioned_h32/graphsage_po2_qat_partitioned.h:136:13) in function 'l1_neighbor_channel<false, 18, true>' completely with a factor of 8 (cora_graphsage_hls_test_bundle/build/cora_hls_bundle/hls/po2_qat_root_dynamic_const_weights_partitioned_h32/graphsage_po2_qat_partitioned.h:126:0)
INFO: [HLS 214-186] Unrolling loop 'L1_NEIGHBOR_CHANNEL_NODE' (cora_graphsage_hls_test_bundle/build/cora_hls_bundle/hls/po2_qat_root_dynamic_const_weights_partitioned_h32/graphsage_po2_qat_partitioned.h:129:5) in function 'l1_neighbor_channel<false, 17, true>' completely with a factor of 8 (cora_graphsage_hls_test_bundle/build/cora_hls_bundle/hls/po2_qat_root_dynamic_const_weights_partitioned_h32/graphsage_po2_qat_partitioned.h:126:0)
INFO: [HLS 214-186] Unrolling loop 'L1_NEIGHBOR_CHANNEL_INPUT_HI' (cora_graphsage_hls_test_bundle/build/cora_hls_bundle/hls/po2_qat_root_dynamic_const_weights_partitioned_h32/graphsage_po2_qat_partitioned.h:157:13) in function 'l1_neighbor_channel<false, 17, true>' completely with a factor of 8 (cora_graphsage_hls_test_bundle/build/cora_hls_bundle/hls/po2_qat_root_dynamic_const_weights_partitioned_h32/graphsage_po2_qat_partitioned.h:126:0)
INFO: [HLS 214-186] Unrolling loop 'L1_NEIGHBOR_CHANNEL_INPUT_LO' (cora_graphsage_hls_test_bundle/build/cora_hls_bundle/hls/po2_qat_root_dynamic_const_weights_partitioned_h32/graphsage_po2_qat_partitioned.h:136:13) in function 'l1_neighbor_channel<false, 17, true>' completely with a factor of 8 (cora_graphsage_hls_test_bundle/build/cora_hls_bundle/hls/po2_qat_root_dynamic_const_weights_partitioned_h32/graphsage_po2_qat_partitioned.h:126:0)
INFO: [HLS 214-186] Unrolling loop 'L1_NEIGHBOR_CHANNEL_NODE' (cora_graphsage_hls_test_bundle/build/cora_hls_bundle/hls/po2_qat_root_dynamic_const_weights_partitioned_h32/graphsage_po2_qat_partitioned.h:129:5) in function 'l1_neighbor_channel<false, 16, true>' completely with a factor of 8 (cora_graphsage_hls_test_bundle/build/cora_hls_bundle/hls/po2_qat_root_dynamic_const_weights_partitioned_h32/graphsage_po2_qat_partitioned.h:126:0)
INFO: [HLS 214-186] Unrolling loop 'L1_NEIGHBOR_CHANNEL_INPUT_HI' (cora_graphsage_hls_test_bundle/build/cora_hls_bundle/hls/po2_qat_root_dynamic_const_weights_partitioned_h32/graphsage_po2_qat_partitioned.h:157:13) in function 'l1_neighbor_channel<false, 16, true>' completely with a factor of 8 (cora_graphsage_hls_test_bundle/build/cora_hls_bundle/hls/po2_qat_root_dynamic_const_weights_partitioned_h32/graphsage_po2_qat_partitioned.h:126:0)
INFO: [HLS 214-186] Unrolling loop 'L1_NEIGHBOR_CHANNEL_INPUT_LO' (cora_graphsage_hls_test_bundle/build/cora_hls_bundle/hls/po2_qat_root_dynamic_const_weights_partitioned_h32/graphsage_po2_qat_partitioned.h:136:13) in function 'l1_neighbor_channel<false, 16, true>' completely with a factor of 8 (cora_graphsage_hls_test_bundle/build/cora_hls_bundle/hls/po2_qat_root_dynamic_const_weights_partitioned_h32/graphsage_po2_qat_partitioned.h:126:0)
INFO: [HLS 214-186] Unrolling loop 'L1_NEIGHBOR_CHANNEL_NODE' (cora_graphsage_hls_test_bundle/build/cora_hls_bundle/hls/po2_qat_root_dynamic_const_weights_partitioned_h32/graphsage_po2_qat_partitioned.h:129:5) in function 'l1_neighbor_channel<false, 15, true>' completely with a factor of 8 (cora_graphsage_hls_test_bundle/build/cora_hls_bundle/hls/po2_qat_root_dynamic_const_weights_partitioned_h32/graphsage_po2_qat_partitioned.h:126:0)
INFO: [HLS 214-186] Unrolling loop 'L1_NEIGHBOR_CHANNEL_INPUT_HI' (cora_graphsage_hls_test_bundle/build/cora_hls_bundle/hls/po2_qat_root_dynamic_const_weights_partitioned_h32/graphsage_po2_qat_partitioned.h:157:13) in function 'l1_neighbor_channel<false, 15, true>' completely with a factor of 8 (cora_graphsage_hls_test_bundle/build/cora_hls_bundle/hls/po2_qat_root_dynamic_const_weights_partitioned_h32/graphsage_po2_qat_partitioned.h:126:0)
INFO: [HLS 214-186] Unrolling loop 'L1_NEIGHBOR_CHANNEL_INPUT_LO' (cora_graphsage_hls_test_bundle/build/cora_hls_bundle/hls/po2_qat_root_dynamic_const_weights_partitioned_h32/graphsage_po2_qat_partitioned.h:136:13) in function 'l1_neighbor_channel<false, 15, true>' completely with a factor of 8 (cora_graphsage_hls_test_bundle/build/cora_hls_bundle/hls/po2_qat_root_dynamic_const_weights_partitioned_h32/graphsage_po2_qat_partitioned.h:126:0)
INFO: [HLS 214-186] Unrolling loop 'L1_NEIGHBOR_CHANNEL_NODE' (cora_graphsage_hls_test_bundle/build/cora_hls_bundle/hls/po2_qat_root_dynamic_const_weights_partitioned_h32/graphsage_po2_qat_partitioned.h:129:5) in function 'l1_neighbor_channel<false, 14, true>' completely with a factor of 8 (cora_graphsage_hls_test_bundle/build/cora_hls_bundle/hls/po2_qat_root_dynamic_const_weights_partitioned_h32/graphsage_po2_qat_partitioned.h:126:0)
INFO: [HLS 214-186] Unrolling loop 'L1_NEIGHBOR_CHANNEL_INPUT_HI' (cora_graphsage_hls_test_bundle/build/cora_hls_bundle/hls/po2_qat_root_dynamic_const_weights_partitioned_h32/graphsage_po2_qat_partitioned.h:157:13) in function 'l1_neighbor_channel<false, 14, true>' completely with a factor of 8 (cora_graphsage_hls_test_bundle/build/cora_hls_bundle/hls/po2_qat_root_dynamic_const_weights_partitioned_h32/graphsage_po2_qat_partitioned.h:126:0)
INFO: [HLS 214-186] Unrolling loop 'L1_NEIGHBOR_CHANNEL_INPUT_LO' (cora_graphsage_hls_test_bundle/build/cora_hls_bundle/hls/po2_qat_root_dynamic_const_weights_partitioned_h32/graphsage_po2_qat_partitioned.h:136:13) in function 'l1_neighbor_channel<false, 14, true>' completely with a factor of 8 (cora_graphsage_hls_test_bundle/build/cora_hls_bundle/hls/po2_qat_root_dynamic_const_weights_partitioned_h32/graphsage_po2_qat_partitioned.h:126:0)
INFO: [HLS 214-186] Unrolling loop 'L1_NEIGHBOR_CHANNEL_NODE' (cora_graphsage_hls_test_bundle/build/cora_hls_bundle/hls/po2_qat_root_dynamic_const_weights_partitioned_h32/graphsage_po2_qat_partitioned.h:129:5) in function 'l1_neighbor_channel<false, 13, true>' completely with a factor of 8 (cora_graphsage_hls_test_bundle/build/cora_hls_bundle/hls/po2_qat_root_dynamic_const_weights_partitioned_h32/graphsage_po2_qat_partitioned.h:126:0)
INFO: [HLS 214-186] Unrolling loop 'L1_NEIGHBOR_CHANNEL_INPUT_HI' (cora_graphsage_hls_test_bundle/build/cora_hls_bundle/hls/po2_qat_root_dynamic_const_weights_partitioned_h32/graphsage_po2_qat_partitioned.h:157:13) in function 'l1_neighbor_channel<false, 13, true>' completely with a factor of 8 (cora_graphsage_hls_test_bundle/build/cora_hls_bundle/hls/po2_qat_root_dynamic_const_weights_partitioned_h32/graphsage_po2_qat_partitioned.h:126:0)
INFO: [HLS 214-186] Unrolling loop 'L1_NEIGHBOR_CHANNEL_INPUT_LO' (cora_graphsage_hls_test_bundle/build/cora_hls_bundle/hls/po2_qat_root_dynamic_const_weights_partitioned_h32/graphsage_po2_qat_partitioned.h:136:13) in function 'l1_neighbor_channel<false, 13, true>' completely with a factor of 8 (cora_graphsage_hls_test_bundle/build/cora_hls_bundle/hls/po2_qat_root_dynamic_const_weights_partitioned_h32/graphsage_po2_qat_partitioned.h:126:0)
INFO: [HLS 214-186] Unrolling loop 'L1_NEIGHBOR_CHANNEL_NODE' (cora_graphsage_hls_test_bundle/build/cora_hls_bundle/hls/po2_qat_root_dynamic_const_weights_partitioned_h32/graphsage_po2_qat_partitioned.h:129:5) in function 'l1_neighbor_channel<false, 12, true>' completely with a factor of 8 (cora_graphsage_hls_test_bundle/build/cora_hls_bundle/hls/po2_qat_root_dynamic_const_weights_partitioned_h32/graphsage_po2_qat_partitioned.h:126:0)
INFO: [HLS 214-186] Unrolling loop 'L1_NEIGHBOR_CHANNEL_INPUT_HI' (cora_graphsage_hls_test_bundle/build/cora_hls_bundle/hls/po2_qat_root_dynamic_const_weights_partitioned_h32/graphsage_po2_qat_partitioned.h:157:13) in function 'l1_neighbor_channel<false, 12, true>' completely with a factor of 8 (cora_graphsage_hls_test_bundle/build/cora_hls_bundle/hls/po2_qat_root_dynamic_const_weights_partitioned_h32/graphsage_po2_qat_partitioned.h:126:0)
INFO: [HLS 214-186] Unrolling loop 'L1_NEIGHBOR_CHANNEL_INPUT_LO' (cora_graphsage_hls_test_bundle/build/cora_hls_bundle/hls/po2_qat_root_dynamic_const_weights_partitioned_h32/graphsage_po2_qat_partitioned.h:136:13) in function 'l1_neighbor_channel<false, 12, true>' completely with a factor of 8 (cora_graphsage_hls_test_bundle/build/cora_hls_bundle/hls/po2_qat_root_dynamic_const_weights_partitioned_h32/graphsage_po2_qat_partitioned.h:126:0)
INFO: [HLS 214-186] Unrolling loop 'L1_NEIGHBOR_CHANNEL_NODE' (cora_graphsage_hls_test_bundle/build/cora_hls_bundle/hls/po2_qat_root_dynamic_const_weights_partitioned_h32/graphsage_po2_qat_partitioned.h:129:5) in function 'l1_neighbor_channel<false, 11, true>' completely with a factor of 8 (cora_graphsage_hls_test_bundle/build/cora_hls_bundle/hls/po2_qat_root_dynamic_const_weights_partitioned_h32/graphsage_po2_qat_partitioned.h:126:0)
INFO: [HLS 214-186] Unrolling loop 'L1_NEIGHBOR_CHANNEL_INPUT_HI' (cora_graphsage_hls_test_bundle/build/cora_hls_bundle/hls/po2_qat_root_dynamic_const_weights_partitioned_h32/graphsage_po2_qat_partitioned.h:157:13) in function 'l1_neighbor_channel<false, 11, true>' completely with a factor of 8 (cora_graphsage_hls_test_bundle/build/cora_hls_bundle/hls/po2_qat_root_dynamic_const_weights_partitioned_h32/graphsage_po2_qat_partitioned.h:126:0)
INFO: [HLS 214-186] Unrolling loop 'L1_NEIGHBOR_CHANNEL_INPUT_LO' (cora_graphsage_hls_test_bundle/build/cora_hls_bundle/hls/po2_qat_root_dynamic_const_weights_partitioned_h32/graphsage_po2_qat_partitioned.h:136:13) in function 'l1_neighbor_channel<false, 11, true>' completely with a factor of 8 (cora_graphsage_hls_test_bundle/build/cora_hls_bundle/hls/po2_qat_root_dynamic_const_weights_partitioned_h32/graphsage_po2_qat_partitioned.h:126:0)
INFO: [HLS 214-186] Unrolling loop 'L1_NEIGHBOR_CHANNEL_NODE' (cora_graphsage_hls_test_bundle/build/cora_hls_bundle/hls/po2_qat_root_dynamic_const_weights_partitioned_h32/graphsage_po2_qat_partitioned.h:129:5) in function 'l1_neighbor_channel<false, 10, true>' completely with a factor of 8 (cora_graphsage_hls_test_bundle/build/cora_hls_bundle/hls/po2_qat_root_dynamic_const_weights_partitioned_h32/graphsage_po2_qat_partitioned.h:126:0)
INFO: [HLS 214-186] Unrolling loop 'L1_NEIGHBOR_CHANNEL_INPUT_HI' (cora_graphsage_hls_test_bundle/build/cora_hls_bundle/hls/po2_qat_root_dynamic_const_weights_partitioned_h32/graphsage_po2_qat_partitioned.h:157:13) in function 'l1_neighbor_channel<false, 10, true>' completely with a factor of 8 (cora_graphsage_hls_test_bundle/build/cora_hls_bundle/hls/po2_qat_root_dynamic_const_weights_partitioned_h32/graphsage_po2_qat_partitioned.h:126:0)
INFO: [HLS 214-186] Unrolling loop 'L1_NEIGHBOR_CHANNEL_INPUT_LO' (cora_graphsage_hls_test_bundle/build/cora_hls_bundle/hls/po2_qat_root_dynamic_const_weights_partitioned_h32/graphsage_po2_qat_partitioned.h:136:13) in function 'l1_neighbor_channel<false, 10, true>' completely with a factor of 8 (cora_graphsage_hls_test_bundle/build/cora_hls_bundle/hls/po2_qat_root_dynamic_const_weights_partitioned_h32/graphsage_po2_qat_partitioned.h:126:0)
INFO: [HLS 214-186] Unrolling loop 'L1_NEIGHBOR_CHANNEL_NODE' (cora_graphsage_hls_test_bundle/build/cora_hls_bundle/hls/po2_qat_root_dynamic_const_weights_partitioned_h32/graphsage_po2_qat_partitioned.h:129:5) in function 'l1_neighbor_channel<false, 9, true>' completely with a factor of 8 (cora_graphsage_hls_test_bundle/build/cora_hls_bundle/hls/po2_qat_root_dynamic_const_weights_partitioned_h32/graphsage_po2_qat_partitioned.h:126:0)
INFO: [HLS 214-186] Unrolling loop 'L1_NEIGHBOR_CHANNEL_INPUT_HI' (cora_graphsage_hls_test_bundle/build/cora_hls_bundle/hls/po2_qat_root_dynamic_const_weights_partitioned_h32/graphsage_po2_qat_partitioned.h:157:13) in function 'l1_neighbor_channel<false, 9, true>' completely with a factor of 8 (cora_graphsage_hls_test_bundle/build/cora_hls_bundle/hls/po2_qat_root_dynamic_const_weights_partitioned_h32/graphsage_po2_qat_partitioned.h:126:0)
INFO: [HLS 214-186] Unrolling loop 'L1_NEIGHBOR_CHANNEL_INPUT_LO' (cora_graphsage_hls_test_bundle/build/cora_hls_bundle/hls/po2_qat_root_dynamic_const_weights_partitioned_h32/graphsage_po2_qat_partitioned.h:136:13) in function 'l1_neighbor_channel<false, 9, true>' completely with a factor of 8 (cora_graphsage_hls_test_bundle/build/cora_hls_bundle/hls/po2_qat_root_dynamic_const_weights_partitioned_h32/graphsage_po2_qat_partitioned.h:126:0)
INFO: [HLS 214-186] Unrolling loop 'L1_NEIGHBOR_CHANNEL_NODE' (cora_graphsage_hls_test_bundle/build/cora_hls_bundle/hls/po2_qat_root_dynamic_const_weights_partitioned_h32/graphsage_po2_qat_partitioned.h:129:5) in function 'l1_neighbor_channel<false, 8, true>' completely with a factor of 8 (cora_graphsage_hls_test_bundle/build/cora_hls_bundle/hls/po2_qat_root_dynamic_const_weights_partitioned_h32/graphsage_po2_qat_partitioned.h:126:0)
INFO: [HLS 214-186] Unrolling loop 'L1_NEIGHBOR_CHANNEL_INPUT_HI' (cora_graphsage_hls_test_bundle/build/cora_hls_bundle/hls/po2_qat_root_dynamic_const_weights_partitioned_h32/graphsage_po2_qat_partitioned.h:157:13) in function 'l1_neighbor_channel<false, 8, true>' completely with a factor of 8 (cora_graphsage_hls_test_bundle/build/cora_hls_bundle/hls/po2_qat_root_dynamic_const_weights_partitioned_h32/graphsage_po2_qat_partitioned.h:126:0)
INFO: [HLS 214-186] Unrolling loop 'L1_NEIGHBOR_CHANNEL_INPUT_LO' (cora_graphsage_hls_test_bundle/build/cora_hls_bundle/hls/po2_qat_root_dynamic_const_weights_partitioned_h32/graphsage_po2_qat_partitioned.h:136:13) in function 'l1_neighbor_channel<false, 8, true>' completely with a factor of 8 (cora_graphsage_hls_test_bundle/build/cora_hls_bundle/hls/po2_qat_root_dynamic_const_weights_partitioned_h32/graphsage_po2_qat_partitioned.h:126:0)
INFO: [HLS 214-186] Unrolling loop 'L1_NEIGHBOR_CHANNEL_NODE' (cora_graphsage_hls_test_bundle/build/cora_hls_bundle/hls/po2_qat_root_dynamic_const_weights_partitioned_h32/graphsage_po2_qat_partitioned.h:129:5) in function 'l1_neighbor_channel<false, 7, true>' completely with a factor of 8 (cora_graphsage_hls_test_bundle/build/cora_hls_bundle/hls/po2_qat_root_dynamic_const_weights_partitioned_h32/graphsage_po2_qat_partitioned.h:126:0)
INFO: [HLS 214-186] Unrolling loop 'L1_NEIGHBOR_CHANNEL_INPUT_HI' (cora_graphsage_hls_test_bundle/build/cora_hls_bundle/hls/po2_qat_root_dynamic_const_weights_partitioned_h32/graphsage_po2_qat_partitioned.h:157:13) in function 'l1_neighbor_channel<false, 7, true>' completely with a factor of 8 (cora_graphsage_hls_test_bundle/build/cora_hls_bundle/hls/po2_qat_root_dynamic_const_weights_partitioned_h32/graphsage_po2_qat_partitioned.h:126:0)
INFO: [HLS 214-186] Unrolling loop 'L1_NEIGHBOR_CHANNEL_INPUT_LO' (cora_graphsage_hls_test_bundle/build/cora_hls_bundle/hls/po2_qat_root_dynamic_const_weights_partitioned_h32/graphsage_po2_qat_partitioned.h:136:13) in function 'l1_neighbor_channel<false, 7, true>' completely with a factor of 8 (cora_graphsage_hls_test_bundle/build/cora_hls_bundle/hls/po2_qat_root_dynamic_const_weights_partitioned_h32/graphsage_po2_qat_partitioned.h:126:0)
INFO: [HLS 214-186] Unrolling loop 'L1_NEIGHBOR_CHANNEL_NODE' (cora_graphsage_hls_test_bundle/build/cora_hls_bundle/hls/po2_qat_root_dynamic_const_weights_partitioned_h32/graphsage_po2_qat_partitioned.h:129:5) in function 'l1_neighbor_channel<false, 6, true>' completely with a factor of 8 (cora_graphsage_hls_test_bundle/build/cora_hls_bundle/hls/po2_qat_root_dynamic_const_weights_partitioned_h32/graphsage_po2_qat_partitioned.h:126:0)
INFO: [HLS 214-186] Unrolling loop 'L1_NEIGHBOR_CHANNEL_INPUT_HI' (cora_graphsage_hls_test_bundle/build/cora_hls_bundle/hls/po2_qat_root_dynamic_const_weights_partitioned_h32/graphsage_po2_qat_partitioned.h:157:13) in function 'l1_neighbor_channel<false, 6, true>' completely with a factor of 8 (cora_graphsage_hls_test_bundle/build/cora_hls_bundle/hls/po2_qat_root_dynamic_const_weights_partitioned_h32/graphsage_po2_qat_partitioned.h:126:0)
INFO: [HLS 214-186] Unrolling loop 'L1_NEIGHBOR_CHANNEL_INPUT_LO' (cora_graphsage_hls_test_bundle/build/cora_hls_bundle/hls/po2_qat_root_dynamic_const_weights_partitioned_h32/graphsage_po2_qat_partitioned.h:136:13) in function 'l1_neighbor_channel<false, 6, true>' completely with a factor of 8 (cora_graphsage_hls_test_bundle/build/cora_hls_bundle/hls/po2_qat_root_dynamic_const_weights_partitioned_h32/graphsage_po2_qat_partitioned.h:126:0)
INFO: [HLS 214-186] Unrolling loop 'L1_NEIGHBOR_CHANNEL_NODE' (cora_graphsage_hls_test_bundle/build/cora_hls_bundle/hls/po2_qat_root_dynamic_const_weights_partitioned_h32/graphsage_po2_qat_partitioned.h:129:5) in function 'l1_neighbor_channel<false, 5, true>' completely with a factor of 8 (cora_graphsage_hls_test_bundle/build/cora_hls_bundle/hls/po2_qat_root_dynamic_const_weights_partitioned_h32/graphsage_po2_qat_partitioned.h:126:0)
INFO: [HLS 214-186] Unrolling loop 'L1_NEIGHBOR_CHANNEL_INPUT_HI' (cora_graphsage_hls_test_bundle/build/cora_hls_bundle/hls/po2_qat_root_dynamic_const_weights_partitioned_h32/graphsage_po2_qat_partitioned.h:157:13) in function 'l1_neighbor_channel<false, 5, true>' completely with a factor of 8 (cora_graphsage_hls_test_bundle/build/cora_hls_bundle/hls/po2_qat_root_dynamic_const_weights_partitioned_h32/graphsage_po2_qat_partitioned.h:126:0)
INFO: [HLS 214-186] Unrolling loop 'L1_NEIGHBOR_CHANNEL_INPUT_LO' (cora_graphsage_hls_test_bundle/build/cora_hls_bundle/hls/po2_qat_root_dynamic_const_weights_partitioned_h32/graphsage_po2_qat_partitioned.h:136:13) in function 'l1_neighbor_channel<false, 5, true>' completely with a factor of 8 (cora_graphsage_hls_test_bundle/build/cora_hls_bundle/hls/po2_qat_root_dynamic_const_weights_partitioned_h32/graphsage_po2_qat_partitioned.h:126:0)
INFO: [HLS 214-186] Unrolling loop 'L1_NEIGHBOR_CHANNEL_NODE' (cora_graphsage_hls_test_bundle/build/cora_hls_bundle/hls/po2_qat_root_dynamic_const_weights_partitioned_h32/graphsage_po2_qat_partitioned.h:129:5) in function 'l1_neighbor_channel<false, 4, true>' completely with a factor of 8 (cora_graphsage_hls_test_bundle/build/cora_hls_bundle/hls/po2_qat_root_dynamic_const_weights_partitioned_h32/graphsage_po2_qat_partitioned.h:126:0)
INFO: [HLS 214-186] Unrolling loop 'L1_NEIGHBOR_CHANNEL_INPUT_HI' (cora_graphsage_hls_test_bundle/build/cora_hls_bundle/hls/po2_qat_root_dynamic_const_weights_partitioned_h32/graphsage_po2_qat_partitioned.h:157:13) in function 'l1_neighbor_channel<false, 4, true>' completely with a factor of 8 (cora_graphsage_hls_test_bundle/build/cora_hls_bundle/hls/po2_qat_root_dynamic_const_weights_partitioned_h32/graphsage_po2_qat_partitioned.h:126:0)
INFO: [HLS 214-186] Unrolling loop 'L1_NEIGHBOR_CHANNEL_INPUT_LO' (cora_graphsage_hls_test_bundle/build/cora_hls_bundle/hls/po2_qat_root_dynamic_const_weights_partitioned_h32/graphsage_po2_qat_partitioned.h:136:13) in function 'l1_neighbor_channel<false, 4, true>' completely with a factor of 8 (cora_graphsage_hls_test_bundle/build/cora_hls_bundle/hls/po2_qat_root_dynamic_const_weights_partitioned_h32/graphsage_po2_qat_partitioned.h:126:0)
INFO: [HLS 214-186] Unrolling loop 'L1_NEIGHBOR_CHANNEL_NODE' (cora_graphsage_hls_test_bundle/build/cora_hls_bundle/hls/po2_qat_root_dynamic_const_weights_partitioned_h32/graphsage_po2_qat_partitioned.h:129:5) in function 'l1_neighbor_channel<false, 3, true>' completely with a factor of 8 (cora_graphsage_hls_test_bundle/build/cora_hls_bundle/hls/po2_qat_root_dynamic_const_weights_partitioned_h32/graphsage_po2_qat_partitioned.h:126:0)
INFO: [HLS 214-186] Unrolling loop 'L1_NEIGHBOR_CHANNEL_INPUT_HI' (cora_graphsage_hls_test_bundle/build/cora_hls_bundle/hls/po2_qat_root_dynamic_const_weights_partitioned_h32/graphsage_po2_qat_partitioned.h:157:13) in function 'l1_neighbor_channel<false, 3, true>' completely with a factor of 8 (cora_graphsage_hls_test_bundle/build/cora_hls_bundle/hls/po2_qat_root_dynamic_const_weights_partitioned_h32/graphsage_po2_qat_partitioned.h:126:0)
INFO: [HLS 214-186] Unrolling loop 'L1_NEIGHBOR_CHANNEL_INPUT_LO' (cora_graphsage_hls_test_bundle/build/cora_hls_bundle/hls/po2_qat_root_dynamic_const_weights_partitioned_h32/graphsage_po2_qat_partitioned.h:136:13) in function 'l1_neighbor_channel<false, 3, true>' completely with a factor of 8 (cora_graphsage_hls_test_bundle/build/cora_hls_bundle/hls/po2_qat_root_dynamic_const_weights_partitioned_h32/graphsage_po2_qat_partitioned.h:126:0)
INFO: [HLS 214-186] Unrolling loop 'L1_NEIGHBOR_CHANNEL_NODE' (cora_graphsage_hls_test_bundle/build/cora_hls_bundle/hls/po2_qat_root_dynamic_const_weights_partitioned_h32/graphsage_po2_qat_partitioned.h:129:5) in function 'l1_neighbor_channel<false, 2, true>' completely with a factor of 8 (cora_graphsage_hls_test_bundle/build/cora_hls_bundle/hls/po2_qat_root_dynamic_const_weights_partitioned_h32/graphsage_po2_qat_partitioned.h:126:0)
INFO: [HLS 214-186] Unrolling loop 'L1_NEIGHBOR_CHANNEL_INPUT_HI' (cora_graphsage_hls_test_bundle/build/cora_hls_bundle/hls/po2_qat_root_dynamic_const_weights_partitioned_h32/graphsage_po2_qat_partitioned.h:157:13) in function 'l1_neighbor_channel<false, 2, true>' completely with a factor of 8 (cora_graphsage_hls_test_bundle/build/cora_hls_bundle/hls/po2_qat_root_dynamic_const_weights_partitioned_h32/graphsage_po2_qat_partitioned.h:126:0)
INFO: [HLS 214-186] Unrolling loop 'L1_NEIGHBOR_CHANNEL_INPUT_LO' (cora_graphsage_hls_test_bundle/build/cora_hls_bundle/hls/po2_qat_root_dynamic_const_weights_partitioned_h32/graphsage_po2_qat_partitioned.h:136:13) in function 'l1_neighbor_channel<false, 2, true>' completely with a factor of 8 (cora_graphsage_hls_test_bundle/build/cora_hls_bundle/hls/po2_qat_root_dynamic_const_weights_partitioned_h32/graphsage_po2_qat_partitioned.h:126:0)
INFO: [HLS 214-186] Unrolling loop 'L1_NEIGHBOR_CHANNEL_NODE' (cora_graphsage_hls_test_bundle/build/cora_hls_bundle/hls/po2_qat_root_dynamic_const_weights_partitioned_h32/graphsage_po2_qat_partitioned.h:129:5) in function 'l1_neighbor_channel<false, 1, true>' completely with a factor of 8 (cora_graphsage_hls_test_bundle/build/cora_hls_bundle/hls/po2_qat_root_dynamic_const_weights_partitioned_h32/graphsage_po2_qat_partitioned.h:126:0)
INFO: [HLS 214-186] Unrolling loop 'L1_NEIGHBOR_CHANNEL_INPUT_HI' (cora_graphsage_hls_test_bundle/build/cora_hls_bundle/hls/po2_qat_root_dynamic_const_weights_partitioned_h32/graphsage_po2_qat_partitioned.h:157:13) in function 'l1_neighbor_channel<false, 1, true>' completely with a factor of 8 (cora_graphsage_hls_test_bundle/build/cora_hls_bundle/hls/po2_qat_root_dynamic_const_weights_partitioned_h32/graphsage_po2_qat_partitioned.h:126:0)
INFO: [HLS 214-186] Unrolling loop 'L1_NEIGHBOR_CHANNEL_INPUT_LO' (cora_graphsage_hls_test_bundle/build/cora_hls_bundle/hls/po2_qat_root_dynamic_const_weights_partitioned_h32/graphsage_po2_qat_partitioned.h:136:13) in function 'l1_neighbor_channel<false, 1, true>' completely with a factor of 8 (cora_graphsage_hls_test_bundle/build/cora_hls_bundle/hls/po2_qat_root_dynamic_const_weights_partitioned_h32/graphsage_po2_qat_partitioned.h:126:0)
INFO: [HLS 214-186] Unrolling loop 'L1_NEIGHBOR_CHANNEL_NODE' (cora_graphsage_hls_test_bundle/build/cora_hls_bundle/hls/po2_qat_root_dynamic_const_weights_partitioned_h32/graphsage_po2_qat_partitioned.h:129:5) in function 'l1_neighbor_channel<false, 0, true>' completely with a factor of 8 (cora_graphsage_hls_test_bundle/build/cora_hls_bundle/hls/po2_qat_root_dynamic_const_weights_partitioned_h32/graphsage_po2_qat_partitioned.h:126:0)
INFO: [HLS 214-186] Unrolling loop 'L1_NEIGHBOR_CHANNEL_INPUT_HI' (cora_graphsage_hls_test_bundle/build/cora_hls_bundle/hls/po2_qat_root_dynamic_const_weights_partitioned_h32/graphsage_po2_qat_partitioned.h:157:13) in function 'l1_neighbor_channel<false, 0, true>' completely with a factor of 8 (cora_graphsage_hls_test_bundle/build/cora_hls_bundle/hls/po2_qat_root_dynamic_const_weights_partitioned_h32/graphsage_po2_qat_partitioned.h:126:0)
INFO: [HLS 214-186] Unrolling loop 'L1_NEIGHBOR_CHANNEL_INPUT_LO' (cora_graphsage_hls_test_bundle/build/cora_hls_bundle/hls/po2_qat_root_dynamic_const_weights_partitioned_h32/graphsage_po2_qat_partitioned.h:136:13) in function 'l1_neighbor_channel<false, 0, true>' completely with a factor of 8 (cora_graphsage_hls_test_bundle/build/cora_hls_bundle/hls/po2_qat_root_dynamic_const_weights_partitioned_h32/graphsage_po2_qat_partitioned.h:126:0)
INFO: [HLS 214-186] Unrolling loop 'L1_ROOT_CHANNEL_NODE' (cora_graphsage_hls_test_bundle/build/cora_hls_bundle/hls/po2_qat_root_dynamic_const_weights_partitioned_h32/graphsage_po2_qat_partitioned.h:42:5) in function 'l1_root_channel<false, 31, true>' completely with a factor of 8 (cora_graphsage_hls_test_bundle/build/cora_hls_bundle/hls/po2_qat_root_dynamic_const_weights_partitioned_h32/graphsage_po2_qat_partitioned.h:39:0)
INFO: [HLS 214-186] Unrolling loop 'L1_ROOT_CHANNEL_INPUT_HI' (cora_graphsage_hls_test_bundle/build/cora_hls_bundle/hls/po2_qat_root_dynamic_const_weights_partitioned_h32/graphsage_po2_qat_partitioned.h:70:13) in function 'l1_root_channel<false, 31, true>' completely with a factor of 8 (cora_graphsage_hls_test_bundle/build/cora_hls_bundle/hls/po2_qat_root_dynamic_const_weights_partitioned_h32/graphsage_po2_qat_partitioned.h:39:0)
INFO: [HLS 214-186] Unrolling loop 'L1_ROOT_CHANNEL_INPUT_LO' (cora_graphsage_hls_test_bundle/build/cora_hls_bundle/hls/po2_qat_root_dynamic_const_weights_partitioned_h32/graphsage_po2_qat_partitioned.h:49:13) in function 'l1_root_channel<false, 31, true>' completely with a factor of 8 (cora_graphsage_hls_test_bundle/build/cora_hls_bundle/hls/po2_qat_root_dynamic_const_weights_partitioned_h32/graphsage_po2_qat_partitioned.h:39:0)
INFO: [HLS 214-186] Unrolling loop 'L1_ROOT_CHANNEL_NODE' (cora_graphsage_hls_test_bundle/build/cora_hls_bundle/hls/po2_qat_root_dynamic_const_weights_partitioned_h32/graphsage_po2_qat_partitioned.h:42:5) in function 'l1_root_channel<false, 30, true>' completely with a factor of 8 (cora_graphsage_hls_test_bundle/build/cora_hls_bundle/hls/po2_qat_root_dynamic_const_weights_partitioned_h32/graphsage_po2_qat_partitioned.h:39:0)
INFO: [HLS 214-186] Unrolling loop 'L1_ROOT_CHANNEL_INPUT_HI' (cora_graphsage_hls_test_bundle/build/cora_hls_bundle/hls/po2_qat_root_dynamic_const_weights_partitioned_h32/graphsage_po2_qat_partitioned.h:70:13) in function 'l1_root_channel<false, 30, true>' completely with a factor of 8 (cora_graphsage_hls_test_bundle/build/cora_hls_bundle/hls/po2_qat_root_dynamic_const_weights_partitioned_h32/graphsage_po2_qat_partitioned.h:39:0)
INFO: [HLS 214-186] Unrolling loop 'L1_ROOT_CHANNEL_INPUT_LO' (cora_graphsage_hls_test_bundle/build/cora_hls_bundle/hls/po2_qat_root_dynamic_const_weights_partitioned_h32/graphsage_po2_qat_partitioned.h:49:13) in function 'l1_root_channel<false, 30, true>' completely with a factor of 8 (cora_graphsage_hls_test_bundle/build/cora_hls_bundle/hls/po2_qat_root_dynamic_const_weights_partitioned_h32/graphsage_po2_qat_partitioned.h:39:0)
INFO: [HLS 214-186] Unrolling loop 'L1_ROOT_CHANNEL_NODE' (cora_graphsage_hls_test_bundle/build/cora_hls_bundle/hls/po2_qat_root_dynamic_const_weights_partitioned_h32/graphsage_po2_qat_partitioned.h:42:5) in function 'l1_root_channel<false, 29, true>' completely with a factor of 8 (cora_graphsage_hls_test_bundle/build/cora_hls_bundle/hls/po2_qat_root_dynamic_const_weights_partitioned_h32/graphsage_po2_qat_partitioned.h:39:0)
INFO: [HLS 214-186] Unrolling loop 'L1_ROOT_CHANNEL_INPUT_HI' (cora_graphsage_hls_test_bundle/build/cora_hls_bundle/hls/po2_qat_root_dynamic_const_weights_partitioned_h32/graphsage_po2_qat_partitioned.h:70:13) in function 'l1_root_channel<false, 29, true>' completely with a factor of 8 (cora_graphsage_hls_test_bundle/build/cora_hls_bundle/hls/po2_qat_root_dynamic_const_weights_partitioned_h32/graphsage_po2_qat_partitioned.h:39:0)
INFO: [HLS 214-186] Unrolling loop 'L1_ROOT_CHANNEL_INPUT_LO' (cora_graphsage_hls_test_bundle/build/cora_hls_bundle/hls/po2_qat_root_dynamic_const_weights_partitioned_h32/graphsage_po2_qat_partitioned.h:49:13) in function 'l1_root_channel<false, 29, true>' completely with a factor of 8 (cora_graphsage_hls_test_bundle/build/cora_hls_bundle/hls/po2_qat_root_dynamic_const_weights_partitioned_h32/graphsage_po2_qat_partitioned.h:39:0)
INFO: [HLS 214-186] Unrolling loop 'L1_ROOT_CHANNEL_NODE' (cora_graphsage_hls_test_bundle/build/cora_hls_bundle/hls/po2_qat_root_dynamic_const_weights_partitioned_h32/graphsage_po2_qat_partitioned.h:42:5) in function 'l1_root_channel<false, 28, true>' completely with a factor of 8 (cora_graphsage_hls_test_bundle/build/cora_hls_bundle/hls/po2_qat_root_dynamic_const_weights_partitioned_h32/graphsage_po2_qat_partitioned.h:39:0)
INFO: [HLS 214-186] Unrolling loop 'L1_ROOT_CHANNEL_INPUT_HI' (cora_graphsage_hls_test_bundle/build/cora_hls_bundle/hls/po2_qat_root_dynamic_const_weights_partitioned_h32/graphsage_po2_qat_partitioned.h:70:13) in function 'l1_root_channel<false, 28, true>' completely with a factor of 8 (cora_graphsage_hls_test_bundle/build/cora_hls_bundle/hls/po2_qat_root_dynamic_const_weights_partitioned_h32/graphsage_po2_qat_partitioned.h:39:0)
INFO: [HLS 214-186] Unrolling loop 'L1_ROOT_CHANNEL_INPUT_LO' (cora_graphsage_hls_test_bundle/build/cora_hls_bundle/hls/po2_qat_root_dynamic_const_weights_partitioned_h32/graphsage_po2_qat_partitioned.h:49:13) in function 'l1_root_channel<false, 28, true>' completely with a factor of 8 (cora_graphsage_hls_test_bundle/build/cora_hls_bundle/hls/po2_qat_root_dynamic_const_weights_partitioned_h32/graphsage_po2_qat_partitioned.h:39:0)
INFO: [HLS 214-186] Unrolling loop 'L1_ROOT_CHANNEL_NODE' (cora_graphsage_hls_test_bundle/build/cora_hls_bundle/hls/po2_qat_root_dynamic_const_weights_partitioned_h32/graphsage_po2_qat_partitioned.h:42:5) in function 'l1_root_channel<false, 27, true>' completely with a factor of 8 (cora_graphsage_hls_test_bundle/build/cora_hls_bundle/hls/po2_qat_root_dynamic_const_weights_partitioned_h32/graphsage_po2_qat_partitioned.h:39:0)
INFO: [HLS 214-186] Unrolling loop 'L1_ROOT_CHANNEL_INPUT_HI' (cora_graphsage_hls_test_bundle/build/cora_hls_bundle/hls/po2_qat_root_dynamic_const_weights_partitioned_h32/graphsage_po2_qat_partitioned.h:70:13) in function 'l1_root_channel<false, 27, true>' completely with a factor of 8 (cora_graphsage_hls_test_bundle/build/cora_hls_bundle/hls/po2_qat_root_dynamic_const_weights_partitioned_h32/graphsage_po2_qat_partitioned.h:39:0)
INFO: [HLS 214-186] Unrolling loop 'L1_ROOT_CHANNEL_INPUT_LO' (cora_graphsage_hls_test_bundle/build/cora_hls_bundle/hls/po2_qat_root_dynamic_const_weights_partitioned_h32/graphsage_po2_qat_partitioned.h:49:13) in function 'l1_root_channel<false, 27, true>' completely with a factor of 8 (cora_graphsage_hls_test_bundle/build/cora_hls_bundle/hls/po2_qat_root_dynamic_const_weights_partitioned_h32/graphsage_po2_qat_partitioned.h:39:0)
INFO: [HLS 214-186] Unrolling loop 'L1_ROOT_CHANNEL_NODE' (cora_graphsage_hls_test_bundle/build/cora_hls_bundle/hls/po2_qat_root_dynamic_const_weights_partitioned_h32/graphsage_po2_qat_partitioned.h:42:5) in function 'l1_root_channel<false, 26, true>' completely with a factor of 8 (cora_graphsage_hls_test_bundle/build/cora_hls_bundle/hls/po2_qat_root_dynamic_const_weights_partitioned_h32/graphsage_po2_qat_partitioned.h:39:0)
INFO: [HLS 214-186] Unrolling loop 'L1_ROOT_CHANNEL_INPUT_HI' (cora_graphsage_hls_test_bundle/build/cora_hls_bundle/hls/po2_qat_root_dynamic_const_weights_partitioned_h32/graphsage_po2_qat_partitioned.h:70:13) in function 'l1_root_channel<false, 26, true>' completely with a factor of 8 (cora_graphsage_hls_test_bundle/build/cora_hls_bundle/hls/po2_qat_root_dynamic_const_weights_partitioned_h32/graphsage_po2_qat_partitioned.h:39:0)
INFO: [HLS 214-186] Unrolling loop 'L1_ROOT_CHANNEL_INPUT_LO' (cora_graphsage_hls_test_bundle/build/cora_hls_bundle/hls/po2_qat_root_dynamic_const_weights_partitioned_h32/graphsage_po2_qat_partitioned.h:49:13) in function 'l1_root_channel<false, 26, true>' completely with a factor of 8 (cora_graphsage_hls_test_bundle/build/cora_hls_bundle/hls/po2_qat_root_dynamic_const_weights_partitioned_h32/graphsage_po2_qat_partitioned.h:39:0)
INFO: [HLS 214-186] Unrolling loop 'L1_ROOT_CHANNEL_NODE' (cora_graphsage_hls_test_bundle/build/cora_hls_bundle/hls/po2_qat_root_dynamic_const_weights_partitioned_h32/graphsage_po2_qat_partitioned.h:42:5) in function 'l1_root_channel<false, 25, true>' completely with a factor of 8 (cora_graphsage_hls_test_bundle/build/cora_hls_bundle/hls/po2_qat_root_dynamic_const_weights_partitioned_h32/graphsage_po2_qat_partitioned.h:39:0)
INFO: [HLS 214-186] Unrolling loop 'L1_ROOT_CHANNEL_INPUT_HI' (cora_graphsage_hls_test_bundle/build/cora_hls_bundle/hls/po2_qat_root_dynamic_const_weights_partitioned_h32/graphsage_po2_qat_partitioned.h:70:13) in function 'l1_root_channel<false, 25, true>' completely with a factor of 8 (cora_graphsage_hls_test_bundle/build/cora_hls_bundle/hls/po2_qat_root_dynamic_const_weights_partitioned_h32/graphsage_po2_qat_partitioned.h:39:0)
INFO: [HLS 214-186] Unrolling loop 'L1_ROOT_CHANNEL_INPUT_LO' (cora_graphsage_hls_test_bundle/build/cora_hls_bundle/hls/po2_qat_root_dynamic_const_weights_partitioned_h32/graphsage_po2_qat_partitioned.h:49:13) in function 'l1_root_channel<false, 25, true>' completely with a factor of 8 (cora_graphsage_hls_test_bundle/build/cora_hls_bundle/hls/po2_qat_root_dynamic_const_weights_partitioned_h32/graphsage_po2_qat_partitioned.h:39:0)
INFO: [HLS 214-186] Unrolling loop 'L1_ROOT_CHANNEL_NODE' (cora_graphsage_hls_test_bundle/build/cora_hls_bundle/hls/po2_qat_root_dynamic_const_weights_partitioned_h32/graphsage_po2_qat_partitioned.h:42:5) in function 'l1_root_channel<false, 24, true>' completely with a factor of 8 (cora_graphsage_hls_test_bundle/build/cora_hls_bundle/hls/po2_qat_root_dynamic_const_weights_partitioned_h32/graphsage_po2_qat_partitioned.h:39:0)
INFO: [HLS 214-186] Unrolling loop 'L1_ROOT_CHANNEL_INPUT_HI' (cora_graphsage_hls_test_bundle/build/cora_hls_bundle/hls/po2_qat_root_dynamic_const_weights_partitioned_h32/graphsage_po2_qat_partitioned.h:70:13) in function 'l1_root_channel<false, 24, true>' completely with a factor of 8 (cora_graphsage_hls_test_bundle/build/cora_hls_bundle/hls/po2_qat_root_dynamic_const_weights_partitioned_h32/graphsage_po2_qat_partitioned.h:39:0)
INFO: [HLS 214-186] Unrolling loop 'L1_ROOT_CHANNEL_INPUT_LO' (cora_graphsage_hls_test_bundle/build/cora_hls_bundle/hls/po2_qat_root_dynamic_const_weights_partitioned_h32/graphsage_po2_qat_partitioned.h:49:13) in function 'l1_root_channel<false, 24, true>' completely with a factor of 8 (cora_graphsage_hls_test_bundle/build/cora_hls_bundle/hls/po2_qat_root_dynamic_const_weights_partitioned_h32/graphsage_po2_qat_partitioned.h:39:0)
INFO: [HLS 214-186] Unrolling loop 'L1_ROOT_CHANNEL_NODE' (cora_graphsage_hls_test_bundle/build/cora_hls_bundle/hls/po2_qat_root_dynamic_const_weights_partitioned_h32/graphsage_po2_qat_partitioned.h:42:5) in function 'l1_root_channel<false, 23, true>' completely with a factor of 8 (cora_graphsage_hls_test_bundle/build/cora_hls_bundle/hls/po2_qat_root_dynamic_const_weights_partitioned_h32/graphsage_po2_qat_partitioned.h:39:0)
INFO: [HLS 214-186] Unrolling loop 'L1_ROOT_CHANNEL_INPUT_HI' (cora_graphsage_hls_test_bundle/build/cora_hls_bundle/hls/po2_qat_root_dynamic_const_weights_partitioned_h32/graphsage_po2_qat_partitioned.h:70:13) in function 'l1_root_channel<false, 23, true>' completely with a factor of 8 (cora_graphsage_hls_test_bundle/build/cora_hls_bundle/hls/po2_qat_root_dynamic_const_weights_partitioned_h32/graphsage_po2_qat_partitioned.h:39:0)
INFO: [HLS 214-186] Unrolling loop 'L1_ROOT_CHANNEL_INPUT_LO' (cora_graphsage_hls_test_bundle/build/cora_hls_bundle/hls/po2_qat_root_dynamic_const_weights_partitioned_h32/graphsage_po2_qat_partitioned.h:49:13) in function 'l1_root_channel<false, 23, true>' completely with a factor of 8 (cora_graphsage_hls_test_bundle/build/cora_hls_bundle/hls/po2_qat_root_dynamic_const_weights_partitioned_h32/graphsage_po2_qat_partitioned.h:39:0)
INFO: [HLS 214-186] Unrolling loop 'L1_ROOT_CHANNEL_NODE' (cora_graphsage_hls_test_bundle/build/cora_hls_bundle/hls/po2_qat_root_dynamic_const_weights_partitioned_h32/graphsage_po2_qat_partitioned.h:42:5) in function 'l1_root_channel<false, 22, true>' completely with a factor of 8 (cora_graphsage_hls_test_bundle/build/cora_hls_bundle/hls/po2_qat_root_dynamic_const_weights_partitioned_h32/graphsage_po2_qat_partitioned.h:39:0)
INFO: [HLS 214-186] Unrolling loop 'L1_ROOT_CHANNEL_INPUT_HI' (cora_graphsage_hls_test_bundle/build/cora_hls_bundle/hls/po2_qat_root_dynamic_const_weights_partitioned_h32/graphsage_po2_qat_partitioned.h:70:13) in function 'l1_root_channel<false, 22, true>' completely with a factor of 8 (cora_graphsage_hls_test_bundle/build/cora_hls_bundle/hls/po2_qat_root_dynamic_const_weights_partitioned_h32/graphsage_po2_qat_partitioned.h:39:0)
INFO: [HLS 214-186] Unrolling loop 'L1_ROOT_CHANNEL_INPUT_LO' (cora_graphsage_hls_test_bundle/build/cora_hls_bundle/hls/po2_qat_root_dynamic_const_weights_partitioned_h32/graphsage_po2_qat_partitioned.h:49:13) in function 'l1_root_channel<false, 22, true>' completely with a factor of 8 (cora_graphsage_hls_test_bundle/build/cora_hls_bundle/hls/po2_qat_root_dynamic_const_weights_partitioned_h32/graphsage_po2_qat_partitioned.h:39:0)
INFO: [HLS 214-186] Unrolling loop 'L1_ROOT_CHANNEL_NODE' (cora_graphsage_hls_test_bundle/build/cora_hls_bundle/hls/po2_qat_root_dynamic_const_weights_partitioned_h32/graphsage_po2_qat_partitioned.h:42:5) in function 'l1_root_channel<false, 21, true>' completely with a factor of 8 (cora_graphsage_hls_test_bundle/build/cora_hls_bundle/hls/po2_qat_root_dynamic_const_weights_partitioned_h32/graphsage_po2_qat_partitioned.h:39:0)
INFO: [HLS 214-186] Unrolling loop 'L1_ROOT_CHANNEL_INPUT_HI' (cora_graphsage_hls_test_bundle/build/cora_hls_bundle/hls/po2_qat_root_dynamic_const_weights_partitioned_h32/graphsage_po2_qat_partitioned.h:70:13) in function 'l1_root_channel<false, 21, true>' completely with a factor of 8 (cora_graphsage_hls_test_bundle/build/cora_hls_bundle/hls/po2_qat_root_dynamic_const_weights_partitioned_h32/graphsage_po2_qat_partitioned.h:39:0)
INFO: [HLS 214-186] Unrolling loop 'L1_ROOT_CHANNEL_INPUT_LO' (cora_graphsage_hls_test_bundle/build/cora_hls_bundle/hls/po2_qat_root_dynamic_const_weights_partitioned_h32/graphsage_po2_qat_partitioned.h:49:13) in function 'l1_root_channel<false, 21, true>' completely with a factor of 8 (cora_graphsage_hls_test_bundle/build/cora_hls_bundle/hls/po2_qat_root_dynamic_const_weights_partitioned_h32/graphsage_po2_qat_partitioned.h:39:0)
INFO: [HLS 214-186] Unrolling loop 'L1_ROOT_CHANNEL_NODE' (cora_graphsage_hls_test_bundle/build/cora_hls_bundle/hls/po2_qat_root_dynamic_const_weights_partitioned_h32/graphsage_po2_qat_partitioned.h:42:5) in function 'l1_root_channel<false, 20, true>' completely with a factor of 8 (cora_graphsage_hls_test_bundle/build/cora_hls_bundle/hls/po2_qat_root_dynamic_const_weights_partitioned_h32/graphsage_po2_qat_partitioned.h:39:0)
INFO: [HLS 214-186] Unrolling loop 'L1_ROOT_CHANNEL_INPUT_HI' (cora_graphsage_hls_test_bundle/build/cora_hls_bundle/hls/po2_qat_root_dynamic_const_weights_partitioned_h32/graphsage_po2_qat_partitioned.h:70:13) in function 'l1_root_channel<false, 20, true>' completely with a factor of 8 (cora_graphsage_hls_test_bundle/build/cora_hls_bundle/hls/po2_qat_root_dynamic_const_weights_partitioned_h32/graphsage_po2_qat_partitioned.h:39:0)
INFO: [HLS 214-186] Unrolling loop 'L1_ROOT_CHANNEL_INPUT_LO' (cora_graphsage_hls_test_bundle/build/cora_hls_bundle/hls/po2_qat_root_dynamic_const_weights_partitioned_h32/graphsage_po2_qat_partitioned.h:49:13) in function 'l1_root_channel<false, 20, true>' completely with a factor of 8 (cora_graphsage_hls_test_bundle/build/cora_hls_bundle/hls/po2_qat_root_dynamic_const_weights_partitioned_h32/graphsage_po2_qat_partitioned.h:39:0)
INFO: [HLS 214-186] Unrolling loop 'L1_ROOT_CHANNEL_NODE' (cora_graphsage_hls_test_bundle/build/cora_hls_bundle/hls/po2_qat_root_dynamic_const_weights_partitioned_h32/graphsage_po2_qat_partitioned.h:42:5) in function 'l1_root_channel<false, 19, true>' completely with a factor of 8 (cora_graphsage_hls_test_bundle/build/cora_hls_bundle/hls/po2_qat_root_dynamic_const_weights_partitioned_h32/graphsage_po2_qat_partitioned.h:39:0)
INFO: [HLS 214-186] Unrolling loop 'L1_ROOT_CHANNEL_INPUT_HI' (cora_graphsage_hls_test_bundle/build/cora_hls_bundle/hls/po2_qat_root_dynamic_const_weights_partitioned_h32/graphsage_po2_qat_partitioned.h:70:13) in function 'l1_root_channel<false, 19, true>' completely with a factor of 8 (cora_graphsage_hls_test_bundle/build/cora_hls_bundle/hls/po2_qat_root_dynamic_const_weights_partitioned_h32/graphsage_po2_qat_partitioned.h:39:0)
INFO: [HLS 214-186] Unrolling loop 'L1_ROOT_CHANNEL_INPUT_LO' (cora_graphsage_hls_test_bundle/build/cora_hls_bundle/hls/po2_qat_root_dynamic_const_weights_partitioned_h32/graphsage_po2_qat_partitioned.h:49:13) in function 'l1_root_channel<false, 19, true>' completely with a factor of 8 (cora_graphsage_hls_test_bundle/build/cora_hls_bundle/hls/po2_qat_root_dynamic_const_weights_partitioned_h32/graphsage_po2_qat_partitioned.h:39:0)
INFO: [HLS 214-186] Unrolling loop 'L1_ROOT_CHANNEL_NODE' (cora_graphsage_hls_test_bundle/build/cora_hls_bundle/hls/po2_qat_root_dynamic_const_weights_partitioned_h32/graphsage_po2_qat_partitioned.h:42:5) in function 'l1_root_channel<false, 18, true>' completely with a factor of 8 (cora_graphsage_hls_test_bundle/build/cora_hls_bundle/hls/po2_qat_root_dynamic_const_weights_partitioned_h32/graphsage_po2_qat_partitioned.h:39:0)
INFO: [HLS 214-186] Unrolling loop 'L1_ROOT_CHANNEL_INPUT_HI' (cora_graphsage_hls_test_bundle/build/cora_hls_bundle/hls/po2_qat_root_dynamic_const_weights_partitioned_h32/graphsage_po2_qat_partitioned.h:70:13) in function 'l1_root_channel<false, 18, true>' completely with a factor of 8 (cora_graphsage_hls_test_bundle/build/cora_hls_bundle/hls/po2_qat_root_dynamic_const_weights_partitioned_h32/graphsage_po2_qat_partitioned.h:39:0)
INFO: [HLS 214-186] Unrolling loop 'L1_ROOT_CHANNEL_INPUT_LO' (cora_graphsage_hls_test_bundle/build/cora_hls_bundle/hls/po2_qat_root_dynamic_const_weights_partitioned_h32/graphsage_po2_qat_partitioned.h:49:13) in function 'l1_root_channel<false, 18, true>' completely with a factor of 8 (cora_graphsage_hls_test_bundle/build/cora_hls_bundle/hls/po2_qat_root_dynamic_const_weights_partitioned_h32/graphsage_po2_qat_partitioned.h:39:0)
INFO: [HLS 214-186] Unrolling loop 'L1_ROOT_CHANNEL_NODE' (cora_graphsage_hls_test_bundle/build/cora_hls_bundle/hls/po2_qat_root_dynamic_const_weights_partitioned_h32/graphsage_po2_qat_partitioned.h:42:5) in function 'l1_root_channel<false, 17, true>' completely with a factor of 8 (cora_graphsage_hls_test_bundle/build/cora_hls_bundle/hls/po2_qat_root_dynamic_const_weights_partitioned_h32/graphsage_po2_qat_partitioned.h:39:0)
INFO: [HLS 214-186] Unrolling loop 'L1_ROOT_CHANNEL_INPUT_HI' (cora_graphsage_hls_test_bundle/build/cora_hls_bundle/hls/po2_qat_root_dynamic_const_weights_partitioned_h32/graphsage_po2_qat_partitioned.h:70:13) in function 'l1_root_channel<false, 17, true>' completely with a factor of 8 (cora_graphsage_hls_test_bundle/build/cora_hls_bundle/hls/po2_qat_root_dynamic_const_weights_partitioned_h32/graphsage_po2_qat_partitioned.h:39:0)
INFO: [HLS 214-186] Unrolling loop 'L1_ROOT_CHANNEL_INPUT_LO' (cora_graphsage_hls_test_bundle/build/cora_hls_bundle/hls/po2_qat_root_dynamic_const_weights_partitioned_h32/graphsage_po2_qat_partitioned.h:49:13) in function 'l1_root_channel<false, 17, true>' completely with a factor of 8 (cora_graphsage_hls_test_bundle/build/cora_hls_bundle/hls/po2_qat_root_dynamic_const_weights_partitioned_h32/graphsage_po2_qat_partitioned.h:39:0)
INFO: [HLS 214-186] Unrolling loop 'L1_ROOT_CHANNEL_NODE' (cora_graphsage_hls_test_bundle/build/cora_hls_bundle/hls/po2_qat_root_dynamic_const_weights_partitioned_h32/graphsage_po2_qat_partitioned.h:42:5) in function 'l1_root_channel<false, 16, true>' completely with a factor of 8 (cora_graphsage_hls_test_bundle/build/cora_hls_bundle/hls/po2_qat_root_dynamic_const_weights_partitioned_h32/graphsage_po2_qat_partitioned.h:39:0)
INFO: [HLS 214-186] Unrolling loop 'L1_ROOT_CHANNEL_INPUT_HI' (cora_graphsage_hls_test_bundle/build/cora_hls_bundle/hls/po2_qat_root_dynamic_const_weights_partitioned_h32/graphsage_po2_qat_partitioned.h:70:13) in function 'l1_root_channel<false, 16, true>' completely with a factor of 8 (cora_graphsage_hls_test_bundle/build/cora_hls_bundle/hls/po2_qat_root_dynamic_const_weights_partitioned_h32/graphsage_po2_qat_partitioned.h:39:0)
INFO: [HLS 214-186] Unrolling loop 'L1_ROOT_CHANNEL_INPUT_LO' (cora_graphsage_hls_test_bundle/build/cora_hls_bundle/hls/po2_qat_root_dynamic_const_weights_partitioned_h32/graphsage_po2_qat_partitioned.h:49:13) in function 'l1_root_channel<false, 16, true>' completely with a factor of 8 (cora_graphsage_hls_test_bundle/build/cora_hls_bundle/hls/po2_qat_root_dynamic_const_weights_partitioned_h32/graphsage_po2_qat_partitioned.h:39:0)
INFO: [HLS 214-186] Unrolling loop 'L1_ROOT_CHANNEL_NODE' (cora_graphsage_hls_test_bundle/build/cora_hls_bundle/hls/po2_qat_root_dynamic_const_weights_partitioned_h32/graphsage_po2_qat_partitioned.h:42:5) in function 'l1_root_channel<false, 15, true>' completely with a factor of 8 (cora_graphsage_hls_test_bundle/build/cora_hls_bundle/hls/po2_qat_root_dynamic_const_weights_partitioned_h32/graphsage_po2_qat_partitioned.h:39:0)
INFO: [HLS 214-186] Unrolling loop 'L1_ROOT_CHANNEL_INPUT_HI' (cora_graphsage_hls_test_bundle/build/cora_hls_bundle/hls/po2_qat_root_dynamic_const_weights_partitioned_h32/graphsage_po2_qat_partitioned.h:70:13) in function 'l1_root_channel<false, 15, true>' completely with a factor of 8 (cora_graphsage_hls_test_bundle/build/cora_hls_bundle/hls/po2_qat_root_dynamic_const_weights_partitioned_h32/graphsage_po2_qat_partitioned.h:39:0)
INFO: [HLS 214-186] Unrolling loop 'L1_ROOT_CHANNEL_INPUT_LO' (cora_graphsage_hls_test_bundle/build/cora_hls_bundle/hls/po2_qat_root_dynamic_const_weights_partitioned_h32/graphsage_po2_qat_partitioned.h:49:13) in function 'l1_root_channel<false, 15, true>' completely with a factor of 8 (cora_graphsage_hls_test_bundle/build/cora_hls_bundle/hls/po2_qat_root_dynamic_const_weights_partitioned_h32/graphsage_po2_qat_partitioned.h:39:0)
INFO: [HLS 214-186] Unrolling loop 'L1_ROOT_CHANNEL_NODE' (cora_graphsage_hls_test_bundle/build/cora_hls_bundle/hls/po2_qat_root_dynamic_const_weights_partitioned_h32/graphsage_po2_qat_partitioned.h:42:5) in function 'l1_root_channel<false, 14, true>' completely with a factor of 8 (cora_graphsage_hls_test_bundle/build/cora_hls_bundle/hls/po2_qat_root_dynamic_const_weights_partitioned_h32/graphsage_po2_qat_partitioned.h:39:0)
INFO: [HLS 214-186] Unrolling loop 'L1_ROOT_CHANNEL_INPUT_HI' (cora_graphsage_hls_test_bundle/build/cora_hls_bundle/hls/po2_qat_root_dynamic_const_weights_partitioned_h32/graphsage_po2_qat_partitioned.h:70:13) in function 'l1_root_channel<false, 14, true>' completely with a factor of 8 (cora_graphsage_hls_test_bundle/build/cora_hls_bundle/hls/po2_qat_root_dynamic_const_weights_partitioned_h32/graphsage_po2_qat_partitioned.h:39:0)
INFO: [HLS 214-186] Unrolling loop 'L1_ROOT_CHANNEL_INPUT_LO' (cora_graphsage_hls_test_bundle/build/cora_hls_bundle/hls/po2_qat_root_dynamic_const_weights_partitioned_h32/graphsage_po2_qat_partitioned.h:49:13) in function 'l1_root_channel<false, 14, true>' completely with a factor of 8 (cora_graphsage_hls_test_bundle/build/cora_hls_bundle/hls/po2_qat_root_dynamic_const_weights_partitioned_h32/graphsage_po2_qat_partitioned.h:39:0)
INFO: [HLS 214-186] Unrolling loop 'L1_ROOT_CHANNEL_NODE' (cora_graphsage_hls_test_bundle/build/cora_hls_bundle/hls/po2_qat_root_dynamic_const_weights_partitioned_h32/graphsage_po2_qat_partitioned.h:42:5) in function 'l1_root_channel<false, 13, true>' completely with a factor of 8 (cora_graphsage_hls_test_bundle/build/cora_hls_bundle/hls/po2_qat_root_dynamic_const_weights_partitioned_h32/graphsage_po2_qat_partitioned.h:39:0)
INFO: [HLS 214-186] Unrolling loop 'L1_ROOT_CHANNEL_INPUT_HI' (cora_graphsage_hls_test_bundle/build/cora_hls_bundle/hls/po2_qat_root_dynamic_const_weights_partitioned_h32/graphsage_po2_qat_partitioned.h:70:13) in function 'l1_root_channel<false, 13, true>' completely with a factor of 8 (cora_graphsage_hls_test_bundle/build/cora_hls_bundle/hls/po2_qat_root_dynamic_const_weights_partitioned_h32/graphsage_po2_qat_partitioned.h:39:0)
INFO: [HLS 214-186] Unrolling loop 'L1_ROOT_CHANNEL_INPUT_LO' (cora_graphsage_hls_test_bundle/build/cora_hls_bundle/hls/po2_qat_root_dynamic_const_weights_partitioned_h32/graphsage_po2_qat_partitioned.h:49:13) in function 'l1_root_channel<false, 13, true>' completely with a factor of 8 (cora_graphsage_hls_test_bundle/build/cora_hls_bundle/hls/po2_qat_root_dynamic_const_weights_partitioned_h32/graphsage_po2_qat_partitioned.h:39:0)
INFO: [HLS 214-186] Unrolling loop 'L1_ROOT_CHANNEL_NODE' (cora_graphsage_hls_test_bundle/build/cora_hls_bundle/hls/po2_qat_root_dynamic_const_weights_partitioned_h32/graphsage_po2_qat_partitioned.h:42:5) in function 'l1_root_channel<false, 12, true>' completely with a factor of 8 (cora_graphsage_hls_test_bundle/build/cora_hls_bundle/hls/po2_qat_root_dynamic_const_weights_partitioned_h32/graphsage_po2_qat_partitioned.h:39:0)
INFO: [HLS 214-186] Unrolling loop 'L1_ROOT_CHANNEL_INPUT_HI' (cora_graphsage_hls_test_bundle/build/cora_hls_bundle/hls/po2_qat_root_dynamic_const_weights_partitioned_h32/graphsage_po2_qat_partitioned.h:70:13) in function 'l1_root_channel<false, 12, true>' completely with a factor of 8 (cora_graphsage_hls_test_bundle/build/cora_hls_bundle/hls/po2_qat_root_dynamic_const_weights_partitioned_h32/graphsage_po2_qat_partitioned.h:39:0)
INFO: [HLS 214-186] Unrolling loop 'L1_ROOT_CHANNEL_INPUT_LO' (cora_graphsage_hls_test_bundle/build/cora_hls_bundle/hls/po2_qat_root_dynamic_const_weights_partitioned_h32/graphsage_po2_qat_partitioned.h:49:13) in function 'l1_root_channel<false, 12, true>' completely with a factor of 8 (cora_graphsage_hls_test_bundle/build/cora_hls_bundle/hls/po2_qat_root_dynamic_const_weights_partitioned_h32/graphsage_po2_qat_partitioned.h:39:0)
INFO: [HLS 214-186] Unrolling loop 'L1_ROOT_CHANNEL_NODE' (cora_graphsage_hls_test_bundle/build/cora_hls_bundle/hls/po2_qat_root_dynamic_const_weights_partitioned_h32/graphsage_po2_qat_partitioned.h:42:5) in function 'l1_root_channel<false, 11, true>' completely with a factor of 8 (cora_graphsage_hls_test_bundle/build/cora_hls_bundle/hls/po2_qat_root_dynamic_const_weights_partitioned_h32/graphsage_po2_qat_partitioned.h:39:0)
INFO: [HLS 214-186] Unrolling loop 'L1_ROOT_CHANNEL_INPUT_HI' (cora_graphsage_hls_test_bundle/build/cora_hls_bundle/hls/po2_qat_root_dynamic_const_weights_partitioned_h32/graphsage_po2_qat_partitioned.h:70:13) in function 'l1_root_channel<false, 11, true>' completely with a factor of 8 (cora_graphsage_hls_test_bundle/build/cora_hls_bundle/hls/po2_qat_root_dynamic_const_weights_partitioned_h32/graphsage_po2_qat_partitioned.h:39:0)
INFO: [HLS 214-186] Unrolling loop 'L1_ROOT_CHANNEL_INPUT_LO' (cora_graphsage_hls_test_bundle/build/cora_hls_bundle/hls/po2_qat_root_dynamic_const_weights_partitioned_h32/graphsage_po2_qat_partitioned.h:49:13) in function 'l1_root_channel<false, 11, true>' completely with a factor of 8 (cora_graphsage_hls_test_bundle/build/cora_hls_bundle/hls/po2_qat_root_dynamic_const_weights_partitioned_h32/graphsage_po2_qat_partitioned.h:39:0)
INFO: [HLS 214-186] Unrolling loop 'L1_ROOT_CHANNEL_NODE' (cora_graphsage_hls_test_bundle/build/cora_hls_bundle/hls/po2_qat_root_dynamic_const_weights_partitioned_h32/graphsage_po2_qat_partitioned.h:42:5) in function 'l1_root_channel<false, 10, true>' completely with a factor of 8 (cora_graphsage_hls_test_bundle/build/cora_hls_bundle/hls/po2_qat_root_dynamic_const_weights_partitioned_h32/graphsage_po2_qat_partitioned.h:39:0)
INFO: [HLS 214-186] Unrolling loop 'L1_ROOT_CHANNEL_INPUT_HI' (cora_graphsage_hls_test_bundle/build/cora_hls_bundle/hls/po2_qat_root_dynamic_const_weights_partitioned_h32/graphsage_po2_qat_partitioned.h:70:13) in function 'l1_root_channel<false, 10, true>' completely with a factor of 8 (cora_graphsage_hls_test_bundle/build/cora_hls_bundle/hls/po2_qat_root_dynamic_const_weights_partitioned_h32/graphsage_po2_qat_partitioned.h:39:0)
INFO: [HLS 214-186] Unrolling loop 'L1_ROOT_CHANNEL_INPUT_LO' (cora_graphsage_hls_test_bundle/build/cora_hls_bundle/hls/po2_qat_root_dynamic_const_weights_partitioned_h32/graphsage_po2_qat_partitioned.h:49:13) in function 'l1_root_channel<false, 10, true>' completely with a factor of 8 (cora_graphsage_hls_test_bundle/build/cora_hls_bundle/hls/po2_qat_root_dynamic_const_weights_partitioned_h32/graphsage_po2_qat_partitioned.h:39:0)
INFO: [HLS 214-186] Unrolling loop 'L1_ROOT_CHANNEL_NODE' (cora_graphsage_hls_test_bundle/build/cora_hls_bundle/hls/po2_qat_root_dynamic_const_weights_partitioned_h32/graphsage_po2_qat_partitioned.h:42:5) in function 'l1_root_channel<false, 9, true>' completely with a factor of 8 (cora_graphsage_hls_test_bundle/build/cora_hls_bundle/hls/po2_qat_root_dynamic_const_weights_partitioned_h32/graphsage_po2_qat_partitioned.h:39:0)
INFO: [HLS 214-186] Unrolling loop 'L1_ROOT_CHANNEL_INPUT_HI' (cora_graphsage_hls_test_bundle/build/cora_hls_bundle/hls/po2_qat_root_dynamic_const_weights_partitioned_h32/graphsage_po2_qat_partitioned.h:70:13) in function 'l1_root_channel<false, 9, true>' completely with a factor of 8 (cora_graphsage_hls_test_bundle/build/cora_hls_bundle/hls/po2_qat_root_dynamic_const_weights_partitioned_h32/graphsage_po2_qat_partitioned.h:39:0)
INFO: [HLS 214-186] Unrolling loop 'L1_ROOT_CHANNEL_INPUT_LO' (cora_graphsage_hls_test_bundle/build/cora_hls_bundle/hls/po2_qat_root_dynamic_const_weights_partitioned_h32/graphsage_po2_qat_partitioned.h:49:13) in function 'l1_root_channel<false, 9, true>' completely with a factor of 8 (cora_graphsage_hls_test_bundle/build/cora_hls_bundle/hls/po2_qat_root_dynamic_const_weights_partitioned_h32/graphsage_po2_qat_partitioned.h:39:0)
INFO: [HLS 214-186] Unrolling loop 'L1_ROOT_CHANNEL_NODE' (cora_graphsage_hls_test_bundle/build/cora_hls_bundle/hls/po2_qat_root_dynamic_const_weights_partitioned_h32/graphsage_po2_qat_partitioned.h:42:5) in function 'l1_root_channel<false, 8, true>' completely with a factor of 8 (cora_graphsage_hls_test_bundle/build/cora_hls_bundle/hls/po2_qat_root_dynamic_const_weights_partitioned_h32/graphsage_po2_qat_partitioned.h:39:0)
INFO: [HLS 214-186] Unrolling loop 'L1_ROOT_CHANNEL_INPUT_HI' (cora_graphsage_hls_test_bundle/build/cora_hls_bundle/hls/po2_qat_root_dynamic_const_weights_partitioned_h32/graphsage_po2_qat_partitioned.h:70:13) in function 'l1_root_channel<false, 8, true>' completely with a factor of 8 (cora_graphsage_hls_test_bundle/build/cora_hls_bundle/hls/po2_qat_root_dynamic_const_weights_partitioned_h32/graphsage_po2_qat_partitioned.h:39:0)
INFO: [HLS 214-186] Unrolling loop 'L1_ROOT_CHANNEL_INPUT_LO' (cora_graphsage_hls_test_bundle/build/cora_hls_bundle/hls/po2_qat_root_dynamic_const_weights_partitioned_h32/graphsage_po2_qat_partitioned.h:49:13) in function 'l1_root_channel<false, 8, true>' completely with a factor of 8 (cora_graphsage_hls_test_bundle/build/cora_hls_bundle/hls/po2_qat_root_dynamic_const_weights_partitioned_h32/graphsage_po2_qat_partitioned.h:39:0)
INFO: [HLS 214-186] Unrolling loop 'L1_ROOT_CHANNEL_NODE' (cora_graphsage_hls_test_bundle/build/cora_hls_bundle/hls/po2_qat_root_dynamic_const_weights_partitioned_h32/graphsage_po2_qat_partitioned.h:42:5) in function 'l1_root_channel<false, 7, true>' completely with a factor of 8 (cora_graphsage_hls_test_bundle/build/cora_hls_bundle/hls/po2_qat_root_dynamic_const_weights_partitioned_h32/graphsage_po2_qat_partitioned.h:39:0)
INFO: [HLS 214-186] Unrolling loop 'L1_ROOT_CHANNEL_INPUT_HI' (cora_graphsage_hls_test_bundle/build/cora_hls_bundle/hls/po2_qat_root_dynamic_const_weights_partitioned_h32/graphsage_po2_qat_partitioned.h:70:13) in function 'l1_root_channel<false, 7, true>' completely with a factor of 8 (cora_graphsage_hls_test_bundle/build/cora_hls_bundle/hls/po2_qat_root_dynamic_const_weights_partitioned_h32/graphsage_po2_qat_partitioned.h:39:0)
INFO: [HLS 214-186] Unrolling loop 'L1_ROOT_CHANNEL_INPUT_LO' (cora_graphsage_hls_test_bundle/build/cora_hls_bundle/hls/po2_qat_root_dynamic_const_weights_partitioned_h32/graphsage_po2_qat_partitioned.h:49:13) in function 'l1_root_channel<false, 7, true>' completely with a factor of 8 (cora_graphsage_hls_test_bundle/build/cora_hls_bundle/hls/po2_qat_root_dynamic_const_weights_partitioned_h32/graphsage_po2_qat_partitioned.h:39:0)
INFO: [HLS 214-186] Unrolling loop 'L1_ROOT_CHANNEL_NODE' (cora_graphsage_hls_test_bundle/build/cora_hls_bundle/hls/po2_qat_root_dynamic_const_weights_partitioned_h32/graphsage_po2_qat_partitioned.h:42:5) in function 'l1_root_channel<false, 6, true>' completely with a factor of 8 (cora_graphsage_hls_test_bundle/build/cora_hls_bundle/hls/po2_qat_root_dynamic_const_weights_partitioned_h32/graphsage_po2_qat_partitioned.h:39:0)
INFO: [HLS 214-186] Unrolling loop 'L1_ROOT_CHANNEL_INPUT_HI' (cora_graphsage_hls_test_bundle/build/cora_hls_bundle/hls/po2_qat_root_dynamic_const_weights_partitioned_h32/graphsage_po2_qat_partitioned.h:70:13) in function 'l1_root_channel<false, 6, true>' completely with a factor of 8 (cora_graphsage_hls_test_bundle/build/cora_hls_bundle/hls/po2_qat_root_dynamic_const_weights_partitioned_h32/graphsage_po2_qat_partitioned.h:39:0)
INFO: [HLS 214-186] Unrolling loop 'L1_ROOT_CHANNEL_INPUT_LO' (cora_graphsage_hls_test_bundle/build/cora_hls_bundle/hls/po2_qat_root_dynamic_const_weights_partitioned_h32/graphsage_po2_qat_partitioned.h:49:13) in function 'l1_root_channel<false, 6, true>' completely with a factor of 8 (cora_graphsage_hls_test_bundle/build/cora_hls_bundle/hls/po2_qat_root_dynamic_const_weights_partitioned_h32/graphsage_po2_qat_partitioned.h:39:0)
INFO: [HLS 214-186] Unrolling loop 'L1_ROOT_CHANNEL_NODE' (cora_graphsage_hls_test_bundle/build/cora_hls_bundle/hls/po2_qat_root_dynamic_const_weights_partitioned_h32/graphsage_po2_qat_partitioned.h:42:5) in function 'l1_root_channel<false, 5, true>' completely with a factor of 8 (cora_graphsage_hls_test_bundle/build/cora_hls_bundle/hls/po2_qat_root_dynamic_const_weights_partitioned_h32/graphsage_po2_qat_partitioned.h:39:0)
INFO: [HLS 214-186] Unrolling loop 'L1_ROOT_CHANNEL_INPUT_HI' (cora_graphsage_hls_test_bundle/build/cora_hls_bundle/hls/po2_qat_root_dynamic_const_weights_partitioned_h32/graphsage_po2_qat_partitioned.h:70:13) in function 'l1_root_channel<false, 5, true>' completely with a factor of 8 (cora_graphsage_hls_test_bundle/build/cora_hls_bundle/hls/po2_qat_root_dynamic_const_weights_partitioned_h32/graphsage_po2_qat_partitioned.h:39:0)
INFO: [HLS 214-186] Unrolling loop 'L1_ROOT_CHANNEL_INPUT_LO' (cora_graphsage_hls_test_bundle/build/cora_hls_bundle/hls/po2_qat_root_dynamic_const_weights_partitioned_h32/graphsage_po2_qat_partitioned.h:49:13) in function 'l1_root_channel<false, 5, true>' completely with a factor of 8 (cora_graphsage_hls_test_bundle/build/cora_hls_bundle/hls/po2_qat_root_dynamic_const_weights_partitioned_h32/graphsage_po2_qat_partitioned.h:39:0)
INFO: [HLS 214-186] Unrolling loop 'L1_ROOT_CHANNEL_NODE' (cora_graphsage_hls_test_bundle/build/cora_hls_bundle/hls/po2_qat_root_dynamic_const_weights_partitioned_h32/graphsage_po2_qat_partitioned.h:42:5) in function 'l1_root_channel<false, 4, true>' completely with a factor of 8 (cora_graphsage_hls_test_bundle/build/cora_hls_bundle/hls/po2_qat_root_dynamic_const_weights_partitioned_h32/graphsage_po2_qat_partitioned.h:39:0)
INFO: [HLS 214-186] Unrolling loop 'L1_ROOT_CHANNEL_INPUT_HI' (cora_graphsage_hls_test_bundle/build/cora_hls_bundle/hls/po2_qat_root_dynamic_const_weights_partitioned_h32/graphsage_po2_qat_partitioned.h:70:13) in function 'l1_root_channel<false, 4, true>' completely with a factor of 8 (cora_graphsage_hls_test_bundle/build/cora_hls_bundle/hls/po2_qat_root_dynamic_const_weights_partitioned_h32/graphsage_po2_qat_partitioned.h:39:0)
INFO: [HLS 214-186] Unrolling loop 'L1_ROOT_CHANNEL_INPUT_LO' (cora_graphsage_hls_test_bundle/build/cora_hls_bundle/hls/po2_qat_root_dynamic_const_weights_partitioned_h32/graphsage_po2_qat_partitioned.h:49:13) in function 'l1_root_channel<false, 4, true>' completely with a factor of 8 (cora_graphsage_hls_test_bundle/build/cora_hls_bundle/hls/po2_qat_root_dynamic_const_weights_partitioned_h32/graphsage_po2_qat_partitioned.h:39:0)
INFO: [HLS 214-186] Unrolling loop 'L1_ROOT_CHANNEL_NODE' (cora_graphsage_hls_test_bundle/build/cora_hls_bundle/hls/po2_qat_root_dynamic_const_weights_partitioned_h32/graphsage_po2_qat_partitioned.h:42:5) in function 'l1_root_channel<false, 3, true>' completely with a factor of 8 (cora_graphsage_hls_test_bundle/build/cora_hls_bundle/hls/po2_qat_root_dynamic_const_weights_partitioned_h32/graphsage_po2_qat_partitioned.h:39:0)
INFO: [HLS 214-186] Unrolling loop 'L1_ROOT_CHANNEL_INPUT_HI' (cora_graphsage_hls_test_bundle/build/cora_hls_bundle/hls/po2_qat_root_dynamic_const_weights_partitioned_h32/graphsage_po2_qat_partitioned.h:70:13) in function 'l1_root_channel<false, 3, true>' completely with a factor of 8 (cora_graphsage_hls_test_bundle/build/cora_hls_bundle/hls/po2_qat_root_dynamic_const_weights_partitioned_h32/graphsage_po2_qat_partitioned.h:39:0)
INFO: [HLS 214-186] Unrolling loop 'L1_ROOT_CHANNEL_INPUT_LO' (cora_graphsage_hls_test_bundle/build/cora_hls_bundle/hls/po2_qat_root_dynamic_const_weights_partitioned_h32/graphsage_po2_qat_partitioned.h:49:13) in function 'l1_root_channel<false, 3, true>' completely with a factor of 8 (cora_graphsage_hls_test_bundle/build/cora_hls_bundle/hls/po2_qat_root_dynamic_const_weights_partitioned_h32/graphsage_po2_qat_partitioned.h:39:0)
INFO: [HLS 214-186] Unrolling loop 'L1_ROOT_CHANNEL_NODE' (cora_graphsage_hls_test_bundle/build/cora_hls_bundle/hls/po2_qat_root_dynamic_const_weights_partitioned_h32/graphsage_po2_qat_partitioned.h:42:5) in function 'l1_root_channel<false, 2, true>' completely with a factor of 8 (cora_graphsage_hls_test_bundle/build/cora_hls_bundle/hls/po2_qat_root_dynamic_const_weights_partitioned_h32/graphsage_po2_qat_partitioned.h:39:0)
INFO: [HLS 214-186] Unrolling loop 'L1_ROOT_CHANNEL_INPUT_HI' (cora_graphsage_hls_test_bundle/build/cora_hls_bundle/hls/po2_qat_root_dynamic_const_weights_partitioned_h32/graphsage_po2_qat_partitioned.h:70:13) in function 'l1_root_channel<false, 2, true>' completely with a factor of 8 (cora_graphsage_hls_test_bundle/build/cora_hls_bundle/hls/po2_qat_root_dynamic_const_weights_partitioned_h32/graphsage_po2_qat_partitioned.h:39:0)
INFO: [HLS 214-186] Unrolling loop 'L1_ROOT_CHANNEL_INPUT_LO' (cora_graphsage_hls_test_bundle/build/cora_hls_bundle/hls/po2_qat_root_dynamic_const_weights_partitioned_h32/graphsage_po2_qat_partitioned.h:49:13) in function 'l1_root_channel<false, 2, true>' completely with a factor of 8 (cora_graphsage_hls_test_bundle/build/cora_hls_bundle/hls/po2_qat_root_dynamic_const_weights_partitioned_h32/graphsage_po2_qat_partitioned.h:39:0)
INFO: [HLS 214-186] Unrolling loop 'L1_ROOT_CHANNEL_NODE' (cora_graphsage_hls_test_bundle/build/cora_hls_bundle/hls/po2_qat_root_dynamic_const_weights_partitioned_h32/graphsage_po2_qat_partitioned.h:42:5) in function 'l1_root_channel<false, 1, true>' completely with a factor of 8 (cora_graphsage_hls_test_bundle/build/cora_hls_bundle/hls/po2_qat_root_dynamic_const_weights_partitioned_h32/graphsage_po2_qat_partitioned.h:39:0)
INFO: [HLS 214-186] Unrolling loop 'L1_ROOT_CHANNEL_INPUT_HI' (cora_graphsage_hls_test_bundle/build/cora_hls_bundle/hls/po2_qat_root_dynamic_const_weights_partitioned_h32/graphsage_po2_qat_partitioned.h:70:13) in function 'l1_root_channel<false, 1, true>' completely with a factor of 8 (cora_graphsage_hls_test_bundle/build/cora_hls_bundle/hls/po2_qat_root_dynamic_const_weights_partitioned_h32/graphsage_po2_qat_partitioned.h:39:0)
INFO: [HLS 214-186] Unrolling loop 'L1_ROOT_CHANNEL_INPUT_LO' (cora_graphsage_hls_test_bundle/build/cora_hls_bundle/hls/po2_qat_root_dynamic_const_weights_partitioned_h32/graphsage_po2_qat_partitioned.h:49:13) in function 'l1_root_channel<false, 1, true>' completely with a factor of 8 (cora_graphsage_hls_test_bundle/build/cora_hls_bundle/hls/po2_qat_root_dynamic_const_weights_partitioned_h32/graphsage_po2_qat_partitioned.h:39:0)
INFO: [HLS 214-186] Unrolling loop 'L1_ROOT_CHANNEL_NODE' (cora_graphsage_hls_test_bundle/build/cora_hls_bundle/hls/po2_qat_root_dynamic_const_weights_partitioned_h32/graphsage_po2_qat_partitioned.h:42:5) in function 'l1_root_channel<false, 0, true>' completely with a factor of 8 (cora_graphsage_hls_test_bundle/build/cora_hls_bundle/hls/po2_qat_root_dynamic_const_weights_partitioned_h32/graphsage_po2_qat_partitioned.h:39:0)
INFO: [HLS 214-186] Unrolling loop 'L1_ROOT_CHANNEL_INPUT_HI' (cora_graphsage_hls_test_bundle/build/cora_hls_bundle/hls/po2_qat_root_dynamic_const_weights_partitioned_h32/graphsage_po2_qat_partitioned.h:70:13) in function 'l1_root_channel<false, 0, true>' completely with a factor of 8 (cora_graphsage_hls_test_bundle/build/cora_hls_bundle/hls/po2_qat_root_dynamic_const_weights_partitioned_h32/graphsage_po2_qat_partitioned.h:39:0)
INFO: [HLS 214-186] Unrolling loop 'L1_ROOT_CHANNEL_INPUT_LO' (cora_graphsage_hls_test_bundle/build/cora_hls_bundle/hls/po2_qat_root_dynamic_const_weights_partitioned_h32/graphsage_po2_qat_partitioned.h:49:13) in function 'l1_root_channel<false, 0, true>' completely with a factor of 8 (cora_graphsage_hls_test_bundle/build/cora_hls_bundle/hls/po2_qat_root_dynamic_const_weights_partitioned_h32/graphsage_po2_qat_partitioned.h:39:0)
INFO: [HLS 214-248] Applying array_partition to 'aggregate1': Complete partitioning on dimension 1. Complete partitioning on dimension 2. (hls/cora_graphsage_hls_test_bundle/build/cora_hls_bundle/hls/po2_qat_root_dynamic_const_weights_partitioned_h32/graphsage_po2_qat_partitioned.cpp:25:12)
INFO: [HLS 214-248] Applying array_partition to 'hidden': Complete partitioning on dimension 1. Complete partitioning on dimension 2. (hls/cora_graphsage_hls_test_bundle/build/cora_hls_bundle/hls/po2_qat_root_dynamic_const_weights_partitioned_h32/graphsage_po2_qat_partitioned.cpp:26:12)
INFO: [HLS 214-248] Applying array_partition to 'aggregate2': Complete partitioning on dimension 1. Complete partitioning on dimension 2. (hls/cora_graphsage_hls_test_bundle/build/cora_hls_bundle/hls/po2_qat_root_dynamic_const_weights_partitioned_h32/graphsage_po2_qat_partitioned.cpp:27:12)
INFO: [HLS 214-248] Applying array_partition to 'root_output1': Complete partitioning on dimension 1. Complete partitioning on dimension 2. (hls/cora_graphsage_hls_test_bundle/build/cora_hls_bundle/hls/po2_qat_root_dynamic_const_weights_partitioned_h32/graphsage_po2_qat_partitioned.cpp:28:12)
INFO: [HLS 214-248] Applying array_partition to 'neighbor_output1': Complete partitioning on dimension 1. Complete partitioning on dimension 2. (hls/cora_graphsage_hls_test_bundle/build/cora_hls_bundle/hls/po2_qat_root_dynamic_const_weights_partitioned_h32/graphsage_po2_qat_partitioned.cpp:29:12)
INFO: [HLS 214-248] Applying array_partition to 'root_output': Complete partitioning on dimension 1. Complete partitioning on dimension 2. (hls/cora_graphsage_hls_test_bundle/build/cora_hls_bundle/hls/po2_qat_root_dynamic_const_weights_partitioned_h32/graphsage_po2_qat_partitioned.cpp:30:12)
INFO: [HLS 214-248] Applying array_partition to 'neighbor_output': Complete partitioning on dimension 1. Complete partitioning on dimension 2. (hls/cora_graphsage_hls_test_bundle/build/cora_hls_bundle/hls/po2_qat_root_dynamic_const_weights_partitioned_h32/graphsage_po2_qat_partitioned.cpp:31:12)
INFO: [HLS 214-248] Applying array_partition to 'input': Complete partitioning on dimension 1. Complete partitioning on dimension 2. (hls/cora_graphsage_hls_test_bundle/build/cora_hls_bundle/hls/po2_qat_root_dynamic_const_weights_partitioned_h32/graphsage_po2_qat_partitioned.cpp:7:0)
INFO: [HLS 214-248] Applying array_partition to 'edge_masks': Complete partitioning on dimension 1. (hls/cora_graphsage_hls_test_bundle/build/cora_hls_bundle/hls/po2_qat_root_dynamic_const_weights_partitioned_h32/graphsage_po2_qat_partitioned.cpp:7:0)
INFO: [HLS 214-248] Applying array_partition to 'output': Complete partitioning on dimension 1. Complete partitioning on dimension 2. (hls/cora_graphsage_hls_test_bundle/build/cora_hls_bundle/hls/po2_qat_root_dynamic_const_weights_partitioned_h32/graphsage_po2_qat_partitioned.cpp:7:0)
INFO: [HLS 214-241] Aggregating scalar variable 'output_7_6' with compact=bit mode in 8-bits (hls/cora_graphsage_hls_test_bundle/build/cora_hls_bundle/hls/po2_qat_root_dynamic_const_weights_partitioned_h32/graphsage_po2_qat_partitioned.cpp:7:0)
INFO: [HLS 214-241] Aggregating scalar variable 'output_7_5' with compact=bit mode in 8-bits (hls/cora_graphsage_hls_test_bundle/build/cora_hls_bundle/hls/po2_qat_root_dynamic_const_weights_partitioned_h32/graphsage_po2_qat_partitioned.cpp:7:0)
INFO: [HLS 214-241] Aggregating scalar variable 'output_7_4' with compact=bit mode in 8-bits (hls/cora_graphsage_hls_test_bundle/build/cora_hls_bundle/hls/po2_qat_root_dynamic_const_weights_partitioned_h32/graphsage_po2_qat_partitioned.cpp:7:0)
INFO: [HLS 214-241] Aggregating scalar variable 'output_7_3' with compact=bit mode in 8-bits (hls/cora_graphsage_hls_test_bundle/build/cora_hls_bundle/hls/po2_qat_root_dynamic_const_weights_partitioned_h32/graphsage_po2_qat_partitioned.cpp:7:0)
INFO: [HLS 214-241] Aggregating scalar variable 'output_7_2' with compact=bit mode in 8-bits (hls/cora_graphsage_hls_test_bundle/build/cora_hls_bundle/hls/po2_qat_root_dynamic_const_weights_partitioned_h32/graphsage_po2_qat_partitioned.cpp:7:0)
INFO: [HLS 214-241] Aggregating scalar variable 'output_7_1' with compact=bit mode in 8-bits (hls/cora_graphsage_hls_test_bundle/build/cora_hls_bundle/hls/po2_qat_root_dynamic_const_weights_partitioned_h32/graphsage_po2_qat_partitioned.cpp:7:0)
INFO: [HLS 214-241] Aggregating scalar variable 'output_7_0' with compact=bit mode in 8-bits (hls/cora_graphsage_hls_test_bundle/build/cora_hls_bundle/hls/po2_qat_root_dynamic_const_weights_partitioned_h32/graphsage_po2_qat_partitioned.cpp:7:0)
INFO: [HLS 214-241] Aggregating scalar variable 'output_6_6' with compact=bit mode in 8-bits (hls/cora_graphsage_hls_test_bundle/build/cora_hls_bundle/hls/po2_qat_root_dynamic_const_weights_partitioned_h32/graphsage_po2_qat_partitioned.cpp:7:0)
INFO: [HLS 214-241] Aggregating scalar variable 'output_6_5' with compact=bit mode in 8-bits (hls/cora_graphsage_hls_test_bundle/build/cora_hls_bundle/hls/po2_qat_root_dynamic_const_weights_partitioned_h32/graphsage_po2_qat_partitioned.cpp:7:0)
INFO: [HLS 214-241] Aggregating scalar variable 'output_6_4' with compact=bit mode in 8-bits (hls/cora_graphsage_hls_test_bundle/build/cora_hls_bundle/hls/po2_qat_root_dynamic_const_weights_partitioned_h32/graphsage_po2_qat_partitioned.cpp:7:0)
INFO: [HLS 214-241] Aggregating scalar variable 'output_6_3' with compact=bit mode in 8-bits (hls/cora_graphsage_hls_test_bundle/build/cora_hls_bundle/hls/po2_qat_root_dynamic_const_weights_partitioned_h32/graphsage_po2_qat_partitioned.cpp:7:0)
INFO: [HLS 214-241] Aggregating scalar variable 'output_6_2' with compact=bit mode in 8-bits (hls/cora_graphsage_hls_test_bundle/build/cora_hls_bundle/hls/po2_qat_root_dynamic_const_weights_partitioned_h32/graphsage_po2_qat_partitioned.cpp:7:0)
INFO: [HLS 214-241] Aggregating scalar variable 'output_6_1' with compact=bit mode in 8-bits (hls/cora_graphsage_hls_test_bundle/build/cora_hls_bundle/hls/po2_qat_root_dynamic_const_weights_partitioned_h32/graphsage_po2_qat_partitioned.cpp:7:0)
INFO: [HLS 214-241] Aggregating scalar variable 'output_6_0' with compact=bit mode in 8-bits (hls/cora_graphsage_hls_test_bundle/build/cora_hls_bundle/hls/po2_qat_root_dynamic_const_weights_partitioned_h32/graphsage_po2_qat_partitioned.cpp:7:0)
INFO: [HLS 214-241] Aggregating scalar variable 'output_5_6' with compact=bit mode in 8-bits (hls/cora_graphsage_hls_test_bundle/build/cora_hls_bundle/hls/po2_qat_root_dynamic_const_weights_partitioned_h32/graphsage_po2_qat_partitioned.cpp:7:0)
INFO: [HLS 214-241] Aggregating scalar variable 'output_5_5' with compact=bit mode in 8-bits (hls/cora_graphsage_hls_test_bundle/build/cora_hls_bundle/hls/po2_qat_root_dynamic_const_weights_partitioned_h32/graphsage_po2_qat_partitioned.cpp:7:0)
INFO: [HLS 214-241] Aggregating scalar variable 'output_5_4' with compact=bit mode in 8-bits (hls/cora_graphsage_hls_test_bundle/build/cora_hls_bundle/hls/po2_qat_root_dynamic_const_weights_partitioned_h32/graphsage_po2_qat_partitioned.cpp:7:0)
INFO: [HLS 214-241] Aggregating scalar variable 'output_5_3' with compact=bit mode in 8-bits (hls/cora_graphsage_hls_test_bundle/build/cora_hls_bundle/hls/po2_qat_root_dynamic_const_weights_partitioned_h32/graphsage_po2_qat_partitioned.cpp:7:0)
INFO: [HLS 214-241] Aggregating scalar variable 'output_5_2' with compact=bit mode in 8-bits (hls/cora_graphsage_hls_test_bundle/build/cora_hls_bundle/hls/po2_qat_root_dynamic_const_weights_partitioned_h32/graphsage_po2_qat_partitioned.cpp:7:0)
INFO: [HLS 214-241] Aggregating scalar variable 'output_5_1' with compact=bit mode in 8-bits (hls/cora_graphsage_hls_test_bundle/build/cora_hls_bundle/hls/po2_qat_root_dynamic_const_weights_partitioned_h32/graphsage_po2_qat_partitioned.cpp:7:0)
INFO: [HLS 214-241] Aggregating scalar variable 'output_5_0' with compact=bit mode in 8-bits (hls/cora_graphsage_hls_test_bundle/build/cora_hls_bundle/hls/po2_qat_root_dynamic_const_weights_partitioned_h32/graphsage_po2_qat_partitioned.cpp:7:0)
INFO: [HLS 214-241] Aggregating scalar variable 'output_4_6' with compact=bit mode in 8-bits (hls/cora_graphsage_hls_test_bundle/build/cora_hls_bundle/hls/po2_qat_root_dynamic_const_weights_partitioned_h32/graphsage_po2_qat_partitioned.cpp:7:0)
INFO: [HLS 214-241] Aggregating scalar variable 'output_4_5' with compact=bit mode in 8-bits (hls/cora_graphsage_hls_test_bundle/build/cora_hls_bundle/hls/po2_qat_root_dynamic_const_weights_partitioned_h32/graphsage_po2_qat_partitioned.cpp:7:0)
INFO: [HLS 214-241] Aggregating scalar variable 'output_4_4' with compact=bit mode in 8-bits (hls/cora_graphsage_hls_test_bundle/build/cora_hls_bundle/hls/po2_qat_root_dynamic_const_weights_partitioned_h32/graphsage_po2_qat_partitioned.cpp:7:0)
INFO: [HLS 214-241] Aggregating scalar variable 'output_4_3' with compact=bit mode in 8-bits (hls/cora_graphsage_hls_test_bundle/build/cora_hls_bundle/hls/po2_qat_root_dynamic_const_weights_partitioned_h32/graphsage_po2_qat_partitioned.cpp:7:0)
INFO: [HLS 214-241] Aggregating scalar variable 'output_4_2' with compact=bit mode in 8-bits (hls/cora_graphsage_hls_test_bundle/build/cora_hls_bundle/hls/po2_qat_root_dynamic_const_weights_partitioned_h32/graphsage_po2_qat_partitioned.cpp:7:0)
INFO: [HLS 214-241] Aggregating scalar variable 'output_4_1' with compact=bit mode in 8-bits (hls/cora_graphsage_hls_test_bundle/build/cora_hls_bundle/hls/po2_qat_root_dynamic_const_weights_partitioned_h32/graphsage_po2_qat_partitioned.cpp:7:0)
INFO: [HLS 214-241] Aggregating scalar variable 'output_4_0' with compact=bit mode in 8-bits (hls/cora_graphsage_hls_test_bundle/build/cora_hls_bundle/hls/po2_qat_root_dynamic_const_weights_partitioned_h32/graphsage_po2_qat_partitioned.cpp:7:0)
INFO: [HLS 214-241] Aggregating scalar variable 'output_3_6' with compact=bit mode in 8-bits (hls/cora_graphsage_hls_test_bundle/build/cora_hls_bundle/hls/po2_qat_root_dynamic_const_weights_partitioned_h32/graphsage_po2_qat_partitioned.cpp:7:0)
INFO: [HLS 214-241] Aggregating scalar variable 'output_3_5' with compact=bit mode in 8-bits (hls/cora_graphsage_hls_test_bundle/build/cora_hls_bundle/hls/po2_qat_root_dynamic_const_weights_partitioned_h32/graphsage_po2_qat_partitioned.cpp:7:0)
INFO: [HLS 214-241] Aggregating scalar variable 'output_3_4' with compact=bit mode in 8-bits (hls/cora_graphsage_hls_test_bundle/build/cora_hls_bundle/hls/po2_qat_root_dynamic_const_weights_partitioned_h32/graphsage_po2_qat_partitioned.cpp:7:0)
INFO: [HLS 214-241] Aggregating scalar variable 'output_3_3' with compact=bit mode in 8-bits (hls/cora_graphsage_hls_test_bundle/build/cora_hls_bundle/hls/po2_qat_root_dynamic_const_weights_partitioned_h32/graphsage_po2_qat_partitioned.cpp:7:0)
INFO: [HLS 214-241] Aggregating scalar variable 'output_3_2' with compact=bit mode in 8-bits (hls/cora_graphsage_hls_test_bundle/build/cora_hls_bundle/hls/po2_qat_root_dynamic_const_weights_partitioned_h32/graphsage_po2_qat_partitioned.cpp:7:0)
INFO: [HLS 214-241] Aggregating scalar variable 'output_3_1' with compact=bit mode in 8-bits (hls/cora_graphsage_hls_test_bundle/build/cora_hls_bundle/hls/po2_qat_root_dynamic_const_weights_partitioned_h32/graphsage_po2_qat_partitioned.cpp:7:0)
INFO: [HLS 214-241] Aggregating scalar variable 'output_3_0' with compact=bit mode in 8-bits (hls/cora_graphsage_hls_test_bundle/build/cora_hls_bundle/hls/po2_qat_root_dynamic_const_weights_partitioned_h32/graphsage_po2_qat_partitioned.cpp:7:0)
INFO: [HLS 214-241] Aggregating scalar variable 'output_2_6' with compact=bit mode in 8-bits (hls/cora_graphsage_hls_test_bundle/build/cora_hls_bundle/hls/po2_qat_root_dynamic_const_weights_partitioned_h32/graphsage_po2_qat_partitioned.cpp:7:0)
INFO: [HLS 214-241] Aggregating scalar variable 'output_2_5' with compact=bit mode in 8-bits (hls/cora_graphsage_hls_test_bundle/build/cora_hls_bundle/hls/po2_qat_root_dynamic_const_weights_partitioned_h32/graphsage_po2_qat_partitioned.cpp:7:0)
INFO: [HLS 214-241] Aggregating scalar variable 'output_2_4' with compact=bit mode in 8-bits (hls/cora_graphsage_hls_test_bundle/build/cora_hls_bundle/hls/po2_qat_root_dynamic_const_weights_partitioned_h32/graphsage_po2_qat_partitioned.cpp:7:0)
INFO: [HLS 214-241] Aggregating scalar variable 'output_2_3' with compact=bit mode in 8-bits (hls/cora_graphsage_hls_test_bundle/build/cora_hls_bundle/hls/po2_qat_root_dynamic_const_weights_partitioned_h32/graphsage_po2_qat_partitioned.cpp:7:0)
INFO: [HLS 214-241] Aggregating scalar variable 'output_2_2' with compact=bit mode in 8-bits (hls/cora_graphsage_hls_test_bundle/build/cora_hls_bundle/hls/po2_qat_root_dynamic_const_weights_partitioned_h32/graphsage_po2_qat_partitioned.cpp:7:0)
INFO: [HLS 214-241] Aggregating scalar variable 'output_2_1' with compact=bit mode in 8-bits (hls/cora_graphsage_hls_test_bundle/build/cora_hls_bundle/hls/po2_qat_root_dynamic_const_weights_partitioned_h32/graphsage_po2_qat_partitioned.cpp:7:0)
INFO: [HLS 214-241] Aggregating scalar variable 'output_2_0' with compact=bit mode in 8-bits (hls/cora_graphsage_hls_test_bundle/build/cora_hls_bundle/hls/po2_qat_root_dynamic_const_weights_partitioned_h32/graphsage_po2_qat_partitioned.cpp:7:0)
INFO: [HLS 214-241] Aggregating scalar variable 'output_1_6' with compact=bit mode in 8-bits (hls/cora_graphsage_hls_test_bundle/build/cora_hls_bundle/hls/po2_qat_root_dynamic_const_weights_partitioned_h32/graphsage_po2_qat_partitioned.cpp:7:0)
INFO: [HLS 214-241] Aggregating scalar variable 'output_1_5' with compact=bit mode in 8-bits (hls/cora_graphsage_hls_test_bundle/build/cora_hls_bundle/hls/po2_qat_root_dynamic_const_weights_partitioned_h32/graphsage_po2_qat_partitioned.cpp:7:0)
INFO: [HLS 214-241] Aggregating scalar variable 'output_1_4' with compact=bit mode in 8-bits (hls/cora_graphsage_hls_test_bundle/build/cora_hls_bundle/hls/po2_qat_root_dynamic_const_weights_partitioned_h32/graphsage_po2_qat_partitioned.cpp:7:0)
INFO: [HLS 214-241] Aggregating scalar variable 'output_1_3' with compact=bit mode in 8-bits (hls/cora_graphsage_hls_test_bundle/build/cora_hls_bundle/hls/po2_qat_root_dynamic_const_weights_partitioned_h32/graphsage_po2_qat_partitioned.cpp:7:0)
INFO: [HLS 214-241] Aggregating scalar variable 'output_1_2' with compact=bit mode in 8-bits (hls/cora_graphsage_hls_test_bundle/build/cora_hls_bundle/hls/po2_qat_root_dynamic_const_weights_partitioned_h32/graphsage_po2_qat_partitioned.cpp:7:0)
INFO: [HLS 214-241] Aggregating scalar variable 'output_1_1' with compact=bit mode in 8-bits (hls/cora_graphsage_hls_test_bundle/build/cora_hls_bundle/hls/po2_qat_root_dynamic_const_weights_partitioned_h32/graphsage_po2_qat_partitioned.cpp:7:0)
INFO: [HLS 214-241] Aggregating scalar variable 'output_1_0' with compact=bit mode in 8-bits (hls/cora_graphsage_hls_test_bundle/build/cora_hls_bundle/hls/po2_qat_root_dynamic_const_weights_partitioned_h32/graphsage_po2_qat_partitioned.cpp:7:0)
INFO: [HLS 214-241] Aggregating scalar variable 'output_0_6' with compact=bit mode in 8-bits (hls/cora_graphsage_hls_test_bundle/build/cora_hls_bundle/hls/po2_qat_root_dynamic_const_weights_partitioned_h32/graphsage_po2_qat_partitioned.cpp:7:0)
INFO: [HLS 214-241] Aggregating scalar variable 'output_0_5' with compact=bit mode in 8-bits (hls/cora_graphsage_hls_test_bundle/build/cora_hls_bundle/hls/po2_qat_root_dynamic_const_weights_partitioned_h32/graphsage_po2_qat_partitioned.cpp:7:0)
INFO: [HLS 214-241] Aggregating scalar variable 'output_0_4' with compact=bit mode in 8-bits (hls/cora_graphsage_hls_test_bundle/build/cora_hls_bundle/hls/po2_qat_root_dynamic_const_weights_partitioned_h32/graphsage_po2_qat_partitioned.cpp:7:0)
INFO: [HLS 214-241] Aggregating scalar variable 'output_0_3' with compact=bit mode in 8-bits (hls/cora_graphsage_hls_test_bundle/build/cora_hls_bundle/hls/po2_qat_root_dynamic_const_weights_partitioned_h32/graphsage_po2_qat_partitioned.cpp:7:0)
INFO: [HLS 214-241] Aggregating scalar variable 'output_0_2' with compact=bit mode in 8-bits (hls/cora_graphsage_hls_test_bundle/build/cora_hls_bundle/hls/po2_qat_root_dynamic_const_weights_partitioned_h32/graphsage_po2_qat_partitioned.cpp:7:0)
INFO: [HLS 214-241] Aggregating scalar variable 'output_0_1' with compact=bit mode in 8-bits (hls/cora_graphsage_hls_test_bundle/build/cora_hls_bundle/hls/po2_qat_root_dynamic_const_weights_partitioned_h32/graphsage_po2_qat_partitioned.cpp:7:0)
INFO: [HLS 214-241] Aggregating scalar variable 'output_0_0' with compact=bit mode in 8-bits (hls/cora_graphsage_hls_test_bundle/build/cora_hls_bundle/hls/po2_qat_root_dynamic_const_weights_partitioned_h32/graphsage_po2_qat_partitioned.cpp:7:0)
INFO: [HLS 214-241] Aggregating scalar variable 'input_7_15' with compact=bit mode in 8-bits (hls/cora_graphsage_hls_test_bundle/build/cora_hls_bundle/hls/po2_qat_root_dynamic_const_weights_partitioned_h32/graphsage_po2_qat_partitioned.cpp:7:0)
INFO: [HLS 214-241] Aggregating scalar variable 'input_7_14' with compact=bit mode in 8-bits (hls/cora_graphsage_hls_test_bundle/build/cora_hls_bundle/hls/po2_qat_root_dynamic_const_weights_partitioned_h32/graphsage_po2_qat_partitioned.cpp:7:0)
INFO: [HLS 214-241] Aggregating scalar variable 'input_7_13' with compact=bit mode in 8-bits (hls/cora_graphsage_hls_test_bundle/build/cora_hls_bundle/hls/po2_qat_root_dynamic_const_weights_partitioned_h32/graphsage_po2_qat_partitioned.cpp:7:0)
INFO: [HLS 214-241] Aggregating scalar variable 'input_7_12' with compact=bit mode in 8-bits (hls/cora_graphsage_hls_test_bundle/build/cora_hls_bundle/hls/po2_qat_root_dynamic_const_weights_partitioned_h32/graphsage_po2_qat_partitioned.cpp:7:0)
INFO: [HLS 214-241] Aggregating scalar variable 'input_7_11' with compact=bit mode in 8-bits (hls/cora_graphsage_hls_test_bundle/build/cora_hls_bundle/hls/po2_qat_root_dynamic_const_weights_partitioned_h32/graphsage_po2_qat_partitioned.cpp:7:0)
INFO: [HLS 214-241] Aggregating scalar variable 'input_7_10' with compact=bit mode in 8-bits (hls/cora_graphsage_hls_test_bundle/build/cora_hls_bundle/hls/po2_qat_root_dynamic_const_weights_partitioned_h32/graphsage_po2_qat_partitioned.cpp:7:0)
INFO: [HLS 214-241] Aggregating scalar variable 'input_7_9' with compact=bit mode in 8-bits (hls/cora_graphsage_hls_test_bundle/build/cora_hls_bundle/hls/po2_qat_root_dynamic_const_weights_partitioned_h32/graphsage_po2_qat_partitioned.cpp:7:0)
INFO: [HLS 214-241] Aggregating scalar variable 'input_7_8' with compact=bit mode in 8-bits (hls/cora_graphsage_hls_test_bundle/build/cora_hls_bundle/hls/po2_qat_root_dynamic_const_weights_partitioned_h32/graphsage_po2_qat_partitioned.cpp:7:0)
INFO: [HLS 214-241] Aggregating scalar variable 'input_7_7' with compact=bit mode in 8-bits (hls/cora_graphsage_hls_test_bundle/build/cora_hls_bundle/hls/po2_qat_root_dynamic_const_weights_partitioned_h32/graphsage_po2_qat_partitioned.cpp:7:0)
INFO: [HLS 214-241] Aggregating scalar variable 'input_7_6' with compact=bit mode in 8-bits (hls/cora_graphsage_hls_test_bundle/build/cora_hls_bundle/hls/po2_qat_root_dynamic_const_weights_partitioned_h32/graphsage_po2_qat_partitioned.cpp:7:0)
INFO: [HLS 214-241] Aggregating scalar variable 'input_7_5' with compact=bit mode in 8-bits (hls/cora_graphsage_hls_test_bundle/build/cora_hls_bundle/hls/po2_qat_root_dynamic_const_weights_partitioned_h32/graphsage_po2_qat_partitioned.cpp:7:0)
INFO: [HLS 214-241] Aggregating scalar variable 'input_7_4' with compact=bit mode in 8-bits (hls/cora_graphsage_hls_test_bundle/build/cora_hls_bundle/hls/po2_qat_root_dynamic_const_weights_partitioned_h32/graphsage_po2_qat_partitioned.cpp:7:0)
INFO: [HLS 214-241] Aggregating scalar variable 'input_7_3' with compact=bit mode in 8-bits (hls/cora_graphsage_hls_test_bundle/build/cora_hls_bundle/hls/po2_qat_root_dynamic_const_weights_partitioned_h32/graphsage_po2_qat_partitioned.cpp:7:0)
INFO: [HLS 214-241] Aggregating scalar variable 'input_7_2' with compact=bit mode in 8-bits (hls/cora_graphsage_hls_test_bundle/build/cora_hls_bundle/hls/po2_qat_root_dynamic_const_weights_partitioned_h32/graphsage_po2_qat_partitioned.cpp:7:0)
INFO: [HLS 214-241] Aggregating scalar variable 'input_7_1' with compact=bit mode in 8-bits (hls/cora_graphsage_hls_test_bundle/build/cora_hls_bundle/hls/po2_qat_root_dynamic_const_weights_partitioned_h32/graphsage_po2_qat_partitioned.cpp:7:0)
INFO: [HLS 214-241] Aggregating scalar variable 'input_7_0' with compact=bit mode in 8-bits (hls/cora_graphsage_hls_test_bundle/build/cora_hls_bundle/hls/po2_qat_root_dynamic_const_weights_partitioned_h32/graphsage_po2_qat_partitioned.cpp:7:0)
INFO: [HLS 214-241] Aggregating scalar variable 'input_6_15' with compact=bit mode in 8-bits (hls/cora_graphsage_hls_test_bundle/build/cora_hls_bundle/hls/po2_qat_root_dynamic_const_weights_partitioned_h32/graphsage_po2_qat_partitioned.cpp:7:0)
INFO: [HLS 214-241] Aggregating scalar variable 'input_6_14' with compact=bit mode in 8-bits (hls/cora_graphsage_hls_test_bundle/build/cora_hls_bundle/hls/po2_qat_root_dynamic_const_weights_partitioned_h32/graphsage_po2_qat_partitioned.cpp:7:0)
INFO: [HLS 214-241] Aggregating scalar variable 'input_6_13' with compact=bit mode in 8-bits (hls/cora_graphsage_hls_test_bundle/build/cora_hls_bundle/hls/po2_qat_root_dynamic_const_weights_partitioned_h32/graphsage_po2_qat_partitioned.cpp:7:0)
INFO: [HLS 214-241] Aggregating scalar variable 'input_6_12' with compact=bit mode in 8-bits (hls/cora_graphsage_hls_test_bundle/build/cora_hls_bundle/hls/po2_qat_root_dynamic_const_weights_partitioned_h32/graphsage_po2_qat_partitioned.cpp:7:0)
INFO: [HLS 214-241] Aggregating scalar variable 'input_6_11' with compact=bit mode in 8-bits (hls/cora_graphsage_hls_test_bundle/build/cora_hls_bundle/hls/po2_qat_root_dynamic_const_weights_partitioned_h32/graphsage_po2_qat_partitioned.cpp:7:0)
INFO: [HLS 214-241] Aggregating scalar variable 'input_6_10' with compact=bit mode in 8-bits (hls/cora_graphsage_hls_test_bundle/build/cora_hls_bundle/hls/po2_qat_root_dynamic_const_weights_partitioned_h32/graphsage_po2_qat_partitioned.cpp:7:0)
INFO: [HLS 214-241] Aggregating scalar variable 'input_6_9' with compact=bit mode in 8-bits (hls/cora_graphsage_hls_test_bundle/build/cora_hls_bundle/hls/po2_qat_root_dynamic_const_weights_partitioned_h32/graphsage_po2_qat_partitioned.cpp:7:0)
INFO: [HLS 214-241] Aggregating scalar variable 'input_6_8' with compact=bit mode in 8-bits (hls/cora_graphsage_hls_test_bundle/build/cora_hls_bundle/hls/po2_qat_root_dynamic_const_weights_partitioned_h32/graphsage_po2_qat_partitioned.cpp:7:0)
INFO: [HLS 214-241] Aggregating scalar variable 'input_6_7' with compact=bit mode in 8-bits (hls/cora_graphsage_hls_test_bundle/build/cora_hls_bundle/hls/po2_qat_root_dynamic_const_weights_partitioned_h32/graphsage_po2_qat_partitioned.cpp:7:0)
INFO: [HLS 214-241] Aggregating scalar variable 'input_6_6' with compact=bit mode in 8-bits (hls/cora_graphsage_hls_test_bundle/build/cora_hls_bundle/hls/po2_qat_root_dynamic_const_weights_partitioned_h32/graphsage_po2_qat_partitioned.cpp:7:0)
INFO: [HLS 214-241] Aggregating scalar variable 'input_6_5' with compact=bit mode in 8-bits (hls/cora_graphsage_hls_test_bundle/build/cora_hls_bundle/hls/po2_qat_root_dynamic_const_weights_partitioned_h32/graphsage_po2_qat_partitioned.cpp:7:0)
INFO: [HLS 214-241] Aggregating scalar variable 'input_6_4' with compact=bit mode in 8-bits (hls/cora_graphsage_hls_test_bundle/build/cora_hls_bundle/hls/po2_qat_root_dynamic_const_weights_partitioned_h32/graphsage_po2_qat_partitioned.cpp:7:0)
INFO: [HLS 214-241] Aggregating scalar variable 'input_6_3' with compact=bit mode in 8-bits (hls/cora_graphsage_hls_test_bundle/build/cora_hls_bundle/hls/po2_qat_root_dynamic_const_weights_partitioned_h32/graphsage_po2_qat_partitioned.cpp:7:0)
INFO: [HLS 214-241] Aggregating scalar variable 'input_6_2' with compact=bit mode in 8-bits (hls/cora_graphsage_hls_test_bundle/build/cora_hls_bundle/hls/po2_qat_root_dynamic_const_weights_partitioned_h32/graphsage_po2_qat_partitioned.cpp:7:0)
INFO: [HLS 214-241] Aggregating scalar variable 'input_6_1' with compact=bit mode in 8-bits (hls/cora_graphsage_hls_test_bundle/build/cora_hls_bundle/hls/po2_qat_root_dynamic_const_weights_partitioned_h32/graphsage_po2_qat_partitioned.cpp:7:0)
INFO: [HLS 214-241] Aggregating scalar variable 'input_6_0' with compact=bit mode in 8-bits (hls/cora_graphsage_hls_test_bundle/build/cora_hls_bundle/hls/po2_qat_root_dynamic_const_weights_partitioned_h32/graphsage_po2_qat_partitioned.cpp:7:0)
INFO: [HLS 214-241] Aggregating scalar variable 'input_5_15' with compact=bit mode in 8-bits (hls/cora_graphsage_hls_test_bundle/build/cora_hls_bundle/hls/po2_qat_root_dynamic_const_weights_partitioned_h32/graphsage_po2_qat_partitioned.cpp:7:0)
INFO: [HLS 214-241] Aggregating scalar variable 'input_5_14' with compact=bit mode in 8-bits (hls/cora_graphsage_hls_test_bundle/build/cora_hls_bundle/hls/po2_qat_root_dynamic_const_weights_partitioned_h32/graphsage_po2_qat_partitioned.cpp:7:0)
INFO: [HLS 214-241] Aggregating scalar variable 'input_5_13' with compact=bit mode in 8-bits (hls/cora_graphsage_hls_test_bundle/build/cora_hls_bundle/hls/po2_qat_root_dynamic_const_weights_partitioned_h32/graphsage_po2_qat_partitioned.cpp:7:0)
INFO: [HLS 214-241] Aggregating scalar variable 'input_5_12' with compact=bit mode in 8-bits (hls/cora_graphsage_hls_test_bundle/build/cora_hls_bundle/hls/po2_qat_root_dynamic_const_weights_partitioned_h32/graphsage_po2_qat_partitioned.cpp:7:0)
INFO: [HLS 214-241] Aggregating scalar variable 'input_5_11' with compact=bit mode in 8-bits (hls/cora_graphsage_hls_test_bundle/build/cora_hls_bundle/hls/po2_qat_root_dynamic_const_weights_partitioned_h32/graphsage_po2_qat_partitioned.cpp:7:0)
INFO: [HLS 214-241] Aggregating scalar variable 'input_5_10' with compact=bit mode in 8-bits (hls/cora_graphsage_hls_test_bundle/build/cora_hls_bundle/hls/po2_qat_root_dynamic_const_weights_partitioned_h32/graphsage_po2_qat_partitioned.cpp:7:0)
INFO: [HLS 214-241] Aggregating scalar variable 'input_5_9' with compact=bit mode in 8-bits (hls/cora_graphsage_hls_test_bundle/build/cora_hls_bundle/hls/po2_qat_root_dynamic_const_weights_partitioned_h32/graphsage_po2_qat_partitioned.cpp:7:0)
INFO: [HLS 214-241] Aggregating scalar variable 'input_5_8' with compact=bit mode in 8-bits (hls/cora_graphsage_hls_test_bundle/build/cora_hls_bundle/hls/po2_qat_root_dynamic_const_weights_partitioned_h32/graphsage_po2_qat_partitioned.cpp:7:0)
INFO: [HLS 214-241] Aggregating scalar variable 'input_5_7' with compact=bit mode in 8-bits (hls/cora_graphsage_hls_test_bundle/build/cora_hls_bundle/hls/po2_qat_root_dynamic_const_weights_partitioned_h32/graphsage_po2_qat_partitioned.cpp:7:0)
INFO: [HLS 214-241] Aggregating scalar variable 'input_5_6' with compact=bit mode in 8-bits (hls/cora_graphsage_hls_test_bundle/build/cora_hls_bundle/hls/po2_qat_root_dynamic_const_weights_partitioned_h32/graphsage_po2_qat_partitioned.cpp:7:0)
INFO: [HLS 214-241] Aggregating scalar variable 'input_5_5' with compact=bit mode in 8-bits (hls/cora_graphsage_hls_test_bundle/build/cora_hls_bundle/hls/po2_qat_root_dynamic_const_weights_partitioned_h32/graphsage_po2_qat_partitioned.cpp:7:0)
INFO: [HLS 214-241] Aggregating scalar variable 'input_5_4' with compact=bit mode in 8-bits (hls/cora_graphsage_hls_test_bundle/build/cora_hls_bundle/hls/po2_qat_root_dynamic_const_weights_partitioned_h32/graphsage_po2_qat_partitioned.cpp:7:0)
INFO: [HLS 214-241] Aggregating scalar variable 'input_5_3' with compact=bit mode in 8-bits (hls/cora_graphsage_hls_test_bundle/build/cora_hls_bundle/hls/po2_qat_root_dynamic_const_weights_partitioned_h32/graphsage_po2_qat_partitioned.cpp:7:0)
INFO: [HLS 214-241] Aggregating scalar variable 'input_5_2' with compact=bit mode in 8-bits (hls/cora_graphsage_hls_test_bundle/build/cora_hls_bundle/hls/po2_qat_root_dynamic_const_weights_partitioned_h32/graphsage_po2_qat_partitioned.cpp:7:0)
INFO: [HLS 214-241] Aggregating scalar variable 'input_5_1' with compact=bit mode in 8-bits (hls/cora_graphsage_hls_test_bundle/build/cora_hls_bundle/hls/po2_qat_root_dynamic_const_weights_partitioned_h32/graphsage_po2_qat_partitioned.cpp:7:0)
INFO: [HLS 214-241] Aggregating scalar variable 'input_5_0' with compact=bit mode in 8-bits (hls/cora_graphsage_hls_test_bundle/build/cora_hls_bundle/hls/po2_qat_root_dynamic_const_weights_partitioned_h32/graphsage_po2_qat_partitioned.cpp:7:0)
INFO: [HLS 214-241] Aggregating scalar variable 'input_4_15' with compact=bit mode in 8-bits (hls/cora_graphsage_hls_test_bundle/build/cora_hls_bundle/hls/po2_qat_root_dynamic_const_weights_partitioned_h32/graphsage_po2_qat_partitioned.cpp:7:0)
INFO: [HLS 214-241] Aggregating scalar variable 'input_4_14' with compact=bit mode in 8-bits (hls/cora_graphsage_hls_test_bundle/build/cora_hls_bundle/hls/po2_qat_root_dynamic_const_weights_partitioned_h32/graphsage_po2_qat_partitioned.cpp:7:0)
INFO: [HLS 214-241] Aggregating scalar variable 'input_4_13' with compact=bit mode in 8-bits (hls/cora_graphsage_hls_test_bundle/build/cora_hls_bundle/hls/po2_qat_root_dynamic_const_weights_partitioned_h32/graphsage_po2_qat_partitioned.cpp:7:0)
INFO: [HLS 214-241] Aggregating scalar variable 'input_4_12' with compact=bit mode in 8-bits (hls/cora_graphsage_hls_test_bundle/build/cora_hls_bundle/hls/po2_qat_root_dynamic_const_weights_partitioned_h32/graphsage_po2_qat_partitioned.cpp:7:0)
INFO: [HLS 214-241] Aggregating scalar variable 'input_4_11' with compact=bit mode in 8-bits (hls/cora_graphsage_hls_test_bundle/build/cora_hls_bundle/hls/po2_qat_root_dynamic_const_weights_partitioned_h32/graphsage_po2_qat_partitioned.cpp:7:0)
INFO: [HLS 214-241] Aggregating scalar variable 'input_4_10' with compact=bit mode in 8-bits (hls/cora_graphsage_hls_test_bundle/build/cora_hls_bundle/hls/po2_qat_root_dynamic_const_weights_partitioned_h32/graphsage_po2_qat_partitioned.cpp:7:0)
INFO: [HLS 214-241] Aggregating scalar variable 'input_4_9' with compact=bit mode in 8-bits (hls/cora_graphsage_hls_test_bundle/build/cora_hls_bundle/hls/po2_qat_root_dynamic_const_weights_partitioned_h32/graphsage_po2_qat_partitioned.cpp:7:0)
INFO: [HLS 214-241] Aggregating scalar variable 'input_4_8' with compact=bit mode in 8-bits (hls/cora_graphsage_hls_test_bundle/build/cora_hls_bundle/hls/po2_qat_root_dynamic_const_weights_partitioned_h32/graphsage_po2_qat_partitioned.cpp:7:0)
INFO: [HLS 214-241] Aggregating scalar variable 'input_4_7' with compact=bit mode in 8-bits (hls/cora_graphsage_hls_test_bundle/build/cora_hls_bundle/hls/po2_qat_root_dynamic_const_weights_partitioned_h32/graphsage_po2_qat_partitioned.cpp:7:0)
INFO: [HLS 214-241] Aggregating scalar variable 'input_4_6' with compact=bit mode in 8-bits (hls/cora_graphsage_hls_test_bundle/build/cora_hls_bundle/hls/po2_qat_root_dynamic_const_weights_partitioned_h32/graphsage_po2_qat_partitioned.cpp:7:0)
INFO: [HLS 214-241] Aggregating scalar variable 'input_4_5' with compact=bit mode in 8-bits (hls/cora_graphsage_hls_test_bundle/build/cora_hls_bundle/hls/po2_qat_root_dynamic_const_weights_partitioned_h32/graphsage_po2_qat_partitioned.cpp:7:0)
INFO: [HLS 214-241] Aggregating scalar variable 'input_4_4' with compact=bit mode in 8-bits (hls/cora_graphsage_hls_test_bundle/build/cora_hls_bundle/hls/po2_qat_root_dynamic_const_weights_partitioned_h32/graphsage_po2_qat_partitioned.cpp:7:0)
INFO: [HLS 214-241] Aggregating scalar variable 'input_4_3' with compact=bit mode in 8-bits (hls/cora_graphsage_hls_test_bundle/build/cora_hls_bundle/hls/po2_qat_root_dynamic_const_weights_partitioned_h32/graphsage_po2_qat_partitioned.cpp:7:0)
INFO: [HLS 214-241] Aggregating scalar variable 'input_4_2' with compact=bit mode in 8-bits (hls/cora_graphsage_hls_test_bundle/build/cora_hls_bundle/hls/po2_qat_root_dynamic_const_weights_partitioned_h32/graphsage_po2_qat_partitioned.cpp:7:0)
INFO: [HLS 214-241] Aggregating scalar variable 'input_4_1' with compact=bit mode in 8-bits (hls/cora_graphsage_hls_test_bundle/build/cora_hls_bundle/hls/po2_qat_root_dynamic_const_weights_partitioned_h32/graphsage_po2_qat_partitioned.cpp:7:0)
INFO: [HLS 214-241] Aggregating scalar variable 'input_4_0' with compact=bit mode in 8-bits (hls/cora_graphsage_hls_test_bundle/build/cora_hls_bundle/hls/po2_qat_root_dynamic_const_weights_partitioned_h32/graphsage_po2_qat_partitioned.cpp:7:0)
INFO: [HLS 214-241] Aggregating scalar variable 'input_3_15' with compact=bit mode in 8-bits (hls/cora_graphsage_hls_test_bundle/build/cora_hls_bundle/hls/po2_qat_root_dynamic_const_weights_partitioned_h32/graphsage_po2_qat_partitioned.cpp:7:0)
INFO: [HLS 214-241] Aggregating scalar variable 'input_3_14' with compact=bit mode in 8-bits (hls/cora_graphsage_hls_test_bundle/build/cora_hls_bundle/hls/po2_qat_root_dynamic_const_weights_partitioned_h32/graphsage_po2_qat_partitioned.cpp:7:0)
INFO: [HLS 214-241] Aggregating scalar variable 'input_3_13' with compact=bit mode in 8-bits (hls/cora_graphsage_hls_test_bundle/build/cora_hls_bundle/hls/po2_qat_root_dynamic_const_weights_partitioned_h32/graphsage_po2_qat_partitioned.cpp:7:0)
INFO: [HLS 214-241] Aggregating scalar variable 'input_3_12' with compact=bit mode in 8-bits (hls/cora_graphsage_hls_test_bundle/build/cora_hls_bundle/hls/po2_qat_root_dynamic_const_weights_partitioned_h32/graphsage_po2_qat_partitioned.cpp:7:0)
INFO: [HLS 214-241] Aggregating scalar variable 'input_3_11' with compact=bit mode in 8-bits (hls/cora_graphsage_hls_test_bundle/build/cora_hls_bundle/hls/po2_qat_root_dynamic_const_weights_partitioned_h32/graphsage_po2_qat_partitioned.cpp:7:0)
INFO: [HLS 214-241] Aggregating scalar variable 'input_3_10' with compact=bit mode in 8-bits (hls/cora_graphsage_hls_test_bundle/build/cora_hls_bundle/hls/po2_qat_root_dynamic_const_weights_partitioned_h32/graphsage_po2_qat_partitioned.cpp:7:0)
INFO: [HLS 214-241] Aggregating scalar variable 'input_3_9' with compact=bit mode in 8-bits (hls/cora_graphsage_hls_test_bundle/build/cora_hls_bundle/hls/po2_qat_root_dynamic_const_weights_partitioned_h32/graphsage_po2_qat_partitioned.cpp:7:0)
INFO: [HLS 214-241] Aggregating scalar variable 'input_3_8' with compact=bit mode in 8-bits (hls/cora_graphsage_hls_test_bundle/build/cora_hls_bundle/hls/po2_qat_root_dynamic_const_weights_partitioned_h32/graphsage_po2_qat_partitioned.cpp:7:0)
INFO: [HLS 214-241] Aggregating scalar variable 'input_3_7' with compact=bit mode in 8-bits (hls/cora_graphsage_hls_test_bundle/build/cora_hls_bundle/hls/po2_qat_root_dynamic_const_weights_partitioned_h32/graphsage_po2_qat_partitioned.cpp:7:0)
INFO: [HLS 214-241] Aggregating scalar variable 'input_3_6' with compact=bit mode in 8-bits (hls/cora_graphsage_hls_test_bundle/build/cora_hls_bundle/hls/po2_qat_root_dynamic_const_weights_partitioned_h32/graphsage_po2_qat_partitioned.cpp:7:0)
INFO: [HLS 214-241] Aggregating scalar variable 'input_3_5' with compact=bit mode in 8-bits (hls/cora_graphsage_hls_test_bundle/build/cora_hls_bundle/hls/po2_qat_root_dynamic_const_weights_partitioned_h32/graphsage_po2_qat_partitioned.cpp:7:0)
INFO: [HLS 214-241] Aggregating scalar variable 'input_3_4' with compact=bit mode in 8-bits (hls/cora_graphsage_hls_test_bundle/build/cora_hls_bundle/hls/po2_qat_root_dynamic_const_weights_partitioned_h32/graphsage_po2_qat_partitioned.cpp:7:0)
INFO: [HLS 214-241] Aggregating scalar variable 'input_3_3' with compact=bit mode in 8-bits (hls/cora_graphsage_hls_test_bundle/build/cora_hls_bundle/hls/po2_qat_root_dynamic_const_weights_partitioned_h32/graphsage_po2_qat_partitioned.cpp:7:0)
INFO: [HLS 214-241] Aggregating scalar variable 'input_3_2' with compact=bit mode in 8-bits (hls/cora_graphsage_hls_test_bundle/build/cora_hls_bundle/hls/po2_qat_root_dynamic_const_weights_partitioned_h32/graphsage_po2_qat_partitioned.cpp:7:0)
INFO: [HLS 214-241] Aggregating scalar variable 'input_3_1' with compact=bit mode in 8-bits (hls/cora_graphsage_hls_test_bundle/build/cora_hls_bundle/hls/po2_qat_root_dynamic_const_weights_partitioned_h32/graphsage_po2_qat_partitioned.cpp:7:0)
INFO: [HLS 214-241] Aggregating scalar variable 'input_3_0' with compact=bit mode in 8-bits (hls/cora_graphsage_hls_test_bundle/build/cora_hls_bundle/hls/po2_qat_root_dynamic_const_weights_partitioned_h32/graphsage_po2_qat_partitioned.cpp:7:0)
INFO: [HLS 214-241] Aggregating scalar variable 'input_2_15' with compact=bit mode in 8-bits (hls/cora_graphsage_hls_test_bundle/build/cora_hls_bundle/hls/po2_qat_root_dynamic_const_weights_partitioned_h32/graphsage_po2_qat_partitioned.cpp:7:0)
INFO: [HLS 214-241] Aggregating scalar variable 'input_2_14' with compact=bit mode in 8-bits (hls/cora_graphsage_hls_test_bundle/build/cora_hls_bundle/hls/po2_qat_root_dynamic_const_weights_partitioned_h32/graphsage_po2_qat_partitioned.cpp:7:0)
INFO: [HLS 214-241] Aggregating scalar variable 'input_2_13' with compact=bit mode in 8-bits (hls/cora_graphsage_hls_test_bundle/build/cora_hls_bundle/hls/po2_qat_root_dynamic_const_weights_partitioned_h32/graphsage_po2_qat_partitioned.cpp:7:0)
INFO: [HLS 214-241] Aggregating scalar variable 'input_2_12' with compact=bit mode in 8-bits (hls/cora_graphsage_hls_test_bundle/build/cora_hls_bundle/hls/po2_qat_root_dynamic_const_weights_partitioned_h32/graphsage_po2_qat_partitioned.cpp:7:0)
INFO: [HLS 214-241] Aggregating scalar variable 'input_2_11' with compact=bit mode in 8-bits (hls/cora_graphsage_hls_test_bundle/build/cora_hls_bundle/hls/po2_qat_root_dynamic_const_weights_partitioned_h32/graphsage_po2_qat_partitioned.cpp:7:0)
INFO: [HLS 214-241] Aggregating scalar variable 'input_2_10' with compact=bit mode in 8-bits (hls/cora_graphsage_hls_test_bundle/build/cora_hls_bundle/hls/po2_qat_root_dynamic_const_weights_partitioned_h32/graphsage_po2_qat_partitioned.cpp:7:0)
INFO: [HLS 214-241] Aggregating scalar variable 'input_2_9' with compact=bit mode in 8-bits (hls/cora_graphsage_hls_test_bundle/build/cora_hls_bundle/hls/po2_qat_root_dynamic_const_weights_partitioned_h32/graphsage_po2_qat_partitioned.cpp:7:0)
INFO: [HLS 214-241] Aggregating scalar variable 'input_2_8' with compact=bit mode in 8-bits (hls/cora_graphsage_hls_test_bundle/build/cora_hls_bundle/hls/po2_qat_root_dynamic_const_weights_partitioned_h32/graphsage_po2_qat_partitioned.cpp:7:0)
INFO: [HLS 214-241] Aggregating scalar variable 'input_2_7' with compact=bit mode in 8-bits (hls/cora_graphsage_hls_test_bundle/build/cora_hls_bundle/hls/po2_qat_root_dynamic_const_weights_partitioned_h32/graphsage_po2_qat_partitioned.cpp:7:0)
INFO: [HLS 214-241] Aggregating scalar variable 'input_2_6' with compact=bit mode in 8-bits (hls/cora_graphsage_hls_test_bundle/build/cora_hls_bundle/hls/po2_qat_root_dynamic_const_weights_partitioned_h32/graphsage_po2_qat_partitioned.cpp:7:0)
INFO: [HLS 214-241] Aggregating scalar variable 'input_2_5' with compact=bit mode in 8-bits (hls/cora_graphsage_hls_test_bundle/build/cora_hls_bundle/hls/po2_qat_root_dynamic_const_weights_partitioned_h32/graphsage_po2_qat_partitioned.cpp:7:0)
INFO: [HLS 214-241] Aggregating scalar variable 'input_2_4' with compact=bit mode in 8-bits (hls/cora_graphsage_hls_test_bundle/build/cora_hls_bundle/hls/po2_qat_root_dynamic_const_weights_partitioned_h32/graphsage_po2_qat_partitioned.cpp:7:0)
INFO: [HLS 214-241] Aggregating scalar variable 'input_2_3' with compact=bit mode in 8-bits (hls/cora_graphsage_hls_test_bundle/build/cora_hls_bundle/hls/po2_qat_root_dynamic_const_weights_partitioned_h32/graphsage_po2_qat_partitioned.cpp:7:0)
INFO: [HLS 214-241] Aggregating scalar variable 'input_2_2' with compact=bit mode in 8-bits (hls/cora_graphsage_hls_test_bundle/build/cora_hls_bundle/hls/po2_qat_root_dynamic_const_weights_partitioned_h32/graphsage_po2_qat_partitioned.cpp:7:0)
INFO: [HLS 214-241] Aggregating scalar variable 'input_2_1' with compact=bit mode in 8-bits (hls/cora_graphsage_hls_test_bundle/build/cora_hls_bundle/hls/po2_qat_root_dynamic_const_weights_partitioned_h32/graphsage_po2_qat_partitioned.cpp:7:0)
INFO: [HLS 214-241] Aggregating scalar variable 'input_2_0' with compact=bit mode in 8-bits (hls/cora_graphsage_hls_test_bundle/build/cora_hls_bundle/hls/po2_qat_root_dynamic_const_weights_partitioned_h32/graphsage_po2_qat_partitioned.cpp:7:0)
INFO: [HLS 214-241] Aggregating scalar variable 'input_1_15' with compact=bit mode in 8-bits (hls/cora_graphsage_hls_test_bundle/build/cora_hls_bundle/hls/po2_qat_root_dynamic_const_weights_partitioned_h32/graphsage_po2_qat_partitioned.cpp:7:0)
INFO: [HLS 214-241] Aggregating scalar variable 'input_1_14' with compact=bit mode in 8-bits (hls/cora_graphsage_hls_test_bundle/build/cora_hls_bundle/hls/po2_qat_root_dynamic_const_weights_partitioned_h32/graphsage_po2_qat_partitioned.cpp:7:0)
INFO: [HLS 214-241] Aggregating scalar variable 'input_1_13' with compact=bit mode in 8-bits (hls/cora_graphsage_hls_test_bundle/build/cora_hls_bundle/hls/po2_qat_root_dynamic_const_weights_partitioned_h32/graphsage_po2_qat_partitioned.cpp:7:0)
INFO: [HLS 214-241] Aggregating scalar variable 'input_1_12' with compact=bit mode in 8-bits (hls/cora_graphsage_hls_test_bundle/build/cora_hls_bundle/hls/po2_qat_root_dynamic_const_weights_partitioned_h32/graphsage_po2_qat_partitioned.cpp:7:0)
INFO: [HLS 214-241] Aggregating scalar variable 'input_1_11' with compact=bit mode in 8-bits (hls/cora_graphsage_hls_test_bundle/build/cora_hls_bundle/hls/po2_qat_root_dynamic_const_weights_partitioned_h32/graphsage_po2_qat_partitioned.cpp:7:0)
INFO: [HLS 214-241] Aggregating scalar variable 'input_1_10' with compact=bit mode in 8-bits (hls/cora_graphsage_hls_test_bundle/build/cora_hls_bundle/hls/po2_qat_root_dynamic_const_weights_partitioned_h32/graphsage_po2_qat_partitioned.cpp:7:0)
INFO: [HLS 214-241] Aggregating scalar variable 'input_1_9' with compact=bit mode in 8-bits (hls/cora_graphsage_hls_test_bundle/build/cora_hls_bundle/hls/po2_qat_root_dynamic_const_weights_partitioned_h32/graphsage_po2_qat_partitioned.cpp:7:0)
INFO: [HLS 214-241] Aggregating scalar variable 'input_1_8' with compact=bit mode in 8-bits (hls/cora_graphsage_hls_test_bundle/build/cora_hls_bundle/hls/po2_qat_root_dynamic_const_weights_partitioned_h32/graphsage_po2_qat_partitioned.cpp:7:0)
INFO: [HLS 214-241] Aggregating scalar variable 'input_1_7' with compact=bit mode in 8-bits (hls/cora_graphsage_hls_test_bundle/build/cora_hls_bundle/hls/po2_qat_root_dynamic_const_weights_partitioned_h32/graphsage_po2_qat_partitioned.cpp:7:0)
INFO: [HLS 214-241] Aggregating scalar variable 'input_1_6' with compact=bit mode in 8-bits (hls/cora_graphsage_hls_test_bundle/build/cora_hls_bundle/hls/po2_qat_root_dynamic_const_weights_partitioned_h32/graphsage_po2_qat_partitioned.cpp:7:0)
INFO: [HLS 214-241] Aggregating scalar variable 'input_1_5' with compact=bit mode in 8-bits (hls/cora_graphsage_hls_test_bundle/build/cora_hls_bundle/hls/po2_qat_root_dynamic_const_weights_partitioned_h32/graphsage_po2_qat_partitioned.cpp:7:0)
INFO: [HLS 214-241] Aggregating scalar variable 'input_1_4' with compact=bit mode in 8-bits (hls/cora_graphsage_hls_test_bundle/build/cora_hls_bundle/hls/po2_qat_root_dynamic_const_weights_partitioned_h32/graphsage_po2_qat_partitioned.cpp:7:0)
INFO: [HLS 214-241] Aggregating scalar variable 'input_1_3' with compact=bit mode in 8-bits (hls/cora_graphsage_hls_test_bundle/build/cora_hls_bundle/hls/po2_qat_root_dynamic_const_weights_partitioned_h32/graphsage_po2_qat_partitioned.cpp:7:0)
INFO: [HLS 214-241] Aggregating scalar variable 'input_1_2' with compact=bit mode in 8-bits (hls/cora_graphsage_hls_test_bundle/build/cora_hls_bundle/hls/po2_qat_root_dynamic_const_weights_partitioned_h32/graphsage_po2_qat_partitioned.cpp:7:0)
INFO: [HLS 214-241] Aggregating scalar variable 'input_1_1' with compact=bit mode in 8-bits (hls/cora_graphsage_hls_test_bundle/build/cora_hls_bundle/hls/po2_qat_root_dynamic_const_weights_partitioned_h32/graphsage_po2_qat_partitioned.cpp:7:0)
INFO: [HLS 214-241] Aggregating scalar variable 'input_1_0' with compact=bit mode in 8-bits (hls/cora_graphsage_hls_test_bundle/build/cora_hls_bundle/hls/po2_qat_root_dynamic_const_weights_partitioned_h32/graphsage_po2_qat_partitioned.cpp:7:0)
INFO: [HLS 214-241] Aggregating scalar variable 'input_0_15' with compact=bit mode in 8-bits (hls/cora_graphsage_hls_test_bundle/build/cora_hls_bundle/hls/po2_qat_root_dynamic_const_weights_partitioned_h32/graphsage_po2_qat_partitioned.cpp:7:0)
INFO: [HLS 214-241] Aggregating scalar variable 'input_0_14' with compact=bit mode in 8-bits (hls/cora_graphsage_hls_test_bundle/build/cora_hls_bundle/hls/po2_qat_root_dynamic_const_weights_partitioned_h32/graphsage_po2_qat_partitioned.cpp:7:0)
INFO: [HLS 214-241] Aggregating scalar variable 'input_0_13' with compact=bit mode in 8-bits (hls/cora_graphsage_hls_test_bundle/build/cora_hls_bundle/hls/po2_qat_root_dynamic_const_weights_partitioned_h32/graphsage_po2_qat_partitioned.cpp:7:0)
INFO: [HLS 214-241] Aggregating scalar variable 'input_0_12' with compact=bit mode in 8-bits (hls/cora_graphsage_hls_test_bundle/build/cora_hls_bundle/hls/po2_qat_root_dynamic_const_weights_partitioned_h32/graphsage_po2_qat_partitioned.cpp:7:0)
INFO: [HLS 214-241] Aggregating scalar variable 'input_0_11' with compact=bit mode in 8-bits (hls/cora_graphsage_hls_test_bundle/build/cora_hls_bundle/hls/po2_qat_root_dynamic_const_weights_partitioned_h32/graphsage_po2_qat_partitioned.cpp:7:0)
INFO: [HLS 214-241] Aggregating scalar variable 'input_0_10' with compact=bit mode in 8-bits (hls/cora_graphsage_hls_test_bundle/build/cora_hls_bundle/hls/po2_qat_root_dynamic_const_weights_partitioned_h32/graphsage_po2_qat_partitioned.cpp:7:0)
INFO: [HLS 214-241] Aggregating scalar variable 'input_0_9' with compact=bit mode in 8-bits (hls/cora_graphsage_hls_test_bundle/build/cora_hls_bundle/hls/po2_qat_root_dynamic_const_weights_partitioned_h32/graphsage_po2_qat_partitioned.cpp:7:0)
INFO: [HLS 214-241] Aggregating scalar variable 'input_0_8' with compact=bit mode in 8-bits (hls/cora_graphsage_hls_test_bundle/build/cora_hls_bundle/hls/po2_qat_root_dynamic_const_weights_partitioned_h32/graphsage_po2_qat_partitioned.cpp:7:0)
INFO: [HLS 214-241] Aggregating scalar variable 'input_0_7' with compact=bit mode in 8-bits (hls/cora_graphsage_hls_test_bundle/build/cora_hls_bundle/hls/po2_qat_root_dynamic_const_weights_partitioned_h32/graphsage_po2_qat_partitioned.cpp:7:0)
INFO: [HLS 214-241] Aggregating scalar variable 'input_0_6' with compact=bit mode in 8-bits (hls/cora_graphsage_hls_test_bundle/build/cora_hls_bundle/hls/po2_qat_root_dynamic_const_weights_partitioned_h32/graphsage_po2_qat_partitioned.cpp:7:0)
INFO: [HLS 214-241] Aggregating scalar variable 'input_0_5' with compact=bit mode in 8-bits (hls/cora_graphsage_hls_test_bundle/build/cora_hls_bundle/hls/po2_qat_root_dynamic_const_weights_partitioned_h32/graphsage_po2_qat_partitioned.cpp:7:0)
INFO: [HLS 214-241] Aggregating scalar variable 'input_0_4' with compact=bit mode in 8-bits (hls/cora_graphsage_hls_test_bundle/build/cora_hls_bundle/hls/po2_qat_root_dynamic_const_weights_partitioned_h32/graphsage_po2_qat_partitioned.cpp:7:0)
INFO: [HLS 214-241] Aggregating scalar variable 'input_0_3' with compact=bit mode in 8-bits (hls/cora_graphsage_hls_test_bundle/build/cora_hls_bundle/hls/po2_qat_root_dynamic_const_weights_partitioned_h32/graphsage_po2_qat_partitioned.cpp:7:0)
INFO: [HLS 214-241] Aggregating scalar variable 'input_0_2' with compact=bit mode in 8-bits (hls/cora_graphsage_hls_test_bundle/build/cora_hls_bundle/hls/po2_qat_root_dynamic_const_weights_partitioned_h32/graphsage_po2_qat_partitioned.cpp:7:0)
INFO: [HLS 214-241] Aggregating scalar variable 'input_0_1' with compact=bit mode in 8-bits (hls/cora_graphsage_hls_test_bundle/build/cora_hls_bundle/hls/po2_qat_root_dynamic_const_weights_partitioned_h32/graphsage_po2_qat_partitioned.cpp:7:0)
INFO: [HLS 214-241] Aggregating scalar variable 'input_0_0' with compact=bit mode in 8-bits (hls/cora_graphsage_hls_test_bundle/build/cora_hls_bundle/hls/po2_qat_root_dynamic_const_weights_partitioned_h32/graphsage_po2_qat_partitioned.cpp:7:0)
INFO: [HLS 200-111] Finished Compiling Optimization and Transform: CPU user time: 214.9 seconds. CPU system time: 1.42 seconds. Elapsed time: 218.37 seconds; current allocated memory: 664.059 MB.
INFO: [HLS 200-111] Finished Checking Pragmas: CPU user time: 0 seconds. CPU system time: 0 seconds. Elapsed time: 0 seconds; current allocated memory: 664.059 MB.
INFO: [HLS 200-10] Starting code transformations ...
INFO: [HLS 200-111] Finished Standard Transforms: CPU user time: 36.19 seconds. CPU system time: 0.05 seconds. Elapsed time: 36.44 seconds; current allocated memory: 747.301 MB.
INFO: [HLS 200-10] Checking synthesizability ...
INFO: [HLS 200-111] Finished Checking Synthesizability: CPU user time: 129.22 seconds. CPU system time: 0.03 seconds. Elapsed time: 129.65 seconds; current allocated memory: 797.309 MB.
INFO: [XFORM 203-11] Balancing expressions in function 'l2_root_channel<false, 6, true>' (cora_graphsage_hls_test_bundle/build/cora_hls_bundle/hls/po2_qat_root_dynamic_const_weights_partitioned_h32/graphsage_po2_qat_partitioned.h:215:65)...200 expression(s) balanced.
INFO: [XFORM 203-11] Balancing expressions in function 'l2_root_channel<false, 5, true>' (cora_graphsage_hls_test_bundle/build/cora_hls_bundle/hls/po2_qat_root_dynamic_const_weights_partitioned_h32/graphsage_po2_qat_partitioned.h:215:1)...216 expression(s) balanced.
INFO: [XFORM 203-11] Balancing expressions in function 'l2_root_channel<false, 4, true>' (cora_graphsage_hls_test_bundle/build/cora_hls_bundle/hls/po2_qat_root_dynamic_const_weights_partitioned_h32/graphsage_po2_qat_partitioned.h:215:65)...200 expression(s) balanced.
INFO: [XFORM 203-11] Balancing expressions in function 'l2_root_channel<false, 3, true>' (cora_graphsage_hls_test_bundle/build/cora_hls_bundle/hls/po2_qat_root_dynamic_const_weights_partitioned_h32/graphsage_po2_qat_partitioned.h:215:65)...208 expression(s) balanced.
INFO: [XFORM 203-11] Balancing expressions in function 'l2_root_channel<false, 2, true>' (cora_graphsage_hls_test_bundle/build/cora_hls_bundle/hls/po2_qat_root_dynamic_const_weights_partitioned_h32/graphsage_po2_qat_partitioned.h:215:21)...208 expression(s) balanced.
INFO: [XFORM 203-11] Balancing expressions in function 'l2_root_channel<false, 1, true>' (cora_graphsage_hls_test_bundle/build/cora_hls_bundle/hls/po2_qat_root_dynamic_const_weights_partitioned_h32/graphsage_po2_qat_partitioned.h:215:65)...200 expression(s) balanced.
INFO: [XFORM 203-11] Balancing expressions in function 'l2_root_channel<false, 0, true>' (cora_graphsage_hls_test_bundle/build/cora_hls_bundle/hls/po2_qat_root_dynamic_const_weights_partitioned_h32/graphsage_po2_qat_partitioned.h:215:28)...200 expression(s) balanced.
INFO: [XFORM 203-11] Balancing expressions in function 'l2_neighbor_channel<false, 6, true>' (cora_graphsage_hls_test_bundle/build/cora_hls_bundle/hls/po2_qat_root_dynamic_const_weights_partitioned_h32/graphsage_po2_qat_partitioned.h:302:1)...216 expression(s) balanced.
INFO: [XFORM 203-11] Balancing expressions in function 'l2_neighbor_channel<false, 5, true>' (cora_graphsage_hls_test_bundle/build/cora_hls_bundle/hls/po2_qat_root_dynamic_const_weights_partitioned_h32/graphsage_po2_qat_partitioned.h:302:74)...216 expression(s) balanced.
INFO: [XFORM 203-11] Balancing expressions in function 'l2_neighbor_channel<false, 4, true>' (cora_graphsage_hls_test_bundle/build/cora_hls_bundle/hls/po2_qat_root_dynamic_const_weights_partitioned_h32/graphsage_po2_qat_partitioned.h:302:74)...216 expression(s) balanced.
INFO: [XFORM 203-11] Balancing expressions in function 'l2_neighbor_channel<false, 3, true>' (cora_graphsage_hls_test_bundle/build/cora_hls_bundle/hls/po2_qat_root_dynamic_const_weights_partitioned_h32/graphsage_po2_qat_partitioned.h:302:74)...216 expression(s) balanced.
INFO: [XFORM 203-11] Balancing expressions in function 'l2_neighbor_channel<false, 2, true>' (cora_graphsage_hls_test_bundle/build/cora_hls_bundle/hls/po2_qat_root_dynamic_const_weights_partitioned_h32/graphsage_po2_qat_partitioned.h:302:28)...208 expression(s) balanced.
INFO: [XFORM 203-11] Balancing expressions in function 'l2_neighbor_channel<false, 1, true>' (cora_graphsage_hls_test_bundle/build/cora_hls_bundle/hls/po2_qat_root_dynamic_const_weights_partitioned_h32/graphsage_po2_qat_partitioned.h:302:28)...208 expression(s) balanced.
INFO: [XFORM 203-11] Balancing expressions in function 'l2_neighbor_channel<false, 0, true>' (cora_graphsage_hls_test_bundle/build/cora_hls_bundle/hls/po2_qat_root_dynamic_const_weights_partitioned_h32/graphsage_po2_qat_partitioned.h:302:1)...224 expression(s) balanced.
INFO: [XFORM 203-11] Balancing expressions in function 'l1_root_channel<false, 9, true>' (cora_graphsage_hls_test_bundle/build/cora_hls_bundle/hls/po2_qat_root_dynamic_const_weights_partitioned_h32/graphsage_po2_qat_partitioned.h:59:28)...96 expression(s) balanced.
INFO: [XFORM 203-11] Balancing expressions in function 'l1_root_channel<false, 8, true>' (cora_graphsage_hls_test_bundle/build/cora_hls_bundle/hls/po2_qat_root_dynamic_const_weights_partitioned_h32/graphsage_po2_qat_partitioned.h:59:65)...96 expression(s) balanced.
INFO: [XFORM 203-11] Balancing expressions in function 'l1_root_channel<false, 6, true>' (cora_graphsage_hls_test_bundle/build/cora_hls_bundle/hls/po2_qat_root_dynamic_const_weights_partitioned_h32/graphsage_po2_qat_partitioned.h:59:88)...104 expression(s) balanced.
INFO: [XFORM 203-11] Balancing expressions in function 'l1_root_channel<false, 5, true>' (cora_graphsage_hls_test_bundle/build/cora_hls_bundle/hls/po2_qat_root_dynamic_const_weights_partitioned_h32/graphsage_po2_qat_partitioned.h:59:1)...96 expression(s) balanced.
INFO: [XFORM 203-11] Balancing expressions in function 'l1_root_channel<false, 4, true>' (cora_graphsage_hls_test_bundle/build/cora_hls_bundle/hls/po2_qat_root_dynamic_const_weights_partitioned_h32/graphsage_po2_qat_partitioned.h:59:65)...96 expression(s) balanced.
INFO: [XFORM 203-11] Balancing expressions in function 'l1_root_channel<false, 31, true>' (cora_graphsage_hls_test_bundle/build/cora_hls_bundle/hls/po2_qat_root_dynamic_const_weights_partitioned_h32/graphsage_po2_qat_partitioned.h:59:28)...96 expression(s) balanced.
INFO: [XFORM 203-11] Balancing expressions in function 'l1_root_channel<false, 30, true>' (cora_graphsage_hls_test_bundle/build/cora_hls_bundle/hls/po2_qat_root_dynamic_const_weights_partitioned_h32/graphsage_po2_qat_partitioned.h:59:28)...96 expression(s) balanced.
INFO: [XFORM 203-11] Balancing expressions in function 'l1_root_channel<false, 3, true>' (cora_graphsage_hls_test_bundle/build/cora_hls_bundle/hls/po2_qat_root_dynamic_const_weights_partitioned_h32/graphsage_po2_qat_partitioned.h:59:28)...96 expression(s) balanced.
INFO: [XFORM 203-11] Balancing expressions in function 'l1_root_channel<false, 29, true>' (cora_graphsage_hls_test_bundle/build/cora_hls_bundle/hls/po2_qat_root_dynamic_const_weights_partitioned_h32/../root_dynamic_const_weights_h32/graphsage_root_dynamic_const_weights.h:59:9)...104 expression(s) balanced.
INFO: [XFORM 203-11] Balancing expressions in function 'l1_root_channel<false, 28, true>' (cora_graphsage_hls_test_bundle/build/cora_hls_bundle/hls/po2_qat_root_dynamic_const_weights_partitioned_h32/graphsage_po2_qat_partitioned.h:59:28)...96 expression(s) balanced.
INFO: [XFORM 203-11] Balancing expressions in function 'l1_root_channel<false, 27, true>' (cora_graphsage_hls_test_bundle/build/cora_hls_bundle/hls/po2_qat_root_dynamic_const_weights_partitioned_h32/graphsage_po2_qat_partitioned.h:59:28)...96 expression(s) balanced.
INFO: [XFORM 203-11] Balancing expressions in function 'l1_root_channel<false, 26, true>' (cora_graphsage_hls_test_bundle/build/cora_hls_bundle/hls/po2_qat_root_dynamic_const_weights_partitioned_h32/graphsage_po2_qat_partitioned.h:59:88)...104 expression(s) balanced.
INFO: [XFORM 203-11] Balancing expressions in function 'l1_root_channel<false, 25, true>' (cora_graphsage_hls_test_bundle/build/cora_hls_bundle/hls/po2_qat_root_dynamic_const_weights_partitioned_h32/graphsage_po2_qat_partitioned.h:59:28)...96 expression(s) balanced.
INFO: [XFORM 203-11] Balancing expressions in function 'l1_root_channel<false, 23, true>' (cora_graphsage_hls_test_bundle/build/cora_hls_bundle/hls/po2_qat_root_dynamic_const_weights_partitioned_h32/graphsage_po2_qat_partitioned.h:59:21)...88 expression(s) balanced.
INFO: [XFORM 203-11] Balancing expressions in function 'l1_root_channel<false, 22, true>' (cora_graphsage_hls_test_bundle/build/cora_hls_bundle/hls/po2_qat_root_dynamic_const_weights_partitioned_h32/graphsage_po2_qat_partitioned.h:59:28)...96 expression(s) balanced.
INFO: [XFORM 203-11] Balancing expressions in function 'l1_root_channel<false, 21, true>' (cora_graphsage_hls_test_bundle/build/cora_hls_bundle/hls/po2_qat_root_dynamic_const_weights_partitioned_h32/graphsage_po2_qat_partitioned.h:59:28)...96 expression(s) balanced.
INFO: [XFORM 203-11] Balancing expressions in function 'l1_root_channel<false, 20, true>' (cora_graphsage_hls_test_bundle/build/cora_hls_bundle/hls/po2_qat_root_dynamic_const_weights_partitioned_h32/graphsage_po2_qat_partitioned.h:59:28)...96 expression(s) balanced.
INFO: [XFORM 203-11] Balancing expressions in function 'l1_root_channel<false, 2, true>' (cora_graphsage_hls_test_bundle/build/cora_hls_bundle/hls/po2_qat_root_dynamic_const_weights_partitioned_h32/graphsage_po2_qat_partitioned.h:59:88)...104 expression(s) balanced.
INFO: [XFORM 203-11] Balancing expressions in function 'l1_root_channel<false, 19, true>' (cora_graphsage_hls_test_bundle/build/cora_hls_bundle/hls/po2_qat_root_dynamic_const_weights_partitioned_h32/graphsage_po2_qat_partitioned.h:59:21)...96 expression(s) balanced.
INFO: [XFORM 203-11] Balancing expressions in function 'l1_root_channel<false, 18, true>' (cora_graphsage_hls_test_bundle/build/cora_hls_bundle/hls/po2_qat_root_dynamic_const_weights_partitioned_h32/graphsage_po2_qat_partitioned.h:59:1)...24 expression(s) balanced.
INFO: [XFORM 203-11] Balancing expressions in function 'l1_root_channel<false, 17, true>' (cora_graphsage_hls_test_bundle/build/cora_hls_bundle/hls/po2_qat_root_dynamic_const_weights_partitioned_h32/graphsage_po2_qat_partitioned.h:59:1)...72 expression(s) balanced.
INFO: [XFORM 203-11] Balancing expressions in function 'l1_root_channel<false, 16, true>' (cora_graphsage_hls_test_bundle/build/cora_hls_bundle/hls/po2_qat_root_dynamic_const_weights_partitioned_h32/graphsage_po2_qat_partitioned.h:59:28)...96 expression(s) balanced.
INFO: [XFORM 203-11] Balancing expressions in function 'l1_root_channel<false, 15, true>' (cora_graphsage_hls_test_bundle/build/cora_hls_bundle/hls/po2_qat_root_dynamic_const_weights_partitioned_h32/graphsage_po2_qat_partitioned.h:59:21)...96 expression(s) balanced.
INFO: [XFORM 203-11] Balancing expressions in function 'l1_root_channel<false, 14, true>' (cora_graphsage_hls_test_bundle/build/cora_hls_bundle/hls/po2_qat_root_dynamic_const_weights_partitioned_h32/graphsage_po2_qat_partitioned.h:59:28)...96 expression(s) balanced.
INFO: [XFORM 203-11] Balancing expressions in function 'l1_root_channel<false, 13, true>' (cora_graphsage_hls_test_bundle/build/cora_hls_bundle/hls/po2_qat_root_dynamic_const_weights_partitioned_h32/graphsage_po2_qat_partitioned.h:59:28)...96 expression(s) balanced.
INFO: [XFORM 203-11] Balancing expressions in function 'l1_root_channel<false, 11, true>' (cora_graphsage_hls_test_bundle/build/cora_hls_bundle/hls/po2_qat_root_dynamic_const_weights_partitioned_h32/graphsage_po2_qat_partitioned.h:59:28)...96 expression(s) balanced.
INFO: [XFORM 203-11] Balancing expressions in function 'l1_root_channel<false, 10, true>' (cora_graphsage_hls_test_bundle/build/cora_hls_bundle/hls/po2_qat_root_dynamic_const_weights_partitioned_h32/graphsage_po2_qat_partitioned.h:59:35)...104 expression(s) balanced.
INFO: [XFORM 203-11] Balancing expressions in function 'l1_root_channel<false, 1, true>' (cora_graphsage_hls_test_bundle/build/cora_hls_bundle/hls/po2_qat_root_dynamic_const_weights_partitioned_h32/graphsage_po2_qat_partitioned.h:59:28)...96 expression(s) balanced.
INFO: [XFORM 203-11] Balancing expressions in function 'l1_root_channel<false, 0, true>' (cora_graphsage_hls_test_bundle/build/cora_hls_bundle/hls/po2_qat_root_dynamic_const_weights_partitioned_h32/graphsage_po2_qat_partitioned.h:59:28)...96 expression(s) balanced.
INFO: [XFORM 203-11] Balancing expressions in function 'l1_neighbor_channel<false, 9, true>' (cora_graphsage_hls_test_bundle/build/cora_hls_bundle/hls/po2_qat_root_dynamic_const_weights_partitioned_h32/graphsage_po2_qat_partitioned.h:75:1)...104 expression(s) balanced.
INFO: [XFORM 203-11] Balancing expressions in function 'l1_neighbor_channel<false, 8, true>' (cora_graphsage_hls_test_bundle/build/cora_hls_bundle/hls/po2_qat_root_dynamic_const_weights_partitioned_h32/../root_dynamic_const_weights_h32/graphsage_root_dynamic_const_weights.h:75:9)...104 expression(s) balanced.
INFO: [XFORM 203-11] Balancing expressions in function 'l1_neighbor_channel<false, 6, true>' (cora_graphsage_hls_test_bundle/build/cora_hls_bundle/hls/po2_qat_root_dynamic_const_weights_partitioned_h32/graphsage_po2_qat_partitioned.h:75:1)...104 expression(s) balanced.
INFO: [XFORM 203-11] Balancing expressions in function 'l1_neighbor_channel<false, 5, true>' (cora_graphsage_hls_test_bundle/build/cora_hls_bundle/hls/po2_qat_root_dynamic_const_weights_partitioned_h32/graphsage_po2_qat_partitioned.h:75:1)...104 expression(s) balanced.
INFO: [XFORM 203-11] Balancing expressions in function 'l1_neighbor_channel<false, 4, true>' (cora_graphsage_hls_test_bundle/build/cora_hls_bundle/hls/po2_qat_root_dynamic_const_weights_partitioned_h32/graphsage_po2_qat_partitioned.h:75:74)...104 expression(s) balanced.
INFO: [XFORM 203-11] Balancing expressions in function 'l1_neighbor_channel<false, 31, true>' (cora_graphsage_hls_test_bundle/build/cora_hls_bundle/hls/po2_qat_root_dynamic_const_weights_partitioned_h32/graphsage_po2_qat_partitioned.h:75:1)...104 expression(s) balanced.
INFO: [XFORM 203-11] Balancing expressions in function 'l1_neighbor_channel<false, 30, true>' (cora_graphsage_hls_test_bundle/build/cora_hls_bundle/hls/po2_qat_root_dynamic_const_weights_partitioned_h32/graphsage_po2_qat_partitioned.h:75:1)...104 expression(s) balanced.
INFO: [XFORM 203-11] Balancing expressions in function 'l1_neighbor_channel<false, 3, true>' (cora_graphsage_hls_test_bundle/build/cora_hls_bundle/hls/po2_qat_root_dynamic_const_weights_partitioned_h32/graphsage_po2_qat_partitioned.h:75:1)...104 expression(s) balanced.
INFO: [XFORM 203-11] Balancing expressions in function 'l1_neighbor_channel<false, 29, true>' (cora_graphsage_hls_test_bundle/build/cora_hls_bundle/hls/po2_qat_root_dynamic_const_weights_partitioned_h32/graphsage_po2_qat_partitioned.h:75:39)...112 expression(s) balanced.
INFO: [XFORM 203-11] Balancing expressions in function 'l1_neighbor_channel<false, 28, true>' (cora_graphsage_hls_test_bundle/build/cora_hls_bundle/hls/po2_qat_root_dynamic_const_weights_partitioned_h32/graphsage_po2_qat_partitioned.h:75:1)...104 expression(s) balanced.
INFO: [XFORM 203-11] Balancing expressions in function 'l1_neighbor_channel<false, 27, true>' (cora_graphsage_hls_test_bundle/build/cora_hls_bundle/hls/po2_qat_root_dynamic_const_weights_partitioned_h32/graphsage_po2_qat_partitioned.h:75:1)...104 expression(s) balanced.
INFO: [XFORM 203-11] Balancing expressions in function 'l1_neighbor_channel<false, 26, true>' (cora_graphsage_hls_test_bundle/build/cora_hls_bundle/hls/po2_qat_root_dynamic_const_weights_partitioned_h32/../root_dynamic_const_weights_h32/graphsage_root_dynamic_const_weights.h:75:9)...112 expression(s) balanced.
INFO: [XFORM 203-11] Balancing expressions in function 'l1_neighbor_channel<false, 25, true>' (cora_graphsage_hls_test_bundle/build/cora_hls_bundle/hls/po2_qat_root_dynamic_const_weights_partitioned_h32/graphsage_po2_qat_partitioned.h:75:74)...104 expression(s) balanced.
INFO: [XFORM 203-11] Balancing expressions in function 'l1_neighbor_channel<false, 23, true>' (cora_graphsage_hls_test_bundle/build/cora_hls_bundle/hls/po2_qat_root_dynamic_const_weights_partitioned_h32/graphsage_po2_qat_partitioned.h:75:28)...104 expression(s) balanced.
INFO: [XFORM 203-11] Balancing expressions in function 'l1_neighbor_channel<false, 22, true>' (cora_graphsage_hls_test_bundle/build/cora_hls_bundle/hls/po2_qat_root_dynamic_const_weights_partitioned_h32/graphsage_po2_qat_partitioned.h:75:21)...88 expression(s) balanced.
INFO: [XFORM 203-11] Balancing expressions in function 'l1_neighbor_channel<false, 21, true>' (cora_graphsage_hls_test_bundle/build/cora_hls_bundle/hls/po2_qat_root_dynamic_const_weights_partitioned_h32/graphsage_po2_qat_partitioned.h:75:1)...104 expression(s) balanced.
INFO: [XFORM 203-11] Balancing expressions in function 'l1_neighbor_channel<false, 20, true>' (cora_graphsage_hls_test_bundle/build/cora_hls_bundle/hls/po2_qat_root_dynamic_const_weights_partitioned_h32/graphsage_po2_qat_partitioned.h:75:96)...104 expression(s) balanced.
INFO: [XFORM 203-11] Balancing expressions in function 'l1_neighbor_channel<false, 2, true>' (cora_graphsage_hls_test_bundle/build/cora_hls_bundle/hls/po2_qat_root_dynamic_const_weights_partitioned_h32/graphsage_po2_qat_partitioned.h:75:1)...104 expression(s) balanced.
INFO: [XFORM 203-11] Balancing expressions in function 'l1_neighbor_channel<false, 19, true>' (cora_graphsage_hls_test_bundle/build/cora_hls_bundle/hls/po2_qat_root_dynamic_const_weights_partitioned_h32/graphsage_po2_qat_partitioned.h:75:28)...104 expression(s) balanced.
INFO: [XFORM 203-11] Balancing expressions in function 'l1_neighbor_channel<false, 18, true>' (cora_graphsage_hls_test_bundle/build/cora_hls_bundle/hls/po2_qat_root_dynamic_const_weights_partitioned_h32/graphsage_po2_qat_partitioned.h:77:1)...24 expression(s) balanced.
INFO: [XFORM 203-11] Balancing expressions in function 'l1_neighbor_channel<false, 17, true>' (cora_graphsage_hls_test_bundle/build/cora_hls_bundle/hls/po2_qat_root_dynamic_const_weights_partitioned_h32/graphsage_po2_qat_partitioned.h:77:1)...104 expression(s) balanced.
INFO: [XFORM 203-11] Balancing expressions in function 'l1_neighbor_channel<false, 16, true>' (cora_graphsage_hls_test_bundle/build/cora_hls_bundle/hls/po2_qat_root_dynamic_const_weights_partitioned_h32/graphsage_po2_qat_partitioned.h:75:1)...104 expression(s) balanced.
INFO: [XFORM 203-11] Balancing expressions in function 'l1_neighbor_channel<false, 15, true>' (cora_graphsage_hls_test_bundle/build/cora_hls_bundle/hls/po2_qat_root_dynamic_const_weights_partitioned_h32/graphsage_po2_qat_partitioned.h:75:1)...104 expression(s) balanced.
INFO: [XFORM 203-11] Balancing expressions in function 'l1_neighbor_channel<false, 14, true>' (cora_graphsage_hls_test_bundle/build/cora_hls_bundle/hls/po2_qat_root_dynamic_const_weights_partitioned_h32/graphsage_po2_qat_partitioned.h:75:1)...104 expression(s) balanced.
INFO: [XFORM 203-11] Balancing expressions in function 'l1_neighbor_channel<false, 13, true>' (cora_graphsage_hls_test_bundle/build/cora_hls_bundle/hls/po2_qat_root_dynamic_const_weights_partitioned_h32/graphsage_po2_qat_partitioned.h:75:1)...104 expression(s) balanced.
INFO: [XFORM 203-11] Balancing expressions in function 'l1_neighbor_channel<false, 11, true>' (cora_graphsage_hls_test_bundle/build/cora_hls_bundle/hls/po2_qat_root_dynamic_const_weights_partitioned_h32/graphsage_po2_qat_partitioned.h:75:1)...104 expression(s) balanced.
INFO: [XFORM 203-11] Balancing expressions in function 'l1_neighbor_channel<false, 10, true>' (cora_graphsage_hls_test_bundle/build/cora_hls_bundle/hls/po2_qat_root_dynamic_const_weights_partitioned_h32/graphsage_po2_qat_partitioned.h:75:1)...104 expression(s) balanced.
INFO: [XFORM 203-11] Balancing expressions in function 'l1_neighbor_channel<false, 1, true>' (cora_graphsage_hls_test_bundle/build/cora_hls_bundle/hls/po2_qat_root_dynamic_const_weights_partitioned_h32/graphsage_po2_qat_partitioned.h:75:1)...104 expression(s) balanced.
INFO: [XFORM 203-11] Balancing expressions in function 'l1_neighbor_channel<false, 0, true>' (cora_graphsage_hls_test_bundle/build/cora_hls_bundle/hls/po2_qat_root_dynamic_const_weights_partitioned_h32/graphsage_po2_qat_partitioned.h:75:96)...112 expression(s) balanced.
INFO: [HLS 200-111] Finished Loop, function and other optimizations: CPU user time: 278.5 seconds. CPU system time: 0.14 seconds. Elapsed time: 279.43 seconds; current allocated memory: 940.676 MB.
INFO: [HLS 200-111] Finished Architecture Synthesis: CPU user time: 184.74 seconds. CPU system time: 0.3 seconds. Elapsed time: 185.58 seconds; current allocated memory: 1.920 GB.
INFO: [HLS 200-10] Starting hardware synthesis ...
INFO: [HLS 200-10] Synthesizing 'graphsage_po2_qat_partitioned' ...
WARNING: [SYN 201-103] Legalizing function name 'l1_root_channel<false, 0, true>' to 'l1_root_channel_false_0_true_s'.
WARNING: [SYN 201-103] Legalizing function name 'l1_root_channel<false, 1, true>' to 'l1_root_channel_false_1_true_s'.
WARNING: [SYN 201-103] Legalizing function name 'l1_root_channel<false, 2, true>' to 'l1_root_channel_false_2_true_s'.
WARNING: [SYN 201-103] Legalizing function name 'l1_root_channel<false, 3, true>' to 'l1_root_channel_false_3_true_s'.
WARNING: [SYN 201-103] Legalizing function name 'l1_root_channel<false, 4, true>' to 'l1_root_channel_false_4_true_s'.
WARNING: [SYN 201-103] Legalizing function name 'l1_root_channel<false, 5, true>' to 'l1_root_channel_false_5_true_s'.
WARNING: [SYN 201-103] Legalizing function name 'l1_root_channel<false, 6, true>' to 'l1_root_channel_false_6_true_s'.
WARNING: [SYN 201-103] Legalizing function name 'l1_root_channel<false, 8, true>' to 'l1_root_channel_false_8_true_s'.
WARNING: [SYN 201-103] Legalizing function name 'l1_root_channel<false, 9, true>' to 'l1_root_channel_false_9_true_s'.
WARNING: [SYN 201-103] Legalizing function name 'l1_root_channel<false, 10, true>' to 'l1_root_channel_false_10_true_s'.
WARNING: [SYN 201-103] Legalizing function name 'l1_root_channel<false, 11, true>' to 'l1_root_channel_false_11_true_s'.
WARNING: [SYN 201-103] Legalizing function name 'l1_root_channel<false, 13, true>' to 'l1_root_channel_false_13_true_s'.
WARNING: [SYN 201-103] Legalizing function name 'l1_root_channel<false, 14, true>' to 'l1_root_channel_false_14_true_s'.
WARNING: [SYN 201-103] Legalizing function name 'l1_root_channel<false, 15, true>' to 'l1_root_channel_false_15_true_s'.
WARNING: [SYN 201-103] Legalizing function name 'l1_root_channel<false, 16, true>' to 'l1_root_channel_false_16_true_s'.
WARNING: [SYN 201-103] Legalizing function name 'l1_root_channel<false, 17, true>' to 'l1_root_channel_false_17_true_s'.
WARNING: [SYN 201-103] Legalizing function name 'l1_root_channel<false, 18, true>' to 'l1_root_channel_false_18_true_s'.
WARNING: [SYN 201-103] Legalizing function name 'l1_root_channel<false, 19, true>' to 'l1_root_channel_false_19_true_s'.
WARNING: [SYN 201-103] Legalizing function name 'l1_root_channel<false, 20, true>' to 'l1_root_channel_false_20_true_s'.
WARNING: [SYN 201-103] Legalizing function name 'l1_root_channel<false, 21, true>' to 'l1_root_channel_false_21_true_s'.
WARNING: [SYN 201-103] Legalizing function name 'l1_root_channel<false, 22, true>' to 'l1_root_channel_false_22_true_s'.
WARNING: [SYN 201-103] Legalizing function name 'l1_root_channel<false, 23, true>' to 'l1_root_channel_false_23_true_s'.
WARNING: [SYN 201-103] Legalizing function name 'l1_root_channel<false, 25, true>' to 'l1_root_channel_false_25_true_s'.
WARNING: [SYN 201-103] Legalizing function name 'l1_root_channel<false, 26, true>' to 'l1_root_channel_false_26_true_s'.
WARNING: [SYN 201-103] Legalizing function name 'l1_root_channel<false, 27, true>' to 'l1_root_channel_false_27_true_s'.
WARNING: [SYN 201-103] Legalizing function name 'l1_root_channel<false, 28, true>' to 'l1_root_channel_false_28_true_s'.
WARNING: [SYN 201-103] Legalizing function name 'l1_root_channel<false, 29, true>' to 'l1_root_channel_false_29_true_s'.
WARNING: [SYN 201-103] Legalizing function name 'l1_root_channel<false, 30, true>' to 'l1_root_channel_false_30_true_s'.
WARNING: [SYN 201-103] Legalizing function name 'l1_root_channel<false, 31, true>' to 'l1_root_channel_false_31_true_s'.
WARNING: [SYN 201-103] Legalizing function name 'l1_neighbor_channel<false, 0, true>' to 'l1_neighbor_channel_false_0_true_s'.
WARNING: [SYN 201-103] Legalizing function name 'l1_neighbor_channel<false, 1, true>' to 'l1_neighbor_channel_false_1_true_s'.
WARNING: [SYN 201-103] Legalizing function name 'l1_neighbor_channel<false, 2, true>' to 'l1_neighbor_channel_false_2_true_s'.
WARNING: [SYN 201-103] Legalizing function name 'l1_neighbor_channel<false, 3, true>' to 'l1_neighbor_channel_false_3_true_s'.
WARNING: [SYN 201-103] Legalizing function name 'l1_neighbor_channel<false, 4, true>' to 'l1_neighbor_channel_false_4_true_s'.
WARNING: [SYN 201-103] Legalizing function name 'l1_neighbor_channel<false, 5, true>' to 'l1_neighbor_channel_false_5_true_s'.
WARNING: [SYN 201-103] Legalizing function name 'l1_neighbor_channel<false, 6, true>' to 'l1_neighbor_channel_false_6_true_s'.
WARNING: [SYN 201-103] Legalizing function name 'l1_neighbor_channel<false, 8, true>' to 'l1_neighbor_channel_false_8_true_s'.
WARNING: [SYN 201-103] Legalizing function name 'l1_neighbor_channel<false, 9, true>' to 'l1_neighbor_channel_false_9_true_s'.
WARNING: [SYN 201-103] Legalizing function name 'l1_neighbor_channel<false, 10, true>' to 'l1_neighbor_channel_false_10_true_s'.
WARNING: [SYN 201-103] Legalizing function name 'l1_neighbor_channel<false, 11, true>' to 'l1_neighbor_channel_false_11_true_s'.
WARNING: [SYN 201-103] Legalizing function name 'l1_neighbor_channel<false, 13, true>' to 'l1_neighbor_channel_false_13_true_s'.
WARNING: [SYN 201-103] Legalizing function name 'l1_neighbor_channel<false, 14, true>' to 'l1_neighbor_channel_false_14_true_s'.
WARNING: [SYN 201-103] Legalizing function name 'l1_neighbor_channel<false, 15, true>' to 'l1_neighbor_channel_false_15_true_s'.
WARNING: [SYN 201-103] Legalizing function name 'l1_neighbor_channel<false, 16, true>' to 'l1_neighbor_channel_false_16_true_s'.
WARNING: [SYN 201-103] Legalizing function name 'l1_neighbor_channel<false, 17, true>' to 'l1_neighbor_channel_false_17_true_s'.
WARNING: [SYN 201-103] Legalizing function name 'l1_neighbor_channel<false, 18, true>' to 'l1_neighbor_channel_false_18_true_s'.
WARNING: [SYN 201-103] Legalizing function name 'l1_neighbor_channel<false, 19, true>' to 'l1_neighbor_channel_false_19_true_s'.
WARNING: [SYN 201-103] Legalizing function name 'l1_neighbor_channel<false, 20, true>' to 'l1_neighbor_channel_false_20_true_s'.
WARNING: [SYN 201-103] Legalizing function name 'l1_neighbor_channel<false, 21, true>' to 'l1_neighbor_channel_false_21_true_s'.
WARNING: [SYN 201-103] Legalizing function name 'l1_neighbor_channel<false, 22, true>' to 'l1_neighbor_channel_false_22_true_s'.
WARNING: [SYN 201-103] Legalizing function name 'l1_neighbor_channel<false, 23, true>' to 'l1_neighbor_channel_false_23_true_s'.
WARNING: [SYN 201-103] Legalizing function name 'l1_neighbor_channel<false, 25, true>' to 'l1_neighbor_channel_false_25_true_s'.
WARNING: [SYN 201-103] Legalizing function name 'l1_neighbor_channel<false, 26, true>' to 'l1_neighbor_channel_false_26_true_s'.
WARNING: [SYN 201-103] Legalizing function name 'l1_neighbor_channel<false, 27, true>' to 'l1_neighbor_channel_false_27_true_s'.
WARNING: [SYN 201-103] Legalizing function name 'l1_neighbor_channel<false, 28, true>' to 'l1_neighbor_channel_false_28_true_s'.
WARNING: [SYN 201-103] Legalizing function name 'l1_neighbor_channel<false, 29, true>' to 'l1_neighbor_channel_false_29_true_s'.
WARNING: [SYN 201-103] Legalizing function name 'l1_neighbor_channel<false, 30, true>' to 'l1_neighbor_channel_false_30_true_s'.
WARNING: [SYN 201-103] Legalizing function name 'l1_neighbor_channel<false, 31, true>' to 'l1_neighbor_channel_false_31_true_s'.
WARNING: [SYN 201-103] Legalizing function name 'l2_root_channel<false, 0, true>' to 'l2_root_channel_false_0_true_s'.
WARNING: [SYN 201-103] Legalizing function name 'l2_root_channel<false, 1, true>' to 'l2_root_channel_false_1_true_s'.
WARNING: [SYN 201-103] Legalizing function name 'l2_root_channel<false, 2, true>' to 'l2_root_channel_false_2_true_s'.
WARNING: [SYN 201-103] Legalizing function name 'l2_root_channel<false, 3, true>' to 'l2_root_channel_false_3_true_s'.
WARNING: [SYN 201-103] Legalizing function name 'l2_root_channel<false, 4, true>' to 'l2_root_channel_false_4_true_s'.
WARNING: [SYN 201-103] Legalizing function name 'l2_root_channel<false, 5, true>' to 'l2_root_channel_false_5_true_s'.
WARNING: [SYN 201-103] Legalizing function name 'l2_root_channel<false, 6, true>' to 'l2_root_channel_false_6_true_s'.
WARNING: [SYN 201-103] Legalizing function name 'l2_neighbor_channel<false, 0, true>' to 'l2_neighbor_channel_false_0_true_s'.
WARNING: [SYN 201-103] Legalizing function name 'l2_neighbor_channel<false, 1, true>' to 'l2_neighbor_channel_false_1_true_s'.
WARNING: [SYN 201-103] Legalizing function name 'l2_neighbor_channel<false, 2, true>' to 'l2_neighbor_channel_false_2_true_s'.
WARNING: [SYN 201-103] Legalizing function name 'l2_neighbor_channel<false, 3, true>' to 'l2_neighbor_channel_false_3_true_s'.
WARNING: [SYN 201-103] Legalizing function name 'l2_neighbor_channel<false, 4, true>' to 'l2_neighbor_channel_false_4_true_s'.
WARNING: [SYN 201-103] Legalizing function name 'l2_neighbor_channel<false, 5, true>' to 'l2_neighbor_channel_false_5_true_s'.
WARNING: [SYN 201-103] Legalizing function name 'l2_neighbor_channel<false, 6, true>' to 'l2_neighbor_channel_false_6_true_s'.
WARNING: [SYN 201-303] Cannot apply functional unit assignment of 'Mul_LUT' (cora_graphsage_hls_test_bundle/build/cora_hls_bundle/hls/po2_qat_root_dynamic_const_weights_partitioned_h32/graphsage_po2_qat_partitioned.h:63) on 'insertvalue' operation 64 bit ('mrv_7', cora_graphsage_hls_test_bundle/build/cora_hls_bundle/hls/po2_qat_root_dynamic_const_weights_partitioned_h32/graphsage_po2_qat_partitioned.h:120) due to incompatible operation sets.
WARNING: [SYN 201-303] Cannot apply functional unit assignment of 'Mul_LUT' (cora_graphsage_hls_test_bundle/build/cora_hls_bundle/hls/po2_qat_root_dynamic_const_weights_partitioned_h32/graphsage_po2_qat_partitioned.h:63) on 'insertvalue' operation 64 bit ('mrv_7', cora_graphsage_hls_test_bundle/build/cora_hls_bundle/hls/po2_qat_root_dynamic_const_weights_partitioned_h32/graphsage_po2_qat_partitioned.h:120) due to incompatible operation sets.
WARNING: [SYN 201-303] Cannot apply functional unit assignment of 'Mul_LUT' (cora_graphsage_hls_test_bundle/build/cora_hls_bundle/hls/po2_qat_root_dynamic_const_weights_partitioned_h32/graphsage_po2_qat_partitioned.h:63) on 'root_input_0_0_val', which is not an operation.
WARNING: [SYN 201-303] Cannot apply functional unit assignment of 'Mul_LUT' (cora_graphsage_hls_test_bundle/build/cora_hls_bundle/hls/po2_qat_root_dynamic_const_weights_partitioned_h32/graphsage_po2_qat_partitioned.h:84) on 'insertvalue' operation 64 bit ('mrv_7', cora_graphsage_hls_test_bundle/build/cora_hls_bundle/hls/po2_qat_root_dynamic_const_weights_partitioned_h32/graphsage_po2_qat_partitioned.h:120) due to incompatible operation sets.
WARNING: [SYN 201-303] Cannot apply functional unit assignment of 'Mul_LUT' (cora_graphsage_hls_test_bundle/build/cora_hls_bundle/hls/po2_qat_root_dynamic_const_weights_partitioned_h32/graphsage_po2_qat_partitioned.h:63) on 'root_input_1_0_val', which is not an operation.
WARNING: [SYN 201-303] Cannot apply functional unit assignment of 'Mul_LUT' (cora_graphsage_hls_test_bundle/build/cora_hls_bundle/hls/po2_qat_root_dynamic_const_weights_partitioned_h32/graphsage_po2_qat_partitioned.h:63) on 'root_input_2_0_val', which is not an operation.
WARNING: [SYN 201-303] Cannot apply functional unit assignment of 'Mul_LUT' (cora_graphsage_hls_test_bundle/build/cora_hls_bundle/hls/po2_qat_root_dynamic_const_weights_partitioned_h32/graphsage_po2_qat_partitioned.h:63) on 'root_input_3_0_val', which is not an operation.
WARNING: [SYN 201-303] Cannot apply functional unit assignment of 'Mul_LUT' (cora_graphsage_hls_test_bundle/build/cora_hls_bundle/hls/po2_qat_root_dynamic_const_weights_partitioned_h32/graphsage_po2_qat_partitioned.h:63) on 'root_input_4_0_val', which is not an operation.
WARNING: [SYN 201-303] Cannot apply functional unit assignment of 'Mul_LUT' (cora_graphsage_hls_test_bundle/build/cora_hls_bundle/hls/po2_qat_root_dynamic_const_weights_partitioned_h32/graphsage_po2_qat_partitioned.h:63) on 'root_input_5_0_val', which is not an operation.
WARNING: [SYN 201-303] Cannot apply functional unit assignment of 'Mul_LUT' (cora_graphsage_hls_test_bundle/build/cora_hls_bundle/hls/po2_qat_root_dynamic_const_weights_partitioned_h32/graphsage_po2_qat_partitioned.h:63) on 'root_input_6_0_val', which is not an operation.
WARNING: [SYN 201-303] Cannot apply functional unit assignment of 'Mul_LUT' (cora_graphsage_hls_test_bundle/build/cora_hls_bundle/hls/po2_qat_root_dynamic_const_weights_partitioned_h32/graphsage_po2_qat_partitioned.h:63) on 'root_input_7_0_val', which is not an operation.
WARNING: [SYN 201-303] Cannot apply functional unit assignment of 'Mul_LUT' (cora_graphsage_hls_test_bundle/build/cora_hls_bundle/hls/po2_qat_root_dynamic_const_weights_partitioned_h32/graphsage_po2_qat_partitioned.h:63) on 'insertvalue' operation 64 bit ('mrv_7', cora_graphsage_hls_test_bundle/build/cora_hls_bundle/hls/po2_qat_root_dynamic_const_weights_partitioned_h32/graphsage_po2_qat_partitioned.h:120) due to incompatible operation sets.
WARNING: [SYN 201-303] Cannot apply functional unit assignment of 'Mul_LUT' (cora_graphsage_hls_test_bundle/build/cora_hls_bundle/hls/po2_qat_root_dynamic_const_weights_partitioned_h32/graphsage_po2_qat_partitioned.h:63) on 'insertvalue' operation 64 bit ('mrv_7', cora_graphsage_hls_test_bundle/build/cora_hls_bundle/hls/po2_qat_root_dynamic_const_weights_partitioned_h32/graphsage_po2_qat_partitioned.h:120) due to incompatible operation sets.
WARNING: [SYN 201-303] Cannot apply functional unit assignment of 'Mul_LUT' (cora_graphsage_hls_test_bundle/build/cora_hls_bundle/hls/po2_qat_root_dynamic_const_weights_partitioned_h32/graphsage_po2_qat_partitioned.h:63) on 'insertvalue' operation 64 bit ('mrv_7', cora_graphsage_hls_test_bundle/build/cora_hls_bundle/hls/po2_qat_root_dynamic_const_weights_partitioned_h32/graphsage_po2_qat_partitioned.h:120) due to incompatible operation sets.
WARNING: [SYN 201-303] Cannot apply functional unit assignment of 'Mul_LUT' (cora_graphsage_hls_test_bundle/build/cora_hls_bundle/hls/po2_qat_root_dynamic_const_weights_partitioned_h32/graphsage_po2_qat_partitioned.h:63) on 'root_input_0_4_val', which is not an operation.
WARNING: [SYN 201-303] Cannot apply functional unit assignment of 'Mul_LUT' (cora_graphsage_hls_test_bundle/build/cora_hls_bundle/hls/po2_qat_root_dynamic_const_weights_partitioned_h32/graphsage_po2_qat_partitioned.h:63) on 'root_input_1_4_val', which is not an operation.
WARNING: [SYN 201-303] Cannot apply functional unit assignment of 'Mul_LUT' (cora_graphsage_hls_test_bundle/build/cora_hls_bundle/hls/po2_qat_root_dynamic_const_weights_partitioned_h32/graphsage_po2_qat_partitioned.h:63) on 'root_input_2_4_val', which is not an operation.
WARNING: [SYN 201-303] Cannot apply functional unit assignment of 'Mul_LUT' (cora_graphsage_hls_test_bundle/build/cora_hls_bundle/hls/po2_qat_root_dynamic_const_weights_partitioned_h32/graphsage_po2_qat_partitioned.h:63) on 'root_input_3_4_val', which is not an operation.
WARNING: [SYN 201-303] Cannot apply functional unit assignment of 'Mul_LUT' (cora_graphsage_hls_test_bundle/build/cora_hls_bundle/hls/po2_qat_root_dynamic_const_weights_partitioned_h32/graphsage_po2_qat_partitioned.h:63) on 'root_input_4_4_val', which is not an operation.
WARNING: [SYN 201-303] Cannot apply functional unit assignment of 'Mul_LUT' (cora_graphsage_hls_test_bundle/build/cora_hls_bundle/hls/po2_qat_root_dynamic_const_weights_partitioned_h32/graphsage_po2_qat_partitioned.h:63) on 'root_input_5_4_val', which is not an operation.
WARNING: [SYN 201-303] Cannot apply functional unit assignment of 'Mul_LUT' (cora_graphsage_hls_test_bundle/build/cora_hls_bundle/hls/po2_qat_root_dynamic_const_weights_partitioned_h32/graphsage_po2_qat_partitioned.h:63) on 'root_input_6_4_val', which is not an operation.
WARNING: [SYN 201-303] Cannot apply functional unit assignment of 'Mul_LUT' (cora_graphsage_hls_test_bundle/build/cora_hls_bundle/hls/po2_qat_root_dynamic_const_weights_partitioned_h32/graphsage_po2_qat_partitioned.h:63) on 'root_input_7_4_val', which is not an operation.
WARNING: [SYN 201-303] Cannot apply functional unit assignment of 'Mul_LUT' (cora_graphsage_hls_test_bundle/build/cora_hls_bundle/hls/po2_qat_root_dynamic_const_weights_partitioned_h32/graphsage_po2_qat_partitioned.h:63) on 'root_input_0_0_val', which is not an operation.
WARNING: [SYN 201-303] Cannot apply functional unit assignment of 'Mul_LUT' (cora_graphsage_hls_test_bundle/build/cora_hls_bundle/hls/po2_qat_root_dynamic_const_weights_partitioned_h32/graphsage_po2_qat_partitioned.h:84) on 'insertvalue' operation 64 bit ('mrv_7', cora_graphsage_hls_test_bundle/build/cora_hls_bundle/hls/po2_qat_root_dynamic_const_weights_partitioned_h32/graphsage_po2_qat_partitioned.h:120) due to incompatible operation sets.
WARNING: [SYN 201-303] Cannot apply functional unit assignment of 'Mul_LUT' (cora_graphsage_hls_test_bundle/build/cora_hls_bundle/hls/po2_qat_root_dynamic_const_weights_partitioned_h32/graphsage_po2_qat_partitioned.h:63) on 'root_input_1_0_val', which is not an operation.
WARNING: [SYN 201-303] Cannot apply functional unit assignment of 'Mul_LUT' (cora_graphsage_hls_test_bundle/build/cora_hls_bundle/hls/po2_qat_root_dynamic_const_weights_partitioned_h32/graphsage_po2_qat_partitioned.h:63) on 'root_input_2_0_val', which is not an operation.
WARNING: [SYN 201-303] Cannot apply functional unit assignment of 'Mul_LUT' (cora_graphsage_hls_test_bundle/build/cora_hls_bundle/hls/po2_qat_root_dynamic_const_weights_partitioned_h32/graphsage_po2_qat_partitioned.h:63) on 'root_input_3_0_val', which is not an operation.
WARNING: [SYN 201-303] Cannot apply functional unit assignment of 'Mul_LUT' (cora_graphsage_hls_test_bundle/build/cora_hls_bundle/hls/po2_qat_root_dynamic_const_weights_partitioned_h32/graphsage_po2_qat_partitioned.h:63) on 'root_input_4_0_val', which is not an operation.
WARNING: [SYN 201-303] Cannot apply functional unit assignment of 'Mul_LUT' (cora_graphsage_hls_test_bundle/build/cora_hls_bundle/hls/po2_qat_root_dynamic_const_weights_partitioned_h32/graphsage_po2_qat_partitioned.h:63) on 'root_input_5_0_val', which is not an operation.
WARNING: [SYN 201-303] Cannot apply functional unit assignment of 'Mul_LUT' (cora_graphsage_hls_test_bundle/build/cora_hls_bundle/hls/po2_qat_root_dynamic_const_weights_partitioned_h32/graphsage_po2_qat_partitioned.h:63) on 'root_input_6_0_val', which is not an operation.
WARNING: [SYN 201-303] Cannot apply functional unit assignment of 'Mul_LUT' (cora_graphsage_hls_test_bundle/build/cora_hls_bundle/hls/po2_qat_root_dynamic_const_weights_partitioned_h32/graphsage_po2_qat_partitioned.h:63) on 'root_input_7_0_val', which is not an operation.
WARNING: [SYN 201-303] Cannot apply functional unit assignment of 'Mul_LUT' (cora_graphsage_hls_test_bundle/build/cora_hls_bundle/hls/po2_qat_root_dynamic_const_weights_partitioned_h32/graphsage_po2_qat_partitioned.h:84) on 'insertvalue' operation 64 bit ('mrv_7', cora_graphsage_hls_test_bundle/build/cora_hls_bundle/hls/po2_qat_root_dynamic_const_weights_partitioned_h32/graphsage_po2_qat_partitioned.h:120) due to incompatible operation sets.
WARNING: [SYN 201-303] Cannot apply functional unit assignment of 'Mul_LUT' (cora_graphsage_hls_test_bundle/build/cora_hls_bundle/hls/po2_qat_root_dynamic_const_weights_partitioned_h32/graphsage_po2_qat_partitioned.h:63) on 'insertvalue' operation 64 bit ('mrv_7', cora_graphsage_hls_test_bundle/build/cora_hls_bundle/hls/po2_qat_root_dynamic_const_weights_partitioned_h32/graphsage_po2_qat_partitioned.h:120) due to incompatible operation sets.
WARNING: [SYN 201-303] Cannot apply functional unit assignment of 'Mul_LUT' (cora_graphsage_hls_test_bundle/build/cora_hls_bundle/hls/po2_qat_root_dynamic_const_weights_partitioned_h32/graphsage_po2_qat_partitioned.h:84) on 'insertvalue' operation 64 bit ('mrv_7', cora_graphsage_hls_test_bundle/build/cora_hls_bundle/hls/po2_qat_root_dynamic_const_weights_partitioned_h32/graphsage_po2_qat_partitioned.h:120) due to incompatible operation sets.
WARNING: [SYN 201-303] Cannot apply functional unit assignment of 'Mul_LUT' (cora_graphsage_hls_test_bundle/build/cora_hls_bundle/hls/po2_qat_root_dynamic_const_weights_partitioned_h32/graphsage_po2_qat_partitioned.h:63) on 'insertvalue' operation 64 bit ('mrv_7', cora_graphsage_hls_test_bundle/build/cora_hls_bundle/hls/po2_qat_root_dynamic_const_weights_partitioned_h32/graphsage_po2_qat_partitioned.h:120) due to incompatible operation sets.
WARNING: [SYN 201-303] Cannot apply functional unit assignment of 'Mul_LUT' (cora_graphsage_hls_test_bundle/build/cora_hls_bundle/hls/po2_qat_root_dynamic_const_weights_partitioned_h32/graphsage_po2_qat_partitioned.h:63) on 'insertvalue' operation 64 bit ('mrv_7', cora_graphsage_hls_test_bundle/build/cora_hls_bundle/hls/po2_qat_root_dynamic_const_weights_partitioned_h32/graphsage_po2_qat_partitioned.h:120) due to incompatible operation sets.
WARNING: [SYN 201-303] Cannot apply functional unit assignment of 'Mul_LUT' (cora_graphsage_hls_test_bundle/build/cora_hls_bundle/hls/po2_qat_root_dynamic_const_weights_partitioned_h32/graphsage_po2_qat_partitioned.h:63) on 'insertvalue' operation 64 bit ('mrv_7', cora_graphsage_hls_test_bundle/build/cora_hls_bundle/hls/po2_qat_root_dynamic_const_weights_partitioned_h32/graphsage_po2_qat_partitioned.h:120) due to incompatible operation sets.
WARNING: [SYN 201-303] Cannot apply functional unit assignment of 'Mul_LUT' (cora_graphsage_hls_test_bundle/build/cora_hls_bundle/hls/po2_qat_root_dynamic_const_weights_partitioned_h32/graphsage_po2_qat_partitioned.h:84) on 'insertvalue' operation 64 bit ('mrv_7', cora_graphsage_hls_test_bundle/build/cora_hls_bundle/hls/po2_qat_root_dynamic_const_weights_partitioned_h32/graphsage_po2_qat_partitioned.h:120) due to incompatible operation sets.
WARNING: [SYN 201-303] Cannot apply functional unit assignment of 'Mul_LUT' (cora_graphsage_hls_test_bundle/build/cora_hls_bundle/hls/po2_qat_root_dynamic_const_weights_partitioned_h32/graphsage_po2_qat_partitioned.h:63) on 'insertvalue' operation 64 bit ('mrv_7', cora_graphsage_hls_test_bundle/build/cora_hls_bundle/hls/po2_qat_root_dynamic_const_weights_partitioned_h32/graphsage_po2_qat_partitioned.h:120) due to incompatible operation sets.
WARNING: [SYN 201-303] Cannot apply functional unit assignment of 'Mul_LUT' (cora_graphsage_hls_test_bundle/build/cora_hls_bundle/hls/po2_qat_root_dynamic_const_weights_partitioned_h32/graphsage_po2_qat_partitioned.h:63) on 'insertvalue' operation 64 bit ('mrv_7', cora_graphsage_hls_test_bundle/build/cora_hls_bundle/hls/po2_qat_root_dynamic_const_weights_partitioned_h32/graphsage_po2_qat_partitioned.h:120) due to incompatible operation sets.
WARNING: [SYN 201-303] Cannot apply functional unit assignment of 'Mul_LUT' (cora_graphsage_hls_test_bundle/build/cora_hls_bundle/hls/po2_qat_root_dynamic_const_weights_partitioned_h32/graphsage_po2_qat_partitioned.h:63) on 'root_input_0_4_val', which is not an operation.
WARNING: [SYN 201-303] Cannot apply functional unit assignment of 'Mul_LUT' (cora_graphsage_hls_test_bundle/build/cora_hls_bundle/hls/po2_qat_root_dynamic_const_weights_partitioned_h32/graphsage_po2_qat_partitioned.h:84) on 'root_input_0_13_val', which is not an operation.
WARNING: [SYN 201-303] Cannot apply functional unit assignment of 'Mul_LUT' (cora_graphsage_hls_test_bundle/build/cora_hls_bundle/hls/po2_qat_root_dynamic_const_weights_partitioned_h32/graphsage_po2_qat_partitioned.h:63) on 'root_input_1_4_val', which is not an operation.
WARNING: [SYN 201-303] Cannot apply functional unit assignment of 'Mul_LUT' (cora_graphsage_hls_test_bundle/build/cora_hls_bundle/hls/po2_qat_root_dynamic_const_weights_partitioned_h32/graphsage_po2_qat_partitioned.h:84) on 'root_input_1_13_val', which is not an operation.
WARNING: [SYN 201-303] Cannot apply functional unit assignment of 'Mul_LUT' (cora_graphsage_hls_test_bundle/build/cora_hls_bundle/hls/po2_qat_root_dynamic_const_weights_partitioned_h32/graphsage_po2_qat_partitioned.h:63) on 'root_input_2_4_val', which is not an operation.
WARNING: [SYN 201-303] Cannot apply functional unit assignment of 'Mul_LUT' (cora_graphsage_hls_test_bundle/build/cora_hls_bundle/hls/po2_qat_root_dynamic_const_weights_partitioned_h32/graphsage_po2_qat_partitioned.h:84) on 'root_input_2_13_val', which is not an operation.
WARNING: [SYN 201-303] Cannot apply functional unit assignment of 'Mul_LUT' (cora_graphsage_hls_test_bundle/build/cora_hls_bundle/hls/po2_qat_root_dynamic_const_weights_partitioned_h32/graphsage_po2_qat_partitioned.h:63) on 'root_input_3_4_val', which is not an operation.
WARNING: [SYN 201-303] Cannot apply functional unit assignment of 'Mul_LUT' (cora_graphsage_hls_test_bundle/build/cora_hls_bundle/hls/po2_qat_root_dynamic_const_weights_partitioned_h32/graphsage_po2_qat_partitioned.h:84) on 'root_input_3_13_val', which is not an operation.
WARNING: [SYN 201-303] Cannot apply functional unit assignment of 'Mul_LUT' (cora_graphsage_hls_test_bundle/build/cora_hls_bundle/hls/po2_qat_root_dynamic_const_weights_partitioned_h32/graphsage_po2_qat_partitioned.h:63) on 'root_input_4_4_val', which is not an operation.
WARNING: [SYN 201-303] Cannot apply functional unit assignment of 'Mul_LUT' (cora_graphsage_hls_test_bundle/build/cora_hls_bundle/hls/po2_qat_root_dynamic_const_weights_partitioned_h32/graphsage_po2_qat_partitioned.h:84) on 'root_input_4_13_val', which is not an operation.
WARNING: [SYN 201-303] Cannot apply functional unit assignment of 'Mul_LUT' (cora_graphsage_hls_test_bundle/build/cora_hls_bundle/hls/po2_qat_root_dynamic_const_weights_partitioned_h32/graphsage_po2_qat_partitioned.h:63) on 'root_input_5_4_val', which is not an operation.
WARNING: [SYN 201-303] Cannot apply functional unit assignment of 'Mul_LUT' (cora_graphsage_hls_test_bundle/build/cora_hls_bundle/hls/po2_qat_root_dynamic_const_weights_partitioned_h32/graphsage_po2_qat_partitioned.h:84) on 'root_input_5_13_val', which is not an operation.
WARNING: [SYN 201-303] Cannot apply functional unit assignment of 'Mul_LUT' (cora_graphsage_hls_test_bundle/build/cora_hls_bundle/hls/po2_qat_root_dynamic_const_weights_partitioned_h32/graphsage_po2_qat_partitioned.h:63) on 'root_input_6_4_val', which is not an operation.
WARNING: [SYN 201-303] Cannot apply functional unit assignment of 'Mul_LUT' (cora_graphsage_hls_test_bundle/build/cora_hls_bundle/hls/po2_qat_root_dynamic_const_weights_partitioned_h32/graphsage_po2_qat_partitioned.h:84) on 'root_input_6_13_val', which is not an operation.
WARNING: [SYN 201-303] Cannot apply functional unit assignment of 'Mul_LUT' (cora_graphsage_hls_test_bundle/build/cora_hls_bundle/hls/po2_qat_root_dynamic_const_weights_partitioned_h32/graphsage_po2_qat_partitioned.h:63) on 'root_input_7_4_val', which is not an operation.
WARNING: [SYN 201-303] Cannot apply functional unit assignment of 'Mul_LUT' (cora_graphsage_hls_test_bundle/build/cora_hls_bundle/hls/po2_qat_root_dynamic_const_weights_partitioned_h32/graphsage_po2_qat_partitioned.h:84) on 'root_input_7_13_val', which is not an operation.
WARNING: [SYN 201-303] Cannot apply functional unit assignment of 'Mul_LUT' (cora_graphsage_hls_test_bundle/build/cora_hls_bundle/hls/po2_qat_root_dynamic_const_weights_partitioned_h32/graphsage_po2_qat_partitioned.h:63) on 'insertvalue' operation 64 bit ('mrv_7', cora_graphsage_hls_test_bundle/build/cora_hls_bundle/hls/po2_qat_root_dynamic_const_weights_partitioned_h32/graphsage_po2_qat_partitioned.h:120) due to incompatible operation sets.
WARNING: [SYN 201-303] Cannot apply functional unit assignment of 'Mul_LUT' (cora_graphsage_hls_test_bundle/build/cora_hls_bundle/hls/po2_qat_root_dynamic_const_weights_partitioned_h32/graphsage_po2_qat_partitioned.h:63) on 'root_input_0_1_val', which is not an operation.
WARNING: [SYN 201-303] Cannot apply functional unit assignment of 'Mul_LUT' (cora_graphsage_hls_test_bundle/build/cora_hls_bundle/hls/po2_qat_root_dynamic_const_weights_partitioned_h32/graphsage_po2_qat_partitioned.h:84) on 'root_input_0_12_val', which is not an operation.
WARNING: [SYN 201-303] Cannot apply functional unit assignment of 'Mul_LUT' (cora_graphsage_hls_test_bundle/build/cora_hls_bundle/hls/po2_qat_root_dynamic_const_weights_partitioned_h32/graphsage_po2_qat_partitioned.h:84) on 'root_input_0_13_val', which is not an operation.
WARNING: [SYN 201-303] Cannot apply functional unit assignment of 'Mul_LUT' (cora_graphsage_hls_test_bundle/build/cora_hls_bundle/hls/po2_qat_root_dynamic_const_weights_partitioned_h32/graphsage_po2_qat_partitioned.h:84) on 'root_input_0_14_val', which is not an operation.
WARNING: [SYN 201-303] Cannot apply functional unit assignment of 'Mul_LUT' (cora_graphsage_hls_test_bundle/build/cora_hls_bundle/hls/po2_qat_root_dynamic_const_weights_partitioned_h32/graphsage_po2_qat_partitioned.h:63) on 'root_input_1_1_val', which is not an operation.
WARNING: [SYN 201-303] Cannot apply functional unit assignment of 'Mul_LUT' (cora_graphsage_hls_test_bundle/build/cora_hls_bundle/hls/po2_qat_root_dynamic_const_weights_partitioned_h32/graphsage_po2_qat_partitioned.h:84) on 'root_input_1_12_val', which is not an operation.
WARNING: [SYN 201-303] Cannot apply functional unit assignment of 'Mul_LUT' (cora_graphsage_hls_test_bundle/build/cora_hls_bundle/hls/po2_qat_root_dynamic_const_weights_partitioned_h32/graphsage_po2_qat_partitioned.h:84) on 'root_input_1_13_val', which is not an operation.
WARNING: [SYN 201-303] Cannot apply functional unit assignment of 'Mul_LUT' (cora_graphsage_hls_test_bundle/build/cora_hls_bundle/hls/po2_qat_root_dynamic_const_weights_partitioned_h32/graphsage_po2_qat_partitioned.h:84) on 'root_input_1_14_val', which is not an operation.
WARNING: [SYN 201-303] Cannot apply functional unit assignment of 'Mul_LUT' (cora_graphsage_hls_test_bundle/build/cora_hls_bundle/hls/po2_qat_root_dynamic_const_weights_partitioned_h32/graphsage_po2_qat_partitioned.h:63) on 'root_input_2_1_val', which is not an operation.
WARNING: [SYN 201-303] Cannot apply functional unit assignment of 'Mul_LUT' (cora_graphsage_hls_test_bundle/build/cora_hls_bundle/hls/po2_qat_root_dynamic_const_weights_partitioned_h32/graphsage_po2_qat_partitioned.h:84) on 'root_input_2_12_val', which is not an operation.
WARNING: [SYN 201-303] Cannot apply functional unit assignment of 'Mul_LUT' (cora_graphsage_hls_test_bundle/build/cora_hls_bundle/hls/po2_qat_root_dynamic_const_weights_partitioned_h32/graphsage_po2_qat_partitioned.h:84) on 'root_input_2_13_val', which is not an operation.
WARNING: [SYN 201-303] Cannot apply functional unit assignment of 'Mul_LUT' (cora_graphsage_hls_test_bundle/build/cora_hls_bundle/hls/po2_qat_root_dynamic_const_weights_partitioned_h32/graphsage_po2_qat_partitioned.h:84) on 'root_input_2_14_val', which is not an operation.
WARNING: [SYN 201-303] Cannot apply functional unit assignment of 'Mul_LUT' (cora_graphsage_hls_test_bundle/build/cora_hls_bundle/hls/po2_qat_root_dynamic_const_weights_partitioned_h32/graphsage_po2_qat_partitioned.h:63) on 'root_input_3_1_val', which is not an operation.
WARNING: [SYN 201-303] Cannot apply functional unit assignment of 'Mul_LUT' (cora_graphsage_hls_test_bundle/build/cora_hls_bundle/hls/po2_qat_root_dynamic_const_weights_partitioned_h32/graphsage_po2_qat_partitioned.h:84) on 'root_input_3_12_val', which is not an operation.
WARNING: [SYN 201-303] Cannot apply functional unit assignment of 'Mul_LUT' (cora_graphsage_hls_test_bundle/build/cora_hls_bundle/hls/po2_qat_root_dynamic_const_weights_partitioned_h32/graphsage_po2_qat_partitioned.h:84) on 'root_input_3_13_val', which is not an operation.
WARNING: [SYN 201-303] Cannot apply functional unit assignment of 'Mul_LUT' (cora_graphsage_hls_test_bundle/build/cora_hls_bundle/hls/po2_qat_root_dynamic_const_weights_partitioned_h32/graphsage_po2_qat_partitioned.h:84) on 'root_input_3_14_val', which is not an operation.
WARNING: [SYN 201-303] Cannot apply functional unit assignment of 'Mul_LUT' (cora_graphsage_hls_test_bundle/build/cora_hls_bundle/hls/po2_qat_root_dynamic_const_weights_partitioned_h32/graphsage_po2_qat_partitioned.h:63) on 'root_input_4_1_val', which is not an operation.
WARNING: [SYN 201-303] Cannot apply functional unit assignment of 'Mul_LUT' (cora_graphsage_hls_test_bundle/build/cora_hls_bundle/hls/po2_qat_root_dynamic_const_weights_partitioned_h32/graphsage_po2_qat_partitioned.h:84) on 'root_input_4_12_val', which is not an operation.
WARNING: [SYN 201-303] Cannot apply functional unit assignment of 'Mul_LUT' (cora_graphsage_hls_test_bundle/build/cora_hls_bundle/hls/po2_qat_root_dynamic_const_weights_partitioned_h32/graphsage_po2_qat_partitioned.h:84) on 'root_input_4_13_val', which is not an operation.
WARNING: [SYN 201-303] Cannot apply functional unit assignment of 'Mul_LUT' (cora_graphsage_hls_test_bundle/build/cora_hls_bundle/hls/po2_qat_root_dynamic_const_weights_partitioned_h32/graphsage_po2_qat_partitioned.h:84) on 'root_input_4_14_val', which is not an operation.
WARNING: [SYN 201-303] Cannot apply functional unit assignment of 'Mul_LUT' (cora_graphsage_hls_test_bundle/build/cora_hls_bundle/hls/po2_qat_root_dynamic_const_weights_partitioned_h32/graphsage_po2_qat_partitioned.h:63) on 'root_input_5_1_val', which is not an operation.
WARNING: [SYN 201-303] Cannot apply functional unit assignment of 'Mul_LUT' (cora_graphsage_hls_test_bundle/build/cora_hls_bundle/hls/po2_qat_root_dynamic_const_weights_partitioned_h32/graphsage_po2_qat_partitioned.h:84) on 'root_input_5_12_val', which is not an operation.
WARNING: [SYN 201-303] Cannot apply functional unit assignment of 'Mul_LUT' (cora_graphsage_hls_test_bundle/build/cora_hls_bundle/hls/po2_qat_root_dynamic_const_weights_partitioned_h32/graphsage_po2_qat_partitioned.h:84) on 'root_input_5_13_val', which is not an operation.
WARNING: [SYN 201-303] Cannot apply functional unit assignment of 'Mul_LUT' (cora_graphsage_hls_test_bundle/build/cora_hls_bundle/hls/po2_qat_root_dynamic_const_weights_partitioned_h32/graphsage_po2_qat_partitioned.h:84) on 'root_input_5_14_val', which is not an operation.
WARNING: [SYN 201-303] Cannot apply functional unit assignment of 'Mul_LUT' (cora_graphsage_hls_test_bundle/build/cora_hls_bundle/hls/po2_qat_root_dynamic_const_weights_partitioned_h32/graphsage_po2_qat_partitioned.h:63) on 'root_input_6_1_val', which is not an operation.
WARNING: [SYN 201-303] Cannot apply functional unit assignment of 'Mul_LUT' (cora_graphsage_hls_test_bundle/build/cora_hls_bundle/hls/po2_qat_root_dynamic_const_weights_partitioned_h32/graphsage_po2_qat_partitioned.h:84) on 'root_input_6_12_val', which is not an operation.
WARNING: [SYN 201-303] Cannot apply functional unit assignment of 'Mul_LUT' (cora_graphsage_hls_test_bundle/build/cora_hls_bundle/hls/po2_qat_root_dynamic_const_weights_partitioned_h32/graphsage_po2_qat_partitioned.h:84) on 'root_input_6_13_val', which is not an operation.
WARNING: [SYN 201-303] Cannot apply functional unit assignment of 'Mul_LUT' (cora_graphsage_hls_test_bundle/build/cora_hls_bundle/hls/po2_qat_root_dynamic_const_weights_partitioned_h32/graphsage_po2_qat_partitioned.h:84) on 'root_input_6_14_val', which is not an operation.
WARNING: [SYN 201-303] Cannot apply functional unit assignment of 'Mul_LUT' (cora_graphsage_hls_test_bundle/build/cora_hls_bundle/hls/po2_qat_root_dynamic_const_weights_partitioned_h32/graphsage_po2_qat_partitioned.h:63) on 'root_input_7_1_val', which is not an operation.
WARNING: [SYN 201-303] Cannot apply functional unit assignment of 'Mul_LUT' (cora_graphsage_hls_test_bundle/build/cora_hls_bundle/hls/po2_qat_root_dynamic_const_weights_partitioned_h32/graphsage_po2_qat_partitioned.h:84) on 'root_input_7_12_val', which is not an operation.
WARNING: [SYN 201-303] Cannot apply functional unit assignment of 'Mul_LUT' (cora_graphsage_hls_test_bundle/build/cora_hls_bundle/hls/po2_qat_root_dynamic_const_weights_partitioned_h32/graphsage_po2_qat_partitioned.h:84) on 'root_input_7_13_val', which is not an operation.
WARNING: [SYN 201-303] Cannot apply functional unit assignment of 'Mul_LUT' (cora_graphsage_hls_test_bundle/build/cora_hls_bundle/hls/po2_qat_root_dynamic_const_weights_partitioned_h32/graphsage_po2_qat_partitioned.h:84) on 'root_input_7_14_val', which is not an operation.
WARNING: [SYN 201-303] Cannot apply functional unit assignment of 'Mul_LUT' (cora_graphsage_hls_test_bundle/build/cora_hls_bundle/hls/po2_qat_root_dynamic_const_weights_partitioned_h32/graphsage_po2_qat_partitioned.h:63) on 'insertvalue' operation 64 bit ('mrv_7', cora_graphsage_hls_test_bundle/build/cora_hls_bundle/hls/po2_qat_root_dynamic_const_weights_partitioned_h32/graphsage_po2_qat_partitioned.h:120) due to incompatible operation sets.
WARNING: [SYN 201-303] Cannot apply functional unit assignment of 'Mul_LUT' (cora_graphsage_hls_test_bundle/build/cora_hls_bundle/hls/po2_qat_root_dynamic_const_weights_partitioned_h32/graphsage_po2_qat_partitioned.h:84) on 'root_input_0_15_val', which is not an operation.
WARNING: [SYN 201-303] Cannot apply functional unit assignment of 'Mul_LUT' (cora_graphsage_hls_test_bundle/build/cora_hls_bundle/hls/po2_qat_root_dynamic_const_weights_partitioned_h32/graphsage_po2_qat_partitioned.h:84) on 'root_input_1_15_val', which is not an operation.
WARNING: [SYN 201-303] Cannot apply functional unit assignment of 'Mul_LUT' (cora_graphsage_hls_test_bundle/build/cora_hls_bundle/hls/po2_qat_root_dynamic_const_weights_partitioned_h32/graphsage_po2_qat_partitioned.h:84) on 'root_input_2_15_val', which is not an operation.
WARNING: [SYN 201-303] Cannot apply functional unit assignment of 'Mul_LUT' (cora_graphsage_hls_test_bundle/build/cora_hls_bundle/hls/po2_qat_root_dynamic_const_weights_partitioned_h32/graphsage_po2_qat_partitioned.h:84) on 'root_input_3_15_val', which is not an operation.
WARNING: [SYN 201-303] Cannot apply functional unit assignment of 'Mul_LUT' (cora_graphsage_hls_test_bundle/build/cora_hls_bundle/hls/po2_qat_root_dynamic_const_weights_partitioned_h32/graphsage_po2_qat_partitioned.h:84) on 'root_input_4_15_val', which is not an operation.
WARNING: [SYN 201-303] Cannot apply functional unit assignment of 'Mul_LUT' (cora_graphsage_hls_test_bundle/build/cora_hls_bundle/hls/po2_qat_root_dynamic_const_weights_partitioned_h32/graphsage_po2_qat_partitioned.h:84) on 'root_input_5_15_val', which is not an operation.
WARNING: [SYN 201-303] Cannot apply functional unit assignment of 'Mul_LUT' (cora_graphsage_hls_test_bundle/build/cora_hls_bundle/hls/po2_qat_root_dynamic_const_weights_partitioned_h32/graphsage_po2_qat_partitioned.h:84) on 'root_input_6_15_val', which is not an operation.
WARNING: [SYN 201-303] Cannot apply functional unit assignment of 'Mul_LUT' (cora_graphsage_hls_test_bundle/build/cora_hls_bundle/hls/po2_qat_root_dynamic_const_weights_partitioned_h32/graphsage_po2_qat_partitioned.h:84) on 'root_input_7_15_val', which is not an operation.
WARNING: [SYN 201-303] Cannot apply functional unit assignment of 'Mul_LUT' (cora_graphsage_hls_test_bundle/build/cora_hls_bundle/hls/po2_qat_root_dynamic_const_weights_partitioned_h32/graphsage_po2_qat_partitioned.h:63) on 'insertvalue' operation 64 bit ('mrv_7', cora_graphsage_hls_test_bundle/build/cora_hls_bundle/hls/po2_qat_root_dynamic_const_weights_partitioned_h32/graphsage_po2_qat_partitioned.h:120) due to incompatible operation sets.
WARNING: [SYN 201-303] Cannot apply functional unit assignment of 'Mul_LUT' (cora_graphsage_hls_test_bundle/build/cora_hls_bundle/hls/po2_qat_root_dynamic_const_weights_partitioned_h32/graphsage_po2_qat_partitioned.h:63) on 'insertvalue' operation 64 bit ('mrv_7', cora_graphsage_hls_test_bundle/build/cora_hls_bundle/hls/po2_qat_root_dynamic_const_weights_partitioned_h32/graphsage_po2_qat_partitioned.h:120) due to incompatible operation sets.
WARNING: [SYN 201-303] Cannot apply functional unit assignment of 'Mul_LUT' (cora_graphsage_hls_test_bundle/build/cora_hls_bundle/hls/po2_qat_root_dynamic_const_weights_partitioned_h32/graphsage_po2_qat_partitioned.h:63) on 'insertvalue' operation 64 bit ('mrv_7', cora_graphsage_hls_test_bundle/build/cora_hls_bundle/hls/po2_qat_root_dynamic_const_weights_partitioned_h32/graphsage_po2_qat_partitioned.h:120) due to incompatible operation sets.
WARNING: [SYN 201-303] Cannot apply functional unit assignment of 'Mul_LUT' (cora_graphsage_hls_test_bundle/build/cora_hls_bundle/hls/po2_qat_root_dynamic_const_weights_partitioned_h32/graphsage_po2_qat_partitioned.h:63) on 'insertvalue' operation 64 bit ('mrv_7', cora_graphsage_hls_test_bundle/build/cora_hls_bundle/hls/po2_qat_root_dynamic_const_weights_partitioned_h32/graphsage_po2_qat_partitioned.h:120) due to incompatible operation sets.
WARNING: [SYN 201-303] Cannot apply functional unit assignment of 'Mul_LUT' (cora_graphsage_hls_test_bundle/build/cora_hls_bundle/hls/po2_qat_root_dynamic_const_weights_partitioned_h32/graphsage_po2_qat_partitioned.h:63) on 'insertvalue' operation 64 bit ('mrv_7', cora_graphsage_hls_test_bundle/build/cora_hls_bundle/hls/po2_qat_root_dynamic_const_weights_partitioned_h32/graphsage_po2_qat_partitioned.h:120) due to incompatible operation sets.
WARNING: [SYN 201-303] Cannot apply functional unit assignment of 'Mul_LUT' (cora_graphsage_hls_test_bundle/build/cora_hls_bundle/hls/po2_qat_root_dynamic_const_weights_partitioned_h32/graphsage_po2_qat_partitioned.h:63) on 'root_input_0_0_val', which is not an operation.
WARNING: [SYN 201-303] Cannot apply functional unit assignment of 'Mul_LUT' (cora_graphsage_hls_test_bundle/build/cora_hls_bundle/hls/po2_qat_root_dynamic_const_weights_partitioned_h32/graphsage_po2_qat_partitioned.h:84) on 'insertvalue' operation 64 bit ('mrv_7', cora_graphsage_hls_test_bundle/build/cora_hls_bundle/hls/po2_qat_root_dynamic_const_weights_partitioned_h32/graphsage_po2_qat_partitioned.h:120) due to incompatible operation sets.
WARNING: [SYN 201-303] Cannot apply functional unit assignment of 'Mul_LUT' (cora_graphsage_hls_test_bundle/build/cora_hls_bundle/hls/po2_qat_root_dynamic_const_weights_partitioned_h32/graphsage_po2_qat_partitioned.h:63) on 'root_input_1_0_val', which is not an operation.
WARNING: [SYN 201-303] Cannot apply functional unit assignment of 'Mul_LUT' (cora_graphsage_hls_test_bundle/build/cora_hls_bundle/hls/po2_qat_root_dynamic_const_weights_partitioned_h32/graphsage_po2_qat_partitioned.h:63) on 'root_input_2_0_val', which is not an operation.
WARNING: [SYN 201-303] Cannot apply functional unit assignment of 'Mul_LUT' (cora_graphsage_hls_test_bundle/build/cora_hls_bundle/hls/po2_qat_root_dynamic_const_weights_partitioned_h32/graphsage_po2_qat_partitioned.h:63) on 'root_input_3_0_val', which is not an operation.
WARNING: [SYN 201-303] Cannot apply functional unit assignment of 'Mul_LUT' (cora_graphsage_hls_test_bundle/build/cora_hls_bundle/hls/po2_qat_root_dynamic_const_weights_partitioned_h32/graphsage_po2_qat_partitioned.h:63) on 'root_input_4_0_val', which is not an operation.
WARNING: [SYN 201-303] Cannot apply functional unit assignment of 'Mul_LUT' (cora_graphsage_hls_test_bundle/build/cora_hls_bundle/hls/po2_qat_root_dynamic_const_weights_partitioned_h32/graphsage_po2_qat_partitioned.h:63) on 'root_input_5_0_val', which is not an operation.
WARNING: [SYN 201-303] Cannot apply functional unit assignment of 'Mul_LUT' (cora_graphsage_hls_test_bundle/build/cora_hls_bundle/hls/po2_qat_root_dynamic_const_weights_partitioned_h32/graphsage_po2_qat_partitioned.h:63) on 'root_input_6_0_val', which is not an operation.
WARNING: [SYN 201-303] Cannot apply functional unit assignment of 'Mul_LUT' (cora_graphsage_hls_test_bundle/build/cora_hls_bundle/hls/po2_qat_root_dynamic_const_weights_partitioned_h32/graphsage_po2_qat_partitioned.h:63) on 'root_input_7_0_val', which is not an operation.
WARNING: [SYN 201-303] Cannot apply functional unit assignment of 'Mul_LUT' (cora_graphsage_hls_test_bundle/build/cora_hls_bundle/hls/po2_qat_root_dynamic_const_weights_partitioned_h32/graphsage_po2_qat_partitioned.h:63) on 'insertvalue' operation 64 bit ('mrv_7', cora_graphsage_hls_test_bundle/build/cora_hls_bundle/hls/po2_qat_root_dynamic_const_weights_partitioned_h32/graphsage_po2_qat_partitioned.h:120) due to incompatible operation sets.
WARNING: [SYN 201-303] Cannot apply functional unit assignment of 'Mul_LUT' (cora_graphsage_hls_test_bundle/build/cora_hls_bundle/hls/po2_qat_root_dynamic_const_weights_partitioned_h32/graphsage_po2_qat_partitioned.h:63) on 'insertvalue' operation 64 bit ('mrv_7', cora_graphsage_hls_test_bundle/build/cora_hls_bundle/hls/po2_qat_root_dynamic_const_weights_partitioned_h32/graphsage_po2_qat_partitioned.h:120) due to incompatible operation sets.
WARNING: [SYN 201-303] Cannot apply functional unit assignment of 'Mul_LUT' (cora_graphsage_hls_test_bundle/build/cora_hls_bundle/hls/po2_qat_root_dynamic_const_weights_partitioned_h32/graphsage_po2_qat_partitioned.h:84) on 'insertvalue' operation 64 bit ('mrv_7', cora_graphsage_hls_test_bundle/build/cora_hls_bundle/hls/po2_qat_root_dynamic_const_weights_partitioned_h32/graphsage_po2_qat_partitioned.h:120) due to incompatible operation sets.
WARNING: [SYN 201-303] Cannot apply functional unit assignment of 'Mul_LUT' (cora_graphsage_hls_test_bundle/build/cora_hls_bundle/hls/po2_qat_root_dynamic_const_weights_partitioned_h32/graphsage_po2_qat_partitioned.h:63) on 'insertvalue' operation 64 bit ('mrv_7', cora_graphsage_hls_test_bundle/build/cora_hls_bundle/hls/po2_qat_root_dynamic_const_weights_partitioned_h32/graphsage_po2_qat_partitioned.h:120) due to incompatible operation sets.
WARNING: [SYN 201-303] Cannot apply functional unit assignment of 'Mul_LUT' (cora_graphsage_hls_test_bundle/build/cora_hls_bundle/hls/po2_qat_root_dynamic_const_weights_partitioned_h32/graphsage_po2_qat_partitioned.h:63) on 'insertvalue' operation 64 bit ('mrv_7', cora_graphsage_hls_test_bundle/build/cora_hls_bundle/hls/po2_qat_root_dynamic_const_weights_partitioned_h32/graphsage_po2_qat_partitioned.h:120) due to incompatible operation sets.
WARNING: [SYN 201-303] Cannot apply functional unit assignment of 'Mul_LUT' (cora_graphsage_hls_test_bundle/build/cora_hls_bundle/hls/po2_qat_root_dynamic_const_weights_partitioned_h32/graphsage_po2_qat_partitioned.h:150) on 'aggregate_input_0_0_val', which is not an operation.
WARNING: [SYN 201-303] Cannot apply functional unit assignment of 'Mul_LUT' (cora_graphsage_hls_test_bundle/build/cora_hls_bundle/hls/po2_qat_root_dynamic_const_weights_partitioned_h32/graphsage_po2_qat_partitioned.h:150) on 'aggregate_input_0_4_val', which is not an operation.
WARNING: [SYN 201-303] Cannot apply functional unit assignment of 'Mul_LUT' (cora_graphsage_hls_test_bundle/build/cora_hls_bundle/hls/po2_qat_root_dynamic_const_weights_partitioned_h32/graphsage_po2_qat_partitioned.h:171) on 'insertvalue' operation 64 bit ('mrv_7', cora_graphsage_hls_test_bundle/build/cora_hls_bundle/hls/po2_qat_root_dynamic_const_weights_partitioned_h32/graphsage_po2_qat_partitioned.h:207) due to incompatible operation sets.
WARNING: [SYN 201-303] Cannot apply functional unit assignment of 'Mul_LUT' (cora_graphsage_hls_test_bundle/build/cora_hls_bundle/hls/po2_qat_root_dynamic_const_weights_partitioned_h32/graphsage_po2_qat_partitioned.h:150) on 'aggregate_input_1_0_val', which is not an operation.
WARNING: [SYN 201-303] Cannot apply functional unit assignment of 'Mul_LUT' (cora_graphsage_hls_test_bundle/build/cora_hls_bundle/hls/po2_qat_root_dynamic_const_weights_partitioned_h32/graphsage_po2_qat_partitioned.h:150) on 'aggregate_input_1_4_val', which is not an operation.
WARNING: [SYN 201-303] Cannot apply functional unit assignment of 'Mul_LUT' (cora_graphsage_hls_test_bundle/build/cora_hls_bundle/hls/po2_qat_root_dynamic_const_weights_partitioned_h32/graphsage_po2_qat_partitioned.h:150) on 'aggregate_input_2_0_val', which is not an operation.
WARNING: [SYN 201-303] Cannot apply functional unit assignment of 'Mul_LUT' (cora_graphsage_hls_test_bundle/build/cora_hls_bundle/hls/po2_qat_root_dynamic_const_weights_partitioned_h32/graphsage_po2_qat_partitioned.h:150) on 'aggregate_input_2_4_val', which is not an operation.
WARNING: [SYN 201-303] Cannot apply functional unit assignment of 'Mul_LUT' (cora_graphsage_hls_test_bundle/build/cora_hls_bundle/hls/po2_qat_root_dynamic_const_weights_partitioned_h32/graphsage_po2_qat_partitioned.h:150) on 'aggregate_input_3_0_val', which is not an operation.
WARNING: [SYN 201-303] Cannot apply functional unit assignment of 'Mul_LUT' (cora_graphsage_hls_test_bundle/build/cora_hls_bundle/hls/po2_qat_root_dynamic_const_weights_partitioned_h32/graphsage_po2_qat_partitioned.h:150) on 'aggregate_input_3_4_val', which is not an operation.
WARNING: [SYN 201-303] Cannot apply functional unit assignment of 'Mul_LUT' (cora_graphsage_hls_test_bundle/build/cora_hls_bundle/hls/po2_qat_root_dynamic_const_weights_partitioned_h32/graphsage_po2_qat_partitioned.h:150) on 'aggregate_input_4_0_val', which is not an operation.
WARNING: [SYN 201-303] Cannot apply functional unit assignment of 'Mul_LUT' (cora_graphsage_hls_test_bundle/build/cora_hls_bundle/hls/po2_qat_root_dynamic_const_weights_partitioned_h32/graphsage_po2_qat_partitioned.h:150) on 'aggregate_input_4_4_val', which is not an operation.
WARNING: [SYN 201-303] Cannot apply functional unit assignment of 'Mul_LUT' (cora_graphsage_hls_test_bundle/build/cora_hls_bundle/hls/po2_qat_root_dynamic_const_weights_partitioned_h32/graphsage_po2_qat_partitioned.h:150) on 'aggregate_input_5_0_val', which is not an operation.
WARNING: [SYN 201-303] Cannot apply functional unit assignment of 'Mul_LUT' (cora_graphsage_hls_test_bundle/build/cora_hls_bundle/hls/po2_qat_root_dynamic_const_weights_partitioned_h32/graphsage_po2_qat_partitioned.h:150) on 'aggregate_input_5_4_val', which is not an operation.
WARNING: [SYN 201-303] Cannot apply functional unit assignment of 'Mul_LUT' (cora_graphsage_hls_test_bundle/build/cora_hls_bundle/hls/po2_qat_root_dynamic_const_weights_partitioned_h32/graphsage_po2_qat_partitioned.h:150) on 'aggregate_input_6_0_val', which is not an operation.
WARNING: [SYN 201-303] Cannot apply functional unit assignment of 'Mul_LUT' (cora_graphsage_hls_test_bundle/build/cora_hls_bundle/hls/po2_qat_root_dynamic_const_weights_partitioned_h32/graphsage_po2_qat_partitioned.h:150) on 'aggregate_input_6_4_val', which is not an operation.
WARNING: [SYN 201-303] Cannot apply functional unit assignment of 'Mul_LUT' (cora_graphsage_hls_test_bundle/build/cora_hls_bundle/hls/po2_qat_root_dynamic_const_weights_partitioned_h32/graphsage_po2_qat_partitioned.h:150) on 'aggregate_input_7_0_val', which is not an operation.
WARNING: [SYN 201-303] Cannot apply functional unit assignment of 'Mul_LUT' (cora_graphsage_hls_test_bundle/build/cora_hls_bundle/hls/po2_qat_root_dynamic_const_weights_partitioned_h32/graphsage_po2_qat_partitioned.h:150) on 'aggregate_input_7_4_val', which is not an operation.
WARNING: [SYN 201-303] Cannot apply functional unit assignment of 'Mul_LUT' (cora_graphsage_hls_test_bundle/build/cora_hls_bundle/hls/po2_qat_root_dynamic_const_weights_partitioned_h32/graphsage_po2_qat_partitioned.h:150) on 'insertvalue' operation 64 bit ('mrv_7', cora_graphsage_hls_test_bundle/build/cora_hls_bundle/hls/po2_qat_root_dynamic_const_weights_partitioned_h32/graphsage_po2_qat_partitioned.h:207) due to incompatible operation sets.
WARNING: [SYN 201-303] Cannot apply functional unit assignment of 'Mul_LUT' (cora_graphsage_hls_test_bundle/build/cora_hls_bundle/hls/po2_qat_root_dynamic_const_weights_partitioned_h32/graphsage_po2_qat_partitioned.h:150) on 'insertvalue' operation 64 bit ('mrv_7', cora_graphsage_hls_test_bundle/build/cora_hls_bundle/hls/po2_qat_root_dynamic_const_weights_partitioned_h32/graphsage_po2_qat_partitioned.h:207) due to incompatible operation sets.
WARNING: [SYN 201-303] Cannot apply functional unit assignment of 'Mul_LUT' (cora_graphsage_hls_test_bundle/build/cora_hls_bundle/hls/po2_qat_root_dynamic_const_weights_partitioned_h32/graphsage_po2_qat_partitioned.h:150) on 'insertvalue' operation 64 bit ('mrv_7', cora_graphsage_hls_test_bundle/build/cora_hls_bundle/hls/po2_qat_root_dynamic_const_weights_partitioned_h32/graphsage_po2_qat_partitioned.h:207) due to incompatible operation sets.
WARNING: [SYN 201-303] Cannot apply functional unit assignment of 'Mul_LUT' (cora_graphsage_hls_test_bundle/build/cora_hls_bundle/hls/po2_qat_root_dynamic_const_weights_partitioned_h32/graphsage_po2_qat_partitioned.h:150) on 'aggregate_input_0_0_val', which is not an operation.
WARNING: [SYN 201-303] Cannot apply functional unit assignment of 'Mul_LUT' (cora_graphsage_hls_test_bundle/build/cora_hls_bundle/hls/po2_qat_root_dynamic_const_weights_partitioned_h32/graphsage_po2_qat_partitioned.h:171) on 'insertvalue' operation 64 bit ('mrv_7', cora_graphsage_hls_test_bundle/build/cora_hls_bundle/hls/po2_qat_root_dynamic_const_weights_partitioned_h32/graphsage_po2_qat_partitioned.h:207) due to incompatible operation sets.
WARNING: [SYN 201-303] Cannot apply functional unit assignment of 'Mul_LUT' (cora_graphsage_hls_test_bundle/build/cora_hls_bundle/hls/po2_qat_root_dynamic_const_weights_partitioned_h32/graphsage_po2_qat_partitioned.h:150) on 'aggregate_input_1_0_val', which is not an operation.
WARNING: [SYN 201-303] Cannot apply functional unit assignment of 'Mul_LUT' (cora_graphsage_hls_test_bundle/build/cora_hls_bundle/hls/po2_qat_root_dynamic_const_weights_partitioned_h32/graphsage_po2_qat_partitioned.h:150) on 'aggregate_input_2_0_val', which is not an operation.
WARNING: [SYN 201-303] Cannot apply functional unit assignment of 'Mul_LUT' (cora_graphsage_hls_test_bundle/build/cora_hls_bundle/hls/po2_qat_root_dynamic_const_weights_partitioned_h32/graphsage_po2_qat_partitioned.h:150) on 'aggregate_input_3_0_val', which is not an operation.
WARNING: [SYN 201-303] Cannot apply functional unit assignment of 'Mul_LUT' (cora_graphsage_hls_test_bundle/build/cora_hls_bundle/hls/po2_qat_root_dynamic_const_weights_partitioned_h32/graphsage_po2_qat_partitioned.h:150) on 'aggregate_input_4_0_val', which is not an operation.
WARNING: [SYN 201-303] Cannot apply functional unit assignment of 'Mul_LUT' (cora_graphsage_hls_test_bundle/build/cora_hls_bundle/hls/po2_qat_root_dynamic_const_weights_partitioned_h32/graphsage_po2_qat_partitioned.h:150) on 'aggregate_input_5_0_val', which is not an operation.
WARNING: [SYN 201-303] Cannot apply functional unit assignment of 'Mul_LUT' (cora_graphsage_hls_test_bundle/build/cora_hls_bundle/hls/po2_qat_root_dynamic_const_weights_partitioned_h32/graphsage_po2_qat_partitioned.h:150) on 'aggregate_input_6_0_val', which is not an operation.
WARNING: [SYN 201-303] Cannot apply functional unit assignment of 'Mul_LUT' (cora_graphsage_hls_test_bundle/build/cora_hls_bundle/hls/po2_qat_root_dynamic_const_weights_partitioned_h32/graphsage_po2_qat_partitioned.h:150) on 'aggregate_input_7_0_val', which is not an operation.
WARNING: [SYN 201-303] Cannot apply functional unit assignment of 'Mul_LUT' (cora_graphsage_hls_test_bundle/build/cora_hls_bundle/hls/po2_qat_root_dynamic_const_weights_partitioned_h32/graphsage_po2_qat_partitioned.h:150) on 'insertvalue' operation 64 bit ('mrv_7', cora_graphsage_hls_test_bundle/build/cora_hls_bundle/hls/po2_qat_root_dynamic_const_weights_partitioned_h32/graphsage_po2_qat_partitioned.h:207) due to incompatible operation sets.
WARNING: [SYN 201-303] Cannot apply functional unit assignment of 'Mul_LUT' (cora_graphsage_hls_test_bundle/build/cora_hls_bundle/hls/po2_qat_root_dynamic_const_weights_partitioned_h32/graphsage_po2_qat_partitioned.h:150) on 'insertvalue' operation 64 bit ('mrv_7', cora_graphsage_hls_test_bundle/build/cora_hls_bundle/hls/po2_qat_root_dynamic_const_weights_partitioned_h32/graphsage_po2_qat_partitioned.h:207) due to incompatible operation sets.
WARNING: [SYN 201-303] Cannot apply functional unit assignment of 'Mul_LUT' (cora_graphsage_hls_test_bundle/build/cora_hls_bundle/hls/po2_qat_root_dynamic_const_weights_partitioned_h32/graphsage_po2_qat_partitioned.h:171) on 'insertvalue' operation 64 bit ('mrv_7', cora_graphsage_hls_test_bundle/build/cora_hls_bundle/hls/po2_qat_root_dynamic_const_weights_partitioned_h32/graphsage_po2_qat_partitioned.h:207) due to incompatible operation sets.
WARNING: [SYN 201-303] Cannot apply functional unit assignment of 'Mul_LUT' (cora_graphsage_hls_test_bundle/build/cora_hls_bundle/hls/po2_qat_root_dynamic_const_weights_partitioned_h32/graphsage_po2_qat_partitioned.h:150) on 'insertvalue' operation 64 bit ('mrv_7', cora_graphsage_hls_test_bundle/build/cora_hls_bundle/hls/po2_qat_root_dynamic_const_weights_partitioned_h32/graphsage_po2_qat_partitioned.h:207) due to incompatible operation sets.
WARNING: [SYN 201-303] Cannot apply functional unit assignment of 'Mul_LUT' (cora_graphsage_hls_test_bundle/build/cora_hls_bundle/hls/po2_qat_root_dynamic_const_weights_partitioned_h32/graphsage_po2_qat_partitioned.h:150) on 'insertvalue' operation 64 bit ('mrv_7', cora_graphsage_hls_test_bundle/build/cora_hls_bundle/hls/po2_qat_root_dynamic_const_weights_partitioned_h32/graphsage_po2_qat_partitioned.h:207) due to incompatible operation sets.
WARNING: [SYN 201-303] Cannot apply functional unit assignment of 'Mul_LUT' (cora_graphsage_hls_test_bundle/build/cora_hls_bundle/hls/po2_qat_root_dynamic_const_weights_partitioned_h32/graphsage_po2_qat_partitioned.h:150) on 'insertvalue' operation 64 bit ('mrv_7', cora_graphsage_hls_test_bundle/build/cora_hls_bundle/hls/po2_qat_root_dynamic_const_weights_partitioned_h32/graphsage_po2_qat_partitioned.h:207) due to incompatible operation sets.
WARNING: [SYN 201-303] Cannot apply functional unit assignment of 'Mul_LUT' (cora_graphsage_hls_test_bundle/build/cora_hls_bundle/hls/po2_qat_root_dynamic_const_weights_partitioned_h32/graphsage_po2_qat_partitioned.h:150) on 'insertvalue' operation 64 bit ('mrv_7', cora_graphsage_hls_test_bundle/build/cora_hls_bundle/hls/po2_qat_root_dynamic_const_weights_partitioned_h32/graphsage_po2_qat_partitioned.h:207) due to incompatible operation sets.
WARNING: [SYN 201-303] Cannot apply functional unit assignment of 'Mul_LUT' (cora_graphsage_hls_test_bundle/build/cora_hls_bundle/hls/po2_qat_root_dynamic_const_weights_partitioned_h32/graphsage_po2_qat_partitioned.h:150) on 'insertvalue' operation 64 bit ('mrv_7', cora_graphsage_hls_test_bundle/build/cora_hls_bundle/hls/po2_qat_root_dynamic_const_weights_partitioned_h32/graphsage_po2_qat_partitioned.h:207) due to incompatible operation sets.
WARNING: [SYN 201-303] Cannot apply functional unit assignment of 'Mul_LUT' (cora_graphsage_hls_test_bundle/build/cora_hls_bundle/hls/po2_qat_root_dynamic_const_weights_partitioned_h32/graphsage_po2_qat_partitioned.h:150) on 'insertvalue' operation 64 bit ('mrv_7', cora_graphsage_hls_test_bundle/build/cora_hls_bundle/hls/po2_qat_root_dynamic_const_weights_partitioned_h32/graphsage_po2_qat_partitioned.h:207) due to incompatible operation sets.
WARNING: [SYN 201-303] Cannot apply functional unit assignment of 'Mul_LUT' (cora_graphsage_hls_test_bundle/build/cora_hls_bundle/hls/po2_qat_root_dynamic_const_weights_partitioned_h32/graphsage_po2_qat_partitioned.h:150) on 'insertvalue' operation 64 bit ('mrv_7', cora_graphsage_hls_test_bundle/build/cora_hls_bundle/hls/po2_qat_root_dynamic_const_weights_partitioned_h32/graphsage_po2_qat_partitioned.h:207) due to incompatible operation sets.
WARNING: [SYN 201-303] Cannot apply functional unit assignment of 'Mul_LUT' (cora_graphsage_hls_test_bundle/build/cora_hls_bundle/hls/po2_qat_root_dynamic_const_weights_partitioned_h32/graphsage_po2_qat_partitioned.h:150) on 'insertvalue' operation 64 bit ('mrv_7', cora_graphsage_hls_test_bundle/build/cora_hls_bundle/hls/po2_qat_root_dynamic_const_weights_partitioned_h32/graphsage_po2_qat_partitioned.h:207) due to incompatible operation sets.
WARNING: [SYN 201-303] Cannot apply functional unit assignment of 'Mul_LUT' (cora_graphsage_hls_test_bundle/build/cora_hls_bundle/hls/po2_qat_root_dynamic_const_weights_partitioned_h32/graphsage_po2_qat_partitioned.h:150) on 'aggregate_input_0_4_val', which is not an operation.
WARNING: [SYN 201-303] Cannot apply functional unit assignment of 'Mul_LUT' (cora_graphsage_hls_test_bundle/build/cora_hls_bundle/hls/po2_qat_root_dynamic_const_weights_partitioned_h32/graphsage_po2_qat_partitioned.h:171) on 'aggregate_input_0_8_val', which is not an operation.
WARNING: [SYN 201-303] Cannot apply functional unit assignment of 'Mul_LUT' (cora_graphsage_hls_test_bundle/build/cora_hls_bundle/hls/po2_qat_root_dynamic_const_weights_partitioned_h32/graphsage_po2_qat_partitioned.h:171) on 'aggregate_input_0_13_val', which is not an operation.
WARNING: [SYN 201-303] Cannot apply functional unit assignment of 'Mul_LUT' (cora_graphsage_hls_test_bundle/build/cora_hls_bundle/hls/po2_qat_root_dynamic_const_weights_partitioned_h32/graphsage_po2_qat_partitioned.h:150) on 'aggregate_input_1_4_val', which is not an operation.
WARNING: [SYN 201-303] Cannot apply functional unit assignment of 'Mul_LUT' (cora_graphsage_hls_test_bundle/build/cora_hls_bundle/hls/po2_qat_root_dynamic_const_weights_partitioned_h32/graphsage_po2_qat_partitioned.h:171) on 'aggregate_input_1_8_val', which is not an operation.
WARNING: [SYN 201-303] Cannot apply functional unit assignment of 'Mul_LUT' (cora_graphsage_hls_test_bundle/build/cora_hls_bundle/hls/po2_qat_root_dynamic_const_weights_partitioned_h32/graphsage_po2_qat_partitioned.h:171) on 'aggregate_input_1_13_val', which is not an operation.
WARNING: [SYN 201-303] Cannot apply functional unit assignment of 'Mul_LUT' (cora_graphsage_hls_test_bundle/build/cora_hls_bundle/hls/po2_qat_root_dynamic_const_weights_partitioned_h32/graphsage_po2_qat_partitioned.h:150) on 'aggregate_input_2_4_val', which is not an operation.
WARNING: [SYN 201-303] Cannot apply functional unit assignment of 'Mul_LUT' (cora_graphsage_hls_test_bundle/build/cora_hls_bundle/hls/po2_qat_root_dynamic_const_weights_partitioned_h32/graphsage_po2_qat_partitioned.h:171) on 'aggregate_input_2_8_val', which is not an operation.
WARNING: [SYN 201-303] Cannot apply functional unit assignment of 'Mul_LUT' (cora_graphsage_hls_test_bundle/build/cora_hls_bundle/hls/po2_qat_root_dynamic_const_weights_partitioned_h32/graphsage_po2_qat_partitioned.h:171) on 'aggregate_input_2_13_val', which is not an operation.
WARNING: [SYN 201-303] Cannot apply functional unit assignment of 'Mul_LUT' (cora_graphsage_hls_test_bundle/build/cora_hls_bundle/hls/po2_qat_root_dynamic_const_weights_partitioned_h32/graphsage_po2_qat_partitioned.h:150) on 'aggregate_input_3_4_val', which is not an operation.
WARNING: [SYN 201-303] Cannot apply functional unit assignment of 'Mul_LUT' (cora_graphsage_hls_test_bundle/build/cora_hls_bundle/hls/po2_qat_root_dynamic_const_weights_partitioned_h32/graphsage_po2_qat_partitioned.h:171) on 'aggregate_input_3_8_val', which is not an operation.
WARNING: [SYN 201-303] Cannot apply functional unit assignment of 'Mul_LUT' (cora_graphsage_hls_test_bundle/build/cora_hls_bundle/hls/po2_qat_root_dynamic_const_weights_partitioned_h32/graphsage_po2_qat_partitioned.h:171) on 'aggregate_input_3_13_val', which is not an operation.
WARNING: [SYN 201-303] Cannot apply functional unit assignment of 'Mul_LUT' (cora_graphsage_hls_test_bundle/build/cora_hls_bundle/hls/po2_qat_root_dynamic_const_weights_partitioned_h32/graphsage_po2_qat_partitioned.h:150) on 'aggregate_input_4_4_val', which is not an operation.
WARNING: [SYN 201-303] Cannot apply functional unit assignment of 'Mul_LUT' (cora_graphsage_hls_test_bundle/build/cora_hls_bundle/hls/po2_qat_root_dynamic_const_weights_partitioned_h32/graphsage_po2_qat_partitioned.h:171) on 'aggregate_input_4_8_val', which is not an operation.
WARNING: [SYN 201-303] Cannot apply functional unit assignment of 'Mul_LUT' (cora_graphsage_hls_test_bundle/build/cora_hls_bundle/hls/po2_qat_root_dynamic_const_weights_partitioned_h32/graphsage_po2_qat_partitioned.h:171) on 'aggregate_input_4_13_val', which is not an operation.
WARNING: [SYN 201-303] Cannot apply functional unit assignment of 'Mul_LUT' (cora_graphsage_hls_test_bundle/build/cora_hls_bundle/hls/po2_qat_root_dynamic_const_weights_partitioned_h32/graphsage_po2_qat_partitioned.h:150) on 'aggregate_input_5_4_val', which is not an operation.
WARNING: [SYN 201-303] Cannot apply functional unit assignment of 'Mul_LUT' (cora_graphsage_hls_test_bundle/build/cora_hls_bundle/hls/po2_qat_root_dynamic_const_weights_partitioned_h32/graphsage_po2_qat_partitioned.h:171) on 'aggregate_input_5_8_val', which is not an operation.
WARNING: [SYN 201-303] Cannot apply functional unit assignment of 'Mul_LUT' (cora_graphsage_hls_test_bundle/build/cora_hls_bundle/hls/po2_qat_root_dynamic_const_weights_partitioned_h32/graphsage_po2_qat_partitioned.h:171) on 'aggregate_input_5_13_val', which is not an operation.
WARNING: [SYN 201-303] Cannot apply functional unit assignment of 'Mul_LUT' (cora_graphsage_hls_test_bundle/build/cora_hls_bundle/hls/po2_qat_root_dynamic_const_weights_partitioned_h32/graphsage_po2_qat_partitioned.h:150) on 'aggregate_input_6_4_val', which is not an operation.
WARNING: [SYN 201-303] Cannot apply functional unit assignment of 'Mul_LUT' (cora_graphsage_hls_test_bundle/build/cora_hls_bundle/hls/po2_qat_root_dynamic_const_weights_partitioned_h32/graphsage_po2_qat_partitioned.h:171) on 'aggregate_input_6_8_val', which is not an operation.
WARNING: [SYN 201-303] Cannot apply functional unit assignment of 'Mul_LUT' (cora_graphsage_hls_test_bundle/build/cora_hls_bundle/hls/po2_qat_root_dynamic_const_weights_partitioned_h32/graphsage_po2_qat_partitioned.h:171) on 'aggregate_input_6_13_val', which is not an operation.
WARNING: [SYN 201-303] Cannot apply functional unit assignment of 'Mul_LUT' (cora_graphsage_hls_test_bundle/build/cora_hls_bundle/hls/po2_qat_root_dynamic_const_weights_partitioned_h32/graphsage_po2_qat_partitioned.h:150) on 'aggregate_input_7_4_val', which is not an operation.
WARNING: [SYN 201-303] Cannot apply functional unit assignment of 'Mul_LUT' (cora_graphsage_hls_test_bundle/build/cora_hls_bundle/hls/po2_qat_root_dynamic_const_weights_partitioned_h32/graphsage_po2_qat_partitioned.h:171) on 'aggregate_input_7_8_val', which is not an operation.
WARNING: [SYN 201-303] Cannot apply functional unit assignment of 'Mul_LUT' (cora_graphsage_hls_test_bundle/build/cora_hls_bundle/hls/po2_qat_root_dynamic_const_weights_partitioned_h32/graphsage_po2_qat_partitioned.h:171) on 'aggregate_input_7_13_val', which is not an operation.
WARNING: [SYN 201-303] Cannot apply functional unit assignment of 'Mul_LUT' (cora_graphsage_hls_test_bundle/build/cora_hls_bundle/hls/po2_qat_root_dynamic_const_weights_partitioned_h32/graphsage_po2_qat_partitioned.h:150) on 'insertvalue' operation 64 bit ('mrv_7', cora_graphsage_hls_test_bundle/build/cora_hls_bundle/hls/po2_qat_root_dynamic_const_weights_partitioned_h32/graphsage_po2_qat_partitioned.h:207) due to incompatible operation sets.
WARNING: [SYN 201-303] Cannot apply functional unit assignment of 'Mul_LUT' (cora_graphsage_hls_test_bundle/build/cora_hls_bundle/hls/po2_qat_root_dynamic_const_weights_partitioned_h32/graphsage_po2_qat_partitioned.h:150) on 'aggregate_input_0_7_val', which is not an operation.
WARNING: [SYN 201-303] Cannot apply functional unit assignment of 'Mul_LUT' (cora_graphsage_hls_test_bundle/build/cora_hls_bundle/hls/po2_qat_root_dynamic_const_weights_partitioned_h32/graphsage_po2_qat_partitioned.h:171) on 'aggregate_input_0_10_val', which is not an operation.
WARNING: [SYN 201-303] Cannot apply functional unit assignment of 'Mul_LUT' (cora_graphsage_hls_test_bundle/build/cora_hls_bundle/hls/po2_qat_root_dynamic_const_weights_partitioned_h32/graphsage_po2_qat_partitioned.h:171) on 'aggregate_input_0_13_val', which is not an operation.
WARNING: [SYN 201-303] Cannot apply functional unit assignment of 'Mul_LUT' (cora_graphsage_hls_test_bundle/build/cora_hls_bundle/hls/po2_qat_root_dynamic_const_weights_partitioned_h32/graphsage_po2_qat_partitioned.h:150) on 'aggregate_input_1_7_val', which is not an operation.
WARNING: [SYN 201-303] Cannot apply functional unit assignment of 'Mul_LUT' (cora_graphsage_hls_test_bundle/build/cora_hls_bundle/hls/po2_qat_root_dynamic_const_weights_partitioned_h32/graphsage_po2_qat_partitioned.h:171) on 'aggregate_input_1_10_val', which is not an operation.
WARNING: [SYN 201-303] Cannot apply functional unit assignment of 'Mul_LUT' (cora_graphsage_hls_test_bundle/build/cora_hls_bundle/hls/po2_qat_root_dynamic_const_weights_partitioned_h32/graphsage_po2_qat_partitioned.h:171) on 'aggregate_input_1_13_val', which is not an operation.
WARNING: [SYN 201-303] Cannot apply functional unit assignment of 'Mul_LUT' (cora_graphsage_hls_test_bundle/build/cora_hls_bundle/hls/po2_qat_root_dynamic_const_weights_partitioned_h32/graphsage_po2_qat_partitioned.h:150) on 'aggregate_input_2_7_val', which is not an operation.
WARNING: [SYN 201-303] Cannot apply functional unit assignment of 'Mul_LUT' (cora_graphsage_hls_test_bundle/build/cora_hls_bundle/hls/po2_qat_root_dynamic_const_weights_partitioned_h32/graphsage_po2_qat_partitioned.h:171) on 'aggregate_input_2_10_val', which is not an operation.
WARNING: [SYN 201-303] Cannot apply functional unit assignment of 'Mul_LUT' (cora_graphsage_hls_test_bundle/build/cora_hls_bundle/hls/po2_qat_root_dynamic_const_weights_partitioned_h32/graphsage_po2_qat_partitioned.h:171) on 'aggregate_input_2_13_val', which is not an operation.
WARNING: [SYN 201-303] Cannot apply functional unit assignment of 'Mul_LUT' (cora_graphsage_hls_test_bundle/build/cora_hls_bundle/hls/po2_qat_root_dynamic_const_weights_partitioned_h32/graphsage_po2_qat_partitioned.h:150) on 'aggregate_input_3_7_val', which is not an operation.
WARNING: [SYN 201-303] Cannot apply functional unit assignment of 'Mul_LUT' (cora_graphsage_hls_test_bundle/build/cora_hls_bundle/hls/po2_qat_root_dynamic_const_weights_partitioned_h32/graphsage_po2_qat_partitioned.h:171) on 'aggregate_input_3_10_val', which is not an operation.
WARNING: [SYN 201-303] Cannot apply functional unit assignment of 'Mul_LUT' (cora_graphsage_hls_test_bundle/build/cora_hls_bundle/hls/po2_qat_root_dynamic_const_weights_partitioned_h32/graphsage_po2_qat_partitioned.h:171) on 'aggregate_input_3_13_val', which is not an operation.
WARNING: [SYN 201-303] Cannot apply functional unit assignment of 'Mul_LUT' (cora_graphsage_hls_test_bundle/build/cora_hls_bundle/hls/po2_qat_root_dynamic_const_weights_partitioned_h32/graphsage_po2_qat_partitioned.h:150) on 'aggregate_input_4_7_val', which is not an operation.
WARNING: [SYN 201-303] Cannot apply functional unit assignment of 'Mul_LUT' (cora_graphsage_hls_test_bundle/build/cora_hls_bundle/hls/po2_qat_root_dynamic_const_weights_partitioned_h32/graphsage_po2_qat_partitioned.h:171) on 'aggregate_input_4_10_val', which is not an operation.
WARNING: [SYN 201-303] Cannot apply functional unit assignment of 'Mul_LUT' (cora_graphsage_hls_test_bundle/build/cora_hls_bundle/hls/po2_qat_root_dynamic_const_weights_partitioned_h32/graphsage_po2_qat_partitioned.h:171) on 'aggregate_input_4_13_val', which is not an operation.
WARNING: [SYN 201-303] Cannot apply functional unit assignment of 'Mul_LUT' (cora_graphsage_hls_test_bundle/build/cora_hls_bundle/hls/po2_qat_root_dynamic_const_weights_partitioned_h32/graphsage_po2_qat_partitioned.h:150) on 'aggregate_input_5_7_val', which is not an operation.
WARNING: [SYN 201-303] Cannot apply functional unit assignment of 'Mul_LUT' (cora_graphsage_hls_test_bundle/build/cora_hls_bundle/hls/po2_qat_root_dynamic_const_weights_partitioned_h32/graphsage_po2_qat_partitioned.h:171) on 'aggregate_input_5_10_val', which is not an operation.
WARNING: [SYN 201-303] Cannot apply functional unit assignment of 'Mul_LUT' (cora_graphsage_hls_test_bundle/build/cora_hls_bundle/hls/po2_qat_root_dynamic_const_weights_partitioned_h32/graphsage_po2_qat_partitioned.h:171) on 'aggregate_input_5_13_val', which is not an operation.
WARNING: [SYN 201-303] Cannot apply functional unit assignment of 'Mul_LUT' (cora_graphsage_hls_test_bundle/build/cora_hls_bundle/hls/po2_qat_root_dynamic_const_weights_partitioned_h32/graphsage_po2_qat_partitioned.h:150) on 'aggregate_input_6_7_val', which is not an operation.
WARNING: [SYN 201-303] Cannot apply functional unit assignment of 'Mul_LUT' (cora_graphsage_hls_test_bundle/build/cora_hls_bundle/hls/po2_qat_root_dynamic_const_weights_partitioned_h32/graphsage_po2_qat_partitioned.h:171) on 'aggregate_input_6_10_val', which is not an operation.
WARNING: [SYN 201-303] Cannot apply functional unit assignment of 'Mul_LUT' (cora_graphsage_hls_test_bundle/build/cora_hls_bundle/hls/po2_qat_root_dynamic_const_weights_partitioned_h32/graphsage_po2_qat_partitioned.h:171) on 'aggregate_input_6_13_val', which is not an operation.
WARNING: [SYN 201-303] Cannot apply functional unit assignment of 'Mul_LUT' (cora_graphsage_hls_test_bundle/build/cora_hls_bundle/hls/po2_qat_root_dynamic_const_weights_partitioned_h32/graphsage_po2_qat_partitioned.h:150) on 'aggregate_input_7_7_val', which is not an operation.
WARNING: [SYN 201-303] Cannot apply functional unit assignment of 'Mul_LUT' (cora_graphsage_hls_test_bundle/build/cora_hls_bundle/hls/po2_qat_root_dynamic_const_weights_partitioned_h32/graphsage_po2_qat_partitioned.h:171) on 'aggregate_input_7_10_val', which is not an operation.
WARNING: [SYN 201-303] Cannot apply functional unit assignment of 'Mul_LUT' (cora_graphsage_hls_test_bundle/build/cora_hls_bundle/hls/po2_qat_root_dynamic_const_weights_partitioned_h32/graphsage_po2_qat_partitioned.h:171) on 'aggregate_input_7_13_val', which is not an operation.
WARNING: [SYN 201-303] Cannot apply functional unit assignment of 'Mul_LUT' (cora_graphsage_hls_test_bundle/build/cora_hls_bundle/hls/po2_qat_root_dynamic_const_weights_partitioned_h32/graphsage_po2_qat_partitioned.h:150) on 'insertvalue' operation 64 bit ('mrv_7', cora_graphsage_hls_test_bundle/build/cora_hls_bundle/hls/po2_qat_root_dynamic_const_weights_partitioned_h32/graphsage_po2_qat_partitioned.h:207) due to incompatible operation sets.
WARNING: [SYN 201-303] Cannot apply functional unit assignment of 'Mul_LUT' (cora_graphsage_hls_test_bundle/build/cora_hls_bundle/hls/po2_qat_root_dynamic_const_weights_partitioned_h32/graphsage_po2_qat_partitioned.h:171) on 'aggregate_input_0_15_val', which is not an operation.
WARNING: [SYN 201-303] Cannot apply functional unit assignment of 'Mul_LUT' (cora_graphsage_hls_test_bundle/build/cora_hls_bundle/hls/po2_qat_root_dynamic_const_weights_partitioned_h32/graphsage_po2_qat_partitioned.h:171) on 'aggregate_input_1_15_val', which is not an operation.
WARNING: [SYN 201-303] Cannot apply functional unit assignment of 'Mul_LUT' (cora_graphsage_hls_test_bundle/build/cora_hls_bundle/hls/po2_qat_root_dynamic_const_weights_partitioned_h32/graphsage_po2_qat_partitioned.h:171) on 'aggregate_input_2_15_val', which is not an operation.
WARNING: [SYN 201-303] Cannot apply functional unit assignment of 'Mul_LUT' (cora_graphsage_hls_test_bundle/build/cora_hls_bundle/hls/po2_qat_root_dynamic_const_weights_partitioned_h32/graphsage_po2_qat_partitioned.h:171) on 'aggregate_input_3_15_val', which is not an operation.
WARNING: [SYN 201-303] Cannot apply functional unit assignment of 'Mul_LUT' (cora_graphsage_hls_test_bundle/build/cora_hls_bundle/hls/po2_qat_root_dynamic_const_weights_partitioned_h32/graphsage_po2_qat_partitioned.h:171) on 'aggregate_input_4_15_val', which is not an operation.
WARNING: [SYN 201-303] Cannot apply functional unit assignment of 'Mul_LUT' (cora_graphsage_hls_test_bundle/build/cora_hls_bundle/hls/po2_qat_root_dynamic_const_weights_partitioned_h32/graphsage_po2_qat_partitioned.h:171) on 'aggregate_input_5_15_val', which is not an operation.
WARNING: [SYN 201-303] Cannot apply functional unit assignment of 'Mul_LUT' (cora_graphsage_hls_test_bundle/build/cora_hls_bundle/hls/po2_qat_root_dynamic_const_weights_partitioned_h32/graphsage_po2_qat_partitioned.h:171) on 'aggregate_input_6_15_val', which is not an operation.
WARNING: [SYN 201-303] Cannot apply functional unit assignment of 'Mul_LUT' (cora_graphsage_hls_test_bundle/build/cora_hls_bundle/hls/po2_qat_root_dynamic_const_weights_partitioned_h32/graphsage_po2_qat_partitioned.h:171) on 'aggregate_input_7_15_val', which is not an operation.
WARNING: [SYN 201-303] Cannot apply functional unit assignment of 'Mul_LUT' (cora_graphsage_hls_test_bundle/build/cora_hls_bundle/hls/po2_qat_root_dynamic_const_weights_partitioned_h32/graphsage_po2_qat_partitioned.h:171) on 'insertvalue' operation 64 bit ('mrv_7', cora_graphsage_hls_test_bundle/build/cora_hls_bundle/hls/po2_qat_root_dynamic_const_weights_partitioned_h32/graphsage_po2_qat_partitioned.h:207) due to incompatible operation sets.
WARNING: [SYN 201-303] Cannot apply functional unit assignment of 'Mul_LUT' (cora_graphsage_hls_test_bundle/build/cora_hls_bundle/hls/po2_qat_root_dynamic_const_weights_partitioned_h32/graphsage_po2_qat_partitioned.h:150) on 'insertvalue' operation 64 bit ('mrv_7', cora_graphsage_hls_test_bundle/build/cora_hls_bundle/hls/po2_qat_root_dynamic_const_weights_partitioned_h32/graphsage_po2_qat_partitioned.h:207) due to incompatible operation sets.
WARNING: [SYN 201-303] Cannot apply functional unit assignment of 'Mul_LUT' (cora_graphsage_hls_test_bundle/build/cora_hls_bundle/hls/po2_qat_root_dynamic_const_weights_partitioned_h32/graphsage_po2_qat_partitioned.h:150) on 'insertvalue' operation 64 bit ('mrv_7', cora_graphsage_hls_test_bundle/build/cora_hls_bundle/hls/po2_qat_root_dynamic_const_weights_partitioned_h32/graphsage_po2_qat_partitioned.h:207) due to incompatible operation sets.
WARNING: [SYN 201-303] Cannot apply functional unit assignment of 'Mul_LUT' (cora_graphsage_hls_test_bundle/build/cora_hls_bundle/hls/po2_qat_root_dynamic_const_weights_partitioned_h32/graphsage_po2_qat_partitioned.h:171) on 'insertvalue' operation 64 bit ('mrv_7', cora_graphsage_hls_test_bundle/build/cora_hls_bundle/hls/po2_qat_root_dynamic_const_weights_partitioned_h32/graphsage_po2_qat_partitioned.h:207) due to incompatible operation sets.
WARNING: [SYN 201-303] Cannot apply functional unit assignment of 'Mul_LUT' (cora_graphsage_hls_test_bundle/build/cora_hls_bundle/hls/po2_qat_root_dynamic_const_weights_partitioned_h32/graphsage_po2_qat_partitioned.h:150) on 'insertvalue' operation 64 bit ('mrv_7', cora_graphsage_hls_test_bundle/build/cora_hls_bundle/hls/po2_qat_root_dynamic_const_weights_partitioned_h32/graphsage_po2_qat_partitioned.h:207) due to incompatible operation sets.
WARNING: [SYN 201-303] Cannot apply functional unit assignment of 'Mul_LUT' (cora_graphsage_hls_test_bundle/build/cora_hls_bundle/hls/po2_qat_root_dynamic_const_weights_partitioned_h32/graphsage_po2_qat_partitioned.h:150) on 'aggregate_input_0_2_val', which is not an operation.
WARNING: [SYN 201-303] Cannot apply functional unit assignment of 'Mul_LUT' (cora_graphsage_hls_test_bundle/build/cora_hls_bundle/hls/po2_qat_root_dynamic_const_weights_partitioned_h32/graphsage_po2_qat_partitioned.h:150) on 'aggregate_input_1_2_val', which is not an operation.
WARNING: [SYN 201-303] Cannot apply functional unit assignment of 'Mul_LUT' (cora_graphsage_hls_test_bundle/build/cora_hls_bundle/hls/po2_qat_root_dynamic_const_weights_partitioned_h32/graphsage_po2_qat_partitioned.h:150) on 'aggregate_input_2_2_val', which is not an operation.
WARNING: [SYN 201-303] Cannot apply functional unit assignment of 'Mul_LUT' (cora_graphsage_hls_test_bundle/build/cora_hls_bundle/hls/po2_qat_root_dynamic_const_weights_partitioned_h32/graphsage_po2_qat_partitioned.h:150) on 'aggregate_input_3_2_val', which is not an operation.
WARNING: [SYN 201-303] Cannot apply functional unit assignment of 'Mul_LUT' (cora_graphsage_hls_test_bundle/build/cora_hls_bundle/hls/po2_qat_root_dynamic_const_weights_partitioned_h32/graphsage_po2_qat_partitioned.h:150) on 'aggregate_input_4_2_val', which is not an operation.
WARNING: [SYN 201-303] Cannot apply functional unit assignment of 'Mul_LUT' (cora_graphsage_hls_test_bundle/build/cora_hls_bundle/hls/po2_qat_root_dynamic_const_weights_partitioned_h32/graphsage_po2_qat_partitioned.h:150) on 'aggregate_input_5_2_val', which is not an operation.
WARNING: [SYN 201-303] Cannot apply functional unit assignment of 'Mul_LUT' (cora_graphsage_hls_test_bundle/build/cora_hls_bundle/hls/po2_qat_root_dynamic_const_weights_partitioned_h32/graphsage_po2_qat_partitioned.h:150) on 'aggregate_input_6_2_val', which is not an operation.
WARNING: [SYN 201-303] Cannot apply functional unit assignment of 'Mul_LUT' (cora_graphsage_hls_test_bundle/build/cora_hls_bundle/hls/po2_qat_root_dynamic_const_weights_partitioned_h32/graphsage_po2_qat_partitioned.h:150) on 'aggregate_input_7_2_val', which is not an operation.
WARNING: [SYN 201-303] Cannot apply functional unit assignment of 'Mul_LUT' (cora_graphsage_hls_test_bundle/build/cora_hls_bundle/hls/po2_qat_root_dynamic_const_weights_partitioned_h32/graphsage_po2_qat_partitioned.h:150) on 'aggregate_input_0_0_val', which is not an operation.
WARNING: [SYN 201-303] Cannot apply functional unit assignment of 'Mul_LUT' (cora_graphsage_hls_test_bundle/build/cora_hls_bundle/hls/po2_qat_root_dynamic_const_weights_partitioned_h32/graphsage_po2_qat_partitioned.h:171) on 'insertvalue' operation 64 bit ('mrv_7', cora_graphsage_hls_test_bundle/build/cora_hls_bundle/hls/po2_qat_root_dynamic_const_weights_partitioned_h32/graphsage_po2_qat_partitioned.h:207) due to incompatible operation sets.
WARNING: [SYN 201-303] Cannot apply functional unit assignment of 'Mul_LUT' (cora_graphsage_hls_test_bundle/build/cora_hls_bundle/hls/po2_qat_root_dynamic_const_weights_partitioned_h32/graphsage_po2_qat_partitioned.h:150) on 'aggregate_input_1_0_val', which is not an operation.
WARNING: [SYN 201-303] Cannot apply functional unit assignment of 'Mul_LUT' (cora_graphsage_hls_test_bundle/build/cora_hls_bundle/hls/po2_qat_root_dynamic_const_weights_partitioned_h32/graphsage_po2_qat_partitioned.h:150) on 'aggregate_input_2_0_val', which is not an operation.
WARNING: [SYN 201-303] Cannot apply functional unit assignment of 'Mul_LUT' (cora_graphsage_hls_test_bundle/build/cora_hls_bundle/hls/po2_qat_root_dynamic_const_weights_partitioned_h32/graphsage_po2_qat_partitioned.h:150) on 'aggregate_input_3_0_val', which is not an operation.
WARNING: [SYN 201-303] Cannot apply functional unit assignment of 'Mul_LUT' (cora_graphsage_hls_test_bundle/build/cora_hls_bundle/hls/po2_qat_root_dynamic_const_weights_partitioned_h32/graphsage_po2_qat_partitioned.h:150) on 'aggregate_input_4_0_val', which is not an operation.
WARNING: [SYN 201-303] Cannot apply functional unit assignment of 'Mul_LUT' (cora_graphsage_hls_test_bundle/build/cora_hls_bundle/hls/po2_qat_root_dynamic_const_weights_partitioned_h32/graphsage_po2_qat_partitioned.h:150) on 'aggregate_input_5_0_val', which is not an operation.
WARNING: [SYN 201-303] Cannot apply functional unit assignment of 'Mul_LUT' (cora_graphsage_hls_test_bundle/build/cora_hls_bundle/hls/po2_qat_root_dynamic_const_weights_partitioned_h32/graphsage_po2_qat_partitioned.h:150) on 'aggregate_input_6_0_val', which is not an operation.
WARNING: [SYN 201-303] Cannot apply functional unit assignment of 'Mul_LUT' (cora_graphsage_hls_test_bundle/build/cora_hls_bundle/hls/po2_qat_root_dynamic_const_weights_partitioned_h32/graphsage_po2_qat_partitioned.h:150) on 'aggregate_input_7_0_val', which is not an operation.
WARNING: [SYN 201-303] Cannot apply functional unit assignment of 'Mul_LUT' (cora_graphsage_hls_test_bundle/build/cora_hls_bundle/hls/po2_qat_root_dynamic_const_weights_partitioned_h32/graphsage_po2_qat_partitioned.h:150) on 'insertvalue' operation 64 bit ('mrv_7', cora_graphsage_hls_test_bundle/build/cora_hls_bundle/hls/po2_qat_root_dynamic_const_weights_partitioned_h32/graphsage_po2_qat_partitioned.h:207) due to incompatible operation sets.
WARNING: [SYN 201-303] Cannot apply functional unit assignment of 'Mul_LUT' (cora_graphsage_hls_test_bundle/build/cora_hls_bundle/hls/po2_qat_root_dynamic_const_weights_partitioned_h32/graphsage_po2_qat_partitioned.h:150) on 'insertvalue' operation 64 bit ('mrv_7', cora_graphsage_hls_test_bundle/build/cora_hls_bundle/hls/po2_qat_root_dynamic_const_weights_partitioned_h32/graphsage_po2_qat_partitioned.h:207) due to incompatible operation sets.
WARNING: [SYN 201-303] Cannot apply functional unit assignment of 'Mul_LUT' (cora_graphsage_hls_test_bundle/build/cora_hls_bundle/hls/po2_qat_root_dynamic_const_weights_partitioned_h32/graphsage_po2_qat_partitioned.h:150) on 'aggregate_input_0_0_val', which is not an operation.
WARNING: [SYN 201-303] Cannot apply functional unit assignment of 'Mul_LUT' (cora_graphsage_hls_test_bundle/build/cora_hls_bundle/hls/po2_qat_root_dynamic_const_weights_partitioned_h32/graphsage_po2_qat_partitioned.h:171) on 'insertvalue' operation 64 bit ('mrv_7', cora_graphsage_hls_test_bundle/build/cora_hls_bundle/hls/po2_qat_root_dynamic_const_weights_partitioned_h32/graphsage_po2_qat_partitioned.h:207) due to incompatible operation sets.
WARNING: [SYN 201-303] Cannot apply functional unit assignment of 'Mul_LUT' (cora_graphsage_hls_test_bundle/build/cora_hls_bundle/hls/po2_qat_root_dynamic_const_weights_partitioned_h32/graphsage_po2_qat_partitioned.h:150) on 'aggregate_input_1_0_val', which is not an operation.
WARNING: [SYN 201-303] Cannot apply functional unit assignment of 'Mul_LUT' (cora_graphsage_hls_test_bundle/build/cora_hls_bundle/hls/po2_qat_root_dynamic_const_weights_partitioned_h32/graphsage_po2_qat_partitioned.h:150) on 'aggregate_input_2_0_val', which is not an operation.
WARNING: [SYN 201-303] Cannot apply functional unit assignment of 'Mul_LUT' (cora_graphsage_hls_test_bundle/build/cora_hls_bundle/hls/po2_qat_root_dynamic_const_weights_partitioned_h32/graphsage_po2_qat_partitioned.h:150) on 'aggregate_input_3_0_val', which is not an operation.
WARNING: [SYN 201-303] Cannot apply functional unit assignment of 'Mul_LUT' (cora_graphsage_hls_test_bundle/build/cora_hls_bundle/hls/po2_qat_root_dynamic_const_weights_partitioned_h32/graphsage_po2_qat_partitioned.h:150) on 'aggregate_input_4_0_val', which is not an operation.
WARNING: [SYN 201-303] Cannot apply functional unit assignment of 'Mul_LUT' (cora_graphsage_hls_test_bundle/build/cora_hls_bundle/hls/po2_qat_root_dynamic_const_weights_partitioned_h32/graphsage_po2_qat_partitioned.h:150) on 'aggregate_input_5_0_val', which is not an operation.
WARNING: [SYN 201-303] Cannot apply functional unit assignment of 'Mul_LUT' (cora_graphsage_hls_test_bundle/build/cora_hls_bundle/hls/po2_qat_root_dynamic_const_weights_partitioned_h32/graphsage_po2_qat_partitioned.h:150) on 'aggregate_input_6_0_val', which is not an operation.
WARNING: [SYN 201-303] Cannot apply functional unit assignment of 'Mul_LUT' (cora_graphsage_hls_test_bundle/build/cora_hls_bundle/hls/po2_qat_root_dynamic_const_weights_partitioned_h32/graphsage_po2_qat_partitioned.h:150) on 'aggregate_input_7_0_val', which is not an operation.
WARNING: [SYN 201-303] Cannot apply functional unit assignment of 'Mul_LUT' (cora_graphsage_hls_test_bundle/build/cora_hls_bundle/hls/po2_qat_root_dynamic_const_weights_partitioned_h32/graphsage_po2_qat_partitioned.h:150) on 'insertvalue' operation 64 bit ('mrv_7', cora_graphsage_hls_test_bundle/build/cora_hls_bundle/hls/po2_qat_root_dynamic_const_weights_partitioned_h32/graphsage_po2_qat_partitioned.h:207) due to incompatible operation sets.
WARNING: [SYN 201-303] Cannot apply functional unit assignment of 'Mul_LUT' (cora_graphsage_hls_test_bundle/build/cora_hls_bundle/hls/po2_qat_root_dynamic_const_weights_partitioned_h32/graphsage_po2_qat_partitioned.h:150) on 'insertvalue' operation 64 bit ('mrv_7', cora_graphsage_hls_test_bundle/build/cora_hls_bundle/hls/po2_qat_root_dynamic_const_weights_partitioned_h32/graphsage_po2_qat_partitioned.h:207) due to incompatible operation sets.
WARNING: [SYN 201-303] Cannot apply functional unit assignment of 'Mul_LUT' (cora_graphsage_hls_test_bundle/build/cora_hls_bundle/hls/po2_qat_root_dynamic_const_weights_partitioned_h32/graphsage_po2_qat_partitioned.h:238) on 'insertvalue' operation 64 bit ('mrv_7', cora_graphsage_hls_test_bundle/build/cora_hls_bundle/hls/po2_qat_root_dynamic_const_weights_partitioned_h32/graphsage_po2_qat_partitioned.h:295) due to incompatible operation sets.
WARNING: [SYN 201-303] Cannot apply functional unit assignment of 'Mul_LUT' (cora_graphsage_hls_test_bundle/build/cora_hls_bundle/hls/po2_qat_root_dynamic_const_weights_partitioned_h32/graphsage_po2_qat_partitioned.h:238) on 'insertvalue' operation 64 bit ('mrv_7', cora_graphsage_hls_test_bundle/build/cora_hls_bundle/hls/po2_qat_root_dynamic_const_weights_partitioned_h32/graphsage_po2_qat_partitioned.h:295) due to incompatible operation sets.
WARNING: [SYN 201-303] Cannot apply functional unit assignment of 'Mul_LUT' (cora_graphsage_hls_test_bundle/build/cora_hls_bundle/hls/po2_qat_root_dynamic_const_weights_partitioned_h32/graphsage_po2_qat_partitioned.h:259) on 'insertvalue' operation 64 bit ('mrv_7', cora_graphsage_hls_test_bundle/build/cora_hls_bundle/hls/po2_qat_root_dynamic_const_weights_partitioned_h32/graphsage_po2_qat_partitioned.h:295) due to incompatible operation sets.
WARNING: [SYN 201-303] Cannot apply functional unit assignment of 'Mul_LUT' (cora_graphsage_hls_test_bundle/build/cora_hls_bundle/hls/po2_qat_root_dynamic_const_weights_partitioned_h32/graphsage_po2_qat_partitioned.h:259) on 'insertvalue' operation 64 bit ('mrv_7', cora_graphsage_hls_test_bundle/build/cora_hls_bundle/hls/po2_qat_root_dynamic_const_weights_partitioned_h32/graphsage_po2_qat_partitioned.h:295) due to incompatible operation sets.
WARNING: [SYN 201-303] Cannot apply functional unit assignment of 'Mul_LUT' (cora_graphsage_hls_test_bundle/build/cora_hls_bundle/hls/po2_qat_root_dynamic_const_weights_partitioned_h32/graphsage_po2_qat_partitioned.h:259) on 'insertvalue' operation 64 bit ('mrv_7', cora_graphsage_hls_test_bundle/build/cora_hls_bundle/hls/po2_qat_root_dynamic_const_weights_partitioned_h32/graphsage_po2_qat_partitioned.h:295) due to incompatible operation sets.
WARNING: [SYN 201-303] Cannot apply functional unit assignment of 'Mul_LUT' (cora_graphsage_hls_test_bundle/build/cora_hls_bundle/hls/po2_qat_root_dynamic_const_weights_partitioned_h32/graphsage_po2_qat_partitioned.h:259) on 'insertvalue' operation 64 bit ('mrv_7', cora_graphsage_hls_test_bundle/build/cora_hls_bundle/hls/po2_qat_root_dynamic_const_weights_partitioned_h32/graphsage_po2_qat_partitioned.h:295) due to incompatible operation sets.
WARNING: [SYN 201-303] Cannot apply functional unit assignment of 'Mul_LUT' (cora_graphsage_hls_test_bundle/build/cora_hls_bundle/hls/po2_qat_root_dynamic_const_weights_partitioned_h32/graphsage_po2_qat_partitioned.h:259) on 'insertvalue' operation 64 bit ('mrv_7', cora_graphsage_hls_test_bundle/build/cora_hls_bundle/hls/po2_qat_root_dynamic_const_weights_partitioned_h32/graphsage_po2_qat_partitioned.h:295) due to incompatible operation sets.
WARNING: [SYN 201-303] Cannot apply functional unit assignment of 'Mul_LUT' (cora_graphsage_hls_test_bundle/build/cora_hls_bundle/hls/po2_qat_root_dynamic_const_weights_partitioned_h32/graphsage_po2_qat_partitioned.h:259) on 'insertvalue' operation 64 bit ('mrv_7', cora_graphsage_hls_test_bundle/build/cora_hls_bundle/hls/po2_qat_root_dynamic_const_weights_partitioned_h32/graphsage_po2_qat_partitioned.h:295) due to incompatible operation sets.
WARNING: [SYN 201-303] Cannot apply functional unit assignment of 'Mul_LUT' (cora_graphsage_hls_test_bundle/build/cora_hls_bundle/hls/po2_qat_root_dynamic_const_weights_partitioned_h32/graphsage_po2_qat_partitioned.h:259) on 'insertvalue' operation 64 bit ('mrv_7', cora_graphsage_hls_test_bundle/build/cora_hls_bundle/hls/po2_qat_root_dynamic_const_weights_partitioned_h32/graphsage_po2_qat_partitioned.h:295) due to incompatible operation sets.
WARNING: [SYN 201-303] Cannot apply functional unit assignment of 'Mul_LUT' (cora_graphsage_hls_test_bundle/build/cora_hls_bundle/hls/po2_qat_root_dynamic_const_weights_partitioned_h32/graphsage_po2_qat_partitioned.h:259) on 'insertvalue' operation 64 bit ('mrv_7', cora_graphsage_hls_test_bundle/build/cora_hls_bundle/hls/po2_qat_root_dynamic_const_weights_partitioned_h32/graphsage_po2_qat_partitioned.h:295) due to incompatible operation sets.
WARNING: [SYN 201-303] Cannot apply functional unit assignment of 'Mul_LUT' (cora_graphsage_hls_test_bundle/build/cora_hls_bundle/hls/po2_qat_root_dynamic_const_weights_partitioned_h32/graphsage_po2_qat_partitioned.h:238) on 'insertvalue' operation 64 bit ('mrv_7', cora_graphsage_hls_test_bundle/build/cora_hls_bundle/hls/po2_qat_root_dynamic_const_weights_partitioned_h32/graphsage_po2_qat_partitioned.h:295) due to incompatible operation sets.
WARNING: [SYN 201-303] Cannot apply functional unit assignment of 'Mul_LUT' (cora_graphsage_hls_test_bundle/build/cora_hls_bundle/hls/po2_qat_root_dynamic_const_weights_partitioned_h32/graphsage_po2_qat_partitioned.h:259) on 'root_input_0_17_val', which is not an operation.
WARNING: [SYN 201-303] Cannot apply functional unit assignment of 'Mul_LUT' (cora_graphsage_hls_test_bundle/build/cora_hls_bundle/hls/po2_qat_root_dynamic_const_weights_partitioned_h32/graphsage_po2_qat_partitioned.h:259) on 'root_input_1_17_val', which is not an operation.
WARNING: [SYN 201-303] Cannot apply functional unit assignment of 'Mul_LUT' (cora_graphsage_hls_test_bundle/build/cora_hls_bundle/hls/po2_qat_root_dynamic_const_weights_partitioned_h32/graphsage_po2_qat_partitioned.h:259) on 'root_input_2_17_val', which is not an operation.
WARNING: [SYN 201-303] Cannot apply functional unit assignment of 'Mul_LUT' (cora_graphsage_hls_test_bundle/build/cora_hls_bundle/hls/po2_qat_root_dynamic_const_weights_partitioned_h32/graphsage_po2_qat_partitioned.h:259) on 'root_input_3_17_val', which is not an operation.
WARNING: [SYN 201-303] Cannot apply functional unit assignment of 'Mul_LUT' (cora_graphsage_hls_test_bundle/build/cora_hls_bundle/hls/po2_qat_root_dynamic_const_weights_partitioned_h32/graphsage_po2_qat_partitioned.h:259) on 'root_input_4_17_val', which is not an operation.
WARNING: [SYN 201-303] Cannot apply functional unit assignment of 'Mul_LUT' (cora_graphsage_hls_test_bundle/build/cora_hls_bundle/hls/po2_qat_root_dynamic_const_weights_partitioned_h32/graphsage_po2_qat_partitioned.h:259) on 'root_input_5_17_val', which is not an operation.
WARNING: [SYN 201-303] Cannot apply functional unit assignment of 'Mul_LUT' (cora_graphsage_hls_test_bundle/build/cora_hls_bundle/hls/po2_qat_root_dynamic_const_weights_partitioned_h32/graphsage_po2_qat_partitioned.h:259) on 'root_input_6_17_val', which is not an operation.
WARNING: [SYN 201-303] Cannot apply functional unit assignment of 'Mul_LUT' (cora_graphsage_hls_test_bundle/build/cora_hls_bundle/hls/po2_qat_root_dynamic_const_weights_partitioned_h32/graphsage_po2_qat_partitioned.h:259) on 'root_input_7_17_val', which is not an operation.
WARNING: [SYN 201-303] Cannot apply functional unit assignment of 'Mul_LUT' (cora_graphsage_hls_test_bundle/build/cora_hls_bundle/hls/po2_qat_root_dynamic_const_weights_partitioned_h32/graphsage_po2_qat_partitioned.h:238) on 'insertvalue' operation 64 bit ('mrv_7', cora_graphsage_hls_test_bundle/build/cora_hls_bundle/hls/po2_qat_root_dynamic_const_weights_partitioned_h32/graphsage_po2_qat_partitioned.h:295) due to incompatible operation sets.
WARNING: [SYN 201-303] Cannot apply functional unit assignment of 'Mul_LUT' (cora_graphsage_hls_test_bundle/build/cora_hls_bundle/hls/po2_qat_root_dynamic_const_weights_partitioned_h32/graphsage_po2_qat_partitioned.h:238) on 'insertvalue' operation 64 bit ('mrv_7', cora_graphsage_hls_test_bundle/build/cora_hls_bundle/hls/po2_qat_root_dynamic_const_weights_partitioned_h32/graphsage_po2_qat_partitioned.h:295) due to incompatible operation sets.
WARNING: [SYN 201-303] Cannot apply functional unit assignment of 'Mul_LUT' (cora_graphsage_hls_test_bundle/build/cora_hls_bundle/hls/po2_qat_root_dynamic_const_weights_partitioned_h32/graphsage_po2_qat_partitioned.h:238) on 'insertvalue' operation 64 bit ('mrv_7', cora_graphsage_hls_test_bundle/build/cora_hls_bundle/hls/po2_qat_root_dynamic_const_weights_partitioned_h32/graphsage_po2_qat_partitioned.h:295) due to incompatible operation sets.
WARNING: [SYN 201-303] Cannot apply functional unit assignment of 'Mul_LUT' (cora_graphsage_hls_test_bundle/build/cora_hls_bundle/hls/po2_qat_root_dynamic_const_weights_partitioned_h32/graphsage_po2_qat_partitioned.h:259) on 'root_input_0_17_val', which is not an operation.
WARNING: [SYN 201-303] Cannot apply functional unit assignment of 'Mul_LUT' (cora_graphsage_hls_test_bundle/build/cora_hls_bundle/hls/po2_qat_root_dynamic_const_weights_partitioned_h32/graphsage_po2_qat_partitioned.h:259) on 'root_input_0_18_val', which is not an operation.
WARNING: [SYN 201-303] Cannot apply functional unit assignment of 'Mul_LUT' (cora_graphsage_hls_test_bundle/build/cora_hls_bundle/hls/po2_qat_root_dynamic_const_weights_partitioned_h32/graphsage_po2_qat_partitioned.h:259) on 'root_input_1_17_val', which is not an operation.
WARNING: [SYN 201-303] Cannot apply functional unit assignment of 'Mul_LUT' (cora_graphsage_hls_test_bundle/build/cora_hls_bundle/hls/po2_qat_root_dynamic_const_weights_partitioned_h32/graphsage_po2_qat_partitioned.h:259) on 'root_input_1_18_val', which is not an operation.
WARNING: [SYN 201-303] Cannot apply functional unit assignment of 'Mul_LUT' (cora_graphsage_hls_test_bundle/build/cora_hls_bundle/hls/po2_qat_root_dynamic_const_weights_partitioned_h32/graphsage_po2_qat_partitioned.h:259) on 'root_input_2_17_val', which is not an operation.
WARNING: [SYN 201-303] Cannot apply functional unit assignment of 'Mul_LUT' (cora_graphsage_hls_test_bundle/build/cora_hls_bundle/hls/po2_qat_root_dynamic_const_weights_partitioned_h32/graphsage_po2_qat_partitioned.h:259) on 'root_input_2_18_val', which is not an operation.
WARNING: [SYN 201-303] Cannot apply functional unit assignment of 'Mul_LUT' (cora_graphsage_hls_test_bundle/build/cora_hls_bundle/hls/po2_qat_root_dynamic_const_weights_partitioned_h32/graphsage_po2_qat_partitioned.h:259) on 'root_input_3_17_val', which is not an operation.
WARNING: [SYN 201-303] Cannot apply functional unit assignment of 'Mul_LUT' (cora_graphsage_hls_test_bundle/build/cora_hls_bundle/hls/po2_qat_root_dynamic_const_weights_partitioned_h32/graphsage_po2_qat_partitioned.h:259) on 'root_input_3_18_val', which is not an operation.
WARNING: [SYN 201-303] Cannot apply functional unit assignment of 'Mul_LUT' (cora_graphsage_hls_test_bundle/build/cora_hls_bundle/hls/po2_qat_root_dynamic_const_weights_partitioned_h32/graphsage_po2_qat_partitioned.h:259) on 'root_input_4_17_val', which is not an operation.
WARNING: [SYN 201-303] Cannot apply functional unit assignment of 'Mul_LUT' (cora_graphsage_hls_test_bundle/build/cora_hls_bundle/hls/po2_qat_root_dynamic_const_weights_partitioned_h32/graphsage_po2_qat_partitioned.h:259) on 'root_input_4_18_val', which is not an operation.
WARNING: [SYN 201-303] Cannot apply functional unit assignment of 'Mul_LUT' (cora_graphsage_hls_test_bundle/build/cora_hls_bundle/hls/po2_qat_root_dynamic_const_weights_partitioned_h32/graphsage_po2_qat_partitioned.h:259) on 'root_input_5_17_val', which is not an operation.
WARNING: [SYN 201-303] Cannot apply functional unit assignment of 'Mul_LUT' (cora_graphsage_hls_test_bundle/build/cora_hls_bundle/hls/po2_qat_root_dynamic_const_weights_partitioned_h32/graphsage_po2_qat_partitioned.h:259) on 'root_input_5_18_val', which is not an operation.
WARNING: [SYN 201-303] Cannot apply functional unit assignment of 'Mul_LUT' (cora_graphsage_hls_test_bundle/build/cora_hls_bundle/hls/po2_qat_root_dynamic_const_weights_partitioned_h32/graphsage_po2_qat_partitioned.h:259) on 'root_input_6_17_val', which is not an operation.
WARNING: [SYN 201-303] Cannot apply functional unit assignment of 'Mul_LUT' (cora_graphsage_hls_test_bundle/build/cora_hls_bundle/hls/po2_qat_root_dynamic_const_weights_partitioned_h32/graphsage_po2_qat_partitioned.h:259) on 'root_input_6_18_val', which is not an operation.
WARNING: [SYN 201-303] Cannot apply functional unit assignment of 'Mul_LUT' (cora_graphsage_hls_test_bundle/build/cora_hls_bundle/hls/po2_qat_root_dynamic_const_weights_partitioned_h32/graphsage_po2_qat_partitioned.h:259) on 'root_input_7_17_val', which is not an operation.
WARNING: [SYN 201-303] Cannot apply functional unit assignment of 'Mul_LUT' (cora_graphsage_hls_test_bundle/build/cora_hls_bundle/hls/po2_qat_root_dynamic_const_weights_partitioned_h32/graphsage_po2_qat_partitioned.h:259) on 'root_input_7_18_val', which is not an operation.
WARNING: [SYN 201-303] Cannot apply functional unit assignment of 'Mul_LUT' (cora_graphsage_hls_test_bundle/build/cora_hls_bundle/hls/po2_qat_root_dynamic_const_weights_partitioned_h32/graphsage_po2_qat_partitioned.h:238) on 'insertvalue' operation 64 bit ('mrv_7', cora_graphsage_hls_test_bundle/build/cora_hls_bundle/hls/po2_qat_root_dynamic_const_weights_partitioned_h32/graphsage_po2_qat_partitioned.h:295) due to incompatible operation sets.
WARNING: [SYN 201-303] Cannot apply functional unit assignment of 'Mul_LUT' (cora_graphsage_hls_test_bundle/build/cora_hls_bundle/hls/po2_qat_root_dynamic_const_weights_partitioned_h32/graphsage_po2_qat_partitioned.h:325) on 'insertvalue' operation 64 bit ('mrv_7', cora_graphsage_hls_test_bundle/build/cora_hls_bundle/hls/po2_qat_root_dynamic_const_weights_partitioned_h32/graphsage_po2_qat_partitioned.h:382) due to incompatible operation sets.
WARNING: [SYN 201-303] Cannot apply functional unit assignment of 'Mul_LUT' (cora_graphsage_hls_test_bundle/build/cora_hls_bundle/hls/po2_qat_root_dynamic_const_weights_partitioned_h32/graphsage_po2_qat_partitioned.h:346) on 'aggregate_input_0_18_val', which is not an operation.
WARNING: [SYN 201-303] Cannot apply functional unit assignment of 'Mul_LUT' (cora_graphsage_hls_test_bundle/build/cora_hls_bundle/hls/po2_qat_root_dynamic_const_weights_partitioned_h32/graphsage_po2_qat_partitioned.h:346) on 'aggregate_input_1_18_val', which is not an operation.
WARNING: [SYN 201-303] Cannot apply functional unit assignment of 'Mul_LUT' (cora_graphsage_hls_test_bundle/build/cora_hls_bundle/hls/po2_qat_root_dynamic_const_weights_partitioned_h32/graphsage_po2_qat_partitioned.h:346) on 'aggregate_input_2_18_val', which is not an operation.
WARNING: [SYN 201-303] Cannot apply functional unit assignment of 'Mul_LUT' (cora_graphsage_hls_test_bundle/build/cora_hls_bundle/hls/po2_qat_root_dynamic_const_weights_partitioned_h32/graphsage_po2_qat_partitioned.h:346) on 'aggregate_input_3_18_val', which is not an operation.
WARNING: [SYN 201-303] Cannot apply functional unit assignment of 'Mul_LUT' (cora_graphsage_hls_test_bundle/build/cora_hls_bundle/hls/po2_qat_root_dynamic_const_weights_partitioned_h32/graphsage_po2_qat_partitioned.h:346) on 'aggregate_input_4_18_val', which is not an operation.
WARNING: [SYN 201-303] Cannot apply functional unit assignment of 'Mul_LUT' (cora_graphsage_hls_test_bundle/build/cora_hls_bundle/hls/po2_qat_root_dynamic_const_weights_partitioned_h32/graphsage_po2_qat_partitioned.h:346) on 'aggregate_input_5_18_val', which is not an operation.
WARNING: [SYN 201-303] Cannot apply functional unit assignment of 'Mul_LUT' (cora_graphsage_hls_test_bundle/build/cora_hls_bundle/hls/po2_qat_root_dynamic_const_weights_partitioned_h32/graphsage_po2_qat_partitioned.h:346) on 'aggregate_input_6_18_val', which is not an operation.
WARNING: [SYN 201-303] Cannot apply functional unit assignment of 'Mul_LUT' (cora_graphsage_hls_test_bundle/build/cora_hls_bundle/hls/po2_qat_root_dynamic_const_weights_partitioned_h32/graphsage_po2_qat_partitioned.h:346) on 'aggregate_input_7_18_val', which is not an operation.
WARNING: [SYN 201-303] Cannot apply functional unit assignment of 'Mul_LUT' (cora_graphsage_hls_test_bundle/build/cora_hls_bundle/hls/po2_qat_root_dynamic_const_weights_partitioned_h32/graphsage_po2_qat_partitioned.h:325) on 'insertvalue' operation 64 bit ('mrv_7', cora_graphsage_hls_test_bundle/build/cora_hls_bundle/hls/po2_qat_root_dynamic_const_weights_partitioned_h32/graphsage_po2_qat_partitioned.h:382) due to incompatible operation sets.
WARNING: [SYN 201-303] Cannot apply functional unit assignment of 'Mul_LUT' (cora_graphsage_hls_test_bundle/build/cora_hls_bundle/hls/po2_qat_root_dynamic_const_weights_partitioned_h32/graphsage_po2_qat_partitioned.h:325) on 'insertvalue' operation 64 bit ('mrv_7', cora_graphsage_hls_test_bundle/build/cora_hls_bundle/hls/po2_qat_root_dynamic_const_weights_partitioned_h32/graphsage_po2_qat_partitioned.h:382) due to incompatible operation sets.
WARNING: [SYN 201-303] Cannot apply functional unit assignment of 'Mul_LUT' (cora_graphsage_hls_test_bundle/build/cora_hls_bundle/hls/po2_qat_root_dynamic_const_weights_partitioned_h32/graphsage_po2_qat_partitioned.h:325) on 'insertvalue' operation 64 bit ('mrv_7', cora_graphsage_hls_test_bundle/build/cora_hls_bundle/hls/po2_qat_root_dynamic_const_weights_partitioned_h32/graphsage_po2_qat_partitioned.h:382) due to incompatible operation sets.
WARNING: [SYN 201-303] Cannot apply functional unit assignment of 'Mul_LUT' (cora_graphsage_hls_test_bundle/build/cora_hls_bundle/hls/po2_qat_root_dynamic_const_weights_partitioned_h32/graphsage_po2_qat_partitioned.h:325) on 'insertvalue' operation 64 bit ('mrv_7', cora_graphsage_hls_test_bundle/build/cora_hls_bundle/hls/po2_qat_root_dynamic_const_weights_partitioned_h32/graphsage_po2_qat_partitioned.h:382) due to incompatible operation sets.
WARNING: [SYN 201-303] Cannot apply functional unit assignment of 'Mul_LUT' (cora_graphsage_hls_test_bundle/build/cora_hls_bundle/hls/po2_qat_root_dynamic_const_weights_partitioned_h32/graphsage_po2_qat_partitioned.h:346) on 'aggregate_input_0_18_val', which is not an operation.
WARNING: [SYN 201-303] Cannot apply functional unit assignment of 'Mul_LUT' (cora_graphsage_hls_test_bundle/build/cora_hls_bundle/hls/po2_qat_root_dynamic_const_weights_partitioned_h32/graphsage_po2_qat_partitioned.h:346) on 'aggregate_input_1_18_val', which is not an operation.
WARNING: [SYN 201-303] Cannot apply functional unit assignment of 'Mul_LUT' (cora_graphsage_hls_test_bundle/build/cora_hls_bundle/hls/po2_qat_root_dynamic_const_weights_partitioned_h32/graphsage_po2_qat_partitioned.h:346) on 'aggregate_input_2_18_val', which is not an operation.
WARNING: [SYN 201-303] Cannot apply functional unit assignment of 'Mul_LUT' (cora_graphsage_hls_test_bundle/build/cora_hls_bundle/hls/po2_qat_root_dynamic_const_weights_partitioned_h32/graphsage_po2_qat_partitioned.h:346) on 'aggregate_input_3_18_val', which is not an operation.
WARNING: [SYN 201-303] Cannot apply functional unit assignment of 'Mul_LUT' (cora_graphsage_hls_test_bundle/build/cora_hls_bundle/hls/po2_qat_root_dynamic_const_weights_partitioned_h32/graphsage_po2_qat_partitioned.h:346) on 'aggregate_input_4_18_val', which is not an operation.
WARNING: [SYN 201-303] Cannot apply functional unit assignment of 'Mul_LUT' (cora_graphsage_hls_test_bundle/build/cora_hls_bundle/hls/po2_qat_root_dynamic_const_weights_partitioned_h32/graphsage_po2_qat_partitioned.h:346) on 'aggregate_input_5_18_val', which is not an operation.
WARNING: [SYN 201-303] Cannot apply functional unit assignment of 'Mul_LUT' (cora_graphsage_hls_test_bundle/build/cora_hls_bundle/hls/po2_qat_root_dynamic_const_weights_partitioned_h32/graphsage_po2_qat_partitioned.h:346) on 'aggregate_input_6_18_val', which is not an operation.
WARNING: [SYN 201-303] Cannot apply functional unit assignment of 'Mul_LUT' (cora_graphsage_hls_test_bundle/build/cora_hls_bundle/hls/po2_qat_root_dynamic_const_weights_partitioned_h32/graphsage_po2_qat_partitioned.h:346) on 'aggregate_input_7_18_val', which is not an operation.
WARNING: [SYN 201-303] Cannot apply functional unit assignment of 'Mul_LUT' (cora_graphsage_hls_test_bundle/build/cora_hls_bundle/hls/po2_qat_root_dynamic_const_weights_partitioned_h32/graphsage_po2_qat_partitioned.h:325) on 'insertvalue' operation 64 bit ('mrv_7', cora_graphsage_hls_test_bundle/build/cora_hls_bundle/hls/po2_qat_root_dynamic_const_weights_partitioned_h32/graphsage_po2_qat_partitioned.h:382) due to incompatible operation sets.
WARNING: [SYN 201-303] Cannot apply functional unit assignment of 'Mul_LUT' (cora_graphsage_hls_test_bundle/build/cora_hls_bundle/hls/po2_qat_root_dynamic_const_weights_partitioned_h32/graphsage_po2_qat_partitioned.h:325) on 'insertvalue' operation 64 bit ('mrv_7', cora_graphsage_hls_test_bundle/build/cora_hls_bundle/hls/po2_qat_root_dynamic_const_weights_partitioned_h32/graphsage_po2_qat_partitioned.h:382) due to incompatible operation sets.
WARNING: [SYN 201-303] Cannot apply functional unit assignment of 'Adder' (cora_graphsage_hls_test_bundle/build/cora_hls_bundle/hls/po2_qat_root_dynamic_const_weights_partitioned_h32/../root_dynamic_const_weights_h32/graphsage_root_dynamic_const_weights.h:297->hls/cora_graphsage_hls_test_bundle/build/cora_hls_bundle/hls/po2_qat_root_dynamic_const_weights_partitioned_h32/graphsage_po2_qat_partitioned.cpp:136): 'return' does not exist or is optimized away.
WARNING: [SYN 201-303] Cannot apply functional unit assignment of 'Mul_DSP' (cora_graphsage_hls_test_bundle/build/cora_hls_bundle/hls/po2_qat_root_dynamic_const_weights_partitioned_h32/../root_dynamic_const_weights_h32/graphsage_root_dynamic_const_weights.h:306->hls/cora_graphsage_hls_test_bundle/build/cora_hls_bundle/hls/po2_qat_root_dynamic_const_weights_partitioned_h32/graphsage_po2_qat_partitioned.cpp:136): 'return' does not exist or is optimized away.
WARNING: [SYN 201-303] Cannot apply functional unit assignment of 'Adder' (cora_graphsage_hls_test_bundle/build/cora_hls_bundle/hls/po2_qat_root_dynamic_const_weights_partitioned_h32/../root_dynamic_const_weights_h32/graphsage_root_dynamic_const_weights.h:297->hls/cora_graphsage_hls_test_bundle/build/cora_hls_bundle/hls/po2_qat_root_dynamic_const_weights_partitioned_h32/graphsage_po2_qat_partitioned.cpp:136): 'return' does not exist or is optimized away.
WARNING: [SYN 201-303] Cannot apply functional unit assignment of 'Mul_DSP' (cora_graphsage_hls_test_bundle/build/cora_hls_bundle/hls/po2_qat_root_dynamic_const_weights_partitioned_h32/../root_dynamic_const_weights_h32/graphsage_root_dynamic_const_weights.h:306->hls/cora_graphsage_hls_test_bundle/build/cora_hls_bundle/hls/po2_qat_root_dynamic_const_weights_partitioned_h32/graphsage_po2_qat_partitioned.cpp:136): 'return' does not exist or is optimized away.
WARNING: [SYN 201-303] Cannot apply functional unit assignment of 'Adder' (cora_graphsage_hls_test_bundle/build/cora_hls_bundle/hls/po2_qat_root_dynamic_const_weights_partitioned_h32/../root_dynamic_const_weights_h32/graphsage_root_dynamic_const_weights.h:297->hls/cora_graphsage_hls_test_bundle/build/cora_hls_bundle/hls/po2_qat_root_dynamic_const_weights_partitioned_h32/graphsage_po2_qat_partitioned.cpp:136): 'return' does not exist or is optimized away.
WARNING: [SYN 201-303] Cannot apply functional unit assignment of 'Mul_DSP' (cora_graphsage_hls_test_bundle/build/cora_hls_bundle/hls/po2_qat_root_dynamic_const_weights_partitioned_h32/../root_dynamic_const_weights_h32/graphsage_root_dynamic_const_weights.h:306->hls/cora_graphsage_hls_test_bundle/build/cora_hls_bundle/hls/po2_qat_root_dynamic_const_weights_partitioned_h32/graphsage_po2_qat_partitioned.cpp:136): 'return' does not exist or is optimized away.
WARNING: [SYN 201-303] Cannot apply functional unit assignment of 'Adder' (cora_graphsage_hls_test_bundle/build/cora_hls_bundle/hls/po2_qat_root_dynamic_const_weights_partitioned_h32/../root_dynamic_const_weights_h32/graphsage_root_dynamic_const_weights.h:297->hls/cora_graphsage_hls_test_bundle/build/cora_hls_bundle/hls/po2_qat_root_dynamic_const_weights_partitioned_h32/graphsage_po2_qat_partitioned.cpp:136): 'return' does not exist or is optimized away.
WARNING: [SYN 201-303] Cannot apply functional unit assignment of 'Mul_DSP' (cora_graphsage_hls_test_bundle/build/cora_hls_bundle/hls/po2_qat_root_dynamic_const_weights_partitioned_h32/../root_dynamic_const_weights_h32/graphsage_root_dynamic_const_weights.h:306->hls/cora_graphsage_hls_test_bundle/build/cora_hls_bundle/hls/po2_qat_root_dynamic_const_weights_partitioned_h32/graphsage_po2_qat_partitioned.cpp:136): 'return' does not exist or is optimized away.
WARNING: [SYN 201-303] Cannot apply functional unit assignment of 'Adder' (cora_graphsage_hls_test_bundle/build/cora_hls_bundle/hls/po2_qat_root_dynamic_const_weights_partitioned_h32/../root_dynamic_const_weights_h32/graphsage_root_dynamic_const_weights.h:297->hls/cora_graphsage_hls_test_bundle/build/cora_hls_bundle/hls/po2_qat_root_dynamic_const_weights_partitioned_h32/graphsage_po2_qat_partitioned.cpp:136): 'return' does not exist or is optimized away.
WARNING: [SYN 201-303] Cannot apply functional unit assignment of 'Mul_DSP' (cora_graphsage_hls_test_bundle/build/cora_hls_bundle/hls/po2_qat_root_dynamic_const_weights_partitioned_h32/../root_dynamic_const_weights_h32/graphsage_root_dynamic_const_weights.h:306->hls/cora_graphsage_hls_test_bundle/build/cora_hls_bundle/hls/po2_qat_root_dynamic_const_weights_partitioned_h32/graphsage_po2_qat_partitioned.cpp:136): 'return' does not exist or is optimized away.
WARNING: [SYN 201-303] Cannot apply functional unit assignment of 'Adder' (cora_graphsage_hls_test_bundle/build/cora_hls_bundle/hls/po2_qat_root_dynamic_const_weights_partitioned_h32/../root_dynamic_const_weights_h32/graphsage_root_dynamic_const_weights.h:297->hls/cora_graphsage_hls_test_bundle/build/cora_hls_bundle/hls/po2_qat_root_dynamic_const_weights_partitioned_h32/graphsage_po2_qat_partitioned.cpp:136): 'return' does not exist or is optimized away.
WARNING: [SYN 201-303] Cannot apply functional unit assignment of 'Mul_DSP' (cora_graphsage_hls_test_bundle/build/cora_hls_bundle/hls/po2_qat_root_dynamic_const_weights_partitioned_h32/../root_dynamic_const_weights_h32/graphsage_root_dynamic_const_weights.h:306->hls/cora_graphsage_hls_test_bundle/build/cora_hls_bundle/hls/po2_qat_root_dynamic_const_weights_partitioned_h32/graphsage_po2_qat_partitioned.cpp:136): 'return' does not exist or is optimized away.
WARNING: [SYN 201-303] Cannot apply functional unit assignment of 'Adder' (cora_graphsage_hls_test_bundle/build/cora_hls_bundle/hls/po2_qat_root_dynamic_const_weights_partitioned_h32/../root_dynamic_const_weights_h32/graphsage_root_dynamic_const_weights.h:297->hls/cora_graphsage_hls_test_bundle/build/cora_hls_bundle/hls/po2_qat_root_dynamic_const_weights_partitioned_h32/graphsage_po2_qat_partitioned.cpp:136): 'return' does not exist or is optimized away.
WARNING: [SYN 201-303] Cannot apply functional unit assignment of 'Mul_DSP' (cora_graphsage_hls_test_bundle/build/cora_hls_bundle/hls/po2_qat_root_dynamic_const_weights_partitioned_h32/../root_dynamic_const_weights_h32/graphsage_root_dynamic_const_weights.h:306->hls/cora_graphsage_hls_test_bundle/build/cora_hls_bundle/hls/po2_qat_root_dynamic_const_weights_partitioned_h32/graphsage_po2_qat_partitioned.cpp:136): 'return' does not exist or is optimized away.
WARNING: [SYN 201-303] Cannot apply functional unit assignment of 'Adder' (cora_graphsage_hls_test_bundle/build/cora_hls_bundle/hls/po2_qat_root_dynamic_const_weights_partitioned_h32/../root_dynamic_const_weights_h32/graphsage_root_dynamic_const_weights.h:297->hls/cora_graphsage_hls_test_bundle/build/cora_hls_bundle/hls/po2_qat_root_dynamic_const_weights_partitioned_h32/graphsage_po2_qat_partitioned.cpp:136): 'return' does not exist or is optimized away.
WARNING: [SYN 201-303] Cannot apply functional unit assignment of 'Mul_DSP' (cora_graphsage_hls_test_bundle/build/cora_hls_bundle/hls/po2_qat_root_dynamic_const_weights_partitioned_h32/../root_dynamic_const_weights_h32/graphsage_root_dynamic_const_weights.h:306->hls/cora_graphsage_hls_test_bundle/build/cora_hls_bundle/hls/po2_qat_root_dynamic_const_weights_partitioned_h32/graphsage_po2_qat_partitioned.cpp:136): 'return' does not exist or is optimized away.
INFO: [HLS 200-10] ----------------------------------------------------------------
INFO: [HLS 200-42] -- Implementing module 'l1_root_channel_false_0_true_s' 
INFO: [HLS 200-10] ----------------------------------------------------------------
INFO: [SCHED 204-11] Starting scheduling ...
INFO: [SCHED 204-61] Pipelining function 'l1_root_channel<false, 0, true>'.
INFO: [HLS 200-1470] Pipelining result : Target II = 1, Final II = 1, Depth = 11, function 'l1_root_channel<false, 0, true>'
INFO: [SCHED 204-11] Finished scheduling.
INFO: [HLS 200-111] Finished Scheduling: CPU user time: 1.41 seconds. CPU system time: 0.11 seconds. Elapsed time: 1.64 seconds; current allocated memory: 1.938 GB.
INFO: [BIND 205-100] Starting micro-architecture generation ...
INFO: [BIND 205-101] Performing variable lifetime analysis.
INFO: [BIND 205-101] Exploring resource sharing.
INFO: [BIND 205-101] Binding ...
INFO: [BIND 205-100] Finished micro-architecture generation.
INFO: [HLS 200-111] Finished Binding: CPU user time: 0.1 seconds. CPU system time: 0.01 seconds. Elapsed time: 0.16 seconds; current allocated memory: 1.938 GB.
INFO: [HLS 200-10] ----------------------------------------------------------------
INFO: [HLS 200-42] -- Implementing module 'l1_root_channel_false_1_true_s' 
INFO: [HLS 200-10] ----------------------------------------------------------------
INFO: [SCHED 204-11] Starting scheduling ...
INFO: [SCHED 204-61] Pipelining function 'l1_root_channel<false, 1, true>'.
INFO: [HLS 200-1470] Pipelining result : Target II = 1, Final II = 1, Depth = 11, function 'l1_root_channel<false, 1, true>'
INFO: [SCHED 204-11] Finished scheduling.
INFO: [HLS 200-111] Finished Scheduling: CPU user time: 0.38 seconds. CPU system time: 0.01 seconds. Elapsed time: 0.42 seconds; current allocated memory: 1.945 GB.
INFO: [BIND 205-100] Starting micro-architecture generation ...
INFO: [BIND 205-101] Performing variable lifetime analysis.
INFO: [BIND 205-101] Exploring resource sharing.
INFO: [BIND 205-101] Binding ...
INFO: [BIND 205-100] Finished micro-architecture generation.
INFO: [HLS 200-111] Finished Binding: CPU user time: 0.08 seconds. CPU system time: 0 seconds. Elapsed time: 0.11 seconds; current allocated memory: 1.945 GB.
INFO: [HLS 200-10] ----------------------------------------------------------------
INFO: [HLS 200-42] -- Implementing module 'l1_root_channel_false_2_true_s' 
INFO: [HLS 200-10] ----------------------------------------------------------------
INFO: [SCHED 204-11] Starting scheduling ...
INFO: [SCHED 204-61] Pipelining function 'l1_root_channel<false, 2, true>'.
INFO: [HLS 200-1470] Pipelining result : Target II = 1, Final II = 1, Depth = 11, function 'l1_root_channel<false, 2, true>'
INFO: [SCHED 204-11] Finished scheduling.
INFO: [HLS 200-111] Finished Scheduling: CPU user time: 0.41 seconds. CPU system time: 0 seconds. Elapsed time: 0.46 seconds; current allocated memory: 1.952 GB.
INFO: [BIND 205-100] Starting micro-architecture generation ...
INFO: [BIND 205-101] Performing variable lifetime analysis.
INFO: [BIND 205-101] Exploring resource sharing.
INFO: [BIND 205-101] Binding ...
INFO: [BIND 205-100] Finished micro-architecture generation.
INFO: [HLS 200-111] Finished Binding: CPU user time: 0.09 seconds. CPU system time: 0.01 seconds. Elapsed time: 0.12 seconds; current allocated memory: 1.952 GB.
INFO: [HLS 200-10] ----------------------------------------------------------------
INFO: [HLS 200-42] -- Implementing module 'l1_root_channel_false_3_true_s' 
INFO: [HLS 200-10] ----------------------------------------------------------------
INFO: [SCHED 204-11] Starting scheduling ...
INFO: [SCHED 204-61] Pipelining function 'l1_root_channel<false, 3, true>'.
INFO: [HLS 200-1470] Pipelining result : Target II = 1, Final II = 1, Depth = 11, function 'l1_root_channel<false, 3, true>'
INFO: [SCHED 204-11] Finished scheduling.
INFO: [HLS 200-111] Finished Scheduling: CPU user time: 0.38 seconds. CPU system time: 0.01 seconds. Elapsed time: 0.44 seconds; current allocated memory: 1.959 GB.
INFO: [BIND 205-100] Starting micro-architecture generation ...
INFO: [BIND 205-101] Performing variable lifetime analysis.
INFO: [BIND 205-101] Exploring resource sharing.
INFO: [BIND 205-101] Binding ...
INFO: [BIND 205-100] Finished micro-architecture generation.
INFO: [HLS 200-111] Finished Binding: CPU user time: 0.08 seconds. CPU system time: 0 seconds. Elapsed time: 0.11 seconds; current allocated memory: 1.959 GB.
INFO: [HLS 200-10] ----------------------------------------------------------------
INFO: [HLS 200-42] -- Implementing module 'l1_root_channel_false_4_true_s' 
INFO: [HLS 200-10] ----------------------------------------------------------------
INFO: [SCHED 204-11] Starting scheduling ...
INFO: [SCHED 204-61] Pipelining function 'l1_root_channel<false, 4, true>'.
INFO: [HLS 200-1470] Pipelining result : Target II = 1, Final II = 1, Depth = 11, function 'l1_root_channel<false, 4, true>'
INFO: [SCHED 204-11] Finished scheduling.
INFO: [HLS 200-111] Finished Scheduling: CPU user time: 0.38 seconds. CPU system time: 0.01 seconds. Elapsed time: 0.42 seconds; current allocated memory: 1.965 GB.
INFO: [BIND 205-100] Starting micro-architecture generation ...
INFO: [BIND 205-101] Performing variable lifetime analysis.
INFO: [BIND 205-101] Exploring resource sharing.
INFO: [BIND 205-101] Binding ...
INFO: [BIND 205-100] Finished micro-architecture generation.
INFO: [HLS 200-111] Finished Binding: CPU user time: 0.08 seconds. CPU system time: 0 seconds. Elapsed time: 0.11 seconds; current allocated memory: 1.965 GB.
INFO: [HLS 200-10] ----------------------------------------------------------------
INFO: [HLS 200-42] -- Implementing module 'l1_root_channel_false_5_true_s' 
INFO: [HLS 200-10] ----------------------------------------------------------------
INFO: [SCHED 204-11] Starting scheduling ...
INFO: [SCHED 204-61] Pipelining function 'l1_root_channel<false, 5, true>'.
INFO: [HLS 200-1470] Pipelining result : Target II = 1, Final II = 1, Depth = 11, function 'l1_root_channel<false, 5, true>'
INFO: [SCHED 204-11] Finished scheduling.
INFO: [HLS 200-111] Finished Scheduling: CPU user time: 0.38 seconds. CPU system time: 0 seconds. Elapsed time: 0.41 seconds; current allocated memory: 1.972 GB.
INFO: [BIND 205-100] Starting micro-architecture generation ...
INFO: [BIND 205-101] Performing variable lifetime analysis.
INFO: [BIND 205-101] Exploring resource sharing.
INFO: [BIND 205-101] Binding ...
INFO: [BIND 205-100] Finished micro-architecture generation.
INFO: [HLS 200-111] Finished Binding: CPU user time: 0.08 seconds. CPU system time: 0.01 seconds. Elapsed time: 0.12 seconds; current allocated memory: 1.972 GB.
INFO: [HLS 200-10] ----------------------------------------------------------------
INFO: [HLS 200-42] -- Implementing module 'l1_root_channel_false_6_true_s' 
INFO: [HLS 200-10] ----------------------------------------------------------------
INFO: [SCHED 204-11] Starting scheduling ...
INFO: [SCHED 204-61] Pipelining function 'l1_root_channel<false, 6, true>'.
INFO: [HLS 200-1470] Pipelining result : Target II = 1, Final II = 1, Depth = 11, function 'l1_root_channel<false, 6, true>'
INFO: [SCHED 204-11] Finished scheduling.
INFO: [HLS 200-111] Finished Scheduling: CPU user time: 0.39 seconds. CPU system time: 0.01 seconds. Elapsed time: 0.43 seconds; current allocated memory: 1.979 GB.
INFO: [BIND 205-100] Starting micro-architecture generation ...
INFO: [BIND 205-101] Performing variable lifetime analysis.
INFO: [BIND 205-101] Exploring resource sharing.
INFO: [BIND 205-101] Binding ...
INFO: [BIND 205-100] Finished micro-architecture generation.
INFO: [HLS 200-111] Finished Binding: CPU user time: 0.08 seconds. CPU system time: 0 seconds. Elapsed time: 0.11 seconds; current allocated memory: 1.979 GB.
INFO: [HLS 200-10] ----------------------------------------------------------------
INFO: [HLS 200-42] -- Implementing module 'l1_root_channel_false_8_true_s' 
INFO: [HLS 200-10] ----------------------------------------------------------------
INFO: [SCHED 204-11] Starting scheduling ...
INFO: [SCHED 204-61] Pipelining function 'l1_root_channel<false, 8, true>'.
INFO: [HLS 200-1470] Pipelining result : Target II = 1, Final II = 1, Depth = 11, function 'l1_root_channel<false, 8, true>'
INFO: [SCHED 204-11] Finished scheduling.
INFO: [HLS 200-111] Finished Scheduling: CPU user time: 0.39 seconds. CPU system time: 0.01 seconds. Elapsed time: 0.43 seconds; current allocated memory: 1.986 GB.
INFO: [BIND 205-100] Starting micro-architecture generation ...
INFO: [BIND 205-101] Performing variable lifetime analysis.
INFO: [BIND 205-101] Exploring resource sharing.
INFO: [BIND 205-101] Binding ...
INFO: [BIND 205-100] Finished micro-architecture generation.
INFO: [HLS 200-111] Finished Binding: CPU user time: 0.08 seconds. CPU system time: 0 seconds. Elapsed time: 0.11 seconds; current allocated memory: 1.986 GB.
INFO: [HLS 200-10] ----------------------------------------------------------------
INFO: [HLS 200-42] -- Implementing module 'l1_root_channel_false_9_true_s' 
INFO: [HLS 200-10] ----------------------------------------------------------------
INFO: [SCHED 204-11] Starting scheduling ...
INFO: [SCHED 204-61] Pipelining function 'l1_root_channel<false, 9, true>'.
INFO: [HLS 200-1470] Pipelining result : Target II = 1, Final II = 1, Depth = 11, function 'l1_root_channel<false, 9, true>'
INFO: [SCHED 204-11] Finished scheduling.
INFO: [HLS 200-111] Finished Scheduling: CPU user time: 0.38 seconds. CPU system time: 0 seconds. Elapsed time: 0.42 seconds; current allocated memory: 1.993 GB.
INFO: [BIND 205-100] Starting micro-architecture generation ...
INFO: [BIND 205-101] Performing variable lifetime analysis.
INFO: [BIND 205-101] Exploring resource sharing.
INFO: [BIND 205-101] Binding ...
INFO: [BIND 205-100] Finished micro-architecture generation.
INFO: [HLS 200-111] Finished Binding: CPU user time: 0.08 seconds. CPU system time: 0.01 seconds. Elapsed time: 0.11 seconds; current allocated memory: 1.993 GB.
INFO: [HLS 200-10] ----------------------------------------------------------------
INFO: [HLS 200-42] -- Implementing module 'l1_root_channel_false_10_true_s' 
INFO: [HLS 200-10] ----------------------------------------------------------------
INFO: [SCHED 204-11] Starting scheduling ...
INFO: [SCHED 204-61] Pipelining function 'l1_root_channel<false, 10, true>'.
INFO: [HLS 200-1470] Pipelining result : Target II = 1, Final II = 1, Depth = 11, function 'l1_root_channel<false, 10, true>'
INFO: [SCHED 204-11] Finished scheduling.
INFO: [HLS 200-111] Finished Scheduling: CPU user time: 0.4 seconds. CPU system time: 0.01 seconds. Elapsed time: 0.44 seconds; current allocated memory: 2.000 GB.
INFO: [BIND 205-100] Starting micro-architecture generation ...
INFO: [BIND 205-101] Performing variable lifetime analysis.
INFO: [BIND 205-101] Exploring resource sharing.
INFO: [BIND 205-101] Binding ...
INFO: [BIND 205-100] Finished micro-architecture generation.
INFO: [HLS 200-111] Finished Binding: CPU user time: 0.1 seconds. CPU system time: 0 seconds. Elapsed time: 0.19 seconds; current allocated memory: 2.000 GB.
INFO: [HLS 200-10] ----------------------------------------------------------------
INFO: [HLS 200-42] -- Implementing module 'l1_root_channel_false_11_true_s' 
INFO: [HLS 200-10] ----------------------------------------------------------------
INFO: [SCHED 204-11] Starting scheduling ...
INFO: [SCHED 204-61] Pipelining function 'l1_root_channel<false, 11, true>'.
INFO: [HLS 200-1470] Pipelining result : Target II = 1, Final II = 1, Depth = 11, function 'l1_root_channel<false, 11, true>'
INFO: [SCHED 204-11] Finished scheduling.
INFO: [HLS 200-111] Finished Scheduling: CPU user time: 0.38 seconds. CPU system time: 0.01 seconds. Elapsed time: 0.46 seconds; current allocated memory: 2.007 GB.
INFO: [BIND 205-100] Starting micro-architecture generation ...
INFO: [BIND 205-101] Performing variable lifetime analysis.
INFO: [BIND 205-101] Exploring resource sharing.
INFO: [BIND 205-101] Binding ...
INFO: [BIND 205-100] Finished micro-architecture generation.
INFO: [HLS 200-111] Finished Binding: CPU user time: 0.08 seconds. CPU system time: 0.01 seconds. Elapsed time: 0.12 seconds; current allocated memory: 2.007 GB.
INFO: [HLS 200-10] ----------------------------------------------------------------
INFO: [HLS 200-42] -- Implementing module 'l1_root_channel_false_13_true_s' 
INFO: [HLS 200-10] ----------------------------------------------------------------
INFO: [SCHED 204-11] Starting scheduling ...
INFO: [SCHED 204-61] Pipelining function 'l1_root_channel<false, 13, true>'.
INFO: [HLS 200-1470] Pipelining result : Target II = 1, Final II = 1, Depth = 11, function 'l1_root_channel<false, 13, true>'
INFO: [SCHED 204-11] Finished scheduling.
INFO: [HLS 200-111] Finished Scheduling: CPU user time: 0.38 seconds. CPU system time: 0.01 seconds. Elapsed time: 0.43 seconds; current allocated memory: 2.014 GB.
INFO: [BIND 205-100] Starting micro-architecture generation ...
INFO: [BIND 205-101] Performing variable lifetime analysis.
INFO: [BIND 205-101] Exploring resource sharing.
INFO: [BIND 205-101] Binding ...
INFO: [BIND 205-100] Finished micro-architecture generation.
INFO: [HLS 200-111] Finished Binding: CPU user time: 0.08 seconds. CPU system time: 0 seconds. Elapsed time: 0.11 seconds; current allocated memory: 2.014 GB.
INFO: [HLS 200-10] ----------------------------------------------------------------
INFO: [HLS 200-42] -- Implementing module 'l1_root_channel_false_14_true_s' 
INFO: [HLS 200-10] ----------------------------------------------------------------
INFO: [SCHED 204-11] Starting scheduling ...
INFO: [SCHED 204-61] Pipelining function 'l1_root_channel<false, 14, true>'.
INFO: [HLS 200-1470] Pipelining result : Target II = 1, Final II = 1, Depth = 11, function 'l1_root_channel<false, 14, true>'
INFO: [SCHED 204-11] Finished scheduling.
INFO: [HLS 200-111] Finished Scheduling: CPU user time: 0.37 seconds. CPU system time: 0.01 seconds. Elapsed time: 0.4 seconds; current allocated memory: 2.020 GB.
INFO: [BIND 205-100] Starting micro-architecture generation ...
INFO: [BIND 205-101] Performing variable lifetime analysis.
INFO: [BIND 205-101] Exploring resource sharing.
INFO: [BIND 205-101] Binding ...
INFO: [BIND 205-100] Finished micro-architecture generation.
INFO: [HLS 200-111] Finished Binding: CPU user time: 0.08 seconds. CPU system time: 0 seconds. Elapsed time: 0.15 seconds; current allocated memory: 2.020 GB.
INFO: [HLS 200-10] ----------------------------------------------------------------
INFO: [HLS 200-42] -- Implementing module 'l1_root_channel_false_15_true_s' 
INFO: [HLS 200-10] ----------------------------------------------------------------
INFO: [SCHED 204-11] Starting scheduling ...
INFO: [SCHED 204-61] Pipelining function 'l1_root_channel<false, 15, true>'.
INFO: [HLS 200-1470] Pipelining result : Target II = 1, Final II = 1, Depth = 11, function 'l1_root_channel<false, 15, true>'
INFO: [SCHED 204-11] Finished scheduling.
INFO: [HLS 200-111] Finished Scheduling: CPU user time: 0.38 seconds. CPU system time: 0.01 seconds. Elapsed time: 0.45 seconds; current allocated memory: 2.027 GB.
INFO: [BIND 205-100] Starting micro-architecture generation ...
INFO: [BIND 205-101] Performing variable lifetime analysis.
INFO: [BIND 205-101] Exploring resource sharing.
INFO: [BIND 205-101] Binding ...
INFO: [BIND 205-100] Finished micro-architecture generation.
INFO: [HLS 200-111] Finished Binding: CPU user time: 0.09 seconds. CPU system time: 0 seconds. Elapsed time: 0.12 seconds; current allocated memory: 2.027 GB.
INFO: [HLS 200-10] ----------------------------------------------------------------
INFO: [HLS 200-42] -- Implementing module 'l1_root_channel_false_16_true_s' 
INFO: [HLS 200-10] ----------------------------------------------------------------
INFO: [SCHED 204-11] Starting scheduling ...
INFO: [SCHED 204-61] Pipelining function 'l1_root_channel<false, 16, true>'.
INFO: [HLS 200-1470] Pipelining result : Target II = 1, Final II = 1, Depth = 11, function 'l1_root_channel<false, 16, true>'
INFO: [SCHED 204-11] Finished scheduling.
INFO: [HLS 200-111] Finished Scheduling: CPU user time: 0.37 seconds. CPU system time: 0.01 seconds. Elapsed time: 0.45 seconds; current allocated memory: 2.034 GB.
INFO: [BIND 205-100] Starting micro-architecture generation ...
INFO: [BIND 205-101] Performing variable lifetime analysis.
INFO: [BIND 205-101] Exploring resource sharing.
INFO: [BIND 205-101] Binding ...
INFO: [BIND 205-100] Finished micro-architecture generation.
INFO: [HLS 200-111] Finished Binding: CPU user time: 0.08 seconds. CPU system time: 0 seconds. Elapsed time: 0.11 seconds; current allocated memory: 2.034 GB.
INFO: [HLS 200-10] ----------------------------------------------------------------
INFO: [HLS 200-42] -- Implementing module 'l1_root_channel_false_17_true_s' 
INFO: [HLS 200-10] ----------------------------------------------------------------
INFO: [SCHED 204-11] Starting scheduling ...
INFO: [SCHED 204-61] Pipelining function 'l1_root_channel<false, 17, true>'.
INFO: [HLS 200-1470] Pipelining result : Target II = 1, Final II = 1, Depth = 9, function 'l1_root_channel<false, 17, true>'
INFO: [SCHED 204-11] Finished scheduling.
INFO: [HLS 200-111] Finished Scheduling: CPU user time: 0.16 seconds. CPU system time: 0 seconds. Elapsed time: 0.19 seconds; current allocated memory: 2.036 GB.
INFO: [BIND 205-100] Starting micro-architecture generation ...
INFO: [BIND 205-101] Performing variable lifetime analysis.
INFO: [BIND 205-101] Exploring resource sharing.
INFO: [BIND 205-101] Binding ...
INFO: [BIND 205-100] Finished micro-architecture generation.
INFO: [HLS 200-111] Finished Binding: CPU user time: 0.04 seconds. CPU system time: 0.01 seconds. Elapsed time: 0.05 seconds; current allocated memory: 2.036 GB.
INFO: [HLS 200-10] ----------------------------------------------------------------
INFO: [HLS 200-42] -- Implementing module 'l1_root_channel_false_18_true_s' 
INFO: [HLS 200-10] ----------------------------------------------------------------
INFO: [SCHED 204-11] Starting scheduling ...
INFO: [SCHED 204-61] Pipelining function 'l1_root_channel<false, 18, true>'.
INFO: [HLS 200-1470] Pipelining result : Target II = 1, Final II = 1, Depth = 5, function 'l1_root_channel<false, 18, true>'
INFO: [SCHED 204-11] Finished scheduling.
INFO: [HLS 200-111] Finished Scheduling: CPU user time: 0.1 seconds. CPU system time: 0 seconds. Elapsed time: 0.11 seconds; current allocated memory: 2.038 GB.
INFO: [BIND 205-100] Starting micro-architecture generation ...
INFO: [BIND 205-101] Performing variable lifetime analysis.
INFO: [BIND 205-101] Exploring resource sharing.
INFO: [BIND 205-101] Binding ...
INFO: [BIND 205-100] Finished micro-architecture generation.
INFO: [HLS 200-111] Finished Binding: CPU user time: 0.02 seconds. CPU system time: 0 seconds. Elapsed time: 0.04 seconds; current allocated memory: 2.038 GB.
INFO: [HLS 200-10] ----------------------------------------------------------------
INFO: [HLS 200-42] -- Implementing module 'l1_root_channel_false_19_true_s' 
INFO: [HLS 200-10] ----------------------------------------------------------------
INFO: [SCHED 204-11] Starting scheduling ...
INFO: [SCHED 204-61] Pipelining function 'l1_root_channel<false, 19, true>'.
INFO: [HLS 200-1470] Pipelining result : Target II = 1, Final II = 1, Depth = 11, function 'l1_root_channel<false, 19, true>'
INFO: [SCHED 204-11] Finished scheduling.
INFO: [HLS 200-111] Finished Scheduling: CPU user time: 0.32 seconds. CPU system time: 0 seconds. Elapsed time: 0.34 seconds; current allocated memory: 2.044 GB.
INFO: [BIND 205-100] Starting micro-architecture generation ...
INFO: [BIND 205-101] Performing variable lifetime analysis.
INFO: [BIND 205-101] Exploring resource sharing.
INFO: [BIND 205-101] Binding ...
INFO: [BIND 205-100] Finished micro-architecture generation.
INFO: [HLS 200-111] Finished Binding: CPU user time: 0.08 seconds. CPU system time: 0.01 seconds. Elapsed time: 0.11 seconds; current allocated memory: 2.044 GB.
INFO: [HLS 200-10] ----------------------------------------------------------------
INFO: [HLS 200-42] -- Implementing module 'l1_root_channel_false_20_true_s' 
INFO: [HLS 200-10] ----------------------------------------------------------------
INFO: [SCHED 204-11] Starting scheduling ...
INFO: [SCHED 204-61] Pipelining function 'l1_root_channel<false, 20, true>'.
INFO: [HLS 200-1470] Pipelining result : Target II = 1, Final II = 1, Depth = 11, function 'l1_root_channel<false, 20, true>'
INFO: [SCHED 204-11] Finished scheduling.
INFO: [HLS 200-111] Finished Scheduling: CPU user time: 0.37 seconds. CPU system time: 0 seconds. Elapsed time: 0.4 seconds; current allocated memory: 2.050 GB.
INFO: [BIND 205-100] Starting micro-architecture generation ...
INFO: [BIND 205-101] Performing variable lifetime analysis.
INFO: [BIND 205-101] Exploring resource sharing.
INFO: [BIND 205-101] Binding ...
INFO: [BIND 205-100] Finished micro-architecture generation.
INFO: [HLS 200-111] Finished Binding: CPU user time: 0.08 seconds. CPU system time: 0.01 seconds. Elapsed time: 0.11 seconds; current allocated memory: 2.050 GB.
INFO: [HLS 200-10] ----------------------------------------------------------------
INFO: [HLS 200-42] -- Implementing module 'l1_root_channel_false_21_true_s' 
INFO: [HLS 200-10] ----------------------------------------------------------------
INFO: [SCHED 204-11] Starting scheduling ...
INFO: [SCHED 204-61] Pipelining function 'l1_root_channel<false, 21, true>'.
INFO: [HLS 200-1470] Pipelining result : Target II = 1, Final II = 1, Depth = 11, function 'l1_root_channel<false, 21, true>'
INFO: [SCHED 204-11] Finished scheduling.
INFO: [HLS 200-111] Finished Scheduling: CPU user time: 0.35 seconds. CPU system time: 0 seconds. Elapsed time: 0.41 seconds; current allocated memory: 2.057 GB.
INFO: [BIND 205-100] Starting micro-architecture generation ...
INFO: [BIND 205-101] Performing variable lifetime analysis.
INFO: [BIND 205-101] Exploring resource sharing.
INFO: [BIND 205-101] Binding ...
INFO: [BIND 205-100] Finished micro-architecture generation.
INFO: [HLS 200-111] Finished Binding: CPU user time: 0.08 seconds. CPU system time: 0.01 seconds. Elapsed time: 0.1 seconds; current allocated memory: 2.057 GB.
INFO: [HLS 200-10] ----------------------------------------------------------------
INFO: [HLS 200-42] -- Implementing module 'l1_root_channel_false_22_true_s' 
INFO: [HLS 200-10] ----------------------------------------------------------------
INFO: [SCHED 204-11] Starting scheduling ...
INFO: [SCHED 204-61] Pipelining function 'l1_root_channel<false, 22, true>'.
INFO: [HLS 200-1470] Pipelining result : Target II = 1, Final II = 1, Depth = 11, function 'l1_root_channel<false, 22, true>'
INFO: [SCHED 204-11] Finished scheduling.
INFO: [HLS 200-111] Finished Scheduling: CPU user time: 0.36 seconds. CPU system time: 0.01 seconds. Elapsed time: 0.42 seconds; current allocated memory: 2.063 GB.
INFO: [BIND 205-100] Starting micro-architecture generation ...
INFO: [BIND 205-101] Performing variable lifetime analysis.
INFO: [BIND 205-101] Exploring resource sharing.
INFO: [BIND 205-101] Binding ...
INFO: [BIND 205-100] Finished micro-architecture generation.
INFO: [HLS 200-111] Finished Binding: CPU user time: 0.08 seconds. CPU system time: 0 seconds. Elapsed time: 0.11 seconds; current allocated memory: 2.063 GB.
INFO: [HLS 200-10] ----------------------------------------------------------------
INFO: [HLS 200-42] -- Implementing module 'l1_root_channel_false_23_true_s' 
INFO: [HLS 200-10] ----------------------------------------------------------------
INFO: [SCHED 204-11] Starting scheduling ...
INFO: [SCHED 204-61] Pipelining function 'l1_root_channel<false, 23, true>'.
INFO: [HLS 200-1470] Pipelining result : Target II = 1, Final II = 1, Depth = 11, function 'l1_root_channel<false, 23, true>'
INFO: [SCHED 204-11] Finished scheduling.
INFO: [HLS 200-111] Finished Scheduling: CPU user time: 0.34 seconds. CPU system time: 0.01 seconds. Elapsed time: 0.38 seconds; current allocated memory: 2.069 GB.
INFO: [BIND 205-100] Starting micro-architecture generation ...
INFO: [BIND 205-101] Performing variable lifetime analysis.
INFO: [BIND 205-101] Exploring resource sharing.
INFO: [BIND 205-101] Binding ...
INFO: [BIND 205-100] Finished micro-architecture generation.
INFO: [HLS 200-111] Finished Binding: CPU user time: 0.07 seconds. CPU system time: 0 seconds. Elapsed time: 0.13 seconds; current allocated memory: 2.069 GB.
INFO: [HLS 200-10] ----------------------------------------------------------------
INFO: [HLS 200-42] -- Implementing module 'l1_root_channel_false_25_true_s' 
INFO: [HLS 200-10] ----------------------------------------------------------------
INFO: [SCHED 204-11] Starting scheduling ...
INFO: [SCHED 204-61] Pipelining function 'l1_root_channel<false, 25, true>'.
INFO: [HLS 200-1470] Pipelining result : Target II = 1, Final II = 1, Depth = 11, function 'l1_root_channel<false, 25, true>'
INFO: [SCHED 204-11] Finished scheduling.
INFO: [HLS 200-111] Finished Scheduling: CPU user time: 0.36 seconds. CPU system time: 0.01 seconds. Elapsed time: 0.4 seconds; current allocated memory: 2.076 GB.
INFO: [BIND 205-100] Starting micro-architecture generation ...
INFO: [BIND 205-101] Performing variable lifetime analysis.
INFO: [BIND 205-101] Exploring resource sharing.
INFO: [BIND 205-101] Binding ...
INFO: [BIND 205-100] Finished micro-architecture generation.
INFO: [HLS 200-111] Finished Binding: CPU user time: 0.08 seconds. CPU system time: 0.01 seconds. Elapsed time: 0.11 seconds; current allocated memory: 2.076 GB.
INFO: [HLS 200-10] ----------------------------------------------------------------
INFO: [HLS 200-42] -- Implementing module 'l1_root_channel_false_26_true_s' 
INFO: [HLS 200-10] ----------------------------------------------------------------
INFO: [SCHED 204-11] Starting scheduling ...
INFO: [SCHED 204-61] Pipelining function 'l1_root_channel<false, 26, true>'.
INFO: [HLS 200-1470] Pipelining result : Target II = 1, Final II = 1, Depth = 11, function 'l1_root_channel<false, 26, true>'
INFO: [SCHED 204-11] Finished scheduling.
INFO: [HLS 200-111] Finished Scheduling: CPU user time: 0.4 seconds. CPU system time: 0 seconds. Elapsed time: 0.43 seconds; current allocated memory: 2.083 GB.
INFO: [BIND 205-100] Starting micro-architecture generation ...
INFO: [BIND 205-101] Performing variable lifetime analysis.
INFO: [BIND 205-101] Exploring resource sharing.
INFO: [BIND 205-101] Binding ...
INFO: [BIND 205-100] Finished micro-architecture generation.
INFO: [HLS 200-111] Finished Binding: CPU user time: 0.09 seconds. CPU system time: 0.01 seconds. Elapsed time: 0.17 seconds; current allocated memory: 2.083 GB.
INFO: [HLS 200-10] ----------------------------------------------------------------
INFO: [HLS 200-42] -- Implementing module 'l1_root_channel_false_27_true_s' 
INFO: [HLS 200-10] ----------------------------------------------------------------
INFO: [SCHED 204-11] Starting scheduling ...
INFO: [SCHED 204-61] Pipelining function 'l1_root_channel<false, 27, true>'.
INFO: [HLS 200-1470] Pipelining result : Target II = 1, Final II = 1, Depth = 11, function 'l1_root_channel<false, 27, true>'
INFO: [SCHED 204-11] Finished scheduling.
INFO: [HLS 200-111] Finished Scheduling: CPU user time: 0.37 seconds. CPU system time: 0.01 seconds. Elapsed time: 0.42 seconds; current allocated memory: 2.089 GB.
INFO: [BIND 205-100] Starting micro-architecture generation ...
INFO: [BIND 205-101] Performing variable lifetime analysis.
INFO: [BIND 205-101] Exploring resource sharing.
INFO: [BIND 205-101] Binding ...
INFO: [BIND 205-100] Finished micro-architecture generation.
INFO: [HLS 200-111] Finished Binding: CPU user time: 0.08 seconds. CPU system time: 0 seconds. Elapsed time: 0.12 seconds; current allocated memory: 2.089 GB.
INFO: [HLS 200-10] ----------------------------------------------------------------
INFO: [HLS 200-42] -- Implementing module 'l1_root_channel_false_28_true_s' 
INFO: [HLS 200-10] ----------------------------------------------------------------
INFO: [SCHED 204-11] Starting scheduling ...
INFO: [SCHED 204-61] Pipelining function 'l1_root_channel<false, 28, true>'.
INFO: [HLS 200-1470] Pipelining result : Target II = 1, Final II = 1, Depth = 11, function 'l1_root_channel<false, 28, true>'
INFO: [SCHED 204-11] Finished scheduling.
INFO: [HLS 200-111] Finished Scheduling: CPU user time: 0.37 seconds. CPU system time: 0.01 seconds. Elapsed time: 0.41 seconds; current allocated memory: 2.096 GB.
INFO: [BIND 205-100] Starting micro-architecture generation ...
INFO: [BIND 205-101] Performing variable lifetime analysis.
INFO: [BIND 205-101] Exploring resource sharing.
INFO: [BIND 205-101] Binding ...
INFO: [BIND 205-100] Finished micro-architecture generation.
INFO: [HLS 200-111] Finished Binding: CPU user time: 0.08 seconds. CPU system time: 0 seconds. Elapsed time: 0.11 seconds; current allocated memory: 2.096 GB.
INFO: [HLS 200-10] ----------------------------------------------------------------
INFO: [HLS 200-42] -- Implementing module 'l1_root_channel_false_29_true_s' 
INFO: [HLS 200-10] ----------------------------------------------------------------
INFO: [SCHED 204-11] Starting scheduling ...
INFO: [SCHED 204-61] Pipelining function 'l1_root_channel<false, 29, true>'.
INFO: [HLS 200-1470] Pipelining result : Target II = 1, Final II = 1, Depth = 11, function 'l1_root_channel<false, 29, true>'
INFO: [SCHED 204-11] Finished scheduling.
INFO: [HLS 200-111] Finished Scheduling: CPU user time: 0.39 seconds. CPU system time: 0.01 seconds. Elapsed time: 0.43 seconds; current allocated memory: 2.103 GB.
INFO: [BIND 205-100] Starting micro-architecture generation ...
INFO: [BIND 205-101] Performing variable lifetime analysis.
INFO: [BIND 205-101] Exploring resource sharing.
INFO: [BIND 205-101] Binding ...
INFO: [BIND 205-100] Finished micro-architecture generation.
INFO: [HLS 200-111] Finished Binding: CPU user time: 0.09 seconds. CPU system time: 0.01 seconds. Elapsed time: 0.13 seconds; current allocated memory: 2.103 GB.
INFO: [HLS 200-10] ----------------------------------------------------------------
INFO: [HLS 200-42] -- Implementing module 'l1_root_channel_false_30_true_s' 
INFO: [HLS 200-10] ----------------------------------------------------------------
INFO: [SCHED 204-11] Starting scheduling ...
INFO: [SCHED 204-61] Pipelining function 'l1_root_channel<false, 30, true>'.
INFO: [HLS 200-1470] Pipelining result : Target II = 1, Final II = 1, Depth = 11, function 'l1_root_channel<false, 30, true>'
INFO: [SCHED 204-11] Finished scheduling.
INFO: [HLS 200-111] Finished Scheduling: CPU user time: 0.38 seconds. CPU system time: 0.01 seconds. Elapsed time: 0.41 seconds; current allocated memory: 2.110 GB.
INFO: [BIND 205-100] Starting micro-architecture generation ...
INFO: [BIND 205-101] Performing variable lifetime analysis.
INFO: [BIND 205-101] Exploring resource sharing.
INFO: [BIND 205-101] Binding ...
INFO: [BIND 205-100] Finished micro-architecture generation.
INFO: [HLS 200-111] Finished Binding: CPU user time: 0.08 seconds. CPU system time: 0 seconds. Elapsed time: 0.14 seconds; current allocated memory: 2.110 GB.
INFO: [HLS 200-10] ----------------------------------------------------------------
INFO: [HLS 200-42] -- Implementing module 'l1_root_channel_false_31_true_s' 
INFO: [HLS 200-10] ----------------------------------------------------------------
INFO: [SCHED 204-11] Starting scheduling ...
INFO: [SCHED 204-61] Pipelining function 'l1_root_channel<false, 31, true>'.
INFO: [HLS 200-1470] Pipelining result : Target II = 1, Final II = 1, Depth = 11, function 'l1_root_channel<false, 31, true>'
INFO: [SCHED 204-11] Finished scheduling.
INFO: [HLS 200-111] Finished Scheduling: CPU user time: 0.37 seconds. CPU system time: 0.01 seconds. Elapsed time: 0.41 seconds; current allocated memory: 2.117 GB.
INFO: [BIND 205-100] Starting micro-architecture generation ...
INFO: [BIND 205-101] Performing variable lifetime analysis.
INFO: [BIND 205-101] Exploring resource sharing.
INFO: [BIND 205-101] Binding ...
INFO: [BIND 205-100] Finished micro-architecture generation.
INFO: [HLS 200-111] Finished Binding: CPU user time: 0.08 seconds. CPU system time: 0.01 seconds. Elapsed time: 0.11 seconds; current allocated memory: 2.117 GB.
INFO: [HLS 200-10] ----------------------------------------------------------------
INFO: [HLS 200-42] -- Implementing module 'l1_neighbor_channel_false_0_true_s' 
INFO: [HLS 200-10] ----------------------------------------------------------------
INFO: [SCHED 204-11] Starting scheduling ...
INFO: [SCHED 204-61] Pipelining function 'l1_neighbor_channel<false, 0, true>'.
INFO: [HLS 200-1470] Pipelining result : Target II = 1, Final II = 1, Depth = 11, function 'l1_neighbor_channel<false, 0, true>'
INFO: [SCHED 204-11] Finished scheduling.
INFO: [HLS 200-111] Finished Scheduling: CPU user time: 0.4 seconds. CPU system time: 0 seconds. Elapsed time: 0.44 seconds; current allocated memory: 2.124 GB.
INFO: [BIND 205-100] Starting micro-architecture generation ...
INFO: [BIND 205-101] Performing variable lifetime analysis.
INFO: [BIND 205-101] Exploring resource sharing.
INFO: [BIND 205-101] Binding ...
INFO: [BIND 205-100] Finished micro-architecture generation.
INFO: [HLS 200-111] Finished Binding: CPU user time: 0.09 seconds. CPU system time: 0 seconds. Elapsed time: 0.11 seconds; current allocated memory: 2.124 GB.
INFO: [HLS 200-10] ----------------------------------------------------------------
INFO: [HLS 200-42] -- Implementing module 'l1_neighbor_channel_false_1_true_s' 
INFO: [HLS 200-10] ----------------------------------------------------------------
INFO: [SCHED 204-11] Starting scheduling ...
INFO: [SCHED 204-61] Pipelining function 'l1_neighbor_channel<false, 1, true>'.
INFO: [HLS 200-1470] Pipelining result : Target II = 1, Final II = 1, Depth = 11, function 'l1_neighbor_channel<false, 1, true>'
INFO: [SCHED 204-11] Finished scheduling.
INFO: [HLS 200-111] Finished Scheduling: CPU user time: 0.39 seconds. CPU system time: 0.01 seconds. Elapsed time: 0.47 seconds; current allocated memory: 2.131 GB.
INFO: [BIND 205-100] Starting micro-architecture generation ...
INFO: [BIND 205-101] Performing variable lifetime analysis.
INFO: [BIND 205-101] Exploring resource sharing.
INFO: [BIND 205-101] Binding ...
INFO: [BIND 205-100] Finished micro-architecture generation.
INFO: [HLS 200-111] Finished Binding: CPU user time: 0.08 seconds. CPU system time: 0 seconds. Elapsed time: 0.11 seconds; current allocated memory: 2.131 GB.
INFO: [HLS 200-10] ----------------------------------------------------------------
INFO: [HLS 200-42] -- Implementing module 'l1_neighbor_channel_false_2_true_s' 
INFO: [HLS 200-10] ----------------------------------------------------------------
INFO: [SCHED 204-11] Starting scheduling ...
INFO: [SCHED 204-61] Pipelining function 'l1_neighbor_channel<false, 2, true>'.
INFO: [HLS 200-1470] Pipelining result : Target II = 1, Final II = 1, Depth = 11, function 'l1_neighbor_channel<false, 2, true>'
INFO: [SCHED 204-11] Finished scheduling.
INFO: [HLS 200-111] Finished Scheduling: CPU user time: 0.39 seconds. CPU system time: 0.01 seconds. Elapsed time: 0.42 seconds; current allocated memory: 2.138 GB.
INFO: [BIND 205-100] Starting micro-architecture generation ...
INFO: [BIND 205-101] Performing variable lifetime analysis.
INFO: [BIND 205-101] Exploring resource sharing.
INFO: [BIND 205-101] Binding ...
INFO: [BIND 205-100] Finished micro-architecture generation.
INFO: [HLS 200-111] Finished Binding: CPU user time: 0.08 seconds. CPU system time: 0 seconds. Elapsed time: 0.12 seconds; current allocated memory: 2.138 GB.
INFO: [HLS 200-10] ----------------------------------------------------------------
INFO: [HLS 200-42] -- Implementing module 'l1_neighbor_channel_false_3_true_s' 
INFO: [HLS 200-10] ----------------------------------------------------------------
INFO: [SCHED 204-11] Starting scheduling ...
INFO: [SCHED 204-61] Pipelining function 'l1_neighbor_channel<false, 3, true>'.
INFO: [HLS 200-1470] Pipelining result : Target II = 1, Final II = 1, Depth = 11, function 'l1_neighbor_channel<false, 3, true>'
INFO: [SCHED 204-11] Finished scheduling.
INFO: [HLS 200-111] Finished Scheduling: CPU user time: 0.38 seconds. CPU system time: 0.01 seconds. Elapsed time: 0.42 seconds; current allocated memory: 2.145 GB.
INFO: [BIND 205-100] Starting micro-architecture generation ...
INFO: [BIND 205-101] Performing variable lifetime analysis.
INFO: [BIND 205-101] Exploring resource sharing.
INFO: [BIND 205-101] Binding ...
INFO: [BIND 205-100] Finished micro-architecture generation.
INFO: [HLS 200-111] Finished Binding: CPU user time: 0.08 seconds. CPU system time: 0 seconds. Elapsed time: 0.14 seconds; current allocated memory: 2.145 GB.
INFO: [HLS 200-10] ----------------------------------------------------------------
INFO: [HLS 200-42] -- Implementing module 'l1_neighbor_channel_false_4_true_s' 
INFO: [HLS 200-10] ----------------------------------------------------------------
INFO: [SCHED 204-11] Starting scheduling ...
INFO: [SCHED 204-61] Pipelining function 'l1_neighbor_channel<false, 4, true>'.
INFO: [HLS 200-1470] Pipelining result : Target II = 1, Final II = 1, Depth = 11, function 'l1_neighbor_channel<false, 4, true>'
INFO: [SCHED 204-11] Finished scheduling.
INFO: [HLS 200-111] Finished Scheduling: CPU user time: 0.39 seconds. CPU system time: 0.01 seconds. Elapsed time: 0.42 seconds; current allocated memory: 2.151 GB.
INFO: [BIND 205-100] Starting micro-architecture generation ...
INFO: [BIND 205-101] Performing variable lifetime analysis.
INFO: [BIND 205-101] Exploring resource sharing.
INFO: [BIND 205-101] Binding ...
INFO: [BIND 205-100] Finished micro-architecture generation.
INFO: [HLS 200-111] Finished Binding: CPU user time: 0.08 seconds. CPU system time: 0 seconds. Elapsed time: 0.13 seconds; current allocated memory: 2.151 GB.
INFO: [HLS 200-10] ----------------------------------------------------------------
INFO: [HLS 200-42] -- Implementing module 'l1_neighbor_channel_false_5_true_s' 
INFO: [HLS 200-10] ----------------------------------------------------------------
INFO: [SCHED 204-11] Starting scheduling ...
INFO: [SCHED 204-61] Pipelining function 'l1_neighbor_channel<false, 5, true>'.
INFO: [HLS 200-1470] Pipelining result : Target II = 1, Final II = 1, Depth = 11, function 'l1_neighbor_channel<false, 5, true>'
INFO: [SCHED 204-11] Finished scheduling.
INFO: [HLS 200-111] Finished Scheduling: CPU user time: 0.39 seconds. CPU system time: 0.01 seconds. Elapsed time: 0.5 seconds; current allocated memory: 2.158 GB.
INFO: [BIND 205-100] Starting micro-architecture generation ...
INFO: [BIND 205-101] Performing variable lifetime analysis.
INFO: [BIND 205-101] Exploring resource sharing.
INFO: [BIND 205-101] Binding ...
INFO: [BIND 205-100] Finished micro-architecture generation.
INFO: [HLS 200-111] Finished Binding: CPU user time: 0.08 seconds. CPU system time: 0.01 seconds. Elapsed time: 0.14 seconds; current allocated memory: 2.158 GB.
INFO: [HLS 200-10] ----------------------------------------------------------------
INFO: [HLS 200-42] -- Implementing module 'l1_neighbor_channel_false_6_true_s' 
INFO: [HLS 200-10] ----------------------------------------------------------------
INFO: [SCHED 204-11] Starting scheduling ...
INFO: [SCHED 204-61] Pipelining function 'l1_neighbor_channel<false, 6, true>'.
INFO: [HLS 200-1470] Pipelining result : Target II = 1, Final II = 1, Depth = 11, function 'l1_neighbor_channel<false, 6, true>'
INFO: [SCHED 204-11] Finished scheduling.
INFO: [HLS 200-111] Finished Scheduling: CPU user time: 0.39 seconds. CPU system time: 0.01 seconds. Elapsed time: 0.47 seconds; current allocated memory: 2.165 GB.
INFO: [BIND 205-100] Starting micro-architecture generation ...
INFO: [BIND 205-101] Performing variable lifetime analysis.
INFO: [BIND 205-101] Exploring resource sharing.
INFO: [BIND 205-101] Binding ...
INFO: [BIND 205-100] Finished micro-architecture generation.
INFO: [HLS 200-111] Finished Binding: CPU user time: 0.09 seconds. CPU system time: 0 seconds. Elapsed time: 0.14 seconds; current allocated memory: 2.165 GB.
INFO: [HLS 200-10] ----------------------------------------------------------------
INFO: [HLS 200-42] -- Implementing module 'l1_neighbor_channel_false_8_true_s' 
INFO: [HLS 200-10] ----------------------------------------------------------------
INFO: [SCHED 204-11] Starting scheduling ...
INFO: [SCHED 204-61] Pipelining function 'l1_neighbor_channel<false, 8, true>'.
INFO: [HLS 200-1470] Pipelining result : Target II = 1, Final II = 1, Depth = 11, function 'l1_neighbor_channel<false, 8, true>'
INFO: [SCHED 204-11] Finished scheduling.
INFO: [HLS 200-111] Finished Scheduling: CPU user time: 0.41 seconds. CPU system time: 0 seconds. Elapsed time: 0.48 seconds; current allocated memory: 2.173 GB.
INFO: [BIND 205-100] Starting micro-architecture generation ...
INFO: [BIND 205-101] Performing variable lifetime analysis.
INFO: [BIND 205-101] Exploring resource sharing.
INFO: [BIND 205-101] Binding ...
INFO: [BIND 205-100] Finished micro-architecture generation.
INFO: [HLS 200-111] Finished Binding: CPU user time: 0.09 seconds. CPU system time: 0 seconds. Elapsed time: 0.12 seconds; current allocated memory: 2.173 GB.
INFO: [HLS 200-10] ----------------------------------------------------------------
INFO: [HLS 200-42] -- Implementing module 'l1_neighbor_channel_false_9_true_s' 
INFO: [HLS 200-10] ----------------------------------------------------------------
INFO: [SCHED 204-11] Starting scheduling ...
INFO: [SCHED 204-61] Pipelining function 'l1_neighbor_channel<false, 9, true>'.
INFO: [HLS 200-1470] Pipelining result : Target II = 1, Final II = 1, Depth = 11, function 'l1_neighbor_channel<false, 9, true>'
INFO: [SCHED 204-11] Finished scheduling.
INFO: [HLS 200-111] Finished Scheduling: CPU user time: 0.38 seconds. CPU system time: 0.01 seconds. Elapsed time: 0.53 seconds; current allocated memory: 2.180 GB.
INFO: [BIND 205-100] Starting micro-architecture generation ...
INFO: [BIND 205-101] Performing variable lifetime analysis.
INFO: [BIND 205-101] Exploring resource sharing.
INFO: [BIND 205-101] Binding ...
INFO: [BIND 205-100] Finished micro-architecture generation.
INFO: [HLS 200-111] Finished Binding: CPU user time: 0.09 seconds. CPU system time: 0 seconds. Elapsed time: 0.12 seconds; current allocated memory: 2.180 GB.
INFO: [HLS 200-10] ----------------------------------------------------------------
INFO: [HLS 200-42] -- Implementing module 'l1_neighbor_channel_false_10_true_s' 
INFO: [HLS 200-10] ----------------------------------------------------------------
INFO: [SCHED 204-11] Starting scheduling ...
INFO: [SCHED 204-61] Pipelining function 'l1_neighbor_channel<false, 10, true>'.
INFO: [HLS 200-1470] Pipelining result : Target II = 1, Final II = 1, Depth = 11, function 'l1_neighbor_channel<false, 10, true>'
INFO: [SCHED 204-11] Finished scheduling.
INFO: [HLS 200-111] Finished Scheduling: CPU user time: 0.39 seconds. CPU system time: 0.01 seconds. Elapsed time: 0.43 seconds; current allocated memory: 2.187 GB.
INFO: [BIND 205-100] Starting micro-architecture generation ...
INFO: [BIND 205-101] Performing variable lifetime analysis.
INFO: [BIND 205-101] Exploring resource sharing.
INFO: [BIND 205-101] Binding ...
INFO: [BIND 205-100] Finished micro-architecture generation.
INFO: [HLS 200-111] Finished Binding: CPU user time: 0.08 seconds. CPU system time: 0.01 seconds. Elapsed time: 0.17 seconds; current allocated memory: 2.187 GB.
INFO: [HLS 200-10] ----------------------------------------------------------------
INFO: [HLS 200-42] -- Implementing module 'l1_neighbor_channel_false_11_true_s' 
INFO: [HLS 200-10] ----------------------------------------------------------------
INFO: [SCHED 204-11] Starting scheduling ...
INFO: [SCHED 204-61] Pipelining function 'l1_neighbor_channel<false, 11, true>'.
INFO: [HLS 200-1470] Pipelining result : Target II = 1, Final II = 1, Depth = 11, function 'l1_neighbor_channel<false, 11, true>'
INFO: [SCHED 204-11] Finished scheduling.
INFO: [HLS 200-111] Finished Scheduling: CPU user time: 0.4 seconds. CPU system time: 0 seconds. Elapsed time: 0.44 seconds; current allocated memory: 2.194 GB.
INFO: [BIND 205-100] Starting micro-architecture generation ...
INFO: [BIND 205-101] Performing variable lifetime analysis.
INFO: [BIND 205-101] Exploring resource sharing.
INFO: [BIND 205-101] Binding ...
INFO: [BIND 205-100] Finished micro-architecture generation.
INFO: [HLS 200-111] Finished Binding: CPU user time: 0.09 seconds. CPU system time: 0 seconds. Elapsed time: 0.16 seconds; current allocated memory: 2.194 GB.
INFO: [HLS 200-10] ----------------------------------------------------------------
INFO: [HLS 200-42] -- Implementing module 'l1_neighbor_channel_false_13_true_s' 
INFO: [HLS 200-10] ----------------------------------------------------------------
INFO: [SCHED 204-11] Starting scheduling ...
INFO: [SCHED 204-61] Pipelining function 'l1_neighbor_channel<false, 13, true>'.
INFO: [HLS 200-1470] Pipelining result : Target II = 1, Final II = 1, Depth = 11, function 'l1_neighbor_channel<false, 13, true>'
INFO: [SCHED 204-11] Finished scheduling.
INFO: [HLS 200-111] Finished Scheduling: CPU user time: 0.38 seconds. CPU system time: 0.01 seconds. Elapsed time: 0.44 seconds; current allocated memory: 2.201 GB.
INFO: [BIND 205-100] Starting micro-architecture generation ...
INFO: [BIND 205-101] Performing variable lifetime analysis.
INFO: [BIND 205-101] Exploring resource sharing.
INFO: [BIND 205-101] Binding ...
INFO: [BIND 205-100] Finished micro-architecture generation.
INFO: [HLS 200-111] Finished Binding: CPU user time: 0.08 seconds. CPU system time: 0 seconds. Elapsed time: 0.14 seconds; current allocated memory: 2.201 GB.
INFO: [HLS 200-10] ----------------------------------------------------------------
INFO: [HLS 200-42] -- Implementing module 'l1_neighbor_channel_false_14_true_s' 
INFO: [HLS 200-10] ----------------------------------------------------------------
INFO: [SCHED 204-11] Starting scheduling ...
INFO: [SCHED 204-61] Pipelining function 'l1_neighbor_channel<false, 14, true>'.
INFO: [HLS 200-1470] Pipelining result : Target II = 1, Final II = 1, Depth = 11, function 'l1_neighbor_channel<false, 14, true>'
INFO: [SCHED 204-11] Finished scheduling.
INFO: [HLS 200-111] Finished Scheduling: CPU user time: 0.39 seconds. CPU system time: 0.01 seconds. Elapsed time: 0.43 seconds; current allocated memory: 2.207 GB.
INFO: [BIND 205-100] Starting micro-architecture generation ...
INFO: [BIND 205-101] Performing variable lifetime analysis.
INFO: [BIND 205-101] Exploring resource sharing.
INFO: [BIND 205-101] Binding ...
INFO: [BIND 205-100] Finished micro-architecture generation.
INFO: [HLS 200-111] Finished Binding: CPU user time: 0.08 seconds. CPU system time: 0.01 seconds. Elapsed time: 0.18 seconds; current allocated memory: 2.207 GB.
INFO: [HLS 200-10] ----------------------------------------------------------------
INFO: [HLS 200-42] -- Implementing module 'l1_neighbor_channel_false_15_true_s' 
INFO: [HLS 200-10] ----------------------------------------------------------------
INFO: [SCHED 204-11] Starting scheduling ...
INFO: [SCHED 204-61] Pipelining function 'l1_neighbor_channel<false, 15, true>'.
INFO: [HLS 200-1470] Pipelining result : Target II = 1, Final II = 1, Depth = 11, function 'l1_neighbor_channel<false, 15, true>'
INFO: [SCHED 204-11] Finished scheduling.
INFO: [HLS 200-111] Finished Scheduling: CPU user time: 0.39 seconds. CPU system time: 0.01 seconds. Elapsed time: 0.45 seconds; current allocated memory: 2.215 GB.
INFO: [BIND 205-100] Starting micro-architecture generation ...
INFO: [BIND 205-101] Performing variable lifetime analysis.
INFO: [BIND 205-101] Exploring resource sharing.
INFO: [BIND 205-101] Binding ...
INFO: [BIND 205-100] Finished micro-architecture generation.
INFO: [HLS 200-111] Finished Binding: CPU user time: 0.09 seconds. CPU system time: 0 seconds. Elapsed time: 0.11 seconds; current allocated memory: 2.215 GB.
INFO: [HLS 200-10] ----------------------------------------------------------------
INFO: [HLS 200-42] -- Implementing module 'l1_neighbor_channel_false_16_true_s' 
INFO: [HLS 200-10] ----------------------------------------------------------------
INFO: [SCHED 204-11] Starting scheduling ...
INFO: [SCHED 204-61] Pipelining function 'l1_neighbor_channel<false, 16, true>'.
INFO: [HLS 200-1470] Pipelining result : Target II = 1, Final II = 1, Depth = 11, function 'l1_neighbor_channel<false, 16, true>'
INFO: [SCHED 204-11] Finished scheduling.
INFO: [HLS 200-111] Finished Scheduling: CPU user time: 0.39 seconds. CPU system time: 0.01 seconds. Elapsed time: 0.42 seconds; current allocated memory: 2.222 GB.
INFO: [BIND 205-100] Starting micro-architecture generation ...
INFO: [BIND 205-101] Performing variable lifetime analysis.
INFO: [BIND 205-101] Exploring resource sharing.
INFO: [BIND 205-101] Binding ...
INFO: [BIND 205-100] Finished micro-architecture generation.
INFO: [HLS 200-111] Finished Binding: CPU user time: 0.08 seconds. CPU system time: 0 seconds. Elapsed time: 0.12 seconds; current allocated memory: 2.222 GB.
INFO: [HLS 200-10] ----------------------------------------------------------------
INFO: [HLS 200-42] -- Implementing module 'l1_neighbor_channel_false_17_true_s' 
INFO: [HLS 200-10] ----------------------------------------------------------------
INFO: [SCHED 204-11] Starting scheduling ...
INFO: [SCHED 204-61] Pipelining function 'l1_neighbor_channel<false, 17, true>'.
INFO: [HLS 200-1470] Pipelining result : Target II = 1, Final II = 1, Depth = 9, function 'l1_neighbor_channel<false, 17, true>'
INFO: [SCHED 204-11] Finished scheduling.
INFO: [HLS 200-111] Finished Scheduling: CPU user time: 0.19 seconds. CPU system time: 0 seconds. Elapsed time: 0.23 seconds; current allocated memory: 2.225 GB.
INFO: [BIND 205-100] Starting micro-architecture generation ...
INFO: [BIND 205-101] Performing variable lifetime analysis.
INFO: [BIND 205-101] Exploring resource sharing.
INFO: [BIND 205-101] Binding ...
INFO: [BIND 205-100] Finished micro-architecture generation.
INFO: [HLS 200-111] Finished Binding: CPU user time: 0.03 seconds. CPU system time: 0.01 seconds. Elapsed time: 0.05 seconds; current allocated memory: 2.225 GB.
INFO: [HLS 200-10] ----------------------------------------------------------------
INFO: [HLS 200-42] -- Implementing module 'l1_neighbor_channel_false_18_true_s' 
INFO: [HLS 200-10] ----------------------------------------------------------------
INFO: [SCHED 204-11] Starting scheduling ...
INFO: [SCHED 204-61] Pipelining function 'l1_neighbor_channel<false, 18, true>'.
INFO: [HLS 200-1470] Pipelining result : Target II = 1, Final II = 1, Depth = 4, function 'l1_neighbor_channel<false, 18, true>'
INFO: [SCHED 204-11] Finished scheduling.
INFO: [HLS 200-111] Finished Scheduling: CPU user time: 0.08 seconds. CPU system time: 0 seconds. Elapsed time: 0.14 seconds; current allocated memory: 2.225 GB.
INFO: [BIND 205-100] Starting micro-architecture generation ...
INFO: [BIND 205-101] Performing variable lifetime analysis.
INFO: [BIND 205-101] Exploring resource sharing.
INFO: [BIND 205-101] Binding ...
INFO: [BIND 205-100] Finished micro-architecture generation.
INFO: [HLS 200-111] Finished Binding: CPU user time: 0.02 seconds. CPU system time: 0 seconds. Elapsed time: 0.05 seconds; current allocated memory: 2.225 GB.
INFO: [HLS 200-10] ----------------------------------------------------------------
INFO: [HLS 200-42] -- Implementing module 'l1_neighbor_channel_false_19_true_s' 
INFO: [HLS 200-10] ----------------------------------------------------------------
INFO: [SCHED 204-11] Starting scheduling ...
INFO: [SCHED 204-61] Pipelining function 'l1_neighbor_channel<false, 19, true>'.
INFO: [HLS 200-1470] Pipelining result : Target II = 1, Final II = 1, Depth = 11, function 'l1_neighbor_channel<false, 19, true>'
INFO: [SCHED 204-11] Finished scheduling.
INFO: [HLS 200-111] Finished Scheduling: CPU user time: 0.33 seconds. CPU system time: 0 seconds. Elapsed time: 0.43 seconds; current allocated memory: 2.232 GB.
INFO: [BIND 205-100] Starting micro-architecture generation ...
INFO: [BIND 205-101] Performing variable lifetime analysis.
INFO: [BIND 205-101] Exploring resource sharing.
INFO: [BIND 205-101] Binding ...
INFO: [BIND 205-100] Finished micro-architecture generation.
INFO: [HLS 200-111] Finished Binding: CPU user time: 0.08 seconds. CPU system time: 0.01 seconds. Elapsed time: 0.11 seconds; current allocated memory: 2.232 GB.
INFO: [HLS 200-10] ----------------------------------------------------------------
INFO: [HLS 200-42] -- Implementing module 'l1_neighbor_channel_false_20_true_s' 
INFO: [HLS 200-10] ----------------------------------------------------------------
INFO: [SCHED 204-11] Starting scheduling ...
INFO: [SCHED 204-61] Pipelining function 'l1_neighbor_channel<false, 20, true>'.
INFO: [HLS 200-1470] Pipelining result : Target II = 1, Final II = 1, Depth = 11, function 'l1_neighbor_channel<false, 20, true>'
INFO: [SCHED 204-11] Finished scheduling.
INFO: [HLS 200-111] Finished Scheduling: CPU user time: 0.4 seconds. CPU system time: 0 seconds. Elapsed time: 0.44 seconds; current allocated memory: 2.239 GB.
INFO: [BIND 205-100] Starting micro-architecture generation ...
INFO: [BIND 205-101] Performing variable lifetime analysis.
INFO: [BIND 205-101] Exploring resource sharing.
INFO: [BIND 205-101] Binding ...
INFO: [BIND 205-100] Finished micro-architecture generation.
INFO: [HLS 200-111] Finished Binding: CPU user time: 0.08 seconds. CPU system time: 0.01 seconds. Elapsed time: 0.24 seconds; current allocated memory: 2.239 GB.
INFO: [HLS 200-10] ----------------------------------------------------------------
INFO: [HLS 200-42] -- Implementing module 'l1_neighbor_channel_false_21_true_s' 
INFO: [HLS 200-10] ----------------------------------------------------------------
INFO: [SCHED 204-11] Starting scheduling ...
INFO: [SCHED 204-61] Pipelining function 'l1_neighbor_channel<false, 21, true>'.
INFO: [HLS 200-1470] Pipelining result : Target II = 1, Final II = 1, Depth = 11, function 'l1_neighbor_channel<false, 21, true>'
INFO: [SCHED 204-11] Finished scheduling.
INFO: [HLS 200-111] Finished Scheduling: CPU user time: 0.39 seconds. CPU system time: 0 seconds. Elapsed time: 0.47 seconds; current allocated memory: 2.246 GB.
INFO: [BIND 205-100] Starting micro-architecture generation ...
INFO: [BIND 205-101] Performing variable lifetime analysis.
INFO: [BIND 205-101] Exploring resource sharing.
INFO: [BIND 205-101] Binding ...
INFO: [BIND 205-100] Finished micro-architecture generation.
INFO: [HLS 200-111] Finished Binding: CPU user time: 0.08 seconds. CPU system time: 0 seconds. Elapsed time: 0.12 seconds; current allocated memory: 2.246 GB.
INFO: [HLS 200-10] ----------------------------------------------------------------
INFO: [HLS 200-42] -- Implementing module 'l1_neighbor_channel_false_22_true_s' 
INFO: [HLS 200-10] ----------------------------------------------------------------
INFO: [SCHED 204-11] Starting scheduling ...
INFO: [SCHED 204-61] Pipelining function 'l1_neighbor_channel<false, 22, true>'.
INFO: [HLS 200-1470] Pipelining result : Target II = 1, Final II = 1, Depth = 11, function 'l1_neighbor_channel<false, 22, true>'
INFO: [SCHED 204-11] Finished scheduling.
INFO: [HLS 200-111] Finished Scheduling: CPU user time: 0.35 seconds. CPU system time: 0.01 seconds. Elapsed time: 0.41 seconds; current allocated memory: 2.252 GB.
INFO: [BIND 205-100] Starting micro-architecture generation ...
INFO: [BIND 205-101] Performing variable lifetime analysis.
INFO: [BIND 205-101] Exploring resource sharing.
INFO: [BIND 205-101] Binding ...
INFO: [BIND 205-100] Finished micro-architecture generation.
INFO: [HLS 200-111] Finished Binding: CPU user time: 0.08 seconds. CPU system time: 0 seconds. Elapsed time: 0.23 seconds; current allocated memory: 2.252 GB.
INFO: [HLS 200-10] ----------------------------------------------------------------
INFO: [HLS 200-42] -- Implementing module 'l1_neighbor_channel_false_23_true_s' 
INFO: [HLS 200-10] ----------------------------------------------------------------
INFO: [SCHED 204-11] Starting scheduling ...
INFO: [SCHED 204-61] Pipelining function 'l1_neighbor_channel<false, 23, true>'.
INFO: [HLS 200-1470] Pipelining result : Target II = 1, Final II = 1, Depth = 11, function 'l1_neighbor_channel<false, 23, true>'
INFO: [SCHED 204-11] Finished scheduling.
INFO: [HLS 200-111] Finished Scheduling: CPU user time: 0.39 seconds. CPU system time: 0 seconds. Elapsed time: 0.42 seconds; current allocated memory: 2.259 GB.
INFO: [BIND 205-100] Starting micro-architecture generation ...
INFO: [BIND 205-101] Performing variable lifetime analysis.
INFO: [BIND 205-101] Exploring resource sharing.
INFO: [BIND 205-101] Binding ...
INFO: [BIND 205-100] Finished micro-architecture generation.
INFO: [HLS 200-111] Finished Binding: CPU user time: 0.09 seconds. CPU system time: 0.01 seconds. Elapsed time: 0.13 seconds; current allocated memory: 2.259 GB.
INFO: [HLS 200-10] ----------------------------------------------------------------
INFO: [HLS 200-42] -- Implementing module 'l1_neighbor_channel_false_25_true_s' 
INFO: [HLS 200-10] ----------------------------------------------------------------
INFO: [SCHED 204-11] Starting scheduling ...
INFO: [SCHED 204-61] Pipelining function 'l1_neighbor_channel<false, 25, true>'.
INFO: [HLS 200-1470] Pipelining result : Target II = 1, Final II = 1, Depth = 11, function 'l1_neighbor_channel<false, 25, true>'
INFO: [SCHED 204-11] Finished scheduling.
INFO: [HLS 200-111] Finished Scheduling: CPU user time: 0.38 seconds. CPU system time: 0.01 seconds. Elapsed time: 0.46 seconds; current allocated memory: 2.266 GB.
INFO: [BIND 205-100] Starting micro-architecture generation ...
INFO: [BIND 205-101] Performing variable lifetime analysis.
INFO: [BIND 205-101] Exploring resource sharing.
INFO: [BIND 205-101] Binding ...
INFO: [BIND 205-100] Finished micro-architecture generation.
INFO: [HLS 200-111] Finished Binding: CPU user time: 0.08 seconds. CPU system time: 0.01 seconds. Elapsed time: 0.16 seconds; current allocated memory: 2.266 GB.
INFO: [HLS 200-10] ----------------------------------------------------------------
INFO: [HLS 200-42] -- Implementing module 'l1_neighbor_channel_false_26_true_s' 
INFO: [HLS 200-10] ----------------------------------------------------------------
INFO: [SCHED 204-11] Starting scheduling ...
INFO: [SCHED 204-61] Pipelining function 'l1_neighbor_channel<false, 26, true>'.
INFO: [HLS 200-1470] Pipelining result : Target II = 1, Final II = 1, Depth = 11, function 'l1_neighbor_channel<false, 26, true>'
INFO: [SCHED 204-11] Finished scheduling.
INFO: [HLS 200-111] Finished Scheduling: CPU user time: 0.38 seconds. CPU system time: 0.01 seconds. Elapsed time: 0.49 seconds; current allocated memory: 2.273 GB.
INFO: [BIND 205-100] Starting micro-architecture generation ...
INFO: [BIND 205-101] Performing variable lifetime analysis.
INFO: [BIND 205-101] Exploring resource sharing.
INFO: [BIND 205-101] Binding ...
INFO: [BIND 205-100] Finished micro-architecture generation.
INFO: [HLS 200-111] Finished Binding: CPU user time: 0.09 seconds. CPU system time: 0 seconds. Elapsed time: 0.14 seconds; current allocated memory: 2.273 GB.
INFO: [HLS 200-10] ----------------------------------------------------------------
INFO: [HLS 200-42] -- Implementing module 'l1_neighbor_channel_false_27_true_s' 
INFO: [HLS 200-10] ----------------------------------------------------------------
INFO: [SCHED 204-11] Starting scheduling ...
INFO: [SCHED 204-61] Pipelining function 'l1_neighbor_channel<false, 27, true>'.
INFO: [HLS 200-1470] Pipelining result : Target II = 1, Final II = 1, Depth = 11, function 'l1_neighbor_channel<false, 27, true>'
INFO: [SCHED 204-11] Finished scheduling.
INFO: [HLS 200-111] Finished Scheduling: CPU user time: 0.39 seconds. CPU system time: 0.01 seconds. Elapsed time: 0.47 seconds; current allocated memory: 2.280 GB.
INFO: [BIND 205-100] Starting micro-architecture generation ...
INFO: [BIND 205-101] Performing variable lifetime analysis.
INFO: [BIND 205-101] Exploring resource sharing.
INFO: [BIND 205-101] Binding ...
INFO: [BIND 205-100] Finished micro-architecture generation.
INFO: [HLS 200-111] Finished Binding: CPU user time: 0.09 seconds. CPU system time: 0 seconds. Elapsed time: 0.11 seconds; current allocated memory: 2.280 GB.
INFO: [HLS 200-10] ----------------------------------------------------------------
INFO: [HLS 200-42] -- Implementing module 'l1_neighbor_channel_false_28_true_s' 
INFO: [HLS 200-10] ----------------------------------------------------------------
INFO: [SCHED 204-11] Starting scheduling ...
INFO: [SCHED 204-61] Pipelining function 'l1_neighbor_channel<false, 28, true>'.
INFO: [HLS 200-1470] Pipelining result : Target II = 1, Final II = 1, Depth = 11, function 'l1_neighbor_channel<false, 28, true>'
INFO: [SCHED 204-11] Finished scheduling.
INFO: [HLS 200-111] Finished Scheduling: CPU user time: 0.38 seconds. CPU system time: 0.01 seconds. Elapsed time: 0.45 seconds; current allocated memory: 2.287 GB.
INFO: [BIND 205-100] Starting micro-architecture generation ...
INFO: [BIND 205-101] Performing variable lifetime analysis.
INFO: [BIND 205-101] Exploring resource sharing.
INFO: [BIND 205-101] Binding ...
INFO: [BIND 205-100] Finished micro-architecture generation.
INFO: [HLS 200-111] Finished Binding: CPU user time: 0.09 seconds. CPU system time: 0 seconds. Elapsed time: 0.15 seconds; current allocated memory: 2.287 GB.
INFO: [HLS 200-10] ----------------------------------------------------------------
INFO: [HLS 200-42] -- Implementing module 'l1_neighbor_channel_false_29_true_s' 
INFO: [HLS 200-10] ----------------------------------------------------------------
INFO: [SCHED 204-11] Starting scheduling ...
INFO: [SCHED 204-61] Pipelining function 'l1_neighbor_channel<false, 29, true>'.
INFO: [HLS 200-1470] Pipelining result : Target II = 1, Final II = 1, Depth = 11, function 'l1_neighbor_channel<false, 29, true>'
INFO: [SCHED 204-11] Finished scheduling.
INFO: [HLS 200-111] Finished Scheduling: CPU user time: 0.41 seconds. CPU system time: 0.01 seconds. Elapsed time: 0.47 seconds; current allocated memory: 2.294 GB.
INFO: [BIND 205-100] Starting micro-architecture generation ...
INFO: [BIND 205-101] Performing variable lifetime analysis.
INFO: [BIND 205-101] Exploring resource sharing.
INFO: [BIND 205-101] Binding ...
INFO: [BIND 205-100] Finished micro-architecture generation.
INFO: [HLS 200-111] Finished Binding: CPU user time: 0.09 seconds. CPU system time: 0 seconds. Elapsed time: 0.17 seconds; current allocated memory: 2.294 GB.
INFO: [HLS 200-10] ----------------------------------------------------------------
INFO: [HLS 200-42] -- Implementing module 'l1_neighbor_channel_false_30_true_s' 
INFO: [HLS 200-10] ----------------------------------------------------------------
INFO: [SCHED 204-11] Starting scheduling ...
INFO: [SCHED 204-61] Pipelining function 'l1_neighbor_channel<false, 30, true>'.
INFO: [HLS 200-1470] Pipelining result : Target II = 1, Final II = 1, Depth = 10, function 'l1_neighbor_channel<false, 30, true>'
INFO: [SCHED 204-11] Finished scheduling.
INFO: [HLS 200-111] Finished Scheduling: CPU user time: 0.37 seconds. CPU system time: 0.01 seconds. Elapsed time: 0.41 seconds; current allocated memory: 2.301 GB.
INFO: [BIND 205-100] Starting micro-architecture generation ...
INFO: [BIND 205-101] Performing variable lifetime analysis.
INFO: [BIND 205-101] Exploring resource sharing.
INFO: [BIND 205-101] Binding ...
INFO: [BIND 205-100] Finished micro-architecture generation.
INFO: [HLS 200-111] Finished Binding: CPU user time: 0.08 seconds. CPU system time: 0 seconds. Elapsed time: 0.13 seconds; current allocated memory: 2.301 GB.
INFO: [HLS 200-10] ----------------------------------------------------------------
INFO: [HLS 200-42] -- Implementing module 'l1_neighbor_channel_false_31_true_s' 
INFO: [HLS 200-10] ----------------------------------------------------------------
INFO: [SCHED 204-11] Starting scheduling ...
INFO: [SCHED 204-61] Pipelining function 'l1_neighbor_channel<false, 31, true>'.
INFO: [HLS 200-1470] Pipelining result : Target II = 1, Final II = 1, Depth = 11, function 'l1_neighbor_channel<false, 31, true>'
INFO: [SCHED 204-11] Finished scheduling.
INFO: [HLS 200-111] Finished Scheduling: CPU user time: 0.37 seconds. CPU system time: 0.01 seconds. Elapsed time: 0.43 seconds; current allocated memory: 2.308 GB.
INFO: [BIND 205-100] Starting micro-architecture generation ...
INFO: [BIND 205-101] Performing variable lifetime analysis.
INFO: [BIND 205-101] Exploring resource sharing.
INFO: [BIND 205-101] Binding ...
INFO: [BIND 205-100] Finished micro-architecture generation.
INFO: [HLS 200-111] Finished Binding: CPU user time: 0.08 seconds. CPU system time: 0.01 seconds. Elapsed time: 0.25 seconds; current allocated memory: 2.308 GB.
INFO: [HLS 200-10] ----------------------------------------------------------------
INFO: [HLS 200-42] -- Implementing module 'l2_root_channel_false_0_true_s' 
INFO: [HLS 200-10] ----------------------------------------------------------------
INFO: [SCHED 204-11] Starting scheduling ...
INFO: [SCHED 204-61] Pipelining function 'l2_root_channel<false, 0, true>'.
INFO: [HLS 200-1470] Pipelining result : Target II = 1, Final II = 1, Depth = 11, function 'l2_root_channel<false, 0, true>'
INFO: [SCHED 204-11] Finished scheduling.
INFO: [HLS 200-111] Finished Scheduling: CPU user time: 0.67 seconds. CPU system time: 0 seconds. Elapsed time: 0.76 seconds; current allocated memory: 2.320 GB.
INFO: [BIND 205-100] Starting micro-architecture generation ...
INFO: [BIND 205-101] Performing variable lifetime analysis.
INFO: [BIND 205-101] Exploring resource sharing.
INFO: [BIND 205-101] Binding ...
INFO: [BIND 205-100] Finished micro-architecture generation.
INFO: [HLS 200-111] Finished Binding: CPU user time: 0.16 seconds. CPU system time: 0 seconds. Elapsed time: 0.27 seconds; current allocated memory: 2.320 GB.
INFO: [HLS 200-10] ----------------------------------------------------------------
INFO: [HLS 200-42] -- Implementing module 'l2_root_channel_false_1_true_s' 
INFO: [HLS 200-10] ----------------------------------------------------------------
INFO: [SCHED 204-11] Starting scheduling ...
INFO: [SCHED 204-61] Pipelining function 'l2_root_channel<false, 1, true>'.
INFO: [HLS 200-1470] Pipelining result : Target II = 1, Final II = 1, Depth = 11, function 'l2_root_channel<false, 1, true>'
INFO: [SCHED 204-11] Finished scheduling.
INFO: [HLS 200-111] Finished Scheduling: CPU user time: 0.71 seconds. CPU system time: 0.01 seconds. Elapsed time: 0.98 seconds; current allocated memory: 2.332 GB.
INFO: [BIND 205-100] Starting micro-architecture generation ...
INFO: [BIND 205-101] Performing variable lifetime analysis.
INFO: [BIND 205-101] Exploring resource sharing.
INFO: [BIND 205-101] Binding ...
INFO: [BIND 205-100] Finished micro-architecture generation.
INFO: [HLS 200-111] Finished Binding: CPU user time: 0.15 seconds. CPU system time: 0.01 seconds. Elapsed time: 0.19 seconds; current allocated memory: 2.332 GB.
INFO: [HLS 200-10] ----------------------------------------------------------------
INFO: [HLS 200-42] -- Implementing module 'l2_root_channel_false_2_true_s' 
INFO: [HLS 200-10] ----------------------------------------------------------------
INFO: [SCHED 204-11] Starting scheduling ...
INFO: [SCHED 204-61] Pipelining function 'l2_root_channel<false, 2, true>'.
INFO: [HLS 200-1470] Pipelining result : Target II = 1, Final II = 1, Depth = 11, function 'l2_root_channel<false, 2, true>'
INFO: [SCHED 204-11] Finished scheduling.
INFO: [HLS 200-111] Finished Scheduling: CPU user time: 0.71 seconds. CPU system time: 0.01 seconds. Elapsed time: 0.77 seconds; current allocated memory: 2.344 GB.
INFO: [BIND 205-100] Starting micro-architecture generation ...
INFO: [BIND 205-101] Performing variable lifetime analysis.
INFO: [BIND 205-101] Exploring resource sharing.
INFO: [BIND 205-101] Binding ...
INFO: [BIND 205-100] Finished micro-architecture generation.
INFO: [HLS 200-111] Finished Binding: CPU user time: 0.16 seconds. CPU system time: 0 seconds. Elapsed time: 0.23 seconds; current allocated memory: 2.344 GB.
INFO: [HLS 200-10] ----------------------------------------------------------------
INFO: [HLS 200-42] -- Implementing module 'l2_root_channel_false_3_true_s' 
INFO: [HLS 200-10] ----------------------------------------------------------------
INFO: [SCHED 204-11] Starting scheduling ...
INFO: [SCHED 204-61] Pipelining function 'l2_root_channel<false, 3, true>'.
INFO: [HLS 200-1470] Pipelining result : Target II = 1, Final II = 1, Depth = 11, function 'l2_root_channel<false, 3, true>'
INFO: [SCHED 204-11] Finished scheduling.
INFO: [HLS 200-111] Finished Scheduling: CPU user time: 0.71 seconds. CPU system time: 0.02 seconds. Elapsed time: 0.76 seconds; current allocated memory: 2.356 GB.
INFO: [BIND 205-100] Starting micro-architecture generation ...
INFO: [BIND 205-101] Performing variable lifetime analysis.
INFO: [BIND 205-101] Exploring resource sharing.
INFO: [BIND 205-101] Binding ...
INFO: [BIND 205-100] Finished micro-architecture generation.
INFO: [HLS 200-111] Finished Binding: CPU user time: 0.16 seconds. CPU system time: 0 seconds. Elapsed time: 0.25 seconds; current allocated memory: 2.356 GB.
INFO: [HLS 200-10] ----------------------------------------------------------------
INFO: [HLS 200-42] -- Implementing module 'l2_root_channel_false_4_true_s' 
INFO: [HLS 200-10] ----------------------------------------------------------------
INFO: [SCHED 204-11] Starting scheduling ...
INFO: [SCHED 204-61] Pipelining function 'l2_root_channel<false, 4, true>'.
INFO: [HLS 200-1470] Pipelining result : Target II = 1, Final II = 1, Depth = 11, function 'l2_root_channel<false, 4, true>'
INFO: [SCHED 204-11] Finished scheduling.
INFO: [HLS 200-111] Finished Scheduling: CPU user time: 0.7 seconds. CPU system time: 0.01 seconds. Elapsed time: 0.75 seconds; current allocated memory: 2.368 GB.
INFO: [BIND 205-100] Starting micro-architecture generation ...
INFO: [BIND 205-101] Performing variable lifetime analysis.
INFO: [BIND 205-101] Exploring resource sharing.
INFO: [BIND 205-101] Binding ...
INFO: [BIND 205-100] Finished micro-architecture generation.
INFO: [HLS 200-111] Finished Binding: CPU user time: 0.15 seconds. CPU system time: 0.01 seconds. Elapsed time: 0.23 seconds; current allocated memory: 2.368 GB.
INFO: [HLS 200-10] ----------------------------------------------------------------
INFO: [HLS 200-42] -- Implementing module 'l2_root_channel_false_5_true_s' 
INFO: [HLS 200-10] ----------------------------------------------------------------
INFO: [SCHED 204-11] Starting scheduling ...
INFO: [SCHED 204-61] Pipelining function 'l2_root_channel<false, 5, true>'.
INFO: [HLS 200-1470] Pipelining result : Target II = 1, Final II = 1, Depth = 11, function 'l2_root_channel<false, 5, true>'
INFO: [SCHED 204-11] Finished scheduling.
INFO: [HLS 200-111] Finished Scheduling: CPU user time: 0.73 seconds. CPU system time: 0.02 seconds. Elapsed time: 0.8 seconds; current allocated memory: 2.380 GB.
INFO: [BIND 205-100] Starting micro-architecture generation ...
INFO: [BIND 205-101] Performing variable lifetime analysis.
INFO: [BIND 205-101] Exploring resource sharing.
INFO: [BIND 205-101] Binding ...
INFO: [BIND 205-100] Finished micro-architecture generation.
INFO: [HLS 200-111] Finished Binding: CPU user time: 0.16 seconds. CPU system time: 0 seconds. Elapsed time: 0.2 seconds; current allocated memory: 2.380 GB.
INFO: [HLS 200-10] ----------------------------------------------------------------
INFO: [HLS 200-42] -- Implementing module 'l2_root_channel_false_6_true_s' 
INFO: [HLS 200-10] ----------------------------------------------------------------
INFO: [SCHED 204-11] Starting scheduling ...
INFO: [SCHED 204-61] Pipelining function 'l2_root_channel<false, 6, true>'.
INFO: [HLS 200-1470] Pipelining result : Target II = 1, Final II = 1, Depth = 11, function 'l2_root_channel<false, 6, true>'
INFO: [SCHED 204-11] Finished scheduling.
INFO: [HLS 200-111] Finished Scheduling: CPU user time: 0.69 seconds. CPU system time: 0.02 seconds. Elapsed time: 0.77 seconds; current allocated memory: 2.392 GB.
INFO: [BIND 205-100] Starting micro-architecture generation ...
INFO: [BIND 205-101] Performing variable lifetime analysis.
INFO: [BIND 205-101] Exploring resource sharing.
INFO: [BIND 205-101] Binding ...
INFO: [BIND 205-100] Finished micro-architecture generation.
INFO: [HLS 200-111] Finished Binding: CPU user time: 0.16 seconds. CPU system time: 0 seconds. Elapsed time: 0.21 seconds; current allocated memory: 2.392 GB.
INFO: [HLS 200-10] ----------------------------------------------------------------
INFO: [HLS 200-42] -- Implementing module 'l2_neighbor_channel_false_0_true_s' 
INFO: [HLS 200-10] ----------------------------------------------------------------
INFO: [SCHED 204-11] Starting scheduling ...
INFO: [SCHED 204-61] Pipelining function 'l2_neighbor_channel<false, 0, true>'.
INFO: [HLS 200-1470] Pipelining result : Target II = 1, Final II = 1, Depth = 12, function 'l2_neighbor_channel<false, 0, true>'
INFO: [SCHED 204-11] Finished scheduling.
INFO: [HLS 200-111] Finished Scheduling: CPU user time: 0.76 seconds. CPU system time: 0.01 seconds. Elapsed time: 0.82 seconds; current allocated memory: 2.405 GB.
INFO: [BIND 205-100] Starting micro-architecture generation ...
INFO: [BIND 205-101] Performing variable lifetime analysis.
INFO: [BIND 205-101] Exploring resource sharing.
INFO: [BIND 205-101] Binding ...
INFO: [BIND 205-100] Finished micro-architecture generation.
INFO: [HLS 200-111] Finished Binding: CPU user time: 0.17 seconds. CPU system time: 0.01 seconds. Elapsed time: 0.24 seconds; current allocated memory: 2.405 GB.
INFO: [HLS 200-10] ----------------------------------------------------------------
INFO: [HLS 200-42] -- Implementing module 'l2_neighbor_channel_false_1_true_s' 
INFO: [HLS 200-10] ----------------------------------------------------------------
INFO: [SCHED 204-11] Starting scheduling ...
INFO: [SCHED 204-61] Pipelining function 'l2_neighbor_channel<false, 1, true>'.
INFO: [HLS 200-1470] Pipelining result : Target II = 1, Final II = 1, Depth = 11, function 'l2_neighbor_channel<false, 1, true>'
INFO: [SCHED 204-11] Finished scheduling.
INFO: [HLS 200-111] Finished Scheduling: CPU user time: 0.72 seconds. CPU system time: 0.01 seconds. Elapsed time: 0.82 seconds; current allocated memory: 2.417 GB.
INFO: [BIND 205-100] Starting micro-architecture generation ...
INFO: [BIND 205-101] Performing variable lifetime analysis.
INFO: [BIND 205-101] Exploring resource sharing.
INFO: [BIND 205-101] Binding ...
INFO: [BIND 205-100] Finished micro-architecture generation.
INFO: [HLS 200-111] Finished Binding: CPU user time: 0.16 seconds. CPU system time: 0 seconds. Elapsed time: 0.21 seconds; current allocated memory: 2.417 GB.
INFO: [HLS 200-10] ----------------------------------------------------------------
INFO: [HLS 200-42] -- Implementing module 'l2_neighbor_channel_false_2_true_s' 
INFO: [HLS 200-10] ----------------------------------------------------------------
INFO: [SCHED 204-11] Starting scheduling ...
INFO: [SCHED 204-61] Pipelining function 'l2_neighbor_channel<false, 2, true>'.
INFO: [HLS 200-1470] Pipelining result : Target II = 1, Final II = 1, Depth = 11, function 'l2_neighbor_channel<false, 2, true>'
INFO: [SCHED 204-11] Finished scheduling.
INFO: [HLS 200-111] Finished Scheduling: CPU user time: 0.7 seconds. CPU system time: 0.02 seconds. Elapsed time: 0.77 seconds; current allocated memory: 2.429 GB.
INFO: [BIND 205-100] Starting micro-architecture generation ...
INFO: [BIND 205-101] Performing variable lifetime analysis.
INFO: [BIND 205-101] Exploring resource sharing.
INFO: [BIND 205-101] Binding ...
INFO: [BIND 205-100] Finished micro-architecture generation.
INFO: [HLS 200-111] Finished Binding: CPU user time: 0.15 seconds. CPU system time: 0 seconds. Elapsed time: 0.24 seconds; current allocated memory: 2.429 GB.
INFO: [HLS 200-10] ----------------------------------------------------------------
INFO: [HLS 200-42] -- Implementing module 'l2_neighbor_channel_false_3_true_s' 
INFO: [HLS 200-10] ----------------------------------------------------------------
INFO: [SCHED 204-11] Starting scheduling ...
INFO: [SCHED 204-61] Pipelining function 'l2_neighbor_channel<false, 3, true>'.
INFO: [HLS 200-1470] Pipelining result : Target II = 1, Final II = 1, Depth = 12, function 'l2_neighbor_channel<false, 3, true>'
INFO: [SCHED 204-11] Finished scheduling.
INFO: [HLS 200-111] Finished Scheduling: CPU user time: 0.73 seconds. CPU system time: 0.02 seconds. Elapsed time: 0.81 seconds; current allocated memory: 2.442 GB.
INFO: [BIND 205-100] Starting micro-architecture generation ...
INFO: [BIND 205-101] Performing variable lifetime analysis.
INFO: [BIND 205-101] Exploring resource sharing.
INFO: [BIND 205-101] Binding ...
INFO: [BIND 205-100] Finished micro-architecture generation.
INFO: [HLS 200-111] Finished Binding: CPU user time: 0.16 seconds. CPU system time: 0.01 seconds. Elapsed time: 0.22 seconds; current allocated memory: 2.442 GB.
INFO: [HLS 200-10] ----------------------------------------------------------------
INFO: [HLS 200-42] -- Implementing module 'l2_neighbor_channel_false_4_true_s' 
INFO: [HLS 200-10] ----------------------------------------------------------------
INFO: [SCHED 204-11] Starting scheduling ...
INFO: [SCHED 204-61] Pipelining function 'l2_neighbor_channel<false, 4, true>'.
INFO: [HLS 200-1470] Pipelining result : Target II = 1, Final II = 1, Depth = 12, function 'l2_neighbor_channel<false, 4, true>'
INFO: [SCHED 204-11] Finished scheduling.
INFO: [HLS 200-111] Finished Scheduling: CPU user time: 0.74 seconds. CPU system time: 0.01 seconds. Elapsed time: 0.82 seconds; current allocated memory: 2.454 GB.
INFO: [BIND 205-100] Starting micro-architecture generation ...
INFO: [BIND 205-101] Performing variable lifetime analysis.
INFO: [BIND 205-101] Exploring resource sharing.
INFO: [BIND 205-101] Binding ...
INFO: [BIND 205-100] Finished micro-architecture generation.
INFO: [HLS 200-111] Finished Binding: CPU user time: 0.16 seconds. CPU system time: 0 seconds. Elapsed time: 0.23 seconds; current allocated memory: 2.454 GB.
INFO: [HLS 200-10] ----------------------------------------------------------------
INFO: [HLS 200-42] -- Implementing module 'l2_neighbor_channel_false_5_true_s' 
INFO: [HLS 200-10] ----------------------------------------------------------------
INFO: [SCHED 204-11] Starting scheduling ...
INFO: [SCHED 204-61] Pipelining function 'l2_neighbor_channel<false, 5, true>'.
INFO: [HLS 200-1470] Pipelining result : Target II = 1, Final II = 1, Depth = 11, function 'l2_neighbor_channel<false, 5, true>'
INFO: [SCHED 204-11] Finished scheduling.
INFO: [HLS 200-111] Finished Scheduling: CPU user time: 0.72 seconds. CPU system time: 0.01 seconds. Elapsed time: 0.83 seconds; current allocated memory: 2.467 GB.
INFO: [BIND 205-100] Starting micro-architecture generation ...
INFO: [BIND 205-101] Performing variable lifetime analysis.
INFO: [BIND 205-101] Exploring resource sharing.
INFO: [BIND 205-101] Binding ...
INFO: [BIND 205-100] Finished micro-architecture generation.
INFO: [HLS 200-111] Finished Binding: CPU user time: 0.17 seconds. CPU system time: 0 seconds. Elapsed time: 0.2 seconds; current allocated memory: 2.467 GB.
INFO: [HLS 200-10] ----------------------------------------------------------------
INFO: [HLS 200-42] -- Implementing module 'l2_neighbor_channel_false_6_true_s' 
INFO: [HLS 200-10] ----------------------------------------------------------------
INFO: [SCHED 204-11] Starting scheduling ...
INFO: [SCHED 204-61] Pipelining function 'l2_neighbor_channel<false, 6, true>'.
INFO: [HLS 200-1470] Pipelining result : Target II = 1, Final II = 1, Depth = 11, function 'l2_neighbor_channel<false, 6, true>'
INFO: [SCHED 204-11] Finished scheduling.
INFO: [HLS 200-111] Finished Scheduling: CPU user time: 0.72 seconds. CPU system time: 0.01 seconds. Elapsed time: 0.79 seconds; current allocated memory: 2.479 GB.
INFO: [BIND 205-100] Starting micro-architecture generation ...
INFO: [BIND 205-101] Performing variable lifetime analysis.
INFO: [BIND 205-101] Exploring resource sharing.
INFO: [BIND 205-101] Binding ...
INFO: [BIND 205-100] Finished micro-architecture generation.
INFO: [HLS 200-111] Finished Binding: CPU user time: 0.16 seconds. CPU system time: 0 seconds. Elapsed time: 0.2 seconds; current allocated memory: 2.479 GB.
INFO: [HLS 200-10] ----------------------------------------------------------------
INFO: [HLS 200-42] -- Implementing module 'graphsage_po2_qat_partitioned' 
INFO: [HLS 200-10] ----------------------------------------------------------------
INFO: [SCHED 204-11] Starting scheduling ...
INFO: [SCHED 204-61] Pipelining function 'graphsage_po2_qat_partitioned'.
INFO: [HLS 200-1470] Pipelining result : Target II = 1, Final II = 1, Depth = 52, function 'graphsage_po2_qat_partitioned'
INFO: [SCHED 204-11] Finished scheduling.
INFO: [HLS 200-111] Finished Scheduling: CPU user time: 25.96 seconds. CPU system time: 0.14 seconds. Elapsed time: 26.21 seconds; current allocated memory: 2.728 GB.
INFO: [BIND 205-100] Starting micro-architecture generation ...
INFO: [BIND 205-101] Performing variable lifetime analysis.
INFO: [BIND 205-101] Exploring resource sharing.
INFO: [BIND 205-101] Binding ...
INFO: [BIND 205-100] Finished micro-architecture generation.
INFO: [HLS 200-111] Finished Binding: CPU user time: 6.55 seconds. CPU system time: 0.09 seconds. Elapsed time: 7.04 seconds; current allocated memory: 2.744 GB.
INFO: [HLS 200-10] ----------------------------------------------------------------
INFO: [HLS 200-10] -- Generating RTL for module 'l1_root_channel_false_0_true_s' 
INFO: [HLS 200-10] ----------------------------------------------------------------
INFO: [RTGEN 206-100] Generating core module 'add_18s_18s_18_2_0': 8 instance(s).
INFO: [RTGEN 206-100] Generating core module 'mul_8s_4s_12_4_0': 8 instance(s).
INFO: [RTGEN 206-100] Generating core module 'mul_8s_6ns_14_4_0': 8 instance(s).
INFO: [RTGEN 206-100] Generating core module 'mul_8s_6s_14_4_0': 8 instance(s).
INFO: [RTGEN 206-100] Generating core module 'mul_8s_7ns_15_4_0': 16 instance(s).
INFO: [RTGEN 206-100] Generating core module 'mul_8s_7s_15_4_0': 24 instance(s).
INFO: [RTGEN 206-100] Generating core module 'mul_8s_8ns_16_4_0': 32 instance(s).
INFO: [RTGEN 206-100] Generating core module 'mul_8s_8s_16_4_0': 16 instance(s).
INFO: [RTGEN 206-100] Finished creating RTL model for 'l1_root_channel_false_0_true_s'.
INFO: [HLS 200-111] Finished Creating RTL model: CPU user time: 5.05 seconds. CPU system time: 0.11 seconds. Elapsed time: 5.86 seconds; current allocated memory: 2.744 GB.
INFO: [HLS 200-10] ----------------------------------------------------------------
INFO: [HLS 200-10] -- Generating RTL for module 'l1_root_channel_false_1_true_s' 
INFO: [HLS 200-10] ----------------------------------------------------------------
INFO: [RTGEN 206-100] Generating core module 'add_18s_18s_18_2_0': 8 instance(s).
INFO: [RTGEN 206-100] Generating core module 'mul_8s_5ns_13_4_0': 16 instance(s).
INFO: [RTGEN 206-100] Generating core module 'mul_8s_6s_14_4_0': 16 instance(s).
INFO: [RTGEN 206-100] Generating core module 'mul_8s_7ns_15_4_0': 24 instance(s).
INFO: [RTGEN 206-100] Generating core module 'mul_8s_7s_15_4_0': 8 instance(s).
INFO: [RTGEN 206-100] Generating core module 'mul_8s_8ns_16_4_0': 16 instance(s).
INFO: [RTGEN 206-100] Generating core module 'mul_8s_8s_16_4_0': 32 instance(s).
INFO: [RTGEN 206-100] Finished creating RTL model for 'l1_root_channel_false_1_true_s'.
INFO: [HLS 200-111] Finished Creating RTL model: CPU user time: 0.56 seconds. CPU system time: 0.04 seconds. Elapsed time: 0.73 seconds; current allocated memory: 2.751 GB.
INFO: [HLS 200-10] ----------------------------------------------------------------
INFO: [HLS 200-10] -- Generating RTL for module 'l1_root_channel_false_2_true_s' 
INFO: [HLS 200-10] ----------------------------------------------------------------
INFO: [RTGEN 206-100] Generating core module 'add_18s_18s_18_2_0': 8 instance(s).
INFO: [RTGEN 206-100] Generating core module 'mul_8s_4s_12_4_0': 16 instance(s).
INFO: [RTGEN 206-100] Generating core module 'mul_8s_5ns_13_4_0': 8 instance(s).
INFO: [RTGEN 206-100] Generating core module 'mul_8s_6ns_14_4_0': 16 instance(s).
INFO: [RTGEN 206-100] Generating core module 'mul_8s_6s_14_4_0': 8 instance(s).
INFO: [RTGEN 206-100] Generating core module 'mul_8s_7ns_15_4_0': 24 instance(s).
INFO: [RTGEN 206-100] Generating core module 'mul_8s_8ns_16_4_0': 16 instance(s).
INFO: [RTGEN 206-100] Generating core module 'mul_8s_8s_16_4_0': 24 instance(s).
INFO: [RTGEN 206-100] Finished creating RTL model for 'l1_root_channel_false_2_true_s'.
INFO: [HLS 200-111] Finished Creating RTL model: CPU user time: 0.6 seconds. CPU system time: 0.05 seconds. Elapsed time: 0.74 seconds; current allocated memory: 2.769 GB.
INFO: [HLS 200-10] ----------------------------------------------------------------
INFO: [HLS 200-10] -- Generating RTL for module 'l1_root_channel_false_3_true_s' 
INFO: [HLS 200-10] ----------------------------------------------------------------
INFO: [RTGEN 206-100] Generating core module 'add_18s_18s_18_2_0': 8 instance(s).
INFO: [RTGEN 206-100] Generating core module 'mul_8s_6ns_14_4_0': 8 instance(s).
INFO: [RTGEN 206-100] Generating core module 'mul_8s_7ns_15_4_0': 32 instance(s).
INFO: [RTGEN 206-100] Generating core module 'mul_8s_7s_15_4_0': 8 instance(s).
INFO: [RTGEN 206-100] Generating core module 'mul_8s_8ns_16_4_0': 32 instance(s).
INFO: [RTGEN 206-100] Generating core module 'mul_8s_8s_16_4_0': 32 instance(s).
INFO: [RTGEN 206-100] Finished creating RTL model for 'l1_root_channel_false_3_true_s'.
INFO: [HLS 200-111] Finished Creating RTL model: CPU user time: 0.6 seconds. CPU system time: 0.05 seconds. Elapsed time: 0.77 seconds; current allocated memory: 2.789 GB.
INFO: [HLS 200-10] ----------------------------------------------------------------
INFO: [HLS 200-10] -- Generating RTL for module 'l1_root_channel_false_4_true_s' 
INFO: [HLS 200-10] ----------------------------------------------------------------
INFO: [RTGEN 206-100] Generating core module 'add_18s_18s_18_2_0': 8 instance(s).
INFO: [RTGEN 206-100] Generating core module 'mul_8s_5s_13_4_0': 8 instance(s).
INFO: [RTGEN 206-100] Generating core module 'mul_8s_6ns_14_4_0': 16 instance(s).
INFO: [RTGEN 206-100] Generating core module 'mul_8s_6s_14_4_0': 8 instance(s).
INFO: [RTGEN 206-100] Generating core module 'mul_8s_7ns_15_4_0': 8 instance(s).
INFO: [RTGEN 206-100] Generating core module 'mul_8s_8ns_16_4_0': 24 instance(s).
INFO: [RTGEN 206-100] Generating core module 'mul_8s_8s_16_4_0': 40 instance(s).
INFO: [RTGEN 206-100] Finished creating RTL model for 'l1_root_channel_false_4_true_s'.
INFO: [HLS 200-111] Finished Creating RTL model: CPU user time: 0.58 seconds. CPU system time: 0.05 seconds. Elapsed time: 0.81 seconds; current allocated memory: 2.807 GB.
INFO: [HLS 200-10] ----------------------------------------------------------------
INFO: [HLS 200-10] -- Generating RTL for module 'l1_root_channel_false_5_true_s' 
INFO: [HLS 200-10] ----------------------------------------------------------------
INFO: [RTGEN 206-100] Generating core module 'add_18s_18s_18_2_0': 8 instance(s).
INFO: [RTGEN 206-100] Generating core module 'mul_8s_5ns_13_4_0': 8 instance(s).
INFO: [RTGEN 206-100] Generating core module 'mul_8s_5s_13_4_0': 8 instance(s).
INFO: [RTGEN 206-100] Generating core module 'mul_8s_6ns_14_4_0': 8 instance(s).
INFO: [RTGEN 206-100] Generating core module 'mul_8s_6s_14_4_0': 8 instance(s).
INFO: [RTGEN 206-100] Generating core module 'mul_8s_7ns_15_4_0': 8 instance(s).
INFO: [RTGEN 206-100] Generating core module 'mul_8s_8ns_16_4_0': 32 instance(s).
INFO: [RTGEN 206-100] Generating core module 'mul_8s_8s_16_4_0': 32 instance(s).
INFO: [RTGEN 206-100] Finished creating RTL model for 'l1_root_channel_false_5_true_s'.
INFO: [HLS 200-111] Finished Creating RTL model: CPU user time: 0.57 seconds. CPU system time: 0.05 seconds. Elapsed time: 0.79 seconds; current allocated memory: 2.825 GB.
INFO: [HLS 200-10] ----------------------------------------------------------------
INFO: [HLS 200-10] -- Generating RTL for module 'l1_root_channel_false_6_true_s' 
INFO: [HLS 200-10] ----------------------------------------------------------------
INFO: [RTGEN 206-100] Generating core module 'add_18s_18s_18_2_0': 8 instance(s).
INFO: [RTGEN 206-100] Generating core module 'mul_8s_6ns_14_4_0': 8 instance(s).
INFO: [RTGEN 206-100] Generating core module 'mul_8s_7ns_15_4_0': 48 instance(s).
INFO: [RTGEN 206-100] Generating core module 'mul_8s_7s_15_4_0': 32 instance(s).
INFO: [RTGEN 206-100] Generating core module 'mul_8s_8s_16_4_0': 24 instance(s).
INFO: [RTGEN 206-100] Finished creating RTL model for 'l1_root_channel_false_6_true_s'.
INFO: [HLS 200-111] Finished Creating RTL model: CPU user time: 0.59 seconds. CPU system time: 0.05 seconds. Elapsed time: 0.82 seconds; current allocated memory: 2.844 GB.
INFO: [HLS 200-10] ----------------------------------------------------------------
INFO: [HLS 200-10] -- Generating RTL for module 'l1_root_channel_false_8_true_s' 
INFO: [HLS 200-10] ----------------------------------------------------------------
INFO: [RTGEN 206-100] Generating core module 'add_18s_18s_18_2_0': 8 instance(s).
INFO: [RTGEN 206-100] Generating core module 'mul_8s_5ns_13_4_0': 16 instance(s).
INFO: [RTGEN 206-100] Generating core module 'mul_8s_6ns_14_4_0': 16 instance(s).
INFO: [RTGEN 206-100] Generating core module 'mul_8s_7ns_15_4_0': 24 instance(s).
INFO: [RTGEN 206-100] Generating core module 'mul_8s_7s_15_4_0': 16 instance(s).
INFO: [RTGEN 206-100] Generating core module 'mul_8s_8ns_16_4_0': 16 instance(s).
INFO: [RTGEN 206-100] Generating core module 'mul_8s_8s_16_4_0': 16 instance(s).
INFO: [RTGEN 206-100] Finished creating RTL model for 'l1_root_channel_false_8_true_s'.
INFO: [HLS 200-111] Finished Creating RTL model: CPU user time: 0.61 seconds. CPU system time: 0.05 seconds. Elapsed time: 0.89 seconds; current allocated memory: 2.865 GB.
INFO: [HLS 200-10] ----------------------------------------------------------------
INFO: [HLS 200-10] -- Generating RTL for module 'l1_root_channel_false_9_true_s' 
INFO: [HLS 200-10] ----------------------------------------------------------------
INFO: [RTGEN 206-100] Generating core module 'add_18s_18s_18_2_0': 8 instance(s).
INFO: [RTGEN 206-100] Generating core module 'mul_8s_5ns_13_4_0': 8 instance(s).
INFO: [RTGEN 206-100] Generating core module 'mul_8s_6ns_14_4_0': 24 instance(s).
INFO: [RTGEN 206-100] Generating core module 'mul_8s_7ns_15_4_0': 8 instance(s).
INFO: [RTGEN 206-100] Generating core module 'mul_8s_7s_15_4_0': 16 instance(s).
INFO: [RTGEN 206-100] Generating core module 'mul_8s_8ns_16_4_0': 24 instance(s).
INFO: [RTGEN 206-100] Generating core module 'mul_8s_8s_16_4_0': 24 instance(s).
INFO: [RTGEN 206-100] Finished creating RTL model for 'l1_root_channel_false_9_true_s'.
INFO: [HLS 200-111] Finished Creating RTL model: CPU user time: 0.61 seconds. CPU system time: 0.06 seconds. Elapsed time: 0.75 seconds; current allocated memory: 2.886 GB.
INFO: [HLS 200-10] ----------------------------------------------------------------
INFO: [HLS 200-10] -- Generating RTL for module 'l1_root_channel_false_10_true_s' 
INFO: [HLS 200-10] ----------------------------------------------------------------
INFO: [RTGEN 206-100] Generating core module 'add_18s_18s_18_2_0': 8 instance(s).
INFO: [RTGEN 206-100] Generating core module 'mul_8s_2s_10_4_0': 8 instance(s).
INFO: [RTGEN 206-100] Generating core module 'mul_8s_3ns_11_4_0': 8 instance(s).
INFO: [RTGEN 206-100] Generating core module 'mul_8s_4ns_12_4_0': 8 instance(s).
INFO: [RTGEN 206-100] Generating core module 'mul_8s_5s_13_4_0': 16 instance(s).
INFO: [RTGEN 206-100] Generating core module 'mul_8s_6ns_14_4_0': 24 instance(s).
INFO: [RTGEN 206-100] Generating core module 'mul_8s_7ns_15_4_0': 8 instance(s).
INFO: [RTGEN 206-100] Generating core module 'mul_8s_7s_15_4_0': 16 instance(s).
INFO: [RTGEN 206-100] Generating core module 'mul_8s_8ns_16_4_0': 16 instance(s).
INFO: [RTGEN 206-100] Generating core module 'mul_8s_8s_16_4_0': 16 instance(s).
INFO: [RTGEN 206-100] Finished creating RTL model for 'l1_root_channel_false_10_true_s'.
INFO: [HLS 200-111] Finished Creating RTL model: CPU user time: 0.63 seconds. CPU system time: 0.05 seconds. Elapsed time: 0.89 seconds; current allocated memory: 2.906 GB.
INFO: [HLS 200-10] ----------------------------------------------------------------
INFO: [HLS 200-10] -- Generating RTL for module 'l1_root_channel_false_11_true_s' 
INFO: [HLS 200-10] ----------------------------------------------------------------
INFO: [RTGEN 206-100] Generating core module 'add_18ns_18s_18_2_0': 8 instance(s).
INFO: [RTGEN 206-100] Generating core module 'mul_8s_6ns_14_4_0': 8 instance(s).
INFO: [RTGEN 206-100] Generating core module 'mul_8s_6s_14_4_0': 8 instance(s).
INFO: [RTGEN 206-100] Generating core module 'mul_8s_7ns_15_4_0': 24 instance(s).
INFO: [RTGEN 206-100] Generating core module 'mul_8s_7s_15_4_0': 16 instance(s).
INFO: [RTGEN 206-100] Generating core module 'mul_8s_8ns_16_4_0': 32 instance(s).
INFO: [RTGEN 206-100] Generating core module 'mul_8s_8s_16_4_0': 24 instance(s).
INFO: [RTGEN 206-100] Finished creating RTL model for 'l1_root_channel_false_11_true_s'.
INFO: [HLS 200-111] Finished Creating RTL model: CPU user time: 0.61 seconds. CPU system time: 0.06 seconds. Elapsed time: 0.8 seconds; current allocated memory: 2.927 GB.
INFO: [HLS 200-10] ----------------------------------------------------------------
INFO: [HLS 200-10] -- Generating RTL for module 'l1_root_channel_false_13_true_s' 
INFO: [HLS 200-10] ----------------------------------------------------------------
INFO: [RTGEN 206-100] Generating core module 'add_18s_18s_18_2_0': 8 instance(s).
INFO: [RTGEN 206-100] Generating core module 'mul_8s_6ns_14_4_0': 24 instance(s).
INFO: [RTGEN 206-100] Generating core module 'mul_8s_6s_14_4_0': 8 instance(s).
INFO: [RTGEN 206-100] Generating core module 'mul_8s_7ns_15_4_0': 24 instance(s).
INFO: [RTGEN 206-100] Generating core module 'mul_8s_7s_15_4_0': 8 instance(s).
INFO: [RTGEN 206-100] Generating core module 'mul_8s_8ns_16_4_0': 32 instance(s).
INFO: [RTGEN 206-100] Generating core module 'mul_8s_8s_16_4_0': 16 instance(s).
INFO: [RTGEN 206-100] Finished creating RTL model for 'l1_root_channel_false_13_true_s'.
INFO: [HLS 200-111] Finished Creating RTL model: CPU user time: 0.6 seconds. CPU system time: 0.05 seconds. Elapsed time: 0.76 seconds; current allocated memory: 2.947 GB.
INFO: [HLS 200-10] ----------------------------------------------------------------
INFO: [HLS 200-10] -- Generating RTL for module 'l1_root_channel_false_14_true_s' 
INFO: [HLS 200-10] ----------------------------------------------------------------
INFO: [RTGEN 206-100] Generating core module 'add_18s_18s_18_2_0': 8 instance(s).
INFO: [RTGEN 206-100] Generating core module 'mul_8s_2s_10_4_0': 8 instance(s).
INFO: [RTGEN 206-100] Generating core module 'mul_8s_6ns_14_4_0': 8 instance(s).
INFO: [RTGEN 206-100] Generating core module 'mul_8s_6s_14_4_0': 16 instance(s).
INFO: [RTGEN 206-100] Generating core module 'mul_8s_7ns_15_4_0': 8 instance(s).
INFO: [RTGEN 206-100] Generating core module 'mul_8s_7s_15_4_0': 16 instance(s).
INFO: [RTGEN 206-100] Generating core module 'mul_8s_8ns_16_4_0': 40 instance(s).
INFO: [RTGEN 206-100] Generating core module 'mul_8s_8s_16_4_0': 16 instance(s).
INFO: [RTGEN 206-100] Finished creating RTL model for 'l1_root_channel_false_14_true_s'.
INFO: [HLS 200-111] Finished Creating RTL model: CPU user time: 0.6 seconds. CPU system time: 0.05 seconds. Elapsed time: 0.79 seconds; current allocated memory: 2.968 GB.
INFO: [HLS 200-10] ----------------------------------------------------------------
INFO: [HLS 200-10] -- Generating RTL for module 'l1_root_channel_false_15_true_s' 
INFO: [HLS 200-10] ----------------------------------------------------------------
INFO: [RTGEN 206-100] Generating core module 'add_18s_18s_18_2_0': 8 instance(s).
INFO: [RTGEN 206-100] Generating core module 'mul_8s_4s_12_4_0': 8 instance(s).
INFO: [RTGEN 206-100] Generating core module 'mul_8s_5ns_13_4_0': 8 instance(s).
INFO: [RTGEN 206-100] Generating core module 'mul_8s_6ns_14_4_0': 8 instance(s).
INFO: [RTGEN 206-100] Generating core module 'mul_8s_7ns_15_4_0': 24 instance(s).
INFO: [RTGEN 206-100] Generating core module 'mul_8s_7s_15_4_0': 24 instance(s).
INFO: [RTGEN 206-100] Generating core module 'mul_8s_8ns_16_4_0': 24 instance(s).
INFO: [RTGEN 206-100] Generating core module 'mul_8s_8s_16_4_0': 16 instance(s).
INFO: [RTGEN 206-100] Finished creating RTL model for 'l1_root_channel_false_15_true_s'.
INFO: [HLS 200-111] Finished Creating RTL model: CPU user time: 0.63 seconds. CPU system time: 0.03 seconds. Elapsed time: 0.84 seconds; current allocated memory: 2.978 GB.
INFO: [HLS 200-10] ----------------------------------------------------------------
INFO: [HLS 200-10] -- Generating RTL for module 'l1_root_channel_false_16_true_s' 
INFO: [HLS 200-10] ----------------------------------------------------------------
INFO: [RTGEN 206-100] Generating core module 'add_18s_18s_18_2_0': 8 instance(s).
INFO: [RTGEN 206-100] Generating core module 'mul_8s_6ns_14_4_0': 16 instance(s).
INFO: [RTGEN 206-100] Generating core module 'mul_8s_7ns_15_4_0': 8 instance(s).
INFO: [RTGEN 206-100] Generating core module 'mul_8s_7s_15_4_0': 16 instance(s).
INFO: [RTGEN 206-100] Generating core module 'mul_8s_8ns_16_4_0': 40 instance(s).
INFO: [RTGEN 206-100] Generating core module 'mul_8s_8s_16_4_0': 24 instance(s).
INFO: [RTGEN 206-100] Finished creating RTL model for 'l1_root_channel_false_16_true_s'.
INFO: [HLS 200-111] Finished Creating RTL model: CPU user time: 0.62 seconds. CPU system time: 0.06 seconds. Elapsed time: 0.8 seconds; current allocated memory: 3.008 GB.
INFO: [HLS 200-10] ----------------------------------------------------------------
INFO: [HLS 200-10] -- Generating RTL for module 'l1_root_channel_false_17_true_s' 
INFO: [HLS 200-10] ----------------------------------------------------------------
INFO: [RTGEN 206-100] Generating core module 'add_12s_12s_12_2_0': 8 instance(s).
INFO: [RTGEN 206-100] Generating core module 'mul_8s_2s_10_4_0': 16 instance(s).
INFO: [RTGEN 206-100] Finished creating RTL model for 'l1_root_channel_false_17_true_s'.
INFO: [HLS 200-111] Finished Creating RTL model: CPU user time: 0.43 seconds. CPU system time: 0.06 seconds. Elapsed time: 0.62 seconds; current allocated memory: 3.027 GB.
INFO: [HLS 200-10] ----------------------------------------------------------------
INFO: [HLS 200-10] -- Generating RTL for module 'l1_root_channel_false_18_true_s' 
INFO: [HLS 200-10] ----------------------------------------------------------------
INFO: [RTGEN 206-100] Generating core module 'add_11ns_11s_11_2_0': 8 instance(s).
INFO: [RTGEN 206-100] Finished creating RTL model for 'l1_root_channel_false_18_true_s'.
INFO: [HLS 200-111] Finished Creating RTL model: CPU user time: 0.25 seconds. CPU system time: 0.02 seconds. Elapsed time: 0.4 seconds; current allocated memory: 3.035 GB.
INFO: [HLS 200-10] ----------------------------------------------------------------
INFO: [HLS 200-10] -- Generating RTL for module 'l1_root_channel_false_19_true_s' 
INFO: [HLS 200-10] ----------------------------------------------------------------
INFO: [RTGEN 206-100] Generating core module 'add_18s_18s_18_2_0': 8 instance(s).
INFO: [RTGEN 206-100] Generating core module 'mul_8s_4s_12_4_0': 8 instance(s).
INFO: [RTGEN 206-100] Generating core module 'mul_8s_5s_13_4_0': 8 instance(s).
INFO: [RTGEN 206-100] Generating core module 'mul_8s_6ns_14_4_0': 8 instance(s).
INFO: [RTGEN 206-100] Generating core module 'mul_8s_6s_14_4_0': 8 instance(s).
INFO: [RTGEN 206-100] Generating core module 'mul_8s_7s_15_4_0': 16 instance(s).
INFO: [RTGEN 206-100] Generating core module 'mul_8s_8ns_16_4_0': 24 instance(s).
INFO: [RTGEN 206-100] Generating core module 'mul_8s_8s_16_4_0': 24 instance(s).
INFO: [RTGEN 206-100] Finished creating RTL model for 'l1_root_channel_false_19_true_s'.
INFO: [HLS 200-111] Finished Creating RTL model: CPU user time: 0.4 seconds. CPU system time: 0.02 seconds. Elapsed time: 0.53 seconds; current allocated memory: 3.040 GB.
INFO: [HLS 200-10] ----------------------------------------------------------------
INFO: [HLS 200-10] -- Generating RTL for module 'l1_root_channel_false_20_true_s' 
INFO: [HLS 200-10] ----------------------------------------------------------------
INFO: [RTGEN 206-100] Generating core module 'add_18s_18s_18_2_0': 8 instance(s).
INFO: [RTGEN 206-100] Generating core module 'mul_8s_6ns_14_4_0': 8 instance(s).
INFO: [RTGEN 206-100] Generating core module 'mul_8s_6s_14_4_0': 8 instance(s).
INFO: [RTGEN 206-100] Generating core module 'mul_8s_7ns_15_4_0': 8 instance(s).
INFO: [RTGEN 206-100] Generating core module 'mul_8s_7s_15_4_0': 24 instance(s).
INFO: [RTGEN 206-100] Generating core module 'mul_8s_8ns_16_4_0': 24 instance(s).
INFO: [RTGEN 206-100] Generating core module 'mul_8s_8s_16_4_0': 24 instance(s).
INFO: [RTGEN 206-100] Finished creating RTL model for 'l1_root_channel_false_20_true_s'.
INFO: [HLS 200-111] Finished Creating RTL model: CPU user time: 0.62 seconds. CPU system time: 0.05 seconds. Elapsed time: 0.77 seconds; current allocated memory: 3.041 GB.
INFO: [HLS 200-10] ----------------------------------------------------------------
INFO: [HLS 200-10] -- Generating RTL for module 'l1_root_channel_false_21_true_s' 
INFO: [HLS 200-10] ----------------------------------------------------------------
INFO: [RTGEN 206-100] Generating core module 'add_18s_18s_18_2_0': 8 instance(s).
INFO: [RTGEN 206-100] Generating core module 'mul_8s_4s_12_4_0': 8 instance(s).
INFO: [RTGEN 206-100] Generating core module 'mul_8s_5ns_13_4_0': 16 instance(s).
INFO: [RTGEN 206-100] Generating core module 'mul_8s_5s_13_4_0': 8 instance(s).
INFO: [RTGEN 206-100] Generating core module 'mul_8s_6s_14_4_0': 16 instance(s).
INFO: [RTGEN 206-100] Generating core module 'mul_8s_7s_15_4_0': 8 instance(s).
INFO: [RTGEN 206-100] Generating core module 'mul_8s_8ns_16_4_0': 24 instance(s).
INFO: [RTGEN 206-100] Generating core module 'mul_8s_8s_16_4_0': 16 instance(s).
INFO: [RTGEN 206-100] Finished creating RTL model for 'l1_root_channel_false_21_true_s'.
INFO: [HLS 200-111] Finished Creating RTL model: CPU user time: 0.62 seconds. CPU system time: 0.05 seconds. Elapsed time: 0.78 seconds; current allocated memory: 3.077 GB.
INFO: [HLS 200-10] ----------------------------------------------------------------
INFO: [HLS 200-10] -- Generating RTL for module 'l1_root_channel_false_22_true_s' 
INFO: [HLS 200-10] ----------------------------------------------------------------
INFO: [RTGEN 206-100] Generating core module 'add_18s_18s_18_2_0': 8 instance(s).
INFO: [RTGEN 206-100] Generating core module 'mul_8s_3ns_11_4_0': 8 instance(s).
INFO: [RTGEN 206-100] Generating core module 'mul_8s_6ns_14_4_0': 8 instance(s).
INFO: [RTGEN 206-100] Generating core module 'mul_8s_6s_14_4_0': 8 instance(s).
INFO: [RTGEN 206-100] Generating core module 'mul_8s_7ns_15_4_0': 32 instance(s).
INFO: [RTGEN 206-100] Generating core module 'mul_8s_7s_15_4_0': 16 instance(s).
INFO: [RTGEN 206-100] Generating core module 'mul_8s_8ns_16_4_0': 24 instance(s).
INFO: [RTGEN 206-100] Generating core module 'mul_8s_8s_16_4_0': 16 instance(s).
INFO: [RTGEN 206-100] Finished creating RTL model for 'l1_root_channel_false_22_true_s'.
INFO: [HLS 200-111] Finished Creating RTL model: CPU user time: 0.62 seconds. CPU system time: 0.04 seconds. Elapsed time: 0.8 seconds; current allocated memory: 3.096 GB.
INFO: [HLS 200-10] ----------------------------------------------------------------
INFO: [HLS 200-10] -- Generating RTL for module 'l1_root_channel_false_23_true_s' 
INFO: [HLS 200-10] ----------------------------------------------------------------
INFO: [RTGEN 206-100] Generating core module 'add_18s_18s_18_2_0': 8 instance(s).
INFO: [RTGEN 206-100] Generating core module 'mul_8s_6ns_14_4_0': 8 instance(s).
INFO: [RTGEN 206-100] Generating core module 'mul_8s_6s_14_4_0': 8 instance(s).
INFO: [RTGEN 206-100] Generating core module 'mul_8s_7ns_15_4_0': 40 instance(s).
INFO: [RTGEN 206-100] Generating core module 'mul_8s_8ns_16_4_0': 16 instance(s).
INFO: [RTGEN 206-100] Generating core module 'mul_8s_8s_16_4_0': 16 instance(s).
INFO: [RTGEN 206-100] Finished creating RTL model for 'l1_root_channel_false_23_true_s'.
INFO: [HLS 200-111] Finished Creating RTL model: CPU user time: 0.58 seconds. CPU system time: 0.06 seconds. Elapsed time: 0.76 seconds; current allocated memory: 3.103 GB.
INFO: [HLS 200-10] ----------------------------------------------------------------
INFO: [HLS 200-10] -- Generating RTL for module 'l1_root_channel_false_25_true_s' 
INFO: [HLS 200-10] ----------------------------------------------------------------
INFO: [RTGEN 206-100] Generating core module 'add_18s_18s_18_2_0': 8 instance(s).
INFO: [RTGEN 206-100] Generating core module 'mul_8s_4s_12_4_0': 8 instance(s).
INFO: [RTGEN 206-100] Generating core module 'mul_8s_5ns_13_4_0': 8 instance(s).
INFO: [RTGEN 206-100] Generating core module 'mul_8s_5s_13_4_0': 8 instance(s).
INFO: [RTGEN 206-100] Generating core module 'mul_8s_6ns_14_4_0': 8 instance(s).
INFO: [RTGEN 206-100] Generating core module 'mul_8s_6s_14_4_0': 32 instance(s).
INFO: [RTGEN 206-100] Generating core module 'mul_8s_7s_15_4_0': 24 instance(s).
INFO: [RTGEN 206-100] Generating core module 'mul_8s_8ns_16_4_0': 24 instance(s).
INFO: [RTGEN 206-100] Finished creating RTL model for 'l1_root_channel_false_25_true_s'.
INFO: [HLS 200-111] Finished Creating RTL model: CPU user time: 0.61 seconds. CPU system time: 0.05 seconds. Elapsed time: 0.76 seconds; current allocated memory: 3.133 GB.
INFO: [HLS 200-10] ----------------------------------------------------------------
INFO: [HLS 200-10] -- Generating RTL for module 'l1_root_channel_false_26_true_s' 
INFO: [HLS 200-10] ----------------------------------------------------------------
INFO: [RTGEN 206-100] Generating core module 'add_18s_18s_18_2_0': 8 instance(s).
INFO: [RTGEN 206-100] Generating core module 'mul_8s_6ns_14_4_0': 8 instance(s).
INFO: [RTGEN 206-100] Generating core module 'mul_8s_6s_14_4_0': 8 instance(s).
INFO: [RTGEN 206-100] Generating core module 'mul_8s_7ns_15_4_0': 24 instance(s).
INFO: [RTGEN 206-100] Generating core module 'mul_8s_7s_15_4_0': 24 instance(s).
INFO: [RTGEN 206-100] Generating core module 'mul_8s_8ns_16_4_0': 24 instance(s).
INFO: [RTGEN 206-100] Generating core module 'mul_8s_8s_16_4_0': 24 instance(s).
INFO: [RTGEN 206-100] Finished creating RTL model for 'l1_root_channel_false_26_true_s'.
INFO: [HLS 200-111] Finished Creating RTL model: CPU user time: 0.65 seconds. CPU system time: 0.04 seconds. Elapsed time: 0.81 seconds; current allocated memory: 3.153 GB.
INFO: [HLS 200-10] ----------------------------------------------------------------
INFO: [HLS 200-10] -- Generating RTL for module 'l1_root_channel_false_27_true_s' 
INFO: [HLS 200-10] ----------------------------------------------------------------
INFO: [RTGEN 206-100] Generating core module 'add_18s_18s_18_2_0': 8 instance(s).
INFO: [RTGEN 206-100] Generating core module 'mul_8s_5s_13_4_0': 8 instance(s).
INFO: [RTGEN 206-100] Generating core module 'mul_8s_6ns_14_4_0': 16 instance(s).
INFO: [RTGEN 206-100] Generating core module 'mul_8s_6s_14_4_0': 8 instance(s).
INFO: [RTGEN 206-100] Generating core module 'mul_8s_7ns_15_4_0': 16 instance(s).
INFO: [RTGEN 206-100] Generating core module 'mul_8s_7s_15_4_0': 8 instance(s).
INFO: [RTGEN 206-100] Generating core module 'mul_8s_8ns_16_4_0': 8 instance(s).
INFO: [RTGEN 206-100] Generating core module 'mul_8s_8s_16_4_0': 32 instance(s).
INFO: [RTGEN 206-100] Finished creating RTL model for 'l1_root_channel_false_27_true_s'.
INFO: [HLS 200-111] Finished Creating RTL model: CPU user time: 0.66 seconds. CPU system time: 0.06 seconds. Elapsed time: 0.81 seconds; current allocated memory: 3.166 GB.
INFO: [HLS 200-10] ----------------------------------------------------------------
INFO: [HLS 200-10] -- Generating RTL for module 'l1_root_channel_false_28_true_s' 
INFO: [HLS 200-10] ----------------------------------------------------------------
INFO: [RTGEN 206-100] Generating core module 'add_18s_18s_18_2_0': 8 instance(s).
INFO: [RTGEN 206-100] Generating core module 'mul_8s_6s_14_4_0': 8 instance(s).
INFO: [RTGEN 206-100] Generating core module 'mul_8s_7ns_15_4_0': 32 instance(s).
INFO: [RTGEN 206-100] Generating core module 'mul_8s_7s_15_4_0': 24 instance(s).
INFO: [RTGEN 206-100] Generating core module 'mul_8s_8ns_16_4_0': 24 instance(s).
INFO: [RTGEN 206-100] Generating core module 'mul_8s_8s_16_4_0': 24 instance(s).
INFO: [RTGEN 206-100] Finished creating RTL model for 'l1_root_channel_false_28_true_s'.
INFO: [HLS 200-111] Finished Creating RTL model: CPU user time: 0.65 seconds. CPU system time: 0.04 seconds. Elapsed time: 0.88 seconds; current allocated memory: 3.166 GB.
INFO: [HLS 200-10] ----------------------------------------------------------------
INFO: [HLS 200-10] -- Generating RTL for module 'l1_root_channel_false_29_true_s' 
INFO: [HLS 200-10] ----------------------------------------------------------------
INFO: [RTGEN 206-100] Generating core module 'add_18s_18s_18_2_0': 8 instance(s).
INFO: [RTGEN 206-100] Generating core module 'mul_8s_5ns_13_4_0': 8 instance(s).
INFO: [RTGEN 206-100] Generating core module 'mul_8s_6ns_14_4_0': 8 instance(s).
INFO: [RTGEN 206-100] Generating core module 'mul_8s_6s_14_4_0': 8 instance(s).
INFO: [RTGEN 206-100] Generating core module 'mul_8s_7ns_15_4_0': 24 instance(s).
INFO: [RTGEN 206-100] Generating core module 'mul_8s_7s_15_4_0': 16 instance(s).
INFO: [RTGEN 206-100] Generating core module 'mul_8s_8ns_16_4_0': 16 instance(s).
INFO: [RTGEN 206-100] Generating core module 'mul_8s_8s_16_4_0': 32 instance(s).
INFO: [RTGEN 206-100] Finished creating RTL model for 'l1_root_channel_false_29_true_s'.
INFO: [HLS 200-111] Finished Creating RTL model: CPU user time: 0.68 seconds. CPU system time: 0.05 seconds. Elapsed time: 0.93 seconds; current allocated memory: 3.215 GB.
INFO: [HLS 200-10] ----------------------------------------------------------------
INFO: [HLS 200-10] -- Generating RTL for module 'l1_root_channel_false_30_true_s' 
INFO: [HLS 200-10] ----------------------------------------------------------------
INFO: [RTGEN 206-100] Generating core module 'add_18ns_18s_18_2_0': 8 instance(s).
INFO: [RTGEN 206-100] Generating core module 'mul_8s_6ns_14_4_0': 8 instance(s).
INFO: [RTGEN 206-100] Generating core module 'mul_8s_7ns_15_4_0': 16 instance(s).
INFO: [RTGEN 206-100] Generating core module 'mul_8s_7s_15_4_0': 16 instance(s).
INFO: [RTGEN 206-100] Generating core module 'mul_8s_8ns_16_4_0': 40 instance(s).
INFO: [RTGEN 206-100] Generating core module 'mul_8s_8s_16_4_0': 32 instance(s).
INFO: [RTGEN 206-100] Finished creating RTL model for 'l1_root_channel_false_30_true_s'.
INFO: [HLS 200-111] Finished Creating RTL model: CPU user time: 0.66 seconds. CPU system time: 0.06 seconds. Elapsed time: 0.84 seconds; current allocated memory: 3.228 GB.
INFO: [HLS 200-10] ----------------------------------------------------------------
INFO: [HLS 200-10] -- Generating RTL for module 'l1_root_channel_false_31_true_s' 
INFO: [HLS 200-10] ----------------------------------------------------------------
INFO: [RTGEN 206-100] Generating core module 'add_18s_18s_18_2_0': 8 instance(s).
INFO: [RTGEN 206-100] Generating core module 'mul_8s_4ns_12_4_0': 8 instance(s).
INFO: [RTGEN 206-100] Generating core module 'mul_8s_5s_13_4_0': 8 instance(s).
INFO: [RTGEN 206-100] Generating core module 'mul_8s_7ns_15_4_0': 32 instance(s).
INFO: [RTGEN 206-100] Generating core module 'mul_8s_7s_15_4_0': 24 instance(s).
INFO: [RTGEN 206-100] Generating core module 'mul_8s_8ns_16_4_0': 16 instance(s).
INFO: [RTGEN 206-100] Generating core module 'mul_8s_8s_16_4_0': 24 instance(s).
INFO: [RTGEN 206-100] Finished creating RTL model for 'l1_root_channel_false_31_true_s'.
INFO: [HLS 200-111] Finished Creating RTL model: CPU user time: 0.66 seconds. CPU system time: 0.05 seconds. Elapsed time: 0.83 seconds; current allocated memory: 3.228 GB.
INFO: [HLS 200-10] ----------------------------------------------------------------
INFO: [HLS 200-10] -- Generating RTL for module 'l1_neighbor_channel_false_0_true_s' 
INFO: [HLS 200-10] ----------------------------------------------------------------
INFO: [RTGEN 206-100] Generating core module 'add_18s_18s_18_2_0': 8 instance(s).
INFO: [RTGEN 206-100] Generating core module 'mul_8s_6ns_14_4_0': 8 instance(s).
INFO: [RTGEN 206-100] Generating core module 'mul_8s_6s_14_4_0': 8 instance(s).
INFO: [RTGEN 206-100] Generating core module 'mul_8s_7ns_15_4_0': 32 instance(s).
INFO: [RTGEN 206-100] Generating core module 'mul_8s_7s_15_4_0': 24 instance(s).
INFO: [RTGEN 206-100] Generating core module 'mul_8s_8ns_16_4_0': 16 instance(s).
INFO: [RTGEN 206-100] Generating core module 'mul_8s_8s_16_4_0': 16 instance(s).
INFO: [RTGEN 206-100] Finished creating RTL model for 'l1_neighbor_channel_false_0_true_s'.
INFO: [HLS 200-111] Finished Creating RTL model: CPU user time: 0.66 seconds. CPU system time: 0.06 seconds. Elapsed time: 0.83 seconds; current allocated memory: 3.277 GB.
INFO: [HLS 200-10] ----------------------------------------------------------------
INFO: [HLS 200-10] -- Generating RTL for module 'l1_neighbor_channel_false_1_true_s' 
INFO: [HLS 200-10] ----------------------------------------------------------------
INFO: [RTGEN 206-100] Generating core module 'add_18s_18s_18_2_0': 8 instance(s).
INFO: [RTGEN 206-100] Generating core module 'mul_8s_4s_12_4_0': 8 instance(s).
INFO: [RTGEN 206-100] Generating core module 'mul_8s_6ns_14_4_0': 8 instance(s).
INFO: [RTGEN 206-100] Generating core module 'mul_8s_6s_14_4_0': 16 instance(s).
INFO: [RTGEN 206-100] Generating core module 'mul_8s_7ns_15_4_0': 24 instance(s).
INFO: [RTGEN 206-100] Generating core module 'mul_8s_7s_15_4_0': 16 instance(s).
INFO: [RTGEN 206-100] Generating core module 'mul_8s_8ns_16_4_0': 16 instance(s).
INFO: [RTGEN 206-100] Generating core module 'mul_8s_8s_16_4_0': 24 instance(s).
INFO: [RTGEN 206-100] Finished creating RTL model for 'l1_neighbor_channel_false_1_true_s'.
INFO: [HLS 200-111] Finished Creating RTL model: CPU user time: 0.69 seconds. CPU system time: 0.07 seconds. Elapsed time: 0.85 seconds; current allocated memory: 3.291 GB.
INFO: [HLS 200-10] ----------------------------------------------------------------
INFO: [HLS 200-10] -- Generating RTL for module 'l1_neighbor_channel_false_2_true_s' 
INFO: [HLS 200-10] ----------------------------------------------------------------
INFO: [RTGEN 206-100] Generating core module 'add_18s_18s_18_2_0': 8 instance(s).
INFO: [RTGEN 206-100] Generating core module 'mul_8s_5ns_13_4_0': 8 instance(s).
INFO: [RTGEN 206-100] Generating core module 'mul_8s_5s_13_4_0': 8 instance(s).
INFO: [RTGEN 206-100] Generating core module 'mul_8s_6ns_14_4_0': 24 instance(s).
INFO: [RTGEN 206-100] Generating core module 'mul_8s_6s_14_4_0': 24 instance(s).
INFO: [RTGEN 206-100] Generating core module 'mul_8s_7ns_15_4_0': 16 instance(s).
INFO: [RTGEN 206-100] Generating core module 'mul_8s_8ns_16_4_0': 16 instance(s).
INFO: [RTGEN 206-100] Generating core module 'mul_8s_8s_16_4_0': 8 instance(s).
INFO: [RTGEN 206-100] Finished creating RTL model for 'l1_neighbor_channel_false_2_true_s'.
INFO: [HLS 200-111] Finished Creating RTL model: CPU user time: 0.68 seconds. CPU system time: 0.05 seconds. Elapsed time: 0.86 seconds; current allocated memory: 3.291 GB.
INFO: [HLS 200-10] ----------------------------------------------------------------
INFO: [HLS 200-10] -- Generating RTL for module 'l1_neighbor_channel_false_3_true_s' 
INFO: [HLS 200-10] ----------------------------------------------------------------
INFO: [RTGEN 206-100] Generating core module 'add_18s_18s_18_2_0': 8 instance(s).
INFO: [RTGEN 206-100] Generating core module 'mul_8s_5ns_13_4_0': 8 instance(s).
INFO: [RTGEN 206-100] Generating core module 'mul_8s_6ns_14_4_0': 8 instance(s).
INFO: [RTGEN 206-100] Generating core module 'mul_8s_6s_14_4_0': 8 instance(s).
INFO: [RTGEN 206-100] Generating core module 'mul_8s_7ns_15_4_0': 40 instance(s).
INFO: [RTGEN 206-100] Generating core module 'mul_8s_7s_15_4_0': 8 instance(s).
INFO: [RTGEN 206-100] Generating core module 'mul_8s_8ns_16_4_0': 16 instance(s).
INFO: [RTGEN 206-100] Generating core module 'mul_8s_8s_16_4_0': 24 instance(s).
INFO: [RTGEN 206-100] Finished creating RTL model for 'l1_neighbor_channel_false_3_true_s'.
INFO: [HLS 200-111] Finished Creating RTL model: CPU user time: 0.69 seconds. CPU system time: 0.06 seconds. Elapsed time: 0.89 seconds; current allocated memory: 3.339 GB.
INFO: [HLS 200-10] ----------------------------------------------------------------
INFO: [HLS 200-10] -- Generating RTL for module 'l1_neighbor_channel_false_4_true_s' 
INFO: [HLS 200-10] ----------------------------------------------------------------
INFO: [RTGEN 206-100] Generating core module 'add_18s_18s_18_2_0': 8 instance(s).
INFO: [RTGEN 206-100] Generating core module 'mul_8s_3ns_11_4_0': 8 instance(s).
INFO: [RTGEN 206-100] Generating core module 'mul_8s_5ns_13_4_0': 8 instance(s).
INFO: [RTGEN 206-100] Generating core module 'mul_8s_5s_13_4_0': 8 instance(s).
INFO: [RTGEN 206-100] Generating core module 'mul_8s_6ns_14_4_0': 16 instance(s).
INFO: [RTGEN 206-100] Generating core module 'mul_8s_6s_14_4_0': 8 instance(s).
INFO: [RTGEN 206-100] Generating core module 'mul_8s_7ns_15_4_0': 24 instance(s).
INFO: [RTGEN 206-100] Generating core module 'mul_8s_7s_15_4_0': 16 instance(s).
INFO: [RTGEN 206-100] Generating core module 'mul_8s_8ns_16_4_0': 16 instance(s).
INFO: [RTGEN 206-100] Finished creating RTL model for 'l1_neighbor_channel_false_4_true_s'.
INFO: [HLS 200-111] Finished Creating RTL model: CPU user time: 0.67 seconds. CPU system time: 0.07 seconds. Elapsed time: 0.89 seconds; current allocated memory: 3.353 GB.
INFO: [HLS 200-10] ----------------------------------------------------------------
INFO: [HLS 200-10] -- Generating RTL for module 'l1_neighbor_channel_false_5_true_s' 
INFO: [HLS 200-10] ----------------------------------------------------------------
INFO: [RTGEN 206-100] Generating core module 'add_18s_18s_18_2_0': 8 instance(s).
INFO: [RTGEN 206-100] Generating core module 'mul_8s_4s_12_4_0': 8 instance(s).
INFO: [RTGEN 206-100] Generating core module 'mul_8s_5ns_13_4_0': 8 instance(s).
INFO: [RTGEN 206-100] Generating core module 'mul_8s_6ns_14_4_0': 16 instance(s).
INFO: [RTGEN 206-100] Generating core module 'mul_8s_6s_14_4_0': 8 instance(s).
INFO: [RTGEN 206-100] Generating core module 'mul_8s_7ns_15_4_0': 16 instance(s).
INFO: [RTGEN 206-100] Generating core module 'mul_8s_7s_15_4_0': 16 instance(s).
INFO: [RTGEN 206-100] Generating core module 'mul_8s_8ns_16_4_0': 24 instance(s).
INFO: [RTGEN 206-100] Generating core module 'mul_8s_8s_16_4_0': 8 instance(s).
INFO: [RTGEN 206-100] Finished creating RTL model for 'l1_neighbor_channel_false_5_true_s'.
INFO: [HLS 200-111] Finished Creating RTL model: CPU user time: 0.68 seconds. CPU system time: 0.06 seconds. Elapsed time: 0.85 seconds; current allocated memory: 3.353 GB.
INFO: [HLS 200-10] ----------------------------------------------------------------
INFO: [HLS 200-10] -- Generating RTL for module 'l1_neighbor_channel_false_6_true_s' 
INFO: [HLS 200-10] ----------------------------------------------------------------
INFO: [RTGEN 206-100] Generating core module 'add_18s_18s_18_2_0': 8 instance(s).
INFO: [RTGEN 206-100] Generating core module 'mul_8s_6ns_14_4_0': 8 instance(s).
INFO: [RTGEN 206-100] Generating core module 'mul_8s_6s_14_4_0': 16 instance(s).
INFO: [RTGEN 206-100] Generating core module 'mul_8s_7ns_15_4_0': 32 instance(s).
INFO: [RTGEN 206-100] Generating core module 'mul_8s_7s_15_4_0': 8 instance(s).
INFO: [RTGEN 206-100] Generating core module 'mul_8s_8ns_16_4_0': 16 instance(s).
INFO: [RTGEN 206-100] Generating core module 'mul_8s_8s_16_4_0': 32 instance(s).
INFO: [RTGEN 206-100] Finished creating RTL model for 'l1_neighbor_channel_false_6_true_s'.
INFO: [HLS 200-111] Finished Creating RTL model: CPU user time: 0.7 seconds. CPU system time: 0.06 seconds. Elapsed time: 0.93 seconds; current allocated memory: 3.353 GB.
INFO: [HLS 200-10] ----------------------------------------------------------------
INFO: [HLS 200-10] -- Generating RTL for module 'l1_neighbor_channel_false_8_true_s' 
INFO: [HLS 200-10] ----------------------------------------------------------------
INFO: [RTGEN 206-100] Generating core module 'add_18s_18s_18_2_0': 8 instance(s).
INFO: [RTGEN 206-100] Generating core module 'mul_8s_4ns_12_4_0': 8 instance(s).
INFO: [RTGEN 206-100] Generating core module 'mul_8s_5ns_13_4_0': 16 instance(s).
INFO: [RTGEN 206-100] Generating core module 'mul_8s_6ns_14_4_0': 16 instance(s).
INFO: [RTGEN 206-100] Generating core module 'mul_8s_7ns_15_4_0': 32 instance(s).
INFO: [RTGEN 206-100] Generating core module 'mul_8s_7s_15_4_0': 24 instance(s).
INFO: [RTGEN 206-100] Generating core module 'mul_8s_8ns_16_4_0': 8 instance(s).
INFO: [RTGEN 206-100] Generating core module 'mul_8s_8s_16_4_0': 8 instance(s).
INFO: [RTGEN 206-100] Finished creating RTL model for 'l1_neighbor_channel_false_8_true_s'.
INFO: [HLS 200-111] Finished Creating RTL model: CPU user time: 0.71 seconds. CPU system time: 0.07 seconds. Elapsed time: 0.93 seconds; current allocated memory: 3.416 GB.
INFO: [HLS 200-10] ----------------------------------------------------------------
INFO: [HLS 200-10] -- Generating RTL for module 'l1_neighbor_channel_false_9_true_s' 
INFO: [HLS 200-10] ----------------------------------------------------------------
INFO: [RTGEN 206-100] Generating core module 'add_18s_18s_18_2_0': 8 instance(s).
INFO: [RTGEN 206-100] Generating core module 'mul_8s_4s_12_4_0': 8 instance(s).
INFO: [RTGEN 206-100] Generating core module 'mul_8s_5s_13_4_0': 8 instance(s).
INFO: [RTGEN 206-100] Generating core module 'mul_8s_6ns_14_4_0': 16 instance(s).
INFO: [RTGEN 206-100] Generating core module 'mul_8s_6s_14_4_0': 8 instance(s).
INFO: [RTGEN 206-100] Generating core module 'mul_8s_7ns_15_4_0': 32 instance(s).
INFO: [RTGEN 206-100] Generating core module 'mul_8s_7s_15_4_0': 8 instance(s).
INFO: [RTGEN 206-100] Generating core module 'mul_8s_8ns_16_4_0': 8 instance(s).
INFO: [RTGEN 206-100] Generating core module 'mul_8s_8s_16_4_0': 24 instance(s).
INFO: [RTGEN 206-100] Finished creating RTL model for 'l1_neighbor_channel_false_9_true_s'.
INFO: [HLS 200-111] Finished Creating RTL model: CPU user time: 0.72 seconds. CPU system time: 0.08 seconds. Elapsed time: 0.91 seconds; current allocated memory: 3.416 GB.
INFO: [HLS 200-10] ----------------------------------------------------------------
INFO: [HLS 200-10] -- Generating RTL for module 'l1_neighbor_channel_false_10_true_s' 
INFO: [HLS 200-10] ----------------------------------------------------------------
INFO: [RTGEN 206-100] Generating core module 'add_18s_18s_18_2_0': 8 instance(s).
INFO: [RTGEN 206-100] Generating core module 'mul_8s_2s_10_4_0': 8 instance(s).
INFO: [RTGEN 206-100] Generating core module 'mul_8s_3s_11_4_0': 8 instance(s).
INFO: [RTGEN 206-100] Generating core module 'mul_8s_5ns_13_4_0': 8 instance(s).
INFO: [RTGEN 206-100] Generating core module 'mul_8s_5s_13_4_0': 8 instance(s).
INFO: [RTGEN 206-100] Generating core module 'mul_8s_6s_14_4_0': 16 instance(s).
INFO: [RTGEN 206-100] Generating core module 'mul_8s_7ns_15_4_0': 16 instance(s).
INFO: [RTGEN 206-100] Generating core module 'mul_8s_8ns_16_4_0': 32 instance(s).
INFO: [RTGEN 206-100] Generating core module 'mul_8s_8s_16_4_0': 16 instance(s).
INFO: [RTGEN 206-100] Finished creating RTL model for 'l1_neighbor_channel_false_10_true_s'.
INFO: [HLS 200-111] Finished Creating RTL model: CPU user time: 0.69 seconds. CPU system time: 0.1 seconds. Elapsed time: 1.02 seconds; current allocated memory: 3.416 GB.
INFO: [HLS 200-10] ----------------------------------------------------------------
INFO: [HLS 200-10] -- Generating RTL for module 'l1_neighbor_channel_false_11_true_s' 
INFO: [HLS 200-10] ----------------------------------------------------------------
INFO: [RTGEN 206-100] Generating core module 'add_18s_18s_18_2_0': 8 instance(s).
INFO: [RTGEN 206-100] Generating core module 'mul_8s_2s_10_4_0': 8 instance(s).
INFO: [RTGEN 206-100] Generating core module 'mul_8s_5ns_13_4_0': 8 instance(s).
INFO: [RTGEN 206-100] Generating core module 'mul_8s_6ns_14_4_0': 8 instance(s).
INFO: [RTGEN 206-100] Generating core module 'mul_8s_6s_14_4_0': 16 instance(s).
INFO: [RTGEN 206-100] Generating core module 'mul_8s_7ns_15_4_0': 48 instance(s).
INFO: [RTGEN 206-100] Generating core module 'mul_8s_7s_15_4_0': 8 instance(s).
INFO: [RTGEN 206-100] Generating core module 'mul_8s_8ns_16_4_0': 8 instance(s).
INFO: [RTGEN 206-100] Generating core module 'mul_8s_8s_16_4_0': 8 instance(s).
INFO: [RTGEN 206-100] Finished creating RTL model for 'l1_neighbor_channel_false_11_true_s'.
INFO: [HLS 200-111] Finished Creating RTL model: CPU user time: 0.73 seconds. CPU system time: 0.09 seconds. Elapsed time: 0.98 seconds; current allocated memory: 3.485 GB.
INFO: [HLS 200-10] ----------------------------------------------------------------
INFO: [HLS 200-10] -- Generating RTL for module 'l1_neighbor_channel_false_13_true_s' 
INFO: [HLS 200-10] ----------------------------------------------------------------
INFO: [RTGEN 206-100] Generating core module 'add_18s_18s_18_2_0': 8 instance(s).
INFO: [RTGEN 206-100] Generating core module 'mul_8s_6s_14_4_0': 16 instance(s).
INFO: [RTGEN 206-100] Generating core module 'mul_8s_7ns_15_4_0': 40 instance(s).
INFO: [RTGEN 206-100] Generating core module 'mul_8s_7s_15_4_0': 32 instance(s).
INFO: [RTGEN 206-100] Generating core module 'mul_8s_8ns_16_4_0': 8 instance(s).
INFO: [RTGEN 206-100] Generating core module 'mul_8s_8s_16_4_0': 16 instance(s).
INFO: [RTGEN 206-100] Finished creating RTL model for 'l1_neighbor_channel_false_13_true_s'.
INFO: [HLS 200-111] Finished Creating RTL model: CPU user time: 0.7 seconds. CPU system time: 0.07 seconds. Elapsed time: 0.92 seconds; current allocated memory: 3.506 GB.
INFO: [HLS 200-10] ----------------------------------------------------------------
INFO: [HLS 200-10] -- Generating RTL for module 'l1_neighbor_channel_false_14_true_s' 
INFO: [HLS 200-10] ----------------------------------------------------------------
INFO: [RTGEN 206-100] Generating core module 'add_18s_18s_18_2_0': 8 instance(s).
INFO: [RTGEN 206-100] Generating core module 'mul_8s_5ns_13_4_0': 8 instance(s).
INFO: [RTGEN 206-100] Generating core module 'mul_8s_6ns_14_4_0': 8 instance(s).
INFO: [RTGEN 206-100] Generating core module 'mul_8s_7ns_15_4_0': 40 instance(s).
INFO: [RTGEN 206-100] Generating core module 'mul_8s_7s_15_4_0': 24 instance(s).
INFO: [RTGEN 206-100] Generating core module 'mul_8s_8ns_16_4_0': 16 instance(s).
INFO: [RTGEN 206-100] Generating core module 'mul_8s_8s_16_4_0': 16 instance(s).
INFO: [RTGEN 206-100] Finished creating RTL model for 'l1_neighbor_channel_false_14_true_s'.
INFO: [HLS 200-111] Finished Creating RTL model: CPU user time: 0.71 seconds. CPU system time: 0.05 seconds. Elapsed time: 0.9 seconds; current allocated memory: 3.526 GB.
INFO: [HLS 200-10] ----------------------------------------------------------------
INFO: [HLS 200-10] -- Generating RTL for module 'l1_neighbor_channel_false_15_true_s' 
INFO: [HLS 200-10] ----------------------------------------------------------------
INFO: [RTGEN 206-100] Generating core module 'add_18s_18s_18_2_0': 8 instance(s).
INFO: [RTGEN 206-100] Generating core module 'mul_8s_6ns_14_4_0': 16 instance(s).
INFO: [RTGEN 206-100] Generating core module 'mul_8s_6s_14_4_0': 16 instance(s).
INFO: [RTGEN 206-100] Generating core module 'mul_8s_7ns_15_4_0': 32 instance(s).
INFO: [RTGEN 206-100] Generating core module 'mul_8s_7s_15_4_0': 24 instance(s).
INFO: [RTGEN 206-100] Generating core module 'mul_8s_8ns_16_4_0': 16 instance(s).
INFO: [RTGEN 206-100] Generating core module 'mul_8s_8s_16_4_0': 8 instance(s).
INFO: [RTGEN 206-100] Finished creating RTL model for 'l1_neighbor_channel_false_15_true_s'.
INFO: [HLS 200-111] Finished Creating RTL model: CPU user time: 0.71 seconds. CPU system time: 0.08 seconds. Elapsed time: 0.94 seconds; current allocated memory: 3.547 GB.
INFO: [HLS 200-10] ----------------------------------------------------------------
INFO: [HLS 200-10] -- Generating RTL for module 'l1_neighbor_channel_false_16_true_s' 
INFO: [HLS 200-10] ----------------------------------------------------------------
INFO: [RTGEN 206-100] Generating core module 'add_18s_18s_18_2_0': 8 instance(s).
INFO: [RTGEN 206-100] Generating core module 'mul_8s_4s_12_4_0': 8 instance(s).
INFO: [RTGEN 206-100] Generating core module 'mul_8s_5ns_13_4_0': 8 instance(s).
INFO: [RTGEN 206-100] Generating core module 'mul_8s_6ns_14_4_0': 8 instance(s).
INFO: [RTGEN 206-100] Generating core module 'mul_8s_7s_15_4_0': 24 instance(s).
INFO: [RTGEN 206-100] Generating core module 'mul_8s_8ns_16_4_0': 48 instance(s).
INFO: [RTGEN 206-100] Generating core module 'mul_8s_8s_16_4_0': 16 instance(s).
INFO: [RTGEN 206-100] Finished creating RTL model for 'l1_neighbor_channel_false_16_true_s'.
INFO: [HLS 200-111] Finished Creating RTL model: CPU user time: 0.72 seconds. CPU system time: 0.06 seconds. Elapsed time: 0.93 seconds; current allocated memory: 3.572 GB.
INFO: [HLS 200-10] ----------------------------------------------------------------
INFO: [HLS 200-10] -- Generating RTL for module 'l1_neighbor_channel_false_17_true_s' 
INFO: [HLS 200-10] ----------------------------------------------------------------
INFO: [RTGEN 206-100] Generating core module 'add_12ns_12s_12_2_0': 8 instance(s).
INFO: [RTGEN 206-100] Generating core module 'mul_8s_2s_10_4_0': 16 instance(s).
INFO: [RTGEN 206-100] Finished creating RTL model for 'l1_neighbor_channel_false_17_true_s'.
INFO: [HLS 200-111] Finished Creating RTL model: CPU user time: 0.54 seconds. CPU system time: 0.06 seconds. Elapsed time: 0.75 seconds; current allocated memory: 3.593 GB.
INFO: [HLS 200-10] ----------------------------------------------------------------
INFO: [HLS 200-10] -- Generating RTL for module 'l1_neighbor_channel_false_18_true_s' 
INFO: [HLS 200-10] ----------------------------------------------------------------
INFO: [RTGEN 206-100] Generating core module 'add_11s_11ns_11_2_0': 8 instance(s).
INFO: [RTGEN 206-100] Finished creating RTL model for 'l1_neighbor_channel_false_18_true_s'.
INFO: [HLS 200-111] Finished Creating RTL model: CPU user time: 0.35 seconds. CPU system time: 0.05 seconds. Elapsed time: 0.54 seconds; current allocated memory: 3.602 GB.
INFO: [HLS 200-10] ----------------------------------------------------------------
INFO: [HLS 200-10] -- Generating RTL for module 'l1_neighbor_channel_false_19_true_s' 
INFO: [HLS 200-10] ----------------------------------------------------------------
INFO: [RTGEN 206-100] Generating core module 'add_18s_18s_18_2_0': 8 instance(s).
INFO: [RTGEN 206-100] Generating core module 'mul_8s_4ns_12_4_0': 8 instance(s).
INFO: [RTGEN 206-100] Generating core module 'mul_8s_5s_13_4_0': 8 instance(s).
INFO: [RTGEN 206-100] Generating core module 'mul_8s_6s_14_4_0': 8 instance(s).
INFO: [RTGEN 206-100] Generating core module 'mul_8s_7ns_15_4_0': 16 instance(s).
INFO: [RTGEN 206-100] Generating core module 'mul_8s_7s_15_4_0': 8 instance(s).
INFO: [RTGEN 206-100] Generating core module 'mul_8s_8ns_16_4_0': 32 instance(s).
INFO: [RTGEN 206-100] Generating core module 'mul_8s_8s_16_4_0': 16 instance(s).
INFO: [RTGEN 206-100] Finished creating RTL model for 'l1_neighbor_channel_false_19_true_s'.
INFO: [HLS 200-111] Finished Creating RTL model: CPU user time: 0.48 seconds. CPU system time: 0.04 seconds. Elapsed time: 0.65 seconds; current allocated memory: 3.603 GB.
INFO: [HLS 200-10] ----------------------------------------------------------------
INFO: [HLS 200-10] -- Generating RTL for module 'l1_neighbor_channel_false_20_true_s' 
INFO: [HLS 200-10] ----------------------------------------------------------------
INFO: [RTGEN 206-100] Generating core module 'add_18s_18s_18_2_0': 8 instance(s).
INFO: [RTGEN 206-100] Generating core module 'mul_8s_4ns_12_4_0': 8 instance(s).
INFO: [RTGEN 206-100] Generating core module 'mul_8s_5ns_13_4_0': 16 instance(s).
INFO: [RTGEN 206-100] Generating core module 'mul_8s_6ns_14_4_0': 8 instance(s).
INFO: [RTGEN 206-100] Generating core module 'mul_8s_6s_14_4_0': 8 instance(s).
INFO: [RTGEN 206-100] Generating core module 'mul_8s_7ns_15_4_0': 8 instance(s).
INFO: [RTGEN 206-100] Generating core module 'mul_8s_7s_15_4_0': 24 instance(s).
INFO: [RTGEN 206-100] Generating core module 'mul_8s_8ns_16_4_0': 16 instance(s).
INFO: [RTGEN 206-100] Generating core module 'mul_8s_8s_16_4_0': 8 instance(s).
INFO: [RTGEN 206-100] Finished creating RTL model for 'l1_neighbor_channel_false_20_true_s'.
INFO: [HLS 200-111] Finished Creating RTL model: CPU user time: 0.77 seconds. CPU system time: 0.07 seconds. Elapsed time: 0.98 seconds; current allocated memory: 3.603 GB.
INFO: [HLS 200-10] ----------------------------------------------------------------
INFO: [HLS 200-10] -- Generating RTL for module 'l1_neighbor_channel_false_21_true_s' 
INFO: [HLS 200-10] ----------------------------------------------------------------
INFO: [RTGEN 206-100] Generating core module 'add_18s_18s_18_2_0': 8 instance(s).
INFO: [RTGEN 206-100] Generating core module 'mul_8s_4ns_12_4_0': 8 instance(s).
INFO: [RTGEN 206-100] Generating core module 'mul_8s_4s_12_4_0': 16 instance(s).
INFO: [RTGEN 206-100] Generating core module 'mul_8s_5ns_13_4_0': 24 instance(s).
INFO: [RTGEN 206-100] Generating core module 'mul_8s_6s_14_4_0': 16 instance(s).
INFO: [RTGEN 206-100] Generating core module 'mul_8s_7s_15_4_0': 8 instance(s).
INFO: [RTGEN 206-100] Generating core module 'mul_8s_8ns_16_4_0': 24 instance(s).
INFO: [RTGEN 206-100] Generating core module 'mul_8s_8s_16_4_0': 16 instance(s).
INFO: [RTGEN 206-100] Finished creating RTL model for 'l1_neighbor_channel_false_21_true_s'.
INFO: [HLS 200-111] Finished Creating RTL model: CPU user time: 0.77 seconds. CPU system time: 0.1 seconds. Elapsed time: 1 seconds; current allocated memory: 3.603 GB.
INFO: [HLS 200-10] ----------------------------------------------------------------
INFO: [HLS 200-10] -- Generating RTL for module 'l1_neighbor_channel_false_22_true_s' 
INFO: [HLS 200-10] ----------------------------------------------------------------
INFO: [RTGEN 206-100] Generating core module 'add_18s_18s_18_2_0': 8 instance(s).
INFO: [RTGEN 206-100] Generating core module 'mul_8s_3s_11_4_0': 8 instance(s).
INFO: [RTGEN 206-100] Generating core module 'mul_8s_7ns_15_4_0': 24 instance(s).
INFO: [RTGEN 206-100] Generating core module 'mul_8s_8ns_16_4_0': 24 instance(s).
INFO: [RTGEN 206-100] Generating core module 'mul_8s_8s_16_4_0': 32 instance(s).
INFO: [RTGEN 206-100] Finished creating RTL model for 'l1_neighbor_channel_false_22_true_s'.
INFO: [HLS 200-111] Finished Creating RTL model: CPU user time: 0.71 seconds. CPU system time: 0.08 seconds. Elapsed time: 0.92 seconds; current allocated memory: 3.603 GB.
INFO: [HLS 200-10] ----------------------------------------------------------------
INFO: [HLS 200-10] -- Generating RTL for module 'l1_neighbor_channel_false_23_true_s' 
INFO: [HLS 200-10] ----------------------------------------------------------------
INFO: [RTGEN 206-100] Generating core module 'add_18s_18s_18_2_0': 8 instance(s).
INFO: [RTGEN 206-100] Generating core module 'mul_8s_3s_11_4_0': 8 instance(s).
INFO: [RTGEN 206-100] Generating core module 'mul_8s_5s_13_4_0': 16 instance(s).
INFO: [RTGEN 206-100] Generating core module 'mul_8s_6ns_14_4_0': 24 instance(s).
INFO: [RTGEN 206-100] Generating core module 'mul_8s_7ns_15_4_0': 8 instance(s).
INFO: [RTGEN 206-100] Generating core module 'mul_8s_7s_15_4_0': 8 instance(s).
INFO: [RTGEN 206-100] Generating core module 'mul_8s_8ns_16_4_0': 24 instance(s).
INFO: [RTGEN 206-100] Generating core module 'mul_8s_8s_16_4_0': 16 instance(s).
INFO: [RTGEN 206-100] Finished creating RTL model for 'l1_neighbor_channel_false_23_true_s'.
INFO: [HLS 200-111] Finished Creating RTL model: CPU user time: 0.75 seconds. CPU system time: 0.07 seconds. Elapsed time: 0.97 seconds; current allocated memory: 3.686 GB.
INFO: [HLS 200-10] ----------------------------------------------------------------
INFO: [HLS 200-10] -- Generating RTL for module 'l1_neighbor_channel_false_25_true_s' 
INFO: [HLS 200-10] ----------------------------------------------------------------
INFO: [RTGEN 206-100] Generating core module 'add_18s_18s_18_2_0': 8 instance(s).
INFO: [RTGEN 206-100] Generating core module 'mul_8s_4s_12_4_0': 16 instance(s).
INFO: [RTGEN 206-100] Generating core module 'mul_8s_5ns_13_4_0': 8 instance(s).
INFO: [RTGEN 206-100] Generating core module 'mul_8s_5s_13_4_0': 8 instance(s).
INFO: [RTGEN 206-100] Generating core module 'mul_8s_6ns_14_4_0': 8 instance(s).
INFO: [RTGEN 206-100] Generating core module 'mul_8s_7ns_15_4_0': 8 instance(s).
INFO: [RTGEN 206-100] Generating core module 'mul_8s_7s_15_4_0': 24 instance(s).
INFO: [RTGEN 206-100] Generating core module 'mul_8s_8ns_16_4_0': 16 instance(s).
INFO: [RTGEN 206-100] Generating core module 'mul_8s_8s_16_4_0': 16 instance(s).
INFO: [RTGEN 206-100] Finished creating RTL model for 'l1_neighbor_channel_false_25_true_s'.
INFO: [HLS 200-111] Finished Creating RTL model: CPU user time: 0.77 seconds. CPU system time: 0.05 seconds. Elapsed time: 0.95 seconds; current allocated memory: 3.707 GB.
INFO: [HLS 200-10] ----------------------------------------------------------------
INFO: [HLS 200-10] -- Generating RTL for module 'l1_neighbor_channel_false_26_true_s' 
INFO: [HLS 200-10] ----------------------------------------------------------------
INFO: [RTGEN 206-100] Generating core module 'add_18s_18s_18_2_0': 8 instance(s).
INFO: [RTGEN 206-100] Generating core module 'mul_8s_6ns_14_4_0': 8 instance(s).
INFO: [RTGEN 206-100] Generating core module 'mul_8s_7ns_15_4_0': 24 instance(s).
INFO: [RTGEN 206-100] Generating core module 'mul_8s_7s_15_4_0': 8 instance(s).
INFO: [RTGEN 206-100] Generating core module 'mul_8s_8ns_16_4_0': 40 instance(s).
INFO: [RTGEN 206-100] Generating core module 'mul_8s_8s_16_4_0': 24 instance(s).
INFO: [RTGEN 206-100] Finished creating RTL model for 'l1_neighbor_channel_false_26_true_s'.
INFO: [HLS 200-111] Finished Creating RTL model: CPU user time: 0.76 seconds. CPU system time: 0.07 seconds. Elapsed time: 0.95 seconds; current allocated memory: 3.728 GB.
INFO: [HLS 200-10] ----------------------------------------------------------------
INFO: [HLS 200-10] -- Generating RTL for module 'l1_neighbor_channel_false_27_true_s' 
INFO: [HLS 200-10] ----------------------------------------------------------------
INFO: [RTGEN 206-100] Generating core module 'add_18s_18s_18_2_0': 8 instance(s).
INFO: [RTGEN 206-100] Generating core module 'mul_8s_3ns_11_4_0': 8 instance(s).
INFO: [RTGEN 206-100] Generating core module 'mul_8s_4s_12_4_0': 8 instance(s).
INFO: [RTGEN 206-100] Generating core module 'mul_8s_5ns_13_4_0': 16 instance(s).
INFO: [RTGEN 206-100] Generating core module 'mul_8s_6ns_14_4_0': 8 instance(s).
INFO: [RTGEN 206-100] Generating core module 'mul_8s_7ns_15_4_0': 24 instance(s).
INFO: [RTGEN 206-100] Generating core module 'mul_8s_7s_15_4_0': 16 instance(s).
INFO: [RTGEN 206-100] Generating core module 'mul_8s_8ns_16_4_0': 16 instance(s).
INFO: [RTGEN 206-100] Generating core module 'mul_8s_8s_16_4_0': 16 instance(s).
INFO: [RTGEN 206-100] Finished creating RTL model for 'l1_neighbor_channel_false_27_true_s'.
INFO: [HLS 200-111] Finished Creating RTL model: CPU user time: 0.78 seconds. CPU system time: 0.07 seconds. Elapsed time: 0.99 seconds; current allocated memory: 3.728 GB.
INFO: [HLS 200-10] ----------------------------------------------------------------
INFO: [HLS 200-10] -- Generating RTL for module 'l1_neighbor_channel_false_28_true_s' 
INFO: [HLS 200-10] ----------------------------------------------------------------
INFO: [RTGEN 206-100] Generating core module 'add_18s_18s_18_2_0': 8 instance(s).
INFO: [RTGEN 206-100] Generating core module 'mul_8s_4ns_12_4_0': 8 instance(s).
INFO: [RTGEN 206-100] Generating core module 'mul_8s_5ns_13_4_0': 16 instance(s).
INFO: [RTGEN 206-100] Generating core module 'mul_8s_7ns_15_4_0': 16 instance(s).
INFO: [RTGEN 206-100] Generating core module 'mul_8s_7s_15_4_0': 8 instance(s).
INFO: [RTGEN 206-100] Generating core module 'mul_8s_8ns_16_4_0': 24 instance(s).
INFO: [RTGEN 206-100] Generating core module 'mul_8s_8s_16_4_0': 32 instance(s).
INFO: [RTGEN 206-100] Finished creating RTL model for 'l1_neighbor_channel_false_28_true_s'.
INFO: [HLS 200-111] Finished Creating RTL model: CPU user time: 0.76 seconds. CPU system time: 0.09 seconds. Elapsed time: 0.97 seconds; current allocated memory: 3.769 GB.
INFO: [HLS 200-10] ----------------------------------------------------------------
INFO: [HLS 200-10] -- Generating RTL for module 'l1_neighbor_channel_false_29_true_s' 
INFO: [HLS 200-10] ----------------------------------------------------------------
INFO: [RTGEN 206-100] Generating core module 'add_18s_18s_18_2_0': 8 instance(s).
INFO: [RTGEN 206-100] Generating core module 'mul_8s_4ns_12_4_0': 8 instance(s).
INFO: [RTGEN 206-100] Generating core module 'mul_8s_6ns_14_4_0': 8 instance(s).
INFO: [RTGEN 206-100] Generating core module 'mul_8s_6s_14_4_0': 8 instance(s).
INFO: [RTGEN 206-100] Generating core module 'mul_8s_7ns_15_4_0': 24 instance(s).
INFO: [RTGEN 206-100] Generating core module 'mul_8s_7s_15_4_0': 16 instance(s).
INFO: [RTGEN 206-100] Generating core module 'mul_8s_8ns_16_4_0': 16 instance(s).
INFO: [RTGEN 206-100] Generating core module 'mul_8s_8s_16_4_0': 32 instance(s).
INFO: [RTGEN 206-100] Finished creating RTL model for 'l1_neighbor_channel_false_29_true_s'.
INFO: [HLS 200-111] Finished Creating RTL model: CPU user time: 0.8 seconds. CPU system time: 0.06 seconds. Elapsed time: 1.03 seconds; current allocated memory: 3.790 GB.
INFO: [HLS 200-10] ----------------------------------------------------------------
INFO: [HLS 200-10] -- Generating RTL for module 'l1_neighbor_channel_false_30_true_s' 
INFO: [HLS 200-10] ----------------------------------------------------------------
INFO: [RTGEN 206-100] Generating core module 'add_18s_18s_18_2_0': 8 instance(s).
INFO: [RTGEN 206-100] Generating core module 'mul_8s_5ns_13_4_0': 8 instance(s).
INFO: [RTGEN 206-100] Generating core module 'mul_8s_6s_14_4_0': 32 instance(s).
INFO: [RTGEN 206-100] Generating core module 'mul_8s_7ns_15_4_0': 16 instance(s).
INFO: [RTGEN 206-100] Generating core module 'mul_8s_7s_15_4_0': 16 instance(s).
INFO: [RTGEN 206-100] Generating core module 'mul_8s_8ns_16_4_0': 16 instance(s).
INFO: [RTGEN 206-100] Generating core module 'mul_8s_8s_16_4_0': 16 instance(s).
INFO: [RTGEN 206-100] Finished creating RTL model for 'l1_neighbor_channel_false_30_true_s'.
INFO: [HLS 200-111] Finished Creating RTL model: CPU user time: 0.78 seconds. CPU system time: 0.09 seconds. Elapsed time: 0.98 seconds; current allocated memory: 3.791 GB.
INFO: [HLS 200-10] ----------------------------------------------------------------
INFO: [HLS 200-10] -- Generating RTL for module 'l1_neighbor_channel_false_31_true_s' 
INFO: [HLS 200-10] ----------------------------------------------------------------
INFO: [RTGEN 206-100] Generating core module 'add_18s_18s_18_2_0': 8 instance(s).
INFO: [RTGEN 206-100] Generating core module 'mul_8s_5ns_13_4_0': 8 instance(s).
INFO: [RTGEN 206-100] Generating core module 'mul_8s_5s_13_4_0': 8 instance(s).
INFO: [RTGEN 206-100] Generating core module 'mul_8s_7ns_15_4_0': 32 instance(s).
INFO: [RTGEN 206-100] Generating core module 'mul_8s_7s_15_4_0': 16 instance(s).
INFO: [RTGEN 206-100] Generating core module 'mul_8s_8ns_16_4_0': 16 instance(s).
INFO: [RTGEN 206-100] Generating core module 'mul_8s_8s_16_4_0': 24 instance(s).
INFO: [RTGEN 206-100] Finished creating RTL model for 'l1_neighbor_channel_false_31_true_s'.
INFO: [HLS 200-111] Finished Creating RTL model: CPU user time: 0.76 seconds. CPU system time: 0.07 seconds. Elapsed time: 0.99 seconds; current allocated memory: 3.791 GB.
INFO: [HLS 200-10] ----------------------------------------------------------------
INFO: [HLS 200-10] -- Generating RTL for module 'l2_root_channel_false_0_true_s' 
INFO: [HLS 200-10] ----------------------------------------------------------------
INFO: [RTGEN 206-104] Estimated max fanout for 'l2_root_channel_false_0_true_s' is 6752 from HDL expression: ((1'b0 == ap_block_pp0_stage0_11001) & (1'b1 == ap_ce_reg))
INFO: [RTGEN 206-100] Generating core module 'add_18s_18ns_18_2_0': 8 instance(s).
INFO: [RTGEN 206-100] Generating core module 'mul_7ns_4ns_10_4_0': 8 instance(s).
INFO: [RTGEN 206-100] Generating core module 'mul_7ns_5ns_11_4_0': 8 instance(s).
INFO: [RTGEN 206-100] Generating core module 'mul_7ns_5s_12_4_0': 40 instance(s).
INFO: [RTGEN 206-100] Generating core module 'mul_7ns_6ns_12_4_0': 24 instance(s).
INFO: [RTGEN 206-100] Generating core module 'mul_7ns_7ns_13_4_0': 56 instance(s).
INFO: [RTGEN 206-100] Generating core module 'mul_7ns_7s_14_4_0': 8 instance(s).
INFO: [RTGEN 206-100] Generating core module 'mul_7ns_8ns_14_4_0': 8 instance(s).
INFO: [RTGEN 206-100] Generating core module 'mul_7ns_8s_15_4_0': 64 instance(s).
INFO: [RTGEN 206-100] Finished creating RTL model for 'l2_root_channel_false_0_true_s'.
INFO: [HLS 200-111] Finished Creating RTL model: CPU user time: 1.24 seconds. CPU system time: 0.1 seconds. Elapsed time: 1.54 seconds; current allocated memory: 3.791 GB.
INFO: [HLS 200-10] ----------------------------------------------------------------
INFO: [HLS 200-10] -- Generating RTL for module 'l2_root_channel_false_1_true_s' 
INFO: [HLS 200-10] ----------------------------------------------------------------
INFO: [RTGEN 206-104] Estimated max fanout for 'l2_root_channel_false_1_true_s' is 7376 from HDL expression: ((1'b0 == ap_block_pp0_stage0_11001) & (1'b1 == ap_ce_reg))
INFO: [RTGEN 206-100] Generating core module 'add_18s_18ns_18_2_0': 8 instance(s).
INFO: [RTGEN 206-100] Generating core module 'mul_7ns_5s_12_4_0': 8 instance(s).
INFO: [RTGEN 206-100] Generating core module 'mul_7ns_6ns_12_4_0': 16 instance(s).
INFO: [RTGEN 206-100] Generating core module 'mul_7ns_6s_13_4_0': 8 instance(s).
INFO: [RTGEN 206-100] Generating core module 'mul_7ns_7ns_13_4_0': 32 instance(s).
INFO: [RTGEN 206-100] Generating core module 'mul_7ns_7s_14_4_0': 32 instance(s).
INFO: [RTGEN 206-100] Generating core module 'mul_7ns_8ns_14_4_0': 40 instance(s).
INFO: [RTGEN 206-100] Generating core module 'mul_7ns_8s_15_4_0': 72 instance(s).
INFO: [RTGEN 206-100] Finished creating RTL model for 'l2_root_channel_false_1_true_s'.
INFO: [HLS 200-111] Finished Creating RTL model: CPU user time: 1.51 seconds. CPU system time: 0.12 seconds. Elapsed time: 1.82 seconds; current allocated memory: 3.853 GB.
INFO: [HLS 200-10] ----------------------------------------------------------------
INFO: [HLS 200-10] -- Generating RTL for module 'l2_root_channel_false_2_true_s' 
INFO: [HLS 200-10] ----------------------------------------------------------------
INFO: [RTGEN 206-104] Estimated max fanout for 'l2_root_channel_false_2_true_s' is 7168 from HDL expression: ((1'b0 == ap_block_pp0_stage0_11001) & (1'b1 == ap_ce_reg))
INFO: [RTGEN 206-100] Generating core module 'add_18ns_18s_18_2_0': 8 instance(s).
INFO: [RTGEN 206-100] Generating core module 'mul_7ns_2s_9_4_0': 8 instance(s).
INFO: [RTGEN 206-100] Generating core module 'mul_7ns_6ns_12_4_0': 8 instance(s).
INFO: [RTGEN 206-100] Generating core module 'mul_7ns_7ns_13_4_0': 88 instance(s).
INFO: [RTGEN 206-100] Generating core module 'mul_7ns_7s_14_4_0': 24 instance(s).
INFO: [RTGEN 206-100] Generating core module 'mul_7ns_8ns_14_4_0': 8 instance(s).
INFO: [RTGEN 206-100] Generating core module 'mul_7ns_8s_15_4_0': 72 instance(s).
INFO: [RTGEN 206-100] Finished creating RTL model for 'l2_root_channel_false_2_true_s'.
INFO: [HLS 200-111] Finished Creating RTL model: CPU user time: 1.51 seconds. CPU system time: 0.13 seconds. Elapsed time: 1.83 seconds; current allocated memory: 3.916 GB.
INFO: [HLS 200-10] ----------------------------------------------------------------
INFO: [HLS 200-10] -- Generating RTL for module 'l2_root_channel_false_3_true_s' 
INFO: [HLS 200-10] ----------------------------------------------------------------
INFO: [RTGEN 206-104] Estimated max fanout for 'l2_root_channel_false_3_true_s' is 7192 from HDL expression: ((1'b0 == ap_block_pp0_stage0_11001) & (1'b1 == ap_ce_reg))
INFO: [RTGEN 206-100] Generating core module 'add_18s_18s_18_2_0': 8 instance(s).
INFO: [RTGEN 206-100] Generating core module 'mul_7ns_5ns_11_4_0': 8 instance(s).
INFO: [RTGEN 206-100] Generating core module 'mul_7ns_5s_12_4_0': 8 instance(s).
INFO: [RTGEN 206-100] Generating core module 'mul_7ns_6s_13_4_0': 8 instance(s).
INFO: [RTGEN 206-100] Generating core module 'mul_7ns_7ns_13_4_0': 40 instance(s).
INFO: [RTGEN 206-100] Generating core module 'mul_7ns_7s_14_4_0': 48 instance(s).
INFO: [RTGEN 206-100] Generating core module 'mul_7ns_8ns_14_4_0': 48 instance(s).
INFO: [RTGEN 206-100] Generating core module 'mul_7ns_8s_15_4_0': 56 instance(s).
INFO: [RTGEN 206-100] Finished creating RTL model for 'l2_root_channel_false_3_true_s'.
INFO: [HLS 200-111] Finished Creating RTL model: CPU user time: 1.51 seconds. CPU system time: 0.13 seconds. Elapsed time: 1.8 seconds; current allocated memory: 3.916 GB.
INFO: [HLS 200-10] ----------------------------------------------------------------
INFO: [HLS 200-10] -- Generating RTL for module 'l2_root_channel_false_4_true_s' 
INFO: [HLS 200-10] ----------------------------------------------------------------
INFO: [RTGEN 206-104] Estimated max fanout for 'l2_root_channel_false_4_true_s' is 6896 from HDL expression: ((1'b0 == ap_block_pp0_stage0_11001) & (1'b1 == ap_ce_reg))
INFO: [RTGEN 206-100] Generating core module 'add_18s_18ns_18_2_0': 8 instance(s).
INFO: [RTGEN 206-100] Generating core module 'mul_7ns_5s_12_4_0': 16 instance(s).
INFO: [RTGEN 206-100] Generating core module 'mul_7ns_6ns_12_4_0': 24 instance(s).
INFO: [RTGEN 206-100] Generating core module 'mul_7ns_6s_13_4_0': 8 instance(s).
INFO: [RTGEN 206-100] Generating core module 'mul_7ns_7ns_13_4_0': 56 instance(s).
INFO: [RTGEN 206-100] Generating core module 'mul_7ns_7s_14_4_0': 16 instance(s).
INFO: [RTGEN 206-100] Generating core module 'mul_7ns_8ns_14_4_0': 24 instance(s).
INFO: [RTGEN 206-100] Generating core module 'mul_7ns_8s_15_4_0': 64 instance(s).
INFO: [RTGEN 206-100] Finished creating RTL model for 'l2_root_channel_false_4_true_s'.
INFO: [HLS 200-111] Finished Creating RTL model: CPU user time: 1.51 seconds. CPU system time: 0.15 seconds. Elapsed time: 1.89 seconds; current allocated memory: 3.916 GB.
INFO: [HLS 200-10] ----------------------------------------------------------------
INFO: [HLS 200-10] -- Generating RTL for module 'l2_root_channel_false_5_true_s' 
INFO: [HLS 200-10] ----------------------------------------------------------------
INFO: [RTGEN 206-104] Estimated max fanout for 'l2_root_channel_false_5_true_s' is 6784 from HDL expression: ((1'b0 == ap_block_pp0_stage0_11001) & (1'b1 == ap_ce_reg))
INFO: [RTGEN 206-100] Generating core module 'add_18ns_18ns_18_2_0': 8 instance(s).
INFO: [RTGEN 206-100] Generating core module 'mul_7ns_3ns_9_4_0': 8 instance(s).
INFO: [RTGEN 206-100] Generating core module 'mul_7ns_4ns_10_4_0': 8 instance(s).
INFO: [RTGEN 206-100] Generating core module 'mul_7ns_4s_11_4_0': 8 instance(s).
INFO: [RTGEN 206-100] Generating core module 'mul_7ns_6s_13_4_0': 16 instance(s).
INFO: [RTGEN 206-100] Generating core module 'mul_7ns_7ns_13_4_0': 48 instance(s).
INFO: [RTGEN 206-100] Generating core module 'mul_7ns_7s_14_4_0': 16 instance(s).
INFO: [RTGEN 206-100] Generating core module 'mul_7ns_8ns_14_4_0': 56 instance(s).
INFO: [RTGEN 206-100] Generating core module 'mul_7ns_8s_15_4_0': 40 instance(s).
INFO: [RTGEN 206-100] Finished creating RTL model for 'l2_root_channel_false_5_true_s'.
INFO: [HLS 200-111] Finished Creating RTL model: CPU user time: 1.56 seconds. CPU system time: 0.15 seconds. Elapsed time: 1.91 seconds; current allocated memory: 3.978 GB.
INFO: [HLS 200-10] ----------------------------------------------------------------
INFO: [HLS 200-10] -- Generating RTL for module 'l2_root_channel_false_6_true_s' 
INFO: [HLS 200-10] ----------------------------------------------------------------
INFO: [RTGEN 206-104] Estimated max fanout for 'l2_root_channel_false_6_true_s' is 6560 from HDL expression: ((1'b0 == ap_block_pp0_stage0_11001) & (1'b1 == ap_ce_reg))
INFO: [RTGEN 206-100] Generating core module 'add_18s_18ns_18_2_0': 8 instance(s).
INFO: [RTGEN 206-100] Generating core module 'mul_7ns_4s_11_4_0': 8 instance(s).
INFO: [RTGEN 206-100] Generating core module 'mul_7ns_6ns_12_4_0': 8 instance(s).
INFO: [RTGEN 206-100] Generating core module 'mul_7ns_6s_13_4_0': 16 instance(s).
INFO: [RTGEN 206-100] Generating core module 'mul_7ns_7ns_13_4_0': 56 instance(s).
INFO: [RTGEN 206-100] Generating core module 'mul_7ns_7s_14_4_0': 32 instance(s).
INFO: [RTGEN 206-100] Generating core module 'mul_7ns_8ns_14_4_0': 40 instance(s).
INFO: [RTGEN 206-100] Generating core module 'mul_7ns_8s_15_4_0': 48 instance(s).
INFO: [RTGEN 206-100] Finished creating RTL model for 'l2_root_channel_false_6_true_s'.
INFO: [HLS 200-111] Finished Creating RTL model: CPU user time: 1.49 seconds. CPU system time: 0.12 seconds. Elapsed time: 1.82 seconds; current allocated memory: 4.041 GB.
INFO: [HLS 200-10] ----------------------------------------------------------------
INFO: [HLS 200-10] -- Generating RTL for module 'l2_neighbor_channel_false_0_true_s' 
INFO: [HLS 200-10] ----------------------------------------------------------------
INFO: [RTGEN 206-104] Estimated max fanout for 'l2_neighbor_channel_false_0_true_s' is 7096 from HDL expression: ((1'b0 == ap_block_pp0_stage0_11001) & (1'b1 == ap_ce_reg))
INFO: [RTGEN 206-100] Generating core module 'add_18ns_18ns_18_2_0': 8 instance(s).
INFO: [RTGEN 206-100] Generating core module 'mul_7ns_2s_9_4_0': 8 instance(s).
INFO: [RTGEN 206-100] Generating core module 'mul_7ns_5ns_11_4_0': 8 instance(s).
INFO: [RTGEN 206-100] Generating core module 'mul_7ns_6ns_12_4_0': 24 instance(s).
INFO: [RTGEN 206-100] Generating core module 'mul_7ns_6s_13_4_0': 8 instance(s).
INFO: [RTGEN 206-100] Generating core module 'mul_7ns_7ns_13_4_0': 48 instance(s).
INFO: [RTGEN 206-100] Generating core module 'mul_7ns_7s_14_4_0': 24 instance(s).
INFO: [RTGEN 206-100] Generating core module 'mul_7ns_8ns_14_4_0': 64 instance(s).
INFO: [RTGEN 206-100] Generating core module 'mul_7ns_8s_15_4_0': 40 instance(s).
INFO: [RTGEN 206-100] Finished creating RTL model for 'l2_neighbor_channel_false_0_true_s'.
INFO: [HLS 200-111] Finished Creating RTL model: CPU user time: 1.58 seconds. CPU system time: 0.13 seconds. Elapsed time: 1.98 seconds; current allocated memory: 4.041 GB.
INFO: [HLS 200-10] ----------------------------------------------------------------
INFO: [HLS 200-10] -- Generating RTL for module 'l2_neighbor_channel_false_1_true_s' 
INFO: [HLS 200-10] ----------------------------------------------------------------
INFO: [RTGEN 206-104] Estimated max fanout for 'l2_neighbor_channel_false_1_true_s' is 6728 from HDL expression: ((1'b0 == ap_block_pp0_stage0_11001) & (1'b1 == ap_ce_reg))
INFO: [RTGEN 206-100] Generating core module 'add_18ns_18ns_18_2_0': 8 instance(s).
INFO: [RTGEN 206-100] Generating core module 'mul_7ns_3ns_9_4_0': 8 instance(s).
INFO: [RTGEN 206-100] Generating core module 'mul_7ns_4s_11_4_0': 8 instance(s).
INFO: [RTGEN 206-100] Generating core module 'mul_7ns_5ns_11_4_0': 8 instance(s).
INFO: [RTGEN 206-100] Generating core module 'mul_7ns_5s_12_4_0': 8 instance(s).
INFO: [RTGEN 206-100] Generating core module 'mul_7ns_6s_13_4_0': 8 instance(s).
INFO: [RTGEN 206-100] Generating core module 'mul_7ns_7ns_13_4_0': 16 instance(s).
INFO: [RTGEN 206-100] Generating core module 'mul_7ns_7s_14_4_0': 32 instance(s).
INFO: [RTGEN 206-100] Generating core module 'mul_7ns_8ns_14_4_0': 64 instance(s).
INFO: [RTGEN 206-100] Generating core module 'mul_7ns_8s_15_4_0': 64 instance(s).
INFO: [RTGEN 206-100] Finished creating RTL model for 'l2_neighbor_channel_false_1_true_s'.
INFO: [HLS 200-111] Finished Creating RTL model: CPU user time: 1.58 seconds. CPU system time: 0.13 seconds. Elapsed time: 1.91 seconds; current allocated memory: 4.151 GB.
INFO: [HLS 200-10] ----------------------------------------------------------------
INFO: [HLS 200-10] -- Generating RTL for module 'l2_neighbor_channel_false_2_true_s' 
INFO: [HLS 200-10] ----------------------------------------------------------------
INFO: [RTGEN 206-104] Estimated max fanout for 'l2_neighbor_channel_false_2_true_s' is 6776 from HDL expression: ((1'b0 == ap_block_pp0_stage0_11001) & (1'b1 == ap_ce_reg))
INFO: [RTGEN 206-100] Generating core module 'add_18ns_18ns_18_2_0': 8 instance(s).
INFO: [RTGEN 206-100] Generating core module 'mul_7ns_6ns_12_4_0': 8 instance(s).
INFO: [RTGEN 206-100] Generating core module 'mul_7ns_7ns_13_4_0': 48 instance(s).
INFO: [RTGEN 206-100] Generating core module 'mul_7ns_8ns_14_4_0': 56 instance(s).
INFO: [RTGEN 206-100] Generating core module 'mul_7ns_8s_15_4_0': 96 instance(s).
INFO: [RTGEN 206-100] Finished creating RTL model for 'l2_neighbor_channel_false_2_true_s'.
INFO: [HLS 200-111] Finished Creating RTL model: CPU user time: 1.52 seconds. CPU system time: 0.11 seconds. Elapsed time: 1.8 seconds; current allocated memory: 4.166 GB.
INFO: [HLS 200-10] ----------------------------------------------------------------
INFO: [HLS 200-10] -- Generating RTL for module 'l2_neighbor_channel_false_3_true_s' 
INFO: [HLS 200-10] ----------------------------------------------------------------
INFO: [RTGEN 206-104] Estimated max fanout for 'l2_neighbor_channel_false_3_true_s' is 6928 from HDL expression: ((1'b0 == ap_block_pp0_stage0_11001) & (1'b1 == ap_ce_reg))
INFO: [RTGEN 206-100] Generating core module 'add_19s_19s_19_2_0': 8 instance(s).
INFO: [RTGEN 206-100] Generating core module 'mul_7ns_4s_11_4_0': 8 instance(s).
INFO: [RTGEN 206-100] Generating core module 'mul_7ns_6ns_12_4_0': 8 instance(s).
INFO: [RTGEN 206-100] Generating core module 'mul_7ns_6s_13_4_0': 24 instance(s).
INFO: [RTGEN 206-100] Generating core module 'mul_7ns_7ns_13_4_0': 8 instance(s).
INFO: [RTGEN 206-100] Generating core module 'mul_7ns_7s_14_4_0': 24 instance(s).
INFO: [RTGEN 206-100] Generating core module 'mul_7ns_8ns_14_4_0': 72 instance(s).
INFO: [RTGEN 206-100] Generating core module 'mul_7ns_8s_15_4_0': 72 instance(s).
INFO: [RTGEN 206-100] Finished creating RTL model for 'l2_neighbor_channel_false_3_true_s'.
INFO: [HLS 200-111] Finished Creating RTL model: CPU user time: 1.57 seconds. CPU system time: 0.13 seconds. Elapsed time: 1.93 seconds; current allocated memory: 4.166 GB.
INFO: [HLS 200-10] ----------------------------------------------------------------
INFO: [HLS 200-10] -- Generating RTL for module 'l2_neighbor_channel_false_4_true_s' 
INFO: [HLS 200-10] ----------------------------------------------------------------
INFO: [RTGEN 206-104] Estimated max fanout for 'l2_neighbor_channel_false_4_true_s' is 7448 from HDL expression: ((1'b0 == ap_block_pp0_stage0_11001) & (1'b1 == ap_ce_reg))
INFO: [RTGEN 206-100] Generating core module 'add_19s_19s_19_2_0': 8 instance(s).
INFO: [RTGEN 206-100] Generating core module 'mul_7ns_4ns_10_4_0': 8 instance(s).
INFO: [RTGEN 206-100] Generating core module 'mul_7ns_6ns_12_4_0': 8 instance(s).
INFO: [RTGEN 206-100] Generating core module 'mul_7ns_7ns_13_4_0': 24 instance(s).
INFO: [RTGEN 206-100] Generating core module 'mul_7ns_7s_14_4_0': 40 instance(s).
INFO: [RTGEN 206-100] Generating core module 'mul_7ns_8ns_14_4_0': 48 instance(s).
INFO: [RTGEN 206-100] Generating core module 'mul_7ns_8s_15_4_0': 80 instance(s).
INFO: [RTGEN 206-100] Finished creating RTL model for 'l2_neighbor_channel_false_4_true_s'.
INFO: [HLS 200-111] Finished Creating RTL model: CPU user time: 1.63 seconds. CPU system time: 0.14 seconds. Elapsed time: 1.96 seconds; current allocated memory: 4.166 GB.
INFO: [HLS 200-10] ----------------------------------------------------------------
INFO: [HLS 200-10] -- Generating RTL for module 'l2_neighbor_channel_false_5_true_s' 
INFO: [HLS 200-10] ----------------------------------------------------------------
INFO: [RTGEN 206-104] Estimated max fanout for 'l2_neighbor_channel_false_5_true_s' is 7112 from HDL expression: ((1'b0 == ap_block_pp0_stage0_11001) & (1'b1 == ap_ce_reg))
INFO: [RTGEN 206-100] Generating core module 'add_18ns_18s_18_2_0': 8 instance(s).
INFO: [RTGEN 206-100] Generating core module 'mul_7ns_4ns_10_4_0': 8 instance(s).
INFO: [RTGEN 206-100] Generating core module 'mul_7ns_5s_12_4_0': 8 instance(s).
INFO: [RTGEN 206-100] Generating core module 'mul_7ns_6ns_12_4_0': 16 instance(s).
INFO: [RTGEN 206-100] Generating core module 'mul_7ns_6s_13_4_0': 8 instance(s).
INFO: [RTGEN 206-100] Generating core module 'mul_7ns_7ns_13_4_0': 24 instance(s).
INFO: [RTGEN 206-100] Generating core module 'mul_7ns_7s_14_4_0': 24 instance(s).
INFO: [RTGEN 206-100] Generating core module 'mul_7ns_8ns_14_4_0': 48 instance(s).
INFO: [RTGEN 206-100] Generating core module 'mul_7ns_8s_15_4_0': 72 instance(s).
INFO: [RTGEN 206-100] Finished creating RTL model for 'l2_neighbor_channel_false_5_true_s'.
INFO: [HLS 200-111] Finished Creating RTL model: CPU user time: 1.61 seconds. CPU system time: 0.13 seconds. Elapsed time: 1.93 seconds; current allocated memory: 4.228 GB.
INFO: [HLS 200-10] ----------------------------------------------------------------
INFO: [HLS 200-10] -- Generating RTL for module 'l2_neighbor_channel_false_6_true_s' 
INFO: [HLS 200-10] ----------------------------------------------------------------
INFO: [RTGEN 206-104] Estimated max fanout for 'l2_neighbor_channel_false_6_true_s' is 7520 from HDL expression: ((1'b0 == ap_block_pp0_stage0_11001) & (1'b1 == ap_ce_reg))
INFO: [RTGEN 206-100] Generating core module 'add_18s_18ns_18_2_0': 8 instance(s).
INFO: [RTGEN 206-100] Generating core module 'mul_7ns_4ns_10_4_0': 8 instance(s).
INFO: [RTGEN 206-100] Generating core module 'mul_7ns_6ns_12_4_0': 8 instance(s).
INFO: [RTGEN 206-100] Generating core module 'mul_7ns_6s_13_4_0': 8 instance(s).
INFO: [RTGEN 206-100] Generating core module 'mul_7ns_7ns_13_4_0': 16 instance(s).
INFO: [RTGEN 206-100] Generating core module 'mul_7ns_7s_14_4_0': 48 instance(s).
INFO: [RTGEN 206-100] Generating core module 'mul_7ns_8ns_14_4_0': 64 instance(s).
INFO: [RTGEN 206-100] Generating core module 'mul_7ns_8s_15_4_0': 56 instance(s).
INFO: [RTGEN 206-100] Finished creating RTL model for 'l2_neighbor_channel_false_6_true_s'.
INFO: [HLS 200-111] Finished Creating RTL model: CPU user time: 1.64 seconds. CPU system time: 0.14 seconds. Elapsed time: 1.95 seconds; current allocated memory: 4.291 GB.
INFO: [HLS 200-10] ----------------------------------------------------------------
INFO: [HLS 200-10] -- Generating RTL for module 'graphsage_po2_qat_partitioned' 
INFO: [HLS 200-10] ----------------------------------------------------------------
INFO: [RTGEN 206-500] Setting interface mode on port 'graphsage_po2_qat_partitioned/input_0_0' to 'ap_none' (register).
INFO: [RTGEN 206-500] Setting interface mode on port 'graphsage_po2_qat_partitioned/input_0_1' to 'ap_none' (register).
INFO: [RTGEN 206-500] Setting interface mode on port 'graphsage_po2_qat_partitioned/input_0_2' to 'ap_none' (register).
INFO: [RTGEN 206-500] Setting interface mode on port 'graphsage_po2_qat_partitioned/input_0_3' to 'ap_none' (register).
INFO: [RTGEN 206-500] Setting interface mode on port 'graphsage_po2_qat_partitioned/input_0_4' to 'ap_none' (register).
INFO: [RTGEN 206-500] Setting interface mode on port 'graphsage_po2_qat_partitioned/input_0_5' to 'ap_none' (register).
INFO: [RTGEN 206-500] Setting interface mode on port 'graphsage_po2_qat_partitioned/input_0_6' to 'ap_none' (register).
INFO: [RTGEN 206-500] Setting interface mode on port 'graphsage_po2_qat_partitioned/input_0_7' to 'ap_none' (register).
INFO: [RTGEN 206-500] Setting interface mode on port 'graphsage_po2_qat_partitioned/input_0_8' to 'ap_none' (register).
INFO: [RTGEN 206-500] Setting interface mode on port 'graphsage_po2_qat_partitioned/input_0_9' to 'ap_none' (register).
INFO: [RTGEN 206-500] Setting interface mode on port 'graphsage_po2_qat_partitioned/input_0_10' to 'ap_none' (register).
INFO: [RTGEN 206-500] Setting interface mode on port 'graphsage_po2_qat_partitioned/input_0_11' to 'ap_none' (register).
INFO: [RTGEN 206-500] Setting interface mode on port 'graphsage_po2_qat_partitioned/input_0_12' to 'ap_none' (register).
INFO: [RTGEN 206-500] Setting interface mode on port 'graphsage_po2_qat_partitioned/input_0_13' to 'ap_none' (register).
INFO: [RTGEN 206-500] Setting interface mode on port 'graphsage_po2_qat_partitioned/input_0_14' to 'ap_none' (register).
INFO: [RTGEN 206-500] Setting interface mode on port 'graphsage_po2_qat_partitioned/input_0_15' to 'ap_none' (register).
INFO: [RTGEN 206-500] Setting interface mode on port 'graphsage_po2_qat_partitioned/input_1_0' to 'ap_none' (register).
INFO: [RTGEN 206-500] Setting interface mode on port 'graphsage_po2_qat_partitioned/input_1_1' to 'ap_none' (register).
INFO: [RTGEN 206-500] Setting interface mode on port 'graphsage_po2_qat_partitioned/input_1_2' to 'ap_none' (register).
INFO: [RTGEN 206-500] Setting interface mode on port 'graphsage_po2_qat_partitioned/input_1_3' to 'ap_none' (register).
INFO: [RTGEN 206-500] Setting interface mode on port 'graphsage_po2_qat_partitioned/input_1_4' to 'ap_none' (register).
INFO: [RTGEN 206-500] Setting interface mode on port 'graphsage_po2_qat_partitioned/input_1_5' to 'ap_none' (register).
INFO: [RTGEN 206-500] Setting interface mode on port 'graphsage_po2_qat_partitioned/input_1_6' to 'ap_none' (register).
INFO: [RTGEN 206-500] Setting interface mode on port 'graphsage_po2_qat_partitioned/input_1_7' to 'ap_none' (register).
INFO: [RTGEN 206-500] Setting interface mode on port 'graphsage_po2_qat_partitioned/input_1_8' to 'ap_none' (register).
INFO: [RTGEN 206-500] Setting interface mode on port 'graphsage_po2_qat_partitioned/input_1_9' to 'ap_none' (register).
INFO: [RTGEN 206-500] Setting interface mode on port 'graphsage_po2_qat_partitioned/input_1_10' to 'ap_none' (register).
INFO: [RTGEN 206-500] Setting interface mode on port 'graphsage_po2_qat_partitioned/input_1_11' to 'ap_none' (register).
INFO: [RTGEN 206-500] Setting interface mode on port 'graphsage_po2_qat_partitioned/input_1_12' to 'ap_none' (register).
INFO: [RTGEN 206-500] Setting interface mode on port 'graphsage_po2_qat_partitioned/input_1_13' to 'ap_none' (register).
INFO: [RTGEN 206-500] Setting interface mode on port 'graphsage_po2_qat_partitioned/input_1_14' to 'ap_none' (register).
INFO: [RTGEN 206-500] Setting interface mode on port 'graphsage_po2_qat_partitioned/input_1_15' to 'ap_none' (register).
INFO: [RTGEN 206-500] Setting interface mode on port 'graphsage_po2_qat_partitioned/input_2_0' to 'ap_none' (register).
INFO: [RTGEN 206-500] Setting interface mode on port 'graphsage_po2_qat_partitioned/input_2_1' to 'ap_none' (register).
INFO: [RTGEN 206-500] Setting interface mode on port 'graphsage_po2_qat_partitioned/input_2_2' to 'ap_none' (register).
INFO: [RTGEN 206-500] Setting interface mode on port 'graphsage_po2_qat_partitioned/input_2_3' to 'ap_none' (register).
INFO: [RTGEN 206-500] Setting interface mode on port 'graphsage_po2_qat_partitioned/input_2_4' to 'ap_none' (register).
INFO: [RTGEN 206-500] Setting interface mode on port 'graphsage_po2_qat_partitioned/input_2_5' to 'ap_none' (register).
INFO: [RTGEN 206-500] Setting interface mode on port 'graphsage_po2_qat_partitioned/input_2_6' to 'ap_none' (register).
INFO: [RTGEN 206-500] Setting interface mode on port 'graphsage_po2_qat_partitioned/input_2_7' to 'ap_none' (register).
INFO: [RTGEN 206-500] Setting interface mode on port 'graphsage_po2_qat_partitioned/input_2_8' to 'ap_none' (register).
INFO: [RTGEN 206-500] Setting interface mode on port 'graphsage_po2_qat_partitioned/input_2_9' to 'ap_none' (register).
INFO: [RTGEN 206-500] Setting interface mode on port 'graphsage_po2_qat_partitioned/input_2_10' to 'ap_none' (register).
INFO: [RTGEN 206-500] Setting interface mode on port 'graphsage_po2_qat_partitioned/input_2_11' to 'ap_none' (register).
INFO: [RTGEN 206-500] Setting interface mode on port 'graphsage_po2_qat_partitioned/input_2_12' to 'ap_none' (register).
INFO: [RTGEN 206-500] Setting interface mode on port 'graphsage_po2_qat_partitioned/input_2_13' to 'ap_none' (register).
INFO: [RTGEN 206-500] Setting interface mode on port 'graphsage_po2_qat_partitioned/input_2_14' to 'ap_none' (register).
INFO: [RTGEN 206-500] Setting interface mode on port 'graphsage_po2_qat_partitioned/input_2_15' to 'ap_none' (register).
INFO: [RTGEN 206-500] Setting interface mode on port 'graphsage_po2_qat_partitioned/input_3_0' to 'ap_none' (register).
INFO: [RTGEN 206-500] Setting interface mode on port 'graphsage_po2_qat_partitioned/input_3_1' to 'ap_none' (register).
INFO: [RTGEN 206-500] Setting interface mode on port 'graphsage_po2_qat_partitioned/input_3_2' to 'ap_none' (register).
INFO: [RTGEN 206-500] Setting interface mode on port 'graphsage_po2_qat_partitioned/input_3_3' to 'ap_none' (register).
INFO: [RTGEN 206-500] Setting interface mode on port 'graphsage_po2_qat_partitioned/input_3_4' to 'ap_none' (register).
INFO: [RTGEN 206-500] Setting interface mode on port 'graphsage_po2_qat_partitioned/input_3_5' to 'ap_none' (register).
INFO: [RTGEN 206-500] Setting interface mode on port 'graphsage_po2_qat_partitioned/input_3_6' to 'ap_none' (register).
INFO: [RTGEN 206-500] Setting interface mode on port 'graphsage_po2_qat_partitioned/input_3_7' to 'ap_none' (register).
INFO: [RTGEN 206-500] Setting interface mode on port 'graphsage_po2_qat_partitioned/input_3_8' to 'ap_none' (register).
INFO: [RTGEN 206-500] Setting interface mode on port 'graphsage_po2_qat_partitioned/input_3_9' to 'ap_none' (register).
INFO: [RTGEN 206-500] Setting interface mode on port 'graphsage_po2_qat_partitioned/input_3_10' to 'ap_none' (register).
INFO: [RTGEN 206-500] Setting interface mode on port 'graphsage_po2_qat_partitioned/input_3_11' to 'ap_none' (register).
INFO: [RTGEN 206-500] Setting interface mode on port 'graphsage_po2_qat_partitioned/input_3_12' to 'ap_none' (register).
INFO: [RTGEN 206-500] Setting interface mode on port 'graphsage_po2_qat_partitioned/input_3_13' to 'ap_none' (register).
INFO: [RTGEN 206-500] Setting interface mode on port 'graphsage_po2_qat_partitioned/input_3_14' to 'ap_none' (register).
INFO: [RTGEN 206-500] Setting interface mode on port 'graphsage_po2_qat_partitioned/input_3_15' to 'ap_none' (register).
INFO: [RTGEN 206-500] Setting interface mode on port 'graphsage_po2_qat_partitioned/input_4_0' to 'ap_none' (register).
INFO: [RTGEN 206-500] Setting interface mode on port 'graphsage_po2_qat_partitioned/input_4_1' to 'ap_none' (register).
INFO: [RTGEN 206-500] Setting interface mode on port 'graphsage_po2_qat_partitioned/input_4_2' to 'ap_none' (register).
INFO: [RTGEN 206-500] Setting interface mode on port 'graphsage_po2_qat_partitioned/input_4_3' to 'ap_none' (register).
INFO: [RTGEN 206-500] Setting interface mode on port 'graphsage_po2_qat_partitioned/input_4_4' to 'ap_none' (register).
INFO: [RTGEN 206-500] Setting interface mode on port 'graphsage_po2_qat_partitioned/input_4_5' to 'ap_none' (register).
INFO: [RTGEN 206-500] Setting interface mode on port 'graphsage_po2_qat_partitioned/input_4_6' to 'ap_none' (register).
INFO: [RTGEN 206-500] Setting interface mode on port 'graphsage_po2_qat_partitioned/input_4_7' to 'ap_none' (register).
INFO: [RTGEN 206-500] Setting interface mode on port 'graphsage_po2_qat_partitioned/input_4_8' to 'ap_none' (register).
INFO: [RTGEN 206-500] Setting interface mode on port 'graphsage_po2_qat_partitioned/input_4_9' to 'ap_none' (register).
INFO: [RTGEN 206-500] Setting interface mode on port 'graphsage_po2_qat_partitioned/input_4_10' to 'ap_none' (register).
INFO: [RTGEN 206-500] Setting interface mode on port 'graphsage_po2_qat_partitioned/input_4_11' to 'ap_none' (register).
INFO: [RTGEN 206-500] Setting interface mode on port 'graphsage_po2_qat_partitioned/input_4_12' to 'ap_none' (register).
INFO: [RTGEN 206-500] Setting interface mode on port 'graphsage_po2_qat_partitioned/input_4_13' to 'ap_none' (register).
INFO: [RTGEN 206-500] Setting interface mode on port 'graphsage_po2_qat_partitioned/input_4_14' to 'ap_none' (register).
INFO: [RTGEN 206-500] Setting interface mode on port 'graphsage_po2_qat_partitioned/input_4_15' to 'ap_none' (register).
INFO: [RTGEN 206-500] Setting interface mode on port 'graphsage_po2_qat_partitioned/input_5_0' to 'ap_none' (register).
INFO: [RTGEN 206-500] Setting interface mode on port 'graphsage_po2_qat_partitioned/input_5_1' to 'ap_none' (register).
INFO: [RTGEN 206-500] Setting interface mode on port 'graphsage_po2_qat_partitioned/input_5_2' to 'ap_none' (register).
INFO: [RTGEN 206-500] Setting interface mode on port 'graphsage_po2_qat_partitioned/input_5_3' to 'ap_none' (register).
INFO: [RTGEN 206-500] Setting interface mode on port 'graphsage_po2_qat_partitioned/input_5_4' to 'ap_none' (register).
INFO: [RTGEN 206-500] Setting interface mode on port 'graphsage_po2_qat_partitioned/input_5_5' to 'ap_none' (register).
INFO: [RTGEN 206-500] Setting interface mode on port 'graphsage_po2_qat_partitioned/input_5_6' to 'ap_none' (register).
INFO: [RTGEN 206-500] Setting interface mode on port 'graphsage_po2_qat_partitioned/input_5_7' to 'ap_none' (register).
INFO: [RTGEN 206-500] Setting interface mode on port 'graphsage_po2_qat_partitioned/input_5_8' to 'ap_none' (register).
INFO: [RTGEN 206-500] Setting interface mode on port 'graphsage_po2_qat_partitioned/input_5_9' to 'ap_none' (register).
INFO: [RTGEN 206-500] Setting interface mode on port 'graphsage_po2_qat_partitioned/input_5_10' to 'ap_none' (register).
INFO: [RTGEN 206-500] Setting interface mode on port 'graphsage_po2_qat_partitioned/input_5_11' to 'ap_none' (register).
INFO: [RTGEN 206-500] Setting interface mode on port 'graphsage_po2_qat_partitioned/input_5_12' to 'ap_none' (register).
INFO: [RTGEN 206-500] Setting interface mode on port 'graphsage_po2_qat_partitioned/input_5_13' to 'ap_none' (register).
INFO: [RTGEN 206-500] Setting interface mode on port 'graphsage_po2_qat_partitioned/input_5_14' to 'ap_none' (register).
INFO: [RTGEN 206-500] Setting interface mode on port 'graphsage_po2_qat_partitioned/input_5_15' to 'ap_none' (register).
INFO: [RTGEN 206-500] Setting interface mode on port 'graphsage_po2_qat_partitioned/input_6_0' to 'ap_none' (register).
INFO: [RTGEN 206-500] Setting interface mode on port 'graphsage_po2_qat_partitioned/input_6_1' to 'ap_none' (register).
INFO: [RTGEN 206-500] Setting interface mode on port 'graphsage_po2_qat_partitioned/input_6_2' to 'ap_none' (register).
INFO: [RTGEN 206-500] Setting interface mode on port 'graphsage_po2_qat_partitioned/input_6_3' to 'ap_none' (register).
INFO: [RTGEN 206-500] Setting interface mode on port 'graphsage_po2_qat_partitioned/input_6_4' to 'ap_none' (register).
INFO: [RTGEN 206-500] Setting interface mode on port 'graphsage_po2_qat_partitioned/input_6_5' to 'ap_none' (register).
INFO: [RTGEN 206-500] Setting interface mode on port 'graphsage_po2_qat_partitioned/input_6_6' to 'ap_none' (register).
INFO: [RTGEN 206-500] Setting interface mode on port 'graphsage_po2_qat_partitioned/input_6_7' to 'ap_none' (register).
INFO: [RTGEN 206-500] Setting interface mode on port 'graphsage_po2_qat_partitioned/input_6_8' to 'ap_none' (register).
INFO: [RTGEN 206-500] Setting interface mode on port 'graphsage_po2_qat_partitioned/input_6_9' to 'ap_none' (register).
INFO: [RTGEN 206-500] Setting interface mode on port 'graphsage_po2_qat_partitioned/input_6_10' to 'ap_none' (register).
INFO: [RTGEN 206-500] Setting interface mode on port 'graphsage_po2_qat_partitioned/input_6_11' to 'ap_none' (register).
INFO: [RTGEN 206-500] Setting interface mode on port 'graphsage_po2_qat_partitioned/input_6_12' to 'ap_none' (register).
INFO: [RTGEN 206-500] Setting interface mode on port 'graphsage_po2_qat_partitioned/input_6_13' to 'ap_none' (register).
INFO: [RTGEN 206-500] Setting interface mode on port 'graphsage_po2_qat_partitioned/input_6_14' to 'ap_none' (register).
INFO: [RTGEN 206-500] Setting interface mode on port 'graphsage_po2_qat_partitioned/input_6_15' to 'ap_none' (register).
INFO: [RTGEN 206-500] Setting interface mode on port 'graphsage_po2_qat_partitioned/input_7_0' to 'ap_none' (register).
INFO: [RTGEN 206-500] Setting interface mode on port 'graphsage_po2_qat_partitioned/input_7_1' to 'ap_none' (register).
INFO: [RTGEN 206-500] Setting interface mode on port 'graphsage_po2_qat_partitioned/input_7_2' to 'ap_none' (register).
INFO: [RTGEN 206-500] Setting interface mode on port 'graphsage_po2_qat_partitioned/input_7_3' to 'ap_none' (register).
INFO: [RTGEN 206-500] Setting interface mode on port 'graphsage_po2_qat_partitioned/input_7_4' to 'ap_none' (register).
INFO: [RTGEN 206-500] Setting interface mode on port 'graphsage_po2_qat_partitioned/input_7_5' to 'ap_none' (register).
INFO: [RTGEN 206-500] Setting interface mode on port 'graphsage_po2_qat_partitioned/input_7_6' to 'ap_none' (register).
INFO: [RTGEN 206-500] Setting interface mode on port 'graphsage_po2_qat_partitioned/input_7_7' to 'ap_none' (register).
INFO: [RTGEN 206-500] Setting interface mode on port 'graphsage_po2_qat_partitioned/input_7_8' to 'ap_none' (register).
INFO: [RTGEN 206-500] Setting interface mode on port 'graphsage_po2_qat_partitioned/input_7_9' to 'ap_none' (register).
INFO: [RTGEN 206-500] Setting interface mode on port 'graphsage_po2_qat_partitioned/input_7_10' to 'ap_none' (register).
INFO: [RTGEN 206-500] Setting interface mode on port 'graphsage_po2_qat_partitioned/input_7_11' to 'ap_none' (register).
INFO: [RTGEN 206-500] Setting interface mode on port 'graphsage_po2_qat_partitioned/input_7_12' to 'ap_none' (register).
INFO: [RTGEN 206-500] Setting interface mode on port 'graphsage_po2_qat_partitioned/input_7_13' to 'ap_none' (register).
INFO: [RTGEN 206-500] Setting interface mode on port 'graphsage_po2_qat_partitioned/input_7_14' to 'ap_none' (register).
INFO: [RTGEN 206-500] Setting interface mode on port 'graphsage_po2_qat_partitioned/input_7_15' to 'ap_none' (register).
INFO: [RTGEN 206-500] Setting interface mode on port 'graphsage_po2_qat_partitioned/edge_masks_0' to 'ap_none' (register).
INFO: [RTGEN 206-500] Setting interface mode on port 'graphsage_po2_qat_partitioned/edge_masks_1' to 'ap_none' (register).
INFO: [RTGEN 206-500] Setting interface mode on port 'graphsage_po2_qat_partitioned/edge_masks_2' to 'ap_none' (register).
INFO: [RTGEN 206-500] Setting interface mode on port 'graphsage_po2_qat_partitioned/edge_masks_3' to 'ap_none' (register).
INFO: [RTGEN 206-500] Setting interface mode on port 'graphsage_po2_qat_partitioned/edge_masks_4' to 'ap_none' (register).
INFO: [RTGEN 206-500] Setting interface mode on port 'graphsage_po2_qat_partitioned/edge_masks_5' to 'ap_none' (register).
INFO: [RTGEN 206-500] Setting interface mode on port 'graphsage_po2_qat_partitioned/edge_masks_6' to 'ap_none' (register).
INFO: [RTGEN 206-500] Setting interface mode on port 'graphsage_po2_qat_partitioned/edge_masks_7' to 'ap_none' (register).
INFO: [RTGEN 206-500] Setting interface mode on port 'graphsage_po2_qat_partitioned/output_0_0' to 'ap_none' (register).
WARNING: [RTGEN 206-101] Port 'output_0_0' with mode 'ap_none' may require an associated data valid signal to correctly communicate with other blocks or a test bench; automatic C/RTL co-simulation may not be able to verify such a port.
INFO: [RTGEN 206-500] Setting interface mode on port 'graphsage_po2_qat_partitioned/output_0_1' to 'ap_none' (register).
WARNING: [RTGEN 206-101] Port 'output_0_1' with mode 'ap_none' may require an associated data valid signal to correctly communicate with other blocks or a test bench; automatic C/RTL co-simulation may not be able to verify such a port.
INFO: [RTGEN 206-500] Setting interface mode on port 'graphsage_po2_qat_partitioned/output_0_2' to 'ap_none' (register).
WARNING: [RTGEN 206-101] Port 'output_0_2' with mode 'ap_none' may require an associated data valid signal to correctly communicate with other blocks or a test bench; automatic C/RTL co-simulation may not be able to verify such a port.
INFO: [RTGEN 206-500] Setting interface mode on port 'graphsage_po2_qat_partitioned/output_0_3' to 'ap_none' (register).
WARNING: [RTGEN 206-101] Port 'output_0_3' with mode 'ap_none' may require an associated data valid signal to correctly communicate with other blocks or a test bench; automatic C/RTL co-simulation may not be able to verify such a port.
INFO: [RTGEN 206-500] Setting interface mode on port 'graphsage_po2_qat_partitioned/output_0_4' to 'ap_none' (register).
WARNING: [RTGEN 206-101] Port 'output_0_4' with mode 'ap_none' may require an associated data valid signal to correctly communicate with other blocks or a test bench; automatic C/RTL co-simulation may not be able to verify such a port.
INFO: [RTGEN 206-500] Setting interface mode on port 'graphsage_po2_qat_partitioned/output_0_5' to 'ap_none' (register).
WARNING: [RTGEN 206-101] Port 'output_0_5' with mode 'ap_none' may require an associated data valid signal to correctly communicate with other blocks or a test bench; automatic C/RTL co-simulation may not be able to verify such a port.
INFO: [RTGEN 206-500] Setting interface mode on port 'graphsage_po2_qat_partitioned/output_0_6' to 'ap_none' (register).
WARNING: [RTGEN 206-101] Port 'output_0_6' with mode 'ap_none' may require an associated data valid signal to correctly communicate with other blocks or a test bench; automatic C/RTL co-simulation may not be able to verify such a port.
INFO: [RTGEN 206-500] Setting interface mode on port 'graphsage_po2_qat_partitioned/output_1_0' to 'ap_none' (register).
WARNING: [RTGEN 206-101] Port 'output_1_0' with mode 'ap_none' may require an associated data valid signal to correctly communicate with other blocks or a test bench; automatic C/RTL co-simulation may not be able to verify such a port.
INFO: [RTGEN 206-500] Setting interface mode on port 'graphsage_po2_qat_partitioned/output_1_1' to 'ap_none' (register).
WARNING: [RTGEN 206-101] Port 'output_1_1' with mode 'ap_none' may require an associated data valid signal to correctly communicate with other blocks or a test bench; automatic C/RTL co-simulation may not be able to verify such a port.
INFO: [RTGEN 206-500] Setting interface mode on port 'graphsage_po2_qat_partitioned/output_1_2' to 'ap_none' (register).
WARNING: [RTGEN 206-101] Port 'output_1_2' with mode 'ap_none' may require an associated data valid signal to correctly communicate with other blocks or a test bench; automatic C/RTL co-simulation may not be able to verify such a port.
INFO: [RTGEN 206-500] Setting interface mode on port 'graphsage_po2_qat_partitioned/output_1_3' to 'ap_none' (register).
WARNING: [RTGEN 206-101] Port 'output_1_3' with mode 'ap_none' may require an associated data valid signal to correctly communicate with other blocks or a test bench; automatic C/RTL co-simulation may not be able to verify such a port.
INFO: [RTGEN 206-500] Setting interface mode on port 'graphsage_po2_qat_partitioned/output_1_4' to 'ap_none' (register).
WARNING: [RTGEN 206-101] Port 'output_1_4' with mode 'ap_none' may require an associated data valid signal to correctly communicate with other blocks or a test bench; automatic C/RTL co-simulation may not be able to verify such a port.
INFO: [RTGEN 206-500] Setting interface mode on port 'graphsage_po2_qat_partitioned/output_1_5' to 'ap_none' (register).
WARNING: [RTGEN 206-101] Port 'output_1_5' with mode 'ap_none' may require an associated data valid signal to correctly communicate with other blocks or a test bench; automatic C/RTL co-simulation may not be able to verify such a port.
INFO: [RTGEN 206-500] Setting interface mode on port 'graphsage_po2_qat_partitioned/output_1_6' to 'ap_none' (register).
WARNING: [RTGEN 206-101] Port 'output_1_6' with mode 'ap_none' may require an associated data valid signal to correctly communicate with other blocks or a test bench; automatic C/RTL co-simulation may not be able to verify such a port.
INFO: [RTGEN 206-500] Setting interface mode on port 'graphsage_po2_qat_partitioned/output_2_0' to 'ap_none' (register).
WARNING: [RTGEN 206-101] Port 'output_2_0' with mode 'ap_none' may require an associated data valid signal to correctly communicate with other blocks or a test bench; automatic C/RTL co-simulation may not be able to verify such a port.
INFO: [RTGEN 206-500] Setting interface mode on port 'graphsage_po2_qat_partitioned/output_2_1' to 'ap_none' (register).
WARNING: [RTGEN 206-101] Port 'output_2_1' with mode 'ap_none' may require an associated data valid signal to correctly communicate with other blocks or a test bench; automatic C/RTL co-simulation may not be able to verify such a port.
INFO: [RTGEN 206-500] Setting interface mode on port 'graphsage_po2_qat_partitioned/output_2_2' to 'ap_none' (register).
WARNING: [RTGEN 206-101] Port 'output_2_2' with mode 'ap_none' may require an associated data valid signal to correctly communicate with other blocks or a test bench; automatic C/RTL co-simulation may not be able to verify such a port.
INFO: [RTGEN 206-500] Setting interface mode on port 'graphsage_po2_qat_partitioned/output_2_3' to 'ap_none' (register).
WARNING: [RTGEN 206-101] Port 'output_2_3' with mode 'ap_none' may require an associated data valid signal to correctly communicate with other blocks or a test bench; automatic C/RTL co-simulation may not be able to verify such a port.
INFO: [RTGEN 206-500] Setting interface mode on port 'graphsage_po2_qat_partitioned/output_2_4' to 'ap_none' (register).
WARNING: [RTGEN 206-101] Port 'output_2_4' with mode 'ap_none' may require an associated data valid signal to correctly communicate with other blocks or a test bench; automatic C/RTL co-simulation may not be able to verify such a port.
INFO: [RTGEN 206-500] Setting interface mode on port 'graphsage_po2_qat_partitioned/output_2_5' to 'ap_none' (register).
WARNING: [RTGEN 206-101] Port 'output_2_5' with mode 'ap_none' may require an associated data valid signal to correctly communicate with other blocks or a test bench; automatic C/RTL co-simulation may not be able to verify such a port.
INFO: [RTGEN 206-500] Setting interface mode on port 'graphsage_po2_qat_partitioned/output_2_6' to 'ap_none' (register).
WARNING: [RTGEN 206-101] Port 'output_2_6' with mode 'ap_none' may require an associated data valid signal to correctly communicate with other blocks or a test bench; automatic C/RTL co-simulation may not be able to verify such a port.
INFO: [RTGEN 206-500] Setting interface mode on port 'graphsage_po2_qat_partitioned/output_3_0' to 'ap_none' (register).
WARNING: [RTGEN 206-101] Port 'output_3_0' with mode 'ap_none' may require an associated data valid signal to correctly communicate with other blocks or a test bench; automatic C/RTL co-simulation may not be able to verify such a port.
INFO: [RTGEN 206-500] Setting interface mode on port 'graphsage_po2_qat_partitioned/output_3_1' to 'ap_none' (register).
WARNING: [RTGEN 206-101] Port 'output_3_1' with mode 'ap_none' may require an associated data valid signal to correctly communicate with other blocks or a test bench; automatic C/RTL co-simulation may not be able to verify such a port.
INFO: [RTGEN 206-500] Setting interface mode on port 'graphsage_po2_qat_partitioned/output_3_2' to 'ap_none' (register).
WARNING: [RTGEN 206-101] Port 'output_3_2' with mode 'ap_none' may require an associated data valid signal to correctly communicate with other blocks or a test bench; automatic C/RTL co-simulation may not be able to verify such a port.
INFO: [RTGEN 206-500] Setting interface mode on port 'graphsage_po2_qat_partitioned/output_3_3' to 'ap_none' (register).
WARNING: [RTGEN 206-101] Port 'output_3_3' with mode 'ap_none' may require an associated data valid signal to correctly communicate with other blocks or a test bench; automatic C/RTL co-simulation may not be able to verify such a port.
INFO: [RTGEN 206-500] Setting interface mode on port 'graphsage_po2_qat_partitioned/output_3_4' to 'ap_none' (register).
WARNING: [RTGEN 206-101] Port 'output_3_4' with mode 'ap_none' may require an associated data valid signal to correctly communicate with other blocks or a test bench; automatic C/RTL co-simulation may not be able to verify such a port.
INFO: [RTGEN 206-500] Setting interface mode on port 'graphsage_po2_qat_partitioned/output_3_5' to 'ap_none' (register).
WARNING: [RTGEN 206-101] Port 'output_3_5' with mode 'ap_none' may require an associated data valid signal to correctly communicate with other blocks or a test bench; automatic C/RTL co-simulation may not be able to verify such a port.
INFO: [RTGEN 206-500] Setting interface mode on port 'graphsage_po2_qat_partitioned/output_3_6' to 'ap_none' (register).
WARNING: [RTGEN 206-101] Port 'output_3_6' with mode 'ap_none' may require an associated data valid signal to correctly communicate with other blocks or a test bench; automatic C/RTL co-simulation may not be able to verify such a port.
INFO: [RTGEN 206-500] Setting interface mode on port 'graphsage_po2_qat_partitioned/output_4_0' to 'ap_none' (register).
WARNING: [RTGEN 206-101] Port 'output_4_0' with mode 'ap_none' may require an associated data valid signal to correctly communicate with other blocks or a test bench; automatic C/RTL co-simulation may not be able to verify such a port.
INFO: [RTGEN 206-500] Setting interface mode on port 'graphsage_po2_qat_partitioned/output_4_1' to 'ap_none' (register).
WARNING: [RTGEN 206-101] Port 'output_4_1' with mode 'ap_none' may require an associated data valid signal to correctly communicate with other blocks or a test bench; automatic C/RTL co-simulation may not be able to verify such a port.
INFO: [RTGEN 206-500] Setting interface mode on port 'graphsage_po2_qat_partitioned/output_4_2' to 'ap_none' (register).
WARNING: [RTGEN 206-101] Port 'output_4_2' with mode 'ap_none' may require an associated data valid signal to correctly communicate with other blocks or a test bench; automatic C/RTL co-simulation may not be able to verify such a port.
INFO: [RTGEN 206-500] Setting interface mode on port 'graphsage_po2_qat_partitioned/output_4_3' to 'ap_none' (register).
WARNING: [RTGEN 206-101] Port 'output_4_3' with mode 'ap_none' may require an associated data valid signal to correctly communicate with other blocks or a test bench; automatic C/RTL co-simulation may not be able to verify such a port.
INFO: [RTGEN 206-500] Setting interface mode on port 'graphsage_po2_qat_partitioned/output_4_4' to 'ap_none' (register).
WARNING: [RTGEN 206-101] Port 'output_4_4' with mode 'ap_none' may require an associated data valid signal to correctly communicate with other blocks or a test bench; automatic C/RTL co-simulation may not be able to verify such a port.
INFO: [RTGEN 206-500] Setting interface mode on port 'graphsage_po2_qat_partitioned/output_4_5' to 'ap_none' (register).
WARNING: [RTGEN 206-101] Port 'output_4_5' with mode 'ap_none' may require an associated data valid signal to correctly communicate with other blocks or a test bench; automatic C/RTL co-simulation may not be able to verify such a port.
INFO: [RTGEN 206-500] Setting interface mode on port 'graphsage_po2_qat_partitioned/output_4_6' to 'ap_none' (register).
WARNING: [RTGEN 206-101] Port 'output_4_6' with mode 'ap_none' may require an associated data valid signal to correctly communicate with other blocks or a test bench; automatic C/RTL co-simulation may not be able to verify such a port.
INFO: [RTGEN 206-500] Setting interface mode on port 'graphsage_po2_qat_partitioned/output_5_0' to 'ap_none' (register).
WARNING: [RTGEN 206-101] Port 'output_5_0' with mode 'ap_none' may require an associated data valid signal to correctly communicate with other blocks or a test bench; automatic C/RTL co-simulation may not be able to verify such a port.
INFO: [RTGEN 206-500] Setting interface mode on port 'graphsage_po2_qat_partitioned/output_5_1' to 'ap_none' (register).
WARNING: [RTGEN 206-101] Port 'output_5_1' with mode 'ap_none' may require an associated data valid signal to correctly communicate with other blocks or a test bench; automatic C/RTL co-simulation may not be able to verify such a port.
INFO: [RTGEN 206-500] Setting interface mode on port 'graphsage_po2_qat_partitioned/output_5_2' to 'ap_none' (register).
WARNING: [RTGEN 206-101] Port 'output_5_2' with mode 'ap_none' may require an associated data valid signal to correctly communicate with other blocks or a test bench; automatic C/RTL co-simulation may not be able to verify such a port.
INFO: [RTGEN 206-500] Setting interface mode on port 'graphsage_po2_qat_partitioned/output_5_3' to 'ap_none' (register).
WARNING: [RTGEN 206-101] Port 'output_5_3' with mode 'ap_none' may require an associated data valid signal to correctly communicate with other blocks or a test bench; automatic C/RTL co-simulation may not be able to verify such a port.
INFO: [RTGEN 206-500] Setting interface mode on port 'graphsage_po2_qat_partitioned/output_5_4' to 'ap_none' (register).
WARNING: [RTGEN 206-101] Port 'output_5_4' with mode 'ap_none' may require an associated data valid signal to correctly communicate with other blocks or a test bench; automatic C/RTL co-simulation may not be able to verify such a port.
INFO: [RTGEN 206-500] Setting interface mode on port 'graphsage_po2_qat_partitioned/output_5_5' to 'ap_none' (register).
WARNING: [RTGEN 206-101] Port 'output_5_5' with mode 'ap_none' may require an associated data valid signal to correctly communicate with other blocks or a test bench; automatic C/RTL co-simulation may not be able to verify such a port.
INFO: [RTGEN 206-500] Setting interface mode on port 'graphsage_po2_qat_partitioned/output_5_6' to 'ap_none' (register).
WARNING: [RTGEN 206-101] Port 'output_5_6' with mode 'ap_none' may require an associated data valid signal to correctly communicate with other blocks or a test bench; automatic C/RTL co-simulation may not be able to verify such a port.
INFO: [RTGEN 206-500] Setting interface mode on port 'graphsage_po2_qat_partitioned/output_6_0' to 'ap_none' (register).
WARNING: [RTGEN 206-101] Port 'output_6_0' with mode 'ap_none' may require an associated data valid signal to correctly communicate with other blocks or a test bench; automatic C/RTL co-simulation may not be able to verify such a port.
INFO: [RTGEN 206-500] Setting interface mode on port 'graphsage_po2_qat_partitioned/output_6_1' to 'ap_none' (register).
WARNING: [RTGEN 206-101] Port 'output_6_1' with mode 'ap_none' may require an associated data valid signal to correctly communicate with other blocks or a test bench; automatic C/RTL co-simulation may not be able to verify such a port.
INFO: [RTGEN 206-500] Setting interface mode on port 'graphsage_po2_qat_partitioned/output_6_2' to 'ap_none' (register).
WARNING: [RTGEN 206-101] Port 'output_6_2' with mode 'ap_none' may require an associated data valid signal to correctly communicate with other blocks or a test bench; automatic C/RTL co-simulation may not be able to verify such a port.
INFO: [RTGEN 206-500] Setting interface mode on port 'graphsage_po2_qat_partitioned/output_6_3' to 'ap_none' (register).
WARNING: [RTGEN 206-101] Port 'output_6_3' with mode 'ap_none' may require an associated data valid signal to correctly communicate with other blocks or a test bench; automatic C/RTL co-simulation may not be able to verify such a port.
INFO: [RTGEN 206-500] Setting interface mode on port 'graphsage_po2_qat_partitioned/output_6_4' to 'ap_none' (register).
WARNING: [RTGEN 206-101] Port 'output_6_4' with mode 'ap_none' may require an associated data valid signal to correctly communicate with other blocks or a test bench; automatic C/RTL co-simulation may not be able to verify such a port.
INFO: [RTGEN 206-500] Setting interface mode on port 'graphsage_po2_qat_partitioned/output_6_5' to 'ap_none' (register).
WARNING: [RTGEN 206-101] Port 'output_6_5' with mode 'ap_none' may require an associated data valid signal to correctly communicate with other blocks or a test bench; automatic C/RTL co-simulation may not be able to verify such a port.
INFO: [RTGEN 206-500] Setting interface mode on port 'graphsage_po2_qat_partitioned/output_6_6' to 'ap_none' (register).
WARNING: [RTGEN 206-101] Port 'output_6_6' with mode 'ap_none' may require an associated data valid signal to correctly communicate with other blocks or a test bench; automatic C/RTL co-simulation may not be able to verify such a port.
INFO: [RTGEN 206-500] Setting interface mode on port 'graphsage_po2_qat_partitioned/output_7_0' to 'ap_none' (register).
WARNING: [RTGEN 206-101] Port 'output_7_0' with mode 'ap_none' may require an associated data valid signal to correctly communicate with other blocks or a test bench; automatic C/RTL co-simulation may not be able to verify such a port.
INFO: [RTGEN 206-500] Setting interface mode on port 'graphsage_po2_qat_partitioned/output_7_1' to 'ap_none' (register).
WARNING: [RTGEN 206-101] Port 'output_7_1' with mode 'ap_none' may require an associated data valid signal to correctly communicate with other blocks or a test bench; automatic C/RTL co-simulation may not be able to verify such a port.
INFO: [RTGEN 206-500] Setting interface mode on port 'graphsage_po2_qat_partitioned/output_7_2' to 'ap_none' (register).
WARNING: [RTGEN 206-101] Port 'output_7_2' with mode 'ap_none' may require an associated data valid signal to correctly communicate with other blocks or a test bench; automatic C/RTL co-simulation may not be able to verify such a port.
INFO: [RTGEN 206-500] Setting interface mode on port 'graphsage_po2_qat_partitioned/output_7_3' to 'ap_none' (register).
WARNING: [RTGEN 206-101] Port 'output_7_3' with mode 'ap_none' may require an associated data valid signal to correctly communicate with other blocks or a test bench; automatic C/RTL co-simulation may not be able to verify such a port.
INFO: [RTGEN 206-500] Setting interface mode on port 'graphsage_po2_qat_partitioned/output_7_4' to 'ap_none' (register).
WARNING: [RTGEN 206-101] Port 'output_7_4' with mode 'ap_none' may require an associated data valid signal to correctly communicate with other blocks or a test bench; automatic C/RTL co-simulation may not be able to verify such a port.
INFO: [RTGEN 206-500] Setting interface mode on port 'graphsage_po2_qat_partitioned/output_7_5' to 'ap_none' (register).
WARNING: [RTGEN 206-101] Port 'output_7_5' with mode 'ap_none' may require an associated data valid signal to correctly communicate with other blocks or a test bench; automatic C/RTL co-simulation may not be able to verify such a port.
INFO: [RTGEN 206-500] Setting interface mode on port 'graphsage_po2_qat_partitioned/output_7_6' to 'ap_none' (register).
WARNING: [RTGEN 206-101] Port 'output_7_6' with mode 'ap_none' may require an associated data valid signal to correctly communicate with other blocks or a test bench; automatic C/RTL co-simulation may not be able to verify such a port.
INFO: [RTGEN 206-500] Setting interface mode on function 'graphsage_po2_qat_partitioned' to 'ap_ctrl_none'.
INFO: [HLS 200-1030] Apply Unified Pipeline Control on module 'graphsage_po2_qat_partitioned' pipeline 'graphsage_po2_qat_partitioned' pipeline type 'function pipeline'
WARNING: [RTGEN 206-101] Port 'graphsage_po2_qat_partitioned/input_0_9' has no fanin or fanout and is left dangling.
               Please use C simulation to confirm this function argument can be read from or written to.
WARNING: [RTGEN 206-101] Port 'graphsage_po2_qat_partitioned/input_1_9' has no fanin or fanout and is left dangling.
               Please use C simulation to confirm this function argument can be read from or written to.
WARNING: [RTGEN 206-101] Port 'graphsage_po2_qat_partitioned/input_2_9' has no fanin or fanout and is left dangling.
               Please use C simulation to confirm this function argument can be read from or written to.
WARNING: [RTGEN 206-101] Port 'graphsage_po2_qat_partitioned/input_3_9' has no fanin or fanout and is left dangling.
               Please use C simulation to confirm this function argument can be read from or written to.
WARNING: [RTGEN 206-101] Port 'graphsage_po2_qat_partitioned/input_4_9' has no fanin or fanout and is left dangling.
               Please use C simulation to confirm this function argument can be read from or written to.
WARNING: [RTGEN 206-101] Port 'graphsage_po2_qat_partitioned/input_5_9' has no fanin or fanout and is left dangling.
               Please use C simulation to confirm this function argument can be read from or written to.
WARNING: [RTGEN 206-101] Port 'graphsage_po2_qat_partitioned/input_6_9' has no fanin or fanout and is left dangling.
               Please use C simulation to confirm this function argument can be read from or written to.
WARNING: [RTGEN 206-101] Port 'graphsage_po2_qat_partitioned/input_7_9' has no fanin or fanout and is left dangling.
               Please use C simulation to confirm this function argument can be read from or written to.
INFO: [RTGEN 206-104] Estimated max fanout for 'graphsage_po2_qat_partitioned' is 47744 from HDL expression: ((1'b0 == ap_block_pp0_stage0_subdone_grp0_done_reg) & (1'b0 == ap_block_pp0_stage0_11001_grp0))
INFO: [RTGEN 206-100] Generating core module 'add_10ns_10ns_10_2_1': 232 instance(s).
INFO: [RTGEN 206-100] Generating core module 'add_11s_11s_11_2_1': 120 instance(s).
INFO: [RTGEN 206-100] Generating core module 'mul_13ns_10ns_23_5_1': 232 instance(s).
INFO: [RTGEN 206-100] Generating core module 'mul_13ns_11s_24_5_1': 120 instance(s).
INFO: [RTGEN 206-100] Generating core module 'sparsemux_17_4_13_1_1': 8 instance(s).
INFO: [RTGEN 206-100] Finished creating RTL model for 'graphsage_po2_qat_partitioned'.
INFO: [HLS 200-111] Finished Creating RTL model: CPU user time: 9.77 seconds. CPU system time: 0.32 seconds. Elapsed time: 10.37 seconds; current allocated memory: 4.478 GB.
INFO: [HLS 200-111] Finished Generating all RTL models: CPU user time: 23.18 seconds. CPU system time: 1.4 seconds. Elapsed time: 29 seconds; current allocated memory: 4.945 GB.
INFO: [HLS 200-2225] Wrote inferred directives to file /mnt_pool/c3_users/user/pleguina/graphsage_vivado_2024_1_sweep/transfer/cora_graphsage_dynamic_root_hls_updated/build/cora_graphsage_dynamic_root_hls/build/hls/cora_po2_qat_h32_scaling_2024_1/solution1/syn/inferred_directives.ini
INFO: [HLS 200-111] Finished Updating report files: CPU user time: 8.68 seconds. CPU system time: 0.27 seconds. Elapsed time: 9.22 seconds; current allocated memory: 5.311 GB.
INFO: [VHDL 208-304] Generating VHDL RTL for graphsage_po2_qat_partitioned.
INFO: [VLOG 209-307] Generating Verilog RTL for graphsage_po2_qat_partitioned.
INFO: [HLS 200-789] **** Estimated Fmax: 566.09 MHz
INFO: [HLS 200-2161] Finished Command csynth_design Elapsed time: 00:17:48; Allocated memory: 4.716 GB.
QAT_VARIANT_HLS_COMPLETE=1
INFO: [HLS 200-1510] Running: close_project 
INFO: [HLS 200-112] Total CPU user time: 1032.72 seconds. Total CPU system time: 12.33 seconds. Total elapsed time: 1078.27 seconds; peak allocated memory: 5.311 GB.
INFO: [vitis-run 60-791] Total elapsed time: 0h 18m 0s
INFO: [vitis-run 60-1662] Stopping dispatch session having empty uuid.
